familia	categoria_95	n_ref	cog	genes_con_cog	genes
cidR	core	42	K	35	43
group_12525	core	42	sin_COG	0	43
obgE	core	42	D	1	43
group_12483	core	42	F	43	43
group_12478	core	42	sin_COG	0	43
group_12461	core	42	K	43	43
group_12458	core	42	sin_COG	0	43
group_12455	core	42	Q	43	44
group_12445	core	42	sin_COG	0	44
group_12440	core	42	F	43	43
group_12438	core	42	sin_COG	0	43
group_12421	core	42	sin_COG	0	43
group_12416	core	42	E	43	43
group_12415	core	42	sin_COG	0	45
comK	core	42	K	42	43
yeaL	core	42	S	43	43
group_12405	core	42	H	43	43
ctaM	core	42	O	43	43
soxS~~~araC	core	42	sin_COG	0	45
group_12388	core	42	K	43	43
group_12387	core	42	sin_COG	0	42
group_12385	core	42	sin_COG	0	43
yhaM	core	42	J	43	44
surA	core	42	O	43	43
group_12380	core	42	sin_COG	0	43
wbbJ	core	42	R	43	43
group_12364	core	42	sin_COG	0	43
group_12363	core	42	sin_COG	0	43
group_12357	core	42	sin_COG	0	43
group_12355	core	42	sin_COG	0	43
group_12353	core	42	K	43	43
nrdR	core	42	K	40	43
yjlD	core	42	C	42	44
group_12345	core	42	sin_COG	0	43
group_12341	core	42	C	43	44
group_12336	core	42	C	43	43
group_12335	core	42	sin_COG	0	43
yrzE	core	42	D	40	43
group_12324	core	42	sin_COG	0	44
lspA	core	42	M	43	43
group_12318	core	42	D	43	43
group_12317	core	42	H	43	43
group_12312	core	42	sin_COG	0	43
spo0A	core	42	D	42	44
luxS	core	42	T	43	43
queD	core	42	H	43	43
rimP	core	42	J	43	43
group_12298	core	42	T	43	43
rsfA	core	42	D	39	43
msbA	core	42	sin_COG	0	44
group_12283	core	42	sin_COG	0	46
group_12281	core	42	C	25	43
group_12280	core	42	K	43	43
ypmB	core	42	S	43	43
sUL1	core	42	P	43	43
group_12270	core	42	sin_COG	0	43
yngG	core	42	sin_COG	0	43
group_12253	core	42	I	43	44
yuzA	core	42	S	43	43
group_12249	core	42	E	42	44
xseB	core	42	sin_COG	0	43
acpP	core	42	I	43	43
rlmH	core	42	J	43	43
group_12238	core	42	sin_COG	0	43
trmFO	core	42	J	43	43
fakA	core	42	I	42	44
group_12234	core	42	C	43	43
yqgQ	core	42	S	42	42
group_12215	core	42	sin_COG	0	44
oPT	core	42	R	42	44
group_12214	core	42	R	42	44
group_12208	core	42	sin_COG	0	44
group_12205	core	42	sin_COG	0	43
ygiQ	core	42	R	43	43
sprT	core	42	sin_COG	0	43
group_12200	core	42	F	42	44
group_12196	core	42	sin_COG	0	43
group_12195	core	42	F	43	43
yuiD	core	42	R	43	43
group_12193	core	42	K	42	44
yaiI	core	42	S	43	43
group_12192	core	42	L	6	44
rbsA	core	42	sin_COG	0	44
essA	core	42	sin_COG	0	43
leuS	core	42	J	43	44
ushA	core	42	F	44	44
group_12160	core	42	K	43	43
group_12155	core	42	sin_COG	0	43
elaC	core	42	J	43	67
dedA	core	42	M	43	43
yitU	core	42	sin_COG	0	44
group_12151	core	42	J	42	43
queT	core	42	F	43	43
group_12144	core	42	sin_COG	0	43
yodN	core	42	sin_COG	0	43
engB	core	42	D	43	43
lytTR	core	42	T	43	44
group_12132	core	42	sin_COG	0	43
splB	core	42	L	42	44
group_12122	core	42	sin_COG	0	43
group_12121	core	42	sin_COG	0	43
group_12120	core	42	D	36	43
trmL	core	42	J	43	43
purE	core	42	F	43	43
group_12119	core	42	sin_COG	0	43
group_12115	core	42	sin_COG	0	43
group_12109	core	42	sin_COG	0	33
group_12107	core	42	H	40	43
fUI1	core	42	F	42	43
xseA	core	42	L	42	43
coaD	core	42	H	43	43
yajQ	core	42	T	43	43
fprA1	core	42	sin_COG	0	43
group_12086	core	42	sin_COG	0	43
group_12085	core	42	sin_COG	0	43
ygaC	core	42	S	43	44
group_12078	core	42	E	43	44
nusA	core	42	K	42	44
yutD	core	42	S	43	43
group_12070	core	42	sin_COG	0	43
group_12067	core	42	sin_COG	0	43
pvdQ	core	42	Q	43	43
group_12063	core	42	sin_COG	0	43
pyrD	core	42	F	43	43
group_12055	core	42	sin_COG	0	43
rpmA	core	42	J	43	43
dnaE	core	42	sin_COG	0	44
group_12042	core	42	sin_COG	0	43
group_12039	core	42	sin_COG	0	43
group_12037	core	42	sin_COG	0	43
khtT	core	42	P	43	43
group_12026	core	42	I	43	44
sTAS	core	42	T	43	43
ywdI	core	42	sin_COG	0	43
group_12011	core	42	J	43	43
ylqC	core	42	R	43	43
group_12008	core	42	K	43	43
group_12007	core	42	O	43	43
infC	core	42	J	43	43
group_12005	core	42	sin_COG	0	43
group_12004	core	42	sin_COG	0	43
queF	core	42	J	43	43
group_12000	core	42	T	43	43
group_11995	core	42	O	43	43
group_11994	core	42	sin_COG	0	44
bioB	core	42	H	43	43
rqcU	core	42	J	43	44
hemB	core	42	H	43	43
group_11980	core	42	H	43	43
group_11979	core	42	K	43	43
dapB	core	42	E	43	43
group_11964	core	42	D	43	43
group_11963	core	42	sin_COG	0	44
group_11957	core	42	sin_COG	0	43
yjjP	core	42	C	43	43
recN	core	42	L	42	44
group_11951	core	42	sin_COG	0	43
qcrA	core	42	C	43	43
group_11948	core	42	sin_COG	0	43
group_11939	core	42	sin_COG	0	43
group_11938	core	42	sin_COG	0	43
dnaB2~~~dnaD	core	42	L	43	44
group_11937	core	42	sin_COG	0	43
group_11934	core	42	sin_COG	0	43
group_11933	core	42	E	43	44
group_11932	core	42	sin_COG	0	43
group_11923	core	42	R	38	43
ywgA	core	42	S	43	43
ywhD	core	42	sin_COG	0	43
group_11920	core	42	S	43	43
group_11919	core	42	U	43	43
group_11918	core	42	sin_COG	0	43
ylbJ	core	42	sin_COG	0	44
group_11911	core	42	sin_COG	0	43
group_11908	core	42	E	43	43
group_11902	core	42	sin_COG	0	43
group_11901	core	42	R	38	43
group_11899	core	42	E	43	43
nuoA	core	42	C	43	43
group_11897	core	42	sin_COG	0	43
group_11895	core	42	P	40	44
nuoB	core	42	C	43	43
ilvN	core	42	E	43	43
group_11893	core	42	F	43	43
group_11892	core	42	sin_COG	0	43
group_11887	core	42	S	43	43
group_11882	core	42	E	39	44
rlmD	core	42	J	43	43
yhbY	core	42	J	43	43
group_11881	core	42	sin_COG	0	43
group_11877	core	42	sin_COG	0	43
divIVA	core	42	D	43	43
group_11874	core	42	sin_COG	0	43
group_11872	core	42	sin_COG	0	43
ysdB	core	42	sin_COG	0	43
group_11864	core	42	sin_COG	0	43
group_11857	core	42	sin_COG	0	43
ruvB	core	42	L	36	43
pyrG	core	42	F	43	43
dpaA	core	42	D	43	43
group_11847	core	42	sin_COG	0	43
rimM	core	42	J	43	43
aprE	core	42	O	43	43
group_11844	core	42	sin_COG	0	43
spoIIIAG	core	42	D	42	43
group_11836	core	42	sin_COG	0	43
group_11835	core	42	sin_COG	0	43
group_11829	core	42	sin_COG	0	43
group_11824	core	42	sin_COG	0	43
group_11822	core	42	sin_COG	0	43
yqeG	core	42	R	43	43
yceD	core	42	J	43	43
hisA	core	42	E	41	44
ffh	core	42	sin_COG	0	43
group_11810	core	42	R	43	43
group_11806	core	42	sin_COG	0	43
yutH	core	42	D	40	43
group_11796	core	42	sin_COG	0	43
accA	core	42	I	43	43
group_11790	core	42	sin_COG	0	43
spxA	core	42	P	42	43
group_11782	core	42	sin_COG	0	43
group_11780	core	42	L	19	43
hslV	core	42	O	42	43
rnaY	core	42	J	43	43
group_11775	core	42	sin_COG	0	38
group_11770	core	42	sin_COG	0	43
group_11753	core	42	E	43	44
cobM	core	42	sin_COG	0	44
group_11751	core	42	K	42	43
mnhG	core	42	P	43	43
group_11746	core	42	O	43	43
wrbA	core	42	C	43	43
group_11744	core	42	sin_COG	0	43
yfmH	core	42	R	43	43
comER	core	42	E	43	43
group_11727	core	42	T	36	43
group_11724	core	42	V	42	43
ribD	core	42	sin_COG	0	43
ccpA	core	42	K	43	43
prmA	core	42	J	43	43
mtaB	core	42	J	43	43
sspI	core	42	D	43	43
group_11713	core	42	H	39	43
group_11712	core	42	I	20	43
adi1	core	42	E	43	43
group_11711	core	42	sin_COG	0	43
yutE	core	42	R	40	43
group_11709	core	42	sin_COG	0	43
scpB	core	42	K	38	43
group_11699	core	42	sin_COG	0	43
fetB	core	42	P	43	43
group_11695	core	42	E	43	43
yqgC	core	42	S	43	43
spo0J	core	42	D	43	43
coaBC	core	42	H	43	43
group_11689	core	42	sin_COG	0	44
sigI	core	42	sin_COG	0	43
group_11686	core	42	sin_COG	0	43
group_11685	core	42	sin_COG	0	43
group_11684	core	42	sin_COG	0	43
group_11683	core	42	sin_COG	0	43
rnpA	core	42	J	43	43
group_11680	core	42	R	27	43
group_11676	core	42	sin_COG	0	43
group_11675	core	42	sin_COG	0	43
group_11673	core	42	I	43	44
group_11670	core	42	sin_COG	0	43
group_11669	core	42	sin_COG	0	43
cysB	core	42	K	2	44
nudL	core	42	V	2	43
gerM	core	42	D	43	43
group_11662	core	42	sin_COG	0	43
group_11661	core	42	P	40	43
group_11660	core	42	O	43	43
group_11659	core	42	sin_COG	0	43
group_11656	core	42	sin_COG	0	43
group_11650	core	42	sin_COG	0	43
group_11648	core	42	sin_COG	0	43
group_11644	core	42	sin_COG	0	43
group_11642	core	42	sin_COG	0	43
group_11639	core	42	E	43	43
pssA	core	42	I	43	43
group_11630	core	42	sin_COG	0	43
yhjD	core	42	sin_COG	0	43
yvbW	core	42	sin_COG	0	43
cheY~~~citB	core	42	K	42	44
ypmS	core	42	S	41	43
group_11624	core	42	sin_COG	0	43
group_11623	core	42	sin_COG	0	43
group_11622	core	42	C	43	43
group_11618	core	42	sin_COG	0	44
yqgA	core	42	S	43	43
group_11606	core	42	L	42	44
ytoQ	core	42	sin_COG	0	43
group_11604	core	42	sin_COG	0	43
glpP	core	42	K	43	43
yciA	core	42	I	43	43
group_11591	core	42	U	43	43
group_11584	core	42	K	42	43
rpsB	core	42	J	43	43
group_11582	core	42	G	21	43
yjbI	core	42	P	43	43
group_11565	core	42	sin_COG	0	43
group_11564	core	42	sin_COG	0	43
group_11560	core	42	V	43	43
group_11559	core	42	sin_COG	0	43
group_11555	core	42	V	43	43
group_11551	core	42	sin_COG	0	43
group_11550	core	42	sin_COG	0	43
group_11548	core	42	sin_COG	0	43
cvpA	core	42	F	42	43
group_11540	core	42	sin_COG	0	43
spoIIIAB	core	42	D	43	43
group_11531	core	42	sin_COG	0	43
pyrF	core	42	sin_COG	0	43
group_11529	core	42	sin_COG	0	43
truB	core	42	J	43	43
rsmB	core	42	K	43	44
ldcC	core	42	E	43	43
group_11511	core	42	K	42	43
group_11510	core	42	sin_COG	0	43
ypiB	core	42	S	43	43
group_11498	core	42	sin_COG	0	43
group_11490	core	42	sin_COG	0	43
group_11487	core	42	sin_COG	0	43
group_11479	core	42	C	43	43
group_11475	core	42	J	43	43
group_11470	core	42	S	43	43
group_11468	core	42	I	43	43
pgk	core	42	G	43	43
group_11463	core	42	L	43	43
group_11458	core	42	sin_COG	0	44
trhO	core	42	J	43	43
holA	core	42	L	43	43
sspP	core	42	D	40	40
trpC	core	42	sin_COG	0	43
hpf	core	42	J	43	43
frr	core	42	J	43	43
pgpA	core	42	I	43	43
coaE	core	42	sin_COG	0	43
group_11440	core	42	R	41	43
group_11439	core	42	sin_COG	0	43
group_11427	core	42	S	43	43
valS	core	42	J	36	51
group_11421	core	42	E	42	43
group_11419	core	42	sin_COG	0	43
group_11418	core	42	sin_COG	0	43
nagC	core	42	G	44	44
group_11409	core	42	sin_COG	0	43
group_11408	core	42	sin_COG	0	43
group_11403	core	42	V	42	43
yunB	core	42	sin_COG	0	42
group_11396	core	42	C	43	43
group_11389	core	42	S	43	43
group_11382	core	42	sin_COG	0	43
sigW	core	42	K	43	43
murC	core	42	M	43	43
group_11368	core	42	O	43	43
nadR	core	42	H	43	43
folE	core	42	H	43	43
group_11364	core	42	sin_COG	0	43
group_11363	core	42	sin_COG	0	43
group_11361	core	42	sin_COG	0	43
group_11359	core	42	sin_COG	0	43
group_11349	core	42	sin_COG	0	43
lepA	core	42	J	43	43
group_11347	core	42	sin_COG	0	43
yvlD	core	42	S	42	43
fur	core	42	P	43	43
group_11337	core	42	sin_COG	0	43
dxr	core	42	I	43	43
group_11335	core	42	C	43	43
sucC	core	42	C	43	43
group_11329	core	42	I	43	43
group_11327	core	42	H	43	43
acuB	core	42	sin_COG	0	43
group_11326	core	42	sin_COG	0	43
yqfC	core	42	D	43	43
nikR	core	42	K	43	43
group_11311	core	42	sin_COG	0	43
yqeK	core	42	R	43	43
bioY	core	42	H	43	43
group_11302	core	42	L	43	43
bshB2	core	42	G	43	43
glnK	core	42	E	43	43
sodA	core	42	P	43	43
group_11290	core	42	P	43	43
group_11283	core	42	sin_COG	0	43
recA	core	42	L	41	45
pgsA	core	42	I	43	43
group_11282	core	42	C	43	44
rsmD	core	42	J	43	43
group_11278	core	42	K	43	43
yfkK	core	42	S	43	43
group_11257	core	42	sin_COG	0	38
group_11256	core	42	sin_COG	0	43
yfmF	core	42	R	43	43
group_11245	core	42	sin_COG	0	43
pyrR	core	42	F	43	43
sbp	core	42	S	43	43
group_11235	core	42	M	43	43
yuzB	core	42	S	43	43
nfo	core	42	L	43	43
queE	core	42	H	43	43
yihA	core	42	D	43	43
fmnP	core	42	H	43	43
group_11222	core	42	sin_COG	0	43
group_11218	core	42	sin_COG	0	43
group_11216	core	42	sin_COG	0	43
group_11200	core	42	sin_COG	0	43
folD	core	42	H	43	43
group_11196	core	42	S	43	43
group_11195	core	42	sin_COG	0	43
group_11194	core	42	K	43	43
group_11192	core	42	O	43	43
group_11184	core	42	sin_COG	0	43
group_11182	core	42	sin_COG	0	43
group_11177	core	42	T	43	43
fmt	core	42	J	26	43
group_11172	core	42	sin_COG	0	43
group_11169	core	42	P	11	43
yunC	core	42	S	42	43
hisB	core	42	E	43	43
plsC	core	42	I	43	43
group_11167	core	42	sin_COG	0	43
group_11165	core	42	sin_COG	0	43
group_11158	core	42	sin_COG	0	43
tACO1	core	42	J	43	43
group_11149	core	42	K	39	43
group_11138	core	42	L	43	43
group_11137	core	42	O	43	43
group_11136	core	42	sin_COG	0	43
ansA	core	42	E	43	43
group_11118	core	42	H	43	43
group_11115	core	42	sin_COG	0	43
gatC	core	42	J	43	43
group_11113	core	42	sin_COG	0	43
pepT	core	42	sin_COG	0	43
group_11100	core	42	sin_COG	0	43
recR	core	42	L	43	43
group_11096	core	42	sin_COG	0	43
lysA	core	42	E	43	43
nuoN	core	42	C	27	43
group_11077	core	42	sin_COG	0	43
group_11075	core	42	sin_COG	0	43
group_11074	core	42	E	25	43
group_11065	core	42	sin_COG	0	43
group_11061	core	42	sin_COG	0	43
rpsD	core	42	J	43	43
dpaB	core	42	D	43	43
yhiN	core	42	R	43	43
group_11048	core	42	sin_COG	0	43
group_11046	core	42	sin_COG	0	43
group_11041	core	42	E	43	43
tdk	core	42	F	43	43
group_11039	core	42	O	43	43
cysC	core	42	P	43	43
group_11037	core	42	sin_COG	0	43
group_11030	core	42	E	43	43
group_11023	core	42	sin_COG	0	43
group_11020	core	42	sin_COG	0	43
ywiB	core	42	S	26	43
group_11017	core	42	S	21	43
argO	core	42	E	41	43
group_11012	core	42	K	43	43
group_11011	core	42	sin_COG	0	43
spoIIIAF	core	42	D	43	43
group_11010	core	42	sin_COG	0	43
group_11008	core	42	sin_COG	0	43
group_11004	core	42	K	43	43
group_10994	core	42	sin_COG	0	43
hisS	core	42	J	43	43
group_10992	core	42	sin_COG	0	43
group_10990	core	42	sin_COG	0	43
recU	core	42	R	43	43
group_10978	core	42	G	4	43
group_10974	core	42	K	43	43
remB	core	42	sin_COG	0	43
group_10963	core	42	sin_COG	0	43
group_10962	core	42	sin_COG	0	43
ruvA	core	42	L	43	43
gmk	core	42	F	43	43
group_10959	core	42	S	43	43
group_10955	core	42	sin_COG	0	43
fapR	core	42	sin_COG	0	43
group_10949	core	42	P	43	43
nolL	core	42	G	43	43
group_10942	core	42	sin_COG	0	43
group_10939	core	42	D	43	43
cmpA	core	42	sin_COG	0	43
purQ	core	42	F	42	43
yceI	core	42	R	43	43
pPX1	core	42	C	43	43
yqzM	core	42	sin_COG	0	43
group_10923	core	42	sin_COG	0	43
group_10922	core	42	sin_COG	0	43
group_10920	core	42	sin_COG	0	43
eda	core	42	G	36	43
group_10913	core	42	sin_COG	0	43
yjbM	core	42	F	43	43
cotE	core	42	D	43	43
ireB	core	42	S	43	43
yicC	core	42	sin_COG	0	43
resA	core	42	sin_COG	0	43
group_10907	core	42	sin_COG	0	17
group_10906	core	42	G	43	43
pgsC	core	42	sin_COG	0	43
group_10905	core	42	sin_COG	0	43
acsA	core	42	I	43	43
group_10899	core	42	L	43	43
mcr1	core	42	C	28	43
group_10892	core	42	sin_COG	0	43
ylaN	core	42	S	43	43
ftsY	core	42	U	43	43
group_10890	core	42	sin_COG	0	43
kapD	core	42	T	43	43
group_10886	core	42	sin_COG	0	43
gloB	core	42	R	43	43
mviM	core	42	R	43	43
group_10831	core	42	K	43	43
upp	core	42	F	43	43
hisG	core	42	E	39	43
group_10822	core	42	K	43	43
fer	core	42	C	43	43
group_10816	core	42	V	43	43
group_10803	core	42	K	42	42
group_10795	core	42	K	43	43
hisH	core	42	sin_COG	0	43
acuA	core	42	sin_COG	0	43
ytaF	core	42	P	43	43
group_10792	core	42	sin_COG	0	44
hflK	core	42	O	43	43
purS	core	42	F	43	43
pyrE	core	42	F	43	43
pyk	core	42	T	43	43
ybhL	core	42	P	43	43
group_10774	core	42	D	43	43
group_10770	core	42	J	43	43
udk	core	42	F	43	43
group_10769	core	42	T	43	43
glnM	core	42	E	43	43
group_10768	core	42	sin_COG	0	43
ribE	core	42	H	43	43
group_10753	core	42	T	4	43
bluB	core	42	C	43	43
refZ	core	42	K	43	43
cobH	core	42	H	43	43
group_10715	core	42	G	43	43
rbfA	core	42	J	43	43
fsa	core	42	G	43	43
glnP	core	42	E	43	43
group_10689	core	42	sin_COG	0	43
nth	core	42	L	43	43
group_10664	core	42	E	43	43
group_10626	core	42	P	43	43
group_10622	core	42	E	43	43
group_10620	core	42	P	43	43
group_10596	core	42	E	43	43
group_10595	core	42	E	43	43
group_10588	core	42	P	43	43
asd	core	42	E	43	43
hisM	core	42	E	43	43
trmR	core	42	J	43	43
group_10582	core	42	sin_COG	0	43
queC	core	42	J	43	43
group_10572	core	42	E	42	43
group_10571	core	42	K	43	43
group_10561	core	42	K	43	43
deoC	core	42	F	43	43
yrrB	core	42	R	23	43
group_10558	core	42	P	43	43
group_10557	core	42	F	43	43
cmk	core	42	F	43	43
extP	core	42	C	43	43
group_10492	core	42	G	16	43
thrC	core	42	E	43	43
minC	core	42	D	43	43
pcrB	core	42	I	43	43
ugpB	core	42	G	43	43
group_10473	core	42	sin_COG	0	43
ftsE	core	42	D	43	43
ytrB	core	42	J	43	43
group_10467	core	42	T	43	43
mtnN	core	42	F	43	43
group_10421	core	42	L	42	43
spoVM	core	42	sin_COG	0	0
group_10393	core	42	sin_COG	0	43
deoD	core	42	F	43	43
group_10344	core	42	sin_COG	0	43
group_10338	core	42	I	3	68
yycF	core	42	K	43	43
sapB	core	42	P	43	43
group_10310	core	42	E	43	43
group_10309	core	42	E	43	43
cobI	core	42	H	43	43
group_10305	core	42	P	43	43
rluF	core	42	J	43	43
group_10259	core	42	H	43	43
dapD	core	42	E	43	43
group_10226	core	42	sin_COG	0	42
rsmG	core	42	J	43	43
group_10203	core	42	K	43	43
group_10199	core	42	P	2	43
group_10193	core	42	sin_COG	0	43
group_10183	core	42	sin_COG	0	94
remA	core	42	M	43	43
group_10171	core	42	K	43	43
sigE	core	42	D	1	43
purC	core	42	F	43	43
artM	core	42	E	43	43
pyrH	core	42	F	43	43
fes	core	42	P	43	43
group_10131	core	42	E	43	43
group_10119	core	42	D	43	43
albC	core	42	sin_COG	0	43
ymfI	core	42	I	43	43
mngR	core	42	K	43	43
group_10082	core	42	sin_COG	0	42
rapA	core	42	sin_COG	0	43
trmD	core	42	J	43	43
group_10016	core	42	E	43	43
glnQ	core	42	E	43	43
group_9957	core	42	J	43	43
rnc	core	42	K	43	43
group_9930	core	42	I	43	43
prpE	core	42	sin_COG	0	43
group_9927	core	42	J	43	43
group_9918	core	42	sin_COG	0	43
group_9908	core	42	R	43	43
group_9905	core	42	Q	43	43
yvaK	core	42	Q	43	43
group_9903	core	42	U	43	43
group_9902	core	42	J	43	43
clpP	core	42	O	43	43
group_9897	core	42	J	43	43
rpsT	core	42	J	43	43
group_9870	core	42	sin_COG	0	43
group_9868	core	42	G	43	43
hemQ	core	42	H	43	43
group_9862	core	42	sin_COG	0	43
pTC1	core	42	T	43	43
fabL	core	42	I	43	43
rsmE	core	42	J	38	43
recO	core	42	L	43	43
group_9835	core	42	sin_COG	0	44
yjbA	core	42	D	43	43
group_9813	core	42	sin_COG	0	43
hisF	core	42	E	43	43
ceuD	core	42	P	43	43
spoU	core	42	J	43	43
group_9770	core	42	sin_COG	0	43
rpmH	core	42	J	43	43
tpiA	core	42	G	43	43
tcdA	core	42	J	43	43
group_9751	core	42	M	43	43
group_9747	core	42	S	43	43
group_9717	core	42	P	43	43
yjhB	core	42	F	41	43
group_9716	core	42	I	43	43
nagD	core	42	F	43	43
sigF	core	42	D	43	43
group_9687	core	42	L	43	43
thiG	core	42	H	43	43
group_9680	core	42	sin_COG	0	43
group_9660	core	42	J	43	43
group_9634	core	42	P	43	43
group_9612	core	42	sin_COG	0	43
rpsO	core	42	J	43	43
fixA	core	42	C	43	43
sdhB	core	42	C	43	43
uppS	core	42	I	43	43
fabI	core	42	I	43	43
ykoC	core	42	sin_COG	0	43
group_9590	core	42	sin_COG	0	43
group_9566	core	42	D	43	43
codY	core	42	K	43	43
sigG	core	42	D	43	43
trpA	core	42	sin_COG	0	43
group_9557	core	42	sin_COG	0	43
group_9540	core	42	E	43	43
group_9537	core	42	P	43	43
sufC	core	42	O	43	43
ypjB	core	42	sin_COG	0	43
group_9500	core	42	R	43	43
group_9480	core	42	J	43	43
dAP2	core	42	E	43	43
group_9458	core	42	sin_COG	0	43
sigB	core	42	K	43	43
group_9436	core	42	P	43	43
group_9435	core	42	sin_COG	0	42
sspO	core	42	D	43	43
group_9434	core	42	H	43	43
group_9432	core	42	R	43	43
group_9430	core	42	sin_COG	0	43
group_9429	core	42	sin_COG	0	43
yycJ	core	42	P	43	43
group_9394	core	42	R	43	43
thyA	core	42	F	43	43
group_9392	core	42	H	43	43
group_9374	core	42	sin_COG	0	43
group_9373	core	42	sin_COG	0	43
group_9368	core	42	sin_COG	0	43
group_9367	core	42	sin_COG	0	43
yqhG	core	42	D	4	43
ymdB	core	42	T	35	43
cdsA	core	42	I	43	43
group_9365	core	42	R	43	43
group_9364	core	42	I	37	43
rpoZ	core	42	K	43	43
group_9330	core	42	sin_COG	0	46
pldB	core	42	I	43	43
racE	core	42	M	43	43
minD	core	42	D	43	43
group_9308	core	42	B	43	43
ytpQ	core	42	R	43	43
purK	core	42	F	43	43
artP	core	42	E	43	43
group_9269	core	42	S	43	43
group_9234	core	42	M	43	43
group_9233	core	42	sin_COG	0	43
group_9231	core	42	sin_COG	0	43
bioC	core	42	sin_COG	0	43
menB	core	42	H	43	43
group_9163	core	42	G	43	43
group_9162	core	42	E	43	43
fxsA	core	42	R	43	43
nadA	core	42	H	43	43
group_9150	core	42	E	43	43
ppsR	core	42	T	43	43
group_9125	core	42	sin_COG	0	43
group_9118	core	42	sin_COG	0	43
group_9107	core	42	sin_COG	0	43
cdaA	core	42	T	43	43
speE	core	42	E	43	43
group_9067	core	42	sin_COG	0	43
group_9053	core	42	sin_COG	0	43
yozD	core	42	sin_COG	0	43
yqxC	core	42	J	43	43
mutM	core	42	L	43	43
ccmC	core	42	O	43	43
group_9007	core	42	P	43	43
group_8993	core	42	sin_COG	0	43
rpsU	core	42	J	43	43
rpmF	core	42	J	43	43
group_8992	core	42	sin_COG	0	43
group_8989	core	42	H	43	43
panB	core	42	H	43	43
cysG	core	42	H	43	43
cysT	core	42	P	43	43
group_8961	core	42	sin_COG	0	43
group_8960	core	42	S	43	43
group_8939	core	42	sin_COG	0	43
rnpM	core	42	A	43	43
group_8934	core	42	sin_COG	0	43
group_8933	core	42	sin_COG	0	43
ykoV	core	42	L	43	43
group_8931	core	42	S	43	43
glcT	core	42	K	43	43
group_8881	core	42	sin_COG	0	43
group_8879	core	42	E	40	43
group_8878	core	42	D	43	43
panC	core	42	sin_COG	0	43
group_8838	core	42	I	43	43
ylaF	core	42	sin_COG	0	43
group_8811	core	42	sin_COG	0	43
group_8810	core	42	sin_COG	0	43
group_8803	core	42	I	39	43
citZ	core	42	C	43	43
group_8770	core	42	G	43	43
noc	core	42	D	43	43
ytxC	core	42	sin_COG	0	43
group_8744	core	42	sin_COG	0	43
ugpA	core	42	G	43	43
group_8736	core	42	sin_COG	0	43
eutC	core	42	sin_COG	0	43
pptA	core	42	Q	43	43
group_8723	core	42	sin_COG	0	43
group_8721	core	42	sin_COG	0	43
accD	core	42	I	43	43
group_8708	core	42	sin_COG	0	43
mMP0363	core	42	R	43	43
group_8664	core	42	E	6	43
porB	core	42	C	43	43
group_8662	core	42	sin_COG	0	43
brkB	core	42	S	43	43
group_8660	core	42	sin_COG	0	43
group_8659	core	42	sin_COG	0	43
rpmB	core	42	J	43	43
group_8631	core	42	sin_COG	0	43
group_8605	core	42	U	42	43
group_8598	core	42	D	43	43
group_8589	core	42	sin_COG	0	43
group_8570	core	42	E	43	43
group_8561	core	42	E	43	43
group_8560	core	42	E	43	43
group_8559	core	42	K	43	43
ylqF	core	42	J	43	43
ywbE	core	42	S	43	43
group_8535	core	42	sin_COG	0	43
rssA	core	42	R	40	43
rsgA	core	42	J	43	43
tsf	core	42	J	43	43
sdaAA	core	42	E	43	43
group_8483	core	42	R	43	43
group_8482	core	42	sin_COG	0	42
group_8481	core	42	sin_COG	0	43
group_8480	core	42	M	43	43
group_8479	core	42	K	43	43
pdxS	core	42	H	43	43
group_8450	core	42	sin_COG	0	52
group_8448	core	42	sin_COG	0	46
group_8438	core	42	H	14	43
group_8437	core	42	K	43	43
ftsX	core	42	D	43	43
group_8433	core	42	J	43	43
rpmI	core	42	J	43	43
group_8432	core	42	sin_COG	0	43
group_8431	core	42	H	35	43
ylaI	core	42	S	43	43
group_8430	core	42	K	43	43
glyQ	core	42	J	43	43
rapZ	core	42	T	43	43
spoIIIAC	core	42	D	43	43
group_8372	core	42	sin_COG	0	44
group_8364	core	42	F	43	43
group_8363	core	42	E	43	43
group_8362	core	42	K	43	43
group_8360	core	42	sin_COG	0	43
sucD	core	42	C	43	43
group_8358	core	42	E	43	43
group_8335	core	42	K	43	43
group_8330	core	42	E	43	43
group_8329	core	42	J	41	43
metA	core	42	E	43	43
murB	core	42	M	43	43
group_8281	core	42	D	43	43
group_8280	core	42	sin_COG	0	43
group_8272	core	42	sin_COG	0	43
rnz	core	42	sin_COG	0	43
group_8267	core	42	H	43	43
group_8265	core	42	S	43	43
lCB5	core	42	I	43	43
group_8260	core	42	R	41	43
group_8253	core	42	sin_COG	0	43
group_8252	core	42	sin_COG	0	43
group_8250	core	42	sin_COG	0	43
group_8240	core	42	L	43	43
group_8233	core	42	sin_COG	0	43
group_8229	core	42	sin_COG	0	43
group_8227	core	42	J	43	43
group_8226	core	42	sin_COG	0	43
spoIIP	core	42	D	43	43
menA	core	42	H	43	43
rpoEps	core	42	K	43	43
coaA	core	42	H	40	43
group_8204	core	42	sin_COG	0	43
group_8185	core	42	E	43	43
tagU	core	42	M	41	43
yfdV	core	42	R	38	43
oppF	core	42	Q	43	43
ysnF	core	42	sin_COG	0	43
group_8146	core	42	J	43	43
era	core	42	J	43	43
dppC	core	42	E	43	43
ybcJ	core	42	J	43	43
yugI	core	42	R	43	43
kdgD	core	42	sin_COG	0	43
hflC	core	42	O	43	43
rsmH	core	42	J	43	43
hprK	core	42	T	43	43
mdh	core	42	C	43	43
group_8108	core	42	I	43	43
hemH	core	42	sin_COG	0	43
group_8090	core	42	sin_COG	0	43
group_8082	core	42	F	43	43
dnaI	core	42	L	43	43
glaH	core	42	sin_COG	0	43
cyoE	core	42	H	43	43
bshA	core	42	M	37	43
pdxI	core	42	H	43	43
araH	core	42	G	43	43
thrB	core	42	sin_COG	0	43
group_8045	core	42	I	4	43
group_8017	core	42	sin_COG	0	43
ceuC	core	42	P	43	43
fabD	core	42	I	3	43
group_8013	core	42	Q	43	43
group_8008	core	42	sin_COG	0	43
group_8007	core	42	sin_COG	0	43
group_8005	core	42	sin_COG	0	43
ceuB	core	42	P	43	43
rocF	core	42	sin_COG	0	43
ribF	core	42	H	43	43
whiA	core	42	K	43	43
group_7947	core	42	G	43	43
rnhC	core	42	L	43	43
pgaB	core	42	G	41	43
group_7946	core	42	sin_COG	0	43
group_7945	core	42	M	43	43
yrpB	core	42	R	43	43
glpR	core	42	G	43	43
argF	core	42	E	41	43
group_7942	core	42	sin_COG	0	43
yhcC	core	42	R	43	43
group_7925	core	42	G	43	43
group_7924	core	42	sin_COG	0	43
phoH	core	42	T	43	43
group_7922	core	42	H	43	43
group_7903	core	42	sin_COG	0	43
yfhS	core	42	sin_COG	0	43
group_7891	core	42	E	43	43
opp4B	core	42	E	43	43
group_7877	core	42	J	43	43
group_7872	core	42	J	43	43
group_7867	core	42	sin_COG	0	44
group_7866	core	42	E	43	43
group_7865	core	42	E	43	43
lutR	core	42	sin_COG	0	43
ycjR	core	42	G	43	43
iscS	core	42	E	1	43
group_7846	core	42	sin_COG	0	43
group_7843	core	42	S	38	43
group_7840	core	42	E	43	43
fixB	core	42	C	43	43
mraY	core	42	M	43	43
group_7796	core	42	C	42	43
group_7795	core	42	sin_COG	0	43
ybcI	core	42	R	43	43
prfB	core	42	J	43	43
birA	core	42	K	42	43
nosY	core	42	O	43	43
csbA	core	42	S	43	43
group_7766	core	42	sin_COG	0	43
guaC	core	42	F	43	43
group_7760	core	42	C	43	43
hpaD	core	42	sin_COG	0	43
pta	core	42	C	29	43
cofD	core	42	G	43	43
ytxK	core	42	L	43	43
group_7734	core	42	sin_COG	0	43
trpS	core	42	J	43	43
plsX	core	42	I	43	43
lplA	core	42	H	43	43
group_7641	core	42	U	43	43
nifU	core	42	O	43	43
group_7419	core	42	D	43	43
purT	core	42	F	43	43
group_7356	core	42	E	43	43
lolA	core	42	M	43	43
rbsC	core	42	G	43	43
uspA	core	42	sin_COG	0	43
nuoH	core	42	C	43	43
gap	core	42	sin_COG	0	43
drrA	core	42	R	43	43
mreBH	core	42	D	43	43
rpsR	core	42	J	43	43
ykuJ	core	42	S	43	43
yxlE	core	42	sin_COG	0	43
floA	core	42	sin_COG	0	43
group_7185	core	42	E	43	43
ywzB	core	42	S	42	43
group_7152	core	42	sin_COG	0	43
group_7148	core	42	sin_COG	0	43
group_7112	core	42	P	43	43
mreB	core	42	D	43	43
group_7073	core	42	sin_COG	0	43
pgsB	core	42	M	43	43
group_7008	core	42	sin_COG	0	43
pfoR	core	42	T	43	43
trpD	core	42	E	42	43
ykoT	core	42	sin_COG	0	43
sdrC	core	42	T	43	43
yrzI	core	42	sin_COG	0	37
hrcA	core	42	K	43	43
queA	core	42	J	43	43
ilvC	core	42	E	43	43
mglA~~~nupO	core	42	F	41	43
group_6894	core	42	sin_COG	0	43
group_6892	core	42	C	43	43
group_6852	core	42	K	43	43
abcC	core	42	E	43	43
mtrB	core	42	sin_COG	0	43
gapA	core	42	G	43	43
pheS	core	42	J	42	43
hemE	core	42	H	43	43
appB	core	42	C	43	43
fni	core	42	sin_COG	0	43
nrdB	core	42	F	43	43
group_6578	core	42	sin_COG	0	43
spoVIF	core	42	D	43	43
group_6557	core	42	P	36	43
group_6518	core	42	sin_COG	0	43
group_6505	core	42	sin_COG	0	43
pnpS	core	42	T	43	43
group_6458	core	42	sin_COG	0	43
group_6445	core	42	sin_COG	0	43
rlmN	core	42	J	43	43
adhP	core	42	G	43	43
prfA	core	42	J	43	43
group_6339	core	42	E	43	43
group_6336	core	42	E	43	43
aroGA	core	42	E	43	43
uxuA	core	42	G	43	43
group_6310	core	42	R	34	43
group_6297	core	42	sin_COG	0	43
murG	core	42	M	43	43
yqfT	core	42	D	43	43
spoVS	core	42	S	43	43
ysdC	core	42	E	1	43
group_6159	core	42	K	41	43
bofA	core	42	sin_COG	0	43
group_6152	core	42	sin_COG	0	43
group_6146	core	42	sin_COG	0	43
group_6115	core	42	sin_COG	0	43
group_6099	core	42	sin_COG	0	43
lgrE	core	42	sin_COG	0	43
group_6061	core	42	sin_COG	0	49
group_6022	core	42	sin_COG	0	46
group_5998	core	42	sin_COG	0	43
group_5992	core	42	sin_COG	0	43
group_5976	core	42	sin_COG	0	43
group_5972	core	42	C	11	43
group_5967	core	42	sin_COG	0	45
bcd	core	42	E	43	43
group_5960	core	42	sin_COG	0	43
group_5952	core	42	sin_COG	0	43
group_5940	core	42	sin_COG	0	86
siaM	core	42	R	43	43
group_5919	core	42	sin_COG	0	43
group_5918	core	42	sin_COG	0	43
ychF	core	42	J	43	43
cbiD	core	42	H	43	43
spoVE	core	42	D	43	43
bstA~~~yfiT	core	42	sin_COG	0	43
group_5857	core	42	sin_COG	0	51
group_5848	core	42	I	43	43
group_5844	core	42	sin_COG	0	43
group_5841	core	42	sin_COG	0	44
group_5839	core	42	sin_COG	0	43
group_5826	core	42	sin_COG	0	43
serC	core	42	E	43	43
group_5824	core	42	sin_COG	0	43
group_5822	core	42	sin_COG	0	43
group_5814	core	42	sin_COG	0	43
group_5799	core	42	sin_COG	0	43
group_5796	core	42	sin_COG	0	43
atpB	core	42	C	20	43
group_5768	core	42	sin_COG	0	43
secE	core	42	sin_COG	0	43
group_5764	core	42	E	43	43
glgD	core	42	G	43	43
ridA~~~rutC	core	42	sin_COG	0	43
group_5757	core	42	sin_COG	0	43
pbp4b	core	42	sin_COG	0	44
group_5745	core	42	sin_COG	0	43
group_5742	core	42	sin_COG	0	43
group_5735	core	42	sin_COG	0	43
group_5720	core	42	sin_COG	0	44
ydcF	core	42	sin_COG	0	50
group_5704	core	42	sin_COG	0	43
group_5691	core	42	sin_COG	0	43
group_5690	core	42	sin_COG	0	43
group_5677	core	42	E	43	43
group_5674	core	42	E	1	43
group_5672	core	42	sin_COG	0	68
spoIIID	core	42	D	43	43
group_5671	core	42	sin_COG	0	43
rpsP	core	42	J	43	43
group_5662	core	42	sin_COG	0	43
group_5640	core	42	sin_COG	0	43
group_5619	core	42	sin_COG	0	43
group_5614	core	42	E	43	43
group_5611	core	42	sin_COG	0	43
group_5608	core	42	sin_COG	0	43
ynaI	core	42	sin_COG	0	43
group_5601	core	42	Q	43	43
group_5600	core	42	E	43	43
group_5581	core	42	sin_COG	0	43
mnmA	core	42	J	43	43
group_5565	core	42	sin_COG	0	47
group_5563	core	42	C	43	43
group_5551	core	42	sin_COG	0	43
group_5548	core	42	sin_COG	0	65
group_5544	core	42	sin_COG	0	43
recF	core	42	L	43	43
group_5536	core	42	sin_COG	0	43
pulA	core	42	sin_COG	0	43
group_5525	core	42	sin_COG	0	43
group_5523	core	42	sin_COG	0	43
group_5522	core	42	sin_COG	0	43
group_5516	core	42	sin_COG	0	44
group_5513	core	42	sin_COG	0	67
group_5504	core	42	H	42	50
group_5503	core	42	D	42	43
group_5500	core	42	sin_COG	0	43
group_5494	core	42	sin_COG	0	46
ylbG	core	42	S	43	43
pepD2	core	42	E	43	43
ispG	core	42	I	29	43
group_5486	core	42	sin_COG	0	44
yqeH	core	42	J	43	43
group_5470	core	42	sin_COG	0	43
group_5466	core	42	sin_COG	0	43
group_5457	core	42	sin_COG	0	43
group_5455	core	42	sin_COG	0	47
group_5447	core	42	sin_COG	0	43
group_5440	core	42	sin_COG	0	43
tenI	core	42	sin_COG	0	43
group_5430	core	42	J	43	43
group_5426	core	42	sin_COG	0	45
group_5424	core	42	Q	2	43
mtnA	core	42	sin_COG	0	43
group_5415	core	42	sin_COG	0	43
group_5414	core	42	sin_COG	0	43
group_5411	core	42	sin_COG	0	45
group_5408	core	42	sin_COG	0	43
group_5405	core	42	sin_COG	0	89
group_5384	core	42	sin_COG	0	43
group_5372	core	42	sin_COG	0	43
group_5365	core	42	sin_COG	0	43
group_5363	core	42	sin_COG	0	43
yfkAB	core	42	D	43	43
group_5354	core	42	sin_COG	0	43
megL	core	42	sin_COG	0	43
group_5350	core	42	sin_COG	0	43
atpE	core	42	C	20	43
group_5345	core	42	sin_COG	0	43
group_5334	core	42	sin_COG	0	43
group_5333	core	42	sin_COG	0	44
capA	core	42	sin_COG	0	43
group_5328	core	42	sin_COG	0	43
group_5318	core	42	sin_COG	0	43
group_5312	core	42	sin_COG	0	46
group_5309	core	42	sin_COG	0	43
cysL	core	42	sin_COG	0	43
group_5303	core	42	R	43	43
group_5298	core	42	sin_COG	0	43
rpoD	core	42	K	43	43
yuxJ	core	42	G	4	43
group_5291	core	42	sin_COG	0	43
group_5279	core	42	sin_COG	0	43
group_5278	core	42	sin_COG	0	43
group_5270	core	42	sin_COG	0	43
cwlM	core	42	sin_COG	0	43
group_5266	core	42	M	3	43
group_5261	core	42	M	41	43
group_5260	core	42	E	42	43
group_5259	core	42	R	14	43
group_5256	core	42	L	43	43
group_5254	core	42	sin_COG	0	43
group_5250	core	42	sin_COG	0	45
group_5244	core	42	sin_COG	0	43
group_5226	core	42	sin_COG	0	43
ylxP	core	42	S	43	43
group_5217	core	42	sin_COG	0	43
cbiQ	core	42	sin_COG	0	43
group_5215	core	42	sin_COG	0	43
rpsA	core	42	J	43	43
acuC	core	42	Q	40	43
group_5209	core	42	I	43	43
queG	core	42	J	43	43
sepF	core	42	D	43	43
group_5192	core	42	sin_COG	0	44
group_5191	core	42	sin_COG	0	46
group_5173	core	42	sin_COG	0	43
group_5171	core	42	sin_COG	0	43
yhcR	core	42	sin_COG	0	44
nuoL	core	42	sin_COG	0	43
group_5160	core	42	I	43	43
phaC	core	42	sin_COG	0	43
group_5147	core	42	sin_COG	0	43
fliA	core	42	K	43	43
group_5140	core	42	sin_COG	0	43
group_5136	core	42	sin_COG	0	43
cobS	core	42	H	43	43
group_5133	core	42	sin_COG	0	44
macB~~~salY	core	42	V	14	43
sugC	core	42	G	17	43
group_5115	core	42	sin_COG	0	43
group_5111	core	42	E	43	43
group_5099	core	42	sin_COG	0	43
rdgB	core	42	F	43	43
group_5095	core	42	sin_COG	0	43
group_5093	core	42	sin_COG	0	54
helY	core	42	sin_COG	0	43
rpsF	core	42	J	43	43
mnhF	core	42	P	43	43
group_5076	core	42	H	43	43
rlmL	core	42	J	43	43
group_5069	core	42	sin_COG	0	43
group_5063	core	42	sin_COG	0	43
group_5058	core	42	sin_COG	0	43
group_5046	core	42	K	40	43
group_5042	core	42	sin_COG	0	43
group_5037	core	42	sin_COG	0	44
group_5036	core	42	sin_COG	0	46
group_5035	core	42	sin_COG	0	43
group_5032	core	42	sin_COG	0	56
group_5031	core	42	sin_COG	0	43
group_5026	core	42	sin_COG	0	43
hemW	core	42	H	43	43
group_5020	core	42	G	43	43
lysE~~~rhtB	core	42	E	36	43
azoR	core	42	C	42	43
group_5011	core	42	sin_COG	0	47
degS	core	42	T	43	43
yueI	core	42	sin_COG	0	42
group_4990	core	42	sin_COG	0	43
opuBA	core	42	E	43	43
group_4982	core	42	sin_COG	0	46
gerAA	core	42	D	42	43
group_4976	core	42	sin_COG	0	43
hrtA~~~lolD	core	42	M	42	43
comEC~~~comE	core	42	U	37	47
tgt	core	42	J	43	43
group_4965	core	42	sin_COG	0	43
group_4961	core	42	sin_COG	0	43
group_4960	core	42	I	1	45
group_4959	core	42	sin_COG	0	42
group_4954	core	42	sin_COG	0	43
group_4953	core	42	E	43	43
group_4948	core	42	I	36	43
argJ	core	42	E	37	43
group_4945	core	42	sin_COG	0	43
dosC	core	42	sin_COG	0	43
group_4930	core	42	D	43	43
group_4923	core	42	sin_COG	0	43
nupP	core	42	F	41	43
group_4922	core	42	sin_COG	0	43
group_4918	core	42	sin_COG	0	43
group_4904	core	42	sin_COG	0	43
gerPA	core	42	D	33	43
yqdH	core	42	C	43	43
group_4886	core	42	sin_COG	0	43
group_4882	core	42	sin_COG	0	43
group_4881	core	42	sin_COG	0	43
group_4880	core	42	sin_COG	0	43
group_4875	core	42	sin_COG	0	43
group_4870	core	42	sin_COG	0	43
group_4863	core	42	sin_COG	0	44
group_4854	core	42	E	43	43
group_4853	core	42	sin_COG	0	43
group_4850	core	42	sin_COG	0	43
group_4842	core	42	sin_COG	0	43
group_4841	core	42	sin_COG	0	43
mhqA	core	42	sin_COG	0	43
mhqD	core	42	sin_COG	0	43
group_4836	core	42	sin_COG	0	43
yrzB	core	42	S	43	43
dltD	core	42	sin_COG	0	43
ppsA	core	42	sin_COG	0	43
dacC	core	42	M	43	43
esxA	core	42	V	43	43
glgC	core	42	G	43	43
dhhP	core	42	J	43	43
group_4819	core	42	sin_COG	0	43
group_4818	core	42	sin_COG	0	43
yjjG	core	42	sin_COG	0	43
group_4792	core	42	P	38	48
group_4790	core	42	sin_COG	0	45
rihB~~~rihA	core	42	sin_COG	0	44
group_4757	core	42	sin_COG	0	43
yciC	core	42	sin_COG	0	43
group_4751	core	42	E	43	43
yhbH	core	42	sin_COG	0	43
group_4739	core	42	sin_COG	0	43
catD	core	42	sin_COG	0	43
group_4727	core	42	sin_COG	0	43
group_4716	core	42	sin_COG	0	43
tlp	core	42	sin_COG	0	43
group_4710	core	42	sin_COG	0	44
group_4709	core	42	K	43	43
aroC	core	42	E	43	43
group_4707	core	42	sin_COG	0	43
ctaF	core	42	C	43	43
group_4706	core	42	sin_COG	0	43
group_4703	core	42	sin_COG	0	43
mepH	core	42	sin_COG	0	44
group_4696	core	42	sin_COG	0	43
group_4692	core	42	sin_COG	0	43
group_4691	core	42	sin_COG	0	43
group_4689	core	42	sin_COG	0	43
ywnH	core	42	sin_COG	0	43
ycf19	core	42	O	43	43
group_4683	core	42	sin_COG	0	43
group_4679	core	42	sin_COG	0	44
yaaN	core	42	V	43	43
group_4674	core	42	E	32	43
group_4673	core	42	sin_COG	0	45
yqfW	core	42	R	43	43
addA	core	42	L	43	44
catE	core	42	Q	43	43
cotO	core	42	sin_COG	0	43
group_4663	core	42	sin_COG	0	43
pduO	core	42	H	41	43
group_4658	core	42	sin_COG	0	43
group_4652	core	42	T	43	43
yjbQ	core	42	H	32	43
mltG	core	42	sin_COG	0	45
group_4646	core	42	sin_COG	0	43
allD	core	42	C	43	43
group_4642	core	42	sin_COG	0	43
group_4639	core	42	sin_COG	0	43
group_4638	core	42	I	43	43
group_4637	core	42	sin_COG	0	43
clpE	core	42	sin_COG	0	43
group_4635	core	42	sin_COG	0	43
group_4633	core	42	M	43	43
group_4632	core	42	sin_COG	0	43
group_4616	core	42	sin_COG	0	43
group_4611	core	42	sin_COG	0	43
group_4608	core	42	sin_COG	0	43
group_4607	core	42	sin_COG	0	45
hlyD	core	42	sin_COG	0	43
group_4599	core	42	sin_COG	0	43
group_4595	core	42	sin_COG	0	43
group_4591	core	42	I	43	43
group_4590	core	42	sin_COG	0	43
group_4589	core	42	sin_COG	0	43
group_4584	core	42	E	43	43
rsiW	core	42	sin_COG	0	43
group_4581	core	42	sin_COG	0	43
group_4579	core	42	sin_COG	0	43
group_4577	core	42	sin_COG	0	43
group_4575	core	42	R	42	43
group_4574	core	42	E	43	43
group_4573	core	42	K	43	43
group_4570	core	42	P	9	43
group_4569	core	42	sin_COG	0	43
group_4552	core	42	K	39	46
lysM~~~ebpS	core	42	sin_COG	0	42
metE	core	42	E	43	43
yrhK	core	42	sin_COG	0	43
comGF	core	42	sin_COG	0	43
group_4528	core	42	sin_COG	0	43
metC	core	42	E	42	43
tcyA	core	42	E	42	43
nadD	core	42	H	22	43
bioH	core	42	sin_COG	0	43
group_4497	core	42	sin_COG	0	45
group_4490	core	42	S	43	43
cotJB	core	42	D	43	43
pstA	core	42	P	43	43
phoU	core	42	P	43	43
group_4475	core	42	sin_COG	0	43
group_4474	core	42	sin_COG	0	43
group_4469	core	42	M	43	43
tauE	core	42	P	43	43
group_4460	core	42	sin_COG	0	44
wcaL	core	42	sin_COG	0	43
btuE	core	42	I	36	43
ade	core	42	sin_COG	0	44
group_4454	core	42	sin_COG	0	43
yhaN	core	42	sin_COG	0	43
group_4447	core	42	sin_COG	0	43
group_4442	core	42	P	43	43
group_4437	core	42	sin_COG	0	43
ctaD	core	42	C	43	43
glsA	core	42	E	43	44
group_4429	core	42	sin_COG	0	43
group_4425	core	42	sin_COG	0	43
group_4422	core	42	sin_COG	0	43
group_4421	core	42	sin_COG	0	43
carA	core	42	E	14	43
galE	core	42	M	43	43
yddE~~~phzF	core	42	sin_COG	0	48
yqfD	core	42	D	39	43
group_4412	core	42	sin_COG	0	43
group_4408	core	42	sin_COG	0	43
group_4403	core	42	K	43	43
sppA	core	42	O	43	43
group_4398	core	42	P	43	43
group_4397	core	42	sin_COG	0	43
group_4393	core	42	G	43	43
group_4391	core	42	sin_COG	0	43
gluP	core	42	sin_COG	0	43
group_4387	core	42	sin_COG	0	44
moaE	core	42	H	43	43
group_4381	core	42	sin_COG	0	44
group_4380	core	42	H	43	43
curA	core	42	Q	43	43
group_4369	core	42	sin_COG	0	43
yfkN	core	42	sin_COG	0	43
livK	core	42	E	43	43
group_4360	core	42	H	14	43
comGD	core	42	sin_COG	0	43
yxkH	core	42	sin_COG	0	48
group_4341	core	42	sin_COG	0	43
group_4340	core	42	sin_COG	0	43
group_4339	core	42	sin_COG	0	43
group_4338	core	42	F	13	43
ilvE	core	42	E	43	43
group_4316	core	42	sin_COG	0	43
group_4310	core	42	sin_COG	0	43
thiO	core	42	sin_COG	0	43
group_4305	core	42	sin_COG	0	43
group_4303	core	42	sin_COG	0	43
group_4302	core	42	sin_COG	0	45
group_4299	core	42	sin_COG	0	43
group_4295	core	42	sin_COG	0	43
group_4292	core	42	sin_COG	0	43
mbtN	core	42	sin_COG	0	45
group_4281	core	42	sin_COG	0	44
group_4276	core	42	sin_COG	0	43
group_4273	core	42	sin_COG	0	43
rfaB	core	42	M	43	43
group_4268	core	42	I	41	43
group_4264	core	42	sin_COG	0	43
group_4258	core	42	sin_COG	0	43
group_4256	core	42	I	43	43
group_4249	core	42	G	2	43
group_4246	core	42	sin_COG	0	43
msrR	core	42	sin_COG	0	43
group_4241	core	42	sin_COG	0	43
group_4237	core	42	sin_COG	0	43
dph6	core	42	J	34	43
lhgO	core	42	G	43	43
group_4230	core	42	sin_COG	0	43
group_4229	core	42	P	43	43
group_4226	core	42	E	1	43
mtnW	core	42	sin_COG	0	43
yycB	core	42	sin_COG	0	43
htrB	core	42	sin_COG	0	43
nupC	core	42	F	43	43
group_4221	core	42	sin_COG	0	43
group_4220	core	42	G	43	43
group_4217	core	42	sin_COG	0	43
group_4210	core	42	sin_COG	0	44
carH	core	42	sin_COG	0	43
sleL	core	42	D	39	43
group_4186	core	42	sin_COG	0	43
ylxQ	core	42	J	43	43
group_4174	core	42	I	43	43
group_4173	core	42	F	43	43
group_4172	core	42	sin_COG	0	43
group_4164	core	42	C	11	43
ytrA~~~ytrB	core	42	J	30	85
group_4163	core	42	sin_COG	0	43
group_4129	core	42	sin_COG	0	43
atoA	core	42	I	43	43
group_4123	core	42	sin_COG	0	43
gerA	core	42	sin_COG	0	44
group_4120	core	42	sin_COG	0	43
group_4107	core	42	sin_COG	0	43
group_4106	core	42	sin_COG	0	43
group_4102	core	42	sin_COG	0	43
group_4101	core	42	sin_COG	0	43
group_4098	core	42	sin_COG	0	43
group_4097	core	42	sin_COG	0	43
group_4095	core	42	sin_COG	0	43
group_4093	core	42	sin_COG	0	44
pepV	core	42	E	43	43
rplU	core	42	J	43	43
group_4083	core	42	O	43	43
group_4082	core	42	sin_COG	0	45
group_4081	core	42	sin_COG	0	44
group_4073	core	42	sin_COG	0	43
trpB	core	42	E	43	43
group_4069	core	42	E	43	43
mopR	core	42	sin_COG	0	43
group_4065	core	42	sin_COG	0	43
group_4064	core	42	G	43	43
proV	core	42	E	43	43
group_4062	core	42	sin_COG	0	43
group_4058	core	42	sin_COG	0	43
group_4055	core	42	sin_COG	0	43
group_4049	core	42	sin_COG	0	44
group_4048	core	42	L	43	43
cobD	core	42	sin_COG	0	43
group_4044	core	42	sin_COG	0	42
ydhP	core	42	sin_COG	0	43
hyfB	core	42	C	43	43
group_4043	core	42	sin_COG	0	43
pTR2	core	42	E	43	43
group_4030	core	42	sin_COG	0	43
spoIIIAE	core	42	D	41	43
group_4022	core	42	I	38	43
atpF	core	42	C	20	43
group_4020	core	42	I	43	43
group_4015	core	42	G	43	43
group_4013	core	42	E	43	43
parR	core	42	sin_COG	0	43
group_4008	core	42	sin_COG	0	43
group_4007	core	42	K	12	43
aCH1	core	42	C	42	43
group_4002	core	42	sin_COG	0	43
mdtA	core	42	sin_COG	0	43
group_4001	core	42	K	43	43
group_3998	core	42	G	43	43
group_3995	core	42	sin_COG	0	43
group_3994	core	42	sin_COG	0	42
group_3983	core	42	sin_COG	0	44
capD	core	42	sin_COG	0	43
group_3979	core	42	sin_COG	0	43
group_3977	core	42	sin_COG	0	43
thiI	core	42	H	43	43
group_3967	core	42	P	43	43
gpsB	core	42	sin_COG	0	43
group_3962	core	42	sin_COG	0	43
group_3961	core	42	sin_COG	0	45
group_3960	core	42	I	43	43
group_3958	core	42	sin_COG	0	43
group_3957	core	42	sin_COG	0	43
cobJ	core	42	H	43	43
group_3943	core	42	sin_COG	0	43
group_3936	core	42	sin_COG	0	43
group_3927	core	42	sin_COG	0	43
adeC	core	42	F	43	43
group_3916	core	42	sin_COG	0	43
group_3909	core	42	sin_COG	0	43
group_3906	core	42	sin_COG	0	43
group_3905	core	42	sin_COG	0	43
group_3896	core	42	E	43	43
group_3894	core	42	sin_COG	0	43
group_3886	core	42	sin_COG	0	43
group_3885	core	42	sin_COG	0	43
group_3884	core	42	sin_COG	0	43
ycaD	core	42	sin_COG	0	43
mdoB	core	42	M	43	43
plsY	core	42	I	33	43
group_3876	core	42	P	43	43
group_3873	core	42	sin_COG	0	43
group_3868	core	42	sin_COG	0	44
group_3864	core	42	E	43	43
hemY	core	42	H	43	43
group_3862	core	42	sin_COG	0	43
nupG	core	42	F	43	43
nuoK	core	42	C	43	43
group_3859	core	42	O	7	43
group_3858	core	42	sin_COG	0	43
group_3857	core	42	C	42	44
group_3855	core	42	D	43	43
group_3854	core	42	O	43	43
group_3852	core	42	sin_COG	0	43
pstC	core	42	sin_COG	0	43
group_3843	core	42	sin_COG	0	43
group_3842	core	42	sin_COG	0	43
group_3840	core	42	G	43	43
group_3838	core	42	K	43	43
group_3836	core	42	sin_COG	0	43
fhlA	core	42	K	11	43
group_3834	core	42	sin_COG	0	43
group_3829	core	42	sin_COG	0	43
bmrU	core	42	sin_COG	0	48
group_3819	core	42	sin_COG	0	43
group_3818	core	42	sin_COG	0	43
dapG	core	42	E	43	43
pqqL	core	42	R	43	43
kefB	core	42	P	43	43
group_3792	core	42	sin_COG	0	43
csdA	core	42	E	43	43
yuiB	core	42	sin_COG	0	43
group_3770	core	42	sin_COG	0	43
pncC	core	42	H	43	43
group_3754	core	42	G	5	43
group_3751	core	42	sin_COG	0	43
group_3750	core	42	sin_COG	0	43
group_3749	core	42	sin_COG	0	43
ampS	core	42	E	43	43
group_3731	core	42	sin_COG	0	43
group_3704	core	42	sin_COG	0	43
group_3702	core	42	G	43	43
group_3699	core	42	I	43	43
group_3695	core	42	sin_COG	0	45
group_3694	core	42	sin_COG	0	43
glcD	core	42	C	43	43
group_3689	core	42	P	34	43
modB	core	42	P	43	43
eamA~~~rhaT	core	42	E	43	44
group_3676	core	42	sin_COG	0	43
group_3671	core	42	E	43	43
tic20a	core	42	R	43	43
sfcA	core	42	C	43	43
group_3666	core	42	K	11	43
cbiN	core	42	P	7	43
group_3664	core	42	sin_COG	0	43
group_3628	core	42	K	43	43
group_3620	core	42	sin_COG	0	43
group_3619	core	42	sin_COG	0	43
group_3618	core	42	sin_COG	0	43
group_3617	core	42	sin_COG	0	43
group_3614	core	42	sin_COG	0	43
group_3596	core	42	sin_COG	0	43
ybhR	core	42	sin_COG	0	43
group_3595	core	42	M	36	43
group_3569	core	42	K	43	43
group_3563	core	42	sin_COG	0	43
group_3556	core	42	sin_COG	0	48
group_3555	core	42	sin_COG	0	43
group_3550	core	42	sin_COG	0	43
tyrS	core	42	J	43	43
group_3541	core	42	sin_COG	0	43
nagB	core	42	sin_COG	0	43
group_3519	core	42	sin_COG	0	45
group_3516	core	42	sin_COG	0	43
phaR	core	42	sin_COG	0	43
group_3480	core	42	sin_COG	0	43
group_3477	core	42	O	33	43
group_3476	core	42	sin_COG	0	43
yycC	core	42	sin_COG	0	43
group_3463	core	42	sin_COG	0	43
group_3462	core	42	sin_COG	0	43
group_3459	core	42	sin_COG	0	45
group_3458	core	42	sin_COG	0	43
group_3456	core	42	C	43	43
ilvA	core	42	E	43	43
clpX	core	42	O	43	43
group_3453	core	42	sin_COG	0	44
group_3439	core	42	C	42	44
group_3436	core	42	sin_COG	0	43
group_3431	core	42	sin_COG	0	43
group_3430	core	42	sin_COG	0	43
group_3429	core	42	sin_COG	0	43
eutH	core	42	sin_COG	0	43
group_3424	core	42	P	42	43
rarA	core	42	L	43	43
ydcP	core	42	sin_COG	0	43
cnoX	core	42	O	40	43
group_3416	core	42	sin_COG	0	43
group_3415	core	42	sin_COG	0	1
group_3414	core	42	sin_COG	0	43
group_3413	core	42	sin_COG	0	43
lolD	core	42	M	43	43
group_3408	core	42	sin_COG	0	44
group_3399	core	42	sin_COG	0	43
group_3398	core	42	sin_COG	0	43
motB~~~ompA	core	42	sin_COG	0	48
yohD	core	42	sin_COG	0	43
trmK	core	42	sin_COG	0	43
modA	core	42	sin_COG	0	43
group_3378	core	42	sin_COG	0	43
group_3377	core	42	sin_COG	0	43
group_3364	core	42	sin_COG	0	43
group_3362	core	42	E	43	43
group_3358	core	42	sin_COG	0	43
serS	core	42	J	42	43
group_3354	core	42	sin_COG	0	44
gltC	core	42	sin_COG	0	43
group_3337	core	42	sin_COG	0	43
gerAC	core	42	D	42	43
group_3330	core	42	E	42	45
anmK	core	42	sin_COG	0	43
group_3316	core	42	sin_COG	0	43
group_3312	core	42	sin_COG	0	44
group_3311	core	42	sin_COG	0	43
group_3310	core	42	M	42	43
group_3308	core	42	sin_COG	0	43
group_3305	core	42	sin_COG	0	43
group_3296	core	42	sin_COG	0	43
group_3284	core	42	sin_COG	0	43
aceA	core	42	C	43	43
aroA	core	42	E	39	43
group_3280	core	42	F	43	43
preA	core	42	C	43	43
group_3271	core	42	sin_COG	0	43
group_3270	core	42	sin_COG	0	43
group_3261	core	42	sin_COG	0	43
group_3258	core	42	H	43	43
rho	core	42	K	43	43
group_3253	core	42	sin_COG	0	43
group_3251	core	42	sin_COG	0	44
group_3243	core	42	sin_COG	0	43
hemL	core	42	H	43	43
group_3236	core	42	sin_COG	0	43
grxC	core	42	O	43	43
mgsR	core	42	sin_COG	0	43
group_3234	core	42	sin_COG	0	43
purA	core	42	F	43	43
asnS	core	42	J	43	43
tig	core	42	O	43	43
spoIVB	core	42	D	43	43
purB	core	42	F	43	43
group_3231	core	42	sin_COG	0	43
group_3217	core	42	sin_COG	0	43
eno	core	42	G	43	43
group_3214	core	42	G	42	43
group_3208	core	42	sin_COG	0	43
ygdD	core	42	S	43	43
group_3204	core	42	I	43	44
soxR	core	42	K	43	43
group_3203	core	42	sin_COG	0	43
group_3202	core	42	sin_COG	0	43
group_3199	core	42	sin_COG	0	43
comF	core	42	sin_COG	0	44
group_3194	core	42	sin_COG	0	43
irrE	core	42	sin_COG	0	43
yvbK	core	42	sin_COG	0	43
group_3177	core	42	T	43	43
bcp	core	42	O	43	43
ftsA	core	42	D	43	43
thrA	core	42	E	43	43
group_3173	core	42	sin_COG	0	43
group_3158	core	42	sin_COG	0	43
ytrH	core	42	D	43	43
ddaH	core	42	E	36	43
murA	core	42	M	42	43
sufD	core	42	O	43	43
tVP38	core	42	S	43	43
group_3138	core	42	sin_COG	0	43
kynB	core	42	E	35	43
yjbC	core	42	sin_COG	0	43
mreD	core	42	sin_COG	0	43
tenA	core	42	H	43	44
ydhJ	core	42	R	43	43
group_3109	core	42	sin_COG	0	49
group_3107	core	42	sin_COG	0	44
yydK	core	42	sin_COG	0	43
cbiG	core	42	H	17	43
group_3094	core	42	sin_COG	0	43
group_3092	core	42	sin_COG	0	43
group_3091	core	42	sin_COG	0	43
group_3090	core	42	sin_COG	0	43
group_3089	core	42	K	43	43
mET17	core	42	E	43	43
der	core	42	J	43	43
group_3085	core	42	sin_COG	0	43
ribA	core	42	H	41	43
ykoE	core	42	H	39	43
group_3083	core	42	sin_COG	0	43
group_3075	core	42	sin_COG	0	43
group_3074	core	42	sin_COG	0	43
group_3072	core	42	sin_COG	0	43
spoIIIJ	core	42	M	43	43
group_3071	core	42	E	4	45
group_3070	core	42	sin_COG	0	43
group_3069	core	42	sin_COG	0	43
group_3068	core	42	L	43	43
fdhD	core	42	C	43	43
group_3066	core	42	sin_COG	0	43
group_3065	core	42	sin_COG	0	44
gerE	core	42	D	42	43
gerAB	core	42	D	43	43
frvX	core	42	E	43	43
group_3050	core	42	sin_COG	0	43
group_3038	core	42	I	43	43
group_3037	core	42	sin_COG	0	43
yodJ	core	42	sin_COG	0	43
ydeI	core	42	sin_COG	0	44
group_3016	core	42	sin_COG	0	43
rbsK	core	42	G	5	43
group_3013	core	42	sin_COG	0	43
argG	core	42	E	43	43
ylxW	core	42	S	43	43
group_3008	core	42	K	1	43
group_3005	core	42	sin_COG	0	42
group_3001	core	42	sin_COG	0	50
group_2996	core	42	sin_COG	0	43
ykuI	core	42	T	43	43
group_2995	core	42	sin_COG	0	43
group_2981	core	42	sin_COG	0	43
group_2980	core	42	sin_COG	0	43
group_2979	core	42	sin_COG	0	43
group_2976	core	42	sin_COG	0	43
group_2972	core	42	sin_COG	0	46
trm11	core	42	J	33	43
group_2965	core	42	H	43	43
argC	core	42	sin_COG	0	43
group_2954	core	42	sin_COG	0	43
iscA	core	42	O	42	43
ysxE	core	42	D	19	43
group_2944	core	42	sin_COG	0	43
group_2942	core	42	D	43	43
afuA	core	42	G	39	43
group_2938	core	42	sin_COG	0	43
group_2937	core	42	sin_COG	0	43
group_2935	core	42	sin_COG	0	43
group_2934	core	42	sin_COG	0	43
nfeD	core	42	O	43	43
rpfG	core	42	sin_COG	0	59
group_2928	core	42	sin_COG	0	44
group_2926	core	42	sin_COG	0	43
eutG	core	42	C	37	43
pdaA	core	42	sin_COG	0	43
group_2917	core	42	sin_COG	0	43
group_2916	core	42	I	43	43
group_2915	core	42	sin_COG	0	43
ykvU	core	42	sin_COG	0	43
ylaK	core	42	R	43	43
group_2912	core	42	D	42	42
group_2910	core	42	F	43	43
group_2909	core	42	sin_COG	0	43
group_2908	core	42	sin_COG	0	42
mciZ	core	42	sin_COG	0	43
group_2905	core	42	G	43	43
group_2903	core	42	sin_COG	0	43
fbpA	core	42	sin_COG	0	43
group_2901	core	42	F	43	45
yflN	core	42	sin_COG	0	43
group_2888	core	42	sin_COG	0	43
ycgG	core	42	S	43	43
cyp106A2	core	42	sin_COG	0	43
group_2887	core	42	sin_COG	0	43
pdhA	core	42	sin_COG	0	43
group_2884	core	42	sin_COG	0	43
nupQ	core	42	F	41	43
group_2880	core	42	sin_COG	0	43
group_2868	core	42	sin_COG	0	43
ytoI	core	42	K	43	43
group_2866	core	42	sin_COG	0	43
group_2859	core	42	sin_COG	0	43
spoVAB	core	42	D	43	43
group_2852	core	42	C	43	43
group_2847	core	42	sin_COG	0	43
group_2846	core	42	sin_COG	0	43
trpE	core	42	sin_COG	0	43
group_2843	core	42	sin_COG	0	43
group_2841	core	42	sin_COG	0	43
mmuP	core	42	sin_COG	0	43
group_2834	core	42	sin_COG	0	44
group_2833	core	42	sin_COG	0	43
group_2832	core	42	sin_COG	0	43
group_2831	core	42	sin_COG	0	43
pdaC	core	42	sin_COG	0	44
dacB	core	42	sin_COG	0	43
group_2827	core	42	sin_COG	0	44
camS	core	42	R	43	43
group_2818	core	42	sin_COG	0	43
spoVAF	core	42	D	43	43
group_2813	core	42	sin_COG	0	43
group_2807	core	42	sin_COG	0	43
group_2803	core	42	I	34	45
group_2801	core	42	sin_COG	0	43
group_2800	core	42	sin_COG	0	43
spoVB	core	42	D	43	43
pnbA	core	42	I	43	45
dauA	core	42	sin_COG	0	43
celF	core	42	G	43	43
group_2797	core	42	E	38	43
oppA	core	42	E	43	43
spmA	core	42	R	43	43
group_2790	core	42	E	43	43
group_2786	core	42	G	43	43
group_2782	core	42	sin_COG	0	43
opp4A	core	42	sin_COG	0	44
group_2781	core	42	sin_COG	0	43
group_2780	core	42	sin_COG	0	43
group_2779	core	42	sin_COG	0	43
group_2776	core	42	sin_COG	0	43
group_2771	core	42	sin_COG	0	43
gyrA	core	42	L	42	44
pgi	core	42	G	43	43
group_2767	core	42	sin_COG	0	43
hemA	core	42	H	43	43
metL1	core	42	E	43	43
group_2762	core	42	sin_COG	0	43
group_2761	core	42	M	14	43
group_2757	core	42	sin_COG	0	43
purL	core	42	F	43	45
group_2756	core	42	sin_COG	0	44
group_2753	core	42	V	36	43
yueB	core	42	sin_COG	0	43
group_2750	core	42	sin_COG	0	43
group_2747	core	42	sin_COG	0	42
group_2746	core	42	sin_COG	0	43
glmM	core	42	G	43	43
group_2744	core	42	sin_COG	0	43
dnaA	core	42	L	43	43
group_2734	core	42	I	43	43
group_2733	core	42	sin_COG	0	43
group_2728	core	42	E	43	43
murD	core	42	M	43	43
group_2724	core	42	P	43	43
rplS	core	42	J	43	43
group_2716	core	42	sin_COG	0	43
group_2710	core	42	sin_COG	0	43
group_2709	core	42	sin_COG	0	43
group_2708	core	42	V	5	43
mhqO	core	42	sin_COG	0	46
group_2699	core	42	sin_COG	0	43
ypeB	core	42	D	41	43
group_2698	core	42	sin_COG	0	42
yerC	core	42	R	43	43
group_2685	core	42	sin_COG	0	43
group_2681	core	42	sin_COG	0	43
gudD	core	42	sin_COG	0	43
aceF	core	42	C	43	43
group_2669	core	42	sin_COG	0	43
group_2668	core	42	L	43	43
group_2667	core	42	sin_COG	0	43
group_2666	core	42	sin_COG	0	43
group_2659	core	42	sin_COG	0	44
group_2657	core	42	sin_COG	0	43
group_2653	core	42	sin_COG	0	43
group_2652	core	42	D	43	43
ykvN	core	42	sin_COG	0	43
appC	core	42	C	43	43
group_2641	core	42	sin_COG	0	43
group_2639	core	42	sin_COG	0	43
group_2636	core	42	sin_COG	0	43
dnaB	core	42	L	43	43
eutB	core	42	E	43	43
group_2634	core	42	sin_COG	0	43
group_2631	core	42	sin_COG	0	43
yhjE	core	42	sin_COG	0	43
group_2623	core	42	sin_COG	0	0
nagZ	core	42	sin_COG	0	43
group_2617	core	42	sin_COG	0	43
group_2616	core	42	sin_COG	0	43
trkG	core	42	P	43	43
rsgI	core	42	sin_COG	0	44
group_2609	core	42	sin_COG	0	43
group_2607	core	42	sin_COG	0	43
group_2598	core	42	sin_COG	0	43
dinG	core	42	L	42	44
group_2590	core	42	sin_COG	0	43
group_2580	core	42	K	39	43
argD	core	42	E	43	43
group_2579	core	42	sin_COG	0	43
group_2566	core	42	sin_COG	0	43
ackA	core	42	C	42	44
gINS	core	42	L	43	43
yojE	core	42	sin_COG	0	43
eccE	core	42	U	43	43
mazF	core	42	V	43	43
group_2554	core	42	sin_COG	0	43
group_2551	core	42	sin_COG	0	43
flgG	core	42	sin_COG	0	47
dps	core	42	B	43	43
group_2547	core	42	sin_COG	0	43
group_2546	core	42	sin_COG	0	43
group_2545	core	42	sin_COG	0	43
group_2537	core	42	sin_COG	0	43
group_2535	core	42	sin_COG	0	43
group_2532	core	42	E	43	43
group_2531	core	42	sin_COG	0	43
tauC	core	42	P	37	44
group_2530	core	42	P	35	43
mnhE	core	42	P	40	43
ysxB	core	42	S	43	43
iadA	core	42	sin_COG	0	44
celB	core	42	G	43	43
group_2513	core	42	sin_COG	0	43
moaA	core	42	H	42	44
group_2510	core	42	sin_COG	0	43
group_2508	core	42	sin_COG	0	43
group_2504	core	42	sin_COG	0	43
gdhA	core	42	E	43	43
recX	core	42	O	43	43
fumC	core	42	C	43	43
group_2498	core	42	K	41	43
yoaT	core	42	S	2	43
emrE	core	42	V	43	43
group_2487	core	42	sin_COG	0	43
group_2485	core	42	sin_COG	0	43
group_2484	core	42	sin_COG	0	43
group_2482	core	42	sin_COG	0	43
group_2481	core	42	sin_COG	0	43
mnmE	core	42	J	43	43
group_2475	core	42	P	43	43
mccF~~~ldcA	core	42	M	13	43
group_2468	core	42	sin_COG	0	43
group_2467	core	42	sin_COG	0	43
ylbF	core	42	T	43	43
rsbS	core	42	T	43	43
cyoC	core	42	C	43	43
pdxK	core	42	H	36	43
yodC	core	42	sin_COG	0	43
rbbA	core	42	J	38	43
tcyP	core	42	E	43	43
fluC	core	42	sin_COG	0	43
group_2442	core	42	sin_COG	0	43
group_2439	core	42	H	43	43
group_2438	core	42	E	43	43
group_2436	core	42	sin_COG	0	43
group_2431	core	42	sin_COG	0	43
group_2430	core	42	P	43	43
group_2429	core	42	sin_COG	0	43
group_2428	core	42	E	1	43
group_2424	core	42	sin_COG	0	43
group_2421	core	42	sin_COG	0	43
cbiO	core	42	sin_COG	0	43
rsfS	core	42	J	43	43
amtB	core	42	P	43	43
rplT	core	42	J	43	43
group_2404	core	42	sin_COG	0	43
rsbU	core	42	K	43	43
yebE	core	42	S	43	43
group_2391	core	42	sin_COG	0	43
atpD	core	42	C	42	43
sufB	core	42	O	43	43
group_2384	core	42	E	43	43
bdbD	core	42	sin_COG	0	43
htpX	core	42	sin_COG	0	43
group_2366	core	42	sin_COG	0	43
group_2365	core	42	G	36	43
group_2361	core	42	sin_COG	0	43
group_2358	core	42	P	43	43
group_2356	core	42	sin_COG	0	43
group_2351	core	42	sin_COG	0	43
yneQ	core	42	sin_COG	0	43
bshC	core	42	sin_COG	0	43
group_2345	core	42	sin_COG	0	43
ssb	core	42	L	41	43
group_2343	core	42	sin_COG	0	43
yhfP	core	42	C	35	43
group_2340	core	42	sin_COG	0	44
group_2339	core	42	E	43	43
group_2337	core	42	G	43	43
spoIVFA	core	42	D	18	43
group_2331	core	42	H	43	43
group_2330	core	42	sin_COG	0	43
group_2329	core	42	sin_COG	0	52
pheA	core	42	E	43	43
menF	core	42	H	18	43
group_2317	core	42	O	43	43
leuC	core	42	E	43	43
group_2313	core	42	sin_COG	0	43
hslU	core	42	O	43	43
group_2310	core	42	sin_COG	0	43
group_2308	core	42	sin_COG	0	43
ctaG	core	42	C	6	43
group_2293	core	42	sin_COG	0	47
hmpA	core	42	sin_COG	0	43
group_2292	core	42	K	38	43
gndA	core	42	G	43	43
group_2291	core	42	sin_COG	0	43
hisC	core	42	sin_COG	0	43
group_2290	core	42	sin_COG	0	43
group_2289	core	42	sin_COG	0	43
lpdA	core	42	C	43	43
group_2287	core	42	D	43	43
group_2286	core	42	sin_COG	0	43
group_2284	core	42	sin_COG	0	44
znuA	core	42	sin_COG	0	43
group_2278	core	42	sin_COG	0	43
spoIIAA	core	42	D	43	43
group_2270	core	42	D	43	43
group_2262	core	42	sin_COG	0	44
group_2261	core	42	S	4	43
purF	core	42	F	43	43
group_2259	core	42	sin_COG	0	43
group_2250	core	42	sin_COG	0	43
group_2248	core	42	sin_COG	0	43
group_2241	core	42	sin_COG	0	43
group_2232	core	42	I	43	43
aroP	core	42	sin_COG	0	43
group_2226	core	42	sin_COG	0	43
group_2225	core	42	I	43	43
ytfJ	core	42	sin_COG	0	43
group_2224	core	42	sin_COG	0	45
spoIIIAH	core	42	D	43	43
yhgE	core	42	S	42	43
group_2220	core	42	sin_COG	0	43
group_2219	core	42	sin_COG	0	43
argE	core	42	E	41	43
spoIVFB	core	42	O	7	43
ylmH	core	42	J	41	43
group_2214	core	42	sin_COG	0	43
ydfS~~~yetF	core	42	sin_COG	0	45
group_2205	core	42	sin_COG	0	46
yfjO~~~rlmD	core	42	J	42	44
resB	core	42	C	43	43
group_2200	core	42	sin_COG	0	43
yejR	core	42	R	39	43
group_2197	core	42	sin_COG	0	43
group_2192	core	42	sin_COG	0	43
group_2191	core	42	sin_COG	0	43
msrA~~~msrB	core	42	O	3	45
group_2188	core	42	sin_COG	0	43
group_2186	core	42	sin_COG	0	43
group_2182	core	42	sin_COG	0	44
uppP	core	42	I	43	43
lrgA	core	42	sin_COG	0	43
group_2175	core	42	sin_COG	0	43
flgM	core	42	sin_COG	0	43
spoIIIAA	core	42	D	43	43
group_2170	core	42	sin_COG	0	43
group_2168	core	42	sin_COG	0	43
gatB	core	42	J	2	43
group_2167	core	42	sin_COG	0	43
addB	core	42	L	43	43
group_2165	core	42	sin_COG	0	43
group_2163	core	42	sin_COG	0	43
group_2162	core	42	sin_COG	0	43
group_2160	core	42	sin_COG	0	43
group_2157	core	42	sin_COG	0	43
aspA	core	42	E	43	43
ydcZ	core	42	S	43	43
group_2149	core	42	sin_COG	0	43
group_2145	core	42	G	39	43
group_2143	core	42	sin_COG	0	43
group_2142	core	42	sin_COG	0	43
lutB	core	42	C	43	43
group_2141	core	42	sin_COG	0	43
group_2136	core	42	sin_COG	0	43
group_2135	core	42	I	43	43
tesA	core	42	D	41	43
group_2127	core	42	sin_COG	0	43
group_2122	core	42	K	43	43
group_2121	core	42	sin_COG	0	43
msrA	core	42	O	43	43
aRO8~~~gntR	core	42	E	41	44
comP	core	42	T	43	43
group_2117	core	42	sin_COG	0	43
group_2116	core	42	sin_COG	0	43
group_2115	core	42	sin_COG	0	44
yjmD	core	42	E	34	43
yjbK	core	42	sin_COG	0	43
group_2101	core	42	sin_COG	0	43
group_2100	core	42	sin_COG	0	43
group_2099	core	42	sin_COG	0	43
group_2098	core	42	sin_COG	0	43
wecB	core	42	M	43	43
ykuT	core	42	sin_COG	0	43
group_2085	core	42	sin_COG	0	43
group_2082	core	42	I	43	43
glnH	core	42	E	42	43
group_2078	core	42	sin_COG	0	10
group_2077	core	42	sin_COG	0	43
group_2066	core	42	sin_COG	0	43
group_2063	core	42	sin_COG	0	43
group_2061	core	42	sin_COG	0	43
group_2060	core	42	sin_COG	0	43
group_2059	core	42	sin_COG	0	43
cobK	core	42	sin_COG	0	43
group_2051	core	42	sin_COG	0	43
group_2045	core	42	sin_COG	0	43
group_2043	core	42	sin_COG	0	43
group_2037	core	42	sin_COG	0	43
group_2036	core	42	sin_COG	0	43
group_2031	core	42	sin_COG	0	43
group_2030	core	42	sin_COG	0	43
group_2027	core	42	sin_COG	0	43
nlpA	core	42	P	43	43
group_2024	core	42	sin_COG	0	43
group_2021	core	42	sin_COG	0	43
group_2020	core	42	sin_COG	0	43
dck	core	42	F	7	43
group_2014	core	42	sin_COG	0	43
cccA	core	42	C	43	43
pcrA	core	42	L	43	43
group_2012	core	42	sin_COG	0	43
cccB	core	42	sin_COG	0	43
group_2003	core	42	sin_COG	0	43
ablA	core	42	E	43	43
group_1998	core	42	sin_COG	0	43
group_1990	core	42	sin_COG	0	43
group_1989	core	42	E	43	43
pGRP	core	42	M	43	43
group_1987	core	42	sin_COG	0	43
group_1986	core	42	sin_COG	0	43
group_1984	core	42	sin_COG	0	43
group_1979	core	42	sin_COG	0	43
group_1978	core	42	R	5	43
group_1975	core	42	T	43	44
ccsB	core	42	O	43	43
group_1974	core	42	P	43	43
ygaE	core	42	S	43	43
group_1973	core	42	sin_COG	0	43
rpoE	core	42	K	43	43
group_1971	core	42	sin_COG	0	43
group_1968	core	42	sin_COG	0	43
group_1967	core	42	sin_COG	0	43
group_1966	core	42	sin_COG	0	43
group_1964	core	42	sin_COG	0	43
phnF	core	42	K	42	44
group_1962	core	42	sin_COG	0	43
group_1961	core	42	sin_COG	0	43
katA	core	42	P	43	43
spo0F	core	42	D	43	43
ycfH	core	42	sin_COG	0	43
group_1960	core	42	sin_COG	0	43
group_1959	core	42	sin_COG	0	43
spoIIIAD	core	42	D	43	43
yetF	core	42	sin_COG	0	44
cdaS	core	42	sin_COG	0	43
group_1951	core	42	sin_COG	0	43
group_1949	core	42	sin_COG	0	43
gerQ	core	42	D	14	43
group_1940	core	42	E	43	43
group_1939	core	42	I	43	43
group_1937	core	42	I	43	43
hisIE	core	42	E	37	43
yadH	core	42	V	7	43
bceB	core	42	sin_COG	0	43
group_1927	core	42	sin_COG	0	43
alsT	core	42	E	43	43
gatA	core	42	J	40	43
nCS2	core	42	F	43	43
group_1918	core	42	sin_COG	0	43
group_1910	core	42	I	35	43
group_1909	core	42	sin_COG	0	43
group_1900	core	42	R	43	43
group_1896	core	42	sin_COG	0	43
group_1894	core	42	sin_COG	0	20
group_1888	core	42	sin_COG	0	43
group_1887	core	42	sin_COG	0	43
tauA	core	42	P	43	43
group_1879	core	42	sin_COG	0	43
ytkD	core	42	sin_COG	0	43
guaB	core	42	T	43	43
racA	core	42	sin_COG	0	43
group_1871	core	42	sin_COG	0	43
yycI	core	42	sin_COG	0	43
degQ	core	42	O	31	43
group_1864	core	42	sin_COG	0	43
comG	core	42	sin_COG	0	43
thiW	core	42	H	43	43
thiM	core	42	sin_COG	0	43
cphA	core	42	sin_COG	0	43
group_1836	core	42	sin_COG	0	43
menH	core	42	sin_COG	0	43
group_1829	core	42	R	43	43
tcyB	core	42	E	43	43
group_1824	core	42	E	43	43
group_1823	core	42	sin_COG	0	43
hemC	core	42	H	43	43
dgkA	core	42	I	43	43
group_1810	core	42	sin_COG	0	82
group_1808	core	42	sin_COG	0	44
group_1807	core	42	sin_COG	0	44
cysW	core	42	P	43	43
group_1805	core	42	sin_COG	0	43
bioF	core	42	H	43	43
group_1802	core	42	sin_COG	0	43
group_1800	core	42	sin_COG	0	43
ligD	core	42	sin_COG	0	43
degV	core	42	I	43	43
panD	core	42	H	43	43
group_1798	core	42	sin_COG	0	43
murE	core	42	M	41	43
crcB	core	42	sin_COG	0	43
spoIVA	core	42	D	43	43
group_1771	core	42	sin_COG	0	43
group_1767	core	42	E	43	43
yugP	core	42	O	43	43
group_1764	core	42	sin_COG	0	43
cotJC	core	42	P	43	43
group_1755	core	42	sin_COG	0	43
group_1753	core	42	sin_COG	0	43
pstB	core	42	P	25	43
group_1744	core	42	sin_COG	0	43
group_1743	core	42	sin_COG	0	43
pknB	core	42	sin_COG	0	43
group_1741	core	42	E	43	43
group_1740	core	42	sin_COG	0	43
group_1736	core	42	I	43	43
group_1735	core	42	K	43	43
group_1734	core	42	sin_COG	0	46
group_1733	core	42	sin_COG	0	43
pdxT	core	42	sin_COG	0	43
gabR	core	42	sin_COG	0	43
ytrA	core	42	K	43	43
cwlO	core	42	S	34	43
group_1720	core	42	sin_COG	0	43
hisJ	core	42	E	43	43
group_1714	core	42	sin_COG	0	43
mlaC	core	42	M	43	43
group_1713	core	42	sin_COG	0	44
group_1711	core	42	sin_COG	0	42
group_1708	core	42	sin_COG	0	43
group_1707	core	42	sin_COG	0	43
group_1705	core	42	sin_COG	0	44
group_1702	core	42	sin_COG	0	43
group_1701	core	42	C	43	43
group_1697	core	42	sin_COG	0	43
group_1695	core	42	sin_COG	0	43
group_1690	core	42	sin_COG	0	42
group_1689	core	42	sin_COG	0	43
group_1688	core	42	sin_COG	0	43
group_1687	core	42	sin_COG	0	43
group_1684	core	42	sin_COG	0	43
padR	core	42	K	43	43
group_1681	core	42	sin_COG	0	43
group_1679	core	42	sin_COG	0	43
group_1678	core	42	sin_COG	0	43
group_1676	core	42	sin_COG	0	43
dppD	core	42	E	43	43
tctC	core	42	C	43	44
group_1674	core	42	I	43	43
group_1669	core	42	sin_COG	0	43
group_1668	core	42	sin_COG	0	43
group_1665	core	42	sin_COG	0	43
ytrI	core	42	sin_COG	0	43
glpK	core	42	C	43	43
ytxH	core	42	sin_COG	0	43
coxB	core	42	C	43	43
group_1652	core	42	sin_COG	0	43
group_1648	core	42	sin_COG	0	43
group_1647	core	42	E	26	43
group_1646	core	42	G	43	43
yqfO	core	42	S	29	43
nhaC	core	42	C	43	43
group_1639	core	42	K	22	43
group_1638	core	42	sin_COG	0	43
rocE~~~rocC	core	42	sin_COG	0	44
group_1636	core	42	sin_COG	0	43
group_1635	core	42	sin_COG	0	43
ptsH	core	42	G	43	43
zwf	core	42	G	43	43
pncB	core	42	H	43	43
zapA	core	42	D	43	43
yktA	core	42	S	42	43
group_1617	core	42	E	43	43
group_1615	core	42	sin_COG	0	43
group_1614	core	42	E	43	43
group_1612	core	42	L	43	43
group_1610	core	42	E	38	44
ycf37	core	42	C	43	43
group_1607	core	42	E	43	43
group_1606	core	42	sin_COG	0	31
pspE	core	42	P	43	43
pepB	core	42	E	43	43
group_1594	core	42	sin_COG	0	43
caiD	core	42	I	37	43
mutY	core	42	L	43	43
group_1588	core	42	S	43	43
yxlF	core	42	sin_COG	0	43
group_1586	core	42	C	43	43
group_1582	core	42	sin_COG	0	43
group_1575	core	42	sin_COG	0	43
atpA	core	42	C	43	43
group_1567	core	42	sin_COG	0	43
erfK	core	42	M	43	43
group_1560	core	42	sin_COG	0	43
group_1557	core	42	sin_COG	0	43
group_1544	core	42	sin_COG	0	43
nadK	core	42	H	43	43
group_1540	core	42	I	43	43
flhO	core	42	sin_COG	0	53
alr	core	42	sin_COG	0	43
group_1537	core	42	sin_COG	0	43
cheY	core	42	T	43	43
group_1535	core	42	P	43	43
group_1534	core	42	R	43	43
group_1533	core	42	sin_COG	0	43
fadH	core	42	C	42	44
group_1532	core	42	sin_COG	0	43
group_1527	core	42	sin_COG	0	43
group_1525	core	42	sin_COG	0	43
moaD	core	42	H	40	43
mreC	core	42	D	43	43
group_1523	core	42	sin_COG	0	43
pabB	core	42	sin_COG	0	44
rlmK	core	42	J	17	43
rfe	core	42	M	37	43
cobQ	core	42	H	43	43
group_1517	core	42	sin_COG	0	43
ykoS	core	42	sin_COG	0	43
group_1513	core	42	sin_COG	0	43
spoVAE	core	42	D	43	43
ybjN	core	42	sin_COG	0	43
mgtE	core	42	P	37	43
group_1509	core	42	I	43	43
group_1505	core	42	sin_COG	0	45
group_1504	core	42	E	43	43
sdaAB	core	42	sin_COG	0	43
hmoB	core	42	H	19	43
group_1494	core	42	sin_COG	0	43
ylqD	core	42	sin_COG	0	43
comGA	core	42	sin_COG	0	44
comGC~~~comGB	core	42	sin_COG	0	43
ypzI	core	42	sin_COG	0	43
group_1488	core	42	sin_COG	0	43
group_1487	core	42	P	43	43
group_1486	core	42	sin_COG	0	43
fepD	core	42	P	43	43
spoIIR	core	42	sin_COG	0	43
group_1483	core	42	R	40	43
mntP	core	42	P	43	43
group_1482	core	42	sin_COG	0	43
group_1475	core	42	D	43	43
group_1471	core	42	sin_COG	0	43
zraR	core	42	sin_COG	0	43
group_1469	core	42	sin_COG	0	44
prmC	core	42	sin_COG	0	43
group_1466	core	42	sin_COG	0	43
group_1465	core	42	S	43	43
mmdA	core	42	I	43	43
group_1460	core	42	sin_COG	0	43
group_1458	core	42	sin_COG	0	43
ytxJ	core	42	sin_COG	0	43
uxuB	core	42	I	30	43
group_1453	core	42	sin_COG	0	43
group_1448	core	42	sin_COG	0	43
gpmI	core	42	G	6	43
purH	core	42	F	43	43
group_1435	core	42	E	43	43
group_1432	core	42	sin_COG	0	43
group_1427	core	42	sin_COG	0	43
group_1425	core	42	C	43	43
group_1413	core	42	I	43	43
miaB	core	42	J	43	43
group_1404	core	42	sin_COG	0	43
hinT	core	42	F	43	43
group_1397	core	42	sin_COG	0	43
nadC	core	42	sin_COG	0	43
group_1394	core	42	I	43	43
group_1390	core	42	R	43	43
aroH	core	42	E	38	43
group_1388	core	42	sin_COG	0	43
group_1384	core	42	sin_COG	0	43
nifS	core	42	E	43	43
group_1382	core	42	sin_COG	0	43
group_1380	core	42	sin_COG	0	43
desA	core	42	I	43	43
group_1376	core	42	R	43	43
group_1375	core	42	sin_COG	0	43
group_1372	core	42	sin_COG	0	43
thiS	core	42	sin_COG	0	43
nadB	core	42	sin_COG	0	43
yfkD	core	42	D	43	43
group_1362	core	42	sin_COG	0	42
group_1361	core	42	sin_COG	0	45
guaA	core	42	F	1	43
group_1350	core	42	sin_COG	0	43
group_1347	core	42	I	43	43
bshB1	core	42	sin_COG	0	43
group_1346	core	42	sin_COG	0	43
group_1344	core	42	sin_COG	0	43
tetR~~~kstR2	core	42	sin_COG	0	43
csbD	core	42	sin_COG	0	43
cdaR	core	42	sin_COG	0	43
corA	core	42	sin_COG	0	43
group_1335	core	42	sin_COG	0	44
rny	core	42	J	43	43
yigZ	core	42	sin_COG	0	44
yajC	core	42	U	43	43
opuBB	core	42	E	43	43
spoIIGA	core	42	D	43	43
cax	core	42	P	43	43
group_1316	core	42	sin_COG	0	43
aroB	core	42	sin_COG	0	43
xpaC	core	42	Q	19	43
tcyC	core	42	sin_COG	0	43
ompR	core	42	K	43	43
ttdA	core	42	C	43	43
group_1310	core	42	sin_COG	0	43
group_1303	core	42	sin_COG	0	43
group_1301	core	42	sin_COG	0	43
mcbR	core	42	sin_COG	0	43
group_1298	core	42	sin_COG	0	43
yusO	core	42	sin_COG	0	43
nrnA	core	42	sin_COG	0	43
livH	core	42	E	42	43
paaY	core	42	R	37	43
group_1287	core	42	sin_COG	0	42
group_1284	core	42	sin_COG	0	44
group_1283	core	42	sin_COG	0	43
fepB	core	42	P	12	43
group_1278	core	42	sin_COG	0	43
prfC	core	42	J	43	43
gpr	core	42	D	43	43
acnR	core	42	sin_COG	0	43
katE	core	42	P	43	43
group_1270	core	42	sin_COG	0	43
group_1264	core	42	sin_COG	0	43
proW	core	42	E	43	43
group_1263	core	42	K	43	43
aRA1	core	42	Q	43	43
proB	core	42	E	43	43
group_1258	core	42	sin_COG	0	43
group_1252	core	42	K	43	43
ftsI	core	42	D	37	43
mbcS	core	42	I	40	42
ylmC	core	42	R	43	43
group_1239	core	42	sin_COG	0	43
group_1238	core	42	sin_COG	0	43
pckA	core	42	C	43	43
group_1232	core	42	sin_COG	0	43
ybjG	core	42	sin_COG	0	43
group_1229	core	42	sin_COG	0	43
aspB	core	42	E	34	43
fadR	core	42	K	40	43
group_1224	core	42	sin_COG	0	43
thpR	core	42	sin_COG	0	44
group_1221	core	42	sin_COG	0	43
purR~~~kdgR~~~lacI	core	42	K	2	43
adaA	core	42	sin_COG	0	43
group_1220	core	42	sin_COG	0	43
yflT	core	42	sin_COG	0	43
aceB	core	42	C	43	43
group_1203	core	42	sin_COG	0	44
group_1199	core	42	sin_COG	0	43
mobB	core	42	sin_COG	0	43
group_1196	core	42	sin_COG	0	43
ydjP	core	42	sin_COG	0	43
group_1184	core	42	sin_COG	0	42
acrR	core	42	K	43	43
group_1177	core	42	E	43	43
ypdA	core	42	sin_COG	0	43
mecA	core	42	K	42	43
group_1172	core	42	T	43	43
group_1169	core	42	sin_COG	0	43
hydA	core	42	F	43	43
gltD	core	42	E	43	43
pyrB	core	42	F	39	43
spoVID	core	42	sin_COG	0	43
group_1163	core	42	sin_COG	0	43
group_1161	core	42	sin_COG	0	43
group_1159	core	42	sin_COG	0	43
dapF	core	42	sin_COG	0	43
cynT	core	42	P	38	43
hcaF	core	42	Q	42	43
group_1149	core	42	sin_COG	0	43
group_1148	core	42	sin_COG	0	43
group_1144	core	42	sin_COG	0	43
gpsA	core	42	C	43	43
group_1143	core	42	sin_COG	0	43
group_1138	core	42	sin_COG	0	43
group_1136	core	42	sin_COG	0	43
group_1135	core	42	T	43	43
group_1133	core	42	V	43	43
rpoN	core	42	sin_COG	0	43
group_1117	core	42	sin_COG	0	38
tagD	core	42	M	43	43
group_1114	core	42	sin_COG	0	43
group_1112	core	42	sin_COG	0	43
yuzL	core	42	sin_COG	0	43
group_1104	core	42	sin_COG	0	43
group_1101	core	42	I	43	43
group_1093	core	42	sin_COG	0	43
group_1092	core	42	G	42	43
chbG	core	42	sin_COG	0	43
nfnB	core	42	C	5	44
liaF	core	42	sin_COG	0	43
celC	core	42	G	40	43
pccA	core	42	I	43	43
group_1080	core	42	sin_COG	0	45
ybbR	core	42	sin_COG	0	43
group_1076	core	42	G	43	45
group_1075	core	42	sin_COG	0	43
group_1074	core	42	sin_COG	0	43
ytvI	core	42	sin_COG	0	43
sleB	core	42	D	40	43
ykoI	core	42	O	43	43
group_1068	core	42	sin_COG	0	43
group_1066	core	42	P	43	43
group_1065	core	42	sin_COG	0	43
group_1053	core	42	sin_COG	0	43
group_1051	core	42	sin_COG	0	43
atoD	core	42	I	41	43
group_1050	core	42	sin_COG	0	43
yheD	core	42	sin_COG	0	43
mmuM	core	42	sin_COG	0	43
ablB	core	42	sin_COG	0	43
ftsW	core	42	D	35	43
rbsB	core	42	G	43	43
arsC	core	42	P	43	43
bioD	core	42	sin_COG	0	43
kinE	core	42	D	43	43
jag	core	42	R	43	43
group_1032	core	42	sin_COG	0	43
atpC	core	42	C	43	43
sET	core	42	R	43	43
group_1026	core	42	E	43	43
rsbW	core	42	T	43	43
yecE	core	42	R	42	43
cysA	core	42	P	43	43
group_1016	core	42	sin_COG	0	43
yokU	core	42	sin_COG	0	43
hmoA	core	42	sin_COG	0	43
menD	core	42	sin_COG	0	43
leuD	core	42	E	43	43
dat	core	42	sin_COG	0	43
fabH	core	42	I	43	43
group_1001	core	42	sin_COG	0	43
group_1000	core	42	C	43	43
group_999	core	42	sin_COG	0	42
group_992	core	42	sin_COG	0	43
purM	core	42	F	43	43
group_989	core	42	sin_COG	0	43
group_984	core	42	sin_COG	0	43
group_983	core	42	J	35	43
kynA	core	42	E	43	43
ahpF	core	42	V	43	43
group_980	core	42	sin_COG	0	43
group_976	core	42	E	43	43
amyA	core	42	G	37	43
yozQ	core	42	sin_COG	0	43
group_970	core	42	sin_COG	0	43
group_969	core	42	sin_COG	0	43
glnS	core	42	J	43	43
yxaF	core	42	sin_COG	0	43
group_965	core	42	sin_COG	0	43
group_964	core	42	C	43	43
group_963	core	42	sin_COG	0	43
araD	core	42	E	43	43
speB	core	42	E	43	43
group_949	core	42	sin_COG	0	43
group_946	core	42	sin_COG	0	43
group_944	core	42	sin_COG	0	45
group_941	core	42	J	43	43
aarF	core	42	H	43	43
group_940	core	42	sin_COG	0	43
group_939	core	42	sin_COG	0	43
ydaF	core	42	sin_COG	0	43
group_934	core	42	E	40	43
garD	core	42	sin_COG	0	43
group_921	core	42	sin_COG	0	43
group_920	core	42	sin_COG	0	42
group_915	core	42	sin_COG	0	43
group_912	core	42	sin_COG	0	43
cbiB	core	42	sin_COG	0	43
yphF	core	42	sin_COG	0	43
mnhC	core	42	P	42	43
rbsD	core	42	G	41	43
group_901	core	42	E	43	43
group_895	core	42	sin_COG	0	43
group_894	core	42	sin_COG	0	43
group_891	core	42	C	14	43
group_890	core	42	K	43	43
dnaX	core	42	L	43	43
ezrA	core	42	D	41	43
group_879	core	42	sin_COG	0	43
aIM24	core	42	C	42	43
group_876	core	42	sin_COG	0	43
group_874	core	42	sin_COG	0	43
menE	core	42	I	43	43
group_872	core	42	sin_COG	0	43
spoVAEA	core	42	D	43	43
lonB	core	42	O	43	43
nadE	core	42	H	43	43
xth~~~xthA	core	42	L	38	44
ilvB	core	42	E	43	43
group_849	core	42	sin_COG	0	43
glgA	core	42	sin_COG	0	43
atpH	core	42	C	20	43
atpG	core	42	C	43	43
yhcN	core	42	sin_COG	0	43
polX	core	42	L	43	43
rqcH	core	42	J	43	43
ptsA	core	42	G	43	43
group_843	core	42	sin_COG	0	43
group_841	core	42	sin_COG	0	43
yjfL	core	42	S	43	43
hutP	core	42	sin_COG	0	43
lysP	core	42	E	43	43
group_833	core	42	sin_COG	0	43
group_824	core	42	sin_COG	0	52
group_821	core	42	sin_COG	0	43
citA	core	42	T	43	43
tctB	core	42	sin_COG	0	43
perM	core	42	R	43	43
group_812	core	42	sin_COG	0	43
purD	core	42	F	43	43
purN	core	42	sin_COG	0	43
hflB	core	42	O	43	43
leuB	core	42	C	43	43
shc	core	42	sin_COG	0	43
yjcH	core	42	S	11	43
putP	core	42	E	43	43
putA	core	42	E	43	43
group_804	core	42	sin_COG	0	43
tdh	core	42	sin_COG	0	43
group_798	core	42	sin_COG	0	43
group_796	core	42	sin_COG	0	43
group_794	core	42	sin_COG	0	43
group_783	core	42	sin_COG	0	43
group_780	core	42	sin_COG	0	43
ytzI	core	42	sin_COG	0	43
group_776	core	42	V	43	43
group_771	core	42	sin_COG	0	45
capE	core	42	sin_COG	0	43
group_766	core	42	sin_COG	0	45
group_762	core	42	sin_COG	0	43
group_761	core	42	V	37	43
citT	core	42	K	43	43
rsuA	core	42	J	43	43
bglB	core	42	G	42	43
citB	core	42	K	43	43
group_749	core	42	sin_COG	0	43
fabG	core	42	I	43	43
group_747	core	42	sin_COG	0	43
group_746	core	42	sin_COG	0	43
hepA	core	42	K	43	43
porG	core	42	C	43	43
group_730	core	42	sin_COG	0	43
group_729	core	42	sin_COG	0	43
group_728	core	42	sin_COG	0	43
ahpC	core	42	V	43	43
group_722	core	42	sin_COG	0	43
purR	core	42	K	43	43
uvsE	core	42	sin_COG	0	43
group_715	core	42	Q	13	43
group_712	core	42	sin_COG	0	43
group_710	core	42	sin_COG	0	43
aspS	core	42	J	43	43
group_703	core	42	sin_COG	0	43
uvrC	core	42	L	43	43
argH	core	42	E	43	43
group_699	core	42	sin_COG	0	43
potA	core	42	sin_COG	0	43
tadA	core	42	sin_COG	0	43
group_693	core	42	I	40	43
sdhA	core	42	C	43	43
thiC	core	42	H	43	43
cwlK	core	42	sin_COG	0	43
group_684	core	42	I	25	43
def	core	42	J	43	43
yerB	core	42	sin_COG	0	43
group_680	core	42	sin_COG	0	43
yrrS	core	42	sin_COG	0	43
group_679	core	42	sin_COG	0	42
group_678	core	42	V	43	43
group_674	core	42	sin_COG	0	43
pqqD	core	42	sin_COG	0	43
group_670	core	42	sin_COG	0	43
yigB	core	42	H	40	43
group_669	core	42	sin_COG	0	42
group_668	core	42	J	43	43
yloU	core	42	S	43	43
group_667	core	42	O	1	43
group_666	core	42	sin_COG	0	43
cysI	core	42	sin_COG	0	43
coiA	core	42	sin_COG	0	44
group_663	core	42	O	43	43
grpE	core	42	O	40	43
yycH	core	42	sin_COG	0	43
dnaJ	core	42	O	42	43
group_657	core	42	sin_COG	0	43
nuoM	core	42	C	11	43
pfkB	core	42	sin_COG	0	43
psbJ~~~ytzI	core	42	sin_COG	0	43
group_648	core	42	sin_COG	0	43
nagA	core	42	G	43	43
lolD~~~bceA	core	42	M	43	43
yxeA	core	42	sin_COG	0	43
group_646	core	42	sin_COG	0	17
group_645	core	42	sin_COG	0	43
group_636	core	42	sin_COG	0	43
ceuA	core	42	P	40	43
group_633	core	42	sin_COG	0	43
group_632	core	42	sin_COG	0	43
glmS	core	42	M	43	43
group_628	core	42	sin_COG	0	43
dnaG	core	42	L	43	43
cspD	core	42	K	16	43
group_620	core	42	sin_COG	0	43
lytC	core	42	sin_COG	0	43
group_618	core	42	sin_COG	0	43
rpmE	core	42	J	43	43
srmB	core	42	L	43	43
ybdD	core	42	S	43	43
mdlB	core	42	V	43	43
puuP	core	42	sin_COG	0	43
group_603	core	42	sin_COG	0	43
pepF	core	42	E	43	43
group_601	core	42	T	43	43
hflX	core	42	J	41	45
lysM	core	42	sin_COG	0	43
cls	core	42	sin_COG	0	43
ybeY	core	42	J	43	43
ftsL	core	42	sin_COG	0	43
pstS	core	42	P	41	43
group_592	core	42	O	43	43
group_591	core	42	sin_COG	0	43
rsbX	core	42	sin_COG	0	43
dtd	core	42	J	43	43
ligA	core	42	L	43	43
group_586	core	42	sin_COG	0	43
yprB	core	42	sin_COG	0	43
smpB	core	42	O	43	43
rsoA	core	42	sin_COG	0	43
secDF	core	42	U	43	43
group_577	core	42	sin_COG	0	43
walK	core	42	T	43	43
dnaK	core	42	O	41	43
lemA	core	42	M	43	43
mutL	core	42	L	43	43
group_569	core	42	sin_COG	0	43
group_566	core	42	sin_COG	0	43
group_565	core	42	C	13	44
group_564	core	42	sin_COG	0	43
yidC	core	42	M	43	43
cheR	core	42	T	43	43
mpfA	core	42	P	43	43
odhB	core	42	C	42	43
typA	core	42	T	43	43
group_558	core	42	E	43	43
group_554	core	42	sin_COG	0	43
essC	core	42	sin_COG	0	44
trkA	core	42	P	43	43
mpsC	core	42	C	43	43
group_546	core	42	sin_COG	0	43
group_545	core	42	sin_COG	0	43
metF	core	42	E	42	44
group_532	core	42	sin_COG	0	43
group_529	core	42	sin_COG	0	43
group_528	core	42	sin_COG	0	43
proS	core	42	J	43	43
copY	core	42	K	43	43
mnmG	core	42	J	43	43
group_515	core	42	sin_COG	0	43
nuoI	core	42	C	42	43
cymR	core	42	K	43	43
group_513	core	42	K	43	43
dxs	core	42	H	43	43
yheE	core	42	sin_COG	0	43
prkA	core	42	T	43	43
norD	core	42	P	43	43
group_489	core	42	G	43	43
zntA	core	42	P	43	43
thrS	core	42	J	43	43
gyrB	core	42	L	43	43
mnhB	core	42	P	43	43
glgB	core	42	G	7	43
gdpP	core	42	T	43	43
ruvX	core	42	J	43	43
mgsA	core	42	G	43	43
group_408	core	42	sin_COG	0	43
uvrB	core	42	L	43	43
parE	core	42	L	40	43
group_392	core	42	sin_COG	0	43
group_382	core	42	sin_COG	0	43
nhaP	core	42	P	43	43
group_360	core	42	H	8	43
fabZ	core	42	I	43	43
sufU	core	42	O	43	43
cdd	core	42	F	43	43
group_354	core	42	sin_COG	0	43
ymcA	core	42	T	43	43
recG	core	42	L	39	43
ynfE	core	42	sin_COG	0	43
group_342	core	42	sin_COG	0	43
rseP	core	42	K	43	43
glyS	core	42	J	12	43
mrcB	core	42	M	43	43
nagE	core	42	G	43	43
gltP	core	42	C	43	43
group_326	core	42	sin_COG	0	43
ybgC	core	42	sin_COG	0	43
mraZ	core	42	J	43	43
cstA	core	42	C	43	43
rocR	core	42	K	43	43
pnp	core	42	J	2	43
group_301	core	42	sin_COG	0	43
glpC	core	42	C	43	43
infB	core	42	J	43	43
cbiM	core	42	P	1	43
pgpH	core	42	T	43	43
icd	core	42	C	43	43
scpA	core	42	I	43	43
group_268	core	42	sin_COG	0	43
spoT	core	42	K	43	43
group_243	core	42	sin_COG	0	43
yprA	core	42	L	43	43
group_227	core	42	sin_COG	0	43
lon	core	42	O	43	43
ftsK	core	42	D	43	43
group_226	core	42	K	43	43
perR	core	42	P	43	43
rnr	core	42	K	43	43
fadM	core	42	I	1	43
recJ	core	42	L	43	43
kstR2	core	42	sin_COG	0	43
pgeF	core	42	sin_COG	0	44
recD	core	42	L	43	43
priA	core	42	L	43	43
ylxM	core	42	K	43	43
pheT	core	42	J	43	43
parC	core	42	L	43	43
group_189	core	42	sin_COG	0	43
ppiB	core	42	O	43	43
spoIIAB	core	42	T	43	43
cbpB	core	42	K	43	43
secA	core	42	U	43	43
yjiN	core	42	S	43	43
nrdA	core	42	F	43	43
cutC	core	42	sin_COG	0	43
clpB	core	42	O	43	43
polA	core	42	L	28	43
mutS	core	42	L	43	43
alaS	core	42	J	43	43
mgtA	core	42	P	43	43
group_139	core	42	C	43	43
yabR	core	42	R	43	43
yqeY	core	42	R	43	43
ileS	core	42	J	43	43
kynU	core	42	E	43	43
sucA	core	42	C	43	43
group_115	core	42	L	43	43
group_107	core	42	sin_COG	0	43
fdhF	core	42	sin_COG	0	43
acrB	core	42	V	43	43
comE	core	42	sin_COG	0	43
rpiB	core	42	G	43	43
ndk	core	42	F	43	43
group_77	core	42	sin_COG	0	43
carB	core	42	E	43	43
icmF	core	42	sin_COG	0	43
metH	core	42	E	43	43
thrE	core	42	sin_COG	0	43
group_53	core	42	sin_COG	0	43
smc	core	42	D	41	43
group_47	core	42	sin_COG	0	43
group_38	core	42	sin_COG	0	43
group_36	core	42	sin_COG	0	43
group_34	core	42	sin_COG	0	42
polC	core	42	L	43	43
gltB3	core	42	E	43	43
gltB	core	42	E	43	43
ansP	core	42	E	42	44
group_20	core	42	sin_COG	0	47
rplI	core	42	J	43	43
pheB	core	42	R	40	43
ahrC	core	42	K	43	43
group_10	core	42	sin_COG	0	43
group_12534	core	42	sin_COG	0	44
aroQ	core	41	E	24	42
rimI	core	42	J	42	42
tsaE	core	42	J	24	42
sbcD	core	42	L	41	43
group_12479	core	41	sin_COG	0	42
group_12449	core	41	sin_COG	0	42
group_12437	core	41	sin_COG	0	43
group_12413	core	42	sin_COG	0	42
ctsR	core	42	K	42	42
group_12393	core	42	G	41	43
group_12375	core	41	sin_COG	0	42
group_12368	core	42	sin_COG	0	42
group_12367	core	42	sin_COG	0	42
group_12347	core	42	sin_COG	0	42
rpsG	core	42	J	42	42
group_12299	core	42	sin_COG	0	42
group_12295	core	42	sin_COG	0	43
group_12292	core	41	sin_COG	0	42
group_12290	core	42	sin_COG	0	43
cysS	core	42	J	41	43
group_12277	core	42	K	42	42
group_12266	core	42	sin_COG	0	43
group_12242	core	41	sin_COG	0	2
ispF	core	42	I	42	42
group_12227	core	41	sin_COG	0	42
group_12201	core	42	sin_COG	0	42
group_12118	core	41	sin_COG	0	42
group_12114	core	42	K	43	43
group_12075	core	41	sin_COG	0	42
group_12065	core	42	sin_COG	0	42
spoIVCA	core	42	L	42	42
group_12049	core	41	F	42	42
yabQ	core	41	sin_COG	0	42
rpsE	core	42	J	42	42
tarS	core	41	sin_COG	0	43
group_11982	core	42	C	42	42
spoIIE	core	41	D	42	43
rae1	core	42	J	42	42
group_11904	core	42	sin_COG	0	42
manB	core	42	G	34	42
group_11848	core	42	P	42	42
group_11823	core	42	sin_COG	0	42
group_11803	core	41	sin_COG	0	15
group_11797	core	41	sin_COG	0	42
rplJ	core	42	J	42	42
group_11756	core	42	sin_COG	0	42
group_11729	core	41	sin_COG	0	42
rplY	core	41	J	42	42
nusG	core	42	K	42	42
group_11690	core	42	K	42	42
group_11682	core	41	D	42	42
group_11678	core	41	Q	42	42
deoA	core	41	F	41	43
group_11647	core	42	sin_COG	0	42
exoIX	core	41	L	42	42
rplE	core	42	J	42	42
rplW	core	42	J	42	42
yabA	core	41	L	42	42
group_11608	core	42	O	42	42
group_11603	core	42	sin_COG	0	42
spo0M	core	42	D	6	42
hpt	core	41	F	42	42
group_11533	core	41	R	42	42
group_11528	core	42	sin_COG	0	42
group_11520	core	41	J	42	42
yadS	core	42	P	42	42
paaB	core	42	Q	42	42
mcsA	core	42	O	42	42
group_11502	core	42	K	42	42
group_11491	core	42	sin_COG	0	42
group_11484	core	41	sin_COG	0	42
group_11476	core	41	E	41	42
group_11471	core	42	K	42	42
dasR	core	41	sin_COG	0	43
efp	core	41	J	42	42
aroK	core	42	E	42	42
group_11437	core	42	K	23	43
ccdC	core	42	sin_COG	0	42
gerD	core	42	sin_COG	0	42
pth	core	41	J	42	42
group_11387	core	42	sin_COG	0	42
group_11298	core	42	sin_COG	0	42
group_11262	core	42	J	42	42
group_11242	core	41	sin_COG	0	40
group_11159	core	41	sin_COG	0	41
mrnC	core	42	J	42	42
group_11150	core	42	sin_COG	0	42
group_11132	core	41	sin_COG	0	42
group_11112	core	42	sin_COG	0	39
apt	core	41	F	42	42
group_11052	core	42	K	42	42
rplQ	core	42	J	42	42
group_11016	core	41	G	42	42
moaC	core	42	H	42	42
cBS	core	41	T	42	42
ynzC	core	42	S	42	42
group_10916	core	41	R	42	42
ykaA	core	42	P	42	42
group_10895	core	41	sin_COG	0	42
group_10887	core	42	K	42	42
rplD	core	42	J	42	42
rplC	core	42	J	42	42
group_10804	core	41	K	42	42
csfB	core	41	D	15	26
lexA	core	42	sin_COG	0	42
group_10716	core	41	sin_COG	0	42
spoIIM	core	41	D	42	42
group_10708	core	42	sin_COG	0	42
group_10695	core	42	K	42	42
cysE	core	42	E	42	42
adk	core	42	F	42	42
rpsC	core	42	J	42	42
rex	core	42	K	42	42
rplA	core	42	J	42	42
group_10424	core	41	sin_COG	0	42
group_10308	core	42	K	42	42
cwlD	core	42	M	42	42
group_10108	core	42	sin_COG	0	42
yfbK	core	41	R	42	42
rlmB	core	42	J	42	42
trmN6	core	41	J	42	42
group_9869	core	41	sin_COG	0	22
group_9845	core	41	sin_COG	0	43
pdaB	core	42	G	42	42
group_9815	core	42	sin_COG	0	42
dagF	core	41	sin_COG	0	42
group_9814	core	42	sin_COG	0	42
allE	core	42	sin_COG	0	42
tatD	core	41	N	42	42
group_9588	core	41	I	42	42
group_9586	core	41	sin_COG	0	42
coaX	core	41	H	42	42
group_9450	core	41	sin_COG	0	43
group_9431	core	41	I	37	42
group_9376	core	41	sin_COG	0	42
sspF	core	41	D	42	42
group_9370	core	42	I	4	42
group_9286	core	42	E	42	42
xapA	core	41	F	42	42
group_9171	core	41	sin_COG	0	43
group_9159	core	41	sin_COG	0	42
group_9127	core	41	P	42	42
cheV	core	41	sin_COG	0	44
group_9105	core	42	sin_COG	0	42
group_9103	core	41	F	42	42
group_9071	core	41	sin_COG	0	42
group_9068	core	42	sin_COG	0	42
rplB	core	42	J	42	42
group_9038	core	42	sin_COG	0	42
yaaT	core	41	T	42	42
group_8959	core	42	P	42	42
sspH	core	42	D	42	42
group_8882	core	41	sin_COG	0	42
group_8812	core	42	sin_COG	0	42
rpmD	core	42	J	42	42
group_8807	core	42	U	42	42
group_8720	core	42	J	42	42
ecfA2	core	42	P	42	42
rpsS	core	42	J	42	42
ispE	core	41	I	42	42
group_8619	core	41	sin_COG	0	42
cvfB	core	42	R	42	42
yabG	core	41	D	42	42
rsmA	core	41	J	42	42
aroE	core	42	E	42	42
nadX	core	41	sin_COG	0	42
group_8463	core	42	K	42	42
group_8452	core	42	sin_COG	0	43
group_8434	core	41	L	42	42
rpmC	core	42	J	42	42
group_8332	core	41	sin_COG	0	42
fadB	core	42	I	2	42
cysK	core	41	E	42	42
group_8147	core	41	R	42	42
group_8139	core	42	sin_COG	0	42
group_8080	core	41	sin_COG	0	42
yneF	core	42	S	42	42
potB	core	42	E	42	42
group_8043	core	42	sin_COG	0	42
rpoA	core	42	K	42	42
infA	core	42	J	42	42
group_8000	core	41	sin_COG	0	42
prsA	core	41	F	42	42
spoVK	core	42	D	42	42
paaA	core	42	Q	42	42
group_7933	core	41	sin_COG	0	42
group_7830	core	41	sin_COG	0	42
yabK	core	41	D	42	42
pucL	core	42	sin_COG	0	42
group_7759	core	42	C	39	42
hfq	core	42	T	42	42
holB	core	41	L	42	42
group_7304	core	42	sin_COG	0	42
group_7208	core	41	sin_COG	0	42
group_7189	core	41	P	42	42
group_7171	core	42	sin_COG	0	42
group_7145	core	42	sin_COG	0	41
tsaD	core	42	J	42	42
group_6893	core	41	I	2	42
acoB	core	42	C	42	42
rpl7Ae	core	42	J	42	42
veg	core	41	S	42	42
group_6694	core	42	sin_COG	0	42
group_6651	core	41	sin_COG	0	43
group_6618	core	41	sin_COG	0	42
group_6615	core	41	sin_COG	0	42
yeaQ	core	42	R	42	42
group_6556	core	42	sin_COG	0	42
mrp	core	42	D	42	42
pepP	core	41	E	42	42
group_6390	core	42	sin_COG	0	44
disA	core	42	T	42	42
mcsB	core	42	O	42	42
ddlA	core	41	M	42	42
group_6226	core	42	sin_COG	0	42
rpsQ	core	42	J	42	42
group_6121	core	41	sin_COG	0	42
group_6075	core	42	sin_COG	0	44
group_6031	core	41	sin_COG	0	43
group_6026	core	42	sin_COG	0	42
group_6013	core	41	sin_COG	0	42
group_5995	core	42	sin_COG	0	42
mscL	core	42	sin_COG	0	42
dapA	core	42	sin_COG	0	42
yacL	core	42	R	42	42
group_5956	core	41	sin_COG	0	42
group_5955	core	42	sin_COG	0	42
group_5936	core	41	sin_COG	0	42
group_5931	core	41	sin_COG	0	42
group_5930	core	41	sin_COG	0	42
group_5921	core	42	sin_COG	0	42
group_5911	core	41	sin_COG	0	42
tetD	core	41	sin_COG	0	42
group_5906	core	42	sin_COG	0	42
group_5898	core	41	sin_COG	0	43
group_5889	core	42	sin_COG	0	42
potD	core	42	E	42	42
group_5874	core	42	sin_COG	0	43
group_5864	core	41	sin_COG	0	42
group_5862	core	42	sin_COG	0	42
group_5849	core	42	sin_COG	0	42
hslR	core	41	J	42	42
group_5820	core	42	sin_COG	0	42
group_5790	core	41	sin_COG	0	42
group_5783	core	42	sin_COG	0	42
group_5780	core	42	sin_COG	0	46
group_5779	core	42	sin_COG	0	42
group_5776	core	41	sin_COG	0	42
group_5766	core	42	sin_COG	0	42
ycaO	core	41	sin_COG	0	42
group_5749	core	42	sin_COG	0	42
ynfA~~~yfjF	core	42	sin_COG	0	42
group_5711	core	42	sin_COG	0	42
group_5710	core	41	sin_COG	0	42
group_5703	core	42	sin_COG	0	46
group_5689	core	41	sin_COG	0	42
group_5665	core	42	sin_COG	0	42
group_5657	core	41	sin_COG	0	46
group_5651	core	42	sin_COG	0	42
group_5642	core	41	sin_COG	0	43
gloC	core	42	sin_COG	0	42
group_5632	core	41	sin_COG	0	46
group_5577	core	42	sin_COG	0	42
group_5568	core	42	sin_COG	0	42
group_5566	core	41	sin_COG	0	42
group_5558	core	41	sin_COG	0	42
group_5556	core	42	sin_COG	0	42
tusA	core	42	sin_COG	0	42
group_5540	core	42	sin_COG	0	42
group_5539	core	42	sin_COG	0	42
group_5484	core	42	sin_COG	0	42
group_5483	core	42	sin_COG	0	42
group_5482	core	42	sin_COG	0	42
group_5477	core	41	sin_COG	0	42
group_5475	core	42	sin_COG	0	42
group_5473	core	41	sin_COG	0	42
group_5409	core	42	sin_COG	0	42
group_5400	core	42	sin_COG	0	42
group_5376	core	42	sin_COG	0	42
group_5368	core	42	sin_COG	0	42
group_5366	core	42	E	30	42
araR	core	42	sin_COG	0	42
group_5357	core	41	sin_COG	0	42
group_5352	core	41	sin_COG	0	42
hcnC	core	42	sin_COG	0	42
group_5324	core	42	sin_COG	0	42
kipR	core	42	sin_COG	0	43
group_5300	core	41	sin_COG	0	42
group_5295	core	42	sin_COG	0	43
ald	core	42	E	42	42
nasB	core	42	sin_COG	0	43
group_5286	core	42	P	42	42
group_5229	core	42	sin_COG	0	42
group_5228	core	42	sin_COG	0	43
group_5201	core	42	sin_COG	0	45
group_5177	core	41	F	10	43
group_5167	core	41	K	40	46
group_5162	core	42	sin_COG	0	47
map	core	41	J	42	42
paaK	core	42	H	42	42
group_5153	core	42	sin_COG	0	42
bla	core	42	sin_COG	0	42
bcrC	core	41	sin_COG	0	42
group_5138	core	41	sin_COG	0	48
group_5137	core	41	sin_COG	0	43
group_5126	core	41	sin_COG	0	42
group_5110	core	42	sin_COG	0	43
group_5105	core	42	sin_COG	0	42
group_5085	core	41	sin_COG	0	43
group_5084	core	42	sin_COG	0	42
group_5077	core	41	sin_COG	0	40
groES	core	42	O	42	42
spoVT	core	41	D	42	42
lasB	core	41	O	40	42
group_5051	core	42	sin_COG	0	42
group_5049	core	41	sin_COG	0	44
group_5043	core	42	sin_COG	0	42
group_5028	core	42	sin_COG	0	42
group_5022	core	42	sin_COG	0	42
group_5013	core	42	sin_COG	0	42
group_5010	core	42	sin_COG	0	42
group_5007	core	42	K	42	42
group_5003	core	42	sin_COG	0	42
yyaM	core	42	sin_COG	0	43
group_4995	core	41	sin_COG	0	41
group_4992	core	41	sin_COG	0	42
group_4991	core	41	sin_COG	0	42
group_4986	core	42	sin_COG	0	42
lysM~~~sleL	core	41	D	2	42
group_4955	core	41	sin_COG	0	42
yrzO	core	41	sin_COG	0	42
group_4952	core	42	sin_COG	0	43
group_4949	core	41	K	42	42
group_4933	core	42	sin_COG	0	42
cwlJ	core	41	D	39	41
yxdM	core	42	sin_COG	0	43
group_4849	core	42	sin_COG	0	42
group_4834	core	42	sin_COG	0	42
group_4827	core	41	sin_COG	0	42
ypzJ	core	41	R	42	42
group_4797	core	41	sin_COG	0	42
yhcU	core	42	sin_COG	0	42
yqgV	core	42	H	42	42
group_4755	core	41	sin_COG	0	42
group_4753	core	42	sin_COG	0	42
group_4749	core	42	sin_COG	0	43
group_4748	core	42	sin_COG	0	42
group_4746	core	41	M	10	42
group_4745	core	41	sin_COG	0	42
group_4742	core	41	sin_COG	0	42
yqiK	core	41	R	32	43
group_4732	core	41	sin_COG	0	42
yfmQ	core	41	sin_COG	0	42
group_4714	core	41	sin_COG	0	43
group_4700	core	42	sin_COG	0	42
group_4699	core	42	sin_COG	0	42
group_4694	core	41	sin_COG	0	43
group_4688	core	41	sin_COG	0	71
yvyF	core	41	sin_COG	0	40
group_4666	core	41	sin_COG	0	42
group_4659	core	41	sin_COG	0	42
group_4653	core	42	sin_COG	0	42
group_4628	core	42	sin_COG	0	42
group_4615	core	41	sin_COG	0	44
group_4614	core	41	sin_COG	0	42
xRE	core	41	K	36	42
group_4601	core	41	sin_COG	0	42
group_4597	core	41	sin_COG	0	65
group_4580	core	41	sin_COG	0	42
ykuD	core	41	sin_COG	0	42
spoVG	core	41	D	42	42
phzF~~~yddE	core	41	sin_COG	0	44
group_4534	core	41	sin_COG	0	42
group_4520	core	41	sin_COG	0	42
group_4511	core	41	sin_COG	0	42
nikE	core	42	sin_COG	0	42
group_4504	core	42	sin_COG	0	42
group_4493	core	41	sin_COG	0	42
group_4485	core	41	sin_COG	0	42
group_4472	core	41	sin_COG	0	42
araQ	core	41	sin_COG	0	42
group_4468	core	42	sin_COG	0	43
group_4465	core	42	sin_COG	0	42
group_4459	core	41	sin_COG	0	42
group_4452	core	42	sin_COG	0	42
group_4446	core	41	sin_COG	0	45
group_4445	core	41	sin_COG	0	42
folB	core	41	H	42	42
group_4427	core	41	sin_COG	0	42
nikB	core	41	E	42	42
group_4411	core	41	sin_COG	0	43
tpx	core	42	sin_COG	0	42
group_4405	core	41	G	3	42
tuf	core	42	J	42	42
group_4390	core	41	sin_COG	0	42
group_4384	core	41	sin_COG	0	42
group_4372	core	42	sin_COG	0	43
group_4367	core	42	sin_COG	0	42
group_4352	core	41	P	42	42
lrgB	core	41	M	39	43
group_4332	core	41	C	39	44
group_4322	core	42	sin_COG	0	42
group_4279	core	42	sin_COG	0	42
group_4278	core	41	sin_COG	0	43
group_4277	core	41	sin_COG	0	42
group_4274	core	41	sin_COG	0	42
group_4267	core	41	sin_COG	0	42
group_4244	core	41	sin_COG	0	43
nasC	core	42	sin_COG	0	42
ydiM	core	42	sin_COG	0	42
pxpB	core	42	sin_COG	0	42
mntH	core	42	P	42	42
group_4222	core	41	sin_COG	0	44
natB	core	42	C	42	42
yfmC	core	41	sin_COG	0	42
group_4191	core	41	sin_COG	0	42
serA	core	41	H	42	42
ethD	core	42	sin_COG	0	42
group_4170	core	41	sin_COG	0	42
group_4144	core	42	sin_COG	0	42
group_4137	core	42	sin_COG	0	42
group_4134	core	41	sin_COG	0	42
group_4131	core	41	sin_COG	0	45
group_4125	core	42	V	42	42
group_4124	core	42	E	42	42
group_4117	core	41	sin_COG	0	42
group_4114	core	42	sin_COG	0	53
group_4113	core	42	G	42	42
gntR~~~mocR	core	42	sin_COG	0	44
norG	core	41	sin_COG	0	42
azlD	core	41	sin_COG	0	42
deoB	core	41	G	42	42
group_4100	core	42	sin_COG	0	42
group_4092	core	41	sin_COG	0	42
group_4090	core	42	E	41	42
group_4089	core	42	E	42	43
araA	core	42	G	42	42
xylB	core	42	G	19	42
group_4079	core	42	sin_COG	0	43
rpsJ	core	42	J	42	42
yabP	core	41	D	42	42
psbP	core	41	sin_COG	0	42
group_4076	core	41	sin_COG	0	42
group_4075	core	42	sin_COG	0	42
group_4071	core	42	sin_COG	0	42
group_4067	core	41	sin_COG	0	42
group_4066	core	41	sin_COG	0	42
treR	core	42	sin_COG	0	42
selO	core	41	sin_COG	0	42
group_4054	core	41	sin_COG	0	44
hipB	core	41	K	42	42
steT	core	42	sin_COG	0	42
sugE	core	41	V	5	42
group_4016	core	42	I	42	42
group_4010	core	41	E	42	42
group_3993	core	42	sin_COG	0	42
group_3989	core	42	G	41	43
group_3975	core	42	sin_COG	0	42
group_3974	core	42	sin_COG	0	42
group_3970	core	42	sin_COG	0	43
gltB2	core	42	E	13	42
rplX	core	42	J	42	42
group_3955	core	42	E	42	43
csoR	core	42	sin_COG	0	42
group_3948	core	42	sin_COG	0	42
group_3942	core	41	sin_COG	0	44
hutU	core	42	E	39	42
group_3921	core	42	U	36	42
blaR1	core	42	T	42	42
yjcF	core	42	sin_COG	0	42
group_3900	core	42	I	42	42
group_3897	core	42	V	40	44
group_3870	core	41	sin_COG	0	42
tnrA~~~merR	core	42	sin_COG	0	42
trxA	core	42	sin_COG	0	42
ydhF	core	42	sin_COG	0	42
group_3850	core	42	sin_COG	0	42
helD	core	41	L	42	42
csoR~~~frmR	core	42	K	1	42
group_3772	core	41	sin_COG	0	42
group_3771	core	41	sin_COG	0	43
group_3756	core	42	C	39	47
pucG	core	42	E	40	43
group_3741	core	42	sin_COG	0	42
group_3734	core	42	sin_COG	0	44
group_3732	core	41	sin_COG	0	42
group_3712	core	42	sin_COG	0	42
group_3709	core	42	sin_COG	0	42
group_3707	core	42	sin_COG	0	42
group_3634	core	41	sin_COG	0	42
group_3633	core	41	sin_COG	0	42
group_3630	core	41	sin_COG	0	44
group_3629	core	41	F	9	42
group_3623	core	42	R	5	42
group_3615	core	42	sin_COG	0	42
group_3600	core	41	sin_COG	0	42
group_3571	core	42	sin_COG	0	42
group_3558	core	41	sin_COG	0	42
group_3549	core	41	sin_COG	0	44
group_3522	core	42	sin_COG	0	42
group_3520	core	42	sin_COG	0	43
dinP	core	41	L	42	42
rpsN	core	41	J	42	42
group_3503	core	42	sin_COG	0	42
group_3488	core	41	S	25	48
group_3486	core	42	sin_COG	0	42
group_3457	core	41	G	42	42
ynbB	core	42	P	42	42
group_3443	core	41	sin_COG	0	42
blaOXA	core	41	sin_COG	0	42
group_3427	core	42	sin_COG	0	42
group_3411	core	42	sin_COG	0	42
graR~~~yxdJ	core	42	sin_COG	0	43
motA	core	41	N	43	46
group_3369	core	42	sin_COG	0	42
ebrA	core	42	sin_COG	0	42
darA	core	41	T	42	42
group_3359	core	42	sin_COG	0	42
yxdL	core	42	sin_COG	0	42
group_3347	core	42	sin_COG	0	42
group_3329	core	42	sin_COG	0	42
group_3328	core	42	sin_COG	0	42
group_3315	core	41	sin_COG	0	42
lytF	core	42	sin_COG	0	42
group_3293	core	42	sin_COG	0	42
group_3292	core	42	sin_COG	0	42
group_3259	core	41	sin_COG	0	42
group_3233	core	41	sin_COG	0	42
group_3225	core	42	sin_COG	0	42
group_3222	core	41	sin_COG	0	42
secY	core	42	U	42	42
group_3205	core	42	sin_COG	0	42
group_3200	core	41	sin_COG	0	43
group_3197	core	42	sin_COG	0	42
group_3180	core	42	sin_COG	0	42
dnaJ~~~fbpA	core	41	sin_COG	0	47
group_3167	core	42	sin_COG	0	43
group_3160	core	42	sin_COG	0	42
yhbS	core	42	R	40	43
group_3131	core	42	sin_COG	0	46
group_3130	core	42	sin_COG	0	42
group_3125	core	42	sin_COG	0	42
group_3124	core	42	sin_COG	0	42
rplL	core	42	J	7	42
group_3106	core	42	sin_COG	0	42
group_3103	core	41	sin_COG	0	42
ssuB	core	41	sin_COG	0	43
group_3078	core	42	sin_COG	0	42
group_3077	core	42	sin_COG	0	42
group_3052	core	42	sin_COG	0	42
sseB	core	41	sin_COG	0	42
group_3041	core	41	C	42	42
group_3026	core	42	sin_COG	0	42
group_3025	core	42	sin_COG	0	42
yijE	core	42	sin_COG	0	42
yfkC	core	42	sin_COG	0	42
iseA	core	42	sin_COG	0	42
group_3012	core	41	sin_COG	0	43
group_2994	core	41	K	42	42
paaC	core	42	sin_COG	0	42
uraA	core	41	F	4	42
group_2970	core	42	sin_COG	0	42
group_2968	core	42	C	42	42
group_2966	core	41	sin_COG	0	42
yqzE	core	41	sin_COG	0	42
group_2962	core	41	sin_COG	0	42
group_2961	core	42	sin_COG	0	42
group_2959	core	41	sin_COG	0	42
group_2957	core	41	E	18	42
group_2955	core	41	sin_COG	0	42
rplV	core	42	J	42	42
group_2948	core	42	sin_COG	0	42
cobT	core	42	sin_COG	0	42
ccdA	core	42	C	42	42
group_2924	core	41	sin_COG	0	33
group_2920	core	41	sin_COG	0	44
group_2899	core	42	sin_COG	0	45
glnA	core	42	E	42	42
dpiB	core	42	sin_COG	0	42
group_2839	core	42	sin_COG	0	42
group_2835	core	42	sin_COG	0	42
group_2829	core	41	sin_COG	0	43
nisP	core	41	sin_COG	0	42
prli42	core	41	sin_COG	0	42
mutS2	core	41	sin_COG	0	42
gntT	core	42	G	36	42
group_2745	core	41	sin_COG	0	42
group_2738	core	42	sin_COG	0	43
group_2732	core	42	sin_COG	0	42
group_2727	core	42	K	42	42
group_2723	core	42	sin_COG	0	42
ppsC	core	41	sin_COG	0	42
group_2701	core	41	sin_COG	0	41
group_2670	core	42	sin_COG	0	42
group_2661	core	41	sin_COG	0	42
gsiB	core	41	sin_COG	0	42
group_2642	core	42	sin_COG	0	42
terC	core	42	P	42	42
mleCBF	core	41	sin_COG	0	43
glmU	core	41	M	38	42
miaA	core	42	J	3	42
group_2560	core	42	C	42	42
rluA	core	42	sin_COG	0	42
group_2533	core	41	sin_COG	0	42
rsmI	core	41	sin_COG	0	42
group_2516	core	42	I	42	42
group_2501	core	42	sin_COG	0	42
group_2493	core	42	sin_COG	0	42
ebrB	core	42	sin_COG	0	42
yaaR	core	41	S	40	44
group_2451	core	42	sin_COG	0	42
group_2445	core	42	sin_COG	0	43
group_2441	core	41	E	39	42
radA	core	42	L	42	42
folK	core	41	sin_COG	0	42
group_2422	core	42	sin_COG	0	42
group_2416	core	42	sin_COG	0	42
group_2408	core	41	sin_COG	0	42
group_2406	core	42	sin_COG	0	42
rplF	core	42	J	41	42
group_2403	core	41	sin_COG	0	42
ulaG	core	41	G	41	42
group_2377	core	41	sin_COG	0	42
group_2363	core	42	sin_COG	0	42
group_2359	core	41	sin_COG	0	42
eCFS	core	42	H	42	42
group_2355	core	41	S	41	42
topA	core	42	L	41	42
truA	core	42	sin_COG	0	42
group_2338	core	42	sin_COG	0	42
rpiR	core	41	K	40	42
tsaB	core	42	sin_COG	0	42
group_2311	core	41	E	42	42
group_2303	core	41	sin_COG	0	42
lysS	core	41	J	42	42
rplR	core	42	J	42	42
chrA	core	42	P	42	42
group_2263	core	42	sin_COG	0	42
spoVR	core	42	D	37	41
group_2231	core	41	sin_COG	0	42
group_2194	core	41	sin_COG	0	42
rpsM	core	42	J	42	42
group_2161	core	41	sin_COG	0	42
mazG	core	41	V	39	42
pitA	core	42	P	42	42
group_2107	core	42	sin_COG	0	42
group_2105	core	41	sin_COG	0	42
group_2084	core	41	sin_COG	0	41
rplN	core	42	J	42	42
group_2052	core	41	sin_COG	0	42
group_2046	core	41	sin_COG	0	42
group_2044	core	41	sin_COG	0	42
group_2034	core	41	I	42	42
group_2033	core	41	sin_COG	0	42
group_2016	core	41	sin_COG	0	42
treB	core	42	sin_COG	0	42
group_1982	core	42	S	35	42
group_1970	core	41	sin_COG	0	42
group_1969	core	41	sin_COG	0	42
group_1953	core	41	sin_COG	0	42
kbaA	core	42	D	38	42
gltX	core	42	J	42	42
group_1935	core	41	sin_COG	0	42
selA	core	41	J	42	42
allB	core	42	sin_COG	0	42
group_1917	core	41	sin_COG	0	42
group_1906	core	41	sin_COG	0	42
group_1899	core	41	O	42	42
yqhP	core	41	sin_COG	0	42
group_1892	core	41	V	42	42
group_1880	core	41	sin_COG	0	44
group_1874	core	41	sin_COG	0	42
group_1863	core	41	sin_COG	0	42
paaD	core	42	O	9	42
group_1830	core	41	E	41	42
group_1827	core	42	sin_COG	0	43
lrpC	core	41	sin_COG	0	42
group_1822	core	41	sin_COG	0	42
group_1821	core	42	sin_COG	0	42
lysE	core	42	sin_COG	0	42
nikD	core	42	sin_COG	0	42
group_1785	core	41	sin_COG	0	41
ecfT	core	42	H	42	42
group_1760	core	42	sin_COG	0	42
frlD	core	41	sin_COG	0	42
group_1726	core	41	sin_COG	0	42
group_1724	core	42	R	41	42
cpdA	core	42	sin_COG	0	42
group_1712	core	41	sin_COG	0	44
group_1680	core	42	sin_COG	0	42
group_1672	core	41	sin_COG	0	42
folP	core	41	sin_COG	0	42
group_1653	core	42	G	42	42
nikC	core	41	sin_COG	0	42
group_1629	core	41	sin_COG	0	42
group_1624	core	42	sin_COG	0	42
yqhR	core	41	sin_COG	0	42
ssuE	core	42	C	7	42
group_1603	core	42	sin_COG	0	42
group_1589	core	41	sin_COG	0	42
group_1587	core	41	sin_COG	0	42
uraH	core	42	sin_COG	0	42
group_1583	core	41	sin_COG	0	42
acoA	core	42	C	42	42
sarZ	core	42	sin_COG	0	42
ycsE	core	41	sin_COG	0	42
group_1545	core	42	Q	2	42
yybR	core	41	sin_COG	0	42
fepC	core	41	H	42	42
group_1529	core	41	P	42	42
ydiN	core	42	sin_COG	0	42
group_1502	core	42	sin_COG	0	42
lepB	core	42	sin_COG	0	42
group_1490	core	41	sin_COG	0	42
group_1485	core	42	sin_COG	0	42
group_1461	core	41	sin_COG	0	42
group_1447	core	41	sin_COG	0	42
group_1445	core	41	sin_COG	0	42
group_1438	core	41	sin_COG	0	42
ptsG2	core	41	G	42	42
group_1414	core	41	sin_COG	0	42
group_1411	core	42	sin_COG	0	42
group_1406	core	42	sin_COG	0	42
gntK	core	42	G	42	42
rpsK	core	42	J	42	42
ecsC	core	42	sin_COG	0	42
rnmV	core	41	J	42	42
actP	core	41	sin_COG	0	42
group_1313	core	41	sin_COG	0	42
group_1312	core	41	sin_COG	0	43
znuB	core	41	P	41	42
rpsI	core	42	J	42	42
group_1292	core	41	sin_COG	0	42
caiA	core	42	I	41	43
group_1267	core	42	sin_COG	0	42
group_1265	core	42	I	3	42
group_1253	core	42	sin_COG	0	42
ycsI	core	42	E	41	43
pxpA~~~lamB	core	42	E	6	43
group_1230	core	42	sin_COG	0	43
ydbM	core	42	sin_COG	0	42
group_1210	core	42	sin_COG	0	42
natA	core	42	R	42	42
ycbB	core	41	M	41	42
group_1194	core	41	sin_COG	0	44
group_1193	core	41	sin_COG	0	42
group_1150	core	42	sin_COG	0	42
group_1141	core	41	sin_COG	0	42
group_1139	core	41	sin_COG	0	42
group_1126	core	41	sin_COG	0	42
group_1124	core	41	G	37	42
rpsH	core	42	J	42	42
mprA	core	42	sin_COG	0	42
arlR	core	41	sin_COG	0	42
group_1094	core	41	sin_COG	0	42
gnd	core	42	G	42	42
group_1069	core	42	sin_COG	0	43
lmbE	core	42	sin_COG	0	42
group_1044	core	42	sin_COG	0	42
group_1043	core	42	sin_COG	0	42
azlC	core	41	sin_COG	0	42
group_1029	core	41	sin_COG	0	42
yabT	core	41	sin_COG	0	42
group_1018	core	42	Q	1	42
group_1008	core	42	sin_COG	0	42
groL	core	42	O	42	42
group_1003	core	41	sin_COG	0	43
group_997	core	42	sin_COG	0	42
yitT	core	42	sin_COG	0	42
group_974	core	42	E	2	42
csbC	core	42	sin_COG	0	42
sigJ	core	41	sin_COG	0	42
srrA	core	42	sin_COG	0	42
group_955	core	41	sin_COG	0	42
rocC	core	41	sin_COG	0	42
group_951	core	41	E	42	42
treC	core	42	sin_COG	0	43
group_936	core	41	sin_COG	0	42
group_931	core	41	sin_COG	0	42
group_930	core	42	K	15	42
argS	core	41	sin_COG	0	42
group_910	core	41	sin_COG	0	42
dusB	core	41	J	42	42
group_868	core	42	sin_COG	0	43
group_830	core	42	sin_COG	0	42
potC	core	41	E	35	42
nanE	core	41	G	39	42
phoD	core	42	P	42	42
solA	core	42	sin_COG	0	45
araJ	core	42	G	42	42
group_782	core	41	sin_COG	0	42
group_781	core	42	sin_COG	0	42
proC	core	42	sin_COG	0	42
group_765	core	41	sin_COG	0	42
group_758	core	41	sin_COG	0	42
uhpC	core	42	G	41	42
group_751	core	42	sin_COG	0	42
group_743	core	42	sin_COG	0	42
group_738	core	42	I	41	43
dusA	core	42	J	42	42
xsc	core	42	E	41	42
rsbT	core	41	sin_COG	0	43
paaJ	core	41	I	42	42
hutI	core	42	Q	42	42
yesS	core	42	sin_COG	0	42
group_704	core	41	sin_COG	0	42
tatA	core	42	sin_COG	0	42
group_676	core	42	sin_COG	0	42
group_675	core	42	sin_COG	0	42
phnX	core	42	sin_COG	0	45
blaI	core	42	K	42	42
glcU	core	42	G	42	42
yhfH	core	41	sin_COG	0	42
group_638	core	41	C	42	42
menC	core	42	sin_COG	0	42
group_613	core	41	sin_COG	0	43
group_589	core	42	sin_COG	0	42
cutS	core	42	C	42	42
yjzC~~~ypzG	core	41	sin_COG	0	42
frnE	core	41	O	41	42
ibpA	core	42	O	42	42
group_542	core	42	sin_COG	0	42
sspL	core	41	sin_COG	0	40
kinB	core	41	D	42	42
rsmC	core	42	J	42	42
iscR	core	42	K	42	42
abcf	core	42	R	42	42
rpsL	core	42	J	42	42
group_433	core	41	C	42	42
metG	core	41	J	42	42
group_415	core	41	R	42	42
ybaK	core	42	D	42	42
rplK	core	42	J	42	42
paaI	core	42	sin_COG	0	42
yesN	core	42	sin_COG	0	42
group_376	core	42	G	42	42
group_364	core	42	sin_COG	0	42
mntR	core	42	K	42	42
ftsH	core	41	O	42	42
fusA	core	42	J	42	42
rplP	core	42	J	42	42
group_236	core	41	sin_COG	0	42
group_229	core	41	sin_COG	0	43
rplM	core	42	J	42	42
clpC	core	42	O	42	42
sirA	core	42	sin_COG	0	42
rplO	core	42	J	41	41
acd	core	41	E	42	42
dndB	core	41	sin_COG	0	43
uvrA	core	41	L	42	42
mfd	core	41	K	42	42
rpoB	core	42	K	40	42
rpoC	core	42	K	42	42
fieF	core	42	sin_COG	0	42
group_22	core	42	sin_COG	0	41
rpmG	core	41	J	42	42
gntR	core	42	sin_COG	0	42
group_12882	core	41	sin_COG	0	1
group_12536	core	41	sin_COG	0	40
group_12494	core	41	sin_COG	0	41
group_12463	core	40	sin_COG	0	41
group_12284	core	41	M	37	41
group_12240	core	40	sin_COG	0	42
group_12236	core	40	sin_COG	0	42
yrdD	core	40	L	41	41
group_11628	core	40	sin_COG	0	29
group_11625	core	41	D	41	41
group_11566	core	40	sin_COG	0	7
group_11375	core	40	sin_COG	0	39
group_11263	core	40	sin_COG	0	40
group_11186	core	40	K	41	41
group_11001	core	40	sin_COG	0	40
group_9520	core	40	J	2	42
group_9154	core	40	sin_COG	0	42
group_8667	core	40	sin_COG	0	41
group_8207	core	41	sin_COG	0	41
group_8188	core	40	P	41	41
group_8076	core	40	sin_COG	0	41
group_7535	core	41	sin_COG	0	41
group_7520	core	41	sin_COG	0	41
group_7515	core	41	sin_COG	0	41
yeeF~~~yobL	core	40	sin_COG	0	43
group_7216	core	41	sin_COG	0	42
comGB	core	41	sin_COG	0	41
group_6515	core	41	sin_COG	0	41
group_6283	core	40	sin_COG	0	42
group_6007	core	40	sin_COG	0	42
group_5928	core	41	sin_COG	0	41
group_5847	core	40	sin_COG	0	41
group_5843	core	40	sin_COG	0	41
group_5818	core	40	sin_COG	0	41
group_5765	core	41	sin_COG	0	41
group_5695	core	41	sin_COG	0	42
group_5692	core	41	sin_COG	0	41
group_5655	core	40	sin_COG	0	41
group_5649	core	41	C	39	46
group_5561	core	40	sin_COG	0	37
group_5534	core	40	sin_COG	0	41
group_5527	core	40	sin_COG	0	41
group_5476	core	40	sin_COG	0	43
group_5459	core	40	sin_COG	0	41
yvoA	core	40	sin_COG	0	41
group_5445	core	41	sin_COG	0	42
group_5437	core	40	sin_COG	0	41
group_5392	core	41	sin_COG	0	41
group_5391	core	41	sin_COG	0	44
group_5373	core	40	sin_COG	0	64
group_5202	core	40	sin_COG	0	41
cynR	core	41	sin_COG	0	41
group_5148	core	41	sin_COG	0	41
yvlB	core	41	sin_COG	0	41
group_5132	core	41	sin_COG	0	43
group_5102	core	41	sin_COG	0	42
group_5091	core	41	sin_COG	0	41
group_5072	core	40	sin_COG	0	43
group_5064	core	40	sin_COG	0	47
group_5061	core	40	sin_COG	0	48
dsbB	core	41	O	17	40
group_4968	core	40	R	41	41
group_4941	core	40	sin_COG	0	48
drsE~~~dsrE	core	41	sin_COG	0	42
group_4924	core	40	sin_COG	0	42
group_4919	core	40	sin_COG	0	41
catA	core	40	sin_COG	0	40
group_4891	core	40	sin_COG	0	41
group_4844	core	40	sin_COG	0	41
group_4823	core	40	sin_COG	0	41
yjiH~~~ylbJ	core	40	sin_COG	0	52
ybjQ	core	40	S	33	41
group_4619	core	40	sin_COG	0	42
group_4562	core	40	sin_COG	0	41
trmB	core	40	sin_COG	0	41
group_4529	core	40	sin_COG	0	42
group_4524	core	40	E	39	41
group_4436	core	41	sin_COG	0	41
group_4426	core	40	H	40	43
group_4399	core	41	sin_COG	0	41
metN	core	40	E	39	43
group_4364	core	40	sin_COG	0	46
group_4330	core	40	sin_COG	0	42
group_4329	core	40	sin_COG	0	41
livG	core	40	E	33	41
group_4212	core	41	H	35	42
group_4153	core	40	sin_COG	0	38
group_4119	core	40	sin_COG	0	41
group_4091	core	40	I	38	47
flaR	core	40	sin_COG	0	42
group_4006	core	40	sin_COG	0	41
marA~~~araC	core	40	sin_COG	0	44
group_3946	core	40	sin_COG	0	42
group_3934	core	41	sin_COG	0	41
group_3912	core	40	sin_COG	0	41
group_3844	core	40	sin_COG	0	54
group_3602	core	41	sin_COG	0	41
mutT	core	41	sin_COG	0	41
group_3537	core	40	F	41	41
group_3535	core	40	sin_COG	0	42
group_3499	core	41	sin_COG	0	43
group_3482	core	41	sin_COG	0	41
swrB	core	40	sin_COG	0	46
group_3467	core	40	sin_COG	0	41
group_3464	core	40	sin_COG	0	46
group_3365	core	40	sin_COG	0	41
group_3356	core	41	sin_COG	0	33
group_3338	core	41	S	1	41
group_3254	core	40	sin_COG	0	41
group_3247	core	41	sin_COG	0	41
group_3155	core	40	sin_COG	0	41
group_3153	core	40	sin_COG	0	41
group_3152	core	41	sin_COG	0	41
group_3098	core	41	S	36	41
group_3034	core	41	sin_COG	0	41
group_3023	core	40	P	41	41
group_2989	core	40	sin_COG	0	41
troA~~~znuA	core	40	P	37	41
group_2933	core	41	sin_COG	0	42
group_2874	core	41	sin_COG	0	43
group_2869	core	41	sin_COG	0	41
group_2854	core	40	G	41	41
gloA	core	41	Q	36	41
group_2788	core	40	sin_COG	0	41
group_2671	core	40	sin_COG	0	42
group_2602	core	41	sin_COG	0	42
group_2597	core	40	sin_COG	0	41
group_2561	core	41	sin_COG	0	41
group_2515	core	40	sin_COG	0	41
group_2492	core	40	sin_COG	0	42
group_2471	core	40	sin_COG	0	41
group_2470	core	40	sin_COG	0	41
group_2349	core	40	sin_COG	0	41
group_2302	core	40	sin_COG	0	41
group_2272	core	40	sin_COG	0	48
yqzD	core	40	sin_COG	0	41
asnA	core	40	sin_COG	0	45
lytE	core	40	sin_COG	0	44
group_1938	core	40	P	41	41
group_1886	core	40	sin_COG	0	42
group_1885	core	40	sin_COG	0	41
group_1704	core	40	sin_COG	0	41
znuC	core	40	P	41	41
group_1651	core	41	sin_COG	0	47
group_1559	core	41	sin_COG	0	41
metP	core	40	E	41	41
group_1472	core	41	sin_COG	0	41
bamE	core	40	sin_COG	0	41
group_1403	core	40	sin_COG	0	41
group_1333	core	41	sin_COG	0	42
hexR	core	41	sin_COG	0	41
group_1327	core	40	sin_COG	0	41
livF	core	40	E	41	41
murQ	core	40	sin_COG	0	41
group_1290	core	41	sin_COG	0	41
group_1274	core	40	sin_COG	0	41
group_1223	core	40	sin_COG	0	42
ybiT	core	41	R	40	40
group_1073	core	40	sin_COG	0	29
group_1046	core	40	sin_COG	0	41
group_908	core	40	sin_COG	0	39
group_903	core	40	sin_COG	0	41
group_744	core	41	sin_COG	0	42
group_723	core	40	sin_COG	0	42
group_694	core	40	sin_COG	0	41
lytR	core	40	sin_COG	0	41
group_654	core	40	C	41	41
group_585	core	41	sin_COG	0	41
coxL	core	41	C	38	38
rsbP	core	41	sin_COG	0	41
pyc	core	40	C	41	41
group_42	core	40	sin_COG	0	41
group_13614	shell	39	sin_COG	0	1
group_13171	shell	39	sin_COG	0	1
group_12560	shell	39	sin_COG	0	1
group_12340	shell	39	O	35	39
group_12012	core	40	sin_COG	0	40
group_11757	shell	39	sin_COG	0	40
group_11507	shell	39	sin_COG	0	27
group_11009	shell	39	sin_COG	0	37
group_10996	shell	39	sin_COG	0	40
group_10908	shell	39	sin_COG	0	35
cheD	shell	39	sin_COG	0	40
hsrA	shell	39	sin_COG	0	40
group_7735	core	40	sin_COG	0	40
group_6536	core	40	sin_COG	0	40
group_6424	core	40	R	1	40
group_6088	core	40	sin_COG	0	79
group_6044	shell	39	sin_COG	0	44
group_5981	core	40	sin_COG	0	40
fosM	core	40	sin_COG	0	41
mbtH	shell	39	Q	1	40
group_5748	shell	39	sin_COG	0	74
ygeA	core	40	sin_COG	0	41
yhcB	shell	39	sin_COG	0	41
group_5607	shell	39	sin_COG	0	40
group_5569	core	40	sin_COG	0	40
group_5355	core	40	sin_COG	0	43
yhbJ	shell	39	sin_COG	0	40
group_5186	core	40	sin_COG	0	40
qor	core	40	C	40	40
group_5112	core	40	sin_COG	0	40
group_5023	core	40	sin_COG	0	42
hssS~~~walK	shell	39	T	31	40
group_4931	core	40	sin_COG	0	40
group_4896	shell	39	sin_COG	0	41
vOC	shell	39	R	37	40
group_4877	shell	39	C	40	40
group_4876	shell	39	E	40	41
yvrJ	core	40	sin_COG	0	40
group_4811	core	40	sin_COG	0	43
yozG	core	40	K	39	40
group_4764	shell	39	sin_COG	0	38
group_4269	core	40	I	10	40
group_3954	core	40	sin_COG	0	40
yubD	shell	39	sin_COG	0	40
mtlD	shell	39	G	28	40
group_3847	shell	39	sin_COG	0	40
hutD	core	40	sin_COG	0	40
gltS	core	40	sin_COG	0	41
group_3087	shell	39	sin_COG	0	39
hrtB	shell	39	sin_COG	0	40
group_2783	shell	39	K	39	40
ywqJ~~~yeeF	shell	39	sin_COG	0	43
group_2658	core	40	sin_COG	0	40
group_2573	core	40	sin_COG	0	40
ywaD	core	40	E	40	40
group_2410	core	40	K	5	40
emrB	core	40	sin_COG	0	45
group_2242	shell	39	E	40	40
group_2213	shell	39	sin_COG	0	39
gltC~~~lysR	shell	39	sin_COG	0	42
group_1574	core	40	sin_COG	0	40
group_1573	core	40	sin_COG	0	40
group_1277	shell	39	sin_COG	0	40
hutG	core	40	sin_COG	0	40
group_1064	core	40	sin_COG	0	40
group_790	core	40	sin_COG	0	40
group_725	shell	39	sin_COG	0	40
mtlR	shell	39	K	40	40
group_583	shell	39	sin_COG	0	40
group_580	shell	39	sin_COG	0	41
mtlA2	shell	39	G	40	40
pilZ	shell	39	sin_COG	0	40
ompR~~~hssR	shell	39	K	40	40
group_12108	shell	39	Q	33	37
group_9931	shell	38	P	39	39
group_9841	shell	39	sin_COG	0	39
yofA	shell	39	sin_COG	0	39
group_8496	shell	38	sin_COG	0	3
group_8441	shell	39	sin_COG	0	55
group_6774	shell	39	sin_COG	0	40
group_6674	shell	38	E	39	40
codB	shell	38	F	38	39
group_5744	shell	38	sin_COG	0	39
group_5696	shell	38	sin_COG	0	40
group_5659	shell	39	sin_COG	0	39
cheB	shell	38	sin_COG	0	69
mfpA	shell	38	sin_COG	0	40
group_5460	shell	39	sin_COG	0	39
group_5292	shell	39	sin_COG	0	39
group_5285	shell	38	sin_COG	0	39
group_5227	shell	38	sin_COG	0	34
group_5180	shell	38	sin_COG	0	41
group_5116	shell	38	sin_COG	0	43
group_5087	shell	38	sin_COG	0	40
group_5025	shell	38	S	38	40
group_4888	shell	38	sin_COG	0	39
group_4846	shell	39	sin_COG	0	39
group_4693	shell	38	sin_COG	0	39
group_4624	shell	39	M	39	39
group_4519	shell	38	sin_COG	0	42
group_4494	shell	39	sin_COG	0	39
group_4401	shell	39	sin_COG	0	39
group_4382	shell	39	sin_COG	0	39
group_4290	shell	39	sin_COG	0	39
group_4205	shell	38	sin_COG	0	39
group_4160	shell	39	sin_COG	0	39
group_4159	shell	39	sin_COG	0	39
group_4155	shell	39	K	2	39
group_4104	shell	38	sin_COG	0	40
group_4060	shell	39	sin_COG	0	40
tcuA	shell	39	sin_COG	0	39
group_3914	shell	38	sin_COG	0	41
group_3567	shell	38	sin_COG	0	38
group_3536	shell	39	sin_COG	0	40
rfnT	shell	39	sin_COG	0	39
yuzN	shell	39	sin_COG	0	39
group_3191	shell	39	sin_COG	0	39
group_3102	shell	38	sin_COG	0	39
group_3093	shell	38	sin_COG	0	39
group_2870	shell	38	sin_COG	0	38
gntP~~~gntT	shell	39	G	36	44
group_2814	shell	39	sin_COG	0	40
group_2678	shell	38	sin_COG	0	37
group_2577	shell	39	sin_COG	0	39
group_2364	shell	39	sin_COG	0	37
group_1799	shell	39	sin_COG	0	39
group_1777	shell	39	sin_COG	0	39
group_1772	shell	38	sin_COG	0	39
group_1569	shell	38	sin_COG	0	39
group_1187	shell	39	sin_COG	0	42
abrB	shell	39	sin_COG	0	39
group_1090	shell	39	sin_COG	0	39
group_752	shell	39	sin_COG	0	39
adhE	shell	38	I	38	39
group_12148	shell	37	sin_COG	0	12
group_10258	shell	37	sin_COG	0	38
group_6773	shell	38	sin_COG	0	38
group_6502	shell	37	sin_COG	0	40
group_6476	shell	38	sin_COG	0	38
group_6127	shell	38	sin_COG	0	38
group_6093	shell	37	sin_COG	0	38
group_6089	shell	38	sin_COG	0	38
ydbC	shell	37	sin_COG	0	46
group_5971	shell	38	sin_COG	0	38
group_5953	shell	37	sin_COG	0	38
group_5923	shell	38	sin_COG	0	49
sipL	shell	38	sin_COG	0	38
group_5660	shell	37	sin_COG	0	41
group_5329	shell	38	sin_COG	0	38
group_5207	shell	37	sin_COG	0	40
group_5055	shell	38	sin_COG	0	38
yopD	shell	37	sin_COG	0	38
group_5002	shell	38	sin_COG	0	38
group_4980	shell	37	sin_COG	0	38
group_4508	shell	37	sin_COG	0	38
melB	shell	37	G	38	38
group_3963	shell	38	sin_COG	0	38
fpr	shell	37	C	38	38
pncA	shell	38	H	7	38
group_3370	shell	37	sin_COG	0	38
group_3366	shell	37	K	8	38
group_2472	shell	37	sin_COG	0	39
group_2227	shell	38	sin_COG	0	38
group_1774	shell	37	sin_COG	0	38
group_1611	shell	37	sin_COG	0	38
ykvI	shell	38	sin_COG	0	38
oCDMu	shell	37	E	35	38
qdoI	shell	37	R	38	38
group_1004	shell	37	sin_COG	0	38
group_998	shell	37	sin_COG	0	38
group_652	shell	38	K	30	38
acrR~~~tetR	shell	37	K	31	38
group_13317	shell	36	sin_COG	0	1
group_12434	shell	37	sin_COG	0	31
group_12348	shell	37	sin_COG	0	37
group_11432	shell	37	sin_COG	0	37
group_8365	shell	37	E	37	37
group_8206	shell	37	E	37	37
group_8054	shell	37	sin_COG	0	37
sinR	shell	36	sin_COG	0	37
yveK~~~ywqC	shell	36	M	10	37
group_6699	shell	36	D	19	37
group_6406	shell	37	sin_COG	0	36
group_6300	shell	37	sin_COG	0	37
group_6144	shell	37	sin_COG	0	37
group_6137	shell	37	sin_COG	0	38
group_6110	shell	37	sin_COG	0	37
group_5943	shell	36	sin_COG	0	37
group_5718	shell	36	sin_COG	0	37
group_5708	shell	37	sin_COG	0	37
cheA	shell	36	sin_COG	0	39
group_5549	shell	36	sin_COG	0	37
group_5501	shell	36	sin_COG	0	42
ndh	shell	36	C	28	37
group_5379	shell	37	sin_COG	0	38
group_5245	shell	37	sin_COG	0	37
group_5175	shell	37	V	36	39
group_4997	shell	36	sin_COG	0	37
group_4855	shell	36	sin_COG	0	41
yehU	shell	37	sin_COG	0	37
group_3992	shell	37	F	35	39
group_3991	shell	37	sin_COG	0	37
group_3908	shell	37	sin_COG	0	38
group_3680	shell	37	sin_COG	0	37
pleD	shell	36	sin_COG	0	39
group_3105	shell	36	sin_COG	0	37
group_3088	shell	37	sin_COG	0	37
mcpB	shell	36	sin_COG	0	56
group_2549	shell	37	sin_COG	0	35
group_1924	shell	37	E	37	38
group_1717	shell	37	sin_COG	0	37
group_1683	shell	37	E	37	37
group_1320	shell	37	E	37	37
group_1119	shell	37	K	37	37
group_942	shell	37	sin_COG	0	37
ssnA	shell	37	F	37	37
sigH	shell	37	sin_COG	0	37
entS	shell	35	sin_COG	0	37
nreC	shell	36	K	36	36
group_11693	shell	35	D	33	35
group_11665	shell	35	K	36	36
group_11280	shell	36	sin_COG	0	36
group_11085	shell	36	T	2	36
group_10168	shell	35	sin_COG	0	36
group_9840	shell	35	sin_COG	0	36
group_8615	shell	35	sin_COG	0	38
group_7294	shell	36	sin_COG	0	38
ywqE	shell	35	T	1	36
group_6079	shell	36	sin_COG	0	36
group_6046	shell	36	sin_COG	0	36
group_5395	shell	36	sin_COG	0	36
group_5367	shell	35	sin_COG	0	36
hssR	shell	36	sin_COG	0	37
group_5304	shell	35	sin_COG	0	36
group_5249	shell	36	sin_COG	0	36
group_5145	shell	36	sin_COG	0	36
phnW	shell	35	sin_COG	0	36
group_4817	shell	36	T	4	37
group_4466	shell	36	sin_COG	0	36
tauB	shell	36	sin_COG	0	36
group_4021	shell	36	sin_COG	0	36
nreB	shell	36	sin_COG	0	37
nirD	shell	36	P	36	36
group_3774	shell	36	sin_COG	0	36
frsA	shell	35	T	36	36
group_3410	shell	35	sin_COG	0	37
group_3392	shell	35	sin_COG	0	36
group_3355	shell	35	E	19	37
group_3324	shell	36	sin_COG	0	36
narT	shell	36	P	36	36
group_2773	shell	36	sin_COG	0	38
group_2599	shell	36	sin_COG	0	36
group_2591	shell	35	sin_COG	0	36
group_2495	shell	36	sin_COG	0	36
group_2459	shell	35	sin_COG	0	36
yhfK	shell	35	sin_COG	0	40
luxR	shell	36	sin_COG	0	38
group_1942	shell	35	sin_COG	0	37
group_1941	shell	35	sin_COG	0	35
group_1843	shell	36	sin_COG	0	36
ssuC	shell	36	sin_COG	0	36
group_1423	shell	36	sin_COG	0	36
glpT	shell	35	sin_COG	0	36
group_846	shell	36	sin_COG	0	36
hybA	shell	36	C	36	36
group_9108	shell	34	E	35	35
rihA	shell	34	sin_COG	0	35
group_7525	shell	35	sin_COG	0	35
group_7519	shell	35	sin_COG	0	35
group_7518	shell	35	sin_COG	0	36
group_6761	shell	35	sin_COG	0	35
group_6483	shell	34	sin_COG	0	35
group_6037	shell	35	sin_COG	0	35
larE	shell	34	R	22	35
group_6017	shell	34	sin_COG	0	39
larB	shell	34	F	35	35
group_5925	shell	34	sin_COG	0	35
group_5895	shell	34	sin_COG	0	35
yjiB	shell	35	sin_COG	0	36
larC	shell	34	sin_COG	0	35
ureH	shell	34	sin_COG	0	35
group_5723	shell	35	sin_COG	0	35
group_5676	shell	34	sin_COG	0	36
group_5617	shell	34	sin_COG	0	41
group_5615	shell	34	sin_COG	0	35
group_5535	shell	34	sin_COG	0	37
group_5464	shell	34	sin_COG	0	35
group_5407	shell	35	sin_COG	0	40
group_4957	shell	34	sin_COG	0	35
group_4551	shell	34	sin_COG	0	35
uxaA	shell	34	G	35	35
yagE	shell	34	sin_COG	0	35
group_4420	shell	34	H	6	35
group_4365	shell	35	sin_COG	0	35
group_4245	shell	34	sin_COG	0	35
dctQ	shell	34	G	35	36
dctP	shell	34	sin_COG	0	35
group_3851	shell	34	sin_COG	0	35
group_3508	shell	35	sin_COG	0	35
group_3133	shell	34	sin_COG	0	4
vat	shell	35	sin_COG	0	36
group_3014	shell	34	sin_COG	0	32
group_2822	shell	35	sin_COG	0	35
group_2646	shell	35	sin_COG	0	35
group_2236	shell	35	sin_COG	0	35
spuD	shell	34	sin_COG	0	35
rlhA	shell	34	J	35	35
group_1498	shell	35	sin_COG	0	35
group_1497	shell	35	sin_COG	0	35
gucD	shell	34	I	35	35
group_1305	shell	34	sin_COG	0	35
yiaM	shell	34	sin_COG	0	35
group_1175	shell	34	sin_COG	0	35
group_813	shell	34	sin_COG	0	35
group_588	shell	34	sin_COG	0	35
iclR	shell	34	K	35	35
group_356	shell	35	sin_COG	0	35
ilvD	shell	34	E	26	35
group_40	shell	35	sin_COG	0	35
group_13440	shell	33	sin_COG	0	1
dcuR	shell	34	sin_COG	0	34
group_9232	shell	34	sin_COG	0	34
group_8015	shell	34	sin_COG	0	34
group_7096	shell	34	sin_COG	0	34
group_7089	shell	34	D	28	29
group_6930	shell	34	sin_COG	0	35
ampC	shell	34	V	22	35
group_6280	shell	34	sin_COG	0	34
mcpC	shell	33	sin_COG	0	39
group_5937	shell	33	sin_COG	0	53
group_5865	shell	33	C	27	35
group_5774	shell	34	sin_COG	0	34
group_5746	shell	33	sin_COG	0	34
group_5715	shell	34	sin_COG	0	33
group_5686	shell	33	sin_COG	0	35
group_5663	shell	33	sin_COG	0	33
group_5644	shell	33	sin_COG	0	34
group_5564	shell	34	sin_COG	0	34
group_5432	shell	34	sin_COG	0	34
group_5349	shell	34	sin_COG	0	34
efeB	shell	33	sin_COG	0	34
group_5125	shell	34	sin_COG	0	34
group_5005	shell	34	sin_COG	0	42
group_4650	shell	34	C	33	35
group_4564	shell	34	sin_COG	0	34
group_4375	shell	34	sin_COG	0	32
group_4313	shell	34	sin_COG	0	34
group_4270	shell	34	sin_COG	0	34
group_4130	shell	34	sin_COG	0	34
group_4034	shell	34	sin_COG	0	34
group_4033	shell	34	sin_COG	0	34
efeO	shell	33	P	34	34
group_3938	shell	34	G	32	35
group_3530	shell	34	sin_COG	0	34
yhjA	shell	33	sin_COG	0	34
group_3395	shell	34	sin_COG	0	35
mdtG	shell	34	sin_COG	0	34
group_3116	shell	34	sin_COG	0	34
group_3063	shell	34	sin_COG	0	34
group_1846	shell	34	sin_COG	0	35
pcaK	shell	34	sin_COG	0	35
group_1640	shell	34	sin_COG	0	34
group_1383	shell	34	sin_COG	0	34
group_1086	shell	34	sin_COG	0	34
group_882	shell	34	sin_COG	0	34
group_871	shell	34	sin_COG	0	34
degA	shell	34	sin_COG	0	34
flgN	shell	33	sin_COG	0	34
group_773	shell	34	sin_COG	0	34
group_530	shell	33	sin_COG	0	7
group_12417	shell	32	sin_COG	0	34
group_11614	shell	33	sin_COG	0	33
group_11588	shell	33	sin_COG	0	15
group_11292	shell	33	sin_COG	0	33
group_7761	shell	32	sin_COG	0	34
group_7316	shell	32	sin_COG	0	34
group_6573	shell	33	sin_COG	0	30
group_5725	shell	32	sin_COG	0	34
group_5626	shell	33	sin_COG	0	33
group_5519	shell	33	sin_COG	0	34
yvaM	shell	32	sin_COG	0	33
group_5090	shell	33	sin_COG	0	32
group_4971	shell	32	sin_COG	0	34
group_4774	shell	32	sin_COG	0	34
group_4027	shell	32	E	29	33
group_3396	shell	33	sin_COG	0	33
group_3028	shell	33	sin_COG	0	33
group_1952	shell	33	sin_COG	0	33
group_724	shell	32	sin_COG	0	34
group_621	shell	32	sin_COG	0	33
panS	shell	32	sin_COG	0	36
group_11214	shell	32	sin_COG	0	32
group_11003	shell	32	sin_COG	0	32
group_10817	shell	32	sin_COG	0	28
group_10806	shell	31	sin_COG	0	32
group_9183	shell	32	sin_COG	0	32
cotS	shell	32	sin_COG	0	33
trxB	shell	32	O	18	33
group_5962	shell	32	sin_COG	0	32
group_5920	shell	32	sin_COG	0	32
group_5902	shell	32	K	32	32
group_5821	shell	32	sin_COG	0	32
group_5771	shell	32	sin_COG	0	32
vanW~~~yoaR	shell	32	sin_COG	0	34
group_5627	shell	32	sin_COG	0	32
vanY	shell	32	sin_COG	0	32
group_5421	shell	31	sin_COG	0	36
group_5341	shell	32	sin_COG	0	34
ccmM	shell	31	sin_COG	0	34
group_4705	shell	32	sin_COG	0	34
group_4704	shell	31	sin_COG	0	34
group_4664	shell	32	sin_COG	0	34
group_4423	shell	31	sin_COG	0	19
group_4410	shell	32	sin_COG	0	32
group_4204	shell	32	sin_COG	0	32
group_4169	shell	31	sin_COG	0	32
group_4004	shell	32	sin_COG	0	32
group_3510	shell	32	sin_COG	0	31
group_3478	shell	31	sin_COG	0	32
group_3096	shell	31	sin_COG	0	37
group_2448	shell	32	sin_COG	0	32
group_2360	shell	32	sin_COG	0	32
yncE	shell	31	sin_COG	0	35
dgoD	shell	31	M	29	33
group_1580	shell	32	sin_COG	0	32
kduD	shell	32	sin_COG	0	32
fbpB	shell	32	sin_COG	0	32
group_848	shell	32	sin_COG	0	32
group_685	shell	32	sin_COG	0	32
group_7559	shell	31	sin_COG	0	31
group_6784	shell	30	M	12	31
group_6393	shell	31	sin_COG	0	31
group_6050	shell	31	sin_COG	0	31
group_5914	shell	31	sin_COG	0	44
group_5910	shell	30	sin_COG	0	31
aseR~~~arsR	shell	31	K	2	31
czcR~~~pleD~~~walK	shell	31	sin_COG	0	50
ubiE	shell	30	sin_COG	0	32
group_5599	shell	31	P	28	31
group_5449	shell	31	sin_COG	0	32
group_5122	shell	31	sin_COG	0	32
group_4969	shell	30	sin_COG	0	26
arsN1	shell	31	E	2	31
xkdX	shell	31	sin_COG	0	27
sdaAA~~~sdaAB	shell	30	sin_COG	0	32
group_4348	shell	31	sin_COG	0	31
vanSF~~~vanS	shell	31	sin_COG	0	31
fadR~~~gntR	shell	31	sin_COG	0	31
group_2867	shell	30	sin_COG	0	34
group_2202	shell	31	sin_COG	0	31
vanRF~~~vanR	shell	31	sin_COG	0	31
group_1037	shell	31	sin_COG	0	31
group_853	shell	31	sin_COG	0	30
group_12537	shell	30	sin_COG	0	30
group_12117	shell	29	sin_COG	0	23
group_7348	shell	30	sin_COG	0	30
group_7287	shell	30	sin_COG	0	30
ytxH~~~yeeF1~~~lysR	shell	30	sin_COG	0	37
group_5808	shell	30	sin_COG	0	32
group_5532	shell	30	sin_COG	0	31
group_5378	shell	30	sin_COG	0	30
group_4762	shell	29	sin_COG	0	30
group_4555	shell	29	sin_COG	0	30
group_3902	shell	29	sin_COG	0	32
group_3835	shell	29	sin_COG	0	30
group_3397	shell	30	sin_COG	0	29
group_3361	shell	30	sin_COG	0	30
group_2837	shell	29	sin_COG	0	29
group_2447	shell	29	sin_COG	0	33
group_2022	shell	29	sin_COG	0	43
ycaC	shell	30	H	30	30
group_1281	shell	30	sin_COG	0	30
group_1063	shell	29	sin_COG	0	30
sutR	shell	29	sin_COG	0	30
group_12106	shell	28	sin_COG	0	29
group_11636	shell	28	sin_COG	0	30
group_11616	shell	28	sin_COG	0	30
group_11615	shell	28	sin_COG	0	29
group_9005	shell	28	sin_COG	0	29
group_8827	shell	28	sin_COG	0	29
group_7325	shell	29	sin_COG	0	31
group_7310	shell	29	sin_COG	0	29
group_7051	shell	29	sin_COG	0	30
group_6823	shell	29	sin_COG	0	38
group_6822	shell	29	sin_COG	0	29
tcyK	shell	28	sin_COG	0	29
group_6378	shell	29	sin_COG	0	29
group_6287	shell	28	sin_COG	0	29
group_6181	shell	29	sin_COG	0	29
group_5974	shell	29	sin_COG	0	29
group_5598	shell	28	sin_COG	0	29
secD	shell	28	sin_COG	0	29
tcyN	shell	28	sin_COG	0	29
group_4192	shell	28	G	28	29
group_4188	shell	28	sin_COG	0	29
group_4151	shell	28	sin_COG	0	30
moxC	shell	28	sin_COG	0	30
group_3532	shell	28	sin_COG	0	28
group_3241	shell	28	sin_COG	0	29
group_3051	shell	28	sin_COG	0	29
group_2297	shell	29	sin_COG	0	17
xylE	shell	29	sin_COG	0	29
group_2158	shell	29	sin_COG	0	27
tcyM	shell	28	sin_COG	0	29
tcyL	shell	28	sin_COG	0	29
group_1343	shell	28	sin_COG	0	29
group_1171	shell	28	sin_COG	0	29
group_1102	shell	29	sin_COG	0	29
group_708	shell	28	sin_COG	0	30
rdmE	shell	29	sin_COG	0	29
group_13046	shell	27	sin_COG	0	1
group_11777	shell	28	sin_COG	0	16
group_11771	shell	28	sin_COG	0	3
group_11705	shell	27	K	28	28
group_11215	shell	28	sin_COG	0	28
group_10779	shell	28	sin_COG	0	29
arfA	shell	27	sin_COG	0	28
group_8875	shell	28	sin_COG	0	28
lacF	shell	28	sin_COG	0	28
group_7345	shell	28	sin_COG	0	29
group_7241	shell	28	sin_COG	0	28
group_6964	shell	28	sin_COG	0	27
group_6687	shell	28	sin_COG	0	28
mcjB	shell	28	sin_COG	0	28
group_6277	shell	28	sin_COG	0	28
group_6211	shell	28	sin_COG	0	28
group_5979	shell	27	sin_COG	0	28
group_5631	shell	28	sin_COG	0	33
group_5492	shell	28	sin_COG	0	28
group_5420	shell	27	sin_COG	0	36
group_5383	shell	27	sin_COG	0	28
group_5347	shell	27	sin_COG	0	28
group_5184	shell	27	sin_COG	0	28
group_4810	shell	27	sin_COG	0	28
group_4538	shell	28	sin_COG	0	32
group_4503	shell	28	sin_COG	0	28
kduI	shell	28	sin_COG	0	28
group_4110	shell	28	sin_COG	0	28
group_4077	shell	27	sin_COG	0	28
group_4028	shell	27	R	28	28
group_3649	shell	28	sin_COG	0	27
group_3591	shell	27	sin_COG	0	28
group_3589	shell	27	sin_COG	0	28
group_3521	shell	28	sin_COG	0	28
group_3515	shell	27	sin_COG	0	30
group_3498	shell	27	sin_COG	0	31
group_3497	shell	27	sin_COG	0	29
group_3496	shell	27	sin_COG	0	28
yndE	shell	27	sin_COG	0	28
yesO	shell	28	sin_COG	0	28
group_3143	shell	27	K	18	28
group_3082	shell	27	sin_COG	0	28
xylA	shell	28	G	3	28
group_2855	shell	27	sin_COG	0	28
group_2620	shell	27	sin_COG	0	18
group_1797	shell	28	sin_COG	0	28
group_1518	shell	28	sin_COG	0	28
group_1355	shell	27	sin_COG	0	28
group_1170	shell	27	sin_COG	0	28
group_860	shell	27	sin_COG	0	28
dinB	shell	28	Q	17	28
group_12157	shell	27	sin_COG	0	9
fhuC~~~yusV	shell	26	sin_COG	0	30
group_7031	shell	27	sin_COG	0	27
group_7017	shell	27	sin_COG	0	27
group_6998	shell	27	sin_COG	0	26
group_6508	shell	27	sin_COG	0	27
group_6275	shell	27	sin_COG	0	27
group_6097	shell	27	sin_COG	0	27
group_6019	shell	27	sin_COG	0	36
group_5978	shell	26	sin_COG	0	27
group_5707	shell	26	sin_COG	0	28
group_5666	shell	27	sin_COG	0	27
group_4910	shell	27	sin_COG	0	29
group_4897	shell	27	sin_COG	0	27
group_4770	shell	27	sin_COG	0	30
group_4740	shell	26	sin_COG	0	27
group_4502	shell	27	sin_COG	0	27
group_4175	shell	26	sin_COG	0	27
yyaC	shell	26	sin_COG	0	27
group_3809	shell	26	sin_COG	0	27
group_3761	shell	27	sin_COG	0	27
group_3273	shell	27	sin_COG	0	21
group_3045	shell	27	sin_COG	0	27
group_1526	shell	26	sin_COG	0	28
group_1146	shell	26	sin_COG	0	27
group_1145	shell	26	sin_COG	0	27
ytcD~~~hxlR	shell	27	sin_COG	0	27
group_12961	shell	25	sin_COG	0	1
yszA	shell	25	sin_COG	0	1
thiJ	shell	26	sin_COG	0	27
group_12354	shell	25	sin_COG	0	26
group_12304	shell	26	sin_COG	0	26
group_9148	shell	26	sin_COG	0	26
group_8563	shell	25	sin_COG	0	26
group_7176	shell	26	sin_COG	0	26
group_6986	shell	26	sin_COG	0	25
group_6938	shell	26	sin_COG	0	26
wfgD	shell	26	sin_COG	0	27
group_6567	shell	26	sin_COG	0	32
group_6228	shell	26	sin_COG	0	26
group_5997	shell	25	sin_COG	0	27
group_5854	shell	25	sin_COG	0	27
group_5853	shell	25	sin_COG	0	26
group_5827	shell	26	sin_COG	0	26
yobM	shell	26	sin_COG	0	26
group_5491	shell	26	sin_COG	0	26
group_5419	shell	25	sin_COG	0	25
group_5417	shell	26	sin_COG	0	26
group_5360	shell	26	sin_COG	0	26
group_5325	shell	26	sin_COG	0	24
group_5161	shell	26	sin_COG	0	26
group_5008	shell	26	sin_COG	0	23
fba	shell	25	sin_COG	0	26
yajR	shell	25	sin_COG	0	26
group_4149	shell	26	sin_COG	0	26
iolT	shell	25	sin_COG	0	26
group_4099	shell	25	sin_COG	0	29
group_4047	shell	25	sin_COG	0	26
group_3920	shell	26	sin_COG	0	26
group_3891	shell	25	sin_COG	0	26
copR	shell	26	sin_COG	0	27
group_3584	shell	26	sin_COG	0	26
group_3514	shell	25	sin_COG	0	26
group_3485	shell	26	sin_COG	0	26
group_3367	shell	26	sin_COG	0	26
group_3249	shell	26	sin_COG	0	21
group_2735	shell	26	sin_COG	0	26
group_1814	shell	26	sin_COG	0	27
iolI	shell	25	sin_COG	0	26
group_1209	shell	26	sin_COG	0	26
group_1113	shell	26	sin_COG	0	26
group_1024	shell	25	sin_COG	0	26
iolE	shell	25	sin_COG	0	26
cytR	shell	25	sin_COG	0	26
iolB	shell	25	sin_COG	0	26
group_649	shell	25	sin_COG	0	26
group_12244	shell	25	sin_COG	0	26
group_11966	shell	25	sin_COG	0	12
group_11638	shell	24	sin_COG	0	4
group_11617	shell	25	sin_COG	0	25
group_11057	shell	25	sin_COG	0	25
group_11056	shell	25	sin_COG	0	25
group_9785	shell	24	sin_COG	0	35
group_9511	shell	25	sin_COG	0	2
group_7648	shell	24	X	1	29
group_7524	shell	25	sin_COG	0	25
group_7451	shell	24	sin_COG	0	25
group_7430	shell	25	sin_COG	0	30
group_7020	shell	25	sin_COG	0	31
yeeF1~~~yeeF	shell	25	V	4	29
ppaX	shell	25	sin_COG	0	25
group_5646	shell	25	sin_COG	0	25
group_5159	shell	24	H	21	26
group_4974	shell	25	sin_COG	0	26
group_4958	shell	25	sin_COG	0	26
group_4808	shell	25	sin_COG	0	25
bceA	shell	25	sin_COG	0	25
group_4722	shell	24	C	18	25
group_4649	shell	25	K	25	25
group_4618	shell	25	C	25	25
group_4435	shell	25	C	25	25
group_4236	shell	24	sin_COG	0	25
group_4135	shell	24	sin_COG	0	25
group_3881	shell	25	sin_COG	0	25
group_3240	shell	24	sin_COG	0	25
group_3164	shell	25	G	24	24
group_2987	shell	25	sin_COG	0	25
group_2862	shell	25	sin_COG	0	25
group_2817	shell	25	sin_COG	0	25
group_2700	shell	25	sin_COG	0	3
group_2576	shell	25	sin_COG	0	10
group_2094	shell	25	sin_COG	0	25
group_2067	shell	25	K	25	25
ygiN	shell	25	C	25	25
group_13443	shell	23	sin_COG	0	1
group_12580	shell	24	sin_COG	0	1
group_12217	shell	24	R	24	24
group_11928	shell	23	sin_COG	0	22
group_11341	shell	23	sin_COG	0	25
group_10733	shell	24	H	24	24
group_9538	shell	24	G	24	24
group_9310	shell	24	E	24	24
group_8830	shell	23	sin_COG	0	23
group_8801	shell	24	R	19	24
group_7667	shell	24	sin_COG	0	20
group_7491	shell	24	sin_COG	0	24
group_7019	shell	24	sin_COG	0	24
group_6444	shell	24	sin_COG	0	23
group_6091	shell	24	sin_COG	0	26
group_5834	shell	24	sin_COG	0	25
group_5694	shell	24	sin_COG	0	24
group_5613	shell	24	sin_COG	0	24
group_5505	shell	24	sin_COG	0	24
group_4604	shell	23	sin_COG	0	24
group_4586	shell	24	G	2	24
group_4548	shell	24	V	22	24
group_2974	shell	24	sin_COG	0	24
group_2056	shell	24	sin_COG	0	24
cof	shell	24	H	24	24
group_1852	shell	24	E	24	24
group_11674	shell	23	sin_COG	0	23
group_11586	shell	23	sin_COG	0	23
group_9428	shell	23	sin_COG	0	23
group_7818	shell	23	sin_COG	0	23
group_7608	shell	23	sin_COG	0	24
group_7512	shell	23	sin_COG	0	23
group_7468	shell	23	sin_COG	0	22
group_7442	shell	23	sin_COG	0	25
group_7360	shell	23	sin_COG	0	23
group_7077	shell	23	sin_COG	0	23
group_6202	shell	23	sin_COG	0	23
group_6179	shell	23	G	1	23
group_6149	shell	23	sin_COG	0	25
group_6100	shell	23	sin_COG	0	23
group_5935	shell	23	sin_COG	0	23
group_5833	shell	23	sin_COG	0	24
yndB	shell	22	I	18	23
fixH	shell	23	sin_COG	0	23
group_5381	shell	23	sin_COG	0	23
group_5234	shell	23	sin_COG	0	23
group_5083	shell	23	sin_COG	0	24
group_5062	shell	23	sin_COG	0	23
group_4966	shell	23	sin_COG	0	23
kipR~~~iclR	shell	23	sin_COG	0	23
group_4785	shell	23	sin_COG	0	23
group_4430	shell	23	sin_COG	0	23
group_3976	shell	23	sin_COG	0	23
group_3723	shell	23	sin_COG	0	24
group_3698	shell	23	sin_COG	0	23
group_3687	shell	23	sin_COG	0	23
group_3564	shell	22	sin_COG	0	23
group_3246	shell	23	sin_COG	0	21
dnaN	shell	23	sin_COG	0	24
group_3073	shell	23	sin_COG	0	6
group_3017	shell	23	sin_COG	0	23
group_2889	shell	23	sin_COG	0	23
group_2864	shell	23	sin_COG	0	23
group_2187	shell	23	sin_COG	0	22
group_2072	shell	23	sin_COG	0	23
group_2011	shell	23	sin_COG	0	23
group_1837	shell	23	sin_COG	0	23
group_1794	shell	23	sin_COG	0	23
ataC	shell	23	T	20	25
group_916	shell	23	sin_COG	0	23
group_12433	shell	22	L	22	22
group_11446	shell	21	sin_COG	0	22
group_11024	shell	21	sin_COG	0	10
group_10889	shell	21	sin_COG	0	22
group_10066	shell	21	sin_COG	0	2
group_7754	shell	21	K	21	22
group_7627	shell	22	sin_COG	0	20
group_7470	shell	22	sin_COG	0	22
group_7447	shell	22	sin_COG	0	22
group_7168	shell	22	X	3	24
group_6974	shell	21	sin_COG	0	22
group_6926	shell	22	sin_COG	0	22
group_6463	shell	22	sin_COG	0	22
group_6411	shell	22	sin_COG	0	22
group_6305	shell	22	sin_COG	0	24
group_6080	shell	21	sin_COG	0	22
group_5590	shell	22	sin_COG	0	22
group_5468	shell	22	sin_COG	0	27
group_5330	shell	22	sin_COG	0	22
yajL	shell	21	V	19	22
group_5183	shell	22	sin_COG	0	22
group_5151	shell	21	sin_COG	0	22
group_4885	shell	21	sin_COG	0	23
fliS	shell	21	sin_COG	0	22
group_4645	shell	21	sin_COG	0	22
group_4542	shell	21	sin_COG	0	24
ubiG	shell	21	H	14	22
group_4377	shell	22	sin_COG	0	22
gLY1	shell	21	E	22	23
group_3987	shell	22	sin_COG	0	22
group_3807	shell	21	sin_COG	0	22
group_3705	shell	21	sin_COG	0	22
group_3492	shell	21	sin_COG	0	22
group_3402	shell	22	sin_COG	0	22
group_3294	shell	22	sin_COG	0	22
ycdT	shell	21	sin_COG	0	32
group_2964	shell	22	sin_COG	0	22
group_2896	shell	22	sin_COG	0	22
group_2110	shell	21	sin_COG	0	22
group_1491	shell	21	sin_COG	0	22
group_1241	shell	22	sin_COG	0	22
group_1222	shell	21	sin_COG	0	22
group_13623	shell	20	sin_COG	0	1
group_12559	shell	21	sin_COG	0	1
group_12446	shell	20	sin_COG	0	21
group_12303	shell	21	sin_COG	0	22
yvdP	shell	21	sin_COG	0	21
group_11271	shell	21	sin_COG	0	21
ureG	shell	20	sin_COG	0	21
group_10812	shell	21	sin_COG	0	21
group_9950	shell	21	sin_COG	0	2
group_9895	shell	21	sin_COG	0	21
group_9892	shell	21	sin_COG	0	21
group_9722	shell	21	sin_COG	0	21
group_9129	shell	21	sin_COG	0	21
ycjP	shell	21	sin_COG	0	21
ycjO	shell	21	sin_COG	0	21
group_8235	shell	21	sin_COG	0	22
group_7837	shell	20	sin_COG	0	21
ureE	shell	20	sin_COG	0	21
group_7371	shell	21	sin_COG	0	21
group_6853	shell	21	sin_COG	0	21
group_6545	shell	21	sin_COG	0	19
group_6506	shell	21	sin_COG	0	21
fliF	shell	20	sin_COG	0	25
group_6196	shell	20	sin_COG	0	15
group_5905	shell	21	sin_COG	0	21
flaG	shell	20	R	1	22
group_5785	shell	21	sin_COG	0	21
group_5784	shell	21	sin_COG	0	21
group_5724	shell	20	sin_COG	0	21
group_5664	shell	21	sin_COG	0	21
group_5656	shell	21	sin_COG	0	21
group_5547	shell	20	sin_COG	0	22
group_5517	shell	21	sin_COG	0	21
group_5359	shell	21	R	19	21
group_5353	shell	21	sin_COG	0	21
group_5221	shell	21	sin_COG	0	21
cheC	shell	20	sin_COG	0	21
group_4999	shell	20	sin_COG	0	21
group_4807	shell	21	sin_COG	0	21
group_4788	shell	20	sin_COG	0	22
fliW	shell	20	sin_COG	0	21
group_4487	shell	21	sin_COG	0	21
group_4386	shell	21	sin_COG	0	21
group_4368	shell	21	sin_COG	0	21
group_4366	shell	21	sin_COG	0	21
group_4362	shell	20	sin_COG	0	20
group_4199	shell	21	sin_COG	0	21
group_4198	shell	21	sin_COG	0	21
group_4014	shell	21	sin_COG	0	20
yviE	shell	20	sin_COG	0	21
flgK	shell	20	N	3	21
pgmB	shell	21	sin_COG	0	21
group_3925	shell	20	sin_COG	0	21
fMR2	shell	21	R	17	21
group_3725	shell	20	sin_COG	0	21
ureC	shell	20	E	21	21
group_3631	shell	21	sin_COG	0	20
group_3540	shell	21	sin_COG	0	21
group_3493	shell	21	sin_COG	0	21
group_3084	shell	21	sin_COG	0	21
group_2925	shell	21	sin_COG	0	21
group_2913	shell	21	sin_COG	0	21
fliT	shell	20	sin_COG	0	21
ureF	shell	20	sin_COG	0	21
ureD	shell	20	sin_COG	0	21
group_1919	shell	21	sin_COG	0	21
group_1844	shell	20	sin_COG	0	22
csrA	shell	20	sin_COG	0	21
group_1756	shell	21	sin_COG	0	21
group_1506	shell	21	sin_COG	0	21
group_1484	shell	21	sin_COG	0	21
group_1233	shell	21	sin_COG	0	21
group_1181	shell	21	sin_COG	0	21
group_1081	shell	20	sin_COG	0	21
ycgM	shell	21	Q	18	21
kdgR	shell	21	sin_COG	0	21
flgL	shell	20	sin_COG	0	21
group_336	shell	21	sin_COG	0	21
group_11992	shell	20	E	20	20
group_11962	shell	20	sin_COG	0	19
group_9922	shell	20	sin_COG	0	2
fliG	shell	19	N	18	20
group_9603	shell	20	sin_COG	0	1
group_9121	shell	20	sin_COG	0	2
group_8947	shell	19	sin_COG	0	1
group_7646	shell	20	sin_COG	0	21
group_7384	shell	20	sin_COG	0	22
group_7121	shell	20	sin_COG	0	20
group_7079	shell	20	V	13	13
group_6993	shell	20	X	5	20
group_6989	shell	20	sin_COG	0	20
group_6981	shell	20	X	5	24
group_6851	shell	20	sin_COG	0	20
group_6190	shell	20	sin_COG	0	20
rraB	shell	19	sin_COG	0	19
group_5661	shell	20	sin_COG	0	21
group_5390	shell	20	sin_COG	0	21
group_5340	shell	19	sin_COG	0	20
group_5233	shell	20	sin_COG	0	22
group_4951	shell	20	sin_COG	0	21
group_4609	shell	20	sin_COG	0	20
group_4553	shell	19	sin_COG	0	20
group_4526	shell	20	sin_COG	0	21
group_4200	shell	20	sin_COG	0	20
ftsZ	shell	20	sin_COG	0	20
flgC	shell	19	sin_COG	0	20
group_3787	shell	20	sin_COG	0	20
group_3661	shell	20	sin_COG	0	20
group_3400	shell	20	sin_COG	0	20
group_2109	shell	19	sin_COG	0	20
group_2081	shell	19	sin_COG	0	20
group_2028	shell	20	sin_COG	0	20
group_1234	shell	20	sin_COG	0	20
group_1205	shell	20	sin_COG	0	19
group_1182	shell	20	sin_COG	0	20
gldA	shell	19	sin_COG	0	20
group_12799	shell	19	sin_COG	0	1
group_12501	shell	19	sin_COG	0	20
group_12457	shell	19	sin_COG	0	19
group_12389	shell	18	sin_COG	0	19
group_11268	shell	19	H	19	20
group_11049	shell	18	sin_COG	0	4
group_7691	shell	19	sin_COG	0	21
group_7306	shell	19	sin_COG	0	19
group_7060	shell	18	sin_COG	0	19
group_6995	shell	19	sin_COG	0	21
group_6966	shell	19	sin_COG	0	19
group_6932	shell	19	sin_COG	0	21
group_6913	shell	19	sin_COG	0	19
group_6622	shell	19	G	16	19
dltD~~~dinB	shell	19	sin_COG	0	19
group_6605	shell	19	sin_COG	0	19
group_6500	shell	18	sin_COG	0	16
ytxH~~~yeeF	shell	18	sin_COG	0	22
group_5575	shell	19	sin_COG	0	19
group_5436	shell	19	sin_COG	0	19
group_5317	shell	19	sin_COG	0	21
group_5273	shell	19	sin_COG	0	16
group_5139	shell	19	sin_COG	0	19
group_5100	shell	19	sin_COG	0	19
group_5033	shell	19	sin_COG	0	19
group_5009	shell	19	sin_COG	0	19
group_4773	shell	19	sin_COG	0	19
group_4488	shell	19	sin_COG	0	19
group_4181	shell	18	sin_COG	0	18
group_4140	shell	18	sin_COG	0	20
group_3978	shell	19	sin_COG	0	19
group_3849	shell	19	sin_COG	0	19
group_3690	shell	19	R	19	20
group_3686	shell	19	sin_COG	0	19
group_3669	shell	18	sin_COG	0	20
group_3460	shell	19	sin_COG	0	19
group_3432	shell	18	sin_COG	0	18
group_3336	shell	19	R	19	19
nit1	shell	19	V	19	19
hxlR	shell	18	K	19	19
yjcZ	shell	18	sin_COG	0	13
abgB	shell	19	R	19	19
group_801	shell	18	sin_COG	0	7
fliE	shell	18	sin_COG	0	19
group_500	shell	19	sin_COG	0	19
cheW	shell	17	sin_COG	0	18
group_11958	shell	18	sin_COG	0	18
group_10961	shell	18	sin_COG	0	18
group_10204	shell	18	sin_COG	0	1
yraQ	shell	18	S	17	18
group_7510	shell	18	sin_COG	0	18
group_7485	shell	18	K	1	18
group_7431	shell	18	sin_COG	0	18
group_7385	shell	18	sin_COG	0	22
group_7376	shell	18	sin_COG	0	18
group_7040	shell	18	sin_COG	0	19
group_6850	shell	18	sin_COG	0	18
intQ	shell	18	sin_COG	0	18
group_6413	shell	17	sin_COG	0	18
group_6399	shell	17	sin_COG	0	23
group_6199	shell	18	sin_COG	0	19
group_6198	shell	18	P	18	18
group_6178	shell	17	sin_COG	0	19
group_6111	shell	18	sin_COG	0	18
group_6067	shell	18	sin_COG	0	18
group_6041	shell	18	sin_COG	0	18
group_5927	shell	18	sin_COG	0	19
group_5836	shell	17	sin_COG	0	18
group_5685	shell	18	sin_COG	0	18
group_5654	shell	18	sin_COG	0	18
group_5621	shell	18	sin_COG	0	16
group_5439	shell	17	sin_COG	0	18
group_5404	shell	17	sin_COG	0	18
group_5336	shell	18	sin_COG	0	18
group_5271	shell	18	E	17	17
fliJ	shell	17	sin_COG	0	18
group_5174	shell	18	sin_COG	0	20
group_5066	shell	17	sin_COG	0	18
group_4826	shell	17	sin_COG	0	18
group_4326	shell	18	sin_COG	0	18
group_4325	shell	18	C	18	18
group_4235	shell	18	sin_COG	0	18
fliK	shell	17	sin_COG	0	18
group_3831	shell	17	sin_COG	0	22
fliH	shell	17	sin_COG	0	18
fliI	shell	17	N	18	18
group_3421	shell	17	sin_COG	0	18
group_3237	shell	17	sin_COG	0	18
phnE	shell	17	sin_COG	0	18
group_2435	shell	18	sin_COG	0	18
group_2314	shell	18	sin_COG	0	18
group_2169	shell	17	H	16	18
group_2144	shell	18	sin_COG	0	8
group_2128	shell	18	sin_COG	0	18
flgB	shell	17	sin_COG	0	18
group_1739	shell	18	sin_COG	0	18
group_1440	shell	18	sin_COG	0	18
group_1439	shell	18	I	18	18
yraD	shell	18	sin_COG	0	18
pATA~~~cotR	shell	18	R	16	19
group_129	shell	18	sin_COG	0	18
group_18	shell	17	sin_COG	0	13
fliR	shell	16	N	17	18
group_12255	shell	17	sin_COG	0	17
group_12225	shell	17	C	17	17
fliQ	shell	16	N	17	17
group_11449	shell	17	K	14	17
group_11206	shell	17	sin_COG	0	17
flhB	shell	16	N	17	17
fliP	shell	16	N	7	17
group_10362	shell	17	sin_COG	0	4
fliL	shell	16	N	8	17
group_7563	shell	17	C	14	18
group_7513	shell	17	sin_COG	0	17
group_7479	shell	17	sin_COG	0	16
xerD~~~xerC	shell	17	sin_COG	0	21
group_7067	shell	17	sin_COG	0	17
group_6903	shell	17	sin_COG	0	17
group_6843	shell	17	sin_COG	0	17
group_6595	shell	17	X	2	20
group_6498	shell	17	sin_COG	0	17
group_6493	shell	16	sin_COG	0	18
group_6227	shell	17	sin_COG	0	17
group_5991	shell	17	sin_COG	0	17
zupT	shell	17	sin_COG	0	17
group_5837	shell	17	sin_COG	0	17
group_5756	shell	17	sin_COG	0	16
group_5726	shell	16	sin_COG	0	17
ylxH	shell	16	sin_COG	0	17
group_5518	shell	17	sin_COG	0	17
group_5514	shell	17	sin_COG	0	17
group_5375	shell	17	sin_COG	0	19
group_5362	shell	17	sin_COG	0	17
group_5204	shell	17	sin_COG	0	17
group_5089	shell	17	sin_COG	0	22
group_4911	shell	17	sin_COG	0	17
group_4901	shell	17	sin_COG	0	17
flhF	shell	16	sin_COG	0	17
group_4672	shell	17	sin_COG	0	17
srlA	shell	17	G	17	17
group_4593	shell	17	sin_COG	0	17
group_4533	shell	17	sin_COG	0	17
group_4532	shell	17	I	1	17
fliM	shell	16	N	17	17
group_4328	shell	17	sin_COG	0	17
flgD	shell	16	sin_COG	0	17
group_4156	shell	17	sin_COG	0	17
group_4085	shell	17	sin_COG	0	17
group_3824	shell	17	sin_COG	0	12
flgE	shell	16	sin_COG	0	17
group_3474	shell	17	sin_COG	0	17
group_3321	shell	17	sin_COG	0	17
group_3226	shell	17	sin_COG	0	17
group_3150	shell	17	sin_COG	0	17
group_2998	shell	17	G	15	17
group_2863	shell	17	sin_COG	0	17
flhA	shell	16	N	16	18
group_2769	shell	17	sin_COG	0	17
group_2674	shell	17	sin_COG	0	17
group_2304	shell	16	sin_COG	0	17
group_2267	shell	17	sin_COG	0	13
group_2183	shell	17	sin_COG	0	17
fliZ	shell	16	sin_COG	0	17
group_1860	shell	17	sin_COG	0	17
ymaF	shell	17	sin_COG	0	17
fliY	shell	16	sin_COG	0	17
group_1541	shell	17	sin_COG	0	9
group_1442	shell	17	sin_COG	0	17
group_1307	shell	17	sin_COG	0	17
flbD	shell	16	sin_COG	0	17
group_1087	shell	17	sin_COG	0	17
group_692	shell	17	sin_COG	0	17
qoxA	shell	17	C	17	17
qoxC	shell	17	C	17	17
group_494	shell	17	sin_COG	0	17
qoxB	shell	17	C	17	17
mpaA	shell	17	M	16	18
group_13631	shell	15	sin_COG	0	1
group_12411	shell	16	sin_COG	0	7
group_12145	shell	16	sin_COG	0	16
group_11730	shell	16	sin_COG	0	16
group_10469	shell	16	sin_COG	0	16
group_9565	shell	16	sin_COG	0	2
group_8058	shell	15	sin_COG	0	1
group_7920	shell	16	sin_COG	0	16
group_7557	shell	16	sin_COG	0	21
group_7477	shell	16	sin_COG	0	16
group_7454	shell	16	sin_COG	0	16
group_7420	shell	16	sin_COG	0	17
group_7414	shell	16	sin_COG	0	16
group_7350	shell	16	sin_COG	0	17
group_6999	shell	16	sin_COG	0	16
group_6956	shell	16	sin_COG	0	16
group_6861	shell	16	sin_COG	0	16
group_6495	shell	16	sin_COG	0	16
group_6426	shell	16	sin_COG	0	16
group_6292	shell	16	sin_COG	0	16
group_6286	shell	16	sin_COG	0	18
group_6059	shell	15	sin_COG	0	20
group_6056	shell	16	sin_COG	0	16
group_6047	shell	16	sin_COG	0	1
group_5840	shell	16	sin_COG	0	16
group_5811	shell	16	sin_COG	0	16
group_5453	shell	16	sin_COG	0	16
group_4947	shell	16	sin_COG	0	16
group_4558	shell	16	sin_COG	0	12
group_4219	shell	16	sin_COG	0	16
group_4203	shell	16	sin_COG	0	16
group_4041	shell	15	sin_COG	0	16
group_4000	shell	15	sin_COG	0	8
group_3890	shell	16	sin_COG	0	12
group_3869	shell	15	sin_COG	0	16
group_3860	shell	16	sin_COG	0	16
group_3603	shell	16	sin_COG	0	16
group_3580	shell	16	sin_COG	0	16
group_3468	shell	16	sin_COG	0	16
group_3286	shell	15	sin_COG	0	16
group_3179	shell	16	sin_COG	0	15
group_2960	shell	16	sin_COG	0	3
group_2828	shell	16	sin_COG	0	16
tatC	shell	16	sin_COG	0	16
dinB~~~ykkA	shell	16	sin_COG	0	18
group_2464	shell	16	sin_COG	0	6
group_1980	shell	16	sin_COG	0	14
group_1192	shell	16	sin_COG	0	2
group_1082	shell	16	sin_COG	0	16
group_612	shell	16	sin_COG	0	17
group_12429	shell	15	sin_COG	0	15
group_12356	shell	15	sin_COG	0	11
group_12293	shell	15	sin_COG	0	16
group_12061	shell	15	sin_COG	0	2
group_11843	shell	15	sin_COG	0	2
group_11767	shell	15	sin_COG	0	15
group_11589	shell	15	sin_COG	0	2
group_11360	shell	15	sin_COG	0	15
group_11356	shell	15	sin_COG	0	10
group_10884	shell	15	sin_COG	0	16
group_8289	shell	15	sin_COG	0	15
group_8261	shell	15	sin_COG	0	15
pucK	shell	15	sin_COG	0	15
group_7693	shell	15	sin_COG	0	15
group_7663	shell	15	sin_COG	0	13
group_7640	shell	14	sin_COG	0	15
group_7493	shell	15	sin_COG	0	14
group_7342	shell	15	sin_COG	0	15
group_7295	shell	15	sin_COG	0	15
group_7290	shell	15	sin_COG	0	16
group_7266	shell	15	sin_COG	0	15
bclB	shell	15	sin_COG	0	15
group_7154	shell	15	sin_COG	0	15
group_7123	shell	15	sin_COG	0	15
group_6977	shell	15	sin_COG	0	15
group_6877	shell	15	sin_COG	0	15
feuB	shell	15	sin_COG	0	15
group_6844	shell	14	sin_COG	0	15
group_6836	shell	14	sin_COG	0	15
group_6835	shell	14	sin_COG	0	15
tuaE	shell	14	sin_COG	0	16
group_6817	shell	14	sin_COG	0	15
group_6779	shell	14	sin_COG	0	15
group_6778	shell	14	sin_COG	0	15
group_6697	shell	15	sin_COG	0	15
ywqD	shell	14	sin_COG	0	15
group_6543	shell	15	sin_COG	0	15
group_6522	shell	15	G	15	15
ywqC	shell	14	sin_COG	0	15
group_6517	shell	14	sin_COG	0	15
group_6289	shell	14	sin_COG	0	16
group_6279	shell	15	sin_COG	0	15
group_6271	shell	15	I	15	15
group_6102	shell	15	sin_COG	0	15
group_5732	shell	15	sin_COG	0	16
adaA~~~araC	shell	14	sin_COG	0	18
group_5198	shell	15	sin_COG	0	18
group_5113	shell	15	sin_COG	0	15
zipA	shell	15	R	14	15
group_5012	shell	15	sin_COG	0	15
group_4973	shell	15	M	13	15
group_4869	shell	15	sin_COG	0	15
group_4833	shell	15	sin_COG	0	23
group_4813	shell	15	sin_COG	0	15
group_4109	shell	15	sin_COG	0	15
group_4068	shell	14	sin_COG	0	16
gabD	shell	14	sin_COG	0	15
group_4050	shell	14	sin_COG	0	15
group_3996	shell	15	sin_COG	0	15
group_3672	shell	15	sin_COG	0	15
group_3543	shell	14	sin_COG	0	15
group_3437	shell	15	sin_COG	0	15
group_3426	shell	15	K	1	15
group_3223	shell	14	sin_COG	0	15
group_2589	shell	15	sin_COG	0	16
group_2079	shell	15	sin_COG	0	14
group_2029	shell	14	sin_COG	0	15
group_1412	shell	15	sin_COG	0	3
group_925	shell	14	sin_COG	0	15
group_584	shell	14	sin_COG	0	9
group_424	shell	15	sin_COG	0	14
group_418	shell	15	sin_COG	0	13
group_133	shell	15	sin_COG	0	14
group_13727	shell	14	X	4	15
group_12245	shell	14	sin_COG	0	14
group_12175	shell	14	sin_COG	0	14
group_11820	shell	14	sin_COG	0	14
group_11779	shell	14	sin_COG	0	14
group_11769	shell	14	sin_COG	0	14
group_11535	shell	14	sin_COG	0	14
group_11304	shell	14	sin_COG	0	14
group_11239	shell	14	sin_COG	0	14
group_11231	shell	14	sin_COG	0	14
group_11223	shell	13	sin_COG	0	14
group_11058	shell	14	sin_COG	0	10
group_11022	shell	13	sin_COG	0	2
group_10495	shell	14	sin_COG	0	14
group_9906	shell	14	sin_COG	0	2
group_9572	shell	13	sin_COG	0	14
group_8661	shell	14	sin_COG	0	7
group_8536	shell	14	sin_COG	0	14
group_7660	shell	14	sin_COG	0	14
group_7603	shell	14	sin_COG	0	14
group_7536	shell	14	sin_COG	0	14
group_7472	shell	14	X	3	14
group_7457	shell	14	sin_COG	0	14
group_7377	shell	14	X	3	15
group_7367	shell	14	sin_COG	0	14
group_7317	shell	14	sin_COG	0	14
group_7248	shell	14	sin_COG	0	14
group_7230	shell	14	V	12	13
group_7206	shell	14	sin_COG	0	16
ymaE	shell	14	sin_COG	0	14
group_7023	shell	14	sin_COG	0	15
group_7003	shell	14	sin_COG	0	16
group_6969	shell	14	sin_COG	0	15
group_6967	shell	14	sin_COG	0	14
group_6952	shell	14	sin_COG	0	14
group_6945	shell	14	sin_COG	0	15
group_6921	shell	14	sin_COG	0	14
sspA	shell	14	D	14	14
group_6859	shell	14	sin_COG	0	14
tuaG	shell	14	sin_COG	0	14
group_6809	shell	14	sin_COG	0	14
cpsE	shell	13	sin_COG	0	14
group_6745	shell	13	sin_COG	0	13
group_6603	shell	14	sin_COG	0	14
group_6531	shell	14	sin_COG	0	14
group_6525	shell	14	sin_COG	0	21
group_6509	shell	14	sin_COG	0	15
group_6496	shell	14	sin_COG	0	12
group_6472	shell	13	sin_COG	0	15
group_6440	shell	14	sin_COG	0	14
group_6346	shell	14	sin_COG	0	14
group_6208	shell	14	sin_COG	0	11
group_6189	shell	14	sin_COG	0	14
group_6030	shell	13	sin_COG	0	14
group_5951	shell	14	sin_COG	0	14
group_5856	shell	13	sin_COG	0	15
group_5855	shell	13	sin_COG	0	15
group_5747	shell	14	sin_COG	0	16
group_5738	shell	14	sin_COG	0	14
radD	shell	13	sin_COG	0	15
group_5546	shell	13	sin_COG	0	14
aseR	shell	14	sin_COG	0	14
group_5074	shell	14	sin_COG	0	14
group_4914	shell	14	sin_COG	0	15
group_4832	shell	14	sin_COG	0	14
group_4644	shell	13	sin_COG	0	14
rspR	shell	13	sin_COG	0	14
group_4416	shell	14	sin_COG	0	14
group_4298	shell	14	sin_COG	0	14
group_4177	shell	14	P	2	14
gltR~~~lysR	shell	14	sin_COG	0	14
group_3801	shell	14	sin_COG	0	14
group_3719	shell	14	sin_COG	0	14
group_3701	shell	14	sin_COG	0	14
group_3277	shell	14	sin_COG	0	10
group_3263	shell	14	sin_COG	0	14
group_3108	shell	14	sin_COG	0	14
group_3079	shell	13	sin_COG	0	15
group_2952	shell	13	sin_COG	0	14
group_2871	shell	14	sin_COG	0	14
group_2717	shell	14	sin_COG	0	17
group_2684	shell	13	sin_COG	0	14
group_2618	shell	14	sin_COG	0	14
group_2444	shell	13	sin_COG	0	14
group_1859	shell	13	sin_COG	0	14
group_1709	shell	14	sin_COG	0	14
group_1550	shell	14	sin_COG	0	14
group_1249	shell	14	sin_COG	0	14
group_1111	shell	14	sin_COG	0	2
group_1023	shell	14	sin_COG	0	13
group_884	shell	13	sin_COG	0	14
group_756	shell	14	sin_COG	0	14
group_511	shell	14	sin_COG	0	15
group_446	shell	14	sin_COG	0	13
group_396	shell	14	sin_COG	0	14
group_394	shell	14	sin_COG	0	13
group_13085	shell	13	sin_COG	0	1
group_11592	shell	13	sin_COG	0	2
group_11406	shell	13	sin_COG	0	13
group_10373	shell	13	sin_COG	0	1
group_10163	shell	13	sin_COG	0	1
group_10149	shell	12	sin_COG	0	2
group_7948	shell	13	sin_COG	0	9
group_7657	shell	13	sin_COG	0	13
group_7604	shell	13	sin_COG	0	13
group_7565	shell	13	sin_COG	0	15
group_7555	shell	13	sin_COG	0	13
group_7393	shell	13	sin_COG	0	12
group_7228	shell	13	sin_COG	0	13
group_7165	shell	13	R	10	13
group_7132	shell	13	sin_COG	0	13
group_7116	shell	13	sin_COG	0	13
group_7093	shell	13	sin_COG	0	13
group_7085	shell	13	X	2	13
group_7024	shell	13	sin_COG	0	13
group_7013	shell	13	X	8	13
group_6997	shell	13	sin_COG	0	13
flaA1	shell	13	M	13	13
group_6329	shell	13	sin_COG	0	22
group_6106	shell	13	sin_COG	0	13
group_6000	shell	13	sin_COG	0	23
group_5896	shell	12	sin_COG	0	13
group_5882	shell	13	sin_COG	0	13
group_5717	shell	13	sin_COG	0	13
group_5713	shell	13	sin_COG	0	13
group_5683	shell	13	sin_COG	0	15
group_5673	shell	12	sin_COG	0	14
group_5526	shell	12	sin_COG	0	13
folA	shell	13	H	4	14
group_5257	shell	13	sin_COG	0	13
group_5255	shell	13	sin_COG	0	15
manA	shell	13	sin_COG	0	13
group_4909	shell	13	sin_COG	0	10
sunS	shell	13	sin_COG	0	13
group_4539	shell	13	sin_COG	0	13
group_4306	shell	13	sin_COG	0	13
group_3592	shell	13	sin_COG	0	13
gdnC~~~ykkC	shell	13	sin_COG	0	13
group_3445	shell	13	sin_COG	0	13
group_3346	shell	13	sin_COG	0	6
group_3266	shell	12	sin_COG	0	13
group_3004	shell	13	sin_COG	0	13
group_2904	shell	12	sin_COG	0	13
group_2664	shell	13	sin_COG	0	13
group_2503	shell	13	sin_COG	0	12
group_2285	shell	13	sin_COG	0	5
group_2097	shell	13	sin_COG	0	10
mcpA	shell	12	sin_COG	0	14
kdpD	shell	12	sin_COG	0	13
group_1314	shell	13	sin_COG	0	13
group_1271	shell	13	sin_COG	0	13
group_1158	shell	13	sin_COG	0	13
group_1130	shell	13	sin_COG	0	10
group_615	shell	13	sin_COG	0	13
group_452	shell	13	sin_COG	0	13
group_30	shell	12	sin_COG	0	14
group_13425	shell	12	sin_COG	0	1
group_12419	shell	12	sin_COG	0	15
group_12321	shell	11	sin_COG	0	13
group_11765	shell	12	sin_COG	0	12
group_11716	shell	12	sin_COG	0	12
group_11452	shell	12	sin_COG	0	8
phnH	shell	11	sin_COG	0	12
phnL	shell	11	sin_COG	0	12
group_11312	shell	12	sin_COG	0	12
group_11224	shell	12	sin_COG	0	12
group_11018	shell	12	sin_COG	0	12
group_10237	shell	11	sin_COG	0	1
group_10225	shell	12	sin_COG	0	1
group_10179	shell	12	sin_COG	0	1
group_10169	shell	12	sin_COG	0	4
group_9981	shell	12	sin_COG	0	11
group_9513	shell	11	sin_COG	0	12
group_9468	shell	11	sin_COG	0	12
phnK	shell	11	sin_COG	0	12
group_8814	shell	11	sin_COG	0	12
group_8373	shell	12	sin_COG	0	12
group_7495	shell	12	X	6	15
group_7439	shell	12	sin_COG	0	12
group_7323	shell	12	sin_COG	0	12
group_7268	shell	12	sin_COG	0	12
group_7224	shell	12	sin_COG	0	12
group_7214	shell	12	sin_COG	0	14
group_7139	shell	12	sin_COG	0	15
group_7087	shell	12	sin_COG	0	12
group_7044	shell	12	sin_COG	0	11
group_7032	shell	12	sin_COG	0	12
group_6971	shell	12	sin_COG	0	10
group_6924	shell	12	sin_COG	0	15
group_6899	shell	12	sin_COG	0	12
group_6898	shell	12	sin_COG	0	12
group_6875	shell	12	sin_COG	0	12
group_6874	shell	12	sin_COG	0	12
group_6865	shell	12	sin_COG	0	12
group_6797	shell	11	sin_COG	0	13
yobK	shell	12	sin_COG	0	13
group_6414	shell	12	sin_COG	0	12
group_6403	shell	12	sin_COG	0	12
mdaB	shell	12	R	9	12
group_6343	shell	12	sin_COG	0	1
group_6298	shell	11	sin_COG	0	12
group_6233	shell	12	sin_COG	0	12
group_6018	shell	12	sin_COG	0	12
group_5985	shell	12	sin_COG	0	12
group_5803	shell	12	sin_COG	0	12
citE	shell	12	G	12	12
atuA	shell	12	sin_COG	0	12
group_5616	shell	12	sin_COG	0	14
group_5584	shell	12	sin_COG	0	12
group_5545	shell	11	sin_COG	0	12
group_5485	shell	12	sin_COG	0	15
group_5480	shell	12	sin_COG	0	12
group_5469	shell	12	sin_COG	0	12
group_5467	shell	12	S	1	13
group_5387	shell	12	I	12	12
group_5288	shell	12	sin_COG	0	10
group_5277	shell	12	sin_COG	0	12
phnI	shell	11	sin_COG	0	12
group_5196	shell	12	sin_COG	0	11
group_4983	shell	12	sin_COG	0	12
group_4970	shell	12	sin_COG	0	11
group_4921	shell	11	sin_COG	0	12
group_4872	shell	12	sin_COG	0	10
group_4845	shell	12	sin_COG	0	10
group_4816	shell	12	sin_COG	0	12
group_4806	shell	12	sin_COG	0	12
group_4781	shell	12	sin_COG	0	12
phnM	shell	11	sin_COG	0	12
group_4471	shell	12	sin_COG	0	13
group_4458	shell	12	sin_COG	0	12
group_4457	shell	12	sin_COG	0	12
group_4253	shell	11	sin_COG	0	12
group_4179	shell	12	C	12	12
caiB	shell	12	I	12	12
group_3939	shell	12	sin_COG	0	12
group_3871	shell	12	sin_COG	0	12
ykkD	shell	12	sin_COG	0	12
group_3793	shell	12	sin_COG	0	12
group_3730	shell	12	sin_COG	0	12
group_3688	shell	12	sin_COG	0	12
group_3534	shell	12	sin_COG	0	14
group_3309	shell	12	sin_COG	0	12
phnG	shell	11	sin_COG	0	12
group_2892	shell	12	sin_COG	0	11
group_2793	shell	12	sin_COG	0	12
group_2752	shell	12	sin_COG	0	12
group_2737	shell	12	sin_COG	0	12
plaP	shell	12	sin_COG	0	12
group_2595	shell	12	sin_COG	0	12
group_2382	shell	12	sin_COG	0	12
group_2212	shell	12	sin_COG	0	11
group_2018	shell	12	K	12	12
group_1931	shell	12	sin_COG	0	11
group_1770	shell	12	sin_COG	0	12
group_1706	shell	12	sin_COG	0	12
group_1694	shell	12	sin_COG	0	12
group_1664	shell	12	sin_COG	0	7
pucR	shell	12	sin_COG	0	12
group_1311	shell	11	sin_COG	0	12
group_1294	shell	12	sin_COG	0	12
leuA	shell	12	E	12	12
group_1077	shell	11	sin_COG	0	13
group_1012	shell	12	sin_COG	0	12
mdcA	shell	12	sin_COG	0	12
group_719	shell	12	sin_COG	0	12
group_539	shell	12	sin_COG	0	12
group_335	shell	12	sin_COG	0	12
group_284	shell	12	sin_COG	0	13
group_13684	shell	11	sin_COG	0	10
group_13018	shell	11	sin_COG	0	1
group_12602	shell	11	sin_COG	0	11
group_12150	shell	10	sin_COG	0	11
group_11785	shell	11	sin_COG	0	11
group_11778	shell	11	sin_COG	0	2
group_11350	shell	11	sin_COG	0	14
group_11249	shell	11	sin_COG	0	11
group_11162	shell	11	sin_COG	0	11
group_11142	shell	11	sin_COG	0	11
yxeN	shell	11	sin_COG	0	11
group_10263	shell	11	sin_COG	0	11
group_9959	shell	11	sin_COG	0	1
group_9924	shell	11	sin_COG	0	1
yxeO	shell	11	sin_COG	0	11
group_9375	shell	10	sin_COG	0	11
group_9044	shell	11	sin_COG	0	11
group_8028	shell	10	sin_COG	0	11
group_8002	shell	11	sin_COG	0	11
group_7696	shell	11	sin_COG	0	11
group_7685	shell	11	sin_COG	0	11
group_7659	shell	11	sin_COG	0	11
group_7633	shell	11	sin_COG	0	11
group_7619	shell	11	sin_COG	0	8
group_7489	shell	11	sin_COG	0	16
group_7446	shell	11	sin_COG	0	11
group_7432	shell	11	sin_COG	0	11
group_7395	shell	11	sin_COG	0	11
group_7334	shell	11	sin_COG	0	11
group_7312	shell	10	L	1	17
group_7271	shell	11	sin_COG	0	13
group_7260	shell	11	sin_COG	0	11
group_7253	shell	11	sin_COG	0	12
group_7235	shell	11	sin_COG	0	12
group_7129	shell	11	sin_COG	0	11
group_6947	shell	11	sin_COG	0	11
group_6871	shell	11	sin_COG	0	11
group_6832	shell	11	sin_COG	0	11
group_6751	shell	11	G	10	11
group_6735	shell	11	sin_COG	0	11
group_6685	shell	11	sin_COG	0	11
group_6669	shell	11	sin_COG	0	10
group_6662	shell	11	sin_COG	0	11
group_6621	shell	11	sin_COG	0	12
rfbD	shell	11	sin_COG	0	11
group_6503	shell	11	sin_COG	0	11
group_6494	shell	11	sin_COG	0	11
rfbB	shell	11	sin_COG	0	11
group_6474	shell	11	sin_COG	0	11
group_6412	shell	11	sin_COG	0	11
group_6307	shell	11	sin_COG	0	11
group_6301	shell	11	sin_COG	0	12
group_6294	shell	11	sin_COG	0	10
group_6260	shell	11	sin_COG	0	11
group_6244	shell	11	sin_COG	0	10
group_6241	shell	11	K	10	10
group_6038	shell	11	sin_COG	0	13
group_5897	shell	10	sin_COG	0	11
ribR	shell	11	sin_COG	0	11
group_5777	shell	11	sin_COG	0	11
group_5542	shell	11	sin_COG	0	12
msr	shell	10	sin_COG	0	11
group_5364	shell	11	sin_COG	0	11
group_5218	shell	11	sin_COG	0	11
group_4938	shell	10	sin_COG	0	11
gltR	shell	11	sin_COG	0	11
group_4873	shell	11	sin_COG	0	10
group_4824	shell	10	sin_COG	0	11
group_4805	shell	11	sin_COG	0	11
group_4697	shell	11	sin_COG	0	7
group_4681	shell	11	sin_COG	0	10
group_4668	shell	11	sin_COG	0	10
group_4665	shell	11	sin_COG	0	12
group_4657	shell	11	sin_COG	0	11
pfkA	shell	11	sin_COG	0	11
group_4346	shell	11	sin_COG	0	11
group_4176	shell	11	sin_COG	0	11
group_4040	shell	11	sin_COG	0	12
group_3641	shell	11	sin_COG	0	11
group_3372	shell	11	sin_COG	0	3
group_3245	shell	11	sin_COG	0	9
group_3101	shell	11	sin_COG	0	4
group_3062	shell	11	sin_COG	0	4
group_2947	shell	10	sin_COG	0	11
group_2906	shell	11	sin_COG	0	11
group_2840	shell	11	sin_COG	0	11
group_2784	shell	11	sin_COG	0	11
group_2749	shell	11	sin_COG	0	11
group_2683	shell	11	sin_COG	0	11
group_2660	shell	10	sin_COG	0	11
group_2635	shell	10	sin_COG	0	11
group_2583	shell	10	H	6	11
group_2582	shell	10	sin_COG	0	11
group_2173	shell	11	sin_COG	0	9
group_2154	shell	11	sin_COG	0	11
group_2153	shell	11	sin_COG	0	11
group_2148	shell	11	sin_COG	0	11
group_1813	shell	11	sin_COG	0	11
group_1780	shell	11	sin_COG	0	11
group_1671	shell	10	sin_COG	0	8
group_1619	shell	11	sin_COG	0	11
group_1495	shell	11	sin_COG	0	11
group_1479	shell	11	sin_COG	0	11
group_1436	shell	11	sin_COG	0	10
group_1250	shell	11	sin_COG	0	11
group_1180	shell	11	sin_COG	0	11
group_1125	shell	11	sin_COG	0	11
yxeP	shell	11	sin_COG	0	11
group_1089	shell	11	sin_COG	0	11
group_1083	shell	11	sin_COG	0	11
group_1025	shell	11	sin_COG	0	11
group_828	shell	11	sin_COG	0	11
group_827	shell	11	sin_COG	0	12
group_696	shell	10	sin_COG	0	12
group_595	shell	11	sin_COG	0	5
group_547	shell	10	sin_COG	0	11
group_454	shell	11	sin_COG	0	11
hyuB	shell	10	E	11	11
hyuA	shell	10	E	11	11
group_351	shell	10	sin_COG	0	11
group_13677	shell	10	sin_COG	0	8
group_12605	shell	10	sin_COG	0	10
group_12526	shell	10	sin_COG	0	8
group_12194	shell	10	sin_COG	0	12
group_12174	shell	10	sin_COG	0	8
group_12167	shell	10	sin_COG	0	12
group_12069	shell	10	sin_COG	0	2
group_11516	shell	10	sin_COG	0	3
group_11191	shell	10	sin_COG	0	10
group_10814	shell	10	sin_COG	0	5
group_9193	shell	10	sin_COG	0	9
group_8714	shell	10	sin_COG	0	10
benM	shell	10	sin_COG	0	10
group_7801	shell	10	sin_COG	0	10
group_7715	shell	10	sin_COG	0	11
group_7694	shell	10	sin_COG	0	10
group_7625	shell	10	sin_COG	0	8
group_7600	shell	10	sin_COG	0	10
group_7527	shell	10	G	1	10
group_7465	shell	9	sin_COG	0	10
group_7373	shell	10	sin_COG	0	10
group_7365	shell	10	sin_COG	0	10
group_7337	shell	10	sin_COG	0	10
group_7331	shell	10	sin_COG	0	10
group_7303	shell	10	sin_COG	0	10
group_7293	shell	10	sin_COG	0	10
group_7256	shell	10	sin_COG	0	10
group_7203	shell	10	sin_COG	0	12
group_7191	shell	10	sin_COG	0	10
group_7140	shell	9	sin_COG	0	10
group_7131	shell	10	sin_COG	0	10
group_7130	shell	10	sin_COG	0	10
group_7038	shell	10	sin_COG	0	10
group_6970	shell	10	sin_COG	0	10
sigX	shell	10	sin_COG	0	10
group_6896	shell	10	sin_COG	0	10
group_6873	shell	10	sin_COG	0	10
group_6869	shell	10	sin_COG	0	10
group_6803	shell	10	sin_COG	0	10
aNKYR	shell	10	T	4	11
group_6758	shell	10	sin_COG	0	10
group_6642	shell	10	sin_COG	0	10
group_6570	shell	10	sin_COG	0	10
group_6447	shell	10	sin_COG	0	10
group_6434	shell	10	sin_COG	0	11
group_6433	shell	10	sin_COG	0	10
group_6402	shell	10	sin_COG	0	11
group_6387	shell	10	sin_COG	0	10
group_6314	shell	10	sin_COG	0	10
group_6282	shell	10	X	1	12
group_6278	shell	10	X	2	15
epsJ	shell	10	sin_COG	0	10
group_6172	shell	10	sin_COG	0	12
group_6164	shell	9	sin_COG	0	10
group_6161	shell	10	sin_COG	0	9
group_6035	shell	10	sin_COG	0	10
group_5678	shell	10	sin_COG	0	10
group_5557	shell	10	sin_COG	0	1
group_5493	shell	10	sin_COG	0	10
group_5242	shell	10	sin_COG	0	12
group_5213	shell	9	sin_COG	0	10
group_5210	shell	10	sin_COG	0	2
group_5152	shell	10	sin_COG	0	5
group_5018	shell	10	sin_COG	0	3
group_4858	shell	10	sin_COG	0	10
group_4648	shell	10	sin_COG	0	10
group_4441	shell	10	sin_COG	0	10
group_4293	shell	10	sin_COG	0	10
group_4190	shell	10	sin_COG	0	10
group_4122	shell	10	sin_COG	0	10
group_4063	shell	10	sin_COG	0	10
group_4003	shell	9	sin_COG	0	10
group_3972	shell	10	sin_COG	0	2
group_3964	shell	10	sin_COG	0	4
group_3632	shell	10	sin_COG	0	10
group_3587	shell	10	sin_COG	0	10
group_3518	shell	10	sin_COG	0	9
group_3380	shell	10	sin_COG	0	9
group_3288	shell	10	sin_COG	0	10
group_3287	shell	10	sin_COG	0	10
group_3022	shell	10	sin_COG	0	10
group_2879	shell	9	sin_COG	0	10
yuzF	shell	10	sin_COG	0	9
group_2856	shell	10	sin_COG	0	10
group_2774	shell	10	sin_COG	0	9
group_2763	shell	10	sin_COG	0	11
ydhK	shell	10	sin_COG	0	10
group_2651	shell	10	sin_COG	0	10
group_2645	shell	10	sin_COG	0	10
group_2381	shell	10	sin_COG	0	10
group_2253	shell	10	sin_COG	0	10
group_2120	shell	10	sin_COG	0	11
group_1981	shell	10	sin_COG	0	9
group_1903	shell	9	sin_COG	0	7
group_1682	shell	9	sin_COG	0	10
group_1613	shell	10	sin_COG	0	10
eamA	shell	10	sin_COG	0	10
group_1417	shell	10	sin_COG	0	10
group_1297	shell	10	sin_COG	0	11
group_1195	shell	10	sin_COG	0	10
group_1061	shell	10	sin_COG	0	10
group_825	shell	10	sin_COG	0	10
group_779	shell	10	sin_COG	0	10
group_655	shell	10	sin_COG	0	3
group_459	shell	10	sin_COG	0	9
group_377	shell	10	sin_COG	0	10
group_13729	shell	9	sin_COG	0	9
group_13718	shell	9	sin_COG	0	9
group_13691	shell	9	sin_COG	0	9
group_13689	shell	9	sin_COG	0	9
group_13678	shell	9	sin_COG	0	7
group_12516	shell	9	sin_COG	0	9
group_12442	shell	9	sin_COG	0	6
group_12248	shell	9	sin_COG	0	9
group_12190	shell	9	sin_COG	0	9
group_12045	shell	9	sin_COG	0	9
group_12035	shell	9	sin_COG	0	9
group_12006	shell	9	sin_COG	0	9
group_11930	shell	9	sin_COG	0	9
group_11869	shell	9	sin_COG	0	9
group_11649	shell	9	sin_COG	0	9
group_11473	shell	9	sin_COG	0	9
group_11442	shell	9	sin_COG	0	9
group_11328	shell	9	sin_COG	0	6
group_11225	shell	9	sin_COG	0	9
group_11209	shell	9	sin_COG	0	3
group_11067	shell	8	sin_COG	0	9
group_10932	shell	9	sin_COG	0	7
group_10910	shell	9	sin_COG	0	3
group_10902	shell	9	sin_COG	0	9
ulaD	shell	9	G	8	8
group_10844	shell	9	sin_COG	0	9
group_10825	shell	9	sin_COG	0	6
group_9871	shell	9	sin_COG	0	2
group_9321	shell	9	sin_COG	0	9
group_8969	shell	9	sin_COG	0	9
group_8852	shell	9	sin_COG	0	9
group_8669	shell	9	sin_COG	0	9
group_8573	shell	8	sin_COG	0	9
rclR	shell	9	sin_COG	0	9
group_8191	shell	9	sin_COG	0	1
group_7711	shell	9	sin_COG	0	9
group_7669	shell	9	sin_COG	0	9
group_7616	shell	9	sin_COG	0	9
group_7586	shell	9	sin_COG	0	9
group_7581	shell	9	sin_COG	0	11
group_7554	shell	9	sin_COG	0	9
group_7549	shell	9	sin_COG	0	10
group_7521	shell	9	sin_COG	0	9
group_7516	shell	9	sin_COG	0	10
group_7511	shell	9	sin_COG	0	9
group_7338	shell	9	sin_COG	0	9
group_7308	shell	9	T	1	9
group_7279	shell	9	sin_COG	0	11
group_7201	shell	9	R	3	9
group_7037	shell	9	sin_COG	0	9
acuI	shell	9	sin_COG	0	13
group_6948	shell	9	sin_COG	0	9
group_6906	shell	9	sin_COG	0	9
yjdJ	shell	9	sin_COG	0	9
group_6864	shell	9	sin_COG	0	9
group_6856	shell	9	sin_COG	0	8
group_6828	shell	9	M	4	9
coxG	shell	9	sin_COG	0	9
group_6656	shell	9	sin_COG	0	9
group_6564	shell	9	sin_COG	0	9
group_6489	shell	9	sin_COG	0	9
group_6456	shell	9	sin_COG	0	9
group_6420	shell	9	sin_COG	0	9
group_6396	shell	9	sin_COG	0	9
group_6357	shell	9	sin_COG	0	9
group_6352	shell	9	sin_COG	0	9
nudJ	shell	9	sin_COG	0	9
group_6243	shell	9	sin_COG	0	9
group_6232	shell	9	sin_COG	0	9
group_6224	shell	9	sin_COG	0	9
group_6139	shell	9	sin_COG	0	9
group_6131	shell	9	sin_COG	0	9
cpaB~~~hlyD	shell	8	sin_COG	0	9
group_6117	shell	9	sin_COG	0	9
group_6112	shell	9	sin_COG	0	9
group_5994	shell	9	sin_COG	0	9
group_5989	shell	9	sin_COG	0	10
group_5958	shell	9	sin_COG	0	8
group_5832	shell	9	sin_COG	0	9
group_5831	shell	9	sin_COG	0	17
group_5639	shell	9	sin_COG	0	9
group_5509	shell	8	sin_COG	0	9
group_5499	shell	9	sin_COG	0	9
group_5441	shell	8	sin_COG	0	9
group_5346	shell	9	sin_COG	0	9
group_5267	shell	9	X	6	10
group_5219	shell	9	sin_COG	0	9
group_4989	shell	9	sin_COG	0	9
group_4944	shell	9	sin_COG	0	7
group_4831	shell	9	sin_COG	0	9
group_4737	shell	9	sin_COG	0	9
group_4535	shell	8	sin_COG	0	9
group_4462	shell	9	sin_COG	0	9
group_4424	shell	9	sin_COG	0	4
group_4361	shell	8	sin_COG	0	10
group_4285	shell	9	sin_COG	0	9
group_4150	shell	9	sin_COG	0	9
group_4018	shell	9	sin_COG	0	9
group_3735	shell	9	sin_COG	0	10
group_3391	shell	9	sin_COG	0	9
group_3279	shell	9	X	4	13
group_3175	shell	9	sin_COG	0	9
group_3166	shell	9	sin_COG	0	9
group_3162	shell	8	sin_COG	0	9
group_3142	shell	9	sin_COG	0	9
group_3123	shell	9	sin_COG	0	9
group_3006	shell	9	sin_COG	0	6
group_2956	shell	9	sin_COG	0	9
scl1	shell	9	sin_COG	0	9
group_2689	shell	9	sin_COG	0	10
group_2479	shell	9	sin_COG	0	8
group_1883	shell	9	sin_COG	0	9
group_1754	shell	9	sin_COG	0	3
group_1751	shell	8	sin_COG	0	9
group_1719	shell	9	sin_COG	0	9
group_1718	shell	9	sin_COG	0	9
group_1416	shell	9	sin_COG	0	9
group_1276	shell	9	sin_COG	0	9
group_1256	shell	9	sin_COG	0	9
group_1058	shell	9	sin_COG	0	9
group_926	shell	8	sin_COG	0	7
group_844	shell	9	sin_COG	0	9
group_311	shell	9	sin_COG	0	9
yezG	shell	9	sin_COG	0	9
group_218	shell	9	sin_COG	0	9
group_184	shell	9	sin_COG	0	9
group_102	shell	9	sin_COG	0	9
group_12723	shell	8	sin_COG	0	1
group_12717	shell	8	sin_COG	0	1
group_12613	shell	8	sin_COG	0	8
group_12257	shell	8	sin_COG	0	8
group_12002	shell	8	sin_COG	0	7
group_11595	shell	8	sin_COG	0	8
group_11445	shell	8	sin_COG	0	8
group_11413	shell	8	sin_COG	0	8
group_11370	shell	8	C	4	8
group_11358	shell	8	sin_COG	0	6
group_11315	shell	8	sin_COG	0	8
group_11197	shell	8	R	8	8
group_11145	shell	8	sin_COG	0	8
group_11080	shell	8	sin_COG	0	8
group_10773	shell	8	sin_COG	0	7
group_10251	shell	7	sin_COG	0	6
group_10241	shell	8	sin_COG	0	8
group_10162	shell	8	sin_COG	0	3
group_9974	shell	8	sin_COG	0	1
group_9864	shell	8	sin_COG	0	1
group_9492	shell	8	sin_COG	0	2
group_9061	shell	8	sin_COG	0	4
group_8654	shell	8	sin_COG	0	1
group_8378	shell	8	sin_COG	0	1
opp4C	shell	8	sin_COG	0	8
group_7961	shell	8	sin_COG	0	8
group_7894	shell	8	sin_COG	0	8
group_7781	shell	8	sin_COG	0	8
group_7704	shell	8	sin_COG	0	8
group_7514	shell	8	sin_COG	0	8
group_7507	shell	8	V	3	8
group_7504	shell	8	sin_COG	0	8
group_7492	shell	8	sin_COG	0	8
group_7484	shell	8	sin_COG	0	8
group_7476	shell	8	sin_COG	0	9
group_7473	shell	8	sin_COG	0	8
group_7460	shell	8	sin_COG	0	9
group_7452	shell	7	sin_COG	0	8
group_7389	shell	8	sin_COG	0	7
group_7366	shell	8	sin_COG	0	8
group_7344	shell	8	sin_COG	0	8
group_7339	shell	8	sin_COG	0	8
group_7236	shell	7	sin_COG	0	7
group_7210	shell	8	sin_COG	0	8
group_7136	shell	8	sin_COG	0	8
group_7033	shell	8	sin_COG	0	7
group_7016	shell	8	sin_COG	0	8
group_6972	shell	8	sin_COG	0	8
group_6949	shell	8	sin_COG	0	8
group_6942	shell	8	sin_COG	0	8
group_6937	shell	8	sin_COG	0	8
group_6900	shell	8	sin_COG	0	8
group_6870	shell	8	sin_COG	0	8
group_6676	shell	8	sin_COG	0	8
group_6658	shell	8	sin_COG	0	10
group_6638	shell	8	sin_COG	0	8
group_6616	shell	7	sin_COG	0	8
group_6499	shell	8	sin_COG	0	8
group_6441	shell	8	sin_COG	0	8
group_6373	shell	8	sin_COG	0	8
group_6370	shell	8	sin_COG	0	9
group_6338	shell	8	sin_COG	0	8
group_6323	shell	8	sin_COG	0	8
group_6245	shell	8	sin_COG	0	8
group_6206	shell	8	sin_COG	0	7
rebO	shell	8	sin_COG	0	9
group_6154	shell	8	sin_COG	0	8
group_5963	shell	8	sin_COG	0	8
group_5773	shell	8	sin_COG	0	8
group_5762	shell	8	sin_COG	0	8
group_5751	shell	7	sin_COG	0	8
group_5716	shell	7	sin_COG	0	8
group_5606	shell	8	sin_COG	0	10
group_5528	shell	8	sin_COG	0	9
group_5521	shell	8	sin_COG	0	10
group_5452	shell	7	sin_COG	0	8
group_5369	shell	8	sin_COG	0	12
group_5344	shell	8	sin_COG	0	8
group_5337	shell	8	sin_COG	0	8
group_5319	shell	8	sin_COG	0	8
group_5305	shell	8	sin_COG	0	4
group_5297	shell	8	sin_COG	0	8
group_5248	shell	8	sin_COG	0	8
group_5247	shell	8	K	5	8
yukD	shell	8	U	1	1
group_5107	shell	8	sin_COG	0	8
group_5073	shell	7	sin_COG	0	8
group_5053	shell	8	sin_COG	0	9
group_4905	shell	8	sin_COG	0	2
group_4680	shell	8	sin_COG	0	4
group_4634	shell	8	sin_COG	0	8
group_4622	shell	8	sin_COG	0	5
group_4605	shell	8	sin_COG	0	10
group_4280	shell	8	sin_COG	0	7
group_4148	shell	8	sin_COG	0	8
group_4128	shell	7	sin_COG	0	8
group_4121	shell	8	sin_COG	0	8
malY	shell	8	E	8	8
group_3988	shell	8	sin_COG	0	8
group_3935	shell	8	P	3	8
group_3918	shell	8	sin_COG	0	8
group_3874	shell	8	sin_COG	0	8
copC	shell	8	sin_COG	0	8
group_3728	shell	8	sin_COG	0	9
group_3636	shell	8	sin_COG	0	8
group_3506	shell	8	sin_COG	0	8
group_3448	shell	8	sin_COG	0	8
group_3374	shell	8	sin_COG	0	8
group_3015	shell	8	sin_COG	0	8
group_2945	shell	8	sin_COG	0	8
group_2932	shell	8	sin_COG	0	8
group_2772	shell	8	sin_COG	0	8
group_2662	shell	8	K	6	8
group_2555	shell	8	sin_COG	0	8
group_2540	shell	8	sin_COG	0	1
group_2315	shell	8	sin_COG	0	8
group_2271	shell	8	sin_COG	0	3
group_1601	shell	8	E	8	8
group_1293	shell	8	sin_COG	0	7
group_1227	shell	8	sin_COG	0	4
group_1160	shell	7	sin_COG	0	8
group_1153	shell	8	T	1	8
group_1098	shell	8	sin_COG	0	8
group_1095	shell	8	sin_COG	0	8
brnQ	shell	8	sin_COG	0	8
group_852	shell	8	K	8	8
ridA	shell	8	sin_COG	0	9
group_820	shell	8	sin_COG	0	8
group_755	shell	7	sin_COG	0	8
group_748	shell	8	sin_COG	0	8
group_711	shell	8	sin_COG	0	8
group_626	shell	8	sin_COG	0	8
group_625	shell	8	sin_COG	0	8
group_559	shell	8	sin_COG	0	3
group_486	shell	8	sin_COG	0	8
group_429	shell	8	sin_COG	0	7
group_403	shell	8	J	7	7
group_398	shell	8	E	8	8
group_378	shell	8	sin_COG	0	7
group_148	shell	8	sin_COG	0	5
tnpB	shell	8	X	7	9
bpoC	shell	8	sin_COG	0	8
group_13734	shell	7	sin_COG	0	7
group_13733	shell	7	X	3	7
group_13712	shell	7	X	2	6
group_13704	shell	7	sin_COG	0	6
group_13688	shell	7	sin_COG	0	7
group_12480	shell	7	K	7	7
group_12468	shell	7	sin_COG	0	8
group_12466	shell	7	sin_COG	0	7
group_12374	shell	7	sin_COG	0	4
group_12322	shell	7	sin_COG	0	8
group_12308	shell	7	sin_COG	0	7
group_12171	cloud	6	sin_COG	0	7
group_11976	shell	7	sin_COG	0	5
group_11975	cloud	6	G	4	7
yoqH	shell	7	sin_COG	0	7
group_11891	shell	7	sin_COG	0	7
group_11653	shell	7	sin_COG	0	7
group_11593	shell	7	sin_COG	0	7
group_11505	shell	7	sin_COG	0	6
group_11352	shell	7	sin_COG	0	7
group_11351	shell	7	sin_COG	0	7
group_11332	shell	7	sin_COG	0	7
group_11295	cloud	6	sin_COG	0	7
group_11251	shell	7	sin_COG	0	2
group_11248	shell	7	sin_COG	0	7
group_11217	shell	7	sin_COG	0	3
group_11185	shell	7	sin_COG	0	5
group_11152	shell	7	sin_COG	0	5
group_10855	shell	7	sin_COG	0	6
group_10818	cloud	6	sin_COG	0	7
group_10800	shell	7	sin_COG	0	7
group_10435	cloud	6	sin_COG	0	7
group_10414	shell	7	sin_COG	0	7
group_10353	shell	7	sin_COG	0	1
group_10177	shell	7	sin_COG	0	1
group_10154	cloud	6	sin_COG	0	7
group_10012	shell	7	sin_COG	0	2
group_9821	shell	7	sin_COG	0	7
group_9740	shell	7	sin_COG	0	1
group_9736	shell	7	sin_COG	0	2
group_9379	shell	7	sin_COG	0	2
group_9268	shell	7	sin_COG	0	7
group_9019	shell	7	sin_COG	0	7
ybjT	shell	7	R	7	7
group_8665	shell	7	sin_COG	0	7
group_8634	cloud	6	sin_COG	0	1
group_8627	cloud	6	sin_COG	0	4
group_8568	cloud	6	sin_COG	0	6
group_8566	shell	7	sin_COG	0	7
group_8417	shell	7	K	7	7
group_7990	shell	7	sin_COG	0	7
group_7953	shell	7	sin_COG	0	6
yobV	shell	7	K	7	7
group_7902	shell	7	sin_COG	0	1
group_7847	shell	7	sin_COG	0	2
group_7713	shell	7	sin_COG	0	14
group_7701	shell	7	sin_COG	0	7
group_7668	shell	7	sin_COG	0	7
abgT	shell	7	sin_COG	0	7
group_7618	shell	7	sin_COG	0	7
group_7612	shell	7	sin_COG	0	8
group_7605	shell	7	sin_COG	0	8
group_7593	shell	7	sin_COG	0	8
group_7589	shell	7	sin_COG	0	7
group_7584	shell	7	sin_COG	0	7
group_7577	shell	7	sin_COG	0	8
group_7540	shell	7	sin_COG	0	7
group_7517	shell	7	R	2	9
group_7475	shell	7	sin_COG	0	7
group_7469	shell	7	sin_COG	0	7
group_7406	shell	7	M	7	7
group_7398	shell	7	sin_COG	0	7
group_7388	shell	7	sin_COG	0	8
group_7380	shell	7	sin_COG	0	7
group_7358	shell	7	sin_COG	0	7
group_7288	shell	7	M	5	7
group_7275	shell	7	sin_COG	0	8
group_7243	shell	7	D	3	7
group_7232	shell	7	sin_COG	0	7
group_7227	shell	7	sin_COG	0	7
group_7193	shell	7	sin_COG	0	7
group_7163	shell	7	sin_COG	0	8
group_7134	shell	7	sin_COG	0	8
group_7133	shell	7	sin_COG	0	7
group_7113	shell	7	sin_COG	0	7
group_7108	shell	7	sin_COG	0	8
group_7064	shell	7	X	1	11
group_7059	shell	7	sin_COG	0	7
group_7046	shell	7	sin_COG	0	8
group_7027	shell	7	sin_COG	0	6
group_6994	shell	7	sin_COG	0	7
group_6990	shell	7	H	7	7
group_6984	shell	7	sin_COG	0	7
group_6940	shell	7	sin_COG	0	7
group_6920	shell	7	sin_COG	0	7
group_6914	shell	7	sin_COG	0	6
group_6887	shell	7	sin_COG	0	6
fosB	shell	7	sin_COG	0	7
yokK	cloud	6	sin_COG	0	7
group_6770	shell	7	sin_COG	0	8
group_6641	shell	7	sin_COG	0	7
group_6607	shell	7	sin_COG	0	7
group_6597	shell	7	X	1	8
group_6586	shell	7	sin_COG	0	7
group_6585	shell	7	sin_COG	0	1
group_6491	shell	7	sin_COG	0	7
group_6479	cloud	6	sin_COG	0	7
group_6451	shell	7	sin_COG	0	6
group_6405	shell	7	sin_COG	0	8
group_6361	shell	7	sin_COG	0	7
group_6347	shell	7	sin_COG	0	7
group_6267	shell	7	sin_COG	0	7
group_6261	shell	7	sin_COG	0	9
group_6254	shell	7	sin_COG	0	7
mmcQ	shell	7	K	7	7
dcd	shell	7	sin_COG	0	7
group_6103	cloud	6	sin_COG	0	7
group_6070	cloud	6	sin_COG	0	7
group_6045	shell	7	sin_COG	0	7
group_5964	shell	7	sin_COG	0	7
dcm	shell	7	J	5	7
group_5835	cloud	6	sin_COG	0	7
group_5786	shell	7	sin_COG	0	7
group_5740	shell	7	X	12	14
group_5722	shell	7	sin_COG	0	9
group_5699	shell	7	sin_COG	0	7
group_5698	shell	7	G	6	8
group_5680	shell	7	sin_COG	0	7
group_5633	shell	7	sin_COG	0	7
group_5552	shell	7	sin_COG	0	7
group_5403	shell	7	sin_COG	0	7
group_5386	shell	7	sin_COG	0	7
group_5263	shell	7	sin_COG	0	7
group_5206	cloud	6	sin_COG	0	7
group_5124	shell	7	I	7	7
tauD	shell	7	Q	7	7
group_5121	shell	7	sin_COG	0	7
group_5120	shell	7	sin_COG	0	7
group_5119	shell	7	sin_COG	0	7
group_5078	shell	7	M	7	7
group_5070	shell	7	sin_COG	0	7
group_5067	shell	7	sin_COG	0	8
group_4963	shell	7	sin_COG	0	7
group_4946	cloud	6	sin_COG	0	7
group_4864	cloud	6	sin_COG	0	7
group_4798	shell	7	sin_COG	0	7
group_4796	shell	7	sin_COG	0	7
group_4736	shell	7	sin_COG	0	7
group_4695	shell	7	I	6	8
group_4630	shell	7	sin_COG	0	7
group_4588	shell	7	sin_COG	0	7
group_4560	shell	7	sin_COG	0	7
sigK	shell	7	sin_COG	0	7
yqjQ	shell	7	R	7	7
group_4467	shell	7	sin_COG	0	7
group_4431	shell	7	sin_COG	0	7
ssuD	shell	7	H	5	8
group_4300	shell	7	sin_COG	0	7
group_4283	shell	7	sin_COG	0	9
group_4213	shell	7	I	7	7
group_4185	shell	7	sin_COG	0	7
group_4178	shell	7	sin_COG	0	7
group_4025	shell	7	E	7	7
group_3785	shell	7	sin_COG	0	7
group_3780	shell	7	sin_COG	0	8
group_3764	shell	7	sin_COG	0	7
group_3759	shell	7	sin_COG	0	7
group_3757	shell	7	I	7	7
group_3612	shell	7	sin_COG	0	7
group_3610	shell	7	sin_COG	0	11
group_3500	shell	7	sin_COG	0	4
group_3479	shell	7	sin_COG	0	8
group_3472	shell	7	I	7	7
group_3452	shell	7	sin_COG	0	7
aes	shell	7	I	7	7
group_3393	shell	7	sin_COG	0	7
group_3386	shell	7	sin_COG	0	7
group_3379	shell	7	sin_COG	0	7
group_3360	shell	7	sin_COG	0	6
group_3260	shell	7	sin_COG	0	7
group_3239	shell	7	G	7	7
group_3221	shell	7	K	5	8
group_3056	shell	7	sin_COG	0	7
nhaG	shell	7	sin_COG	0	7
group_2900	cloud	6	sin_COG	0	7
group_2845	shell	7	sin_COG	0	7
group_2830	shell	7	sin_COG	0	2
group_2778	cloud	6	sin_COG	0	7
group_2594	shell	7	sin_COG	0	7
group_2564	shell	7	sin_COG	0	6
yhaK	shell	7	R	4	7
group_2233	shell	7	sin_COG	0	7
group_2217	shell	7	sin_COG	0	7
group_2125	shell	7	sin_COG	0	5
group_2095	shell	7	sin_COG	0	7
group_2065	shell	7	sin_COG	0	7
group_1996	shell	7	sin_COG	0	7
group_1983	shell	7	sin_COG	0	7
group_1898	shell	7	R	7	7
group_1787	shell	7	sin_COG	0	7
group_1765	shell	7	sin_COG	0	7
group_1747	shell	7	sin_COG	0	7
group_1746	shell	7	sin_COG	0	7
group_1727	shell	7	sin_COG	0	7
yeiH	shell	7	S	7	7
group_1658	shell	7	sin_COG	0	7
group_1633	shell	7	sin_COG	0	7
group_1581	shell	7	sin_COG	0	7
group_1530	shell	7	sin_COG	0	5
msnO8	shell	7	sin_COG	0	9
group_1374	shell	7	sin_COG	0	7
group_1318	cloud	6	sin_COG	0	6
group_1317	shell	7	sin_COG	0	7
group_1206	shell	7	sin_COG	0	6
group_1100	shell	7	sin_COG	0	7
group_1030	shell	7	sin_COG	0	7
group_994	shell	7	sin_COG	0	7
group_945	shell	7	sin_COG	0	7
group_897	cloud	6	sin_COG	0	7
group_823	shell	7	sin_COG	0	7
group_788	shell	7	sin_COG	0	7
yrvL	shell	7	sin_COG	0	7
group_406	shell	7	sin_COG	0	7
group_404	shell	7	sin_COG	0	7
meaB	shell	7	sin_COG	0	7
group_399	shell	7	sin_COG	0	7
group_331	shell	7	sin_COG	0	8
group_154	shell	7	sin_COG	0	6
group_125	shell	7	sin_COG	0	7
group_13741	cloud	6	sin_COG	0	7
group_13740	cloud	6	sin_COG	0	6
binR~~~spoIVCA	cloud	6	L	2	6
group_13736	cloud	6	sin_COG	0	6
group_13724	cloud	6	sin_COG	0	6
group_13716	cloud	6	sin_COG	0	6
group_13713	cloud	6	sin_COG	0	6
group_13012	cloud	6	sin_COG	0	1
group_12781	cloud	6	sin_COG	0	1
group_12527	cloud	6	sin_COG	0	7
group_12488	cloud	6	sin_COG	0	6
group_12426	cloud	5	sin_COG	0	10
group_12362	cloud	6	sin_COG	0	6
group_12359	cloud	6	sin_COG	0	6
group_12342	cloud	6	sin_COG	0	6
group_12301	cloud	6	sin_COG	0	6
group_12291	cloud	6	sin_COG	0	7
lrpA	cloud	6	sin_COG	0	7
group_12276	cloud	6	sin_COG	0	6
group_12260	cloud	6	sin_COG	0	6
group_12241	cloud	6	sin_COG	0	5
group_12221	cloud	5	C	6	6
group_12178	cloud	6	sin_COG	0	6
group_12177	cloud	6	sin_COG	0	4
group_12098	cloud	6	sin_COG	0	6
group_12081	cloud	6	sin_COG	0	3
group_12062	cloud	6	sin_COG	0	2
group_11960	cloud	6	sin_COG	0	5
group_11880	cloud	6	sin_COG	0	6
group_11749	cloud	6	sin_COG	0	6
group_11718	cloud	6	sin_COG	0	6
group_11688	cloud	5	sin_COG	0	6
group_11645	cloud	6	sin_COG	0	6
group_11633	cloud	6	sin_COG	0	5
group_11494	cloud	5	sin_COG	0	5
group_11465	cloud	5	sin_COG	0	6
group_11429	cloud	6	sin_COG	0	5
group_11424	cloud	6	sin_COG	0	6
group_11423	cloud	6	sin_COG	0	6
group_11414	cloud	6	sin_COG	0	6
group_11345	cloud	6	sin_COG	0	6
group_11260	cloud	6	sin_COG	0	6
group_11240	cloud	6	sin_COG	0	3
group_11227	cloud	6	sin_COG	0	6
group_11205	cloud	6	sin_COG	0	4
group_11166	cloud	6	sin_COG	0	6
group_11164	cloud	6	sin_COG	0	6
yddN	cloud	6	sin_COG	0	6
group_11119	cloud	6	sin_COG	0	5
group_11106	cloud	6	sin_COG	0	6
group_11089	cloud	6	sin_COG	0	2
group_11079	cloud	6	sin_COG	0	6
group_11071	cloud	6	sin_COG	0	3
group_11015	cloud	5	sin_COG	0	0
group_10989	cloud	6	sin_COG	0	6
group_10983	cloud	6	sin_COG	0	6
group_10977	cloud	6	sin_COG	0	6
group_10973	cloud	6	sin_COG	0	5
group_10943	cloud	5	sin_COG	0	6
group_10940	cloud	6	sin_COG	0	6
group_10839	cloud	6	sin_COG	0	5
rpe	cloud	6	sin_COG	0	6
group_10315	cloud	6	sin_COG	0	3
group_10215	cloud	6	sin_COG	0	6
group_9827	cloud	6	sin_COG	0	1
group_9820	cloud	6	sin_COG	0	6
group_9766	cloud	6	sin_COG	0	6
group_9702	cloud	6	sin_COG	0	6
group_9697	cloud	6	sin_COG	0	3
nusB	cloud	6	sin_COG	0	5
group_9577	cloud	6	sin_COG	0	1
group_9478	cloud	6	sin_COG	0	4
group_9446	cloud	6	sin_COG	0	2
group_9396	cloud	6	sin_COG	0	6
group_9320	cloud	5	sin_COG	0	6
group_9239	cloud	6	sin_COG	0	6
group_9218	cloud	6	sin_COG	0	2
group_9133	cloud	6	sin_COG	0	6
group_9073	cloud	6	sin_COG	0	1
group_8942	cloud	6	sin_COG	0	2
group_8752	cloud	6	sin_COG	0	1
group_8632	cloud	6	sin_COG	0	1
group_8607	cloud	6	sin_COG	0	6
group_8539	cloud	6	sin_COG	0	3
group_8470	cloud	6	sin_COG	0	1
group_8334	cloud	6	sin_COG	0	6
group_8083	cloud	6	sin_COG	0	6
group_8023	cloud	6	sin_COG	0	6
group_8020	cloud	6	sin_COG	0	6
group_7893	cloud	6	sin_COG	0	6
group_7849	cloud	6	sin_COG	0	6
group_7827	cloud	6	sin_COG	0	6
group_7768	cloud	6	sin_COG	0	6
group_7764	cloud	6	sin_COG	0	6
group_7703	cloud	6	sin_COG	0	6
group_7699	cloud	6	sin_COG	0	6
group_7689	cloud	6	sin_COG	0	8
group_7688	cloud	6	sin_COG	0	7
group_7628	cloud	6	sin_COG	0	6
group_7597	cloud	6	sin_COG	0	6
group_7591	cloud	6	sin_COG	0	6
group_7569	cloud	6	sin_COG	0	6
group_7537	cloud	6	sin_COG	0	6
group_7523	cloud	6	sin_COG	0	6
group_7483	cloud	6	sin_COG	0	6
ybfO	cloud	6	Q	5	6
group_7461	cloud	6	sin_COG	0	5
group_7459	cloud	6	sin_COG	0	6
group_7455	cloud	6	sin_COG	0	6
group_7449	cloud	6	sin_COG	0	6
group_7423	cloud	6	sin_COG	0	6
group_7418	cloud	6	sin_COG	0	6
group_7408	cloud	6	sin_COG	0	6
group_7404	cloud	6	sin_COG	0	6
group_7330	cloud	6	sin_COG	0	6
group_7302	cloud	6	sin_COG	0	6
group_7300	cloud	6	sin_COG	0	7
yqiK~~~yfhA	cloud	6	R	1	6
group_7280	cloud	6	sin_COG	0	6
group_7265	cloud	6	sin_COG	0	6
group_7261	cloud	6	sin_COG	0	6
group_7255	cloud	6	sin_COG	0	6
group_7244	cloud	6	sin_COG	0	5
group_7233	cloud	6	sin_COG	0	6
secG	cloud	6	sin_COG	0	6
group_7204	cloud	6	sin_COG	0	6
group_7183	cloud	6	sin_COG	0	6
group_7138	cloud	6	sin_COG	0	5
group_7084	cloud	6	sin_COG	0	6
group_7056	cloud	6	sin_COG	0	6
feuC	cloud	5	sin_COG	0	6
group_7026	cloud	6	E	6	6
group_6979	cloud	6	sin_COG	0	6
group_6968	cloud	6	sin_COG	0	6
group_6946	cloud	6	sin_COG	0	8
group_6829	cloud	6	sin_COG	0	6
group_6819	cloud	6	sin_COG	0	6
group_6768	cloud	6	sin_COG	0	6
group_6740	cloud	6	sin_COG	0	5
group_6731	cloud	6	sin_COG	0	6
group_6729	cloud	6	sin_COG	0	6
group_6692	cloud	6	sin_COG	0	7
group_6591	cloud	6	sin_COG	0	6
group_6588	cloud	6	sin_COG	0	6
group_6537	cloud	6	sin_COG	0	6
group_6523	cloud	6	sin_COG	0	6
group_6512	cloud	6	sin_COG	0	6
group_6465	cloud	6	sin_COG	0	6
group_6416	cloud	6	sin_COG	0	6
group_6398	cloud	6	sin_COG	0	7
group_6341	cloud	6	sin_COG	0	6
group_6306	cloud	6	sin_COG	0	6
group_6288	cloud	6	sin_COG	0	6
group_6221	cloud	6	sin_COG	0	7
group_6195	cloud	6	sin_COG	0	6
group_6163	cloud	6	sin_COG	0	6
group_6094	cloud	6	sin_COG	0	6
group_6048	cloud	6	sin_COG	0	6
group_5959	cloud	6	sin_COG	0	6
group_5852	cloud	6	sin_COG	0	6
group_5760	cloud	5	sin_COG	0	6
group_5731	cloud	6	sin_COG	0	6
group_5643	cloud	5	sin_COG	0	6
group_5585	cloud	6	sin_COG	0	6
group_5543	cloud	6	sin_COG	0	6
group_5489	cloud	6	sin_COG	0	6
group_5478	cloud	5	sin_COG	0	5
group_5389	cloud	5	sin_COG	0	8
group_5370	cloud	6	sin_COG	0	6
group_5308	cloud	6	sin_COG	0	6
group_5289	cloud	6	sin_COG	0	6
group_5287	cloud	6	sin_COG	0	6
group_5246	cloud	6	sin_COG	0	6
group_5223	cloud	6	sin_COG	0	6
group_5216	cloud	6	sin_COG	0	6
group_5211	cloud	6	sin_COG	0	6
group_5142	cloud	6	sin_COG	0	6
group_5129	cloud	5	sin_COG	0	6
group_5065	cloud	6	sin_COG	0	6
group_4996	cloud	6	sin_COG	0	5
group_4860	cloud	5	sin_COG	0	6
yqbO	cloud	6	sin_COG	0	6
group_4829	cloud	6	sin_COG	0	6
group_4794	cloud	6	sin_COG	0	6
group_4769	cloud	6	sin_COG	0	6
group_4763	cloud	6	sin_COG	0	6
group_4675	cloud	6	sin_COG	0	6
group_4669	cloud	6	sin_COG	0	1
group_4621	cloud	6	sin_COG	0	7
group_4482	cloud	5	sin_COG	0	5
group_4453	cloud	6	sin_COG	0	5
group_4438	cloud	6	sin_COG	0	8
group_4434	cloud	6	sin_COG	0	6
group_4355	cloud	6	sin_COG	0	2
group_4317	cloud	5	sin_COG	0	6
group_4309	cloud	6	sin_COG	0	6
group_4308	cloud	6	sin_COG	0	6
group_4301	cloud	6	sin_COG	0	2
group_4271	cloud	6	sin_COG	0	6
group_4247	cloud	6	sin_COG	0	6
group_4196	cloud	6	sin_COG	0	6
immA	cloud	6	O	3	6
group_4139	cloud	6	sin_COG	0	6
group_4138	cloud	6	sin_COG	0	6
group_4112	cloud	5	sin_COG	0	6
group_3985	cloud	6	sin_COG	0	6
group_3951	cloud	5	sin_COG	0	1
group_3945	cloud	5	sin_COG	0	6
kdpC	cloud	5	sin_COG	0	6
group_3907	cloud	6	sin_COG	0	6
group_3845	cloud	6	sin_COG	0	5
group_3823	cloud	6	sin_COG	0	6
glpE	cloud	6	sin_COG	0	6
group_3766	cloud	6	sin_COG	0	5
group_3683	cloud	6	sin_COG	0	6
group_3656	cloud	6	sin_COG	0	5
group_3638	cloud	6	sin_COG	0	6
cdiI	cloud	6	sin_COG	0	6
rhaA	cloud	6	sin_COG	0	6
group_3451	cloud	5	sin_COG	0	5
group_3373	cloud	5	sin_COG	0	6
group_3322	cloud	6	sin_COG	0	8
group_3186	cloud	6	sin_COG	0	6
group_3148	cloud	6	sin_COG	0	6
group_3144	cloud	6	sin_COG	0	6
group_3135	cloud	6	sin_COG	0	5
group_3046	cloud	6	sin_COG	0	6
group_3036	cloud	6	sin_COG	0	4
group_3035	cloud	6	sin_COG	0	5
arsR	cloud	6	K	6	6
group_2921	cloud	6	sin_COG	0	6
group_2795	cloud	6	sin_COG	0	6
cgeB	cloud	5	sin_COG	0	6
group_2719	cloud	6	sin_COG	0	6
group_2711	cloud	6	sin_COG	0	3
group_2694	cloud	5	sin_COG	0	6
group_2682	cloud	6	sin_COG	0	5
group_2677	cloud	6	sin_COG	0	6
group_2656	cloud	6	sin_COG	0	6
group_2570	cloud	6	sin_COG	0	7
group_2568	cloud	6	sin_COG	0	2
group_2557	cloud	6	sin_COG	0	4
group_2511	cloud	6	sin_COG	0	6
group_2483	cloud	6	sin_COG	0	5
group_2420	cloud	5	X	3	5
group_2417	cloud	6	sin_COG	0	6
group_2347	cloud	6	sin_COG	0	6
group_2316	cloud	6	sin_COG	0	6
group_2196	cloud	6	sin_COG	0	6
kdpDN	cloud	5	sin_COG	0	6
group_1991	cloud	6	sin_COG	0	6
rhaB	cloud	6	sin_COG	0	6
group_1891	cloud	5	sin_COG	0	6
tagH	cloud	5	sin_COG	0	6
group_1832	cloud	6	sin_COG	0	6
group_1781	cloud	6	sin_COG	0	5
group_1750	cloud	6	sin_COG	0	6
group_1659	cloud	6	sin_COG	0	6
group_1654	cloud	6	sin_COG	0	4
group_1644	cloud	6	sin_COG	0	6
group_1642	cloud	6	sin_COG	0	6
group_1584	cloud	6	sin_COG	0	6
group_1449	cloud	6	sin_COG	0	4
ccmA	cloud	6	sin_COG	0	6
group_1389	cloud	5	sin_COG	0	6
group_1368	cloud	6	sin_COG	0	6
group_1356	cloud	6	sin_COG	0	2
group_1300	cloud	6	sin_COG	0	6
group_1272	cloud	6	sin_COG	0	6
group_1259	cloud	6	sin_COG	0	4
group_1207	cloud	6	sin_COG	0	6
group_1178	cloud	5	sin_COG	0	6
group_1129	cloud	6	sin_COG	0	6
group_1107	cloud	6	sin_COG	0	7
group_1106	cloud	6	sin_COG	0	6
group_1099	cloud	5	sin_COG	0	6
group_1042	cloud	5	sin_COG	0	6
group_1011	cloud	6	sin_COG	0	5
group_957	cloud	6	sin_COG	0	6
group_952	cloud	6	sin_COG	0	6
kdpA	cloud	5	sin_COG	0	6
group_836	cloud	6	sin_COG	0	5
group_787	cloud	6	sin_COG	0	6
kdpB	cloud	5	sin_COG	0	8
group_672	cloud	6	sin_COG	0	6
group_662	cloud	6	sin_COG	0	6
group_571	cloud	6	sin_COG	0	6
slyA	cloud	6	sin_COG	0	6
group_531	cloud	6	sin_COG	0	6
group_517	cloud	6	sin_COG	0	6
group_476	cloud	6	sin_COG	0	6
group_288	cloud	6	sin_COG	0	6
group_252	cloud	6	sin_COG	0	6
group_241	cloud	6	sin_COG	0	7
group_119	cloud	6	sin_COG	0	6
group_99	cloud	6	sin_COG	0	6
group_79	cloud	6	sin_COG	0	6
group_13735	cloud	5	sin_COG	0	5
group_13726	cloud	5	sin_COG	0	5
group_13723	cloud	5	sin_COG	0	6
group_13722	cloud	5	sin_COG	0	5
group_13715	cloud	5	sin_COG	0	5
group_13711	cloud	5	sin_COG	0	5
group_13710	cloud	5	sin_COG	0	5
group_13708	cloud	5	sin_COG	0	5
group_13706	cloud	5	sin_COG	0	5
group_13703	cloud	5	sin_COG	0	3
group_13682	cloud	5	sin_COG	0	5
dfr	cloud	5	sin_COG	0	5
group_13627	cloud	5	sin_COG	0	1
group_13418	cloud	5	sin_COG	0	1
group_13405	cloud	5	sin_COG	0	1
group_13103	cloud	5	sin_COG	0	1
group_13081	cloud	5	sin_COG	0	1
group_12782	cloud	5	sin_COG	0	5
group_12709	cloud	5	sin_COG	0	5
group_12606	cloud	5	sin_COG	0	5
group_12568	cloud	5	sin_COG	0	5
group_12497	cloud	5	sin_COG	0	5
group_12456	cloud	5	sin_COG	0	5
group_12450	cloud	5	sin_COG	0	5
group_12443	cloud	5	sin_COG	0	8
group_12431	cloud	5	sin_COG	0	5
group_12427	cloud	5	sin_COG	0	5
group_12408	cloud	5	sin_COG	0	5
group_12407	cloud	4	sin_COG	0	5
group_12351	cloud	4	sin_COG	0	6
group_12343	cloud	5	sin_COG	0	5
group_12302	cloud	5	sin_COG	0	5
group_12243	cloud	5	sin_COG	0	5
group_12222	cloud	5	sin_COG	0	5
group_12191	cloud	5	sin_COG	0	5
group_12169	cloud	5	sin_COG	0	5
group_12156	cloud	5	sin_COG	0	5
group_12093	cloud	5	sin_COG	0	5
group_12088	cloud	5	sin_COG	0	4
group_12059	cloud	5	sin_COG	0	5
group_11999	cloud	4	sin_COG	0	4
group_11950	cloud	5	sin_COG	0	5
group_11929	cloud	4	sin_COG	0	2
group_11845	cloud	5	sin_COG	0	4
group_11788	cloud	5	sin_COG	0	5
group_11784	cloud	5	sin_COG	0	5
group_11754	cloud	5	sin_COG	0	5
group_11745	cloud	5	sin_COG	0	4
group_11733	cloud	5	sin_COG	0	5
group_11706	cloud	5	sin_COG	0	5
group_11687	cloud	5	sin_COG	0	5
group_11651	cloud	5	sin_COG	0	4
group_11513	cloud	5	sin_COG	0	5
group_11508	cloud	5	sin_COG	0	4
group_11506	cloud	5	sin_COG	0	5
group_11481	cloud	5	sin_COG	0	5
yfjD	cloud	5	sin_COG	0	4
group_11392	cloud	5	V	5	5
group_11365	cloud	5	sin_COG	0	5
group_11279	cloud	5	sin_COG	0	6
group_11247	cloud	5	sin_COG	0	5
group_11202	cloud	5	sin_COG	0	5
group_11141	cloud	5	sin_COG	0	4
group_11124	cloud	5	sin_COG	0	5
group_10917	cloud	5	sin_COG	0	4
group_10914	cloud	5	sin_COG	0	5
group_10856	cloud	5	sin_COG	0	4
group_10836	cloud	5	sin_COG	0	5
group_10835	cloud	5	sin_COG	0	5
group_10832	cloud	5	X	4	5
group_10829	cloud	5	X	4	4
group_10828	cloud	5	X	4	5
group_10811	cloud	5	sin_COG	0	5
group_10809	cloud	5	X	5	5
group_10771	cloud	5	R	2	5
group_10671	cloud	5	sin_COG	0	5
group_10562	cloud	5	sin_COG	0	5
group_10537	cloud	5	sin_COG	0	1
group_10172	cloud	5	sin_COG	0	1
group_10170	cloud	4	sin_COG	0	5
group_10164	cloud	5	sin_COG	0	1
group_10021	cloud	5	sin_COG	0	5
group_9941	cloud	5	sin_COG	0	1
group_9789	cloud	4	sin_COG	0	5
group_9692	cloud	5	sin_COG	0	5
arpA	cloud	5	sin_COG	0	5
group_9591	cloud	5	sin_COG	0	4
group_9548	cloud	5	sin_COG	0	1
group_9487	cloud	5	sin_COG	0	1
group_9316	cloud	5	sin_COG	0	5
group_9276	cloud	5	I	5	5
group_8994	cloud	5	sin_COG	0	1
group_8982	cloud	5	sin_COG	0	1
group_8906	cloud	5	sin_COG	0	5
group_8874	cloud	5	sin_COG	0	2
group_8813	cloud	5	sin_COG	0	5
group_8647	cloud	5	sin_COG	0	5
group_8609	cloud	5	G	5	5
group_8599	cloud	5	sin_COG	0	3
group_8462	cloud	4	sin_COG	0	5
group_8287	cloud	5	sin_COG	0	1
group_8070	cloud	5	P	5	5
group_7963	cloud	5	sin_COG	0	5
group_7831	cloud	5	sin_COG	0	1
wcaA	cloud	5	M	5	5
group_7718	cloud	5	sin_COG	0	5
group_7708	cloud	5	sin_COG	0	5
group_7692	cloud	5	sin_COG	0	4
group_7684	cloud	5	sin_COG	0	4
group_7682	cloud	5	sin_COG	0	5
group_7681	cloud	5	sin_COG	0	5
group_7609	cloud	5	M	5	5
group_7602	cloud	5	sin_COG	0	5
group_7572	cloud	5	sin_COG	0	5
group_7571	cloud	5	sin_COG	0	5
group_7562	cloud	5	sin_COG	0	5
group_7558	cloud	5	sin_COG	0	5
group_7544	cloud	5	sin_COG	0	5
group_7534	cloud	5	K	5	5
group_7530	cloud	5	sin_COG	0	5
group_7500	cloud	5	sin_COG	0	5
group_7494	cloud	5	sin_COG	0	5
group_7463	cloud	5	sin_COG	0	5
group_7462	cloud	5	sin_COG	0	5
group_7429	cloud	5	sin_COG	0	5
group_7412	cloud	5	sin_COG	0	5
group_7400	cloud	5	sin_COG	0	5
group_7399	cloud	5	sin_COG	0	5
group_7387	cloud	5	sin_COG	0	5
group_7369	cloud	5	sin_COG	0	5
group_7362	cloud	5	sin_COG	0	5
group_7355	cloud	5	sin_COG	0	6
group_7353	cloud	5	sin_COG	0	5
group_7328	cloud	5	sin_COG	0	5
ydfG	cloud	5	C	2	5
group_7305	cloud	5	sin_COG	0	5
group_7292	cloud	5	sin_COG	0	5
group_7289	cloud	5	sin_COG	0	5
group_7283	cloud	5	sin_COG	0	5
group_7269	cloud	5	sin_COG	0	5
group_7197	cloud	5	sin_COG	0	5
group_7195	cloud	5	sin_COG	0	5
group_7173	cloud	5	sin_COG	0	5
group_7172	cloud	5	sin_COG	0	5
group_7149	cloud	5	sin_COG	0	6
group_7142	cloud	5	sin_COG	0	4
group_7063	cloud	5	E	5	5
group_7041	cloud	5	sin_COG	0	5
group_7021	cloud	5	sin_COG	0	5
group_7014	cloud	5	sin_COG	0	5
group_6991	cloud	5	sin_COG	0	5
group_6973	cloud	5	sin_COG	0	5
group_6959	cloud	5	sin_COG	0	5
dnaD	cloud	5	sin_COG	0	5
group_6909	cloud	5	sin_COG	0	5
group_6908	cloud	5	sin_COG	0	5
group_6818	cloud	5	sin_COG	0	5
group_6792	cloud	5	sin_COG	0	5
group_6788	cloud	5	sin_COG	0	5
group_6777	cloud	5	sin_COG	0	5
group_6769	cloud	5	sin_COG	0	5
group_6764	cloud	5	sin_COG	0	5
group_6757	cloud	5	sin_COG	0	5
group_6734	cloud	4	sin_COG	0	5
group_6732	cloud	4	sin_COG	0	5
group_6725	cloud	5	sin_COG	0	5
group_6720	cloud	5	sin_COG	0	5
group_6715	cloud	5	sin_COG	0	5
group_6714	cloud	5	P	5	5
group_6713	cloud	5	sin_COG	0	4
group_6677	cloud	5	sin_COG	0	5
group_6661	cloud	5	sin_COG	0	5
group_6650	cloud	5	sin_COG	0	5
group_6640	cloud	4	sin_COG	0	5
group_6628	cloud	5	sin_COG	0	5
group_6627	cloud	5	sin_COG	0	5
group_6592	cloud	4	sin_COG	0	5
group_6582	cloud	5	sin_COG	0	5
group_6554	cloud	5	sin_COG	0	5
group_6546	cloud	5	sin_COG	0	5
group_6535	cloud	5	sin_COG	0	5
group_6520	cloud	5	sin_COG	0	5
group_6469	cloud	5	sin_COG	0	5
group_6449	cloud	5	sin_COG	0	5
group_6437	cloud	5	sin_COG	0	5
group_6431	cloud	5	sin_COG	0	5
group_6430	cloud	5	sin_COG	0	5
group_6383	cloud	5	sin_COG	0	5
group_6362	cloud	5	sin_COG	0	5
group_6337	cloud	5	sin_COG	0	5
group_6334	cloud	5	sin_COG	0	4
group_6317	cloud	5	sin_COG	0	5
group_6253	cloud	4	sin_COG	0	5
group_6242	cloud	4	sin_COG	0	5
group_6239	cloud	5	sin_COG	0	5
group_6201	cloud	5	sin_COG	0	5
group_6193	cloud	5	sin_COG	0	4
group_6167	cloud	5	sin_COG	0	5
group_6158	cloud	5	sin_COG	0	5
group_6148	cloud	5	sin_COG	0	5
group_6142	cloud	5	sin_COG	0	5
group_6138	cloud	5	sin_COG	0	5
group_6134	cloud	5	sin_COG	0	5
group_6130	cloud	5	sin_COG	0	5
group_6122	cloud	5	sin_COG	0	5
group_6113	cloud	5	sin_COG	0	5
group_6107	cloud	5	sin_COG	0	5
group_6101	cloud	5	sin_COG	0	5
group_6083	cloud	5	sin_COG	0	5
group_6082	cloud	5	sin_COG	0	5
group_6066	cloud	5	sin_COG	0	5
group_6024	cloud	5	sin_COG	0	5
group_6023	cloud	5	sin_COG	0	5
group_6014	cloud	5	sin_COG	0	5
group_6002	cloud	5	sin_COG	0	5
group_5996	cloud	5	sin_COG	0	5
ydbO~~~paaG	cloud	5	Q	2	5
group_5970	cloud	5	sin_COG	0	5
group_5948	cloud	5	sin_COG	0	5
group_5939	cloud	5	sin_COG	0	5
group_5915	cloud	5	sin_COG	0	5
group_5899	cloud	5	sin_COG	0	5
group_5881	cloud	5	sin_COG	0	6
group_5829	cloud	5	sin_COG	0	5
group_5828	cloud	5	sin_COG	0	5
group_5794	cloud	5	sin_COG	0	5
group_5763	cloud	5	sin_COG	0	5
group_5734	cloud	5	sin_COG	0	5
group_5733	cloud	5	sin_COG	0	5
group_5579	cloud	5	sin_COG	0	5
hmuU	cloud	4	sin_COG	0	5
group_5496	cloud	5	sin_COG	0	5
merR~~~soxR	cloud	5	K	4	6
group_5302	cloud	5	sin_COG	0	5
group_5280	cloud	5	sin_COG	0	6
group_5251	cloud	5	sin_COG	0	5
group_5212	cloud	5	sin_COG	0	5
group_5169	cloud	5	sin_COG	0	8
group_5156	cloud	5	sin_COG	0	5
group_5094	cloud	5	sin_COG	0	6
group_5088	cloud	5	sin_COG	0	5
group_5079	cloud	5	sin_COG	0	5
group_5050	cloud	4	sin_COG	0	4
group_4994	cloud	5	sin_COG	0	5
group_4883	cloud	5	sin_COG	0	5
group_4856	cloud	5	sin_COG	0	5
group_4804	cloud	5	sin_COG	0	5
group_4795	cloud	5	sin_COG	0	5
group_4777	cloud	5	sin_COG	0	7
group_4766	cloud	4	sin_COG	0	5
group_4760	cloud	5	sin_COG	0	5
group_4734	cloud	5	sin_COG	0	5
group_4724	cloud	5	sin_COG	0	5
group_4713	cloud	5	sin_COG	0	5
group_4661	cloud	5	sin_COG	0	5
group_4625	cloud	5	sin_COG	0	5
group_4585	cloud	5	sin_COG	0	5
group_4563	cloud	5	sin_COG	0	5
group_4561	cloud	4	sin_COG	0	5
group_4550	cloud	5	sin_COG	0	5
group_4530	cloud	5	sin_COG	0	5
paaX	cloud	5	K	5	5
group_4495	cloud	5	sin_COG	0	5
group_4370	cloud	5	sin_COG	0	5
group_4358	cloud	5	sin_COG	0	5
group_4351	cloud	5	sin_COG	0	5
group_4333	cloud	5	sin_COG	0	4
group_4321	cloud	5	sin_COG	0	5
group_4319	cloud	5	sin_COG	0	5
group_4318	cloud	5	sin_COG	0	5
group_4145	cloud	5	sin_COG	0	5
sgaB	cloud	5	G	5	5
dadA	cloud	5	E	5	5
ytcJ	cloud	5	R	5	5
group_4057	cloud	5	sin_COG	0	5
group_4011	cloud	5	sin_COG	0	5
group_3984	cloud	5	sin_COG	0	3
group_3971	cloud	5	sin_COG	0	5
group_3959	cloud	5	sin_COG	0	3
group_3901	cloud	5	sin_COG	0	5
group_3880	cloud	5	C	5	5
group_3839	cloud	5	sin_COG	0	4
yclQ	cloud	4	sin_COG	0	5
group_3800	cloud	5	sin_COG	0	6
dsbA	cloud	5	sin_COG	0	6
group_3769	cloud	5	sin_COG	0	5
group_3753	cloud	5	sin_COG	0	5
group_3745	cloud	5	sin_COG	0	5
group_3700	cloud	5	sin_COG	0	3
group_3691	cloud	5	sin_COG	0	5
group_3637	cloud	4	sin_COG	0	5
group_3606	cloud	5	sin_COG	0	5
group_3590	cloud	5	sin_COG	0	4
group_3585	cloud	5	sin_COG	0	5
group_3576	cloud	4	sin_COG	0	5
group_3568	cloud	5	sin_COG	0	5
ydcO	cloud	5	sin_COG	0	5
group_3481	cloud	5	sin_COG	0	3
group_3470	cloud	5	sin_COG	0	5
group_3363	cloud	4	sin_COG	0	4
group_3350	cloud	5	sin_COG	0	5
group_3333	cloud	5	sin_COG	0	5
group_3320	cloud	5	sin_COG	0	6
group_3314	cloud	5	L	5	5
group_3278	cloud	5	sin_COG	0	5
ulaA	cloud	5	G	3	5
group_3238	cloud	5	sin_COG	0	5
group_3232	cloud	5	sin_COG	0	3
group_3220	cloud	5	sin_COG	0	5
group_3139	cloud	5	sin_COG	0	5
group_3127	cloud	5	sin_COG	0	5
group_3119	cloud	5	sin_COG	0	5
ybbN	cloud	5	sin_COG	0	5
group_3009	cloud	5	sin_COG	0	5
group_2973	cloud	5	sin_COG	0	5
group_2918	cloud	5	sin_COG	0	5
group_2893	cloud	5	sin_COG	0	5
group_2768	cloud	5	sin_COG	0	5
group_2754	cloud	5	sin_COG	0	5
group_2721	cloud	5	sin_COG	0	5
group_2704	cloud	5	sin_COG	0	5
group_2559	cloud	5	sin_COG	0	5
group_2541	cloud	5	sin_COG	0	5
group_2518	cloud	4	sin_COG	0	5
group_2517	cloud	5	sin_COG	0	5
group_2489	cloud	5	sin_COG	0	5
group_2478	cloud	5	sin_COG	0	5
group_2456	cloud	5	sin_COG	0	5
group_2423	cloud	5	sin_COG	0	5
group_2414	cloud	5	sin_COG	0	4
group_2412	cloud	5	sin_COG	0	5
group_2378	cloud	4	sin_COG	0	5
group_2344	cloud	5	sin_COG	0	4
group_2322	cloud	5	sin_COG	0	5
group_2321	cloud	5	sin_COG	0	5
norM	cloud	5	V	5	5
yfhD	cloud	5	sin_COG	0	4
group_2210	cloud	5	sin_COG	0	5
group_2146	cloud	5	sin_COG	0	4
group_2113	cloud	5	sin_COG	0	5
group_2069	cloud	5	sin_COG	0	5
group_2042	cloud	5	sin_COG	0	4
group_2002	cloud	4	sin_COG	0	5
group_1976	cloud	5	sin_COG	0	4
group_1934	cloud	5	sin_COG	0	5
group_1901	cloud	5	sin_COG	0	4
group_1856	cloud	5	sin_COG	0	5
group_1855	cloud	5	sin_COG	0	5
group_1849	cloud	5	sin_COG	0	5
group_1826	cloud	5	sin_COG	0	5
group_1745	cloud	5	sin_COG	0	4
group_1666	cloud	5	sin_COG	0	3
group_1627	cloud	5	sin_COG	0	5
group_1626	cloud	5	sin_COG	0	5
group_1562	cloud	5	sin_COG	0	3
group_1522	cloud	5	sin_COG	0	5
group_1468	cloud	5	V	5	5
group_1402	cloud	5	sin_COG	0	5
group_1401	cloud	5	sin_COG	0	5
group_1393	cloud	5	sin_COG	0	5
group_1385	cloud	4	sin_COG	0	5
group_1358	cloud	5	sin_COG	0	5
group_1349	cloud	5	sin_COG	0	2
group_1341	cloud	5	sin_COG	0	5
group_1291	cloud	5	sin_COG	0	5
group_1217	cloud	5	sin_COG	0	4
group_1201	cloud	5	sin_COG	0	5
group_1109	cloud	5	sin_COG	0	5
ubiX	cloud	5	sin_COG	0	5
group_1071	cloud	5	sin_COG	0	5
group_1055	cloud	5	sin_COG	0	5
group_986	cloud	5	sin_COG	0	5
group_985	cloud	5	I	5	5
group_938	cloud	5	sin_COG	0	5
group_923	cloud	5	sin_COG	0	5
group_896	cloud	5	sin_COG	0	5
group_857	cloud	5	sin_COG	0	2
group_839	cloud	5	sin_COG	0	4
group_837	cloud	5	sin_COG	0	5
group_793	cloud	5	sin_COG	0	5
group_763	cloud	4	sin_COG	0	5
group_681	cloud	4	sin_COG	0	5
group_644	cloud	5	sin_COG	0	5
group_604	cloud	4	sin_COG	0	3
group_568	cloud	5	sin_COG	0	5
group_521	cloud	5	sin_COG	0	5
group_483	cloud	5	sin_COG	0	4
group_464	cloud	5	sin_COG	0	4
group_450	cloud	5	sin_COG	0	5
group_434	cloud	5	sin_COG	0	5
group_391	cloud	5	sin_COG	0	5
group_344	cloud	5	sin_COG	0	5
group_314	cloud	5	sin_COG	0	5
bglG	cloud	5	K	5	5
group_283	cloud	5	sin_COG	0	4
group_278	cloud	5	sin_COG	0	6
group_269	cloud	5	sin_COG	0	5
group_207	cloud	5	sin_COG	0	5
group_199	cloud	5	sin_COG	0	5
greA	cloud	5	sin_COG	0	5
group_163	cloud	4	sin_COG	0	5
group_13739	cloud	4	sin_COG	0	4
group_13738	cloud	4	sin_COG	0	4
group_13737	cloud	4	sin_COG	0	4
group_13720	cloud	4	sin_COG	0	4
group_13719	cloud	4	sin_COG	0	4
group_13696	cloud	4	sin_COG	0	4
group_13695	cloud	4	sin_COG	0	4
group_13693	cloud	4	sin_COG	0	4
group_13676	cloud	4	sin_COG	0	3
group_13675	cloud	4	sin_COG	0	4
group_13659	cloud	4	sin_COG	0	3
group_13569	cloud	4	sin_COG	0	4
group_13501	cloud	3	sin_COG	0	1
group_13487	cloud	4	sin_COG	0	4
group_13315	cloud	4	sin_COG	0	1
group_13235	cloud	4	sin_COG	0	1
group_13019	cloud	4	sin_COG	0	1
group_13000	cloud	4	sin_COG	0	1
group_12825	cloud	4	sin_COG	0	1
group_12718	cloud	4	sin_COG	0	1
group_12616	cloud	4	sin_COG	0	4
group_12612	cloud	4	sin_COG	0	4
group_12592	cloud	4	sin_COG	0	1
group_12578	cloud	4	sin_COG	0	1
group_12576	cloud	4	sin_COG	0	3
group_12531	cloud	4	sin_COG	0	4
group_12520	cloud	4	sin_COG	0	4
group_12519	cloud	4	sin_COG	0	4
group_12510	cloud	4	sin_COG	0	5
group_12462	cloud	3	sin_COG	0	4
group_12448	cloud	4	sin_COG	0	4
group_12439	cloud	4	sin_COG	0	4
group_12435	cloud	4	sin_COG	0	4
group_12402	cloud	4	X	3	4
group_12379	cloud	4	sin_COG	0	4
group_12349	cloud	4	sin_COG	0	4
group_12346	cloud	4	sin_COG	0	4
group_12325	cloud	4	sin_COG	0	4
group_12323	cloud	4	sin_COG	0	4
group_12320	cloud	4	sin_COG	0	4
group_12265	cloud	4	sin_COG	0	4
group_12264	cloud	4	sin_COG	0	4
spoVAC	cloud	4	D	4	4
group_12239	cloud	4	sin_COG	0	4
group_12237	cloud	4	K	3	4
group_12228	cloud	4	sin_COG	0	4
group_12220	cloud	4	sin_COG	0	4
group_12203	cloud	4	I	3	4
group_12146	cloud	3	sin_COG	0	4
group_12140	cloud	4	sin_COG	0	4
yddQ	cloud	4	sin_COG	0	4
group_12096	cloud	4	sin_COG	0	4
group_12083	cloud	4	sin_COG	0	2
group_12058	cloud	4	sin_COG	0	4
group_12038	cloud	4	sin_COG	0	5
group_11990	cloud	4	sin_COG	0	4
group_11987	cloud	4	sin_COG	0	4
group_11985	cloud	4	sin_COG	0	2
group_11967	cloud	4	sin_COG	0	4
group_11946	cloud	4	sin_COG	0	3
group_11916	cloud	4	sin_COG	0	4
group_11915	cloud	4	sin_COG	0	4
group_11875	cloud	4	sin_COG	0	4
group_11858	cloud	4	sin_COG	0	4
group_11856	cloud	4	sin_COG	0	4
yeiL	cloud	4	sin_COG	0	4
group_11795	cloud	4	sin_COG	0	4
group_11772	cloud	4	sin_COG	0	4
group_11738	cloud	4	sin_COG	0	4
group_11708	cloud	4	sin_COG	0	4
group_11691	cloud	4	sin_COG	0	4
group_11632	cloud	4	sin_COG	0	4
group_11610	cloud	4	sin_COG	0	4
group_11600	cloud	4	sin_COG	0	4
group_11580	cloud	4	sin_COG	0	4
group_11567	cloud	4	sin_COG	0	2
group_11542	cloud	4	sin_COG	0	4
group_11527	cloud	4	sin_COG	0	4
group_11504	cloud	4	sin_COG	0	4
group_11384	cloud	4	sin_COG	0	4
group_11371	cloud	4	sin_COG	0	4
group_11362	cloud	4	sin_COG	0	4
czrA	cloud	4	sin_COG	0	4
group_11269	cloud	4	sin_COG	0	4
wbqC	cloud	4	sin_COG	0	4
group_11213	cloud	4	sin_COG	0	4
group_11212	cloud	4	sin_COG	0	4
group_11208	cloud	4	sin_COG	0	4
group_11181	cloud	4	sin_COG	0	4
group_11133	cloud	4	sin_COG	0	4
group_11130	cloud	4	sin_COG	0	4
group_11129	cloud	4	sin_COG	0	4
group_11107	cloud	3	sin_COG	0	4
group_11088	cloud	4	sin_COG	0	4
group_11054	cloud	4	sin_COG	0	4
group_10987	cloud	4	sin_COG	0	4
group_10981	cloud	4	sin_COG	0	4
group_10948	cloud	4	sin_COG	0	4
group_10944	cloud	4	sin_COG	0	3
group_10894	cloud	3	sin_COG	0	2
group_10891	cloud	4	sin_COG	0	4
group_10877	cloud	4	sin_COG	0	3
group_10863	cloud	4	G	4	4
group_10857	cloud	4	sin_COG	0	3
group_10854	cloud	4	sin_COG	0	2
group_10845	cloud	4	sin_COG	0	4
group_10841	cloud	4	V	4	4
group_10837	cloud	4	sin_COG	0	4
group_10826	cloud	4	sin_COG	0	3
group_10813	cloud	4	sin_COG	0	4
group_10808	cloud	4	X	4	4
group_10796	cloud	4	sin_COG	0	4
group_10762	cloud	4	sin_COG	0	4
group_10702	cloud	4	sin_COG	0	4
group_10538	cloud	4	sin_COG	0	4
group_10275	cloud	4	sin_COG	0	4
aroM	cloud	4	sin_COG	0	4
ycaP	cloud	4	S	4	4
group_10233	cloud	4	sin_COG	0	2
group_10032	cloud	4	sin_COG	0	1
group_10028	cloud	4	sin_COG	0	1
group_10018	cloud	4	sin_COG	0	1
group_10000	cloud	4	sin_COG	0	3
group_9976	cloud	4	sin_COG	0	1
group_9876	cloud	4	sin_COG	0	1
group_9730	cloud	4	sin_COG	0	4
group_9713	cloud	4	sin_COG	0	4
group_9688	cloud	4	sin_COG	0	4
group_9665	cloud	4	sin_COG	0	4
group_9636	cloud	4	sin_COG	0	2
group_9587	cloud	4	sin_COG	0	4
group_9519	cloud	3	sin_COG	0	4
group_9507	cloud	4	sin_COG	0	4
group_9462	cloud	4	sin_COG	0	4
group_9411	cloud	4	sin_COG	0	4
group_9369	cloud	4	sin_COG	0	4
group_9213	cloud	4	sin_COG	0	4
group_9195	cloud	4	sin_COG	0	2
group_9189	cloud	4	sin_COG	0	3
group_9186	cloud	4	sin_COG	0	4
group_9028	cloud	4	sin_COG	0	4
group_8914	cloud	4	sin_COG	0	4
group_8896	cloud	4	sin_COG	0	1
group_8840	cloud	4	sin_COG	0	1
group_8616	cloud	4	sin_COG	0	4
group_8558	cloud	4	sin_COG	0	4
group_8401	cloud	4	sin_COG	0	4
group_8400	cloud	4	sin_COG	0	4
group_8367	cloud	4	sin_COG	0	4
group_8277	cloud	4	sin_COG	0	1
group_8274	cloud	4	sin_COG	0	4
group_8217	cloud	4	sin_COG	0	4
group_8152	cloud	4	sin_COG	0	1
group_8075	cloud	4	sin_COG	0	4
group_8046	cloud	4	sin_COG	0	4
group_8030	cloud	4	sin_COG	0	4
group_7904	cloud	4	sin_COG	0	1
group_7807	cloud	4	sin_COG	0	4
group_7785	cloud	4	sin_COG	0	4
group_7712	cloud	4	sin_COG	0	4
group_7706	cloud	4	sin_COG	0	4
group_7687	cloud	4	sin_COG	0	4
group_7595	cloud	4	sin_COG	0	4
group_7585	cloud	4	sin_COG	0	4
group_7575	cloud	4	sin_COG	0	4
group_7566	cloud	4	sin_COG	0	4
group_7539	cloud	4	sin_COG	0	4
group_7526	cloud	4	sin_COG	0	4
group_7502	cloud	4	G	1	4
group_7480	cloud	4	sin_COG	0	1
group_7422	cloud	4	sin_COG	0	4
group_7416	cloud	4	sin_COG	0	4
group_7409	cloud	4	sin_COG	0	4
group_7405	cloud	4	sin_COG	0	4
group_7397	cloud	4	sin_COG	0	4
group_7386	cloud	4	sin_COG	0	5
group_7368	cloud	4	sin_COG	0	4
group_7364	cloud	4	sin_COG	0	4
insO	cloud	4	sin_COG	0	5
group_7326	cloud	4	sin_COG	0	4
group_7297	cloud	4	sin_COG	0	4
group_7281	cloud	4	sin_COG	0	4
group_7250	cloud	4	X	1	3
group_7249	cloud	4	sin_COG	0	4
group_7223	cloud	4	sin_COG	0	4
group_7202	cloud	4	sin_COG	0	4
group_7198	cloud	4	sin_COG	0	4
group_7179	cloud	4	sin_COG	0	4
group_7166	cloud	4	sin_COG	0	4
group_7164	cloud	4	sin_COG	0	4
group_7135	cloud	4	sin_COG	0	4
group_7124	cloud	4	sin_COG	0	4
group_7105	cloud	4	sin_COG	0	5
group_7103	cloud	4	sin_COG	0	4
group_7095	cloud	4	sin_COG	0	4
group_7074	cloud	4	sin_COG	0	4
group_7069	cloud	4	sin_COG	0	4
group_7066	cloud	4	sin_COG	0	4
group_7050	cloud	4	sin_COG	0	4
group_7035	cloud	4	sin_COG	0	4
group_7025	cloud	4	sin_COG	0	4
group_7009	cloud	4	sin_COG	0	4
group_6982	cloud	4	sin_COG	0	4
group_6980	cloud	4	sin_COG	0	4
group_6955	cloud	4	sin_COG	0	4
group_6943	cloud	4	sin_COG	0	3
group_6934	cloud	4	sin_COG	0	4
group_6917	cloud	4	sin_COG	0	4
group_6905	cloud	4	sin_COG	0	4
yktD	cloud	4	Q	4	4
group_6868	cloud	4	sin_COG	0	4
grpB	cloud	4	R	4	4
group_6849	cloud	4	sin_COG	0	3
group_6847	cloud	4	X	3	4
group_6846	cloud	4	X	3	4
group_6834	cloud	4	sin_COG	0	4
group_6811	cloud	4	sin_COG	0	4
group_6790	cloud	4	sin_COG	0	4
group_6786	cloud	4	sin_COG	0	4
group_6763	cloud	4	sin_COG	0	4
group_6762	cloud	4	sin_COG	0	4
group_6755	cloud	4	sin_COG	0	4
group_6706	cloud	4	sin_COG	0	4
group_6705	cloud	4	sin_COG	0	4
group_6703	cloud	4	sin_COG	0	5
group_6702	cloud	4	sin_COG	0	4
group_6672	cloud	4	sin_COG	0	4
group_6670	cloud	4	sin_COG	0	4
group_6624	cloud	3	sin_COG	0	1
group_6590	cloud	4	sin_COG	0	4
group_6584	cloud	3	sin_COG	0	6
group_6583	cloud	4	sin_COG	0	4
folE2	cloud	4	sin_COG	0	4
group_6540	cloud	4	sin_COG	0	4
xoxI	cloud	4	sin_COG	0	4
group_6501	cloud	4	sin_COG	0	4
group_6464	cloud	4	sin_COG	0	4
group_6459	cloud	4	sin_COG	0	4
group_6407	cloud	4	sin_COG	0	4
group_6340	cloud	4	X	2	4
group_6327	cloud	4	sin_COG	0	4
group_6324	cloud	4	sin_COG	0	4
group_6284	cloud	4	sin_COG	0	4
group_6262	cloud	4	sin_COG	0	4
group_6235	cloud	4	sin_COG	0	4
group_6230	cloud	4	sin_COG	0	4
group_6223	cloud	4	sin_COG	0	4
group_6220	cloud	4	sin_COG	0	4
group_6219	cloud	4	sin_COG	0	4
group_6213	cloud	4	sin_COG	0	4
group_6184	cloud	4	sin_COG	0	4
group_6176	cloud	4	sin_COG	0	4
group_6119	cloud	4	sin_COG	0	2
group_6108	cloud	4	sin_COG	0	4
group_6069	cloud	4	sin_COG	0	4
group_6057	cloud	4	sin_COG	0	4
group_6042	cloud	4	sin_COG	0	4
group_6003	cloud	4	sin_COG	0	4
group_5990	cloud	4	sin_COG	0	4
group_5949	cloud	4	sin_COG	0	4
group_5947	cloud	4	sin_COG	0	4
group_5917	cloud	4	sin_COG	0	4
group_5866	cloud	4	sin_COG	0	4
group_5859	cloud	4	sin_COG	0	4
group_5800	cloud	4	sin_COG	0	4
group_5793	cloud	4	sin_COG	0	4
group_5778	cloud	4	sin_COG	0	7
group_5737	cloud	4	sin_COG	0	4
group_5729	cloud	4	sin_COG	0	4
group_5687	cloud	4	sin_COG	0	4
group_5625	cloud	4	sin_COG	0	4
group_5610	cloud	4	sin_COG	0	4
group_5587	cloud	4	sin_COG	0	4
group_5572	cloud	4	sin_COG	0	4
group_5555	cloud	4	sin_COG	0	4
group_5554	cloud	4	sin_COG	0	4
group_5463	cloud	3	sin_COG	0	4
degT	cloud	4	sin_COG	0	4
group_5429	cloud	4	sin_COG	0	4
group_5402	cloud	4	sin_COG	0	4
group_5397	cloud	4	sin_COG	0	2
group_5361	cloud	4	sin_COG	0	4
group_5356	cloud	4	sin_COG	0	4
group_5326	cloud	4	sin_COG	0	4
group_5276	cloud	3	sin_COG	0	4
group_5241	cloud	4	sin_COG	0	4
group_5236	cloud	4	sin_COG	0	5
group_5232	cloud	4	sin_COG	0	4
group_5205	cloud	4	sin_COG	0	4
group_5189	cloud	4	sin_COG	0	4
group_5172	cloud	4	sin_COG	0	6
group_5157	cloud	4	sin_COG	0	4
group_5155	cloud	4	sin_COG	0	4
group_5143	cloud	4	sin_COG	0	3
proX	cloud	4	R	1	4
group_5130	cloud	4	sin_COG	0	2
group_5103	cloud	4	sin_COG	0	4
group_5096	cloud	4	sin_COG	0	4
group_5075	cloud	4	sin_COG	0	5
group_5039	cloud	4	sin_COG	0	4
group_4978	cloud	4	sin_COG	0	4
group_4950	cloud	4	sin_COG	0	4
group_4942	cloud	4	sin_COG	0	4
group_4865	cloud	4	sin_COG	0	3
group_4859	cloud	4	sin_COG	0	4
group_4851	cloud	4	sin_COG	0	4
group_4802	cloud	4	sin_COG	0	4
group_4787	cloud	4	sin_COG	0	4
group_4775	cloud	4	sin_COG	0	3
group_4772	cloud	4	sin_COG	0	4
group_4756	cloud	4	sin_COG	0	4
group_4728	cloud	4	sin_COG	0	4
group_4723	cloud	4	sin_COG	0	4
group_4708	cloud	4	sin_COG	0	3
group_4702	cloud	4	sin_COG	0	4
group_4701	cloud	4	D	4	4
group_4602	cloud	4	sin_COG	0	4
group_4598	cloud	3	sin_COG	0	4
group_4567	cloud	4	sin_COG	0	4
group_4565	cloud	4	sin_COG	0	3
group_4559	cloud	4	sin_COG	0	4
group_4547	cloud	3	sin_COG	0	4
group_4544	cloud	4	sin_COG	0	4
group_4525	cloud	4	sin_COG	0	4
group_4522	cloud	4	sin_COG	0	3
group_4507	cloud	4	sin_COG	0	4
group_4492	cloud	4	sin_COG	0	3
group_4461	cloud	4	sin_COG	0	4
group_4414	cloud	4	sin_COG	0	3
group_4407	cloud	4	sin_COG	0	3
group_4389	cloud	4	sin_COG	0	4
group_4388	cloud	4	sin_COG	0	4
group_4385	cloud	4	sin_COG	0	4
group_4383	cloud	3	sin_COG	0	1
group_4356	cloud	4	sin_COG	0	4
group_4342	cloud	4	sin_COG	0	4
group_4327	cloud	4	sin_COG	0	4
group_4284	cloud	4	sin_COG	0	5
group_4234	cloud	4	sin_COG	0	4
repB	cloud	4	sin_COG	0	4
group_4215	cloud	4	sin_COG	0	4
group_4207	cloud	4	sin_COG	0	5
group_4206	cloud	4	sin_COG	0	4
group_4193	cloud	4	sin_COG	0	4
group_4189	cloud	3	sin_COG	0	4
group_4171	cloud	4	sin_COG	0	4
group_4133	cloud	4	sin_COG	0	4
group_4111	cloud	4	sin_COG	0	4
group_4074	cloud	4	sin_COG	0	4
group_4031	cloud	4	sin_COG	0	4
group_3965	cloud	4	sin_COG	0	1
group_3937	cloud	4	sin_COG	0	5
group_3814	cloud	3	sin_COG	0	4
group_3779	cloud	4	sin_COG	0	4
group_3778	cloud	4	sin_COG	0	2
group_3775	cloud	4	sin_COG	0	4
group_3743	cloud	4	sin_COG	0	4
group_3739	cloud	4	sin_COG	0	4
group_3726	cloud	4	sin_COG	0	4
group_3714	cloud	4	sin_COG	0	4
group_3674	cloud	4	sin_COG	0	4
group_3668	cloud	4	sin_COG	0	4
group_3651	cloud	4	sin_COG	0	4
group_3648	cloud	3	sin_COG	0	5
group_3639	cloud	4	sin_COG	0	4
sIR2	cloud	4	O	1	3
group_3627	cloud	4	sin_COG	0	4
group_3625	cloud	4	sin_COG	0	4
group_3613	cloud	4	sin_COG	0	4
group_3601	cloud	4	sin_COG	0	4
group_3561	cloud	4	sin_COG	0	4
group_3557	cloud	4	sin_COG	0	4
group_3533	cloud	4	sin_COG	0	4
group_3490	cloud	4	sin_COG	0	3
group_3475	cloud	3	sin_COG	0	4
group_3450	cloud	4	sin_COG	0	6
group_3384	cloud	4	sin_COG	0	4
group_3349	cloud	4	sin_COG	0	4
group_3327	cloud	4	sin_COG	0	4
group_3326	cloud	4	sin_COG	0	4
lrpB	cloud	4	sin_COG	0	4
group_3219	cloud	4	sin_COG	0	5
group_3216	cloud	4	sin_COG	0	4
group_3210	cloud	4	sin_COG	0	4
group_3207	cloud	4	sin_COG	0	4
group_3189	cloud	4	K	3	4
group_3187	cloud	4	sin_COG	0	4
group_3099	cloud	4	sin_COG	0	4
group_3042	cloud	4	sin_COG	0	4
group_3027	cloud	4	sin_COG	0	4
group_2997	cloud	4	sin_COG	0	4
group_2992	cloud	4	sin_COG	0	4
group_2949	cloud	4	sin_COG	0	4
pbuE	cloud	4	sin_COG	0	4
group_2897	cloud	3	sin_COG	0	4
group_2885	cloud	4	sin_COG	0	4
group_2882	cloud	4	sin_COG	0	4
trkH	cloud	4	sin_COG	0	4
group_2860	cloud	4	sin_COG	0	4
group_2825	cloud	4	sin_COG	0	3
yetF~~~ycaP	cloud	4	S	4	5
group_2789	cloud	4	sin_COG	0	4
fucP	cloud	4	sin_COG	0	4
group_2770	cloud	4	sin_COG	0	5
group_2726	cloud	4	B	4	4
group_2702	cloud	4	sin_COG	0	4
ygcS	cloud	4	sin_COG	0	4
group_2593	cloud	4	sin_COG	0	4
group_2588	cloud	4	sin_COG	0	4
group_2587	cloud	4	sin_COG	0	4
group_2505	cloud	4	I	4	4
group_2499	cloud	4	sin_COG	0	4
group_2490	cloud	4	sin_COG	0	3
group_2488	cloud	4	sin_COG	0	4
group_2473	cloud	4	sin_COG	0	4
group_2466	cloud	4	sin_COG	0	3
group_2388	cloud	4	sin_COG	0	4
group_2269	cloud	4	sin_COG	0	4
group_2266	cloud	4	sin_COG	0	4
spoVAD	cloud	4	D	4	4
group_2264	cloud	4	sin_COG	0	4
group_2203	cloud	4	sin_COG	0	4
group_2178	cloud	4	sin_COG	0	3
group_2166	cloud	4	sin_COG	0	4
group_2124	cloud	4	sin_COG	0	4
group_2083	cloud	4	sin_COG	0	4
group_2023	cloud	4	sin_COG	0	4
group_2008	cloud	3	sin_COG	0	5
group_1988	cloud	4	sin_COG	0	4
group_1963	cloud	4	sin_COG	0	4
group_1921	cloud	4	sin_COG	0	4
group_1893	cloud	4	sin_COG	0	2
dhbC	cloud	3	sin_COG	0	4
group_1889	cloud	4	sin_COG	0	4
group_1877	cloud	4	sin_COG	0	4
group_1840	cloud	4	sin_COG	0	4
group_1742	cloud	4	sin_COG	0	4
group_1637	cloud	4	sin_COG	0	4
group_1630	cloud	4	sin_COG	0	4
group_1597	cloud	4	sin_COG	0	4
group_1595	cloud	4	sin_COG	0	4
group_1536	cloud	4	sin_COG	0	4
group_1444	cloud	4	sin_COG	0	4
group_1381	cloud	4	sin_COG	0	4
group_1378	cloud	4	sin_COG	0	4
group_1371	cloud	4	sin_COG	0	4
group_1363	cloud	4	sin_COG	0	4
pdxA	cloud	4	sin_COG	0	4
group_1315	cloud	4	sin_COG	0	4
group_1279	cloud	4	sin_COG	0	4
group_1269	cloud	4	sin_COG	0	4
group_1248	cloud	4	sin_COG	0	4
group_1245	cloud	4	sin_COG	0	2
group_1240	cloud	4	sin_COG	0	4
group_1213	cloud	4	sin_COG	0	4
group_1212	cloud	4	sin_COG	0	4
group_1174	cloud	4	sin_COG	0	5
group_1128	cloud	4	sin_COG	0	2
group_1110	cloud	4	sin_COG	0	3
group_1088	cloud	4	sin_COG	0	5
hutH	cloud	4	sin_COG	0	4
group_1027	cloud	4	sin_COG	0	3
group_956	cloud	4	sin_COG	0	4
group_904	cloud	4	sin_COG	0	4
group_888	cloud	4	sin_COG	0	4
osrF	cloud	4	sin_COG	0	4
group_785	cloud	4	sin_COG	0	4
group_772	cloud	4	sin_COG	0	2
group_718	cloud	4	sin_COG	0	4
group_688	cloud	4	sin_COG	0	4
group_682	cloud	4	sin_COG	0	4
group_611	cloud	4	sin_COG	0	4
group_579	cloud	4	sin_COG	0	4
group_527	cloud	4	sin_COG	0	3
group_482	cloud	4	sin_COG	0	4
group_481	cloud	4	sin_COG	0	4
group_480	cloud	3	sin_COG	0	3
group_463	cloud	4	sin_COG	0	4
group_448	cloud	4	sin_COG	0	4
group_444	cloud	4	sin_COG	0	4
group_428	cloud	4	sin_COG	0	4
group_380	cloud	4	sin_COG	0	4
group_370	cloud	4	sin_COG	0	4
group_358	cloud	3	sin_COG	0	4
group_353	cloud	4	sin_COG	0	4
group_345	cloud	4	sin_COG	0	4
group_319	cloud	4	sin_COG	0	3
group_313	cloud	4	sin_COG	0	4
group_276	cloud	4	sin_COG	0	4
osmC	cloud	4	sin_COG	0	4
group_249	cloud	4	sin_COG	0	4
group_225	cloud	4	sin_COG	0	4
group_194	cloud	4	sin_COG	0	3
group_182	cloud	3	sin_COG	0	5
group_176	cloud	4	sin_COG	0	2
group_143	cloud	4	sin_COG	0	4
group_123	cloud	4	sin_COG	0	4
group_116	cloud	4	sin_COG	0	4
group_44	cloud	4	sin_COG	0	4
group_43	cloud	4	sin_COG	0	4
hslO	cloud	4	sin_COG	0	5
group_25	cloud	4	sin_COG	0	5
mhqR	cloud	4	sin_COG	0	4
group_13732	cloud	3	X	1	3
group_13728	cloud	3	sin_COG	0	3
group_13725	cloud	3	sin_COG	0	3
group_13721	cloud	3	sin_COG	0	3
group_13705	cloud	2	sin_COG	0	2
group_13701	cloud	3	sin_COG	0	3
group_13700	cloud	3	sin_COG	0	4
group_13698	cloud	3	sin_COG	0	3
group_13692	cloud	3	sin_COG	0	3
group_13690	cloud	3	sin_COG	0	3
group_13681	cloud	3	sin_COG	0	2
group_13680	cloud	3	sin_COG	0	3
group_13665	cloud	3	M	3	3
group_13663	cloud	3	sin_COG	0	2
group_13390	cloud	3	sin_COG	0	1
group_13389	cloud	3	sin_COG	0	1
group_13311	cloud	3	sin_COG	0	1
group_13287	cloud	3	sin_COG	0	3
group_13286	cloud	3	sin_COG	0	3
group_13277	cloud	3	sin_COG	0	3
group_13275	cloud	3	sin_COG	0	3
group_13271	cloud	3	sin_COG	0	1
group_13241	cloud	3	sin_COG	0	1
group_13112	cloud	3	sin_COG	0	1
group_13095	cloud	3	sin_COG	0	1
group_13092	cloud	3	sin_COG	0	1
group_13057	cloud	3	sin_COG	0	3
group_13036	cloud	3	sin_COG	0	3
group_13026	cloud	3	sin_COG	0	3
group_13024	cloud	3	sin_COG	0	3
group_13017	cloud	3	sin_COG	0	3
group_13003	cloud	3	sin_COG	0	1
group_12838	cloud	3	sin_COG	0	1
group_12731	cloud	3	sin_COG	0	1
group_12625	cloud	3	sin_COG	0	3
group_12618	cloud	3	sin_COG	0	3
group_12608	cloud	3	sin_COG	0	4
group_12601	cloud	3	sin_COG	0	3
group_12582	cloud	3	sin_COG	0	1
group_12577	cloud	3	sin_COG	0	3
group_12556	cloud	3	sin_COG	0	3
group_12555	cloud	3	sin_COG	0	3
group_12554	cloud	3	sin_COG	0	3
group_12553	cloud	3	sin_COG	0	3
group_12551	cloud	3	sin_COG	0	3
group_12550	cloud	3	sin_COG	0	3
group_12549	cloud	3	sin_COG	0	5
group_12548	cloud	3	sin_COG	0	3
group_12547	cloud	3	sin_COG	0	4
group_12546	cloud	3	sin_COG	0	3
group_12545	cloud	3	C	3	3
group_12544	cloud	3	sin_COG	0	3
group_12542	cloud	3	sin_COG	0	3
group_12532	cloud	3	sin_COG	0	3
group_12522	cloud	3	sin_COG	0	3
group_12518	cloud	3	sin_COG	0	3
group_12507	cloud	3	sin_COG	0	4
group_12506	cloud	3	sin_COG	0	2
pssD	cloud	3	sin_COG	0	3
group_12399	cloud	3	O	2	3
group_12384	cloud	3	sin_COG	0	3
group_12310	cloud	3	sin_COG	0	5
group_12307	cloud	3	sin_COG	0	3
group_12300	cloud	3	sin_COG	0	3
group_12275	cloud	3	sin_COG	0	2
group_12261	cloud	2	sin_COG	0	3
group_12246	cloud	3	sin_COG	0	3
group_12206	cloud	3	sin_COG	0	3
group_12198	cloud	3	sin_COG	0	3
group_12197	cloud	3	sin_COG	0	4
group_12185	cloud	3	sin_COG	0	2
group_12182	cloud	3	sin_COG	0	3
group_12162	cloud	3	sin_COG	0	3
group_12158	cloud	3	sin_COG	0	3
group_12147	cloud	3	sin_COG	0	2
group_12136	cloud	3	sin_COG	0	3
group_12134	cloud	3	sin_COG	0	3
group_12130	cloud	3	sin_COG	0	3
group_12124	cloud	3	sin_COG	0	3
group_12087	cloud	3	sin_COG	0	4
group_12046	cloud	3	sin_COG	0	3
group_12033	cloud	3	sin_COG	0	3
group_12030	cloud	3	sin_COG	0	3
group_12016	cloud	2	sin_COG	0	3
group_12014	cloud	3	sin_COG	0	3
group_12001	cloud	3	sin_COG	0	1
ypeA	cloud	3	sin_COG	0	3
group_11977	cloud	3	sin_COG	0	3
group_11955	cloud	3	sin_COG	0	3
pssE	cloud	3	sin_COG	0	3
group_11921	cloud	3	sin_COG	0	3
group_11913	cloud	3	sin_COG	0	3
group_11878	cloud	2	sin_COG	0	3
group_11876	cloud	3	sin_COG	0	3
group_11838	cloud	3	sin_COG	0	2
group_11828	cloud	3	sin_COG	0	3
group_11825	cloud	2	sin_COG	0	2
group_11811	cloud	3	sin_COG	0	2
group_11800	cloud	3	sin_COG	0	3
group_11799	cloud	3	sin_COG	0	4
group_11768	cloud	3	sin_COG	0	3
group_11739	cloud	3	sin_COG	0	3
group_11722	cloud	3	sin_COG	0	3
group_11710	cloud	3	sin_COG	0	2
group_11704	cloud	3	G	2	4
group_11677	cloud	3	sin_COG	0	3
group_11671	cloud	3	sin_COG	0	3
group_11664	cloud	3	sin_COG	0	3
group_11663	cloud	3	sin_COG	0	3
group_11655	cloud	3	sin_COG	0	3
group_11654	cloud	3	sin_COG	0	3
group_11643	cloud	3	R	3	3
cas4	cloud	3	sin_COG	0	3
group_11605	cloud	3	sin_COG	0	3
group_11601	cloud	3	sin_COG	0	3
group_11578	cloud	3	sin_COG	0	3
group_11577	cloud	3	G	3	3
group_11544	cloud	3	sin_COG	0	3
group_11534	cloud	3	sin_COG	0	3
group_11530	cloud	3	sin_COG	0	3
group_11525	cloud	3	sin_COG	0	3
group_11496	cloud	3	sin_COG	0	3
group_11453	cloud	3	sin_COG	0	3
epsM	cloud	3	sin_COG	0	3
gdh	cloud	3	sin_COG	0	3
group_11422	cloud	3	R	1	3
group_11420	cloud	3	sin_COG	0	3
rfbF	cloud	3	sin_COG	0	3
group_11401	cloud	3	sin_COG	0	3
group_11400	cloud	3	sin_COG	0	3
group_11354	cloud	3	sin_COG	0	3
group_11288	cloud	3	sin_COG	0	3
group_11274	cloud	2	sin_COG	0	2
group_11250	cloud	3	sin_COG	0	3
group_11237	cloud	3	sin_COG	0	3
group_11203	cloud	3	sin_COG	0	3
group_11199	cloud	3	sin_COG	0	3
group_11176	cloud	3	sin_COG	0	3
group_11170	cloud	3	sin_COG	0	2
group_11156	cloud	3	sin_COG	0	2
group_11116	cloud	3	sin_COG	0	3
group_11110	cloud	3	sin_COG	0	3
group_11098	cloud	3	sin_COG	0	3
group_11092	cloud	3	sin_COG	0	3
group_11087	cloud	3	sin_COG	0	2
group_11084	cloud	2	sin_COG	0	3
group_11059	cloud	3	sin_COG	0	3
group_11043	cloud	2	sin_COG	0	3
group_11033	cloud	2	sin_COG	0	2
group_11028	cloud	2	H	3	3
group_11019	cloud	3	sin_COG	0	1
group_11002	cloud	2	sin_COG	0	2
group_10993	cloud	3	sin_COG	0	3
group_10966	cloud	3	sin_COG	0	3
group_10965	cloud	3	sin_COG	0	3
group_10952	cloud	2	sin_COG	0	3
group_10945	cloud	3	sin_COG	0	3
group_10919	cloud	3	sin_COG	0	3
group_10918	cloud	3	sin_COG	0	3
group_10915	cloud	3	sin_COG	0	3
group_10883	cloud	3	X	1	2
group_10875	cloud	3	sin_COG	0	3
group_10870	cloud	3	sin_COG	0	3
group_10868	cloud	3	sin_COG	0	3
group_10858	cloud	3	sin_COG	0	3
group_10838	cloud	3	sin_COG	0	3
group_10830	cloud	3	X	3	3
group_10827	cloud	3	sin_COG	0	3
group_10824	cloud	3	sin_COG	0	2
group_10805	cloud	3	sin_COG	0	3
group_10734	cloud	3	sin_COG	0	3
group_10724	cloud	3	sin_COG	0	3
group_10707	cloud	3	sin_COG	0	3
group_10706	cloud	2	sin_COG	0	3
group_10699	cloud	3	sin_COG	0	3
group_10547	cloud	3	sin_COG	0	3
group_10436	cloud	3	sin_COG	0	3
group_10415	cloud	3	sin_COG	0	3
group_10412	cloud	3	sin_COG	0	3
group_10378	cloud	3	sin_COG	0	3
group_10352	cloud	3	sin_COG	0	1
group_10351	cloud	3	sin_COG	0	1
group_10271	cloud	3	sin_COG	0	3
group_10210	cloud	2	sin_COG	0	2
group_10155	cloud	3	sin_COG	0	3
group_10138	cloud	3	sin_COG	0	3
group_10133	cloud	3	sin_COG	0	1
group_10091	cloud	3	sin_COG	0	3
group_10041	cloud	3	sin_COG	0	1
group_9980	cloud	3	sin_COG	0	1
group_9978	cloud	3	sin_COG	0	1
group_9970	cloud	2	sin_COG	0	3
group_9934	cloud	3	sin_COG	0	2
group_9920	cloud	3	sin_COG	0	1
feoB	cloud	3	sin_COG	0	3
group_9881	cloud	3	sin_COG	0	1
group_9877	cloud	2	sin_COG	0	3
group_9865	cloud	3	sin_COG	0	1
group_9856	cloud	3	sin_COG	0	3
group_9804	cloud	3	sin_COG	0	1
group_9799	cloud	3	sin_COG	0	1
group_9776	cloud	3	sin_COG	0	2
group_9761	cloud	3	sin_COG	0	3
group_9749	cloud	3	sin_COG	0	1
group_9712	cloud	3	sin_COG	0	3
group_9684	cloud	3	sin_COG	0	1
group_9648	cloud	3	I	3	3
group_9626	cloud	3	sin_COG	0	1
group_9607	cloud	3	sin_COG	0	1
agaW	cloud	3	sin_COG	0	3
group_9597	cloud	3	sin_COG	0	3
group_9592	cloud	3	sin_COG	0	3
group_9547	cloud	2	sin_COG	0	3
group_9482	cloud	3	sin_COG	0	1
group_9460	cloud	3	sin_COG	0	3
group_9413	cloud	3	sin_COG	0	1
group_9395	cloud	3	sin_COG	0	3
group_9340	cloud	3	sin_COG	0	3
group_9323	cloud	3	sin_COG	0	1
group_9312	cloud	3	sin_COG	0	3
group_9288	cloud	3	sin_COG	0	3
group_9261	cloud	3	sin_COG	0	2
group_9227	cloud	3	sin_COG	0	3
group_9225	cloud	3	sin_COG	0	2
group_9196	cloud	3	sin_COG	0	3
group_9123	cloud	3	sin_COG	0	3
group_9120	cloud	3	sin_COG	0	2
group_9099	cloud	3	sin_COG	0	3
group_9079	cloud	3	sin_COG	0	3
group_9062	cloud	3	sin_COG	0	3
ugpE	cloud	3	G	3	3
group_9010	cloud	3	sin_COG	0	2
group_9002	cloud	3	sin_COG	0	3
group_8990	cloud	3	sin_COG	0	3
group_8978	cloud	3	sin_COG	0	3
group_8937	cloud	3	sin_COG	0	3
group_8935	cloud	3	sin_COG	0	3
group_8899	cloud	3	sin_COG	0	3
group_8897	cloud	3	sin_COG	0	3
group_8888	cloud	3	sin_COG	0	2
group_8792	cloud	3	sin_COG	0	1
group_8769	cloud	3	sin_COG	0	1
group_8745	cloud	3	sin_COG	0	1
cas7c	cloud	3	sin_COG	0	3
group_8679	cloud	3	sin_COG	0	3
group_8673	cloud	3	sin_COG	0	3
group_8668	cloud	3	sin_COG	0	3
group_8663	cloud	3	sin_COG	0	1
aiiA	cloud	3	sin_COG	0	3
group_8636	cloud	3	K	3	3
group_8625	cloud	2	sin_COG	0	3
group_8612	cloud	3	sin_COG	0	2
group_8541	cloud	3	sin_COG	0	3
group_8515	cloud	3	sin_COG	0	3
group_8511	cloud	3	sin_COG	0	3
group_8508	cloud	3	sin_COG	0	3
group_8501	cloud	3	sin_COG	0	3
group_8493	cloud	3	sin_COG	0	2
group_8476	cloud	3	sin_COG	0	3
group_8461	cloud	3	sin_COG	0	3
group_8447	cloud	3	sin_COG	0	3
group_8439	cloud	3	sin_COG	0	3
group_8399	cloud	3	sin_COG	0	1
group_8389	cloud	3	sin_COG	0	2
group_8341	cloud	3	E	3	3
group_8232	cloud	3	sin_COG	0	3
group_8211	cloud	3	sin_COG	0	1
group_8167	cloud	3	sin_COG	0	3
group_8165	cloud	3	sin_COG	0	3
group_8142	cloud	3	sin_COG	0	3
group_8137	cloud	3	sin_COG	0	3
group_8125	cloud	3	sin_COG	0	1
group_8111	cloud	3	sin_COG	0	1
rhaT	cloud	3	E	3	3
group_8035	cloud	3	sin_COG	0	3
group_8027	cloud	2	sin_COG	0	3
dppB	cloud	3	E	3	3
group_7954	cloud	2	sin_COG	0	3
group_7919	cloud	3	sin_COG	0	1
group_7911	cloud	3	sin_COG	0	3
group_7864	cloud	3	sin_COG	0	1
group_7834	cloud	3	sin_COG	0	2
group_7822	cloud	3	sin_COG	0	3
group_7794	cloud	3	I	3	3
group_7767	cloud	3	sin_COG	0	3
lacD	cloud	3	sin_COG	0	3
group_7726	cloud	3	sin_COG	0	3
group_7700	cloud	3	sin_COG	0	3
group_7697	cloud	3	sin_COG	0	3
group_7683	cloud	3	sin_COG	0	3
group_7653	cloud	3	sin_COG	0	3
group_7650	cloud	3	sin_COG	0	3
group_7649	cloud	3	sin_COG	0	3
group_7643	cloud	3	sin_COG	0	3
group_7626	cloud	3	sin_COG	0	3
group_7622	cloud	3	sin_COG	0	3
group_7615	cloud	3	sin_COG	0	3
group_7610	cloud	3	sin_COG	0	3
group_7607	cloud	3	sin_COG	0	3
group_7573	cloud	3	E	3	3
group_7570	cloud	3	sin_COG	0	3
group_7567	cloud	3	sin_COG	0	3
group_7561	cloud	3	sin_COG	0	3
group_7560	cloud	3	sin_COG	0	3
group_7522	cloud	3	sin_COG	0	3
group_7509	cloud	3	sin_COG	0	3
group_7506	cloud	3	sin_COG	0	3
group_7498	cloud	3	sin_COG	0	3
group_7497	cloud	3	sin_COG	0	3
group_7487	cloud	3	sin_COG	0	3
group_7482	cloud	3	sin_COG	0	3
group_7481	cloud	3	sin_COG	0	3
group_7458	cloud	3	sin_COG	0	3
nfsA	cloud	3	sin_COG	0	3
group_7411	cloud	3	sin_COG	0	3
group_7403	cloud	3	sin_COG	0	3
group_7402	cloud	3	sin_COG	0	3
group_7394	cloud	3	sin_COG	0	3
group_7383	cloud	3	sin_COG	0	3
group_7374	cloud	3	sin_COG	0	3
group_7357	cloud	3	sin_COG	0	3
group_7352	cloud	3	sin_COG	0	3
group_7346	cloud	3	sin_COG	0	3
group_7333	cloud	3	sin_COG	0	3
group_7329	cloud	3	sin_COG	0	3
group_7309	cloud	3	sin_COG	0	3
group_7307	cloud	3	sin_COG	0	3
group_7301	cloud	3	sin_COG	0	3
group_7298	cloud	3	sin_COG	0	3
group_7273	cloud	3	sin_COG	0	3
group_7270	cloud	3	sin_COG	0	3
group_7264	cloud	3	sin_COG	0	3
group_7263	cloud	3	sin_COG	0	3
group_7259	cloud	3	sin_COG	0	3
group_7257	cloud	3	sin_COG	0	3
group_7251	cloud	3	sin_COG	0	1
group_7247	cloud	3	sin_COG	0	3
group_7225	cloud	3	sin_COG	0	3
group_7219	cloud	3	sin_COG	0	3
group_7217	cloud	2	sin_COG	0	3
group_7215	cloud	3	sin_COG	0	3
group_7190	cloud	3	sin_COG	0	3
group_7188	cloud	3	sin_COG	0	3
group_7184	cloud	3	sin_COG	0	1
group_7177	cloud	3	sin_COG	0	3
group_7175	cloud	3	sin_COG	0	3
group_7169	cloud	3	sin_COG	0	3
group_7156	cloud	3	sin_COG	0	2
mepB	cloud	3	sin_COG	0	3
group_7146	cloud	3	sin_COG	0	2
group_7126	cloud	3	sin_COG	0	3
group_7120	cloud	3	sin_COG	0	3
group_7119	cloud	3	sin_COG	0	3
group_7102	cloud	3	sin_COG	0	3
group_7100	cloud	3	sin_COG	0	4
mphM	cloud	3	sin_COG	0	2
group_7086	cloud	3	E	3	3
group_7082	cloud	3	sin_COG	0	3
group_7076	cloud	3	sin_COG	0	3
group_7075	cloud	3	sin_COG	0	3
group_7071	cloud	3	sin_COG	0	3
group_7068	cloud	3	sin_COG	0	3
group_7058	cloud	3	sin_COG	0	3
group_7055	cloud	3	sin_COG	0	3
group_7053	cloud	3	sin_COG	0	3
group_7047	cloud	3	sin_COG	0	3
group_7039	cloud	3	sin_COG	0	3
group_7029	cloud	3	sin_COG	0	3
group_7028	cloud	3	sin_COG	0	3
group_7018	cloud	3	sin_COG	0	3
group_7011	cloud	3	sin_COG	0	3
group_7010	cloud	3	sin_COG	0	3
group_7006	cloud	3	sin_COG	0	3
group_6985	cloud	3	sin_COG	0	3
group_6983	cloud	3	sin_COG	0	3
group_6976	cloud	3	sin_COG	0	3
group_6963	cloud	3	sin_COG	0	3
group_6953	cloud	3	sin_COG	0	3
group_6941	cloud	3	sin_COG	0	3
group_6939	cloud	3	sin_COG	0	3
group_6936	cloud	3	K	3	3
group_6927	cloud	3	sin_COG	0	3
iolG	cloud	2	sin_COG	0	3
group_6912	cloud	3	sin_COG	0	3
group_6911	cloud	3	sin_COG	0	3
group_6904	cloud	3	sin_COG	0	3
group_6897	cloud	3	sin_COG	0	3
group_6890	cloud	3	sin_COG	0	3
group_6886	cloud	3	sin_COG	0	3
group_6881	cloud	3	sin_COG	0	3
group_6857	cloud	3	sin_COG	0	3
group_6855	cloud	3	sin_COG	0	2
group_6854	cloud	3	sin_COG	0	3
group_6825	cloud	3	sin_COG	0	5
group_6814	cloud	3	sin_COG	0	3
group_6808	cloud	3	sin_COG	0	3
group_6801	cloud	3	sin_COG	0	3
group_6787	cloud	3	sin_COG	0	5
group_6781	cloud	3	sin_COG	0	3
group_6780	cloud	3	sin_COG	0	3
group_6766	cloud	2	T	2	3
group_6738	cloud	3	sin_COG	0	3
group_6736	cloud	3	sin_COG	0	3
group_6726	cloud	3	sin_COG	0	3
group_6719	cloud	3	sin_COG	0	3
group_6710	cloud	3	sin_COG	0	3
group_6707	cloud	3	sin_COG	0	3
group_6696	cloud	3	sin_COG	0	3
group_6695	cloud	3	sin_COG	0	3
group_6683	cloud	3	sin_COG	0	3
group_6665	cloud	3	sin_COG	0	1
group_6659	cloud	3	sin_COG	0	3
group_6654	cloud	3	sin_COG	0	3
group_6653	cloud	3	sin_COG	0	3
lacI	cloud	3	sin_COG	0	3
group_6626	cloud	3	sin_COG	0	3
group_6620	cloud	3	sin_COG	0	3
group_6601	cloud	3	sin_COG	0	3
group_6600	cloud	3	sin_COG	0	3
group_6599	cloud	3	sin_COG	0	3
group_6587	cloud	3	sin_COG	0	3
group_6577	cloud	3	sin_COG	0	3
group_6561	cloud	3	sin_COG	0	3
rocB	cloud	3	sin_COG	0	3
group_6559	cloud	3	sin_COG	0	3
group_6558	cloud	3	sin_COG	0	3
group_6553	cloud	3	sin_COG	0	3
group_6544	cloud	3	sin_COG	0	3
group_6538	cloud	3	sin_COG	0	3
group_6533	cloud	3	sin_COG	0	3
mobQ	cloud	3	sin_COG	0	3
group_6478	cloud	3	sin_COG	0	3
group_6454	cloud	3	sin_COG	0	2
group_6452	cloud	3	sin_COG	0	3
group_6428	cloud	3	sin_COG	0	3
group_6427	cloud	3	sin_COG	0	3
group_6422	cloud	3	sin_COG	0	3
group_6410	cloud	3	sin_COG	0	3
group_6382	cloud	3	G	3	3
group_6379	cloud	3	sin_COG	0	3
prsW	cloud	3	sin_COG	0	3
group_6369	cloud	3	sin_COG	0	3
group_6359	cloud	3	sin_COG	0	3
group_6344	cloud	3	sin_COG	0	3
group_6335	cloud	3	sin_COG	0	3
group_6322	cloud	3	sin_COG	0	3
group_6318	cloud	3	sin_COG	0	1
group_6281	cloud	3	sin_COG	0	2
group_6270	cloud	3	sin_COG	0	3
group_6255	cloud	3	sin_COG	0	3
group_6251	cloud	3	sin_COG	0	3
group_6250	cloud	3	sin_COG	0	3
group_6231	cloud	3	sin_COG	0	2
group_6222	cloud	3	sin_COG	0	3
group_6217	cloud	3	sin_COG	0	3
group_6209	cloud	3	sin_COG	0	3
group_6168	cloud	3	sin_COG	0	3
pduF	cloud	3	sin_COG	0	2
group_6150	cloud	3	sin_COG	0	3
group_6140	cloud	3	sin_COG	0	3
group_6125	cloud	3	sin_COG	0	3
ugd	cloud	3	M	3	3
group_6104	cloud	3	sin_COG	0	3
wcaG	cloud	3	M	3	3
group_6084	cloud	3	sin_COG	0	3
group_6074	cloud	3	sin_COG	0	3
rfbG	cloud	3	sin_COG	0	3
group_6036	cloud	3	sin_COG	0	3
group_6033	cloud	3	sin_COG	0	3
group_6025	cloud	3	sin_COG	0	3
group_6005	cloud	3	sin_COG	0	3
group_5999	cloud	3	sin_COG	0	3
group_5983	cloud	3	sin_COG	0	1
group_5965	cloud	3	sin_COG	0	3
group_5903	cloud	3	sin_COG	0	3
group_5891	cloud	3	sin_COG	0	4
group_5888	cloud	3	sin_COG	0	4
group_5842	cloud	3	C	3	3
group_5810	cloud	3	sin_COG	0	3
group_5787	cloud	3	sin_COG	0	3
group_5719	cloud	3	sin_COG	0	2
yoaH	cloud	3	sin_COG	0	3
group_5688	cloud	3	sin_COG	0	2
group_5681	cloud	3	sin_COG	0	3
group_5669	cloud	3	sin_COG	0	3
group_5667	cloud	3	sin_COG	0	3
group_5653	cloud	3	sin_COG	0	4
group_5637	cloud	3	sin_COG	0	3
group_5629	cloud	3	sin_COG	0	3
group_5618	cloud	3	sin_COG	0	3
group_5605	cloud	3	sin_COG	0	3
group_5604	cloud	3	sin_COG	0	3
group_5589	cloud	3	sin_COG	0	3
group_5583	cloud	3	sin_COG	0	3
group_5538	cloud	3	sin_COG	0	3
group_5498	cloud	3	sin_COG	0	3
group_5479	cloud	2	sin_COG	0	3
group_5471	cloud	3	sin_COG	0	3
group_5456	cloud	3	sin_COG	0	3
neuC	cloud	3	sin_COG	0	3
group_5438	cloud	3	sin_COG	0	3
wcbI	cloud	3	sin_COG	0	3
group_5425	cloud	3	sin_COG	0	3
group_5423	cloud	3	sin_COG	0	3
group_5413	cloud	3	M	1	3
group_5393	cloud	3	sin_COG	0	3
group_5388	cloud	3	sin_COG	0	3
group_5335	cloud	3	sin_COG	0	3
group_5321	cloud	3	sin_COG	0	3
group_5314	cloud	3	sin_COG	0	3
group_5311	cloud	3	sin_COG	0	3
group_5293	cloud	3	sin_COG	0	3
group_5253	cloud	3	sin_COG	0	3
group_5235	cloud	3	sin_COG	0	3
group_5182	cloud	2	sin_COG	0	3
group_5170	cloud	3	sin_COG	0	3
group_5134	cloud	3	sin_COG	0	3
tuaC	cloud	3	sin_COG	0	3
group_5000	cloud	3	sin_COG	0	3
group_4998	cloud	2	I	3	3
group_4928	cloud	3	sin_COG	0	3
group_4908	cloud	3	sin_COG	0	3
group_4890	cloud	3	sin_COG	0	3
group_4862	cloud	3	sin_COG	0	3
group_4837	cloud	3	sin_COG	0	3
group_4825	cloud	3	sin_COG	0	3
group_4799	cloud	3	sin_COG	0	3
group_4789	cloud	3	sin_COG	0	3
group_4779	cloud	3	sin_COG	0	3
group_4778	cloud	3	sin_COG	0	3
group_4718	cloud	3	E	3	5
group_4717	cloud	3	sin_COG	0	3
group_4677	cloud	3	sin_COG	0	3
group_4662	cloud	3	sin_COG	0	3
group_4656	cloud	3	sin_COG	0	3
group_4566	cloud	3	sin_COG	0	3
group_4523	cloud	3	sin_COG	0	2
group_4506	cloud	3	sin_COG	0	3
group_4477	cloud	3	sin_COG	0	3
group_4428	cloud	3	sin_COG	0	3
group_4400	cloud	3	sin_COG	0	3
group_4379	cloud	3	sin_COG	0	3
group_4350	cloud	3	sin_COG	0	3
group_4334	cloud	3	sin_COG	0	3
group_4331	cloud	3	sin_COG	0	3
group_4311	cloud	3	sin_COG	0	3
group_4286	cloud	3	sin_COG	0	3
group_4259	cloud	3	sin_COG	0	2
group_4252	cloud	3	sin_COG	0	2
group_4240	cloud	3	sin_COG	0	3
group_4238	cloud	3	sin_COG	0	4
group_4223	cloud	3	sin_COG	0	3
group_4216	cloud	3	sin_COG	0	3
group_4211	cloud	3	sin_COG	0	3
group_4183	cloud	3	sin_COG	0	3
group_4182	cloud	3	sin_COG	0	3
group_4154	cloud	3	sin_COG	0	4
group_4152	cloud	3	sin_COG	0	3
group_4143	cloud	3	sin_COG	0	3
group_4126	cloud	3	sin_COG	0	3
group_4096	cloud	3	sin_COG	0	2
group_4087	cloud	3	sin_COG	0	3
group_4084	cloud	3	sin_COG	0	3
group_4078	cloud	3	sin_COG	0	3
group_4024	cloud	3	sin_COG	0	3
group_3982	cloud	3	sin_COG	0	3
group_3944	cloud	3	sin_COG	0	3
group_3929	cloud	2	sin_COG	0	3
group_3913	cloud	3	sin_COG	0	3
galT	cloud	3	sin_COG	0	3
group_3879	cloud	3	sin_COG	0	2
group_3875	cloud	3	sin_COG	0	2
group_3865	cloud	3	sin_COG	0	3
group_3863	cloud	3	sin_COG	0	3
group_3832	cloud	3	sin_COG	0	3
group_3816	cloud	3	sin_COG	0	3
group_3794	cloud	3	sin_COG	0	3
group_3791	cloud	3	E	3	3
group_3789	cloud	3	sin_COG	0	3
group_3788	cloud	3	sin_COG	0	3
group_3786	cloud	3	sin_COG	0	3
group_3763	cloud	3	sin_COG	0	2
group_3727	cloud	3	sin_COG	0	3
group_3708	cloud	3	sin_COG	0	3
group_3681	cloud	3	sin_COG	0	3
group_3645	cloud	3	sin_COG	0	4
group_3607	cloud	3	sin_COG	0	3
group_3586	cloud	3	sin_COG	0	3
group_3570	cloud	3	sin_COG	0	3
group_3562	cloud	3	sin_COG	0	4
group_3446	cloud	3	sin_COG	0	3
group_3420	cloud	3	sin_COG	0	3
group_3407	cloud	3	sin_COG	0	3
group_3405	cloud	3	sin_COG	0	3
group_3401	cloud	3	sin_COG	0	3
group_3385	cloud	3	sin_COG	0	3
group_3332	cloud	3	sin_COG	0	6
group_3325	cloud	3	sin_COG	0	3
group_3290	cloud	3	sin_COG	0	3
group_3265	cloud	3	sin_COG	0	3
group_3244	cloud	3	sin_COG	0	3
group_3211	cloud	3	sin_COG	0	3
group_3196	cloud	3	sin_COG	0	3
group_3193	cloud	3	sin_COG	0	3
group_3185	cloud	3	sin_COG	0	3
group_3184	cloud	3	sin_COG	0	4
group_3159	cloud	3	sin_COG	0	2
group_3132	cloud	3	sin_COG	0	3
group_3100	cloud	3	sin_COG	0	3
group_3058	cloud	3	sin_COG	0	3
group_3057	cloud	3	sin_COG	0	3
hcnA	cloud	3	sin_COG	0	3
group_3024	cloud	3	sin_COG	0	3
group_2985	cloud	3	S	2	3
group_2984	cloud	2	sin_COG	0	3
yraA	cloud	3	sin_COG	0	3
group_2946	cloud	3	sin_COG	0	3
group_2919	cloud	3	sin_COG	0	3
group_2911	cloud	3	sin_COG	0	3
group_2891	cloud	3	sin_COG	0	3
group_2861	cloud	3	sin_COG	0	3
group_2844	cloud	3	sin_COG	0	2
group_2836	cloud	3	sin_COG	0	2
group_2823	cloud	3	K	2	3
group_2820	cloud	3	sin_COG	0	3
group_2805	cloud	3	sin_COG	0	3
group_2751	cloud	3	sin_COG	0	3
essB	cloud	3	sin_COG	0	3
group_2736	cloud	3	sin_COG	0	3
group_2731	cloud	3	sin_COG	0	3
group_2729	cloud	3	sin_COG	0	3
group_2722	cloud	3	sin_COG	0	3
group_2720	cloud	3	sin_COG	0	3
group_2712	cloud	3	sin_COG	0	3
sigO	cloud	3	sin_COG	0	4
group_2637	cloud	3	sin_COG	0	3
group_2629	cloud	2	sin_COG	0	3
group_2625	cloud	3	sin_COG	0	3
group_2619	cloud	3	sin_COG	0	3
group_2604	cloud	3	sin_COG	0	3
group_2571	cloud	3	sin_COG	0	2
group_2567	cloud	3	sin_COG	0	5
group_2538	cloud	3	sin_COG	0	3
group_2506	cloud	3	I	3	3
group_2502	cloud	3	sin_COG	0	3
group_2500	cloud	3	sin_COG	0	3
group_2476	cloud	3	sin_COG	0	3
group_2469	cloud	3	sin_COG	0	3
group_2465	cloud	3	sin_COG	0	3
hcnB	cloud	3	sin_COG	0	3
arsD	cloud	3	sin_COG	0	3
group_2385	cloud	3	sin_COG	0	3
group_2380	cloud	3	sin_COG	0	3
group_2372	cloud	3	sin_COG	0	3
group_2370	cloud	2	sin_COG	0	3
group_2368	cloud	3	sin_COG	0	3
arsA	cloud	3	sin_COG	0	3
group_2350	cloud	3	sin_COG	0	3
group_2327	cloud	3	sin_COG	0	3
group_2282	cloud	3	sin_COG	0	3
group_2281	cloud	3	sin_COG	0	3
group_2275	cloud	3	sin_COG	0	3
group_2237	cloud	3	G	3	3
group_2228	cloud	3	sin_COG	0	3
group_2221	cloud	3	sin_COG	0	3
group_2218	cloud	3	I	3	3
group_2209	cloud	3	sin_COG	0	2
group_2193	cloud	3	sin_COG	0	3
group_2185	cloud	3	sin_COG	0	3
aRO8	cloud	3	E	3	3
group_2156	cloud	3	sin_COG	0	3
group_2151	cloud	3	sin_COG	0	3
group_2140	cloud	3	sin_COG	0	3
group_2137	cloud	3	sin_COG	0	3
group_2132	cloud	3	C	3	3
qoxD	cloud	3	C	2	3
group_2064	cloud	3	sin_COG	0	3
group_2047	cloud	3	sin_COG	0	3
mlrC	cloud	3	R	3	3
group_2015	cloud	3	sin_COG	0	3
group_1995	cloud	3	sin_COG	0	3
group_1993	cloud	3	sin_COG	0	3
group_1992	cloud	3	sin_COG	0	3
yhfA	cloud	3	R	3	3
group_1956	cloud	3	sin_COG	0	3
group_1947	cloud	3	sin_COG	0	3
group_1923	cloud	3	sin_COG	0	1
group_1920	cloud	3	sin_COG	0	3
group_1915	cloud	3	sin_COG	0	3
group_1882	cloud	3	I	3	3
group_1876	cloud	3	sin_COG	0	3
group_1825	cloud	3	sin_COG	0	2
group_1803	cloud	3	sin_COG	0	3
group_1786	cloud	3	sin_COG	0	3
cas8c	cloud	3	sin_COG	0	3
group_1769	cloud	3	sin_COG	0	3
group_1768	cloud	3	sin_COG	0	3
group_1721	cloud	3	sin_COG	0	3
group_1686	cloud	3	sin_COG	0	3
group_1662	cloud	3	sin_COG	0	3
group_1585	cloud	3	sin_COG	0	3
group_1579	cloud	3	sin_COG	0	3
agaV	cloud	3	sin_COG	0	3
group_1572	cloud	3	sin_COG	0	3
group_1565	cloud	3	sin_COG	0	3
group_1564	cloud	3	sin_COG	0	3
group_1548	cloud	3	sin_COG	0	3
group_1516	cloud	3	sin_COG	0	3
group_1510	cloud	3	sin_COG	0	3
group_1492	cloud	3	sin_COG	0	3
puuC	cloud	3	sin_COG	0	3
group_1476	cloud	3	sin_COG	0	3
group_1459	cloud	3	sin_COG	0	3
radC	cloud	3	sin_COG	0	3
group_1457	cloud	3	sin_COG	0	3
group_1451	cloud	3	sin_COG	0	3
group_1450	cloud	3	sin_COG	0	3
group_1443	cloud	3	sin_COG	0	3
group_1441	cloud	3	sin_COG	0	3
group_1392	cloud	3	sin_COG	0	3
group_1357	cloud	3	sin_COG	0	3
aldA	cloud	3	sin_COG	0	3
group_1326	cloud	3	sin_COG	0	3
group_1325	cloud	3	sin_COG	0	3
lacC	cloud	3	sin_COG	0	3
group_1319	cloud	3	sin_COG	0	2
betL	cloud	3	sin_COG	0	3
group_1302	cloud	3	sin_COG	0	3
ddpA	cloud	3	E	3	3
group_1273	cloud	3	sin_COG	0	3
dptG	cloud	3	sin_COG	0	3
group_1235	cloud	3	sin_COG	0	3
potE	cloud	3	E	3	3
group_1191	cloud	3	sin_COG	0	3
group_1179	cloud	3	sin_COG	0	3
group_1165	cloud	3	sin_COG	0	3
rraA	cloud	3	sin_COG	0	3
group_1157	cloud	3	sin_COG	0	3
group_1120	cloud	3	sin_COG	0	3
group_1116	cloud	3	sin_COG	0	3
group_1108	cloud	3	sin_COG	0	3
group_1103	cloud	3	sin_COG	0	3
group_1084	cloud	3	sin_COG	0	3
group_1060	cloud	3	sin_COG	0	3
uxaC	cloud	3	sin_COG	0	3
group_1015	cloud	3	sin_COG	0	3
group_995	cloud	3	sin_COG	0	3
group_982	cloud	3	sin_COG	0	3
group_966	cloud	3	sin_COG	0	3
group_947	cloud	3	sin_COG	0	3
bioA	cloud	3	H	3	3
group_911	cloud	3	sin_COG	0	3
group_905	cloud	3	sin_COG	0	3
group_877	cloud	3	sin_COG	0	3
group_875	cloud	3	sin_COG	0	3
group_866	cloud	3	sin_COG	0	3
group_838	cloud	3	sin_COG	0	3
group_832	cloud	3	sin_COG	0	3
group_831	cloud	3	sin_COG	0	3
group_822	cloud	3	sin_COG	0	3
group_791	cloud	3	sin_COG	0	3
atzF	cloud	2	sin_COG	0	3
group_742	cloud	3	sin_COG	0	3
cmpR	cloud	3	sin_COG	0	3
group_713	cloud	3	sin_COG	0	3
group_707	cloud	3	sin_COG	0	3
group_705	cloud	3	sin_COG	0	3
group_695	cloud	2	sin_COG	0	3
group_690	cloud	3	sin_COG	0	3
group_671	cloud	3	sin_COG	0	3
group_659	cloud	3	sin_COG	0	3
group_658	cloud	3	sin_COG	0	2
yjzC	cloud	3	sin_COG	0	3
group_631	cloud	3	sin_COG	0	3
group_596	cloud	3	sin_COG	0	3
group_573	cloud	3	sin_COG	0	3
group_570	cloud	3	K	3	3
group_516	cloud	3	K	3	3
group_498	cloud	3	sin_COG	0	3
group_487	cloud	3	sin_COG	0	3
iolD	cloud	3	sin_COG	0	3
group_466	cloud	3	sin_COG	0	3
group_458	cloud	3	sin_COG	0	3
group_439	cloud	3	sin_COG	0	3
group_437	cloud	3	sin_COG	0	3
traG	cloud	3	sin_COG	0	3
ygaZ	cloud	3	sin_COG	0	3
maoC	cloud	2	I	3	3
xerD	cloud	3	sin_COG	0	3
group_362	cloud	3	sin_COG	0	2
hppD	cloud	3	E	3	3
group_350	cloud	3	sin_COG	0	3
group_349	cloud	3	sin_COG	0	3
rimL	cloud	3	J	3	3
group_310	cloud	3	sin_COG	0	3
group_306	cloud	3	sin_COG	0	3
group_305	cloud	3	sin_COG	0	3
group_282	cloud	3	sin_COG	0	3
doxX	cloud	3	sin_COG	0	3
group_261	cloud	3	sin_COG	0	3
group_255	cloud	3	sin_COG	0	3
group_253	cloud	3	sin_COG	0	3
group_228	cloud	3	sin_COG	0	3
cas5c	cloud	3	sin_COG	0	3
group_205	cloud	3	sin_COG	0	3
group_193	cloud	3	sin_COG	0	3
group_91	cloud	3	sin_COG	0	3
marR	cloud	3	sin_COG	0	3
group_83	cloud	3	sin_COG	0	2
group_55	cloud	3	sin_COG	0	3
uca	cloud	2	sin_COG	0	3
group_46	cloud	3	sin_COG	0	3
cas1c	cloud	3	V	1	4
cas2	cloud	3	sin_COG	0	2
group_15	cloud	3	sin_COG	0	3
group_13731	cloud	2	sin_COG	0	2
group_13730	cloud	2	sin_COG	0	2
group_13717	cloud	2	sin_COG	0	2
group_13714	cloud	2	sin_COG	0	2
group_13709	cloud	2	sin_COG	0	2
group_13707	cloud	2	sin_COG	0	2
group_13702	cloud	2	sin_COG	0	2
group_13699	cloud	2	sin_COG	0	2
group_13697	cloud	2	sin_COG	0	2
group_13694	cloud	2	sin_COG	0	2
group_13687	cloud	2	sin_COG	0	2
group_13686	cloud	2	sin_COG	0	2
group_13685	cloud	2	sin_COG	0	3
group_13679	cloud	2	sin_COG	0	3
group_13674	cloud	2	sin_COG	0	2
group_13673	cloud	2	sin_COG	0	2
group_13672	cloud	2	sin_COG	0	2
group_13671	cloud	2	L	2	2
group_13670	cloud	2	sin_COG	0	2
group_13669	cloud	2	sin_COG	0	2
group_13668	cloud	2	sin_COG	0	2
group_13667	cloud	2	sin_COG	0	2
group_13664	cloud	2	sin_COG	0	2
group_13662	cloud	2	sin_COG	0	2
group_13661	cloud	2	sin_COG	0	2
group_13660	cloud	2	X	2	2
group_13656	cloud	1	sin_COG	0	1
group_13655	cloud	2	sin_COG	0	1
group_13629	cloud	2	sin_COG	0	1
group_13625	cloud	2	sin_COG	0	1
group_13622	cloud	2	sin_COG	0	1
group_13621	cloud	2	sin_COG	0	1
group_13606	cloud	2	sin_COG	0	2
group_13605	cloud	2	sin_COG	0	2
group_13604	cloud	2	sin_COG	0	2
group_13603	cloud	2	sin_COG	0	2
group_13602	cloud	2	sin_COG	0	2
group_13601	cloud	2	sin_COG	0	2
group_13600	cloud	2	sin_COG	0	2
group_13599	cloud	2	sin_COG	0	2
group_13598	cloud	2	sin_COG	0	2
group_13597	cloud	2	sin_COG	0	2
ardC	cloud	2	sin_COG	0	2
group_13596	cloud	2	sin_COG	0	2
group_13595	cloud	2	sin_COG	0	2
group_13594	cloud	2	sin_COG	0	2
group_13593	cloud	2	sin_COG	0	2
group_13592	cloud	2	sin_COG	0	2
group_13591	cloud	2	sin_COG	0	2
group_13590	cloud	2	sin_COG	0	2
group_13589	cloud	2	sin_COG	0	2
group_13588	cloud	2	sin_COG	0	2
group_13587	cloud	2	sin_COG	0	2
group_13586	cloud	2	sin_COG	0	1
group_13581	cloud	2	sin_COG	0	1
group_13580	cloud	2	sin_COG	0	2
group_13579	cloud	2	sin_COG	0	2
group_13578	cloud	2	sin_COG	0	2
group_13577	cloud	2	sin_COG	0	2
group_13576	cloud	2	sin_COG	0	2
group_13575	cloud	2	sin_COG	0	2
group_13574	cloud	2	sin_COG	0	2
group_13573	cloud	2	sin_COG	0	2
group_13572	cloud	2	sin_COG	0	2
group_13571	cloud	2	sin_COG	0	2
group_13570	cloud	2	sin_COG	0	2
group_13568	cloud	2	sin_COG	0	2
group_13567	cloud	2	sin_COG	0	2
group_13565	cloud	2	sin_COG	0	2
group_13564	cloud	2	sin_COG	0	2
group_13563	cloud	2	sin_COG	0	2
group_13561	cloud	2	sin_COG	0	2
group_13560	cloud	2	C	1	2
group_13559	cloud	2	sin_COG	0	1
group_13558	cloud	2	sin_COG	0	2
group_13557	cloud	2	sin_COG	0	2
cadD	cloud	2	sin_COG	0	2
group_13556	cloud	2	sin_COG	0	1
group_13555	cloud	2	sin_COG	0	2
group_13554	cloud	2	sin_COG	0	2
group_13552	cloud	2	sin_COG	0	2
group_13551	cloud	2	sin_COG	0	2
group_13549	cloud	2	sin_COG	0	2
group_13548	cloud	2	sin_COG	0	2
group_13547	cloud	2	sin_COG	0	2
group_13546	cloud	2	sin_COG	0	2
group_13545	cloud	2	sin_COG	0	2
group_13544	cloud	2	sin_COG	0	2
group_13543	cloud	2	sin_COG	0	2
group_13542	cloud	2	sin_COG	0	2
group_13541	cloud	2	sin_COG	0	2
group_13540	cloud	2	sin_COG	0	2
group_13539	cloud	2	sin_COG	0	2
group_13538	cloud	2	sin_COG	0	2
group_13537	cloud	2	sin_COG	0	2
group_13536	cloud	2	sin_COG	0	2
group_13535	cloud	2	sin_COG	0	2
group_13534	cloud	2	sin_COG	0	2
group_13533	cloud	2	sin_COG	0	2
group_13532	cloud	2	sin_COG	0	2
group_13531	cloud	2	sin_COG	0	2
group_13530	cloud	2	K	2	2
group_13529	cloud	2	K	2	2
group_13528	cloud	2	sin_COG	0	2
group_13527	cloud	2	sin_COG	0	2
group_13526	cloud	2	sin_COG	0	2
group_13525	cloud	2	sin_COG	0	2
group_13524	cloud	2	sin_COG	0	2
group_13523	cloud	2	sin_COG	0	2
group_13522	cloud	2	sin_COG	0	2
group_13521	cloud	2	sin_COG	0	2
group_13520	cloud	2	sin_COG	0	2
group_13519	cloud	2	P	2	2
group_13518	cloud	2	sin_COG	0	2
group_13517	cloud	2	sin_COG	0	2
group_13516	cloud	2	sin_COG	0	2
group_13515	cloud	2	sin_COG	0	2
group_13514	cloud	2	sin_COG	0	2
group_13513	cloud	2	sin_COG	0	2
group_13512	cloud	2	sin_COG	0	2
group_13511	cloud	2	sin_COG	0	2
group_13510	cloud	2	sin_COG	0	2
group_13509	cloud	2	sin_COG	0	2
group_13507	cloud	2	sin_COG	0	1
group_13506	cloud	2	sin_COG	0	2
group_13505	cloud	2	sin_COG	0	2
group_13504	cloud	2	sin_COG	0	2
group_13503	cloud	2	sin_COG	0	2
group_13502	cloud	2	sin_COG	0	2
group_13500	cloud	2	sin_COG	0	1
group_13491	cloud	2	sin_COG	0	1
group_13488	cloud	2	sin_COG	0	2
group_13484	cloud	2	sin_COG	0	2
group_13483	cloud	2	sin_COG	0	2
group_13482	cloud	2	sin_COG	0	2
group_13481	cloud	2	sin_COG	0	2
group_13480	cloud	2	sin_COG	0	2
group_13477	cloud	2	sin_COG	0	2
group_13476	cloud	2	sin_COG	0	1
group_13469	cloud	1	sin_COG	0	1
group_13461	cloud	2	sin_COG	0	1
group_13427	cloud	2	sin_COG	0	1
group_13424	cloud	2	sin_COG	0	1
group_13406	cloud	2	sin_COG	0	1
group_13403	cloud	2	sin_COG	0	1
group_13402	cloud	2	sin_COG	0	1
group_13397	cloud	2	sin_COG	0	1
group_13395	cloud	2	S	2	2
group_13355	cloud	2	sin_COG	0	2
group_13305	cloud	2	sin_COG	0	1
group_13297	cloud	2	sin_COG	0	2
group_13291	cloud	2	sin_COG	0	1
group_13289	cloud	2	sin_COG	0	2
group_13281	cloud	2	sin_COG	0	2
group_13278	cloud	2	sin_COG	0	2
group_13276	cloud	2	sin_COG	0	2
group_13253	cloud	2	sin_COG	0	2
group_13251	cloud	2	sin_COG	0	2
group_13237	cloud	2	sin_COG	0	1
group_13174	cloud	2	sin_COG	0	2
group_13150	cloud	2	S	2	2
group_13148	cloud	2	sin_COG	0	2
group_13147	cloud	2	sin_COG	0	2
group_13146	cloud	2	sin_COG	0	1
group_13138	cloud	2	sin_COG	0	1
group_13137	cloud	2	sin_COG	0	2
group_13102	cloud	2	sin_COG	0	1
group_13098	cloud	2	sin_COG	0	2
group_13096	cloud	2	sin_COG	0	1
group_13088	cloud	2	sin_COG	0	1
group_13080	cloud	2	sin_COG	0	2
group_13077	cloud	2	sin_COG	0	1
group_13074	cloud	1	sin_COG	0	2
group_13073	cloud	1	sin_COG	0	2
group_13072	cloud	2	sin_COG	0	2
group_13071	cloud	1	sin_COG	0	1
group_13070	cloud	2	sin_COG	0	2
group_13063	cloud	2	sin_COG	0	2
group_13060	cloud	2	sin_COG	0	2
group_13059	cloud	2	sin_COG	0	1
group_13058	cloud	2	sin_COG	0	2
group_13056	cloud	2	sin_COG	0	2
group_13055	cloud	2	sin_COG	0	2
group_13054	cloud	2	sin_COG	0	2
group_13053	cloud	2	sin_COG	0	2
group_13051	cloud	2	sin_COG	0	1
group_13038	cloud	2	sin_COG	0	2
group_13037	cloud	2	sin_COG	0	2
ompH	cloud	2	sin_COG	0	2
group_13035	cloud	2	sin_COG	0	2
group_13034	cloud	2	sin_COG	0	2
group_13033	cloud	2	sin_COG	0	2
group_13032	cloud	2	sin_COG	0	1
group_13031	cloud	2	sin_COG	0	1
group_13030	cloud	2	sin_COG	0	2
group_13025	cloud	2	sin_COG	0	2
group_13022	cloud	2	sin_COG	0	2
group_13021	cloud	2	sin_COG	0	2
group_13009	cloud	2	sin_COG	0	2
group_13008	cloud	2	sin_COG	0	2
group_12998	cloud	2	sin_COG	0	2
group_12982	cloud	2	sin_COG	0	2
group_12978	cloud	2	sin_COG	0	2
group_12976	cloud	2	sin_COG	0	1
group_12966	cloud	2	sin_COG	0	1
group_12962	cloud	2	sin_COG	0	2
group_12959	cloud	2	sin_COG	0	2
group_12953	cloud	2	sin_COG	0	2
group_12952	cloud	2	sin_COG	0	2
group_12949	cloud	2	sin_COG	0	2
group_12946	cloud	2	sin_COG	0	2
group_12945	cloud	2	sin_COG	0	2
group_12939	cloud	2	sin_COG	0	2
group_12938	cloud	2	sin_COG	0	2
group_12937	cloud	2	sin_COG	0	2
group_12929	cloud	2	sin_COG	0	2
group_12928	cloud	2	sin_COG	0	1
group_12889	cloud	2	sin_COG	0	2
group_12888	cloud	2	sin_COG	0	2
group_12887	cloud	2	sin_COG	0	2
group_12886	cloud	2	sin_COG	0	3
group_12885	cloud	2	sin_COG	0	2
group_12884	cloud	2	sin_COG	0	1
group_12883	cloud	2	sin_COG	0	2
group_12881	cloud	2	sin_COG	0	2
group_12879	cloud	2	sin_COG	0	2
group_12870	cloud	2	sin_COG	0	2
group_12858	cloud	2	sin_COG	0	2
group_12856	cloud	2	sin_COG	0	2
group_12824	cloud	2	sin_COG	0	1
group_12809	cloud	2	sin_COG	0	2
group_12808	cloud	2	sin_COG	0	2
group_12806	cloud	2	sin_COG	0	1
group_12779	cloud	2	sin_COG	0	1
group_12754	cloud	2	sin_COG	0	2
group_12753	cloud	2	sin_COG	0	2
group_12752	cloud	2	sin_COG	0	2
group_12751	cloud	2	sin_COG	0	2
group_12750	cloud	2	sin_COG	0	2
trbC	cloud	2	sin_COG	0	2
group_12749	cloud	2	sin_COG	0	2
group_12748	cloud	2	sin_COG	0	2
group_12747	cloud	2	sin_COG	0	2
group_12746	cloud	2	sin_COG	0	2
group_12745	cloud	2	sin_COG	0	2
group_12744	cloud	2	sin_COG	0	2
group_12743	cloud	2	sin_COG	0	2
group_12742	cloud	2	sin_COG	0	2
group_12741	cloud	2	sin_COG	0	2
group_12732	cloud	2	sin_COG	0	1
group_12716	cloud	2	sin_COG	0	2
group_12714	cloud	2	L	2	2
group_12713	cloud	2	sin_COG	0	2
group_12672	cloud	2	sin_COG	0	1
group_12651	cloud	2	sin_COG	0	2
group_12628	cloud	2	sin_COG	0	2
group_12622	cloud	2	sin_COG	0	2
group_12615	cloud	2	sin_COG	0	2
group_12611	cloud	2	sin_COG	0	2
group_12610	cloud	2	sin_COG	0	2
group_12609	cloud	2	sin_COG	0	2
group_12607	cloud	2	sin_COG	0	2
group_12604	cloud	2	sin_COG	0	2
group_12597	cloud	2	sin_COG	0	2
group_12579	cloud	2	sin_COG	0	1
group_12572	cloud	2	sin_COG	0	1
group_12567	cloud	2	sin_COG	0	2
group_12540	cloud	2	sin_COG	0	2
group_12530	cloud	2	sin_COG	0	2
group_12528	cloud	2	sin_COG	0	2
group_12524	cloud	2	sin_COG	0	2
group_12521	cloud	2	sin_COG	0	2
group_12515	cloud	2	sin_COG	0	2
group_12504	cloud	2	sin_COG	0	2
group_12502	cloud	2	sin_COG	0	1
group_12498	cloud	2	sin_COG	0	2
group_12495	cloud	2	sin_COG	0	2
group_12492	cloud	2	sin_COG	0	2
group_12491	cloud	2	sin_COG	0	3
group_12485	cloud	2	sin_COG	0	2
group_12484	cloud	2	sin_COG	0	2
group_12477	cloud	2	sin_COG	0	2
group_12475	cloud	2	sin_COG	0	2
group_12474	cloud	2	sin_COG	0	2
group_12467	cloud	2	sin_COG	0	3
group_12459	cloud	2	sin_COG	0	2
group_12453	cloud	2	sin_COG	0	2
group_12451	cloud	2	sin_COG	0	2
group_12432	cloud	2	sin_COG	0	2
group_12422	cloud	2	sin_COG	0	2
group_12410	cloud	2	sin_COG	0	2
group_12409	cloud	2	sin_COG	0	2
group_12400	cloud	2	sin_COG	0	2
group_12398	cloud	2	sin_COG	0	2
group_12397	cloud	2	sin_COG	0	2
group_12378	cloud	2	sin_COG	0	2
group_12376	cloud	2	sin_COG	0	2
group_12373	cloud	1	sin_COG	0	2
group_12370	cloud	2	sin_COG	0	2
group_12369	cloud	2	sin_COG	0	2
group_12361	cloud	2	sin_COG	0	2
group_12360	cloud	2	sin_COG	0	2
group_12358	cloud	2	sin_COG	0	2
group_12330	cloud	1	sin_COG	0	2
group_12329	cloud	2	sin_COG	0	2
group_12328	cloud	2	sin_COG	0	2
group_12296	cloud	2	C	1	2
group_12286	cloud	2	sin_COG	0	2
group_12279	cloud	2	sin_COG	0	2
group_12274	cloud	2	sin_COG	0	2
group_12262	cloud	2	sin_COG	0	2
group_12256	cloud	2	sin_COG	0	3
group_12250	cloud	2	sin_COG	0	2
group_12232	cloud	2	sin_COG	0	2
group_12231	cloud	2	sin_COG	0	2
group_12219	cloud	2	sin_COG	0	3
group_12213	cloud	2	sin_COG	0	2
group_12212	cloud	2	sin_COG	0	2
group_12199	cloud	2	sin_COG	0	2
group_12189	cloud	2	sin_COG	0	3
group_12183	cloud	2	sin_COG	0	2
group_12180	cloud	2	sin_COG	0	2
group_12173	cloud	2	sin_COG	0	2
group_12172	cloud	2	sin_COG	0	2
group_12170	cloud	2	sin_COG	0	2
group_12168	cloud	2	sin_COG	0	2
group_12166	cloud	2	sin_COG	0	2
group_12163	cloud	2	sin_COG	0	2
group_12159	cloud	2	sin_COG	0	3
moeB	cloud	2	sin_COG	0	2
group_12153	cloud	2	sin_COG	0	2
group_12139	cloud	2	sin_COG	0	2
group_12128	cloud	2	sin_COG	0	2
group_12126	cloud	2	sin_COG	0	2
group_12105	cloud	2	sin_COG	0	2
group_12102	cloud	2	sin_COG	0	2
group_12094	cloud	2	sin_COG	0	2
group_12091	cloud	2	sin_COG	0	2
group_12090	cloud	2	sin_COG	0	2
group_12074	cloud	2	sin_COG	0	2
group_12073	cloud	2	sin_COG	0	2
group_12066	cloud	2	sin_COG	0	3
group_12057	cloud	2	sin_COG	0	2
group_12056	cloud	2	sin_COG	0	2
group_12050	cloud	2	sin_COG	0	2
group_12043	cloud	2	sin_COG	0	2
group_12036	cloud	2	sin_COG	0	2
group_12031	cloud	2	sin_COG	0	2
group_12029	cloud	2	sin_COG	0	2
group_12028	cloud	2	sin_COG	0	2
group_12024	cloud	2	sin_COG	0	2
group_12022	cloud	2	sin_COG	0	2
group_12021	cloud	2	sin_COG	0	2
group_12018	cloud	2	sin_COG	0	2
group_12017	cloud	2	sin_COG	0	2
group_12015	cloud	2	sin_COG	0	2
group_12003	cloud	2	sin_COG	0	2
group_11989	cloud	1	sin_COG	0	2
group_11986	cloud	2	sin_COG	0	2
group_11981	cloud	2	sin_COG	0	2
group_11956	cloud	2	sin_COG	0	2
group_11954	cloud	2	sin_COG	0	2
group_11944	cloud	2	sin_COG	0	2
group_11935	cloud	1	sin_COG	0	2
group_11931	cloud	2	sin_COG	0	3
group_11926	cloud	2	sin_COG	0	2
group_11925	cloud	2	sin_COG	0	2
group_11922	cloud	2	sin_COG	0	1
group_11909	cloud	2	sin_COG	0	2
group_11886	cloud	2	sin_COG	0	2
group_11885	cloud	2	sin_COG	0	2
group_11879	cloud	2	sin_COG	0	2
group_11866	cloud	2	sin_COG	0	2
group_11862	cloud	2	sin_COG	0	2
group_11860	cloud	2	sin_COG	0	2
group_11846	cloud	2	sin_COG	0	2
group_11834	cloud	2	sin_COG	0	2
group_11831	cloud	2	sin_COG	0	2
group_11826	cloud	2	M	2	2
group_11813	cloud	2	sin_COG	0	2
group_11804	cloud	2	E	2	2
group_11783	cloud	2	sin_COG	0	2
group_11774	cloud	2	sin_COG	0	2
group_11773	cloud	2	sin_COG	0	2
group_11766	cloud	2	sin_COG	0	2
group_11759	cloud	1	sin_COG	0	2
group_11758	cloud	1	sin_COG	0	2
group_11748	cloud	2	sin_COG	0	2
group_11747	cloud	2	sin_COG	0	2
group_11743	cloud	2	sin_COG	0	2
group_11742	cloud	2	sin_COG	0	2
group_11741	cloud	2	sin_COG	0	3
group_11740	cloud	2	sin_COG	0	2
group_11737	cloud	2	sin_COG	0	2
group_11735	cloud	1	sin_COG	0	3
group_11731	cloud	2	sin_COG	0	2
group_11723	cloud	2	sin_COG	0	2
group_11715	cloud	2	sin_COG	0	2
group_11707	cloud	2	sin_COG	0	2
group_11696	cloud	2	sin_COG	0	2
group_11694	cloud	2	sin_COG	0	2
group_11667	cloud	2	sin_COG	0	2
group_11658	cloud	2	sin_COG	0	2
group_11652	cloud	2	sin_COG	0	2
group_11640	cloud	2	sin_COG	0	2
yphA	cloud	2	sin_COG	0	2
group_11597	cloud	2	sin_COG	0	2
group_11583	cloud	2	sin_COG	0	2
group_11573	cloud	2	sin_COG	0	2
group_11561	cloud	2	sin_COG	0	2
group_11546	cloud	2	sin_COG	0	2
group_11536	cloud	2	sin_COG	0	2
group_11526	cloud	2	sin_COG	0	2
group_11524	cloud	2	sin_COG	0	2
group_11514	cloud	1	sin_COG	0	2
group_11501	cloud	2	sin_COG	0	2
group_11489	cloud	2	sin_COG	0	2
group_11488	cloud	2	sin_COG	0	2
group_11483	cloud	2	sin_COG	0	2
group_11474	cloud	1	sin_COG	0	2
group_11466	cloud	2	sin_COG	0	2
group_11456	cloud	2	sin_COG	0	3
group_11455	cloud	2	sin_COG	0	2
group_11444	cloud	2	sin_COG	0	2
group_11438	cloud	1	sin_COG	0	2
group_11433	cloud	2	sin_COG	0	2
rfbC	cloud	2	sin_COG	0	2
group_11430	cloud	2	sin_COG	0	2
group_11426	cloud	2	sin_COG	0	2
group_11416	cloud	2	sin_COG	0	2
group_11390	cloud	2	sin_COG	0	2
group_11385	cloud	2	sin_COG	0	2
group_11380	cloud	2	sin_COG	0	2
group_11376	cloud	2	sin_COG	0	2
group_11373	cloud	2	sin_COG	0	2
group_11367	cloud	2	sin_COG	0	2
group_11348	cloud	2	sin_COG	0	2
group_11344	cloud	2	sin_COG	0	2
group_11343	cloud	2	sin_COG	0	2
group_11336	cloud	2	sin_COG	0	2
group_11331	cloud	2	sin_COG	0	2
group_11330	cloud	2	sin_COG	0	2
group_11325	cloud	2	sin_COG	0	2
group_11322	cloud	2	sin_COG	0	2
group_11319	cloud	2	sin_COG	0	2
group_11306	cloud	2	sin_COG	0	2
group_11303	cloud	2	sin_COG	0	2
group_11301	cloud	2	sin_COG	0	2
group_11300	cloud	2	sin_COG	0	2
group_11299	cloud	2	sin_COG	0	2
group_11286	cloud	2	sin_COG	0	2
group_11285	cloud	2	sin_COG	0	2
group_11277	cloud	2	sin_COG	0	2
group_11270	cloud	2	sin_COG	0	2
group_11265	cloud	2	sin_COG	0	2
group_11261	cloud	2	sin_COG	0	2
group_11253	cloud	2	sin_COG	0	2
group_11232	cloud	2	sin_COG	0	2
group_11219	cloud	2	sin_COG	0	2
group_11207	cloud	2	sin_COG	0	2
group_11179	cloud	2	sin_COG	0	2
group_11178	cloud	2	sin_COG	0	2
group_11174	cloud	2	sin_COG	0	2
group_11163	cloud	2	sin_COG	0	2
group_11148	cloud	2	sin_COG	0	2
group_11144	cloud	2	sin_COG	0	2
group_11140	cloud	2	sin_COG	0	2
group_11131	cloud	2	sin_COG	0	2
group_11128	cloud	2	sin_COG	0	2
group_11127	cloud	2	sin_COG	0	2
group_11117	cloud	2	sin_COG	0	2
group_11111	cloud	2	sin_COG	0	2
group_11104	cloud	2	sin_COG	0	2
group_11103	cloud	2	sin_COG	0	2
group_11094	cloud	1	sin_COG	0	2
group_11093	cloud	2	sin_COG	0	2
group_11091	cloud	2	sin_COG	0	2
group_11083	cloud	2	sin_COG	0	2
group_11078	cloud	2	sin_COG	0	2
group_11076	cloud	2	sin_COG	0	2
group_11064	cloud	2	sin_COG	0	2
group_11063	cloud	2	sin_COG	0	2
group_11047	cloud	2	sin_COG	0	2
group_11038	cloud	2	sin_COG	0	2
group_11034	cloud	2	sin_COG	0	2
group_11025	cloud	2	sin_COG	0	2
group_11006	cloud	2	sin_COG	0	2
group_11005	cloud	2	sin_COG	0	2
group_11000	cloud	2	sin_COG	0	2
lsrR	cloud	2	sin_COG	0	2
group_10979	cloud	2	sin_COG	0	2
group_10971	cloud	2	sin_COG	0	2
group_10960	cloud	2	sin_COG	0	1
group_10951	cloud	2	sin_COG	0	2
group_10947	cloud	2	sin_COG	0	2
group_10946	cloud	2	sin_COG	0	2
group_10938	cloud	2	sin_COG	0	2
group_10937	cloud	2	sin_COG	0	1
group_10936	cloud	2	sin_COG	0	2
group_10935	cloud	2	sin_COG	0	2
group_10934	cloud	2	sin_COG	0	2
group_10930	cloud	2	sin_COG	0	2
group_10925	cloud	2	K	1	2
group_10912	cloud	2	sin_COG	0	2
group_10909	cloud	2	sin_COG	0	2
group_10904	cloud	2	sin_COG	0	2
group_10901	cloud	2	sin_COG	0	2
group_10900	cloud	2	sin_COG	0	2
group_10885	cloud	2	sin_COG	0	2
group_10881	cloud	2	sin_COG	0	2
group_10880	cloud	2	sin_COG	0	2
group_10879	cloud	1	sin_COG	0	2
cdnL	cloud	2	K	2	2
group_10878	cloud	2	sin_COG	0	2
group_10874	cloud	2	sin_COG	0	2
group_10873	cloud	2	sin_COG	0	2
group_10872	cloud	2	sin_COG	0	2
group_10871	cloud	2	sin_COG	0	2
group_10869	cloud	2	sin_COG	0	2
group_10867	cloud	2	sin_COG	0	2
group_10866	cloud	2	sin_COG	0	2
group_10864	cloud	2	sin_COG	0	2
group_10862	cloud	2	sin_COG	0	2
group_10849	cloud	2	X	1	2
group_10847	cloud	2	sin_COG	0	2
group_10843	cloud	2	sin_COG	0	2
group_10842	cloud	2	sin_COG	0	2
group_10834	cloud	2	sin_COG	0	2
group_10807	cloud	2	sin_COG	0	2
group_10802	cloud	1	V	2	2
group_10791	cloud	2	sin_COG	0	2
group_10765	cloud	2	sin_COG	0	2
group_10758	cloud	2	sin_COG	0	2
group_10757	cloud	2	sin_COG	0	2
group_10755	cloud	2	sin_COG	0	2
group_10740	cloud	2	sin_COG	0	2
group_10737	cloud	2	E	2	2
dhaL	cloud	2	sin_COG	0	2
group_10687	cloud	2	sin_COG	0	2
group_10674	cloud	2	sin_COG	0	2
group_10667	cloud	2	sin_COG	0	1
group_10656	cloud	2	sin_COG	0	2
group_10639	cloud	2	sin_COG	0	2
group_10589	cloud	1	sin_COG	0	2
group_10574	cloud	2	sin_COG	0	2
alkD	cloud	2	L	2	2
group_10564	cloud	2	sin_COG	0	2
group_10559	cloud	2	sin_COG	0	1
group_10544	cloud	2	sin_COG	0	1
group_10543	cloud	2	sin_COG	0	2
group_10535	cloud	2	sin_COG	0	2
group_10531	cloud	2	sin_COG	0	2
group_10530	cloud	2	sin_COG	0	2
group_10527	cloud	2	sin_COG	0	1
group_10522	cloud	2	K	1	2
group_10519	cloud	2	sin_COG	0	2
group_10517	cloud	2	sin_COG	0	2
group_10481	cloud	2	sin_COG	0	2
group_10475	cloud	2	sin_COG	0	2
group_10461	cloud	2	sin_COG	0	2
group_10445	cloud	1	sin_COG	0	2
group_10390	cloud	2	sin_COG	0	1
group_10380	cloud	2	sin_COG	0	1
group_10371	cloud	2	sin_COG	0	1
group_10364	cloud	2	sin_COG	0	2
group_10363	cloud	2	sin_COG	0	2
group_10358	cloud	2	sin_COG	0	1
group_10348	cloud	2	sin_COG	0	2
group_10347	cloud	2	sin_COG	0	1
group_10339	cloud	2	sin_COG	0	1
group_10337	cloud	2	sin_COG	0	1
group_10335	cloud	2	sin_COG	0	1
group_10332	cloud	2	sin_COG	0	1
group_10318	cloud	2	sin_COG	0	1
group_10314	cloud	2	sin_COG	0	1
group_10298	cloud	2	sin_COG	0	1
group_10295	cloud	2	sin_COG	0	1
group_10291	cloud	2	sin_COG	0	1
group_10289	cloud	2	sin_COG	0	1
group_10268	cloud	2	sin_COG	0	1
group_10265	cloud	2	sin_COG	0	1
group_10250	cloud	2	sin_COG	0	2
group_10249	cloud	2	sin_COG	0	2
group_10244	cloud	2	sin_COG	0	1
group_10235	cloud	2	sin_COG	0	2
group_10231	cloud	2	sin_COG	0	2
group_10218	cloud	2	sin_COG	0	2
group_10216	cloud	2	sin_COG	0	2
group_10207	cloud	2	sin_COG	0	2
group_10202	cloud	2	sin_COG	0	2
group_10200	cloud	2	sin_COG	0	1
group_10196	cloud	2	sin_COG	0	2
group_10195	cloud	2	sin_COG	0	2
group_10180	cloud	2	sin_COG	0	2
group_10175	cloud	2	sin_COG	0	2
group_10145	cloud	2	sin_COG	0	2
group_10142	cloud	2	sin_COG	0	2
group_10113	cloud	2	sin_COG	0	2
group_10107	cloud	2	sin_COG	0	2
group_10101	cloud	2	sin_COG	0	2
group_10100	cloud	2	sin_COG	0	1
group_10098	cloud	2	sin_COG	0	2
group_10097	cloud	2	sin_COG	0	1
group_10092	cloud	1	sin_COG	0	2
group_10090	cloud	1	sin_COG	0	2
group_10089	cloud	2	sin_COG	0	1
group_10078	cloud	2	sin_COG	0	2
group_10077	cloud	2	sin_COG	0	2
group_10075	cloud	2	sin_COG	0	1
group_10071	cloud	2	sin_COG	0	1
group_10065	cloud	2	sin_COG	0	2
group_10052	cloud	2	sin_COG	0	1
group_10037	cloud	1	sin_COG	0	2
group_10034	cloud	2	sin_COG	0	1
group_10017	cloud	2	sin_COG	0	2
group_10011	cloud	2	sin_COG	0	2
group_10002	cloud	2	sin_COG	0	2
group_9998	cloud	2	sin_COG	0	1
group_9997	cloud	2	E	2	2
group_9989	cloud	2	sin_COG	0	2
group_9975	cloud	2	sin_COG	0	2
group_9972	cloud	2	sin_COG	0	2
group_9961	cloud	2	sin_COG	0	2
group_9960	cloud	2	sin_COG	0	2
group_9951	cloud	2	sin_COG	0	2
group_9917	cloud	2	sin_COG	0	2
group_9916	cloud	2	sin_COG	0	2
group_9910	cloud	2	sin_COG	0	2
group_9899	cloud	2	sin_COG	0	2
group_9898	cloud	2	sin_COG	0	2
group_9884	cloud	2	sin_COG	0	2
group_9879	cloud	2	sin_COG	0	2
group_9874	cloud	2	sin_COG	0	2
group_9872	cloud	2	sin_COG	0	1
group_9863	cloud	2	sin_COG	0	1
group_9860	cloud	2	sin_COG	0	1
group_9848	cloud	2	sin_COG	0	2
group_9846	cloud	2	sin_COG	0	2
group_9822	cloud	2	sin_COG	0	2
group_9816	cloud	2	sin_COG	0	1
group_9791	cloud	2	sin_COG	0	1
group_9790	cloud	2	sin_COG	0	2
group_9779	cloud	2	sin_COG	0	2
group_9767	cloud	2	sin_COG	0	2
group_9763	cloud	2	sin_COG	0	2
group_9756	cloud	2	sin_COG	0	1
group_9754	cloud	2	sin_COG	0	1
group_9752	cloud	2	sin_COG	0	2
group_9741	cloud	2	sin_COG	0	2
group_9727	cloud	2	sin_COG	0	2
group_9720	cloud	2	sin_COG	0	2
group_9698	cloud	2	sin_COG	0	2
group_9694	cloud	2	sin_COG	0	2
group_9693	cloud	2	sin_COG	0	2
group_9691	cloud	2	sin_COG	0	2
group_9689	cloud	2	sin_COG	0	2
group_9686	cloud	2	sin_COG	0	2
group_9681	cloud	2	sin_COG	0	1
group_9669	cloud	2	sin_COG	0	2
group_9668	cloud	2	sin_COG	0	2
group_9663	cloud	2	sin_COG	0	1
group_9655	cloud	2	sin_COG	0	2
group_9617	cloud	2	sin_COG	0	2
group_9615	cloud	2	sin_COG	0	2
group_9613	cloud	2	sin_COG	0	1
group_9604	cloud	1	sin_COG	0	2
group_9602	cloud	2	sin_COG	0	2
group_9596	cloud	2	sin_COG	0	2
group_9574	cloud	2	sin_COG	0	2
group_9561	cloud	2	sin_COG	0	1
group_9551	cloud	2	sin_COG	0	2
group_9549	cloud	2	sin_COG	0	2
group_9546	cloud	2	sin_COG	0	1
group_9544	cloud	2	sin_COG	0	2
group_9535	cloud	2	sin_COG	0	1
group_9509	cloud	2	sin_COG	0	1
group_9485	cloud	2	sin_COG	0	2
group_9481	cloud	2	sin_COG	0	2
group_9479	cloud	1	sin_COG	0	2
group_9471	cloud	2	sin_COG	0	2
group_9467	cloud	2	sin_COG	0	1
group_9464	cloud	2	sin_COG	0	1
group_9440	cloud	2	sin_COG	0	2
group_9410	cloud	2	sin_COG	0	2
group_9406	cloud	2	sin_COG	0	2
group_9404	cloud	2	sin_COG	0	2
group_9400	cloud	2	sin_COG	0	2
group_9399	cloud	1	sin_COG	0	2
group_9390	cloud	2	sin_COG	0	2
group_9389	cloud	2	sin_COG	0	2
group_9387	cloud	2	sin_COG	0	2
group_9386	cloud	2	sin_COG	0	2
group_9381	cloud	2	sin_COG	0	2
group_9377	cloud	2	sin_COG	0	2
group_9358	cloud	2	sin_COG	0	2
group_9357	cloud	2	sin_COG	0	2
group_9350	cloud	2	sin_COG	0	2
group_9348	cloud	2	sin_COG	0	2
group_9343	cloud	2	sin_COG	0	1
group_9339	cloud	1	sin_COG	0	2
group_9337	cloud	2	sin_COG	0	2
group_9329	cloud	2	sin_COG	0	2
group_9319	cloud	2	sin_COG	0	2
group_9314	cloud	2	sin_COG	0	2
group_9309	cloud	2	sin_COG	0	2
group_9297	cloud	2	sin_COG	0	2
group_9289	cloud	2	sin_COG	0	2
group_9281	cloud	2	sin_COG	0	2
group_9280	cloud	2	sin_COG	0	2
group_9270	cloud	2	sin_COG	0	2
group_9259	cloud	2	sin_COG	0	2
group_9258	cloud	2	sin_COG	0	1
group_9252	cloud	2	sin_COG	0	2
group_9251	cloud	2	sin_COG	0	2
group_9249	cloud	2	sin_COG	0	1
group_9246	cloud	2	sin_COG	0	2
group_9238	cloud	2	sin_COG	0	2
group_9237	cloud	2	sin_COG	0	2
group_9226	cloud	2	sin_COG	0	2
group_9211	cloud	1	sin_COG	0	1
group_9209	cloud	2	sin_COG	0	2
group_9204	cloud	2	sin_COG	0	2
group_9197	cloud	2	sin_COG	0	2
group_9188	cloud	2	sin_COG	0	1
group_9181	cloud	2	sin_COG	0	2
group_9180	cloud	2	sin_COG	0	2
group_9170	cloud	2	sin_COG	0	2
group_9160	cloud	2	sin_COG	0	2
group_9153	cloud	2	sin_COG	0	2
group_9141	cloud	2	sin_COG	0	2
group_9136	cloud	1	sin_COG	0	2
group_9117	cloud	1	sin_COG	0	1
group_9113	cloud	2	sin_COG	0	1
group_9100	cloud	2	sin_COG	0	2
group_9072	cloud	2	sin_COG	0	1
group_9064	cloud	2	sin_COG	0	2
group_9060	cloud	2	sin_COG	0	1
group_9050	cloud	2	sin_COG	0	2
group_9049	cloud	2	sin_COG	0	2
group_9024	cloud	2	sin_COG	0	1
skfA	cloud	1	sin_COG	0	2
group_9021	cloud	1	sin_COG	0	2
group_9014	cloud	2	sin_COG	0	2
group_9011	cloud	2	sin_COG	0	2
group_9004	cloud	2	sin_COG	0	2
group_8973	cloud	2	sin_COG	0	1
group_8967	cloud	2	sin_COG	0	1
group_8966	cloud	1	sin_COG	0	2
group_8956	cloud	2	sin_COG	0	2
group_8952	cloud	2	sin_COG	0	2
group_8945	cloud	2	sin_COG	0	2
group_8938	cloud	2	sin_COG	0	2
group_8932	cloud	2	sin_COG	0	1
group_8898	cloud	2	sin_COG	0	2
group_8889	cloud	2	sin_COG	0	2
group_8883	cloud	2	sin_COG	0	2
group_8873	cloud	2	sin_COG	0	1
group_8871	cloud	2	sin_COG	0	1
group_8867	cloud	2	sin_COG	0	2
group_8862	cloud	2	sin_COG	0	2
group_8861	cloud	2	sin_COG	0	2
group_8854	cloud	1	sin_COG	0	2
group_8851	cloud	2	sin_COG	0	1
group_8845	cloud	1	sin_COG	0	2
group_8842	cloud	2	sin_COG	0	2
group_8829	cloud	2	sin_COG	0	2
group_8817	cloud	2	sin_COG	0	1
group_8802	cloud	2	sin_COG	0	2
group_8798	cloud	2	sin_COG	0	2
group_8797	cloud	2	sin_COG	0	2
group_8790	cloud	2	sin_COG	0	2
group_8787	cloud	2	sin_COG	0	2
group_8782	cloud	2	sin_COG	0	2
group_8773	cloud	2	sin_COG	0	2
group_8768	cloud	2	sin_COG	0	1
group_8760	cloud	2	sin_COG	0	2
group_8754	cloud	2	sin_COG	0	2
group_8753	cloud	2	sin_COG	0	2
group_8748	cloud	2	sin_COG	0	2
group_8729	cloud	2	sin_COG	0	2
group_8727	cloud	2	sin_COG	0	2
group_8709	cloud	2	sin_COG	0	2
group_8707	cloud	2	sin_COG	0	2
group_8706	cloud	2	sin_COG	0	2
group_8702	cloud	2	sin_COG	0	2
group_8678	cloud	2	sin_COG	0	1
group_8677	cloud	2	sin_COG	0	2
group_8672	cloud	2	sin_COG	0	2
group_8651	cloud	2	sin_COG	0	1
group_8633	cloud	2	sin_COG	0	2
group_8630	cloud	2	sin_COG	0	2
group_8613	cloud	2	sin_COG	0	2
group_8588	cloud	2	sin_COG	0	2
group_8580	cloud	2	sin_COG	0	2
group_8571	cloud	2	sin_COG	0	1
group_8564	cloud	2	sin_COG	0	2
group_8562	cloud	1	sin_COG	0	2
group_8551	cloud	2	sin_COG	0	2
group_8548	cloud	2	sin_COG	0	2
group_8545	cloud	2	sin_COG	0	2
group_8534	cloud	2	sin_COG	0	2
group_8521	cloud	2	sin_COG	0	2
group_8519	cloud	2	sin_COG	0	2
group_8507	cloud	1	sin_COG	0	2
group_8498	cloud	2	sin_COG	0	2
group_8497	cloud	2	sin_COG	0	2
group_8486	cloud	2	sin_COG	0	2
group_8475	cloud	2	sin_COG	0	1
group_8460	cloud	2	sin_COG	0	1
group_8453	cloud	2	sin_COG	0	2
group_8435	cloud	2	sin_COG	0	1
group_8423	cloud	2	sin_COG	0	2
cspC	cloud	2	K	2	2
group_8388	cloud	2	sin_COG	0	1
group_8370	cloud	1	sin_COG	0	1
group_8359	cloud	2	sin_COG	0	2
group_8345	cloud	2	sin_COG	0	2
group_8322	cloud	2	sin_COG	0	2
phzF	cloud	2	sin_COG	0	2
group_8316	cloud	2	sin_COG	0	2
group_8314	cloud	2	sin_COG	0	1
group_8303	cloud	2	sin_COG	0	2
group_8302	cloud	2	sin_COG	0	2
group_8298	cloud	2	sin_COG	0	2
group_8296	cloud	2	sin_COG	0	2
group_8295	cloud	2	sin_COG	0	2
group_8275	cloud	2	sin_COG	0	2
group_8259	cloud	2	sin_COG	0	2
group_8246	cloud	2	sin_COG	0	2
group_8224	cloud	2	sin_COG	0	2
group_8208	cloud	2	sin_COG	0	2
group_8198	cloud	2	sin_COG	0	1
group_8197	cloud	2	sin_COG	0	2
group_8186	cloud	2	sin_COG	0	2
group_8169	cloud	2	sin_COG	0	2
group_8160	cloud	2	sin_COG	0	2
group_8159	cloud	2	sin_COG	0	1
group_8153	cloud	2	sin_COG	0	2
group_8145	cloud	2	sin_COG	0	2
group_8134	cloud	2	sin_COG	0	2
group_8132	cloud	2	sin_COG	0	2
group_8131	cloud	2	sin_COG	0	2
group_8124	cloud	2	sin_COG	0	2
group_8113	cloud	2	sin_COG	0	2
group_8110	cloud	2	sin_COG	0	1
group_8109	cloud	2	sin_COG	0	2
group_8106	cloud	2	sin_COG	0	2
group_8096	cloud	1	sin_COG	0	1
group_8093	cloud	2	sin_COG	0	2
group_8084	cloud	2	sin_COG	0	2
group_8073	cloud	2	sin_COG	0	2
group_8067	cloud	2	sin_COG	0	1
group_8065	cloud	2	sin_COG	0	2
group_8063	cloud	2	sin_COG	0	2
group_8050	cloud	2	sin_COG	0	2
group_8049	cloud	2	sin_COG	0	1
group_8048	cloud	2	sin_COG	0	2
group_8044	cloud	1	sin_COG	0	1
group_8041	cloud	2	sin_COG	0	2
group_8038	cloud	2	sin_COG	0	2
group_8032	cloud	2	sin_COG	0	2
group_8031	cloud	2	sin_COG	0	2
mobP2	cloud	2	sin_COG	0	2
group_7991	cloud	2	sin_COG	0	2
group_7962	cloud	2	sin_COG	0	2
group_7957	cloud	2	sin_COG	0	2
group_7956	cloud	2	sin_COG	0	2
group_7938	cloud	2	sin_COG	0	2
group_7931	cloud	2	sin_COG	0	2
group_7921	cloud	1	sin_COG	0	2
group_7918	cloud	2	sin_COG	0	1
group_7917	cloud	2	sin_COG	0	2
group_7896	cloud	2	sin_COG	0	1
group_7876	cloud	2	sin_COG	0	2
group_7874	cloud	2	sin_COG	0	2
group_7863	cloud	2	sin_COG	0	2
group_7853	cloud	2	sin_COG	0	2
glpX	cloud	2	sin_COG	0	2
group_7825	cloud	2	sin_COG	0	2
group_7806	cloud	2	sin_COG	0	2
group_7804	cloud	2	sin_COG	0	2
group_7784	cloud	2	sin_COG	0	2
group_7778	cloud	2	sin_COG	0	2
group_7765	cloud	2	sin_COG	0	2
group_7744	cloud	2	sin_COG	0	2
group_7743	cloud	2	sin_COG	0	2
group_7739	cloud	2	sin_COG	0	2
group_7732	cloud	2	sin_COG	0	2
group_7727	cloud	2	sin_COG	0	1
group_7725	cloud	1	sin_COG	0	2
group_7724	cloud	1	sin_COG	0	2
group_7721	cloud	2	sin_COG	0	2
group_7719	cloud	2	sin_COG	0	2
group_7717	cloud	2	sin_COG	0	2
group_7716	cloud	2	sin_COG	0	2
group_7714	cloud	2	sin_COG	0	2
group_7709	cloud	2	sin_COG	0	2
group_7705	cloud	2	sin_COG	0	2
group_7702	cloud	2	sin_COG	0	2
group_7698	cloud	2	sin_COG	0	2
group_7695	cloud	2	sin_COG	0	2
group_7690	cloud	2	sin_COG	0	2
group_7678	cloud	2	sin_COG	0	2
group_7676	cloud	2	sin_COG	0	2
group_7675	cloud	2	sin_COG	0	2
recT	cloud	2	sin_COG	0	2
group_7674	cloud	2	sin_COG	0	2
group_7673	cloud	2	sin_COG	0	2
group_7672	cloud	2	sin_COG	0	2
group_7671	cloud	2	sin_COG	0	2
group_7670	cloud	2	sin_COG	0	2
group_7665	cloud	2	sin_COG	0	2
group_7662	cloud	2	sin_COG	0	2
group_7656	cloud	2	sin_COG	0	2
group_7655	cloud	2	sin_COG	0	2
group_7654	cloud	2	sin_COG	0	2
group_7647	cloud	2	sin_COG	0	2
group_7642	cloud	2	sin_COG	0	2
group_7639	cloud	2	sin_COG	0	2
group_7637	cloud	2	sin_COG	0	2
group_7636	cloud	2	sin_COG	0	2
group_7635	cloud	2	sin_COG	0	2
group_7634	cloud	2	sin_COG	0	2
group_7631	cloud	2	sin_COG	0	2
group_7630	cloud	2	sin_COG	0	2
group_7623	cloud	2	sin_COG	0	2
group_7621	cloud	2	sin_COG	0	2
group_7620	cloud	2	sin_COG	0	2
group_7617	cloud	2	sin_COG	0	2
group_7614	cloud	2	sin_COG	0	2
group_7611	cloud	2	sin_COG	0	2
group_7599	cloud	2	sin_COG	0	2
group_7598	cloud	2	sin_COG	0	2
group_7596	cloud	2	sin_COG	0	2
group_7594	cloud	2	sin_COG	0	3
group_7590	cloud	2	sin_COG	0	2
group_7582	cloud	2	sin_COG	0	2
group_7580	cloud	2	sin_COG	0	2
group_7576	cloud	2	sin_COG	0	2
group_7574	cloud	2	sin_COG	0	2
group_7568	cloud	2	sin_COG	0	2
group_7564	cloud	2	sin_COG	0	2
group_7553	cloud	2	sin_COG	0	2
group_7552	cloud	2	sin_COG	0	2
group_7550	cloud	2	sin_COG	0	2
group_7547	cloud	2	sin_COG	0	2
group_7545	cloud	2	sin_COG	0	2
group_7543	cloud	2	sin_COG	0	2
group_7542	cloud	2	sin_COG	0	2
group_7541	cloud	2	sin_COG	0	2
group_7538	cloud	2	sin_COG	0	2
group_7532	cloud	2	sin_COG	0	2
group_7531	cloud	2	sin_COG	0	2
group_7529	cloud	1	sin_COG	0	2
group_7505	cloud	2	sin_COG	0	2
group_7501	cloud	2	C	1	2
group_7499	cloud	2	sin_COG	0	2
group_7488	cloud	2	sin_COG	0	2
group_7486	cloud	1	sin_COG	0	2
zinT	cloud	2	sin_COG	0	2
group_7478	cloud	2	sin_COG	0	2
group_7467	cloud	2	sin_COG	0	2
group_7466	cloud	2	sin_COG	0	3
group_7464	cloud	2	sin_COG	0	2
group_7445	cloud	2	sin_COG	0	2
group_7444	cloud	2	K	2	2
group_7443	cloud	2	I	1	2
group_7437	cloud	2	sin_COG	0	2
group_7436	cloud	2	sin_COG	0	2
group_7427	cloud	2	sin_COG	0	2
group_7417	cloud	2	sin_COG	0	2
group_7413	cloud	2	sin_COG	0	2
group_7392	cloud	2	sin_COG	0	2
group_7391	cloud	2	sin_COG	0	2
group_7381	cloud	2	sin_COG	0	2
group_7379	cloud	2	sin_COG	0	3
group_7359	cloud	2	sin_COG	0	2
group_7351	cloud	2	sin_COG	0	1
mads6	cloud	2	sin_COG	0	2
group_7347	cloud	2	sin_COG	0	2
group_7343	cloud	2	sin_COG	0	2
group_7341	cloud	2	sin_COG	0	2
group_7340	cloud	2	sin_COG	0	2
group_7335	cloud	2	sin_COG	0	2
group_7322	cloud	2	sin_COG	0	2
group_7320	cloud	2	sin_COG	0	2
group_7319	cloud	2	sin_COG	0	2
group_7318	cloud	2	sin_COG	0	2
group_7315	cloud	2	sin_COG	0	2
group_7314	cloud	2	sin_COG	0	1
group_7311	cloud	2	sin_COG	0	2
group_7296	cloud	2	sin_COG	0	2
group_7291	cloud	2	sin_COG	0	2
group_7284	cloud	2	sin_COG	0	2
group_7282	cloud	2	sin_COG	0	2
group_7274	cloud	2	sin_COG	0	2
group_7272	cloud	2	sin_COG	0	2
group_7258	cloud	2	sin_COG	0	2
group_7254	cloud	2	sin_COG	0	2
group_7252	cloud	2	sin_COG	0	2
group_7246	cloud	2	sin_COG	0	2
group_7242	cloud	2	sin_COG	0	2
group_7240	cloud	2	sin_COG	0	2
group_7222	cloud	2	sin_COG	0	2
group_7220	cloud	2	sin_COG	0	2
group_7212	cloud	2	sin_COG	0	2
group_7209	cloud	2	sin_COG	0	2
group_7207	cloud	2	sin_COG	0	1
group_7192	cloud	1	sin_COG	0	2
group_7186	cloud	2	sin_COG	0	2
group_7181	cloud	2	sin_COG	0	2
group_7180	cloud	2	sin_COG	0	2
group_7178	cloud	2	sin_COG	0	2
group_7161	cloud	2	sin_COG	0	2
group_7160	cloud	2	sin_COG	0	2
group_7157	cloud	2	sin_COG	0	1
group_7153	cloud	2	sin_COG	0	2
group_7151	cloud	2	sin_COG	0	2
group_7150	cloud	2	sin_COG	0	2
group_7147	cloud	1	sin_COG	0	1
group_7143	cloud	2	sin_COG	0	2
group_7128	cloud	2	sin_COG	0	2
group_7122	cloud	2	sin_COG	0	2
group_7115	cloud	2	sin_COG	0	2
group_7107	cloud	2	sin_COG	0	2
group_7104	cloud	2	sin_COG	0	2
group_7101	cloud	2	sin_COG	0	2
group_7098	cloud	2	sin_COG	0	2
group_7090	cloud	2	sin_COG	0	2
group_7083	cloud	2	sin_COG	0	2
group_7078	cloud	2	sin_COG	0	2
group_7061	cloud	2	sin_COG	0	2
group_7057	cloud	2	sin_COG	0	2
group_7048	cloud	2	sin_COG	0	2
group_7015	cloud	2	sin_COG	0	2
group_7005	cloud	2	sin_COG	0	2
group_7002	cloud	2	sin_COG	0	2
group_6996	cloud	2	sin_COG	0	2
group_6988	cloud	2	sin_COG	0	2
group_6987	cloud	2	sin_COG	0	2
group_6960	cloud	2	sin_COG	0	2
group_6957	cloud	2	sin_COG	0	2
group_6933	cloud	2	sin_COG	0	2
group_6928	cloud	2	sin_COG	0	1
group_6925	cloud	2	sin_COG	0	2
group_6922	cloud	2	sin_COG	0	2
group_6902	cloud	2	sin_COG	0	2
group_6889	cloud	2	sin_COG	0	1
group_6885	cloud	2	sin_COG	0	2
group_6867	cloud	2	sin_COG	0	2
group_6866	cloud	2	sin_COG	0	2
group_6863	cloud	2	sin_COG	0	2
group_6862	cloud	2	sin_COG	0	2
group_6842	cloud	2	sin_COG	0	2
group_6841	cloud	2	sin_COG	0	2
group_6839	cloud	2	sin_COG	0	2
group_6838	cloud	2	sin_COG	0	2
group_6833	cloud	2	sin_COG	0	2
group_6831	cloud	2	sin_COG	0	2
epsC	cloud	2	sin_COG	0	2
group_6830	cloud	2	sin_COG	0	4
group_6821	cloud	2	X	1	2
group_6813	cloud	2	sin_COG	0	2
group_6806	cloud	2	sin_COG	0	3
group_6805	cloud	2	sin_COG	0	2
group_6804	cloud	2	sin_COG	0	2
group_6802	cloud	2	sin_COG	0	2
group_6798	cloud	2	sin_COG	0	2
group_6796	cloud	2	sin_COG	0	2
group_6795	cloud	2	sin_COG	0	2
group_6793	cloud	2	sin_COG	0	2
group_6791	cloud	2	sin_COG	0	2
group_6776	cloud	2	sin_COG	0	2
group_6767	cloud	2	sin_COG	0	2
group_6765	cloud	2	sin_COG	0	2
group_6756	cloud	2	sin_COG	0	2
group_6754	cloud	2	sin_COG	0	2
group_6753	cloud	2	sin_COG	0	2
group_6748	cloud	2	sin_COG	0	2
group_6746	cloud	2	sin_COG	0	2
group_6744	cloud	2	sin_COG	0	2
group_6741	cloud	2	sin_COG	0	2
yczI	cloud	2	sin_COG	0	2
group_6724	cloud	2	sin_COG	0	2
group_6723	cloud	2	sin_COG	0	2
group_6721	cloud	2	sin_COG	0	2
group_6712	cloud	2	sin_COG	0	2
group_6711	cloud	2	sin_COG	0	2
group_6708	cloud	2	sin_COG	0	1
group_6704	cloud	2	sin_COG	0	1
group_6701	cloud	2	sin_COG	0	2
group_6700	cloud	2	sin_COG	0	2
group_6690	cloud	2	sin_COG	0	2
group_6688	cloud	2	sin_COG	0	2
group_6684	cloud	2	sin_COG	0	2
group_6666	cloud	2	sin_COG	0	2
group_6664	cloud	2	sin_COG	0	2
group_6663	cloud	2	sin_COG	0	2
group_6649	cloud	2	sin_COG	0	2
group_6647	cloud	2	sin_COG	0	2
group_6646	cloud	2	sin_COG	0	2
group_6637	cloud	2	sin_COG	0	2
group_6636	cloud	2	sin_COG	0	2
group_6635	cloud	2	sin_COG	0	2
group_6634	cloud	2	sin_COG	0	2
brxB	cloud	2	sin_COG	0	2
group_6632	cloud	2	sin_COG	0	2
group_6629	cloud	2	sin_COG	0	2
group_6623	cloud	2	sin_COG	0	1
group_6608	cloud	2	sin_COG	0	2
group_6602	cloud	2	sin_COG	0	2
group_6594	cloud	2	sin_COG	0	2
group_6581	cloud	2	E	2	2
group_6580	cloud	2	sin_COG	0	2
group_6579	cloud	2	sin_COG	0	2
group_6575	cloud	2	sin_COG	0	2
group_6574	cloud	2	sin_COG	0	2
group_6568	cloud	2	sin_COG	0	2
group_6566	cloud	2	sin_COG	0	2
group_6565	cloud	2	sin_COG	0	2
group_6563	cloud	2	sin_COG	0	2
group_6552	cloud	2	sin_COG	0	2
group_6542	cloud	2	sin_COG	0	2
group_6539	cloud	2	sin_COG	0	2
group_6534	cloud	2	sin_COG	0	2
group_6519	cloud	2	sin_COG	0	2
group_6516	cloud	2	sin_COG	0	2
group_6514	cloud	2	sin_COG	0	2
group_6488	cloud	1	sin_COG	0	2
group_6484	cloud	2	sin_COG	0	2
group_6482	cloud	2	sin_COG	0	2
group_6481	cloud	2	sin_COG	0	2
group_6470	cloud	2	sin_COG	0	2
group_6461	cloud	2	sin_COG	0	2
group_6460	cloud	2	sin_COG	0	2
group_6457	cloud	2	sin_COG	0	2
group_6455	cloud	2	sin_COG	0	2
group_6453	cloud	2	sin_COG	0	2
chrB	cloud	2	sin_COG	0	2
group_6436	cloud	2	sin_COG	0	2
group_6429	cloud	2	sin_COG	0	1
group_6419	cloud	2	sin_COG	0	3
group_6417	cloud	2	sin_COG	0	2
group_6415	cloud	2	sin_COG	0	2
bclA	cloud	2	sin_COG	0	2
group_6397	cloud	2	sin_COG	0	3
group_6395	cloud	2	sin_COG	0	2
group_6391	cloud	2	sin_COG	0	2
group_6377	cloud	2	sin_COG	0	2
group_6372	cloud	2	sin_COG	0	2
group_6371	cloud	2	sin_COG	0	2
group_6368	cloud	2	sin_COG	0	2
group_6367	cloud	2	I	1	2
group_6366	cloud	2	sin_COG	0	2
group_6364	cloud	2	sin_COG	0	2
group_6363	cloud	2	sin_COG	0	2
group_6360	cloud	2	sin_COG	0	2
group_6358	cloud	2	sin_COG	0	2
group_6354	cloud	2	sin_COG	0	2
brxC	cloud	2	sin_COG	0	2
group_6348	cloud	2	sin_COG	0	2
group_6345	cloud	2	sin_COG	0	2
group_6325	cloud	2	sin_COG	0	2
group_6320	cloud	2	sin_COG	0	2
group_6319	cloud	2	E	2	2
group_6299	cloud	2	sin_COG	0	1
group_6293	cloud	2	sin_COG	0	1
group_6290	cloud	2	sin_COG	0	2
group_6276	cloud	2	sin_COG	0	2
group_6272	cloud	2	sin_COG	0	2
group_6268	cloud	2	sin_COG	0	2
group_6263	cloud	2	sin_COG	0	2
group_6256	cloud	2	sin_COG	0	2
group_6246	cloud	2	sin_COG	0	2
group_6240	cloud	2	sin_COG	0	2
group_6237	cloud	2	sin_COG	0	2
group_6236	cloud	2	sin_COG	0	2
group_6225	cloud	2	sin_COG	0	2
group_6207	cloud	2	sin_COG	0	2
group_6205	cloud	2	sin_COG	0	2
group_6203	cloud	2	sin_COG	0	2
group_6192	cloud	2	sin_COG	0	2
group_6187	cloud	2	sin_COG	0	2
group_6182	cloud	2	sin_COG	0	2
group_6170	cloud	2	sin_COG	0	2
group_6169	cloud	2	sin_COG	0	2
group_6157	cloud	2	sin_COG	0	2
group_6155	cloud	2	sin_COG	0	2
group_6153	cloud	2	sin_COG	0	2
group_6151	cloud	2	sin_COG	0	2
group_6147	cloud	2	sin_COG	0	2
group_6143	cloud	2	sin_COG	0	2
group_6141	cloud	2	sin_COG	0	2
group_6136	cloud	2	sin_COG	0	2
group_6133	cloud	2	sin_COG	0	2
group_6124	cloud	2	sin_COG	0	2
group_6120	cloud	2	sin_COG	0	2
group_6118	cloud	2	sin_COG	0	2
group_6109	cloud	2	sin_COG	0	2
group_6105	cloud	2	sin_COG	0	2
group_6098	cloud	2	sin_COG	0	1
group_6096	cloud	2	sin_COG	0	2
group_6095	cloud	2	sin_COG	0	2
group_6092	cloud	2	sin_COG	0	2
group_6086	cloud	1	sin_COG	0	2
group_6077	cloud	2	sin_COG	0	2
group_6073	cloud	2	sin_COG	0	2
group_6064	cloud	2	sin_COG	0	2
wecC	cloud	2	sin_COG	0	2
group_6060	cloud	2	sin_COG	0	2
group_6055	cloud	2	sin_COG	0	2
group_6049	cloud	2	sin_COG	0	2
group_6043	cloud	2	sin_COG	0	2
group_6040	cloud	2	sin_COG	0	2
group_6034	cloud	2	sin_COG	0	2
group_6029	cloud	2	sin_COG	0	2
group_6027	cloud	1	sin_COG	0	2
group_6020	cloud	2	sin_COG	0	2
group_6015	cloud	2	sin_COG	0	2
group_6009	cloud	2	sin_COG	0	2
group_6008	cloud	2	sin_COG	0	2
group_6004	cloud	2	sin_COG	0	2
group_5993	cloud	2	sin_COG	0	2
group_5988	cloud	2	sin_COG	0	2
group_5982	cloud	2	sin_COG	0	2
group_5975	cloud	2	sin_COG	0	2
group_5973	cloud	2	sin_COG	0	2
group_5968	cloud	2	sin_COG	0	2
group_5961	cloud	2	sin_COG	0	2
group_5954	cloud	2	sin_COG	0	2
group_5946	cloud	2	sin_COG	0	1
group_5944	cloud	2	sin_COG	0	2
group_5922	cloud	2	sin_COG	0	2
group_5907	cloud	1	sin_COG	0	2
group_5901	cloud	2	sin_COG	0	2
group_5890	cloud	2	sin_COG	0	2
group_5885	cloud	2	sin_COG	0	2
group_5883	cloud	2	sin_COG	0	2
group_5878	cloud	2	sin_COG	0	2
group_5877	cloud	2	sin_COG	0	2
group_5875	cloud	2	sin_COG	0	2
group_5873	cloud	2	sin_COG	0	3
group_5872	cloud	2	sin_COG	0	2
group_5871	cloud	2	sin_COG	0	2
group_5868	cloud	2	sin_COG	0	2
group_5860	cloud	2	sin_COG	0	2
group_5850	cloud	2	sin_COG	0	2
group_5846	cloud	2	sin_COG	0	2
group_5825	cloud	2	B	2	2
group_5813	cloud	2	sin_COG	0	2
group_5807	cloud	2	sin_COG	0	2
group_5798	cloud	2	sin_COG	0	3
group_5792	cloud	2	sin_COG	0	2
group_5788	cloud	2	sin_COG	0	2
group_5781	cloud	2	sin_COG	0	2
purU	cloud	2	F	2	2
group_5770	cloud	2	sin_COG	0	2
group_5755	cloud	2	sin_COG	0	2
group_5753	cloud	2	sin_COG	0	1
group_5750	cloud	2	sin_COG	0	2
group_5743	cloud	1	sin_COG	0	2
group_5739	cloud	2	sin_COG	0	2
group_5728	cloud	2	sin_COG	0	2
group_5709	cloud	2	sin_COG	0	2
xdhC	cloud	2	sin_COG	0	2
group_5693	cloud	2	sin_COG	0	2
group_5668	cloud	2	sin_COG	0	2
group_5648	cloud	2	sin_COG	0	2
group_5628	cloud	2	sin_COG	0	2
group_5624	cloud	2	sin_COG	0	2
group_5602	cloud	2	sin_COG	0	2
group_5595	cloud	2	sin_COG	0	2
group_5593	cloud	2	sin_COG	0	2
group_5578	cloud	2	sin_COG	0	2
group_5574	cloud	2	R	1	3
group_5571	cloud	2	sin_COG	0	2
group_5570	cloud	2	sin_COG	0	2
xerS	cloud	2	sin_COG	0	2
group_5559	cloud	1	sin_COG	0	2
group_5541	cloud	2	sin_COG	0	2
group_5530	cloud	2	sin_COG	0	2
group_5512	cloud	2	sin_COG	0	2
group_5511	cloud	2	sin_COG	0	2
group_5502	cloud	2	sin_COG	0	2
group_5458	cloud	2	sin_COG	0	2
group_5448	cloud	2	sin_COG	0	2
group_5444	cloud	2	sin_COG	0	2
group_5351	cloud	2	C	2	2
group_5342	cloud	2	sin_COG	0	1
group_5339	cloud	2	sin_COG	0	2
group_5338	cloud	2	sin_COG	0	2
group_5332	cloud	2	sin_COG	0	2
group_5310	cloud	2	sin_COG	0	2
group_5296	cloud	2	sin_COG	0	2
group_5272	cloud	2	sin_COG	0	2
group_5264	cloud	2	sin_COG	0	2
group_5258	cloud	2	sin_COG	0	2
group_5231	cloud	2	sin_COG	0	2
group_5214	cloud	2	sin_COG	0	1
group_5208	cloud	2	sin_COG	0	2
group_5199	cloud	2	sin_COG	0	2
group_5194	cloud	2	sin_COG	0	2
group_5179	cloud	2	sin_COG	0	2
group_5158	cloud	2	sin_COG	0	2
group_5131	cloud	2	sin_COG	0	2
group_5104	cloud	2	sin_COG	0	3
group_5082	cloud	2	sin_COG	0	2
group_5081	cloud	2	sin_COG	0	2
group_5068	cloud	2	sin_COG	0	2
group_5054	cloud	2	sin_COG	0	2
group_5045	cloud	2	sin_COG	0	2
group_5041	cloud	2	sin_COG	0	2
group_5038	cloud	2	sin_COG	0	2
group_5027	cloud	2	sin_COG	0	2
group_5015	cloud	2	sin_COG	0	3
group_5001	cloud	2	sin_COG	0	2
group_4975	cloud	2	sin_COG	0	2
group_4962	cloud	2	sin_COG	0	2
group_4937	cloud	2	sin_COG	0	2
group_4935	cloud	2	sin_COG	0	2
group_4932	cloud	2	sin_COG	0	2
group_4929	cloud	2	sin_COG	0	2
group_4927	cloud	2	sin_COG	0	2
group_4898	cloud	2	sin_COG	0	2
group_4894	cloud	2	sin_COG	0	2
group_4868	cloud	2	sin_COG	0	2
yrkC	cloud	1	sin_COG	0	2
group_4830	cloud	2	sin_COG	0	2
group_4828	cloud	2	sin_COG	0	2
group_4821	cloud	2	sin_COG	0	2
group_4820	cloud	2	sin_COG	0	2
group_4812	cloud	2	sin_COG	0	2
yfjI	cloud	2	sin_COG	0	2
group_4784	cloud	2	sin_COG	0	2
group_4780	cloud	2	sin_COG	0	2
group_4776	cloud	2	sin_COG	0	3
group_4759	cloud	2	sin_COG	0	2
group_4754	cloud	2	sin_COG	0	2
group_4752	cloud	2	sin_COG	0	2
group_4747	cloud	2	sin_COG	0	2
group_4738	cloud	2	sin_COG	0	2
group_4735	cloud	2	sin_COG	0	1
group_4726	cloud	2	sin_COG	0	2
group_4725	cloud	2	sin_COG	0	2
group_4720	cloud	2	sin_COG	0	1
group_4719	cloud	2	sin_COG	0	1
group_4678	cloud	2	sin_COG	0	2
group_4676	cloud	2	sin_COG	0	2
group_4655	cloud	2	sin_COG	0	1
group_4654	cloud	2	sin_COG	0	2
group_4640	cloud	2	sin_COG	0	2
group_4631	cloud	2	sin_COG	0	2
group_4629	cloud	2	sin_COG	0	2
group_4627	cloud	2	sin_COG	0	2
group_4617	cloud	2	sin_COG	0	2
group_4606	cloud	2	sin_COG	0	2
group_4568	cloud	2	sin_COG	0	2
group_4557	cloud	2	sin_COG	0	2
group_4556	cloud	2	sin_COG	0	2
group_4549	cloud	2	sin_COG	0	1
group_4505	cloud	2	sin_COG	0	2
group_4501	cloud	2	sin_COG	0	2
group_4498	cloud	2	sin_COG	0	2
group_4478	cloud	2	sin_COG	0	2
group_4476	cloud	2	sin_COG	0	2
group_4473	cloud	2	sin_COG	0	1
group_4455	cloud	2	sin_COG	0	2
group_4451	cloud	2	sin_COG	0	2
group_4444	cloud	2	sin_COG	0	2
group_4440	cloud	2	sin_COG	0	2
group_4433	cloud	2	sin_COG	0	2
group_4417	cloud	2	sin_COG	0	2
group_4406	cloud	2	sin_COG	0	2
group_4378	cloud	2	sin_COG	0	2
group_4374	cloud	2	G	2	2
group_4373	cloud	2	M	1	2
group_4371	cloud	2	sin_COG	0	2
group_4359	cloud	2	sin_COG	0	2
group_4349	cloud	2	sin_COG	0	2
group_4344	cloud	2	sin_COG	0	2
group_4336	cloud	2	sin_COG	0	2
group_4323	cloud	2	sin_COG	0	2
group_4320	cloud	2	sin_COG	0	2
group_4312	cloud	2	sin_COG	0	2
group_4307	cloud	2	sin_COG	0	2
group_4287	cloud	2	sin_COG	0	2
group_4261	cloud	2	sin_COG	0	2
group_4260	cloud	2	sin_COG	0	2
group_4257	cloud	2	sin_COG	0	2
group_4255	cloud	2	sin_COG	0	2
group_4251	cloud	2	sin_COG	0	2
group_4233	cloud	1	sin_COG	0	2
group_4225	cloud	2	sin_COG	0	2
group_4209	cloud	2	sin_COG	0	2
group_4202	cloud	2	E	1	2
group_4201	cloud	2	sin_COG	0	2
group_4197	cloud	2	sin_COG	0	2
group_4195	cloud	1	sin_COG	0	2
group_4184	cloud	2	sin_COG	0	2
pcfB	cloud	2	sin_COG	0	2
skfB	cloud	1	sin_COG	0	2
group_4141	cloud	2	sin_COG	0	2
group_4127	cloud	2	sin_COG	0	2
group_4105	cloud	2	sin_COG	0	2
group_4103	cloud	2	sin_COG	0	2
group_4088	cloud	2	sin_COG	0	2
group_4059	cloud	2	sin_COG	0	2
group_4051	cloud	2	sin_COG	0	2
group_4042	cloud	2	sin_COG	0	2
group_4029	cloud	2	sin_COG	0	2
group_4026	cloud	2	sin_COG	0	2
group_3999	cloud	2	sin_COG	0	2
group_3997	cloud	2	sin_COG	0	2
group_3986	cloud	2	sin_COG	0	2
group_3980	cloud	2	sin_COG	0	2
dndE	cloud	2	sin_COG	0	2
group_3950	cloud	2	sin_COG	0	2
group_3949	cloud	2	sin_COG	0	2
group_3932	cloud	2	sin_COG	0	2
group_3931	cloud	2	sin_COG	0	2
group_3923	cloud	2	sin_COG	0	2
group_3899	cloud	2	sin_COG	0	2
group_3892	cloud	2	sin_COG	0	2
group_3883	cloud	2	sin_COG	0	2
group_3882	cloud	2	sin_COG	0	2
group_3878	cloud	2	sin_COG	0	2
group_3877	cloud	2	sin_COG	0	2
group_3872	cloud	2	sin_COG	0	2
group_3866	cloud	2	sin_COG	0	2
group_3861	cloud	2	sin_COG	0	2
group_3853	cloud	2	sin_COG	0	2
group_3846	cloud	2	sin_COG	0	2
group_3825	cloud	2	sin_COG	0	2
group_3813	cloud	2	sin_COG	0	3
group_3810	cloud	2	sin_COG	0	2
group_3798	cloud	2	sin_COG	0	2
group_3796	cloud	2	sin_COG	0	2
group_3784	cloud	2	sin_COG	0	3
group_3782	cloud	2	sin_COG	0	2
benE	cloud	2	sin_COG	0	2
group_3776	cloud	2	sin_COG	0	2
group_3760	cloud	2	sin_COG	0	2
group_3738	cloud	2	C	2	2
group_3736	cloud	2	sin_COG	0	2
group_3724	cloud	2	sin_COG	0	2
group_3722	cloud	2	sin_COG	0	2
group_3721	cloud	2	sin_COG	0	3
group_3720	cloud	2	sin_COG	0	2
group_3716	cloud	2	sin_COG	0	2
group_3711	cloud	2	sin_COG	0	2
group_3703	cloud	2	sin_COG	0	2
group_3684	cloud	2	sin_COG	0	2
group_3682	cloud	2	sin_COG	0	2
group_3679	cloud	2	sin_COG	0	2
group_3675	cloud	2	sin_COG	0	2
group_3673	cloud	2	sin_COG	0	2
group_3667	cloud	2	sin_COG	0	2
group_3665	cloud	2	sin_COG	0	3
group_3662	cloud	2	sin_COG	0	2
group_3660	cloud	2	sin_COG	0	2
group_3658	cloud	2	sin_COG	0	2
group_3624	cloud	2	sin_COG	0	2
group_3616	cloud	2	sin_COG	0	2
sauU	cloud	2	sin_COG	0	2
group_3604	cloud	2	sin_COG	0	2
group_3599	cloud	2	sin_COG	0	2
group_3598	cloud	2	sin_COG	0	2
group_3594	cloud	2	sin_COG	0	2
group_3582	cloud	2	sin_COG	0	2
group_3581	cloud	2	sin_COG	0	2
group_3565	cloud	2	sin_COG	0	2
group_3559	cloud	2	sin_COG	0	2
group_3553	cloud	2	sin_COG	0	2
group_3552	cloud	2	sin_COG	0	2
group_3542	cloud	2	sin_COG	0	2
group_3539	cloud	2	sin_COG	0	2
group_3529	cloud	2	sin_COG	0	2
group_3523	cloud	2	sin_COG	0	2
group_3512	cloud	2	sin_COG	0	1
group_3504	cloud	2	sin_COG	0	2
group_3487	cloud	2	sin_COG	0	3
group_3484	cloud	2	sin_COG	0	2
group_3483	cloud	2	sin_COG	0	2
group_3473	cloud	2	sin_COG	0	2
group_3466	cloud	2	sin_COG	0	2
group_3461	cloud	2	sin_COG	0	2
group_3441	cloud	2	sin_COG	0	2
group_3440	cloud	2	sin_COG	0	2
group_3434	cloud	2	sin_COG	0	2
group_3425	cloud	2	sin_COG	0	2
group_3419	cloud	2	sin_COG	0	2
group_3406	cloud	2	sin_COG	0	2
group_3383	cloud	2	sin_COG	0	2
group_3382	cloud	2	sin_COG	0	2
group_3376	cloud	2	sin_COG	0	2
group_3375	cloud	2	sin_COG	0	2
group_3357	cloud	2	sin_COG	0	2
group_3352	cloud	2	sin_COG	0	2
group_3344	cloud	2	sin_COG	0	2
group_3341	cloud	2	sin_COG	0	2
group_3335	cloud	2	sin_COG	0	2
group_3323	cloud	2	sin_COG	0	2
group_3317	cloud	2	sin_COG	0	2
group_3298	cloud	2	sin_COG	0	2
group_3289	cloud	2	sin_COG	0	2
group_3281	cloud	2	sin_COG	0	2
group_3275	cloud	2	sin_COG	0	3
group_3267	cloud	2	sin_COG	0	2
group_3262	cloud	2	sin_COG	0	2
group_3256	cloud	2	sin_COG	0	2
group_3255	cloud	2	sin_COG	0	2
group_3252	cloud	2	sin_COG	0	2
group_3250	cloud	2	sin_COG	0	2
group_3242	cloud	2	sin_COG	0	2
group_3218	cloud	2	sin_COG	0	2
group_3201	cloud	1	sin_COG	0	2
group_3178	cloud	2	sin_COG	0	2
group_3174	cloud	2	sin_COG	0	2
group_3146	cloud	2	sin_COG	0	2
group_3129	cloud	2	sin_COG	0	2
group_3126	cloud	2	sin_COG	0	2
cotF	cloud	2	sin_COG	0	2
group_3117	cloud	2	sin_COG	0	2
group_3112	cloud	2	sin_COG	0	2
group_3111	cloud	2	sin_COG	0	2
group_3095	cloud	2	sin_COG	0	2
group_3080	cloud	2	sin_COG	0	2
gntP	cloud	2	sin_COG	0	2
group_3060	cloud	2	sin_COG	0	2
group_3047	cloud	2	sin_COG	0	2
group_3007	cloud	2	sin_COG	0	2
group_2993	cloud	2	sin_COG	0	2
group_2986	cloud	2	sin_COG	0	2
group_2982	cloud	2	P	1	1
group_2978	cloud	2	sin_COG	0	2
group_2975	cloud	2	sin_COG	0	1
group_2967	cloud	2	sin_COG	0	2
group_2953	cloud	2	sin_COG	0	3
group_2943	cloud	2	sin_COG	0	2
group_2941	cloud	2	sin_COG	0	2
group_2936	cloud	2	sin_COG	0	3
group_2922	cloud	2	sin_COG	0	2
group_2894	cloud	2	sin_COG	0	2
group_2886	cloud	1	sin_COG	0	2
group_2883	cloud	2	sin_COG	0	2
group_2851	cloud	2	sin_COG	0	2
group_2849	cloud	2	sin_COG	0	2
group_2848	cloud	2	sin_COG	0	2
group_2842	cloud	2	sin_COG	0	2
group_2824	cloud	2	sin_COG	0	1
group_2821	cloud	2	sin_COG	0	2
group_2819	cloud	2	sin_COG	0	2
group_2812	cloud	2	sin_COG	0	2
group_2811	cloud	2	sin_COG	0	2
group_2808	cloud	2	sin_COG	0	3
yfhE	cloud	2	sin_COG	0	2
group_2802	cloud	2	sin_COG	0	2
group_2766	cloud	2	sin_COG	0	2
group_2765	cloud	2	sin_COG	0	2
group_2759	cloud	2	sin_COG	0	2
group_2741	cloud	2	sin_COG	0	2
group_2730	cloud	2	sin_COG	0	2
group_2725	cloud	2	sin_COG	0	2
group_2707	cloud	2	sin_COG	0	2
group_2705	cloud	2	sin_COG	0	2
group_2703	cloud	2	sin_COG	0	2
arsB	cloud	2	sin_COG	0	2
group_2697	cloud	2	sin_COG	0	2
group_2686	cloud	2	sin_COG	0	2
group_2673	cloud	2	sin_COG	0	2
group_2672	cloud	2	sin_COG	0	2
group_2665	cloud	2	sin_COG	0	2
group_2655	cloud	2	sin_COG	0	2
group_2654	cloud	2	sin_COG	0	2
ykvA	cloud	2	sin_COG	0	2
oatA	cloud	2	sin_COG	0	2
group_2649	cloud	2	sin_COG	0	2
group_2648	cloud	2	sin_COG	0	2
group_2644	cloud	2	sin_COG	0	2
group_2643	cloud	2	sin_COG	0	1
group_2633	cloud	2	sin_COG	0	2
group_2626	cloud	2	sin_COG	0	2
gpG	cloud	2	sin_COG	0	2
group_2621	cloud	2	sin_COG	0	2
group_2611	cloud	2	sin_COG	0	2
group_2610	cloud	2	sin_COG	0	2
group_2608	cloud	2	sin_COG	0	2
group_2605	cloud	2	sin_COG	0	2
group_2586	cloud	2	sin_COG	0	2
group_2578	cloud	2	sin_COG	0	2
group_2569	cloud	2	sin_COG	0	2
group_2563	cloud	2	sin_COG	0	2
group_2562	cloud	2	sin_COG	0	2
group_2558	cloud	2	sin_COG	0	2
group_2544	cloud	2	sin_COG	0	2
group_2529	cloud	2	sin_COG	0	2
group_2527	cloud	2	sin_COG	0	2
group_2522	cloud	2	sin_COG	0	2
group_2514	cloud	2	sin_COG	0	2
group_2494	cloud	2	sin_COG	0	2
group_2474	cloud	1	sin_COG	0	2
group_2458	cloud	2	sin_COG	0	2
group_2455	cloud	2	sin_COG	0	2
group_2453	cloud	2	sin_COG	0	2
group_2449	cloud	2	sin_COG	0	1
tnpC	cloud	2	sin_COG	0	2
group_2434	cloud	2	sin_COG	0	2
group_2426	cloud	2	sin_COG	0	2
group_2425	cloud	2	sin_COG	0	2
group_2419	cloud	2	sin_COG	0	2
group_2418	cloud	2	sin_COG	0	2
group_2413	cloud	2	sin_COG	0	1
group_2409	cloud	2	sin_COG	0	2
group_2407	cloud	2	sin_COG	0	2
gcvT	cloud	2	E	2	2
group_2395	cloud	2	sin_COG	0	2
group_2394	cloud	2	sin_COG	0	2
tcaA	cloud	2	sin_COG	0	2
group_2390	cloud	2	sin_COG	0	2
group_2389	cloud	2	sin_COG	0	2
group_2387	cloud	2	sin_COG	0	2
group_2383	cloud	2	sin_COG	0	2
group_2376	cloud	2	sin_COG	0	2
group_2373	cloud	2	sin_COG	0	2
group_2369	cloud	2	sin_COG	0	2
group_2362	cloud	2	sin_COG	0	2
group_2342	cloud	2	sin_COG	0	2
group_2336	cloud	2	sin_COG	0	2
group_2328	cloud	2	sin_COG	0	2
group_2324	cloud	2	sin_COG	0	2
group_2298	cloud	2	sin_COG	0	2
group_2296	cloud	2	sin_COG	0	1
group_2295	cloud	2	E	2	2
group_2294	cloud	2	sin_COG	0	2
glp	cloud	2	sin_COG	0	3
group_2288	cloud	2	sin_COG	0	2
hicA	cloud	2	sin_COG	0	2
group_2274	cloud	2	sin_COG	0	2
group_2260	cloud	2	sin_COG	0	2
group_2255	cloud	2	sin_COG	0	2
group_2246	cloud	2	R	2	2
group_2238	cloud	2	sin_COG	0	2
group_2229	cloud	2	sin_COG	0	2
group_2211	cloud	2	sin_COG	0	1
group_2208	cloud	2	sin_COG	0	2
group_2206	cloud	2	sin_COG	0	1
group_2199	cloud	2	sin_COG	0	2
group_2189	cloud	2	sin_COG	0	2
group_2184	cloud	2	sin_COG	0	2
group_2181	cloud	2	sin_COG	0	2
group_2171	cloud	2	sin_COG	0	2
group_2155	cloud	2	sin_COG	0	2
group_2138	cloud	2	sin_COG	0	2
group_2134	cloud	2	sin_COG	0	2
group_2112	cloud	2	sin_COG	0	2
group_2111	cloud	2	sin_COG	0	2
group_2091	cloud	2	sin_COG	0	2
group_2090	cloud	2	sin_COG	0	2
group_2087	cloud	2	sin_COG	0	2
group_2076	cloud	2	sin_COG	0	2
group_2074	cloud	2	sin_COG	0	2
group_2070	cloud	2	sin_COG	0	2
group_2062	cloud	2	sin_COG	0	2
group_2039	cloud	2	sin_COG	0	2
group_2038	cloud	2	sin_COG	0	2
group_2025	cloud	2	sin_COG	0	2
group_2013	cloud	2	sin_COG	0	2
group_2009	cloud	2	sin_COG	0	2
proP	cloud	2	sin_COG	0	2
group_2000	cloud	2	sin_COG	0	2
dsrE	cloud	2	sin_COG	0	2
group_1965	cloud	2	sin_COG	0	2
group_1954	cloud	2	sin_COG	0	2
group_1946	cloud	2	sin_COG	0	2
group_1945	cloud	2	sin_COG	0	2
group_1944	cloud	2	sin_COG	0	2
group_1936	cloud	2	sin_COG	0	2
group_1925	cloud	2	sin_COG	0	2
group_1916	cloud	2	sin_COG	0	2
group_1911	cloud	2	sin_COG	0	2
group_1895	cloud	2	sin_COG	0	2
group_1872	cloud	2	sin_COG	0	2
group_1868	cloud	2	sin_COG	0	2
group_1862	cloud	2	sin_COG	0	2
group_1861	cloud	2	sin_COG	0	2
group_1857	cloud	1	sin_COG	0	2
group_1854	cloud	2	sin_COG	0	2
group_1851	cloud	2	sin_COG	0	2
group_1850	cloud	2	sin_COG	0	2
group_1848	cloud	2	sin_COG	0	2
group_1847	cloud	2	sin_COG	0	2
group_1841	cloud	2	F	1	2
group_1815	cloud	2	sin_COG	0	2
group_1806	cloud	2	sin_COG	0	2
group_1783	cloud	2	sin_COG	0	2
group_1778	cloud	2	sin_COG	0	2
dmpG	cloud	2	sin_COG	0	2
group_1738	cloud	2	sin_COG	0	2
group_1732	cloud	2	sin_COG	0	2
group_1729	cloud	2	sin_COG	0	2
group_1728	cloud	2	sin_COG	0	2
group_1725	cloud	2	sin_COG	0	2
gcvPB	cloud	2	E	2	2
group_1703	cloud	2	sin_COG	0	2
group_1700	cloud	2	sin_COG	0	2
group_1699	cloud	2	sin_COG	0	2
group_1685	cloud	1	sin_COG	0	2
group_1677	cloud	2	sin_COG	0	2
group_1667	cloud	2	sin_COG	0	2
group_1661	cloud	2	sin_COG	0	2
group_1660	cloud	2	sin_COG	0	2
group_1628	cloud	2	sin_COG	0	3
group_1621	cloud	2	sin_COG	0	2
group_1605	cloud	2	sin_COG	0	2
group_1599	cloud	2	sin_COG	0	2
merR1	cloud	2	sin_COG	0	2
group_1598	cloud	2	sin_COG	0	2
group_1591	cloud	2	sin_COG	0	2
group_1590	cloud	2	sin_COG	0	2
gutM	cloud	2	sin_COG	0	2
skfF	cloud	1	sin_COG	0	2
group_1568	cloud	2	sin_COG	0	2
group_1566	cloud	2	sin_COG	0	2
group_1563	cloud	2	sin_COG	0	2
group_1555	cloud	2	sin_COG	0	2
group_1549	cloud	2	sin_COG	0	2
group_1547	cloud	2	sin_COG	0	3
group_1543	cloud	2	sin_COG	0	2
insH	cloud	2	sin_COG	0	2
group_1508	cloud	2	sin_COG	0	2
group_1507	cloud	2	sin_COG	0	2
group_1503	cloud	2	sin_COG	0	2
group_1499	cloud	2	sin_COG	0	2
group_1473	cloud	2	sin_COG	0	2
group_1437	cloud	2	sin_COG	0	2
group_1433	cloud	2	sin_COG	0	2
group_1428	cloud	2	sin_COG	0	2
group_1421	cloud	2	sin_COG	0	2
group_1418	cloud	2	sin_COG	0	2
group_1415	cloud	2	sin_COG	0	2
group_1407	cloud	2	sin_COG	0	2
group_1399	cloud	2	sin_COG	0	2
group_1387	cloud	2	sin_COG	0	2
group_1386	cloud	2	sin_COG	0	2
group_1359	cloud	2	sin_COG	0	2
group_1354	cloud	2	sin_COG	0	2
group_1353	cloud	2	sin_COG	0	2
group_1345	cloud	2	sin_COG	0	1
group_1338	cloud	2	sin_COG	0	2
group_1336	cloud	2	sin_COG	0	2
group_1329	cloud	2	sin_COG	0	2
group_1328	cloud	2	sin_COG	0	2
pruA	cloud	2	sin_COG	0	2
group_1309	cloud	2	sin_COG	0	2
group_1308	cloud	2	sin_COG	0	2
group_1296	cloud	2	sin_COG	0	2
group_1289	cloud	2	sin_COG	0	2
group_1288	cloud	2	sin_COG	0	2
group_1286	cloud	2	sin_COG	0	3
group_1282	cloud	2	sin_COG	0	2
group_1280	cloud	2	sin_COG	0	2
gcvH	cloud	2	E	2	2
group_1260	cloud	2	sin_COG	0	2
group_1257	cloud	2	sin_COG	0	2
group_1254	cloud	2	sin_COG	0	2
group_1251	cloud	2	sin_COG	0	2
group_1247	cloud	2	sin_COG	0	2
group_1246	cloud	2	sin_COG	0	2
group_1225	cloud	2	sin_COG	0	2
acoR	cloud	2	sin_COG	0	2
group_1202	cloud	2	sin_COG	0	2
yciI	cloud	2	sin_COG	0	2
group_1188	cloud	2	sin_COG	0	2
group_1173	cloud	2	sin_COG	0	2
dndC	cloud	2	sin_COG	0	2
group_1166	cloud	2	sin_COG	0	2
terS	cloud	2	sin_COG	0	2
group_1155	cloud	2	sin_COG	0	2
group_1131	cloud	2	sin_COG	0	2
group_1127	cloud	2	sin_COG	0	2
group_1123	cloud	2	sin_COG	0	2
group_1078	cloud	2	sin_COG	0	2
group_1072	cloud	2	sin_COG	0	2
group_1059	cloud	2	sin_COG	0	1
group_1052	cloud	2	sin_COG	0	2
group_1048	cloud	2	sin_COG	0	2
group_1047	cloud	2	sin_COG	0	2
group_1041	cloud	2	sin_COG	0	2
group_1040	cloud	2	sin_COG	0	2
glyA	cloud	2	E	1	2
group_1036	cloud	2	sin_COG	0	2
group_1031	cloud	2	sin_COG	0	2
group_1028	cloud	2	sin_COG	0	2
group_1022	cloud	2	sin_COG	0	2
group_1021	cloud	2	sin_COG	0	2
group_1020	cloud	2	sin_COG	0	3
group_1019	cloud	2	sin_COG	0	2
group_1017	cloud	2	sin_COG	0	2
group_1014	cloud	2	sin_COG	0	2
group_1009	cloud	2	sin_COG	0	2
group_1007	cloud	2	sin_COG	0	2
group_990	cloud	2	sin_COG	0	2
group_981	cloud	2	sin_COG	0	2
group_977	cloud	2	sin_COG	0	2
hepT	cloud	2	sin_COG	0	2
group_972	cloud	2	sin_COG	0	2
group_960	cloud	2	sin_COG	0	2
group_958	cloud	2	sin_COG	0	2
group_948	cloud	2	sin_COG	0	2
group_943	cloud	2	sin_COG	0	2
group_937	cloud	2	sin_COG	0	2
group_928	cloud	2	sin_COG	0	2
group_927	cloud	2	sin_COG	0	2
group_913	cloud	1	sin_COG	0	2
group_906	cloud	2	sin_COG	0	2
group_900	cloud	2	sin_COG	0	2
group_899	cloud	2	sin_COG	0	2
mntA	cloud	2	sin_COG	0	2
lipA	cloud	2	H	1	2
gcvPA	cloud	2	E	2	2
psiE	cloud	2	sin_COG	0	2
group_885	cloud	2	sin_COG	0	2
group_869	cloud	2	sin_COG	0	2
group_867	cloud	2	sin_COG	0	1
group_861	cloud	2	sin_COG	0	2
group_851	cloud	2	sin_COG	0	2
group_850	cloud	2	sin_COG	0	2
group_840	cloud	2	sin_COG	0	2
yckC	cloud	2	S	2	2
group_834	cloud	2	sin_COG	0	2
group_829	cloud	2	sin_COG	0	2
group_814	cloud	2	sin_COG	0	2
mce	cloud	2	sin_COG	0	2
group_799	cloud	2	sin_COG	0	2
group_797	cloud	2	sin_COG	0	2
group_789	cloud	2	sin_COG	0	2
group_778	cloud	2	sin_COG	0	2
group_777	cloud	2	sin_COG	0	2
group_769	cloud	2	sin_COG	0	2
dndD	cloud	2	sin_COG	0	2
group_740	cloud	2	sin_COG	0	2
group_739	cloud	2	sin_COG	0	2
group_735	cloud	2	sin_COG	0	2
group_733	cloud	2	sin_COG	0	2
group_732	cloud	2	sin_COG	0	2
group_727	cloud	2	sin_COG	0	2
group_726	cloud	2	sin_COG	0	2
group_717	cloud	2	sin_COG	0	2
group_714	cloud	2	sin_COG	0	2
group_697	cloud	2	sin_COG	0	2
drmA	cloud	2	sin_COG	0	2
group_686	cloud	2	sin_COG	0	2
group_673	cloud	2	sin_COG	0	2
group_665	cloud	2	sin_COG	0	2
group_664	cloud	2	sin_COG	0	2
group_656	cloud	2	sin_COG	0	2
group_651	cloud	2	sin_COG	0	2
group_647	cloud	2	sin_COG	0	2
group_634	cloud	2	sin_COG	0	2
group_630	cloud	2	sin_COG	0	2
group_629	cloud	2	sin_COG	0	2
group_622	cloud	2	sin_COG	0	2
group_619	cloud	2	sin_COG	0	2
group_617	cloud	2	sin_COG	0	2
group_614	cloud	1	sin_COG	0	2
pglZ	cloud	2	sin_COG	0	2
group_609	cloud	2	sin_COG	0	2
group_607	cloud	2	sin_COG	0	2
group_605	cloud	2	sin_COG	0	2
group_600	cloud	2	sin_COG	0	2
group_599	cloud	2	sin_COG	0	2
group_597	cloud	2	sin_COG	0	2
group_561	cloud	2	sin_COG	0	2
group_555	cloud	2	sin_COG	0	2
thiF	cloud	2	sin_COG	0	2
group_552	cloud	2	sin_COG	0	2
group_550	cloud	2	sin_COG	0	2
group_526	cloud	2	sin_COG	0	2
group_522	cloud	2	sin_COG	0	2
group_520	cloud	2	sin_COG	0	2
group_514	cloud	2	sin_COG	0	2
xylR	cloud	2	sin_COG	0	2
group_503	cloud	2	sin_COG	0	2
group_495	cloud	2	sin_COG	0	2
group_491	cloud	2	sin_COG	0	2
group_488	cloud	2	sin_COG	0	2
group_475	cloud	2	sin_COG	0	2
group_471	cloud	2	sin_COG	0	2
group_468	cloud	2	sin_COG	0	2
group_461	cloud	2	sin_COG	0	2
group_456	cloud	2	sin_COG	0	2
group_453	cloud	2	sin_COG	0	2
group_445	cloud	2	sin_COG	0	2
group_441	cloud	2	sin_COG	0	2
group_438	cloud	2	sin_COG	0	2
group_426	cloud	2	sin_COG	0	2
virB4	cloud	2	sin_COG	0	2
group_416	cloud	2	sin_COG	0	2
group_410	cloud	2	sin_COG	0	2
group_409	cloud	2	sin_COG	0	2
group_393	cloud	2	sin_COG	0	2
group_385	cloud	2	sin_COG	0	1
group_379	cloud	1	sin_COG	0	2
group_375	cloud	2	sin_COG	0	2
group_369	cloud	2	sin_COG	0	2
group_355	cloud	2	sin_COG	0	2
brxL	cloud	2	sin_COG	0	2
group_330	cloud	2	sin_COG	0	2
lysR	cloud	2	sin_COG	0	2
group_322	cloud	2	sin_COG	0	2
group_318	cloud	2	sin_COG	0	2
group_309	cloud	2	sin_COG	0	2
sinI	cloud	2	sin_COG	0	2
group_304	cloud	2	sin_COG	0	2
group_293	cloud	2	sin_COG	0	2
group_292	cloud	2	sin_COG	0	2
group_289	cloud	2	sin_COG	0	2
group_285	cloud	2	sin_COG	0	2
group_281	cloud	2	sin_COG	0	2
group_280	cloud	2	sin_COG	0	2
copG	cloud	2	sin_COG	0	2
group_270	cloud	2	sin_COG	0	2
group_256	cloud	2	sin_COG	0	1
group_245	cloud	1	sin_COG	0	2
group_240	cloud	1	sin_COG	0	1
group_238	cloud	2	sin_COG	0	2
group_233	cloud	2	sin_COG	0	2
group_231	cloud	2	sin_COG	0	2
group_219	cloud	2	sin_COG	0	2
group_215	cloud	2	sin_COG	0	2
group_212	cloud	2	sin_COG	0	2
group_197	cloud	2	sin_COG	0	2
group_188	cloud	2	sin_COG	0	2
dabA	cloud	2	sin_COG	0	2
trlF	cloud	2	sin_COG	0	2
group_127	cloud	2	sin_COG	0	2
group_121	cloud	2	sin_COG	0	2
group_117	cloud	2	sin_COG	0	2
galU	cloud	2	sin_COG	0	2
group_103	cloud	2	sin_COG	0	2
insA	cloud	2	X	1	3
group_72	cloud	2	sin_COG	0	2
group_48	cloud	2	sin_COG	0	2
group_39	cloud	2	sin_COG	0	2
group_29	cloud	2	sin_COG	0	2
group_26	cloud	2	sin_COG	0	2
group_23	cloud	2	sin_COG	0	2
group_17	cloud	2	sin_COG	0	2
group_13	cloud	2	sin_COG	0	2
group_11	cloud	2	sin_COG	0	2
group_3	cloud	1	sin_COG	0	2
group_13683	cloud	1	sin_COG	0	1
group_13666	cloud	1	sin_COG	0	1
group_13658	cloud	1	D	1	1
group_13657	exclusivo	0	sin_COG	0	1
group_13654	cloud	1	sin_COG	0	1
group_13653	cloud	1	sin_COG	0	1
group_13652	cloud	1	sin_COG	0	1
group_13651	cloud	1	sin_COG	0	1
group_13650	cloud	1	sin_COG	0	1
group_13649	cloud	1	sin_COG	0	1
group_13648	cloud	1	sin_COG	0	1
group_13647	cloud	1	sin_COG	0	1
group_13646	cloud	1	sin_COG	0	1
group_13645	cloud	1	sin_COG	0	1
group_13644	cloud	1	sin_COG	0	1
group_13643	cloud	1	sin_COG	0	1
group_13642	cloud	1	I	1	1
group_13641	cloud	1	sin_COG	0	1
group_13640	cloud	1	sin_COG	0	1
group_13639	cloud	1	sin_COG	0	1
group_13638	cloud	1	sin_COG	0	1
group_13637	cloud	1	sin_COG	0	1
group_13636	cloud	1	sin_COG	0	1
group_13635	cloud	1	sin_COG	0	1
group_13634	cloud	1	sin_COG	0	1
group_13633	cloud	1	sin_COG	0	1
group_13632	cloud	1	sin_COG	0	1
group_13630	cloud	1	sin_COG	0	1
group_13628	cloud	1	sin_COG	0	1
group_13626	cloud	1	sin_COG	0	1
group_13624	cloud	1	sin_COG	0	1
group_13620	cloud	1	sin_COG	0	1
group_13619	cloud	1	sin_COG	0	1
group_13618	cloud	1	sin_COG	0	1
group_13617	cloud	1	sin_COG	0	1
group_13616	cloud	1	sin_COG	0	1
group_13615	cloud	1	sin_COG	0	1
group_13613	cloud	1	sin_COG	0	1
group_13612	cloud	1	sin_COG	0	1
group_13611	cloud	1	sin_COG	0	1
group_13610	cloud	1	sin_COG	0	1
group_13609	cloud	1	K	1	1
group_13608	cloud	1	sin_COG	0	1
group_13607	cloud	1	sin_COG	0	1
group_13585	cloud	1	sin_COG	0	1
group_13584	cloud	1	sin_COG	0	1
group_13583	cloud	1	sin_COG	0	1
group_13582	cloud	1	K	1	1
group_13566	cloud	1	sin_COG	0	1
group_13562	cloud	1	sin_COG	0	1
group_13553	cloud	1	sin_COG	0	1
group_13550	cloud	1	sin_COG	0	1
group_13508	cloud	1	sin_COG	0	1
group_13499	cloud	1	sin_COG	0	1
group_13498	cloud	1	sin_COG	0	1
group_13497	cloud	1	sin_COG	0	1
group_13496	cloud	1	sin_COG	0	1
group_13495	cloud	1	sin_COG	0	1
group_13494	cloud	1	S	1	1
group_13493	cloud	1	sin_COG	0	1
group_13492	cloud	1	sin_COG	0	1
group_13490	cloud	1	sin_COG	0	1
group_13489	cloud	1	sin_COG	0	1
group_13486	cloud	1	sin_COG	0	1
group_13485	cloud	1	sin_COG	0	1
group_13479	cloud	1	sin_COG	0	1
group_13478	cloud	1	sin_COG	0	1
group_13475	cloud	1	sin_COG	0	1
group_13474	cloud	1	sin_COG	0	1
group_13473	cloud	1	sin_COG	0	1
group_13472	cloud	1	sin_COG	0	1
group_13471	cloud	1	sin_COG	0	1
group_13470	cloud	1	sin_COG	0	1
group_13468	cloud	1	sin_COG	0	1
group_13467	cloud	1	sin_COG	0	1
group_13466	cloud	1	sin_COG	0	1
group_13465	cloud	1	sin_COG	0	1
group_13464	cloud	1	sin_COG	0	1
group_13463	cloud	1	sin_COG	0	1
group_13462	cloud	1	sin_COG	0	1
group_13460	cloud	1	sin_COG	0	1
group_13459	cloud	1	sin_COG	0	1
group_13458	cloud	1	sin_COG	0	1
group_13457	cloud	1	sin_COG	0	1
group_13456	cloud	1	sin_COG	0	1
group_13455	cloud	1	sin_COG	0	1
group_13454	cloud	1	sin_COG	0	1
group_13453	cloud	1	sin_COG	0	1
group_13452	cloud	1	sin_COG	0	1
group_13451	cloud	1	sin_COG	0	1
group_13450	cloud	1	sin_COG	0	1
group_13449	cloud	1	sin_COG	0	1
group_13448	cloud	1	sin_COG	0	1
group_13447	cloud	1	sin_COG	0	1
group_13446	cloud	1	U	1	1
group_13445	cloud	1	U	1	1
phoX	cloud	1	R	1	1
group_13444	cloud	1	sin_COG	0	1
group_13442	cloud	1	sin_COG	0	1
group_13441	cloud	1	sin_COG	0	1
group_13439	cloud	1	sin_COG	0	1
group_13438	cloud	1	sin_COG	0	1
group_13437	cloud	1	sin_COG	0	1
group_13436	cloud	1	sin_COG	0	1
group_13435	cloud	1	sin_COG	0	1
group_13434	cloud	1	sin_COG	0	1
group_13433	cloud	1	sin_COG	0	1
group_13432	cloud	1	sin_COG	0	1
group_13431	cloud	1	sin_COG	0	1
group_13430	cloud	1	sin_COG	0	1
group_13429	cloud	1	sin_COG	0	1
group_13428	cloud	1	sin_COG	0	1
group_13426	cloud	1	sin_COG	0	1
group_13423	cloud	1	sin_COG	0	1
group_13422	cloud	1	sin_COG	0	1
group_13421	cloud	1	sin_COG	0	1
group_13420	cloud	1	sin_COG	0	1
group_13419	cloud	1	sin_COG	0	1
group_13417	cloud	1	sin_COG	0	1
poxB	cloud	1	E	1	1
group_13416	cloud	1	sin_COG	0	1
group_13415	cloud	1	sin_COG	0	1
group_13414	cloud	1	sin_COG	0	1
group_13413	cloud	1	T	1	1
group_13412	cloud	1	sin_COG	0	1
group_13411	cloud	1	sin_COG	0	1
group_13410	cloud	1	sin_COG	0	1
group_13409	cloud	1	sin_COG	0	1
group_13408	cloud	1	sin_COG	0	1
group_13407	cloud	1	sin_COG	0	1
group_13404	cloud	1	sin_COG	0	1
group_13401	cloud	1	sin_COG	0	1
group_13400	cloud	1	sin_COG	0	1
group_13399	cloud	1	sin_COG	0	1
group_13398	cloud	1	sin_COG	0	1
group_13396	cloud	1	sin_COG	0	1
group_13394	cloud	1	sin_COG	0	1
group_13393	cloud	1	sin_COG	0	1
group_13392	cloud	1	sin_COG	0	1
group_13391	cloud	1	sin_COG	0	1
group_13388	cloud	1	sin_COG	0	1
group_13387	cloud	1	sin_COG	0	1
group_13386	cloud	1	sin_COG	0	1
group_13385	cloud	1	sin_COG	0	1
group_13384	cloud	1	sin_COG	0	1
group_13383	cloud	1	sin_COG	0	1
group_13382	cloud	1	sin_COG	0	1
group_13381	cloud	1	sin_COG	0	1
group_13380	cloud	1	sin_COG	0	1
group_13379	cloud	1	sin_COG	0	1
group_13378	cloud	1	sin_COG	0	1
group_13377	cloud	1	sin_COG	0	1
group_13376	cloud	1	sin_COG	0	1
group_13375	cloud	1	sin_COG	0	1
group_13374	cloud	1	sin_COG	0	1
group_13373	cloud	1	C	1	1
group_13372	cloud	1	sin_COG	0	1
group_13371	cloud	1	sin_COG	0	1
brxE	cloud	1	sin_COG	0	1
group_13370	cloud	1	sin_COG	0	1
group_13369	cloud	1	sin_COG	0	1
group_13368	cloud	1	sin_COG	0	1
group_13367	cloud	1	sin_COG	0	1
group_13366	cloud	1	sin_COG	0	1
group_13365	cloud	1	sin_COG	0	1
group_13364	cloud	1	sin_COG	0	1
group_13363	cloud	1	sin_COG	0	1
group_13362	cloud	1	sin_COG	0	1
group_13361	cloud	1	sin_COG	0	1
group_13360	cloud	1	sin_COG	0	1
group_13359	cloud	1	sin_COG	0	1
group_13358	cloud	1	sin_COG	0	1
group_13357	cloud	1	sin_COG	0	1
group_13356	cloud	1	sin_COG	0	1
group_13354	cloud	1	sin_COG	0	1
group_13353	cloud	1	sin_COG	0	1
group_13352	cloud	1	sin_COG	0	1
group_13351	cloud	1	sin_COG	0	1
group_13350	cloud	1	sin_COG	0	1
group_13349	cloud	1	sin_COG	0	1
group_13348	cloud	1	sin_COG	0	1
group_13347	cloud	1	sin_COG	0	1
group_13346	cloud	1	sin_COG	0	1
group_13345	cloud	1	sin_COG	0	1
group_13344	cloud	1	sin_COG	0	1
group_13343	cloud	1	sin_COG	0	1
group_13342	cloud	1	sin_COG	0	1
group_13341	cloud	1	sin_COG	0	1
group_13340	cloud	1	sin_COG	0	1
group_13339	cloud	1	sin_COG	0	1
group_13338	cloud	1	sin_COG	0	1
group_13337	cloud	1	sin_COG	0	1
group_13336	cloud	1	sin_COG	0	1
group_13335	cloud	1	sin_COG	0	1
group_13334	cloud	1	sin_COG	0	1
group_13333	cloud	1	sin_COG	0	1
group_13332	cloud	1	sin_COG	0	1
group_13331	cloud	1	sin_COG	0	1
group_13330	cloud	1	sin_COG	0	1
group_13329	cloud	1	sin_COG	0	1
group_13328	cloud	1	sin_COG	0	1
group_13327	cloud	1	sin_COG	0	1
group_13326	cloud	1	sin_COG	0	1
group_13325	cloud	1	sin_COG	0	1
group_13324	cloud	1	sin_COG	0	1
group_13323	cloud	1	sin_COG	0	1
group_13322	cloud	1	sin_COG	0	1
group_13321	cloud	1	sin_COG	0	1
group_13320	cloud	1	sin_COG	0	1
group_13319	cloud	1	sin_COG	0	1
group_13318	cloud	1	sin_COG	0	1
group_13316	cloud	1	sin_COG	0	1
group_13314	cloud	1	sin_COG	0	1
group_13313	cloud	1	sin_COG	0	1
group_13312	cloud	1	sin_COG	0	1
group_13310	cloud	1	C	1	1
group_13309	cloud	1	C	1	1
group_13308	cloud	1	K	1	1
group_13307	cloud	1	C	1	1
group_13306	cloud	1	sin_COG	0	1
group_13304	cloud	1	sin_COG	0	1
group_13303	cloud	1	sin_COG	0	1
group_13302	cloud	1	sin_COG	0	1
group_13301	cloud	1	sin_COG	0	1
group_13300	cloud	1	sin_COG	0	1
group_13299	cloud	1	sin_COG	0	1
group_13298	cloud	1	sin_COG	0	1
group_13296	cloud	1	sin_COG	0	1
group_13295	cloud	1	sin_COG	0	1
group_13294	cloud	1	sin_COG	0	1
group_13293	cloud	1	sin_COG	0	1
group_13292	cloud	1	sin_COG	0	1
group_13290	cloud	1	sin_COG	0	1
group_13288	cloud	1	sin_COG	0	1
group_13285	cloud	1	sin_COG	0	1
group_13284	cloud	1	sin_COG	0	1
group_13283	cloud	1	sin_COG	0	1
group_13282	cloud	1	sin_COG	0	1
group_13280	cloud	1	sin_COG	0	1
group_13279	cloud	1	sin_COG	0	1
group_13274	cloud	1	sin_COG	0	1
group_13273	cloud	1	sin_COG	0	1
group_13272	cloud	1	sin_COG	0	1
group_13270	cloud	1	sin_COG	0	1
group_13269	cloud	1	sin_COG	0	1
group_13268	cloud	1	sin_COG	0	1
group_13267	cloud	1	sin_COG	0	1
group_13266	cloud	1	sin_COG	0	1
group_13265	cloud	1	sin_COG	0	1
group_13264	cloud	1	sin_COG	0	1
group_13263	cloud	1	sin_COG	0	1
group_13262	cloud	1	sin_COG	0	1
group_13261	cloud	1	sin_COG	0	1
group_13260	cloud	1	sin_COG	0	1
group_13259	cloud	1	sin_COG	0	1
group_13258	cloud	1	sin_COG	0	1
group_13257	cloud	1	sin_COG	0	1
group_13256	cloud	1	sin_COG	0	1
group_13255	cloud	1	sin_COG	0	1
group_13254	cloud	1	sin_COG	0	1
group_13252	cloud	1	sin_COG	0	1
group_13250	cloud	1	sin_COG	0	1
group_13249	cloud	1	sin_COG	0	1
group_13248	cloud	1	sin_COG	0	1
group_13247	cloud	1	sin_COG	0	1
group_13246	cloud	1	sin_COG	0	1
group_13245	cloud	1	sin_COG	0	1
group_13244	cloud	1	sin_COG	0	1
group_13243	cloud	1	sin_COG	0	1
group_13242	cloud	1	sin_COG	0	1
group_13240	cloud	1	sin_COG	0	1
group_13239	cloud	1	sin_COG	0	1
group_13238	cloud	1	sin_COG	0	1
group_13236	cloud	1	sin_COG	0	1
group_13234	cloud	1	sin_COG	0	1
group_13233	cloud	1	sin_COG	0	1
group_13232	cloud	1	sin_COG	0	1
group_13231	cloud	1	sin_COG	0	1
group_13230	cloud	1	sin_COG	0	1
group_13229	cloud	1	sin_COG	0	1
group_13228	cloud	1	sin_COG	0	1
group_13227	cloud	1	sin_COG	0	1
group_13226	cloud	1	sin_COG	0	1
group_13225	cloud	1	sin_COG	0	1
group_13224	cloud	1	sin_COG	0	1
group_13223	cloud	1	sin_COG	0	1
group_13222	cloud	1	sin_COG	0	1
group_13221	cloud	1	sin_COG	0	1
group_13220	cloud	1	sin_COG	0	1
group_13219	cloud	1	sin_COG	0	1
group_13218	cloud	1	sin_COG	0	1
group_13217	cloud	1	sin_COG	0	1
group_13216	cloud	1	sin_COG	0	1
group_13215	cloud	1	sin_COG	0	1
group_13214	cloud	1	sin_COG	0	1
group_13213	cloud	1	sin_COG	0	1
group_13212	cloud	1	sin_COG	0	1
group_13211	cloud	1	sin_COG	0	1
group_13210	cloud	1	sin_COG	0	1
group_13209	cloud	1	sin_COG	0	1
group_13208	cloud	1	sin_COG	0	1
group_13207	cloud	1	sin_COG	0	1
group_13206	cloud	1	sin_COG	0	1
group_13205	cloud	1	sin_COG	0	1
group_13204	cloud	1	sin_COG	0	1
group_13203	cloud	1	sin_COG	0	1
group_13202	cloud	1	sin_COG	0	1
group_13201	cloud	1	sin_COG	0	1
group_13200	cloud	1	sin_COG	0	1
group_13199	cloud	1	sin_COG	0	1
group_13198	cloud	1	sin_COG	0	1
group_13197	cloud	1	sin_COG	0	1
group_13196	cloud	1	sin_COG	0	1
group_13195	cloud	1	sin_COG	0	1
group_13194	cloud	1	sin_COG	0	1
group_13193	cloud	1	sin_COG	0	1
group_13192	cloud	1	sin_COG	0	1
group_13191	cloud	1	sin_COG	0	1
group_13190	cloud	1	sin_COG	0	1
group_13189	cloud	1	sin_COG	0	1
group_13188	cloud	1	sin_COG	0	1
group_13187	cloud	1	sin_COG	0	1
group_13186	cloud	1	sin_COG	0	1
group_13185	cloud	1	sin_COG	0	1
group_13184	cloud	1	sin_COG	0	1
group_13183	cloud	1	sin_COG	0	1
group_13182	cloud	1	sin_COG	0	1
group_13181	cloud	1	sin_COG	0	1
group_13180	cloud	1	sin_COG	0	1
group_13179	cloud	1	sin_COG	0	1
group_13178	cloud	1	sin_COG	0	1
group_13177	cloud	1	sin_COG	0	1
group_13176	cloud	1	sin_COG	0	1
group_13175	cloud	1	sin_COG	0	1
group_13173	cloud	1	sin_COG	0	1
group_13172	cloud	1	sin_COG	0	1
group_13170	cloud	1	sin_COG	0	1
group_13169	cloud	1	sin_COG	0	1
group_13168	cloud	1	sin_COG	0	1
group_13167	cloud	1	sin_COG	0	1
group_13166	cloud	1	sin_COG	0	1
group_13165	cloud	1	sin_COG	0	1
group_13164	cloud	1	sin_COG	0	1
group_13163	cloud	1	sin_COG	0	1
group_13162	cloud	1	sin_COG	0	1
group_13161	cloud	1	sin_COG	0	1
group_13160	cloud	1	L	1	1
group_13159	cloud	1	sin_COG	0	1
group_13158	cloud	1	sin_COG	0	1
group_13157	cloud	1	sin_COG	0	1
group_13156	cloud	1	sin_COG	0	1
group_13155	cloud	1	sin_COG	0	1
group_13154	cloud	1	sin_COG	0	1
group_13153	cloud	1	sin_COG	0	1
group_13152	cloud	1	sin_COG	0	1
group_13151	cloud	1	sin_COG	0	1
group_13149	cloud	1	sin_COG	0	1
group_13145	cloud	1	sin_COG	0	1
group_13144	cloud	1	sin_COG	0	1
group_13143	cloud	1	sin_COG	0	1
group_13142	cloud	1	sin_COG	0	1
group_13141	cloud	1	sin_COG	0	1
group_13140	cloud	1	sin_COG	0	1
group_13139	cloud	1	sin_COG	0	1
group_13136	cloud	1	sin_COG	0	1
group_13135	cloud	1	X	1	1
group_13134	cloud	1	sin_COG	0	1
group_13133	cloud	1	sin_COG	0	1
group_13132	cloud	1	sin_COG	0	1
group_13131	cloud	1	sin_COG	0	1
group_13130	cloud	1	sin_COG	0	1
group_13129	cloud	1	sin_COG	0	1
group_13128	cloud	1	sin_COG	0	1
group_13127	cloud	1	sin_COG	0	1
group_13126	cloud	1	sin_COG	0	1
group_13125	cloud	1	sin_COG	0	1
group_13124	cloud	1	sin_COG	0	1
group_13123	cloud	1	sin_COG	0	1
group_13122	cloud	1	sin_COG	0	1
group_13121	cloud	1	sin_COG	0	1
group_13120	cloud	1	sin_COG	0	1
group_13119	cloud	1	sin_COG	0	1
group_13118	cloud	1	sin_COG	0	1
group_13117	cloud	1	sin_COG	0	1
group_13116	cloud	1	sin_COG	0	1
group_13115	cloud	1	sin_COG	0	1
group_13114	cloud	1	sin_COG	0	1
group_13113	cloud	1	sin_COG	0	1
group_13111	cloud	1	sin_COG	0	1
group_13110	cloud	1	sin_COG	0	1
group_13109	cloud	1	sin_COG	0	1
group_13108	cloud	1	sin_COG	0	1
group_13107	cloud	1	sin_COG	0	1
group_13106	cloud	1	sin_COG	0	1
group_13105	cloud	1	sin_COG	0	1
group_13104	cloud	1	sin_COG	0	1
group_13101	cloud	1	sin_COG	0	1
group_13100	cloud	1	sin_COG	0	1
group_13099	cloud	1	sin_COG	0	1
group_13097	cloud	1	sin_COG	0	1
group_13094	cloud	1	sin_COG	0	1
group_13093	cloud	1	sin_COG	0	1
group_13091	cloud	1	sin_COG	0	1
group_13090	cloud	1	sin_COG	0	1
group_13089	cloud	1	sin_COG	0	1
group_13087	cloud	1	sin_COG	0	1
group_13086	cloud	1	Q	1	1
group_13084	cloud	1	sin_COG	0	1
group_13083	cloud	1	sin_COG	0	1
group_13082	cloud	1	sin_COG	0	1
group_13079	cloud	1	sin_COG	0	1
group_13078	cloud	1	sin_COG	0	1
group_13076	cloud	1	sin_COG	0	1
group_13075	cloud	1	sin_COG	0	1
group_13069	cloud	1	sin_COG	0	1
group_13068	cloud	1	sin_COG	0	1
group_13067	cloud	1	sin_COG	0	1
group_13066	cloud	1	sin_COG	0	1
group_13065	cloud	1	sin_COG	0	1
group_13064	cloud	1	sin_COG	0	1
group_13062	cloud	1	sin_COG	0	1
group_13061	cloud	1	sin_COG	0	1
group_13052	cloud	1	sin_COG	0	1
group_13050	cloud	1	sin_COG	0	1
group_13049	cloud	1	sin_COG	0	1
group_13048	cloud	1	sin_COG	0	1
group_13047	cloud	1	sin_COG	0	1
group_13045	cloud	1	sin_COG	0	1
group_13044	cloud	1	sin_COG	0	1
group_13043	cloud	1	sin_COG	0	1
group_13042	cloud	1	sin_COG	0	1
group_13041	cloud	1	sin_COG	0	1
group_13040	cloud	1	sin_COG	0	1
group_13039	cloud	1	sin_COG	0	1
group_13029	cloud	1	sin_COG	0	1
group_13028	cloud	1	sin_COG	0	1
group_13027	cloud	1	sin_COG	0	1
group_13023	cloud	1	sin_COG	0	1
group_13020	cloud	1	sin_COG	0	1
group_13016	cloud	1	sin_COG	0	1
group_13015	cloud	1	sin_COG	0	1
group_13014	cloud	1	sin_COG	0	1
group_13013	cloud	1	sin_COG	0	1
group_13011	cloud	1	sin_COG	0	1
group_13010	cloud	1	sin_COG	0	1
group_13007	cloud	1	sin_COG	0	1
group_13006	cloud	1	sin_COG	0	1
group_13005	cloud	1	sin_COG	0	1
group_13004	cloud	1	sin_COG	0	1
group_13002	cloud	1	sin_COG	0	1
group_13001	cloud	1	sin_COG	0	1
group_12999	cloud	1	sin_COG	0	1
group_12997	cloud	1	sin_COG	0	1
group_12996	cloud	1	sin_COG	0	1
group_12995	cloud	1	sin_COG	0	1
group_12994	cloud	1	sin_COG	0	1
group_12993	cloud	1	sin_COG	0	1
group_12992	cloud	1	sin_COG	0	1
group_12991	cloud	1	sin_COG	0	1
group_12990	cloud	1	sin_COG	0	1
group_12989	cloud	1	sin_COG	0	1
group_12988	cloud	1	sin_COG	0	1
group_12987	cloud	1	sin_COG	0	1
group_12986	cloud	1	sin_COG	0	1
group_12985	cloud	1	sin_COG	0	1
group_12984	cloud	1	sin_COG	0	1
group_12983	cloud	1	sin_COG	0	1
group_12981	cloud	1	X	1	1
group_12980	cloud	1	K	1	1
group_12979	cloud	1	sin_COG	0	1
group_12977	cloud	1	sin_COG	0	1
group_12975	cloud	1	sin_COG	0	1
group_12974	cloud	1	sin_COG	0	1
group_12973	cloud	1	sin_COG	0	1
group_12972	cloud	1	sin_COG	0	1
group_12971	cloud	1	sin_COG	0	1
group_12970	cloud	1	sin_COG	0	1
group_12969	cloud	1	sin_COG	0	1
group_12968	cloud	1	sin_COG	0	1
group_12967	cloud	1	sin_COG	0	1
group_12965	cloud	1	sin_COG	0	1
group_12964	cloud	1	sin_COG	0	1
group_12963	cloud	1	sin_COG	0	1
group_12960	cloud	1	sin_COG	0	1
group_12958	cloud	1	sin_COG	0	1
group_12957	cloud	1	sin_COG	0	1
group_12956	cloud	1	sin_COG	0	1
group_12955	cloud	1	sin_COG	0	1
group_12954	cloud	1	sin_COG	0	1
group_12951	cloud	1	sin_COG	0	1
group_12950	cloud	1	sin_COG	0	1
group_12948	cloud	1	sin_COG	0	1
relE	cloud	1	sin_COG	0	1
group_12947	cloud	1	sin_COG	0	1
group_12944	cloud	1	sin_COG	0	1
group_12943	cloud	1	sin_COG	0	1
group_12942	cloud	1	sin_COG	0	1
group_12941	cloud	1	sin_COG	0	1
mqsR	cloud	1	sin_COG	0	1
group_12940	cloud	1	sin_COG	0	1
group_12936	cloud	1	sin_COG	0	1
group_12935	cloud	1	sin_COG	0	1
group_12934	cloud	1	sin_COG	0	1
mobC	cloud	1	sin_COG	0	1
group_12933	cloud	1	sin_COG	0	1
group_12932	cloud	1	sin_COG	0	1
group_12931	cloud	1	sin_COG	0	1
group_12930	cloud	1	sin_COG	0	1
group_12927	cloud	1	sin_COG	0	1
group_12926	cloud	1	sin_COG	0	1
group_12925	cloud	1	sin_COG	0	1
group_12924	cloud	1	sin_COG	0	1
group_12923	cloud	1	sin_COG	0	1
group_12922	cloud	1	sin_COG	0	1
group_12921	cloud	1	sin_COG	0	1
group_12920	cloud	1	sin_COG	0	1
group_12919	cloud	1	sin_COG	0	1
group_12918	cloud	1	sin_COG	0	1
group_12917	cloud	1	sin_COG	0	1
group_12916	cloud	1	sin_COG	0	1
group_12915	cloud	1	sin_COG	0	1
group_12914	cloud	1	sin_COG	0	1
group_12913	cloud	1	sin_COG	0	1
group_12912	cloud	1	sin_COG	0	1
group_12911	cloud	1	sin_COG	0	1
group_12910	cloud	1	sin_COG	0	1
group_12909	cloud	1	sin_COG	0	1
group_12908	cloud	1	sin_COG	0	1
scmC	cloud	1	sin_COG	0	1
group_12907	cloud	1	sin_COG	0	1
group_12906	cloud	1	sin_COG	0	1
group_12905	cloud	1	sin_COG	0	1
group_12904	cloud	1	sin_COG	0	1
group_12903	cloud	1	sin_COG	0	1
group_12902	cloud	1	sin_COG	0	1
group_12901	cloud	1	sin_COG	0	1
group_12900	cloud	1	sin_COG	0	1
group_12899	cloud	1	sin_COG	0	1
group_12898	cloud	1	sin_COG	0	1
group_12897	cloud	1	sin_COG	0	1
group_12896	cloud	1	sin_COG	0	1
group_12895	cloud	1	sin_COG	0	1
group_12894	cloud	1	sin_COG	0	1
group_12893	cloud	1	sin_COG	0	1
group_12892	cloud	1	sin_COG	0	1
group_12891	cloud	1	sin_COG	0	1
group_12890	cloud	1	sin_COG	0	1
group_12880	cloud	1	sin_COG	0	1
group_12878	cloud	1	sin_COG	0	1
group_12877	cloud	1	sin_COG	0	1
group_12876	cloud	1	sin_COG	0	1
group_12875	cloud	1	sin_COG	0	1
group_12874	cloud	1	sin_COG	0	1
group_12873	cloud	1	sin_COG	0	1
group_12872	cloud	1	sin_COG	0	1
group_12871	cloud	1	sin_COG	0	1
group_12869	cloud	1	sin_COG	0	1
group_12868	cloud	1	sin_COG	0	1
group_12867	cloud	1	sin_COG	0	1
group_12866	cloud	1	sin_COG	0	1
group_12865	cloud	1	sin_COG	0	1
group_12864	cloud	1	sin_COG	0	1
group_12863	cloud	1	sin_COG	0	1
group_12862	cloud	1	sin_COG	0	1
group_12861	cloud	1	sin_COG	0	1
group_12860	cloud	1	sin_COG	0	1
group_12859	cloud	1	sin_COG	0	1
group_12857	cloud	1	sin_COG	0	1
group_12855	cloud	1	sin_COG	0	1
group_12854	cloud	1	sin_COG	0	1
group_12853	cloud	1	sin_COG	0	1
group_12852	cloud	1	sin_COG	0	1
group_12851	cloud	1	sin_COG	0	1
group_12850	cloud	1	sin_COG	0	1
group_12849	cloud	1	sin_COG	0	1
group_12848	cloud	1	sin_COG	0	1
group_12847	cloud	1	sin_COG	0	1
group_12846	cloud	1	sin_COG	0	1
group_12845	cloud	1	sin_COG	0	1
group_12844	cloud	1	sin_COG	0	1
group_12843	cloud	1	sin_COG	0	1
group_12842	cloud	1	sin_COG	0	1
group_12841	cloud	1	sin_COG	0	1
group_12840	cloud	1	sin_COG	0	1
group_12839	cloud	1	sin_COG	0	1
group_12837	cloud	1	sin_COG	0	1
group_12836	cloud	1	sin_COG	0	1
group_12835	cloud	1	sin_COG	0	1
group_12834	cloud	1	sin_COG	0	1
group_12833	cloud	1	sin_COG	0	1
group_12832	cloud	1	sin_COG	0	1
group_12831	cloud	1	sin_COG	0	1
group_12830	cloud	1	sin_COG	0	1
group_12829	cloud	1	sin_COG	0	1
group_12828	cloud	1	sin_COG	0	1
group_12827	cloud	1	sin_COG	0	1
group_12826	cloud	1	sin_COG	0	1
group_12823	cloud	1	sin_COG	0	1
group_12822	cloud	1	sin_COG	0	1
group_12821	cloud	1	sin_COG	0	1
group_12820	cloud	1	sin_COG	0	1
group_12819	cloud	1	sin_COG	0	1
group_12818	cloud	1	sin_COG	0	1
group_12817	cloud	1	sin_COG	0	1
group_12816	cloud	1	sin_COG	0	1
group_12815	cloud	1	sin_COG	0	1
group_12814	cloud	1	sin_COG	0	1
group_12813	cloud	1	sin_COG	0	1
group_12812	cloud	1	sin_COG	0	1
group_12811	cloud	1	sin_COG	0	1
group_12810	cloud	1	sin_COG	0	1
group_12807	cloud	1	sin_COG	0	1
group_12805	cloud	1	sin_COG	0	1
group_12804	cloud	1	sin_COG	0	1
group_12803	cloud	1	sin_COG	0	1
group_12802	cloud	1	sin_COG	0	1
group_12801	cloud	1	sin_COG	0	1
group_12800	cloud	1	sin_COG	0	1
group_12798	cloud	1	sin_COG	0	1
group_12797	cloud	1	sin_COG	0	1
group_12796	cloud	1	sin_COG	0	1
group_12795	cloud	1	sin_COG	0	1
group_12794	cloud	1	sin_COG	0	1
group_12793	cloud	1	sin_COG	0	1
group_12792	cloud	1	sin_COG	0	1
group_12791	cloud	1	sin_COG	0	1
group_12790	cloud	1	sin_COG	0	1
group_12789	cloud	1	sin_COG	0	1
group_12788	cloud	1	sin_COG	0	1
group_12787	cloud	1	sin_COG	0	1
group_12786	cloud	1	sin_COG	0	1
group_12785	cloud	1	sin_COG	0	1
group_12784	cloud	1	sin_COG	0	1
group_12783	cloud	1	sin_COG	0	1
group_12780	cloud	1	sin_COG	0	1
group_12778	cloud	1	sin_COG	0	1
group_12777	cloud	1	sin_COG	0	1
group_12776	cloud	1	sin_COG	0	1
group_12775	cloud	1	sin_COG	0	1
group_12774	cloud	1	sin_COG	0	1
group_12773	cloud	1	sin_COG	0	1
group_12772	cloud	1	sin_COG	0	1
group_12771	cloud	1	sin_COG	0	1
group_12770	cloud	1	sin_COG	0	1
group_12769	cloud	1	sin_COG	0	1
group_12768	cloud	1	sin_COG	0	1
group_12767	cloud	1	sin_COG	0	1
group_12766	cloud	1	sin_COG	0	1
group_12765	cloud	1	sin_COG	0	1
group_12764	cloud	1	sin_COG	0	1
group_12763	cloud	1	sin_COG	0	1
group_12762	cloud	1	sin_COG	0	1
group_12761	cloud	1	sin_COG	0	1
group_12760	cloud	1	sin_COG	0	1
group_12759	cloud	1	sin_COG	0	1
group_12758	cloud	1	sin_COG	0	1
group_12757	cloud	1	sin_COG	0	1
group_12756	cloud	1	sin_COG	0	1
group_12755	cloud	1	sin_COG	0	1
group_12740	cloud	1	sin_COG	0	1
group_12739	cloud	1	sin_COG	0	1
group_12738	cloud	1	sin_COG	0	1
group_12737	cloud	1	sin_COG	0	1
group_12736	cloud	1	sin_COG	0	1
group_12735	cloud	1	sin_COG	0	1
group_12734	cloud	1	sin_COG	0	1
group_12733	cloud	1	sin_COG	0	1
group_12730	cloud	1	sin_COG	0	1
group_12729	cloud	1	sin_COG	0	1
group_12728	cloud	1	K	1	1
group_12727	cloud	1	sin_COG	0	1
group_12726	cloud	1	sin_COG	0	1
group_12725	cloud	1	sin_COG	0	1
group_12724	cloud	1	sin_COG	0	1
group_12722	cloud	1	sin_COG	0	1
group_12721	cloud	1	sin_COG	0	1
group_12720	cloud	1	sin_COG	0	1
group_12719	cloud	1	sin_COG	0	1
group_12715	cloud	1	sin_COG	0	1
group_12712	cloud	1	V	1	1
group_12711	cloud	1	sin_COG	0	1
group_12710	cloud	1	sin_COG	0	1
group_12708	cloud	1	sin_COG	0	1
group_12707	cloud	1	sin_COG	0	1
group_12706	cloud	1	sin_COG	0	1
group_12705	cloud	1	sin_COG	0	1
group_12704	cloud	1	sin_COG	0	1
luxE	cloud	1	sin_COG	0	1
group_12703	cloud	1	sin_COG	0	1
group_12702	cloud	1	sin_COG	0	1
group_12701	cloud	1	sin_COG	0	1
group_12700	cloud	1	sin_COG	0	1
group_12699	cloud	1	sin_COG	0	1
group_12698	cloud	1	sin_COG	0	1
group_12697	cloud	1	sin_COG	0	1
group_12696	cloud	1	sin_COG	0	1
group_12695	cloud	1	sin_COG	0	1
group_12694	cloud	1	sin_COG	0	1
group_12693	cloud	1	sin_COG	0	1
group_12692	cloud	1	sin_COG	0	1
group_12691	cloud	1	sin_COG	0	1
group_12690	cloud	1	sin_COG	0	1
group_12689	cloud	1	sin_COG	0	1
group_12688	cloud	1	sin_COG	0	1
group_12687	cloud	1	sin_COG	0	1
group_12686	cloud	1	sin_COG	0	1
group_12685	cloud	1	sin_COG	0	1
group_12684	cloud	1	sin_COG	0	1
group_12683	cloud	1	sin_COG	0	1
group_12682	cloud	1	sin_COG	0	1
group_12681	cloud	1	sin_COG	0	1
group_12680	cloud	1	sin_COG	0	1
group_12679	cloud	1	sin_COG	0	1
group_12678	cloud	1	sin_COG	0	1
group_12677	cloud	1	sin_COG	0	1
group_12676	cloud	1	sin_COG	0	1
group_12675	cloud	1	C	1	1
group_12674	cloud	1	sin_COG	0	1
group_12673	cloud	1	sin_COG	0	1
group_12671	cloud	1	sin_COG	0	1
group_12670	cloud	1	sin_COG	0	1
group_12669	cloud	1	sin_COG	0	1
argA	cloud	1	E	1	1
group_12668	cloud	1	sin_COG	0	1
group_12667	cloud	1	sin_COG	0	1
group_12666	cloud	1	C	1	1
group_12665	cloud	1	sin_COG	0	1
group_12664	cloud	1	K	1	1
group_12663	cloud	1	sin_COG	0	1
group_12662	cloud	1	sin_COG	0	1
group_12661	cloud	1	sin_COG	0	1
group_12660	cloud	1	sin_COG	0	1
group_12659	cloud	1	sin_COG	0	1
group_12658	cloud	1	sin_COG	0	1
group_12657	cloud	1	sin_COG	0	1
group_12656	cloud	1	sin_COG	0	1
group_12655	cloud	1	sin_COG	0	1
group_12654	cloud	1	sin_COG	0	1
group_12653	cloud	1	sin_COG	0	1
group_12652	cloud	1	sin_COG	0	1
group_12650	cloud	1	sin_COG	0	1
group_12649	cloud	1	sin_COG	0	1
group_12648	cloud	1	sin_COG	0	1
group_12647	cloud	1	sin_COG	0	1
group_12646	cloud	1	sin_COG	0	1
group_12645	cloud	1	sin_COG	0	1
group_12644	cloud	1	sin_COG	0	1
group_12643	cloud	1	sin_COG	0	1
group_12642	cloud	1	sin_COG	0	1
group_12641	cloud	1	sin_COG	0	1
group_12640	cloud	1	sin_COG	0	1
group_12639	cloud	1	sin_COG	0	1
group_12638	cloud	1	sin_COG	0	1
group_12637	cloud	1	sin_COG	0	1
group_12636	cloud	1	sin_COG	0	1
group_12635	cloud	1	sin_COG	0	1
group_12634	cloud	1	sin_COG	0	1
group_12633	cloud	1	sin_COG	0	1
group_12632	cloud	1	sin_COG	0	1
group_12631	cloud	1	sin_COG	0	1
group_12630	cloud	1	sin_COG	0	1
group_12629	cloud	1	sin_COG	0	1
group_12627	cloud	1	sin_COG	0	1
group_12626	cloud	1	sin_COG	0	1
group_12624	cloud	1	sin_COG	0	1
group_12623	cloud	1	sin_COG	0	1
group_12621	cloud	1	sin_COG	0	1
group_12620	cloud	1	sin_COG	0	1
group_12619	cloud	1	sin_COG	0	1
group_12617	cloud	1	sin_COG	0	1
group_12614	cloud	1	sin_COG	0	1
group_12603	cloud	1	sin_COG	0	1
group_12600	cloud	1	sin_COG	0	1
group_12599	cloud	1	sin_COG	0	1
group_12598	cloud	1	sin_COG	0	1
group_12596	cloud	1	sin_COG	0	1
group_12595	cloud	1	sin_COG	0	1
group_12594	cloud	1	sin_COG	0	1
group_12593	cloud	1	sin_COG	0	1
group_12591	cloud	1	sin_COG	0	1
group_12590	cloud	1	sin_COG	0	1
group_12589	cloud	1	sin_COG	0	1
group_12588	cloud	1	sin_COG	0	1
group_12587	cloud	1	sin_COG	0	1
group_12586	cloud	1	X	1	1
group_12585	cloud	1	sin_COG	0	1
group_12584	cloud	1	sin_COG	0	1
group_12583	cloud	1	sin_COG	0	1
group_12581	cloud	1	sin_COG	0	1
group_12575	cloud	1	sin_COG	0	1
group_12574	cloud	1	sin_COG	0	1
group_12573	cloud	1	sin_COG	0	1
group_12571	cloud	1	sin_COG	0	1
group_12570	cloud	1	sin_COG	0	1
group_12569	cloud	1	sin_COG	0	1
group_12566	cloud	1	sin_COG	0	1
group_12565	cloud	1	sin_COG	0	1
group_12564	cloud	1	sin_COG	0	1
group_12563	cloud	1	sin_COG	0	1
group_12562	cloud	1	sin_COG	0	1
group_12561	cloud	1	sin_COG	0	1
group_12558	cloud	1	sin_COG	0	1
group_12557	cloud	1	sin_COG	0	1
group_12552	cloud	1	sin_COG	0	1
group_12543	cloud	1	sin_COG	0	1
group_12541	cloud	1	sin_COG	0	1
group_12539	cloud	1	sin_COG	0	1
group_12538	cloud	1	sin_COG	0	1
group_12535	cloud	1	sin_COG	0	1
group_12533	cloud	1	sin_COG	0	1
group_12529	cloud	1	sin_COG	0	1
group_12523	cloud	1	sin_COG	0	1
group_12517	cloud	1	sin_COG	0	1
group_12514	cloud	1	sin_COG	0	1
group_12513	cloud	1	sin_COG	0	1
terB	cloud	1	sin_COG	0	1
group_12512	cloud	1	sin_COG	0	1
group_12511	cloud	1	sin_COG	0	1
group_12509	cloud	1	sin_COG	0	1
group_12508	cloud	1	sin_COG	0	1
group_12505	cloud	1	sin_COG	0	1
group_12503	cloud	1	sin_COG	0	1
group_12500	cloud	1	sin_COG	0	1
group_12499	cloud	1	sin_COG	0	1
group_12496	cloud	1	sin_COG	0	1
group_12493	cloud	1	sin_COG	0	1
group_12490	cloud	1	sin_COG	0	1
group_12489	cloud	1	sin_COG	0	1
group_12487	cloud	1	sin_COG	0	1
group_12486	cloud	1	sin_COG	0	1
group_12482	cloud	1	sin_COG	0	1
group_12481	cloud	1	sin_COG	0	1
group_12476	cloud	1	sin_COG	0	1
group_12473	cloud	1	sin_COG	0	1
group_12472	cloud	1	sin_COG	0	1
group_12471	cloud	1	sin_COG	0	1
group_12470	cloud	1	sin_COG	0	1
group_12469	cloud	1	sin_COG	0	1
group_12465	cloud	1	sin_COG	0	1
group_12464	cloud	1	sin_COG	0	1
group_12460	cloud	1	sin_COG	0	1
group_12454	cloud	1	sin_COG	0	1
group_12452	cloud	1	sin_COG	0	1
group_12447	cloud	1	sin_COG	0	1
group_12444	cloud	1	sin_COG	0	1
group_12441	cloud	1	sin_COG	0	1
group_12436	cloud	1	sin_COG	0	1
group_12430	cloud	1	sin_COG	0	1
group_12428	cloud	1	sin_COG	0	1
group_12425	cloud	1	sin_COG	0	1
group_12424	cloud	1	sin_COG	0	1
group_12423	cloud	1	sin_COG	0	1
group_12420	cloud	1	sin_COG	0	1
group_12418	cloud	1	sin_COG	0	1
group_12414	cloud	1	sin_COG	0	1
group_12412	cloud	1	sin_COG	0	1
group_12406	cloud	1	sin_COG	0	1
group_12404	cloud	1	sin_COG	0	1
group_12403	cloud	1	sin_COG	0	1
group_12401	cloud	1	sin_COG	0	1
group_12396	cloud	1	sin_COG	0	1
group_12395	cloud	1	sin_COG	0	1
group_12394	cloud	1	sin_COG	0	1
group_12392	cloud	1	sin_COG	0	1
group_12391	cloud	1	sin_COG	0	1
group_12390	cloud	1	sin_COG	0	1
group_12386	cloud	1	sin_COG	0	1
group_12383	cloud	1	sin_COG	0	1
group_12382	cloud	1	sin_COG	0	1
group_12381	cloud	1	sin_COG	0	1
group_12377	cloud	1	sin_COG	0	1
group_12372	cloud	1	sin_COG	0	1
group_12371	cloud	1	sin_COG	0	1
group_12366	cloud	1	sin_COG	0	1
group_12365	cloud	1	sin_COG	0	1
group_12352	cloud	1	sin_COG	0	1
group_12350	cloud	1	sin_COG	0	1
group_12344	cloud	1	sin_COG	0	1
group_12339	cloud	1	sin_COG	0	1
group_12338	cloud	1	sin_COG	0	1
group_12337	cloud	1	sin_COG	0	1
group_12334	cloud	1	sin_COG	0	1
group_12333	cloud	1	sin_COG	0	1
group_12332	cloud	1	sin_COG	0	1
group_12331	cloud	1	sin_COG	0	1
group_12327	cloud	1	sin_COG	0	1
group_12326	cloud	1	sin_COG	0	1
group_12319	cloud	1	sin_COG	0	1
group_12316	cloud	1	sin_COG	0	1
group_12315	cloud	1	sin_COG	0	1
group_12314	cloud	1	sin_COG	0	1
group_12313	cloud	1	sin_COG	0	1
group_12311	cloud	1	sin_COG	0	1
group_12309	cloud	1	sin_COG	0	1
group_12306	cloud	1	sin_COG	0	1
group_12305	cloud	1	sin_COG	0	1
yjcO	cloud	1	sin_COG	0	1
group_12297	cloud	1	sin_COG	0	1
group_12294	cloud	1	sin_COG	0	1
group_12289	cloud	1	sin_COG	0	1
group_12288	cloud	1	sin_COG	0	1
group_12287	cloud	1	sin_COG	0	1
group_12285	cloud	1	sin_COG	0	1
group_12282	cloud	1	sin_COG	0	1
group_12278	cloud	1	sin_COG	0	1
group_12273	cloud	1	sin_COG	0	1
group_12272	cloud	1	sin_COG	0	1
group_12271	cloud	1	sin_COG	0	1
group_12269	cloud	1	sin_COG	0	1
group_12268	cloud	1	sin_COG	0	1
group_12267	cloud	1	sin_COG	0	1
group_12263	cloud	1	D	1	1
group_12259	cloud	1	sin_COG	0	1
group_12258	cloud	1	sin_COG	0	1
group_12254	cloud	1	sin_COG	0	1
group_12252	cloud	1	sin_COG	0	1
group_12251	cloud	1	sin_COG	0	1
group_12247	cloud	1	sin_COG	0	1
group_12235	cloud	1	sin_COG	0	1
group_12233	cloud	1	sin_COG	0	1
group_12230	cloud	1	sin_COG	0	1
group_12229	cloud	1	sin_COG	0	1
group_12226	cloud	1	sin_COG	0	1
group_12224	cloud	1	sin_COG	0	1
group_12223	cloud	1	sin_COG	0	1
secB	cloud	1	sin_COG	0	1
group_12218	cloud	1	sin_COG	0	1
group_12216	cloud	1	sin_COG	0	1
group_12211	cloud	1	sin_COG	0	1
group_12210	cloud	1	sin_COG	0	1
group_12209	cloud	1	sin_COG	0	1
group_12207	cloud	1	sin_COG	0	1
group_12204	cloud	1	sin_COG	0	1
group_12202	cloud	1	sin_COG	0	1
group_12188	cloud	1	sin_COG	0	1
group_12187	cloud	1	sin_COG	0	1
group_12186	cloud	1	sin_COG	0	1
group_12184	cloud	1	sin_COG	0	1
group_12181	cloud	1	sin_COG	0	1
group_12179	cloud	1	sin_COG	0	1
group_12176	cloud	1	sin_COG	0	1
group_12165	cloud	1	sin_COG	0	1
group_12164	cloud	1	sin_COG	0	1
group_12161	cloud	1	sin_COG	0	1
group_12154	cloud	1	sin_COG	0	1
group_12152	cloud	1	sin_COG	0	1
group_12149	cloud	1	sin_COG	0	1
group_12143	cloud	1	sin_COG	0	1
group_12142	cloud	1	sin_COG	0	1
group_12141	cloud	1	sin_COG	0	1
group_12138	cloud	1	sin_COG	0	1
group_12137	cloud	1	sin_COG	0	1
group_12135	exclusivo	0	sin_COG	0	1
group_12133	cloud	1	sin_COG	0	1
group_12131	cloud	1	sin_COG	0	1
group_12129	cloud	1	sin_COG	0	1
group_12127	cloud	1	sin_COG	0	1
group_12125	cloud	1	sin_COG	0	1
group_12123	cloud	1	sin_COG	0	1
group_12116	cloud	1	sin_COG	0	1
group_12113	cloud	1	sin_COG	0	1
group_12112	cloud	1	sin_COG	0	1
group_12111	cloud	1	sin_COG	0	1
group_12110	cloud	1	sin_COG	0	1
group_12104	cloud	1	sin_COG	0	1
group_12103	cloud	1	sin_COG	0	1
group_12101	cloud	1	sin_COG	0	1
group_12100	cloud	1	sin_COG	0	1
group_12099	cloud	1	sin_COG	0	1
group_12097	cloud	1	sin_COG	0	1
group_12095	cloud	1	sin_COG	0	1
group_12092	cloud	1	sin_COG	0	1
group_12089	cloud	1	sin_COG	0	1
group_12084	cloud	1	sin_COG	0	1
group_12082	cloud	1	sin_COG	0	1
group_12080	cloud	1	sin_COG	0	1
group_12079	cloud	1	sin_COG	0	1
group_12077	cloud	1	sin_COG	0	1
group_12076	cloud	1	sin_COG	0	1
group_12072	cloud	1	sin_COG	0	1
group_12071	cloud	1	sin_COG	0	1
group_12068	cloud	1	sin_COG	0	1
group_12064	cloud	1	sin_COG	0	1
group_12060	cloud	1	sin_COG	0	1
group_12054	cloud	1	sin_COG	0	1
group_12053	cloud	1	sin_COG	0	1
group_12052	cloud	1	sin_COG	0	1
group_12051	cloud	1	sin_COG	0	1
group_12048	cloud	1	sin_COG	0	1
group_12047	cloud	1	sin_COG	0	1
group_12044	cloud	1	sin_COG	0	1
yoeC	cloud	1	sin_COG	0	1
group_12041	cloud	1	sin_COG	0	1
group_12040	cloud	1	sin_COG	0	1
group_12034	cloud	1	sin_COG	0	1
group_12032	cloud	1	sin_COG	0	1
group_12027	cloud	1	sin_COG	0	1
group_12025	cloud	1	sin_COG	0	1
group_12023	cloud	1	sin_COG	0	1
group_12020	cloud	1	sin_COG	0	1
group_12019	cloud	1	sin_COG	0	1
group_12013	cloud	1	sin_COG	0	1
group_12010	cloud	1	sin_COG	0	1
group_12009	cloud	1	sin_COG	0	1
group_11998	cloud	1	sin_COG	0	1
group_11997	cloud	1	sin_COG	0	1
group_11996	cloud	1	sin_COG	0	1
group_11993	cloud	1	sin_COG	0	1
group_11991	cloud	1	sin_COG	0	1
group_11988	cloud	1	sin_COG	0	1
group_11984	cloud	1	sin_COG	0	1
group_11983	cloud	1	sin_COG	0	1
group_11978	cloud	1	sin_COG	0	1
group_11974	cloud	1	sin_COG	0	1
group_11973	cloud	1	sin_COG	0	1
group_11972	cloud	1	sin_COG	0	1
group_11971	cloud	1	sin_COG	0	1
group_11970	cloud	1	sin_COG	0	1
group_11969	cloud	1	sin_COG	0	1
group_11968	cloud	1	sin_COG	0	1
group_11965	cloud	1	sin_COG	0	1
group_11961	cloud	1	sin_COG	0	1
group_11959	cloud	1	sin_COG	0	1
group_11953	cloud	1	sin_COG	0	1
group_11952	cloud	1	sin_COG	0	1
group_11949	cloud	1	sin_COG	0	1
group_11947	cloud	1	sin_COG	0	1
group_11945	cloud	1	sin_COG	0	1
group_11943	cloud	1	sin_COG	0	1
group_11942	cloud	1	sin_COG	0	1
group_11941	cloud	1	sin_COG	0	1
group_11940	cloud	1	sin_COG	0	1
group_11936	cloud	1	sin_COG	0	1
group_11927	cloud	1	sin_COG	0	1
group_11924	cloud	1	sin_COG	0	1
group_11917	cloud	1	sin_COG	0	1
group_11914	cloud	1	sin_COG	0	1
group_11912	cloud	1	sin_COG	0	1
group_11910	cloud	1	sin_COG	0	1
group_11907	cloud	1	sin_COG	0	1
group_11906	cloud	1	sin_COG	0	1
group_11905	cloud	1	sin_COG	0	1
group_11903	cloud	1	sin_COG	0	1
group_11900	cloud	1	sin_COG	0	1
group_11898	cloud	1	sin_COG	0	1
group_11896	cloud	1	sin_COG	0	1
group_11894	cloud	1	sin_COG	0	1
group_11890	cloud	1	sin_COG	0	1
group_11889	cloud	1	sin_COG	0	1
group_11888	cloud	1	sin_COG	0	1
group_11884	cloud	1	sin_COG	0	1
group_11883	cloud	1	sin_COG	0	1
group_11873	cloud	1	sin_COG	0	1
group_11871	cloud	1	sin_COG	0	1
group_11870	cloud	1	sin_COG	0	1
group_11868	cloud	1	sin_COG	0	1
group_11867	cloud	1	sin_COG	0	1
group_11865	cloud	1	sin_COG	0	1
group_11863	cloud	1	sin_COG	0	1
group_11861	cloud	1	sin_COG	0	1
group_11859	cloud	1	sin_COG	0	1
group_11855	cloud	1	sin_COG	0	1
group_11854	cloud	1	sin_COG	0	1
group_11853	cloud	1	sin_COG	0	1
group_11852	cloud	1	sin_COG	0	1
group_11851	cloud	1	sin_COG	0	1
group_11850	cloud	1	sin_COG	0	1
group_11849	cloud	1	sin_COG	0	1
group_11842	cloud	1	sin_COG	0	1
group_11841	cloud	1	sin_COG	0	1
group_11840	cloud	1	sin_COG	0	1
group_11839	cloud	1	sin_COG	0	1
group_11837	cloud	1	sin_COG	0	1
group_11833	cloud	1	sin_COG	0	1
group_11832	cloud	1	sin_COG	0	1
group_11830	cloud	1	sin_COG	0	1
group_11827	cloud	1	sin_COG	0	1
group_11821	cloud	1	sin_COG	0	1
group_11819	cloud	1	sin_COG	0	1
group_11818	cloud	1	sin_COG	0	1
group_11817	cloud	1	sin_COG	0	1
group_11816	cloud	1	sin_COG	0	1
group_11815	cloud	1	sin_COG	0	1
group_11814	cloud	1	sin_COG	0	1
group_11812	cloud	1	sin_COG	0	1
group_11809	cloud	1	sin_COG	0	1
group_11808	cloud	1	sin_COG	0	1
group_11807	cloud	1	sin_COG	0	1
group_11805	cloud	1	sin_COG	0	1
group_11802	cloud	1	sin_COG	0	1
group_11801	cloud	1	sin_COG	0	1
group_11798	cloud	1	sin_COG	0	1
group_11794	cloud	1	sin_COG	0	1
group_11793	cloud	1	sin_COG	0	1
group_11792	cloud	1	sin_COG	0	1
group_11791	cloud	1	sin_COG	0	1
group_11789	cloud	1	sin_COG	0	1
group_11787	cloud	1	sin_COG	0	1
group_11786	cloud	1	sin_COG	0	1
group_11781	cloud	1	sin_COG	0	1
group_11776	cloud	1	sin_COG	0	1
group_11764	cloud	1	sin_COG	0	1
group_11763	cloud	1	sin_COG	0	1
group_11762	cloud	1	sin_COG	0	1
group_11761	cloud	1	sin_COG	0	1
group_11760	cloud	1	sin_COG	0	1
group_11755	cloud	1	sin_COG	0	1
group_11752	cloud	1	sin_COG	0	1
group_11750	cloud	1	sin_COG	0	1
group_11736	cloud	1	sin_COG	0	1
group_11734	cloud	1	sin_COG	0	1
group_11732	cloud	1	sin_COG	0	1
group_11728	cloud	1	sin_COG	0	1
group_11726	cloud	1	sin_COG	0	1
group_11725	cloud	1	sin_COG	0	1
group_11721	cloud	1	sin_COG	0	1
group_11720	cloud	1	sin_COG	0	1
group_11719	cloud	1	sin_COG	0	1
group_11717	cloud	1	sin_COG	0	1
group_11714	cloud	1	sin_COG	0	1
group_11703	cloud	1	sin_COG	0	1
group_11702	cloud	1	sin_COG	0	1
group_11701	cloud	1	sin_COG	0	1
group_11700	cloud	1	sin_COG	0	1
group_11698	cloud	1	sin_COG	0	1
group_11697	cloud	1	sin_COG	0	1
group_11692	cloud	1	sin_COG	0	1
group_11681	cloud	1	sin_COG	0	1
group_11679	cloud	1	sin_COG	0	1
group_11672	cloud	1	sin_COG	0	1
group_11668	cloud	1	sin_COG	0	1
group_11666	cloud	1	sin_COG	0	1
group_11657	cloud	1	sin_COG	0	1
group_11646	cloud	1	sin_COG	0	1
group_11641	cloud	1	sin_COG	0	1
group_11637	cloud	1	sin_COG	0	1
group_11635	cloud	1	sin_COG	0	1
group_11634	cloud	1	sin_COG	0	1
group_11631	cloud	1	sin_COG	0	1
group_11629	cloud	1	sin_COG	0	1
group_11627	cloud	1	sin_COG	0	1
nbaC	cloud	1	sin_COG	0	1
group_11626	cloud	1	sin_COG	0	1
group_11621	cloud	1	sin_COG	0	1
group_11620	cloud	1	sin_COG	0	1
group_11619	cloud	1	sin_COG	0	1
group_11613	cloud	1	sin_COG	0	1
group_11612	cloud	1	sin_COG	0	1
ymfQ	cloud	1	sin_COG	0	1
group_11611	cloud	1	sin_COG	0	1
group_11609	cloud	1	sin_COG	0	1
group_11607	cloud	1	sin_COG	0	1
group_11602	cloud	1	sin_COG	0	1
group_11599	cloud	1	sin_COG	0	1
group_11598	cloud	1	sin_COG	0	1
group_11596	cloud	1	sin_COG	0	1
group_11594	cloud	1	sin_COG	0	1
group_11590	cloud	1	sin_COG	0	1
group_11587	cloud	1	sin_COG	0	1
group_11585	cloud	1	sin_COG	0	1
group_11581	cloud	1	sin_COG	0	1
group_11579	cloud	1	sin_COG	0	1
group_11576	cloud	1	sin_COG	0	1
group_11575	cloud	1	sin_COG	0	1
group_11574	cloud	1	sin_COG	0	1
group_11572	cloud	1	sin_COG	0	1
group_11571	cloud	1	sin_COG	0	1
group_11570	cloud	1	sin_COG	0	1
group_11569	cloud	1	sin_COG	0	1
group_11568	cloud	1	sin_COG	0	1
group_11563	cloud	1	sin_COG	0	1
group_11562	exclusivo	0	sin_COG	0	1
group_11558	cloud	1	sin_COG	0	1
group_11557	cloud	1	sin_COG	0	1
group_11556	cloud	1	sin_COG	0	1
group_11554	cloud	1	sin_COG	0	1
group_11553	cloud	1	sin_COG	0	1
group_11552	cloud	1	sin_COG	0	1
group_11549	cloud	1	sin_COG	0	1
group_11547	cloud	1	sin_COG	0	1
group_11545	cloud	1	sin_COG	0	1
group_11543	cloud	1	sin_COG	0	1
group_11541	cloud	1	sin_COG	0	1
group_11539	cloud	1	sin_COG	0	1
group_11538	cloud	1	sin_COG	0	1
group_11537	cloud	1	sin_COG	0	1
group_11532	cloud	1	sin_COG	0	1
cudC	cloud	1	K	1	1
group_11523	cloud	1	sin_COG	0	1
group_11522	cloud	1	sin_COG	0	1
tlpA	cloud	1	sin_COG	0	1
group_11521	cloud	1	sin_COG	0	1
group_11519	cloud	1	sin_COG	0	1
group_11518	cloud	1	sin_COG	0	1
group_11517	cloud	1	sin_COG	0	1
group_11515	cloud	1	sin_COG	0	1
group_11512	cloud	1	sin_COG	0	1
group_11509	cloud	1	sin_COG	0	1
group_11503	cloud	1	sin_COG	0	1
group_11500	cloud	1	sin_COG	0	1
group_11499	cloud	1	sin_COG	0	1
group_11497	cloud	1	sin_COG	0	1
group_11495	cloud	1	sin_COG	0	1
group_11493	cloud	1	sin_COG	0	1
group_11492	cloud	1	sin_COG	0	1
group_11486	cloud	1	sin_COG	0	1
group_11485	cloud	1	sin_COG	0	1
group_11482	cloud	1	sin_COG	0	1
group_11480	cloud	1	sin_COG	0	1
group_11478	cloud	1	sin_COG	0	1
group_11477	cloud	1	sin_COG	0	1
group_11472	cloud	1	sin_COG	0	1
group_11469	cloud	1	sin_COG	0	1
group_11467	cloud	1	sin_COG	0	1
group_11464	cloud	1	sin_COG	0	1
group_11462	cloud	1	sin_COG	0	1
group_11461	cloud	1	sin_COG	0	1
group_11460	cloud	1	sin_COG	0	1
group_11459	cloud	1	sin_COG	0	1
group_11457	cloud	1	sin_COG	0	1
group_11454	cloud	1	sin_COG	0	1
group_11451	cloud	1	sin_COG	0	1
group_11450	cloud	1	sin_COG	0	1
group_11448	cloud	1	sin_COG	0	1
group_11447	cloud	1	sin_COG	0	1
group_11443	cloud	1	sin_COG	0	1
group_11441	cloud	1	sin_COG	0	1
group_11436	cloud	1	sin_COG	0	1
group_11435	cloud	1	sin_COG	0	1
group_11434	cloud	1	sin_COG	0	1
group_11431	cloud	1	sin_COG	0	1
group_11428	cloud	1	sin_COG	0	1
group_11425	cloud	1	sin_COG	0	1
group_11417	cloud	1	sin_COG	0	1
group_11415	cloud	1	sin_COG	0	1
group_11412	cloud	1	sin_COG	0	1
group_11411	cloud	1	sin_COG	0	1
group_11410	cloud	1	sin_COG	0	1
group_11407	cloud	1	sin_COG	0	1
group_11405	cloud	1	sin_COG	0	1
group_11404	cloud	1	sin_COG	0	1
group_11402	cloud	1	sin_COG	0	1
group_11399	cloud	1	sin_COG	0	1
group_11398	cloud	1	sin_COG	0	1
group_11397	cloud	1	sin_COG	0	1
group_11395	cloud	1	sin_COG	0	1
group_11394	cloud	1	sin_COG	0	1
group_11393	cloud	1	sin_COG	0	1
group_11391	cloud	1	sin_COG	0	1
group_11388	cloud	1	sin_COG	0	1
group_11386	cloud	1	sin_COG	0	1
group_11383	cloud	1	sin_COG	0	1
group_11381	exclusivo	0	sin_COG	0	1
group_11379	cloud	1	sin_COG	0	1
group_11378	cloud	1	sin_COG	0	1
group_11377	cloud	1	sin_COG	0	1
group_11374	cloud	1	sin_COG	0	1
group_11372	cloud	1	sin_COG	0	1
group_11369	cloud	1	sin_COG	0	1
group_11366	cloud	1	sin_COG	0	1
group_11357	cloud	1	sin_COG	0	1
group_11355	cloud	1	sin_COG	0	1
group_11353	cloud	1	sin_COG	0	1
group_11346	cloud	1	sin_COG	0	1
group_11342	cloud	1	sin_COG	0	1
group_11340	cloud	1	sin_COG	0	1
group_11339	cloud	1	sin_COG	0	1
group_11338	cloud	1	sin_COG	0	1
group_11334	cloud	1	sin_COG	0	1
group_11333	cloud	1	sin_COG	0	1
group_11324	cloud	1	sin_COG	0	1
group_11323	cloud	1	sin_COG	0	1
group_11321	cloud	1	sin_COG	0	1
group_11320	cloud	1	sin_COG	0	1
group_11318	cloud	1	sin_COG	0	1
group_11317	cloud	1	sin_COG	0	1
group_11316	cloud	1	sin_COG	0	1
group_11314	cloud	1	sin_COG	0	1
group_11313	cloud	1	sin_COG	0	1
group_11310	cloud	1	sin_COG	0	1
group_11309	cloud	1	sin_COG	0	1
group_11308	cloud	1	sin_COG	0	1
group_11307	cloud	1	sin_COG	0	1
group_11305	cloud	1	sin_COG	0	1
group_11297	cloud	1	E	1	1
group_11296	cloud	1	sin_COG	0	1
rhtB	cloud	1	E	1	1
group_11294	cloud	1	sin_COG	0	1
group_11293	cloud	1	sin_COG	0	1
group_11291	cloud	1	sin_COG	0	1
group_11289	cloud	1	sin_COG	0	1
group_11287	cloud	1	sin_COG	0	1
group_11284	cloud	1	sin_COG	0	1
group_11281	cloud	1	sin_COG	0	1
group_11276	cloud	1	sin_COG	0	1
group_11275	cloud	1	sin_COG	0	1
group_11273	cloud	1	sin_COG	0	1
group_11272	cloud	1	sin_COG	0	1
group_11267	cloud	1	sin_COG	0	1
group_11266	cloud	1	sin_COG	0	1
group_11264	cloud	1	sin_COG	0	1
group_11259	cloud	1	sin_COG	0	1
group_11258	cloud	1	sin_COG	0	1
group_11255	cloud	1	sin_COG	0	1
group_11254	cloud	1	sin_COG	0	1
group_11252	cloud	1	sin_COG	0	1
group_11246	cloud	1	sin_COG	0	1
group_11244	cloud	1	sin_COG	0	1
group_11243	cloud	1	sin_COG	0	1
group_11241	cloud	1	sin_COG	0	1
group_11238	cloud	1	sin_COG	0	1
group_11236	cloud	1	sin_COG	0	1
group_11234	cloud	1	sin_COG	0	1
group_11233	cloud	1	sin_COG	0	1
group_11230	cloud	1	sin_COG	0	1
group_11229	cloud	1	sin_COG	0	1
group_11228	cloud	1	sin_COG	0	1
group_11226	cloud	1	sin_COG	0	1
group_11221	cloud	1	sin_COG	0	1
group_11220	cloud	1	sin_COG	0	1
group_11211	cloud	1	sin_COG	0	1
group_11210	cloud	1	sin_COG	0	1
group_11204	cloud	1	sin_COG	0	1
group_11201	cloud	1	sin_COG	0	1
group_11198	cloud	1	sin_COG	0	1
group_11193	cloud	1	sin_COG	0	1
group_11190	cloud	1	sin_COG	0	1
group_11189	cloud	1	sin_COG	0	1
group_11188	cloud	1	sin_COG	0	1
group_11187	cloud	1	sin_COG	0	1
group_11183	cloud	1	sin_COG	0	1
group_11180	cloud	1	sin_COG	0	1
group_11175	cloud	1	sin_COG	0	1
group_11173	cloud	1	sin_COG	0	1
group_11171	cloud	1	sin_COG	0	1
group_11168	cloud	1	sin_COG	0	1
group_11161	cloud	1	sin_COG	0	1
group_11160	cloud	1	sin_COG	0	1
group_11157	cloud	1	sin_COG	0	1
group_11155	cloud	1	sin_COG	0	1
group_11154	cloud	1	sin_COG	0	1
group_11153	cloud	1	sin_COG	0	1
group_11151	cloud	1	sin_COG	0	1
group_11147	cloud	1	sin_COG	0	1
group_11146	cloud	1	sin_COG	0	1
group_11143	cloud	1	sin_COG	0	1
group_11139	cloud	1	sin_COG	0	1
group_11135	cloud	1	sin_COG	0	1
group_11134	cloud	1	sin_COG	0	1
group_11126	cloud	1	sin_COG	0	1
group_11125	cloud	1	sin_COG	0	1
group_11123	cloud	1	sin_COG	0	1
group_11122	cloud	1	sin_COG	0	1
group_11121	cloud	1	sin_COG	0	1
group_11120	cloud	1	sin_COG	0	1
yfiR	cloud	1	sin_COG	0	1
ruvC	cloud	1	sin_COG	0	1
group_11114	cloud	1	sin_COG	0	1
group_11109	cloud	1	sin_COG	0	1
group_11108	cloud	1	sin_COG	0	1
group_11105	cloud	1	sin_COG	0	1
ydaS	cloud	1	sin_COG	0	1
group_11102	cloud	1	sin_COG	0	1
group_11101	cloud	1	sin_COG	0	1
group_11099	cloud	1	sin_COG	0	1
group_11097	cloud	1	sin_COG	0	1
group_11095	cloud	1	sin_COG	0	1
group_11090	cloud	1	sin_COG	0	1
group_11086	cloud	1	sin_COG	0	1
group_11082	cloud	1	sin_COG	0	1
group_11081	cloud	1	sin_COG	0	1
group_11073	cloud	1	sin_COG	0	1
group_11072	cloud	1	sin_COG	0	1
group_11070	cloud	1	sin_COG	0	1
feoA	cloud	1	sin_COG	0	1
group_11069	cloud	1	sin_COG	0	1
group_11068	cloud	1	sin_COG	0	1
group_11066	cloud	1	sin_COG	0	1
epsL	cloud	1	sin_COG	0	1
group_11062	cloud	1	sin_COG	0	1
group_11060	cloud	1	sin_COG	0	1
group_11055	cloud	1	sin_COG	0	1
group_11053	cloud	1	sin_COG	0	1
group_11051	cloud	1	sin_COG	0	1
group_11050	cloud	1	sin_COG	0	1
group_11045	cloud	1	sin_COG	0	1
group_11044	cloud	1	sin_COG	0	1
group_11042	cloud	1	sin_COG	0	1
group_11040	cloud	1	sin_COG	0	1
group_11036	exclusivo	0	sin_COG	0	1
group_11035	cloud	1	sin_COG	0	1
group_11032	cloud	1	sin_COG	0	1
group_11031	cloud	1	sin_COG	0	1
group_11029	cloud	1	sin_COG	0	1
group_11027	cloud	1	sin_COG	0	1
group_11026	cloud	1	sin_COG	0	1
group_11021	cloud	1	K	1	1
group_11014	cloud	1	sin_COG	0	1
group_11013	cloud	1	sin_COG	0	1
group_11007	cloud	1	sin_COG	0	1
group_10999	cloud	1	sin_COG	0	1
group_10998	cloud	1	sin_COG	0	1
group_10997	cloud	1	sin_COG	0	1
ttdB	cloud	1	C	1	1
group_10995	cloud	1	sin_COG	0	1
group_10991	cloud	1	sin_COG	0	1
group_10988	cloud	1	sin_COG	0	1
group_10986	cloud	1	sin_COG	0	1
group_10985	cloud	1	sin_COG	0	1
group_10984	cloud	1	sin_COG	0	1
group_10982	cloud	1	sin_COG	0	1
group_10980	cloud	1	sin_COG	0	1
group_10976	cloud	1	sin_COG	0	1
group_10975	cloud	1	sin_COG	0	1
group_10972	cloud	1	sin_COG	0	1
group_10970	cloud	1	sin_COG	0	1
group_10969	cloud	1	sin_COG	0	1
group_10968	cloud	1	sin_COG	0	1
group_10967	cloud	1	sin_COG	0	1
group_10964	cloud	1	sin_COG	0	1
group_10958	cloud	1	sin_COG	0	1
group_10957	cloud	1	sin_COG	0	1
group_10956	cloud	1	sin_COG	0	1
group_10954	cloud	1	sin_COG	0	1
group_10953	cloud	1	sin_COG	0	1
group_10950	cloud	1	sin_COG	0	1
group_10941	cloud	1	sin_COG	0	1
group_10933	cloud	1	sin_COG	0	1
group_10931	cloud	1	sin_COG	0	1
group_10929	cloud	1	sin_COG	0	1
group_10928	cloud	1	sin_COG	0	1
group_10927	cloud	1	sin_COG	0	1
group_10926	cloud	1	sin_COG	0	1
group_10924	cloud	1	sin_COG	0	1
group_10921	cloud	1	sin_COG	0	1
group_10911	cloud	1	sin_COG	0	1
group_10903	cloud	1	sin_COG	0	1
group_10898	cloud	1	sin_COG	0	1
group_10897	cloud	1	sin_COG	0	1
group_10896	cloud	1	sin_COG	0	1
ydfR	cloud	1	sin_COG	0	1
group_10893	cloud	1	sin_COG	0	1
group_10888	cloud	1	sin_COG	0	1
group_10882	cloud	1	sin_COG	0	1
group_10876	cloud	1	sin_COG	0	1
lamG	cloud	1	sin_COG	0	1
group_10865	cloud	1	sin_COG	0	1
group_10861	cloud	1	sin_COG	0	1
group_10860	cloud	1	sin_COG	0	1
group_10859	cloud	1	sin_COG	0	1
group_10853	cloud	1	sin_COG	0	1
group_10852	cloud	1	sin_COG	0	1
group_10851	cloud	1	sin_COG	0	1
group_10850	cloud	1	sin_COG	0	1
group_10848	cloud	1	sin_COG	0	1
group_10846	cloud	1	sin_COG	0	1
group_10840	cloud	1	sin_COG	0	1
group_10833	cloud	1	sin_COG	0	1
group_10823	cloud	1	sin_COG	0	1
group_10821	cloud	1	sin_COG	0	1
group_10820	cloud	1	sin_COG	0	1
group_10819	cloud	1	sin_COG	0	1
group_10815	cloud	1	sin_COG	0	1
yiiM	cloud	1	F	1	1
group_10810	cloud	1	sin_COG	0	1
group_10801	cloud	1	sin_COG	0	1
group_10799	cloud	1	sin_COG	0	1
group_10798	cloud	1	sin_COG	0	1
group_10797	cloud	1	sin_COG	0	1
group_10794	cloud	1	sin_COG	0	1
group_10793	cloud	1	sin_COG	0	1
group_10790	cloud	1	sin_COG	0	1
group_10789	cloud	1	sin_COG	0	1
group_10788	cloud	1	sin_COG	0	1
group_10787	cloud	1	sin_COG	0	1
group_10786	cloud	1	sin_COG	0	1
group_10785	cloud	1	sin_COG	0	1
group_10784	cloud	1	sin_COG	0	1
group_10783	cloud	1	sin_COG	0	1
group_10782	cloud	1	R	1	1
group_10781	cloud	1	sin_COG	0	1
group_10780	cloud	1	sin_COG	0	1
group_10778	cloud	1	sin_COG	0	1
group_10777	cloud	1	sin_COG	0	1
group_10776	cloud	1	sin_COG	0	1
group_10775	cloud	1	sin_COG	0	1
group_10772	cloud	1	sin_COG	0	1
group_10767	cloud	1	sin_COG	0	1
group_10766	cloud	1	sin_COG	0	1
group_10764	cloud	1	sin_COG	0	1
group_10763	cloud	1	sin_COG	0	1
group_10761	cloud	1	sin_COG	0	1
group_10760	cloud	1	sin_COG	0	1
group_10759	cloud	1	sin_COG	0	1
group_10756	cloud	1	sin_COG	0	1
group_10754	cloud	1	sin_COG	0	1
group_10752	cloud	1	sin_COG	0	1
group_10751	cloud	1	sin_COG	0	1
group_10750	cloud	1	sin_COG	0	1
group_10749	cloud	1	sin_COG	0	1
group_10748	cloud	1	sin_COG	0	1
group_10747	cloud	1	sin_COG	0	1
group_10746	cloud	1	sin_COG	0	1
group_10745	cloud	1	sin_COG	0	1
group_10744	cloud	1	sin_COG	0	1
group_10743	cloud	1	sin_COG	0	1
group_10742	cloud	1	sin_COG	0	1
group_10741	cloud	1	sin_COG	0	1
group_10739	cloud	1	sin_COG	0	1
group_10738	cloud	1	sin_COG	0	1
group_10736	cloud	1	sin_COG	0	1
group_10735	cloud	1	sin_COG	0	1
group_10732	cloud	1	sin_COG	0	1
group_10731	cloud	1	sin_COG	0	1
group_10730	cloud	1	sin_COG	0	1
group_10729	cloud	1	sin_COG	0	1
group_10728	cloud	1	sin_COG	0	1
group_10727	cloud	1	sin_COG	0	1
group_10726	cloud	1	sin_COG	0	1
group_10725	cloud	1	sin_COG	0	1
group_10723	cloud	1	sin_COG	0	1
pcp	cloud	1	O	1	1
group_10722	cloud	1	sin_COG	0	1
group_10721	cloud	1	sin_COG	0	1
group_10720	cloud	1	sin_COG	0	1
group_10719	cloud	1	sin_COG	0	1
group_10718	cloud	1	sin_COG	0	1
group_10717	cloud	1	sin_COG	0	1
group_10714	cloud	1	sin_COG	0	1
group_10713	cloud	1	sin_COG	0	1
group_10712	cloud	1	sin_COG	0	1
group_10711	cloud	1	sin_COG	0	1
group_10710	cloud	1	sin_COG	0	1
group_10709	cloud	1	sin_COG	0	1
group_10705	cloud	1	sin_COG	0	1
group_10704	cloud	1	sin_COG	0	1
group_10703	cloud	1	sin_COG	0	1
group_10701	cloud	1	sin_COG	0	1
group_10700	cloud	1	sin_COG	0	1
group_10698	cloud	1	sin_COG	0	1
group_10697	cloud	1	sin_COG	0	1
group_10696	cloud	1	sin_COG	0	1
group_10694	cloud	1	sin_COG	0	1
group_10693	cloud	1	sin_COG	0	1
group_10692	cloud	1	sin_COG	0	1
group_10691	cloud	1	sin_COG	0	1
group_10690	cloud	1	sin_COG	0	1
group_10688	cloud	1	sin_COG	0	1
group_10686	cloud	1	E	1	1
group_10685	exclusivo	0	sin_COG	0	1
group_10684	cloud	1	sin_COG	0	1
group_10683	cloud	1	sin_COG	0	1
group_10682	cloud	1	sin_COG	0	1
group_10681	cloud	1	sin_COG	0	1
group_10680	cloud	1	sin_COG	0	1
group_10679	cloud	1	sin_COG	0	1
group_10678	cloud	1	sin_COG	0	1
group_10677	cloud	1	sin_COG	0	1
group_10676	cloud	1	sin_COG	0	1
group_10675	cloud	1	sin_COG	0	1
group_10673	cloud	1	sin_COG	0	1
group_10672	cloud	1	sin_COG	0	1
group_10670	cloud	1	sin_COG	0	1
group_10669	cloud	1	sin_COG	0	1
group_10668	cloud	1	sin_COG	0	1
group_10666	cloud	1	sin_COG	0	1
group_10665	cloud	1	sin_COG	0	1
group_10663	cloud	1	sin_COG	0	1
group_10662	cloud	1	sin_COG	0	1
group_10661	cloud	1	sin_COG	0	1
group_10660	cloud	1	sin_COG	0	1
group_10659	cloud	1	sin_COG	0	1
group_10658	cloud	1	sin_COG	0	1
group_10657	cloud	1	sin_COG	0	1
group_10655	cloud	1	sin_COG	0	1
group_10654	cloud	1	sin_COG	0	1
group_10653	cloud	1	D	1	1
group_10652	cloud	1	sin_COG	0	1
group_10651	cloud	1	sin_COG	0	1
group_10650	cloud	1	sin_COG	0	1
group_10649	cloud	1	sin_COG	0	1
group_10648	cloud	1	X	1	1
group_10647	cloud	1	sin_COG	0	1
group_10646	cloud	1	sin_COG	0	1
group_10645	cloud	1	sin_COG	0	1
group_10644	cloud	1	sin_COG	0	1
group_10643	cloud	1	sin_COG	0	1
group_10642	cloud	1	sin_COG	0	1
group_10641	cloud	1	sin_COG	0	1
tmk	cloud	1	F	1	1
group_10640	cloud	1	sin_COG	0	1
group_10638	cloud	1	L	1	1
group_10637	cloud	1	sin_COG	0	1
group_10636	cloud	1	sin_COG	0	1
group_10635	cloud	1	X	1	1
group_10634	cloud	1	sin_COG	0	1
group_10633	cloud	1	sin_COG	0	1
group_10632	cloud	1	sin_COG	0	1
group_10631	cloud	1	sin_COG	0	1
group_10630	cloud	1	sin_COG	0	1
group_10629	cloud	1	sin_COG	0	1
group_10628	cloud	1	sin_COG	0	1
group_10627	cloud	1	sin_COG	0	1
group_10625	cloud	1	sin_COG	0	1
group_10624	cloud	1	sin_COG	0	1
group_10623	cloud	1	sin_COG	0	1
istA	cloud	1	sin_COG	0	1
istB	cloud	1	L	1	1
group_10621	cloud	1	sin_COG	0	1
group_10619	exclusivo	0	sin_COG	0	1
group_10618	cloud	1	sin_COG	0	1
group_10617	cloud	1	sin_COG	0	1
group_10616	cloud	1	X	1	1
group_10615	cloud	1	sin_COG	0	1
group_10614	cloud	1	sin_COG	0	1
group_10613	cloud	1	sin_COG	0	1
group_10612	cloud	1	sin_COG	0	1
group_10611	cloud	1	sin_COG	0	1
group_10610	cloud	1	sin_COG	0	1
group_10609	cloud	1	sin_COG	0	1
group_10608	cloud	1	sin_COG	0	1
group_10607	cloud	1	sin_COG	0	1
group_10606	cloud	1	sin_COG	0	1
group_10605	cloud	1	sin_COG	0	1
group_10604	cloud	1	sin_COG	0	1
group_10603	cloud	1	sin_COG	0	1
group_10602	cloud	1	sin_COG	0	1
group_10601	cloud	1	sin_COG	0	1
group_10600	cloud	1	sin_COG	0	1
group_10599	cloud	1	sin_COG	0	1
group_10598	cloud	1	sin_COG	0	1
group_10597	cloud	1	sin_COG	0	1
group_10594	cloud	1	sin_COG	0	1
group_10593	cloud	1	sin_COG	0	1
group_10592	cloud	1	sin_COG	0	1
group_10591	cloud	1	sin_COG	0	1
group_10590	cloud	1	sin_COG	0	1
group_10587	cloud	1	sin_COG	0	1
group_10586	cloud	1	sin_COG	0	1
group_10585	cloud	1	sin_COG	0	1
group_10584	cloud	1	sin_COG	0	1
group_10583	cloud	1	sin_COG	0	1
group_10581	cloud	1	sin_COG	0	1
group_10580	cloud	1	sin_COG	0	1
group_10579	cloud	1	sin_COG	0	1
group_10578	cloud	1	sin_COG	0	1
group_10577	cloud	1	sin_COG	0	1
group_10576	cloud	1	sin_COG	0	1
group_10575	cloud	1	sin_COG	0	1
group_10573	cloud	1	sin_COG	0	1
group_10570	cloud	1	sin_COG	0	1
group_10569	cloud	1	K	1	1
group_10568	cloud	1	sin_COG	0	1
group_10567	cloud	1	sin_COG	0	1
group_10566	cloud	1	sin_COG	0	1
group_10565	cloud	1	sin_COG	0	1
group_10563	cloud	1	sin_COG	0	1
group_10560	cloud	1	sin_COG	0	1
group_10556	cloud	1	sin_COG	0	1
group_10555	cloud	1	sin_COG	0	1
group_10554	cloud	1	sin_COG	0	1
group_10553	cloud	1	sin_COG	0	1
group_10552	cloud	1	sin_COG	0	1
group_10551	cloud	1	sin_COG	0	1
group_10550	cloud	1	sin_COG	0	1
group_10549	cloud	1	sin_COG	0	1
group_10548	cloud	1	sin_COG	0	1
group_10546	cloud	1	sin_COG	0	1
group_10545	cloud	1	S	1	1
group_10542	cloud	1	sin_COG	0	1
group_10541	cloud	1	sin_COG	0	1
group_10540	cloud	1	sin_COG	0	1
group_10539	cloud	1	sin_COG	0	1
group_10536	cloud	1	sin_COG	0	1
group_10534	cloud	1	sin_COG	0	1
group_10533	cloud	1	sin_COG	0	1
group_10532	cloud	1	sin_COG	0	1
group_10529	cloud	1	sin_COG	0	1
group_10528	cloud	1	sin_COG	0	1
group_10526	cloud	1	sin_COG	0	1
group_10525	cloud	1	sin_COG	0	1
group_10524	cloud	1	D	1	1
group_10523	cloud	1	sin_COG	0	1
group_10521	cloud	1	sin_COG	0	1
group_10520	cloud	1	sin_COG	0	1
group_10518	cloud	1	sin_COG	0	1
group_10516	cloud	1	D	1	1
group_10515	cloud	1	sin_COG	0	1
group_10514	cloud	1	sin_COG	0	1
group_10513	cloud	1	sin_COG	0	1
group_10512	cloud	1	sin_COG	0	1
group_10511	cloud	1	sin_COG	0	1
group_10510	cloud	1	sin_COG	0	1
group_10509	cloud	1	sin_COG	0	1
group_10508	cloud	1	sin_COG	0	1
group_10507	cloud	1	sin_COG	0	1
group_10506	cloud	1	sin_COG	0	1
group_10505	cloud	1	sin_COG	0	1
group_10504	cloud	1	sin_COG	0	1
group_10503	cloud	1	sin_COG	0	1
group_10502	cloud	1	sin_COG	0	1
group_10501	cloud	1	sin_COG	0	1
group_10500	cloud	1	M	1	1
group_10499	cloud	1	sin_COG	0	1
group_10498	cloud	1	sin_COG	0	1
group_10497	cloud	1	sin_COG	0	1
group_10496	cloud	1	sin_COG	0	1
group_10494	cloud	1	sin_COG	0	1
group_10493	cloud	1	sin_COG	0	1
group_10491	cloud	1	S	1	1
mtnB	cloud	1	sin_COG	0	1
group_10490	cloud	1	sin_COG	0	1
group_10489	cloud	1	sin_COG	0	1
yubB	cloud	1	sin_COG	0	1
group_10488	cloud	1	sin_COG	0	1
group_10487	cloud	1	K	1	1
group_10486	cloud	1	sin_COG	0	1
group_10485	cloud	1	sin_COG	0	1
group_10484	cloud	1	sin_COG	0	1
group_10483	cloud	1	sin_COG	0	1
group_10482	cloud	1	sin_COG	0	1
group_10480	cloud	1	sin_COG	0	1
group_10479	cloud	1	sin_COG	0	1
group_10478	cloud	1	sin_COG	0	1
group_10477	cloud	1	sin_COG	0	1
group_10476	cloud	1	sin_COG	0	1
group_10474	cloud	1	sin_COG	0	1
group_10472	cloud	1	sin_COG	0	1
group_10471	cloud	1	sin_COG	0	1
group_10470	cloud	1	sin_COG	0	1
group_10468	cloud	1	sin_COG	0	1
group_10466	cloud	1	sin_COG	0	1
group_10465	cloud	1	sin_COG	0	1
esiB	cloud	1	sin_COG	0	1
group_10464	cloud	1	sin_COG	0	1
group_10463	cloud	1	sin_COG	0	1
group_10462	cloud	1	sin_COG	0	1
group_10460	cloud	1	sin_COG	0	1
group_10459	cloud	1	sin_COG	0	1
group_10458	cloud	1	sin_COG	0	1
group_10457	cloud	1	sin_COG	0	1
group_10456	cloud	1	sin_COG	0	1
yveK	cloud	1	sin_COG	0	1
group_10455	exclusivo	0	sin_COG	0	1
group_10454	cloud	1	sin_COG	0	1
group_10453	cloud	1	sin_COG	0	1
group_10452	cloud	1	sin_COG	0	1
group_10451	cloud	1	sin_COG	0	1
group_10450	cloud	1	sin_COG	0	1
group_10449	cloud	1	Q	1	1
group_10448	cloud	1	sin_COG	0	1
group_10447	cloud	1	sin_COG	0	1
group_10446	cloud	1	sin_COG	0	1
group_10444	exclusivo	0	sin_COG	0	1
group_10443	cloud	1	sin_COG	0	1
group_10442	cloud	1	sin_COG	0	1
group_10441	cloud	1	sin_COG	0	1
group_10440	cloud	1	sin_COG	0	1
group_10439	cloud	1	sin_COG	0	1
group_10438	cloud	1	sin_COG	0	1
group_10437	cloud	1	sin_COG	0	1
group_10434	cloud	1	sin_COG	0	1
group_10433	cloud	1	T	1	1
group_10432	cloud	1	sin_COG	0	1
group_10431	cloud	1	sin_COG	0	1
group_10430	cloud	1	sin_COG	0	1
group_10429	cloud	1	sin_COG	0	1
group_10428	cloud	1	sin_COG	0	1
group_10427	cloud	1	sin_COG	0	1
group_10426	cloud	1	sin_COG	0	1
group_10425	cloud	1	sin_COG	0	1
group_10423	cloud	1	X	1	1
group_10422	cloud	1	sin_COG	0	1
group_10420	cloud	1	sin_COG	0	1
group_10419	cloud	1	sin_COG	0	1
group_10418	cloud	1	sin_COG	0	1
group_10417	cloud	1	sin_COG	0	1
group_10416	cloud	1	sin_COG	0	1
group_10413	cloud	1	sin_COG	0	1
group_10411	cloud	1	sin_COG	0	1
group_10410	cloud	1	sin_COG	0	1
group_10409	cloud	1	sin_COG	0	1
group_10408	cloud	1	sin_COG	0	1
group_10407	cloud	1	sin_COG	0	1
group_10406	cloud	1	sin_COG	0	1
group_10405	cloud	1	sin_COG	0	1
group_10404	cloud	1	sin_COG	0	1
group_10403	cloud	1	sin_COG	0	1
group_10402	cloud	1	sin_COG	0	1
group_10401	cloud	1	sin_COG	0	1
group_10400	cloud	1	sin_COG	0	1
group_10399	cloud	1	sin_COG	0	1
group_10398	exclusivo	0	sin_COG	0	1
group_10397	cloud	1	sin_COG	0	1
group_10396	cloud	1	sin_COG	0	1
group_10395	cloud	1	sin_COG	0	1
group_10394	cloud	1	sin_COG	0	1
group_10392	cloud	1	sin_COG	0	1
group_10391	cloud	1	sin_COG	0	1
group_10389	cloud	1	sin_COG	0	1
group_10388	cloud	1	sin_COG	0	1
group_10387	cloud	1	sin_COG	0	1
group_10386	cloud	1	sin_COG	0	1
group_10385	cloud	1	sin_COG	0	1
group_10384	cloud	1	sin_COG	0	1
group_10383	cloud	1	sin_COG	0	1
group_10382	cloud	1	sin_COG	0	1
group_10381	cloud	1	sin_COG	0	1
group_10379	cloud	1	sin_COG	0	1
group_10377	cloud	1	sin_COG	0	1
group_10376	cloud	1	sin_COG	0	1
group_10375	cloud	1	sin_COG	0	1
group_10374	cloud	1	sin_COG	0	1
group_10372	cloud	1	sin_COG	0	1
group_10370	cloud	1	sin_COG	0	1
group_10369	cloud	1	sin_COG	0	1
group_10368	cloud	1	sin_COG	0	1
group_10367	cloud	1	sin_COG	0	1
group_10366	cloud	1	sin_COG	0	1
group_10365	cloud	1	sin_COG	0	1
group_10361	cloud	1	sin_COG	0	1
group_10360	cloud	1	sin_COG	0	1
group_10359	cloud	1	sin_COG	0	1
group_10357	cloud	1	sin_COG	0	1
group_10356	cloud	1	sin_COG	0	1
group_10355	cloud	1	sin_COG	0	1
group_10354	cloud	1	sin_COG	0	1
group_10350	cloud	1	sin_COG	0	1
group_10349	cloud	1	sin_COG	0	1
group_10346	cloud	1	sin_COG	0	1
group_10345	cloud	1	sin_COG	0	1
group_10343	cloud	1	sin_COG	0	1
group_10342	cloud	1	sin_COG	0	1
group_10341	cloud	1	sin_COG	0	1
group_10340	cloud	1	sin_COG	0	1
ywmB	cloud	1	sin_COG	0	1
group_10336	cloud	1	sin_COG	0	1
group_10334	cloud	1	sin_COG	0	1
group_10333	cloud	1	sin_COG	0	1
group_10331	cloud	1	sin_COG	0	1
group_10330	cloud	1	sin_COG	0	1
group_10329	cloud	1	sin_COG	0	1
group_10328	cloud	1	sin_COG	0	1
group_10327	cloud	1	sin_COG	0	1
group_10326	cloud	1	sin_COG	0	1
group_10325	cloud	1	sin_COG	0	1
group_10324	cloud	1	sin_COG	0	1
group_10323	cloud	1	sin_COG	0	1
group_10322	cloud	1	sin_COG	0	1
group_10321	cloud	1	sin_COG	0	1
group_10320	cloud	1	sin_COG	0	1
group_10319	cloud	1	sin_COG	0	1
group_10317	cloud	1	sin_COG	0	1
group_10316	cloud	1	sin_COG	0	1
group_10313	cloud	1	sin_COG	0	1
group_10312	cloud	1	sin_COG	0	1
group_10311	cloud	1	sin_COG	0	1
group_10307	cloud	1	sin_COG	0	1
group_10306	cloud	1	sin_COG	0	1
group_10304	cloud	1	sin_COG	0	1
group_10303	cloud	1	sin_COG	0	1
group_10302	cloud	1	sin_COG	0	1
group_10301	cloud	1	sin_COG	0	1
group_10300	cloud	1	sin_COG	0	1
group_10299	cloud	1	sin_COG	0	1
group_10297	cloud	1	sin_COG	0	1
group_10296	cloud	1	sin_COG	0	1
group_10294	cloud	1	sin_COG	0	1
group_10293	cloud	1	sin_COG	0	1
group_10292	cloud	1	sin_COG	0	1
group_10290	cloud	1	sin_COG	0	1
group_10288	cloud	1	sin_COG	0	1
group_10287	cloud	1	sin_COG	0	1
group_10286	cloud	1	sin_COG	0	1
group_10285	cloud	1	sin_COG	0	1
group_10284	cloud	1	sin_COG	0	1
group_10283	cloud	1	sin_COG	0	1
group_10282	cloud	1	sin_COG	0	1
group_10281	cloud	1	sin_COG	0	1
group_10280	cloud	1	sin_COG	0	1
group_10279	cloud	1	sin_COG	0	1
group_10278	cloud	1	sin_COG	0	1
group_10277	cloud	1	sin_COG	0	1
group_10276	cloud	1	sin_COG	0	1
group_10274	cloud	1	sin_COG	0	1
group_10273	cloud	1	sin_COG	0	1
group_10272	cloud	1	sin_COG	0	1
group_10270	cloud	1	sin_COG	0	1
group_10269	cloud	1	sin_COG	0	1
group_10267	cloud	1	sin_COG	0	1
group_10266	cloud	1	sin_COG	0	1
group_10264	cloud	1	sin_COG	0	1
group_10262	cloud	1	sin_COG	0	1
group_10261	cloud	1	sin_COG	0	1
group_10260	cloud	1	sin_COG	0	1
group_10257	cloud	1	sin_COG	0	1
group_10256	cloud	1	sin_COG	0	1
group_10255	cloud	1	sin_COG	0	1
group_10254	cloud	1	sin_COG	0	1
group_10253	cloud	1	sin_COG	0	1
group_10252	cloud	1	sin_COG	0	1
group_10248	cloud	1	sin_COG	0	1
group_10247	cloud	1	sin_COG	0	1
group_10246	cloud	1	sin_COG	0	1
group_10245	cloud	1	sin_COG	0	1
group_10243	cloud	1	sin_COG	0	1
group_10242	cloud	1	sin_COG	0	1
group_10240	cloud	1	sin_COG	0	1
group_10239	cloud	1	sin_COG	0	1
group_10238	cloud	1	sin_COG	0	1
group_10236	cloud	1	sin_COG	0	1
group_10234	cloud	1	sin_COG	0	1
group_10232	cloud	1	sin_COG	0	1
group_10230	cloud	1	sin_COG	0	1
group_10229	cloud	1	sin_COG	0	1
group_10228	cloud	1	sin_COG	0	1
group_10227	cloud	1	sin_COG	0	1
group_10224	cloud	1	sin_COG	0	1
group_10223	cloud	1	sin_COG	0	1
group_10222	cloud	1	sin_COG	0	1
group_10221	cloud	1	sin_COG	0	1
group_10220	cloud	1	sin_COG	0	1
group_10219	cloud	1	sin_COG	0	1
group_10217	cloud	1	sin_COG	0	1
group_10214	cloud	1	sin_COG	0	1
group_10213	cloud	1	sin_COG	0	1
group_10212	cloud	1	sin_COG	0	1
group_10211	cloud	1	sin_COG	0	1
group_10209	cloud	1	sin_COG	0	1
group_10208	cloud	1	sin_COG	0	1
group_10206	cloud	1	sin_COG	0	1
group_10205	cloud	1	sin_COG	0	1
group_10201	cloud	1	sin_COG	0	1
group_10198	cloud	1	sin_COG	0	1
group_10197	cloud	1	sin_COG	0	1
group_10194	cloud	1	sin_COG	0	1
group_10192	cloud	1	sin_COG	0	1
group_10191	cloud	1	sin_COG	0	1
group_10190	cloud	1	sin_COG	0	1
group_10189	cloud	1	sin_COG	0	1
group_10188	cloud	1	sin_COG	0	1
group_10187	cloud	1	sin_COG	0	1
group_10186	cloud	1	sin_COG	0	1
group_10185	cloud	1	sin_COG	0	1
group_10184	cloud	1	sin_COG	0	1
group_10182	cloud	1	sin_COG	0	1
group_10181	cloud	1	sin_COG	0	1
group_10178	cloud	1	sin_COG	0	1
group_10176	cloud	1	sin_COG	0	1
group_10174	cloud	1	sin_COG	0	1
group_10173	cloud	1	sin_COG	0	1
group_10167	cloud	1	sin_COG	0	1
group_10166	cloud	1	sin_COG	0	1
group_10165	cloud	1	sin_COG	0	1
group_10161	cloud	1	sin_COG	0	1
group_10160	cloud	1	sin_COG	0	1
group_10159	cloud	1	sin_COG	0	1
group_10158	cloud	1	sin_COG	0	1
group_10157	cloud	1	sin_COG	0	1
group_10156	cloud	1	sin_COG	0	1
group_10153	cloud	1	sin_COG	0	1
group_10152	cloud	1	sin_COG	0	1
group_10151	cloud	1	sin_COG	0	1
group_10150	cloud	1	sin_COG	0	1
group_10148	cloud	1	sin_COG	0	1
group_10147	cloud	1	sin_COG	0	1
group_10146	cloud	1	sin_COG	0	1
group_10144	cloud	1	sin_COG	0	1
group_10143	cloud	1	sin_COG	0	1
group_10141	cloud	1	sin_COG	0	1
group_10140	cloud	1	sin_COG	0	1
group_10139	cloud	1	sin_COG	0	1
group_10137	cloud	1	sin_COG	0	1
group_10136	cloud	1	sin_COG	0	1
group_10135	cloud	1	sin_COG	0	1
group_10134	cloud	1	sin_COG	0	1
group_10132	cloud	1	sin_COG	0	1
group_10130	cloud	1	sin_COG	0	1
group_10129	cloud	1	sin_COG	0	1
group_10128	cloud	1	sin_COG	0	1
group_10127	cloud	1	sin_COG	0	1
group_10126	cloud	1	sin_COG	0	1
group_10125	cloud	1	sin_COG	0	1
group_10124	cloud	1	sin_COG	0	1
group_10123	cloud	1	sin_COG	0	1
group_10122	cloud	1	sin_COG	0	1
group_10121	cloud	1	sin_COG	0	1
group_10120	cloud	1	sin_COG	0	1
group_10118	cloud	1	sin_COG	0	1
group_10117	cloud	1	sin_COG	0	1
group_10116	cloud	1	sin_COG	0	1
group_10115	cloud	1	sin_COG	0	1
group_10114	cloud	1	sin_COG	0	1
group_10112	cloud	1	sin_COG	0	1
group_10111	cloud	1	sin_COG	0	1
group_10110	cloud	1	sin_COG	0	1
group_10109	cloud	1	sin_COG	0	1
group_10106	cloud	1	sin_COG	0	1
group_10105	cloud	1	sin_COG	0	1
group_10104	cloud	1	sin_COG	0	1
group_10103	cloud	1	sin_COG	0	1
group_10102	cloud	1	sin_COG	0	1
group_10099	cloud	1	sin_COG	0	1
group_10096	cloud	1	sin_COG	0	1
group_10095	cloud	1	sin_COG	0	1
group_10094	cloud	1	sin_COG	0	1
group_10093	cloud	1	sin_COG	0	1
group_10088	cloud	1	sin_COG	0	1
group_10087	cloud	1	sin_COG	0	1
group_10086	cloud	1	sin_COG	0	1
group_10085	cloud	1	sin_COG	0	1
group_10084	cloud	1	sin_COG	0	1
group_10083	cloud	1	sin_COG	0	1
group_10081	cloud	1	sin_COG	0	1
group_10080	cloud	1	sin_COG	0	1
group_10079	cloud	1	sin_COG	0	1
group_10076	cloud	1	sin_COG	0	1
group_10074	cloud	1	sin_COG	0	1
group_10073	cloud	1	sin_COG	0	1
group_10072	cloud	1	sin_COG	0	1
group_10070	cloud	1	sin_COG	0	1
group_10069	cloud	1	sin_COG	0	1
group_10068	cloud	1	sin_COG	0	1
group_10067	cloud	1	sin_COG	0	1
group_10064	cloud	1	sin_COG	0	1
group_10063	cloud	1	sin_COG	0	1
group_10062	cloud	1	sin_COG	0	1
group_10061	cloud	1	sin_COG	0	1
group_10060	cloud	1	sin_COG	0	1
group_10059	cloud	1	sin_COG	0	1
group_10058	cloud	1	sin_COG	0	1
group_10057	cloud	1	sin_COG	0	1
group_10056	cloud	1	sin_COG	0	1
group_10055	cloud	1	sin_COG	0	1
group_10054	cloud	1	sin_COG	0	1
group_10053	cloud	1	sin_COG	0	1
group_10051	cloud	1	sin_COG	0	1
group_10050	exclusivo	0	sin_COG	0	1
group_10049	cloud	1	sin_COG	0	1
group_10048	cloud	1	sin_COG	0	1
group_10047	cloud	1	sin_COG	0	1
group_10046	cloud	1	sin_COG	0	1
group_10045	cloud	1	sin_COG	0	1
group_10044	cloud	1	sin_COG	0	1
group_10043	cloud	1	sin_COG	0	1
group_10042	cloud	1	sin_COG	0	1
group_10040	cloud	1	sin_COG	0	1
group_10039	cloud	1	sin_COG	0	1
group_10038	cloud	1	sin_COG	0	1
group_10036	cloud	1	sin_COG	0	1
group_10035	cloud	1	sin_COG	0	1
group_10033	cloud	1	sin_COG	0	1
group_10031	cloud	1	sin_COG	0	1
group_10030	cloud	1	sin_COG	0	1
group_10029	cloud	1	sin_COG	0	1
group_10027	cloud	1	sin_COG	0	1
group_10026	cloud	1	sin_COG	0	1
group_10025	cloud	1	sin_COG	0	1
group_10024	cloud	1	sin_COG	0	1
group_10023	cloud	1	sin_COG	0	1
group_10022	cloud	1	sin_COG	0	1
group_10020	cloud	1	sin_COG	0	1
group_10019	cloud	1	sin_COG	0	1
group_10015	cloud	1	sin_COG	0	1
group_10014	cloud	1	sin_COG	0	1
group_10013	cloud	1	sin_COG	0	1
group_10010	cloud	1	sin_COG	0	1
group_10009	cloud	1	sin_COG	0	1
group_10008	cloud	1	sin_COG	0	1
group_10007	cloud	1	sin_COG	0	1
group_10006	cloud	1	D	1	1
group_10005	cloud	1	sin_COG	0	1
group_10004	cloud	1	sin_COG	0	1
group_10003	cloud	1	sin_COG	0	1
group_10001	cloud	1	sin_COG	0	1
group_9999	cloud	1	sin_COG	0	1
group_9996	cloud	1	sin_COG	0	1
group_9995	cloud	1	sin_COG	0	1
group_9994	cloud	1	sin_COG	0	1
group_9993	cloud	1	sin_COG	0	1
group_9992	cloud	1	sin_COG	0	1
group_9991	cloud	1	sin_COG	0	1
group_9990	cloud	1	sin_COG	0	1
group_9988	cloud	1	sin_COG	0	1
group_9987	cloud	1	sin_COG	0	1
group_9986	cloud	1	sin_COG	0	1
group_9985	cloud	1	sin_COG	0	1
group_9984	cloud	1	sin_COG	0	1
group_9983	cloud	1	sin_COG	0	1
group_9982	cloud	1	sin_COG	0	1
abiV	cloud	1	sin_COG	0	1
group_9979	cloud	1	sin_COG	0	1
group_9977	cloud	1	sin_COG	0	1
group_9973	cloud	1	sin_COG	0	1
group_9971	cloud	1	sin_COG	0	1
group_9969	cloud	1	sin_COG	0	1
group_9968	cloud	1	sin_COG	0	1
group_9967	cloud	1	sin_COG	0	1
group_9966	cloud	1	sin_COG	0	1
group_9965	cloud	1	sin_COG	0	1
group_9964	cloud	1	sin_COG	0	1
group_9963	cloud	1	sin_COG	0	1
group_9962	cloud	1	sin_COG	0	1
group_9958	cloud	1	sin_COG	0	1
group_9956	cloud	1	sin_COG	0	1
group_9955	cloud	1	sin_COG	0	1
group_9954	cloud	1	sin_COG	0	1
group_9953	cloud	1	sin_COG	0	1
group_9952	cloud	1	sin_COG	0	1
group_9949	cloud	1	sin_COG	0	1
group_9948	cloud	1	sin_COG	0	1
group_9947	cloud	1	sin_COG	0	1
group_9946	cloud	1	sin_COG	0	1
group_9945	cloud	1	sin_COG	0	1
group_9944	cloud	1	sin_COG	0	1
group_9943	cloud	1	sin_COG	0	1
group_9942	cloud	1	sin_COG	0	1
group_9940	cloud	1	sin_COG	0	1
group_9939	cloud	1	sin_COG	0	1
group_9938	cloud	1	sin_COG	0	1
group_9937	cloud	1	sin_COG	0	1
group_9936	cloud	1	sin_COG	0	1
group_9935	cloud	1	sin_COG	0	1
group_9933	cloud	1	sin_COG	0	1
group_9932	cloud	1	sin_COG	0	1
group_9929	cloud	1	sin_COG	0	1
group_9928	cloud	1	sin_COG	0	1
group_9926	cloud	1	sin_COG	0	1
group_9925	cloud	1	sin_COG	0	1
group_9923	cloud	1	sin_COG	0	1
group_9921	cloud	1	sin_COG	0	1
group_9919	cloud	1	sin_COG	0	1
group_9915	cloud	1	sin_COG	0	1
group_9914	cloud	1	sin_COG	0	1
group_9913	cloud	1	sin_COG	0	1
group_9912	cloud	1	sin_COG	0	1
group_9911	cloud	1	sin_COG	0	1
group_9909	cloud	1	sin_COG	0	1
group_9907	cloud	1	sin_COG	0	1
group_9904	cloud	1	sin_COG	0	1
group_9901	cloud	1	sin_COG	0	1
group_9900	cloud	1	sin_COG	0	1
group_9896	cloud	1	sin_COG	0	1
group_9894	cloud	1	sin_COG	0	1
group_9893	cloud	1	sin_COG	0	1
group_9891	cloud	1	sin_COG	0	1
group_9890	cloud	1	sin_COG	0	1
group_9889	cloud	1	sin_COG	0	1
group_9888	cloud	1	sin_COG	0	1
group_9887	cloud	1	sin_COG	0	1
group_9886	cloud	1	sin_COG	0	1
group_9885	cloud	1	sin_COG	0	1
group_9883	cloud	1	sin_COG	0	1
group_9882	cloud	1	sin_COG	0	1
group_9880	cloud	1	sin_COG	0	1
group_9878	cloud	1	sin_COG	0	1
group_9875	cloud	1	sin_COG	0	1
group_9873	cloud	1	sin_COG	0	1
group_9867	cloud	1	sin_COG	0	1
group_9866	cloud	1	sin_COG	0	1
group_9861	cloud	1	sin_COG	0	1
group_9859	cloud	1	sin_COG	0	1
group_9858	cloud	1	sin_COG	0	1
group_9857	cloud	1	sin_COG	0	1
group_9855	cloud	1	sin_COG	0	1
group_9854	cloud	1	sin_COG	0	1
group_9853	cloud	1	sin_COG	0	1
group_9852	cloud	1	sin_COG	0	1
group_9851	cloud	1	sin_COG	0	1
group_9850	cloud	1	sin_COG	0	1
group_9849	cloud	1	sin_COG	0	1
group_9847	cloud	1	sin_COG	0	1
group_9844	cloud	1	sin_COG	0	1
group_9843	cloud	1	sin_COG	0	1
group_9842	cloud	1	sin_COG	0	1
group_9839	cloud	1	sin_COG	0	1
group_9838	cloud	1	sin_COG	0	1
group_9837	cloud	1	sin_COG	0	1
group_9836	cloud	1	sin_COG	0	1
group_9834	cloud	1	sin_COG	0	1
ompA	cloud	1	sin_COG	0	1
group_9833	cloud	1	sin_COG	0	1
group_9832	cloud	1	sin_COG	0	1
group_9831	cloud	1	sin_COG	0	1
group_9830	cloud	1	sin_COG	0	1
group_9829	cloud	1	sin_COG	0	1
group_9828	cloud	1	sin_COG	0	1
group_9826	cloud	1	sin_COG	0	1
group_9825	cloud	1	sin_COG	0	1
group_9824	cloud	1	sin_COG	0	1
group_9823	cloud	1	sin_COG	0	1
group_9819	cloud	1	sin_COG	0	1
group_9818	cloud	1	sin_COG	0	1
group_9817	cloud	1	sin_COG	0	1
group_9812	cloud	1	sin_COG	0	1
group_9811	cloud	1	sin_COG	0	1
group_9810	cloud	1	sin_COG	0	1
group_9809	cloud	1	sin_COG	0	1
group_9808	cloud	1	sin_COG	0	1
group_9807	cloud	1	sin_COG	0	1
group_9806	cloud	1	sin_COG	0	1
group_9805	cloud	1	sin_COG	0	1
group_9803	cloud	1	sin_COG	0	1
group_9802	cloud	1	sin_COG	0	1
group_9801	cloud	1	sin_COG	0	1
group_9800	cloud	1	sin_COG	0	1
group_9798	cloud	1	sin_COG	0	1
group_9797	cloud	1	sin_COG	0	1
group_9796	cloud	1	sin_COG	0	1
group_9795	cloud	1	sin_COG	0	1
group_9794	cloud	1	sin_COG	0	1
group_9793	cloud	1	sin_COG	0	1
group_9792	cloud	1	sin_COG	0	1
group_9788	cloud	1	sin_COG	0	1
group_9787	cloud	1	sin_COG	0	1
group_9786	cloud	1	sin_COG	0	1
group_9784	cloud	1	sin_COG	0	1
group_9783	cloud	1	sin_COG	0	1
group_9782	cloud	1	sin_COG	0	1
group_9781	cloud	1	sin_COG	0	1
group_9780	cloud	1	sin_COG	0	1
group_9778	cloud	1	sin_COG	0	1
group_9777	cloud	1	sin_COG	0	1
group_9775	cloud	1	sin_COG	0	1
group_9774	cloud	1	sin_COG	0	1
group_9773	cloud	1	sin_COG	0	1
group_9772	cloud	1	sin_COG	0	1
group_9771	cloud	1	sin_COG	0	1
group_9769	cloud	1	sin_COG	0	1
group_9768	cloud	1	sin_COG	0	1
group_9765	cloud	1	sin_COG	0	1
group_9764	cloud	1	sin_COG	0	1
group_9762	cloud	1	sin_COG	0	1
group_9760	cloud	1	sin_COG	0	1
group_9759	cloud	1	sin_COG	0	1
group_9758	cloud	1	sin_COG	0	1
group_9757	cloud	1	sin_COG	0	1
group_9755	cloud	1	sin_COG	0	1
group_9753	cloud	1	sin_COG	0	1
group_9750	cloud	1	sin_COG	0	1
group_9748	cloud	1	sin_COG	0	1
group_9746	cloud	1	sin_COG	0	1
group_9745	cloud	1	sin_COG	0	1
group_9744	cloud	1	I	1	1
group_9743	cloud	1	sin_COG	0	1
group_9742	cloud	1	sin_COG	0	1
darT	cloud	1	sin_COG	0	1
group_9739	cloud	1	sin_COG	0	1
group_9738	cloud	1	sin_COG	0	1
group_9737	cloud	1	sin_COG	0	1
group_9735	cloud	1	sin_COG	0	1
group_9734	cloud	1	sin_COG	0	1
group_9733	cloud	1	sin_COG	0	1
group_9732	cloud	1	sin_COG	0	1
group_9731	cloud	1	sin_COG	0	1
group_9729	cloud	1	sin_COG	0	1
group_9728	cloud	1	sin_COG	0	1
group_9726	cloud	1	T	1	1
group_9725	cloud	1	sin_COG	0	1
group_9724	cloud	1	sin_COG	0	1
group_9723	cloud	1	sin_COG	0	1
group_9721	cloud	1	sin_COG	0	1
group_9719	cloud	1	sin_COG	0	1
group_9718	cloud	1	sin_COG	0	1
group_9715	cloud	1	sin_COG	0	1
group_9714	cloud	1	sin_COG	0	1
group_9711	cloud	1	sin_COG	0	1
group_9710	cloud	1	sin_COG	0	1
group_9709	cloud	1	sin_COG	0	1
group_9708	cloud	1	sin_COG	0	1
group_9707	cloud	1	sin_COG	0	1
group_9706	cloud	1	sin_COG	0	1
group_9705	cloud	1	sin_COG	0	1
group_9704	cloud	1	sin_COG	0	1
group_9703	cloud	1	sin_COG	0	1
group_9701	cloud	1	sin_COG	0	1
group_9700	cloud	1	sin_COG	0	1
group_9699	cloud	1	sin_COG	0	1
group_9696	cloud	1	sin_COG	0	1
group_9695	cloud	1	sin_COG	0	1
group_9690	cloud	1	sin_COG	0	1
group_9685	cloud	1	sin_COG	0	1
group_9683	cloud	1	sin_COG	0	1
group_9682	cloud	1	sin_COG	0	1
group_9679	cloud	1	sin_COG	0	1
group_9678	cloud	1	sin_COG	0	1
group_9677	cloud	1	sin_COG	0	1
group_9676	cloud	1	sin_COG	0	1
group_9675	cloud	1	sin_COG	0	1
group_9674	cloud	1	sin_COG	0	1
group_9673	cloud	1	sin_COG	0	1
group_9672	cloud	1	H	1	1
group_9671	cloud	1	sin_COG	0	1
group_9670	cloud	1	sin_COG	0	1
group_9667	cloud	1	sin_COG	0	1
parB	cloud	1	sin_COG	0	1
group_9666	cloud	1	sin_COG	0	1
group_9664	cloud	1	sin_COG	0	1
group_9662	cloud	1	sin_COG	0	1
group_9661	cloud	1	sin_COG	0	1
group_9659	cloud	1	sin_COG	0	1
group_9658	cloud	1	sin_COG	0	1
group_9657	cloud	1	sin_COG	0	1
group_9656	cloud	1	sin_COG	0	1
group_9654	cloud	1	sin_COG	0	1
group_9653	cloud	1	sin_COG	0	1
group_9652	cloud	1	sin_COG	0	1
group_9651	cloud	1	sin_COG	0	1
group_9650	cloud	1	sin_COG	0	1
group_9649	cloud	1	sin_COG	0	1
group_9647	cloud	1	sin_COG	0	1
group_9646	cloud	1	sin_COG	0	1
group_9645	cloud	1	sin_COG	0	1
group_9644	cloud	1	sin_COG	0	1
group_9643	cloud	1	sin_COG	0	1
group_9642	cloud	1	sin_COG	0	1
group_9641	cloud	1	sin_COG	0	1
group_9640	cloud	1	sin_COG	0	1
group_9639	cloud	1	sin_COG	0	1
group_9638	cloud	1	sin_COG	0	1
group_9637	cloud	1	sin_COG	0	1
group_9635	cloud	1	sin_COG	0	1
group_9633	cloud	1	sin_COG	0	1
group_9632	cloud	1	sin_COG	0	1
group_9631	cloud	1	sin_COG	0	1
group_9630	cloud	1	sin_COG	0	1
group_9629	cloud	1	sin_COG	0	1
group_9628	cloud	1	sin_COG	0	1
group_9627	cloud	1	sin_COG	0	1
group_9625	cloud	1	sin_COG	0	1
group_9624	cloud	1	sin_COG	0	1
group_9623	cloud	1	sin_COG	0	1
group_9622	cloud	1	sin_COG	0	1
group_9621	cloud	1	sin_COG	0	1
group_9620	cloud	1	sin_COG	0	1
group_9619	cloud	1	sin_COG	0	1
group_9618	cloud	1	sin_COG	0	1
group_9616	cloud	1	sin_COG	0	1
group_9614	cloud	1	sin_COG	0	1
group_9611	cloud	1	sin_COG	0	1
group_9610	cloud	1	sin_COG	0	1
group_9609	cloud	1	sin_COG	0	1
group_9608	cloud	1	sin_COG	0	1
group_9606	cloud	1	sin_COG	0	1
group_9605	cloud	1	sin_COG	0	1
group_9601	cloud	1	sin_COG	0	1
rhaS	cloud	1	sin_COG	0	1
group_9600	cloud	1	sin_COG	0	1
group_9599	cloud	1	sin_COG	0	1
group_9598	cloud	1	sin_COG	0	1
group_9595	cloud	1	sin_COG	0	1
group_9594	cloud	1	sin_COG	0	1
group_9593	cloud	1	sin_COG	0	1
group_9589	cloud	1	sin_COG	0	1
group_9585	cloud	1	sin_COG	0	1
group_9584	cloud	1	sin_COG	0	1
group_9583	cloud	1	sin_COG	0	1
group_9582	cloud	1	sin_COG	0	1
group_9581	cloud	1	sin_COG	0	1
group_9580	cloud	1	sin_COG	0	1
yddE	cloud	1	sin_COG	0	1
group_9579	cloud	1	sin_COG	0	1
group_9578	cloud	1	sin_COG	0	1
group_9576	cloud	1	sin_COG	0	1
group_9575	cloud	1	sin_COG	0	1
group_9573	cloud	1	sin_COG	0	1
group_9571	cloud	1	sin_COG	0	1
group_9570	cloud	1	sin_COG	0	1
group_9569	cloud	1	sin_COG	0	1
group_9568	cloud	1	sin_COG	0	1
group_9567	cloud	1	sin_COG	0	1
yqzL	cloud	1	sin_COG	0	1
group_9564	cloud	1	sin_COG	0	1
group_9563	cloud	1	sin_COG	0	1
group_9562	cloud	1	sin_COG	0	1
group_9560	cloud	1	sin_COG	0	1
group_9559	cloud	1	sin_COG	0	1
group_9558	cloud	1	sin_COG	0	1
group_9556	cloud	1	sin_COG	0	1
group_9555	cloud	1	sin_COG	0	1
group_9554	cloud	1	sin_COG	0	1
group_9553	cloud	1	sin_COG	0	1
group_9552	cloud	1	sin_COG	0	1
group_9550	cloud	1	sin_COG	0	1
group_9545	cloud	1	sin_COG	0	1
group_9543	cloud	1	sin_COG	0	1
group_9542	cloud	1	sin_COG	0	1
group_9541	cloud	1	sin_COG	0	1
group_9539	cloud	1	sin_COG	0	1
group_9536	cloud	1	sin_COG	0	1
group_9534	cloud	1	sin_COG	0	1
group_9533	cloud	1	sin_COG	0	1
group_9532	cloud	1	sin_COG	0	1
group_9531	cloud	1	sin_COG	0	1
group_9530	cloud	1	sin_COG	0	1
group_9529	cloud	1	sin_COG	0	1
group_9528	cloud	1	sin_COG	0	1
group_9527	cloud	1	sin_COG	0	1
group_9526	cloud	1	sin_COG	0	1
group_9525	cloud	1	sin_COG	0	1
group_9524	cloud	1	sin_COG	0	1
group_9523	cloud	1	sin_COG	0	1
group_9522	cloud	1	sin_COG	0	1
group_9521	cloud	1	sin_COG	0	1
group_9518	cloud	1	sin_COG	0	1
group_9517	cloud	1	sin_COG	0	1
group_9516	cloud	1	sin_COG	0	1
group_9515	cloud	1	sin_COG	0	1
group_9514	cloud	1	sin_COG	0	1
group_9512	cloud	1	sin_COG	0	1
group_9510	cloud	1	sin_COG	0	1
group_9508	cloud	1	sin_COG	0	1
group_9506	cloud	1	sin_COG	0	1
group_9505	cloud	1	sin_COG	0	1
group_9504	cloud	1	sin_COG	0	1
group_9503	cloud	1	sin_COG	0	1
group_9502	cloud	1	sin_COG	0	1
group_9501	cloud	1	sin_COG	0	1
group_9499	cloud	1	sin_COG	0	1
group_9498	cloud	1	sin_COG	0	1
group_9497	cloud	1	sin_COG	0	1
group_9496	cloud	1	sin_COG	0	1
group_9495	cloud	1	sin_COG	0	1
group_9494	cloud	1	sin_COG	0	1
group_9493	cloud	1	sin_COG	0	1
group_9491	cloud	1	sin_COG	0	1
group_9490	cloud	1	sin_COG	0	1
group_9489	cloud	1	sin_COG	0	1
group_9488	cloud	1	sin_COG	0	1
group_9486	cloud	1	sin_COG	0	1
group_9484	cloud	1	sin_COG	0	1
group_9483	cloud	1	sin_COG	0	1
group_9477	cloud	1	sin_COG	0	1
group_9476	cloud	1	sin_COG	0	1
group_9475	cloud	1	sin_COG	0	1
group_9474	cloud	1	sin_COG	0	1
group_9473	cloud	1	sin_COG	0	1
group_9472	cloud	1	sin_COG	0	1
group_9470	cloud	1	sin_COG	0	1
group_9469	cloud	1	sin_COG	0	1
group_9466	cloud	1	sin_COG	0	1
group_9465	cloud	1	sin_COG	0	1
group_9463	cloud	1	sin_COG	0	1
group_9461	cloud	1	sin_COG	0	1
group_9459	cloud	1	sin_COG	0	1
group_9457	cloud	1	sin_COG	0	1
group_9456	cloud	1	sin_COG	0	1
group_9455	cloud	1	sin_COG	0	1
group_9454	cloud	1	sin_COG	0	1
group_9453	cloud	1	sin_COG	0	1
group_9452	cloud	1	sin_COG	0	1
group_9451	cloud	1	sin_COG	0	1
group_9449	cloud	1	sin_COG	0	1
group_9448	cloud	1	sin_COG	0	1
group_9447	cloud	1	K	1	1
group_9445	cloud	1	sin_COG	0	1
group_9444	cloud	1	Q	1	1
group_9443	cloud	1	sin_COG	0	1
group_9442	cloud	1	sin_COG	0	1
group_9441	cloud	1	sin_COG	0	1
group_9439	cloud	1	sin_COG	0	1
mhpD	cloud	1	Q	1	1
group_9438	cloud	1	sin_COG	0	1
group_9437	cloud	1	sin_COG	0	1
group_9433	cloud	1	sin_COG	0	1
group_9427	cloud	1	sin_COG	0	1
group_9426	cloud	1	sin_COG	0	1
group_9425	cloud	1	sin_COG	0	1
group_9424	cloud	1	P	1	1
group_9423	cloud	1	sin_COG	0	1
group_9422	cloud	1	sin_COG	0	1
group_9421	cloud	1	sin_COG	0	1
group_9420	cloud	1	sin_COG	0	1
group_9419	cloud	1	sin_COG	0	1
group_9418	cloud	1	sin_COG	0	1
group_9417	cloud	1	sin_COG	0	1
group_9416	cloud	1	sin_COG	0	1
group_9415	cloud	1	sin_COG	0	1
group_9414	cloud	1	sin_COG	0	1
group_9412	cloud	1	sin_COG	0	1
group_9409	cloud	1	sin_COG	0	1
group_9408	cloud	1	sin_COG	0	1
group_9407	cloud	1	sin_COG	0	1
group_9405	cloud	1	sin_COG	0	1
group_9403	cloud	1	sin_COG	0	1
group_9402	cloud	1	sin_COG	0	1
group_9401	cloud	1	sin_COG	0	1
group_9398	cloud	1	sin_COG	0	1
group_9397	cloud	1	sin_COG	0	1
group_9393	cloud	1	sin_COG	0	1
group_9391	cloud	1	sin_COG	0	1
group_9388	cloud	1	sin_COG	0	1
group_9385	cloud	1	sin_COG	0	1
group_9384	cloud	1	sin_COG	0	1
group_9383	cloud	1	sin_COG	0	1
group_9382	cloud	1	sin_COG	0	1
group_9380	cloud	1	sin_COG	0	1
group_9378	cloud	1	sin_COG	0	1
group_9372	cloud	1	sin_COG	0	1
group_9371	cloud	1	sin_COG	0	1
group_9366	cloud	1	sin_COG	0	1
group_9363	cloud	1	sin_COG	0	1
group_9362	cloud	1	sin_COG	0	1
group_9361	cloud	1	sin_COG	0	1
group_9360	cloud	1	sin_COG	0	1
group_9359	cloud	1	sin_COG	0	1
group_9356	cloud	1	sin_COG	0	1
group_9355	cloud	1	sin_COG	0	1
group_9354	cloud	1	sin_COG	0	1
group_9353	cloud	1	sin_COG	0	1
group_9352	cloud	1	sin_COG	0	1
group_9351	cloud	1	sin_COG	0	1
group_9349	cloud	1	sin_COG	0	1
group_9347	cloud	1	sin_COG	0	1
group_9346	cloud	1	sin_COG	0	1
group_9345	cloud	1	sin_COG	0	1
group_9344	cloud	1	sin_COG	0	1
group_9342	cloud	1	sin_COG	0	1
group_9341	cloud	1	sin_COG	0	1
group_9338	cloud	1	sin_COG	0	1
group_9336	cloud	1	sin_COG	0	1
group_9335	cloud	1	sin_COG	0	1
group_9334	cloud	1	sin_COG	0	1
group_9333	cloud	1	sin_COG	0	1
group_9332	cloud	1	sin_COG	0	1
group_9331	cloud	1	sin_COG	0	1
group_9328	cloud	1	sin_COG	0	1
group_9327	cloud	1	sin_COG	0	1
group_9326	cloud	1	sin_COG	0	1
group_9325	cloud	1	sin_COG	0	1
group_9324	cloud	1	sin_COG	0	1
group_9322	cloud	1	sin_COG	0	1
group_9318	cloud	1	sin_COG	0	1
group_9317	cloud	1	sin_COG	0	1
group_9315	cloud	1	sin_COG	0	1
group_9313	cloud	1	sin_COG	0	1
group_9311	cloud	1	sin_COG	0	1
group_9307	cloud	1	sin_COG	0	1
group_9306	cloud	1	sin_COG	0	1
group_9305	cloud	1	sin_COG	0	1
group_9304	cloud	1	sin_COG	0	1
group_9303	cloud	1	sin_COG	0	1
group_9302	cloud	1	sin_COG	0	1
group_9301	cloud	1	sin_COG	0	1
group_9300	cloud	1	sin_COG	0	1
group_9299	cloud	1	sin_COG	0	1
group_9298	cloud	1	sin_COG	0	1
group_9296	cloud	1	sin_COG	0	1
sduA	cloud	1	sin_COG	0	1
group_9295	cloud	1	sin_COG	0	1
group_9294	cloud	1	sin_COG	0	1
group_9293	cloud	1	sin_COG	0	1
group_9292	cloud	1	sin_COG	0	1
cntD	cloud	1	sin_COG	0	1
group_9291	cloud	1	sin_COG	0	1
group_9290	cloud	1	sin_COG	0	1
group_9287	cloud	1	sin_COG	0	1
group_9285	cloud	1	sin_COG	0	1
group_9284	cloud	1	sin_COG	0	1
group_9283	cloud	1	sin_COG	0	1
group_9282	cloud	1	sin_COG	0	1
group_9279	cloud	1	sin_COG	0	1
group_9278	cloud	1	sin_COG	0	1
group_9277	cloud	1	sin_COG	0	1
group_9275	cloud	1	sin_COG	0	1
group_9274	cloud	1	sin_COG	0	1
group_9273	cloud	1	sin_COG	0	1
group_9272	cloud	1	sin_COG	0	1
group_9271	cloud	1	sin_COG	0	1
group_9267	exclusivo	0	sin_COG	0	1
group_9266	cloud	1	sin_COG	0	1
group_9265	cloud	1	sin_COG	0	1
group_9264	cloud	1	sin_COG	0	1
group_9263	cloud	1	sin_COG	0	1
group_9262	cloud	1	sin_COG	0	1
group_9260	cloud	1	sin_COG	0	1
group_9257	cloud	1	sin_COG	0	1
group_9256	cloud	1	sin_COG	0	1
group_9255	cloud	1	sin_COG	0	1
group_9254	cloud	1	sin_COG	0	1
group_9253	cloud	1	sin_COG	0	1
group_9250	cloud	1	sin_COG	0	1
group_9248	cloud	1	sin_COG	0	1
group_9247	cloud	1	sin_COG	0	1
group_9245	cloud	1	sin_COG	0	1
group_9244	cloud	1	sin_COG	0	1
group_9243	cloud	1	sin_COG	0	1
group_9242	cloud	1	sin_COG	0	1
group_9241	cloud	1	sin_COG	0	1
group_9240	cloud	1	sin_COG	0	1
group_9236	cloud	1	sin_COG	0	1
group_9235	cloud	1	sin_COG	0	1
group_9230	cloud	1	sin_COG	0	1
group_9229	cloud	1	sin_COG	0	1
group_9228	cloud	1	sin_COG	0	1
group_9224	cloud	1	sin_COG	0	1
group_9223	cloud	1	sin_COG	0	1
group_9222	cloud	1	sin_COG	0	1
group_9221	cloud	1	sin_COG	0	1
group_9220	cloud	1	sin_COG	0	1
group_9219	cloud	1	sin_COG	0	1
group_9217	cloud	1	sin_COG	0	1
group_9216	cloud	1	sin_COG	0	1
group_9215	cloud	1	sin_COG	0	1
group_9214	cloud	1	sin_COG	0	1
group_9212	cloud	1	sin_COG	0	1
group_9210	cloud	1	sin_COG	0	1
group_9208	cloud	1	sin_COG	0	1
group_9207	cloud	1	sin_COG	0	1
group_9206	cloud	1	sin_COG	0	1
group_9205	cloud	1	sin_COG	0	1
group_9203	cloud	1	sin_COG	0	1
group_9202	cloud	1	sin_COG	0	1
group_9201	cloud	1	sin_COG	0	1
group_9200	cloud	1	sin_COG	0	1
group_9199	cloud	1	sin_COG	0	1
group_9198	cloud	1	sin_COG	0	1
group_9194	cloud	1	sin_COG	0	1
group_9192	cloud	1	sin_COG	0	1
group_9191	cloud	1	sin_COG	0	1
group_9190	cloud	1	sin_COG	0	1
group_9187	cloud	1	sin_COG	0	1
group_9185	cloud	1	sin_COG	0	1
group_9184	cloud	1	sin_COG	0	1
group_9182	cloud	1	sin_COG	0	1
group_9179	cloud	1	sin_COG	0	1
group_9178	cloud	1	sin_COG	0	1
group_9177	cloud	1	sin_COG	0	1
group_9176	cloud	1	sin_COG	0	1
group_9175	cloud	1	sin_COG	0	1
group_9174	cloud	1	sin_COG	0	1
group_9173	cloud	1	sin_COG	0	1
group_9172	cloud	1	sin_COG	0	1
group_9169	cloud	1	sin_COG	0	1
group_9168	cloud	1	sin_COG	0	1
group_9167	cloud	1	sin_COG	0	1
group_9166	cloud	1	sin_COG	0	1
group_9165	cloud	1	sin_COG	0	1
group_9164	cloud	1	sin_COG	0	1
group_9161	cloud	1	sin_COG	0	1
phnC	cloud	1	sin_COG	0	1
group_9158	cloud	1	sin_COG	0	1
group_9157	cloud	1	sin_COG	0	1
group_9156	cloud	1	sin_COG	0	1
group_9155	cloud	1	sin_COG	0	1
group_9152	cloud	1	sin_COG	0	1
group_9151	cloud	1	sin_COG	0	1
group_9149	cloud	1	sin_COG	0	1
group_9147	cloud	1	sin_COG	0	1
group_9146	cloud	1	sin_COG	0	1
group_9145	cloud	1	sin_COG	0	1
group_9144	cloud	1	sin_COG	0	1
group_9143	cloud	1	sin_COG	0	1
group_9142	cloud	1	sin_COG	0	1
group_9140	cloud	1	sin_COG	0	1
group_9139	cloud	1	sin_COG	0	1
group_9138	cloud	1	sin_COG	0	1
group_9137	cloud	1	sin_COG	0	1
group_9135	cloud	1	sin_COG	0	1
group_9134	cloud	1	sin_COG	0	1
group_9132	cloud	1	sin_COG	0	1
group_9131	cloud	1	sin_COG	0	1
group_9130	cloud	1	sin_COG	0	1
group_9128	cloud	1	sin_COG	0	1
group_9126	cloud	1	sin_COG	0	1
group_9124	cloud	1	sin_COG	0	1
group_9122	cloud	1	sin_COG	0	1
lgt	cloud	1	sin_COG	0	1
group_9119	cloud	1	sin_COG	0	1
group_9116	cloud	1	sin_COG	0	1
group_9115	cloud	1	sin_COG	0	1
group_9114	cloud	1	sin_COG	0	1
group_9112	cloud	1	sin_COG	0	1
group_9111	cloud	1	sin_COG	0	1
group_9110	cloud	1	sin_COG	0	1
group_9109	cloud	1	sin_COG	0	1
group_9106	cloud	1	sin_COG	0	1
group_9104	cloud	1	sin_COG	0	1
group_9102	cloud	1	sin_COG	0	1
group_9101	cloud	1	sin_COG	0	1
group_9098	cloud	1	sin_COG	0	1
group_9097	cloud	1	sin_COG	0	1
yecA	cloud	1	sin_COG	0	1
group_9096	cloud	1	sin_COG	0	1
group_9095	cloud	1	sin_COG	0	1
group_9094	cloud	1	sin_COG	0	1
group_9093	cloud	1	sin_COG	0	1
group_9092	cloud	1	sin_COG	0	1
group_9091	cloud	1	sin_COG	0	1
group_9090	cloud	1	sin_COG	0	1
group_9089	cloud	1	sin_COG	0	1
group_9088	cloud	1	sin_COG	0	1
group_9087	cloud	1	sin_COG	0	1
group_9086	cloud	1	sin_COG	0	1
group_9085	cloud	1	sin_COG	0	1
group_9084	cloud	1	sin_COG	0	1
group_9083	cloud	1	sin_COG	0	1
group_9082	cloud	1	sin_COG	0	1
group_9081	cloud	1	sin_COG	0	1
group_9080	cloud	1	sin_COG	0	1
group_9078	cloud	1	sin_COG	0	1
group_9077	cloud	1	sin_COG	0	1
group_9076	cloud	1	sin_COG	0	1
nmrA	cloud	1	sin_COG	0	1
group_9075	cloud	1	sin_COG	0	1
group_9074	cloud	1	sin_COG	0	1
group_9070	cloud	1	sin_COG	0	1
group_9069	cloud	1	sin_COG	0	1
group_9066	cloud	1	sin_COG	0	1
group_9065	cloud	1	sin_COG	0	1
group_9063	cloud	1	sin_COG	0	1
group_9059	cloud	1	sin_COG	0	1
group_9058	cloud	1	sin_COG	0	1
group_9057	cloud	1	sin_COG	0	1
group_9056	cloud	1	sin_COG	0	1
group_9055	cloud	1	sin_COG	0	1
group_9054	cloud	1	E	1	1
group_9052	cloud	1	sin_COG	0	1
group_9051	cloud	1	sin_COG	0	1
group_9048	cloud	1	sin_COG	0	1
group_9047	cloud	1	sin_COG	0	1
group_9046	cloud	1	sin_COG	0	1
group_9045	cloud	1	sin_COG	0	1
group_9043	cloud	1	sin_COG	0	1
group_9042	cloud	1	sin_COG	0	1
group_9041	cloud	1	sin_COG	0	1
group_9040	cloud	1	sin_COG	0	1
group_9039	cloud	1	sin_COG	0	1
group_9037	cloud	1	sin_COG	0	1
group_9036	cloud	1	sin_COG	0	1
group_9035	cloud	1	sin_COG	0	1
group_9034	cloud	1	sin_COG	0	1
group_9033	cloud	1	sin_COG	0	1
group_9032	cloud	1	sin_COG	0	1
group_9031	cloud	1	sin_COG	0	1
group_9030	cloud	1	sin_COG	0	1
group_9029	cloud	1	sin_COG	0	1
group_9027	cloud	1	sin_COG	0	1
group_9026	cloud	1	sin_COG	0	1
group_9025	cloud	1	sin_COG	0	1
group_9023	cloud	1	sin_COG	0	1
group_9022	cloud	1	sin_COG	0	1
group_9020	cloud	1	sin_COG	0	1
group_9018	cloud	1	sin_COG	0	1
group_9017	cloud	1	sin_COG	0	1
group_9016	cloud	1	sin_COG	0	1
group_9015	cloud	1	sin_COG	0	1
group_9013	cloud	1	sin_COG	0	1
group_9012	cloud	1	sin_COG	0	1
group_9009	cloud	1	sin_COG	0	1
group_9008	cloud	1	sin_COG	0	1
group_9006	cloud	1	sin_COG	0	1
group_9003	cloud	1	sin_COG	0	1
group_9001	cloud	1	sin_COG	0	1
group_9000	cloud	1	sin_COG	0	1
group_8999	cloud	1	sin_COG	0	1
group_8998	cloud	1	sin_COG	0	1
group_8997	cloud	1	I	1	1
group_8996	cloud	1	sin_COG	0	1
group_8995	cloud	1	sin_COG	0	1
group_8991	cloud	1	sin_COG	0	1
group_8988	cloud	1	sin_COG	0	1
group_8987	cloud	1	sin_COG	0	1
group_8986	cloud	1	sin_COG	0	1
group_8985	cloud	1	sin_COG	0	1
group_8984	cloud	1	sin_COG	0	1
group_8983	cloud	1	sin_COG	0	1
hipA	cloud	1	sin_COG	0	1
group_8981	cloud	1	sin_COG	0	1
group_8980	cloud	1	sin_COG	0	1
group_8979	cloud	1	sin_COG	0	1
group_8977	cloud	1	sin_COG	0	1
group_8976	cloud	1	sin_COG	0	1
group_8975	cloud	1	sin_COG	0	1
group_8974	cloud	1	sin_COG	0	1
group_8972	cloud	1	sin_COG	0	1
group_8971	cloud	1	sin_COG	0	1
group_8970	cloud	1	sin_COG	0	1
group_8968	cloud	1	sin_COG	0	1
group_8965	cloud	1	sin_COG	0	1
group_8964	cloud	1	sin_COG	0	1
group_8963	cloud	1	sin_COG	0	1
group_8962	cloud	1	sin_COG	0	1
group_8958	cloud	1	sin_COG	0	1
group_8957	cloud	1	sin_COG	0	1
group_8955	cloud	1	sin_COG	0	1
group_8954	cloud	1	sin_COG	0	1
group_8953	cloud	1	sin_COG	0	1
group_8951	cloud	1	sin_COG	0	1
group_8950	cloud	1	sin_COG	0	1
group_8949	cloud	1	sin_COG	0	1
group_8948	cloud	1	sin_COG	0	1
group_8946	cloud	1	sin_COG	0	1
group_8944	cloud	1	sin_COG	0	1
group_8943	cloud	1	sin_COG	0	1
group_8941	cloud	1	sin_COG	0	1
group_8940	cloud	1	sin_COG	0	1
group_8936	cloud	1	sin_COG	0	1
group_8930	cloud	1	sin_COG	0	1
group_8929	cloud	1	sin_COG	0	1
group_8928	cloud	1	sin_COG	0	1
group_8927	cloud	1	sin_COG	0	1
group_8926	cloud	1	sin_COG	0	1
group_8925	cloud	1	sin_COG	0	1
group_8924	cloud	1	E	1	1
group_8923	cloud	1	sin_COG	0	1
group_8922	cloud	1	sin_COG	0	1
group_8921	cloud	1	sin_COG	0	1
group_8920	cloud	1	sin_COG	0	1
group_8919	cloud	1	sin_COG	0	1
group_8918	cloud	1	sin_COG	0	1
group_8917	cloud	1	sin_COG	0	1
group_8916	cloud	1	sin_COG	0	1
group_8915	cloud	1	sin_COG	0	1
group_8913	cloud	1	sin_COG	0	1
group_8912	cloud	1	sin_COG	0	1
group_8911	cloud	1	sin_COG	0	1
group_8910	cloud	1	sin_COG	0	1
group_8909	cloud	1	sin_COG	0	1
group_8908	cloud	1	sin_COG	0	1
group_8907	cloud	1	sin_COG	0	1
group_8905	cloud	1	sin_COG	0	1
group_8904	cloud	1	sin_COG	0	1
group_8903	cloud	1	sin_COG	0	1
group_8902	cloud	1	sin_COG	0	1
group_8901	cloud	1	sin_COG	0	1
group_8900	cloud	1	sin_COG	0	1
group_8895	cloud	1	sin_COG	0	1
group_8894	cloud	1	sin_COG	0	1
group_8893	cloud	1	sin_COG	0	1
group_8892	cloud	1	sin_COG	0	1
group_8891	cloud	1	sin_COG	0	1
group_8890	cloud	1	sin_COG	0	1
group_8887	cloud	1	sin_COG	0	1
group_8886	cloud	1	sin_COG	0	1
group_8885	cloud	1	sin_COG	0	1
group_8884	cloud	1	sin_COG	0	1
licT	cloud	1	sin_COG	0	1
group_8880	cloud	1	sin_COG	0	1
group_8877	cloud	1	sin_COG	0	1
group_8876	cloud	1	sin_COG	0	1
group_8872	cloud	1	sin_COG	0	1
group_8870	cloud	1	sin_COG	0	1
group_8869	cloud	1	sin_COG	0	1
group_8868	cloud	1	sin_COG	0	1
group_8866	cloud	1	sin_COG	0	1
group_8865	cloud	1	sin_COG	0	1
group_8864	cloud	1	Q	1	1
group_8863	cloud	1	sin_COG	0	1
group_8860	cloud	1	sin_COG	0	1
group_8859	cloud	1	sin_COG	0	1
group_8858	cloud	1	sin_COG	0	1
group_8857	cloud	1	sin_COG	0	1
group_8856	cloud	1	sin_COG	0	1
group_8855	cloud	1	sin_COG	0	1
group_8853	cloud	1	sin_COG	0	1
group_8850	cloud	1	sin_COG	0	1
group_8849	cloud	1	sin_COG	0	1
group_8848	cloud	1	sin_COG	0	1
group_8847	cloud	1	sin_COG	0	1
group_8846	cloud	1	sin_COG	0	1
group_8844	cloud	1	sin_COG	0	1
group_8843	cloud	1	sin_COG	0	1
group_8841	cloud	1	sin_COG	0	1
group_8839	cloud	1	sin_COG	0	1
group_8837	cloud	1	sin_COG	0	1
group_8836	cloud	1	sin_COG	0	1
group_8835	cloud	1	sin_COG	0	1
group_8834	cloud	1	sin_COG	0	1
group_8833	cloud	1	sin_COG	0	1
group_8832	cloud	1	sin_COG	0	1
group_8831	cloud	1	sin_COG	0	1
group_8828	cloud	1	sin_COG	0	1
group_8826	cloud	1	sin_COG	0	1
group_8825	cloud	1	sin_COG	0	1
group_8824	cloud	1	sin_COG	0	1
group_8823	cloud	1	sin_COG	0	1
group_8822	cloud	1	sin_COG	0	1
group_8821	cloud	1	sin_COG	0	1
group_8820	cloud	1	sin_COG	0	1
group_8819	cloud	1	sin_COG	0	1
group_8818	cloud	1	sin_COG	0	1
group_8816	cloud	1	sin_COG	0	1
group_8815	cloud	1	sin_COG	0	1
group_8809	cloud	1	sin_COG	0	1
group_8808	cloud	1	sin_COG	0	1
group_8806	cloud	1	sin_COG	0	1
group_8805	cloud	1	sin_COG	0	1
group_8804	cloud	1	sin_COG	0	1
group_8800	cloud	1	sin_COG	0	1
group_8799	cloud	1	sin_COG	0	1
group_8796	cloud	1	sin_COG	0	1
group_8795	cloud	1	sin_COG	0	1
group_8794	cloud	1	sin_COG	0	1
group_8793	cloud	1	sin_COG	0	1
group_8791	cloud	1	sin_COG	0	1
group_8789	cloud	1	sin_COG	0	1
group_8788	cloud	1	sin_COG	0	1
group_8786	cloud	1	sin_COG	0	1
group_8785	cloud	1	sin_COG	0	1
group_8784	cloud	1	sin_COG	0	1
group_8783	cloud	1	sin_COG	0	1
group_8781	cloud	1	sin_COG	0	1
group_8780	cloud	1	sin_COG	0	1
group_8779	cloud	1	sin_COG	0	1
group_8778	cloud	1	sin_COG	0	1
group_8777	cloud	1	sin_COG	0	1
group_8776	cloud	1	sin_COG	0	1
group_8775	cloud	1	sin_COG	0	1
group_8774	cloud	1	sin_COG	0	1
group_8772	cloud	1	sin_COG	0	1
group_8771	cloud	1	sin_COG	0	1
group_8767	cloud	1	sin_COG	0	1
group_8766	cloud	1	sin_COG	0	1
group_8765	cloud	1	sin_COG	0	1
group_8764	cloud	1	sin_COG	0	1
group_8763	cloud	1	sin_COG	0	1
group_8762	cloud	1	sin_COG	0	1
group_8761	cloud	1	sin_COG	0	1
group_8759	cloud	1	sin_COG	0	1
group_8758	cloud	1	sin_COG	0	1
group_8757	cloud	1	sin_COG	0	1
group_8756	cloud	1	sin_COG	0	1
group_8755	cloud	1	sin_COG	0	1
group_8751	cloud	1	sin_COG	0	1
group_8750	cloud	1	sin_COG	0	1
group_8749	cloud	1	sin_COG	0	1
group_8747	cloud	1	sin_COG	0	1
group_8746	cloud	1	sin_COG	0	1
group_8743	cloud	1	sin_COG	0	1
group_8742	exclusivo	0	sin_COG	0	1
group_8741	cloud	1	sin_COG	0	1
group_8740	cloud	1	sin_COG	0	1
group_8739	cloud	1	sin_COG	0	1
group_8738	cloud	1	sin_COG	0	1
group_8737	cloud	1	sin_COG	0	1
group_8735	cloud	1	sin_COG	0	1
group_8734	cloud	1	sin_COG	0	1
group_8733	cloud	1	sin_COG	0	1
group_8732	cloud	1	sin_COG	0	1
group_8731	cloud	1	sin_COG	0	1
group_8730	cloud	1	sin_COG	0	1
group_8728	cloud	1	sin_COG	0	1
group_8726	cloud	1	sin_COG	0	1
group_8725	cloud	1	sin_COG	0	1
group_8724	cloud	1	sin_COG	0	1
group_8722	cloud	1	sin_COG	0	1
group_8719	cloud	1	sin_COG	0	1
group_8718	cloud	1	sin_COG	0	1
group_8717	cloud	1	sin_COG	0	1
group_8716	cloud	1	sin_COG	0	1
group_8715	cloud	1	sin_COG	0	1
group_8713	cloud	1	sin_COG	0	1
group_8712	cloud	1	sin_COG	0	1
group_8711	cloud	1	sin_COG	0	1
group_8710	cloud	1	sin_COG	0	1
group_8705	cloud	1	sin_COG	0	1
group_8704	cloud	1	sin_COG	0	1
group_8703	cloud	1	sin_COG	0	1
group_8701	cloud	1	sin_COG	0	1
group_8700	cloud	1	sin_COG	0	1
group_8699	cloud	1	sin_COG	0	1
group_8698	cloud	1	sin_COG	0	1
group_8697	cloud	1	sin_COG	0	1
group_8696	cloud	1	sin_COG	0	1
group_8695	cloud	1	sin_COG	0	1
group_8694	cloud	1	sin_COG	0	1
group_8693	cloud	1	sin_COG	0	1
group_8692	cloud	1	sin_COG	0	1
group_8691	cloud	1	sin_COG	0	1
group_8690	cloud	1	sin_COG	0	1
group_8689	cloud	1	sin_COG	0	1
group_8688	cloud	1	sin_COG	0	1
group_8687	cloud	1	sin_COG	0	1
group_8686	cloud	1	sin_COG	0	1
group_8685	cloud	1	sin_COG	0	1
group_8684	cloud	1	sin_COG	0	1
group_8683	cloud	1	sin_COG	0	1
group_8682	cloud	1	sin_COG	0	1
group_8681	cloud	1	sin_COG	0	1
group_8680	cloud	1	sin_COG	0	1
group_8676	cloud	1	sin_COG	0	1
group_8675	cloud	1	sin_COG	0	1
group_8674	cloud	1	sin_COG	0	1
group_8671	cloud	1	sin_COG	0	1
group_8670	cloud	1	sin_COG	0	1
group_8666	cloud	1	sin_COG	0	1
group_8658	cloud	1	sin_COG	0	1
group_8657	cloud	1	sin_COG	0	1
group_8656	cloud	1	sin_COG	0	1
group_8655	cloud	1	sin_COG	0	1
group_8653	cloud	1	sin_COG	0	1
group_8652	cloud	1	sin_COG	0	1
group_8650	cloud	1	sin_COG	0	1
group_8649	cloud	1	sin_COG	0	1
group_8648	cloud	1	sin_COG	0	1
group_8646	cloud	1	sin_COG	0	1
group_8645	cloud	1	sin_COG	0	1
group_8644	cloud	1	sin_COG	0	1
group_8643	cloud	1	sin_COG	0	1
group_8642	cloud	1	sin_COG	0	1
group_8641	cloud	1	sin_COG	0	1
group_8640	cloud	1	sin_COG	0	1
group_8639	cloud	1	sin_COG	0	1
group_8638	cloud	1	sin_COG	0	1
group_8637	cloud	1	sin_COG	0	1
group_8635	cloud	1	sin_COG	0	1
group_8629	cloud	1	sin_COG	0	1
group_8628	cloud	1	sin_COG	0	1
group_8626	cloud	1	sin_COG	0	1
group_8624	cloud	1	sin_COG	0	1
group_8623	cloud	1	G	1	1
group_8622	cloud	1	sin_COG	0	1
group_8621	cloud	1	sin_COG	0	1
group_8620	cloud	1	sin_COG	0	1
group_8618	cloud	1	sin_COG	0	1
group_8617	cloud	1	sin_COG	0	1
group_8614	cloud	1	sin_COG	0	1
group_8611	cloud	1	sin_COG	0	1
group_8610	cloud	1	sin_COG	0	1
group_8608	cloud	1	H	1	1
group_8606	cloud	1	sin_COG	0	1
group_8604	cloud	1	K	1	1
group_8603	cloud	1	sin_COG	0	1
group_8602	cloud	1	sin_COG	0	1
group_8601	cloud	1	sin_COG	0	1
group_8600	cloud	1	sin_COG	0	1
group_8597	cloud	1	sin_COG	0	1
group_8596	cloud	1	sin_COG	0	1
group_8595	cloud	1	sin_COG	0	1
group_8594	cloud	1	sin_COG	0	1
group_8593	cloud	1	sin_COG	0	1
group_8592	cloud	1	sin_COG	0	1
group_8591	cloud	1	sin_COG	0	1
group_8590	cloud	1	sin_COG	0	1
group_8587	cloud	1	sin_COG	0	1
group_8586	cloud	1	sin_COG	0	1
group_8585	cloud	1	sin_COG	0	1
group_8584	cloud	1	sin_COG	0	1
group_8583	cloud	1	sin_COG	0	1
group_8582	cloud	1	sin_COG	0	1
group_8581	cloud	1	sin_COG	0	1
group_8579	cloud	1	sin_COG	0	1
group_8578	cloud	1	sin_COG	0	1
group_8577	cloud	1	sin_COG	0	1
group_8576	cloud	1	sin_COG	0	1
group_8575	cloud	1	sin_COG	0	1
group_8574	cloud	1	sin_COG	0	1
group_8572	cloud	1	sin_COG	0	1
group_8569	cloud	1	sin_COG	0	1
group_8567	cloud	1	sin_COG	0	1
group_8565	cloud	1	sin_COG	0	1
group_8557	cloud	1	sin_COG	0	1
group_8556	cloud	1	sin_COG	0	1
group_8555	cloud	1	sin_COG	0	1
group_8554	cloud	1	sin_COG	0	1
group_8553	cloud	1	sin_COG	0	1
group_8552	cloud	1	sin_COG	0	1
group_8550	cloud	1	sin_COG	0	1
group_8549	cloud	1	sin_COG	0	1
group_8547	cloud	1	sin_COG	0	1
group_8546	cloud	1	sin_COG	0	1
group_8544	cloud	1	sin_COG	0	1
group_8543	cloud	1	sin_COG	0	1
group_8542	cloud	1	sin_COG	0	1
group_8540	cloud	1	sin_COG	0	1
group_8538	cloud	1	sin_COG	0	1
group_8537	cloud	1	sin_COG	0	1
group_8533	cloud	1	sin_COG	0	1
group_8532	cloud	1	sin_COG	0	1
group_8531	cloud	1	sin_COG	0	1
group_8530	cloud	1	sin_COG	0	1
group_8529	cloud	1	sin_COG	0	1
group_8528	cloud	1	sin_COG	0	1
group_8527	cloud	1	sin_COG	0	1
yonK	cloud	1	sin_COG	0	1
group_8526	cloud	1	sin_COG	0	1
group_8525	cloud	1	sin_COG	0	1
group_8524	cloud	1	sin_COG	0	1
group_8523	cloud	1	sin_COG	0	1
group_8522	cloud	1	sin_COG	0	1
group_8520	cloud	1	sin_COG	0	1
group_8518	cloud	1	sin_COG	0	1
group_8517	cloud	1	sin_COG	0	1
group_8516	cloud	1	sin_COG	0	1
group_8514	cloud	1	sin_COG	0	1
group_8513	cloud	1	sin_COG	0	1
group_8512	cloud	1	sin_COG	0	1
group_8510	cloud	1	sin_COG	0	1
group_8509	cloud	1	sin_COG	0	1
group_8506	cloud	1	sin_COG	0	1
group_8505	cloud	1	sin_COG	0	1
group_8504	cloud	1	sin_COG	0	1
group_8503	cloud	1	sin_COG	0	1
group_8502	cloud	1	sin_COG	0	1
group_8500	cloud	1	sin_COG	0	1
group_8499	cloud	1	sin_COG	0	1
group_8495	cloud	1	sin_COG	0	1
group_8494	cloud	1	sin_COG	0	1
group_8492	cloud	1	sin_COG	0	1
group_8491	cloud	1	sin_COG	0	1
group_8490	cloud	1	sin_COG	0	1
group_8489	cloud	1	sin_COG	0	1
group_8488	cloud	1	sin_COG	0	1
group_8487	cloud	1	sin_COG	0	1
group_8485	cloud	1	sin_COG	0	1
group_8484	cloud	1	sin_COG	0	1
group_8478	cloud	1	sin_COG	0	1
group_8477	cloud	1	sin_COG	0	1
group_8474	cloud	1	sin_COG	0	1
group_8473	cloud	1	sin_COG	0	1
group_8472	cloud	1	sin_COG	0	1
group_8471	cloud	1	sin_COG	0	1
group_8469	cloud	1	sin_COG	0	1
group_8468	cloud	1	sin_COG	0	1
group_8467	cloud	1	sin_COG	0	1
group_8466	cloud	1	sin_COG	0	1
group_8465	cloud	1	sin_COG	0	1
group_8464	cloud	1	sin_COG	0	1
group_8459	cloud	1	sin_COG	0	1
group_8458	cloud	1	sin_COG	0	1
group_8457	cloud	1	sin_COG	0	1
group_8456	cloud	1	sin_COG	0	1
group_8455	cloud	1	sin_COG	0	1
group_8454	cloud	1	sin_COG	0	1
rfbA	cloud	1	sin_COG	0	1
group_8451	cloud	1	sin_COG	0	1
group_8449	cloud	1	sin_COG	0	1
group_8446	cloud	1	sin_COG	0	1
group_8445	cloud	1	sin_COG	0	1
group_8444	cloud	1	sin_COG	0	1
group_8443	cloud	1	M	1	1
mltR	cloud	1	sin_COG	0	1
group_8442	cloud	1	sin_COG	0	1
group_8440	cloud	1	sin_COG	0	1
group_8436	cloud	1	sin_COG	0	1
group_8429	cloud	1	sin_COG	0	1
group_8428	cloud	1	sin_COG	0	1
group_8427	cloud	1	sin_COG	0	1
group_8426	cloud	1	sin_COG	0	1
group_8425	cloud	1	sin_COG	0	1
group_8424	cloud	1	sin_COG	0	1
group_8422	cloud	1	sin_COG	0	1
group_8421	cloud	1	sin_COG	0	1
group_8420	cloud	1	sin_COG	0	1
group_8419	cloud	1	sin_COG	0	1
group_8418	cloud	1	sin_COG	0	1
group_8416	cloud	1	sin_COG	0	1
group_8415	cloud	1	sin_COG	0	1
group_8414	cloud	1	sin_COG	0	1
group_8413	cloud	1	sin_COG	0	1
group_8412	cloud	1	sin_COG	0	1
group_8411	exclusivo	0	sin_COG	0	1
group_8410	cloud	1	sin_COG	0	1
group_8409	cloud	1	sin_COG	0	1
group_8408	cloud	1	sin_COG	0	1
group_8407	cloud	1	sin_COG	0	1
group_8406	cloud	1	sin_COG	0	1
group_8405	cloud	1	sin_COG	0	1
group_8404	cloud	1	sin_COG	0	1
group_8403	cloud	1	sin_COG	0	1
group_8402	cloud	1	sin_COG	0	1
group_8398	cloud	1	sin_COG	0	1
group_8397	cloud	1	sin_COG	0	1
group_8396	cloud	1	sin_COG	0	1
cntC	cloud	1	sin_COG	0	1
group_8395	cloud	1	sin_COG	0	1
tnsA	cloud	1	sin_COG	0	1
group_8394	cloud	1	sin_COG	0	1
group_8393	cloud	1	sin_COG	0	1
group_8392	cloud	1	sin_COG	0	1
group_8391	cloud	1	sin_COG	0	1
group_8390	cloud	1	sin_COG	0	1
group_8387	cloud	1	sin_COG	0	1
group_8386	cloud	1	sin_COG	0	1
group_8385	cloud	1	sin_COG	0	1
group_8384	cloud	1	sin_COG	0	1
group_8383	cloud	1	sin_COG	0	1
tolA	cloud	1	sin_COG	0	1
group_8382	cloud	1	sin_COG	0	1
group_8381	cloud	1	sin_COG	0	1
group_8380	cloud	1	sin_COG	0	1
group_8379	cloud	1	sin_COG	0	1
group_8377	cloud	1	sin_COG	0	1
group_8376	cloud	1	sin_COG	0	1
group_8375	cloud	1	sin_COG	0	1
group_8374	cloud	1	sin_COG	0	1
group_8371	cloud	1	sin_COG	0	1
group_8369	cloud	1	sin_COG	0	1
group_8368	cloud	1	sin_COG	0	1
group_8366	cloud	1	sin_COG	0	1
group_8361	cloud	1	sin_COG	0	1
group_8357	cloud	1	sin_COG	0	1
group_8356	cloud	1	sin_COG	0	1
group_8355	cloud	1	sin_COG	0	1
group_8354	cloud	1	sin_COG	0	1
group_8353	cloud	1	sin_COG	0	1
group_8352	cloud	1	sin_COG	0	1
group_8351	cloud	1	sin_COG	0	1
group_8350	cloud	1	sin_COG	0	1
group_8349	cloud	1	sin_COG	0	1
group_8348	cloud	1	sin_COG	0	1
group_8347	cloud	1	sin_COG	0	1
group_8346	cloud	1	sin_COG	0	1
group_8344	cloud	1	sin_COG	0	1
group_8343	cloud	1	sin_COG	0	1
group_8342	cloud	1	sin_COG	0	1
group_8340	cloud	1	sin_COG	0	1
group_8339	cloud	1	sin_COG	0	1
group_8338	cloud	1	sin_COG	0	1
group_8337	cloud	1	sin_COG	0	1
group_8336	cloud	1	sin_COG	0	1
group_8333	cloud	1	sin_COG	0	1
group_8331	cloud	1	sin_COG	0	1
group_8328	cloud	1	sin_COG	0	1
group_8327	cloud	1	sin_COG	0	1
group_8326	cloud	1	sin_COG	0	1
group_8325	cloud	1	sin_COG	0	1
group_8324	cloud	1	sin_COG	0	1
group_8323	cloud	1	sin_COG	0	1
group_8321	cloud	1	sin_COG	0	1
group_8320	cloud	1	sin_COG	0	1
group_8319	cloud	1	sin_COG	0	1
group_8318	cloud	1	sin_COG	0	1
group_8317	cloud	1	sin_COG	0	1
group_8315	cloud	1	sin_COG	0	1
group_8313	cloud	1	sin_COG	0	1
group_8312	cloud	1	sin_COG	0	1
group_8311	cloud	1	sin_COG	0	1
group_8310	cloud	1	sin_COG	0	1
group_8309	cloud	1	sin_COG	0	1
group_8308	cloud	1	sin_COG	0	1
group_8307	cloud	1	sin_COG	0	1
group_8306	cloud	1	sin_COG	0	1
group_8305	cloud	1	sin_COG	0	1
group_8304	cloud	1	sin_COG	0	1
group_8301	cloud	1	sin_COG	0	1
group_8300	cloud	1	sin_COG	0	1
group_8299	cloud	1	C	1	1
group_8297	cloud	1	sin_COG	0	1
group_8294	cloud	1	sin_COG	0	1
group_8293	cloud	1	sin_COG	0	1
group_8292	cloud	1	sin_COG	0	1
group_8291	cloud	1	sin_COG	0	1
group_8290	cloud	1	sin_COG	0	1
group_8288	cloud	1	sin_COG	0	1
group_8286	cloud	1	sin_COG	0	1
group_8285	cloud	1	sin_COG	0	1
group_8284	cloud	1	sin_COG	0	1
group_8283	cloud	1	sin_COG	0	1
group_8282	cloud	1	sin_COG	0	1
group_8279	cloud	1	sin_COG	0	1
group_8278	cloud	1	sin_COG	0	1
group_8276	cloud	1	sin_COG	0	1
group_8273	cloud	1	sin_COG	0	1
group_8271	cloud	1	sin_COG	0	1
group_8270	cloud	1	sin_COG	0	1
group_8269	cloud	1	sin_COG	0	1
group_8268	cloud	1	sin_COG	0	1
group_8266	cloud	1	sin_COG	0	1
group_8264	cloud	1	sin_COG	0	1
group_8263	cloud	1	sin_COG	0	1
group_8262	cloud	1	sin_COG	0	1
group_8258	cloud	1	sin_COG	0	1
group_8257	cloud	1	sin_COG	0	1
group_8256	cloud	1	sin_COG	0	1
group_8255	cloud	1	sin_COG	0	1
group_8254	cloud	1	sin_COG	0	1
group_8251	cloud	1	sin_COG	0	1
group_8249	cloud	1	sin_COG	0	1
group_8248	cloud	1	sin_COG	0	1
group_8247	cloud	1	sin_COG	0	1
group_8245	cloud	1	sin_COG	0	1
group_8244	cloud	1	sin_COG	0	1
group_8243	cloud	1	sin_COG	0	1
group_8242	cloud	1	sin_COG	0	1
group_8241	cloud	1	sin_COG	0	1
group_8239	cloud	1	sin_COG	0	1
group_8238	cloud	1	sin_COG	0	1
group_8237	cloud	1	sin_COG	0	1
group_8236	cloud	1	sin_COG	0	1
group_8234	cloud	1	sin_COG	0	1
group_8231	cloud	1	sin_COG	0	1
group_8230	cloud	1	sin_COG	0	1
group_8228	cloud	1	sin_COG	0	1
group_8225	cloud	1	sin_COG	0	1
group_8223	cloud	1	sin_COG	0	1
group_8222	cloud	1	sin_COG	0	1
group_8221	cloud	1	sin_COG	0	1
group_8220	cloud	1	sin_COG	0	1
group_8219	cloud	1	sin_COG	0	1
group_8218	cloud	1	sin_COG	0	1
group_8216	cloud	1	sin_COG	0	1
group_8215	cloud	1	sin_COG	0	1
group_8214	cloud	1	sin_COG	0	1
group_8213	cloud	1	sin_COG	0	1
group_8212	cloud	1	sin_COG	0	1
gsiC	cloud	1	sin_COG	0	1
bltR2	cloud	1	T	1	1
group_8210	cloud	1	sin_COG	0	1
group_8209	cloud	1	sin_COG	0	1
group_8205	cloud	1	sin_COG	0	1
group_8203	exclusivo	0	sin_COG	0	1
group_8202	cloud	1	sin_COG	0	1
group_8201	cloud	1	sin_COG	0	1
group_8200	cloud	1	sin_COG	0	1
group_8199	cloud	1	sin_COG	0	1
group_8196	cloud	1	sin_COG	0	1
group_8195	cloud	1	sin_COG	0	1
group_8194	cloud	1	sin_COG	0	1
group_8193	cloud	1	sin_COG	0	1
group_8192	cloud	1	sin_COG	0	1
group_8190	cloud	1	sin_COG	0	1
group_8189	cloud	1	sin_COG	0	1
group_8187	cloud	1	sin_COG	0	1
group_8184	cloud	1	sin_COG	0	1
group_8183	cloud	1	sin_COG	0	1
group_8182	cloud	1	sin_COG	0	1
group_8181	cloud	1	sin_COG	0	1
group_8180	cloud	1	sin_COG	0	1
group_8179	cloud	1	sin_COG	0	1
group_8178	cloud	1	sin_COG	0	1
group_8177	cloud	1	sin_COG	0	1
group_8176	cloud	1	sin_COG	0	1
group_8175	cloud	1	sin_COG	0	1
group_8174	cloud	1	sin_COG	0	1
group_8173	cloud	1	sin_COG	0	1
group_8172	cloud	1	sin_COG	0	1
group_8171	cloud	1	sin_COG	0	1
group_8170	cloud	1	sin_COG	0	1
group_8168	cloud	1	sin_COG	0	1
group_8166	cloud	1	sin_COG	0	1
group_8164	cloud	1	sin_COG	0	1
group_8163	cloud	1	sin_COG	0	1
group_8162	cloud	1	sin_COG	0	1
group_8161	cloud	1	sin_COG	0	1
group_8158	cloud	1	sin_COG	0	1
group_8157	cloud	1	sin_COG	0	1
group_8156	cloud	1	sin_COG	0	1
group_8155	cloud	1	sin_COG	0	1
group_8154	cloud	1	sin_COG	0	1
group_8151	cloud	1	sin_COG	0	1
group_8150	cloud	1	sin_COG	0	1
group_8149	cloud	1	sin_COG	0	1
group_8148	cloud	1	sin_COG	0	1
group_8144	cloud	1	sin_COG	0	1
group_8143	cloud	1	sin_COG	0	1
group_8141	cloud	1	sin_COG	0	1
hpaI	cloud	1	sin_COG	0	1
group_8140	cloud	1	sin_COG	0	1
group_8138	cloud	1	sin_COG	0	1
rarD	cloud	1	sin_COG	0	1
opp1B	cloud	1	sin_COG	0	1
group_8136	cloud	1	sin_COG	0	1
group_8135	cloud	1	sin_COG	0	1
group_8133	cloud	1	sin_COG	0	1
group_8130	cloud	1	sin_COG	0	1
group_8129	cloud	1	sin_COG	0	1
group_8128	cloud	1	sin_COG	0	1
group_8127	cloud	1	sin_COG	0	1
group_8126	cloud	1	sin_COG	0	1
group_8123	cloud	1	sin_COG	0	1
group_8122	cloud	1	sin_COG	0	1
group_8121	cloud	1	Q	1	1
group_8120	cloud	1	sin_COG	0	1
group_8119	cloud	1	sin_COG	0	1
group_8118	cloud	1	sin_COG	0	1
group_8117	cloud	1	sin_COG	0	1
group_8116	cloud	1	sin_COG	0	1
group_8115	cloud	1	sin_COG	0	1
group_8114	cloud	1	sin_COG	0	1
group_8112	cloud	1	sin_COG	0	1
ligB	cloud	1	Q	1	1
group_8107	exclusivo	0	sin_COG	0	1
group_8105	cloud	1	sin_COG	0	1
group_8104	cloud	1	sin_COG	0	1
group_8103	cloud	1	sin_COG	0	1
group_8102	cloud	1	sin_COG	0	1
group_8101	cloud	1	sin_COG	0	1
group_8100	cloud	1	sin_COG	0	1
group_8099	cloud	1	sin_COG	0	1
group_8098	cloud	1	sin_COG	0	1
group_8097	cloud	1	sin_COG	0	1
group_8095	cloud	1	E	1	1
group_8094	cloud	1	sin_COG	0	1
group_8092	cloud	1	sin_COG	0	1
group_8091	cloud	1	sin_COG	0	1
group_8089	cloud	1	sin_COG	0	1
group_8088	cloud	1	sin_COG	0	1
group_8087	cloud	1	sin_COG	0	1
group_8086	cloud	1	sin_COG	0	1
group_8085	cloud	1	sin_COG	0	1
group_8081	cloud	1	sin_COG	0	1
group_8079	cloud	1	sin_COG	0	1
group_8078	cloud	1	sin_COG	0	1
group_8077	cloud	1	sin_COG	0	1
group_8074	cloud	1	sin_COG	0	1
group_8072	cloud	1	sin_COG	0	1
group_8071	cloud	1	sin_COG	0	1
group_8069	cloud	1	sin_COG	0	1
group_8068	cloud	1	sin_COG	0	1
group_8066	cloud	1	sin_COG	0	1
group_8064	cloud	1	sin_COG	0	1
group_8062	cloud	1	sin_COG	0	1
group_8061	cloud	1	sin_COG	0	1
group_8060	cloud	1	sin_COG	0	1
group_8059	cloud	1	sin_COG	0	1
group_8057	cloud	1	sin_COG	0	1
group_8056	cloud	1	sin_COG	0	1
group_8055	cloud	1	sin_COG	0	1
group_8053	cloud	1	sin_COG	0	1
group_8052	cloud	1	sin_COG	0	1
group_8051	cloud	1	sin_COG	0	1
group_8047	cloud	1	sin_COG	0	1
group_8042	cloud	1	sin_COG	0	1
group_8040	cloud	1	sin_COG	0	1
group_8039	cloud	1	sin_COG	0	1
group_8037	cloud	1	sin_COG	0	1
group_8036	cloud	1	sin_COG	0	1
group_8034	cloud	1	sin_COG	0	1
group_8033	cloud	1	sin_COG	0	1
lysX	cloud	1	E	1	1
group_8029	cloud	1	sin_COG	0	1
group_8026	cloud	1	sin_COG	0	1
group_8025	cloud	1	sin_COG	0	1
group_8024	cloud	1	sin_COG	0	1
group_8022	cloud	1	sin_COG	0	1
group_8021	cloud	1	sin_COG	0	1
group_8019	cloud	1	sin_COG	0	1
group_8018	cloud	1	sin_COG	0	1
group_8016	cloud	1	sin_COG	0	1
group_8014	cloud	1	sin_COG	0	1
group_8012	exclusivo	0	sin_COG	0	1
group_8011	cloud	1	sin_COG	0	1
group_8010	cloud	1	sin_COG	0	1
group_8009	cloud	1	sin_COG	0	1
group_8006	cloud	1	sin_COG	0	1
group_8004	cloud	1	sin_COG	0	1
group_8003	cloud	1	sin_COG	0	1
group_8001	cloud	1	sin_COG	0	1
group_7999	cloud	1	sin_COG	0	1
group_7998	cloud	1	sin_COG	0	1
group_7997	cloud	1	sin_COG	0	1
group_7996	cloud	1	sin_COG	0	1
group_7995	cloud	1	sin_COG	0	1
group_7994	cloud	1	sin_COG	0	1
group_7993	cloud	1	sin_COG	0	1
group_7992	cloud	1	sin_COG	0	1
group_7989	cloud	1	sin_COG	0	1
group_7988	cloud	1	sin_COG	0	1
group_7987	cloud	1	sin_COG	0	1
group_7986	exclusivo	0	sin_COG	0	1
group_7985	cloud	1	sin_COG	0	1
group_7984	cloud	1	sin_COG	0	1
group_7983	cloud	1	sin_COG	0	1
group_7982	cloud	1	sin_COG	0	1
group_7981	cloud	1	sin_COG	0	1
group_7980	cloud	1	sin_COG	0	1
group_7979	cloud	1	sin_COG	0	1
group_7978	cloud	1	sin_COG	0	1
group_7977	cloud	1	sin_COG	0	1
group_7976	cloud	1	sin_COG	0	1
group_7975	cloud	1	sin_COG	0	1
group_7974	cloud	1	sin_COG	0	1
group_7973	cloud	1	sin_COG	0	1
group_7972	cloud	1	sin_COG	0	1
group_7971	cloud	1	sin_COG	0	1
group_7970	cloud	1	sin_COG	0	1
group_7969	cloud	1	sin_COG	0	1
group_7968	cloud	1	sin_COG	0	1
group_7967	cloud	1	sin_COG	0	1
group_7966	cloud	1	sin_COG	0	1
group_7965	cloud	1	sin_COG	0	1
group_7964	cloud	1	sin_COG	0	1
group_7960	cloud	1	sin_COG	0	1
group_7959	cloud	1	sin_COG	0	1
group_7958	cloud	1	sin_COG	0	1
group_7955	cloud	1	sin_COG	0	1
group_7952	cloud	1	sin_COG	0	1
group_7951	cloud	1	sin_COG	0	1
group_7950	cloud	1	sin_COG	0	1
group_7949	cloud	1	sin_COG	0	1
hcaB	cloud	1	I	1	1
group_7944	cloud	1	sin_COG	0	1
group_7943	cloud	1	sin_COG	0	1
group_7941	cloud	1	sin_COG	0	1
group_7940	cloud	1	sin_COG	0	1
group_7939	cloud	1	sin_COG	0	1
group_7937	cloud	1	sin_COG	0	1
group_7936	cloud	1	sin_COG	0	1
group_7935	cloud	1	sin_COG	0	1
group_7934	cloud	1	sin_COG	0	1
group_7932	cloud	1	S	1	1
group_7930	cloud	1	sin_COG	0	1
group_7929	cloud	1	sin_COG	0	1
group_7928	cloud	1	sin_COG	0	1
group_7927	cloud	1	sin_COG	0	1
group_7926	cloud	1	sin_COG	0	1
group_7923	cloud	1	sin_COG	0	1
group_7916	cloud	1	sin_COG	0	1
group_7915	cloud	1	sin_COG	0	1
group_7914	cloud	1	sin_COG	0	1
group_7913	cloud	1	sin_COG	0	1
group_7912	cloud	1	sin_COG	0	1
group_7910	cloud	1	sin_COG	0	1
group_7909	cloud	1	sin_COG	0	1
group_7908	cloud	1	sin_COG	0	1
group_7907	cloud	1	sin_COG	0	1
group_7906	cloud	1	sin_COG	0	1
group_7905	cloud	1	sin_COG	0	1
yozE	cloud	1	sin_COG	0	1
parA	cloud	1	sin_COG	0	1
group_7901	cloud	1	sin_COG	0	1
group_7900	cloud	1	sin_COG	0	1
group_7899	cloud	1	sin_COG	0	1
group_7898	cloud	1	sin_COG	0	1
group_7897	cloud	1	sin_COG	0	1
group_7895	cloud	1	sin_COG	0	1
group_7892	cloud	1	sin_COG	0	1
group_7890	cloud	1	sin_COG	0	1
group_7889	cloud	1	sin_COG	0	1
group_7888	cloud	1	sin_COG	0	1
group_7887	cloud	1	sin_COG	0	1
group_7886	cloud	1	sin_COG	0	1
group_7885	cloud	1	sin_COG	0	1
group_7884	cloud	1	sin_COG	0	1
group_7883	cloud	1	sin_COG	0	1
group_7882	cloud	1	sin_COG	0	1
group_7881	cloud	1	sin_COG	0	1
group_7880	cloud	1	sin_COG	0	1
group_7879	cloud	1	sin_COG	0	1
group_7878	cloud	1	sin_COG	0	1
group_7875	cloud	1	sin_COG	0	1
group_7873	cloud	1	sin_COG	0	1
group_7871	cloud	1	sin_COG	0	1
group_7870	cloud	1	sin_COG	0	1
group_7869	cloud	1	sin_COG	0	1
group_7868	cloud	1	sin_COG	0	1
group_7862	cloud	1	sin_COG	0	1
group_7861	cloud	1	sin_COG	0	1
group_7860	cloud	1	sin_COG	0	1
group_7859	cloud	1	sin_COG	0	1
group_7858	cloud	1	sin_COG	0	1
group_7857	cloud	1	sin_COG	0	1
group_7856	cloud	1	sin_COG	0	1
group_7855	cloud	1	sin_COG	0	1
group_7854	cloud	1	E	1	1
group_7852	cloud	1	sin_COG	0	1
group_7851	cloud	1	sin_COG	0	1
group_7850	cloud	1	sin_COG	0	1
group_7848	cloud	1	sin_COG	0	1
group_7845	cloud	1	sin_COG	0	1
group_7844	cloud	1	sin_COG	0	1
group_7842	cloud	1	sin_COG	0	1
group_7841	cloud	1	sin_COG	0	1
group_7839	cloud	1	sin_COG	0	1
group_7838	cloud	1	sin_COG	0	1
group_7836	cloud	1	sin_COG	0	1
group_7835	cloud	1	sin_COG	0	1
group_7833	cloud	1	sin_COG	0	1
group_7832	cloud	1	sin_COG	0	1
group_7829	cloud	1	sin_COG	0	1
group_7828	cloud	1	sin_COG	0	1
group_7826	cloud	1	sin_COG	0	1
group_7824	cloud	1	sin_COG	0	1
group_7823	cloud	1	sin_COG	0	1
group_7821	cloud	1	sin_COG	0	1
group_7820	cloud	1	sin_COG	0	1
group_7819	cloud	1	sin_COG	0	1
group_7817	cloud	1	sin_COG	0	1
group_7816	cloud	1	sin_COG	0	1
group_7815	cloud	1	sin_COG	0	1
group_7814	cloud	1	sin_COG	0	1
group_7813	cloud	1	sin_COG	0	1
group_7812	cloud	1	sin_COG	0	1
group_7811	cloud	1	sin_COG	0	1
group_7810	cloud	1	sin_COG	0	1
group_7809	cloud	1	sin_COG	0	1
group_7808	cloud	1	sin_COG	0	1
group_7805	cloud	1	sin_COG	0	1
group_7803	cloud	1	sin_COG	0	1
group_7802	cloud	1	sin_COG	0	1
group_7800	cloud	1	sin_COG	0	1
group_7799	cloud	1	sin_COG	0	1
group_7798	cloud	1	sin_COG	0	1
group_7797	cloud	1	sin_COG	0	1
group_7793	cloud	1	sin_COG	0	1
group_7792	cloud	1	sin_COG	0	1
group_7791	cloud	1	sin_COG	0	1
group_7790	cloud	1	sin_COG	0	1
group_7789	cloud	1	sin_COG	0	1
group_7788	cloud	1	sin_COG	0	1
group_7787	cloud	1	sin_COG	0	1
group_7786	cloud	1	sin_COG	0	1
group_7783	cloud	1	sin_COG	0	1
group_7782	cloud	1	sin_COG	0	1
group_7780	cloud	1	sin_COG	0	1
group_7779	cloud	1	sin_COG	0	1
group_7777	cloud	1	sin_COG	0	1
group_7776	cloud	1	sin_COG	0	1
group_7775	cloud	1	sin_COG	0	1
group_7774	cloud	1	sin_COG	0	1
group_7773	cloud	1	sin_COG	0	1
group_7772	cloud	1	sin_COG	0	1
group_7771	cloud	1	sin_COG	0	1
group_7770	exclusivo	0	sin_COG	0	1
group_7769	cloud	1	sin_COG	0	1
group_7763	cloud	1	sin_COG	0	1
group_7762	cloud	1	sin_COG	0	1
group_7758	cloud	1	sin_COG	0	1
group_7757	cloud	1	sin_COG	0	1
group_7756	cloud	1	sin_COG	0	1
group_7755	cloud	1	sin_COG	0	1
group_7753	cloud	1	sin_COG	0	1
group_7752	cloud	1	sin_COG	0	1
group_7751	cloud	1	sin_COG	0	1
group_7750	cloud	1	sin_COG	0	1
sbnA	cloud	1	sin_COG	0	1
group_7749	cloud	1	sin_COG	0	1
group_7748	cloud	1	sin_COG	0	1
group_7747	cloud	1	sin_COG	0	1
group_7746	cloud	1	sin_COG	0	1
group_7745	cloud	1	sin_COG	0	1
group_7742	cloud	1	sin_COG	0	1
group_7741	cloud	1	sin_COG	0	1
group_7740	cloud	1	sin_COG	0	1
group_7738	cloud	1	sin_COG	0	1
group_7737	cloud	1	sin_COG	0	1
group_7736	cloud	1	sin_COG	0	1
group_7733	cloud	1	sin_COG	0	1
group_7731	cloud	1	sin_COG	0	1
group_7730	cloud	1	sin_COG	0	1
group_7729	cloud	1	sin_COG	0	1
group_7728	cloud	1	sin_COG	0	1
group_7723	cloud	1	sin_COG	0	1
group_7722	cloud	1	sin_COG	0	1
group_7720	cloud	1	sin_COG	0	1
group_7710	cloud	1	sin_COG	0	1
group_7707	cloud	1	sin_COG	0	1
group_7686	cloud	1	sin_COG	0	1
group_7680	cloud	1	sin_COG	0	1
group_7679	cloud	1	sin_COG	0	1
group_7677	cloud	1	sin_COG	0	1
group_7666	cloud	1	sin_COG	0	1
group_7664	cloud	1	sin_COG	0	1
group_7661	cloud	1	sin_COG	0	1
group_7658	cloud	1	sin_COG	0	1
group_7652	cloud	1	sin_COG	0	1
group_7651	cloud	1	sin_COG	0	1
group_7645	cloud	1	sin_COG	0	1
group_7644	cloud	1	sin_COG	0	1
group_7638	cloud	1	O	1	1
group_7632	cloud	1	sin_COG	0	1
group_7629	cloud	1	sin_COG	0	1
group_7624	cloud	1	sin_COG	0	1
group_7613	cloud	1	sin_COG	0	1
group_7606	cloud	1	sin_COG	0	1
group_7601	cloud	1	sin_COG	0	1
group_7592	cloud	1	sin_COG	0	1
group_7588	cloud	1	sin_COG	0	1
group_7587	cloud	1	sin_COG	0	1
group_7583	cloud	1	sin_COG	0	1
group_7579	cloud	1	sin_COG	0	1
group_7578	cloud	1	sin_COG	0	1
abiH	cloud	1	sin_COG	0	1
group_7556	cloud	1	sin_COG	0	1
group_7551	cloud	1	sin_COG	0	1
group_7548	cloud	1	sin_COG	0	1
group_7546	cloud	1	sin_COG	0	1
group_7533	cloud	1	sin_COG	0	1
group_7528	cloud	1	sin_COG	0	1
group_7508	cloud	1	sin_COG	0	1
group_7503	cloud	1	sin_COG	0	1
group_7496	cloud	1	sin_COG	0	1
group_7490	cloud	1	sin_COG	0	1
group_7474	cloud	1	sin_COG	0	1
group_7471	cloud	1	sin_COG	0	1
group_7456	cloud	1	sin_COG	0	1
group_7453	cloud	1	sin_COG	0	1
group_7450	cloud	1	sin_COG	0	1
group_7448	cloud	1	sin_COG	0	1
group_7441	cloud	1	sin_COG	0	1
group_7440	cloud	1	sin_COG	0	1
group_7438	cloud	1	sin_COG	0	1
group_7435	cloud	1	sin_COG	0	1
group_7434	cloud	1	E	1	1
group_7433	cloud	1	sin_COG	0	1
group_7428	cloud	1	sin_COG	0	1
group_7426	cloud	1	sin_COG	0	1
group_7425	cloud	1	sin_COG	0	1
group_7424	cloud	1	sin_COG	0	1
group_7421	cloud	1	sin_COG	0	1
group_7415	cloud	1	sin_COG	0	1
group_7410	cloud	1	sin_COG	0	1
group_7407	cloud	1	sin_COG	0	1
group_7401	cloud	1	sin_COG	0	1
group_7396	cloud	1	sin_COG	0	1
group_7390	cloud	1	sin_COG	0	1
group_7382	cloud	1	sin_COG	0	1
group_7378	cloud	1	sin_COG	0	1
group_7375	cloud	1	sin_COG	0	1
group_7372	cloud	1	sin_COG	0	1
group_7370	cloud	1	sin_COG	0	1
group_7363	cloud	1	sin_COG	0	1
group_7361	cloud	1	sin_COG	0	1
group_7354	cloud	1	sin_COG	0	1
group_7349	cloud	1	sin_COG	0	1
group_7336	cloud	1	sin_COG	0	1
group_7332	cloud	1	sin_COG	0	1
group_7327	cloud	1	sin_COG	0	1
group_7324	cloud	1	sin_COG	0	1
group_7321	cloud	1	sin_COG	0	1
group_7313	cloud	1	sin_COG	0	1
group_7299	cloud	1	sin_COG	0	1
group_7286	cloud	1	sin_COG	0	1
group_7285	cloud	1	sin_COG	0	1
group_7278	cloud	1	sin_COG	0	1
group_7277	cloud	1	sin_COG	0	1
group_7276	cloud	1	sin_COG	0	1
group_7267	cloud	1	sin_COG	0	1
group_7262	cloud	1	sin_COG	0	1
group_7245	cloud	1	sin_COG	0	1
group_7239	cloud	1	sin_COG	0	1
group_7238	cloud	1	sin_COG	0	1
group_7237	cloud	1	sin_COG	0	1
group_7234	cloud	1	sin_COG	0	1
group_7231	cloud	1	sin_COG	0	1
group_7229	cloud	1	sin_COG	0	1
group_7226	cloud	1	sin_COG	0	1
group_7221	cloud	1	D	1	1
group_7218	cloud	1	sin_COG	0	1
group_7213	cloud	1	sin_COG	0	1
group_7211	cloud	1	sin_COG	0	1
group_7205	cloud	1	sin_COG	0	1
group_7200	cloud	1	sin_COG	0	1
group_7199	cloud	1	sin_COG	0	1
group_7196	cloud	1	sin_COG	0	1
group_7194	cloud	1	sin_COG	0	1
group_7187	cloud	1	sin_COG	0	1
group_7182	cloud	1	sin_COG	0	1
group_7174	cloud	1	sin_COG	0	1
group_7170	cloud	1	sin_COG	0	1
group_7167	cloud	1	sin_COG	0	1
group_7162	cloud	1	sin_COG	0	1
group_7159	cloud	1	H	1	1
group_7158	cloud	1	sin_COG	0	1
group_7155	cloud	1	sin_COG	0	1
group_7144	cloud	1	sin_COG	0	1
group_7141	exclusivo	0	sin_COG	0	1
group_7137	cloud	1	sin_COG	0	1
group_7127	cloud	1	sin_COG	0	1
group_7125	cloud	1	sin_COG	0	1
group_7118	cloud	1	sin_COG	0	1
group_7117	cloud	1	sin_COG	0	1
group_7114	cloud	1	sin_COG	0	1
group_7111	cloud	1	sin_COG	0	1
group_7110	cloud	1	sin_COG	0	1
group_7109	cloud	1	sin_COG	0	1
group_7106	cloud	1	sin_COG	0	1
group_7099	cloud	1	sin_COG	0	1
group_7097	cloud	1	sin_COG	0	1
group_7094	cloud	1	sin_COG	0	1
group_7092	cloud	1	sin_COG	0	1
group_7091	cloud	1	sin_COG	0	1
group_7088	cloud	1	sin_COG	0	1
group_7081	cloud	1	I	1	1
group_7080	cloud	1	sin_COG	0	1
group_7072	cloud	1	sin_COG	0	1
group_7070	cloud	1	sin_COG	0	1
group_7065	cloud	1	sin_COG	0	1
group_7062	cloud	1	sin_COG	0	1
group_7054	cloud	1	sin_COG	0	1
group_7052	cloud	1	sin_COG	0	1
group_7049	cloud	1	sin_COG	0	1
group_7045	cloud	1	sin_COG	0	1
group_7043	cloud	1	sin_COG	0	1
group_7042	cloud	1	sin_COG	0	1
group_7036	cloud	1	sin_COG	0	1
group_7034	cloud	1	sin_COG	0	1
group_7030	cloud	1	sin_COG	0	1
group_7022	cloud	1	sin_COG	0	1
group_7012	cloud	1	sin_COG	0	1
group_7007	cloud	1	sin_COG	0	1
group_7004	cloud	1	sin_COG	0	1
group_7001	cloud	1	sin_COG	0	1
group_7000	cloud	1	sin_COG	0	1
group_6992	cloud	1	sin_COG	0	1
group_6978	cloud	1	sin_COG	0	1
group_6975	cloud	1	sin_COG	0	1
group_6965	cloud	1	sin_COG	0	1
group_6962	cloud	1	sin_COG	0	1
group_6961	cloud	1	sin_COG	0	1
group_6958	cloud	1	sin_COG	0	1
group_6954	cloud	1	sin_COG	0	1
group_6951	cloud	1	sin_COG	0	1
group_6950	cloud	1	sin_COG	0	1
group_6944	cloud	1	sin_COG	0	1
group_6935	cloud	1	sin_COG	0	1
group_6931	cloud	1	sin_COG	0	1
group_6929	cloud	1	sin_COG	0	1
group_6923	cloud	1	sin_COG	0	1
group_6919	cloud	1	sin_COG	0	1
group_6918	cloud	1	sin_COG	0	1
group_6916	cloud	1	sin_COG	0	1
group_6915	cloud	1	sin_COG	0	1
group_6910	cloud	1	sin_COG	0	1
group_6907	cloud	1	sin_COG	0	1
group_6901	cloud	1	sin_COG	0	1
group_6895	cloud	1	sin_COG	0	1
group_6891	cloud	1	sin_COG	0	1
group_6888	cloud	1	sin_COG	0	1
group_6884	cloud	1	sin_COG	0	1
group_6883	cloud	1	sin_COG	0	1
group_6882	cloud	1	sin_COG	0	1
group_6880	cloud	1	sin_COG	0	1
group_6879	cloud	1	sin_COG	0	1
group_6878	cloud	1	sin_COG	0	1
group_6876	cloud	1	sin_COG	0	1
group_6872	cloud	1	sin_COG	0	1
group_6860	cloud	1	sin_COG	0	1
group_6858	cloud	1	sin_COG	0	1
group_6848	cloud	1	sin_COG	0	1
group_6845	cloud	1	sin_COG	0	1
group_6840	cloud	1	sin_COG	0	1
group_6837	cloud	1	sin_COG	0	1
xerA	cloud	1	sin_COG	0	1
group_6827	cloud	1	sin_COG	0	1
group_6826	cloud	1	sin_COG	0	1
group_6824	cloud	1	sin_COG	0	1
group_6820	cloud	1	sin_COG	0	1
group_6816	cloud	1	sin_COG	0	1
group_6815	cloud	1	sin_COG	0	1
group_6812	cloud	1	sin_COG	0	1
group_6810	cloud	1	sin_COG	0	1
group_6807	cloud	1	sin_COG	0	1
group_6800	cloud	1	sin_COG	0	1
group_6799	cloud	1	sin_COG	0	1
group_6794	cloud	1	sin_COG	0	1
group_6789	cloud	1	sin_COG	0	1
group_6785	cloud	1	sin_COG	0	1
group_6783	cloud	1	sin_COG	0	1
group_6782	cloud	1	sin_COG	0	1
group_6775	cloud	1	sin_COG	0	1
group_6772	cloud	1	sin_COG	0	1
group_6771	cloud	1	sin_COG	0	1
group_6760	cloud	1	sin_COG	0	1
group_6759	cloud	1	sin_COG	0	1
group_6752	cloud	1	sin_COG	0	1
group_6750	cloud	1	sin_COG	0	1
group_6749	cloud	1	sin_COG	0	1
group_6747	cloud	1	sin_COG	0	1
group_6743	cloud	1	sin_COG	0	1
group_6742	cloud	1	sin_COG	0	1
group_6739	cloud	1	sin_COG	0	1
group_6737	cloud	1	sin_COG	0	1
group_6733	cloud	1	sin_COG	0	1
group_6730	cloud	1	sin_COG	0	1
group_6728	cloud	1	sin_COG	0	1
group_6727	cloud	1	sin_COG	0	1
group_6722	cloud	1	sin_COG	0	1
group_6718	cloud	1	sin_COG	0	1
group_6717	cloud	1	sin_COG	0	1
group_6716	cloud	1	sin_COG	0	1
group_6709	cloud	1	sin_COG	0	1
group_6698	exclusivo	0	sin_COG	0	1
group_6693	cloud	1	sin_COG	0	1
group_6691	cloud	1	sin_COG	0	1
group_6689	cloud	1	sin_COG	0	1
group_6686	cloud	1	sin_COG	0	1
dksA	cloud	1	sin_COG	0	1
group_6682	cloud	1	sin_COG	0	1
group_6681	cloud	1	sin_COG	0	1
group_6680	cloud	1	sin_COG	0	1
group_6679	cloud	1	sin_COG	0	1
group_6678	cloud	1	sin_COG	0	1
group_6675	cloud	1	sin_COG	0	1
group_6673	cloud	1	sin_COG	0	1
group_6671	cloud	1	sin_COG	0	1
group_6668	cloud	1	sin_COG	0	1
group_6667	cloud	1	sin_COG	0	1
group_6660	cloud	1	sin_COG	0	1
group_6657	cloud	1	sin_COG	0	1
group_6655	cloud	1	sin_COG	0	1
group_6652	cloud	1	sin_COG	0	1
group_6648	cloud	1	sin_COG	0	1
group_6645	cloud	1	sin_COG	0	1
group_6644	cloud	1	sin_COG	0	1
group_6643	cloud	1	sin_COG	0	1
group_6639	cloud	1	sin_COG	0	1
group_6633	cloud	1	sin_COG	0	1
group_6631	cloud	1	sin_COG	0	1
group_6630	cloud	1	sin_COG	0	1
group_6625	cloud	1	sin_COG	0	1
spoIID	cloud	1	sin_COG	0	1
group_6619	cloud	1	P	1	1
group_6617	cloud	1	sin_COG	0	1
group_6614	cloud	1	sin_COG	0	1
group_6613	cloud	1	sin_COG	0	1
group_6612	cloud	1	sin_COG	0	1
group_6611	cloud	1	sin_COG	0	1
group_6610	cloud	1	sin_COG	0	1
group_6609	cloud	1	sin_COG	0	1
group_6606	cloud	1	sin_COG	0	1
group_6604	cloud	1	sin_COG	0	1
group_6598	cloud	1	sin_COG	0	1
group_6596	cloud	1	sin_COG	0	1
group_6593	cloud	1	sin_COG	0	1
group_6589	cloud	1	sin_COG	0	1
group_6576	cloud	1	sin_COG	0	1
group_6572	cloud	1	sin_COG	0	1
group_6571	cloud	1	sin_COG	0	1
group_6569	cloud	1	sin_COG	0	1
group_6562	cloud	1	sin_COG	0	1
group_6560	cloud	1	sin_COG	0	1
group_6555	cloud	1	sin_COG	0	1
group_6551	cloud	1	sin_COG	0	1
group_6550	cloud	1	sin_COG	0	1
group_6549	cloud	1	sin_COG	0	1
group_6548	cloud	1	sin_COG	0	1
group_6547	cloud	1	sin_COG	0	1
group_6541	cloud	1	sin_COG	0	1
group_6532	cloud	1	sin_COG	0	1
group_6530	cloud	1	sin_COG	0	1
group_6529	cloud	1	sin_COG	0	1
group_6528	cloud	1	sin_COG	0	1
group_6527	cloud	1	sin_COG	0	1
group_6526	cloud	1	sin_COG	0	1
group_6524	cloud	1	sin_COG	0	1
group_6521	cloud	1	sin_COG	0	1
group_6513	cloud	1	sin_COG	0	1
group_6511	cloud	1	sin_COG	0	1
group_6510	cloud	1	sin_COG	0	1
group_6507	cloud	1	sin_COG	0	1
group_6504	cloud	1	sin_COG	0	1
group_6497	cloud	1	sin_COG	0	1
group_6492	cloud	1	sin_COG	0	1
group_6490	cloud	1	sin_COG	0	1
group_6487	cloud	1	sin_COG	0	1
group_6486	cloud	1	sin_COG	0	1
group_6485	cloud	1	sin_COG	0	1
group_6480	cloud	1	sin_COG	0	1
group_6477	cloud	1	sin_COG	0	1
group_6475	cloud	1	sin_COG	0	1
group_6473	cloud	1	sin_COG	0	1
group_6471	cloud	1	sin_COG	0	1
group_6468	cloud	1	sin_COG	0	1
group_6467	cloud	1	sin_COG	0	1
group_6466	cloud	1	sin_COG	0	1
group_6462	cloud	1	sin_COG	0	1
group_6450	cloud	1	sin_COG	0	1
group_6448	cloud	1	sin_COG	0	1
group_6446	cloud	1	sin_COG	0	1
group_6443	cloud	1	sin_COG	0	1
group_6442	cloud	1	sin_COG	0	1
group_6439	cloud	1	sin_COG	0	1
group_6438	cloud	1	sin_COG	0	1
group_6435	cloud	1	sin_COG	0	1
group_6432	cloud	1	sin_COG	0	1
group_6425	cloud	1	sin_COG	0	1
group_6423	cloud	1	sin_COG	0	1
group_6421	cloud	1	sin_COG	0	1
group_6418	cloud	1	sin_COG	0	1
group_6409	cloud	1	sin_COG	0	1
group_6408	cloud	1	sin_COG	0	1
group_6404	cloud	1	sin_COG	0	1
group_6401	cloud	1	sin_COG	0	1
group_6400	cloud	1	sin_COG	0	1
group_6394	cloud	1	sin_COG	0	1
group_6392	cloud	1	sin_COG	0	1
group_6389	cloud	1	sin_COG	0	1
group_6388	cloud	1	sin_COG	0	1
group_6386	cloud	1	sin_COG	0	1
group_6385	cloud	1	sin_COG	0	1
group_6384	cloud	1	sin_COG	0	1
group_6381	cloud	1	sin_COG	0	1
group_6380	cloud	1	sin_COG	0	1
group_6376	cloud	1	sin_COG	0	1
group_6375	cloud	1	sin_COG	0	1
group_6374	cloud	1	sin_COG	0	1
group_6365	cloud	1	sin_COG	0	1
group_6356	cloud	1	sin_COG	0	1
group_6355	cloud	1	sin_COG	0	1
group_6353	cloud	1	sin_COG	0	1
group_6351	cloud	1	sin_COG	0	1
group_6350	cloud	1	sin_COG	0	1
group_6349	cloud	1	sin_COG	0	1
group_6342	cloud	1	sin_COG	0	1
group_6333	cloud	1	sin_COG	0	1
group_6332	cloud	1	sin_COG	0	1
group_6331	cloud	1	sin_COG	0	1
group_6330	cloud	1	sin_COG	0	1
group_6328	cloud	1	sin_COG	0	1
group_6326	cloud	1	sin_COG	0	1
group_6321	cloud	1	sin_COG	0	1
group_6316	cloud	1	sin_COG	0	1
group_6315	cloud	1	sin_COG	0	1
group_6313	cloud	1	sin_COG	0	1
gmd	exclusivo	0	sin_COG	0	1
group_6312	cloud	1	sin_COG	0	1
group_6311	cloud	1	sin_COG	0	1
group_6309	cloud	1	sin_COG	0	1
group_6308	cloud	1	C	1	1
group_6304	cloud	1	sin_COG	0	1
group_6303	cloud	1	sin_COG	0	1
group_6302	cloud	1	sin_COG	0	1
group_6296	cloud	1	sin_COG	0	1
group_6295	cloud	1	sin_COG	0	1
group_6291	cloud	1	sin_COG	0	1
group_6285	cloud	1	sin_COG	0	1
gntG	cloud	1	sin_COG	0	1
group_6274	cloud	1	sin_COG	0	1
group_6273	cloud	1	sin_COG	0	1
group_6269	cloud	1	sin_COG	0	1
group_6266	cloud	1	sin_COG	0	1
group_6265	cloud	1	sin_COG	0	1
group_6264	cloud	1	sin_COG	0	1
group_6259	cloud	1	sin_COG	0	1
group_6258	cloud	1	sin_COG	0	1
group_6257	cloud	1	sin_COG	0	1
group_6252	cloud	1	sin_COG	0	1
group_6249	cloud	1	sin_COG	0	1
group_6248	cloud	1	sin_COG	0	1
group_6247	cloud	1	sin_COG	0	1
group_6238	cloud	1	sin_COG	0	1
group_6234	cloud	1	sin_COG	0	1
group_6229	cloud	1	sin_COG	0	1
group_6218	cloud	1	sin_COG	0	1
group_6216	cloud	1	sin_COG	0	1
group_6215	cloud	1	sin_COG	0	1
group_6214	cloud	1	sin_COG	0	1
group_6212	cloud	1	sin_COG	0	1
group_6210	cloud	1	sin_COG	0	1
group_6204	cloud	1	sin_COG	0	1
group_6200	cloud	1	sin_COG	0	1
group_6197	cloud	1	sin_COG	0	1
group_6194	cloud	1	sin_COG	0	1
group_6191	cloud	1	sin_COG	0	1
group_6188	cloud	1	sin_COG	0	1
group_6186	cloud	1	sin_COG	0	1
group_6185	cloud	1	sin_COG	0	1
group_6183	cloud	1	sin_COG	0	1
group_6180	cloud	1	sin_COG	0	1
group_6177	cloud	1	sin_COG	0	1
group_6175	cloud	1	sin_COG	0	1
group_6174	cloud	1	sin_COG	0	1
group_6173	cloud	1	sin_COG	0	1
group_6171	cloud	1	sin_COG	0	1
group_6166	cloud	1	sin_COG	0	1
bhlA	cloud	1	sin_COG	0	1
group_6165	cloud	1	sin_COG	0	1
group_6162	cloud	1	sin_COG	0	1
group_6160	cloud	1	sin_COG	0	1
group_6156	cloud	1	sin_COG	0	1
group_6145	cloud	1	sin_COG	0	1
group_6135	cloud	1	sin_COG	0	1
group_6132	cloud	1	sin_COG	0	1
group_6129	cloud	1	sin_COG	0	1
group_6128	cloud	1	sin_COG	0	1
group_6126	cloud	1	sin_COG	0	1
group_6123	cloud	1	sin_COG	0	1
group_6116	cloud	1	sin_COG	0	1
group_6114	cloud	1	sin_COG	0	1
group_6090	cloud	1	sin_COG	0	1
group_6087	cloud	1	sin_COG	0	1
group_6085	cloud	1	sin_COG	0	1
group_6081	cloud	1	sin_COG	0	1
group_6078	cloud	1	sin_COG	0	1
group_6076	cloud	1	sin_COG	0	1
group_6072	cloud	1	sin_COG	0	1
group_6071	cloud	1	sin_COG	0	1
group_6068	cloud	1	sin_COG	0	1
group_6065	cloud	1	sin_COG	0	1
group_6063	cloud	1	sin_COG	0	1
group_6062	cloud	1	sin_COG	0	1
group_6058	cloud	1	sin_COG	0	1
group_6054	cloud	1	sin_COG	0	1
group_6053	cloud	1	sin_COG	0	1
yjcQ	cloud	1	sin_COG	0	1
group_6052	cloud	1	sin_COG	0	1
group_6051	cloud	1	sin_COG	0	1
group_6039	cloud	1	sin_COG	0	1
group_6032	cloud	1	sin_COG	0	1
group_6028	cloud	1	sin_COG	0	1
group_6021	cloud	1	sin_COG	0	1
group_6016	cloud	1	sin_COG	0	1
group_6012	cloud	1	sin_COG	0	1
group_6011	cloud	1	sin_COG	0	1
group_6010	cloud	1	sin_COG	0	1
group_6006	cloud	1	sin_COG	0	1
copD	cloud	1	sin_COG	0	1
group_6001	cloud	1	sin_COG	0	1
group_5987	cloud	1	sin_COG	0	1
group_5986	cloud	1	sin_COG	0	1
group_5984	exclusivo	0	sin_COG	0	1
group_5980	cloud	1	sin_COG	0	1
group_5977	cloud	1	sin_COG	0	1
group_5969	cloud	1	sin_COG	0	1
group_5966	cloud	1	sin_COG	0	1
group_5957	cloud	1	sin_COG	0	1
group_5950	cloud	1	sin_COG	0	1
group_5945	cloud	1	sin_COG	0	1
group_5942	cloud	1	sin_COG	0	1
group_5941	cloud	1	sin_COG	0	1
group_5938	cloud	1	sin_COG	0	1
group_5934	cloud	1	sin_COG	0	1
group_5933	cloud	1	sin_COG	0	1
group_5932	cloud	1	sin_COG	0	1
group_5929	cloud	1	sin_COG	0	1
group_5926	cloud	1	sin_COG	0	1
group_5924	cloud	1	sin_COG	0	1
group_5916	cloud	1	sin_COG	0	1
group_5913	cloud	1	sin_COG	0	1
group_5912	cloud	1	sin_COG	0	1
group_5909	cloud	1	sin_COG	0	1
group_5908	cloud	1	sin_COG	0	1
group_5904	cloud	1	sin_COG	0	1
group_5900	cloud	1	sin_COG	0	1
group_5894	cloud	1	sin_COG	0	1
group_5893	cloud	1	sin_COG	0	1
group_5892	cloud	1	sin_COG	0	1
group_5887	cloud	1	sin_COG	0	1
group_5886	cloud	1	sin_COG	0	1
group_5884	cloud	1	sin_COG	0	1
group_5880	cloud	1	sin_COG	0	1
group_5879	cloud	1	sin_COG	0	1
group_5876	cloud	1	sin_COG	0	1
group_5870	cloud	1	sin_COG	0	1
group_5869	cloud	1	sin_COG	0	1
group_5867	cloud	1	sin_COG	0	1
group_5863	cloud	1	sin_COG	0	1
group_5861	cloud	1	sin_COG	0	1
group_5858	cloud	1	sin_COG	0	1
epsG	cloud	1	sin_COG	0	1
group_5851	cloud	1	sin_COG	0	1
group_5845	cloud	1	sin_COG	0	1
group_5838	cloud	1	sin_COG	0	1
group_5830	cloud	1	sin_COG	0	1
group_5823	cloud	1	sin_COG	0	1
group_5819	cloud	1	sin_COG	0	1
group_5817	cloud	1	sin_COG	0	1
group_5816	cloud	1	sin_COG	0	1
group_5815	cloud	1	sin_COG	0	1
group_5812	cloud	1	sin_COG	0	1
group_5809	cloud	1	sin_COG	0	1
group_5806	cloud	1	sin_COG	0	1
group_5805	cloud	1	sin_COG	0	1
group_5804	cloud	1	sin_COG	0	1
group_5802	cloud	1	sin_COG	0	1
group_5801	cloud	1	sin_COG	0	1
hicB	cloud	1	sin_COG	0	1
group_5797	cloud	1	sin_COG	0	1
group_5795	cloud	1	sin_COG	0	1
group_5791	cloud	1	sin_COG	0	1
group_5789	cloud	1	sin_COG	0	1
group_5782	cloud	1	sin_COG	0	1
group_5775	cloud	1	sin_COG	0	1
group_5772	cloud	1	sin_COG	0	1
group_5769	cloud	1	sin_COG	0	1
group_5767	cloud	1	sin_COG	0	1
group_5761	cloud	1	sin_COG	0	1
group_5759	cloud	1	sin_COG	0	1
group_5758	exclusivo	0	sin_COG	0	1
group_5754	cloud	1	sin_COG	0	1
group_5752	cloud	1	sin_COG	0	1
hupA	cloud	1	B	1	1
group_5741	cloud	1	sin_COG	0	1
group_5736	cloud	1	sin_COG	0	1
group_5730	cloud	1	sin_COG	0	1
group_5727	cloud	1	sin_COG	0	1
group_5721	cloud	1	sin_COG	0	1
group_5714	cloud	1	sin_COG	0	1
group_5712	cloud	1	sin_COG	0	1
group_5706	cloud	1	sin_COG	0	1
group_5705	cloud	1	sin_COG	0	1
group_5702	cloud	1	sin_COG	0	1
group_5701	cloud	1	sin_COG	0	1
group_5700	cloud	1	sin_COG	0	1
group_5697	cloud	1	sin_COG	0	1
group_5684	cloud	1	sin_COG	0	1
group_5682	cloud	1	sin_COG	0	1
group_5679	cloud	1	sin_COG	0	1
group_5675	cloud	1	sin_COG	0	1
group_5670	cloud	1	sin_COG	0	1
group_5658	cloud	1	sin_COG	0	1
group_5652	cloud	1	sin_COG	0	1
group_5650	cloud	1	sin_COG	0	1
group_5647	cloud	1	sin_COG	0	1
group_5645	cloud	1	sin_COG	0	1
group_5641	cloud	1	sin_COG	0	1
group_5638	cloud	1	sin_COG	0	1
group_5636	cloud	1	sin_COG	0	1
group_5635	cloud	1	sin_COG	0	1
group_5634	cloud	1	sin_COG	0	1
group_5630	cloud	1	sin_COG	0	1
group_5623	cloud	1	sin_COG	0	1
group_5622	cloud	1	sin_COG	0	1
group_5620	cloud	1	sin_COG	0	1
group_5612	cloud	1	sin_COG	0	1
group_5609	cloud	1	sin_COG	0	1
group_5603	cloud	1	sin_COG	0	1
group_5597	cloud	1	sin_COG	0	1
group_5596	cloud	1	sin_COG	0	1
group_5594	cloud	1	sin_COG	0	1
group_5592	cloud	1	sin_COG	0	1
group_5591	cloud	1	sin_COG	0	1
group_5588	cloud	1	sin_COG	0	1
group_5586	cloud	1	sin_COG	0	1
group_5582	cloud	1	sin_COG	0	1
group_5580	cloud	1	sin_COG	0	1
group_5576	cloud	1	sin_COG	0	1
group_5573	cloud	1	sin_COG	0	1
group_5567	cloud	1	sin_COG	0	1
group_5562	exclusivo	0	sin_COG	0	1
group_5560	cloud	1	sin_COG	0	1
group_5553	cloud	1	sin_COG	0	1
group_5550	cloud	1	sin_COG	0	1
group_5537	cloud	1	sin_COG	0	1
group_5533	cloud	1	sin_COG	0	1
group_5531	cloud	1	sin_COG	0	1
group_5529	cloud	1	sin_COG	0	1
group_5524	cloud	1	sin_COG	0	1
group_5520	cloud	1	sin_COG	0	1
group_5515	cloud	1	sin_COG	0	1
group_5510	cloud	1	sin_COG	0	1
group_5508	cloud	1	sin_COG	0	1
group_5507	cloud	1	sin_COG	0	1
group_5506	cloud	1	sin_COG	0	1
group_5497	cloud	1	sin_COG	0	1
group_5495	cloud	1	sin_COG	0	1
group_5490	cloud	1	sin_COG	0	1
group_5488	cloud	1	sin_COG	0	1
group_5487	cloud	1	sin_COG	0	1
group_5481	cloud	1	sin_COG	0	1
group_5474	cloud	1	sin_COG	0	1
group_5472	cloud	1	sin_COG	0	1
group_5465	cloud	1	sin_COG	0	1
group_5462	cloud	1	sin_COG	0	1
group_5461	cloud	1	sin_COG	0	1
group_5454	cloud	1	sin_COG	0	1
group_5451	cloud	1	sin_COG	0	1
group_5450	cloud	1	sin_COG	0	1
group_5446	cloud	1	sin_COG	0	1
group_5443	cloud	1	sin_COG	0	1
group_5442	cloud	1	sin_COG	0	1
group_5435	cloud	1	sin_COG	0	1
group_5434	cloud	1	sin_COG	0	1
group_5433	cloud	1	sin_COG	0	1
group_5431	cloud	1	sin_COG	0	1
group_5428	cloud	1	sin_COG	0	1
group_5427	cloud	1	sin_COG	0	1
group_5422	cloud	1	sin_COG	0	1
group_5418	cloud	1	sin_COG	0	1
group_5416	cloud	1	sin_COG	0	1
group_5412	cloud	1	sin_COG	0	1
group_5410	cloud	1	sin_COG	0	1
group_5406	cloud	1	sin_COG	0	1
group_5401	cloud	1	sin_COG	0	1
group_5399	cloud	1	sin_COG	0	1
group_5398	cloud	1	sin_COG	0	1
group_5396	cloud	1	sin_COG	0	1
group_5394	cloud	1	sin_COG	0	1
group_5385	cloud	1	sin_COG	0	1
group_5382	cloud	1	sin_COG	0	1
group_5380	cloud	1	sin_COG	0	1
group_5377	cloud	1	sin_COG	0	1
group_5374	cloud	1	sin_COG	0	1
group_5371	cloud	1	sin_COG	0	1
group_5358	cloud	1	sin_COG	0	1
group_5348	cloud	1	sin_COG	0	1
group_5343	cloud	1	sin_COG	0	1
group_5331	cloud	1	sin_COG	0	1
group_5327	cloud	1	sin_COG	0	1
group_5323	cloud	1	sin_COG	0	1
group_5322	cloud	1	sin_COG	0	1
group_5320	cloud	1	sin_COG	0	1
group_5316	cloud	1	sin_COG	0	1
xerC	cloud	1	sin_COG	0	1
group_5315	cloud	1	sin_COG	0	1
group_5313	cloud	1	sin_COG	0	1
group_5307	cloud	1	sin_COG	0	1
group_5306	cloud	1	sin_COG	0	1
group_5301	cloud	1	sin_COG	0	1
group_5299	cloud	1	sin_COG	0	1
group_5294	cloud	1	sin_COG	0	1
group_5290	cloud	1	sin_COG	0	1
group_5284	cloud	1	sin_COG	0	1
group_5283	cloud	1	sin_COG	0	1
group_5282	cloud	1	sin_COG	0	1
group_5281	cloud	1	sin_COG	0	1
group_5275	cloud	1	sin_COG	0	1
group_5274	cloud	1	sin_COG	0	1
group_5269	cloud	1	sin_COG	0	1
group_5268	cloud	1	sin_COG	0	1
group_5265	cloud	1	sin_COG	0	1
group_5262	cloud	1	sin_COG	0	1
group_5252	cloud	1	sin_COG	0	1
group_5243	cloud	1	sin_COG	0	1
group_5240	cloud	1	sin_COG	0	1
group_5239	cloud	1	sin_COG	0	1
group_5238	cloud	1	sin_COG	0	1
group_5237	cloud	1	sin_COG	0	1
group_5230	cloud	1	sin_COG	0	1
group_5225	cloud	1	sin_COG	0	1
group_5224	cloud	1	sin_COG	0	1
group_5222	cloud	1	sin_COG	0	1
group_5220	exclusivo	0	sin_COG	0	1
group_5203	cloud	1	sin_COG	0	1
group_5200	cloud	1	sin_COG	0	1
group_5197	cloud	1	sin_COG	0	1
group_5195	cloud	1	sin_COG	0	1
group_5193	cloud	1	sin_COG	0	1
group_5190	cloud	1	sin_COG	0	1
group_5188	cloud	1	sin_COG	0	1
group_5187	cloud	1	sin_COG	0	1
group_5185	cloud	1	sin_COG	0	1
group_5181	cloud	1	sin_COG	0	1
group_5178	cloud	1	sin_COG	0	1
group_5176	cloud	1	sin_COG	0	1
group_5168	cloud	1	sin_COG	0	1
group_5166	cloud	1	sin_COG	0	1
group_5165	cloud	1	sin_COG	0	1
group_5164	cloud	1	sin_COG	0	1
group_5163	cloud	1	sin_COG	0	1
group_5154	cloud	1	sin_COG	0	1
group_5150	cloud	1	sin_COG	0	1
group_5149	cloud	1	sin_COG	0	1
group_5146	cloud	1	sin_COG	0	1
group_5144	cloud	1	sin_COG	0	1
group_5141	cloud	1	sin_COG	0	1
group_5135	cloud	1	sin_COG	0	1
group_5128	cloud	1	sin_COG	0	1
group_5127	cloud	1	sin_COG	0	1
group_5123	cloud	1	sin_COG	0	1
group_5118	cloud	1	sin_COG	0	1
group_5117	cloud	1	sin_COG	0	1
group_5114	cloud	1	sin_COG	0	1
group_5109	cloud	1	sin_COG	0	1
group_5108	cloud	1	sin_COG	0	1
group_5106	cloud	1	sin_COG	0	1
group_5101	cloud	1	sin_COG	0	1
group_5098	cloud	1	sin_COG	0	1
gerN	cloud	1	sin_COG	0	1
group_5097	cloud	1	sin_COG	0	1
group_5092	cloud	1	sin_COG	0	1
group_5086	cloud	1	sin_COG	0	1
group_5080	cloud	1	sin_COG	0	1
group_5071	exclusivo	0	sin_COG	0	1
group_5060	cloud	1	sin_COG	0	1
group_5059	cloud	1	sin_COG	0	1
group_5057	cloud	1	sin_COG	0	1
group_5056	cloud	1	sin_COG	0	1
group_5052	cloud	1	sin_COG	0	1
group_5048	cloud	1	sin_COG	0	1
group_5047	cloud	1	sin_COG	0	1
group_5044	cloud	1	sin_COG	0	1
group_5040	cloud	1	sin_COG	0	1
group_5034	cloud	1	sin_COG	0	1
group_5030	cloud	1	sin_COG	0	1
group_5029	cloud	1	sin_COG	0	1
group_5024	cloud	1	sin_COG	0	1
group_5021	cloud	1	sin_COG	0	1
group_5019	cloud	1	sin_COG	0	1
group_5017	cloud	1	sin_COG	0	1
group_5016	cloud	1	sin_COG	0	1
group_5014	cloud	1	sin_COG	0	1
group_5006	cloud	1	sin_COG	0	1
group_5004	cloud	1	sin_COG	0	1
group_4993	cloud	1	sin_COG	0	1
group_4988	cloud	1	sin_COG	0	1
group_4987	cloud	1	sin_COG	0	1
group_4985	cloud	1	sin_COG	0	1
group_4984	cloud	1	sin_COG	0	1
group_4981	cloud	1	sin_COG	0	1
group_4979	cloud	1	sin_COG	0	1
group_4977	cloud	1	sin_COG	0	1
group_4972	cloud	1	sin_COG	0	1
group_4967	cloud	1	sin_COG	0	1
group_4964	cloud	1	sin_COG	0	1
group_4956	cloud	1	sin_COG	0	1
group_4943	cloud	1	sin_COG	0	1
group_4940	cloud	1	sin_COG	0	1
group_4939	cloud	1	sin_COG	0	1
group_4936	cloud	1	sin_COG	0	1
group_4934	cloud	1	sin_COG	0	1
group_4926	cloud	1	sin_COG	0	1
group_4925	cloud	1	sin_COG	0	1
group_4920	cloud	1	sin_COG	0	1
group_4917	cloud	1	sin_COG	0	1
group_4916	cloud	1	sin_COG	0	1
group_4915	cloud	1	sin_COG	0	1
group_4913	cloud	1	sin_COG	0	1
group_4912	cloud	1	sin_COG	0	1
group_4907	cloud	1	sin_COG	0	1
group_4906	cloud	1	sin_COG	0	1
group_4903	cloud	1	sin_COG	0	1
group_4902	cloud	1	sin_COG	0	1
group_4900	cloud	1	sin_COG	0	1
group_4899	cloud	1	sin_COG	0	1
group_4895	cloud	1	sin_COG	0	1
group_4893	cloud	1	sin_COG	0	1
group_4892	cloud	1	sin_COG	0	1
epsN	cloud	1	sin_COG	0	1
group_4889	cloud	1	sin_COG	0	1
group_4887	cloud	1	sin_COG	0	1
group_4884	cloud	1	sin_COG	0	1
group_4879	cloud	1	sin_COG	0	1
group_4878	cloud	1	sin_COG	0	1
group_4874	cloud	1	sin_COG	0	1
group_4871	cloud	1	sin_COG	0	1
group_4867	cloud	1	sin_COG	0	1
group_4866	cloud	1	sin_COG	0	1
group_4861	cloud	1	sin_COG	0	1
group_4857	cloud	1	sin_COG	0	1
group_4852	cloud	1	sin_COG	0	1
group_4848	cloud	1	sin_COG	0	1
group_4847	cloud	1	sin_COG	0	1
group_4843	cloud	1	sin_COG	0	1
group_4840	cloud	1	sin_COG	0	1
group_4839	cloud	1	sin_COG	0	1
group_4838	cloud	1	sin_COG	0	1
group_4835	cloud	1	sin_COG	0	1
group_4822	cloud	1	sin_COG	0	1
group_4815	cloud	1	sin_COG	0	1
group_4814	cloud	1	sin_COG	0	1
group_4809	cloud	1	sin_COG	0	1
group_4803	cloud	1	sin_COG	0	1
group_4801	cloud	1	sin_COG	0	1
group_4800	cloud	1	sin_COG	0	1
group_4793	cloud	1	sin_COG	0	1
group_4791	cloud	1	sin_COG	0	1
group_4786	cloud	1	sin_COG	0	1
group_4783	cloud	1	sin_COG	0	1
group_4782	cloud	1	sin_COG	0	1
group_4771	cloud	1	sin_COG	0	1
group_4768	cloud	1	sin_COG	0	1
group_4767	cloud	1	sin_COG	0	1
group_4765	cloud	1	sin_COG	0	1
group_4761	cloud	1	sin_COG	0	1
group_4758	cloud	1	sin_COG	0	1
group_4750	cloud	1	sin_COG	0	1
group_4744	cloud	1	sin_COG	0	1
group_4743	cloud	1	sin_COG	0	1
group_4741	cloud	1	sin_COG	0	1
group_4733	cloud	1	sin_COG	0	1
group_4731	cloud	1	sin_COG	0	1
group_4730	cloud	1	sin_COG	0	1
group_4729	cloud	1	sin_COG	0	1
group_4721	cloud	1	sin_COG	0	1
group_4715	cloud	1	sin_COG	0	1
group_4712	cloud	1	sin_COG	0	1
group_4711	cloud	1	sin_COG	0	1
group_4698	cloud	1	sin_COG	0	1
group_4690	cloud	1	sin_COG	0	1
group_4687	cloud	1	sin_COG	0	1
aepY	cloud	1	sin_COG	0	1
group_4686	cloud	1	sin_COG	0	1
group_4685	cloud	1	sin_COG	0	1
group_4684	cloud	1	sin_COG	0	1
group_4682	cloud	1	sin_COG	0	1
group_4671	cloud	1	sin_COG	0	1
group_4670	cloud	1	sin_COG	0	1
group_4667	cloud	1	sin_COG	0	1
group_4660	cloud	1	E	1	1
group_4651	cloud	1	sin_COG	0	1
group_4647	cloud	1	sin_COG	0	1
group_4643	cloud	1	sin_COG	0	1
group_4641	cloud	1	sin_COG	0	1
group_4636	cloud	1	sin_COG	0	1
group_4626	cloud	1	sin_COG	0	1
group_4623	cloud	1	sin_COG	0	1
group_4620	cloud	1	sin_COG	0	1
group_4613	cloud	1	sin_COG	0	1
group_4612	cloud	1	sin_COG	0	1
group_4610	cloud	1	C	1	1
aimR	cloud	1	sin_COG	0	1
group_4603	cloud	1	sin_COG	0	1
group_4600	cloud	1	sin_COG	0	1
group_4596	cloud	1	sin_COG	0	1
cntE	cloud	1	sin_COG	0	1
group_4594	cloud	1	sin_COG	0	1
group_4592	cloud	1	sin_COG	0	1
group_4587	cloud	1	sin_COG	0	1
group_4583	cloud	1	sin_COG	0	1
group_4582	cloud	1	sin_COG	0	1
group_4578	cloud	1	sin_COG	0	1
group_4576	cloud	1	sin_COG	0	1
group_4572	cloud	1	sin_COG	0	1
group_4571	cloud	1	sin_COG	0	1
group_4554	cloud	1	sin_COG	0	1
group_4546	cloud	1	sin_COG	0	1
group_4545	cloud	1	sin_COG	0	1
group_4543	cloud	1	sin_COG	0	1
group_4541	cloud	1	sin_COG	0	1
group_4540	cloud	1	sin_COG	0	1
group_4537	cloud	1	sin_COG	0	1
group_4536	cloud	1	sin_COG	0	1
group_4531	cloud	1	sin_COG	0	1
group_4527	cloud	1	sin_COG	0	1
group_4521	cloud	1	sin_COG	0	1
group_4518	cloud	1	sin_COG	0	1
group_4517	cloud	1	sin_COG	0	1
group_4516	cloud	1	sin_COG	0	1
group_4515	cloud	1	sin_COG	0	1
group_4514	cloud	1	sin_COG	0	1
group_4513	cloud	1	sin_COG	0	1
group_4512	cloud	1	sin_COG	0	1
group_4510	cloud	1	sin_COG	0	1
group_4509	cloud	1	sin_COG	0	1
group_4500	cloud	1	sin_COG	0	1
group_4499	cloud	1	sin_COG	0	1
group_4496	cloud	1	sin_COG	0	1
group_4491	cloud	1	sin_COG	0	1
group_4489	cloud	1	sin_COG	0	1
group_4486	cloud	1	sin_COG	0	1
group_4484	cloud	1	sin_COG	0	1
group_4483	cloud	1	sin_COG	0	1
group_4481	cloud	1	sin_COG	0	1
group_4480	cloud	1	sin_COG	0	1
group_4479	cloud	1	sin_COG	0	1
group_4470	cloud	1	sin_COG	0	1
group_4464	cloud	1	sin_COG	0	1
group_4463	cloud	1	sin_COG	0	1
group_4456	cloud	1	sin_COG	0	1
group_4450	cloud	1	sin_COG	0	1
group_4449	cloud	1	sin_COG	0	1
group_4448	cloud	1	sin_COG	0	1
group_4443	cloud	1	sin_COG	0	1
group_4439	cloud	1	sin_COG	0	1
group_4432	cloud	1	sin_COG	0	1
group_4419	cloud	1	sin_COG	0	1
group_4418	cloud	1	sin_COG	0	1
group_4415	cloud	1	sin_COG	0	1
group_4413	cloud	1	sin_COG	0	1
group_4409	cloud	1	sin_COG	0	1
group_4404	cloud	1	sin_COG	0	1
group_4402	cloud	1	sin_COG	0	1
group_4396	cloud	1	sin_COG	0	1
group_4395	cloud	1	C	1	1
group_4394	cloud	1	sin_COG	0	1
group_4392	cloud	1	sin_COG	0	1
group_4376	cloud	1	sin_COG	0	1
legC	cloud	1	sin_COG	0	1
group_4363	cloud	1	sin_COG	0	1
group_4357	cloud	1	sin_COG	0	1
group_4354	cloud	1	sin_COG	0	1
group_4353	cloud	1	sin_COG	0	1
group_4347	cloud	1	sin_COG	0	1
group_4345	cloud	1	sin_COG	0	1
group_4343	cloud	1	sin_COG	0	1
group_4337	cloud	1	sin_COG	0	1
group_4335	cloud	1	sin_COG	0	1
group_4324	cloud	1	sin_COG	0	1
group_4315	cloud	1	sin_COG	0	1
group_4314	cloud	1	sin_COG	0	1
group_4304	cloud	1	sin_COG	0	1
group_4297	cloud	1	sin_COG	0	1
group_4296	cloud	1	sin_COG	0	1
group_4294	cloud	1	sin_COG	0	1
group_4291	cloud	1	sin_COG	0	1
group_4289	cloud	1	sin_COG	0	1
group_4288	cloud	1	sin_COG	0	1
group_4282	cloud	1	sin_COG	0	1
group_4275	cloud	1	sin_COG	0	1
group_4272	cloud	1	sin_COG	0	1
group_4266	cloud	1	sin_COG	0	1
group_4265	cloud	1	sin_COG	0	1
group_4263	cloud	1	sin_COG	0	1
group_4262	cloud	1	sin_COG	0	1
group_4254	cloud	1	sin_COG	0	1
group_4250	cloud	1	sin_COG	0	1
group_4248	cloud	1	sin_COG	0	1
group_4243	cloud	1	sin_COG	0	1
group_4242	cloud	1	sin_COG	0	1
group_4239	cloud	1	sin_COG	0	1
group_4232	cloud	1	sin_COG	0	1
group_4231	cloud	1	I	1	1
group_4228	cloud	1	sin_COG	0	1
group_4227	cloud	1	sin_COG	0	1
group_4224	cloud	1	sin_COG	0	1
group_4218	cloud	1	sin_COG	0	1
group_4214	cloud	1	sin_COG	0	1
group_4208	cloud	1	sin_COG	0	1
group_4194	cloud	1	sin_COG	0	1
group_4187	cloud	1	sin_COG	0	1
group_4180	cloud	1	sin_COG	0	1
group_4168	cloud	1	sin_COG	0	1
group_4167	cloud	1	sin_COG	0	1
group_4166	cloud	1	sin_COG	0	1
group_4165	cloud	1	sin_COG	0	1
group_4162	cloud	1	sin_COG	0	1
group_4161	cloud	1	sin_COG	0	1
group_4158	cloud	1	sin_COG	0	1
group_4157	cloud	1	G	1	1
group_4147	cloud	1	sin_COG	0	1
group_4146	cloud	1	sin_COG	0	1
group_4142	cloud	1	sin_COG	0	1
group_4136	cloud	1	sin_COG	0	1
group_4132	cloud	1	sin_COG	0	1
group_4118	cloud	1	sin_COG	0	1
group_4116	cloud	1	sin_COG	0	1
group_4115	cloud	1	sin_COG	0	1
group_4108	cloud	1	sin_COG	0	1
group_4094	cloud	1	sin_COG	0	1
group_4086	cloud	1	sin_COG	0	1
group_4080	cloud	1	sin_COG	0	1
group_4072	cloud	1	sin_COG	0	1
group_4070	cloud	1	sin_COG	0	1
group_4061	cloud	1	sin_COG	0	1
group_4056	cloud	1	sin_COG	0	1
group_4053	cloud	1	sin_COG	0	1
group_4052	cloud	1	sin_COG	0	1
group_4046	cloud	1	sin_COG	0	1
group_4045	cloud	1	sin_COG	0	1
group_4039	cloud	1	sin_COG	0	1
group_4038	cloud	1	sin_COG	0	1
group_4037	cloud	1	sin_COG	0	1
group_4036	cloud	1	sin_COG	0	1
group_4035	cloud	1	sin_COG	0	1
group_4032	cloud	1	sin_COG	0	1
group_4023	cloud	1	sin_COG	0	1
group_4019	cloud	1	sin_COG	0	1
group_4017	cloud	1	sin_COG	0	1
group_4012	cloud	1	sin_COG	0	1
group_4009	cloud	1	sin_COG	0	1
group_4005	cloud	1	sin_COG	0	1
dprA	cloud	1	sin_COG	0	1
group_3990	cloud	1	sin_COG	0	1
group_3981	cloud	1	sin_COG	0	1
group_3973	cloud	1	sin_COG	0	1
group_3969	cloud	1	sin_COG	0	1
group_3968	cloud	1	sin_COG	0	1
group_3966	cloud	1	E	1	1
metK	cloud	1	sin_COG	0	1
group_3956	cloud	1	sin_COG	0	1
group_3953	cloud	1	sin_COG	0	1
group_3952	cloud	1	sin_COG	0	1
group_3947	cloud	1	sin_COG	0	1
group_3941	cloud	1	sin_COG	0	1
group_3940	cloud	1	sin_COG	0	1
group_3933	cloud	1	sin_COG	0	1
group_3930	cloud	1	sin_COG	0	1
group_3928	cloud	1	sin_COG	0	1
group_3926	cloud	1	sin_COG	0	1
group_3924	cloud	1	sin_COG	0	1
group_3922	cloud	1	sin_COG	0	1
group_3919	cloud	1	sin_COG	0	1
group_3917	cloud	1	sin_COG	0	1
group_3915	cloud	1	sin_COG	0	1
group_3911	cloud	1	sin_COG	0	1
group_3910	cloud	1	sin_COG	0	1
group_3904	cloud	1	sin_COG	0	1
group_3903	cloud	1	sin_COG	0	1
group_3898	cloud	1	sin_COG	0	1
group_3895	cloud	1	sin_COG	0	1
group_3893	cloud	1	sin_COG	0	1
group_3889	cloud	1	sin_COG	0	1
group_3888	cloud	1	sin_COG	0	1
group_3887	cloud	1	sin_COG	0	1
group_3867	cloud	1	sin_COG	0	1
group_3856	cloud	1	sin_COG	0	1
group_3848	cloud	1	sin_COG	0	1
xhlA	cloud	1	sin_COG	0	1
group_3841	cloud	1	sin_COG	0	1
group_3837	cloud	1	sin_COG	0	1
group_3833	cloud	1	sin_COG	0	1
group_3830	cloud	1	sin_COG	0	1
group_3828	cloud	1	sin_COG	0	1
group_3827	cloud	1	sin_COG	0	1
group_3826	cloud	1	sin_COG	0	1
group_3822	cloud	1	sin_COG	0	1
group_3821	cloud	1	sin_COG	0	1
group_3820	cloud	1	sin_COG	0	1
group_3817	cloud	1	sin_COG	0	1
group_3815	cloud	1	sin_COG	0	1
group_3812	cloud	1	sin_COG	0	1
group_3811	cloud	1	sin_COG	0	1
group_3808	cloud	1	sin_COG	0	1
group_3806	cloud	1	sin_COG	0	1
group_3805	cloud	1	sin_COG	0	1
group_3804	cloud	1	sin_COG	0	1
pobA	cloud	1	sin_COG	0	1
group_3803	cloud	1	sin_COG	0	1
zorC	cloud	1	sin_COG	0	1
group_3802	cloud	1	sin_COG	0	1
group_3799	cloud	1	sin_COG	0	1
group_3797	cloud	1	sin_COG	0	1
group_3795	cloud	1	sin_COG	0	1
group_3790	cloud	1	sin_COG	0	1
tniB	cloud	1	sin_COG	0	1
mtnK	cloud	1	sin_COG	0	1
group_3783	cloud	1	sin_COG	0	1
group_3781	cloud	1	sin_COG	0	1
group_3777	cloud	1	sin_COG	0	1
group_3773	cloud	1	sin_COG	0	1
group_3768	cloud	1	sin_COG	0	1
group_3767	cloud	1	sin_COG	0	1
group_3765	cloud	1	sin_COG	0	1
group_3762	cloud	1	sin_COG	0	1
group_3758	cloud	1	sin_COG	0	1
group_3755	cloud	1	sin_COG	0	1
group_3752	cloud	1	sin_COG	0	1
group_3748	cloud	1	sin_COG	0	1
group_3747	cloud	1	sin_COG	0	1
group_3746	cloud	1	sin_COG	0	1
group_3744	cloud	1	sin_COG	0	1
group_3742	cloud	1	sin_COG	0	1
group_3740	cloud	1	sin_COG	0	1
group_3737	cloud	1	sin_COG	0	1
group_3733	cloud	1	sin_COG	0	1
group_3729	cloud	1	sin_COG	0	1
group_3718	cloud	1	sin_COG	0	1
group_3717	cloud	1	sin_COG	0	1
group_3715	cloud	1	sin_COG	0	1
group_3713	cloud	1	sin_COG	0	1
group_3710	cloud	1	sin_COG	0	1
group_3706	cloud	1	sin_COG	0	1
group_3697	cloud	1	sin_COG	0	1
group_3696	cloud	1	sin_COG	0	1
fabF	cloud	1	sin_COG	0	1
group_3693	cloud	1	sin_COG	0	1
group_3692	cloud	1	sin_COG	0	1
group_3685	cloud	1	sin_COG	0	1
group_3678	cloud	1	sin_COG	0	1
group_3677	cloud	1	sin_COG	0	1
group_3670	cloud	1	sin_COG	0	1
group_3663	cloud	1	sin_COG	0	1
group_3659	cloud	1	sin_COG	0	1
group_3657	cloud	1	sin_COG	0	1
group_3655	cloud	1	sin_COG	0	1
group_3654	cloud	1	sin_COG	0	1
group_3653	cloud	1	sin_COG	0	1
group_3652	cloud	1	sin_COG	0	1
group_3650	cloud	1	sin_COG	0	1
apeA	cloud	1	sin_COG	0	1
group_3647	cloud	1	sin_COG	0	1
group_3646	cloud	1	sin_COG	0	1
group_3644	cloud	1	sin_COG	0	1
group_3643	cloud	1	sin_COG	0	1
group_3642	cloud	1	sin_COG	0	1
group_3640	cloud	1	sin_COG	0	1
group_3635	cloud	1	sin_COG	0	1
group_3626	cloud	1	sin_COG	0	1
group_3622	exclusivo	0	sin_COG	0	1
group_3621	cloud	1	sin_COG	0	1
group_3611	cloud	1	sin_COG	0	1
group_3609	cloud	1	sin_COG	0	1
group_3608	cloud	1	sin_COG	0	1
group_3605	cloud	1	sin_COG	0	1
group_3597	cloud	1	sin_COG	0	1
group_3593	cloud	1	sin_COG	0	1
group_3588	cloud	1	sin_COG	0	1
group_3583	cloud	1	sin_COG	0	1
group_3579	cloud	1	sin_COG	0	1
group_3578	cloud	1	sin_COG	0	1
group_3577	cloud	1	sin_COG	0	1
group_3575	cloud	1	sin_COG	0	1
group_3574	cloud	1	sin_COG	0	1
group_3573	cloud	1	sin_COG	0	1
group_3572	cloud	1	sin_COG	0	1
group_3566	cloud	1	sin_COG	0	1
group_3560	cloud	1	sin_COG	0	1
group_3554	cloud	1	sin_COG	0	1
group_3551	cloud	1	sin_COG	0	1
tolB	cloud	1	sin_COG	0	1
group_3548	cloud	1	sin_COG	0	1
group_3547	cloud	1	sin_COG	0	1
group_3546	cloud	1	sin_COG	0	1
group_3545	cloud	1	sin_COG	0	1
group_3544	cloud	1	sin_COG	0	1
group_3538	cloud	1	sin_COG	0	1
group_3531	cloud	1	sin_COG	0	1
group_3528	cloud	1	sin_COG	0	1
group_3527	cloud	1	sin_COG	0	1
group_3526	cloud	1	sin_COG	0	1
group_3525	cloud	1	sin_COG	0	1
group_3524	cloud	1	sin_COG	0	1
group_3517	cloud	1	sin_COG	0	1
group_3513	cloud	1	sin_COG	0	1
group_3511	cloud	1	sin_COG	0	1
group_3509	cloud	1	sin_COG	0	1
group_3507	cloud	1	sin_COG	0	1
group_3505	cloud	1	sin_COG	0	1
group_3502	cloud	1	sin_COG	0	1
group_3501	cloud	1	sin_COG	0	1
group_3495	cloud	1	sin_COG	0	1
group_3494	cloud	1	sin_COG	0	1
group_3491	cloud	1	sin_COG	0	1
group_3489	cloud	1	sin_COG	0	1
group_3471	cloud	1	sin_COG	0	1
group_3469	cloud	1	sin_COG	0	1
group_3465	cloud	1	sin_COG	0	1
group_3455	cloud	1	sin_COG	0	1
group_3454	cloud	1	sin_COG	0	1
group_3449	cloud	1	sin_COG	0	1
deoR	cloud	1	sin_COG	0	1
group_3447	cloud	1	sin_COG	0	1
group_3444	cloud	1	sin_COG	0	1
group_3442	cloud	1	sin_COG	0	1
group_3438	cloud	1	sin_COG	0	1
group_3435	cloud	1	sin_COG	0	1
group_3433	cloud	1	sin_COG	0	1
group_3428	cloud	1	sin_COG	0	1
group_3423	cloud	1	sin_COG	0	1
group_3422	cloud	1	sin_COG	0	1
group_3418	cloud	1	sin_COG	0	1
group_3417	cloud	1	sin_COG	0	1
group_3412	cloud	1	sin_COG	0	1
group_3409	cloud	1	sin_COG	0	1
group_3404	cloud	1	sin_COG	0	1
group_3403	cloud	1	sin_COG	0	1
group_3394	cloud	1	sin_COG	0	1
group_3390	cloud	1	sin_COG	0	1
group_3389	cloud	1	sin_COG	0	1
group_3388	cloud	1	sin_COG	0	1
group_3387	cloud	1	sin_COG	0	1
group_3381	cloud	1	G	1	1
group_3371	cloud	1	G	1	1
group_3368	cloud	1	sin_COG	0	1
group_3353	cloud	1	sin_COG	0	1
group_3351	cloud	1	sin_COG	0	1
group_3348	cloud	1	sin_COG	0	1
group_3345	cloud	1	sin_COG	0	1
group_3343	cloud	1	sin_COG	0	1
group_3342	cloud	1	sin_COG	0	1
group_3340	cloud	1	sin_COG	0	1
group_3339	cloud	1	sin_COG	0	1
group_3334	cloud	1	sin_COG	0	1
group_3331	cloud	1	sin_COG	0	1
group_3319	cloud	1	sin_COG	0	1
group_3318	cloud	1	sin_COG	0	1
group_3313	cloud	1	sin_COG	0	1
group_3307	cloud	1	sin_COG	0	1
group_3306	cloud	1	sin_COG	0	1
group_3304	cloud	1	sin_COG	0	1
group_3303	cloud	1	sin_COG	0	1
group_3302	cloud	1	sin_COG	0	1
group_3301	cloud	1	sin_COG	0	1
group_3300	cloud	1	sin_COG	0	1
group_3299	cloud	1	sin_COG	0	1
group_3297	cloud	1	sin_COG	0	1
group_3295	cloud	1	sin_COG	0	1
group_3291	cloud	1	sin_COG	0	1
group_3285	cloud	1	sin_COG	0	1
group_3283	cloud	1	sin_COG	0	1
group_3282	cloud	1	sin_COG	0	1
group_3276	cloud	1	sin_COG	0	1
group_3274	cloud	1	G	1	1
group_3272	cloud	1	sin_COG	0	1
group_3269	cloud	1	sin_COG	0	1
group_3268	cloud	1	sin_COG	0	1
group_3264	cloud	1	sin_COG	0	1
group_3257	cloud	1	sin_COG	0	1
group_3248	cloud	1	sin_COG	0	1
ostA	cloud	1	sin_COG	0	1
group_3235	cloud	1	sin_COG	0	1
group_3230	cloud	1	sin_COG	0	1
group_3229	cloud	1	sin_COG	0	1
group_3228	cloud	1	sin_COG	0	1
group_3227	cloud	1	sin_COG	0	1
group_3224	cloud	1	sin_COG	0	1
group_3215	cloud	1	sin_COG	0	1
group_3213	cloud	1	sin_COG	0	1
group_3212	cloud	1	sin_COG	0	1
group_3209	cloud	1	sin_COG	0	1
group_3206	cloud	1	sin_COG	0	1
rteC	cloud	1	sin_COG	0	1
group_3198	cloud	1	sin_COG	0	1
group_3195	cloud	1	sin_COG	0	1
group_3192	cloud	1	sin_COG	0	1
group_3190	cloud	1	sin_COG	0	1
group_3188	cloud	1	sin_COG	0	1
group_3183	cloud	1	sin_COG	0	1
group_3182	cloud	1	sin_COG	0	1
group_3181	cloud	1	sin_COG	0	1
group_3176	cloud	1	sin_COG	0	1
group_3172	cloud	1	sin_COG	0	1
group_3171	cloud	1	sin_COG	0	1
group_3170	cloud	1	sin_COG	0	1
group_3169	cloud	1	sin_COG	0	1
group_3168	cloud	1	sin_COG	0	1
group_3165	cloud	1	sin_COG	0	1
group_3163	cloud	1	sin_COG	0	1
group_3161	cloud	1	sin_COG	0	1
group_3157	cloud	1	sin_COG	0	1
group_3156	cloud	1	sin_COG	0	1
group_3154	cloud	1	sin_COG	0	1
group_3151	cloud	1	sin_COG	0	1
group_3149	cloud	1	sin_COG	0	1
group_3147	cloud	1	sin_COG	0	1
group_3145	cloud	1	sin_COG	0	1
group_3141	cloud	1	sin_COG	0	1
group_3140	cloud	1	sin_COG	0	1
group_3137	cloud	1	sin_COG	0	1
group_3136	cloud	1	sin_COG	0	1
group_3134	cloud	1	sin_COG	0	1
group_3128	cloud	1	sin_COG	0	1
group_3122	cloud	1	sin_COG	0	1
group_3121	cloud	1	sin_COG	0	1
group_3120	cloud	1	sin_COG	0	1
group_3118	cloud	1	sin_COG	0	1
group_3115	cloud	1	sin_COG	0	1
abaF	cloud	1	sin_COG	0	1
group_3114	cloud	1	sin_COG	0	1
group_3113	cloud	1	sin_COG	0	1
group_3110	cloud	1	sin_COG	0	1
fkbM	cloud	1	sin_COG	0	1
group_3104	cloud	1	sin_COG	0	1
group_3097	cloud	1	sin_COG	0	1
group_3086	cloud	1	sin_COG	0	1
group_3081	cloud	1	sin_COG	0	1
group_3076	cloud	1	sin_COG	0	1
group_3067	cloud	1	sin_COG	0	1
group_3064	cloud	1	sin_COG	0	1
group_3061	cloud	1	sin_COG	0	1
group_3059	cloud	1	sin_COG	0	1
group_3055	cloud	1	sin_COG	0	1
group_3054	cloud	1	X	1	1
group_3053	cloud	1	sin_COG	0	1
group_3049	cloud	1	sin_COG	0	1
group_3048	cloud	1	sin_COG	0	1
group_3044	cloud	1	sin_COG	0	1
group_3043	cloud	1	sin_COG	0	1
group_3040	cloud	1	sin_COG	0	1
group_3039	cloud	1	sin_COG	0	1
group_3033	cloud	1	sin_COG	0	1
group_3032	cloud	1	sin_COG	0	1
group_3031	cloud	1	sin_COG	0	1
group_3030	cloud	1	sin_COG	0	1
group_3029	cloud	1	sin_COG	0	1
group_3021	cloud	1	sin_COG	0	1
group_3020	cloud	1	sin_COG	0	1
group_3019	cloud	1	sin_COG	0	1
group_3018	cloud	1	sin_COG	0	1
group_3011	cloud	1	sin_COG	0	1
group_3010	cloud	1	sin_COG	0	1
group_3003	cloud	1	sin_COG	0	1
group_3002	cloud	1	sin_COG	0	1
group_3000	cloud	1	sin_COG	0	1
group_2999	cloud	1	sin_COG	0	1
group_2991	cloud	1	sin_COG	0	1
group_2990	cloud	1	sin_COG	0	1
group_2988	cloud	1	sin_COG	0	1
atoE	cloud	1	I	1	1
group_2983	cloud	1	sin_COG	0	1
group_2977	cloud	1	sin_COG	0	1
group_2971	cloud	1	sin_COG	0	1
group_2969	cloud	1	sin_COG	0	1
group_2963	cloud	1	sin_COG	0	1
group_2958	cloud	1	sin_COG	0	1
licH	cloud	1	sin_COG	0	1
ywqF	cloud	1	sin_COG	0	1
group_2951	cloud	1	sin_COG	0	1
group_2950	cloud	1	sin_COG	0	1
group_2940	cloud	1	sin_COG	0	1
group_2939	cloud	1	sin_COG	0	1
group_2931	cloud	1	sin_COG	0	1
group_2930	cloud	1	sin_COG	0	1
group_2929	cloud	1	sin_COG	0	1
group_2927	cloud	1	sin_COG	0	1
group_2923	cloud	1	sin_COG	0	1
group_2914	cloud	1	sin_COG	0	1
group_2907	cloud	1	sin_COG	0	1
group_2902	cloud	1	sin_COG	0	1
group_2898	cloud	1	sin_COG	0	1
group_2895	cloud	1	sin_COG	0	1
group_2890	cloud	1	sin_COG	0	1
group_2881	cloud	1	sin_COG	0	1
group_2878	cloud	1	sin_COG	0	1
group_2877	cloud	1	sin_COG	0	1
group_2876	cloud	1	sin_COG	0	1
group_2875	cloud	1	sin_COG	0	1
group_2873	cloud	1	sin_COG	0	1
group_2872	cloud	1	sin_COG	0	1
group_2865	cloud	1	sin_COG	0	1
group_2858	cloud	1	sin_COG	0	1
group_2857	cloud	1	sin_COG	0	1
group_2853	cloud	1	sin_COG	0	1
group_2850	cloud	1	sin_COG	0	1
group_2838	cloud	1	sin_COG	0	1
group_2826	cloud	1	sin_COG	0	1
group_2816	cloud	1	sin_COG	0	1
group_2815	cloud	1	K	1	1
capK	cloud	1	sin_COG	0	1
group_2810	cloud	1	sin_COG	0	1
group_2809	cloud	1	sin_COG	0	1
group_2806	cloud	1	sin_COG	0	1
group_2804	cloud	1	sin_COG	0	1
group_2799	cloud	1	sin_COG	0	1
group_2798	cloud	1	sin_COG	0	1
group_2796	cloud	1	sin_COG	0	1
group_2794	cloud	1	sin_COG	0	1
group_2792	cloud	1	sin_COG	0	1
group_2791	cloud	1	sin_COG	0	1
frmR	cloud	1	sin_COG	0	1
group_2787	cloud	1	sin_COG	0	1
group_2785	cloud	1	sin_COG	0	1
group_2777	cloud	1	sin_COG	0	1
group_2775	cloud	1	sin_COG	0	1
group_2764	cloud	1	sin_COG	0	1
group_2760	cloud	1	sin_COG	0	1
group_2758	cloud	1	sin_COG	0	1
group_2755	cloud	1	sin_COG	0	1
group_2748	cloud	1	sin_COG	0	1
group_2743	cloud	1	sin_COG	0	1
group_2742	cloud	1	sin_COG	0	1
group_2740	cloud	1	sin_COG	0	1
group_2739	cloud	1	sin_COG	0	1
hcaE	cloud	1	P	1	1
group_2718	cloud	1	sin_COG	0	1
group_2715	cloud	1	sin_COG	0	1
group_2714	cloud	1	sin_COG	0	1
group_2713	cloud	1	sin_COG	0	1
accC	cloud	1	sin_COG	0	1
group_2706	cloud	1	sin_COG	0	1
sugR	cloud	1	sin_COG	0	1
mauJ	cloud	1	sin_COG	0	1
group_2696	cloud	1	sin_COG	0	1
group_2695	cloud	1	sin_COG	0	1
group_2693	cloud	1	sin_COG	0	1
group_2692	cloud	1	sin_COG	0	1
group_2691	cloud	1	sin_COG	0	1
group_2690	cloud	1	sin_COG	0	1
group_2688	cloud	1	sin_COG	0	1
group_2687	cloud	1	sin_COG	0	1
group_2680	cloud	1	sin_COG	0	1
group_2679	cloud	1	sin_COG	0	1
group_2676	cloud	1	sin_COG	0	1
group_2675	cloud	1	sin_COG	0	1
group_2663	cloud	1	sin_COG	0	1
group_2650	cloud	1	sin_COG	0	1
group_2647	cloud	1	sin_COG	0	1
citM	cloud	1	C	1	1
group_2640	cloud	1	sin_COG	0	1
group_2638	cloud	1	sin_COG	0	1
group_2632	cloud	1	sin_COG	0	1
group_2630	cloud	1	sin_COG	0	1
group_2628	cloud	1	S	1	1
group_2627	cloud	1	sin_COG	0	1
group_2624	cloud	1	sin_COG	0	1
group_2622	cloud	1	sin_COG	0	1
group_2615	cloud	1	sin_COG	0	1
group_2614	cloud	1	sin_COG	0	1
group_2613	cloud	1	sin_COG	0	1
group_2612	cloud	1	sin_COG	0	1
group_2606	cloud	1	sin_COG	0	1
group_2603	cloud	1	sin_COG	0	1
algA	cloud	1	sin_COG	0	1
group_2601	cloud	1	sin_COG	0	1
group_2600	cloud	1	sin_COG	0	1
group_2596	cloud	1	sin_COG	0	1
group_2592	cloud	1	sin_COG	0	1
group_2585	cloud	1	sin_COG	0	1
group_2584	cloud	1	sin_COG	0	1
group_2581	cloud	1	sin_COG	0	1
group_2575	cloud	1	sin_COG	0	1
group_2574	cloud	1	sin_COG	0	1
group_2572	cloud	1	sin_COG	0	1
group_2565	cloud	1	sin_COG	0	1
group_2556	cloud	1	sin_COG	0	1
group_2553	cloud	1	sin_COG	0	1
group_2552	cloud	1	sin_COG	0	1
group_2550	cloud	1	sin_COG	0	1
group_2548	cloud	1	sin_COG	0	1
group_2543	cloud	1	sin_COG	0	1
group_2542	cloud	1	sin_COG	0	1
group_2539	cloud	1	sin_COG	0	1
group_2536	cloud	1	sin_COG	0	1
group_2534	cloud	1	sin_COG	0	1
group_2528	cloud	1	sin_COG	0	1
group_2526	cloud	1	sin_COG	0	1
group_2525	cloud	1	sin_COG	0	1
group_2524	cloud	1	sin_COG	0	1
group_2523	cloud	1	sin_COG	0	1
group_2521	cloud	1	sin_COG	0	1
group_2520	cloud	1	sin_COG	0	1
group_2519	cloud	1	sin_COG	0	1
group_2512	cloud	1	sin_COG	0	1
group_2509	cloud	1	E	1	1
group_2507	cloud	1	E	1	1
group_2497	cloud	1	sin_COG	0	1
group_2496	cloud	1	sin_COG	0	1
group_2491	cloud	1	sin_COG	0	1
group_2486	cloud	1	sin_COG	0	1
group_2480	cloud	1	sin_COG	0	1
group_2477	exclusivo	0	sin_COG	0	1
group_2463	cloud	1	sin_COG	0	1
group_2462	cloud	1	sin_COG	0	1
group_2461	cloud	1	sin_COG	0	1
group_2460	cloud	1	sin_COG	0	1
group_2457	cloud	1	sin_COG	0	1
group_2454	cloud	1	sin_COG	0	1
group_2452	cloud	1	sin_COG	0	1
group_2450	cloud	1	sin_COG	0	1
group_2446	cloud	1	sin_COG	0	1
group_2443	cloud	1	sin_COG	0	1
group_2440	cloud	1	sin_COG	0	1
group_2437	cloud	1	sin_COG	0	1
group_2433	cloud	1	sin_COG	0	1
group_2432	cloud	1	sin_COG	0	1
group_2427	cloud	1	sin_COG	0	1
group_2415	cloud	1	sin_COG	0	1
group_2411	cloud	1	sin_COG	0	1
group_2405	cloud	1	sin_COG	0	1
group_2402	cloud	1	sin_COG	0	1
group_2401	cloud	1	sin_COG	0	1
group_2400	cloud	1	sin_COG	0	1
group_2399	cloud	1	sin_COG	0	1
group_2398	cloud	1	sin_COG	0	1
group_2397	cloud	1	sin_COG	0	1
group_2396	cloud	1	sin_COG	0	1
group_2393	cloud	1	sin_COG	0	1
group_2392	cloud	1	sin_COG	0	1
group_2386	cloud	1	sin_COG	0	1
group_2379	cloud	1	sin_COG	0	1
ywaE	cloud	1	sin_COG	0	1
group_2375	cloud	1	sin_COG	0	1
group_2374	cloud	1	sin_COG	0	1
group_2371	cloud	1	sin_COG	0	1
group_2367	cloud	1	sin_COG	0	1
group_2357	cloud	1	sin_COG	0	1
group_2354	cloud	1	sin_COG	0	1
group_2353	cloud	1	sin_COG	0	1
group_2352	cloud	1	sin_COG	0	1
group_2348	cloud	1	sin_COG	0	1
group_2346	cloud	1	sin_COG	0	1
group_2341	cloud	1	sin_COG	0	1
group_2335	cloud	1	sin_COG	0	1
group_2334	cloud	1	sin_COG	0	1
group_2333	cloud	1	sin_COG	0	1
group_2332	cloud	1	sin_COG	0	1
group_2326	cloud	1	sin_COG	0	1
group_2325	cloud	1	sin_COG	0	1
group_2323	cloud	1	sin_COG	0	1
group_2320	cloud	1	sin_COG	0	1
group_2319	cloud	1	sin_COG	0	1
group_2318	cloud	1	sin_COG	0	1
group_2312	cloud	1	sin_COG	0	1
group_2309	cloud	1	sin_COG	0	1
group_2307	cloud	1	sin_COG	0	1
group_2306	cloud	1	sin_COG	0	1
group_2305	cloud	1	sin_COG	0	1
group_2301	cloud	1	sin_COG	0	1
group_2300	cloud	1	sin_COG	0	1
group_2299	cloud	1	sin_COG	0	1
group_2283	cloud	1	sin_COG	0	1
group_2280	cloud	1	sin_COG	0	1
group_2279	cloud	1	sin_COG	0	1
group_2277	cloud	1	sin_COG	0	1
group_2276	cloud	1	sin_COG	0	1
group_2273	cloud	1	sin_COG	0	1
group_2268	cloud	1	sin_COG	0	1
group_2265	cloud	1	sin_COG	0	1
group_2258	cloud	1	sin_COG	0	1
group_2257	cloud	1	sin_COG	0	1
group_2256	cloud	1	sin_COG	0	1
group_2254	cloud	1	sin_COG	0	1
group_2252	cloud	1	sin_COG	0	1
group_2251	cloud	1	sin_COG	0	1
group_2249	cloud	1	sin_COG	0	1
group_2247	cloud	1	sin_COG	0	1
group_2245	cloud	1	sin_COG	0	1
group_2244	cloud	1	sin_COG	0	1
group_2243	cloud	1	sin_COG	0	1
group_2240	cloud	1	sin_COG	0	1
group_2239	cloud	1	sin_COG	0	1
group_2235	cloud	1	sin_COG	0	1
group_2234	cloud	1	sin_COG	0	1
group_2230	cloud	1	sin_COG	0	1
group_2223	cloud	1	sin_COG	0	1
group_2222	cloud	1	sin_COG	0	1
group_2216	cloud	1	sin_COG	0	1
group_2215	cloud	1	sin_COG	0	1
group_2207	cloud	1	sin_COG	0	1
group_2204	cloud	1	sin_COG	0	1
group_2201	cloud	1	sin_COG	0	1
group_2198	cloud	1	sin_COG	0	1
group_2195	cloud	1	sin_COG	0	1
group_2190	cloud	1	sin_COG	0	1
group_2180	cloud	1	sin_COG	0	1
group_2179	cloud	1	sin_COG	0	1
group_2177	cloud	1	sin_COG	0	1
group_2176	cloud	1	sin_COG	0	1
group_2174	cloud	1	sin_COG	0	1
group_2172	cloud	1	sin_COG	0	1
group_2164	cloud	1	sin_COG	0	1
group_2159	cloud	1	sin_COG	0	1
tnp	cloud	1	sin_COG	0	1
group_2152	cloud	1	sin_COG	0	1
group_2150	cloud	1	sin_COG	0	1
group_2147	cloud	1	sin_COG	0	1
group_2139	cloud	1	sin_COG	0	1
group_2133	cloud	1	sin_COG	0	1
group_2131	cloud	1	sin_COG	0	1
group_2130	cloud	1	sin_COG	0	1
group_2129	cloud	1	sin_COG	0	1
bglH	cloud	1	sin_COG	0	1
group_2126	cloud	1	sin_COG	0	1
group_2123	cloud	1	sin_COG	0	1
group_2119	cloud	1	sin_COG	0	1
group_2118	cloud	1	sin_COG	0	1
group_2114	cloud	1	sin_COG	0	1
group_2108	cloud	1	sin_COG	0	1
group_2106	cloud	1	sin_COG	0	1
group_2104	cloud	1	sin_COG	0	1
group_2103	cloud	1	sin_COG	0	1
group_2102	cloud	1	sin_COG	0	1
group_2096	cloud	1	sin_COG	0	1
group_2093	cloud	1	sin_COG	0	1
group_2092	cloud	1	sin_COG	0	1
group_2089	cloud	1	sin_COG	0	1
group_2088	cloud	1	sin_COG	0	1
group_2086	cloud	1	sin_COG	0	1
group_2080	cloud	1	sin_COG	0	1
group_2075	cloud	1	sin_COG	0	1
group_2073	cloud	1	sin_COG	0	1
group_2071	cloud	1	sin_COG	0	1
group_2068	cloud	1	sin_COG	0	1
bglA	cloud	1	G	1	1
group_2058	cloud	1	sin_COG	0	1
group_2057	cloud	1	sin_COG	0	1
group_2055	cloud	1	sin_COG	0	1
group_2054	cloud	1	sin_COG	0	1
group_2053	cloud	1	sin_COG	0	1
group_2050	cloud	1	sin_COG	0	1
group_2049	cloud	1	sin_COG	0	1
group_2048	cloud	1	sin_COG	0	1
group_2041	cloud	1	sin_COG	0	1
group_2040	cloud	1	sin_COG	0	1
group_2035	cloud	1	sin_COG	0	1
group_2032	cloud	1	sin_COG	0	1
group_2026	cloud	1	sin_COG	0	1
group_2019	cloud	1	sin_COG	0	1
group_2017	cloud	1	sin_COG	0	1
group_2010	cloud	1	sin_COG	0	1
group_2007	cloud	1	sin_COG	0	1
group_2006	cloud	1	sin_COG	0	1
group_2005	cloud	1	sin_COG	0	1
group_2004	cloud	1	sin_COG	0	1
group_2001	cloud	1	sin_COG	0	1
group_1999	cloud	1	sin_COG	0	1
group_1997	cloud	1	sin_COG	0	1
group_1994	cloud	1	sin_COG	0	1
yfcC	cloud	1	sin_COG	0	1
group_1985	cloud	1	sin_COG	0	1
yxiJ	cloud	1	sin_COG	0	1
sdcS	cloud	1	sin_COG	0	1
group_1977	cloud	1	sin_COG	0	1
group_1972	cloud	1	sin_COG	0	1
group_1958	cloud	1	sin_COG	0	1
group_1957	cloud	1	sin_COG	0	1
group_1955	cloud	1	sin_COG	0	1
group_1950	cloud	1	sin_COG	0	1
group_1948	cloud	1	sin_COG	0	1
group_1943	cloud	1	sin_COG	0	1
group_1933	cloud	1	sin_COG	0	1
group_1932	cloud	1	sin_COG	0	1
group_1930	cloud	1	sin_COG	0	1
group_1929	cloud	1	sin_COG	0	1
group_1928	cloud	1	sin_COG	0	1
group_1926	cloud	1	sin_COG	0	1
group_1922	cloud	1	sin_COG	0	1
group_1914	cloud	1	sin_COG	0	1
group_1913	cloud	1	sin_COG	0	1
group_1912	cloud	1	I	1	1
group_1908	cloud	1	sin_COG	0	1
group_1907	cloud	1	sin_COG	0	1
group_1905	cloud	1	sin_COG	0	1
group_1904	cloud	1	sin_COG	0	1
group_1902	cloud	1	sin_COG	0	1
group_1897	cloud	1	sin_COG	0	1
group_1890	cloud	1	sin_COG	0	1
group_1884	cloud	1	sin_COG	0	1
group_1881	cloud	1	sin_COG	0	1
group_1878	cloud	1	I	1	1
group_1875	cloud	1	sin_COG	0	1
group_1873	cloud	1	sin_COG	0	1
group_1870	cloud	1	sin_COG	0	1
group_1869	cloud	1	I	1	1
group_1867	cloud	1	sin_COG	0	1
group_1866	cloud	1	sin_COG	0	1
group_1865	cloud	1	sin_COG	0	1
sulP	cloud	1	sin_COG	0	1
group_1858	cloud	1	sin_COG	0	1
group_1853	cloud	1	sin_COG	0	1
pcaC	cloud	1	sin_COG	0	1
group_1845	cloud	1	sin_COG	0	1
group_1842	cloud	1	sin_COG	0	1
group_1839	cloud	1	sin_COG	0	1
group_1838	cloud	1	sin_COG	0	1
group_1835	cloud	1	sin_COG	0	1
yeeF	cloud	1	sin_COG	0	1
group_1834	cloud	1	sin_COG	0	1
group_1833	cloud	1	sin_COG	0	1
group_1831	cloud	1	sin_COG	0	1
group_1828	cloud	1	sin_COG	0	1
betB	cloud	1	sin_COG	0	1
group_1820	cloud	1	sin_COG	0	1
group_1819	cloud	1	sin_COG	0	1
mcrC	cloud	1	sin_COG	0	1
group_1818	cloud	1	sin_COG	0	1
group_1817	cloud	1	sin_COG	0	1
group_1816	cloud	1	sin_COG	0	1
group_1812	cloud	1	sin_COG	0	1
group_1811	cloud	1	sin_COG	0	1
group_1809	cloud	1	I	1	1
group_1804	cloud	1	I	1	1
group_1801	cloud	1	sin_COG	0	1
marD	cloud	1	sin_COG	0	1
group_1796	cloud	1	sin_COG	0	1
group_1795	cloud	1	sin_COG	0	1
group_1793	cloud	1	sin_COG	0	1
group_1792	cloud	1	sin_COG	0	1
group_1791	cloud	1	sin_COG	0	1
group_1790	cloud	1	sin_COG	0	1
group_1789	cloud	1	sin_COG	0	1
group_1788	cloud	1	sin_COG	0	1
hpaB	cloud	1	sin_COG	0	1
group_1784	cloud	1	sin_COG	0	1
group_1782	cloud	1	sin_COG	0	1
group_1779	cloud	1	sin_COG	0	1
group_1776	cloud	1	sin_COG	0	1
group_1775	cloud	1	sin_COG	0	1
group_1773	cloud	1	sin_COG	0	1
group_1766	cloud	1	sin_COG	0	1
group_1763	cloud	1	sin_COG	0	1
group_1762	cloud	1	sin_COG	0	1
group_1761	cloud	1	sin_COG	0	1
group_1759	cloud	1	sin_COG	0	1
group_1758	cloud	1	sin_COG	0	1
group_1757	cloud	1	sin_COG	0	1
group_1752	cloud	1	sin_COG	0	1
group_1749	cloud	1	sin_COG	0	1
group_1748	cloud	1	sin_COG	0	1
group_1737	cloud	1	sin_COG	0	1
group_1731	cloud	1	sin_COG	0	1
group_1730	cloud	1	sin_COG	0	1
group_1723	cloud	1	sin_COG	0	1
group_1722	cloud	1	sin_COG	0	1
group_1716	cloud	1	sin_COG	0	1
group_1715	cloud	1	sin_COG	0	1
group_1710	cloud	1	sin_COG	0	1
group_1698	cloud	1	sin_COG	0	1
group_1696	cloud	1	sin_COG	0	1
group_1693	cloud	1	sin_COG	0	1
group_1692	cloud	1	sin_COG	0	1
group_1691	cloud	1	sin_COG	0	1
group_1675	cloud	1	sin_COG	0	1
group_1673	cloud	1	sin_COG	0	1
group_1670	cloud	1	sin_COG	0	1
group_1663	cloud	1	I	1	1
group_1657	cloud	1	sin_COG	0	1
group_1656	cloud	1	sin_COG	0	1
group_1655	cloud	1	sin_COG	0	1
group_1650	cloud	1	sin_COG	0	1
group_1649	cloud	1	sin_COG	0	1
group_1645	cloud	1	sin_COG	0	1
group_1643	cloud	1	sin_COG	0	1
group_1641	cloud	1	sin_COG	0	1
group_1634	cloud	1	sin_COG	0	1
group_1632	cloud	1	sin_COG	0	1
group_1631	cloud	1	sin_COG	0	1
group_1625	cloud	1	sin_COG	0	1
group_1623	cloud	1	sin_COG	0	1
group_1622	cloud	1	sin_COG	0	1
group_1620	cloud	1	sin_COG	0	1
group_1618	cloud	1	sin_COG	0	1
group_1616	cloud	1	sin_COG	0	1
acpB	cloud	1	sin_COG	0	1
group_1609	cloud	1	sin_COG	0	1
group_1608	cloud	1	sin_COG	0	1
group_1604	cloud	1	sin_COG	0	1
group_1602	cloud	1	sin_COG	0	1
group_1600	cloud	1	sin_COG	0	1
group_1596	cloud	1	sin_COG	0	1
group_1593	cloud	1	sin_COG	0	1
group_1592	cloud	1	sin_COG	0	1
group_1578	cloud	1	sin_COG	0	1
group_1577	cloud	1	sin_COG	0	1
group_1576	cloud	1	sin_COG	0	1
group_1571	cloud	1	sin_COG	0	1
group_1570	cloud	1	sin_COG	0	1
group_1561	cloud	1	sin_COG	0	1
group_1558	cloud	1	sin_COG	0	1
group_1556	cloud	1	sin_COG	0	1
group_1554	cloud	1	sin_COG	0	1
group_1553	cloud	1	sin_COG	0	1
group_1552	cloud	1	sin_COG	0	1
group_1551	cloud	1	sin_COG	0	1
group_1546	cloud	1	sin_COG	0	1
group_1542	cloud	1	sin_COG	0	1
group_1539	cloud	1	sin_COG	0	1
murJ	cloud	1	sin_COG	0	1
group_1538	cloud	1	sin_COG	0	1
group_1531	cloud	1	sin_COG	0	1
group_1528	cloud	1	sin_COG	0	1
group_1524	cloud	1	sin_COG	0	1
group_1521	cloud	1	sin_COG	0	1
group_1520	cloud	1	sin_COG	0	1
group_1519	cloud	1	sin_COG	0	1
group_1515	cloud	1	sin_COG	0	1
group_1514	cloud	1	sin_COG	0	1
group_1512	cloud	1	sin_COG	0	1
group_1511	cloud	1	sin_COG	0	1
group_1501	cloud	1	sin_COG	0	1
group_1500	cloud	1	sin_COG	0	1
aCT7	cloud	1	T	1	1
group_1496	cloud	1	sin_COG	0	1
group_1493	cloud	1	sin_COG	0	1
group_1489	cloud	1	sin_COG	0	1
group_1481	cloud	1	sin_COG	0	1
group_1480	cloud	1	sin_COG	0	1
group_1478	cloud	1	sin_COG	0	1
group_1477	cloud	1	sin_COG	0	1
group_1474	cloud	1	sin_COG	0	1
group_1470	cloud	1	sin_COG	0	1
group_1467	cloud	1	sin_COG	0	1
group_1464	cloud	1	sin_COG	0	1
group_1463	cloud	1	sin_COG	0	1
group_1462	cloud	1	sin_COG	0	1
group_1456	cloud	1	sin_COG	0	1
group_1455	cloud	1	sin_COG	0	1
group_1454	cloud	1	sin_COG	0	1
group_1452	cloud	1	sin_COG	0	1
group_1446	cloud	1	sin_COG	0	1
group_1434	cloud	1	sin_COG	0	1
hpaE	cloud	1	sin_COG	0	1
group_1431	cloud	1	sin_COG	0	1
group_1430	cloud	1	sin_COG	0	1
group_1429	cloud	1	sin_COG	0	1
group_1426	cloud	1	sin_COG	0	1
group_1424	cloud	1	sin_COG	0	1
group_1422	cloud	1	sin_COG	0	1
group_1420	cloud	1	sin_COG	0	1
group_1419	cloud	1	D	1	1
group_1410	cloud	1	sin_COG	0	1
group_1409	cloud	1	sin_COG	0	1
group_1408	cloud	1	sin_COG	0	1
group_1405	cloud	1	sin_COG	0	1
group_1400	cloud	1	sin_COG	0	1
group_1398	cloud	1	sin_COG	0	1
pvcC	cloud	1	sin_COG	0	1
group_1396	cloud	1	sin_COG	0	1
group_1395	cloud	1	sin_COG	0	1
group_1391	cloud	1	sin_COG	0	1
group_1379	cloud	1	sin_COG	0	1
group_1377	cloud	1	sin_COG	0	1
group_1373	cloud	1	sin_COG	0	1
group_1370	cloud	1	sin_COG	0	1
group_1369	cloud	1	sin_COG	0	1
group_1367	cloud	1	sin_COG	0	1
group_1366	cloud	1	sin_COG	0	1
group_1365	cloud	1	sin_COG	0	1
group_1364	cloud	1	sin_COG	0	1
group_1360	cloud	1	sin_COG	0	1
group_1352	cloud	1	sin_COG	0	1
group_1351	cloud	1	sin_COG	0	1
group_1348	cloud	1	sin_COG	0	1
group_1342	cloud	1	sin_COG	0	1
group_1340	cloud	1	sin_COG	0	1
group_1339	cloud	1	sin_COG	0	1
group_1337	cloud	1	sin_COG	0	1
group_1334	cloud	1	sin_COG	0	1
group_1332	cloud	1	sin_COG	0	1
group_1331	cloud	1	sin_COG	0	1
group_1330	cloud	1	sin_COG	0	1
group_1324	cloud	1	sin_COG	0	1
group_1323	cloud	1	sin_COG	0	1
group_1322	cloud	1	sin_COG	0	1
group_1321	cloud	1	sin_COG	0	1
group_1306	cloud	1	sin_COG	0	1
group_1304	cloud	1	sin_COG	0	1
group_1299	cloud	1	sin_COG	0	1
group_1295	cloud	1	sin_COG	0	1
group_1285	cloud	1	sin_COG	0	1
group_1275	cloud	1	sin_COG	0	1
group_1268	cloud	1	sin_COG	0	1
group_1266	cloud	1	sin_COG	0	1
group_1262	cloud	1	sin_COG	0	1
group_1261	cloud	1	sin_COG	0	1
group_1255	cloud	1	sin_COG	0	1
group_1244	cloud	1	sin_COG	0	1
group_1243	cloud	1	sin_COG	0	1
group_1242	cloud	1	sin_COG	0	1
group_1237	cloud	1	sin_COG	0	1
group_1236	cloud	1	sin_COG	0	1
group_1231	cloud	1	sin_COG	0	1
group_1228	cloud	1	sin_COG	0	1
group_1226	cloud	1	sin_COG	0	1
group_1219	cloud	1	sin_COG	0	1
group_1218	exclusivo	0	sin_COG	0	1
group_1216	cloud	1	sin_COG	0	1
group_1215	cloud	1	sin_COG	0	1
group_1214	cloud	1	sin_COG	0	1
group_1211	cloud	1	sin_COG	0	1
group_1208	cloud	1	sin_COG	0	1
group_1204	cloud	1	sin_COG	0	1
group_1200	cloud	1	sin_COG	0	1
group_1198	cloud	1	sin_COG	0	1
group_1197	cloud	1	sin_COG	0	1
group_1190	cloud	1	sin_COG	0	1
group_1189	cloud	1	sin_COG	0	1
araC	cloud	1	sin_COG	0	1
group_1186	cloud	1	sin_COG	0	1
group_1185	cloud	1	sin_COG	0	1
group_1183	cloud	1	sin_COG	0	1
group_1176	cloud	1	sin_COG	0	1
group_1168	cloud	1	sin_COG	0	1
group_1167	cloud	1	sin_COG	0	1
group_1164	cloud	1	sin_COG	0	1
group_1162	cloud	1	sin_COG	0	1
group_1156	cloud	1	sin_COG	0	1
group_1154	cloud	1	sin_COG	0	1
group_1152	cloud	1	sin_COG	0	1
group_1151	cloud	1	sin_COG	0	1
group_1147	cloud	1	sin_COG	0	1
group_1142	cloud	1	sin_COG	0	1
group_1140	cloud	1	E	1	1
group_1137	cloud	1	sin_COG	0	1
group_1134	cloud	1	sin_COG	0	1
group_1132	cloud	1	sin_COG	0	1
group_1122	cloud	1	sin_COG	0	1
group_1121	cloud	1	sin_COG	0	1
group_1118	cloud	1	sin_COG	0	1
group_1115	cloud	1	sin_COG	0	1
ggt	cloud	1	E	1	1
group_1105	cloud	1	sin_COG	0	1
group_1097	cloud	1	sin_COG	0	1
group_1096	cloud	1	sin_COG	0	1
group_1091	cloud	1	sin_COG	0	1
group_1085	cloud	1	sin_COG	0	1
cntA	cloud	1	sin_COG	0	1
group_1079	cloud	1	sin_COG	0	1
group_1070	cloud	1	sin_COG	0	1
group_1067	cloud	1	sin_COG	0	1
group_1062	cloud	1	sin_COG	0	1
group_1057	cloud	1	sin_COG	0	1
group_1056	cloud	1	sin_COG	0	1
group_1054	cloud	1	sin_COG	0	1
group_1049	cloud	1	sin_COG	0	1
group_1045	cloud	1	sin_COG	0	1
group_1039	cloud	1	sin_COG	0	1
nikA	cloud	1	E	1	1
group_1038	cloud	1	sin_COG	0	1
group_1035	cloud	1	sin_COG	0	1
group_1034	cloud	1	sin_COG	0	1
group_1033	cloud	1	sin_COG	0	1
yajD	cloud	1	sin_COG	0	1
herA	cloud	1	sin_COG	0	1
aepX	cloud	1	sin_COG	0	1
group_1013	cloud	1	sin_COG	0	1
group_1010	cloud	1	sin_COG	0	1
group_1006	cloud	1	sin_COG	0	1
group_1005	cloud	1	sin_COG	0	1
group_1002	cloud	1	sin_COG	0	1
group_996	cloud	1	sin_COG	0	1
group_993	cloud	1	sin_COG	0	1
group_991	cloud	1	sin_COG	0	1
group_988	cloud	1	sin_COG	0	1
group_987	cloud	1	sin_COG	0	1
group_979	cloud	1	sin_COG	0	1
group_978	cloud	1	sin_COG	0	1
group_975	cloud	1	sin_COG	0	1
group_973	cloud	1	sin_COG	0	1
group_971	cloud	1	sin_COG	0	1
group_968	cloud	1	sin_COG	0	1
group_967	cloud	1	sin_COG	0	1
group_962	cloud	1	sin_COG	0	1
group_961	cloud	1	sin_COG	0	1
group_959	cloud	1	sin_COG	0	1
group_954	cloud	1	sin_COG	0	1
group_953	cloud	1	sin_COG	0	1
group_950	cloud	1	sin_COG	0	1
rnjA	cloud	1	sin_COG	0	1
terL	cloud	1	sin_COG	0	1
group_935	cloud	1	sin_COG	0	1
group_933	cloud	1	E	1	1
group_932	cloud	1	sin_COG	0	1
group_929	cloud	1	sin_COG	0	1
group_924	cloud	1	sin_COG	0	1
group_922	cloud	1	sin_COG	0	1
group_919	cloud	1	sin_COG	0	1
group_918	cloud	1	sin_COG	0	1
group_917	cloud	1	sin_COG	0	1
group_914	cloud	1	sin_COG	0	1
group_909	cloud	1	sin_COG	0	1
group_907	cloud	1	sin_COG	0	1
betA	cloud	1	sin_COG	0	1
group_902	cloud	1	sin_COG	0	1
group_898	cloud	1	sin_COG	0	1
group_893	cloud	1	sin_COG	0	1
group_892	cloud	1	sin_COG	0	1
group_889	cloud	1	sin_COG	0	1
group_887	cloud	1	sin_COG	0	1
group_886	cloud	1	sin_COG	0	1
group_883	cloud	1	sin_COG	0	1
group_881	cloud	1	sin_COG	0	1
group_880	cloud	1	sin_COG	0	1
group_878	cloud	1	sin_COG	0	1
group_873	cloud	1	sin_COG	0	1
group_870	cloud	1	sin_COG	0	1
group_865	cloud	1	sin_COG	0	1
group_864	cloud	1	sin_COG	0	1
group_863	cloud	1	sin_COG	0	1
group_862	cloud	1	sin_COG	0	1
group_859	cloud	1	sin_COG	0	1
group_858	cloud	1	sin_COG	0	1
group_856	cloud	1	sin_COG	0	1
group_855	cloud	1	sin_COG	0	1
group_854	cloud	1	sin_COG	0	1
group_847	cloud	1	sin_COG	0	1
group_845	cloud	1	sin_COG	0	1
group_842	cloud	1	sin_COG	0	1
group_835	cloud	1	sin_COG	0	1
group_826	cloud	1	sin_COG	0	1
group_819	cloud	1	sin_COG	0	1
sufI	cloud	1	D	1	1
group_818	cloud	1	sin_COG	0	1
group_817	cloud	1	sin_COG	0	1
group_816	cloud	1	sin_COG	0	1
group_815	cloud	1	sin_COG	0	1
group_811	cloud	1	sin_COG	0	1
group_810	cloud	1	sin_COG	0	1
group_809	cloud	1	sin_COG	0	1
group_808	cloud	1	sin_COG	0	1
group_807	cloud	1	sin_COG	0	1
group_806	cloud	1	sin_COG	0	1
group_805	cloud	1	sin_COG	0	1
group_803	cloud	1	sin_COG	0	1
group_802	cloud	1	sin_COG	0	1
group_800	cloud	1	sin_COG	0	1
group_795	cloud	1	sin_COG	0	1
group_792	cloud	1	sin_COG	0	1
group_786	cloud	1	sin_COG	0	1
group_784	cloud	1	sin_COG	0	1
group_775	cloud	1	sin_COG	0	1
group_774	cloud	1	sin_COG	0	1
group_770	cloud	1	sin_COG	0	1
group_768	cloud	1	sin_COG	0	1
group_767	cloud	1	sin_COG	0	1
group_764	cloud	1	sin_COG	0	1
group_760	cloud	1	sin_COG	0	1
group_759	cloud	1	sin_COG	0	1
group_757	cloud	1	sin_COG	0	1
group_754	cloud	1	sin_COG	0	1
group_753	cloud	1	sin_COG	0	1
group_750	cloud	1	sin_COG	0	1
group_745	cloud	1	sin_COG	0	1
group_741	cloud	1	sin_COG	0	1
group_737	cloud	1	sin_COG	0	1
group_736	cloud	1	sin_COG	0	1
group_734	cloud	1	sin_COG	0	1
group_731	cloud	1	sin_COG	0	1
group_721	cloud	1	sin_COG	0	1
group_720	cloud	1	sin_COG	0	1
group_716	cloud	1	sin_COG	0	1
group_709	cloud	1	sin_COG	0	1
group_706	cloud	1	sin_COG	0	1
group_702	cloud	1	sin_COG	0	1
group_701	cloud	1	sin_COG	0	1
group_700	cloud	1	sin_COG	0	1
group_698	cloud	1	sin_COG	0	1
group_691	cloud	1	sin_COG	0	1
group_689	cloud	1	sin_COG	0	1
group_687	cloud	1	sin_COG	0	1
group_683	cloud	1	sin_COG	0	1
group_677	cloud	1	sin_COG	0	1
group_661	exclusivo	0	sin_COG	0	1
group_660	cloud	1	sin_COG	0	1
group_653	cloud	1	sin_COG	0	1
cotH	cloud	1	sin_COG	0	1
arr	cloud	1	sin_COG	0	1
group_650	cloud	1	sin_COG	0	1
group_643	cloud	1	sin_COG	0	1
group_642	cloud	1	sin_COG	0	1
group_641	cloud	1	sin_COG	0	1
group_640	cloud	1	sin_COG	0	1
group_639	cloud	1	sin_COG	0	1
group_637	cloud	1	sin_COG	0	1
group_635	cloud	1	sin_COG	0	1
group_627	cloud	1	sin_COG	0	1
group_624	cloud	1	sin_COG	0	1
group_623	cloud	1	sin_COG	0	1
group_616	cloud	1	sin_COG	0	1
group_610	cloud	1	sin_COG	0	1
group_608	cloud	1	sin_COG	0	1
group_606	cloud	1	sin_COG	0	1
group_602	exclusivo	0	sin_COG	0	1
group_598	cloud	1	sin_COG	0	1
group_594	cloud	1	sin_COG	0	1
group_593	cloud	1	sin_COG	0	1
group_590	cloud	1	sin_COG	0	1
ltrA	cloud	1	sin_COG	0	1
group_587	cloud	1	sin_COG	0	1
group_582	cloud	1	sin_COG	0	1
group_581	cloud	1	sin_COG	0	1
group_578	cloud	1	sin_COG	0	1
group_576	cloud	1	sin_COG	0	1
group_575	cloud	1	sin_COG	0	1
group_574	cloud	1	sin_COG	0	1
group_572	cloud	1	sin_COG	0	1
group_567	cloud	1	sin_COG	0	1
group_563	cloud	1	sin_COG	0	1
group_562	cloud	1	sin_COG	0	1
group_560	cloud	1	sin_COG	0	1
group_557	cloud	1	sin_COG	0	1
group_556	cloud	1	sin_COG	0	1
group_553	cloud	1	sin_COG	0	1
group_551	cloud	1	sin_COG	0	1
group_549	cloud	1	sin_COG	0	1
group_548	cloud	1	sin_COG	0	1
group_544	cloud	1	sin_COG	0	1
group_543	cloud	1	sin_COG	0	1
group_541	cloud	1	sin_COG	0	1
group_540	cloud	1	sin_COG	0	1
group_538	cloud	1	sin_COG	0	1
group_537	cloud	1	sin_COG	0	1
group_536	cloud	1	sin_COG	0	1
group_535	cloud	1	sin_COG	0	1
group_534	cloud	1	sin_COG	0	1
group_533	cloud	1	sin_COG	0	1
group_525	cloud	1	sin_COG	0	1
group_524	cloud	1	sin_COG	0	1
group_523	cloud	1	sin_COG	0	1
tnsD	cloud	1	sin_COG	0	1
group_519	cloud	1	sin_COG	0	1
group_518	cloud	1	sin_COG	0	1
group_512	cloud	1	sin_COG	0	1
asnB	cloud	1	sin_COG	0	1
group_510	cloud	1	sin_COG	0	1
group_509	cloud	1	sin_COG	0	1
group_508	cloud	1	sin_COG	0	1
group_507	cloud	1	sin_COG	0	1
group_506	cloud	1	sin_COG	0	1
group_505	cloud	1	sin_COG	0	1
group_504	cloud	1	sin_COG	0	1
group_502	cloud	1	sin_COG	0	1
group_501	cloud	1	sin_COG	0	1
group_499	cloud	1	sin_COG	0	1
group_497	cloud	1	sin_COG	0	1
group_496	cloud	1	sin_COG	0	1
group_493	cloud	1	sin_COG	0	1
group_492	cloud	1	sin_COG	0	1
group_490	cloud	1	sin_COG	0	1
group_485	cloud	1	sin_COG	0	1
group_484	cloud	1	sin_COG	0	1
group_479	cloud	1	sin_COG	0	1
group_478	cloud	1	sin_COG	0	1
group_477	cloud	1	sin_COG	0	1
group_474	cloud	1	sin_COG	0	1
group_473	cloud	1	sin_COG	0	1
group_472	cloud	1	sin_COG	0	1
group_470	cloud	1	sin_COG	0	1
group_469	cloud	1	sin_COG	0	1
group_467	cloud	1	sin_COG	0	1
group_465	cloud	1	sin_COG	0	1
group_462	cloud	1	sin_COG	0	1
merR	cloud	1	sin_COG	0	1
group_460	cloud	1	sin_COG	0	1
group_457	cloud	1	sin_COG	0	1
group_455	cloud	1	sin_COG	0	1
group_451	cloud	1	sin_COG	0	1
group_449	cloud	1	sin_COG	0	1
group_447	cloud	1	sin_COG	0	1
group_443	cloud	1	sin_COG	0	1
group_442	cloud	1	sin_COG	0	1
group_440	cloud	1	sin_COG	0	1
group_436	cloud	1	sin_COG	0	1
group_435	cloud	1	sin_COG	0	1
group_432	cloud	1	sin_COG	0	1
group_431	cloud	1	sin_COG	0	1
group_430	cloud	1	sin_COG	0	1
vanZ	cloud	1	sin_COG	0	1
group_427	cloud	1	sin_COG	0	1
group_425	cloud	1	sin_COG	0	1
group_423	cloud	1	sin_COG	0	1
group_422	cloud	1	sin_COG	0	1
group_421	cloud	1	sin_COG	0	1
mcrB	cloud	1	sin_COG	0	1
group_420	cloud	1	sin_COG	0	1
group_419	cloud	1	sin_COG	0	1
group_417	cloud	1	sin_COG	0	1
group_414	cloud	1	sin_COG	0	1
group_413	cloud	1	sin_COG	0	1
group_412	cloud	1	sin_COG	0	1
group_411	cloud	1	sin_COG	0	1
group_407	cloud	1	sin_COG	0	1
group_405	cloud	1	sin_COG	0	1
group_402	cloud	1	sin_COG	0	1
group_401	cloud	1	sin_COG	0	1
group_400	cloud	1	sin_COG	0	1
group_397	cloud	1	sin_COG	0	1
group_395	cloud	1	sin_COG	0	1
group_390	cloud	1	sin_COG	0	1
group_389	cloud	1	sin_COG	0	1
group_388	cloud	1	sin_COG	0	1
group_387	cloud	1	sin_COG	0	1
group_386	cloud	1	sin_COG	0	1
group_384	cloud	1	sin_COG	0	1
group_383	cloud	1	sin_COG	0	1
group_381	cloud	1	sin_COG	0	1
group_374	cloud	1	sin_COG	0	1
group_373	cloud	1	sin_COG	0	1
group_372	cloud	1	sin_COG	0	1
group_371	cloud	1	sin_COG	0	1
group_368	cloud	1	sin_COG	0	1
group_367	cloud	1	sin_COG	0	1
group_366	cloud	1	sin_COG	0	1
group_365	cloud	1	sin_COG	0	1
group_363	cloud	1	sin_COG	0	1
group_361	cloud	1	sin_COG	0	1
group_359	cloud	1	sin_COG	0	1
group_357	cloud	1	sin_COG	0	1
alpA	cloud	1	sin_COG	0	1
group_352	exclusivo	0	sin_COG	0	1
tkt	cloud	1	sin_COG	0	1
group_348	cloud	1	sin_COG	0	1
group_347	cloud	1	sin_COG	0	1
group_346	cloud	1	sin_COG	0	1
group_343	cloud	1	sin_COG	0	1
group_341	cloud	1	sin_COG	0	1
group_340	cloud	1	sin_COG	0	1
group_339	cloud	1	sin_COG	0	1
group_338	cloud	1	sin_COG	0	1
group_337	cloud	1	sin_COG	0	1
group_334	cloud	1	sin_COG	0	1
tetR	cloud	1	sin_COG	0	1
tniQ	cloud	1	sin_COG	0	1
rutC	cloud	1	sin_COG	0	1
group_333	cloud	1	sin_COG	0	1
group_332	cloud	1	sin_COG	0	1
cotD	cloud	1	sin_COG	0	1
group_329	cloud	1	sin_COG	0	1
group_328	cloud	1	sin_COG	0	1
group_327	cloud	1	sin_COG	0	1
group_325	cloud	1	sin_COG	0	1
group_324	cloud	1	sin_COG	0	1
group_323	cloud	1	sin_COG	0	1
group_321	cloud	1	sin_COG	0	1
group_320	cloud	1	sin_COG	0	1
group_317	cloud	1	sin_COG	0	1
group_316	cloud	1	sin_COG	0	1
group_315	cloud	1	sin_COG	0	1
group_312	cloud	1	K	1	1
group_308	cloud	1	sin_COG	0	1
group_307	cloud	1	sin_COG	0	1
group_303	cloud	1	sin_COG	0	1
group_302	cloud	1	sin_COG	0	1
group_300	cloud	1	sin_COG	0	1
group_299	cloud	1	sin_COG	0	1
group_298	cloud	1	sin_COG	0	1
group_297	cloud	1	sin_COG	0	1
yopX	cloud	1	sin_COG	0	1
group_296	cloud	1	sin_COG	0	1
group_295	cloud	1	sin_COG	0	1
group_294	cloud	1	sin_COG	0	1
group_291	cloud	1	sin_COG	0	1
group_290	cloud	1	sin_COG	0	1
group_287	cloud	1	sin_COG	0	1
group_286	cloud	1	sin_COG	0	1
group_279	cloud	1	sin_COG	0	1
group_277	cloud	1	sin_COG	0	1
group_275	cloud	1	sin_COG	0	1
group_274	cloud	1	sin_COG	0	1
group_273	cloud	1	sin_COG	0	1
group_272	cloud	1	sin_COG	0	1
group_271	cloud	1	sin_COG	0	1
group_267	cloud	1	C	1	1
mutH	cloud	1	sin_COG	0	1
group_266	cloud	1	sin_COG	0	1
group_265	cloud	1	sin_COG	0	1
group_264	cloud	1	sin_COG	0	1
group_263	cloud	1	sin_COG	0	1
group_262	cloud	1	sin_COG	0	1
group_260	cloud	1	sin_COG	0	1
group_259	cloud	1	sin_COG	0	1
group_258	cloud	1	sin_COG	0	1
group_257	cloud	1	sin_COG	0	1
group_254	cloud	1	sin_COG	0	1
group_251	cloud	1	sin_COG	0	1
group_250	cloud	1	sin_COG	0	1
group_248	cloud	1	sin_COG	0	1
group_247	cloud	1	sin_COG	0	1
group_246	cloud	1	sin_COG	0	1
dut	cloud	1	sin_COG	0	1
group_244	cloud	1	sin_COG	0	1
group_242	cloud	1	sin_COG	0	1
group_239	cloud	1	sin_COG	0	1
group_237	cloud	1	sin_COG	0	1
bppU	cloud	1	sin_COG	0	1
group_235	cloud	1	sin_COG	0	1
group_234	cloud	1	sin_COG	0	1
group_232	cloud	1	sin_COG	0	1
group_230	cloud	1	sin_COG	0	1
tynA	cloud	1	Q	1	1
group_224	cloud	1	sin_COG	0	1
dptF	cloud	1	sin_COG	0	1
group_223	cloud	1	sin_COG	0	1
group_222	cloud	1	sin_COG	0	1
group_221	cloud	1	sin_COG	0	1
group_220	cloud	1	sin_COG	0	1
group_217	cloud	1	sin_COG	0	1
group_216	cloud	1	sin_COG	0	1
group_214	cloud	1	sin_COG	0	1
group_213	cloud	1	sin_COG	0	1
lanC	cloud	1	sin_COG	0	1
group_211	cloud	1	sin_COG	0	1
group_210	cloud	1	sin_COG	0	1
hsdR	cloud	1	sin_COG	0	1
group_209	cloud	1	sin_COG	0	1
group_208	cloud	1	sin_COG	0	1
group_206	cloud	1	sin_COG	0	1
group_204	cloud	1	sin_COG	0	1
group_203	cloud	1	sin_COG	0	1
group_202	cloud	1	sin_COG	0	1
group_201	cloud	1	P	1	1
group_200	cloud	1	P	1	1
group_198	cloud	1	sin_COG	0	1
group_196	cloud	1	sin_COG	0	1
group_195	cloud	1	sin_COG	0	1
group_192	cloud	1	sin_COG	0	1
group_191	cloud	1	sin_COG	0	1
group_190	cloud	1	sin_COG	0	1
group_187	cloud	1	sin_COG	0	1
group_186	cloud	1	sin_COG	0	1
group_185	cloud	1	sin_COG	0	1
group_183	cloud	1	sin_COG	0	1
tnpA	cloud	1	sin_COG	0	1
group_181	cloud	1	sin_COG	0	1
group_180	cloud	1	sin_COG	0	1
group_179	cloud	1	sin_COG	0	1
group_178	cloud	1	sin_COG	0	1
group_177	cloud	1	sin_COG	0	1
group_175	cloud	1	sin_COG	0	1
group_174	cloud	1	sin_COG	0	1
group_173	cloud	1	sin_COG	0	1
group_172	cloud	1	sin_COG	0	1
group_171	cloud	1	sin_COG	0	1
group_170	cloud	1	sin_COG	0	1
group_169	cloud	1	sin_COG	0	1
group_168	cloud	1	sin_COG	0	1
fN3	cloud	1	R	1	1
group_167	cloud	1	sin_COG	0	1
group_166	cloud	1	sin_COG	0	1
group_165	cloud	1	sin_COG	0	1
speD	cloud	1	sin_COG	0	1
group_164	cloud	1	sin_COG	0	1
group_162	cloud	1	sin_COG	0	1
group_161	cloud	1	sin_COG	0	1
group_160	cloud	1	sin_COG	0	1
group_159	cloud	1	sin_COG	0	1
group_158	cloud	1	sin_COG	0	1
group_157	cloud	1	sin_COG	0	1
group_156	cloud	1	sin_COG	0	1
group_155	cloud	1	sin_COG	0	1
group_153	cloud	1	sin_COG	0	1
group_152	cloud	1	sin_COG	0	1
group_151	cloud	1	sin_COG	0	1
group_150	cloud	1	sin_COG	0	1
group_149	cloud	1	sin_COG	0	1
group_147	cloud	1	sin_COG	0	1
group_146	cloud	1	sin_COG	0	1
group_145	cloud	1	sin_COG	0	1
copZ	cloud	1	P	1	1
group_144	cloud	1	sin_COG	0	1
group_142	cloud	1	sin_COG	0	1
group_141	cloud	1	sin_COG	0	1
group_140	cloud	1	sin_COG	0	1
group_138	cloud	1	sin_COG	0	1
group_137	cloud	1	sin_COG	0	1
group_136	cloud	1	sin_COG	0	1
group_135	cloud	1	sin_COG	0	1
group_134	cloud	1	sin_COG	0	1
group_132	cloud	1	sin_COG	0	1
group_131	cloud	1	sin_COG	0	1
acnA	cloud	1	sin_COG	0	1
group_130	cloud	1	sin_COG	0	1
group_128	cloud	1	sin_COG	0	1
group_126	cloud	1	sin_COG	0	1
group_124	cloud	1	sin_COG	0	1
group_122	cloud	1	sin_COG	0	1
group_120	cloud	1	sin_COG	0	1
group_118	cloud	1	sin_COG	0	1
group_114	cloud	1	sin_COG	0	1
group_113	cloud	1	sin_COG	0	1
group_112	cloud	1	sin_COG	0	1
group_111	cloud	1	sin_COG	0	1
group_110	cloud	1	sin_COG	0	1
group_109	cloud	1	sin_COG	0	1
group_108	cloud	1	sin_COG	0	1
group_106	cloud	1	sin_COG	0	1
group_105	exclusivo	0	sin_COG	0	1
group_104	cloud	1	sin_COG	0	1
group_101	cloud	1	sin_COG	0	1
group_100	cloud	1	sin_COG	0	1
group_98	cloud	1	sin_COG	0	1
group_97	cloud	1	sin_COG	0	1
group_96	cloud	1	sin_COG	0	1
group_95	cloud	1	sin_COG	0	1
group_94	cloud	1	sin_COG	0	1
group_93	cloud	1	sin_COG	0	1
group_92	cloud	1	sin_COG	0	1
group_90	cloud	1	sin_COG	0	1
group_89	cloud	1	sin_COG	0	1
group_88	cloud	1	sin_COG	0	1
group_87	cloud	1	sin_COG	0	1
group_86	cloud	1	sin_COG	0	1
group_85	cloud	1	sin_COG	0	1
group_84	cloud	1	sin_COG	0	1
group_82	cloud	1	sin_COG	0	1
group_81	cloud	1	sin_COG	0	1
group_80	cloud	1	sin_COG	0	1
group_78	cloud	1	sin_COG	0	1
group_76	cloud	1	sin_COG	0	1
group_75	cloud	1	sin_COG	0	1
group_74	cloud	1	sin_COG	0	1
group_73	cloud	1	sin_COG	0	1
group_71	cloud	1	sin_COG	0	1
group_70	cloud	1	sin_COG	0	1
group_69	cloud	1	sin_COG	0	1
recQ	cloud	1	sin_COG	0	1
group_68	cloud	1	sin_COG	0	1
group_67	cloud	1	sin_COG	0	1
group_66	cloud	1	sin_COG	0	1
group_65	cloud	1	sin_COG	0	1
group_64	cloud	1	sin_COG	0	1
group_63	cloud	1	sin_COG	0	1
group_62	cloud	1	sin_COG	0	1
group_61	cloud	1	sin_COG	0	1
group_60	cloud	1	sin_COG	0	1
group_59	cloud	1	sin_COG	0	1
group_58	cloud	1	sin_COG	0	1
group_57	cloud	1	sin_COG	0	1
group_56	cloud	1	sin_COG	0	1
group_54	cloud	1	sin_COG	0	1
group_52	cloud	1	sin_COG	0	1
group_51	cloud	1	sin_COG	0	1
group_50	cloud	1	sin_COG	0	1
pglX	cloud	1	sin_COG	0	1
group_49	cloud	1	sin_COG	0	1
group_45	cloud	1	sin_COG	0	1
group_41	cloud	1	sin_COG	0	1
arpU	cloud	1	sin_COG	0	1
accB	cloud	1	sin_COG	0	1
group_37	cloud	1	sin_COG	0	1
group_35	cloud	1	sin_COG	0	1
group_33	cloud	1	sin_COG	0	1
group_32	cloud	1	sin_COG	0	1
group_31	cloud	1	sin_COG	0	1
group_28	cloud	1	sin_COG	0	1
group_27	cloud	1	sin_COG	0	1
group_24	cloud	1	sin_COG	0	1
lrp	cloud	1	K	1	1
group_21	cloud	1	sin_COG	0	1
group_19	cloud	1	sin_COG	0	1
group_16	cloud	1	sin_COG	0	1
group_14	cloud	1	sin_COG	0	1
group_12	cloud	1	sin_COG	0	1
group_9	cloud	1	sin_COG	0	1
group_8	cloud	1	sin_COG	0	1
dptH	cloud	1	sin_COG	0	1
group_7	cloud	1	sin_COG	0	1
group_6	cloud	1	sin_COG	0	1
group_5	cloud	1	sin_COG	0	1
group_4	cloud	1	sin_COG	0	1
group_2	cloud	1	sin_COG	0	1
group_1	cloud	1	sin_COG	0	1
group_0	cloud	1	sin_COG	0	1
dltA	cloud	1	sin_COG	0	1
