familia	categoria_95	n_ref	cog	genes_con_cog	genes
wecB	core	50	sin_COG	0	51
group_4819	core	50	sin_COG	0	51
group_4818	core	50	sin_COG	0	51
tagH	core	50	sin_COG	0	51
group_4717	core	50	sin_COG	0	51
group_4675	core	50	sin_COG	0	50
dacB	core	50	sin_COG	0	51
group_4634	core	50	sin_COG	0	52
lytC	core	50	sin_COG	0	51
group_4595	core	50	sin_COG	0	51
group_4587	core	50	sin_COG	0	51
group_4586	core	50	sin_COG	0	52
oppD~~~gsiA~~~oppF	core	50	sin_COG	0	100
cmpR~~~yvbU	core	50	sin_COG	0	51
group_4526	core	50	sin_COG	0	52
group_4523	core	50	sin_COG	0	52
group_4519	core	50	sin_COG	0	51
group_4499	core	50	sin_COG	0	51
group_4495	core	50	sin_COG	0	51
sdpR	core	50	sin_COG	0	51
group_4478	core	50	sin_COG	0	51
group_4477	core	50	sin_COG	0	51
group_4475	core	50	sin_COG	0	51
cgeA	core	50	sin_COG	0	51
group_4473	core	50	sin_COG	0	51
group_4469	core	50	sin_COG	0	51
group_4468	core	50	sin_COG	0	51
cgeC	core	50	sin_COG	0	50
group_4467	core	50	sin_COG	0	51
group_4466	core	50	sin_COG	0	51
lytA	core	50	sin_COG	0	51
group_4443	core	50	sin_COG	0	51
group_4438	core	50	sin_COG	0	52
bioB	core	50	sin_COG	0	53
yabQ	core	50	sin_COG	0	50
group_4429	core	50	sin_COG	0	51
group_4428	core	50	sin_COG	0	51
group_4412	core	50	sin_COG	0	51
group_4409	core	50	sin_COG	0	51
group_4395	core	50	sin_COG	0	51
ilvA	core	50	sin_COG	0	50
folA	core	50	sin_COG	0	51
group_4387	core	50	sin_COG	0	51
yvdT~~~tetR	core	50	sin_COG	0	51
group_4384	core	50	sin_COG	0	52
ybyB	core	50	sin_COG	0	51
group_4375	core	50	sin_COG	0	51
group_4372	core	50	sin_COG	0	51
group_4371	core	50	sin_COG	0	51
group_4362	core	50	sin_COG	0	51
group_4356	core	50	sin_COG	0	51
amiE~~~yafV	core	50	sin_COG	0	52
sigO	core	50	sin_COG	0	52
rbsD	core	50	sin_COG	0	51
group_4343	core	50	sin_COG	0	56
group_4342	core	50	sin_COG	0	51
group_4341	core	50	sin_COG	0	51
group_4340	core	50	sin_COG	0	51
dcuR	core	50	sin_COG	0	51
group_4338	core	50	sin_COG	0	51
group_4323	core	50	sin_COG	0	51
group_4319	core	50	sin_COG	0	51
glp	core	50	sin_COG	0	50
group_4317	core	50	sin_COG	0	51
group_4303	core	50	sin_COG	0	51
yodI	core	50	sin_COG	0	51
group_4297	core	50	sin_COG	0	51
group_4296	core	50	sin_COG	0	52
group_4295	core	50	sin_COG	0	52
group_4294	core	50	sin_COG	0	51
arr	core	50	sin_COG	0	51
nadE	core	50	sin_COG	0	51
group_4291	core	50	sin_COG	0	52
group_4289	core	50	sin_COG	0	51
tuaE	core	50	sin_COG	0	51
yhdB	core	50	sin_COG	0	51
group_4286	core	50	sin_COG	0	52
group_4285	core	50	sin_COG	0	51
group_4283	core	50	sin_COG	0	52
group_4281	core	50	sin_COG	0	51
group_4274	core	50	sin_COG	0	51
group_4264	core	50	sin_COG	0	52
group_4262	core	50	sin_COG	0	51
group_4261	core	50	sin_COG	0	51
group_4259	core	50	sin_COG	0	51
group_4258	core	50	sin_COG	0	51
yhcR	core	50	sin_COG	0	52
group_4256	core	50	sin_COG	0	51
cysI	core	50	sin_COG	0	53
group_4250	core	50	sin_COG	0	51
group_4249	core	50	sin_COG	0	52
group_4236	core	50	sin_COG	0	52
yxlC	core	50	sin_COG	0	51
group_4227	core	50	sin_COG	0	51
group_4222	core	50	sin_COG	0	54
group_4218	core	50	sin_COG	0	51
group_4217	core	50	sin_COG	0	52
group_4214	core	50	sin_COG	0	51
group_4205	core	50	sin_COG	0	52
group_4204	core	50	sin_COG	0	51
cwlS	core	50	sin_COG	0	51
group_4202	core	50	sin_COG	0	52
group_4201	core	50	sin_COG	0	52
group_4200	core	50	sin_COG	0	51
tuaC	core	50	sin_COG	0	51
group_4198	core	50	sin_COG	0	51
group_4193	core	50	sin_COG	0	51
ymfI	core	50	sin_COG	0	51
group_4188	core	50	sin_COG	0	51
group_4185	core	50	sin_COG	0	51
group_4184	core	50	sin_COG	0	51
ydzK	core	50	sin_COG	0	51
group_4179	core	50	sin_COG	0	51
yfhO	core	50	sin_COG	0	51
group_4178	core	50	sin_COG	0	51
rpmA	core	50	sin_COG	0	51
ylbA	core	50	sin_COG	0	51
group_4166	core	50	sin_COG	0	51
comR	core	50	sin_COG	0	51
group_4158	core	50	sin_COG	0	51
thyA	core	50	sin_COG	0	51
group_4144	core	50	sin_COG	0	68
group_4143	core	50	sin_COG	0	51
group_4142	core	50	sin_COG	0	51
tmk	core	50	sin_COG	0	51
group_4141	core	50	sin_COG	0	51
group_4140	core	50	sin_COG	0	52
liaH	core	50	sin_COG	0	51
group_4136	core	50	sin_COG	0	51
bglS	core	50	sin_COG	0	51
group_4132	core	50	sin_COG	0	51
group_4128	core	50	sin_COG	0	51
group_4127	core	50	sin_COG	0	51
ydfB	core	50	sin_COG	0	51
group_4126	core	50	sin_COG	0	51
group_4124	core	50	sin_COG	0	51
group_4121	core	50	sin_COG	0	53
group_4120	core	50	sin_COG	0	52
ppaX	core	50	sin_COG	0	51
group_4119	core	50	sin_COG	0	51
group_4118	core	50	sin_COG	0	51
pnpS	core	50	sin_COG	0	51
group_4117	core	50	sin_COG	0	51
mtlD	core	50	sin_COG	0	51
group_4115	core	50	sin_COG	0	52
gatY	core	50	sin_COG	0	51
group_4111	core	50	sin_COG	0	51
group_4110	core	50	sin_COG	0	51
group_4107	core	50	sin_COG	0	51
group_4106	core	50	sin_COG	0	51
group_4103	core	50	sin_COG	0	51
mce	core	50	sin_COG	0	51
pyk	core	50	sin_COG	0	52
group_4102	core	50	sin_COG	0	51
group_4101	core	50	sin_COG	0	52
group_4096	core	50	sin_COG	0	51
group_4095	core	50	sin_COG	0	51
group_4093	core	50	sin_COG	0	51
group_4092	core	50	sin_COG	0	51
group_4090	core	50	sin_COG	0	51
group_4089	core	50	sin_COG	0	51
tsaB	core	50	sin_COG	0	51
sutR	core	50	sin_COG	0	51
group_4088	core	50	sin_COG	0	51
group_4084	core	50	sin_COG	0	51
thiO	core	50	sin_COG	0	51
group_4081	core	50	sin_COG	0	51
group_4075	core	50	sin_COG	0	52
group_4073	core	50	sin_COG	0	52
group_4072	core	50	sin_COG	0	51
group_4069	core	50	sin_COG	0	51
tagD	core	50	M	49	51
group_4067	core	50	sin_COG	0	51
lysR~~~cmpR	core	50	sin_COG	0	52
group_4066	core	50	sin_COG	0	51
cudC	core	50	sin_COG	0	51
group_4064	core	50	sin_COG	0	52
group_4062	core	50	sin_COG	0	51
group_4061	core	50	sin_COG	0	52
group_4057	core	50	sin_COG	0	51
group_4055	core	50	sin_COG	0	51
bpsA	core	50	sin_COG	0	50
group_4052	core	50	sin_COG	0	51
group_4051	core	50	sin_COG	0	51
group_4049	core	50	sin_COG	0	51
group_4048	core	50	sin_COG	0	52
group_4047	core	50	sin_COG	0	51
group_4046	core	50	sin_COG	0	51
ablB	core	50	sin_COG	0	51
group_4043	core	50	sin_COG	0	51
group_4042	core	50	sin_COG	0	51
group_4041	core	50	sin_COG	0	51
group_4040	core	50	sin_COG	0	51
group_4033	core	50	sin_COG	0	52
group_4029	core	50	sin_COG	0	51
group_4026	core	50	sin_COG	0	50
group_4024	core	50	sin_COG	0	51
group_4021	core	50	sin_COG	0	51
yndG	core	50	sin_COG	0	51
ycnJ	core	50	sin_COG	0	51
trmB	core	50	sin_COG	0	51
group_4016	core	50	sin_COG	0	51
group_4015	core	50	sin_COG	0	53
group_4013	core	50	sin_COG	0	52
group_4012	core	50	sin_COG	0	51
yhfK	core	50	sin_COG	0	51
oatA~~~yrhL	core	50	sin_COG	0	52
group_4008	core	50	sin_COG	0	52
group_4005	core	50	sin_COG	0	51
mcpA	core	50	sin_COG	0	52
bagdpd	core	50	sin_COG	0	51
group_4000	core	50	sin_COG	0	51
lytR	core	50	sin_COG	0	51
group_3999	core	50	sin_COG	0	52
group_3998	core	50	sin_COG	0	52
group_3995	core	50	sin_COG	0	51
group_3993	core	50	sin_COG	0	51
panC	core	50	sin_COG	0	51
group_3991	core	50	sin_COG	0	51
group_3990	core	50	sin_COG	0	51
swrC	core	50	sin_COG	0	52
gatB	core	50	J	50	52
group_3988	core	50	sin_COG	0	93
group_3972	core	50	sin_COG	0	51
mepS	core	50	sin_COG	0	51
group_3969	core	50	sin_COG	0	51
group_3959	core	50	sin_COG	0	55
group_3952	core	50	sin_COG	0	51
rpoN	core	50	sin_COG	0	51
yodF	core	50	sin_COG	0	52
group_3949	core	50	sin_COG	0	51
group_3948	core	50	sin_COG	0	51
group_3947	core	50	sin_COG	0	51
fliW	core	50	sin_COG	0	51
group_3940	core	50	sin_COG	0	51
group_3939	core	50	sin_COG	0	51
group_3937	core	50	sin_COG	0	51
pgeF	core	50	sin_COG	0	51
group_3932	core	50	sin_COG	0	51
group_3930	core	50	sin_COG	0	51
group_3926	core	50	sin_COG	0	51
group_3924	core	50	sin_COG	0	51
group_3923	core	50	sin_COG	0	51
group_3922	core	50	sin_COG	0	51
group_3921	core	50	sin_COG	0	51
group_3918	core	50	sin_COG	0	51
group_3914	core	50	sin_COG	0	51
group_3913	core	50	sin_COG	0	51
strF	core	50	sin_COG	0	51
group_3905	core	50	sin_COG	0	52
group_3898	core	50	sin_COG	0	51
group_3895	core	50	sin_COG	0	51
group_3889	core	50	sin_COG	0	51
group_3888	core	50	sin_COG	0	51
group_3887	core	50	sin_COG	0	52
dapF	core	50	sin_COG	0	51
group_3886	core	50	sin_COG	0	51
group_3885	core	50	sin_COG	0	51
gerA	core	50	sin_COG	0	50
group_3883	core	50	sin_COG	0	51
group_3882	core	50	sin_COG	0	51
group_3881	core	50	sin_COG	0	53
group_3880	core	50	sin_COG	0	51
group_3879	core	50	sin_COG	0	51
group_3877	core	50	sin_COG	0	51
group_3868	core	50	sin_COG	0	51
sspP	core	50	sin_COG	0	51
ywmA	core	50	sin_COG	0	51
group_3863	core	50	sin_COG	0	51
adhA	core	50	sin_COG	0	53
group_3862	core	50	sin_COG	0	51
rsbU	core	50	sin_COG	0	52
group_3860	core	50	sin_COG	0	51
group_3855	core	50	sin_COG	0	51
yneQ	core	50	sin_COG	0	51
group_3854	core	50	sin_COG	0	52
group_3851	core	50	sin_COG	0	51
sspJ	core	50	sin_COG	0	51
group_3850	core	50	sin_COG	0	51
group_3841	core	50	sin_COG	0	52
group_3835	core	50	sin_COG	0	51
group_3833	core	50	sin_COG	0	51
group_3832	core	50	sin_COG	0	51
ywnA	core	50	sin_COG	0	51
group_3831	core	50	sin_COG	0	51
thiT	core	50	sin_COG	0	51
group_3827	core	50	sin_COG	0	51
group_3824	core	50	sin_COG	0	51
lapA	core	50	sin_COG	0	51
group_3823	core	50	sin_COG	0	51
group_3822	core	50	sin_COG	0	51
group_3821	core	50	sin_COG	0	52
group_3819	core	50	sin_COG	0	52
group_3816	core	50	sin_COG	0	51
group_3813	core	50	sin_COG	0	51
group_3807	core	50	sin_COG	0	52
group_3804	core	50	sin_COG	0	51
group_3803	core	50	sin_COG	0	51
group_3801	core	50	sin_COG	0	51
group_3798	core	50	sin_COG	0	51
group_3797	core	50	sin_COG	0	52
group_3796	core	50	sin_COG	0	51
group_3795	core	50	sin_COG	0	51
group_3790	core	50	sin_COG	0	51
vanZ	core	50	sin_COG	0	51
group_3785	core	50	sin_COG	0	52
group_3784	core	50	sin_COG	0	52
group_3783	core	50	sin_COG	0	52
purM	core	50	sin_COG	0	52
group_3780	core	50	sin_COG	0	51
group_3778	core	50	sin_COG	0	51
group_3777	core	50	sin_COG	0	51
hisH	core	50	sin_COG	0	51
group_3774	core	50	sin_COG	0	51
group_3773	core	50	sin_COG	0	51
group_3771	core	50	sin_COG	0	51
ypzI	core	50	sin_COG	0	51
group_3764	core	50	sin_COG	0	51
group_3763	core	50	sin_COG	0	51
group_3762	core	50	sin_COG	0	51
mmuP	core	50	sin_COG	0	51
group_3759	core	50	sin_COG	0	51
group_3758	core	50	sin_COG	0	51
group_3752	core	50	sin_COG	0	50
group_3749	core	50	sin_COG	0	51
group_3748	core	50	sin_COG	0	51
group_3747	core	50	sin_COG	0	51
group_3744	core	50	sin_COG	0	51
ykkC	core	50	sin_COG	0	51
acuA	core	50	sin_COG	0	51
group_3740	core	50	sin_COG	0	51
group_3739	core	50	sin_COG	0	51
tuaB	core	50	sin_COG	0	51
group_3737	core	50	sin_COG	0	51
azlD	core	50	sin_COG	0	51
liaI	core	50	sin_COG	0	51
group_3730	core	50	sin_COG	0	51
group_3729	core	50	sin_COG	0	51
group_3728	core	50	sin_COG	0	51
putP	core	50	sin_COG	0	51
group_3725	core	50	sin_COG	0	52
ytrF	core	50	sin_COG	0	51
group_3722	core	50	sin_COG	0	51
tenI	core	50	sin_COG	0	51
queD	core	50	sin_COG	0	51
group_3715	core	50	sin_COG	0	51
group_3714	core	50	sin_COG	0	51
yrdN	core	50	sin_COG	0	51
tatA	core	50	sin_COG	0	51
hisA	core	50	sin_COG	0	51
group_3705	core	50	sin_COG	0	51
group_3704	core	50	sin_COG	0	53
group_3703	core	50	sin_COG	0	51
group_3702	core	50	sin_COG	0	51
sigE	core	50	D	51	51
ylbJ	core	50	sin_COG	0	51
group_3697	core	50	sin_COG	0	51
group_3695	core	50	sin_COG	0	51
rsbW	core	50	sin_COG	0	51
flgD	core	50	sin_COG	0	51
group_3692	core	50	sin_COG	0	51
group_3691	core	50	sin_COG	0	51
group_3690	core	50	sin_COG	0	51
group_3687	core	50	sin_COG	0	51
group_3685	core	50	sin_COG	0	51
group_3684	core	50	sin_COG	0	51
group_3682	core	50	sin_COG	0	51
mgsA	core	50	sin_COG	0	51
group_3681	core	50	sin_COG	0	51
group_3679	core	50	sin_COG	0	51
yvrG	core	50	sin_COG	0	51
group_3676	core	50	sin_COG	0	51
group_3675	core	50	sin_COG	0	51
group_3672	core	50	sin_COG	0	51
group_3666	core	50	sin_COG	0	51
group_3665	core	50	sin_COG	0	51
group_3664	core	50	sin_COG	0	52
group_3663	core	50	sin_COG	0	51
group_3662	core	50	sin_COG	0	42
ywqG	core	50	sin_COG	0	52
group_3657	core	50	sin_COG	0	51
group_3656	core	50	sin_COG	0	51
group_3655	core	50	sin_COG	0	51
group_3654	core	50	sin_COG	0	51
group_3653	core	50	sin_COG	0	51
group_3651	core	50	sin_COG	0	51
nadB	core	50	sin_COG	0	51
group_3644	core	50	sin_COG	0	51
group_3640	core	50	sin_COG	0	51
group_3636	core	50	sin_COG	0	51
thiM	core	50	sin_COG	0	51
group_3634	core	50	sin_COG	0	51
group_3633	core	50	sin_COG	0	51
group_3631	core	50	sin_COG	0	51
group_3627	core	50	sin_COG	0	51
group_3625	core	50	sin_COG	0	53
yojE	core	50	sin_COG	0	51
yviE	core	50	sin_COG	0	51
group_3623	core	50	sin_COG	0	51
yclQ	core	50	sin_COG	0	51
thpR	core	50	sin_COG	0	51
group_3614	core	50	sin_COG	0	51
group_3613	core	50	sin_COG	0	51
group_3612	core	50	sin_COG	0	51
group_3611	core	50	sin_COG	0	52
group_3609	core	50	sin_COG	0	51
group_3608	core	50	sin_COG	0	51
appA	core	50	sin_COG	0	51
opp4C	core	50	sin_COG	0	51
group_3607	core	50	sin_COG	0	52
ccmA	core	50	sin_COG	0	51
group_3604	core	50	sin_COG	0	51
group_3602	core	50	sin_COG	0	51
group_3601	core	50	sin_COG	0	53
group_3600	core	50	sin_COG	0	51
group_3598	core	50	sin_COG	0	51
group_3595	core	50	sin_COG	0	51
group_3594	core	50	sin_COG	0	51
group_3593	core	50	sin_COG	0	52
group_3592	core	50	sin_COG	0	51
group_3591	core	50	sin_COG	0	51
group_3590	core	50	sin_COG	0	51
group_3589	core	50	sin_COG	0	51
group_3588	core	50	sin_COG	0	51
rsoA	core	50	sin_COG	0	51
group_3584	core	50	sin_COG	0	51
group_3581	core	50	sin_COG	0	52
galT	core	50	sin_COG	0	52
group_3580	core	50	sin_COG	0	51
group_3579	core	50	sin_COG	0	51
group_3577	core	50	sin_COG	0	51
rbsK	core	50	sin_COG	0	51
group_3575	core	50	sin_COG	0	51
group_3574	core	50	sin_COG	0	51
group_3573	core	50	sin_COG	0	51
bstA~~~yfiT	core	50	sin_COG	0	51
group_3572	core	50	sin_COG	0	51
group_3571	core	50	sin_COG	0	51
alr	core	50	sin_COG	0	51
group_3570	core	50	sin_COG	0	51
thiG	core	50	sin_COG	0	51
kdgR	core	50	sin_COG	0	51
group_3569	core	50	sin_COG	0	51
coaE	core	50	sin_COG	0	51
trpC	core	50	sin_COG	0	51
group_3567	core	50	sin_COG	0	51
group_3566	core	50	sin_COG	0	50
dctP	core	50	sin_COG	0	51
metP	core	50	sin_COG	0	51
group_3564	core	50	sin_COG	0	51
epsG	core	50	sin_COG	0	51
group_3563	core	50	sin_COG	0	51
group_3562	core	50	sin_COG	0	51
group_3561	core	50	sin_COG	0	51
group_3558	core	50	sin_COG	0	53
group_3557	core	50	sin_COG	0	51
group_3549	core	50	sin_COG	0	51
group_3546	core	50	sin_COG	0	51
ysdB	core	50	sin_COG	0	51
aroC	core	50	E	39	52
group_3538	core	50	sin_COG	0	51
cotG	core	50	sin_COG	0	51
group_3536	core	50	sin_COG	0	52
group_3535	core	50	sin_COG	0	51
group_3534	core	50	sin_COG	0	51
group_3532	core	50	sin_COG	0	51
group_3531	core	50	sin_COG	0	51
group_3529	core	50	sin_COG	0	51
group_3524	core	50	sin_COG	0	51
mngB	core	50	sin_COG	0	51
fliA~~~sigK	core	50	D	43	51
yfkC	core	50	sin_COG	0	52
yfjT	core	50	sin_COG	0	51
gntT	core	50	sin_COG	0	53
group_3519	core	50	sin_COG	0	51
doxX	core	50	sin_COG	0	51
group_3518	core	50	sin_COG	0	51
group_3515	core	50	sin_COG	0	51
group_3514	core	50	sin_COG	0	51
group_3513	core	50	sin_COG	0	51
aprX	core	50	sin_COG	0	51
yvrJ	core	50	sin_COG	0	51
group_3512	core	50	sin_COG	0	51
group_3509	core	50	sin_COG	0	51
group_3506	core	50	sin_COG	0	52
group_3504	core	50	sin_COG	0	67
osmC	core	50	sin_COG	0	51
group_3502	core	50	sin_COG	0	51
nagB	core	50	sin_COG	0	51
group_3494	core	50	sin_COG	0	51
group_3492	core	50	sin_COG	0	51
qacR	core	50	sin_COG	0	51
groL	core	50	O	50	51
group_3489	core	50	sin_COG	0	51
nfsA	core	50	sin_COG	0	51
group_3488	core	50	sin_COG	0	51
group_3486	core	50	sin_COG	0	51
fadH	core	50	sin_COG	0	51
group_3483	core	50	sin_COG	0	51
group_3481	core	50	sin_COG	0	51
group_3480	core	50	sin_COG	0	51
group_3476	core	50	sin_COG	0	51
group_3475	core	50	sin_COG	0	51
group_3471	core	50	sin_COG	0	51
group_3470	core	50	sin_COG	0	51
group_3469	core	50	sin_COG	0	51
group_3468	core	50	sin_COG	0	51
mobB	core	50	sin_COG	0	51
group_3465	core	50	sin_COG	0	51
yfmH	core	50	sin_COG	0	51
group_3462	core	50	sin_COG	0	51
group_3460	core	50	sin_COG	0	51
group_3459	core	50	sin_COG	0	51
group_3458	core	50	sin_COG	0	51
senS	core	50	sin_COG	0	51
group_3453	core	50	sin_COG	0	51
group_3452	core	50	sin_COG	0	51
purK	core	50	sin_COG	0	51
ftsK	core	50	sin_COG	0	51
group_3444	core	50	sin_COG	0	51
group_3443	core	50	sin_COG	0	51
group_3442	core	50	sin_COG	0	51
group_3440	core	50	sin_COG	0	51
group_3432	core	50	sin_COG	0	51
group_3427	core	50	sin_COG	0	51
group_3426	core	50	sin_COG	0	51
group_3425	core	50	sin_COG	0	51
group_3423	core	50	sin_COG	0	51
group_3422	core	50	sin_COG	0	51
yxlD	core	50	sin_COG	0	51
group_3421	core	50	sin_COG	0	51
group_3420	core	50	sin_COG	0	51
group_3419	core	50	sin_COG	0	51
group_3418	core	50	sin_COG	0	51
group_3417	core	50	sin_COG	0	51
group_3412	core	50	sin_COG	0	51
csaA	core	50	sin_COG	0	50
group_3410	core	50	sin_COG	0	51
group_3409	core	50	sin_COG	0	51
group_3407	core	50	sin_COG	0	51
mmuM	core	50	sin_COG	0	51
group_3404	core	50	sin_COG	0	51
group_3403	core	50	sin_COG	0	51
group_3402	core	50	sin_COG	0	51
group_3401	core	50	sin_COG	0	51
group_3400	core	50	sin_COG	0	51
group_3399	core	50	sin_COG	0	52
group_3396	core	50	sin_COG	0	51
garR	core	50	sin_COG	0	51
nhaC	core	50	sin_COG	0	51
group_3390	core	50	sin_COG	0	51
group_3388	core	50	sin_COG	0	51
group_3387	core	50	sin_COG	0	51
group_3386	core	50	sin_COG	0	51
group_3384	core	50	sin_COG	0	51
group_3383	core	50	sin_COG	0	51
group_3381	core	50	sin_COG	0	51
hisIE	core	50	sin_COG	0	51
group_3377	core	50	sin_COG	0	51
tuaF	core	50	sin_COG	0	51
group_3375	core	50	sin_COG	0	51
group_3373	core	50	sin_COG	0	51
group_3372	core	50	sin_COG	0	52
group_3370	core	50	sin_COG	0	51
group_3369	core	50	sin_COG	0	51
group_3368	core	50	sin_COG	0	51
ytbE	core	50	sin_COG	0	51
yocD	core	50	sin_COG	0	51
group_3367	core	50	sin_COG	0	51
flaG	core	50	sin_COG	0	51
group_3364	core	50	sin_COG	0	51
group_3361	core	50	sin_COG	0	51
group_3359	core	50	sin_COG	0	51
group_3358	core	50	sin_COG	0	51
yetF	core	50	sin_COG	0	51
group_3351	core	50	sin_COG	0	51
group_3350	core	50	sin_COG	0	51
rpoE	core	50	sin_COG	0	51
group_3346	core	50	sin_COG	0	51
group_3345	core	50	sin_COG	0	51
group_3344	core	50	sin_COG	0	51
group_3343	core	50	sin_COG	0	51
group_3332	core	50	sin_COG	0	51
cydC	core	50	sin_COG	0	51
group_3330	core	50	sin_COG	0	51
group_3329	core	50	sin_COG	0	51
group_3328	core	50	sin_COG	0	51
group_3327	core	50	sin_COG	0	51
group_3326	core	50	sin_COG	0	51
group_3325	core	50	sin_COG	0	51
group_3322	core	50	sin_COG	0	51
group_3319	core	50	sin_COG	0	51
cspC	core	50	K	51	51
modA	core	50	sin_COG	0	51
stoA	core	50	sin_COG	0	51
moaC	core	50	sin_COG	0	51
tsaD	core	50	sin_COG	0	51
group_3306	core	50	sin_COG	0	51
qoxA	core	50	sin_COG	0	51
yjgB	core	50	sin_COG	0	51
group_3305	core	50	sin_COG	0	51
flhF	core	50	sin_COG	0	51
flhB	core	50	sin_COG	0	51
xynA	core	50	sin_COG	0	51
group_3303	core	50	sin_COG	0	51
ywhD	core	50	sin_COG	0	51
group_3301	core	50	sin_COG	0	51
group_3300	core	50	sin_COG	0	51
group_3298	core	50	sin_COG	0	53
sprT	core	50	sin_COG	0	51
dtd	core	50	sin_COG	0	51
group_3293	core	50	sin_COG	0	51
group_3289	core	50	sin_COG	0	51
group_3288	core	50	sin_COG	0	51
group_3287	core	50	sin_COG	0	52
group_3286	core	50	sin_COG	0	51
group_3281	core	50	sin_COG	0	52
ftsW	core	50	sin_COG	0	51
esaA~~~yueB	core	50	sin_COG	0	51
group_3262	core	50	sin_COG	0	52
ypdF	core	50	sin_COG	0	51
group_3256	core	50	sin_COG	0	51
group_3254	core	50	sin_COG	0	52
group_3250	core	50	sin_COG	0	52
group_3249	core	50	sin_COG	0	51
xylB	core	50	sin_COG	0	53
parE	core	50	L	50	52
group_3235	core	50	sin_COG	0	52
parC	core	50	sin_COG	0	52
group_3222	core	50	sin_COG	0	51
group_3217	core	50	sin_COG	0	51
group_3215	core	50	sin_COG	0	52
sigY	core	50	sin_COG	0	51
plsY	core	50	sin_COG	0	51
group_3210	core	50	sin_COG	0	51
ydgI	core	50	sin_COG	0	52
ypeB	core	50	sin_COG	0	52
group_3206	core	50	sin_COG	0	52
spoIIGA	core	50	sin_COG	0	52
group_3204	core	50	sin_COG	0	51
nadD	core	50	sin_COG	0	51
group_3199	core	50	sin_COG	0	51
group_3198	core	50	sin_COG	0	51
panB	core	50	sin_COG	0	53
group_3196	core	50	sin_COG	0	51
lipM	core	50	sin_COG	0	51
yrrT	core	50	sin_COG	0	51
group_3193	core	50	sin_COG	0	51
group_3192	core	50	sin_COG	0	51
pyrE	core	50	sin_COG	0	51
thiL	core	50	sin_COG	0	51
group_3190	core	50	sin_COG	0	51
group_3188	core	50	sin_COG	0	52
group_3187	core	50	sin_COG	0	52
cysW	core	50	sin_COG	0	51
group_3185	core	50	sin_COG	0	51
group_3184	core	50	sin_COG	0	51
group_3183	core	50	sin_COG	0	51
group_3182	core	50	sin_COG	0	52
group_3177	core	50	sin_COG	0	53
rpsA	core	50	sin_COG	0	53
queG	core	50	sin_COG	0	52
yhhS	core	50	sin_COG	0	52
group_3171	core	50	sin_COG	0	51
group_3170	core	50	sin_COG	0	52
sucA	core	50	sin_COG	0	52
yfhD	core	50	sin_COG	0	51
gudB	core	50	sin_COG	0	51
group_3167	core	50	sin_COG	0	52
group_3166	core	50	sin_COG	0	52
group_3165	core	50	sin_COG	0	51
group_3164	core	50	sin_COG	0	52
group_3163	core	50	sin_COG	0	50
group_3162	core	50	sin_COG	0	51
group_3161	core	50	sin_COG	0	51
group_3159	core	50	sin_COG	0	52
group_3158	core	50	sin_COG	0	52
cdaS	core	50	sin_COG	0	52
ribZ	core	50	sin_COG	0	51
group_3155	core	50	sin_COG	0	51
group_3153	core	50	sin_COG	0	52
tuaD	core	50	sin_COG	0	52
group_3150	core	50	sin_COG	0	51
group_3149	core	50	sin_COG	0	51
group_3146	core	50	sin_COG	0	51
group_3145	core	50	sin_COG	0	52
pepF	core	50	sin_COG	0	52
group_3143	core	50	sin_COG	0	51
dauA	core	50	sin_COG	0	52
mutS2	core	50	sin_COG	0	52
recN	core	50	sin_COG	0	52
spoIVB	core	50	sin_COG	0	52
group_3138	core	50	sin_COG	0	52
group_3136	core	50	sin_COG	0	51
group_3134	core	50	sin_COG	0	52
cstA	core	50	sin_COG	0	52
epsC	core	50	sin_COG	0	52
group_3130	core	50	sin_COG	0	52
nhaK	core	50	sin_COG	0	51
metE	core	50	sin_COG	0	52
lon	core	50	sin_COG	0	52
recJ	core	50	sin_COG	0	52
group_3123	core	50	sin_COG	0	52
group_3122	core	50	sin_COG	0	51
group_3121	core	50	sin_COG	0	52
group_3120	core	50	sin_COG	0	52
group_3119	core	50	sin_COG	0	53
group_3118	core	50	sin_COG	0	51
group_3111	core	50	sin_COG	0	50
group_3109	core	50	sin_COG	0	51
dsbA~~~spxH	core	50	sin_COG	0	52
group_3108	core	50	sin_COG	0	52
group_3107	core	50	sin_COG	0	51
group_3104	core	50	sin_COG	0	51
group_3102	core	50	sin_COG	0	51
group_3101	core	50	sin_COG	0	51
rplT	core	50	J	50	51
group_3100	core	50	sin_COG	0	50
yodN	core	50	sin_COG	0	51
splB	core	50	sin_COG	0	52
group_3088	core	50	sin_COG	0	52
rghR	core	50	sin_COG	0	51
group_3087	core	50	sin_COG	0	51
group_3083	core	50	sin_COG	0	51
ydaF	core	50	sin_COG	0	52
group_3081	core	50	sin_COG	0	51
gpr	core	50	sin_COG	0	52
group_3080	core	50	sin_COG	0	52
group_3079	core	50	sin_COG	0	52
sspK	core	50	sin_COG	0	50
group_3077	core	50	sin_COG	0	12
group_3071	core	50	sin_COG	0	53
group_3070	core	50	sin_COG	0	51
group_3069	core	50	sin_COG	0	51
group_3067	core	50	sin_COG	0	51
group_3066	core	50	sin_COG	0	51
group_3064	core	50	sin_COG	0	52
group_3063	core	50	sin_COG	0	51
group_3062	core	50	sin_COG	0	51
ycnC	core	50	sin_COG	0	52
group_3059	core	50	sin_COG	0	51
group_3057	core	50	sin_COG	0	51
ctaG	core	50	sin_COG	0	51
group_3053	core	50	sin_COG	0	52
group_3052	core	50	sin_COG	0	52
group_3051	core	50	sin_COG	0	51
trpE	core	50	sin_COG	0	52
ybeY	core	50	sin_COG	0	51
group_3045	core	50	sin_COG	0	51
atpD	core	50	C	50	51
cwlQ~~~fliE	core	50	sin_COG	0	52
group_3044	core	50	sin_COG	0	51
group_3043	core	50	sin_COG	0	51
group_3040	core	50	sin_COG	0	51
msrA	core	50	sin_COG	0	51
group_3039	core	50	sin_COG	0	51
mscL	core	50	sin_COG	0	51
ygaY	core	50	sin_COG	0	52
group_3038	core	50	sin_COG	0	51
group_3037	core	50	sin_COG	0	51
addB	core	50	sin_COG	0	52
tkt	core	50	sin_COG	0	51
group_3035	core	50	sin_COG	0	51
group_3032	core	50	sin_COG	0	51
group_3031	core	50	sin_COG	0	51
group_3027	core	50	sin_COG	0	51
group_3024	core	50	sin_COG	0	51
spoIIR	core	50	sin_COG	0	51
yfmQ	core	50	sin_COG	0	52
group_3023	core	50	sin_COG	0	51
ylbO~~~gerR	core	50	sin_COG	0	51
rsmD	core	50	sin_COG	0	51
group_3020	core	50	sin_COG	0	51
group_3018	core	50	sin_COG	0	51
fbpB	core	50	sin_COG	0	50
group_3015	core	50	sin_COG	0	51
group_3010	core	50	sin_COG	0	51
group_3008	core	50	sin_COG	0	51
group_3007	core	50	sin_COG	0	51
group_3006	core	50	sin_COG	0	51
group_3004	core	50	sin_COG	0	51
group_3002	core	50	sin_COG	0	51
mutS	core	50	sin_COG	0	51
group_2999	core	50	sin_COG	0	51
iolS	core	50	sin_COG	0	51
pyrH	core	50	F	50	51
group_2998	core	50	sin_COG	0	52
group_2996	core	50	sin_COG	0	51
group_2995	core	50	sin_COG	0	52
radC	core	50	sin_COG	0	52
yqeK	core	50	sin_COG	0	51
group_2990	core	50	sin_COG	0	51
group_2988	core	50	sin_COG	0	52
group_2987	core	50	sin_COG	0	51
group_2980	core	50	sin_COG	0	52
group_2979	core	50	sin_COG	0	51
group_2978	core	50	sin_COG	0	51
group_2973	core	50	sin_COG	0	52
group_2972	core	50	sin_COG	0	51
group_2971	core	50	sin_COG	0	51
pth	core	50	sin_COG	0	51
group_2970	core	50	sin_COG	0	51
group_2969	core	50	sin_COG	0	51
group_2968	core	50	sin_COG	0	51
group_2967	core	50	sin_COG	0	51
acuC	core	50	sin_COG	0	51
group_2966	core	50	sin_COG	0	51
group_2965	core	50	sin_COG	0	51
group_2964	core	50	sin_COG	0	51
group_2963	core	50	sin_COG	0	51
group_2962	core	50	sin_COG	0	51
group_2960	core	50	sin_COG	0	50
group_2958	core	50	sin_COG	0	51
group_2956	core	50	sin_COG	0	51
fliZ	core	50	sin_COG	0	51
group_2955	core	50	sin_COG	0	50
yvbW	core	50	sin_COG	0	52
htrB	core	50	sin_COG	0	51
group_2952	core	50	sin_COG	0	51
group_2950	core	50	sin_COG	0	51
group_2949	core	50	sin_COG	0	51
group_2947	core	50	sin_COG	0	51
hepT	core	50	sin_COG	0	51
group_2944	core	50	sin_COG	0	52
group_2941	core	50	sin_COG	0	51
group_2939	core	50	sin_COG	0	51
group_2937	core	50	sin_COG	0	51
yueE	core	50	sin_COG	0	52
group_2935	core	50	sin_COG	0	51
group_2934	core	50	sin_COG	0	51
group_2932	core	50	sin_COG	0	51
sepF	core	50	sin_COG	0	51
group_2931	core	50	sin_COG	0	51
group_2930	core	50	sin_COG	0	51
dbpA	core	50	sin_COG	0	52
yjgM	core	50	sin_COG	0	51
flbD	core	50	sin_COG	0	51
group_2927	core	50	sin_COG	0	51
group_2926	core	50	sin_COG	0	51
group_2925	core	50	sin_COG	0	51
ymfM	core	50	sin_COG	0	51
group_2924	core	50	sin_COG	0	51
group_2921	core	50	sin_COG	0	51
group_2920	core	50	sin_COG	0	51
trpB	core	50	sin_COG	0	51
group_2918	core	50	sin_COG	0	51
deoB	core	50	sin_COG	0	52
group_2916	core	50	sin_COG	0	51
group_2914	core	50	sin_COG	0	51
group_2913	core	50	sin_COG	0	51
yabA	core	50	sin_COG	0	51
group_2911	core	50	sin_COG	0	52
polA	core	50	sin_COG	0	52
group_2906	core	50	sin_COG	0	52
yhbY	core	50	sin_COG	0	51
iseA	core	50	sin_COG	0	51
group_2905	core	50	sin_COG	0	51
dat	core	50	sin_COG	0	51
group_2903	core	50	sin_COG	0	51
group_2901	core	50	sin_COG	0	51
potA	core	50	sin_COG	0	51
murP	core	50	sin_COG	0	51
group_2900	core	50	sin_COG	0	51
group_2899	core	50	sin_COG	0	50
mntR	core	50	K	50	50
nadR	core	50	sin_COG	0	51
group_2897	core	50	sin_COG	0	52
group_2896	core	50	sin_COG	0	51
rsmA	core	50	sin_COG	0	51
group_2893	core	50	sin_COG	0	50
group_2891	core	50	sin_COG	0	51
yqzK	core	50	sin_COG	0	50
ywnH	core	50	sin_COG	0	51
group_2886	core	50	sin_COG	0	51
mreD	core	50	sin_COG	0	51
group_2884	core	50	sin_COG	0	51
gltB	core	50	sin_COG	0	52
group_2882	core	50	sin_COG	0	51
murQ	core	50	sin_COG	0	51
group_2879	core	50	sin_COG	0	51
group_2878	core	50	sin_COG	0	51
mtnN	core	50	sin_COG	0	51
group_2875	core	50	sin_COG	0	51
group_2872	core	50	sin_COG	0	51
pyrF	core	50	sin_COG	0	51
dnaJ	core	50	O	49	52
srtB	core	50	sin_COG	0	51
group_2868	core	50	sin_COG	0	51
group_2867	core	50	sin_COG	0	51
yfiZ	core	50	sin_COG	0	51
group_2865	core	50	sin_COG	0	51
recU	core	50	sin_COG	0	52
ndk	core	50	sin_COG	0	51
rho	core	50	K	42	51
group_2862	core	50	sin_COG	0	51
tsaE	core	50	sin_COG	0	51
group_2860	core	50	sin_COG	0	51
group_2859	core	50	sin_COG	0	52
group_2857	core	50	sin_COG	0	51
group_2854	core	50	sin_COG	0	51
yvgO	core	50	sin_COG	0	51
ytlC~~~cmpC	core	50	sin_COG	0	51
group_2853	core	50	sin_COG	0	51
pxpB	core	50	sin_COG	0	51
pgk	core	50	G	51	51
group_2852	core	50	sin_COG	0	52
uxaC	core	50	sin_COG	0	51
group_2851	core	50	sin_COG	0	51
dpaB	core	50	sin_COG	0	51
group_2847	core	50	sin_COG	0	51
group_2846	core	50	sin_COG	0	51
rimI	core	50	sin_COG	0	51
cysT	core	50	sin_COG	0	51
argJ	core	50	sin_COG	0	51
group_2843	core	50	sin_COG	0	51
group_2841	core	50	sin_COG	0	51
group_2840	core	50	sin_COG	0	51
thrB	core	50	sin_COG	0	52
tuaH	core	50	sin_COG	0	51
group_2837	core	50	sin_COG	0	51
group_2836	core	50	sin_COG	0	51
ytxJ	core	50	sin_COG	0	51
ccpA	core	50	sin_COG	0	51
group_2832	core	50	sin_COG	0	51
group_2831	core	50	sin_COG	0	51
group_2829	core	50	sin_COG	0	51
spo0A	core	50	sin_COG	0	51
group_2827	core	50	sin_COG	0	51
group_2826	core	50	sin_COG	0	51
group_2825	core	50	sin_COG	0	51
group_2824	core	50	sin_COG	0	51
group_2822	core	50	sin_COG	0	51
group_2821	core	50	sin_COG	0	51
pdaC	core	50	sin_COG	0	51
group_2820	core	50	sin_COG	0	51
hchA	core	50	sin_COG	0	51
yqkK	core	50	sin_COG	0	50
spoIIM	core	50	sin_COG	0	51
bshB1	core	50	sin_COG	0	51
group_2812	core	50	sin_COG	0	51
fni	core	50	sin_COG	0	51
group_2811	core	50	sin_COG	0	51
group_2810	core	50	sin_COG	0	52
group_2808	core	50	sin_COG	0	51
group_2807	core	50	sin_COG	0	51
group_2803	core	50	sin_COG	0	51
sbcC	core	50	sin_COG	0	51
group_2802	core	50	sin_COG	0	51
group_2800	core	50	sin_COG	0	51
group_2799	core	50	sin_COG	0	51
group_2798	core	50	sin_COG	0	51
ligA	core	50	sin_COG	0	53
mtnW	core	50	sin_COG	0	51
yqfC	core	50	sin_COG	0	51
yknY	core	50	sin_COG	0	51
group_2792	core	50	sin_COG	0	51
uvsE	core	50	sin_COG	0	51
group_2791	core	50	sin_COG	0	51
betB	core	50	sin_COG	0	51
yuiA	core	50	sin_COG	0	51
group_2788	core	50	sin_COG	0	51
group_2787	core	50	sin_COG	0	52
group_2786	core	50	sin_COG	0	51
group_2779	core	50	sin_COG	0	51
group_2778	core	50	sin_COG	0	51
rutD	core	50	sin_COG	0	51
tcdA	core	50	J	50	51
group_2776	core	50	sin_COG	0	51
group_2775	core	50	sin_COG	0	51
ypdA	core	50	sin_COG	0	51
group_2771	core	50	sin_COG	0	51
group_2770	core	50	sin_COG	0	51
tseB	core	50	sin_COG	0	51
group_2766	core	50	sin_COG	0	51
ywmB	core	50	sin_COG	0	50
fliH	core	50	sin_COG	0	51
yheN	core	50	sin_COG	0	51
group_2760	core	50	sin_COG	0	51
group_2753	core	50	sin_COG	0	51
group_2751	core	50	sin_COG	0	51
group_2749	core	50	sin_COG	0	51
group_2748	core	50	sin_COG	0	51
group_2747	core	50	sin_COG	0	51
group_2746	core	50	sin_COG	0	51
group_2745	core	50	sin_COG	0	51
pbp4b	core	50	sin_COG	0	52
yqzE	core	50	sin_COG	0	51
group_2744	core	50	sin_COG	0	51
group_2742	core	50	sin_COG	0	51
group_2741	core	50	sin_COG	0	51
xynB	core	50	sin_COG	0	51
group_2740	core	50	sin_COG	0	51
rocR	core	50	sin_COG	0	51
yokU	core	50	sin_COG	0	51
group_2736	core	50	sin_COG	0	51
group_2732	core	50	sin_COG	0	51
group_2730	core	50	sin_COG	0	50
group_2728	core	50	sin_COG	0	51
group_2722	core	50	sin_COG	0	51
group_2721	core	50	sin_COG	0	51
group_2720	core	50	sin_COG	0	51
group_2719	core	50	sin_COG	0	51
lysA	core	50	sin_COG	0	51
capB~~~pgsB	core	50	sin_COG	0	51
group_2717	core	50	sin_COG	0	51
araQ~~~ytcP	core	50	sin_COG	0	51
group_2713	core	50	sin_COG	0	51
coiA	core	50	sin_COG	0	51
group_2711	core	50	sin_COG	0	51
eno	core	50	sin_COG	0	51
group_2706	core	50	sin_COG	0	51
leuB	core	50	sin_COG	0	51
group_2701	core	50	sin_COG	0	51
ykoC	core	50	sin_COG	0	51
lutA	core	50	sin_COG	0	51
group_2699	core	50	sin_COG	0	51
mraZ	core	50	J	51	51
group_2696	core	50	sin_COG	0	51
group_2694	core	50	sin_COG	0	51
group_2693	core	50	sin_COG	0	51
clpX	core	50	sin_COG	0	51
group_2691	core	50	sin_COG	0	51
metA	core	50	sin_COG	0	51
group_2690	core	50	sin_COG	0	51
ytnP	core	50	sin_COG	0	51
group_2689	core	50	sin_COG	0	53
nucA	core	50	sin_COG	0	51
tdk	core	50	sin_COG	0	51
treB	core	50	sin_COG	0	51
group_2684	core	50	sin_COG	0	51
group_2682	core	50	sin_COG	0	51
group_2681	core	50	sin_COG	0	51
glpD	core	50	sin_COG	0	51
group_2676	core	50	sin_COG	0	51
group_2675	core	50	sin_COG	0	51
isdC	core	50	sin_COG	0	51
group_2670	core	50	sin_COG	0	51
group_2667	core	50	sin_COG	0	51
group_2664	core	50	sin_COG	0	51
ytxC	core	50	sin_COG	0	51
group_2658	core	50	sin_COG	0	51
group_2656	core	50	sin_COG	0	51
group_2655	core	50	sin_COG	0	51
group_2654	core	50	sin_COG	0	51
group_2652	core	50	sin_COG	0	51
group_2651	core	50	sin_COG	0	51
group_2650	core	50	sin_COG	0	51
group_2649	core	50	sin_COG	0	51
group_2648	core	50	sin_COG	0	51
yprB	core	50	sin_COG	0	51
engB~~~yihA	core	50	sin_COG	0	51
ycnE	core	50	sin_COG	0	51
group_2644	core	50	sin_COG	0	51
group_2643	core	50	sin_COG	0	51
group_2640	core	50	sin_COG	0	51
betI	core	50	sin_COG	0	51
mutL	core	50	sin_COG	0	51
yfiV~~~marR	core	50	sin_COG	0	51
group_2639	core	50	sin_COG	0	51
sspO	core	50	sin_COG	0	51
dksA	core	50	sin_COG	0	50
panD	core	50	sin_COG	0	51
uvrB	core	50	L	1	51
essA	core	50	sin_COG	0	51
tdh	core	50	sin_COG	0	51
group_2637	core	50	sin_COG	0	51
yvoA	core	50	sin_COG	0	51
group_2581	core	50	sin_COG	0	51
yhdX	core	50	sin_COG	0	16
sspM	core	50	sin_COG	0	51
group_2530	core	50	sin_COG	0	51
group_2529	core	50	sin_COG	0	51
ykpC	core	50	sin_COG	0	51
group_2516	core	50	sin_COG	0	51
yqzL	core	50	sin_COG	0	51
sspN	core	50	sin_COG	0	51
group_2469	core	50	sin_COG	0	51
group_2455	core	50	sin_COG	0	51
yisI	core	50	sin_COG	0	50
group_2441	core	50	sin_COG	0	29
group_2436	core	50	sin_COG	0	51
group_2431	core	50	sin_COG	0	2
group_2429	core	50	sin_COG	0	51
group_2421	core	50	sin_COG	0	51
group_2420	core	50	sin_COG	0	51
group_2419	core	50	sin_COG	0	51
yozD	core	50	sin_COG	0	51
group_2418	core	50	sin_COG	0	29
rpsU	core	50	J	51	51
rpmF	core	50	sin_COG	0	51
ypzG	core	50	sin_COG	0	51
group_2393	core	50	sin_COG	0	51
group_2392	core	50	sin_COG	0	51
group_2381	core	50	sin_COG	0	49
yjzC	core	50	sin_COG	0	51
ypfB	core	50	sin_COG	0	51
degR	core	50	sin_COG	0	51
ytzJ	core	50	sin_COG	0	51
ykvS	core	50	S	51	51
abbA	core	50	sin_COG	0	51
group_2339	core	50	sin_COG	0	51
pspC	core	50	sin_COG	0	51
ypzH	core	50	sin_COG	0	51
group_2322	core	50	sin_COG	0	51
deoR	core	50	sin_COG	0	51
group_2321	core	50	sin_COG	0	51
ypmT	core	50	sin_COG	0	51
group_2310	core	50	sin_COG	0	51
rpmE	core	50	J	51	51
rpmI	core	50	J	51	51
group_2302	core	50	sin_COG	0	51
cspD	core	50	K	51	51
rpoY	core	50	sin_COG	0	51
yheE	core	50	sin_COG	0	51
atpE	core	50	C	51	51
group_2257	core	50	sin_COG	0	51
group_2256	core	50	sin_COG	0	51
yvfG	core	50	sin_COG	0	51
group_2237	core	50	sin_COG	0	51
group_2236	core	50	sin_COG	0	51
yneF	core	50	sin_COG	0	51
group_2235	core	50	sin_COG	0	51
group_2228	core	50	sin_COG	0	51
yueG	core	50	sin_COG	0	51
ytzE	core	50	G	51	51
sspI	core	50	sin_COG	0	51
group_2227	core	50	sin_COG	0	51
csrA	core	50	sin_COG	0	51
group_2216	core	50	sin_COG	0	51
yfhS	core	50	sin_COG	0	51
yvkN	core	50	sin_COG	0	51
mtrB	core	50	sin_COG	0	51
secG	core	50	sin_COG	0	51
yvzC	core	50	sin_COG	0	51
moaD	core	50	sin_COG	0	51
nifU	core	50	O	51	51
group_2183	core	50	sin_COG	0	51
cotD	core	50	sin_COG	0	50
group_2181	core	50	sin_COG	0	51
group_2176	core	50	sin_COG	0	51
group_2175	core	50	sin_COG	0	51
group_2167	core	50	sin_COG	0	51
ykuJ	core	50	S	51	51
fer	core	50	C	51	51
purS	core	50	F	28	51
group_2133	core	50	sin_COG	0	51
group_2132	core	50	sin_COG	0	51
zapA	core	50	sin_COG	0	51
spoVS	core	50	S	51	51
group_2126	core	50	sin_COG	0	51
group_2118	core	50	sin_COG	0	51
flgM	core	50	sin_COG	0	51
group_2103	core	50	sin_COG	0	51
yajC	core	50	sin_COG	0	51
yrzL	core	50	S	51	51
rpsT	core	50	sin_COG	0	51
ptsH	core	50	G	46	51
rpsO	core	50	J	51	51
fliQ	core	50	sin_COG	0	51
yutD	core	50	sin_COG	0	51
group_2077	core	50	sin_COG	0	51
group_2072	core	50	sin_COG	0	51
spoIIID	core	50	D	51	51
hbs	core	50	B	51	51
group_2071	core	50	sin_COG	0	51
group_2070	core	50	sin_COG	0	51
ylaN	core	50	S	51	51
group_2060	core	50	sin_COG	0	51
group_2059	core	50	sin_COG	0	51
group_2058	core	50	sin_COG	0	51
group_2048	core	50	D	51	51
group_2046	core	50	sin_COG	0	51
rnpM	core	50	sin_COG	0	51
groES	core	50	O	51	51
gatC	core	50	sin_COG	0	51
yukE	core	50	sin_COG	0	51
comN	core	50	sin_COG	0	51
group_2012	core	50	sin_COG	0	51
ytpI	core	50	sin_COG	0	51
ylxQ	core	50	sin_COG	0	51
licB	core	50	sin_COG	0	51
group_2000	core	50	sin_COG	0	51
group_1995	core	50	sin_COG	0	51
rplU	core	50	sin_COG	0	51
group_1994	core	50	sin_COG	0	51
yneA	core	50	sin_COG	0	51
group_1986	core	50	sin_COG	0	50
group_1985	core	50	sin_COG	0	51
group_1984	core	50	sin_COG	0	51
group_1977	core	50	sin_COG	0	51
group_1971	core	50	sin_COG	0	51
yuiB	core	50	sin_COG	0	51
group_1970	core	50	sin_COG	0	51
ydbP	core	50	sin_COG	0	51
group_1954	core	50	sin_COG	0	51
ynfA	core	50	sin_COG	0	51
cccB	core	50	sin_COG	0	51
group_1947	core	50	sin_COG	0	51
ctaF	core	50	sin_COG	0	51
group_1946	core	50	sin_COG	0	51
group_1945	core	50	sin_COG	0	51
group_1944	core	50	sin_COG	0	51
group_1940	core	50	sin_COG	0	51
ywdI	core	50	sin_COG	0	51
group_1938	core	50	sin_COG	0	51
yodB	core	50	sin_COG	0	51
group_1928	core	50	sin_COG	0	51
group_1926	core	50	sin_COG	0	51
fliT	core	50	sin_COG	0	51
group_1911	core	50	sin_COG	0	51
ytrH	core	50	sin_COG	0	51
group_1894	core	50	sin_COG	0	51
group_1887	core	50	sin_COG	0	51
group_1886	core	50	sin_COG	0	51
spoVAE	core	50	sin_COG	0	51
group_1880	core	50	sin_COG	0	51
rbfA	core	50	sin_COG	0	51
group_1879	core	50	sin_COG	0	51
ndoA	core	50	V	51	51
group_1873	core	50	sin_COG	0	51
spoIIAA	core	50	sin_COG	0	51
ribT	core	50	sin_COG	0	50
rsfS	core	50	sin_COG	0	51
group_1867	core	50	sin_COG	0	51
group_1860	core	50	sin_COG	0	51
cccA	core	50	sin_COG	0	51
erpA	core	50	sin_COG	0	51
cheY	core	50	sin_COG	0	51
group_1847	core	50	sin_COG	0	51
group_1839	core	50	sin_COG	0	51
group_1838	core	50	sin_COG	0	51
rsbS	core	50	T	51	51
group_1833	core	50	sin_COG	0	51
group_1832	core	50	sin_COG	0	51
group_1831	core	50	sin_COG	0	51
group_1830	core	50	sin_COG	0	51
spo0F	core	50	D	49	51
group_1813	core	50	sin_COG	0	51
qoxD	core	50	sin_COG	0	51
speD	core	50	sin_COG	0	51
group_1802	core	50	sin_COG	0	51
group_1801	core	50	sin_COG	0	51
group_1800	core	50	sin_COG	0	51
aroH	core	50	sin_COG	0	51
group_1792	core	50	sin_COG	0	51
group_1791	core	50	sin_COG	0	51
group_1788	core	50	sin_COG	0	51
atpC	core	50	sin_COG	0	51
group_1778	core	50	sin_COG	0	51
spxA	core	50	sin_COG	0	51
group_1772	core	50	sin_COG	0	50
group_1771	core	50	sin_COG	0	51
group_1769	core	50	sin_COG	0	51
yjbI	core	50	sin_COG	0	51
fliS	core	50	sin_COG	0	51
group_1756	core	50	sin_COG	0	51
group_1754	core	50	sin_COG	0	51
group_1747	core	50	sin_COG	0	51
catD	core	50	sin_COG	0	51
group_1743	core	50	sin_COG	0	51
ytxG	core	50	sin_COG	0	51
ruvX	core	50	sin_COG	0	51
group_1742	core	50	sin_COG	0	51
group_1737	core	50	sin_COG	0	51
group_1736	core	50	sin_COG	0	51
cymR	core	50	sin_COG	0	51
group_1733	core	50	sin_COG	0	51
group_1732	core	50	sin_COG	0	51
group_1724	core	50	sin_COG	0	51
group_1723	core	50	sin_COG	0	51
group_1722	core	50	sin_COG	0	51
group_1721	core	50	sin_COG	0	51
fliL	core	50	sin_COG	0	51
group_1720	core	50	sin_COG	0	51
group_1719	core	50	sin_COG	0	51
msrB	core	50	sin_COG	0	51
group_1715	core	50	sin_COG	0	51
nsrR	core	50	sin_COG	0	51
group_1710	core	50	sin_COG	0	51
group_1709	core	50	sin_COG	0	51
group_1708	core	50	sin_COG	0	51
group_1702	core	50	sin_COG	0	51
ppiB	core	50	O	51	51
group_1699	core	50	sin_COG	0	51
spoIIAB	core	50	sin_COG	0	51
group_1694	core	50	sin_COG	0	51
yszB	core	50	sin_COG	0	51
fliJ	core	50	sin_COG	0	51
cbpB	core	50	sin_COG	0	51
group_1691	core	50	sin_COG	0	51
ytoQ	core	50	sin_COG	0	51
sirA	core	50	sin_COG	0	51
group_1690	core	50	sin_COG	0	50
group_1689	core	50	sin_COG	0	51
rpiB	core	50	sin_COG	0	51
pgsC	core	50	sin_COG	0	51
group_1685	core	50	sin_COG	0	51
ahrC	core	50	sin_COG	0	51
group_1684	core	50	sin_COG	0	51
ytfJ	core	50	sin_COG	0	51
fur	core	50	P	51	51
spoVAC	core	50	sin_COG	0	51
group_1674	core	50	sin_COG	0	51
group_1671	core	50	sin_COG	0	51
group_1670	core	50	sin_COG	0	51
group_1669	core	50	sin_COG	0	51
group_1662	core	50	sin_COG	0	51
group_1661	core	50	sin_COG	0	51
nrdR	core	50	K	43	51
group_1660	core	50	sin_COG	0	51
group_1659	core	50	sin_COG	0	51
group_1658	core	50	sin_COG	0	51
group_1653	core	50	sin_COG	0	51
group_1652	core	50	sin_COG	0	51
group_1647	core	50	sin_COG	0	51
group_1646	core	50	sin_COG	0	51
group_1645	core	50	sin_COG	0	51
infC	core	50	J	51	51
cheW	core	50	sin_COG	0	51
group_1644	core	50	sin_COG	0	51
lspA	core	50	sin_COG	0	51
group_1638	core	50	sin_COG	0	51
group_1637	core	50	sin_COG	0	51
slrR	core	50	sin_COG	0	51
ytxH	core	50	sin_COG	0	51
group_1630	core	50	sin_COG	0	51
greA	core	50	sin_COG	0	51
gerT	core	50	sin_COG	0	51
group_1624	core	50	sin_COG	0	51
rimP	core	50	sin_COG	0	51
trmL	core	50	sin_COG	0	51
asnC	core	50	sin_COG	0	51
group_1620	core	50	sin_COG	0	51
ytkD	core	50	sin_COG	0	51
group_1619	core	50	sin_COG	0	51
lrpC	core	50	sin_COG	0	51
group_1614	core	50	sin_COG	0	51
group_1613	core	50	sin_COG	0	51
group_1610	core	50	sin_COG	0	51
flgN	core	50	sin_COG	0	51
coaD	core	50	sin_COG	0	51
group_1601	core	50	sin_COG	0	51
hosA	core	50	sin_COG	0	51
group_1597	core	50	sin_COG	0	51
group_1593	core	50	sin_COG	0	51
group_1592	core	50	sin_COG	0	50
group_1591	core	50	sin_COG	0	51
group_1590	core	50	sin_COG	0	51
group_1583	core	50	sin_COG	0	51
group_1582	core	50	sin_COG	0	51
group_1581	core	50	sin_COG	0	51
yajQ	core	50	sin_COG	0	51
divIVA	core	50	D	51	51
ykuD	core	50	sin_COG	0	51
queF	core	50	J	2	51
ywgA	core	50	sin_COG	0	51
tpx	core	50	sin_COG	0	51
group_1570	core	50	sin_COG	0	51
cheD	core	50	sin_COG	0	51
ytrI	core	50	sin_COG	0	51
group_1558	core	50	sin_COG	0	51
group_1557	core	50	sin_COG	0	51
yhcN	core	50	sin_COG	0	51
apt	core	50	F	51	51
yrdA	core	50	sin_COG	0	51
group_1542	core	50	sin_COG	0	51
ilvN	core	50	sin_COG	0	51
group_1533	core	50	sin_COG	0	51
atpF	core	50	sin_COG	0	51
group_1525	core	50	sin_COG	0	51
yraA	core	50	sin_COG	0	51
group_1517	core	50	sin_COG	0	51
group_1511	core	50	sin_COG	0	51
group_1510	core	50	sin_COG	0	51
group_1509	core	50	sin_COG	0	51
cvpA	core	50	sin_COG	0	51
group_1506	core	50	sin_COG	0	51
group_1505	core	50	sin_COG	0	51
bslA	core	50	sin_COG	0	51
group_1499	core	50	sin_COG	0	51
gerQ	core	50	sin_COG	0	51
pyrR	core	50	sin_COG	0	51
ahpA	core	50	V	51	51
reoY	core	50	sin_COG	0	51
atpH	core	50	sin_COG	0	51
cotE	core	50	D	51	51
group_1477	core	50	sin_COG	0	51
group_1472	core	50	sin_COG	0	51
mntP	core	50	sin_COG	0	51
grpE	core	50	sin_COG	0	51
efp	core	50	sin_COG	0	50
group_1466	core	50	sin_COG	0	51
frr	core	50	sin_COG	0	51
def	core	50	sin_COG	0	51
group_1465	core	50	sin_COG	0	51
aroK	core	50	sin_COG	0	51
rnmV	core	50	sin_COG	0	51
sigX	core	50	sin_COG	0	51
hpf	core	50	sin_COG	0	51
group_1453	core	50	sin_COG	0	51
group_1446	core	50	sin_COG	0	51
group_1445	core	50	sin_COG	0	51
maf	core	50	sin_COG	0	51
comE	core	50	sin_COG	0	51
folE	core	50	sin_COG	0	51
purN	core	50	sin_COG	0	51
group_1440	core	50	sin_COG	0	51
yjbC	core	50	sin_COG	0	51
cypB	core	50	sin_COG	0	51
pgsA	core	50	sin_COG	0	51
group_1423	core	50	sin_COG	0	51
hisB	core	50	sin_COG	0	51
xpt	core	50	sin_COG	0	51
group_1412	core	50	sin_COG	0	51
group_1406	core	50	sin_COG	0	51
scpB	core	50	sin_COG	0	51
group_1398	core	50	sin_COG	0	51
group_1393	core	50	sin_COG	0	51
leuD	core	50	sin_COG	0	51
rsbX	core	50	sin_COG	0	51
ytpR	core	50	sin_COG	0	51
ruvA	core	50	sin_COG	0	51
lepB	core	50	sin_COG	0	51
group_1381	core	50	sin_COG	0	51
group_1374	core	50	sin_COG	0	51
group_1367	core	50	sin_COG	0	51
xpaC	core	50	sin_COG	0	51
group_1362	core	50	sin_COG	0	51
qoxC	core	50	sin_COG	0	51
group_1358	core	50	sin_COG	0	51
group_1357	core	50	sin_COG	0	51
group_1356	core	50	sin_COG	0	51
yodC	core	50	sin_COG	0	51
ykaA	core	50	P	51	51
group_1353	core	50	sin_COG	0	51
coxA	core	50	sin_COG	0	51
group_1345	core	50	sin_COG	0	51
group_1344	core	50	sin_COG	0	50
lexA	core	50	sin_COG	0	51
ctaE	core	50	sin_COG	0	51
group_1338	core	50	sin_COG	0	51
group_1337	core	50	sin_COG	0	51
rplY	core	50	sin_COG	0	51
cheC	core	50	sin_COG	0	51
upp	core	50	sin_COG	0	51
yjbM	core	50	sin_COG	0	51
group_1316	core	50	sin_COG	0	51
ytaF	core	50	sin_COG	0	51
lysE	core	50	sin_COG	0	51
udk	core	50	sin_COG	0	51
group_1314	core	50	sin_COG	0	51
group_1311	core	50	sin_COG	0	51
azoR	core	50	sin_COG	0	51
group_1302	core	50	sin_COG	0	51
fsa	core	50	G	51	51
group_1301	core	50	sin_COG	0	51
group_1297	core	50	sin_COG	0	51
group_1293	core	50	sin_COG	0	51
group_1288	core	50	sin_COG	0	51
group_1287	core	50	sin_COG	0	51
group_1286	core	50	sin_COG	0	51
hisG	core	50	sin_COG	0	51
pilZ	core	50	sin_COG	0	51
ribE	core	50	sin_COG	0	51
group_1268	core	50	sin_COG	0	51
group_1267	core	50	sin_COG	0	51
group_1266	core	50	sin_COG	0	51
rex	core	50	sin_COG	0	51
artQ	core	50	sin_COG	0	51
prsW	core	50	sin_COG	0	51
group_1257	core	50	sin_COG	0	51
nth	core	50	sin_COG	0	51
modB	core	50	sin_COG	0	51
bshB2	core	50	sin_COG	0	51
fliP	core	50	sin_COG	0	51
group_1249	core	50	sin_COG	0	51
group_1248	core	50	sin_COG	0	51
mecA	core	50	sin_COG	0	51
yvyE	core	50	sin_COG	0	51
group_1245	core	50	sin_COG	0	51
deoC	core	50	sin_COG	0	51
group_1242	core	50	sin_COG	0	51
group_1239	core	50	sin_COG	0	51
cssR	core	50	sin_COG	0	50
qcrB	core	50	C	51	51
cmk	core	50	sin_COG	0	51
yecS	core	50	sin_COG	0	51
group_1232	core	50	sin_COG	0	51
group_1226	core	50	sin_COG	0	51
group_1225	core	50	sin_COG	0	51
yesL	core	50	sin_COG	0	51
group_1224	core	50	sin_COG	0	51
minC	core	50	sin_COG	0	51
purQ	core	50	sin_COG	0	51
ung	core	50	sin_COG	0	51
ftsE	core	50	sin_COG	0	51
srrA	core	50	sin_COG	0	51
mgtE	core	50	sin_COG	0	51
group_1219	core	50	sin_COG	0	50
degU	core	50	K	51	51
group_1216	core	50	sin_COG	0	51
group_1215	core	50	sin_COG	0	51
group_1214	core	50	sin_COG	0	51
group_1208	core	50	sin_COG	0	51
group_1207	core	50	sin_COG	0	51
deoD	core	50	sin_COG	0	51
mtnX	core	50	sin_COG	0	51
ytrE	core	50	sin_COG	0	51
menG	core	50	sin_COG	0	51
group_1193	core	50	sin_COG	0	51
trmK	core	50	sin_COG	0	51
ccpN	core	50	T	51	51
dapD	core	50	sin_COG	0	51
tenA	core	50	sin_COG	0	51
treR	core	50	sin_COG	0	51
artM	core	50	sin_COG	0	51
resD	core	50	K	51	51
purC	core	50	sin_COG	0	51
yphF	core	50	sin_COG	0	51
gntR	core	50	sin_COG	0	51
group_1159	core	50	sin_COG	0	51
group_1154	core	50	sin_COG	0	51
phoP	core	50	sin_COG	0	51
group_1153	core	50	sin_COG	0	51
group_1152	core	50	sin_COG	0	51
group_1144	core	50	sin_COG	0	51
queE	core	50	sin_COG	0	50
atpB	core	50	sin_COG	0	51
group_1142	core	50	sin_COG	0	51
rpsB	core	50	J	51	51
glnQ	core	50	sin_COG	0	51
tgl	core	50	sin_COG	0	51
group_1133	core	50	sin_COG	0	51
group_1128	core	50	sin_COG	0	51
prpE	core	50	sin_COG	0	51
ecsA	core	50	sin_COG	0	51
group_1114	core	50	sin_COG	0	51
map	core	50	sin_COG	0	51
group_1112	core	50	sin_COG	0	51
group_1111	core	50	sin_COG	0	51
fabL	core	50	sin_COG	0	51
tuaG	core	50	sin_COG	0	51
group_1103	core	50	sin_COG	0	51
tatC	core	50	sin_COG	0	51
hisF	core	50	sin_COG	0	51
scpA	core	50	sin_COG	0	51
fecE	core	50	sin_COG	0	51
pxpA	core	50	sin_COG	0	51
group_1091	core	50	sin_COG	0	51
tpiA	core	50	sin_COG	0	51
rfbF	core	50	sin_COG	0	51
group_1087	core	50	sin_COG	0	51
sigF	core	50	sin_COG	0	51
group_1086	core	50	sin_COG	0	51
fliA	core	50	K	51	51
motB	core	50	sin_COG	0	51
group_1081	core	50	sin_COG	0	51
fhuC	core	50	sin_COG	0	51
hemQ	core	50	sin_COG	0	51
budA	core	50	sin_COG	0	51
yunB	core	50	sin_COG	0	51
group_1080	core	50	sin_COG	0	51
recO	core	50	sin_COG	0	51
kduD	core	50	sin_COG	0	51
kipR	core	50	sin_COG	0	51
iclR	core	50	sin_COG	0	51
group_1069	core	50	sin_COG	0	51
group_1067	core	50	sin_COG	0	51
glvR	core	50	sin_COG	0	51
pyrK	core	50	sin_COG	0	51
group_1066	core	50	sin_COG	0	51
ylmA	core	50	sin_COG	0	51
fabI	core	50	sin_COG	0	51
argB	core	50	sin_COG	0	51
group_1063	core	50	sin_COG	0	51
yjjG	core	50	sin_COG	0	51
fliR	core	50	sin_COG	0	51
sigG	core	50	sin_COG	0	51
group_1061	core	50	sin_COG	0	51
group_1060	core	50	sin_COG	0	51
group_1059	core	50	sin_COG	0	51
group_1054	core	50	sin_COG	0	51
group_1053	core	50	sin_COG	0	50
fabG	core	50	sin_COG	0	51
group_1043	core	50	sin_COG	0	51
sigB	core	50	sin_COG	0	51
group_1037	core	50	sin_COG	0	51
group_1036	core	50	sin_COG	0	51
ymfK	core	50	sin_COG	0	51
recX	core	50	sin_COG	0	51
pdaA	core	50	sin_COG	0	51
ssuC	core	50	sin_COG	0	51
group_1034	core	50	sin_COG	0	51
group_1033	core	50	sin_COG	0	51
group_1032	core	50	sin_COG	0	51
motA	core	50	sin_COG	0	51
group_1027	core	50	sin_COG	0	51
group_1021	core	50	sin_COG	0	51
group_1020	core	50	sin_COG	0	51
yfkD	core	50	sin_COG	0	51
group_1018	core	50	sin_COG	0	51
minD	core	50	sin_COG	0	51
trpA	core	50	sin_COG	0	51
dapB	core	50	sin_COG	0	51
group_1017	core	50	sin_COG	0	51
ypjB	core	50	sin_COG	0	51
group_1010	core	50	sin_COG	0	51
group_1003	core	50	sin_COG	0	51
glnH	core	50	sin_COG	0	51
yidA	core	50	sin_COG	0	51
group_999	core	50	sin_COG	0	51
group_998	core	50	sin_COG	0	51
yitU	core	50	sin_COG	0	51
group_992	core	50	sin_COG	0	51
group_991	core	50	sin_COG	0	51
group_989	core	50	sin_COG	0	51
yidC	core	50	sin_COG	0	51
group_988	core	50	sin_COG	0	51
group_985	core	50	sin_COG	0	51
metQ	core	50	sin_COG	0	51
group_984	core	50	sin_COG	0	51
lgt	core	50	sin_COG	0	51
proG	core	50	sin_COG	0	51
yaaT	core	50	T	51	51
group_976	core	50	sin_COG	0	51
kduI	core	50	sin_COG	0	51
speE	core	50	E	28	51
group_970	core	50	sin_COG	0	50
group_969	core	50	sin_COG	0	51
yodJ	core	50	sin_COG	0	51
group_963	core	50	sin_COG	0	51
group_962	core	50	sin_COG	0	51
mutM	core	50	sin_COG	0	51
group_957	core	50	sin_COG	0	51
flgG	core	50	sin_COG	0	51
group_950	core	50	sin_COG	0	51
group_949	core	50	sin_COG	0	51
group_946	core	50	sin_COG	0	51
group_945	core	50	sin_COG	0	51
comER	core	50	sin_COG	0	51
group_939	core	50	sin_COG	0	51
group_932	core	50	sin_COG	0	51
glcT	core	50	sin_COG	0	51
group_928	core	50	sin_COG	0	51
fbaA	core	50	G	51	51
yitS	core	50	sin_COG	0	51
group_920	core	50	sin_COG	0	51
group_919	core	50	sin_COG	0	51
group_914	core	50	sin_COG	0	51
nadC	core	50	sin_COG	0	51
atpG	core	50	sin_COG	0	51
dapA	core	50	sin_COG	0	50
group_909	core	50	sin_COG	0	51
ybbH	core	50	sin_COG	0	51
ywpJ	core	50	sin_COG	0	51
speB	core	50	sin_COG	0	51
group_905	core	50	sin_COG	0	51
group_904	core	50	sin_COG	0	51
hslO	core	50	sin_COG	0	51
accD	core	50	sin_COG	0	51
group_900	core	50	sin_COG	0	51
pheA	core	50	sin_COG	0	51
group_899	core	50	sin_COG	0	51
group_898	core	50	sin_COG	0	51
rsmI	core	50	sin_COG	0	51
group_894	core	50	sin_COG	0	51
tsf	core	50	sin_COG	0	51
cysB	core	50	sin_COG	0	51
group_891	core	50	sin_COG	0	51
group_890	core	50	sin_COG	0	51
group_889	core	50	sin_COG	0	51
isdE	core	50	sin_COG	0	51
cidR	core	50	sin_COG	0	51
alsR	core	50	sin_COG	0	51
glyQ	core	50	J	51	51
galU	core	50	sin_COG	0	51
ftsX	core	50	sin_COG	0	51
xerD	core	50	sin_COG	0	51
group_880	core	50	sin_COG	0	51
group_879	core	50	sin_COG	0	51
yqiS	core	50	sin_COG	0	51
bmrU	core	50	sin_COG	0	51
group_878	core	50	sin_COG	0	51
lipA	core	50	H	51	51
group_874	core	50	sin_COG	0	51
gsiD	core	50	sin_COG	0	51
mreC	core	50	sin_COG	0	51
group_871	core	50	sin_COG	0	51
group_870	core	50	sin_COG	0	51
purU	core	50	sin_COG	0	51
group_869	core	50	sin_COG	0	51
group_865	core	50	sin_COG	0	51
era	core	50	J	49	51
ylxH	core	50	sin_COG	0	51
group_861	core	50	sin_COG	0	51
group_860	core	50	sin_COG	0	51
group_858	core	50	sin_COG	0	51
eamA	core	50	sin_COG	0	51
group_857	core	50	sin_COG	0	51
rarD	core	50	sin_COG	0	51
flgL	core	50	sin_COG	0	51
pfkB	core	50	sin_COG	0	51
ilvE	core	50	sin_COG	0	51
rbsB	core	50	sin_COG	0	51
group_848	core	50	sin_COG	0	51
prpB	core	50	sin_COG	0	51
cyoE	core	50	sin_COG	0	51
group_845	core	50	sin_COG	0	51
group_843	core	50	sin_COG	0	51
rapZ	core	50	sin_COG	0	51
group_835	core	50	sin_COG	0	51
pyrB	core	50	sin_COG	0	51
ctaA	core	50	sin_COG	0	51
group_833	core	50	sin_COG	0	51
dnaI	core	50	sin_COG	0	51
group_828	core	50	sin_COG	0	51
group_827	core	50	sin_COG	0	51
rnz	core	50	sin_COG	0	51
truB	core	50	sin_COG	0	51
group_826	core	50	sin_COG	0	51
hprK	core	50	sin_COG	0	51
pyrD	core	50	sin_COG	0	51
group_821	core	50	sin_COG	0	50
group_820	core	50	sin_COG	0	51
hemC	core	50	sin_COG	0	51
prmA	core	50	sin_COG	0	51
group_819	core	50	sin_COG	0	51
group_818	core	50	sin_COG	0	51
group_815	core	50	sin_COG	0	51
mdh	core	50	C	51	51
group_814	core	50	sin_COG	0	51
group_810	core	50	sin_COG	0	51
group_806	core	50	sin_COG	0	51
ispH	core	50	sin_COG	0	51
manA	core	50	sin_COG	0	51
whiA	core	50	K	51	51
group_800	core	50	sin_COG	0	51
ribF	core	50	sin_COG	0	51
group_799	core	50	sin_COG	0	51
gsiC	core	50	sin_COG	0	51
argF	core	50	sin_COG	0	51
fatC	core	50	sin_COG	0	51
group_798	core	50	sin_COG	0	51
group_794	core	50	sin_COG	0	51
group_793	core	50	sin_COG	0	51
group_792	core	50	sin_COG	0	51
group_788	core	50	sin_COG	0	51
group_787	core	50	sin_COG	0	51
group_780	core	50	sin_COG	0	51
pfkA	core	50	G	51	51
group_778	core	50	sin_COG	0	51
group_777	core	50	sin_COG	0	51
corA	core	50	sin_COG	0	51
group_776	core	50	sin_COG	0	51
glpX	core	50	G	51	51
group_773	core	50	sin_COG	0	51
yteP	core	50	sin_COG	0	51
comK	core	50	sin_COG	0	51
group_772	core	50	sin_COG	0	51
group_771	core	50	sin_COG	0	51
trhO	core	50	sin_COG	0	51
pta	core	50	C	51	51
lacF	core	50	sin_COG	0	51
group_770	core	50	sin_COG	0	51
group_769	core	50	sin_COG	0	51
group_766	core	50	sin_COG	0	51
group_763	core	50	sin_COG	0	51
accA	core	50	sin_COG	0	51
group_759	core	50	sin_COG	0	51
prfB	core	50	J	47	51
group_754	core	50	sin_COG	0	51
trxB	core	50	sin_COG	0	51
acoB	core	50	C	51	51
birA	core	50	sin_COG	0	51
group_753	core	50	sin_COG	0	51
isdF	core	50	sin_COG	0	51
holB	core	50	sin_COG	0	51
group_742	core	50	sin_COG	0	51
iolU	core	50	sin_COG	0	51
galE	core	50	sin_COG	0	51
group_737	core	50	sin_COG	0	51
floA	core	50	M	51	51
group_735	core	50	sin_COG	0	51
trpS	core	50	sin_COG	0	51
group_728	core	50	sin_COG	0	51
yumC	core	50	O	51	51
fliM	core	50	sin_COG	0	51
group_726	core	50	sin_COG	0	51
mbl	core	50	sin_COG	0	51
group_725	core	50	sin_COG	0	51
sppA	core	50	sin_COG	0	51
dppB	core	50	sin_COG	0	51
ruvB	core	50	sin_COG	0	51
gap	core	50	G	51	51
ddcA	core	50	sin_COG	0	51
mreBH	core	50	sin_COG	0	51
group_722	core	50	sin_COG	0	51
ydcC	core	50	sin_COG	0	51
group_717	core	50	sin_COG	0	51
group_712	core	50	sin_COG	0	51
rbsC	core	50	sin_COG	0	51
group_711	core	50	sin_COG	0	51
thiS	core	50	sin_COG	0	51
cydB	core	50	sin_COG	0	51
namA	core	50	sin_COG	0	51
spoVAD	core	50	sin_COG	0	51
mreB	core	50	sin_COG	0	51
holA	core	50	sin_COG	0	51
asd	core	50	sin_COG	0	51
group_702	core	50	sin_COG	0	51
feuC	core	50	sin_COG	0	51
group_698	core	50	sin_COG	0	51
trpD	core	50	sin_COG	0	51
group_697	core	50	sin_COG	0	51
metN	core	50	sin_COG	0	51
group_691	core	50	sin_COG	0	51
ilvC	core	50	E	48	51
queA	core	50	sin_COG	0	51
sepM	core	50	sin_COG	0	51
group_690	core	50	sin_COG	0	51
group_689	core	50	sin_COG	0	51
hrcA	core	50	sin_COG	0	51
pheS	core	50	sin_COG	0	51
gpsA	core	50	sin_COG	0	51
yutH	core	50	sin_COG	0	51
group_675	core	50	sin_COG	0	51
recA	core	50	L	51	51
argC	core	50	sin_COG	0	50
group_659	core	50	sin_COG	0	51
feuB	core	50	sin_COG	0	51
group_656	core	50	sin_COG	0	51
group_655	core	50	sin_COG	0	51
group_652	core	50	sin_COG	0	51
mtnA	core	50	sin_COG	0	51
group_648	core	50	sin_COG	0	51
thrC	core	50	sin_COG	0	51
group_643	core	50	sin_COG	0	51
coxB	core	50	sin_COG	0	51
cax	core	50	sin_COG	0	51
ysdC	core	50	sin_COG	0	51
group_633	core	50	sin_COG	0	51
group_632	core	50	sin_COG	0	51
group_630	core	50	sin_COG	0	51
ddl	core	50	sin_COG	0	51
group_627	core	50	sin_COG	0	51
group_622	core	50	sin_COG	0	51
ribD	core	50	sin_COG	0	51
group_618	core	50	sin_COG	0	51
group_617	core	50	sin_COG	0	51
aroB	core	50	sin_COG	0	51
bcd	core	50	E	51	51
group_612	core	50	sin_COG	0	51
group_611	core	50	sin_COG	0	51
group_610	core	50	sin_COG	0	51
hisC	core	50	sin_COG	0	51
yqeH	core	50	sin_COG	0	51
group_605	core	50	sin_COG	0	51
group_604	core	50	sin_COG	0	51
mutY	core	50	sin_COG	0	51
group_598	core	50	sin_COG	0	51
group_595	core	50	sin_COG	0	51
sugC	core	50	sin_COG	0	51
nadA	core	50	sin_COG	0	51
yteR	core	50	sin_COG	0	51
nusA	core	50	K	51	51
pdhA	core	50	C	50	50
group_585	core	50	sin_COG	0	51
citZ	core	50	sin_COG	0	51
mnmA	core	50	sin_COG	0	51
group_584	core	50	sin_COG	0	51
isdG	core	50	sin_COG	0	51
group_581	core	50	sin_COG	0	51
rpoD	core	50	K	51	51
buk	core	50	sin_COG	0	51
yfkAB	core	50	sin_COG	0	51
fliY	core	50	sin_COG	0	51
group_576	core	50	sin_COG	0	51
group_575	core	50	sin_COG	0	51
group_574	core	50	sin_COG	0	51
ald	core	50	sin_COG	0	51
group_571	core	50	sin_COG	0	51
ytvI	core	50	sin_COG	0	51
hemW	core	50	sin_COG	0	51
group_566	core	50	sin_COG	0	51
mmgD	core	50	sin_COG	0	51
abrB	core	50	sin_COG	0	51
tgt	core	50	J	51	51
bshA	core	50	sin_COG	0	51
ftsZ	core	50	sin_COG	0	51
group_559	core	50	sin_COG	0	51
group_557	core	50	sin_COG	0	51
ugtP	core	50	sin_COG	0	51
dxr	core	50	sin_COG	0	51
group_554	core	50	sin_COG	0	51
oxdD	core	50	sin_COG	0	51
group_545	core	50	sin_COG	0	51
group_540	core	50	sin_COG	0	51
group_536	core	50	sin_COG	0	51
yhbH	core	50	sin_COG	0	51
oxdC	core	50	sin_COG	0	51
capA	core	50	sin_COG	0	51
group_524	core	50	sin_COG	0	51
degS	core	50	sin_COG	0	51
hisZ	core	50	sin_COG	0	51
sbcD	core	50	sin_COG	0	51
group_517	core	50	sin_COG	0	51
ccsB	core	50	sin_COG	0	51
group_509	core	50	sin_COG	0	51
group_508	core	50	sin_COG	0	51
group_507	core	50	sin_COG	0	51
group_505	core	50	sin_COG	0	51
minJ	core	50	sin_COG	0	51
camS	core	50	sin_COG	0	51
group_499	core	50	sin_COG	0	51
nagA	core	50	sin_COG	0	51
yqfD	core	50	sin_COG	0	50
group_491	core	50	sin_COG	0	51
yknZ	core	50	sin_COG	0	51
mtnK	core	50	sin_COG	0	51
group_487	core	50	sin_COG	0	51
group_481	core	50	sin_COG	0	51
metK	core	50	H	51	51
group_480	core	50	sin_COG	0	51
group_479	core	50	sin_COG	0	51
group_474	core	50	sin_COG	0	51
gbsB	core	50	C	51	51
group_473	core	50	sin_COG	0	51
group_471	core	50	sin_COG	0	51
argG	core	50	sin_COG	0	51
dapG	core	50	sin_COG	0	51
group_468	core	50	sin_COG	0	51
ykuI	core	50	sin_COG	0	51
group_463	core	50	sin_COG	0	51
cdgJ	core	50	sin_COG	0	51
group_458	core	50	sin_COG	0	51
group_457	core	50	sin_COG	0	51
pepT	core	50	sin_COG	0	51
ytsJ	core	50	sin_COG	0	51
group_451	core	50	sin_COG	0	51
group_450	core	50	sin_COG	0	51
group_438	core	50	sin_COG	0	51
glyA	core	50	sin_COG	0	51
group_437	core	50	sin_COG	0	51
group_435	core	50	sin_COG	0	51
cinA	core	50	sin_COG	0	51
gltP	core	50	sin_COG	0	51
group_425	core	50	sin_COG	0	51
odhB	core	50	sin_COG	0	51
nprA	core	50	sin_COG	0	51
group_421	core	50	sin_COG	0	51
rseP	core	50	sin_COG	0	51
group_415	core	50	sin_COG	0	51
ydcP	core	50	sin_COG	0	51
group_414	core	50	sin_COG	0	51
icd	core	50	C	51	51
group_412	core	50	sin_COG	0	51
tig	core	50	sin_COG	0	50
hisS	core	50	sin_COG	0	51
group_406	core	50	sin_COG	0	51
yfmF	core	50	sin_COG	0	51
tyrS	core	50	sin_COG	0	51
obgE	core	50	sin_COG	0	51
aroA	core	50	sin_COG	0	51
pyrC	core	50	sin_COG	0	51
group_398	core	50	sin_COG	0	51
group_392	core	50	sin_COG	0	51
hemL	core	50	sin_COG	0	51
group_391	core	50	sin_COG	0	51
group_390	core	50	sin_COG	0	51
asnS	core	50	J	51	51
group_387	core	50	sin_COG	0	51
purB	core	50	sin_COG	0	51
pbuO	core	50	sin_COG	0	51
murC	core	50	sin_COG	0	51
group_383	core	50	sin_COG	0	50
group_377	core	50	sin_COG	0	51
group_376	core	50	sin_COG	0	51
group_375	core	50	sin_COG	0	51
group_370	core	50	sin_COG	0	51
der	core	50	J	51	51
group_368	core	50	sin_COG	0	51
essB	core	50	sin_COG	0	51
group_365	core	50	sin_COG	0	51
fliI	core	50	sin_COG	0	51
group_363	core	50	sin_COG	0	51
group_357	core	50	sin_COG	0	51
cshB	core	50	sin_COG	0	51
group_356	core	50	sin_COG	0	51
group_354	core	50	sin_COG	0	51
ftsA	core	50	sin_COG	0	51
gabT	core	50	sin_COG	0	51
group_350	core	50	sin_COG	0	51
group_345	core	50	sin_COG	0	51
group_344	core	50	sin_COG	0	51
group_340	core	50	sin_COG	0	51
xylA	core	50	sin_COG	0	51
licH	core	50	sin_COG	0	51
group_332	core	50	sin_COG	0	51
group_329	core	50	sin_COG	0	51
mtaB	core	50	sin_COG	0	51
group_323	core	50	sin_COG	0	51
group_320	core	50	sin_COG	0	51
group_319	core	50	sin_COG	0	51
norM	core	50	sin_COG	0	51
gdhA	core	50	sin_COG	0	51
argH	core	50	sin_COG	0	51
group_316	core	50	sin_COG	0	51
yeeO	core	50	sin_COG	0	51
group_312	core	50	sin_COG	0	51
group_310	core	50	sin_COG	0	51
hemA	core	50	sin_COG	0	51
group_309	core	50	sin_COG	0	51
group_307	core	50	sin_COG	0	51
group_305	core	50	sin_COG	0	51
cwlO	core	50	sin_COG	0	51
group_302	core	50	sin_COG	0	51
group_301	core	50	sin_COG	0	51
pepV	core	50	sin_COG	0	51
ablA	core	50	sin_COG	0	51
gndA	core	50	G	50	50
glcD	core	50	sin_COG	0	51
group_291	core	50	sin_COG	0	51
group_288	core	50	sin_COG	0	51
leuC	core	50	sin_COG	0	51
group_287	core	50	sin_COG	0	51
group_283	core	50	sin_COG	0	51
group_281	core	50	sin_COG	0	51
rocC	core	50	sin_COG	0	51
bglC	core	50	sin_COG	0	51
lpdA	core	50	sin_COG	0	51
lutB	core	50	sin_COG	0	51
group_279	core	50	sin_COG	0	51
group_276	core	50	sin_COG	0	51
purF	core	50	F	51	51
group_274	core	50	sin_COG	0	51
emrY	core	50	sin_COG	0	51
group_271	core	50	sin_COG	0	51
group_270	core	50	sin_COG	0	51
group_263	core	50	sin_COG	0	51
gatA	core	50	J	51	51
group_256	core	50	sin_COG	0	51
group_250	core	50	sin_COG	0	51
group_249	core	50	sin_COG	0	51
group_248	core	50	sin_COG	0	51
group_246	core	50	sin_COG	0	51
group_245	core	50	sin_COG	0	51
spoIVA	core	50	D	51	51
group_241	core	50	sin_COG	0	51
group_239	core	50	sin_COG	0	51
group_238	core	50	sin_COG	0	51
pepA	core	50	sin_COG	0	51
group_232	core	50	sin_COG	0	51
group_230	core	50	sin_COG	0	51
glpK	core	50	sin_COG	0	51
cshA	core	50	sin_COG	0	51
lipO	core	50	sin_COG	0	51
cls	core	50	sin_COG	0	51
atpA	core	50	C	51	51
group_222	core	50	sin_COG	0	50
group_218	core	50	sin_COG	0	51
flgK	core	50	sin_COG	0	51
miaB	core	50	J	51	51
gpmI	core	50	sin_COG	0	51
group_211	core	50	sin_COG	0	51
yhcX	core	50	R	51	51
purH	core	50	sin_COG	0	51
floT	core	50	sin_COG	0	51
leuA	core	50	sin_COG	0	51
rny	core	50	J	51	51
spoVB	core	50	sin_COG	0	51
pckA	core	50	sin_COG	0	51
group_198	core	50	sin_COG	0	51
pyrG	core	50	sin_COG	0	51
group_194	core	50	sin_COG	0	51
group_191	core	50	sin_COG	0	51
group_190	core	50	sin_COG	0	51
group_182	core	50	sin_COG	0	51
lonB	core	50	sin_COG	0	51
group_181	core	50	sin_COG	0	51
rnjA	core	50	J	51	51
argS	core	50	sin_COG	0	51
ilvD	core	50	E	51	51
fhs	core	50	sin_COG	0	51
group_171	core	50	sin_COG	0	51
proS	core	50	sin_COG	0	51
yoaH	core	50	sin_COG	0	51
group_170	core	50	sin_COG	0	51
alsS	core	50	sin_COG	0	51
treC	core	50	sin_COG	0	51
polX	core	50	sin_COG	0	51
group_166	core	50	sin_COG	0	51
group_165	core	50	sin_COG	0	51
group_164	core	50	sin_COG	0	50
ilvB	core	50	sin_COG	0	51
group_160	core	50	sin_COG	0	51
ade	core	50	sin_COG	0	51
cydD	core	50	sin_COG	0	50
group_159	core	50	sin_COG	0	51
group_158	core	50	sin_COG	0	51
ggt	core	50	sin_COG	0	51
yheI	core	50	sin_COG	0	51
thiC	core	50	sin_COG	0	51
group_149	core	50	sin_COG	0	51
aspS	core	50	sin_COG	0	51
group_138	core	50	sin_COG	0	51
group_132	core	50	sin_COG	0	51
group_129	core	50	sin_COG	0	51
lepA	core	50	J	51	51
dnaK	core	50	O	51	51
group_123	core	50	sin_COG	0	51
eglA	core	50	sin_COG	0	51
group_121	core	50	sin_COG	0	51
ctaD	core	50	sin_COG	0	51
group_110	core	50	sin_COG	0	51
asnB	core	50	sin_COG	0	51
group_108	core	50	sin_COG	0	51
abcf	core	50	sin_COG	0	51
thrS	core	50	sin_COG	0	51
qoxB	core	50	sin_COG	0	51
group_99	core	50	sin_COG	0	51
group_96	core	50	sin_COG	0	51
group_95	core	50	sin_COG	0	51
mcpB	core	50	sin_COG	0	51
metG	core	50	sin_COG	0	51
yheH	core	50	sin_COG	0	51
cheA	core	50	sin_COG	0	51
flhA	core	50	sin_COG	0	51
dmsA	core	50	sin_COG	0	51
group_85	core	50	sin_COG	0	51
group_83	core	50	sin_COG	0	51
group_82	core	50	sin_COG	0	51
group_81	core	50	sin_COG	0	50
group_80	core	50	sin_COG	0	51
infB	core	50	sin_COG	0	51
pnp	core	50	sin_COG	0	51
group_78	core	50	sin_COG	0	51
group_69	core	50	sin_COG	0	51
relA	core	50	K	51	51
pcrA	core	50	sin_COG	0	51
secDF	core	50	sin_COG	0	51
purL	core	50	sin_COG	0	51
crhR	core	50	sin_COG	0	51
prtV	core	50	sin_COG	0	51
recD2	core	50	sin_COG	0	51
leuS	core	50	sin_COG	0	51
pheT	core	50	sin_COG	0	51
group_56	core	50	sin_COG	0	51
group_51	core	50	sin_COG	0	51
secA	core	50	U	26	51
mprF	core	50	sin_COG	0	51
alaS	core	50	sin_COG	0	51
ileS	core	50	sin_COG	0	51
uvrA	core	50	sin_COG	0	51
carB	core	50	sin_COG	0	51
dnaE	core	50	sin_COG	0	51
metH	core	50	sin_COG	0	51
pyc	core	50	sin_COG	0	51
addA	core	50	sin_COG	0	51
essC	core	50	sin_COG	0	51
group_4826	core	50	sin_COG	0	50
group_4823	core	50	sin_COG	0	50
group_4778	core	50	sin_COG	0	50
group_4750	core	49	sin_COG	0	50
iolA	core	50	sin_COG	0	50
group_4727	core	49	sin_COG	0	51
group_4613	core	49	sin_COG	0	50
group_4608	core	49	sin_COG	0	50
group_4557	core	50	sin_COG	0	50
group_4548	core	50	sin_COG	0	50
group_4536	core	49	sin_COG	0	50
ompR	core	49	sin_COG	0	50
group_4530	core	49	sin_COG	0	50
besA	core	50	sin_COG	0	50
group_4525	core	49	sin_COG	0	50
group_4517	core	50	sin_COG	0	55
group_4500	core	50	sin_COG	0	50
folP	core	50	sin_COG	0	50
group_4492	core	49	sin_COG	0	50
group_4491	core	50	sin_COG	0	50
folB	core	50	sin_COG	0	50
degV	core	50	sin_COG	0	50
group_4479	core	50	sin_COG	0	50
group_4474	core	49	sin_COG	0	50
group_4465	core	50	sin_COG	0	60
group_4456	core	50	sin_COG	0	50
yoyB	core	50	sin_COG	0	50
group_4437	core	50	sin_COG	0	50
group_4433	core	50	sin_COG	0	50
comGF	core	50	sin_COG	0	50
comGD	core	50	sin_COG	0	50
group_4416	core	49	sin_COG	0	50
group_4411	core	50	sin_COG	0	50
group_4403	core	50	sin_COG	0	50
mazG	core	49	sin_COG	0	51
group_4401	core	49	sin_COG	0	50
group_4400	core	50	sin_COG	0	50
group_4391	core	50	sin_COG	0	50
group_4385	core	50	sin_COG	0	50
group_4383	core	49	sin_COG	0	50
group_4379	core	50	sin_COG	0	50
group_4370	core	50	sin_COG	0	50
group_4367	core	50	sin_COG	0	51
group_4366	core	49	sin_COG	0	50
group_4365	core	50	sin_COG	0	53
phzF	core	50	sin_COG	0	52
yndE	core	49	sin_COG	0	50
group_4337	core	49	sin_COG	0	49
group_4334	core	50	sin_COG	0	50
opuAB	core	50	sin_COG	0	50
group_4329	core	50	sin_COG	0	50
drrA	core	50	sin_COG	0	50
group_4322	core	49	sin_COG	0	50
group_4318	core	50	sin_COG	0	50
group_4311	core	49	sin_COG	0	50
group_4310	core	49	sin_COG	0	50
pbuG	core	49	sin_COG	0	50
group_4304	core	50	sin_COG	0	50
group_4302	core	50	sin_COG	0	50
spoIIIJ	core	50	sin_COG	0	50
group_4277	core	50	sin_COG	0	50
group_4272	core	50	sin_COG	0	49
group_4268	core	50	sin_COG	0	50
group_4263	core	50	sin_COG	0	50
group_4234	core	50	sin_COG	0	54
group_4232	core	49	sin_COG	0	50
group_4231	core	50	sin_COG	0	50
group_4226	core	49	sin_COG	0	50
group_4219	core	50	sin_COG	0	50
group_4215	core	50	sin_COG	0	50
group_4211	core	49	sin_COG	0	50
group_4208	core	50	sin_COG	0	50
group_4203	core	49	sin_COG	0	50
group_4196	core	49	sin_COG	0	50
group_4195	core	49	sin_COG	0	50
group_4194	core	50	sin_COG	0	50
yoaK	core	50	sin_COG	0	50
yrzI	core	49	sin_COG	0	50
group_4189	core	50	sin_COG	0	50
group_4187	core	49	sin_COG	0	50
group_4182	core	49	sin_COG	0	50
group_4176	core	50	sin_COG	0	50
group_4175	core	50	sin_COG	0	50
group_4174	core	50	sin_COG	0	51
group_4172	core	49	sin_COG	0	50
ftsL	core	49	sin_COG	0	50
group_4167	core	50	sin_COG	0	50
ymaF	core	50	sin_COG	0	50
group_4161	core	50	sin_COG	0	50
group_4157	core	50	sin_COG	0	51
folK	core	50	sin_COG	0	50
group_4156	core	50	sin_COG	0	50
group_4153	core	49	sin_COG	0	50
group_4150	core	50	sin_COG	0	50
bofA	core	50	sin_COG	0	50
tipA	core	50	sin_COG	0	50
group_4145	core	50	sin_COG	0	50
group_4139	core	50	sin_COG	0	50
group_4131	core	49	sin_COG	0	50
group_4122	core	50	sin_COG	0	50
group_4114	core	50	sin_COG	0	50
group_4077	core	49	sin_COG	0	50
group_4076	core	49	sin_COG	0	51
group_4071	core	50	sin_COG	0	51
group_4070	core	50	sin_COG	0	50
yciC	core	50	sin_COG	0	50
group_4063	core	50	sin_COG	0	50
group_4058	core	50	sin_COG	0	48
group_4053	core	50	sin_COG	0	50
group_4050	core	50	sin_COG	0	50
fluC	core	50	sin_COG	0	50
group_4039	core	50	sin_COG	0	50
kdpD	core	50	sin_COG	0	50
group_4037	core	49	sin_COG	0	50
group_4030	core	49	sin_COG	0	50
opuD	core	50	sin_COG	0	50
group_4025	core	50	sin_COG	0	50
group_4023	core	50	sin_COG	0	50
group_4019	core	49	sin_COG	0	51
refZ	core	50	sin_COG	0	51
group_4014	core	49	sin_COG	0	50
group_4003	core	50	sin_COG	0	50
group_3992	core	50	sin_COG	0	50
group_3987	core	49	sin_COG	0	51
yjcN	core	50	sin_COG	0	50
group_3973	core	50	sin_COG	0	50
group_3971	core	49	sin_COG	0	50
group_3970	core	50	sin_COG	0	50
group_3968	core	50	sin_COG	0	50
group_3966	core	49	sin_COG	0	50
group_3962	core	50	sin_COG	0	50
group_3960	core	50	sin_COG	0	50
group_3943	core	50	sin_COG	0	50
group_3931	core	50	sin_COG	0	50
group_3929	core	49	sin_COG	0	50
yabP	core	49	sin_COG	0	50
group_3925	core	49	sin_COG	0	51
group_3920	core	50	sin_COG	0	50
group_3919	core	50	sin_COG	0	50
group_3909	core	49	sin_COG	0	51
group_3906	core	50	sin_COG	0	51
group_3903	core	49	sin_COG	0	50
group_3902	core	49	sin_COG	0	50
ylaI	core	50	sin_COG	0	50
group_3901	core	50	sin_COG	0	50
group_3893	core	49	sin_COG	0	50
group_3876	core	50	sin_COG	0	51
group_3872	core	50	sin_COG	0	50
group_3864	core	49	sin_COG	0	50
group_3861	core	50	sin_COG	0	50
group_3853	core	49	sin_COG	0	50
group_3852	core	49	sin_COG	0	50
comGE	core	50	sin_COG	0	49
comGC	core	50	sin_COG	0	50
group_3846	core	50	sin_COG	0	50
group_3840	core	50	sin_COG	0	50
group_3837	core	50	sin_COG	0	50
yqgO	core	50	sin_COG	0	50
group_3830	core	50	sin_COG	0	50
group_3828	core	50	sin_COG	0	50
group_3826	core	49	sin_COG	0	50
ricR	core	50	sin_COG	0	50
yjcF	core	50	sin_COG	0	50
ydzA	core	50	sin_COG	0	50
group_3802	core	49	sin_COG	0	50
group_3794	core	49	sin_COG	0	50
group_3789	core	50	sin_COG	0	50
group_3788	core	50	sin_COG	0	50
rocF	core	50	sin_COG	0	50
group_3781	core	50	sin_COG	0	50
group_3776	core	49	sin_COG	0	50
group_3772	core	50	sin_COG	0	50
group_3768	core	50	sin_COG	0	50
group_3766	core	50	sin_COG	0	50
mhqR	core	49	sin_COG	0	50
group_3753	core	50	sin_COG	0	51
group_3750	core	50	sin_COG	0	50
group_3743	core	50	sin_COG	0	50
katX	core	50	sin_COG	0	51
sigV	core	50	sin_COG	0	50
group_3736	core	49	sin_COG	0	50
group_3733	core	49	sin_COG	0	50
group_3732	core	49	sin_COG	0	50
group_3727	core	50	sin_COG	0	50
group_3724	core	49	sin_COG	0	50
group_3721	core	50	sin_COG	0	50
group_3720	core	50	sin_COG	0	51
group_3719	core	49	sin_COG	0	50
group_3718	core	50	sin_COG	0	50
natR	core	49	sin_COG	0	50
bceB	core	50	sin_COG	0	51
group_3710	core	50	sin_COG	0	50
group_3709	core	50	sin_COG	0	49
group_3708	core	49	sin_COG	0	50
group_3701	core	50	sin_COG	0	50
group_3689	core	50	sin_COG	0	50
truA	core	50	sin_COG	0	50
group_3683	core	50	sin_COG	0	50
group_3680	core	50	sin_COG	0	49
group_3678	core	50	sin_COG	0	49
group_3674	core	49	sin_COG	0	50
group_3670	core	49	sin_COG	0	50
group_3668	core	50	sin_COG	0	50
group_3667	core	50	sin_COG	0	50
group_3659	core	50	sin_COG	0	50
group_3652	core	50	sin_COG	0	50
group_3650	core	50	sin_COG	0	50
group_3649	core	50	sin_COG	0	51
group_3646	core	50	sin_COG	0	51
group_3641	core	50	sin_COG	0	50
group_3635	core	49	sin_COG	0	49
group_3630	core	49	sin_COG	0	51
group_3626	core	49	sin_COG	0	50
rlmD	core	49	sin_COG	0	50
group_3622	core	49	sin_COG	0	50
group_3620	core	49	sin_COG	0	50
group_3619	core	50	sin_COG	0	50
group_3618	core	50	sin_COG	0	49
group_3617	core	50	sin_COG	0	50
group_3616	core	50	sin_COG	0	50
ymcC	core	50	sin_COG	0	50
group_3603	core	49	sin_COG	0	26
group_3599	core	50	sin_COG	0	50
group_3597	core	50	sin_COG	0	50
group_3596	core	50	sin_COG	0	50
bglA	core	50	sin_COG	0	51
alsT	core	49	sin_COG	0	50
group_3583	core	49	sin_COG	0	50
group_3578	core	50	sin_COG	0	50
cysL	core	50	sin_COG	0	50
group_3568	core	50	sin_COG	0	50
group_3556	core	50	sin_COG	0	50
group_3555	core	49	sin_COG	0	51
group_3551	core	50	sin_COG	0	50
racE	core	50	sin_COG	0	50
comGB	core	50	sin_COG	0	50
yhdG	core	50	sin_COG	0	50
group_3548	core	50	sin_COG	0	50
group_3547	core	50	sin_COG	0	50
rsmB	core	50	sin_COG	0	50
group_3544	core	50	sin_COG	0	50
opuAA	core	50	sin_COG	0	50
group_3530	core	50	sin_COG	0	50
group_3528	core	50	sin_COG	0	50
group_3523	core	50	sin_COG	0	50
ytrA	core	50	sin_COG	0	60
group_3521	core	50	sin_COG	0	50
group_3496	core	50	sin_COG	0	50
yugI	core	50	sin_COG	0	50
group_3487	core	50	sin_COG	0	50
group_3485	core	49	sin_COG	0	50
group_3484	core	50	sin_COG	0	50
group_3478	core	50	sin_COG	0	50
group_3474	core	50	sin_COG	0	50
group_3473	core	50	sin_COG	0	50
group_3467	core	50	sin_COG	0	50
group_3466	core	50	sin_COG	0	50
pdxT	core	50	sin_COG	0	50
group_3461	core	50	sin_COG	0	50
spoVID	core	49	sin_COG	0	50
group_3457	core	50	sin_COG	0	50
group_3455	core	50	sin_COG	0	51
group_3454	core	50	sin_COG	0	50
group_3449	core	50	sin_COG	0	50
group_3448	core	50	sin_COG	0	50
group_3445	core	50	sin_COG	0	50
uxuA	core	49	sin_COG	0	53
group_3439	core	49	sin_COG	0	50
group_3438	core	50	sin_COG	0	50
group_3437	core	49	sin_COG	0	49
group_3436	core	49	sin_COG	0	50
rnpA	core	50	sin_COG	0	50
group_3430	core	50	sin_COG	0	50
nifS	core	50	sin_COG	0	50
group_3429	core	50	sin_COG	0	50
group_3428	core	50	sin_COG	0	50
group_3424	core	50	sin_COG	0	52
jag	core	50	sin_COG	0	50
group_3413	core	50	sin_COG	0	50
group_3411	core	50	sin_COG	0	50
sufU	core	49	sin_COG	0	50
group_3406	core	50	sin_COG	0	50
group_3393	core	49	sin_COG	0	49
group_3385	core	49	sin_COG	0	50
group_3382	core	49	sin_COG	0	50
group_3380	core	49	sin_COG	0	50
group_3379	core	50	sin_COG	0	51
group_3366	core	50	sin_COG	0	50
group_3365	core	50	sin_COG	0	50
group_3363	core	50	sin_COG	0	50
group_3362	core	50	sin_COG	0	50
group_3357	core	50	sin_COG	0	50
group_3356	core	49	sin_COG	0	50
group_3354	core	49	sin_COG	0	50
group_3353	core	49	sin_COG	0	50
group_3352	core	50	sin_COG	0	51
group_3348	core	50	sin_COG	0	50
group_3347	core	50	sin_COG	0	50
group_3335	core	50	sin_COG	0	50
yaaK	core	50	K	49	50
group_3334	core	50	sin_COG	0	50
group_3333	core	49	sin_COG	0	50
group_3323	core	49	sin_COG	0	50
group_3318	core	49	sin_COG	0	50
group_3317	core	50	sin_COG	0	50
group_3314	core	50	sin_COG	0	50
group_3311	core	50	sin_COG	0	50
remB	core	50	sin_COG	0	50
group_3308	core	50	sin_COG	0	50
group_3307	core	49	sin_COG	0	50
rsgA	core	50	sin_COG	0	50
sdcS	core	50	sin_COG	0	50
group_3299	core	49	sin_COG	0	50
group_3297	core	50	sin_COG	0	50
group_3296	core	49	sin_COG	0	50
group_3295	core	50	sin_COG	0	50
group_3294	core	50	sin_COG	0	50
group_3292	core	49	sin_COG	0	50
rihB	core	49	sin_COG	0	51
group_3274	core	49	sin_COG	0	50
group_3251	core	50	sin_COG	0	52
group_3236	core	50	sin_COG	0	52
group_3234	core	50	sin_COG	0	53
group_3226	core	50	sin_COG	0	51
group_3224	core	50	sin_COG	0	52
group_3218	core	49	sin_COG	0	50
spoIIIAG	core	49	sin_COG	0	51
group_3205	core	50	sin_COG	0	50
tapA	core	50	sin_COG	0	50
group_3202	core	50	sin_COG	0	50
group_3191	core	50	sin_COG	0	51
group_3181	core	49	sin_COG	0	52
murD	core	49	sin_COG	0	51
rodA	core	49	sin_COG	0	51
group_3173	core	50	sin_COG	0	50
pgi	core	50	sin_COG	0	50
group_3169	core	50	sin_COG	0	52
group_3160	core	50	sin_COG	0	51
czcR~~~lysR	core	50	sin_COG	0	50
group_3156	core	50	sin_COG	0	51
pabA	core	49	sin_COG	0	50
group_3147	core	50	sin_COG	0	49
mhqD	core	50	sin_COG	0	50
group_3142	core	49	sin_COG	0	51
group_3141	core	49	sin_COG	0	50
bshC	core	49	sin_COG	0	50
group_3139	core	50	sin_COG	0	50
group_3135	core	50	sin_COG	0	50
group_3133	core	50	sin_COG	0	51
group_3131	core	49	sin_COG	0	49
group_3129	core	50	sin_COG	0	51
nrdE	core	50	sin_COG	0	50
group_3126	core	49	sin_COG	0	50
group_3125	core	50	sin_COG	0	51
group_3117	core	49	sin_COG	0	52
group_3112	core	49	sin_COG	0	50
group_3110	core	50	sin_COG	0	50
yqhG	core	50	sin_COG	0	51
group_3105	core	50	sin_COG	0	50
aaaT	core	49	sin_COG	0	51
group_3095	core	50	sin_COG	0	51
dnaN	core	50	sin_COG	0	50
group_3093	core	50	sin_COG	0	50
group_3084	core	50	sin_COG	0	51
group_3082	core	50	sin_COG	0	50
group_3072	core	49	sin_COG	0	50
copZ	core	49	sin_COG	0	50
group_3061	core	50	sin_COG	0	50
group_3060	core	49	sin_COG	0	50
rsmH	core	49	sin_COG	0	50
group_3055	core	50	sin_COG	0	50
ydjN	core	50	sin_COG	0	50
yfmJ	core	50	sin_COG	0	51
spoIIE	core	49	sin_COG	0	51
miaA	core	50	sin_COG	0	50
ykvI	core	50	sin_COG	0	51
group_3042	core	50	sin_COG	0	51
tlp	core	49	sin_COG	0	50
ytzI	core	50	sin_COG	0	50
gerE	core	50	D	43	43
tcyC	core	49	sin_COG	0	51
group_3034	core	50	sin_COG	0	51
group_3030	core	50	sin_COG	0	50
htrA	core	50	sin_COG	0	52
fusA	core	50	J	49	51
group_3025	core	50	sin_COG	0	50
yozN	core	50	sin_COG	0	50
ctsR	core	50	sin_COG	0	50
group_3017	core	50	sin_COG	0	50
sinR	core	50	sin_COG	0	50
spoIIIAA	core	49	sin_COG	0	50
group_3003	core	49	sin_COG	0	51
rplX	core	50	J	48	50
group_3000	core	50	sin_COG	0	50
recG	core	50	sin_COG	0	51
group_2986	core	50	sin_COG	0	50
group_2984	core	49	sin_COG	0	50
group_2983	core	50	sin_COG	0	50
mhqO	core	50	sin_COG	0	51
group_2975	core	50	sin_COG	0	50
group_2974	core	50	sin_COG	0	50
group_2961	core	49	sin_COG	0	50
group_2959	core	50	sin_COG	0	51
spoIIIAF	core	49	sin_COG	0	51
group_2953	core	50	sin_COG	0	50
group_2948	core	50	sin_COG	0	51
group_2946	core	50	sin_COG	0	50
rimM	core	50	sin_COG	0	50
rsgI	core	50	sin_COG	0	50
sipW	core	50	sin_COG	0	50
group_2922	core	50	sin_COG	0	50
group_2917	core	50	sin_COG	0	50
group_2910	core	49	sin_COG	0	50
group_2904	core	50	sin_COG	0	50
group_2902	core	49	sin_COG	0	50
group_2894	core	50	sin_COG	0	50
group_2890	core	50	sin_COG	0	50
group_2887	core	49	sin_COG	0	50
group_2885	core	50	sin_COG	0	50
group_2883	core	50	sin_COG	0	51
group_2880	core	50	sin_COG	0	50
ymxH	core	50	sin_COG	0	50
group_2877	core	50	sin_COG	0	51
group_2874	core	49	sin_COG	0	50
group_2870	core	49	sin_COG	0	50
yfcC	core	50	sin_COG	0	52
yqhP	core	49	sin_COG	0	50
yqhR	core	49	sin_COG	0	50
group_2863	core	50	sin_COG	0	50
group_2856	core	49	sin_COG	0	50
group_2845	core	49	sin_COG	0	50
group_2842	core	50	sin_COG	0	50
group_2838	core	49	sin_COG	0	50
racA	core	50	sin_COG	0	50
prmC	core	50	sin_COG	0	50
group_2833	core	50	sin_COG	0	49
spoVE	core	49	D	50	50
group_2823	core	50	sin_COG	0	50
pdhB	core	50	C	50	51
yozE	core	50	sin_COG	0	50
group_2818	core	49	sin_COG	0	50
group_2816	core	50	sin_COG	0	51
group_2809	core	49	sin_COG	0	50
kapD	core	50	sin_COG	0	50
group_2796	core	50	sin_COG	0	50
group_2794	core	50	J	48	50
group_2793	core	50	sin_COG	0	50
group_2790	core	50	sin_COG	0	52
group_2781	core	50	sin_COG	0	50
alsE	core	50	sin_COG	0	50
group_2774	core	50	sin_COG	0	50
group_2769	core	50	sin_COG	0	50
group_2768	core	50	sin_COG	0	50
group_2767	core	50	sin_COG	0	50
group_2765	core	50	sin_COG	0	50
spoIID	core	50	sin_COG	0	50
group_2763	core	49	sin_COG	0	50
norG	core	50	sin_COG	0	50
group_2762	core	50	sin_COG	0	50
group_2761	core	50	sin_COG	0	50
coaA	core	49	sin_COG	0	50
psf1	core	49	sin_COG	0	50
rpsP	core	50	J	50	50
group_2754	core	49	sin_COG	0	50
group_2752	core	50	sin_COG	0	50
group_2750	core	50	sin_COG	0	50
spoVG	core	49	D	49	50
group_2743	core	50	sin_COG	0	50
group_2739	core	50	sin_COG	0	50
group_2738	core	49	sin_COG	0	50
glcU	core	49	sin_COG	0	50
group_2733	core	50	sin_COG	0	50
menD	core	50	sin_COG	0	50
group_2731	core	49	sin_COG	0	50
group_2726	core	49	sin_COG	0	50
group_2725	core	49	sin_COG	0	50
cysE	core	50	sin_COG	0	50
group_2718	core	50	sin_COG	0	50
qdoI	core	49	sin_COG	0	50
group_2715	core	50	sin_COG	0	50
group_2710	core	50	sin_COG	0	50
cbrC	core	50	sin_COG	0	50
group_2709	core	50	sin_COG	0	50
group_2705	core	50	sin_COG	0	50
group_2702	core	50	sin_COG	0	50
wrbA	core	50	sin_COG	0	50
group_2695	core	50	sin_COG	0	50
sdaAB	core	50	sin_COG	0	50
hisJ	core	50	sin_COG	0	50
group_2687	core	50	sin_COG	0	50
group_2686	core	50	sin_COG	0	50
tadA	core	50	sin_COG	0	50
group_2685	core	49	sin_COG	0	52
group_2683	core	50	sin_COG	0	50
menH	core	50	sin_COG	0	50
group_2679	core	49	sin_COG	0	4
group_2678	core	50	sin_COG	0	50
group_2665	core	49	sin_COG	0	50
group_2662	core	50	sin_COG	0	50
group_2661	core	49	sin_COG	0	50
group_2657	core	50	sin_COG	0	50
nrdF	core	50	F	49	50
group_2646	core	49	sin_COG	0	50
bceA	core	50	sin_COG	0	50
smpB	core	49	sin_COG	0	50
yuzL	core	49	sin_COG	0	50
group_2642	core	49	sin_COG	0	49
radA	core	50	sin_COG	0	50
yicC	core	50	sin_COG	0	50
group_2638	core	50	sin_COG	0	50
group_2636	core	50	sin_COG	0	50
group_2634	core	49	sin_COG	0	2
spoVM	core	50	sin_COG	0	0
group_2585	core	50	sin_COG	0	0
rpmJ	core	50	J	50	50
group_2550	core	49	sin_COG	0	45
yjcZ	core	50	sin_COG	0	50
rpmG	core	50	sin_COG	0	50
group_2454	core	50	sin_COG	0	50
spxO	core	49	sin_COG	0	50
group_2409	core	50	sin_COG	0	50
group_2394	core	50	sin_COG	0	50
group_2390	core	50	sin_COG	0	50
secE	core	50	sin_COG	0	50
rpmD	core	50	J	1	50
rpsN	core	50	J	50	50
yszA	core	49	sin_COG	0	50
rpmB	core	50	sin_COG	0	50
group_2341	core	50	sin_COG	0	50
group_2340	core	49	sin_COG	0	50
group_2314	core	50	sin_COG	0	50
cspB	core	49	K	50	50
rpmC	core	50	J	50	50
rpoZ	core	50	sin_COG	0	50
group_2279	core	50	sin_COG	0	50
spoIIIAC	core	49	D	50	50
group_2259	core	50	sin_COG	0	50
ymzA	core	50	sin_COG	0	50
group_2249	core	50	sin_COG	0	50
infA	core	50	J	50	50
hfq	core	50	sin_COG	0	50
group_2218	core	49	sin_COG	0	50
yidD	core	50	sin_COG	0	50
acpP	core	50	I	50	50
group_2184	core	49	sin_COG	0	50
group_2182	core	50	sin_COG	0	50
rpsR	core	50	sin_COG	0	50
group_2168	core	50	sin_COG	0	50
yqgY	core	50	sin_COG	0	50
khpA	core	50	sin_COG	0	50
group_2157	core	49	sin_COG	0	50
group_2154	core	50	sin_COG	0	50
veg	core	49	sin_COG	0	50
group_2130	core	50	sin_COG	0	50
group_2129	core	50	sin_COG	0	50
rqcP	core	49	sin_COG	0	50
xseB	core	49	sin_COG	0	50
rpsQ	core	50	sin_COG	0	50
group_2102	core	50	sin_COG	0	50
remA	core	50	sin_COG	0	50
group_2078	core	50	sin_COG	0	50
rpsS	core	50	J	50	50
group_2061	core	49	sin_COG	0	50
rpsF	core	50	sin_COG	0	50
rplW	core	50	sin_COG	0	50
group_2034	core	50	sin_COG	0	50
gpsB	core	49	sin_COG	0	50
spoIIIAD	core	49	sin_COG	0	50
rpsJ	core	50	J	50	50
trxA	core	50	O	50	50
group_1983	core	49	sin_COG	0	50
fliE	core	50	sin_COG	0	50
group_1960	core	49	sin_COG	0	50
group_1958	core	50	sin_COG	0	50
group_1948	core	49	sin_COG	0	50
czrA	core	50	sin_COG	0	50
tnrA	core	50	sin_COG	0	50
group_1937	core	50	sin_COG	0	50
group_1910	core	50	sin_COG	0	50
rplV	core	50	J	50	50
group_1893	core	50	sin_COG	0	49
group_1885	core	50	sin_COG	0	50
rplS	core	50	J	1	50
group_1884	core	49	sin_COG	0	50
group_1883	core	50	sin_COG	0	50
group_1869	core	50	sin_COG	0	50
group_1865	core	50	sin_COG	0	50
group_1859	core	49	sin_COG	0	50
group_1853	core	50	sin_COG	0	50
rplQ	core	50	J	50	50
rplR	core	50	sin_COG	0	50
group_1846	core	49	sin_COG	0	50
rpsM	core	50	J	50	50
rplL	core	50	J	50	50
group_1837	core	50	sin_COG	0	50
rplN	core	50	J	50	50
mnhG	core	50	sin_COG	0	50
ridA	core	49	sin_COG	0	50
group_1812	core	50	sin_COG	0	50
mgsR	core	50	sin_COG	0	50
gcvH	core	49	sin_COG	0	50
group_1790	core	50	sin_COG	0	50
ylqD	core	50	sin_COG	0	50
group_1789	core	50	sin_COG	0	50
flgB	core	50	sin_COG	0	50
rpsI	core	50	sin_COG	0	50
nusB	core	49	sin_COG	0	50
rpsK	core	50	J	50	50
nrdI	core	50	sin_COG	0	50
rpsH	core	50	J	50	50
group_1753	core	49	sin_COG	0	50
group_1748	core	50	sin_COG	0	50
merR	core	50	sin_COG	0	50
rpsL	core	50	J	50	50
group_1731	core	49	sin_COG	0	50
group_1728	core	49	sin_COG	0	50
rplK	core	50	J	50	50
rplP	core	50	J	50	50
ywhA	core	49	sin_COG	0	50
rplM	core	50	J	50	50
group_1698	core	50	sin_COG	0	50
rplO	core	50	J	50	50
group_1692	core	50	sin_COG	0	50
aroQ	core	49	sin_COG	0	50
rplI	core	50	sin_COG	0	50
group_1676	core	50	sin_COG	0	50
flgC	core	50	sin_COG	0	50
zitR	core	50	sin_COG	0	50
group_1651	core	49	sin_COG	0	49
ykoM	core	50	sin_COG	0	50
bcp	core	49	sin_COG	0	50
rpsG	core	50	J	50	50
luxS	core	50	sin_COG	0	50
ispF	core	50	sin_COG	0	50
group_1615	core	50	sin_COG	0	50
group_1612	core	49	sin_COG	0	50
accB	core	49	sin_COG	0	50
group_1607	core	50	sin_COG	0	50
group_1606	core	50	sin_COG	0	50
group_1605	core	50	sin_COG	0	50
hmoB	core	50	sin_COG	0	50
group_1598	core	50	sin_COG	0	50
sigM	core	50	K	50	50
khtT	core	50	sin_COG	0	50
yugG	core	50	sin_COG	0	50
mltG	core	50	sin_COG	0	50
rpsE	core	50	J	50	50
rplJ	core	50	sin_COG	0	50
resA	core	49	sin_COG	0	50
rae1	core	50	sin_COG	0	50
spoIIIAB	core	49	sin_COG	0	50
group_1541	core	50	sin_COG	0	50
group_1535	core	49	sin_COG	0	50
group_1534	core	50	sin_COG	0	50
perR	core	49	sin_COG	0	50
group_1518	core	50	sin_COG	0	50
nusG	core	50	K	50	50
spoVT	core	49	sin_COG	0	50
rplF	core	50	sin_COG	0	50
hpt	core	49	sin_COG	0	50
rplE	core	50	sin_COG	0	50
group_1493	core	50	sin_COG	0	50
group_1490	core	49	sin_COG	0	50
hslV	core	50	sin_COG	0	50
sigW	core	50	K	50	50
fapR	core	50	sin_COG	0	50
group_1428	core	50	sin_COG	0	50
group_1427	core	50	sin_COG	0	50
gerD	core	50	sin_COG	0	50
group_1421	core	50	sin_COG	0	50
group_1405	core	50	sin_COG	0	50
cysC	core	50	sin_COG	0	50
recR	core	50	sin_COG	0	50
clpP	core	49	O	50	50
group_1392	core	50	sin_COG	0	50
rpsD	core	50	J	50	50
yrhH	core	49	sin_COG	0	50
group_1386	core	50	sin_COG	0	50
group_1385	core	50	sin_COG	0	50
group_1384	core	50	sin_COG	0	50
group_1376	core	50	sin_COG	0	50
group_1375	core	50	sin_COG	0	50
gmk	core	50	sin_COG	0	50
group_1363	core	50	sin_COG	0	50
group_1355	core	50	sin_COG	0	50
group_1339	core	50	sin_COG	0	50
mhqN	core	49	sin_COG	0	50
rplD	core	50	J	50	50
yyaC	core	50	sin_COG	0	50
rsiW	core	50	sin_COG	0	50
group_1321	core	50	sin_COG	0	50
rplC	core	50	J	50	50
group_1310	core	49	sin_COG	0	50
group_1309	core	49	sin_COG	0	50
group_1300	core	50	sin_COG	0	50
group_1294	core	50	sin_COG	0	50
group_1292	core	50	sin_COG	0	50
group_1284	core	50	sin_COG	0	50
yitT	core	49	sin_COG	0	50
glnP	core	49	sin_COG	0	50
rpe	core	50	sin_COG	0	50
adk	core	50	sin_COG	0	50
group_1263	core	50	sin_COG	0	50
rpsC	core	50	J	50	50
sigH	core	50	K	50	50
group_1258	core	50	sin_COG	0	50
group_1254	core	50	sin_COG	0	50
group_1240	core	50	sin_COG	0	50
yxeN	core	49	sin_COG	0	50
group_1217	core	50	sin_COG	0	50
graR	core	50	sin_COG	0	50
ispD	core	50	sin_COG	0	50
group_1206	core	49	sin_COG	0	50
group_1202	core	50	sin_COG	0	50
group_1201	core	49	sin_COG	0	50
rplA	core	50	sin_COG	0	50
cysH	core	50	sin_COG	0	50
yycF	core	50	K	50	50
cwlD	core	50	sin_COG	0	50
group_1179	core	50	sin_COG	0	50
rsmG	core	50	sin_COG	0	50
group_1169	core	49	sin_COG	0	50
group_1168	core	50	sin_COG	0	50
group_1165	core	50	sin_COG	0	50
rph	core	50	sin_COG	0	50
group_1143	core	49	sin_COG	0	50
trmD	core	50	sin_COG	0	50
group_1134	core	50	sin_COG	0	50
group_1132	core	50	sin_COG	0	50
natA	core	49	sin_COG	0	50
group_1127	core	50	sin_COG	0	50
rnc	core	50	sin_COG	0	50
group_1126	core	50	sin_COG	0	50
group_1121	core	49	sin_COG	0	50
sigI	core	50	sin_COG	0	50
group_1120	core	49	sin_COG	0	50
group_1119	core	50	J	50	50
rlmB	core	50	sin_COG	0	50
group_1104	core	50	sin_COG	0	50
group_1094	core	50	sin_COG	0	50
group_1090	core	50	sin_COG	0	50
sdhB	core	50	sin_COG	0	50
pdaB	core	50	sin_COG	0	50
group_1079	core	50	sin_COG	0	50
group_1078	core	50	sin_COG	0	50
group_1072	core	50	sin_COG	0	50
group_1068	core	49	sin_COG	0	50
group_1062	core	50	sin_COG	0	50
codY	core	50	K	50	50
group_1058	core	50	sin_COG	0	50
pstB	core	50	sin_COG	0	50
sufC	core	49	sin_COG	0	50
group_1051	core	49	sin_COG	0	50
group_1050	core	50	sin_COG	0	50
group_1044	core	49	sin_COG	0	50
fdhD	core	50	sin_COG	0	50
group_1038	core	50	sin_COG	0	50
terC	core	50	sin_COG	0	50
yycJ	core	50	sin_COG	0	50
group_1031	core	49	sin_COG	0	50
group_1030	core	49	sin_COG	0	50
group_1026	core	50	sin_COG	0	50
soj	core	50	D	50	50
tasA	core	50	sin_COG	0	50
tcyA	core	49	sin_COG	0	50
cdaA	core	50	T	50	50
menB	core	50	H	50	50
proC	core	49	sin_COG	0	50
group_975	core	50	sin_COG	0	50
ecfT	core	50	sin_COG	0	50
group_968	core	50	sin_COG	0	50
group_967	core	50	sin_COG	0	50
purR	core	49	sin_COG	0	50
rplB	core	50	J	50	50
araQ	core	50	sin_COG	0	50
group_948	core	50	sin_COG	0	50
group_941	core	50	sin_COG	0	50
group_940	core	50	sin_COG	0	50
ylqF	core	50	sin_COG	0	50
folD	core	49	sin_COG	0	50
rpiR	core	50	sin_COG	0	50
group_922	core	50	sin_COG	0	50
group_921	core	50	sin_COG	0	50
yofA	core	50	sin_COG	0	50
group_918	core	49	sin_COG	0	50
yycI	core	50	sin_COG	0	50
group_913	core	50	sin_COG	0	50
yhaX	core	50	sin_COG	0	50
ispE	core	49	sin_COG	0	50
group_910	core	49	sin_COG	0	50
group_906	core	50	sin_COG	0	50
rsbT	core	50	sin_COG	0	50
noc	core	50	sin_COG	0	50
group_901	core	49	sin_COG	0	50
group_895	core	50	sin_COG	0	50
yabG	core	49	sin_COG	0	50
pdxS	core	50	H	49	50
pstA	core	50	sin_COG	0	50
group_886	core	50	sin_COG	0	50
group_875	core	49	sin_COG	0	50
htpX	core	50	sin_COG	0	50
group_873	core	50	sin_COG	0	50
sucD	core	50	C	50	50
sdaAA	core	50	sin_COG	0	50
group_859	core	49	sin_COG	0	50
group_856	core	49	sin_COG	0	50
murB	core	49	sin_COG	0	50
group_852	core	49	sin_COG	0	50
group_847	core	50	sin_COG	0	50
group_846	core	50	sin_COG	0	50
group_844	core	49	sin_COG	0	50
sleB	core	49	sin_COG	0	50
group_837	core	50	sin_COG	0	50
cysK	core	49	sin_COG	0	50
hemH	core	50	sin_COG	0	50
pstC	core	50	sin_COG	0	50
group_832	core	49	sin_COG	0	50
ppaC	core	50	sin_COG	0	50
yxlF	core	50	sin_COG	0	50
group_825	core	50	sin_COG	0	50
mntA	core	50	sin_COG	0	50
fabH	core	49	sin_COG	0	50
fabD	core	50	sin_COG	0	50
rpoA	core	50	K	50	50
ldh	core	50	sin_COG	0	50
group_795	core	49	sin_COG	0	50
fmt	core	50	sin_COG	0	50
yhaM	core	50	sin_COG	0	50
group_790	core	50	sin_COG	0	50
group_789	core	49	sin_COG	0	50
group_779	core	50	sin_COG	0	50
spoVK	core	50	sin_COG	0	50
group_775	core	50	sin_COG	0	50
group_774	core	50	sin_COG	0	50
mraY	core	49	sin_COG	0	50
group_758	core	49	sin_COG	0	50
ftsY	core	50	sin_COG	0	50
group_741	core	50	sin_COG	0	50
lacR	core	50	sin_COG	0	50
group_732	core	50	sin_COG	0	50
plsX	core	50	sin_COG	0	50
dusB	core	50	sin_COG	0	49
moaA	core	50	sin_COG	0	50
group_708	core	50	sin_COG	0	50
fliG	core	50	sin_COG	0	50
group_703	core	50	sin_COG	0	50
ysxE	core	49	sin_COG	0	50
group_674	core	50	sin_COG	0	50
group_669	core	49	sin_COG	0	50
group_665	core	50	sin_COG	0	50
group_662	core	50	sin_COG	0	50
group_658	core	50	sin_COG	0	50
hemE	core	50	sin_COG	0	50
group_651	core	50	sin_COG	0	50
group_650	core	50	sin_COG	0	50
group_649	core	50	sin_COG	0	50
group_646	core	49	sin_COG	0	50
group_645	core	50	sin_COG	0	50
prfA	core	50	J	49	50
comGA	core	50	sin_COG	0	50
group_638	core	49	sin_COG	0	50
sunS	core	50	sin_COG	0	50
serC	core	50	sin_COG	0	50
disA	core	50	sin_COG	0	50
rlmN	core	50	sin_COG	0	50
mcsB	core	50	sin_COG	0	50
murG	core	49	sin_COG	0	50
telA	core	50	sin_COG	0	50
gcvT	core	50	sin_COG	0	50
ychF	core	50	J	50	50
group_594	core	50	sin_COG	0	50
stiP	core	50	sin_COG	0	50
recF	core	50	sin_COG	0	50
group_589	core	50	sin_COG	0	50
group_579	core	50	sin_COG	0	50
menC	core	50	sin_COG	0	50
yxeP	core	50	sin_COG	0	50
sat	core	50	sin_COG	0	50
group_558	core	50	sin_COG	0	50
group_555	core	50	sin_COG	0	50
sucC	core	50	sin_COG	0	50
group_537	core	50	sin_COG	0	50
group_525	core	50	sin_COG	0	50
group_519	core	49	sin_COG	0	50
metC	core	50	sin_COG	0	50
group_510	core	50	sin_COG	0	50
natB	core	49	sin_COG	0	49
group_502	core	50	sin_COG	0	50
group_501	core	50	sin_COG	0	50
tuf	core	50	J	50	50
group_490	core	50	sin_COG	0	50
spoIIIAE	core	49	sin_COG	0	50
thiI	core	50	sin_COG	0	50
group_475	core	50	sin_COG	0	50
yycB	core	50	sin_COG	0	50
coaBC	core	50	sin_COG	0	50
group_466	core	49	sin_COG	0	50
ecsB	core	50	sin_COG	0	50
group_464	core	50	sin_COG	0	50
fdhA	core	49	sin_COG	0	50
pucR	core	49	sin_COG	0	50
group_445	core	50	sin_COG	0	50
group_443	core	50	sin_COG	0	50
group_429	core	50	sin_COG	0	50
group_420	core	50	sin_COG	0	50
hflX	core	50	sin_COG	0	50
group_416	core	50	sin_COG	0	50
group_413	core	50	sin_COG	0	50
serS	core	50	sin_COG	0	50
group_408	core	50	sin_COG	0	50
group_407	core	49	sin_COG	0	50
group_402	core	50	sin_COG	0	50
group_393	core	50	sin_COG	0	50
secY	core	50	sin_COG	0	50
group_388	core	50	sin_COG	0	50
purA	core	50	F	50	50
hemL1	core	49	sin_COG	0	50
group_384	core	50	sin_COG	0	50
group_378	core	50	sin_COG	0	50
trmFO	core	50	sin_COG	0	50
malF	core	50	sin_COG	0	50
murA	core	50	M	49	50
group_371	core	49	sin_COG	0	50
sufD	core	49	sin_COG	0	50
group_358	core	50	sin_COG	0	50
group_351	core	50	sin_COG	0	50
group_349	core	49	sin_COG	0	50
group_348	core	50	sin_COG	0	50
puuP	core	50	sin_COG	0	50
group_343	core	50	sin_COG	0	50
glnA	core	50	E	50	50
glpT	core	50	sin_COG	0	50
dnaA	core	50	L	50	50
brnQ	core	50	sin_COG	0	50
ffh	core	50	sin_COG	0	50
aceF	core	50	C	49	50
group_335	core	50	sin_COG	0	50
gcvPA	core	50	sin_COG	0	50
celB	core	49	sin_COG	0	50
group_333	core	50	sin_COG	0	50
glmM	core	50	G	50	50
accC	core	49	sin_COG	0	50
xseA	core	49	sin_COG	0	50
dnaB	core	50	sin_COG	0	50
group_321	core	50	sin_COG	0	50
glmU	core	49	sin_COG	0	50
yycH	core	50	sin_COG	0	50
mnmE	core	50	sin_COG	0	50
group_308	core	49	sin_COG	0	50
gabP	core	50	sin_COG	0	50
fumC	core	49	sin_COG	0	50
sufB	core	49	O	49	49
hslU	core	50	sin_COG	0	50
cysS	core	50	sin_COG	0	50
group_297	core	49	sin_COG	0	50
group_294	core	49	sin_COG	0	50
ybbR	core	50	sin_COG	0	50
group_290	core	50	C	50	50
hemY	core	50	sin_COG	0	50
menF	core	50	sin_COG	0	50
group_277	core	49	sin_COG	0	50
group_272	core	49	sin_COG	0	50
aspA	core	49	sin_COG	0	50
gltX	core	50	sin_COG	0	50
gcvPB	core	50	sin_COG	0	50
guaB	core	50	T	50	50
bglB	core	50	G	50	50
zwf	core	49	sin_COG	0	50
group_243	core	50	sin_COG	0	50
group_237	core	49	sin_COG	0	50
group_234	core	50	sin_COG	0	50
group_225	core	49	sin_COG	0	50
group_221	core	49	sin_COG	0	50
group_219	core	50	sin_COG	0	50
gntK	core	50	sin_COG	0	50
cotA	core	50	sin_COG	0	50
mglA	core	50	sin_COG	0	50
guaA	core	50	F	50	50
pruA	core	49	sin_COG	0	50
serA	core	49	sin_COG	0	50
mbcS	core	50	sin_COG	0	50
fliF	core	50	sin_COG	0	50
citS	core	50	sin_COG	0	50
group_193	core	50	sin_COG	0	50
group_189	core	50	sin_COG	0	50
rapA	core	50	sin_COG	0	50
dhaL	core	50	sin_COG	0	50
group_177	core	50	sin_COG	0	50
ezrA	core	50	sin_COG	0	50
group_169	core	50	sin_COG	0	50
rqcH	core	50	sin_COG	0	50
dnaX	core	50	sin_COG	0	50
group_163	core	49	sin_COG	0	50
sdhA	core	50	C	50	50
uvrC	core	50	sin_COG	0	50
group_145	core	49	sin_COG	0	50
group_144	core	49	sin_COG	0	50
glmS	core	50	sin_COG	0	50
group_131	core	49	sin_COG	0	50
walK	core	50	sin_COG	0	50
typA	core	50	T	50	50
group_122	core	50	sin_COG	0	50
mnmG	core	50	sin_COG	0	50
group_112	core	50	sin_COG	0	50
dxs	core	49	sin_COG	0	50
ftsH	core	49	sin_COG	0	50
group_103	core	49	sin_COG	0	50
gyrB	core	50	L	50	50
dinG	core	49	sin_COG	0	50
pknB	core	50	sin_COG	0	50
group_97	core	50	sin_COG	0	50
topA	core	50	sin_COG	0	50
group_77	core	50	sin_COG	0	50
group_76	core	50	sin_COG	0	50
group_63	core	50	sin_COG	0	50
rnr	core	49	sin_COG	0	50
ydeP	core	50	sin_COG	0	50
group_59	core	49	sin_COG	0	50
priA	core	50	sin_COG	0	50
group_58	core	50	sin_COG	0	50
group_55	core	50	sin_COG	0	50
clpC	core	50	O	50	50
gyrA	core	50	sin_COG	0	50
group_33	core	50	sin_COG	0	50
acnA	core	49	sin_COG	0	50
mfd	core	49	sin_COG	0	50
smc	core	50	sin_COG	0	50
rpoB	core	50	K	50	50
rpoC	core	50	K	50	50
group_0	core	49	sin_COG	0	50
group_5386	core	48	sin_COG	0	1
group_4777	core	49	sin_COG	0	49
group_4606	core	49	sin_COG	0	49
group_4582	core	49	sin_COG	0	49
group_4535	core	49	sin_COG	0	49
group_4498	core	48	sin_COG	0	49
group_4496	core	48	sin_COG	0	50
group_4484	core	48	sin_COG	0	49
group_4457	core	49	sin_COG	0	49
group_4399	core	48	sin_COG	0	49
group_4398	core	49	sin_COG	0	50
blaBPU	core	49	sin_COG	0	49
rlmH	core	49	sin_COG	0	49
group_4357	core	49	sin_COG	0	49
group_4355	core	49	sin_COG	0	49
group_4354	core	49	sin_COG	0	50
group_4332	core	49	sin_COG	0	49
group_4330	core	49	sin_COG	0	49
group_4312	core	48	sin_COG	0	49
group_4309	core	48	sin_COG	0	49
group_4288	core	49	sin_COG	0	49
yfmP	core	49	sin_COG	0	49
group_4242	core	49	sin_COG	0	50
group_4206	core	48	sin_COG	0	49
pabC	core	49	sin_COG	0	49
group_4148	core	48	sin_COG	0	49
group_4146	core	48	sin_COG	0	49
group_4134	core	49	sin_COG	0	49
group_4130	core	49	sin_COG	0	50
group_4123	core	49	sin_COG	0	49
group_4105	core	48	sin_COG	0	49
lysS	core	49	sin_COG	0	50
group_4017	core	48	sin_COG	0	49
group_3994	core	49	sin_COG	0	49
xkdN	core	48	sin_COG	0	49
group_3982	core	49	sin_COG	0	49
acpB	core	48	sin_COG	0	49
group_3884	core	49	sin_COG	0	49
group_3815	core	48	sin_COG	0	40
group_3806	core	48	sin_COG	0	49
group_3791	core	49	sin_COG	0	49
group_3786	core	49	sin_COG	0	49
group_3769	core	49	sin_COG	0	49
group_3751	core	49	sin_COG	0	49
group_3711	core	49	sin_COG	0	49
ydbM	core	49	sin_COG	0	49
group_3693	core	48	sin_COG	0	18
group_3658	core	48	sin_COG	0	49
group_3647	core	48	sin_COG	0	49
group_3639	core	49	sin_COG	0	49
yhaL	core	49	sin_COG	0	49
group_3605	core	49	sin_COG	0	49
group_3527	core	49	sin_COG	0	49
group_3526	core	49	sin_COG	0	49
group_3503	core	49	sin_COG	0	50
group_3491	core	48	sin_COG	0	49
yvrH	core	49	sin_COG	0	49
group_3376	core	49	sin_COG	0	49
spaA	core	48	sin_COG	0	53
yfmL	core	49	sin_COG	0	49
group_3355	core	49	sin_COG	0	49
group_3339	core	49	sin_COG	0	49
folE2	core	49	sin_COG	0	49
group_3195	core	49	sin_COG	0	49
group_3011	core	49	sin_COG	0	49
group_2942	core	49	sin_COG	0	49
group_2881	core	48	sin_COG	0	49
group_2869	core	48	sin_COG	0	50
group_2797	core	49	sin_COG	0	49
group_2795	core	48	sin_COG	0	49
group_2757	core	49	sin_COG	0	49
csbC	core	48	sin_COG	0	48
group_2714	core	49	sin_COG	0	49
group_2641	core	49	sin_COG	0	49
group_2617	core	49	sin_COG	0	49
araA	core	49	sin_COG	0	49
group_2338	core	49	sin_COG	0	49
hxlR	core	49	sin_COG	0	49
group_1866	core	49	sin_COG	0	49
yhjD	core	48	sin_COG	0	49
group_1545	core	48	sin_COG	0	49
group_1467	core	49	sin_COG	0	49
group_1366	core	48	sin_COG	0	49
hpr	core	49	sin_COG	0	49
group_1354	core	48	sin_COG	0	49
group_1315	core	49	sin_COG	0	49
group_1186	core	49	sin_COG	0	49
yxeO	core	49	sin_COG	0	49
group_1011	core	49	sin_COG	0	49
prsA	core	49	sin_COG	0	49
dpaA	core	48	sin_COG	0	49
group_813	core	48	sin_COG	0	49
tagT	core	48	sin_COG	0	49
group_678	core	48	sin_COG	0	49
group_616	core	48	sin_COG	0	49
ispG	core	49	I	49	49
dsdX	core	49	sin_COG	0	49
group_206	core	49	R	48	49
malK	core	49	sin_COG	0	49
group_5332	core	48	sin_COG	0	1
cat86~~~catA	core	48	sin_COG	0	48
group_4590	shell	47	sin_COG	0	47
group_4544	shell	47	sin_COG	0	48
group_4476	core	48	sin_COG	0	48
group_4361	core	48	sin_COG	0	85
group_4336	shell	47	sin_COG	0	48
group_4335	shell	47	sin_COG	0	48
group_4327	shell	47	sin_COG	0	48
group_4233	core	48	sin_COG	0	49
group_4229	shell	47	sin_COG	0	45
group_4223	shell	47	sin_COG	0	48
group_4186	shell	47	sin_COG	0	48
group_4065	core	48	sin_COG	0	48
yeeF~~~ywqJ	shell	47	sin_COG	0	49
group_3985	core	48	sin_COG	0	47
group_3953	shell	47	sin_COG	0	47
asbA	core	48	sin_COG	0	48
group_3878	shell	47	sin_COG	0	48
group_3870	shell	47	sin_COG	0	48
group_3782	shell	47	sin_COG	0	48
group_3741	shell	47	sin_COG	0	48
group_3707	shell	47	sin_COG	0	48
group_3554	core	48	sin_COG	0	48
group_3553	shell	47	sin_COG	0	48
group_3552	shell	47	sin_COG	0	48
group_3539	shell	47	sin_COG	0	48
dltC	shell	47	sin_COG	0	48
psiE	shell	47	sin_COG	0	48
group_3316	core	48	sin_COG	0	64
ylaC	core	48	sin_COG	0	49
group_3213	shell	47	sin_COG	0	48
group_3207	shell	47	sin_COG	0	49
group_3103	shell	47	sin_COG	0	48
group_3068	core	48	sin_COG	0	49
group_3056	shell	47	sin_COG	0	48
group_3047	shell	47	sin_COG	0	48
group_3012	shell	47	sin_COG	0	48
group_2976	shell	47	sin_COG	0	46
group_2830	shell	47	sin_COG	0	49
group_2805	shell	47	sin_COG	0	48
group_2755	shell	47	sin_COG	0	48
group_2729	core	48	sin_COG	0	48
degQ	core	48	sin_COG	0	48
group_2456	shell	47	sin_COG	0	48
group_2260	shell	47	sin_COG	0	2
group_1969	core	48	sin_COG	0	48
group_1814	shell	47	sin_COG	0	48
yqbG	shell	47	sin_COG	0	48
group_1693	shell	47	sin_COG	0	48
group_1536	shell	47	sin_COG	0	48
group_1368	shell	47	sin_COG	0	48
lysM	shell	47	sin_COG	0	48
group_836	shell	47	sin_COG	0	48
xkdF	shell	47	sin_COG	0	48
dltD	shell	47	sin_COG	0	48
group_366	shell	47	sin_COG	0	48
group_334	shell	47	sin_COG	0	48
group_4507	shell	46	sin_COG	0	47
group_4502	shell	46	sin_COG	0	47
group_4447	shell	46	sin_COG	0	47
group_4380	shell	47	sin_COG	0	47
group_4358	shell	47	sin_COG	0	49
dltB	shell	47	sin_COG	0	47
group_4292	shell	46	sin_COG	0	47
acrR	shell	46	K	13	47
group_4243	shell	47	sin_COG	0	47
group_4028	shell	47	sin_COG	0	47
group_4010	shell	47	sin_COG	0	47
group_3981	shell	47	sin_COG	0	48
group_3900	shell	47	sin_COG	0	47
group_3240	shell	47	sin_COG	0	47
group_3124	shell	46	sin_COG	0	49
group_2936	shell	47	sin_COG	0	47
group_2723	shell	47	sin_COG	0	47
group_2712	shell	47	sin_COG	0	47
group_2677	shell	47	sin_COG	0	47
group_1953	shell	47	sin_COG	0	47
group_4488	shell	46	sin_COG	0	46
group_4455	shell	46	sin_COG	0	48
group_4448	shell	45	sin_COG	0	46
group_4344	shell	45	sin_COG	0	46
cdiA~~~yeeF	shell	46	sin_COG	0	50
group_4207	shell	46	sin_COG	0	46
group_4169	shell	46	sin_COG	0	46
group_4152	shell	45	sin_COG	0	47
group_3965	shell	46	sin_COG	0	46
group_3950	shell	45	sin_COG	0	46
group_3793	shell	46	sin_COG	0	47
group_3431	shell	45	sin_COG	0	46
yaaC	shell	46	sin_COG	0	44
nikD	shell	45	sin_COG	0	46
group_2616	shell	46	sin_COG	0	46
nikC	shell	45	sin_COG	0	46
nikB	shell	45	sin_COG	0	46
group_673	shell	45	sin_COG	0	45
nikA	shell	45	sin_COG	0	46
group_4505	shell	45	sin_COG	0	45
group_4487	shell	45	sin_COG	0	45
yxiJ	shell	45	sin_COG	0	45
group_4293	shell	44	sin_COG	0	45
group_4085	shell	45	sin_COG	0	37
group_3904	shell	44	sin_COG	0	45
group_3867	shell	44	sin_COG	0	45
group_3843	shell	44	sin_COG	0	45
ydhP	shell	44	sin_COG	0	45
group_3624	shell	45	sin_COG	0	45
group_3585	shell	44	sin_COG	0	46
group_3392	shell	44	sin_COG	0	45
group_3391	shell	44	sin_COG	0	45
group_3005	shell	44	sin_COG	0	45
group_2815	shell	44	sin_COG	0	45
bacA	shell	44	sin_COG	0	45
group_1347	shell	45	sin_COG	0	45
group_1187	shell	44	sin_COG	0	45
group_4771	shell	44	sin_COG	0	44
group_4494	shell	43	sin_COG	0	44
group_4244	shell	44	sin_COG	0	44
group_4190	shell	43	sin_COG	0	44
group_4129	shell	44	sin_COG	0	44
group_4099	shell	44	sin_COG	0	43
group_3951	shell	43	sin_COG	0	44
group_3936	shell	43	sin_COG	0	44
group_3233	shell	43	sin_COG	0	45
group_3201	shell	44	sin_COG	0	44
group_3148	shell	43	sin_COG	0	45
nasC	shell	43	sin_COG	0	45
group_4739	shell	42	sin_COG	0	43
group_4597	shell	43	sin_COG	0	43
group_4588	shell	42	sin_COG	0	43
group_4504	shell	43	sin_COG	0	44
group_4452	shell	43	sin_COG	0	43
yesK	shell	43	sin_COG	0	43
group_4308	shell	43	sin_COG	0	43
group_4307	shell	43	sin_COG	0	43
group_4235	shell	43	sin_COG	0	43
group_3706	shell	43	sin_COG	0	45
group_3669	shell	43	sin_COG	0	43
murR	shell	43	sin_COG	0	43
lysR~~~ywqM	shell	43	sin_COG	0	43
group_3435	shell	43	sin_COG	0	43
group_3434	shell	43	sin_COG	0	43
group_3360	shell	42	sin_COG	0	43
group_3154	shell	43	sin_COG	0	44
group_3054	shell	43	sin_COG	0	43
group_2724	shell	43	sin_COG	0	43
group_1896	shell	43	sin_COG	0	43
group_5134	shell	41	sin_COG	0	1
mutT	shell	42	sin_COG	0	42
group_4769	shell	42	sin_COG	0	42
group_4599	shell	42	sin_COG	0	42
group_4591	shell	42	sin_COG	0	42
group_4553	shell	42	sin_COG	0	42
group_4520	shell	41	sin_COG	0	42
group_4501	shell	42	sin_COG	0	35
group_4485	shell	42	sin_COG	0	43
group_4363	shell	41	sin_COG	0	42
araC~~~chbR	shell	41	sin_COG	0	42
group_4239	shell	42	sin_COG	0	42
group_4168	shell	41	sin_COG	0	41
group_4154	shell	42	sin_COG	0	43
group_4078	shell	41	sin_COG	0	43
group_4031	shell	41	sin_COG	0	42
group_3302	shell	42	sin_COG	0	44
group_2782	shell	41	sin_COG	0	21
group_4515	shell	41	sin_COG	0	58
opp1C	shell	40	sin_COG	0	41
group_4279	shell	40	sin_COG	0	41
group_4009	shell	40	sin_COG	0	41
group_3637	shell	40	sin_COG	0	81
group_3615	shell	41	sin_COG	0	41
bclA	shell	41	sin_COG	0	41
group_3405	shell	40	sin_COG	0	41
opp1B	shell	40	sin_COG	0	41
group_3290	shell	41	sin_COG	0	39
group_3197	shell	40	sin_COG	0	42
group_2991	shell	40	sin_COG	0	42
group_2866	shell	40	sin_COG	0	41
group_2773	shell	40	sin_COG	0	41
group_2674	shell	40	sin_COG	0	41
group_2673	shell	40	sin_COG	0	41
group_2620	shell	41	sin_COG	0	0
pdxA	shell	40	sin_COG	0	41
group_298	shell	40	sin_COG	0	41
group_4472	shell	39	sin_COG	0	38
group_4135	shell	40	sin_COG	0	40
group_4100	shell	40	sin_COG	0	40
group_3845	shell	40	sin_COG	0	40
group_3742	shell	40	sin_COG	0	40
group_3576	shell	39	sin_COG	0	40
oppC	shell	39	sin_COG	0	40
group_3415	shell	40	sin_COG	0	41
ybaK	shell	39	sin_COG	0	40
group_2989	shell	40	sin_COG	0	43
group_2954	shell	40	sin_COG	0	40
oppB	shell	39	sin_COG	0	40
group_299	shell	40	sin_COG	0	40
group_4574	shell	38	sin_COG	0	39
xkdW~~~yorD	shell	38	sin_COG	0	39
group_3869	shell	38	sin_COG	0	39
group_3643	shell	39	sin_COG	0	39
group_1285	shell	39	sin_COG	0	39
group_5320	shell	38	sin_COG	0	1
group_4909	shell	38	sin_COG	0	38
group_4364	shell	38	sin_COG	0	39
group_4339	shell	37	sin_COG	0	38
group_3916	shell	37	sin_COG	0	37
group_3734	shell	37	sin_COG	0	40
group_3716	shell	38	sin_COG	0	38
group_3688	shell	37	sin_COG	0	37
group_3677	shell	38	sin_COG	0	39
ssuD	shell	37	sin_COG	0	38
group_3560	shell	37	sin_COG	0	37
group_3559	shell	37	sin_COG	0	38
group_2855	shell	37	sin_COG	0	38
group_2698	shell	37	sin_COG	0	4
group_2470	shell	38	sin_COG	0	2
group_961	shell	37	sin_COG	0	38
group_740	shell	37	sin_COG	0	38
group_677	shell	37	sin_COG	0	38
group_5406	shell	37	sin_COG	0	1
group_5158	shell	37	sin_COG	0	1
group_4962	shell	36	sin_COG	0	38
group_4751	shell	36	sin_COG	0	37
group_4527	shell	37	sin_COG	0	37
group_4316	shell	37	sin_COG	0	37
group_4230	shell	36	sin_COG	0	39
group_4045	shell	37	sin_COG	0	37
group_4044	shell	37	sin_COG	0	39
group_5327	shell	36	sin_COG	0	1
skfE	shell	36	sin_COG	0	36
group_3856	shell	36	sin_COG	0	36
skfF	shell	36	sin_COG	0	36
group_3014	shell	36	sin_COG	0	36
group_2898	shell	35	sin_COG	0	36
group_4422	shell	35	sin_COG	0	35
group_4210	shell	35	sin_COG	0	37
group_4209	shell	35	sin_COG	0	35
tcyN	shell	34	sin_COG	0	35
tcyM	shell	34	sin_COG	0	35
ssuE	shell	34	sin_COG	0	36
group_3537	shell	34	sin_COG	0	35
group_3451	shell	35	sin_COG	0	35
dinB	shell	35	sin_COG	0	34
group_3200	shell	34	sin_COG	0	36
group_3186	shell	34	sin_COG	0	35
group_3174	shell	35	sin_COG	0	36
group_3048	shell	34	sin_COG	0	35
group_3001	shell	35	sin_COG	0	2
ytmI	shell	34	sin_COG	0	35
group_2929	shell	34	sin_COG	0	35
group_2907	shell	34	sin_COG	0	35
group_2848	shell	34	sin_COG	0	35
tcyL	shell	34	sin_COG	0	35
tcyK	shell	34	sin_COG	0	35
cynR	shell	34	sin_COG	0	35
group_346	shell	34	sin_COG	0	35
group_4640	shell	34	sin_COG	0	34
group_4542	shell	34	sin_COG	0	34
group_4497	shell	33	sin_COG	0	35
group_4353	shell	33	sin_COG	0	34
group_4315	shell	34	sin_COG	0	34
group_4094	shell	34	sin_COG	0	35
ywzG	shell	34	sin_COG	0	34
group_3648	shell	34	sin_COG	0	34
group_3540	shell	34	sin_COG	0	34
group_3510	shell	34	sin_COG	0	34
group_3450	shell	34	sin_COG	0	34
group_5428	shell	32	sin_COG	0	1
bclA~~~slc2	shell	32	sin_COG	0	33
group_4349	shell	32	sin_COG	0	33
gntR~~~ydhC	shell	32	sin_COG	0	33
group_4267	shell	33	sin_COG	0	33
group_4191	shell	32	sin_COG	0	33
mauE	shell	32	sin_COG	0	33
group_4112	shell	33	sin_COG	0	33
araC~~~adaA	shell	32	sin_COG	0	34
msbA	shell	32	sin_COG	0	34
group_2992	shell	32	sin_COG	0	33
group_801	shell	32	sin_COG	0	33
group_721	shell	32	sin_COG	0	33
group_311	shell	32	sin_COG	0	33
group_5331	shell	32	sin_COG	0	1
group_4197	shell	31	sin_COG	0	32
group_3511	shell	31	sin_COG	0	33
group_3270	shell	32	sin_COG	0	33
group_2672	shell	32	sin_COG	0	32
group_2323	shell	32	sin_COG	0	32
group_1770	shell	32	sin_COG	0	32
group_4946	shell	30	sin_COG	0	31
group_4421	shell	31	sin_COG	0	31
group_4159	shell	31	sin_COG	0	31
group_3239	shell	31	sin_COG	0	31
group_3029	shell	31	sin_COG	0	31
group_3016	shell	31	K	31	31
ycaD	shell	30	sin_COG	0	31
group_4817	shell	29	sin_COG	0	31
group_4774	shell	29	sin_COG	0	30
group_4298	shell	30	sin_COG	0	31
group_4287	shell	30	sin_COG	0	30
group_4241	shell	30	sin_COG	0	32
group_4109	shell	30	sin_COG	0	29
group_3152	shell	29	sin_COG	0	32
group_5402	shell	29	sin_COG	0	1
group_4524	shell	28	sin_COG	0	29
ydeB	shell	28	sin_COG	0	29
group_4192	shell	29	sin_COG	0	29
group_3975	shell	29	sin_COG	0	29
group_3700	shell	28	sin_COG	0	29
group_3395	shell	28	sin_COG	0	29
group_3157	shell	29	sin_COG	0	28
group_2804	shell	29	sin_COG	0	12
group_4930	shell	28	sin_COG	0	28
group_4758	shell	28	sin_COG	0	28
group_4516	shell	28	sin_COG	0	47
group_4503	shell	28	sin_COG	0	28
group_4462	shell	27	sin_COG	0	34
group_4413	shell	28	sin_COG	0	28
group_4386	shell	28	sin_COG	0	28
group_4333	shell	28	sin_COG	0	28
group_4282	shell	28	sin_COG	0	28
group_4183	shell	27	sin_COG	0	28
group_4180	shell	28	sin_COG	0	28
group_4163	shell	27	sin_COG	0	28
group_4137	shell	28	sin_COG	0	30
group_3696	shell	28	sin_COG	0	11
group_3638	shell	28	sin_COG	0	28
group_3541	shell	28	sin_COG	0	28
group_3378	shell	28	sin_COG	0	28
group_3128	shell	28	sin_COG	0	28
group_2759	shell	28	sin_COG	0	28
group_951	shell	28	sin_COG	0	28
bglH	shell	28	sin_COG	0	28
group_4482	shell	27	sin_COG	0	27
group_4461	shell	26	sin_COG	0	27
group_4290	shell	27	sin_COG	0	27
rapH	shell	27	sin_COG	0	28
group_3907	shell	27	sin_COG	0	27
group_3842	shell	27	sin_COG	0	27
group_3237	shell	27	sin_COG	0	27
group_3168	shell	26	sin_COG	0	28
rapA2	shell	27	sin_COG	0	27
tetD~~~araC	shell	25	sin_COG	0	44
group_4592	shell	26	sin_COG	0	26
group_4251	shell	26	sin_COG	0	26
group_4171	shell	26	sin_COG	0	26
group_4113	shell	26	sin_COG	0	26
group_4104	shell	26	sin_COG	0	26
group_4018	shell	26	sin_COG	0	26
group_3955	shell	26	sin_COG	0	26
group_3844	shell	26	sin_COG	0	21
group_3499	shell	26	sin_COG	0	26
group_3266	shell	26	sin_COG	0	25
group_2801	shell	26	sin_COG	0	5
group_4912	shell	25	sin_COG	0	25
group_4767	shell	25	sin_COG	0	25
group_4764	shell	25	sin_COG	0	25
group_4728	shell	24	sin_COG	0	25
group_4610	shell	25	sin_COG	0	25
yezG~~~rttK	shell	25	sin_COG	0	25
group_4098	shell	25	sin_COG	0	25
group_4038	shell	24	sin_COG	0	24
group_3629	shell	24	sin_COG	0	25
group_5401	shell	24	sin_COG	0	1
group_4752	shell	24	sin_COG	0	24
group_4736	shell	24	sin_COG	0	24
group_4508	shell	24	sin_COG	0	24
group_4446	shell	24	sin_COG	0	26
group_4378	shell	24	sin_COG	0	24
group_4377	shell	23	sin_COG	0	24
group_4138	shell	24	sin_COG	0	24
group_4133	shell	24	sin_COG	0	24
group_4079	shell	23	sin_COG	0	25
group_3408	shell	23	sin_COG	0	24
group_2735	shell	23	sin_COG	0	22
group_2245	shell	24	sin_COG	0	2
mbtH	shell	24	sin_COG	0	23
group_4518	shell	22	sin_COG	0	25
group_4483	shell	23	sin_COG	0	23
group_4020	shell	23	sin_COG	0	23
group_4001	shell	23	sin_COG	0	23
dltA	shell	23	sin_COG	0	23
group_3927	shell	23	sin_COG	0	24
group_3915	shell	23	sin_COG	0	24
jmjC	shell	23	sin_COG	0	23
group_3516	shell	23	sin_COG	0	23
group_3501	shell	23	sin_COG	0	23
group_3397	shell	23	sin_COG	0	23
yfiQ	shell	22	sin_COG	0	23
group_3275	shell	23	sin_COG	0	23
group_2873	shell	23	sin_COG	0	23
dhbC	shell	23	sin_COG	0	23
group_1273	shell	22	sin_COG	0	23
group_488	shell	22	sin_COG	0	23
group_192	shell	23	sin_COG	0	23
group_68	shell	22	sin_COG	0	23
group_4944	shell	21	sin_COG	0	22
group_4554	shell	22	sin_COG	0	22
group_4453	shell	22	sin_COG	0	23
yosT	shell	22	sin_COG	0	22
group_3371	shell	22	sin_COG	0	21
group_1854	shell	22	sin_COG	0	22
lrgA	shell	22	sin_COG	0	22
lrgB	shell	22	sin_COG	0	22
group_1140	shell	22	sin_COG	0	22
group_151	shell	22	sin_COG	0	22
group_4596	shell	21	sin_COG	0	21
group_4216	shell	21	sin_COG	0	22
group_4091	shell	21	sin_COG	0	21
group_4087	shell	21	sin_COG	0	21
group_4080	shell	21	sin_COG	0	21
group_4035	shell	21	sin_COG	0	19
group_4006	shell	21	sin_COG	0	21
group_3839	shell	21	sin_COG	0	21
group_3792	shell	21	sin_COG	0	21
yggT	shell	21	sin_COG	0	21
group_3632	shell	21	sin_COG	0	22
group_3582	shell	21	sin_COG	0	21
group_3522	shell	21	sin_COG	0	21
group_3520	shell	21	sin_COG	0	22
group_3517	shell	21	sin_COG	0	21
group_3194	shell	21	sin_COG	0	22
group_3140	shell	21	sin_COG	0	4
group_2850	shell	21	sin_COG	0	21
group_2835	shell	21	sin_COG	0	21
group_2819	shell	21	sin_COG	0	21
group_2817	shell	21	sin_COG	0	21
group_2785	shell	21	sin_COG	0	21
group_2784	shell	21	sin_COG	0	21
group_2669	shell	21	sin_COG	0	21
group_2668	shell	21	sin_COG	0	21
group_2659	shell	21	sin_COG	0	21
group_2116	shell	21	sin_COG	0	21
group_1471	shell	21	sin_COG	0	21
group_1469	shell	21	sin_COG	0	21
group_734	shell	21	sin_COG	0	21
group_631	shell	21	sin_COG	0	21
group_562	shell	21	sin_COG	0	21
group_529	shell	21	sin_COG	0	21
group_489	shell	21	sin_COG	0	21
group_446	shell	21	sin_COG	0	21
group_369	shell	21	sin_COG	0	21
group_4744	shell	20	sin_COG	0	22
yvzB	shell	19	sin_COG	0	20
group_4324	shell	20	sin_COG	0	21
group_4213	shell	20	sin_COG	0	20
group_4125	shell	20	sin_COG	0	20
group_3974	shell	20	sin_COG	0	20
group_3176	shell	20	sin_COG	0	20
group_3151	shell	20	sin_COG	0	20
group_3127	shell	20	sin_COG	0	2
group_2912	shell	20	sin_COG	0	20
group_2892	shell	19	sin_COG	0	7
group_2814	shell	20	sin_COG	0	20
group_2813	shell	20	sin_COG	0	20
group_2756	shell	20	sin_COG	0	20
group_1197	shell	20	sin_COG	0	20
group_1096	shell	20	sin_COG	0	20
group_958	shell	20	G	19	20
group_781	shell	20	sin_COG	0	20
group_337	shell	20	sin_COG	0	20
cwlH	shell	19	sin_COG	0	19
group_5002	shell	19	sin_COG	0	19
group_4935	shell	19	sin_COG	0	19
group_4934	shell	19	sin_COG	0	19
group_4373	shell	18	sin_COG	0	19
group_4300	shell	19	sin_COG	0	19
hssS	shell	19	sin_COG	0	19
group_3699	shell	18	sin_COG	0	20
hssR	shell	19	sin_COG	0	20
group_3263	shell	18	sin_COG	0	19
group_3172	shell	18	sin_COG	0	19
group_3078	shell	19	sin_COG	0	19
group_4414	shell	18	sin_COG	0	18
group_4224	shell	18	sin_COG	0	19
group_3257	shell	18	sin_COG	0	19
group_2888	shell	18	sin_COG	0	18
group_2697	shell	17	sin_COG	0	10
group_2671	shell	18	sin_COG	0	18
group_947	shell	18	sin_COG	0	18
group_876	shell	18	sin_COG	0	18
group_124	shell	18	sin_COG	0	18
group_5015	shell	17	sin_COG	0	18
group_4859	shell	17	sin_COG	0	17
group_4660	shell	17	sin_COG	0	17
group_4621	shell	17	sin_COG	0	14
group_4225	shell	17	sin_COG	0	21
group_4177	shell	17	sin_COG	0	17
group_4083	shell	17	sin_COG	0	17
group_3997	shell	17	sin_COG	0	17
group_3865	shell	17	sin_COG	0	17
group_3723	shell	17	sin_COG	0	17
group_3543	shell	17	sin_COG	0	17
mrcB	shell	16	sin_COG	0	17
group_3208	shell	17	sin_COG	0	17
group_5012	shell	16	sin_COG	0	16
group_4969	shell	16	sin_COG	0	16
group_4932	shell	16	sin_COG	0	16
group_4755	shell	16	sin_COG	0	16
group_4713	shell	16	sin_COG	0	17
group_4470	shell	16	sin_COG	0	16
group_4418	shell	16	sin_COG	0	14
group_4002	shell	16	sin_COG	0	16
group_3911	shell	16	sin_COG	0	16
group_3671	shell	15	sin_COG	0	16
group_3227	shell	16	sin_COG	0	17
group_3058	shell	16	sin_COG	0	16
yunG	shell	16	sin_COG	0	16
group_2909	shell	16	sin_COG	0	16
group_2780	shell	15	sin_COG	0	16
group_2660	shell	16	sin_COG	0	16
group_2645	shell	16	sin_COG	0	16
group_2486	shell	16	sin_COG	0	1
group_2471	shell	16	sin_COG	0	5
fosM	shell	15	sin_COG	0	16
group_1664	shell	16	sin_COG	0	16
group_719	shell	16	sin_COG	0	16
bacE	shell	15	sin_COG	0	16
group_317	shell	15	sin_COG	0	16
group_60	shell	16	sin_COG	0	16
group_5039	shell	15	sin_COG	0	15
group_4761	shell	15	sin_COG	0	17
group_4733	shell	15	sin_COG	0	14
ywqK	shell	15	sin_COG	0	15
group_4673	shell	15	sin_COG	0	15
group_4545	shell	15	sin_COG	0	15
group_4408	shell	15	sin_COG	0	15
group_4407	shell	15	sin_COG	0	15
group_4238	shell	15	sin_COG	0	15
group_4162	shell	15	sin_COG	0	22
group_3954	shell	15	sin_COG	0	15
group_3820	shell	15	sin_COG	0	15
group_3645	shell	15	sin_COG	0	15
group_3642	shell	15	sin_COG	0	7
group_3586	shell	15	sin_COG	0	14
group_2945	shell	15	sin_COG	0	15
group_2876	shell	14	sin_COG	0	15
group_2828	shell	15	sin_COG	0	7
group_2704	shell	15	sin_COG	0	15
group_2361	shell	15	sin_COG	0	15
group_2022	shell	15	sin_COG	0	15
mafI	shell	14	sin_COG	0	15
group_1895	shell	15	sin_COG	0	15
group_1507	shell	15	sin_COG	0	14
group_1504	shell	15	sin_COG	0	15
group_1269	shell	15	sin_COG	0	15
group_1188	shell	15	sin_COG	0	15
group_1095	shell	15	sin_COG	0	15
group_5006	shell	14	sin_COG	0	16
group_4968	shell	14	sin_COG	0	14
group_4885	shell	14	sin_COG	0	15
group_4847	shell	14	sin_COG	0	14
group_4841	shell	14	sin_COG	0	14
group_4829	shell	14	sin_COG	0	14
group_4810	shell	14	sin_COG	0	14
group_4798	shell	14	sin_COG	0	14
group_4762	shell	14	sin_COG	0	14
group_4710	shell	14	sin_COG	0	14
group_4692	shell	14	sin_COG	0	14
group_4682	shell	14	sin_COG	0	14
yqbF	shell	14	sin_COG	0	14
xkdR	shell	14	sin_COG	0	14
group_4644	shell	14	sin_COG	0	14
group_4643	shell	14	sin_COG	0	14
group_4633	shell	14	sin_COG	0	14
group_4632	shell	14	sin_COG	0	14
group_4629	shell	14	sin_COG	0	14
group_4625	shell	14	sin_COG	0	14
group_4624	shell	14	sin_COG	0	14
ymfQ	shell	14	sin_COG	0	14
group_4612	shell	14	sin_COG	0	14
group_4611	shell	14	sin_COG	0	14
group_4598	shell	14	sin_COG	0	14
group_4594	shell	14	sin_COG	0	14
group_4583	shell	14	sin_COG	0	14
group_4570	shell	14	sin_COG	0	14
group_4566	shell	14	sin_COG	0	14
group_4558	shell	14	sin_COG	0	12
group_4528	shell	14	sin_COG	0	14
group_4458	shell	14	sin_COG	0	14
group_4442	shell	14	sin_COG	0	14
group_4360	shell	14	sin_COG	0	8
group_4313	shell	14	sin_COG	0	14
group_4306	shell	14	sin_COG	0	14
group_4170	shell	14	sin_COG	0	14
group_4116	shell	14	sin_COG	0	13
group_4059	shell	14	sin_COG	0	14
group_3829	shell	14	sin_COG	0	15
group_2772	shell	14	sin_COG	0	14
group_2707	shell	14	sin_COG	0	14
group_842	shell	13	sin_COG	0	13
group_5023	shell	13	sin_COG	0	13
group_4949	shell	13	sin_COG	0	13
group_4933	shell	13	sin_COG	0	13
group_4907	shell	13	sin_COG	0	12
group_4843	shell	13	sin_COG	0	13
group_4840	shell	13	sin_COG	0	13
group_4809	shell	13	sin_COG	0	13
group_4800	shell	13	sin_COG	0	13
group_4799	shell	13	sin_COG	0	13
group_4780	shell	13	sin_COG	0	13
group_4770	shell	13	sin_COG	0	13
group_4709	shell	13	sin_COG	0	13
group_4699	shell	13	sin_COG	0	13
group_4696	shell	13	sin_COG	0	13
group_4695	shell	13	sin_COG	0	13
group_4693	shell	13	sin_COG	0	13
group_4688	shell	13	sin_COG	0	13
group_4687	shell	13	sin_COG	0	13
group_4678	shell	13	sin_COG	0	13
group_4677	shell	13	sin_COG	0	13
group_4665	shell	13	sin_COG	0	23
group_4664	shell	13	sin_COG	0	13
group_4657	shell	13	sin_COG	0	13
group_4630	shell	13	sin_COG	0	13
group_4618	shell	13	sin_COG	0	13
group_4585	shell	13	sin_COG	0	13
group_4584	shell	13	sin_COG	0	13
group_4543	shell	13	sin_COG	0	13
group_4459	shell	13	sin_COG	0	13
group_4420	shell	13	sin_COG	0	13
group_4352	shell	13	sin_COG	0	13
group_4245	shell	13	sin_COG	0	12
group_4221	shell	12	sin_COG	0	19
group_4220	shell	12	sin_COG	0	13
group_4165	shell	13	sin_COG	0	13
group_4034	shell	13	sin_COG	0	13
group_3983	shell	13	sin_COG	0	13
group_3917	shell	13	sin_COG	0	13
group_3848	shell	12	sin_COG	0	0
group_3775	shell	13	sin_COG	0	13
group_3735	shell	13	sin_COG	0	11
group_3247	shell	13	sin_COG	0	12
group_3178	shell	13	sin_COG	0	3
group_3175	shell	13	sin_COG	0	14
group_2663	shell	13	sin_COG	0	12
group_2568	shell	13	sin_COG	0	1
group_2091	shell	13	sin_COG	0	1
group_587	shell	12	sin_COG	0	12
group_5437	shell	12	sin_COG	0	10
yqaS~~~terS	shell	12	sin_COG	0	12
group_4967	shell	11	sin_COG	0	11
group_4966	shell	12	sin_COG	0	12
group_4913	shell	12	sin_COG	0	9
group_4891	shell	12	sin_COG	0	12
group_4623	shell	12	sin_COG	0	12
group_4577	shell	12	sin_COG	0	13
group_4564	shell	12	sin_COG	0	12
group_4506	shell	12	sin_COG	0	12
group_4486	shell	12	sin_COG	0	12
group_4346	shell	12	sin_COG	0	12
group_4270	shell	12	sin_COG	0	12
group_4240	shell	12	sin_COG	0	12
group_4199	shell	12	sin_COG	0	12
group_4004	shell	12	sin_COG	0	12
group_3825	shell	12	sin_COG	0	12
group_3660	shell	12	sin_COG	0	12
group_3497	shell	12	sin_COG	0	11
group_3463	shell	12	sin_COG	0	12
group_3398	shell	11	sin_COG	0	12
group_3267	shell	12	sin_COG	0	12
group_3203	shell	12	sin_COG	0	3
licT	shell	12	sin_COG	0	12
group_251	shell	12	sin_COG	0	12
group_113	shell	12	sin_COG	0	12
group_5440	shell	11	sin_COG	0	9
group_4961	shell	11	sin_COG	0	11
group_4951	shell	11	sin_COG	0	11
group_4906	shell	11	sin_COG	0	11
group_4904	shell	11	sin_COG	0	11
group_4864	shell	11	sin_COG	0	11
sigK	shell	11	D	4	11
group_4738	shell	11	sin_COG	0	11
group_4726	shell	10	sin_COG	0	9
group_4617	shell	11	sin_COG	0	11
group_4513	shell	11	sin_COG	0	17
group_4321	shell	11	sin_COG	0	11
group_4320	shell	11	sin_COG	0	11
group_4147	shell	11	sin_COG	0	11
group_3871	shell	11	sin_COG	0	11
group_3482	shell	11	sin_COG	0	11
group_3271	shell	11	sin_COG	0	11
group_3253	shell	11	sin_COG	0	9
group_2940	shell	11	sin_COG	0	11
lacI	shell	11	sin_COG	0	11
group_1803	shell	11	sin_COG	0	11
group_1014	shell	11	sin_COG	0	10
group_5098	shell	10	sin_COG	0	9
group_5094	shell	10	sin_COG	0	10
group_4965	shell	10	sin_COG	0	10
xhlA	shell	10	sin_COG	0	10
group_4874	shell	10	sin_COG	0	10
group_4863	shell	10	sin_COG	0	10
group_4813	shell	10	sin_COG	0	10
group_4715	shell	10	sin_COG	0	10
group_4711	shell	10	sin_COG	0	10
group_4600	shell	10	sin_COG	0	11
group_4568	shell	10	sin_COG	0	10
group_4567	shell	10	sin_COG	0	10
group_4449	shell	10	sin_COG	0	10
group_4359	shell	10	sin_COG	0	11
group_4345	shell	10	sin_COG	0	10
group_4082	shell	10	sin_COG	0	10
group_3754	shell	10	sin_COG	0	10
group_3545	shell	9	sin_COG	0	6
group_3282	shell	10	sin_COG	0	10
group_3241	shell	10	sin_COG	0	8
group_3074	shell	10	sin_COG	0	10
group_2951	shell	10	sin_COG	0	10
group_2919	shell	10	sin_COG	0	10
group_2915	shell	10	sin_COG	0	10
group_2895	shell	10	sin_COG	0	10
group_2635	shell	10	sin_COG	0	10
group_2544	shell	9	sin_COG	0	2
group_2422	shell	10	sin_COG	0	9
group_2342	shell	10	sin_COG	0	10
group_2021	shell	10	sin_COG	0	10
group_2013	shell	10	sin_COG	0	10
group_1834	shell	10	sin_COG	0	10
group_1703	shell	10	sin_COG	0	10
group_1550	shell	10	sin_COG	0	10
group_1549	shell	10	sin_COG	0	10
group_1543	shell	10	sin_COG	0	10
group_1454	shell	9	sin_COG	0	9
group_1377	shell	10	sin_COG	0	10
group_1329	shell	10	sin_COG	0	10
group_1246	shell	10	sin_COG	0	10
group_1218	shell	10	sin_COG	0	10
group_1012	shell	10	sin_COG	0	10
gltR	shell	10	sin_COG	0	10
group_841	shell	10	sin_COG	0	10
opp3b	shell	10	sin_COG	0	10
opp3C	shell	10	sin_COG	0	10
group_235	shell	10	sin_COG	0	10
group_183	shell	10	sin_COG	0	10
group_16	shell	10	sin_COG	0	10
group_4988	shell	9	sin_COG	0	9
group_4986	shell	9	sin_COG	0	9
group_4984	shell	9	sin_COG	0	9
group_4954	shell	9	sin_COG	0	9
group_4948	shell	9	sin_COG	0	9
group_4945	shell	9	sin_COG	0	9
group_4931	shell	9	sin_COG	0	8
group_4908	shell	9	sin_COG	0	9
group_4901	shell	9	sin_COG	0	9
group_4898	shell	9	sin_COG	0	9
group_4894	shell	9	sin_COG	0	9
group_4888	shell	9	sin_COG	0	9
group_4869	shell	9	sin_COG	0	9
group_4858	shell	9	sin_COG	0	9
group_4854	shell	9	sin_COG	0	9
group_4838	shell	9	sin_COG	0	9
group_4834	shell	9	sin_COG	0	9
group_4833	shell	9	sin_COG	0	9
group_4832	shell	9	sin_COG	0	9
group_4827	shell	9	sin_COG	0	9
group_4796	shell	9	sin_COG	0	9
group_4791	shell	9	sin_COG	0	9
group_4788	shell	9	sin_COG	0	9
phrA1	shell	9	sin_COG	0	9
group_4720	shell	9	sin_COG	0	9
group_4703	shell	9	sin_COG	0	9
group_4702	shell	9	sin_COG	0	9
group_4700	shell	9	sin_COG	0	9
group_4652	shell	9	sin_COG	0	9
group_4626	shell	9	sin_COG	0	9
group_4573	shell	9	sin_COG	0	9
group_4572	shell	9	sin_COG	0	9
group_4571	shell	9	sin_COG	0	9
group_4537	shell	9	sin_COG	0	9
group_4529	shell	9	sin_COG	0	9
group_4427	shell	9	sin_COG	0	9
cmr6	shell	9	sin_COG	0	9
cmr4	shell	9	sin_COG	0	9
cas10	shell	9	sin_COG	0	9
group_4276	shell	9	sin_COG	0	9
group_4164	shell	9	sin_COG	0	9
group_4155	shell	9	sin_COG	0	9
group_4086	shell	9	sin_COG	0	5
group_3996	shell	9	V	9	9
group_3934	shell	9	V	9	9
group_3712	shell	8	sin_COG	0	9
cmr5	shell	9	sin_COG	0	9
cmr3	shell	9	sin_COG	0	9
group_3498	shell	8	sin_COG	0	9
group_3490	shell	9	sin_COG	0	9
group_3441	shell	8	sin_COG	0	8
group_3337	shell	9	sin_COG	0	9
group_3324	shell	9	sin_COG	0	9
group_3310	shell	9	sin_COG	0	8
group_3259	shell	9	sin_COG	0	8
group_3248	shell	9	sin_COG	0	8
group_3246	shell	9	sin_COG	0	8
group_3245	shell	9	sin_COG	0	8
group_2943	shell	9	sin_COG	0	10
group_2839	shell	8	sin_COG	0	9
group_2789	shell	9	sin_COG	0	9
group_2703	shell	9	sin_COG	0	9
group_2622	shell	9	sin_COG	0	9
skfA	shell	9	sin_COG	0	9
group_2430	shell	8	sin_COG	0	9
group_2270	shell	9	sin_COG	0	9
group_2169	shell	9	sin_COG	0	9
group_1822	shell	9	sin_COG	0	9
group_1631	shell	9	sin_COG	0	9
group_1458	shell	9	sin_COG	0	9
group_1264	shell	9	sin_COG	0	9
group_942	shell	9	sin_COG	0	9
group_829	shell	9	sin_COG	0	9
group_472	shell	9	sin_COG	0	9
skfB	shell	9	sin_COG	0	9
group_284	shell	9	sin_COG	0	9
group_4936	cloud	7	sin_COG	0	9
group_4919	shell	8	sin_COG	0	8
group_4911	shell	8	sin_COG	0	8
group_4857	shell	8	sin_COG	0	8
group_4836	shell	8	sin_COG	0	8
group_4825	shell	8	sin_COG	0	8
group_4776	shell	8	sin_COG	0	8
group_4775	shell	8	sin_COG	0	8
group_4706	shell	8	sin_COG	0	8
group_4668	shell	8	sin_COG	0	8
group_4648	shell	8	sin_COG	0	8
group_4541	shell	8	sin_COG	0	8
group_4540	shell	8	sin_COG	0	8
group_4490	shell	8	sin_COG	0	8
group_4463	shell	8	sin_COG	0	8
group_4450	shell	8	sin_COG	0	8
group_4435	shell	8	sin_COG	0	8
group_4430	shell	8	sin_COG	0	8
group_4426	shell	8	sin_COG	0	8
group_4331	shell	8	sin_COG	0	8
group_4301	shell	8	sin_COG	0	6
group_4252	shell	8	sin_COG	0	8
group_4027	shell	8	sin_COG	0	8
group_3984	shell	8	sin_COG	0	8
group_3963	shell	8	sin_COG	0	8
group_3899	shell	8	sin_COG	0	5
group_3628	shell	8	sin_COG	0	8
group_3606	shell	8	sin_COG	0	7
group_3238	shell	8	sin_COG	0	8
group_3230	cloud	7	sin_COG	0	7
group_3225	shell	8	sin_COG	0	8
group_3223	shell	8	sin_COG	0	8
group_3180	shell	8	sin_COG	0	8
group_3115	shell	8	sin_COG	0	8
group_3106	shell	8	sin_COG	0	8
group_3091	shell	8	sin_COG	0	8
group_3086	shell	8	sin_COG	0	8
group_3049	cloud	7	sin_COG	0	9
group_2700	shell	8	sin_COG	0	6
group_2569	shell	8	sin_COG	0	1
group_2343	shell	8	sin_COG	0	8
group_2008	shell	8	sin_COG	0	2
group_2006	shell	8	sin_COG	0	8
group_2002	shell	8	sin_COG	0	8
group_2001	shell	8	sin_COG	0	8
group_1929	shell	8	sin_COG	0	8
ydeH	shell	8	sin_COG	0	8
group_1815	cloud	7	sin_COG	0	8
group_1672	shell	8	sin_COG	0	8
group_1639	shell	8	sin_COG	0	8
group_907	shell	8	sin_COG	0	8
group_477	shell	8	sin_COG	0	8
group_441	shell	8	sin_COG	0	8
group_372	shell	8	sin_COG	0	8
group_5396	cloud	7	sin_COG	0	1
group_5017	cloud	7	sin_COG	0	7
group_5016	cloud	7	sin_COG	0	8
group_5005	cloud	7	sin_COG	0	8
group_4995	cloud	7	sin_COG	0	7
group_4925	cloud	7	sin_COG	0	7
group_4848	cloud	7	sin_COG	0	7
group_4787	cloud	7	sin_COG	0	7
group_4749	cloud	7	sin_COG	0	6
group_4741	cloud	7	sin_COG	0	7
group_4740	cloud	7	sin_COG	0	5
group_4552	cloud	7	sin_COG	0	7
group_4436	cloud	7	sin_COG	0	7
group_4423	cloud	7	sin_COG	0	7
gerE~~~luxR	cloud	7	sin_COG	0	7
group_4348	cloud	7	sin_COG	0	7
group_4247	cloud	7	sin_COG	0	4
group_4007	cloud	7	sin_COG	0	6
yeeF	cloud	7	sin_COG	0	7
group_3980	cloud	6	sin_COG	0	6
group_3933	cloud	7	sin_COG	0	7
group_3910	cloud	7	sin_COG	0	7
group_3894	cloud	7	sin_COG	0	7
group_3818	cloud	7	sin_COG	0	7
group_3800	cloud	7	sin_COG	0	6
recT	cloud	7	sin_COG	0	7
group_3477	cloud	7	sin_COG	0	7
group_3394	cloud	7	sin_COG	0	7
group_3283	cloud	7	sin_COG	0	8
group_3036	cloud	7	sin_COG	0	7
group_3009	cloud	7	sin_COG	0	7
group_2994	cloud	7	sin_COG	0	7
group_2834	cloud	7	sin_COG	0	7
group_2764	cloud	7	sin_COG	0	4
ynaF	cloud	7	sin_COG	0	7
group_2716	cloud	7	sin_COG	0	6
group_2623	cloud	7	sin_COG	0	6
group_2366	cloud	7	sin_COG	0	5
group_1599	cloud	7	sin_COG	0	7
group_885	cloud	7	sin_COG	0	7
yqaJ	cloud	7	sin_COG	0	7
group_746	cloud	7	sin_COG	0	7
group_623	cloud	7	sin_COG	0	7
group_478	cloud	7	sin_COG	0	7
tcaA	cloud	7	sin_COG	0	7
group_5439	cloud	6	sin_COG	0	6
group_5438	cloud	6	sin_COG	0	6
group_4994	cloud	6	sin_COG	0	6
group_4993	cloud	6	sin_COG	0	6
group_4950	cloud	6	sin_COG	0	6
group_4947	cloud	6	sin_COG	0	6
group_4915	cloud	6	sin_COG	0	6
group_4914	cloud	6	sin_COG	0	6
group_4905	cloud	6	sin_COG	0	9
group_4887	cloud	6	sin_COG	0	6
group_4880	cloud	6	sin_COG	0	6
group_4878	cloud	6	sin_COG	0	6
group_4873	cloud	6	sin_COG	0	6
group_4871	cloud	6	sin_COG	0	6
group_4842	cloud	6	sin_COG	0	6
group_4837	cloud	6	sin_COG	0	7
group_4822	cloud	6	sin_COG	0	6
group_4820	cloud	6	sin_COG	0	6
group_4793	cloud	6	sin_COG	0	6
group_4790	cloud	6	sin_COG	0	6
group_4783	cloud	6	sin_COG	0	6
group_4772	cloud	6	sin_COG	0	6
group_4763	cloud	6	sin_COG	0	6
group_4756	cloud	6	sin_COG	0	6
group_4737	cloud	6	sin_COG	0	4
group_4694	cloud	6	sin_COG	0	6
group_4685	cloud	6	sin_COG	0	6
group_4672	cloud	6	sin_COG	0	6
yqaI	cloud	6	sin_COG	0	6
group_4631	cloud	6	sin_COG	0	6
group_4601	cloud	6	sin_COG	0	6
group_4581	cloud	6	sin_COG	0	6
group_4546	cloud	6	sin_COG	0	6
group_4493	cloud	6	sin_COG	0	6
group_4489	cloud	6	sin_COG	0	6
group_4460	cloud	6	sin_COG	0	6
group_4454	cloud	6	sin_COG	0	6
group_4441	cloud	6	sin_COG	0	6
group_4440	cloud	6	sin_COG	0	6
group_4417	cloud	6	sin_COG	0	6
group_4376	cloud	6	sin_COG	0	6
group_4369	cloud	6	sin_COG	0	6
group_4350	cloud	6	sin_COG	0	6
group_4280	cloud	6	sin_COG	0	6
group_4273	cloud	6	sin_COG	0	6
group_4271	cloud	6	sin_COG	0	6
grpB	cloud	6	sin_COG	0	6
group_4246	cloud	6	sin_COG	0	7
group_4149	cloud	6	sin_COG	0	5
group_4054	cloud	6	sin_COG	0	6
group_3979	cloud	6	sin_COG	0	6
group_3941	cloud	6	sin_COG	0	6
group_3891	cloud	6	sin_COG	0	6
group_3890	cloud	6	sin_COG	0	5
group_3838	cloud	6	sin_COG	0	6
group_3765	cloud	6	sin_COG	0	6
group_3761	cloud	6	sin_COG	0	6
group_3565	cloud	6	sin_COG	0	6
group_3500	cloud	6	sin_COG	0	6
group_3416	cloud	6	sin_COG	0	5
group_3349	cloud	6	sin_COG	0	6
group_3342	cloud	6	sin_COG	0	6
group_3260	cloud	6	sin_COG	0	6
group_3231	cloud	6	sin_COG	0	5
group_3229	cloud	6	sin_COG	0	6
group_3220	cloud	6	sin_COG	0	8
group_3114	cloud	6	sin_COG	0	5
group_3097	cloud	6	sin_COG	0	6
group_3096	cloud	6	sin_COG	0	6
group_3090	cloud	6	sin_COG	0	3
group_3085	cloud	6	sin_COG	0	6
group_3065	cloud	6	sin_COG	0	6
group_3033	cloud	6	sin_COG	0	6
group_2928	cloud	6	sin_COG	0	6
group_2849	cloud	6	sin_COG	0	4
group_2688	cloud	6	sin_COG	0	6
group_2625	cloud	6	sin_COG	0	6
group_2610	cloud	6	sin_COG	0	4
group_2608	cloud	6	sin_COG	0	6
group_2571	cloud	6	sin_COG	0	6
group_2354	cloud	6	sin_COG	0	6
group_2272	cloud	6	sin_COG	0	3
group_1941	cloud	6	sin_COG	0	6
group_1902	cloud	6	sin_COG	0	6
group_1564	cloud	6	sin_COG	0	6
group_1528	cloud	6	sin_COG	0	6
group_1413	cloud	6	sin_COG	0	6
group_1210	cloud	6	sin_COG	0	6
group_1023	cloud	6	sin_COG	0	6
group_216	cloud	6	sin_COG	0	6
group_179	cloud	6	sin_COG	0	6
group_19	cloud	6	sin_COG	0	6
group_5397	cloud	5	sin_COG	0	1
group_5112	cloud	5	sin_COG	0	1
group_5102	cloud	5	sin_COG	0	5
group_5099	cloud	5	sin_COG	0	5
group_5095	cloud	5	sin_COG	0	5
group_5009	cloud	5	sin_COG	0	5
group_4998	cloud	5	sin_COG	0	5
group_4980	cloud	5	sin_COG	0	5
group_4964	cloud	5	sin_COG	0	5
group_4963	cloud	5	sin_COG	0	5
group_4959	cloud	5	sin_COG	0	5
group_4956	cloud	5	sin_COG	0	5
group_4955	cloud	5	sin_COG	0	5
group_4937	cloud	5	sin_COG	0	5
group_4924	cloud	5	sin_COG	0	5
group_4895	cloud	5	sin_COG	0	5
group_4881	cloud	5	sin_COG	0	6
group_4861	cloud	5	sin_COG	0	5
group_4852	cloud	5	sin_COG	0	5
group_4839	cloud	5	sin_COG	0	5
group_4807	cloud	5	sin_COG	0	6
group_4784	cloud	5	sin_COG	0	5
group_4735	cloud	5	sin_COG	0	5
group_4731	cloud	5	sin_COG	0	5
group_4712	cloud	5	sin_COG	0	5
group_4684	cloud	5	sin_COG	0	5
group_4671	cloud	5	sin_COG	0	5
group_4651	cloud	5	sin_COG	0	5
group_4645	cloud	5	sin_COG	0	5
group_4609	cloud	5	sin_COG	0	5
group_4551	cloud	5	sin_COG	0	5
group_4531	cloud	5	sin_COG	0	5
group_4522	cloud	5	sin_COG	0	5
group_4480	cloud	5	sin_COG	0	5
group_4464	cloud	5	sin_COG	0	5
group_4432	cloud	5	sin_COG	0	5
group_4314	cloud	5	sin_COG	0	5
group_4305	cloud	5	sin_COG	0	6
group_4278	cloud	5	sin_COG	0	5
group_4228	cloud	5	sin_COG	0	5
group_4181	cloud	5	sin_COG	0	5
cdiA	cloud	5	sin_COG	0	5
group_3961	cloud	5	sin_COG	0	5
group_3958	cloud	5	sin_COG	0	5
group_3942	cloud	5	sin_COG	0	5
yqdA	cloud	5	sin_COG	0	5
group_3805	cloud	5	sin_COG	0	5
group_3542	cloud	5	sin_COG	0	5
group_3493	cloud	5	sin_COG	0	5
group_3472	cloud	5	sin_COG	0	5
group_3447	cloud	5	sin_COG	0	5
group_3446	cloud	5	sin_COG	0	5
group_3433	cloud	5	sin_COG	0	5
group_3320	cloud	5	sin_COG	0	5
group_3273	cloud	5	sin_COG	0	5
cdiI	cloud	5	sin_COG	0	5
group_3216	cloud	5	sin_COG	0	5
group_3137	cloud	5	sin_COG	0	6
group_3092	cloud	5	sin_COG	0	5
group_3028	cloud	5	sin_COG	0	5
group_3022	cloud	5	sin_COG	0	5
group_2908	cloud	5	sin_COG	0	5
group_2777	cloud	5	sin_COG	0	5
group_2680	cloud	5	sin_COG	0	5
group_2621	cloud	5	sin_COG	0	0
group_2606	cloud	5	sin_COG	0	5
group_2458	cloud	5	sin_COG	0	1
group_2333	cloud	5	sin_COG	0	5
group_2281	cloud	5	sin_COG	0	4
group_2063	cloud	5	sin_COG	0	5
ykvN	cloud	5	K	5	5
group_1633	cloud	5	sin_COG	0	5
group_1625	cloud	5	sin_COG	0	5
group_1574	cloud	5	sin_COG	0	5
group_1529	cloud	5	sin_COG	0	5
group_1295	cloud	5	sin_COG	0	5
group_1157	cloud	5	sin_COG	0	5
ykvO	cloud	5	I	5	5
group_853	cloud	5	sin_COG	0	4
hemB	cloud	5	sin_COG	0	5
group_705	cloud	5	sin_COG	0	5
group_699	cloud	5	sin_COG	0	5
group_684	cloud	5	sin_COG	0	4
group_531	cloud	5	sin_COG	0	5
group_380	cloud	5	sin_COG	0	5
htpG	cloud	5	O	5	5
fokI	cloud	5	sin_COG	0	5
group_133	cloud	5	sin_COG	0	5
group_47	cloud	5	sin_COG	0	5
group_37	cloud	5	sin_COG	0	5
group_5081	cloud	4	sin_COG	0	4
group_5079	cloud	4	sin_COG	0	4
group_5077	cloud	4	sin_COG	0	4
group_5075	cloud	4	sin_COG	0	4
group_5071	cloud	4	sin_COG	0	4
group_5070	cloud	4	sin_COG	0	4
group_5063	cloud	4	sin_COG	0	4
group_5062	cloud	4	sin_COG	0	4
group_5061	cloud	4	sin_COG	0	4
group_5060	cloud	4	sin_COG	0	4
group_5059	cloud	4	sin_COG	0	4
group_5056	cloud	4	sin_COG	0	4
group_5055	cloud	4	sin_COG	0	4
group_5054	cloud	4	sin_COG	0	4
group_5052	cloud	4	sin_COG	0	4
group_5051	cloud	4	sin_COG	0	4
group_5048	cloud	4	sin_COG	0	4
group_5047	cloud	4	sin_COG	0	4
group_5046	cloud	4	sin_COG	0	4
group_5045	cloud	4	sin_COG	0	4
group_5043	cloud	4	sin_COG	0	4
group_5040	cloud	4	sin_COG	0	4
group_5036	cloud	4	sin_COG	0	5
group_5028	cloud	4	sin_COG	0	4
group_5021	cloud	4	sin_COG	0	5
group_5020	cloud	4	sin_COG	0	4
group_4992	cloud	4	sin_COG	0	4
group_4983	cloud	4	sin_COG	0	4
group_4978	cloud	4	sin_COG	0	4
group_4976	cloud	4	sin_COG	0	4
group_4974	cloud	4	sin_COG	0	4
group_4973	cloud	4	sin_COG	0	4
group_4972	cloud	4	sin_COG	0	4
group_4952	cloud	4	sin_COG	0	4
group_4940	cloud	4	sin_COG	0	4
group_4939	cloud	4	sin_COG	0	4
group_4938	cloud	4	sin_COG	0	4
group_4879	cloud	4	sin_COG	0	4
group_4855	cloud	4	sin_COG	0	4
group_4849	cloud	4	sin_COG	0	4
group_4824	cloud	4	sin_COG	0	4
group_4814	cloud	4	sin_COG	0	4
xtrA	cloud	4	sin_COG	0	4
group_4812	cloud	4	sin_COG	0	4
group_4811	cloud	4	sin_COG	0	4
group_4804	cloud	4	sin_COG	0	4
group_4789	cloud	4	sin_COG	0	4
group_4781	cloud	4	sin_COG	0	4
group_4779	cloud	4	sin_COG	0	4
group_4757	cloud	4	sin_COG	0	4
group_4754	cloud	4	sin_COG	0	3
group_4753	cloud	4	sin_COG	0	4
group_4747	cloud	4	sin_COG	0	3
group_4745	cloud	4	sin_COG	0	4
group_4732	cloud	4	sin_COG	0	4
group_4730	cloud	4	sin_COG	0	4
group_4725	cloud	4	sin_COG	0	4
group_4723	cloud	4	sin_COG	0	4
group_4719	cloud	4	sin_COG	0	4
group_4716	cloud	4	sin_COG	0	4
group_4714	cloud	4	sin_COG	0	4
group_4708	cloud	4	sin_COG	0	4
group_4704	cloud	4	sin_COG	0	4
group_4701	cloud	4	sin_COG	0	4
group_4697	cloud	4	sin_COG	0	4
clpB	cloud	4	sin_COG	0	4
group_4691	cloud	4	sin_COG	0	4
group_4690	cloud	4	sin_COG	0	4
group_4689	cloud	4	sin_COG	0	4
group_4681	cloud	4	sin_COG	0	4
group_4680	cloud	4	sin_COG	0	4
group_4679	cloud	4	sin_COG	0	4
group_4666	cloud	4	sin_COG	0	4
group_4661	cloud	4	sin_COG	0	4
group_4659	cloud	4	sin_COG	0	4
group_4653	cloud	4	sin_COG	0	4
group_4639	cloud	4	sin_COG	0	4
group_4638	cloud	4	sin_COG	0	4
group_4637	cloud	4	sin_COG	0	4
group_4622	cloud	4	sin_COG	0	3
group_4614	cloud	4	sin_COG	0	4
group_4605	cloud	4	sin_COG	0	4
group_4604	cloud	4	sin_COG	0	4
group_4603	cloud	4	sin_COG	0	4
group_4579	cloud	4	sin_COG	0	4
group_4569	cloud	4	sin_COG	0	4
group_4562	cloud	4	sin_COG	0	4
group_4547	cloud	4	sin_COG	0	3
group_4534	cloud	4	sin_COG	0	4
group_4533	cloud	4	sin_COG	0	4
group_4514	cloud	4	sin_COG	0	4
group_4512	cloud	4	sin_COG	0	4
group_4510	cloud	4	sin_COG	0	5
group_4451	cloud	4	sin_COG	0	4
group_4444	cloud	4	sin_COG	0	4
group_4431	cloud	4	sin_COG	0	4
group_4415	cloud	4	sin_COG	0	4
group_4406	cloud	4	sin_COG	0	4
group_4404	cloud	4	sin_COG	0	4
group_4402	cloud	4	sin_COG	0	4
group_4389	cloud	4	sin_COG	0	4
group_4381	cloud	4	sin_COG	0	4
group_4374	cloud	4	sin_COG	0	4
group_4328	cloud	4	sin_COG	0	4
group_4325	cloud	4	sin_COG	0	4
group_4275	cloud	4	sin_COG	0	4
group_4269	cloud	4	sin_COG	0	4
group_4237	cloud	4	sin_COG	0	4
group_4160	cloud	4	sin_COG	0	4
group_4056	cloud	4	sin_COG	0	4
group_4022	cloud	4	sin_COG	0	6
group_4011	cloud	4	sin_COG	0	2
group_3989	cloud	4	sin_COG	0	4
group_3976	cloud	4	sin_COG	0	4
group_3967	cloud	4	sin_COG	0	4
group_3964	cloud	4	sin_COG	0	4
group_3946	cloud	4	sin_COG	0	4
group_3935	cloud	4	sin_COG	0	4
group_3892	cloud	4	sin_COG	0	4
group_3874	cloud	4	sin_COG	0	4
group_3866	cloud	4	sin_COG	0	4
group_3858	cloud	4	sin_COG	0	4
group_3857	cloud	4	sin_COG	0	4
group_3847	cloud	4	sin_COG	0	4
group_3836	cloud	4	sin_COG	0	4
group_3814	cloud	4	sin_COG	0	4
group_3757	cloud	4	sin_COG	0	4
group_3756	cloud	4	sin_COG	0	4
group_3755	cloud	4	sin_COG	0	4
group_3746	cloud	4	sin_COG	0	4
group_3745	cloud	4	sin_COG	0	4
group_3673	cloud	4	sin_COG	0	2
group_3479	cloud	4	sin_COG	0	4
group_3374	cloud	4	sin_COG	0	3
group_3336	cloud	4	sin_COG	0	4
group_3331	cloud	4	sin_COG	0	4
group_3315	cloud	4	sin_COG	0	4
group_3279	cloud	4	sin_COG	0	4
group_3264	cloud	4	sin_COG	0	4
group_3261	cloud	4	sin_COG	0	4
group_3244	cloud	4	sin_COG	0	5
group_3242	cloud	4	sin_COG	0	4
group_3212	cloud	4	sin_COG	0	4
group_3116	cloud	4	sin_COG	0	4
group_3021	cloud	4	sin_COG	0	3
group_2993	cloud	4	sin_COG	0	4
group_2985	cloud	4	sin_COG	0	4
group_2981	cloud	4	sin_COG	0	4
group_2938	cloud	4	sin_COG	0	4
group_2844	cloud	4	sin_COG	0	5
group_2783	cloud	4	sin_COG	0	4
group_2737	cloud	4	sin_COG	0	4
group_2647	cloud	4	sin_COG	0	4
group_2630	cloud	4	sin_COG	0	4
group_2618	cloud	4	sin_COG	0	4
group_2615	cloud	4	sin_COG	0	4
group_2612	cloud	4	sin_COG	0	4
group_2564	cloud	4	sin_COG	0	4
group_2562	cloud	4	sin_COG	0	1
group_2541	cloud	4	sin_COG	0	2
group_2535	cloud	4	sin_COG	0	3
group_2508	cloud	3	sin_COG	0	4
group_2482	cloud	4	sin_COG	0	3
group_2481	cloud	4	sin_COG	0	4
comX	cloud	4	sin_COG	0	4
group_2399	cloud	4	sin_COG	0	4
group_2275	cloud	4	sin_COG	0	4
group_2231	cloud	3	sin_COG	0	4
group_2207	cloud	4	sin_COG	0	4
group_2187	cloud	4	sin_COG	0	4
group_1998	cloud	4	sin_COG	0	4
group_1904	cloud	4	sin_COG	0	4
group_1874	cloud	4	sin_COG	0	1
group_1807	cloud	4	sin_COG	0	4
group_1751	cloud	4	sin_COG	0	4
group_1718	cloud	4	sin_COG	0	4
group_1677	cloud	4	sin_COG	0	4
group_1616	cloud	4	sin_COG	0	4
group_1596	cloud	4	sin_COG	0	4
group_1578	cloud	4	sin_COG	0	4
group_1527	cloud	4	sin_COG	0	4
group_1485	cloud	4	sin_COG	0	4
group_1435	cloud	4	sin_COG	0	4
group_1383	cloud	4	sin_COG	0	4
group_1369	cloud	4	sin_COG	0	4
group_1348	cloud	4	sin_COG	0	4
group_1340	cloud	4	sin_COG	0	4
group_1332	cloud	4	sin_COG	0	4
group_1324	cloud	4	sin_COG	0	4
group_1306	cloud	4	sin_COG	0	4
group_1305	cloud	4	sin_COG	0	4
group_1296	cloud	4	sin_COG	0	4
group_1233	cloud	4	sin_COG	0	4
group_1170	cloud	4	sin_COG	0	4
group_1115	cloud	4	sin_COG	0	4
group_1106	cloud	4	sin_COG	0	4
group_1052	cloud	4	sin_COG	0	4
bpoC	cloud	4	sin_COG	0	4
group_882	cloud	4	sin_COG	0	3
group_736	cloud	4	sin_COG	0	4
group_713	cloud	4	sin_COG	0	4
group_701	cloud	4	sin_COG	0	4
group_653	cloud	4	sin_COG	0	4
group_503	cloud	4	sin_COG	0	4
group_460	cloud	4	sin_COG	0	4
group_418	cloud	4	sin_COG	0	4
drmMII	cloud	4	sin_COG	0	3
group_300	cloud	4	sin_COG	0	1
group_289	cloud	4	sin_COG	0	4
group_259	cloud	4	sin_COG	0	4
group_217	cloud	4	sin_COG	0	4
group_161	cloud	4	sin_COG	0	4
oppF	cloud	4	sin_COG	0	4
group_139	cloud	4	sin_COG	0	4
group_109	cloud	4	sin_COG	0	4
group_5444	cloud	3	sin_COG	0	3
group_5434	cloud	3	sin_COG	0	3
group_5432	cloud	3	sin_COG	0	3
vbhA	cloud	3	sin_COG	0	3
group_5096	cloud	3	sin_COG	0	5
group_5093	cloud	3	sin_COG	0	2
group_5083	cloud	3	sin_COG	0	4
group_5082	cloud	3	sin_COG	0	3
group_5080	cloud	3	sin_COG	0	3
group_5078	cloud	3	sin_COG	0	3
group_5076	cloud	3	sin_COG	0	3
group_5067	cloud	3	sin_COG	0	3
group_5050	cloud	3	sin_COG	0	3
group_5041	cloud	3	sin_COG	0	3
group_5038	cloud	3	sin_COG	0	3
group_5037	cloud	3	sin_COG	0	3
group_5034	cloud	3	sin_COG	0	3
group_5033	cloud	3	sin_COG	0	3
group_5032	cloud	3	sin_COG	0	3
group_5031	cloud	3	sin_COG	0	3
group_5030	cloud	3	sin_COG	0	3
group_5027	cloud	3	sin_COG	0	3
group_5026	cloud	3	sin_COG	0	3
group_5024	cloud	3	sin_COG	0	3
group_5022	cloud	3	sin_COG	0	3
group_5014	cloud	3	sin_COG	0	3
group_5013	cloud	3	sin_COG	0	4
group_5010	cloud	3	sin_COG	0	3
group_5003	cloud	3	sin_COG	0	3
group_4999	cloud	3	sin_COG	0	3
group_4991	cloud	3	sin_COG	0	3
group_4990	cloud	3	sin_COG	0	3
group_4989	cloud	3	sin_COG	0	3
group_4987	cloud	3	sin_COG	0	3
group_4985	cloud	3	sin_COG	0	3
group_4982	cloud	3	sin_COG	0	3
group_4981	cloud	3	sin_COG	0	3
group_4975	cloud	3	sin_COG	0	3
group_4971	cloud	3	sin_COG	0	3
group_4970	cloud	3	sin_COG	0	3
group_4942	cloud	3	sin_COG	0	3
group_4927	cloud	3	sin_COG	0	3
group_4923	cloud	3	sin_COG	0	3
group_4922	cloud	3	sin_COG	0	4
group_4921	cloud	3	sin_COG	0	3
group_4920	cloud	3	sin_COG	0	3
group_4910	cloud	3	sin_COG	0	3
group_4903	cloud	3	sin_COG	0	4
group_4902	cloud	3	sin_COG	0	3
group_4899	cloud	3	sin_COG	0	3
group_4897	cloud	3	sin_COG	0	3
group_4896	cloud	3	sin_COG	0	3
group_4892	cloud	3	sin_COG	0	3
group_4886	cloud	3	sin_COG	0	3
group_4882	cloud	3	sin_COG	0	3
group_4877	cloud	3	sin_COG	0	3
yoqU	cloud	3	sin_COG	0	3
group_4872	cloud	3	sin_COG	0	3
group_4868	cloud	3	sin_COG	0	3
group_4867	cloud	3	sin_COG	0	3
group_4846	cloud	3	sin_COG	0	3
group_4845	cloud	3	sin_COG	0	3
group_4835	cloud	3	sin_COG	0	3
group_4821	cloud	3	sin_COG	0	3
group_4808	cloud	3	sin_COG	0	2
group_4803	cloud	3	sin_COG	0	3
group_4795	cloud	3	sin_COG	0	3
group_4794	cloud	3	sin_COG	0	3
group_4792	cloud	3	sin_COG	0	3
group_4782	cloud	3	sin_COG	0	3
group_4768	cloud	3	sin_COG	0	3
group_4766	cloud	3	sin_COG	0	3
group_4760	cloud	3	sin_COG	0	4
group_4746	cloud	3	sin_COG	0	3
group_4743	cloud	3	sin_COG	0	3
group_4742	cloud	3	sin_COG	0	3
group_4705	cloud	3	sin_COG	0	5
group_4670	cloud	3	sin_COG	0	3
group_4667	cloud	3	sin_COG	0	3
group_4656	cloud	3	sin_COG	0	3
group_4655	cloud	3	sin_COG	0	3
group_4647	cloud	3	sin_COG	0	3
group_4646	cloud	3	sin_COG	0	3
group_4642	cloud	3	sin_COG	0	3
group_4641	cloud	3	sin_COG	0	3
group_4616	cloud	3	sin_COG	0	3
group_4615	cloud	3	sin_COG	0	3
group_4607	cloud	3	sin_COG	0	3
group_4580	cloud	3	sin_COG	0	3
group_4578	cloud	3	sin_COG	0	3
group_4565	cloud	3	sin_COG	0	3
group_4560	cloud	3	sin_COG	0	3
group_4556	cloud	3	sin_COG	0	3
group_4539	cloud	3	sin_COG	0	3
group_4538	cloud	3	sin_COG	0	3
group_4521	cloud	3	sin_COG	0	3
group_4445	cloud	3	sin_COG	0	3
group_4419	cloud	3	sin_COG	0	3
group_4410	cloud	3	sin_COG	0	3
group_4397	cloud	3	sin_COG	0	3
group_4396	cloud	3	sin_COG	0	3
group_4392	cloud	3	sin_COG	0	3
group_4388	cloud	3	sin_COG	0	3
group_4351	cloud	3	sin_COG	0	3
group_4347	cloud	3	sin_COG	0	3
group_4284	cloud	3	sin_COG	0	3
group_4266	cloud	3	sin_COG	0	4
group_4254	cloud	3	sin_COG	0	3
group_4253	cloud	3	sin_COG	0	3
group_4212	cloud	3	sin_COG	0	3
group_4151	cloud	3	sin_COG	0	3
group_4068	cloud	3	sin_COG	0	3
group_4036	cloud	2	sin_COG	0	3
group_3986	cloud	3	sin_COG	0	3
group_3977	cloud	3	sin_COG	0	3
group_3912	cloud	3	sin_COG	0	3
group_3849	cloud	3	sin_COG	0	3
group_3811	cloud	3	sin_COG	0	3
group_3809	cloud	3	sin_COG	0	3
group_3808	cloud	3	sin_COG	0	4
group_3799	cloud	3	sin_COG	0	3
group_3787	cloud	3	sin_COG	0	3
group_3779	cloud	3	sin_COG	0	3
group_3767	cloud	3	sin_COG	0	3
group_3717	cloud	3	sin_COG	0	3
group_3698	cloud	3	sin_COG	0	3
group_3505	cloud	3	sin_COG	0	3
group_3340	cloud	3	sin_COG	0	3
group_3338	cloud	3	sin_COG	0	3
group_3321	cloud	3	sin_COG	0	3
group_3313	cloud	3	sin_COG	0	3
group_3304	cloud	3	sin_COG	0	4
group_3272	cloud	3	sin_COG	0	3
group_3269	cloud	3	sin_COG	0	2
group_3258	cloud	3	sin_COG	0	3
group_3252	cloud	3	sin_COG	0	3
group_3232	cloud	3	sin_COG	0	3
group_3219	cloud	3	sin_COG	0	3
group_3214	cloud	3	sin_COG	0	3
group_3211	cloud	3	sin_COG	0	2
group_3209	cloud	3	sin_COG	0	4
group_3179	cloud	3	sin_COG	0	4
group_3132	cloud	3	sin_COG	0	3
group_3098	cloud	3	sin_COG	0	3
group_3076	cloud	3	sin_COG	0	4
group_3041	cloud	3	sin_COG	0	3
group_3026	cloud	3	sin_COG	0	3
group_3019	cloud	3	sin_COG	0	3
group_2982	cloud	3	sin_COG	0	3
group_2977	cloud	3	sin_COG	0	3
group_2957	cloud	3	sin_COG	0	3
group_2758	cloud	3	sin_COG	0	3
group_2734	cloud	3	sin_COG	0	3
group_2692	cloud	3	sin_COG	0	3
group_2666	cloud	3	sin_COG	0	3
bhlA	cloud	3	sin_COG	0	3
group_2627	cloud	3	sin_COG	0	3
group_2626	cloud	3	sin_COG	0	3
group_2614	cloud	3	sin_COG	0	2
group_2609	cloud	3	sin_COG	0	3
group_2607	cloud	3	sin_COG	0	3
group_2536	cloud	3	sin_COG	0	3
group_2512	cloud	3	sin_COG	0	3
group_2500	cloud	3	sin_COG	0	3
group_2487	cloud	3	sin_COG	0	3
group_2479	cloud	3	sin_COG	0	3
group_2474	cloud	3	sin_COG	0	3
group_2465	cloud	3	sin_COG	0	3
group_2460	cloud	3	sin_COG	0	3
group_2445	cloud	3	sin_COG	0	3
group_2432	cloud	3	sin_COG	0	2
group_2382	cloud	3	sin_COG	0	3
group_2375	cloud	3	sin_COG	0	1
group_2295	cloud	3	sin_COG	0	3
group_2274	cloud	3	sin_COG	0	3
group_2271	cloud	3	sin_COG	0	3
group_2239	cloud	3	sin_COG	0	3
group_2230	cloud	3	sin_COG	0	3
group_2225	cloud	3	sin_COG	0	3
group_2199	cloud	3	sin_COG	0	2
group_2198	cloud	3	sin_COG	0	2
group_2188	cloud	3	sin_COG	0	3
group_2161	cloud	3	sin_COG	0	3
group_2158	cloud	3	sin_COG	0	3
group_2150	cloud	3	sin_COG	0	3
pqqD	cloud	3	sin_COG	0	3
group_2119	cloud	3	sin_COG	0	3
group_2115	cloud	3	sin_COG	0	3
group_2080	cloud	3	sin_COG	0	3
group_2062	cloud	3	sin_COG	0	3
group_2010	cloud	3	sin_COG	0	3
group_2005	cloud	3	sin_COG	0	3
group_1990	cloud	3	sin_COG	0	3
group_1956	cloud	3	sin_COG	0	3
group_1897	cloud	3	sin_COG	0	3
group_1890	cloud	3	sin_COG	0	3
group_1857	cloud	3	sin_COG	0	3
group_1848	cloud	3	sin_COG	0	3
group_1820	cloud	3	sin_COG	0	3
group_1796	cloud	3	sin_COG	0	3
group_1763	cloud	3	sin_COG	0	3
group_1738	cloud	3	sin_COG	0	3
group_1716	cloud	3	sin_COG	0	3
group_1707	cloud	3	sin_COG	0	3
group_1680	cloud	3	sin_COG	0	3
group_1627	cloud	3	sin_COG	0	3
group_1621	cloud	3	sin_COG	0	3
group_1595	cloud	3	sin_COG	0	3
ruvC	cloud	3	sin_COG	0	3
group_1586	cloud	3	sin_COG	0	3
group_1552	cloud	3	sin_COG	0	3
group_1489	cloud	3	sin_COG	0	3
group_1473	cloud	3	sin_COG	0	3
group_1448	cloud	3	sin_COG	0	3
group_1424	cloud	3	sin_COG	0	3
group_1417	cloud	3	sin_COG	0	3
group_1407	cloud	3	sin_COG	0	3
group_1379	cloud	3	sin_COG	0	3
group_1378	cloud	3	sin_COG	0	3
group_1318	cloud	3	sin_COG	0	3
group_1312	cloud	3	sin_COG	0	3
group_1282	cloud	3	sin_COG	0	3
dsbA	cloud	3	sin_COG	0	3
group_1167	cloud	3	sin_COG	0	3
group_1166	cloud	3	sin_COG	0	3
group_1156	cloud	3	sin_COG	0	3
group_1148	cloud	3	sin_COG	0	3
yycO	cloud	3	sin_COG	0	3
group_1099	cloud	3	sin_COG	0	3
group_1045	cloud	3	sin_COG	0	2
group_1039	cloud	3	sin_COG	0	3
group_994	cloud	3	sin_COG	0	3
group_934	cloud	3	sin_COG	0	3
group_908	cloud	3	sin_COG	0	3
group_867	cloud	3	sin_COG	0	3
group_862	cloud	3	sin_COG	0	3
group_811	cloud	3	sin_COG	0	3
group_809	cloud	3	sin_COG	0	3
group_764	cloud	3	sin_COG	0	3
group_706	cloud	3	sin_COG	0	3
group_680	cloud	3	sin_COG	0	2
group_619	cloud	3	sin_COG	0	3
group_591	cloud	3	sin_COG	0	3
pbuE	cloud	3	sin_COG	0	3
group_514	cloud	3	sin_COG	0	3
group_513	cloud	3	sin_COG	0	3
group_482	cloud	3	sin_COG	0	3
group_439	cloud	2	sin_COG	0	3
group_395	cloud	3	sin_COG	0	2
group_318	cloud	3	sin_COG	0	3
group_306	cloud	3	sin_COG	0	3
group_295	cloud	3	sin_COG	0	3
group_286	cloud	3	sin_COG	0	3
group_268	cloud	3	sin_COG	0	3
group_252	cloud	3	sin_COG	0	3
group_199	cloud	3	sin_COG	0	3
group_173	cloud	3	sin_COG	0	3
parB	cloud	3	sin_COG	0	3
group_150	cloud	3	sin_COG	0	3
group_125	cloud	3	sin_COG	0	3
group_107	cloud	3	sin_COG	0	3
group_94	cloud	3	sin_COG	0	3
group_93	cloud	3	sin_COG	0	3
recQ	cloud	3	sin_COG	0	2
group_57	cloud	3	sin_COG	0	3
group_40	cloud	3	sin_COG	0	3
group_28	cloud	3	sin_COG	0	3
group_25	cloud	3	sin_COG	0	3
group_20	cloud	3	sin_COG	0	3
group_9	cloud	3	sin_COG	0	2
group_5443	cloud	2	sin_COG	0	2
group_5442	cloud	2	sin_COG	0	2
group_5441	cloud	2	sin_COG	0	2
group_5436	cloud	2	sin_COG	0	2
group_5435	cloud	2	sin_COG	0	2
group_5433	cloud	2	sin_COG	0	2
group_5431	cloud	2	sin_COG	0	2
group_5430	cloud	2	sin_COG	0	2
group_5429	cloud	2	sin_COG	0	2
group_5418	cloud	2	sin_COG	0	1
group_5411	cloud	2	sin_COG	0	1
group_5400	cloud	2	sin_COG	0	1
group_5385	cloud	2	sin_COG	0	2
group_5384	cloud	2	sin_COG	0	2
group_5383	cloud	2	sin_COG	0	2
group_5382	cloud	2	sin_COG	0	2
repB	cloud	2	sin_COG	0	2
group_5381	cloud	2	sin_COG	0	2
group_5380	cloud	2	sin_COG	0	2
group_5379	cloud	2	sin_COG	0	2
group_5378	cloud	2	sin_COG	0	2
group_5377	cloud	2	sin_COG	0	2
group_5376	cloud	2	sin_COG	0	2
tcpE	cloud	2	sin_COG	0	2
group_5375	cloud	2	sin_COG	0	2
group_5374	cloud	2	sin_COG	0	2
group_5372	cloud	2	sin_COG	0	2
group_5371	cloud	2	sin_COG	0	2
group_5370	cloud	2	sin_COG	0	2
group_5369	cloud	2	sin_COG	0	2
group_5367	cloud	2	sin_COG	0	2
group_5366	cloud	2	sin_COG	0	2
group_5365	cloud	2	sin_COG	0	2
group_5362	cloud	2	sin_COG	0	2
group_5360	cloud	2	sin_COG	0	2
group_5358	cloud	2	sin_COG	0	2
group_5356	cloud	2	sin_COG	0	2
group_5355	cloud	2	sin_COG	0	2
group_5354	cloud	2	sin_COG	0	2
group_5347	cloud	1	sin_COG	0	2
group_5345	cloud	2	sin_COG	0	1
group_5343	cloud	2	sin_COG	0	2
group_5143	cloud	2	sin_COG	0	1
group_5141	cloud	2	sin_COG	0	2
group_5135	cloud	2	sin_COG	0	2
group_5109	cloud	2	sin_COG	0	1
group_5108	cloud	2	sin_COG	0	1
group_5105	cloud	2	sin_COG	0	2
group_5104	cloud	2	sin_COG	0	2
group_5103	cloud	2	sin_COG	0	2
group_5101	cloud	2	sin_COG	0	2
group_5100	cloud	2	sin_COG	0	2
group_5097	cloud	2	sin_COG	0	2
group_5092	cloud	2	sin_COG	0	2
group_5086	cloud	2	sin_COG	0	1
group_5085	cloud	2	sin_COG	0	1
group_5074	cloud	2	sin_COG	0	2
group_5073	cloud	2	sin_COG	0	2
group_5072	cloud	2	sin_COG	0	2
group_5069	cloud	2	sin_COG	0	2
group_5068	cloud	2	sin_COG	0	2
group_5066	cloud	2	sin_COG	0	2
group_5065	cloud	2	sin_COG	0	2
group_5064	cloud	2	sin_COG	0	2
group_5058	cloud	2	sin_COG	0	2
group_5057	cloud	2	sin_COG	0	2
group_5053	cloud	2	sin_COG	0	2
group_5049	cloud	2	sin_COG	0	2
group_5044	cloud	2	sin_COG	0	2
group_5042	cloud	2	sin_COG	0	2
group_5035	cloud	2	sin_COG	0	2
group_5029	cloud	2	sin_COG	0	2
group_5025	cloud	2	sin_COG	0	2
group_5019	cloud	2	sin_COG	0	2
group_5018	cloud	2	sin_COG	0	2
group_5011	cloud	2	sin_COG	0	2
group_5008	cloud	2	sin_COG	0	2
group_5007	cloud	2	sin_COG	0	2
group_5004	cloud	2	sin_COG	0	2
group_5001	cloud	2	sin_COG	0	2
group_5000	cloud	2	sin_COG	0	2
group_4997	cloud	2	sin_COG	0	2
group_4996	cloud	2	sin_COG	0	2
group_4979	cloud	2	sin_COG	0	2
group_4977	cloud	2	sin_COG	0	2
group_4960	cloud	2	sin_COG	0	2
group_4958	cloud	2	sin_COG	0	2
group_4957	cloud	2	sin_COG	0	2
group_4953	cloud	2	sin_COG	0	2
group_4943	cloud	2	sin_COG	0	2
group_4941	cloud	2	sin_COG	0	2
group_4929	cloud	2	sin_COG	0	2
group_4928	cloud	2	sin_COG	0	2
group_4926	cloud	2	sin_COG	0	2
group_4918	cloud	2	sin_COG	0	2
group_4917	cloud	2	sin_COG	0	2
group_4916	cloud	2	sin_COG	0	2
group_4900	cloud	2	sin_COG	0	2
group_4893	cloud	2	sin_COG	0	2
group_4890	cloud	2	sin_COG	0	2
group_4889	cloud	2	sin_COG	0	2
group_4884	cloud	2	sin_COG	0	2
group_4883	cloud	2	sin_COG	0	2
group_4876	cloud	2	sin_COG	0	2
group_4875	cloud	2	sin_COG	0	2
group_4870	cloud	2	sin_COG	0	2
group_4866	cloud	2	sin_COG	0	2
group_4865	cloud	2	sin_COG	0	2
group_4862	cloud	2	sin_COG	0	2
group_4860	cloud	2	sin_COG	0	2
group_4856	cloud	2	sin_COG	0	2
group_4853	cloud	2	sin_COG	0	2
group_4851	cloud	2	sin_COG	0	2
group_4850	cloud	2	sin_COG	0	3
group_4844	cloud	2	sin_COG	0	2
group_4831	cloud	2	sin_COG	0	2
group_4830	cloud	2	sin_COG	0	2
group_4828	cloud	2	sin_COG	0	2
group_4816	cloud	2	sin_COG	0	2
group_4815	cloud	2	sin_COG	0	2
group_4806	cloud	2	sin_COG	0	2
group_4805	cloud	2	sin_COG	0	2
group_4802	cloud	2	sin_COG	0	2
group_4801	cloud	2	sin_COG	0	2
group_4797	cloud	2	sin_COG	0	2
group_4786	cloud	2	sin_COG	0	2
group_4785	cloud	2	sin_COG	0	2
group_4773	cloud	2	sin_COG	0	2
group_4765	cloud	2	sin_COG	0	2
group_4759	cloud	2	sin_COG	0	2
group_4748	cloud	2	sin_COG	0	2
group_4734	cloud	2	sin_COG	0	2
group_4729	cloud	2	sin_COG	0	2
group_4724	cloud	2	sin_COG	0	2
group_4722	cloud	2	sin_COG	0	2
group_4721	cloud	2	sin_COG	0	2
group_4718	cloud	2	sin_COG	0	2
group_4707	cloud	2	sin_COG	0	2
group_4698	cloud	2	sin_COG	0	2
group_4686	cloud	2	sin_COG	0	2
group_4683	cloud	2	sin_COG	0	2
group_4676	cloud	2	sin_COG	0	2
group_4674	cloud	2	sin_COG	0	2
group_4669	cloud	2	sin_COG	0	2
group_4663	cloud	2	sin_COG	0	2
group_4662	cloud	2	sin_COG	0	2
group_4658	cloud	2	sin_COG	0	2
group_4654	cloud	2	sin_COG	0	2
group_4650	cloud	2	sin_COG	0	2
group_4649	cloud	2	sin_COG	0	2
group_4636	cloud	2	sin_COG	0	2
group_4635	cloud	2	sin_COG	0	2
group_4628	cloud	2	sin_COG	0	2
group_4627	cloud	2	sin_COG	0	2
group_4620	cloud	2	sin_COG	0	2
group_4619	cloud	2	sin_COG	0	2
group_4602	cloud	2	sin_COG	0	2
group_4593	cloud	2	sin_COG	0	3
group_4589	cloud	2	sin_COG	0	2
group_4576	cloud	2	sin_COG	0	2
group_4575	cloud	2	sin_COG	0	2
group_4563	cloud	2	sin_COG	0	2
group_4561	cloud	2	sin_COG	0	2
group_4559	cloud	2	sin_COG	0	2
group_4555	cloud	2	sin_COG	0	2
group_4550	cloud	2	sin_COG	0	2
group_4549	cloud	2	sin_COG	0	2
group_4532	cloud	2	sin_COG	0	2
group_4511	cloud	2	sin_COG	0	2
group_4509	cloud	2	sin_COG	0	2
group_4481	cloud	2	sin_COG	0	2
group_4471	cloud	2	sin_COG	0	2
group_4439	cloud	2	sin_COG	0	2
group_4434	cloud	2	sin_COG	0	2
group_4425	cloud	2	sin_COG	0	2
group_4424	cloud	2	sin_COG	0	2
group_4405	cloud	2	sin_COG	0	2
group_4394	cloud	2	sin_COG	0	2
group_4393	cloud	2	sin_COG	0	2
group_4390	cloud	2	sin_COG	0	2
khpB	cloud	2	sin_COG	0	2
group_4382	cloud	2	sin_COG	0	2
group_4368	cloud	2	sin_COG	0	2
group_4326	cloud	2	sin_COG	0	2
group_4299	cloud	2	sin_COG	0	2
group_4265	cloud	2	sin_COG	0	2
group_4260	cloud	2	sin_COG	0	2
group_4257	cloud	2	sin_COG	0	2
group_4255	cloud	2	sin_COG	0	2
group_4248	cloud	2	sin_COG	0	2
group_4173	cloud	2	sin_COG	0	2
group_4108	cloud	2	sin_COG	0	2
group_4097	cloud	2	sin_COG	0	2
group_4074	cloud	2	sin_COG	0	2
group_4060	cloud	2	sin_COG	0	2
group_4032	cloud	2	sin_COG	0	2
group_3978	cloud	2	sin_COG	0	2
group_3957	cloud	2	sin_COG	0	2
group_3956	cloud	2	sin_COG	0	2
group_3945	cloud	2	sin_COG	0	2
group_3944	cloud	2	sin_COG	0	2
group_3938	cloud	2	sin_COG	0	2
group_3928	cloud	2	sin_COG	0	2
group_3908	cloud	2	sin_COG	0	2
group_3897	cloud	2	sin_COG	0	2
group_3896	cloud	2	sin_COG	0	2
group_3875	cloud	2	sin_COG	0	2
group_3873	cloud	2	sin_COG	0	2
group_3859	cloud	2	sin_COG	0	2
group_3834	cloud	2	sin_COG	0	2
group_3817	cloud	2	sin_COG	0	2
group_3812	cloud	2	sin_COG	0	2
group_3810	cloud	2	sin_COG	0	2
group_3770	cloud	2	sin_COG	0	2
group_3760	cloud	2	sin_COG	0	2
group_3738	cloud	2	sin_COG	0	2
group_3731	cloud	2	sin_COG	0	2
group_3726	cloud	2	sin_COG	0	2
group_3713	cloud	2	sin_COG	0	2
group_3694	cloud	2	sin_COG	0	2
group_3686	cloud	2	sin_COG	0	2
group_3661	cloud	2	sin_COG	0	2
group_3621	cloud	2	sin_COG	0	2
group_3610	cloud	2	sin_COG	0	2
group_3587	cloud	2	sin_COG	0	2
group_3550	cloud	2	sin_COG	0	2
group_3533	cloud	2	sin_COG	0	2
group_3525	cloud	1	sin_COG	0	2
group_3508	cloud	2	sin_COG	0	2
group_3507	cloud	2	sin_COG	0	2
group_3495	cloud	2	sin_COG	0	2
group_3464	cloud	2	sin_COG	0	2
group_3456	cloud	2	sin_COG	0	2
group_3414	cloud	2	sin_COG	0	2
group_3389	cloud	1	sin_COG	0	2
group_3341	cloud	2	sin_COG	0	2
group_3312	cloud	2	sin_COG	0	2
group_3309	cloud	2	sin_COG	0	2
group_3291	cloud	2	sin_COG	0	2
ppsE	cloud	2	sin_COG	0	2
group_3285	cloud	2	sin_COG	0	2
group_3284	cloud	2	sin_COG	0	2
group_3280	cloud	2	sin_COG	0	2
group_3278	cloud	2	sin_COG	0	2
group_3277	cloud	2	sin_COG	0	2
group_3276	cloud	2	sin_COG	0	2
group_3268	cloud	2	sin_COG	0	2
group_3265	cloud	2	sin_COG	0	2
group_3255	cloud	2	sin_COG	0	2
group_3243	cloud	1	sin_COG	0	2
group_3228	cloud	2	sin_COG	0	2
group_3221	cloud	2	sin_COG	0	2
group_3189	cloud	2	sin_COG	0	3
group_3144	cloud	2	sin_COG	0	3
group_3113	cloud	2	sin_COG	0	2
group_3099	cloud	2	sin_COG	0	2
group_3094	cloud	2	sin_COG	0	2
group_3089	cloud	2	sin_COG	0	3
group_3075	cloud	2	sin_COG	0	2
group_3073	cloud	2	sin_COG	0	2
group_3050	cloud	2	sin_COG	0	2
group_3046	cloud	2	sin_COG	0	2
group_3013	cloud	2	sin_COG	0	3
group_2997	cloud	2	sin_COG	0	2
group_2933	cloud	2	sin_COG	0	2
group_2923	cloud	2	sin_COG	0	2
group_2889	cloud	2	sin_COG	0	2
group_2871	cloud	2	sin_COG	0	2
group_2864	cloud	2	sin_COG	0	2
group_2861	cloud	2	sin_COG	0	2
group_2858	cloud	2	sin_COG	0	2
group_2806	cloud	2	sin_COG	0	2
group_2727	cloud	2	sin_COG	0	2
group_2708	cloud	2	sin_COG	0	2
bpmI	cloud	2	sin_COG	0	2
yydC	cloud	2	sin_COG	0	2
group_2653	cloud	2	sin_COG	0	2
group_2633	cloud	2	sin_COG	0	2
group_2632	cloud	2	sin_COG	0	2
group_2631	cloud	2	sin_COG	0	2
group_2629	cloud	2	sin_COG	0	2
group_2628	cloud	2	sin_COG	0	2
group_2624	cloud	2	sin_COG	0	2
group_2619	cloud	2	sin_COG	0	2
group_2613	cloud	2	sin_COG	0	2
group_2611	cloud	2	sin_COG	0	2
group_2577	cloud	2	sin_COG	0	2
group_2575	cloud	2	sin_COG	0	2
group_2566	cloud	2	sin_COG	0	2
group_2560	cloud	2	sin_COG	0	2
group_2558	cloud	2	sin_COG	0	2
group_2556	cloud	2	sin_COG	0	2
group_2552	cloud	2	sin_COG	0	2
group_2549	cloud	2	sin_COG	0	2
group_2545	cloud	2	sin_COG	0	2
group_2542	cloud	2	sin_COG	0	2
group_2540	cloud	2	sin_COG	0	2
group_2539	cloud	2	sin_COG	0	2
group_2524	cloud	2	sin_COG	0	2
group_2514	cloud	2	sin_COG	0	2
group_2513	cloud	2	sin_COG	0	2
group_2507	cloud	2	sin_COG	0	2
group_2505	cloud	2	sin_COG	0	2
group_2504	cloud	2	sin_COG	0	2
group_2498	cloud	2	sin_COG	0	2
group_2495	cloud	2	sin_COG	0	2
group_2494	cloud	2	sin_COG	0	2
group_2490	cloud	2	sin_COG	0	2
group_2488	cloud	2	sin_COG	0	2
group_2480	cloud	2	sin_COG	0	2
group_2472	cloud	2	sin_COG	0	2
group_2463	cloud	2	sin_COG	0	2
group_2457	cloud	2	sin_COG	0	2
group_2450	cloud	2	sin_COG	0	2
group_2448	cloud	2	sin_COG	0	1
group_2447	cloud	1	sin_COG	0	2
group_2440	cloud	2	sin_COG	0	2
group_2438	cloud	2	sin_COG	0	2
group_2437	cloud	2	sin_COG	0	2
group_2434	cloud	2	sin_COG	0	2
group_2411	cloud	2	sin_COG	0	2
group_2401	cloud	2	sin_COG	0	2
xkdX	cloud	2	sin_COG	0	2
group_2395	cloud	2	sin_COG	0	2
group_2391	cloud	2	sin_COG	0	2
group_2385	cloud	2	sin_COG	0	2
group_2384	cloud	2	sin_COG	0	2
group_2371	cloud	2	sin_COG	0	2
group_2359	cloud	2	sin_COG	0	2
group_2356	cloud	2	sin_COG	0	1
group_2345	cloud	2	sin_COG	0	2
group_2337	cloud	2	sin_COG	0	2
group_2334	cloud	2	sin_COG	0	2
group_2332	cloud	2	sin_COG	0	2
group_2331	cloud	2	sin_COG	0	2
group_2327	cloud	2	sin_COG	0	2
group_2318	cloud	2	sin_COG	0	2
group_2316	cloud	2	sin_COG	0	1
group_2311	cloud	2	sin_COG	0	2
group_2307	cloud	2	sin_COG	0	2
group_2306	cloud	2	sin_COG	0	2
group_2301	cloud	2	sin_COG	0	2
group_2297	cloud	2	sin_COG	0	2
group_2291	cloud	2	sin_COG	0	2
group_2290	cloud	2	sin_COG	0	2
group_2278	cloud	2	sin_COG	0	2
group_2261	cloud	2	sin_COG	0	2
group_2252	cloud	2	sin_COG	0	2
group_2251	cloud	2	sin_COG	0	2
group_2242	cloud	2	sin_COG	0	2
group_2238	cloud	2	sin_COG	0	2
group_2232	cloud	2	sin_COG	0	2
group_2229	cloud	2	sin_COG	0	2
group_2223	cloud	2	sin_COG	0	2
group_2219	cloud	2	sin_COG	0	2
group_2210	cloud	2	sin_COG	0	2
group_2208	cloud	2	sin_COG	0	2
group_2205	cloud	2	sin_COG	0	2
group_2194	cloud	2	sin_COG	0	2
group_2192	cloud	2	sin_COG	0	2
group_2186	cloud	2	sin_COG	0	2
group_2185	cloud	2	sin_COG	0	2
group_2178	cloud	2	sin_COG	0	1
group_2162	cloud	2	sin_COG	0	2
group_2156	cloud	2	sin_COG	0	2
group_2139	cloud	2	sin_COG	0	2
group_2122	cloud	2	sin_COG	0	2
group_2120	cloud	2	sin_COG	0	2
group_2097	cloud	2	sin_COG	0	2
group_2094	cloud	2	sin_COG	0	2
group_2089	cloud	2	sin_COG	0	2
group_2079	cloud	2	sin_COG	0	2
group_2073	cloud	2	sin_COG	0	2
yqaH	cloud	2	sin_COG	0	2
group_2047	cloud	2	sin_COG	0	2
group_2042	cloud	2	sin_COG	0	2
group_2040	cloud	2	sin_COG	0	2
group_2031	cloud	2	sin_COG	0	2
group_2016	cloud	2	sin_COG	0	2
group_2011	cloud	2	sin_COG	0	2
group_2007	cloud	2	sin_COG	0	2
group_1989	cloud	2	sin_COG	0	2
group_1988	cloud	2	sin_COG	0	2
group_1982	cloud	2	sin_COG	0	2
group_1978	cloud	2	sin_COG	0	2
group_1962	cloud	2	sin_COG	0	2
group_1957	cloud	2	sin_COG	0	2
group_1943	cloud	2	sin_COG	0	2
group_1942	cloud	2	sin_COG	0	2
tnp	cloud	2	sin_COG	0	2
group_1934	cloud	2	sin_COG	0	2
group_1931	cloud	2	sin_COG	0	2
group_1917	cloud	2	sin_COG	0	2
group_1915	cloud	2	sin_COG	0	2
group_1914	cloud	2	sin_COG	0	2
group_1913	cloud	2	sin_COG	0	2
group_1906	cloud	2	sin_COG	0	2
group_1903	cloud	2	sin_COG	0	2
group_1889	cloud	2	sin_COG	0	2
group_1888	cloud	2	sin_COG	0	2
group_1872	cloud	2	sin_COG	0	2
group_1870	cloud	2	sin_COG	0	2
group_1855	cloud	2	sin_COG	0	2
group_1849	cloud	2	sin_COG	0	2
rnlB	cloud	2	sin_COG	0	2
gpG	cloud	2	sin_COG	0	2
yorD	cloud	2	sin_COG	0	2
group_1811	cloud	2	sin_COG	0	2
group_1805	cloud	2	sin_COG	0	2
group_1785	cloud	2	sin_COG	0	2
group_1781	cloud	2	sin_COG	0	2
group_1780	cloud	2	sin_COG	0	2
group_1779	cloud	2	sin_COG	0	2
group_1768	cloud	2	sin_COG	0	2
group_1766	cloud	2	sin_COG	0	2
group_1765	cloud	2	sin_COG	0	2
group_1746	cloud	2	sin_COG	0	2
group_1744	cloud	2	sin_COG	0	2
group_1711	cloud	2	sin_COG	0	2
group_1697	cloud	2	sin_COG	0	2
group_1686	cloud	2	sin_COG	0	2
secB	cloud	2	sin_COG	0	2
group_1682	cloud	2	sin_COG	0	2
group_1673	cloud	2	sin_COG	0	2
fixH	cloud	2	sin_COG	0	2
group_1663	cloud	2	sin_COG	0	2
group_1657	cloud	2	sin_COG	0	2
group_1656	cloud	2	sin_COG	0	2
group_1650	cloud	2	sin_COG	0	2
group_1649	cloud	2	sin_COG	0	2
group_1648	cloud	2	sin_COG	0	2
group_1642	cloud	2	sin_COG	0	2
group_1640	cloud	2	sin_COG	0	2
group_1635	cloud	2	sin_COG	0	2
yezG	cloud	2	sin_COG	0	2
group_1618	cloud	2	sin_COG	0	2
group_1609	cloud	2	sin_COG	0	2
group_1600	cloud	2	sin_COG	0	2
group_1577	cloud	2	sin_COG	0	2
group_1571	cloud	2	sin_COG	0	2
group_1561	cloud	2	sin_COG	0	2
group_1555	cloud	2	sin_COG	0	2
group_1548	cloud	2	sin_COG	0	2
group_1547	cloud	2	sin_COG	0	2
group_1538	cloud	2	sin_COG	0	2
group_1532	cloud	2	sin_COG	0	2
group_1530	cloud	2	sin_COG	0	2
group_1526	cloud	2	sin_COG	0	2
group_1523	cloud	2	sin_COG	0	2
group_1522	cloud	2	sin_COG	0	2
group_1521	cloud	2	sin_COG	0	2
group_1519	cloud	2	sin_COG	0	2
group_1514	cloud	2	sin_COG	0	2
group_1508	cloud	2	sin_COG	0	2
group_1501	cloud	2	sin_COG	0	2
group_1468	cloud	2	sin_COG	0	2
group_1460	cloud	2	sin_COG	0	2
group_1459	cloud	2	sin_COG	0	2
group_1455	cloud	2	sin_COG	0	2
group_1430	cloud	2	sin_COG	0	2
group_1410	cloud	2	sin_COG	0	2
group_1409	cloud	2	sin_COG	0	2
group_1408	cloud	2	sin_COG	0	2
group_1401	cloud	2	sin_COG	0	2
group_1400	cloud	2	sin_COG	0	2
group_1399	cloud	2	sin_COG	0	2
group_1395	cloud	2	sin_COG	0	2
group_1389	cloud	2	sin_COG	0	2
group_1387	cloud	2	sin_COG	0	2
group_1373	cloud	2	sin_COG	0	2
group_1372	cloud	2	sin_COG	0	2
group_1350	cloud	2	sin_COG	0	2
group_1346	cloud	2	sin_COG	0	2
group_1336	cloud	2	sin_COG	0	2
rloB	cloud	2	sin_COG	0	2
group_1290	cloud	2	sin_COG	0	2
group_1276	cloud	2	sin_COG	0	2
group_1275	cloud	2	sin_COG	0	2
group_1272	cloud	2	sin_COG	0	2
group_1271	cloud	2	sin_COG	0	2
group_1260	cloud	2	sin_COG	0	2
group_1255	cloud	2	sin_COG	0	2
terS	cloud	2	sin_COG	0	2
group_1236	cloud	2	sin_COG	0	2
group_1235	cloud	2	sin_COG	0	2
group_1234	cloud	1	sin_COG	0	2
group_1222	cloud	2	sin_COG	0	2
group_1212	cloud	2	sin_COG	0	2
group_1203	cloud	2	sin_COG	0	2
group_1199	cloud	2	sin_COG	0	2
group_1194	cloud	2	sin_COG	0	2
queC	cloud	2	sin_COG	0	2
group_1190	cloud	2	sin_COG	0	2
group_1189	cloud	2	sin_COG	0	2
group_1183	cloud	2	sin_COG	0	2
group_1182	cloud	2	sin_COG	0	2
group_1180	cloud	2	sin_COG	0	2
group_1178	cloud	2	sin_COG	0	2
group_1163	cloud	2	sin_COG	0	2
group_1158	cloud	2	sin_COG	0	2
group_1155	cloud	2	sin_COG	0	2
group_1141	cloud	2	sin_COG	0	2
group_1135	cloud	2	sin_COG	0	2
group_1102	cloud	2	sin_COG	0	2
group_1098	cloud	2	sin_COG	0	2
group_1097	cloud	2	sin_COG	0	2
group_1083	cloud	2	sin_COG	0	2
group_1082	cloud	2	sin_COG	0	2
group_1075	cloud	2	sin_COG	0	2
group_1074	cloud	2	sin_COG	0	2
group_1064	cloud	2	sin_COG	0	2
group_1056	cloud	2	sin_COG	0	2
group_1046	cloud	2	sin_COG	0	2
group_1042	cloud	2	sin_COG	0	2
group_1041	cloud	2	sin_COG	0	2
group_1040	cloud	2	sin_COG	0	2
group_1029	cloud	2	sin_COG	0	2
group_1024	cloud	2	sin_COG	0	2
group_1015	cloud	2	sin_COG	0	2
group_1013	cloud	2	sin_COG	0	2
group_1008	cloud	2	sin_COG	0	2
group_996	cloud	2	sin_COG	0	2
group_987	cloud	2	sin_COG	0	2
group_986	cloud	2	sin_COG	0	2
group_981	cloud	2	sin_COG	0	1
group_980	cloud	2	sin_COG	0	2
group_965	cloud	2	sin_COG	0	2
group_964	cloud	2	sin_COG	0	2
group_954	cloud	2	sin_COG	0	2
group_927	cloud	2	sin_COG	0	2
group_896	cloud	2	sin_COG	0	2
tetR	cloud	2	sin_COG	0	2
group_888	cloud	2	sin_COG	0	2
group_883	cloud	2	sin_COG	0	2
group_881	cloud	2	sin_COG	0	2
group_864	cloud	2	sin_COG	0	2
group_854	cloud	2	sin_COG	0	2
rnhC	cloud	2	sin_COG	0	2
group_831	cloud	2	sin_COG	0	2
group_816	cloud	2	sin_COG	0	2
group_807	cloud	2	sin_COG	0	2
group_791	cloud	2	sin_COG	0	2
hipA	cloud	2	sin_COG	0	2
group_786	cloud	2	sin_COG	0	1
group_784	cloud	2	sin_COG	0	2
group_765	cloud	2	sin_COG	0	2
group_762	cloud	2	sin_COG	0	2
group_756	cloud	2	sin_COG	0	1
group_749	cloud	2	sin_COG	0	2
group_747	cloud	2	sin_COG	0	2
group_744	cloud	2	sin_COG	0	2
group_738	cloud	2	sin_COG	0	2
group_730	cloud	2	sin_COG	0	2
group_729	cloud	2	sin_COG	0	2
group_720	cloud	2	sin_COG	0	2
group_707	cloud	2	sin_COG	0	2
group_694	cloud	2	sin_COG	0	2
group_657	cloud	2	sin_COG	0	2
group_647	cloud	2	sin_COG	0	2
group_642	cloud	2	sin_COG	0	2
group_635	cloud	2	sin_COG	0	2
group_628	cloud	2	sin_COG	0	2
group_620	cloud	2	sin_COG	0	2
group_613	cloud	2	sin_COG	0	2
group_607	cloud	2	sin_COG	0	2
group_601	cloud	2	sin_COG	0	2
group_596	cloud	2	sin_COG	0	2
group_592	cloud	2	sin_COG	0	2
group_590	cloud	2	sin_COG	0	2
rnlA	cloud	2	sin_COG	0	2
group_580	cloud	2	sin_COG	0	2
group_577	cloud	2	sin_COG	0	2
group_567	cloud	2	sin_COG	0	2
group_553	cloud	2	sin_COG	0	1
group_551	cloud	2	sin_COG	0	1
group_549	cloud	2	sin_COG	0	2
group_541	cloud	2	sin_COG	0	2
group_539	cloud	2	sin_COG	0	2
group_535	cloud	2	sin_COG	0	2
group_527	cloud	2	sin_COG	0	2
group_516	cloud	2	sin_COG	0	2
group_511	cloud	2	sin_COG	0	2
group_495	cloud	2	sin_COG	0	2
group_492	cloud	2	sin_COG	0	2
group_484	cloud	2	sin_COG	0	2
group_470	cloud	2	sin_COG	0	2
group_461	cloud	2	sin_COG	0	2
group_459	cloud	2	sin_COG	0	2
dprA	cloud	2	sin_COG	0	2
group_422	cloud	2	sin_COG	0	2
group_399	cloud	2	sin_COG	0	2
group_382	cloud	2	sin_COG	0	2
group_379	cloud	2	sin_COG	0	2
group_355	cloud	2	sin_COG	0	2
group_352	cloud	2	sin_COG	0	2
group_330	cloud	2	sin_COG	0	2
group_327	cloud	2	sin_COG	0	2
group_325	cloud	1	sin_COG	0	2
group_296	cloud	2	sin_COG	0	2
group_293	cloud	2	sin_COG	0	2
group_280	cloud	2	sin_COG	0	2
group_273	cloud	2	sin_COG	0	2
group_265	cloud	2	sin_COG	0	2
group_264	cloud	2	sin_COG	0	2
group_262	cloud	2	sin_COG	0	2
group_254	cloud	2	sin_COG	0	2
group_242	cloud	2	sin_COG	0	2
group_240	cloud	2	sin_COG	0	2
group_236	cloud	2	sin_COG	0	1
group_233	cloud	2	sin_COG	0	2
group_220	cloud	2	sin_COG	0	2
group_215	cloud	2	sin_COG	0	2
group_212	cloud	2	sin_COG	0	2
group_210	cloud	2	sin_COG	0	2
group_209	cloud	2	sin_COG	0	2
group_208	cloud	2	sin_COG	0	2
group_202	cloud	2	sin_COG	0	2
group_196	cloud	2	sin_COG	0	2
group_186	cloud	2	sin_COG	0	2
group_185	cloud	2	sin_COG	0	2
group_174	cloud	2	sin_COG	0	2
group_172	cloud	2	sin_COG	0	2
group_162	cloud	2	sin_COG	0	2
group_155	cloud	2	sin_COG	0	1
group_154	cloud	2	sin_COG	0	2
group_146	cloud	2	sin_COG	0	2
group_142	cloud	2	sin_COG	0	2
group_141	cloud	2	sin_COG	0	2
group_140	cloud	2	sin_COG	0	2
group_137	cloud	2	sin_COG	0	2
group_130	cloud	2	sin_COG	0	2
group_127	cloud	2	sin_COG	0	2
group_126	cloud	2	sin_COG	0	2
group_119	cloud	2	sin_COG	0	2
ltrA	cloud	2	sin_COG	0	2
group_115	cloud	2	sin_COG	0	1
group_106	cloud	2	sin_COG	0	2
group_101	cloud	2	sin_COG	0	2
group_89	cloud	2	sin_COG	0	2
arsR	cloud	2	sin_COG	0	2
group_62	cloud	2	sin_COG	0	2
drmE	cloud	2	sin_COG	0	2
group_53	cloud	2	sin_COG	0	1
group_49	cloud	2	sin_COG	0	2
group_46	cloud	2	sin_COG	0	2
group_36	cloud	2	sin_COG	0	2
group_35	cloud	2	sin_COG	0	2
group_32	cloud	1	sin_COG	0	2
group_24	cloud	2	sin_COG	0	2
group_14	cloud	2	sin_COG	0	2
drmA	cloud	2	sin_COG	0	2
group_13	cloud	2	sin_COG	0	2
group_5	cloud	2	sin_COG	0	2
group_1	cloud	2	sin_COG	0	2
pksN	cloud	2	sin_COG	0	2
group_5427	exclusivo	0	sin_COG	0	1
group_5426	exclusivo	0	sin_COG	0	1
group_5425	exclusivo	0	sin_COG	0	1
group_5424	exclusivo	0	sin_COG	0	1
group_5423	exclusivo	0	sin_COG	0	1
group_5422	exclusivo	0	sin_COG	0	1
group_5421	cloud	1	sin_COG	0	1
group_5420	cloud	1	sin_COG	0	1
group_5419	cloud	1	sin_COG	0	1
group_5417	cloud	1	sin_COG	0	1
group_5416	cloud	1	sin_COG	0	1
group_5415	cloud	1	sin_COG	0	1
group_5414	cloud	1	sin_COG	0	1
group_5413	cloud	1	sin_COG	0	1
group_5412	cloud	1	sin_COG	0	1
group_5410	cloud	1	sin_COG	0	1
group_5409	cloud	1	sin_COG	0	1
group_5408	cloud	1	sin_COG	0	1
group_5407	cloud	1	sin_COG	0	1
group_5405	cloud	1	sin_COG	0	1
group_5404	cloud	1	sin_COG	0	1
group_5403	cloud	1	sin_COG	0	1
group_5399	cloud	1	sin_COG	0	1
group_5398	cloud	1	sin_COG	0	1
group_5395	cloud	1	sin_COG	0	1
group_5394	cloud	1	sin_COG	0	1
group_5393	cloud	1	sin_COG	0	1
group_5392	cloud	1	sin_COG	0	1
group_5391	cloud	1	sin_COG	0	1
group_5390	cloud	1	sin_COG	0	1
group_5389	cloud	1	sin_COG	0	1
group_5388	cloud	1	sin_COG	0	1
group_5387	cloud	1	sin_COG	0	1
group_5373	cloud	1	sin_COG	0	1
group_5368	cloud	1	sin_COG	0	1
group_5364	cloud	1	sin_COG	0	1
group_5363	cloud	1	sin_COG	0	1
group_5361	cloud	1	sin_COG	0	1
group_5359	cloud	1	sin_COG	0	1
group_5357	cloud	1	sin_COG	0	1
group_5353	cloud	1	sin_COG	0	1
group_5352	cloud	1	sin_COG	0	1
group_5351	cloud	1	sin_COG	0	1
group_5350	cloud	1	sin_COG	0	1
group_5349	cloud	1	sin_COG	0	1
group_5348	cloud	1	sin_COG	0	1
group_5346	cloud	1	sin_COG	0	1
group_5344	cloud	1	sin_COG	0	1
group_5342	cloud	1	sin_COG	0	1
group_5341	cloud	1	sin_COG	0	1
group_5340	cloud	1	sin_COG	0	1
group_5339	cloud	1	sin_COG	0	1
group_5338	cloud	1	sin_COG	0	1
group_5337	cloud	1	sin_COG	0	1
group_5336	cloud	1	sin_COG	0	1
group_5335	cloud	1	sin_COG	0	1
group_5334	cloud	1	sin_COG	0	1
group_5333	cloud	1	sin_COG	0	1
group_5330	cloud	1	sin_COG	0	1
group_5329	cloud	1	sin_COG	0	1
group_5328	cloud	1	sin_COG	0	1
group_5326	cloud	1	sin_COG	0	1
group_5325	cloud	1	sin_COG	0	1
group_5324	cloud	1	sin_COG	0	1
group_5323	cloud	1	sin_COG	0	1
group_5322	cloud	1	sin_COG	0	1
group_5321	cloud	1	sin_COG	0	1
group_5319	cloud	1	sin_COG	0	1
group_5318	cloud	1	sin_COG	0	1
group_5317	cloud	1	sin_COG	0	1
group_5316	cloud	1	sin_COG	0	1
group_5315	cloud	1	sin_COG	0	1
group_5314	cloud	1	sin_COG	0	1
group_5313	cloud	1	sin_COG	0	1
group_5312	cloud	1	sin_COG	0	1
group_5311	cloud	1	sin_COG	0	1
group_5310	cloud	1	sin_COG	0	1
group_5309	cloud	1	sin_COG	0	1
group_5308	cloud	1	sin_COG	0	1
group_5307	cloud	1	sin_COG	0	1
group_5306	cloud	1	sin_COG	0	1
group_5305	cloud	1	sin_COG	0	1
group_5304	cloud	1	sin_COG	0	1
group_5303	cloud	1	sin_COG	0	1
group_5302	cloud	1	sin_COG	0	1
group_5301	cloud	1	sin_COG	0	1
group_5300	cloud	1	sin_COG	0	1
group_5299	cloud	1	sin_COG	0	1
group_5298	cloud	1	sin_COG	0	1
group_5297	cloud	1	sin_COG	0	1
group_5296	cloud	1	sin_COG	0	1
group_5295	cloud	1	sin_COG	0	1
group_5294	cloud	1	sin_COG	0	1
group_5293	cloud	1	sin_COG	0	1
group_5292	cloud	1	sin_COG	0	1
group_5291	cloud	1	sin_COG	0	1
group_5290	cloud	1	sin_COG	0	1
group_5289	cloud	1	sin_COG	0	1
traD	cloud	1	sin_COG	0	1
group_5288	cloud	1	sin_COG	0	1
group_5287	cloud	1	sin_COG	0	1
group_5286	cloud	1	sin_COG	0	1
group_5285	cloud	1	sin_COG	0	1
group_5284	cloud	1	sin_COG	0	1
group_5283	cloud	1	sin_COG	0	1
group_5282	cloud	1	sin_COG	0	1
group_5281	cloud	1	sin_COG	0	1
group_5280	cloud	1	sin_COG	0	1
group_5279	cloud	1	sin_COG	0	1
group_5278	cloud	1	sin_COG	0	1
group_5277	cloud	1	sin_COG	0	1
group_5276	cloud	1	sin_COG	0	1
group_5275	cloud	1	sin_COG	0	1
group_5274	cloud	1	sin_COG	0	1
group_5273	cloud	1	sin_COG	0	1
group_5272	cloud	1	sin_COG	0	1
group_5271	cloud	1	sin_COG	0	1
group_5270	cloud	1	sin_COG	0	1
group_5269	cloud	1	sin_COG	0	1
group_5268	cloud	1	sin_COG	0	1
group_5267	cloud	1	sin_COG	0	1
group_5266	cloud	1	sin_COG	0	1
group_5265	cloud	1	sin_COG	0	1
group_5264	cloud	1	sin_COG	0	1
group_5263	cloud	1	sin_COG	0	1
group_5262	cloud	1	sin_COG	0	1
group_5261	cloud	1	sin_COG	0	1
group_5260	cloud	1	sin_COG	0	1
group_5259	cloud	1	sin_COG	0	1
group_5258	cloud	1	sin_COG	0	1
group_5257	cloud	1	sin_COG	0	1
group_5256	cloud	1	sin_COG	0	1
group_5255	cloud	1	sin_COG	0	1
group_5254	cloud	1	sin_COG	0	1
virB4	cloud	1	sin_COG	0	1
group_5253	cloud	1	sin_COG	0	1
group_5252	cloud	1	sin_COG	0	1
group_5251	cloud	1	sin_COG	0	1
group_5250	cloud	1	sin_COG	0	1
group_5249	cloud	1	sin_COG	0	1
group_5248	cloud	1	sin_COG	0	1
group_5247	cloud	1	sin_COG	0	1
group_5246	cloud	1	sin_COG	0	1
group_5245	cloud	1	sin_COG	0	1
group_5244	cloud	1	sin_COG	0	1
group_5243	cloud	1	sin_COG	0	1
group_5242	cloud	1	sin_COG	0	1
group_5241	cloud	1	sin_COG	0	1
group_5240	cloud	1	sin_COG	0	1
group_5239	cloud	1	sin_COG	0	1
group_5238	cloud	1	sin_COG	0	1
group_5237	cloud	1	sin_COG	0	1
trbL	cloud	1	sin_COG	0	1
group_5236	cloud	1	sin_COG	0	1
group_5235	cloud	1	sin_COG	0	1
group_5234	cloud	1	sin_COG	0	1
group_5233	cloud	1	sin_COG	0	1
group_5232	cloud	1	sin_COG	0	1
group_5231	cloud	1	sin_COG	0	1
group_5230	cloud	1	sin_COG	0	1
group_5229	cloud	1	sin_COG	0	1
group_5228	cloud	1	sin_COG	0	1
group_5227	cloud	1	sin_COG	0	1
group_5226	cloud	1	sin_COG	0	1
group_5225	cloud	1	sin_COG	0	1
group_5224	cloud	1	sin_COG	0	1
group_5223	cloud	1	sin_COG	0	1
group_5222	cloud	1	sin_COG	0	1
group_5221	cloud	1	sin_COG	0	1
group_5220	cloud	1	sin_COG	0	1
group_5219	cloud	1	sin_COG	0	1
group_5218	cloud	1	sin_COG	0	1
group_5217	cloud	1	sin_COG	0	1
group_5216	cloud	1	sin_COG	0	1
group_5215	cloud	1	sin_COG	0	1
group_5214	cloud	1	sin_COG	0	1
group_5213	cloud	1	sin_COG	0	1
group_5212	cloud	1	sin_COG	0	1
group_5211	cloud	1	sin_COG	0	1
repL	cloud	1	sin_COG	0	1
copG	cloud	1	sin_COG	0	1
group_5210	cloud	1	sin_COG	0	1
group_5209	cloud	1	sin_COG	0	1
group_5208	cloud	1	sin_COG	0	1
group_5207	cloud	1	sin_COG	0	1
group_5206	cloud	1	sin_COG	0	1
group_5205	cloud	1	sin_COG	0	1
group_5204	cloud	1	sin_COG	0	1
group_5203	cloud	1	sin_COG	0	1
group_5202	cloud	1	sin_COG	0	1
group_5201	cloud	1	sin_COG	0	1
group_5200	cloud	1	sin_COG	0	1
group_5199	cloud	1	sin_COG	0	1
group_5198	cloud	1	sin_COG	0	1
group_5197	cloud	1	sin_COG	0	1
group_5196	cloud	1	sin_COG	0	1
group_5195	cloud	1	sin_COG	0	1
prgI	cloud	1	sin_COG	0	1
group_5194	cloud	1	sin_COG	0	1
group_5193	cloud	1	sin_COG	0	1
group_5192	cloud	1	sin_COG	0	1
group_5191	cloud	1	sin_COG	0	1
group_5190	cloud	1	sin_COG	0	1
mobQ	cloud	1	sin_COG	0	1
group_5189	cloud	1	sin_COG	0	1
group_5188	cloud	1	sin_COG	0	1
group_5187	cloud	1	sin_COG	0	1
group_5186	cloud	1	sin_COG	0	1
group_5185	cloud	1	sin_COG	0	1
group_5184	cloud	1	sin_COG	0	1
group_5183	cloud	1	sin_COG	0	1
group_5182	cloud	1	sin_COG	0	1
group_5181	cloud	1	sin_COG	0	1
group_5180	cloud	1	sin_COG	0	1
group_5179	cloud	1	sin_COG	0	1
group_5178	cloud	1	sin_COG	0	1
group_5177	cloud	1	sin_COG	0	1
group_5176	cloud	1	sin_COG	0	1
group_5175	cloud	1	sin_COG	0	1
group_5174	cloud	1	sin_COG	0	1
group_5173	cloud	1	sin_COG	0	1
group_5172	cloud	1	sin_COG	0	1
group_5171	cloud	1	sin_COG	0	1
group_5170	cloud	1	sin_COG	0	1
group_5169	cloud	1	sin_COG	0	1
group_5168	cloud	1	sin_COG	0	1
group_5167	cloud	1	sin_COG	0	1
group_5166	cloud	1	sin_COG	0	1
group_5165	cloud	1	sin_COG	0	1
group_5164	cloud	1	sin_COG	0	1
group_5163	cloud	1	sin_COG	0	1
group_5162	cloud	1	sin_COG	0	1
group_5161	cloud	1	sin_COG	0	1
group_5160	cloud	1	sin_COG	0	1
group_5159	cloud	1	sin_COG	0	1
group_5157	cloud	1	sin_COG	0	1
group_5156	cloud	1	sin_COG	0	1
group_5155	cloud	1	sin_COG	0	1
group_5154	cloud	1	sin_COG	0	1
group_5153	cloud	1	sin_COG	0	1
group_5152	cloud	1	sin_COG	0	1
arsD	cloud	1	sin_COG	0	1
group_5151	cloud	1	sin_COG	0	1
group_5150	cloud	1	sin_COG	0	1
group_5149	cloud	1	sin_COG	0	1
group_5148	cloud	1	sin_COG	0	1
group_5147	cloud	1	sin_COG	0	1
arsA	cloud	1	sin_COG	0	1
group_5146	cloud	1	sin_COG	0	1
group_5145	cloud	1	sin_COG	0	1
group_5144	cloud	1	sin_COG	0	1
group_5142	cloud	1	sin_COG	0	1
group_5140	cloud	1	sin_COG	0	1
group_5139	cloud	1	sin_COG	0	1
group_5138	cloud	1	sin_COG	0	1
group_5137	cloud	1	sin_COG	0	1
group_5136	cloud	1	sin_COG	0	1
group_5133	cloud	1	sin_COG	0	1
group_5132	cloud	1	sin_COG	0	1
group_5131	cloud	1	sin_COG	0	1
pM0699	cloud	1	V	1	1
group_5130	cloud	1	sin_COG	0	1
group_5129	cloud	1	sin_COG	0	1
group_5128	cloud	1	sin_COG	0	1
group_5127	cloud	1	sin_COG	0	1
group_5126	cloud	1	sin_COG	0	1
group_5125	cloud	1	sin_COG	0	1
group_5124	cloud	1	sin_COG	0	1
group_5123	cloud	1	sin_COG	0	1
group_5122	cloud	1	sin_COG	0	1
yfjI	cloud	1	sin_COG	0	1
group_5121	cloud	1	sin_COG	0	1
group_5120	cloud	1	sin_COG	0	1
group_5119	cloud	1	sin_COG	0	1
group_5118	cloud	1	V	1	1
group_5117	cloud	1	sin_COG	0	1
group_5116	cloud	1	sin_COG	0	1
group_5115	cloud	1	sin_COG	0	1
group_5114	cloud	1	sin_COG	0	1
group_5113	cloud	1	sin_COG	0	1
group_5111	cloud	1	sin_COG	0	1
group_5110	cloud	1	sin_COG	0	1
group_5107	cloud	1	sin_COG	0	1
group_5106	cloud	1	sin_COG	0	1
group_5091	cloud	1	sin_COG	0	1
group_5090	cloud	1	sin_COG	0	1
group_5089	cloud	1	sin_COG	0	1
group_5088	cloud	1	sin_COG	0	1
group_5087	cloud	1	sin_COG	0	1
group_5084	cloud	1	sin_COG	0	1
group_2605	cloud	1	sin_COG	0	1
group_2604	cloud	1	sin_COG	0	1
group_2603	cloud	1	sin_COG	0	1
group_2602	cloud	1	sin_COG	0	1
group_2601	cloud	1	sin_COG	0	1
group_2600	cloud	1	sin_COG	0	1
group_2599	cloud	1	sin_COG	0	1
group_2598	cloud	1	sin_COG	0	1
group_2597	cloud	1	sin_COG	0	1
group_2596	cloud	1	sin_COG	0	1
group_2595	cloud	1	sin_COG	0	1
group_2594	cloud	1	sin_COG	0	1
group_2593	cloud	1	sin_COG	0	1
group_2592	cloud	1	sin_COG	0	1
group_2591	cloud	1	sin_COG	0	1
group_2590	cloud	1	sin_COG	0	1
group_2589	cloud	1	sin_COG	0	1
group_2588	cloud	1	sin_COG	0	1
group_2587	cloud	1	sin_COG	0	1
group_2586	cloud	1	sin_COG	0	0
group_2584	cloud	1	sin_COG	0	1
group_2583	cloud	1	sin_COG	0	1
group_2582	cloud	1	sin_COG	0	1
group_2580	cloud	1	sin_COG	0	1
group_2579	cloud	1	sin_COG	0	1
group_2578	cloud	1	sin_COG	0	1
group_2576	cloud	1	sin_COG	0	1
group_2574	cloud	1	sin_COG	0	1
group_2573	cloud	1	sin_COG	0	1
group_2572	cloud	1	sin_COG	0	1
group_2570	cloud	1	sin_COG	0	1
group_2567	cloud	1	sin_COG	0	1
group_2565	cloud	1	sin_COG	0	1
group_2563	cloud	1	sin_COG	0	1
group_2561	cloud	1	sin_COG	0	1
group_2559	cloud	1	sin_COG	0	1
group_2557	cloud	1	sin_COG	0	1
group_2555	cloud	1	sin_COG	0	1
group_2554	cloud	1	sin_COG	0	1
group_2553	cloud	1	sin_COG	0	1
group_2551	cloud	1	sin_COG	0	1
group_2548	cloud	1	sin_COG	0	1
group_2547	cloud	1	sin_COG	0	1
group_2546	cloud	1	sin_COG	0	1
group_2543	cloud	1	sin_COG	0	1
group_2538	cloud	1	sin_COG	0	1
group_2537	cloud	1	sin_COG	0	1
group_2534	cloud	1	sin_COG	0	1
group_2533	cloud	1	sin_COG	0	1
group_2532	cloud	1	sin_COG	0	1
group_2531	cloud	1	sin_COG	0	1
group_2528	cloud	1	sin_COG	0	1
group_2527	cloud	1	sin_COG	0	1
group_2526	cloud	1	sin_COG	0	1
group_2525	cloud	1	sin_COG	0	1
group_2523	cloud	1	sin_COG	0	1
group_2522	cloud	1	sin_COG	0	1
group_2521	cloud	1	sin_COG	0	1
group_2520	cloud	1	sin_COG	0	1
group_2519	cloud	1	sin_COG	0	1
group_2518	cloud	1	sin_COG	0	1
group_2517	cloud	1	sin_COG	0	1
group_2515	cloud	1	sin_COG	0	1
group_2511	cloud	1	sin_COG	0	1
group_2510	cloud	1	sin_COG	0	1
group_2509	cloud	1	sin_COG	0	1
group_2506	cloud	1	sin_COG	0	1
group_2503	cloud	1	sin_COG	0	1
group_2502	cloud	1	sin_COG	0	1
group_2501	cloud	1	sin_COG	0	1
group_2499	cloud	1	sin_COG	0	1
group_2497	cloud	1	sin_COG	0	1
group_2496	cloud	1	sin_COG	0	1
group_2493	cloud	1	sin_COG	0	1
group_2492	cloud	1	sin_COG	0	1
group_2491	cloud	1	sin_COG	0	1
group_2489	cloud	1	sin_COG	0	1
group_2485	cloud	1	sin_COG	0	1
group_2484	cloud	1	sin_COG	0	1
group_2483	cloud	1	sin_COG	0	1
group_2478	cloud	1	sin_COG	0	1
group_2477	cloud	1	sin_COG	0	1
group_2476	cloud	1	sin_COG	0	1
group_2475	cloud	1	sin_COG	0	1
group_2473	cloud	1	sin_COG	0	1
group_2468	cloud	1	sin_COG	0	1
group_2467	cloud	1	sin_COG	0	1
group_2466	cloud	1	sin_COG	0	1
group_2464	cloud	1	sin_COG	0	1
group_2462	cloud	1	sin_COG	0	1
group_2461	cloud	1	sin_COG	0	1
group_2459	cloud	1	sin_COG	0	1
group_2453	cloud	1	sin_COG	0	1
group_2452	cloud	1	sin_COG	0	1
group_2451	cloud	1	sin_COG	0	1
group_2449	cloud	1	sin_COG	0	1
group_2446	cloud	1	sin_COG	0	1
group_2444	cloud	1	sin_COG	0	1
group_2443	cloud	1	sin_COG	0	1
group_2442	cloud	1	sin_COG	0	1
group_2439	cloud	1	sin_COG	0	1
group_2435	cloud	1	sin_COG	0	1
group_2433	cloud	1	sin_COG	0	1
group_2428	cloud	1	sin_COG	0	1
group_2427	cloud	1	sin_COG	0	1
group_2426	cloud	1	sin_COG	0	1
group_2425	cloud	1	sin_COG	0	1
fbpA	cloud	1	sin_COG	0	1
group_2424	cloud	1	sin_COG	0	1
group_2423	cloud	1	sin_COG	0	1
group_2417	cloud	1	sin_COG	0	1
group_2416	cloud	1	sin_COG	0	1
group_2415	cloud	1	sin_COG	0	1
group_2414	cloud	1	sin_COG	0	1
group_2413	cloud	1	sin_COG	0	1
group_2412	cloud	1	sin_COG	0	1
group_2410	cloud	1	sin_COG	0	1
group_2408	cloud	1	sin_COG	0	1
group_2407	cloud	1	sin_COG	0	1
group_2406	cloud	1	sin_COG	0	1
group_2405	cloud	1	sin_COG	0	1
group_2404	cloud	1	sin_COG	0	1
group_2403	cloud	1	sin_COG	0	1
group_2402	cloud	1	sin_COG	0	1
group_2400	cloud	1	sin_COG	0	1
group_2398	cloud	1	sin_COG	0	1
group_2397	cloud	1	sin_COG	0	1
group_2396	cloud	1	sin_COG	0	1
group_2389	cloud	1	sin_COG	0	1
group_2388	cloud	1	sin_COG	0	1
group_2387	cloud	1	sin_COG	0	1
group_2386	cloud	1	sin_COG	0	1
group_2383	cloud	1	sin_COG	0	1
group_2380	cloud	1	sin_COG	0	1
group_2379	cloud	1	sin_COG	0	1
group_2378	cloud	1	sin_COG	0	1
group_2377	cloud	1	sin_COG	0	1
group_2376	cloud	1	sin_COG	0	1
group_2374	cloud	1	sin_COG	0	1
group_2373	cloud	1	sin_COG	0	1
group_2372	cloud	1	sin_COG	0	1
group_2370	cloud	1	sin_COG	0	1
group_2369	cloud	1	sin_COG	0	1
group_2368	cloud	1	sin_COG	0	1
group_2367	cloud	1	sin_COG	0	1
group_2365	cloud	1	sin_COG	0	1
group_2364	cloud	1	sin_COG	0	1
group_2363	cloud	1	sin_COG	0	1
group_2362	cloud	1	sin_COG	0	1
group_2360	cloud	1	sin_COG	0	1
xis	cloud	1	sin_COG	0	1
group_2358	cloud	1	sin_COG	0	1
group_2357	cloud	1	sin_COG	0	1
group_2355	cloud	1	sin_COG	0	1
group_2353	cloud	1	sin_COG	0	1
group_2352	cloud	1	sin_COG	0	1
group_2351	cloud	1	sin_COG	0	1
group_2350	cloud	1	sin_COG	0	1
group_2349	cloud	1	sin_COG	0	1
group_2348	cloud	1	sin_COG	0	1
yonK	cloud	1	sin_COG	0	1
group_2347	cloud	1	sin_COG	0	1
group_2346	cloud	1	sin_COG	0	1
group_2344	cloud	1	sin_COG	0	1
group_2336	cloud	1	sin_COG	0	1
group_2335	cloud	1	sin_COG	0	1
group_2330	cloud	1	sin_COG	0	1
group_2329	cloud	1	sin_COG	0	1
group_2328	cloud	1	sin_COG	0	1
group_2326	cloud	1	sin_COG	0	1
group_2325	cloud	1	sin_COG	0	1
group_2324	cloud	1	sin_COG	0	1
group_2320	cloud	1	sin_COG	0	1
group_2319	cloud	1	sin_COG	0	1
group_2317	cloud	1	sin_COG	0	1
group_2315	cloud	1	sin_COG	0	1
group_2313	cloud	1	sin_COG	0	1
group_2312	cloud	1	sin_COG	0	1
group_2309	cloud	1	sin_COG	0	1
group_2308	cloud	1	sin_COG	0	1
group_2305	cloud	1	sin_COG	0	1
group_2304	cloud	1	sin_COG	0	1
group_2303	cloud	1	sin_COG	0	1
group_2300	cloud	1	sin_COG	0	1
group_2299	cloud	1	sin_COG	0	1
group_2298	cloud	1	sin_COG	0	1
group_2296	cloud	1	sin_COG	0	1
group_2294	cloud	1	sin_COG	0	1
group_2293	cloud	1	sin_COG	0	1
group_2292	cloud	1	sin_COG	0	1
group_2289	cloud	1	sin_COG	0	1
group_2288	cloud	1	sin_COG	0	1
group_2287	cloud	1	sin_COG	0	1
group_2286	cloud	1	sin_COG	0	1
group_2285	cloud	1	sin_COG	0	1
group_2284	cloud	1	sin_COG	0	1
group_2283	cloud	1	sin_COG	0	1
group_2282	cloud	1	sin_COG	0	1
group_2280	cloud	1	sin_COG	0	1
group_2277	cloud	1	sin_COG	0	1
group_2276	cloud	1	sin_COG	0	1
group_2273	cloud	1	sin_COG	0	1
group_2269	cloud	1	sin_COG	0	1
group_2268	cloud	1	sin_COG	0	1
group_2267	cloud	1	sin_COG	0	1
group_2266	cloud	1	sin_COG	0	1
group_2265	cloud	1	sin_COG	0	1
group_2264	cloud	1	sin_COG	0	1
group_2263	cloud	1	sin_COG	0	1
group_2262	cloud	1	sin_COG	0	1
group_2258	cloud	1	sin_COG	0	1
group_2255	cloud	1	sin_COG	0	1
group_2254	cloud	1	sin_COG	0	1
group_2253	cloud	1	sin_COG	0	1
group_2250	cloud	1	sin_COG	0	1
group_2248	cloud	1	sin_COG	0	1
group_2247	cloud	1	sin_COG	0	1
group_2246	cloud	1	sin_COG	0	1
group_2244	cloud	1	sin_COG	0	1
group_2243	cloud	1	sin_COG	0	1
group_2241	cloud	1	sin_COG	0	1
group_2240	cloud	1	sin_COG	0	1
group_2234	cloud	1	sin_COG	0	1
group_2233	cloud	1	sin_COG	0	1
group_2226	cloud	1	sin_COG	0	1
group_2224	cloud	1	sin_COG	0	1
group_2222	cloud	1	sin_COG	0	1
group_2221	cloud	1	sin_COG	0	1
group_2220	cloud	1	sin_COG	0	1
group_2217	cloud	1	sin_COG	0	1
group_2215	cloud	1	sin_COG	0	1
group_2214	cloud	1	sin_COG	0	1
group_2213	cloud	1	sin_COG	0	1
group_2212	cloud	1	sin_COG	0	1
group_2211	cloud	1	sin_COG	0	1
group_2209	cloud	1	sin_COG	0	1
group_2206	cloud	1	sin_COG	0	1
group_2204	cloud	1	sin_COG	0	1
group_2203	cloud	1	sin_COG	0	1
group_2202	cloud	1	sin_COG	0	1
group_2201	cloud	1	sin_COG	0	1
group_2200	cloud	1	sin_COG	0	1
group_2197	cloud	1	sin_COG	0	1
group_2196	cloud	1	sin_COG	0	1
group_2195	cloud	1	sin_COG	0	1
group_2193	cloud	1	sin_COG	0	1
group_2191	cloud	1	sin_COG	0	1
group_2190	cloud	1	sin_COG	0	1
group_2189	cloud	1	sin_COG	0	1
group_2180	cloud	1	sin_COG	0	1
group_2179	cloud	1	sin_COG	0	1
group_2177	cloud	1	sin_COG	0	1
yoeC	cloud	1	sin_COG	0	1
group_2174	cloud	1	sin_COG	0	1
group_2173	cloud	1	sin_COG	0	1
group_2172	cloud	1	sin_COG	0	1
group_2171	cloud	1	sin_COG	0	1
group_2170	cloud	1	sin_COG	0	1
group_2166	cloud	1	sin_COG	0	1
group_2165	cloud	1	sin_COG	0	1
group_2164	cloud	1	sin_COG	0	1
group_2163	cloud	1	sin_COG	0	1
group_2160	cloud	1	sin_COG	0	1
group_2159	cloud	1	sin_COG	0	1
group_2155	cloud	1	sin_COG	0	1
group_2153	cloud	1	sin_COG	0	1
group_2152	cloud	1	sin_COG	0	1
group_2151	cloud	1	sin_COG	0	1
group_2149	cloud	1	sin_COG	0	1
group_2148	cloud	1	sin_COG	0	1
group_2147	cloud	1	sin_COG	0	1
group_2146	cloud	1	sin_COG	0	1
group_2145	cloud	1	sin_COG	0	1
group_2144	cloud	1	sin_COG	0	1
group_2143	cloud	1	sin_COG	0	1
group_2142	cloud	1	sin_COG	0	1
group_2141	cloud	1	sin_COG	0	1
group_2140	cloud	1	sin_COG	0	1
group_2138	cloud	1	sin_COG	0	1
group_2137	cloud	1	sin_COG	0	1
group_2136	cloud	1	sin_COG	0	1
sunI	cloud	1	sin_COG	0	1
group_2135	cloud	1	sin_COG	0	1
group_2134	cloud	1	sin_COG	0	1
group_2131	cloud	1	sin_COG	0	1
group_2128	cloud	1	sin_COG	0	1
group_2127	cloud	1	sin_COG	0	1
group_2125	cloud	1	sin_COG	0	1
group_2124	cloud	1	sin_COG	0	1
group_2123	cloud	1	sin_COG	0	1
group_2121	cloud	1	sin_COG	0	1
group_2117	cloud	1	sin_COG	0	1
group_2114	cloud	1	sin_COG	0	1
group_2113	cloud	1	sin_COG	0	1
group_2112	cloud	1	sin_COG	0	1
group_2111	cloud	1	sin_COG	0	1
group_2110	cloud	1	sin_COG	0	1
group_2109	cloud	1	sin_COG	0	1
group_2108	cloud	1	sin_COG	0	1
group_2107	cloud	1	sin_COG	0	1
group_2106	cloud	1	sin_COG	0	1
group_2105	cloud	1	sin_COG	0	1
group_2104	cloud	1	sin_COG	0	1
group_2101	cloud	1	sin_COG	0	1
group_2100	cloud	1	sin_COG	0	1
group_2099	cloud	1	sin_COG	0	1
group_2098	cloud	1	sin_COG	0	1
group_2096	cloud	1	sin_COG	0	1
group_2095	cloud	1	sin_COG	0	1
group_2093	cloud	1	sin_COG	0	1
group_2092	cloud	1	sin_COG	0	1
group_2090	cloud	1	sin_COG	0	1
group_2088	cloud	1	sin_COG	0	1
group_2087	cloud	1	sin_COG	0	1
group_2086	cloud	1	sin_COG	0	1
group_2085	cloud	1	sin_COG	0	1
group_2084	cloud	1	sin_COG	0	1
group_2083	cloud	1	sin_COG	0	1
group_2082	cloud	1	sin_COG	0	1
group_2081	cloud	1	sin_COG	0	1
group_2076	cloud	1	sin_COG	0	1
group_2075	cloud	1	sin_COG	0	1
group_2074	cloud	1	sin_COG	0	1
group_2069	cloud	1	sin_COG	0	1
group_2068	cloud	1	sin_COG	0	1
group_2067	cloud	1	sin_COG	0	1
group_2066	cloud	1	sin_COG	0	1
group_2065	cloud	1	sin_COG	0	1
group_2064	cloud	1	sin_COG	0	1
group_2057	cloud	1	sin_COG	0	1
group_2056	cloud	1	sin_COG	0	1
group_2055	cloud	1	sin_COG	0	1
group_2054	cloud	1	sin_COG	0	1
group_2053	cloud	1	sin_COG	0	1
group_2052	cloud	1	sin_COG	0	1
group_2051	cloud	1	sin_COG	0	1
group_2050	cloud	1	sin_COG	0	1
group_2049	cloud	1	sin_COG	0	1
group_2045	cloud	1	sin_COG	0	1
group_2044	cloud	1	sin_COG	0	1
group_2043	cloud	1	sin_COG	0	1
group_2041	cloud	1	sin_COG	0	1
group_2039	cloud	1	sin_COG	0	1
group_2038	cloud	1	sin_COG	0	1
cas2	cloud	1	sin_COG	0	1
group_2037	cloud	1	sin_COG	0	1
group_2036	cloud	1	sin_COG	0	1
group_2035	cloud	1	sin_COG	0	1
group_2033	cloud	1	sin_COG	0	1
group_2032	cloud	1	sin_COG	0	1
group_2030	cloud	1	sin_COG	0	1
group_2029	cloud	1	sin_COG	0	1
group_2028	cloud	1	sin_COG	0	1
group_2027	cloud	1	sin_COG	0	1
group_2026	cloud	1	sin_COG	0	1
group_2025	cloud	1	sin_COG	0	1
group_2024	cloud	1	sin_COG	0	1
group_2023	cloud	1	sin_COG	0	1
group_2020	cloud	1	sin_COG	0	1
group_2019	cloud	1	sin_COG	0	1
group_2018	cloud	1	sin_COG	0	1
group_2017	cloud	1	sin_COG	0	1
group_2015	cloud	1	sin_COG	0	1
group_2014	cloud	1	sin_COG	0	1
group_2009	cloud	1	sin_COG	0	1
group_2004	cloud	1	sin_COG	0	1
group_2003	cloud	1	sin_COG	0	1
group_1999	cloud	1	sin_COG	0	1
group_1997	cloud	1	sin_COG	0	1
group_1996	cloud	1	sin_COG	0	1
group_1993	cloud	1	sin_COG	0	1
group_1992	cloud	1	sin_COG	0	1
group_1991	cloud	1	sin_COG	0	1
group_1987	cloud	1	sin_COG	0	1
group_1981	cloud	1	sin_COG	0	1
group_1980	cloud	1	sin_COG	0	1
group_1979	cloud	1	sin_COG	0	1
group_1976	cloud	1	sin_COG	0	1
group_1975	cloud	1	sin_COG	0	1
group_1974	cloud	1	sin_COG	0	1
group_1973	cloud	1	sin_COG	0	1
group_1972	cloud	1	sin_COG	0	1
group_1968	cloud	1	sin_COG	0	1
group_1967	cloud	1	sin_COG	0	1
group_1966	cloud	1	sin_COG	0	1
group_1965	cloud	1	sin_COG	0	1
group_1964	cloud	1	sin_COG	0	1
group_1963	cloud	1	sin_COG	0	1
group_1961	cloud	1	sin_COG	0	1
group_1959	cloud	1	sin_COG	0	1
group_1955	cloud	1	sin_COG	0	1
group_1952	cloud	1	sin_COG	0	1
group_1951	cloud	1	sin_COG	0	1
group_1950	cloud	1	sin_COG	0	1
group_1949	cloud	1	sin_COG	0	1
group_1939	cloud	1	sin_COG	0	1
group_1936	cloud	1	sin_COG	0	1
group_1935	cloud	1	sin_COG	0	1
group_1933	cloud	1	sin_COG	0	1
group_1932	cloud	1	sin_COG	0	1
group_1930	cloud	1	sin_COG	0	1
group_1927	cloud	1	sin_COG	0	1
group_1925	cloud	1	sin_COG	0	1
group_1924	cloud	1	sin_COG	0	1
group_1923	cloud	1	sin_COG	0	1
group_1922	cloud	1	sin_COG	0	1
group_1921	cloud	1	sin_COG	0	1
group_1920	cloud	1	sin_COG	0	1
group_1919	cloud	1	sin_COG	0	1
group_1918	cloud	1	sin_COG	0	1
group_1916	cloud	1	sin_COG	0	1
group_1912	cloud	1	sin_COG	0	1
group_1909	cloud	1	sin_COG	0	1
group_1908	cloud	1	sin_COG	0	1
group_1907	cloud	1	sin_COG	0	1
group_1905	cloud	1	sin_COG	0	1
group_1901	cloud	1	sin_COG	0	1
group_1900	cloud	1	sin_COG	0	1
group_1899	cloud	1	sin_COG	0	1
group_1898	cloud	1	sin_COG	0	1
group_1892	cloud	1	sin_COG	0	1
group_1891	cloud	1	sin_COG	0	1
group_1882	cloud	1	sin_COG	0	1
group_1881	cloud	1	sin_COG	0	1
group_1878	cloud	1	sin_COG	0	1
group_1877	cloud	1	sin_COG	0	1
group_1876	cloud	1	sin_COG	0	1
group_1875	cloud	1	sin_COG	0	1
group_1871	cloud	1	sin_COG	0	1
yajD	cloud	1	sin_COG	0	1
group_1868	cloud	1	sin_COG	0	1
wapI	cloud	1	sin_COG	0	1
group_1864	cloud	1	sin_COG	0	1
group_1863	cloud	1	sin_COG	0	1
group_1862	cloud	1	sin_COG	0	1
group_1861	cloud	1	sin_COG	0	1
group_1858	cloud	1	sin_COG	0	1
group_1856	cloud	1	sin_COG	0	1
group_1852	cloud	1	sin_COG	0	1
group_1851	cloud	1	sin_COG	0	1
group_1850	cloud	1	sin_COG	0	1
group_1845	cloud	1	sin_COG	0	1
group_1844	cloud	1	sin_COG	0	1
group_1843	cloud	1	sin_COG	0	1
group_1842	cloud	1	sin_COG	0	1
group_1841	cloud	1	sin_COG	0	1
group_1840	cloud	1	sin_COG	0	1
group_1836	cloud	1	sin_COG	0	1
group_1835	cloud	1	sin_COG	0	1
group_1829	cloud	1	sin_COG	0	1
group_1828	cloud	1	sin_COG	0	1
group_1827	cloud	1	sin_COG	0	1
group_1826	cloud	1	sin_COG	0	1
mpsC	cloud	1	sin_COG	0	1
group_1825	cloud	1	sin_COG	0	1
group_1824	cloud	1	sin_COG	0	1
group_1823	cloud	1	sin_COG	0	1
dndE	cloud	1	sin_COG	0	1
group_1821	cloud	1	sin_COG	0	1
group_1819	cloud	1	sin_COG	0	1
group_1818	cloud	1	sin_COG	0	1
group_1817	cloud	1	sin_COG	0	1
group_1816	cloud	1	sin_COG	0	1
group_1810	cloud	1	sin_COG	0	1
group_1809	cloud	1	sin_COG	0	1
group_1808	cloud	1	sin_COG	0	1
group_1806	cloud	1	sin_COG	0	1
group_1804	cloud	1	sin_COG	0	1
group_1799	cloud	1	sin_COG	0	1
group_1798	cloud	1	sin_COG	0	1
group_1797	cloud	1	sin_COG	0	1
group_1795	cloud	1	sin_COG	0	1
group_1794	cloud	1	sin_COG	0	1
group_1793	cloud	1	sin_COG	0	1
group_1787	cloud	1	sin_COG	0	1
group_1786	cloud	1	sin_COG	0	1
comG	cloud	1	sin_COG	0	1
group_1784	cloud	1	sin_COG	0	1
group_1783	cloud	1	sin_COG	0	1
group_1782	cloud	1	sin_COG	0	1
group_1777	cloud	1	sin_COG	0	1
group_1776	cloud	1	sin_COG	0	1
group_1775	cloud	1	sin_COG	0	1
group_1774	cloud	1	sin_COG	0	1
crcB	cloud	1	sin_COG	0	1
group_1773	cloud	1	sin_COG	0	1
group_1767	cloud	1	sin_COG	0	1
group_1764	cloud	1	sin_COG	0	1
group_1762	cloud	1	sin_COG	0	1
group_1761	cloud	1	sin_COG	0	1
group_1760	cloud	1	sin_COG	0	1
group_1759	cloud	1	sin_COG	0	1
group_1758	cloud	1	sin_COG	0	1
group_1757	cloud	1	sin_COG	0	1
group_1755	cloud	1	sin_COG	0	1
group_1752	cloud	1	sin_COG	0	1
group_1750	cloud	1	sin_COG	0	1
group_1749	cloud	1	sin_COG	0	1
group_1745	cloud	1	sin_COG	0	1
group_1741	cloud	1	sin_COG	0	1
group_1740	cloud	1	sin_COG	0	1
arsC	cloud	1	sin_COG	0	1
group_1739	cloud	1	sin_COG	0	1
group_1735	cloud	1	sin_COG	0	1
group_1734	cloud	1	sin_COG	0	1
group_1730	cloud	1	sin_COG	0	1
group_1729	cloud	1	sin_COG	0	1
group_1727	cloud	1	sin_COG	0	1
group_1726	cloud	1	sin_COG	0	1
group_1725	cloud	1	sin_COG	0	1
group_1717	cloud	1	sin_COG	0	1
rusA	cloud	1	sin_COG	0	1
group_1714	cloud	1	sin_COG	0	1
group_1713	cloud	1	sin_COG	0	1
group_1712	cloud	1	sin_COG	0	1
group_1706	cloud	1	sin_COG	0	1
group_1705	cloud	1	sin_COG	0	1
group_1704	cloud	1	sin_COG	0	1
group_1701	cloud	1	sin_COG	0	1
group_1700	cloud	1	sin_COG	0	1
group_1696	cloud	1	sin_COG	0	1
group_1695	cloud	1	sin_COG	0	1
arpU	cloud	1	sin_COG	0	1
group_1688	cloud	1	sin_COG	0	1
group_1687	cloud	1	sin_COG	0	1
group_1683	cloud	1	sin_COG	0	1
group_1681	cloud	1	sin_COG	0	1
group_1679	cloud	1	sin_COG	0	1
group_1678	cloud	1	sin_COG	0	1
group_1675	exclusivo	0	sin_COG	0	1
group_1668	cloud	1	sin_COG	0	1
group_1667	cloud	1	sin_COG	0	1
group_1666	cloud	1	sin_COG	0	1
group_1665	cloud	1	sin_COG	0	1
group_1655	cloud	1	sin_COG	0	1
group_1654	cloud	1	sin_COG	0	1
group_1643	cloud	1	sin_COG	0	1
group_1641	cloud	1	sin_COG	0	1
group_1636	cloud	1	sin_COG	0	1
group_1634	cloud	1	sin_COG	0	1
group_1632	cloud	1	sin_COG	0	1
group_1629	cloud	1	sin_COG	0	1
group_1628	cloud	1	sin_COG	0	1
group_1626	cloud	1	sin_COG	0	1
group_1623	cloud	1	sin_COG	0	1
group_1622	cloud	1	sin_COG	0	1
group_1617	cloud	1	sin_COG	0	1
group_1611	cloud	1	sin_COG	0	1
group_1608	cloud	1	sin_COG	0	1
group_1604	exclusivo	0	sin_COG	0	1
group_1603	cloud	1	sin_COG	0	1
group_1602	cloud	1	sin_COG	0	1
group_1594	cloud	1	sin_COG	0	1
group_1589	cloud	1	sin_COG	0	1
group_1588	cloud	1	sin_COG	0	1
group_1587	cloud	1	sin_COG	0	1
group_1585	cloud	1	sin_COG	0	1
group_1584	cloud	1	sin_COG	0	1
group_1580	cloud	1	sin_COG	0	1
group_1579	cloud	1	sin_COG	0	1
arsN1	cloud	1	sin_COG	0	1
insH	cloud	1	sin_COG	0	1
yopX	cloud	1	sin_COG	0	1
group_1576	cloud	1	sin_COG	0	1
group_1575	cloud	1	sin_COG	0	1
group_1573	cloud	1	sin_COG	0	1
group_1572	cloud	1	sin_COG	0	1
group_1569	cloud	1	sin_COG	0	1
group_1568	cloud	1	sin_COG	0	1
group_1567	cloud	1	sin_COG	0	1
group_1566	cloud	1	sin_COG	0	1
group_1565	cloud	1	sin_COG	0	1
group_1563	cloud	1	sin_COG	0	1
group_1562	cloud	1	sin_COG	0	1
group_1560	cloud	1	sin_COG	0	1
group_1559	cloud	1	sin_COG	0	1
group_1556	cloud	1	sin_COG	0	1
group_1554	cloud	1	sin_COG	0	1
group_1553	cloud	1	sin_COG	0	1
exsB	cloud	1	sin_COG	0	1
group_1551	cloud	1	sin_COG	0	1
group_1546	cloud	1	sin_COG	0	1
group_1544	cloud	1	sin_COG	0	1
dut	cloud	1	sin_COG	0	1
group_1540	cloud	1	sin_COG	0	1
group_1539	cloud	1	sin_COG	0	1
group_1537	cloud	1	sin_COG	0	1
group_1531	cloud	1	sin_COG	0	1
fabZ	cloud	1	sin_COG	0	1
group_1524	cloud	1	sin_COG	0	1
group_1520	cloud	1	sin_COG	0	1
group_1516	cloud	1	sin_COG	0	1
group_1515	cloud	1	sin_COG	0	1
group_1513	cloud	1	sin_COG	0	1
group_1512	cloud	1	sin_COG	0	1
vapC	cloud	1	sin_COG	0	1
group_1503	cloud	1	sin_COG	0	1
group_1502	cloud	1	sin_COG	0	1
padR	cloud	1	sin_COG	0	1
group_1500	cloud	1	sin_COG	0	1
group_1498	cloud	1	sin_COG	0	1
group_1497	cloud	1	sin_COG	0	1
group_1496	cloud	1	sin_COG	0	1
group_1495	cloud	1	sin_COG	0	1
group_1494	cloud	1	sin_COG	0	1
group_1492	cloud	1	sin_COG	0	1
group_1491	cloud	1	sin_COG	0	1
group_1488	cloud	1	sin_COG	0	1
group_1487	cloud	1	sin_COG	0	1
group_1486	cloud	1	sin_COG	0	1
group_1484	cloud	1	sin_COG	0	1
group_1483	cloud	1	sin_COG	0	1
group_1482	cloud	1	sin_COG	0	1
group_1481	cloud	1	sin_COG	0	1
group_1480	cloud	1	sin_COG	0	1
group_1479	cloud	1	sin_COG	0	1
group_1478	cloud	1	sin_COG	0	1
group_1476	cloud	1	sin_COG	0	1
group_1475	cloud	1	sin_COG	0	1
group_1474	cloud	1	sin_COG	0	1
group_1470	cloud	1	sin_COG	0	1
rfbC	cloud	1	sin_COG	0	1
group_1464	cloud	1	sin_COG	0	1
group_1463	cloud	1	sin_COG	0	1
group_1462	cloud	1	sin_COG	0	1
group_1461	cloud	1	sin_COG	0	1
group_1457	cloud	1	sin_COG	0	1
group_1456	cloud	1	sin_COG	0	1
group_1452	cloud	1	sin_COG	0	1
group_1451	cloud	1	sin_COG	0	1
group_1450	cloud	1	sin_COG	0	1
group_1449	cloud	1	sin_COG	0	1
group_1447	cloud	1	sin_COG	0	1
group_1444	cloud	1	sin_COG	0	1
group_1443	cloud	1	sin_COG	0	1
group_1442	cloud	1	sin_COG	0	1
group_1441	cloud	1	sin_COG	0	1
group_1439	cloud	1	sin_COG	0	1
group_1438	cloud	1	sin_COG	0	1
group_1437	cloud	1	sin_COG	0	1
group_1436	cloud	1	sin_COG	0	1
group_1434	cloud	1	sin_COG	0	1
group_1433	cloud	1	sin_COG	0	1
group_1432	cloud	1	sin_COG	0	1
group_1431	cloud	1	sin_COG	0	1
group_1429	cloud	1	sin_COG	0	1
kdpC	cloud	1	sin_COG	0	1
group_1426	cloud	1	sin_COG	0	1
group_1425	cloud	1	sin_COG	0	1
mmcB	cloud	1	sin_COG	0	1
group_1422	cloud	1	sin_COG	0	1
group_1420	cloud	1	sin_COG	0	1
group_1419	cloud	1	sin_COG	0	1
group_1418	cloud	1	sin_COG	0	1
group_1416	cloud	1	sin_COG	0	1
group_1415	cloud	1	sin_COG	0	1
group_1414	cloud	1	sin_COG	0	1
group_1411	cloud	1	sin_COG	0	1
group_1404	cloud	1	sin_COG	0	1
group_1403	cloud	1	sin_COG	0	1
group_1402	cloud	1	sin_COG	0	1
group_1397	cloud	1	sin_COG	0	1
group_1396	cloud	1	sin_COG	0	1
group_1394	cloud	1	sin_COG	0	1
group_1391	cloud	1	sin_COG	0	1
group_1390	cloud	1	sin_COG	0	1
group_1388	cloud	1	sin_COG	0	1
group_1382	cloud	1	sin_COG	0	1
group_1380	cloud	1	sin_COG	0	1
group_1371	cloud	1	sin_COG	0	1
group_1370	cloud	1	sin_COG	0	1
group_1365	cloud	1	sin_COG	0	1
group_1364	cloud	1	sin_COG	0	1
group_1361	cloud	1	sin_COG	0	1
group_1360	cloud	1	sin_COG	0	1
group_1359	cloud	1	sin_COG	0	1
group_1352	cloud	1	sin_COG	0	1
group_1351	cloud	1	sin_COG	0	1
group_1349	cloud	1	sin_COG	0	1
group_1343	cloud	1	sin_COG	0	1
group_1342	cloud	1	sin_COG	0	1
group_1341	cloud	1	sin_COG	0	1
group_1335	cloud	1	sin_COG	0	1
group_1334	cloud	1	sin_COG	0	1
group_1333	cloud	1	sin_COG	0	1
group_1331	cloud	1	sin_COG	0	1
group_1330	cloud	1	sin_COG	0	1
group_1328	cloud	1	sin_COG	0	1
group_1327	cloud	1	sin_COG	0	1
group_1326	cloud	1	sin_COG	0	1
group_1325	cloud	1	sin_COG	0	1
group_1323	cloud	1	sin_COG	0	1
group_1322	cloud	1	sin_COG	0	1
group_1320	cloud	1	sin_COG	0	1
group_1319	cloud	1	sin_COG	0	1
group_1317	cloud	1	sin_COG	0	1
group_1313	cloud	1	sin_COG	0	1
group_1308	cloud	1	sin_COG	0	1
group_1307	cloud	1	sin_COG	0	1
group_1304	cloud	1	sin_COG	0	1
group_1303	cloud	1	sin_COG	0	1
group_1299	cloud	1	sin_COG	0	1
group_1298	cloud	1	sin_COG	0	1
group_1291	exclusivo	0	sin_COG	0	1
group_1289	cloud	1	sin_COG	0	1
group_1283	cloud	1	sin_COG	0	1
group_1281	cloud	1	sin_COG	0	1
group_1280	cloud	1	sin_COG	0	1
darT	cloud	1	sin_COG	0	1
group_1279	cloud	1	sin_COG	0	1
group_1278	cloud	1	sin_COG	0	1
group_1277	cloud	1	sin_COG	0	1
group_1274	cloud	1	sin_COG	0	1
group_1270	cloud	1	sin_COG	0	1
group_1265	cloud	1	sin_COG	0	1
cas4	cloud	1	sin_COG	0	1
group_1262	cloud	1	sin_COG	0	1
group_1261	cloud	1	sin_COG	0	1
group_1259	cloud	1	sin_COG	0	1
group_1256	cloud	1	sin_COG	0	1
group_1253	cloud	1	sin_COG	0	1
group_1252	cloud	1	sin_COG	0	1
ecsC	cloud	1	sin_COG	0	1
group_1251	cloud	1	sin_COG	0	1
group_1250	cloud	1	sin_COG	0	1
group_1247	cloud	1	sin_COG	0	1
group_1244	cloud	1	sin_COG	0	1
group_1243	cloud	1	sin_COG	0	1
group_1241	cloud	1	sin_COG	0	1
group_1238	cloud	1	sin_COG	0	1
rraA	cloud	1	sin_COG	0	1
group_1237	cloud	1	sin_COG	0	1
group_1231	cloud	1	sin_COG	0	1
group_1230	cloud	1	sin_COG	0	1
group_1229	cloud	1	sin_COG	0	1
group_1228	cloud	1	sin_COG	0	1
group_1227	cloud	1	sin_COG	0	1
dcd	cloud	1	sin_COG	0	1
group_1223	cloud	1	sin_COG	0	1
group_1221	cloud	1	sin_COG	0	1
group_1220	cloud	1	sin_COG	0	1
group_1213	cloud	1	sin_COG	0	1
group_1211	cloud	1	sin_COG	0	1
group_1209	cloud	1	sin_COG	0	1
group_1205	cloud	1	sin_COG	0	1
group_1204	cloud	1	sin_COG	0	1
group_1200	cloud	1	sin_COG	0	1
group_1198	cloud	1	sin_COG	0	1
group_1196	cloud	1	sin_COG	0	1
group_1195	cloud	1	sin_COG	0	1
group_1192	cloud	1	sin_COG	0	1
group_1191	cloud	1	sin_COG	0	1
group_1185	cloud	1	sin_COG	0	1
group_1184	cloud	1	sin_COG	0	1
group_1181	cloud	1	sin_COG	0	1
group_1177	cloud	1	sin_COG	0	1
group_1176	cloud	1	sin_COG	0	1
cas5c	cloud	1	sin_COG	0	1
group_1175	cloud	1	sin_COG	0	1
group_1174	cloud	1	sin_COG	0	1
group_1173	cloud	1	sin_COG	0	1
group_1172	cloud	1	sin_COG	0	1
group_1171	cloud	1	sin_COG	0	1
group_1164	cloud	1	sin_COG	0	1
group_1162	cloud	1	sin_COG	0	1
group_1161	cloud	1	sin_COG	0	1
group_1160	cloud	1	sin_COG	0	1
group_1151	cloud	1	sin_COG	0	1
group_1150	cloud	1	sin_COG	0	1
group_1149	cloud	1	sin_COG	0	1
group_1147	cloud	1	sin_COG	0	1
group_1146	cloud	1	sin_COG	0	1
group_1145	cloud	1	sin_COG	0	1
group_1139	cloud	1	sin_COG	0	1
group_1138	cloud	1	sin_COG	0	1
group_1137	cloud	1	sin_COG	0	1
group_1136	cloud	1	sin_COG	0	1
group_1131	cloud	1	sin_COG	0	1
group_1130	cloud	1	sin_COG	0	1
group_1129	cloud	1	sin_COG	0	1
group_1125	cloud	1	sin_COG	0	1
group_1124	cloud	1	sin_COG	0	1
group_1123	cloud	1	sin_COG	0	1
group_1122	cloud	1	sin_COG	0	1
group_1118	cloud	1	sin_COG	0	1
group_1117	cloud	1	sin_COG	0	1
group_1116	cloud	1	sin_COG	0	1
group_1113	cloud	1	sin_COG	0	1
group_1110	cloud	1	sin_COG	0	1
group_1109	cloud	1	sin_COG	0	1
group_1108	cloud	1	sin_COG	0	1
group_1107	cloud	1	sin_COG	0	1
group_1105	cloud	1	sin_COG	0	1
group_1101	cloud	1	sin_COG	0	1
group_1100	cloud	1	sin_COG	0	1
gspF	cloud	1	sin_COG	0	1
group_1093	cloud	1	sin_COG	0	1
group_1092	cloud	1	sin_COG	0	1
group_1089	cloud	1	sin_COG	0	1
group_1088	cloud	1	sin_COG	0	1
group_1085	cloud	1	sin_COG	0	1
group_1084	cloud	1	sin_COG	0	1
group_1077	cloud	1	sin_COG	0	1
group_1076	cloud	1	sin_COG	0	1
group_1073	cloud	1	sin_COG	0	1
dnaD	cloud	1	sin_COG	0	1
group_1071	cloud	1	sin_COG	0	1
group_1070	cloud	1	sin_COG	0	1
group_1065	cloud	1	sin_COG	0	1
group_1057	cloud	1	sin_COG	0	1
group_1055	cloud	1	sin_COG	0	1
sfsA	cloud	1	sin_COG	0	1
ydjF	cloud	1	sin_COG	0	1
thyX	cloud	1	sin_COG	0	1
group_1049	cloud	1	sin_COG	0	1
group_1048	cloud	1	sin_COG	0	1
group_1047	cloud	1	sin_COG	0	1
group_1035	cloud	1	sin_COG	0	1
group_1028	cloud	1	sin_COG	0	1
group_1025	cloud	1	sin_COG	0	1
group_1022	cloud	1	sin_COG	0	1
sduA	cloud	1	sin_COG	0	1
group_1019	cloud	1	sin_COG	0	1
group_1016	cloud	1	sin_COG	0	1
tnsA	cloud	1	sin_COG	0	1
group_1009	cloud	1	sin_COG	0	1
group_1007	cloud	1	sin_COG	0	1
group_1006	cloud	1	sin_COG	0	1
group_1005	cloud	1	sin_COG	0	1
group_1004	cloud	1	sin_COG	0	1
group_1002	cloud	1	sin_COG	0	1
group_1001	cloud	1	sin_COG	0	1
group_1000	cloud	1	sin_COG	0	1
group_997	cloud	1	sin_COG	0	1
group_995	cloud	1	sin_COG	0	1
group_993	cloud	1	sin_COG	0	1
group_990	cloud	1	sin_COG	0	1
group_983	cloud	1	sin_COG	0	1
group_982	cloud	1	sin_COG	0	1
group_979	cloud	1	sin_COG	0	1
group_978	cloud	1	sin_COG	0	1
group_977	cloud	1	sin_COG	0	1
group_974	cloud	1	sin_COG	0	1
group_973	cloud	1	sin_COG	0	1
group_972	cloud	1	sin_COG	0	1
iolB	cloud	1	sin_COG	0	1
group_971	cloud	1	sin_COG	0	1
group_966	cloud	1	sin_COG	0	1
group_960	cloud	1	sin_COG	0	1
group_959	cloud	1	sin_COG	0	1
group_956	cloud	1	sin_COG	0	1
group_955	cloud	1	sin_COG	0	1
parA	cloud	1	sin_COG	0	1
group_953	cloud	1	sin_COG	0	1
group_952	cloud	1	sin_COG	0	1
marR	cloud	1	sin_COG	0	1
group_944	cloud	1	sin_COG	0	1
group_943	cloud	1	sin_COG	0	1
group_938	cloud	1	sin_COG	0	1
group_937	cloud	1	sin_COG	0	1
group_936	cloud	1	sin_COG	0	1
group_935	cloud	1	sin_COG	0	1
group_933	cloud	1	sin_COG	0	1
group_931	cloud	1	sin_COG	0	1
group_930	cloud	1	sin_COG	0	1
group_929	cloud	1	sin_COG	0	1
group_926	cloud	1	sin_COG	0	1
group_925	cloud	1	sin_COG	0	1
group_924	cloud	1	sin_COG	0	1
group_923	cloud	1	sin_COG	0	1
group_917	cloud	1	sin_COG	0	1
group_916	cloud	1	sin_COG	0	1
group_915	cloud	1	sin_COG	0	1
flgE	cloud	1	sin_COG	0	1
fba	cloud	1	sin_COG	0	1
group_912	cloud	1	sin_COG	0	1
group_911	cloud	1	sin_COG	0	1
group_903	cloud	1	sin_COG	0	1
araC	cloud	1	sin_COG	0	1
group_902	cloud	1	sin_COG	0	1
group_897	cloud	1	sin_COG	0	1
group_893	cloud	1	sin_COG	0	1
group_892	cloud	1	sin_COG	0	1
rfbA	cloud	1	sin_COG	0	1
cas7c	cloud	1	sin_COG	0	1
iolE	cloud	1	sin_COG	0	1
group_887	cloud	1	sin_COG	0	1
group_884	cloud	1	sin_COG	0	1
group_877	cloud	1	sin_COG	0	1
rfbD	cloud	1	sin_COG	0	1
group_872	cloud	1	sin_COG	0	1
group_868	cloud	1	sin_COG	0	1
group_866	cloud	1	sin_COG	0	1
group_863	cloud	1	sin_COG	0	1
group_855	cloud	1	sin_COG	0	1
group_851	cloud	1	sin_COG	0	1
group_850	cloud	1	sin_COG	0	1
group_849	cloud	1	sin_COG	0	1
group_840	cloud	1	sin_COG	0	1
group_839	cloud	1	sin_COG	0	1
group_838	cloud	1	sin_COG	0	1
group_834	cloud	1	sin_COG	0	1
group_830	cloud	1	sin_COG	0	1
lysR	cloud	1	sin_COG	0	1
group_824	cloud	1	sin_COG	0	1
group_823	cloud	1	sin_COG	0	1
group_822	cloud	1	sin_COG	0	1
group_817	cloud	1	sin_COG	0	1
group_812	cloud	1	sin_COG	0	1
group_808	cloud	1	sin_COG	0	1
group_805	cloud	1	sin_COG	0	1
group_804	cloud	1	sin_COG	0	1
group_803	cloud	1	sin_COG	0	1
group_802	cloud	1	sin_COG	0	1
yafY	cloud	1	sin_COG	0	1
group_797	cloud	1	sin_COG	0	1
group_796	cloud	1	sin_COG	0	1
group_785	cloud	1	sin_COG	0	1
group_783	cloud	1	sin_COG	0	1
group_782	cloud	1	sin_COG	0	1
group_768	cloud	1	sin_COG	0	1
group_767	cloud	1	sin_COG	0	1
group_761	cloud	1	sin_COG	0	1
group_760	cloud	1	sin_COG	0	1
group_757	cloud	1	sin_COG	0	1
group_755	cloud	1	sin_COG	0	1
group_752	cloud	1	sin_COG	0	1
group_751	cloud	1	sin_COG	0	1
group_750	cloud	1	sin_COG	0	1
group_748	cloud	1	sin_COG	0	1
group_745	cloud	1	sin_COG	0	1
group_743	cloud	1	sin_COG	0	1
yncE	cloud	1	sin_COG	0	1
group_739	cloud	1	sin_COG	0	1
spoT	cloud	1	sin_COG	0	1
group_733	cloud	1	sin_COG	0	1
group_731	cloud	1	sin_COG	0	1
group_727	cloud	1	sin_COG	0	1
rhuM	cloud	1	S	1	1
group_724	cloud	1	sin_COG	0	1
group_723	cloud	1	sin_COG	0	1
group_718	cloud	1	sin_COG	0	1
group_716	cloud	1	sin_COG	0	1
group_715	cloud	1	sin_COG	0	1
group_714	cloud	1	sin_COG	0	1
group_710	cloud	1	sin_COG	0	1
group_709	cloud	1	sin_COG	0	1
group_704	cloud	1	sin_COG	0	1
group_700	cloud	1	sin_COG	0	1
group_696	cloud	1	sin_COG	0	1
group_695	cloud	1	sin_COG	0	1
group_693	cloud	1	sin_COG	0	1
group_692	cloud	1	sin_COG	0	1
cas1c	cloud	1	sin_COG	0	1
group_688	cloud	1	sin_COG	0	1
group_687	cloud	1	sin_COG	0	1
group_686	cloud	1	sin_COG	0	1
group_685	cloud	1	sin_COG	0	1
group_683	cloud	1	sin_COG	0	1
group_682	cloud	1	sin_COG	0	1
group_681	cloud	1	sin_COG	0	1
group_679	cloud	1	sin_COG	0	1
group_676	cloud	1	sin_COG	0	1
group_672	cloud	1	sin_COG	0	1
group_671	cloud	1	sin_COG	0	1
group_670	cloud	1	sin_COG	0	1
group_668	cloud	1	sin_COG	0	1
group_667	cloud	1	sin_COG	0	1
dndB	cloud	1	sin_COG	0	1
group_666	cloud	1	sin_COG	0	1
group_664	cloud	1	sin_COG	0	1
group_663	cloud	1	sin_COG	0	1
group_661	cloud	1	sin_COG	0	1
group_660	cloud	1	sin_COG	0	1
group_654	cloud	1	sin_COG	0	1
rfbB	cloud	1	sin_COG	0	1
group_644	cloud	1	sin_COG	0	1
irrE	cloud	1	sin_COG	0	1
group_641	cloud	1	sin_COG	0	1
group_640	cloud	1	sin_COG	0	1
group_639	cloud	1	sin_COG	0	1
group_637	cloud	1	sin_COG	0	1
group_636	cloud	1	sin_COG	0	1
group_634	cloud	1	sin_COG	0	1
group_629	cloud	1	sin_COG	0	1
xlyA	cloud	1	sin_COG	0	1
group_626	cloud	1	sin_COG	0	1
group_625	cloud	1	sin_COG	0	1
group_624	cloud	1	sin_COG	0	1
group_621	cloud	1	sin_COG	0	1
group_615	cloud	1	sin_COG	0	1
group_614	cloud	1	sin_COG	0	1
group_609	cloud	1	sin_COG	0	1
group_608	cloud	1	sin_COG	0	1
group_606	cloud	1	sin_COG	0	1
group_603	cloud	1	sin_COG	0	1
group_602	cloud	1	sin_COG	0	1
group_600	cloud	1	sin_COG	0	1
group_599	cloud	1	sin_COG	0	1
group_597	cloud	1	sin_COG	0	1
group_593	cloud	1	sin_COG	0	1
xerC	cloud	1	sin_COG	0	1
group_588	cloud	1	sin_COG	0	1
group_586	cloud	1	sin_COG	0	1
group_583	cloud	1	sin_COG	0	1
group_582	cloud	1	sin_COG	0	1
group_578	cloud	1	sin_COG	0	1
group_573	cloud	1	sin_COG	0	1
group_572	cloud	1	sin_COG	0	1
group_570	cloud	1	sin_COG	0	1
group_569	cloud	1	sin_COG	0	1
group_568	cloud	1	sin_COG	0	1
group_565	cloud	1	sin_COG	0	1
group_564	cloud	1	sin_COG	0	1
group_563	cloud	1	sin_COG	0	1
group_561	cloud	1	sin_COG	0	1
group_560	cloud	1	sin_COG	0	1
group_556	cloud	1	sin_COG	0	1
group_552	cloud	1	sin_COG	0	1
group_550	cloud	1	sin_COG	0	1
group_548	cloud	1	sin_COG	0	1
group_547	cloud	1	sin_COG	0	1
group_546	cloud	1	sin_COG	0	1
group_544	cloud	1	sin_COG	0	1
group_543	cloud	1	sin_COG	0	1
group_542	cloud	1	sin_COG	0	1
group_538	cloud	1	sin_COG	0	1
group_534	cloud	1	sin_COG	0	1
group_533	cloud	1	sin_COG	0	1
group_532	cloud	1	sin_COG	0	1
group_530	cloud	1	sin_COG	0	1
group_528	cloud	1	sin_COG	0	1
aimR	cloud	1	sin_COG	0	1
group_526	cloud	1	sin_COG	0	1
group_523	cloud	1	sin_COG	0	1
group_522	cloud	1	sin_COG	0	1
group_521	cloud	1	sin_COG	0	1
group_520	cloud	1	sin_COG	0	1
group_518	cloud	1	sin_COG	0	1
group_515	cloud	1	sin_COG	0	1
group_512	cloud	1	sin_COG	0	1
group_506	cloud	1	sin_COG	0	1
group_504	cloud	1	sin_COG	0	1
group_500	cloud	1	sin_COG	0	1
araJ	cloud	1	G	1	1
group_498	cloud	1	sin_COG	0	1
group_497	cloud	1	sin_COG	0	1
group_496	cloud	1	sin_COG	0	1
group_494	cloud	1	sin_COG	0	1
group_493	cloud	1	sin_COG	0	1
group_486	cloud	1	sin_COG	0	1
group_485	cloud	1	sin_COG	0	1
group_483	cloud	1	sin_COG	0	1
group_476	cloud	1	sin_COG	0	1
group_469	cloud	1	sin_COG	0	1
comF	cloud	1	sin_COG	0	1
group_467	cloud	1	sin_COG	0	1
group_465	cloud	1	sin_COG	0	1
group_462	cloud	1	sin_COG	0	1
group_456	cloud	1	sin_COG	0	1
group_455	cloud	1	sin_COG	0	1
group_454	cloud	1	sin_COG	0	1
group_453	cloud	1	sin_COG	0	1
group_452	cloud	1	sin_COG	0	1
group_449	cloud	1	sin_COG	0	1
group_448	cloud	1	sin_COG	0	1
group_447	cloud	1	sin_COG	0	1
group_444	cloud	1	sin_COG	0	1
group_442	cloud	1	sin_COG	0	1
group_440	cloud	1	sin_COG	0	1
group_436	cloud	1	sin_COG	0	1
group_434	cloud	1	sin_COG	0	1
group_433	cloud	1	sin_COG	0	1
group_432	cloud	1	sin_COG	0	1
group_431	cloud	1	sin_COG	0	1
group_430	cloud	1	sin_COG	0	1
group_428	cloud	1	sin_COG	0	1
group_427	cloud	1	sin_COG	0	1
group_426	cloud	1	sin_COG	0	1
group_424	cloud	1	sin_COG	0	1
group_423	cloud	1	sin_COG	0	1
group_419	cloud	1	sin_COG	0	1
group_417	cloud	1	sin_COG	0	1
group_411	cloud	1	sin_COG	0	1
group_410	cloud	1	sin_COG	0	1
group_409	cloud	1	sin_COG	0	1
group_405	cloud	1	sin_COG	0	1
group_404	cloud	1	sin_COG	0	1
group_403	cloud	1	sin_COG	0	1
group_401	cloud	1	sin_COG	0	1
group_400	cloud	1	sin_COG	0	1
group_397	exclusivo	0	sin_COG	0	1
group_396	cloud	1	sin_COG	0	1
group_394	cloud	1	sin_COG	0	1
group_389	cloud	1	sin_COG	0	1
group_386	cloud	1	sin_COG	0	1
group_385	cloud	1	sin_COG	0	1
group_381	cloud	1	sin_COG	0	1
group_374	cloud	1	sin_COG	0	1
group_373	cloud	1	sin_COG	0	1
group_367	cloud	1	sin_COG	0	1
group_364	cloud	1	sin_COG	0	1
group_362	cloud	1	sin_COG	0	1
group_361	cloud	1	sin_COG	0	1
group_360	cloud	1	sin_COG	0	1
group_359	cloud	1	sin_COG	0	1
group_353	cloud	1	sin_COG	0	1
group_347	cloud	1	sin_COG	0	1
group_342	cloud	1	sin_COG	0	1
group_341	cloud	1	sin_COG	0	1
group_339	cloud	1	sin_COG	0	1
group_338	cloud	1	sin_COG	0	1
group_336	cloud	1	sin_COG	0	1
group_331	cloud	1	sin_COG	0	1
group_328	cloud	1	sin_COG	0	1
group_326	cloud	1	sin_COG	0	1
group_324	cloud	1	sin_COG	0	1
group_322	cloud	1	sin_COG	0	1
group_315	cloud	1	sin_COG	0	1
group_314	cloud	1	sin_COG	0	1
group_313	cloud	1	sin_COG	0	1
group_304	cloud	1	sin_COG	0	1
group_303	cloud	1	sin_COG	0	1
dptG	cloud	1	sin_COG	0	1
group_292	cloud	1	sin_COG	0	1
iolT	cloud	1	sin_COG	0	1
group_285	cloud	1	sin_COG	0	1
group_282	cloud	1	sin_COG	0	1
group_278	cloud	1	sin_COG	0	1
group_275	cloud	1	sin_COG	0	1
group_269	cloud	1	sin_COG	0	1
thsA	cloud	1	sin_COG	0	1
group_267	cloud	1	sin_COG	0	1
group_266	cloud	1	sin_COG	0	1
msr	cloud	1	sin_COG	0	1
group_261	cloud	1	sin_COG	0	1
group_260	exclusivo	0	sin_COG	0	1
group_258	cloud	1	sin_COG	0	1
group_257	cloud	1	sin_COG	0	1
group_255	cloud	1	sin_COG	0	1
tniQ	cloud	1	sin_COG	0	1
group_253	cloud	1	sin_COG	0	1
group_247	cloud	1	sin_COG	0	1
group_244	cloud	1	sin_COG	0	1
group_231	cloud	1	sin_COG	0	1
group_229	cloud	1	sin_COG	0	1
group_228	cloud	1	sin_COG	0	1
group_227	cloud	1	sin_COG	0	1
group_226	cloud	1	sin_COG	0	1
group_224	cloud	1	sin_COG	0	1
group_223	cloud	1	sin_COG	0	1
hsdM	cloud	1	V	1	1
group_214	cloud	1	sin_COG	0	1
group_213	cloud	1	sin_COG	0	1
group_207	cloud	1	sin_COG	0	1
yqcG	cloud	1	sin_COG	0	1
group_205	cloud	1	sin_COG	0	1
tnsE	cloud	1	sin_COG	0	1
group_204	cloud	1	sin_COG	0	1
group_203	cloud	1	sin_COG	0	1
group_201	cloud	1	sin_COG	0	1
group_200	cloud	1	sin_COG	0	1
group_197	cloud	1	sin_COG	0	1
dndC	cloud	1	sin_COG	0	1
group_195	cloud	1	sin_COG	0	1
group_188	exclusivo	0	sin_COG	0	1
group_187	cloud	1	sin_COG	0	1
bppU	cloud	1	sin_COG	0	1
group_184	cloud	1	sin_COG	0	1
group_180	cloud	1	sin_COG	0	1
group_178	cloud	1	sin_COG	0	1
kdpA	cloud	1	sin_COG	0	1
group_176	cloud	1	sin_COG	0	1
dptF	cloud	1	sin_COG	0	1
group_175	cloud	1	sin_COG	0	1
group_168	cloud	1	sin_COG	0	1
group_167	cloud	1	sin_COG	0	1
group_157	cloud	1	sin_COG	0	1
group_156	cloud	1	sin_COG	0	1
group_153	cloud	1	sin_COG	0	1
group_152	cloud	1	sin_COG	0	1
group_148	exclusivo	0	sin_COG	0	1
group_147	cloud	1	sin_COG	0	1
group_143	cloud	1	sin_COG	0	1
group_136	cloud	1	sin_COG	0	1
group_135	cloud	1	sin_COG	0	1
group_134	cloud	1	sin_COG	0	1
group_128	cloud	1	sin_COG	0	1
group_120	cloud	1	sin_COG	0	1
cas8c	cloud	1	sin_COG	0	1
group_118	cloud	1	sin_COG	0	1
group_117	cloud	1	sin_COG	0	1
group_116	cloud	1	sin_COG	0	1
tnsD	cloud	1	sin_COG	0	1
group_114	cloud	1	sin_COG	0	1
group_111	cloud	1	sin_COG	0	1
group_105	exclusivo	0	sin_COG	0	1
group_104	cloud	1	sin_COG	0	1
iolD	cloud	1	sin_COG	0	1
group_102	cloud	1	sin_COG	0	1
group_100	cloud	1	sin_COG	0	1
dndD	cloud	1	sin_COG	0	1
group_98	cloud	1	sin_COG	0	1
group_92	cloud	1	sin_COG	0	1
group_91	cloud	1	sin_COG	0	1
group_90	cloud	1	sin_COG	0	1
group_88	cloud	1	sin_COG	0	1
group_87	cloud	1	sin_COG	0	1
group_86	cloud	1	sin_COG	0	1
kdpB	cloud	1	sin_COG	0	1
brxL	cloud	1	sin_COG	0	1
group_84	cloud	1	sin_COG	0	1
group_79	cloud	1	sin_COG	0	1
group_75	cloud	1	sin_COG	0	1
group_74	cloud	1	sin_COG	0	1
group_73	cloud	1	sin_COG	0	1
group_72	cloud	1	sin_COG	0	1
group_71	cloud	1	sin_COG	0	1
group_70	cloud	1	sin_COG	0	1
group_67	cloud	1	sin_COG	0	1
group_66	cloud	1	sin_COG	0	1
group_65	cloud	1	sin_COG	0	1
group_64	cloud	1	sin_COG	0	1
group_61	cloud	1	sin_COG	0	1
group_54	cloud	1	sin_COG	0	1
fabF	cloud	1	sin_COG	0	1
group_52	cloud	1	sin_COG	0	1
group_50	cloud	1	sin_COG	0	1
group_48	cloud	1	sin_COG	0	1
group_45	cloud	1	sin_COG	0	1
group_44	cloud	1	sin_COG	0	1
pglZ	cloud	1	sin_COG	0	1
group_43	cloud	1	sin_COG	0	1
group_42	cloud	1	sin_COG	0	1
group_41	cloud	1	sin_COG	0	1
group_39	cloud	1	sin_COG	0	1
group_38	cloud	1	sin_COG	0	1
group_34	cloud	1	sin_COG	0	1
group_31	cloud	1	sin_COG	0	1
group_30	cloud	1	sin_COG	0	1
group_29	cloud	1	sin_COG	0	1
group_27	cloud	1	sin_COG	0	1
group_26	cloud	1	sin_COG	0	1
group_23	cloud	1	sin_COG	0	1
group_22	cloud	1	sin_COG	0	1
group_21	cloud	1	V	1	1
group_18	cloud	1	sin_COG	0	1
group_17	cloud	1	sin_COG	0	1
group_15	cloud	1	sin_COG	0	1
hsdR	cloud	1	sin_COG	0	1
group_12	cloud	1	sin_COG	0	1
pglX	cloud	1	sin_COG	0	1
group_11	cloud	1	sin_COG	0	1
group_10	cloud	1	sin_COG	0	1
brxC	cloud	1	sin_COG	0	1
group_8	cloud	1	sin_COG	0	1
group_7	cloud	1	sin_COG	0	1
group_6	cloud	1	sin_COG	0	1
group_4	cloud	1	sin_COG	0	1
dptH	cloud	1	sin_COG	0	1
group_3	cloud	1	sin_COG	0	1
group_2	cloud	1	sin_COG	0	1
