familia	nombre_no_unico	anotacion	n_ref	f_ref	categoria_95	categoria_90	accesorio	solo_cloud	n_bins_presentes	genes_bin_5_63
wecB	wecB	non-hydrolyzing UDP-N-acetylglucosamine 2-epimerase	50	1.0000	core	core	no	no	1	bin_5_63_02246
group_4819		SMI1/KNR4 family protein;Knr4/Smi1-like domain-containing protein	50	1.0000	core	core	no	no	1	bin_5_63_01586
group_4818	galU	UTP--glucose-1-phosphate uridylyltransferase GalU	50	1.0000	core	core	no	no	1	bin_5_63_02245
tagH	;tagH	ABC transporter domain-containing protein;teichoic acids export ABC transporter ATP-binding subunit TagH;hypothetical protein	50	1.0000	core	core	no	no	1	bin_5_63_02244
group_4717		hypothetical protein;M20/M25/M40 family metallo-hydrolase	50	1.0000	core	core	no	no	1	bin_5_63_02619
group_4675		Pectinesterase	50	1.0000	core	core	no	no	1	50_refound_1474
dacB	dacB	D-alanyl-D-alanine carboxypeptidase/D-alanyl-D-alanine-endopeptidase	50	1.0000	core	core	no	no	1	bin_5_63_01830
group_4634		Putative Na+-driven efflux transporter;MATE family efflux transporter;hypothetical protein	50	1.0000	core	core	no	no	1	bin_5_63_01829
lytC	;lytC	cell wall-binding repeat-containing protein;N-acetylmuramoyl-L-alanine amidase LytC;N-acetylmuramoyl-L-alanine amidase	50	1.0000	core	core	no	no	1	bin_5_63_02251
group_4595		DUF421 domain-containing protein	50	1.0000	core	core	no	no	1	bin_5_63_02296
group_4587		Two-component response regulator (YhcY)	50	1.0000	core	core	no	no	1	bin_5_63_00820
group_4586		SpoIID/LytB domain-containing protein;Amidase enhancer;cell wall-binding repeat-containing protein	50	1.0000	core	core	no	no	1	bin_5_63_02250
oppD~~~gsiA~~~oppF	oppD;;gsiA;oppF	Oligopeptide transport ATP-binding protein OppD;Oligopeptide permease-like protein;Peptide ABC transporter ATP-binding protein;Glutathione import ATP-binding protein GsiA;Oligopeptide transport ATP-binding protein OppF	50	1.0000	core	core	no	no	1	bin_5_63_02311;bin_5_63_02312
cmpR~~~yvbU	cmpR;;yvbU	HTH-type transcriptional activator CmpR;hypothetical protein;Uncharacterized HTH-type transcriptional regulator YvbU	50	1.0000	core	core	no	no	1	bin_5_63_00111
group_4526	sigV;	RNA polymerase sigma factor SigV;hypothetical protein	50	1.0000	core	core	no	no	1	bin_5_63_00108
group_4523	;pbuE	MFS transporter;Chemotaxis protein;Purine efflux pump PbuE;hypothetical protein	50	1.0000	core	core	no	no	1	bin_5_63_00110
group_4519		Flagellin	50	1.0000	core	core	no	no	1	bin_5_63_01737
group_4499		Sel1 repeat family protein;DUF6508 domain-containing protein	50	1.0000	core	core	no	no	1	bin_5_63_02033
group_4495		DUF3923 domain-containing protein;Group-specific protein	50	1.0000	core	core	no	no	1	bin_5_63_00167
sdpR	sdpR;	Transcriptional repressor SdpR;Putative transcriptional regulator (ArsR family)	50	1.0000	core	core	no	no	1	bin_5_63_01224
group_4478		Uncharacterized oxidoreductase TM_0019	50	1.0000	core	core	no	no	1	bin_5_63_00929
group_4477		DUF2188 domain-containing protein	50	1.0000	core	core	no	no	1	bin_5_63_01761
group_4475		FMN-binding domain-containing protein	50	1.0000	core	core	no	no	1	bin_5_63_02510
cgeA	cgeA	Protein CgeA;CgeA	50	1.0000	core	core	no	no	1	bin_5_63_00574
group_4473		Homoisocitrate dehydrogenase	50	1.0000	core	core	no	no	1	bin_5_63_00064
group_4469	ybaK;	Cys-tRNA(Pro)/Cys-tRNA(Cys) deacylase YbaK;Prolyl-tRNA synthetase	50	1.0000	core	core	no	no	1	bin_5_63_00172
group_4468		hypothetical protein;acetyl-CoA carboxylase biotin carboxyl carrier protein subunit	50	1.0000	core	core	no	no	1	bin_5_63_01805
cgeC	cgeC	spore maturation protein CgeC	50	1.0000	core	core	no	no	1	50_refound_1472
group_4467		ABC transporter ATP-binding protein	50	1.0000	core	core	no	no	1	bin_5_63_00467
group_4466		histidine kinase	50	1.0000	core	core	no	no	1	bin_5_63_00819
lytA	lytA	Membrane-bound protein LytA;LytA	50	1.0000	core	core	no	no	1	bin_5_63_02249
group_4443		Membrane bound C4-dicarboxylate binding sensor protein;hypothetical protein	50	1.0000	core	core	no	no	1	bin_5_63_00553
group_4438		Methylamine--glutamate N-methyltransferase;Glutamate synthase domain-containing protein;glutamate synthase-related protein	50	1.0000	core	core	no	no	1	bin_5_63_00141
bioB	;bioB	radical SAM protein;biotin synthase BioB;hypothetical protein	50	1.0000	core	core	no	no	1	bin_5_63_00943
yabQ	yabQ	spore cortex biosynthesis protein YabQ	50	1.0000	core	core	no	no	1	bin_5_63_02745
group_4429		Transcriptional regulator;Transcriptional regulator regulated by thiol-alkylation	50	1.0000	core	core	no	no	1	bin_5_63_00513
group_4428		YugN-like family protein	50	1.0000	core	core	no	no	1	bin_5_63_02728
group_4412		SDR family oxidoreductase	50	1.0000	core	core	no	no	1	bin_5_63_01764
group_4409		UPF0316 protein BPUM_0594	50	1.0000	core	core	no	no	1	bin_5_63_00116
group_4395	comK;	Competence protein ComK;Competence protein	50	1.0000	core	core	no	no	1	bin_5_63_01750
ilvA	ilvA	threonine ammonia-lyase IlvA	50	1.0000	core	core	no	no	1	50_refound_1471
folA	folA	type 3 dihydrofolate reductase	50	1.0000	core	core	no	no	1	bin_5_63_01911
group_4387		Multidrug resistance protein SMR	50	1.0000	core	core	no	no	1	bin_5_63_02046
yvdT~~~tetR	yvdT;tetR	Putative HTH-type transcriptional regulator YvdT;TetR family transcriptional regulator	50	1.0000	core	core	no	no	1	bin_5_63_02048
group_4384		Putative O-methyltransferase;putative O-methyltransferase;O-methyltransferase;O-methyltransferase family protein	50	1.0000	core	core	no	no	1	bin_5_63_00724
ybyB	ybyB	YbyB	50	1.0000	core	core	no	no	1	bin_5_63_00142
group_4375		Component of germinant receptor B	50	1.0000	core	core	no	no	1	bin_5_63_02220
group_4372		VOC domain-containing protein	50	1.0000	core	core	no	no	1	bin_5_63_02506
group_4371		Anti-sigma factor antagonist	50	1.0000	core	core	no	no	1	bin_5_63_00060
group_4362		Octanoyl-[GcvH]:protein N-octanoyltransferase	50	1.0000	core	core	no	no	1	bin_5_63_01587
group_4356		excisionase family DNA-binding protein;Helix-turn-helix domain-containing protein	50	1.0000	core	core	no	no	1	bin_5_63_01820
amiE~~~yafV	amiE;;yafV	Aliphatic amidase amiE;Nitrilase/cyanide hydratase and apolipoprotein N-acyltransferase;Omega-amidase YafV	50	1.0000	core	core	no	no	1	bin_5_63_00597
sigO	sigO;	RNA polymerase sigma factor SigO;hypothetical protein	50	1.0000	core	core	no	no	1	bin_5_63_02083
rbsD	rbsD	D-ribose pyranase	50	1.0000	core	core	no	no	1	bin_5_63_02204
group_4343		hypothetical protein;Sporulation protein;Conserved sporulation-related protein	50	1.0000	core	core	no	no	1	bin_5_63_01402
group_4342	thiS	sulfur carrier protein ThiS	50	1.0000	core	core	no	no	1	bin_5_63_00382
group_4341		2-keto-3-deoxygluconate kinase	50	1.0000	core	core	no	no	1	bin_5_63_02225
group_4340		Oligopeptide ABC transporter (ATP-binding protein)	50	1.0000	core	core	no	no	1	bin_5_63_02302
dcuR	dcuR	Transcriptional regulatory protein DcuR	50	1.0000	core	core	no	no	1	bin_5_63_00551
group_4338		DUF6884 domain-containing protein	50	1.0000	core	core	no	no	1	bin_5_63_02050
group_4323		Two-component response regulator;hypothetical protein	50	1.0000	core	core	no	no	1	bin_5_63_00741
group_4319		Putative permease	50	1.0000	core	core	no	no	1	bin_5_63_01008
glp	glp	gephyrin-like molybdotransferase Glp	50	1.0000	core	core	no	no	1	50_refound_1470
group_4317		putative nitronate monooxygenase	50	1.0000	core	core	no	no	1	bin_5_63_02722
group_4303		Phenylalanine-specific permease	50	1.0000	core	core	no	no	1	bin_5_63_00615
yodI	yodI	Spore protein YodI;Uncharacterized protein YodI	50	1.0000	core	core	no	no	1	bin_5_63_00455
group_4297	rlmD	23S rRNA (uracil(1939)-C(5))-methyltransferase RlmD	50	1.0000	core	core	no	no	1	bin_5_63_02029
group_4296		spore germination protein;Spore germination protein;Spore germination protein B1	50	1.0000	core	core	no	no	1	bin_5_63_01817
group_4295		PTS fructose transporter subunit IIC;PTS fructose transporter subunit IIB	50	1.0000	core	core	no	no	1	bin_5_63_01789
group_4294		Hydroxyacid dehydrogenase	50	1.0000	core	core	no	no	1	bin_5_63_00237
arr	;arr	NAD(+)--rifampin ADP-ribosyltransferase	50	1.0000	core	core	no	no	1	bin_5_63_00668
nadE	nadE	ammonia-dependent NAD(+) synthetase	50	1.0000	core	core	no	no	1	bin_5_63_00613
group_4291	dauA;	C4-dicarboxylic acid transporter DauA;SLC26A/SulP transporter domain-containing protein	50	1.0000	core	core	no	no	1	bin_5_63_00039
group_4289	rocR	Arginine utilization regulatory protein RocR	50	1.0000	core	core	no	no	1	bin_5_63_01329
tuaE	tuaE	teichuronic acid biosynthesis protein TuaE	50	1.0000	core	core	no	no	1	bin_5_63_02259
yhdB	yhdB;	YhdB;YhdB-like protein	50	1.0000	core	core	no	no	1	bin_5_63_00821
group_4286		superoxide dismutase	50	1.0000	core	core	no	no	1	bin_5_63_00432
group_4285		Glycosyl hydrolase-like 10 domain-containing protein	50	1.0000	core	core	no	no	1	bin_5_63_01809
group_4283		Dehydrogenase (Flavoprotein);hypothetical protein;FAD-dependent oxidoreductase 2 FAD binding domain-containing protein	50	1.0000	core	core	no	no	1	bin_5_63_01736
group_4281		Family transcriptional regulator	50	1.0000	core	core	no	no	1	bin_5_63_00812
group_4274		Lactaldehyde dehydrogenase	50	1.0000	core	core	no	no	1	bin_5_63_00611
group_4264		Heavy metal translocating P-type ATPase;Zinc-transporting ATPase	50	1.0000	core	core	no	no	1	bin_5_63_02453
group_4262		Putative metal-dependent hydrolase integral membrane protein	50	1.0000	core	core	no	no	1	bin_5_63_01608
group_4261		MFS transporter DHA1 family multidrug resistance protein	50	1.0000	core	core	no	no	1	bin_5_63_00747
group_4259		valine--tRNA ligase	50	1.0000	core	core	no	no	1	bin_5_63_01874
group_4258		Transcription antiterminator	50	1.0000	core	core	no	no	1	bin_5_63_00669
yhcR	yhcR;	Endonuclease YhcR;Endonuclease;hypothetical protein	50	1.0000	core	core	no	no	1	bin_5_63_00803
group_4256		Efflux RND transporter permease subunit;Surfactin exporter involved in surfactin self-resistance	50	1.0000	core	core	no	no	1	bin_5_63_00155
cysI	cysI;	assimilatory sulfite reductase (NADPH) hemoprotein subunit;Nitrite/Sulfite reductase ferredoxin-like domain-containing protein;hypothetical protein;Sulfite reductase [NADPH] hemoprotein beta-component (EC)	50	1.0000	core	core	no	no	1	bin_5_63_01800
group_4250		enoyl-CoA hydratase	50	1.0000	core	core	no	no	1	bin_5_63_01803
group_4249		CoA carboxyltransferase N-terminal domain-containing protein;CoA carboxyltransferase C-terminal domain-containing protein;Putative propionyl-CoA carboxylase beta chain 5	50	1.0000	core	core	no	no	1	bin_5_63_01802
group_4236		Acyl-CoA dehydrogenase short-chain specific;Acyl-CoA dehydrogenase/oxidase N-terminal domain-containing protein	50	1.0000	core	core	no	no	1	bin_5_63_01808
yxlC	yxlC	YxlC family protein	50	1.0000	core	core	no	no	1	bin_5_63_01480
group_4227		CoA-binding domain-containing protein	50	1.0000	core	core	no	no	1	bin_5_63_00070
group_4222		carboxypeptidase regulatory-like domain-containing protein;hypothetical protein;Bacillopeptidase F;Serine protease;Inhibitor I9 domain-containing protein	50	1.0000	core	core	no	no	1	bin_5_63_01172
group_4218		Putative effector of transcriptional regulator	50	1.0000	core	core	no	no	1	bin_5_63_02554
group_4217		TetR/AcrR family transcriptional regulator;Putative transcriptional regulator	50	1.0000	core	core	no	no	1	bin_5_63_02556
group_4214		hypothetical protein	50	1.0000	core	core	no	no	1	bin_5_63_00729
group_4205		Fad-dependent pyridine nucleotide-disulfide oxidoreductase;NAD(P)/FAD-dependent oxidoreductase;Thioredoxin reductase	50	1.0000	core	core	no	no	1	bin_5_63_00166
group_4204	comF	Competence protein ComF	50	1.0000	core	core	no	no	1	bin_5_63_02270
cwlS	;cwlS	SAG1386/EF1546 family surface-associated protein;D-gamma-glutamyl-meso-diaminopimelic acid endopeptidase CwlS	50	1.0000	core	core	no	no	1	bin_5_63_00439
group_4202	;gerA	hypothetical protein;Lipoprotein component of the germination receptor B;Spore gernimation protein GerA	50	1.0000	core	core	no	no	1	bin_5_63_02219
group_4201	cysK;	cysteine synthase A;Tryptophan synthase beta chain-like PALP domain-containing protein	50	1.0000	core	core	no	no	1	bin_5_63_00026
group_4200		MFS transporter	50	1.0000	core	core	no	no	1	bin_5_63_01754
tuaC	tuaC	teichuronic acid biosynthesis protein TuaC	50	1.0000	core	core	no	no	1	bin_5_63_02256
group_4198		Sporulation protein	50	1.0000	core	core	no	no	1	bin_5_63_01742
group_4193		hypothetical protein;Putative fructose-lysine aminopeptidase	50	1.0000	core	core	no	no	1	bin_5_63_01349
ymfI	ymfI	elongation factor P 5-aminopentanone reductase	50	1.0000	core	core	no	no	1	bin_5_63_00334
group_4188		hypothetical protein	50	1.0000	core	core	no	no	1	bin_5_63_00367
group_4185		DUF1294 domain-containing protein	50	1.0000	core	core	no	no	1	bin_5_63_01351
group_4184		Spore coat protein	50	1.0000	core	core	no	no	1	bin_5_63_00797
ydzK	ydzK	Uncharacterized membrane protein YdzK	50	1.0000	core	core	no	no	1	bin_5_63_00558
group_4179	deoR	DeoR faimly transcriptional regulator	50	1.0000	core	core	no	no	1	bin_5_63_02507
yfhO	yfhO	YfhO family protein	50	1.0000	core	core	no	no	1	bin_5_63_02078
group_4178		WVELL protein	50	1.0000	core	core	no	no	1	bin_5_63_02076
rpmA	rpmA	50S ribosomal protein L27	50	1.0000	core	core	no	no	1	bin_5_63_01859
ylbA	ylbA;	Uncharacterized protein YlbA;YugN-like family protein	50	1.0000	core	core	no	no	1	bin_5_63_01978
group_4166	hxlR	HxlR family transcriptional regulator	50	1.0000	core	core	no	no	1	bin_5_63_00280
comR	comR	HTH-type transcriptional repressor ComR	50	1.0000	core	core	no	no	1	bin_5_63_01669
group_4158		hypothetical protein;Lipoprotein	50	1.0000	core	core	no	no	1	bin_5_63_01257
thyA	;thyA	Thymidylate synthase;thymidylate synthase	50	1.0000	core	core	no	no	1	bin_5_63_01912
group_4144	;xlyA	hypothetical protein;Peptidoglycan binding-like domain-containing protein;N-acetylmuramoyl-L-alanine amidase XlyA;N-acetylmuramoyl-L-alanine amidase	50	1.0000	core	core	no	no	1	bin_5_63_01731;bin_5_63_01730
group_4143		Spermidine N(1)-acetyltransferase	50	1.0000	core	core	no	no	1	bin_5_63_00737
group_4142		Anti-sigma-F factor Fin	50	1.0000	core	core	no	no	1	bin_5_63_02752
tmk	tmk	dTMP kinase	50	1.0000	core	core	no	no	1	bin_5_63_02778
group_4141	;gerQ	Putative spore coat protein;Spore gernimation protein GerQ	50	1.0000	core	core	no	no	1	bin_5_63_00801
group_4140		Putative sulfur carrier;MOSC domain-containing protein	50	1.0000	core	core	no	no	1	bin_5_63_02328
liaH	liaH	stress responsive protein LiaH	50	1.0000	core	core	no	no	1	bin_5_63_01141
group_4136		fructokinase;ROK family protein	50	1.0000	core	core	no	no	1	bin_5_63_01108
bglS	bglS	beta-glucanase	50	1.0000	core	core	no	no	1	bin_5_63_00512
group_4132		Amino acid ABC transporter substrate-binding protein	50	1.0000	core	core	no	no	1	bin_5_63_02173
group_4128		Pyridoxal phosphate homeostasis protein	50	1.0000	core	core	no	no	1	bin_5_63_01159
group_4127		Protein involved in the control of the cell cycle as a function of the environment	50	1.0000	core	core	no	no	1	bin_5_63_00259
ydfB	;ydfB	GNAT family N-acetyltransferase;Uncharacterized N-acetyltransferase YdfB	50	1.0000	core	core	no	no	1	bin_5_63_00740
group_4126	flgG	flagellar basal body rod protein FlgG	50	1.0000	core	core	no	no	1	bin_5_63_02155
group_4124		phosphoribosylanthranilate isomerase	50	1.0000	core	core	no	no	1	bin_5_63_01070
group_4121		Internalin;protein phosphatase 1 regulatory subunit 42;leucine-rich repeat domain-containing protein	50	1.0000	core	core	no	no	1	bin_5_63_02045
group_4120		methyl-accepting chemotaxis protein;Chemotaxis protein	50	1.0000	core	core	no	no	1	bin_5_63_01735
ppaX	ppaX	pyrophosphatase PpaX	50	1.0000	core	core	no	no	1	bin_5_63_00401
group_4119		MFS transporter	50	1.0000	core	core	no	no	1	bin_5_63_00930
group_4118		Putative short-chain acyl dehydrogenase	50	1.0000	core	core	no	no	1	bin_5_63_00861
pnpS	pnpS	two-component system histidine kinase PnpS	50	1.0000	core	core	no	no	1	bin_5_63_01371
group_4117		Glutathione transferase	50	1.0000	core	core	no	no	1	bin_5_63_01762
mtlD	mtlD	mannitol-1-phosphate 5-dehydrogenase	50	1.0000	core	core	no	no	1	bin_5_63_02514
group_4115		RnfABCDGE type electron transport complex subunit D;Chromate transporter	50	1.0000	core	core	no	no	1	bin_5_63_02512
gatY	gatY	D-tagatose-16-bisphosphate aldolase subunit GatY	50	1.0000	core	core	no	no	1	bin_5_63_01787
group_4111		Desulfurase involved in iron-sulfur clusters for NAD biosynthesis	50	1.0000	core	core	no	no	1	bin_5_63_01853
group_4110		DUF2533 domain-containing protein	50	1.0000	core	core	no	no	1	bin_5_63_01934
group_4107		Putative ABC transporter (ATP-binding subunit)	50	1.0000	core	core	no	no	1	bin_5_63_00547
group_4106		Putative glycosyltransferase (Complex carbohydrate synthase)	50	1.0000	core	core	no	no	1	bin_5_63_00180
group_4103		Iron ABC transporter substrate-binding protein;ABC transporter substrate-binding protein	50	1.0000	core	core	no	no	1	bin_5_63_00687
mce	mce	methylmalonyl-CoA epimerase	50	1.0000	core	core	no	no	1	bin_5_63_02640
pyk	pyk	pyruvate kinase	50	1.0000	core	core	no	no	1	bin_5_63_01379
group_4102	ridA	RidA family protein	50	1.0000	core	core	no	no	1	bin_5_63_02509
group_4101		FAD:protein FMN transferase	50	1.0000	core	core	no	no	1	bin_5_63_02511
group_4096		Voltage-gated potassium channel Kch	50	1.0000	core	core	no	no	1	bin_5_63_02727
group_4095		Putative carboxypeptidase VC_A0337;S66 peptidase family protein	50	1.0000	core	core	no	no	1	bin_5_63_01619
group_4093		2-keto-3-deoxygluconate-6-phosphate aldolase	50	1.0000	core	core	no	no	1	bin_5_63_02226
group_4092		histidine kinase	50	1.0000	core	core	no	no	1	bin_5_63_01122
group_4090	rfbB	dTDP-glucose 46-dehydratase	50	1.0000	core	core	no	no	1	bin_5_63_01566
group_4089		Protein involved in maturation of the outermost layer of the spore (Crust)	50	1.0000	core	core	no	no	1	bin_5_63_00573
tsaB	tsaB	tRNA (adenosine(37)-N6)-threonylcarbamoyltransferase complex dimerization subunit type 1 TsaB	50	1.0000	core	core	no	no	1	bin_5_63_02110
sutR	sutR;	HTH-type transcriptional regulator SutR;HTH cro/C1-type domain-containing protein;hypothetical protein	50	1.0000	core	core	no	no	1	bin_5_63_00728
group_4088		Methylated-DNA--protein-cysteine methyltransferase	50	1.0000	core	core	no	no	1	bin_5_63_00191
group_4084		acylphosphatase	50	1.0000	core	core	no	no	1	bin_5_63_02329
thiO	thiO	glycine oxidase ThiO	50	1.0000	core	core	no	no	1	bin_5_63_00381
group_4081		Putative glycosyltransferase	50	1.0000	core	core	no	no	1	bin_5_63_01564
group_4075		hypothetical protein;Ger(x)C family spore germination protein;Spore germination GerAC-like C-terminal domain-containing protein	50	1.0000	core	core	no	no	1	bin_5_63_01819
group_4073		hypothetical protein;Major facilitator superfamily (MFS) profile domain-containing protein	50	1.0000	core	core	no	no	1	bin_5_63_00065
group_4072		Putative phosphoenolpyruvate-sugar pyruvyltransferase	50	1.0000	core	core	no	no	1	bin_5_63_01562
group_4069		Teichoic acid primase CDP-glycerol:N-acetyl-beta-d-mannosaminyl-1 4-N-acetyl-d-glucosaminyldiphosphoundecaprenyl glycerophosphotransferase;CDP-glycerol glycerophosphotransferase family protein	50	1.0000	core	core	no	no	1	bin_5_63_02237
tagD	tagD	glycerol-3-phosphate cytidylyltransferase	50	1.0000	core	core	no	no	1	bin_5_63_02239
group_4067		Subunit of efflux permease exporting the starvation-induced killing protein	50	1.0000	core	core	no	no	1	bin_5_63_02394
lysR~~~cmpR	lysR;cmpR	LysR family transcriptional regulator;HTH-type transcriptional activator CmpR	50	1.0000	core	core	no	no	1	bin_5_63_00173
group_4066		MFS transporter	50	1.0000	core	core	no	no	1	bin_5_63_00174
cudC	cudC	choline uptake/conversion transcriptional regulator CudC	50	1.0000	core	core	no	no	1	bin_5_63_00988
group_4064		Muramoyltetrapeptide carboxypeptidase;LD-carboxypeptidase	50	1.0000	core	core	no	no	1	bin_5_63_00720
group_4062		DUF3886 domain-containing protein;Sulfurtransferase	50	1.0000	core	core	no	no	1	bin_5_63_00503
group_4061		Replication-associated recombination protein A;DNA-dependent ATPase modulator of replication restart;Chromosome segregation helicase	50	1.0000	core	core	no	no	1	bin_5_63_00888
group_4057		Prespore-specific transcription regulatory protein	50	1.0000	core	core	no	no	1	bin_5_63_01592
group_4055		Methanol dehydrogenase	50	1.0000	core	core	no	no	1	bin_5_63_00219
bpsA	bpsA;	Promiscuous alkylpyrone synthase BpsA (Polyketide synthesis);Chalcone synthase	50	1.0000	core	core	no	no	1	bin_5_63_01937
group_4052		CoA-disulfide reductase;FAD-dependent oxidoreductase	50	1.0000	core	core	no	no	1	bin_5_63_02610
group_4051		MFS transporter;Permease	50	1.0000	core	core	no	no	1	bin_5_63_00171
group_4049		Hydroxymethylglutaryl-CoA lyase (Leucine degradation)	50	1.0000	core	core	no	no	1	bin_5_63_01804
group_4048		protein-tyrosine-phosphatase;hypothetical protein	50	1.0000	core	core	no	no	1	bin_5_63_02010
group_4047	alsT	Amino-acid carrier protein AlsT	50	1.0000	core	core	no	no	1	bin_5_63_02009
group_4046		aspartate aminotransferase family protein	50	1.0000	core	core	no	no	1	bin_5_63_00133
ablB	ablB	putative beta-lysine N-acetyltransferase	50	1.0000	core	core	no	no	1	bin_5_63_00131
group_4043		GNAT family protein	50	1.0000	core	core	no	no	1	bin_5_63_01438
group_4042		H+-xyloside symporter	50	1.0000	core	core	no	no	1	bin_5_63_02563
group_4041		Membrane protein	50	1.0000	core	core	no	no	1	bin_5_63_00468
group_4040		glycosyltransferase family A protein;Glycosyltransferase family 2 protein	50	1.0000	core	core	no	no	1	bin_5_63_00466
group_4033		histidine kinase;hypothetical protein	50	1.0000	core	core	no	no	1	bin_5_63_02230
group_4029		Acireductone dioxygenase	50	1.0000	core	core	no	no	1	bin_5_63_00183
group_4026		hypothetical protein	50	1.0000	core	core	no	no	1	50_refound_1468
group_4024	htpX	Protease HtpX	50	1.0000	core	core	no	no	1	bin_5_63_01743
group_4021		Methyl-accepting transducer domain-containing protein	50	1.0000	core	core	no	no	1	bin_5_63_01029
yndG	yndG;	Membrane protein YndG;hypothetical protein	50	1.0000	core	core	no	no	1	bin_5_63_02557
ycnJ	ycnJ	Copper transport protein YcnJ	50	1.0000	core	core	no	no	1	bin_5_63_01231
trmB	trmB	tRNA (guanosine(46)-N7)-methyltransferase TrmB	50	1.0000	core	core	no	no	1	bin_5_63_00020
group_4016		Aminoglycoside N(3)-acetyltransferase	50	1.0000	core	core	no	no	1	bin_5_63_00584
group_4015		hypothetical protein;DnaJ-like ue subfamily C member 28 conserved domain-containing protein	50	1.0000	core	core	no	no	1	bin_5_63_01188
group_4013		HTH merR-type domain-containing protein;hypothetical protein	50	1.0000	core	core	no	no	1	bin_5_63_02575
group_4012		Phosphoglucomutase	50	1.0000	core	core	no	no	1	bin_5_63_00818
yhfK	yhfK	Putative sugar epimerase YhfK	50	1.0000	core	core	no	no	1	bin_5_63_00426
oatA~~~yrhL	oatA;yrhL;	O-acetyltransferase OatA;Putative peptidoglycan O-acetyltransferase YrhL;hypothetical protein	50	1.0000	core	core	no	no	1	bin_5_63_01009
group_4008	;asnB	asparagine synthase (glutamine-hydrolyzing)	50	1.0000	core	core	no	no	1	bin_5_63_01432
group_4005		Glycosyltransferase 2-like domain-containing protein;Bifunctional flagellar clutch and glycosyltransferase acting during biofilm formation	50	1.0000	core	core	no	no	1	bin_5_63_01311
mcpA	;mcpA	Chemotaxis protein;hypothetical protein;Methyl-accepting chemotaxis protein McpA	50	1.0000	core	core	no	no	1	bin_5_63_02717
bagdpd	bagdpd	Glycerophosphodiester phosphodiesterase	50	1.0000	core	core	no	no	1	bin_5_63_02658
group_4000		Cadmium-transporting ATPase;Cd(2+)-exporting ATPase	50	1.0000	core	core	no	no	1	bin_5_63_01103
lytR	lytR	LytR family transcriptional regulator	50	1.0000	core	core	no	no	1	bin_5_63_02248
group_3999		Endo-14-beta-mannosidase	50	1.0000	core	core	no	no	1	bin_5_63_02343
group_3998		Exoglucanase ii	50	1.0000	core	core	no	no	1	bin_5_63_02123
group_3995		Putative monooxygenase	50	1.0000	core	core	no	no	1	bin_5_63_01538
group_3993		DUF4234 domain-containing protein;hypothetical protein	50	1.0000	core	core	no	no	1	bin_5_63_02062
panC	panC	pantoate--beta-alanine ligase	50	1.0000	core	core	no	no	1	bin_5_63_01093
group_3991		DUF2198 domain-containing protein	50	1.0000	core	core	no	no	1	bin_5_63_00619
group_3990		(S)-benzoin forming benzil reductase;hypothetical protein	50	1.0000	core	core	no	no	1	bin_5_63_00648
swrC	;swrC	efflux RND transporter permease subunit;Swarming motility protein SwrC	50	1.0000	core	core	no	no	1	bin_5_63_00344
gatB	gatB	Asp-tRNA(Asn)/Glu-tRNA(Gln) amidotransferase subunit GatB	50	1.0000	core	core	no	no	1	bin_5_63_00153
group_3988	;dltA	condensation domain-containing protein;non-ribosomal peptide synthetase;D-alanine--poly(phosphoribitol) ligase subunit DltA;Condensation domain-containing protein;hypothetical protein	50	1.0000	core	core	no	no	1	bin_5_63_01258
group_3972		RDD domain-containing protein	50	1.0000	core	core	no	no	1	bin_5_63_02435
mepS	mepS	bifunctional murein DD-endopeptidase/murein LD-carboxypeptidase	50	1.0000	core	core	no	no	1	bin_5_63_02214
group_3969		hypothetical protein	50	1.0000	core	core	no	no	1	bin_5_63_01729
group_3959		hypothetical protein;Hydrolase;NUDIX domain-containing protein	50	1.0000	core	core	no	no	1	bin_5_63_02118
group_3952		DUF4025 domain-containing protein	50	1.0000	core	core	no	no	1	bin_5_63_00428
rpoN	rpoN	RNA polymerase factor sigma-54	50	1.0000	core	core	no	no	1	bin_5_63_01327
yodF	;yodF	Symporter;Putative symporter YodF;Sodium/pantothenate symporter	50	1.0000	core	core	no	no	1	bin_5_63_00452
group_3949		Cytochrome C biogenesis protein transmembrane domain-containing protein	50	1.0000	core	core	no	no	1	bin_5_63_00085
group_3948		Spore germination protein	50	1.0000	core	core	no	no	1	bin_5_63_01421
group_3947		HNH endonuclease	50	1.0000	core	core	no	no	1	bin_5_63_01419
fliW	fliW	flagellar assembly protein FliW	50	1.0000	core	core	no	no	1	bin_5_63_02278
group_3940		Transition state regulator Abh	50	1.0000	core	core	no	no	1	bin_5_63_00312
group_3939		Transcriptional regulator	50	1.0000	core	core	no	no	1	bin_5_63_02392
group_3937		Putative acylaminoacyl-peptidase	50	1.0000	core	core	no	no	1	bin_5_63_00715
pgeF	pgeF	peptidoglycan editing factor PgeF	50	1.0000	core	core	no	no	1	bin_5_63_01160
group_3932		FeS cluster biogenesis domain-containing protein	50	1.0000	core	core	no	no	1	bin_5_63_00499
group_3930		Putative phosphotransferase	50	1.0000	core	core	no	no	1	bin_5_63_00620
group_3926		Putative arylamine N-acetyltransferase	50	1.0000	core	core	no	no	1	bin_5_63_01283
group_3924	ecsC	EcsC family protein	50	1.0000	core	core	no	no	1	bin_5_63_00554
group_3923	rodA	Peptidoglycan glycosyltransferase RodA	50	1.0000	core	core	no	no	1	bin_5_63_01536
group_3922		hypothetical protein	50	1.0000	core	core	no	no	1	bin_5_63_00559
group_3921		DUF5082 domain-containing protein	50	1.0000	core	core	no	no	1	bin_5_63_00222
group_3918		DUF5082 domain-containing protein	50	1.0000	core	core	no	no	1	bin_5_63_01580
group_3914		Peptidase	50	1.0000	core	core	no	no	1	bin_5_63_02120
group_3913		Lipase	50	1.0000	core	core	no	no	1	bin_5_63_00650
strF	strF	Streptomycin biosynthesis protein StrF	50	1.0000	core	core	no	no	1	bin_5_63_01521
group_3905		adenine deaminase;hypothetical protein	50	1.0000	core	core	no	no	1	bin_5_63_00138
group_3898		Guanidinium efflux transporter subunit	50	1.0000	core	core	no	no	1	bin_5_63_02540
group_3895	fbpB	Fur-regulated basic protein FbpB	50	1.0000	core	core	no	no	1	bin_5_63_00544
group_3889		Peptidase M23	50	1.0000	core	core	no	no	1	bin_5_63_02168
group_3888		Spore coat protein V	50	1.0000	core	core	no	no	1	bin_5_63_00392
group_3887		hypothetical protein;15-anhydro-D-fructose reductase	50	1.0000	core	core	no	no	1	bin_5_63_01002
dapF	dapF	diaminopimelate epimerase	50	1.0000	core	core	no	no	1	bin_5_63_00627
group_3886		Putative enzyme	50	1.0000	core	core	no	no	1	bin_5_63_01979
group_3885		CYTH domain-containing protein	50	1.0000	core	core	no	no	1	bin_5_63_00372
gerA	gerA;	Component of the germination receptor GerA;Ger(x)C family spore germination protein;Spore germination protein A3	50	1.0000	core	core	no	no	1	bin_5_63_00871
group_3883		Serine/threonine protein kinase	50	1.0000	core	core	no	no	1	bin_5_63_00527
group_3882		Component of the anxiosome (Stressosome) positive regulation of sigma(B) activity in response to salt and heat stress	50	1.0000	core	core	no	no	1	bin_5_63_00529
group_3881		MFS sugar transporter;hypothetical protein;Major facilitator family protein;Chloramphenicol resistance protein	50	1.0000	core	core	no	no	1	bin_5_63_00279
group_3880		Spore coat protein	50	1.0000	core	core	no	no	1	bin_5_63_01957
group_3879		Rrf2 family transcriptional regulator	50	1.0000	core	core	no	no	1	bin_5_63_00165
group_3877		Antimicrobial peptide abc transporter permease;YIP1 family protein	50	1.0000	core	core	no	no	1	bin_5_63_02393
group_3868		Spore coat protein;hypothetical protein	50	1.0000	core	core	no	no	1	bin_5_63_00391
sspP	sspP	small acid-soluble spore protein P	50	1.0000	core	core	no	no	1	bin_5_63_00081
ywmA	;ywmA	hypothetical protein;Uncharacterized protein YwmA	50	1.0000	core	core	no	no	1	bin_5_63_01238
group_3863		Cell division protein DivIC	50	1.0000	core	core	no	no	1	bin_5_63_02744
adhA	adhA;	Putative formaldehyde dehydrogenase AdhA;alcohol dehydrogenase catalytic domain-containing protein;NAD(P)-dependent alcohol dehydrogenase;Zinc-binding dehydrogenase;alcohol dehydrogenase (NADP(+))	50	1.0000	core	core	no	no	1	bin_5_63_00514
group_3862		Spore germination protein	50	1.0000	core	core	no	no	1	bin_5_63_02729
rsbU	rsbU;	Phosphoserine phosphatase RsbU;hypothetical protein	50	1.0000	core	core	no	no	1	bin_5_63_00061
group_3860		flagellar hook-associated protein 2	50	1.0000	core	core	no	no	1	bin_5_63_02281
group_3855		Putative exported polysaccharide deacetylase lipoprotein	50	1.0000	core	core	no	no	1	bin_5_63_00212
yneQ	yneQ	YneQ	50	1.0000	core	core	no	no	1	bin_5_63_00073
group_3854		M56 family metallopeptidase;Peptidase M56	50	1.0000	core	core	no	no	1	bin_5_63_01412
group_3851		Dephosphorylated heptaprenylglyceryl phosphate O-acetyltransferase	50	1.0000	core	core	no	no	1	bin_5_63_00400
sspJ	sspJ	small acid-soluble spore protein SspJ	50	1.0000	core	core	no	no	1	bin_5_63_01115
group_3850		Beta-glucoside kinase	50	1.0000	core	core	no	no	1	bin_5_63_02580
group_3841		hypothetical protein;S8 family peptidase;Cell wall-associated protease	50	1.0000	core	core	no	no	1	bin_5_63_00675
group_3835		hypothetical protein	50	1.0000	core	core	no	no	1	bin_5_63_00470
group_3833		Crp/Fnr family transcriptional regulator	50	1.0000	core	core	no	no	1	bin_5_63_01193
group_3832		ABC transporter domain-containing protein	50	1.0000	core	core	no	no	1	bin_5_63_01719
ywnA	ywnA	Putative HTH-type transcriptional regulator YwnA	50	1.0000	core	core	no	no	1	bin_5_63_01763
group_3831		DUF1146 domain-containing protein	50	1.0000	core	core	no	no	1	bin_5_63_01237
thiT	thiT	energy-coupled thiamine transporter ThiT	50	1.0000	core	core	no	no	1	bin_5_63_00999
group_3827		N-acetyltransferase domain-containing protein	50	1.0000	core	core	no	no	1	bin_5_63_00497
group_3824		Mn(2+)-dependent (Deoxy)ribonucleoside pyrophosphohydrolase	50	1.0000	core	core	no	no	1	bin_5_63_01919
lapA	;lapA	Lipopolysaccharide assembly protein A domain-containing protein;lipopolysaccharide assembly LapA domain-containing protein	50	1.0000	core	core	no	no	1	bin_5_63_00877
group_3823		NETI motif-containing protein	50	1.0000	core	core	no	no	1	bin_5_63_00117
group_3822		Spore coat protein X	50	1.0000	core	core	no	no	1	bin_5_63_00390
group_3821		bifunctional homocysteine S-methyltransferase/methylenetetrahydrofolate reductase;Methylenetetrahydrofolate reductase	50	1.0000	core	core	no	no	1	bin_5_63_01450
group_3819		Exported metallophosphoesterase (Mn2+ and Zn2+);metallophosphoesterase	50	1.0000	core	core	no	no	1	bin_5_63_02427
group_3816		Spore coat protein	50	1.0000	core	core	no	no	1	bin_5_63_00798
group_3813	padR	PadR family transcriptional regulator	50	1.0000	core	core	no	no	1	bin_5_63_02546
group_3807		Putative exporter (Benzoate transcriptome);hypothetical protein	50	1.0000	core	core	no	no	1	bin_5_63_00792
group_3804	eamA	EamA domain-containing protein	50	1.0000	core	core	no	no	1	bin_5_63_00998
group_3803		Stress-induced protein	50	1.0000	core	core	no	no	1	bin_5_63_02090
group_3801		hypothetical protein	50	1.0000	core	core	no	no	1	bin_5_63_00353
group_3798		Cytochrome c-type biogenesis protein DsbD protein-disulfide reductase;Yip1 domain-containing protein	50	1.0000	core	core	no	no	1	bin_5_63_01557
group_3797		Uracil permease	50	1.0000	core	core	no	no	1	bin_5_63_02524
group_3796		Mechanosensitive ion channel protein	50	1.0000	core	core	no	no	1	bin_5_63_00486
group_3795		DUF2487 domain-containing protein	50	1.0000	core	core	no	no	1	bin_5_63_01078
group_3790	yjcZ	Sporulation protein YjcZ;YjcZ family sporulation protein	50	1.0000	core	core	no	no	1	bin_5_63_02415
vanZ	vanZ;	Teicoplanin resistance protein VanZ;VanZ-like domain-containing protein	50	1.0000	core	core	no	no	1	bin_5_63_02049
group_3785	;rsiW	anti-sigma factor;Anti-sigma-W factor RsiW	50	1.0000	core	core	no	no	1	bin_5_63_02058
group_3784		SPOR domain-containing protein	50	1.0000	core	core	no	no	1	bin_5_63_01871
group_3783		hypothetical protein;DNA internalization-related competence protein ComEC/Rec2	50	1.0000	core	core	no	no	1	bin_5_63_02363
purM	;purM	hypothetical protein;Phosphoribosylformylglycinamidine cyclo-ligase	50	1.0000	core	core	no	no	1	bin_5_63_00126
group_3780		IDEAL domain-containing protein	50	1.0000	core	core	no	no	1	bin_5_63_01749
group_3778		DUF2164 domain-containing protein	50	1.0000	core	core	no	no	1	bin_5_63_01668
group_3777		DUF421 domain-containing protein	50	1.0000	core	core	no	no	1	bin_5_63_01772
hisH	hisH	imidazole glycerol phosphate synthase subunit HisH	50	1.0000	core	core	no	no	1	bin_5_63_01271
group_3774		energy-coupling factor transporter ATPase	50	1.0000	core	core	no	no	1	bin_5_63_01027
group_3773	tenA	thiaminase II	50	1.0000	core	core	no	no	1	bin_5_63_01025
group_3771		S1 motif domain-containing protein	50	1.0000	core	core	no	no	1	bin_5_63_00056
ypzI	ypzI;	YpzI family protein;hypothetical protein	50	1.0000	core	core	no	no	1	bin_5_63_01047
group_3764	telA	Toxic anion resistance protein TelA	50	1.0000	core	core	no	no	1	bin_5_63_02780
group_3763		Anti-sigma-G factor Gin	50	1.0000	core	core	no	no	1	bin_5_63_02782
group_3762		Spore gernimation protein GerPB	50	1.0000	core	core	no	no	1	bin_5_63_01424
mmuP	mmuP	S-methylmethionine permease	50	1.0000	core	core	no	no	1	bin_5_63_00677
group_3759		uroporphyrinogen-III synthase;Uroporphyrinogen-III synthase	50	1.0000	core	core	no	no	1	bin_5_63_01824
group_3758		Alkanal monooxygenase alpha chain	50	1.0000	core	core	no	no	1	bin_5_63_01826
group_3752		hypothetical protein	50	1.0000	core	core	no	no	1	bin_5_63_01502
group_3749		Peptidase M24	50	1.0000	core	core	no	no	1	bin_5_63_00472
group_3748		Fis family transcriptional regulator;Transcriptional enhancer involved in BCAA homeostasis	50	1.0000	core	core	no	no	1	bin_5_63_01908
group_3747		Acyltransferase	50	1.0000	core	core	no	no	1	bin_5_63_01910
group_3744		DUF1146 domain-containing protein	50	1.0000	core	core	no	no	1	bin_5_63_00130
ykkC	ykkC	Multidrug resistance protein YkkC	50	1.0000	core	core	no	no	1	bin_5_63_02047
acuA	acuA	Acetoin utilization protein AcuA	50	1.0000	core	core	no	no	1	bin_5_63_00001
group_3740		Histidinol dehydrogenase	50	1.0000	core	core	no	no	1	bin_5_63_01269
group_3739		ABC transporter substrate-binding protein	50	1.0000	core	core	no	no	1	bin_5_63_02645
tuaB	tuaB	teichuronic acid biosynthesis protein TuaB	50	1.0000	core	core	no	no	1	bin_5_63_02255
group_3737		YpoC-like domain-containing protein	50	1.0000	core	core	no	no	1	bin_5_63_01101
azlD	azlD	Branched-chain amino acid transporter AzlD	50	1.0000	core	core	no	no	1	bin_5_63_00723
liaI	liaI;	Protein liaI;hypothetical protein	50	1.0000	core	core	no	no	1	bin_5_63_01140
group_3730		Rhodanese domain-containing protein	50	1.0000	core	core	no	no	1	bin_5_63_00287
group_3729	fabG	3-oxoacyl-[acyl-carrier-protein] reductase FabG	50	1.0000	core	core	no	no	1	bin_5_63_01393
group_3728		Aldehyde dehydrogenase	50	1.0000	core	core	no	no	1	bin_5_63_01551
putP	putP	sodium/proline symporter PutP	50	1.0000	core	core	no	no	1	bin_5_63_00150
group_3725		DUF2283 domain-containing protein	50	1.0000	core	core	no	no	1	bin_5_63_00143
ytrF	ytrF	ABC transporter permease YtrF	50	1.0000	core	core	no	no	1	bin_5_63_00269
group_3722		DUF1453 domain-containing protein	50	1.0000	core	core	no	no	1	bin_5_63_00084
tenI	tenI	thiazole tautomerase TenI	50	1.0000	core	core	no	no	1	bin_5_63_00380
queD	queD	6-carboxytetrahydropterin synthase QueD	50	1.0000	core	core	no	no	1	bin_5_63_02462
group_3715	resA	Thiol-disulfide oxidoreductase ResA	50	1.0000	core	core	no	no	1	bin_5_63_01653
group_3714		Transposase	50	1.0000	core	core	no	no	1	bin_5_63_02721
yrdN	;yrdN	Putative tautomerase;Putative tautomerase YrdN	50	1.0000	core	core	no	no	1	bin_5_63_01812
tatA	tatA	Sec-independent protein translocase protein TatA	50	1.0000	core	core	no	no	1	bin_5_63_02116
hisA	hisA	1-(5-phosphoribosyl)-5-[(5-phosphoribosylamino)methylideneamino]imidazole-4-carboxamide isomerase	50	1.0000	core	core	no	no	1	bin_5_63_01272
group_3705		Component of germinant receptor B	50	1.0000	core	core	no	no	1	bin_5_63_02221
group_3704		VOC family protein;Glyoxalase;Glyoxalase bleomycin resistance protein dioxygenase	50	1.0000	core	core	no	no	1	bin_5_63_02611
group_3703		Phospholipase d domain protein	50	1.0000	core	core	no	no	1	bin_5_63_01792
group_3702		Spore outer coat crust protein	50	1.0000	core	core	no	no	1	bin_5_63_00387
sigE	sigE	RNA polymerase sporulation sigma factor SigE	50	1.0000	core	core	no	no	1	bin_5_63_01170
ylbJ	ylbJ	sporulation integral membrane protein YlbJ	50	1.0000	core	core	no	no	1	bin_5_63_01988
group_3697		Excalibur calcium-binding domain-containing protein	50	1.0000	core	core	no	no	1	bin_5_63_02505
group_3695		Beta-hydroxyacid dehydrogenase (Acts on 3-hydroxypropionate with NADP)	50	1.0000	core	core	no	no	1	bin_5_63_02442
rsbW	rsbW	anti-sigma B factor RsbW	50	1.0000	core	core	no	no	1	bin_5_63_00059
flgD	flgD	flagellar hook assembly protein FlgD	50	1.0000	core	core	no	no	1	bin_5_63_02156
group_3692		DUF3243 domain-containing protein	50	1.0000	core	core	no	no	1	bin_5_63_00335
group_3691		Transcriptional regulator	50	1.0000	core	core	no	no	1	bin_5_63_02073
group_3690		Putative nucleotide- or NAD- binding protein	50	1.0000	core	core	no	no	1	bin_5_63_02071
group_3687		hypothetical protein	50	1.0000	core	core	no	no	1	bin_5_63_02466
group_3685		DUF5970 domain-containing protein	50	1.0000	core	core	no	no	1	bin_5_63_01591
group_3684		YtzH-like family protein	50	1.0000	core	core	no	no	1	bin_5_63_00021
group_3682		Stage IV sporulation protein FA	50	1.0000	core	core	no	no	1	bin_5_63_01863
mgsA	mgsA	methylglyoxal synthase	50	1.0000	core	core	no	no	1	bin_5_63_01087
group_3681		DUF1405 domain-containing protein	50	1.0000	core	core	no	no	1	bin_5_63_01082
group_3679		Esterase	50	1.0000	core	core	no	no	1	bin_5_63_01461
yvrG	yvrG	Two-component sensor histidine kinase YvrG (Cell wall processes and sublancin production and immunity (YvrG))	50	1.0000	core	core	no	no	1	bin_5_63_01121
group_3676		2-hydroxymuconate tautomerase	50	1.0000	core	core	no	no	1	bin_5_63_01607
group_3675	ytxH	YtxH domain-containing protein	50	1.0000	core	core	no	no	1	bin_5_63_02011
group_3672		general stress protein;General stress protein 17m	50	1.0000	core	core	no	no	1	bin_5_63_01548
group_3666		peptidoglycan glycosyltransferase	50	1.0000	core	core	no	no	1	bin_5_63_01610
group_3665		DUF2573 domain-containing protein	50	1.0000	core	core	no	no	1	bin_5_63_00858
group_3664		PTS system protein;PTS system sucrose-specific transporter subunit IIBC;Phosphotransferase system (PTS) sucrose-specific enzyme IIBC component	50	1.0000	core	core	no	no	1	bin_5_63_01543
group_3663		AI-2E family transporter	50	1.0000	core	core	no	no	1	bin_5_63_00940
group_3662	deoR	DeoR faimly transcriptional regulator	50	1.0000	core	core	no	no	1	bin_5_63_00663
ywqG	;ywqG	DUF1963 domain-containing protein;YwqG family protein;Cytoplasmic protein	50	1.0000	core	core	no	no	1	bin_5_63_01030
group_3657		histidine kinase	50	1.0000	core	core	no	no	1	bin_5_63_01218
group_3656		ComEA family DNA-binding protein;Membrane bound high-affinity DNA-binding receptor	50	1.0000	core	core	no	no	1	bin_5_63_02361
group_3655		Putative methyltransferase	50	1.0000	core	core	no	no	1	bin_5_63_02359
group_3654		ABC transporter substrate-binding protein	50	1.0000	core	core	no	no	1	bin_5_63_01453
group_3653		Putative nuclease/nucleotidase/phosphoesterase	50	1.0000	core	core	no	no	1	bin_5_63_00698
group_3651		DUF3298 domain-containing protein	50	1.0000	core	core	no	no	1	bin_5_63_00234
nadB	nadB	L-aspartate oxidase	50	1.0000	core	core	no	no	1	bin_5_63_01852
group_3644	ytrA	HTH-type transcriptional repressor YtrA	50	1.0000	core	core	no	no	1	bin_5_63_00265
group_3640		DUF4275 domain-containing protein	50	1.0000	core	core	no	no	1	bin_5_63_02417
group_3636	isdC	heme uptake protein IsdC	50	1.0000	core	core	no	no	1	bin_5_63_00204
thiM	thiM	hydroxyethylthiazole kinase	50	1.0000	core	core	no	no	1	bin_5_63_01514
group_3634		VTT domain-containing protein	50	1.0000	core	core	no	no	1	bin_5_63_01823
group_3633		tRNA methyltransferase	50	1.0000	core	core	no	no	1	bin_5_63_02585
group_3631		L-Ala--D-Glu endopeptidase	50	1.0000	core	core	no	no	1	bin_5_63_00703
group_3627		DUF5365 domain-containing protein	50	1.0000	core	core	no	no	1	bin_5_63_00806
group_3625		glycosyltransferase family 39 protein;Putative glycosyl transferase	50	1.0000	core	core	no	no	1	bin_5_63_01776
yojE	yojE	YojE	50	1.0000	core	core	no	no	1	bin_5_63_00445
yviE	yviE	YviE	50	1.0000	core	core	no	no	1	bin_5_63_02277
group_3623		6-phosphogluconolactonase	50	1.0000	core	core	no	no	1	bin_5_63_01899
yclQ	yclQ	Putative ABC transporter solute-binding protein YclQ	50	1.0000	core	core	no	no	1	bin_5_63_01759
thpR	thpR	RNA 2'3'-cyclic phosphodiesterase	50	1.0000	core	core	no	no	1	bin_5_63_00025
group_3614		Putative phospholipid kinase	50	1.0000	core	core	no	no	1	bin_5_63_00023
group_3613		D-alanyl-aminopeptidase	50	1.0000	core	core	no	no	1	bin_5_63_01701
group_3612		Aldose epimerase	50	1.0000	core	core	no	no	1	bin_5_63_01010
group_3611		GTP cyclohydrolase 1 type 2-like protein;Nif3-like dinuclear metal center hexameric protein	50	1.0000	core	core	no	no	1	bin_5_63_02590
group_3609		Beta-N-acetylhexosaminidase;Beta-N-acetylglucosaminidase	50	1.0000	core	core	no	no	1	bin_5_63_02236
group_3608	htrA;	Serine protease Do-like HtrA;Membrane bound serine protease Do quality control protease and chaperone (Heat-shock protein)	50	1.0000	core	core	no	no	1	bin_5_63_01703
appA	appA	Oligopeptide-binding protein AppA	50	1.0000	core	core	no	no	1	bin_5_63_02303
opp4C	opp4C	oligopeptide ABC transporter permease	50	1.0000	core	core	no	no	1	bin_5_63_02305
group_3607		hypothetical protein;carbamoyl phosphate synthase large subunit	50	1.0000	core	core	no	no	1	bin_5_63_01470
ccmA	ccmA	heme ABC exporter ATP-binding protein CcmA	50	1.0000	core	core	no	no	1	bin_5_63_02203
group_3604		Short-chain dehydrogenase	50	1.0000	core	core	no	no	1	bin_5_63_01708
group_3602		Integral membrane protein	50	1.0000	core	core	no	no	1	bin_5_63_02528
group_3601		DUF2716 domain-containing protein;Sugar epimerase	50	1.0000	core	core	no	no	1	bin_5_63_02025
group_3600		stress protein;Stress protein;Exported stress induced factor	50	1.0000	core	core	no	no	1	bin_5_63_02027
group_3598	rfbD	dTDP-4-dehydrorhamnose reductase	50	1.0000	core	core	no	no	1	bin_5_63_01567
group_3595		Putative RNA methylase	50	1.0000	core	core	no	no	1	bin_5_63_00260
group_3594		DUF2524 domain-containing protein	50	1.0000	core	core	no	no	1	bin_5_63_00262
group_3593		arginine deiminase family protein;dimethylarginine dimethylaminohydrolase family protein;N(G)N(G)-dimethylarginine dimethylaminohydrolase	50	1.0000	core	core	no	no	1	bin_5_63_02548
group_3592		Gamma-D-glutamyl-L-diaminoacid endopeptidase	50	1.0000	core	core	no	no	1	bin_5_63_02550
group_3591		Amino acid:proton symporter	50	1.0000	core	core	no	no	1	bin_5_63_00662
group_3590		iron-containing alcohol dehydrogenase family protein;Hydroxycarboxylate dehydrogenase A	50	1.0000	core	core	no	no	1	bin_5_63_00660
group_3589		putative sugar-binding periplasmic protein	50	1.0000	core	core	no	no	1	bin_5_63_02232
group_3588		Putative glycosyltransferase	50	1.0000	core	core	no	no	1	bin_5_63_00178
rsoA	rsoA	sigma-O factor regulator RsoA	50	1.0000	core	core	no	no	1	bin_5_63_02084
group_3584		Dihydrolipoamide acetyltransferase component of pyruvate dehydrogenase complex	50	1.0000	core	core	no	no	1	bin_5_63_02649
group_3581		Histidine kinase;hypothetical protein	50	1.0000	core	core	no	no	1	bin_5_63_01454
galT	;galT	hypothetical protein;UDP-glucose--hexose-1-phosphate uridylyltransferase	50	1.0000	core	core	no	no	1	bin_5_63_01529
group_3580		galactokinase	50	1.0000	core	core	no	no	1	bin_5_63_01527
group_3579		Undecaprenyl phosphate-alpha-4-amino-4-deoxy-L-arabinose arabinosyl transferase	50	1.0000	core	core	no	no	1	bin_5_63_00755
group_3577		hypothetical protein	50	1.0000	core	core	no	no	1	bin_5_63_02384
rbsK	rbsK	ribokinase	50	1.0000	core	core	no	no	1	bin_5_63_02205
group_3575		Spore germination GerAC-like C-terminal domain-containing protein	50	1.0000	core	core	no	no	1	bin_5_63_02207
group_3574		DUF2116 domain-containing protein	50	1.0000	core	core	no	no	1	bin_5_63_00630
group_3573		RDD domain-containing protein	50	1.0000	core	core	no	no	1	bin_5_63_01403
bstA~~~yfiT	bstA;;yfiT	bacillithiol transferase BstA;hypothetical protein;YfiT family bacillithiol transferase	50	1.0000	core	core	no	no	1	bin_5_63_02061
group_3572		Integral inner membrane protein;General stress protein	50	1.0000	core	core	no	no	1	bin_5_63_02059
group_3571		Holo-[acyl-carrier-protein] synthase	50	1.0000	core	core	no	no	1	bin_5_63_00534
alr	alr	alanine racemase	50	1.0000	core	core	no	no	1	bin_5_63_00532
group_3570		Peptidase A24;A24 family peptidase	50	1.0000	core	core	no	no	1	bin_5_63_01872
thiG	;thiG	Thiazole synthase	50	1.0000	core	core	no	no	1	bin_5_63_00383
kdgR	kdgR	HTH-type transcriptional regulator KdgR	50	1.0000	core	core	no	no	1	bin_5_63_02224
group_3569		alpha/beta fold hydrolase;Haloalkane dehalogenase	50	1.0000	core	core	no	no	1	bin_5_63_02621
coaE	coaE	dephospho-CoA kinase	50	1.0000	core	core	no	no	1	bin_5_63_01367
trpC	trpC	indole-3-glycerol phosphate synthase TrpC	50	1.0000	core	core	no	no	1	bin_5_63_01069
group_3567		Oligopeptide ABC transporter (ATP-binding protein)	50	1.0000	core	core	no	no	1	bin_5_63_02301
group_3566		Proton/sodium-glutamate (Aspartate) symport permease;Proton/glutamate-aspartate symporter	50	1.0000	core	core	no	no	1	bin_5_63_00548
dctP	dctP	C4-dicarboxylate transporter DctP	50	1.0000	core	core	no	no	1	bin_5_63_00550
metP	metP	Methionine import system permease protein MetP	50	1.0000	core	core	no	no	1	bin_5_63_00844
group_3564		Putative polysaccharide pyruvyl transferase involved in biofilm matrix formation	50	1.0000	core	core	no	no	1	bin_5_63_01315
epsG	epsG	EpsG family protein	50	1.0000	core	core	no	no	1	bin_5_63_01313
group_3563		Ribosomal RNA methylase	50	1.0000	core	core	no	no	1	bin_5_63_01345
group_3562		Aerobactin siderophore biosynthesis IucA/IucC-like C-terminal domain-containing protein	50	1.0000	core	core	no	no	1	bin_5_63_00690
group_3561		DUF2768 domain-containing protein	50	1.0000	core	core	no	no	1	bin_5_63_01053
group_3558		hypothetical protein;ABC transporter substrate-binding protein	50	1.0000	core	core	no	no	1	bin_5_63_02053
group_3557		hypothetical protein;Rhamnogalacturonan acetylesterase	50	1.0000	core	core	no	no	1	bin_5_63_02051
group_3549		heme ABC transporter ATP-binding protein	50	1.0000	core	core	no	no	1	bin_5_63_01130
group_3546		tRNA 5-hydroxyuridine methyltransferase	50	1.0000	core	core	no	no	1	bin_5_63_00911
ysdB	ysdB	Sigma-w pathway protein ysdB	50	1.0000	core	core	no	no	1	bin_5_63_01350
aroC	aroC	chorismate synthase	50	1.0000	core	core	no	no	1	bin_5_63_01064
group_3538		Putative transcriptional regulator (LacI family)	50	1.0000	core	core	no	no	1	bin_5_63_02451
cotG	cotG	Spore coat protein CotG;spore coat protein CotG	50	1.0000	core	core	no	no	1	bin_5_63_01428
group_3536		hypothetical protein;prephenate dehydrogenase	50	1.0000	core	core	no	no	1	bin_5_63_01074
group_3535		Alkylpyrone methyltransferase (Polyketide synthesis)	50	1.0000	core	core	no	no	1	bin_5_63_01936
group_3534		hypothetical protein;shikimate dehydrogenase	50	1.0000	core	core	no	no	1	bin_5_63_02354
group_3532		Putative glycosyltransferase involved in matrix formation (Chain-length determination)	50	1.0000	core	core	no	no	1	bin_5_63_01312
group_3531		Spore coat protein;Morphogenetic protein associated with SpoVID (Inner coat morphogenesis);SafA/ExsA family spore coat assembly protein	50	1.0000	core	core	no	no	1	bin_5_63_01849
group_3529		Lipoprotein required for rhamnogalaturonan transport and degradation	50	1.0000	core	core	no	no	1	bin_5_63_00284
group_3524		cysteine desulfurase	50	1.0000	core	core	no	no	1	bin_5_63_00890
mngB	mngB	mannosylglycerate hydrolase	50	1.0000	core	core	no	no	1	bin_5_63_00671
fliA~~~sigK	fliA;sigK	Flagellar biosynthesis protein FliA;RNA polymerase sporulation sigma factor SigK	50	1.0000	core	core	no	no	1	bin_5_63_02347
yfkC	;yfkC	hypothetical protein;Uncharacterized MscS family protein YfkC;Putative MscS family protein YfkC	50	1.0000	core	core	no	no	1	bin_5_63_02021
yfjT	yfjT	YfjT	50	1.0000	core	core	no	no	1	bin_5_63_02023
gntT	gntT;	High-affinity gluconate transporter GntT;Gluconate permease;High-affinity gluconate transporter	50	1.0000	core	core	no	no	1	bin_5_63_00238
group_3519		Putative integral inner membrane protein	50	1.0000	core	core	no	no	1	bin_5_63_01378
doxX	doxX	DoxX family protein	50	1.0000	core	core	no	no	1	bin_5_63_00939
group_3518		Propionyl-CoA dehydrogenase subunit	50	1.0000	core	core	no	no	1	bin_5_63_01626
group_3515		Alpha/beta hydrolase	50	1.0000	core	core	no	no	1	bin_5_63_00750
group_3514		YrhC-like protein	50	1.0000	core	core	no	no	1	bin_5_63_00923
group_3513		Transcriptional regulator	50	1.0000	core	core	no	no	1	bin_5_63_00696
aprX	aprX	Serine protease AprX	50	1.0000	core	core	no	no	1	bin_5_63_00359
yvrJ	yvrJ	YvrJ family protein;YvrJ protein family	50	1.0000	core	core	no	no	1	bin_5_63_02082
group_3512		Integral inner membrane protein	50	1.0000	core	core	no	no	1	bin_5_63_02080
group_3509		Barstar (barnase inhibitor) domain-containing protein	50	1.0000	core	core	no	no	1	bin_5_63_01755
group_3506	;ccsB	ResB-like domain-containing protein;Cytochrome c biogenesis protein CcsB	50	1.0000	core	core	no	no	1	bin_5_63_01652
group_3504	ycaD;	Putative MFS-type transporter YcaD;hypothetical protein	50	1.0000	core	core	no	no	1	bin_5_63_02013
osmC	osmC	OsmC family protein	50	1.0000	core	core	no	no	1	bin_5_63_02016
group_3502		GNAT family N-acetyltransferase	50	1.0000	core	core	no	no	1	bin_5_63_01693
nagB	nagB	glucosamine-6-phosphate deaminase	50	1.0000	core	core	no	no	1	bin_5_63_00406
group_3494		Methionine-glutamine aminotransferase	50	1.0000	core	core	no	no	1	bin_5_63_00187
group_3492		Permease;hypothetical protein	50	1.0000	core	core	no	no	1	bin_5_63_00742
qacR	qacR	HTH-type transcriptional regulator QacR	50	1.0000	core	core	no	no	1	bin_5_63_00748
groL	groL	chaperonin GroEL	50	1.0000	core	core	no	no	1	bin_5_63_02122
group_3489		DinB-like domain-containing protein	50	1.0000	core	core	no	no	1	bin_5_63_00991
nfsA	nfsA	oxygen-insensitive NADPH nitroreductase	50	1.0000	core	core	no	no	1	bin_5_63_01537
group_3488		Molybdenum cofactor biosynthesis protein B	50	1.0000	core	core	no	no	1	bin_5_63_01397
group_3486		putative hydro-lyase	50	1.0000	core	core	no	no	1	bin_5_63_02496
fadH	fadH	24-dienoyl-CoA reductase	50	1.0000	core	core	no	no	1	bin_5_63_02426
group_3483		Cof-type HAD-IIB family hydrolase;hypothetical protein	50	1.0000	core	core	no	no	1	bin_5_63_02215
group_3481		Sporulation protein	50	1.0000	core	core	no	no	1	bin_5_63_00233
group_3480		YolD-like family protein	50	1.0000	core	core	no	no	1	bin_5_63_00493
group_3476		UPF0340 protein BsIDN1_64920	50	1.0000	core	core	no	no	1	bin_5_63_01250
group_3475		beta-N-acetylhexosaminidase	50	1.0000	core	core	no	no	1	bin_5_63_00036
group_3471		Putative succinyl-CoA:3-ketoacid coenzyme A transferase subunit B	50	1.0000	core	core	no	no	1	bin_5_63_00135
group_3470		Response regulator	50	1.0000	core	core	no	no	1	bin_5_63_02231
group_3469		Putative N-acetyltransferase	50	1.0000	core	core	no	no	1	bin_5_63_02574
group_3468		Saccharopine dehydrogenase	50	1.0000	core	core	no	no	1	bin_5_63_01007
mobB	mobB	molybdopterin-guanine dinucleotide biosynthesis protein B	50	1.0000	core	core	no	no	1	bin_5_63_02389
group_3465		Molybdopterin biosynthesis adenylyltransferase	50	1.0000	core	core	no	no	1	bin_5_63_00492
yfmH	yfmH	EF-P 5-aminopentanol modification-associated protein YfmH	50	1.0000	core	core	no	no	1	bin_5_63_00331
group_3462		acetate--CoA ligase;hypothetical protein	50	1.0000	core	core	no	no	1	bin_5_63_02606
group_3460		Sporulation initiation phosphotransferase B	50	1.0000	core	core	no	no	1	bin_5_63_01858
group_3459		Secondary thiamine-phosphate synthase enzyme	50	1.0000	core	core	no	no	1	bin_5_63_02723
group_3458		YhcN/YlaJ family sporulation lipoprotein	50	1.0000	core	core	no	no	1	bin_5_63_01963
senS	senS	Transcriptional regulatory protein SenS	50	1.0000	core	core	no	no	1	bin_5_63_00772
group_3453		Phosphatase;Promiscuous phosphatase putative (Phosphoglycerate) mutase	50	1.0000	core	core	no	no	1	bin_5_63_01745
group_3452		(2Fe-2S)-binding protein;Putative oxidoreductase with Rieske (2Fe-2S) center	50	1.0000	core	core	no	no	1	bin_5_63_01747
purK	purK	5-(carboxyamino)imidazole ribonucleotide synthase	50	1.0000	core	core	no	no	1	bin_5_63_00119
ftsK	;ftsK	DNA translocase;DNA translocase FtsK	50	1.0000	core	core	no	no	1	bin_5_63_00010
group_3444		hypothetical protein	50	1.0000	core	core	no	no	1	bin_5_63_01015
group_3443		Cell wall hydrolase	50	1.0000	core	core	no	no	1	bin_5_63_02456
group_3442		Spore coat protein	50	1.0000	core	core	no	no	1	bin_5_63_02588
group_3440	fbpA	Fur-regulated basic protein FbpA	50	1.0000	core	core	no	no	1	bin_5_63_00113
group_3432		Histidine kinase	50	1.0000	core	core	no	no	1	bin_5_63_02683
group_3427		Xenotiotic metabolite methyltransferase	50	1.0000	core	core	no	no	1	bin_5_63_00614
group_3426		YqcI/YcgG family protein	50	1.0000	core	core	no	no	1	bin_5_63_00616
group_3425		Superoxide dismutase [Cu-Zn]	50	1.0000	core	core	no	no	1	bin_5_63_00438
group_3423		DUF817 domain-containing protein	50	1.0000	core	core	no	no	1	bin_5_63_01194
group_3422		Putative oxoacid CoA-transferase	50	1.0000	core	core	no	no	1	bin_5_63_00134
yxlD	yxlD	Negative regulatory protein YxlD	50	1.0000	core	core	no	no	1	bin_5_63_01481
group_3421		Aminoglycoside phosphotransferase domain-containing protein;phosphotransferase	50	1.0000	core	core	no	no	1	bin_5_63_01394
group_3420		Xenotiotic metabolite methyltransferase	50	1.0000	core	core	no	no	1	bin_5_63_00599
group_3419		Short-chain dehydrogenase	50	1.0000	core	core	no	no	1	bin_5_63_01709
group_3418		Dihydrolipoamide acetyltransferase component of pyruvate dehydrogenase complex	50	1.0000	core	core	no	no	1	bin_5_63_01711
group_3417		Putative S-adenosylmethionine-dependent methyltransferase	50	1.0000	core	core	no	no	1	bin_5_63_00454
group_3412		hypothetical protein;Altronate dehydratase	50	1.0000	core	core	no	no	1	bin_5_63_01126
csaA	csaA	chaperone CsaA	50	1.0000	core	core	no	no	1	bin_5_63_02561
group_3410		Flavodoxin-like fold domain-containing protein	50	1.0000	core	core	no	no	1	bin_5_63_01229
group_3409		DNA-3-methyladenine glycosylase II	50	1.0000	core	core	no	no	1	bin_5_63_02028
group_3407		Putative enzyme	50	1.0000	core	core	no	no	1	bin_5_63_00027
mmuM	mmuM	homocysteine S-methyltransferase	50	1.0000	core	core	no	no	1	bin_5_63_00678
group_3404		Carbohydrate diacid regulator	50	1.0000	core	core	no	no	1	bin_5_63_01814
group_3403		Glycolate oxidase iron-sulfur subunit	50	1.0000	core	core	no	no	1	bin_5_63_01816
group_3402		Glycosyltransferase family 2 protein	50	1.0000	core	core	no	no	1	bin_5_63_01558
group_3401		Peptidase C39-like domain-containing protein	50	1.0000	core	core	no	no	1	bin_5_63_00397
group_3400		PTS system mannose-specific EIIBCA component	50	1.0000	core	core	no	no	1	bin_5_63_01788
group_3399		FAD-binding oxidoreductase;globin domain-containing protein;nitric oxide dioxygenase	50	1.0000	core	core	no	no	1	bin_5_63_01234
group_3396		Phosphotransferase system (PTS) beta-glucoside-specific enzyme IIBCA component	50	1.0000	core	core	no	no	1	bin_5_63_01033
garR	garR	2-hydroxy-3-oxopropionate reductase	50	1.0000	core	core	no	no	1	bin_5_63_00236
nhaC	nhaC	Na+/H+ antiporter NhaC family protein;Na+/H+ antiporter NhaC	50	1.0000	core	core	no	no	1	bin_5_63_00223
group_3390		assimilatory sulfite reductase (NADPH) flavoprotein subunit	50	1.0000	core	core	no	no	1	bin_5_63_01799
group_3388		citryl-CoA lyase	50	1.0000	core	core	no	no	1	bin_5_63_00612
group_3387		bile acid:sodium symporter;Bile acid:sodium symporter family protein	50	1.0000	core	core	no	no	1	bin_5_63_00038
group_3386		HTH tetR-type domain-containing protein	50	1.0000	core	core	no	no	1	bin_5_63_00511
group_3384		L-lactate utilization global transcriptional regulator (GntR family)	50	1.0000	core	core	no	no	1	bin_5_63_01328
group_3383		ornithine--oxo-acid transaminase	50	1.0000	core	core	no	no	1	bin_5_63_01330
group_3381		hypothetical protein;putative membrane transporter protein	50	1.0000	core	core	no	no	1	bin_5_63_00763
hisIE	hisIE	bifunctional phosphoribosyl-AMP cyclohydrolase/phosphoribosyl-ATP diphosphatase HisIE	50	1.0000	core	core	no	no	1	bin_5_63_01274
group_3377		Putative UDP-glucose 4-epimerase	50	1.0000	core	core	no	no	1	bin_5_63_02258
tuaF	tuaF	teichuronic acid biosynthesis protein TuaF	50	1.0000	core	core	no	no	1	bin_5_63_02260
group_3375		Farnesyl diphosphate phosphatase	50	1.0000	core	core	no	no	1	bin_5_63_01435
group_3373		DUF3889 domain-containing protein;YqzG/YhdC family protein	50	1.0000	core	core	no	no	1	bin_5_63_00822
group_3372		hypothetical protein;Squalene-hopene cyclase;prenyltransferase/squalene oxidase repeat-containing protein;Squalene-hopene cyclase sporulenol synthase (Spore protection)	50	1.0000	core	core	no	no	1	bin_5_63_00431
group_3370		Histidine / basic amino acid transporter	50	1.0000	core	core	no	no	1	bin_5_63_00638
group_3369		N(2)-citryl-N(6)-acetyl-N(6)-hydroxylysine synthase	50	1.0000	core	core	no	no	1	bin_5_63_01443
group_3368		N-acetylglutamate synthase	50	1.0000	core	core	no	no	1	bin_5_63_00539
ytbE	ytbE	Putative oxidoreductase YtbE	50	1.0000	core	core	no	no	1	bin_5_63_00278
yocD	;yocD	Peptidase S66;LD-carboxypeptidase;Putative carboxypeptidase YocD	50	1.0000	core	core	no	no	1	bin_5_63_01616
group_3367		hypothetical protein	50	1.0000	core	core	no	no	1	bin_5_63_01642
flaG	flaG	flagellar protein FlaG	50	1.0000	core	core	no	no	1	bin_5_63_02280
group_3364		Putative oxidoreductase	50	1.0000	core	core	no	no	1	bin_5_63_01748
group_3361		Tyrosine-protein phosphatase	50	1.0000	core	core	no	no	1	bin_5_63_01810
group_3359		hypothetical protein	50	1.0000	core	core	no	no	1	bin_5_63_00809
group_3358		Phosphoribosylamine--glycine ligase	50	1.0000	core	core	no	no	1	bin_5_63_00129
yetF	yetF	YetF C-terminal domain-containing protein	50	1.0000	core	core	no	no	1	bin_5_63_01834
group_3351		Putative aminotransferase	50	1.0000	core	core	no	no	1	bin_5_63_00813
group_3350		AEC family transporter	50	1.0000	core	core	no	no	1	bin_5_63_00811
rpoE	rpoE	DNA-directed RNA polymerase subunit delta	50	1.0000	core	core	no	no	1	bin_5_63_01630
group_3346		UDP 26-dideoxy 2-acetamido 4-keto glucose aminotransferase involved in NN'-diacetylbacillosamine synthesis and in biofilm matrix formation	50	1.0000	core	core	no	no	1	bin_5_63_01319
group_3345		Putative murein peptide carboxypeptidase	50	1.0000	core	core	no	no	1	bin_5_63_02552
group_3344		PTS system mannitol-specific EIICB component	50	1.0000	core	core	no	no	1	bin_5_63_01232
group_3343		Methyl-accepting chemotaxis protein	50	1.0000	core	core	no	no	1	bin_5_63_01189
group_3332		TRAP-like transcriptional negative regulator of spore photoproduct lyase	50	1.0000	core	core	no	no	1	bin_5_63_02446
cydC	cydC	thiol reductant ABC exporter subunit CydC	50	1.0000	core	core	no	no	1	bin_5_63_00193
group_3330		Pectate trisaccharide-lyase;hypothetical protein	50	1.0000	core	core	no	no	1	bin_5_63_00192
group_3329		Sulfate-binding protein	50	1.0000	core	core	no	no	1	bin_5_63_01722
group_3328		ASCH domain-containing protein	50	1.0000	core	core	no	no	1	bin_5_63_01724
group_3327		hypothetical protein	50	1.0000	core	core	no	no	1	bin_5_63_01845
group_3326		3-dehydroquinate dehydratase	50	1.0000	core	core	no	no	1	bin_5_63_00610
group_3325		Cupin	50	1.0000	core	core	no	no	1	bin_5_63_00608
group_3322		Alpha/beta hydrolase;alpha/beta family hydrolase	50	1.0000	core	core	no	no	1	bin_5_63_00769
group_3319		GNAT family N-acetyltransferase	50	1.0000	core	core	no	no	1	bin_5_63_01447
cspC	cspC	cold shock protein CspC;Cold shock protein CspC	50	1.0000	core	core	no	no	1	bin_5_63_00516
modA	modA	molybdate ABC transporter substrate-binding protein	50	1.0000	core	core	no	no	1	bin_5_63_01111
stoA	stoA	endospore biogenesis thiol-disulfide oxidoreductase StoA	50	1.0000	core	core	no	no	1	bin_5_63_02454
moaC	moaC	cyclic pyranopterin monophosphate synthase MoaC	50	1.0000	core	core	no	no	1	bin_5_63_02114
tsaD	tsaD	tRNA (adenosine(37)-N6)-threonylcarbamoyltransferase complex transferase subunit TsaD	50	1.0000	core	core	no	no	1	bin_5_63_02112
group_3306		Chemotaxis protein	50	1.0000	core	core	no	no	1	bin_5_63_01357
qoxA	qoxA	cytochrome aa3 quinol oxidase subunit II	50	1.0000	core	core	no	no	1	bin_5_63_01531
yjgB	;yjgB	DUF4309 domain-containing protein;YjgB family protein	50	1.0000	core	core	no	no	1	bin_5_63_01192
group_3305		Methyl-accepting chemotaxis protein	50	1.0000	core	core	no	no	1	bin_5_63_02718
flhF	flhF	flagellar biosynthesis protein FlhF	50	1.0000	core	core	no	no	1	bin_5_63_02143
flhB	flhB	flagellar biosynthesis protein FlhB	50	1.0000	core	core	no	no	1	bin_5_63_02145
xynA	xynA	Endo-14-beta-xylanase A	50	1.0000	core	core	no	no	1	bin_5_63_02568
group_3303		Cytochrome P450 109	50	1.0000	core	core	no	no	1	bin_5_63_02570
ywhD	ywhD	YwhD family protein	50	1.0000	core	core	no	no	1	bin_5_63_01609
group_3301		Sporulation-specific extracellular nuclease	50	1.0000	core	core	no	no	1	bin_5_63_00581
group_3300		putative choloylglycine hydrolase	50	1.0000	core	core	no	no	1	bin_5_63_02490
group_3298		hypothetical protein;PAS domain-containing protein;ATP-binding protein;histidine kinase;PAS domain S-box protein	50	1.0000	core	core	no	no	1	bin_5_63_02439
sprT	sprT	SprT family protein	50	1.0000	core	core	no	no	1	bin_5_63_00055
dtd	dtd	D-aminoacyl-tRNA deacylase	50	1.0000	core	core	no	no	1	bin_5_63_00881
group_3293		XPG N-terminal domain-containing protein	50	1.0000	core	core	no	no	1	bin_5_63_01541
group_3289		tetrahydrofolate synthase	50	1.0000	core	core	no	no	1	bin_5_63_01873
group_3288		fructokinase	50	1.0000	core	core	no	no	1	bin_5_63_00670
group_3287		ATP-binding protein;histidine kinase	50	1.0000	core	core	no	no	1	bin_5_63_00802
group_3286		Class D sortase	50	1.0000	core	core	no	no	1	bin_5_63_00804
group_3281		Deoxyribodipyrimidine photo-lyase;deoxyribodipyrimidine photo-lyase	50	1.0000	core	core	no	no	1	bin_5_63_01970
ftsW	ftsW	putative lipid II flippase FtsW	50	1.0000	core	core	no	no	1	bin_5_63_01968
esaA~~~yueB	esaA;yueB;	Type VII secretion protein EsaA;ESX secretion system protein YueB;ESX secretion system calcium-dependent phage SPP1 attachment site	50	1.0000	core	core	no	no	1	bin_5_63_00646
group_3262		hypothetical protein;acetate--CoA ligase	50	1.0000	core	core	no	no	1	bin_5_63_01801
ypdF	;ypdF	hypothetical protein;Aminopeptidase YpdF	50	1.0000	core	core	no	no	1	bin_5_63_00825
group_3256		hypothetical protein;ATP-dependent Clp protease ATP-binding subunit	50	1.0000	core	core	no	no	1	bin_5_63_02465
group_3254	;prpE	RNA ligase;AAA family ATPase;Bis(5'-nucleosyl)-tetraphosphatase PrpE (Asymmetrical)	50	1.0000	core	core	no	no	1	bin_5_63_01771
group_3250		Putative indole acetic acid N-acetyltransferase;hypothetical protein;N-acetyltransferase domain-containing protein	50	1.0000	core	core	no	no	1	bin_5_63_02227;bin_5_63_02228
group_3249		Aminotransferase	50	1.0000	core	core	no	no	1	bin_5_63_02622
xylB	xylB;	xylulokinase;hypothetical protein;Xylulose kinase	50	1.0000	core	core	no	no	1	bin_5_63_02567
parE	;parE	hypothetical protein;DNA topoisomerase IV subunit B;toprim domain-containing protein	50	1.0000	core	core	no	no	1	bin_5_63_00069
group_3235		AMP-binding protein;AMP-binding enzyme C-terminal domain-containing protein;hypothetical protein	50	1.0000	core	core	no	no	1	bin_5_63_01807
parC	parC;	DNA topoisomerase IV subunit A;DNA gyrase C-terminal beta-propeller domain-containing protein	50	1.0000	core	core	no	no	1	bin_5_63_00068
group_3222		SnoaL-like domain-containing protein	50	1.0000	core	core	no	no	1	bin_5_63_01516
group_3217		Cytosolic protein	50	1.0000	core	core	no	no	1	bin_5_63_01981
group_3215		hypothetical protein;Rubrerythrin diiron-binding domain-containing protein	50	1.0000	core	core	no	no	1	bin_5_63_01414
sigY	;sigY	hypothetical protein;RNA polymerase sigma factor SigY	50	1.0000	core	core	no	no	1	bin_5_63_01479
plsY	plsY	glycerol-3-phosphate 1-O-acyltransferase PlsY	50	1.0000	core	core	no	no	1	bin_5_63_00071
group_3210		N-acetyltransferase;GNAT family N-acetyltransferase	50	1.0000	core	core	no	no	1	bin_5_63_00735
ydgI	;ydgI	Nitroreductase domain-containing protein;Putative NAD(P)H nitroreductase YdgI	50	1.0000	core	core	no	no	1	bin_5_63_01017
ypeB	ypeB	Sporulation protein YpeB N-terminal domain-containing protein;germination protein YpeB	50	1.0000	core	core	no	no	1	bin_5_63_01041
group_3206		SAM-dependent methyltransferase	50	1.0000	core	core	no	no	1	bin_5_63_01522
spoIIGA	;spoIIGA	hypothetical protein;sigma-E processing peptidase SpoIIGA	50	1.0000	core	core	no	no	1	bin_5_63_01171
group_3204		Branched-chain amino acid transport protein;Branched-chain amino acid ABC transporter permease	50	1.0000	core	core	no	no	1	bin_5_63_00722
nadD	nadD;	nicotinate-nucleotide adenylyltransferase	50	1.0000	core	core	no	no	1	bin_5_63_02356
group_3199	rsbT	RsbT co-antagonist protein RsbRC	50	1.0000	core	core	no	no	1	bin_5_63_01778
group_3198		universal stress protein;Stress protein	50	1.0000	core	core	no	no	1	bin_5_63_02321
panB	;panB	3-methyl-2-oxobutanoate hydroxymethyltransferase	50	1.0000	core	core	no	no	1	bin_5_63_01092
group_3196		Putative metal-dependent hydrolase	50	1.0000	core	core	no	no	1	bin_5_63_00586
lipM	;lipM	hypothetical protein;Octanoyltransferase LipM	50	1.0000	core	core	no	no	1	bin_5_63_00832
yrrT	;yrrT	class I SAM-dependent methyltransferase;Uncharacterized methyltransferase BPUM_2363	50	1.0000	core	core	no	no	1	bin_5_63_00919
group_3193		WYL domain-containing protein;Putative transcriptional regulator	50	1.0000	core	core	no	no	1	bin_5_63_02553
group_3192		Putative metal-dependent hydrolase	50	1.0000	core	core	no	no	1	bin_5_63_02555
pyrE	pyrE	Orotate phosphoribosyltransferase	50	1.0000	core	core	no	no	1	bin_5_63_02516
thiL	thiL	thiamine-phosphate kinase	50	1.0000	core	core	no	no	1	bin_5_63_02108
group_3190		YesK-like protein	50	1.0000	core	core	no	no	1	bin_5_63_02648
group_3188		Glycerol acyltransferase	50	1.0000	core	core	no	no	1	bin_5_63_00248
group_3187		PTS EIIB type-5 domain-containing protein;PTS glucitol/sorbitol transporter subunit IIB;PTS sorbitol transporter subunit IIB	50	1.0000	core	core	no	no	1	bin_5_63_01164
cysW	cysW	sulfate ABC transporter permease subunit CysW	50	1.0000	core	core	no	no	1	bin_5_63_01720
group_3185		CAP domain-containing protein	50	1.0000	core	core	no	no	1	bin_5_63_01980
group_3184		Luciferase-like domain-containing protein	50	1.0000	core	core	no	no	1	bin_5_63_00730
group_3183		DUF4352 domain-containing protein	50	1.0000	core	core	no	no	1	bin_5_63_02716
group_3182		hypothetical protein;FAD-dependent oxidoreductase;NADH dehydrogenase	50	1.0000	core	core	no	no	1	bin_5_63_00625
group_3177		hypothetical protein	50	1.0000	core	core	no	no	1	bin_5_63_01024
rpsA	;rpsA	30S ribosomal protein S1;S1 RNA-binding domain-containing protein;S1 motif domain-containing protein;Small ribosomal subunit bS1-like protein	50	1.0000	core	core	no	no	1	bin_5_63_01045
queG	;queG	DUF1730 domain-containing protein;(Fe-S)-binding protein;tRNA epoxyqueuosine(34) reductase QueG	50	1.0000	core	core	no	no	1	bin_5_63_00786
yhhS	;yhhS	Major facilitator superfamily (MFS) profile domain-containing protein;Putative MFS-type transporter YhhS	50	1.0000	core	core	no	no	1	bin_5_63_02176
group_3171		NAD(+)--protein-arginine ADP-ribosyltransferase Tre1-like N-terminal domain-containing protein	50	1.0000	core	core	no	no	1	bin_5_63_00230
group_3170	eamA	EamA domain-containing protein	50	1.0000	core	core	no	no	1	bin_5_63_00721
sucA	;sucA	oxoglutarate dehydrogenase (succinyl-transferring);2-oxoglutarate dehydrogenase E1 component	50	1.0000	core	core	no	no	1	bin_5_63_00435
yfhD	yfhD;	YfhD family protein;Sporulation protein;YfhD-like protein	50	1.0000	core	core	no	no	1	bin_5_63_02069
gudB	;gudB	hypothetical protein;Cryptic catabolic NAD-specific glutamate dehydrogenase GudB	50	1.0000	core	core	no	no	1	bin_5_63_01037
group_3167		Gfo/Idh/MocA family protein;Gfo/Idh/MocA family oxidoreductase;Putative dehydrogenase of rhamnogalaturonan degradation	50	1.0000	core	core	no	no	1	bin_5_63_00285
group_3166		histidine kinase;PAS domain S-box protein	50	1.0000	core	core	no	no	1	bin_5_63_02407
group_3165		Serine alkaline protease (Ca(2+)-dependent subtilisin E)	50	1.0000	core	core	no	no	1	bin_5_63_01744
group_3164		MFS transporter;Major facilitator superfamily (MFS) profile domain-containing protein	50	1.0000	core	core	no	no	1	bin_5_63_02434
group_3163		Tetracycline resistance protein class B	50	1.0000	core	core	no	no	1	50_refound_1462
group_3162		DUF3902 domain-containing protein;Membrane protein	50	1.0000	core	core	no	no	1	bin_5_63_01439
group_3161		Biotin carboxylase for subunit LdeHB of methylcrotonyl-CoA carboxylase	50	1.0000	core	core	no	no	1	bin_5_63_01806
group_3159		ATP-dependent helicase competence protein;DEAD/DEAH box helicase family protein	50	1.0000	core	core	no	no	1	bin_5_63_02269
group_3158	;comF	hypothetical protein;ComF family protein;Component of the DNA transport apparatus	50	1.0000	core	core	no	no	1	bin_5_63_02271
cdaS	cdaS;	sporulation-specific diadenylate cyclase CdaS;DAC domain-containing protein	50	1.0000	core	core	no	no	1	bin_5_63_00440
ribZ	ribZ	Riboflavin transporter RibZ	50	1.0000	core	core	no	no	1	bin_5_63_02174
group_3155		Arginine/ornithine antiporter	50	1.0000	core	core	no	no	1	bin_5_63_01116
group_3153	;gntR	PLP-dependent aminotransferase family protein;GntR family transcriptional regulator	50	1.0000	core	core	no	no	1	bin_5_63_01753
tuaD	tuaD;	UDP-glucose 6-dehydrogenase TuaD;UDP-glucose/GDP-mannose dehydrogenase C-terminal domain-containing protein	50	1.0000	core	core	no	no	1	bin_5_63_02257
group_3150		Sucrose-6-phosphate hydrolase	50	1.0000	core	core	no	no	1	bin_5_63_01544
group_3149		acyl-CoA carboxylase subunit beta	50	1.0000	core	core	no	no	1	bin_5_63_02639
group_3146		ATP-binding protein;histidine kinase	50	1.0000	core	core	no	no	1	bin_5_63_00181
group_3145	;cls	Cardiolipin synthase;hypothetical protein;cardiolipin synthase	50	1.0000	core	core	no	no	1	bin_5_63_00364
pepF	pepF	oligoendopeptidase F	50	1.0000	core	core	no	no	1	bin_5_63_00366
group_3143		Long-chain-fatty-acid--CoA ligase	50	1.0000	core	core	no	no	1	bin_5_63_01741
dauA	;dauA	hypothetical protein;C4-dicarboxylic acid transporter DauA	50	1.0000	core	core	no	no	1	bin_5_63_01287
mutS2	mutS2;	endonuclease MutS2;hypothetical protein	50	1.0000	core	core	no	no	1	bin_5_63_01338
recN	recN	DNA repair protein RecN	50	1.0000	core	core	no	no	1	bin_5_63_02663
spoIVB	;spoIVB	SpoIVB peptidase	50	1.0000	core	core	no	no	1	bin_5_63_02662
group_3138		ABC transporter ATP-binding protein;ABC transporter;Oligopeptide ABC transporter (ATP-binding protein)	50	1.0000	core	core	no	no	1	bin_5_63_02093
group_3136		Mannitol-specific phosphotransferase enzyme IIA component	50	1.0000	core	core	no	no	1	bin_5_63_02515
group_3134	recQ	ATP-dependent DNA helicase RecQ;DNA helicase RecQ	50	1.0000	core	core	no	no	1	bin_5_63_00423
cstA	cstA;	carbon starvation CstA family protein;Carbon starvation protein A-like protein;carbon starvation protein CstA	50	1.0000	core	core	no	no	1	bin_5_63_01347
epsC	;epsC	Polysaccharide biosynthesis protein;UDP-N-acetylglucosamine 46-dehydratase family protein;putative polysaccharide biosynthesis protein EpsC;UDP-N-acetylglucosamine 46-dehydratase involved in biofilm matrix formation	50	1.0000	core	core	no	no	1	bin_5_63_01309
group_3130		transcription antiterminator;PTS sugar transporter subunit IIA;Transcriptional activator of the lichenan operon	50	1.0000	core	core	no	no	1	bin_5_63_01486
nhaK	;nhaK	hypothetical protein;Na+/H+ antiporter	50	1.0000	core	core	no	no	1	bin_5_63_01107
metE	;metE	5-methyltetrahydropteroyltriglutamate--homocysteine S-methyltransferase	50	1.0000	core	core	no	no	1	bin_5_63_02530
lon	lon;	endopeptidase La;Lon N-terminal domain-containing protein	50	1.0000	core	core	no	no	1	bin_5_63_01886
recJ	recJ	single-stranded-DNA-specific exonuclease RecJ	50	1.0000	core	core	no	no	1	bin_5_63_00878
group_3123	glnQ;	Glutamine transport ATP-binding protein GlnQ;ATP-binding cassette domain-containing protein	50	1.0000	core	core	no	no	1	bin_5_63_00900
group_3122		hypothetical protein;peptidoglycan glycosyltransferase	50	1.0000	core	core	no	no	1	bin_5_63_01102
group_3121		MMPL family transporter;Membrane transport protein MMPL domain-containing protein;SSD domain-containing protein	50	1.0000	core	core	no	no	1	bin_5_63_00333
group_3120		dynamin family protein;Dynamin GTPase	50	1.0000	core	core	no	no	1	bin_5_63_01935
group_3119		metallophosphoesterase;LTD domain-containing protein;hypothetical protein;lamin tail domain-containing protein	50	1.0000	core	core	no	no	1	bin_5_63_00408
group_3118		multifunctional 2'3'-cyclic-nucleotide 2'-phosphodiesterase/3'-nucleotidase/5'-nucleotidase	50	1.0000	core	core	no	no	1	bin_5_63_01182
group_3111		hypothetical protein	50	1.0000	core	core	no	no	1	50_refound_1460
group_3109	dinG	ATP-dependent DNA helicase DinG	50	1.0000	core	core	no	no	1	bin_5_63_01095
dsbA~~~spxH	dsbA;spxH	DsbA family protein;ClpXP adapter protein SpxH	50	1.0000	core	core	no	no	1	bin_5_63_00369
group_3108		Stage II sporulation protein SA;hypothetical protein	50	1.0000	core	core	no	no	1	bin_5_63_01727
group_3107		Putative N-acetyltransferase	50	1.0000	core	core	no	no	1	bin_5_63_00997
group_3104		MFS transporter	50	1.0000	core	core	no	no	1	bin_5_63_01473
group_3102		DUF4397 domain-containing protein	50	1.0000	core	core	no	no	1	bin_5_63_00566
group_3101		Spore coat protein	50	1.0000	core	core	no	no	1	bin_5_63_02297
rplT	;rplT	50S ribosomal protein L20	50	1.0000	core	core	no	no	1	bin_5_63_01352
group_3100		GGDEF domain-containing protein	50	1.0000	core	core	no	no	1	bin_5_63_00796
yodN	yodN	YodN	50	1.0000	core	core	no	no	1	bin_5_63_00461
splB	;splB	Spore photoproduct lyase;hypothetical protein;spore photoproduct lyase	50	1.0000	core	core	no	no	1	bin_5_63_02445
group_3088		Heptaprenyl diphosphate synthase component I;hypothetical protein	50	1.0000	core	core	no	no	1	bin_5_63_01059
rghR	;rghR	helix-turn-helix domain-containing protein;HTH-type transcriptional repressor RghR	50	1.0000	core	core	no	no	1	bin_5_63_00314
group_3087		Disulfide oxidoreductase	50	1.0000	core	core	no	no	1	bin_5_63_00623
group_3083		Nramp family divalent metal transporter	50	1.0000	core	core	no	no	1	bin_5_63_00556
ydaF	;ydaF	GNAT family N-acetyltransferase;Ribosomal N-acetyltransferase YdaF	50	1.0000	core	core	no	no	1	bin_5_63_00557
group_3081		DUF5082 domain-containing protein	50	1.0000	core	core	no	no	1	bin_5_63_00220
gpr	;gpr	hypothetical protein;GPR endopeptidase	50	1.0000	core	core	no	no	1	bin_5_63_02367
group_3080		PTS system glucose-specific EIICBA component;PTS EIIC type-1 domain-containing protein;Phosphotransferase system (PTS) glucose-specific enzyme IICBA component	50	1.0000	core	core	no	no	1	bin_5_63_02449
group_3079		Glycosyltransferase 2-like domain-containing protein;Glycosyltransferase	50	1.0000	core	core	no	no	1	bin_5_63_02077
sspK	sspK	small acid-soluble spore protein K	50	1.0000	core	core	no	no	1	bin_5_63_02075
group_3077		hypothetical protein	50	1.0000	core	core	no	no	1	50_refound_1459
group_3071	;celB	hypothetical protein;Putative phosphotransferase protein;PTS system cellobiose-specific IIC component;PTS system lichenan oligosaccharide-specific IIC component;PTS cellobiose transporter subunit IIC	50	1.0000	core	core	no	no	1	bin_5_63_01488
group_3070		FeS cluster biogenesis domain-containing protein	50	1.0000	core	core	no	no	1	bin_5_63_00072
group_3069		ribosomal-processing cysteine protease Prp	50	1.0000	core	core	no	no	1	bin_5_63_01860
group_3067		Resolvase	50	1.0000	core	core	no	no	1	bin_5_63_01783
group_3066		Sporulation protein cse60;hypothetical protein	50	1.0000	core	core	no	no	1	bin_5_63_00288
group_3064		Extracellular endoglucanase (Expansin);hypothetical protein;Endoglucanase-like protein	50	1.0000	core	core	no	no	1	bin_5_63_00498
group_3063		DUF2179 domain-containing protein	50	1.0000	core	core	no	no	1	bin_5_63_00768
group_3062		Biphenyl 23-dioxygenase	50	1.0000	core	core	no	no	1	bin_5_63_00271
ycnC	;ycnC	TetR/AcrR family transcriptional regulator;hypothetical protein;Putative HTH-type transcriptional regulator YcnC	50	1.0000	core	core	no	no	1	bin_5_63_01222
group_3059		hypothetical protein	50	1.0000	core	core	no	no	1	bin_5_63_00394
group_3057		DUF309 domain-containing protein	50	1.0000	core	core	no	no	1	bin_5_63_01662
ctaG	ctaG	cytochrome c oxidase assembly factor CtaG	50	1.0000	core	core	no	no	1	bin_5_63_01977
group_3053		Cupin type-1 domain-containing protein;cupin domain-containing protein;Cupin	50	1.0000	core	core	no	no	1	bin_5_63_01555
group_3052		helix-turn-helix domain-containing protein;cache domain-containing protein;Membrane bound transcriptional regulator (Controlling rhamnogalacturonan degradation)	50	1.0000	core	core	no	no	1	bin_5_63_00281
group_3051		DUF5446 domain-containing protein	50	1.0000	core	core	no	no	1	bin_5_63_01959
trpE	trpE	anthranilate synthase component I	50	1.0000	core	core	no	no	1	bin_5_63_01067
ybeY	;ybeY	hypothetical protein;rRNA maturation RNase YbeY	50	1.0000	core	core	no	no	1	bin_5_63_02605
group_3045		Branched-chain amino acid aminotransferase	50	1.0000	core	core	no	no	1	bin_5_63_01813
atpD	;atpD	hypothetical protein;F0F1 ATP synthase subunit beta	50	1.0000	core	core	no	no	1	bin_5_63_01240
cwlQ~~~fliE	cwlQ;fliE;	Bifunctional muramidase/lytic transglycosylase CwlQ;Flagellar hook-basal body complex protein FliE;Membrane-bound lytic murein transglycosylase F	50	1.0000	core	core	no	no	1	bin_5_63_00371
group_3044		Transcriptional repressor	50	1.0000	core	core	no	no	1	bin_5_63_00315
group_3043		YueH-like protein	50	1.0000	core	core	no	no	1	bin_5_63_00655
group_3040		YlbE-like protein	50	1.0000	core	core	no	no	1	bin_5_63_01982
msrA	msrA	Peptide methionine sulfoxide reductase MsrA	50	1.0000	core	core	no	no	1	bin_5_63_00569
group_3039		Polysaccharide biosynthesis protein;UDP-N-acetylglucosamine 46-dehydratase (Inverting)	50	1.0000	core	core	no	no	1	bin_5_63_00571
mscL	mscL	large conductance mechanosensitive channel protein MscL	50	1.0000	core	core	no	no	1	bin_5_63_02185
ygaY	;ygaY	Major facilitator superfamily (MFS) profile domain-containing protein;Uncharacterized transporter YgaY;Major facilitator superfamily protein	50	1.0000	core	core	no	no	1	bin_5_63_01670
group_3038	;queC	7-cyano-7-deazaguanine synthase;7-cyano-7-deazaguanine synthase QueC	50	1.0000	core	core	no	no	1	bin_5_63_02463
group_3037		TIGR04211 family SH3 domain-containing protein	50	1.0000	core	core	no	no	1	bin_5_63_00882
addB	;addB	hypothetical protein;helicase-exonuclease AddAB subunit AddB	50	1.0000	core	core	no	no	1	bin_5_63_01415
tkt	;tkt	hypothetical protein;transketolase	50	1.0000	core	core	no	no	1	bin_5_63_00089
group_3035		Lipoprotein	50	1.0000	core	core	no	no	1	bin_5_63_01983
group_3032		DUF304 domain-containing protein	50	1.0000	core	core	no	no	1	bin_5_63_00228
group_3031		Cytosolic protein	50	1.0000	core	core	no	no	1	bin_5_63_01364
group_3027		Organic hydroperoxide resistance reductase B	50	1.0000	core	core	no	no	1	bin_5_63_02532
group_3024		Putative efflux transporter	50	1.0000	core	core	no	no	1	bin_5_63_01575
spoIIR	;spoIIR	Stage II sporulation protein R;stage II sporulation protein R	50	1.0000	core	core	no	no	1	bin_5_63_01256
yfmQ	yfmQ;	YfmQ;hypothetical protein	50	1.0000	core	core	no	no	1	bin_5_63_00495
group_3023		Integral inner membrane protein	50	1.0000	core	core	no	no	1	bin_5_63_02559
ylbO~~~gerR	ylbO;gerR	Uncharacterized protein YlbO;sporulation-specific transcriptional regulator GerR	50	1.0000	core	core	no	no	1	bin_5_63_01994
rsmD	rsmD	16S rRNA (guanine(966)-N(2))-methyltransferase RsmD	50	1.0000	core	core	no	no	1	bin_5_63_01986
group_3020		Putative 2-ketogluconate reductase hydroxypyruvate / glyoxylate reductase	50	1.0000	core	core	no	no	1	bin_5_63_01285
group_3018		Nitrile hydratase subunit beta	50	1.0000	core	core	no	no	1	bin_5_63_02459
fbpB	fbpB	FbpB family small basic protein	50	1.0000	core	core	no	no	1	bin_5_63_00077
group_3015		SHSP domain-containing protein	50	1.0000	core	core	no	no	1	bin_5_63_01956
group_3010		hypothetical protein;Methyl-accepting chemotaxis protein	50	1.0000	core	core	no	no	1	bin_5_63_00936
group_3008		hypothetical protein	50	1.0000	core	core	no	no	1	bin_5_63_00794
group_3007	marR	MarR family transcriptional regulator	50	1.0000	core	core	no	no	1	bin_5_63_00568
group_3006		hypothetical protein;Chromate transport protein	50	1.0000	core	core	no	no	1	bin_5_63_02195
group_3004		Spore coat protein	50	1.0000	core	core	no	no	1	bin_5_63_00355
group_3002		Pseudouridine synthase	50	1.0000	core	core	no	no	1	bin_5_63_02526
mutS	mutS	DNA mismatch repair protein MutS	50	1.0000	core	core	no	no	1	bin_5_63_00351
group_2999		UPF0298 protein BPUM_1393	50	1.0000	core	core	no	no	1	bin_5_63_01985
iolS	iolS	Aldo-keto reductase IolS	50	1.0000	core	core	no	no	1	bin_5_63_01696
pyrH	;pyrH	Uridylate kinase;UMP kinase	50	1.0000	core	core	no	no	1	bin_5_63_02132
group_2998	walK;	cell wall metabolism sensor histidine kinase WalK;histidine kinase	50	1.0000	core	core	no	no	1	bin_5_63_01649
group_2996	;mcpB	hypothetical protein;Methyl-accepting chemotaxis protein McpB	50	1.0000	core	core	no	no	1	bin_5_63_02285
group_2995		GDSL-type esterase/lipase family protein;hypothetical protein;SGNH hydrolase-type esterase domain-containing protein	50	1.0000	core	core	no	no	1	bin_5_63_00563
radC	;radC	UPF0758 domain-containing protein;hypothetical protein;DNA repair protein RadC;MPN domain-containing protein	50	1.0000	core	core	no	no	1	bin_5_63_01869
yqeK	yqeK	bis(5'-nucleosyl)-tetraphosphatase (symmetrical) YqeK	50	1.0000	core	core	no	no	1	bin_5_63_02357
group_2990		D-serine deaminase pyridoxal phosphate-dependent	50	1.0000	core	core	no	no	1	bin_5_63_01751
group_2988		cytochrome P450;NADPH--hemoprotein reductase;Bifunctional cytochrome P450/NADPH--P450 reductase	50	1.0000	core	core	no	no	1	bin_5_63_01774
group_2987		MATE family efflux transporter	50	1.0000	core	core	no	no	1	bin_5_63_01316
group_2980		Low temperature requirement C protein;YutG/PgpA domain-containing protein	50	1.0000	core	core	no	no	1	bin_5_63_01913
group_2979		class I SAM-dependent methyltransferase;SAM-dependent methyltransferase	50	1.0000	core	core	no	no	1	bin_5_63_01915
group_2978		hypothetical protein	50	1.0000	core	core	no	no	1	bin_5_63_02317
group_2973		Scaffold protein Nfu/NifU N-terminal domain-containing protein;Virulence factor domain-containing protein	50	1.0000	core	core	no	no	1	bin_5_63_01918
group_2972		Phage portal protein	50	1.0000	core	core	no	no	1	bin_5_63_01732
group_2971		VOC family virulence protein;Glyoxalase	50	1.0000	core	core	no	no	1	bin_5_63_00736
pth	pth	aminoacyl-tRNA hydrolase	50	1.0000	core	core	no	no	1	bin_5_63_02753
group_2970		Spore coat phospholipase B	50	1.0000	core	core	no	no	1	bin_5_63_02491
group_2969		Cyclic di-AMP receptor A	50	1.0000	core	core	no	no	1	bin_5_63_02777
group_2968		Arginine decarboxylase	50	1.0000	core	core	no	no	1	bin_5_63_02779
group_2967		Transcriptional regulator	50	1.0000	core	core	no	no	1	bin_5_63_01016
acuC	acuC	Acetoin utilization protein AcuC	50	1.0000	core	core	no	no	1	bin_5_63_00003
group_2966		DUF2536 domain-containing protein	50	1.0000	core	core	no	no	1	bin_5_63_00918
group_2965		Phage protein	50	1.0000	core	core	no	no	1	bin_5_63_01844
group_2964		Bypass of forespore C intercompartmental signaling factor	50	1.0000	core	core	no	no	1	bin_5_63_01842
group_2963		Peptidase MA-like domain-containing protein	50	1.0000	core	core	no	no	1	bin_5_63_00800
group_2962		Bacterial Pleckstrin-like y domain-containing protein	50	1.0000	core	core	no	no	1	bin_5_63_00427
group_2960		DUF2639 domain-containing protein	50	1.0000	core	core	no	no	1	50_refound_1458
group_2958		DUF4097 domain-containing protein	50	1.0000	core	core	no	no	1	bin_5_63_01142
group_2956		Promiscuous glyoxal/methylglyoxal reductase	50	1.0000	core	core	no	no	1	bin_5_63_01109
fliZ	fliZ	flagella biosynthesis regulatory protein FliZ	50	1.0000	core	core	no	no	1	bin_5_63_02149
group_2955		DNA alkylation repair protein	50	1.0000	core	core	no	no	1	bin_5_63_00567
yvbW	;yvbW	hypothetical protein;Putative amino acid permease YvbW	50	1.0000	core	core	no	no	1	bin_5_63_00757
htrB	htrB;	Serine protease Do-like HtrB;hypothetical protein	50	1.0000	core	core	no	no	1	bin_5_63_00862
group_2952		Flagellar hook-length control protein	50	1.0000	core	core	no	no	1	bin_5_63_02157
group_2950		Antirepressor	50	1.0000	core	core	no	no	1	bin_5_63_01523
group_2949		Cell division protein DivIB	50	1.0000	core	core	no	no	1	bin_5_63_01178
group_2947		methylthioribulose 1-phosphate dehydratase	50	1.0000	core	core	no	no	1	bin_5_63_00184
hepT	;hepT	Heptaprenyl diphosphate synthase component II;heptaprenyl diphosphate synthase component II	50	1.0000	core	core	no	no	1	bin_5_63_01061
group_2944		RCK C-terminal domain-containing protein;cation:proton antiporter;Gated K+/H+ antiporter	50	1.0000	core	core	no	no	1	bin_5_63_00378
group_2941	yjcZ	Sporulation protein YjcZ	50	1.0000	core	core	no	no	1	bin_5_63_02351
group_2939		Cystine transporter permease	50	1.0000	core	core	no	no	1	bin_5_63_02172
group_2937		Small multi-drug export protein	50	1.0000	core	core	no	no	1	bin_5_63_02544
yueE	;yueE	hypothetical protein;Putative phosphohydrolase YueE	50	1.0000	core	core	no	no	1	bin_5_63_00649
group_2935		Coupling factor for flagellin transcription and translation	50	1.0000	core	core	no	no	1	bin_5_63_02135
group_2934		Response regulator aspartate phosphatase F	50	1.0000	core	core	no	no	1	bin_5_63_01503
group_2932		L-5-oxoprolinase (ATP-dependent) subunit C	50	1.0000	core	core	no	no	1	bin_5_63_02494
sepF	sepF	Cell division protein SepF	50	1.0000	core	core	no	no	1	bin_5_63_01158
group_2931		Tetraprenyl-beta-curcumene synthase	50	1.0000	core	core	no	no	1	bin_5_63_00258
group_2930		Putative stress adaptation protein (Tellurite resistance)	50	1.0000	core	core	no	no	1	bin_5_63_00242
dbpA	;dbpA	SWF/SNF family helicase;hypothetical protein;ATP-dependent RNA helicase DbpA	50	1.0000	core	core	no	no	1	bin_5_63_02190
yjgM	yjgM	Uncharacterized N-acetyltransferase YjgM	50	1.0000	core	core	no	no	1	bin_5_63_00739
flbD	flbD	Flagellar protein FlbD	50	1.0000	core	core	no	no	1	bin_5_63_02154
group_2927		NAD(P)-binding domain-containing protein	50	1.0000	core	core	no	no	1	bin_5_63_00398
group_2926		Membrane metalloprotease (Proteolysis of pro-sigma(K))	50	1.0000	core	core	no	no	1	bin_5_63_01862
group_2925		N-acetyltransferase domain-containing protein	50	1.0000	core	core	no	no	1	bin_5_63_00421
ymfM	ymfM	Uncharacterized membrane protein YmfM	50	1.0000	core	core	no	no	1	bin_5_63_00337
group_2924		DUF2584 domain-containing protein	50	1.0000	core	core	no	no	1	bin_5_63_00252
group_2921		Pseudouridine synthase	50	1.0000	core	core	no	no	1	bin_5_63_00376
group_2920		YebC/PmpR family DNA-binding transcriptional regulator	50	1.0000	core	core	no	no	1	bin_5_63_02019
trpB	trpB	tryptophan synthase subunit beta	50	1.0000	core	core	no	no	1	bin_5_63_01071
group_2918		Transcriptional regulator (Lrp/AsnC family)	50	1.0000	core	core	no	no	1	bin_5_63_00585
deoB	;deoB	Phosphopentomutase;hypothetical protein;phosphopentomutase	50	1.0000	core	core	no	no	1	bin_5_63_01686
group_2916		serine-type D-Ala-D-Ala carboxypeptidase	50	1.0000	core	core	no	no	1	bin_5_63_01684
group_2914		DUF5412 domain-containing protein	50	1.0000	core	core	no	no	1	bin_5_63_01734
group_2913		Nucleoside transporter/FeoB GTPase Gate domain-containing protein	50	1.0000	core	core	no	no	1	bin_5_63_00402
yabA	yabA	DNA replication initiation control protein YabA	50	1.0000	core	core	no	no	1	bin_5_63_02773
group_2911		zinc-binding dehydrogenase;Alcohol dehydrogenase-like C-terminal domain-containing protein;Sorbitol dehydrogenase	50	1.0000	core	core	no	no	1	bin_5_63_00931
polA	;polA	DNA polymerase I	50	1.0000	core	core	no	no	1	bin_5_63_01370
group_2906		Flagellar hook-basal body accessory protein	50	1.0000	core	core	no	no	1	bin_5_63_02182
yhbY	yhbY	ribosome assembly RNA-binding protein YhbY	50	1.0000	core	core	no	no	1	bin_5_63_02355
iseA	iseA	IseA DL-endopeptidase inhibitor	50	1.0000	core	core	no	no	1	bin_5_63_01779
group_2905		NucA/NucB deoxyribonuclease domain-containing protein;Sporulation-specific extracellular nuclease	50	1.0000	core	core	no	no	1	bin_5_63_01777
dat	dat	D-amino-acid transaminase	50	1.0000	core	core	no	no	1	bin_5_63_02322
group_2903		methyl-accepting chemotaxis protein;Chemotaxis protein	50	1.0000	core	core	no	no	1	bin_5_63_02513
group_2901		hypothetical protein;Multidrug-efflux transporter	50	1.0000	core	core	no	no	1	bin_5_63_01786
potA	potA	Spermidine/putrescine import ATP-binding protein PotA	50	1.0000	core	core	no	no	1	bin_5_63_00577
murP	murP	N-acetylmuramic acid PTS permease - MurP subunit	50	1.0000	core	core	no	no	1	bin_5_63_00034
group_2900		hypothetical protein	50	1.0000	core	core	no	no	1	bin_5_63_02187
group_2899		Sporulation protein	50	1.0000	core	core	no	no	1	bin_5_63_00587
mntR	mntR	transcriptional regulator MntR	50	1.0000	core	core	no	no	1	bin_5_63_00831
nadR	nadR	Transcription repressor NadR	50	1.0000	core	core	no	no	1	bin_5_63_01854
group_2897		VWFA domain-containing protein;cobaltochelatase CobT-related protein	50	1.0000	core	core	no	no	1	bin_5_63_00436
group_2896		GIY-YIG domain-containing protein	50	1.0000	core	core	no	no	1	bin_5_63_02771
rsmA	rsmA	16S rRNA (adenine(1518)-N(6)/adenine(1519)-N(6))-dimethyltransferase RsmA	50	1.0000	core	core	no	no	1	bin_5_63_02764
group_2893		hypothetical protein	50	1.0000	core	core	no	no	1	bin_5_63_01933
group_2891	cwlO	Peptidoglycan DL-endopeptidase CwlO	50	1.0000	core	core	no	no	1	bin_5_63_00764
yqzK	yqzK;	YqzK family protein;DUF4227 domain-containing protein	50	1.0000	core	core	no	no	1	bin_5_63_01688
ywnH	ywnH	Phosphinothricin acetyltransferase YwnH	50	1.0000	core	core	no	no	1	bin_5_63_02167
group_2886		YfhE-like protein	50	1.0000	core	core	no	no	1	bin_5_63_02070
mreD	mreD	rod shape-determining protein MreD	50	1.0000	core	core	no	no	1	bin_5_63_01866
group_2884		NAD-dependent epimerase/dehydratase domain-containing protein	50	1.0000	core	core	no	no	1	bin_5_63_00275
gltB	;gltB	Glutamate synthase subunit alpha;glutamate synthase large subunit;Alpha-hydroxy-acid oxidizing protein	50	1.0000	core	core	no	no	1	bin_5_63_02289
group_2882		Lipoprotein	50	1.0000	core	core	no	no	1	bin_5_63_02539
murQ	murQ	N-acetylmuramic acid 6-phosphate etherase	50	1.0000	core	core	no	no	1	bin_5_63_00032
group_2879		putative molybdenum cofactor guanylyltransferase	50	1.0000	core	core	no	no	1	bin_5_63_00491
group_2878		Glyoxalase bleomycin resistance protein dioxygenase	50	1.0000	core	core	no	no	1	bin_5_63_00810
mtnN	mtnN	5'-methylthioadenosine/S-adenosylhomocysteine nucleosidase	50	1.0000	core	core	no	no	1	bin_5_63_00920
group_2875		ABC transporter permease	50	1.0000	core	core	no	no	1	bin_5_63_00546
group_2872		Putative glycosyltransferase (Complex carbohydrate synthase)	50	1.0000	core	core	no	no	1	bin_5_63_00179
pyrF	pyrF	orotidine-5'-phosphate decarboxylase	50	1.0000	core	core	no	no	1	bin_5_63_02517
dnaJ	dnaJ	Chaperone protein DnaJ;DnaJ domain-containing protein;molecular chaperone DnaJ	50	1.0000	core	core	no	no	1	bin_5_63_02375
srtB	srtB	class B sortase	50	1.0000	core	core	no	no	1	bin_5_63_00200
group_2868		Dipeptide epimerase	50	1.0000	core	core	no	no	1	bin_5_63_02551
group_2867		DUF2179 domain-containing protein	50	1.0000	core	core	no	no	1	bin_5_63_00679
yfiZ	;yfiZ	hypothetical protein;Putative siderophore transport system permease protein YfiZ	50	1.0000	core	core	no	no	1	bin_5_63_00688
group_2865	;ykuD	LD-transpeptidase catalytic domain protein;LD-transpeptidase YkuD	50	1.0000	core	core	no	no	1	bin_5_63_02641
recU	;recU	hypothetical protein;Holliday junction resolvase RecU	50	1.0000	core	core	no	no	1	bin_5_63_01962
ndk	ndk	nucleoside-diphosphate kinase	50	1.0000	core	core	no	no	1	bin_5_63_01062
rho	rho	transcription termination factor Rho	50	1.0000	core	core	no	no	1	bin_5_63_01638
group_2862		Nad binding enzyme	50	1.0000	core	core	no	no	1	bin_5_63_01476
tsaE	tsaE	tRNA (adenosine(37)-N6)-threonylcarbamoyltransferase complex ATPase subunit type 1 TsaE	50	1.0000	core	core	no	no	1	bin_5_63_02109
group_2860		Putative transmembrane efflux protein;Putative efflux transporter	50	1.0000	core	core	no	no	1	bin_5_63_00751
group_2859		hypothetical protein;2-oxoisovalerate dehydrogenase subunit beta	50	1.0000	core	core	no	no	1	bin_5_63_01712
group_2857		hypothetical protein	50	1.0000	core	core	no	no	1	bin_5_63_02726
group_2854		General stress protein	50	1.0000	core	core	no	no	1	bin_5_63_01620
yvgO	yvgO	Stress response protein YvgO	50	1.0000	core	core	no	no	1	bin_5_63_00942
ytlC~~~cmpC	ytlC;cmpC	Uncharacterized ABC transporter ATP-binding protein YtlC;Bicarbonate transport ATP-binding protein CmpC	50	1.0000	core	core	no	no	1	bin_5_63_00245
group_2853		Carotenoid biosynthesis protein	50	1.0000	core	core	no	no	1	bin_5_63_00247
pxpB	pxpB	5-oxoprolinase subunit PxpB	50	1.0000	core	core	no	no	1	bin_5_63_02495
pgk	pgk	Phosphoglycerate kinase	50	1.0000	core	core	no	no	1	bin_5_63_01334
group_2852		Tagaturonate reductase;Tagaturonate reductase (Altronate oxidoreductase)	50	1.0000	core	core	no	no	1	bin_5_63_01125
uxaC	uxaC	glucuronate isomerase	50	1.0000	core	core	no	no	1	bin_5_63_01123
group_2851		PTS sorbitol transporter subunit IIC	50	1.0000	core	core	no	no	1	bin_5_63_01165
dpaB	;dpaB	hypothetical protein;dipicolinate synthase subunit B	50	1.0000	core	core	no	no	1	bin_5_63_00319
group_2847		glucose-1-phosphate thymidylyltransferase	50	1.0000	core	core	no	no	1	bin_5_63_01565
group_2846		Acylneuraminate cytidylyltransferase	50	1.0000	core	core	no	no	1	bin_5_63_00572
rimI	rimI	ribosomal protein S18-alanine N-acetyltransferase	50	1.0000	core	core	no	no	1	bin_5_63_02111
cysT	cysT	sulfate ABC transporter permease subunit CysT	50	1.0000	core	core	no	no	1	bin_5_63_01721
argJ	argJ	bifunctional ornithine acetyltransferase/N-acetylglutamate synthase	50	1.0000	core	core	no	no	1	bin_5_63_01466
group_2843		Ferrichrome ABC transporter (Ferrichrome-binding lipoprotein)	50	1.0000	core	core	no	no	1	bin_5_63_01117
group_2841		N-acetyltransferase domain-containing protein	50	1.0000	core	core	no	no	1	bin_5_63_02543
group_2840		hypothetical protein	50	1.0000	core	core	no	no	1	bin_5_63_00190
thrB	;thrB	homoserine kinase;Homoserine kinase	50	1.0000	core	core	no	no	1	bin_5_63_00714
tuaH	tuaH	teichuronic acid biosynthesis protein TuaH	50	1.0000	core	core	no	no	1	bin_5_63_02262
group_2837		Teichoic acid-peptidoglycan tethering enzyme (LCP component) with transcription regulator domain	50	1.0000	core	core	no	no	1	bin_5_63_02264
group_2836		WYL domain-containing protein	50	1.0000	core	core	no	no	1	bin_5_63_00624
ytxJ	ytxJ	Bacillithiol system redox-active protein YtxJ	50	1.0000	core	core	no	no	1	bin_5_63_00006
ccpA	ccpA	catabolite control protein A	50	1.0000	core	core	no	no	1	bin_5_63_00004
group_2832		NAD-dependent protein deacylase	50	1.0000	core	core	no	no	1	bin_5_63_02324
group_2831		DUF4870 domain-containing protein	50	1.0000	core	core	no	no	1	bin_5_63_00412
group_2829		Class I SAM-dependent methyltransferase	50	1.0000	core	core	no	no	1	bin_5_63_01006
spo0A	spo0A	sporulation transcription factor Spo0A	50	1.0000	core	core	no	no	1	bin_5_63_02661
group_2827		hypothetical protein	50	1.0000	core	core	no	no	1	bin_5_63_02659
group_2826		Transcriptional regulator	50	1.0000	core	core	no	no	1	bin_5_63_02314
group_2825		hypothetical protein;Spore protein	50	1.0000	core	core	no	no	1	bin_5_63_02316
group_2824		hypothetical protein	50	1.0000	core	core	no	no	1	bin_5_63_02330
group_2822		Putative lipoprotein	50	1.0000	core	core	no	no	1	bin_5_63_02416
group_2821		Ribose/galactose/methyl galactoside import ATP-binding protein	50	1.0000	core	core	no	no	1	bin_5_63_01499
pdaC	;pdaC	Chitooligosaccharide deacetylase;Peptidoglycan-N-acetylmuramic acid deacetylase PdaC	50	1.0000	core	core	no	no	1	bin_5_63_02349
group_2820		Putative glycosyltransferase	50	1.0000	core	core	no	no	1	bin_5_63_01563
hchA	hchA	Protein/nucleic acid deglycase HchA	50	1.0000	core	core	no	no	1	bin_5_63_01023
yqkK	yqkK	YqkK	50	1.0000	core	core	no	no	1	bin_5_63_01692
spoIIM	spoIIM	stage II sporulation protein M	50	1.0000	core	core	no	no	1	bin_5_63_01690
bshB1	bshB1	Bacillithiol biosynthesis deacetylase BshB1;bacillithiol biosynthesis deacetylase BshB1	50	1.0000	core	core	no	no	1	bin_5_63_01088
group_2812		HTH-type transcriptional regulator	50	1.0000	core	core	no	no	1	bin_5_63_00474
fni	fni	type 2 isopentenyl-diphosphate Delta-isomerase	50	1.0000	core	core	no	no	1	bin_5_63_01046
group_2811		AIM24 family protein	50	1.0000	core	core	no	no	1	bin_5_63_01924
group_2810		GerAB/ArcD/ProY family transporter;Spore germination protein GerQB	50	1.0000	core	core	no	no	1	bin_5_63_01818
group_2808		DUF3907 domain-containing protein	50	1.0000	core	core	no	no	1	bin_5_63_01658
group_2807		O-acetyltransferase involved in synthesis of NN'-diacetylbacillosamine and in biofilm matrix formation	50	1.0000	core	core	no	no	1	bin_5_63_01318
group_2803		hypothetical protein	50	1.0000	core	core	no	no	1	bin_5_63_00066
sbcC	sbcC	exonuclease subunit SbcC	50	1.0000	core	core	no	no	1	bin_5_63_01418
group_2802		GNAT family N-acetyltransferase	50	1.0000	core	core	no	no	1	bin_5_63_01561
group_2800		Putative transcriptional regulator (MarR family)	50	1.0000	core	core	no	no	1	bin_5_63_02177
group_2799		WecB/TagA/CpsF family glycosyltransferase;N-acetylglucosaminyldiphosphoundecaprenol N-acetyl-beta-D-mannosaminyltransferase	50	1.0000	core	core	no	no	1	bin_5_63_02238
group_2798	;hxlR	helix-turn-helix domain-containing protein;HxlR family transcriptional regulator	50	1.0000	core	core	no	no	1	bin_5_63_00759
ligA	;ligA	hypothetical protein;DNA ligase;NAD-dependent DNA ligase LigA	50	1.0000	core	core	no	no	1	bin_5_63_00146
mtnW	mtnW	23-diketo-5-methylthiopentyl-1-phosphate enolase	50	1.0000	core	core	no	no	1	bin_5_63_00186
yqfC	yqfC	sporulation protein YqfC	50	1.0000	core	core	no	no	1	bin_5_63_02385
yknY	yknY	Putative ABC transporter ATP-binding protein YknY	50	1.0000	core	core	no	no	1	bin_5_63_02395
group_2792		Sporulation protein	50	1.0000	core	core	no	no	1	bin_5_63_00229
uvsE	uvsE	UV DNA damage repair endonuclease UvsE	50	1.0000	core	core	no	no	1	bin_5_63_01621
group_2791		DUF3898 domain-containing protein	50	1.0000	core	core	no	no	1	bin_5_63_00175
betB	betB	betaine-aldehyde dehydrogenase	50	1.0000	core	core	no	no	1	bin_5_63_00989
yuiA	yuiA	YuiA family protein	50	1.0000	core	core	no	no	1	bin_5_63_00633
group_2788		Extracellular ribonuclease	50	1.0000	core	core	no	no	1	bin_5_63_00692
group_2787		hypothetical protein;SSD domain-containing protein	50	1.0000	core	core	no	no	1	bin_5_63_00329
group_2786		ESAT-6-like protein	50	1.0000	core	core	no	no	1	bin_5_63_00231
group_2779		Membrane protein insertion and folding monitor	50	1.0000	core	core	no	no	1	bin_5_63_02635
group_2778		Putative NAD(P)H nitroreductase	50	1.0000	core	core	no	no	1	bin_5_63_02068
rutD	rutD	Aminoacrylate hydrolase RutD	50	1.0000	core	core	no	no	1	bin_5_63_00502
tcdA	;tcdA	THIF-type NAD/FAD binding fold domain-containing protein	50	1.0000	core	core	no	no	1	bin_5_63_00887
group_2776		Glutamate 5-kinase	50	1.0000	core	core	no	no	1	bin_5_63_02572
group_2775		M protein repeat family protein	50	1.0000	core	core	no	no	1	bin_5_63_00270
ypdA	ypdA	YpdA family bacillithiol disulfide reductase	50	1.0000	core	core	no	no	1	bin_5_63_01038
group_2771		Putative gamma-glutamylcyclotransferase (Bacillithiol degradation)	50	1.0000	core	core	no	no	1	bin_5_63_02408
group_2770	abrB	AbrB family transcriptional regulator	50	1.0000	core	core	no	no	1	bin_5_63_02406
tseB	tseB	cell wall elongation/penicillin-binding protein regulator TseB	50	1.0000	core	core	no	no	1	bin_5_63_01097
group_2766		UPF0741 protein BPUM_3395	50	1.0000	core	core	no	no	1	bin_5_63_01593
ywmB	ywmB	YwmB family TATA-box binding protein	50	1.0000	core	core	no	no	1	50_refound_1457
fliH	;fliH	hypothetical protein;flagellar assembly protein FliH	50	1.0000	core	core	no	no	1	bin_5_63_02161
yheN	;yheN	hypothetical protein;polysaccharide deacetylase family protein;Putative polysaccharide deacetylase YheN	50	1.0000	core	core	no	no	1	bin_5_63_01940
group_2760	rpiR	RpiR family transcriptional regulator	50	1.0000	core	core	no	no	1	bin_5_63_00170
group_2753		Serine o-acetyltransferase	50	1.0000	core	core	no	no	1	bin_5_63_01440
group_2751		UPF0435 protein BPUM_0734	50	1.0000	core	core	no	no	1	bin_5_63_02008
group_2749		16S rRNA (uracil(1498)-N(3))-methyltransferase	50	1.0000	core	core	no	no	1	bin_5_63_02377
group_2748	pucR	PucR family transcriptional regulator	50	1.0000	core	core	no	no	1	bin_5_63_00132
group_2747		Thermostable monoacylglycerol lipase	50	1.0000	core	core	no	no	1	bin_5_63_00540
group_2746		Holin-like toxin	50	1.0000	core	core	no	no	1	bin_5_63_00441
group_2745		Putative transcriptional regulator (AraC/XylS family)	50	1.0000	core	core	no	no	1	bin_5_63_01437
pbp4b	pbp4b	penicillin binding protein PBP4B	50	1.0000	core	core	no	no	1	bin_5_63_00035
yqzE	yqzE	YqzE family protein	50	1.0000	core	core	no	no	1	bin_5_63_01483
group_2744		DUF5668 domain-containing protein	50	1.0000	core	core	no	no	1	bin_5_63_01884
group_2742		Undecaprenyl-diphosphatase	50	1.0000	core	core	no	no	1	bin_5_63_02175
group_2741		Vitamin B12-binding protein	50	1.0000	core	core	no	no	1	bin_5_63_01128
xynB	xynB	Beta-xylosidase	50	1.0000	core	core	no	no	1	bin_5_63_02564
group_2740		Membrane protein	50	1.0000	core	core	no	no	1	bin_5_63_00469
rocR	rocR	Arginine utilization regulatory protein RocR	50	1.0000	core	core	no	no	1	bin_5_63_00465
yokU	yokU	YokU family protein	50	1.0000	core	core	no	no	1	bin_5_63_00463
group_2736	pfkB	1-phosphofructokinase	50	1.0000	core	core	no	no	1	bin_5_63_01790
group_2732		Transcriptional regulator	50	1.0000	core	core	no	no	1	bin_5_63_01332
group_2730		Lactate utilization protein C	50	1.0000	core	core	no	no	1	bin_5_63_01768
group_2728	;srrA	Two-component response regulator;Transcriptional regulatory protein SrrA	50	1.0000	core	core	no	no	1	bin_5_63_01217
group_2722		Lipoprotein	50	1.0000	core	core	no	no	1	bin_5_63_01752
group_2721		hypothetical protein	50	1.0000	core	core	no	no	1	bin_5_63_01545
group_2720	lacI	LacI family transcriptional regulator	50	1.0000	core	core	no	no	1	bin_5_63_02229
group_2719		Peptidase M20 dimerisation domain-containing protein	50	1.0000	core	core	no	no	1	bin_5_63_02638
lysA	lysA	diaminopimelate decarboxylase	50	1.0000	core	core	no	no	1	bin_5_63_01673
capB~~~pgsB	capB;pgsB	Capsule biosynthesis protein CapB;poly-gamma-glutamate synthase PgsB	50	1.0000	core	core	no	no	1	bin_5_63_02210
group_2717		44'-diaponeurosporenoate glycosyltransferase	50	1.0000	core	core	no	no	1	bin_5_63_00249
araQ~~~ytcP	araQ;ytcP	L-arabinose transport system permease protein AraQ;Putative ABC transporter permease protein YtcP	50	1.0000	core	core	no	no	1	bin_5_63_00276
group_2713		Aspartyl-phosphate phosphatase Spo0E	50	1.0000	core	core	no	no	1	bin_5_63_00182
coiA	coiA;	competence protein CoiA family protein;Competence protein	50	1.0000	core	core	no	no	1	bin_5_63_00365
group_2711		Master regulator for biofilm formation	50	1.0000	core	core	no	no	1	bin_5_63_00349
eno	eno	phosphopyruvate hydratase	50	1.0000	core	core	no	no	1	bin_5_63_01337
group_2706		Membrane integrity integral inner membrane protein	50	1.0000	core	core	no	no	1	bin_5_63_00992
leuB	leuB	3-isopropylmalate dehydrogenase	50	1.0000	core	core	no	no	1	bin_5_63_01893
group_2701		Putative cell wall oligopeptide ABC transporter (ATP binding protein)	50	1.0000	core	core	no	no	1	bin_5_63_02094
ykoC	ykoC	HMP/thiamine permease protein YkoC	50	1.0000	core	core	no	no	1	bin_5_63_01028
lutA	lutA	Lactate utilization protein A	50	1.0000	core	core	no	no	1	bin_5_63_01766
group_2699		hypothetical protein	50	1.0000	core	core	no	no	1	bin_5_63_02192
mraZ	mraZ	division/cell wall cluster transcriptional repressor MraZ	50	1.0000	core	core	no	no	1	bin_5_63_01998
group_2696		Carbonic anhydrase;Beta-carbonic anhydrase 1	50	1.0000	core	core	no	no	1	bin_5_63_01286
group_2694		DUF4166 domain-containing protein	50	1.0000	core	core	no	no	1	bin_5_63_02558
group_2693		YcnI-like domain-containing protein	50	1.0000	core	core	no	no	1	bin_5_63_01230
clpX	clpX	ATP-dependent protease ATP-binding subunit ClpX	50	1.0000	core	core	no	no	1	bin_5_63_01888
group_2691		Beta-barrel protein ywib	50	1.0000	core	core	no	no	1	bin_5_63_01614
metA	;metA	Homoserine O-acetyltransferase 1;homoserine O-succinyltransferase	50	1.0000	core	core	no	no	1	bin_5_63_01922
group_2690		Group-specific protein	50	1.0000	core	core	no	no	1	bin_5_63_02284
ytnP	ytnP	Putative quorum-quenching lactonase YtnP	50	1.0000	core	core	no	no	1	bin_5_63_00019
group_2689		DNA polymerase III PolC-type;PolC-type DNA polymerase III	50	1.0000	core	core	no	no	1	bin_5_63_02125
nucA	nucA	Inhibitor of the DNA degrading activity of NucA (Competence)	50	1.0000	core	core	no	no	1	bin_5_63_00583
tdk	tdk	thymidine kinase	50	1.0000	core	core	no	no	1	bin_5_63_01640
treB	treB	PTS trehalose transporter subunit IIBC	50	1.0000	core	core	no	no	1	bin_5_63_01187
group_2684		Putative ABC transporter (ATP-binding protein)	50	1.0000	core	core	no	no	1	bin_5_63_02576
group_2682		DUF1510 domain-containing protein	50	1.0000	core	core	no	no	1	bin_5_63_00917
group_2681		Inner membrane protein YgaP-like transmembrane domain-containing protein	50	1.0000	core	core	no	no	1	bin_5_63_00137
glpD	glpD	glycerol-3-phosphate dehydrogenase	50	1.0000	core	core	no	no	1	bin_5_63_00817
group_2676		N(6)-hydroxylysine O-acetyltransferase	50	1.0000	core	core	no	no	1	bin_5_63_01444
group_2675		General stress protein 16O	50	1.0000	core	core	no	no	1	bin_5_63_00425
isdC	isdC	heme uptake protein IsdC	50	1.0000	core	core	no	no	1	bin_5_63_00205
group_2670		DUF2777 domain-containing protein	50	1.0000	core	core	no	no	1	bin_5_63_01431
group_2667		hypothetical protein;Putative extracellular matrix glycosyltransferase	50	1.0000	core	core	no	no	1	bin_5_63_01310
group_2664	licT	BglG family transcription antiterminator LicT	50	1.0000	core	core	no	no	1	bin_5_63_01032
ytxC	ytxC	putative sporulation protein YtxC	50	1.0000	core	core	no	no	1	bin_5_63_01359
group_2658		class F sortase;Peptidase C60	50	1.0000	core	core	no	no	1	bin_5_63_01485
group_2656		ABC transporter ATP-binding protein	50	1.0000	core	core	no	no	1	bin_5_63_00578
group_2655		UPF0291 protein BPUM_1689	50	1.0000	core	core	no	no	1	bin_5_63_01784
group_2654		Glycine transporter domain-containing protein	50	1.0000	core	core	no	no	1	bin_5_63_01106
group_2652		DUF2627 domain-containing protein	50	1.0000	core	core	no	no	1	bin_5_63_02657
group_2651		Dihydroneopterin aldolase	50	1.0000	core	core	no	no	1	bin_5_63_01104
group_2650		acetyl-CoA C-acetyltransferase	50	1.0000	core	core	no	no	1	bin_5_63_01624
group_2649		SCP domain-containing protein	50	1.0000	core	core	no	no	1	bin_5_63_02441
group_2648		Beta-xylanase;endo-14-beta-xylanase	50	1.0000	core	core	no	no	1	bin_5_63_02344
yprB	yprB	YprB ribonuclease H-like domain-containing protein	50	1.0000	core	core	no	no	1	bin_5_63_01952
engB~~~yihA	engB;yihA	putative GTP-binding protein EngB;ribosome biogenesis GTP-binding protein YihA/YsxC	50	1.0000	core	core	no	no	1	bin_5_63_01885
ycnE	ycnE	Monooxygenase YcnE	50	1.0000	core	core	no	no	1	bin_5_63_01018
group_2644		ORF6C domain-containing protein	50	1.0000	core	core	no	no	1	bin_5_63_01020
group_2643	rnhC	ribonuclease HIII	50	1.0000	core	core	no	no	1	bin_5_63_01342
group_2640		YlzJ-like protein	50	1.0000	core	core	no	no	1	bin_5_63_00325
betI	betI	HTH-type transcriptional regulator BetI	50	1.0000	core	core	no	no	1	bin_5_63_00621
mutL	mutL	DNA mismatch repair endonuclease MutL	50	1.0000	core	core	no	no	1	bin_5_63_00352
yfiV~~~marR	yfiV;marR	Uncharacterized HTH-type transcriptional regulator YfiV;MarR family transcriptional regulator	50	1.0000	core	core	no	no	1	bin_5_63_02063
group_2639		AI-2E family transporter	50	1.0000	core	core	no	no	1	bin_5_63_00901
sspO	;sspO	Small acid-soluble spore protein O;small acid-soluble spore protein O	50	1.0000	core	core	no	no	1	bin_5_63_00080
dksA	dksA	DksA C4-type domain-containing protein	50	1.0000	core	core	no	no	1	50_refound_1453
panD	panD	aspartate 1-decarboxylase	50	1.0000	core	core	no	no	1	bin_5_63_01094
uvrB	;uvrB	UvrABC system protein B;excinuclease ABC subunit UvrB	50	1.0000	core	core	no	no	1	bin_5_63_00618
essA	essA	type VII secretion protein EssA	50	1.0000	core	core	no	no	1	bin_5_63_00647
tdh	tdh	L-threonine 3-dehydrogenase	50	1.0000	core	core	no	no	1	bin_5_63_00345
group_2637		Putative transcriptional regulator (TetR/AcrR family)	50	1.0000	core	core	no	no	1	bin_5_63_00154
yvoA	yvoA	HTH-type transcriptional repressor YvoA	50	1.0000	core	core	no	no	1	bin_5_63_00407
group_2581	yjcZ	Sporulation protein YjcZ	50	1.0000	core	core	no	no	1	bin_5_63_01661
yhdX	yhdX	YhdX family protein	50	1.0000	core	core	no	no	1	bin_5_63_02326
sspM	sspM	acid-soluble spore protein SspM	50	1.0000	core	core	no	no	1	bin_5_63_01960
group_2530		hypothetical protein	50	1.0000	core	core	no	no	1	bin_5_63_02180
group_2529		hypothetical protein	50	1.0000	core	core	no	no	1	bin_5_63_00067
ykpC	ykpC	Protein YkpC	50	1.0000	core	core	no	no	1	bin_5_63_02404
group_2516		Membrane protein	50	1.0000	core	core	no	no	1	bin_5_63_02364
yqzL	yqzL	YqzL family protein	50	1.0000	core	core	no	no	1	bin_5_63_02601
sspN	sspN	acid-soluble spore protein N	50	1.0000	core	core	no	no	1	bin_5_63_00076
group_2469		Competence protein	50	1.0000	core	core	no	no	1	bin_5_63_01459
group_2455		Phage protein	50	1.0000	core	core	no	no	1	bin_5_63_02436
yisI	yisI	Aspartyl-phosphate phosphatase YisI	50	1.0000	core	core	no	no	1	bin_5_63_01426
group_2441		DUF3953 domain-containing protein	50	1.0000	core	core	no	no	1	bin_5_63_01197
group_2436		hypothetical protein	50	1.0000	core	core	no	no	1	bin_5_63_01022
group_2431		Aspartyl-phosphate phosphatase Spo0E family protein	50	1.0000	core	core	no	no	1	bin_5_63_00086
group_2429		Small acid-soluble spore protein gamma-type	50	1.0000	core	core	no	no	1	bin_5_63_02089
group_2421		Factor required extrachromosomal elements maintenance	50	1.0000	core	core	no	no	1	bin_5_63_02213
group_2420		Uncharacterized YrzK-like	50	1.0000	core	core	no	no	1	bin_5_63_00883
group_2419		DUF4264 domain-containing protein	50	1.0000	core	core	no	no	1	bin_5_63_01096
yozD	yozD	YozD family protein	50	1.0000	core	core	no	no	1	bin_5_63_00460
group_2418		Phosphatase	50	1.0000	core	core	no	no	1	50_refound_1444
rpsU	rpsU	30S ribosomal protein S21	50	1.0000	core	core	no	no	1	bin_5_63_02380
rpmF	rpmF	50S ribosomal protein L32	50	1.0000	core	core	no	no	1	bin_5_63_01993
ypzG	ypzG	YpzG family protein	50	1.0000	core	core	no	no	1	bin_5_63_02074
group_2393		Three-component apoptotic control system component B (Antitoxin B)	50	1.0000	core	core	no	no	1	bin_5_63_01728
group_2392		Spore gernimation protein GerPD	50	1.0000	core	core	no	no	1	bin_5_63_01422
group_2381		hypothetical protein	50	1.0000	core	core	no	no	1	bin_5_63_00264
yjzC	yjzC	YjzC family protein	50	1.0000	core	core	no	no	1	bin_5_63_01472
ypfB	ypfB	YpfB family protein	50	1.0000	core	core	no	no	1	bin_5_63_01043
degR	degR	Regulatory protein DegR	50	1.0000	core	core	no	no	1	bin_5_63_01926
ytzJ	ytzJ	Uncharacterized protein YtzJ	50	1.0000	core	core	no	no	1	bin_5_63_01387
ykvS	ykvS	Uncharacterized protein YkvS	50	1.0000	core	core	no	no	1	bin_5_63_02458
abbA	abbA	Antirepressor AbbA	50	1.0000	core	core	no	no	1	bin_5_63_02420
group_2339		DUF3813 domain-containing protein	50	1.0000	core	core	no	no	1	bin_5_63_01458
pspC	pspC	Phage shock protein PspC N-terminal domain-containing protein	50	1.0000	core	core	no	no	1	bin_5_63_00410
ypzH	ypzH	Uncharacterized protein YpzH	50	1.0000	core	core	no	no	1	bin_5_63_01050
group_2322		Abortive phage infection protein	50	1.0000	core	core	no	no	1	bin_5_63_02457
deoR	deoR	DeoR family transcriptional regulator	50	1.0000	core	core	no	no	1	bin_5_63_01474
group_2321		DUF4305 domain-containing protein	50	1.0000	core	core	no	no	1	bin_5_63_02119
ypmT	ypmT	Protein YpmT	50	1.0000	core	core	no	no	1	bin_5_63_00565
group_2310	comG	Competence protein ComG	50	1.0000	core	core	no	no	1	bin_5_63_01478
rpmE	rpmE	50S ribosomal protein L31	50	1.0000	core	core	no	no	1	bin_5_63_01639
rpmI	rpmI	50S ribosomal protein L35	50	1.0000	core	core	no	no	1	bin_5_63_01353
group_2302		DUF2905 domain-containing protein	50	1.0000	core	core	no	no	1	bin_5_63_01839
cspD	cspD	cold-shock protein CspD	50	1.0000	core	core	no	no	1	bin_5_63_01925
rpoY	rpoY	DNA-directed RNA polymerase subunit epsilon	50	1.0000	core	core	no	no	1	bin_5_63_02412
yheE	yheE	YheE family protein	50	1.0000	core	core	no	no	1	bin_5_63_02313
atpE	atpE	F0F1 ATP synthase subunit C	50	1.0000	core	core	no	no	1	bin_5_63_01245
group_2257		DUF6501 domain-containing protein	50	1.0000	core	core	no	no	1	bin_5_63_00429
group_2256		Class IIb bacteriocin lactobin A/cerein 7B family	50	1.0000	core	core	no	no	1	bin_5_63_00778
yvfG	yvfG	Uncharacterized protein YvfG	50	1.0000	core	core	no	no	1	bin_5_63_01326
group_2237		DUF3311 domain-containing protein	50	1.0000	core	core	no	no	1	bin_5_63_00451
group_2236		Spore coat protein	50	1.0000	core	core	no	no	1	bin_5_63_00448
yneF	yneF	YneF family protein	50	1.0000	core	core	no	no	1	bin_5_63_00087
group_2235		Spore germination protein	50	1.0000	core	core	no	no	1	bin_5_63_01420
group_2228		Spore germination protein	50	1.0000	core	core	no	no	1	bin_5_63_00653
yueG	yueG	Spore germination protein-like protein YueG	50	1.0000	core	core	no	no	1	bin_5_63_00654
ytzE	ytzE	Uncharacterized HTH-type transcriptional regulator YtzE	50	1.0000	core	core	no	no	1	bin_5_63_00030
sspI	sspI	small acid-soluble spore protein SspI	50	1.0000	core	core	no	no	1	bin_5_63_01346
group_2227		Spore germination protein	50	1.0000	core	core	no	no	1	bin_5_63_01425
csrA	csrA	carbon storage regulator CsrA	50	1.0000	core	core	no	no	1	bin_5_63_02279
group_2216		UPF0346 protein BPUM_1890	50	1.0000	core	core	no	no	1	bin_5_63_00462
yfhS	yfhS	YfhS protein	50	1.0000	core	core	no	no	1	bin_5_63_02087
yvkN	yvkN	YvkN	50	1.0000	core	core	no	no	1	bin_5_63_00413
mtrB	mtrB	trp RNA-binding attenuation protein MtrB	50	1.0000	core	core	no	no	1	bin_5_63_01058
secG	secG	preprotein translocase subunit SecG	50	1.0000	core	core	no	no	1	bin_5_63_00311
yvzC	yvzC	Putative HTH-type transcriptional regulator YvzC	50	1.0000	core	core	no	no	1	bin_5_63_00313
moaD	moaD	molybdopterin converting factor subunit 1	50	1.0000	core	core	no	no	1	bin_5_63_02391
nifU	nifU	NIF system FeS cluster assembly NifU C-terminal domain-containing protein	50	1.0000	core	core	no	no	1	bin_5_63_00622
group_2183		UPF0349 protein BPUM_2879	50	1.0000	core	core	no	no	1	bin_5_63_00626
cotD	cotD	Spore coat protein CotD	50	1.0000	core	core	no	no	1	bin_5_63_01950
group_2181		PRC-barrel domain-containing protein	50	1.0000	core	core	no	no	1	bin_5_63_01161
group_2176		Ubiquitin	50	1.0000	core	core	no	no	1	bin_5_63_00643
group_2175		DUF2552 domain-containing protein	50	1.0000	core	core	no	no	1	bin_5_63_00500
group_2167		UPF0180 protein BPUM_1317	50	1.0000	core	core	no	no	1	bin_5_63_00485
ykuJ	ykuJ	DUF1797 domain-containing protein	50	1.0000	core	core	no	no	1	bin_5_63_02422
fer	fer	Ferredoxin	50	1.0000	core	core	no	no	1	bin_5_63_01643
purS	purS	phosphoribosylformylglycinamidine synthase subunit PurS	50	1.0000	core	core	no	no	1	bin_5_63_00122
group_2133		Group-specific protein	50	1.0000	core	core	no	no	1	bin_5_63_01525
group_2132		HPr family phosphocarrier protein	50	1.0000	core	core	no	no	1	bin_5_63_01282
zapA	zapA	cell division protein ZapA	50	1.0000	core	core	no	no	1	bin_5_63_01341
spoVS	spoVS	stage V sporulation protein SpoVS	50	1.0000	core	core	no	no	1	bin_5_63_00343
group_2126		GlsB/YeaQ/YmgE family stress response membrane protein	50	1.0000	core	core	no	no	1	bin_5_63_00555
group_2118		Spore gernimation protein	50	1.0000	core	core	no	no	1	bin_5_63_01535
flgM	flgM	flagellar biosynthesis anti-sigma factor FlgM	50	1.0000	core	core	no	no	1	bin_5_63_02273
group_2103		YwqI/YxiC family protein	50	1.0000	core	core	no	no	1	bin_5_63_00221
yajC	yajC	preprotein translocase subunit YajC	50	1.0000	core	core	no	no	1	bin_5_63_01836
yrzL	yrzL	IreB family regulatory phosphoprotein	50	1.0000	core	core	no	no	1	bin_5_63_00903
rpsT	rpsT	30S ribosomal protein S20	50	1.0000	core	core	no	no	1	bin_5_63_02366
ptsH	ptsH	phosphocarrier protein HPr	50	1.0000	core	core	no	no	1	bin_5_63_02448
rpsO	rpsO	30S ribosomal protein S15	50	1.0000	core	core	no	no	1	bin_5_63_02333
fliQ	fliQ	flagellar biosynthesis protein FliQ	50	1.0000	core	core	no	no	1	bin_5_63_02147
yutD	yutD	Putative antitoxin YutD	50	1.0000	core	core	no	no	1	bin_5_63_00706
group_2077		DUF4181 domain-containing protein	50	1.0000	core	core	no	no	1	bin_5_63_02401
group_2072		YwqI/YxiC family protein	50	1.0000	core	core	no	no	1	bin_5_63_01581
spoIIID	spoIIID	sporulation transcriptional regulator SpoIIID	50	1.0000	core	core	no	no	1	bin_5_63_02178
hbs	hbs	non-specific DNA-binding protein Hbs	50	1.0000	core	core	no	no	1	bin_5_63_01056
group_2071		DUF503 domain-containing protein	50	1.0000	core	core	no	no	1	bin_5_63_02337
group_2070		PTS galactitol transporter subunit IIB	50	1.0000	core	core	no	no	1	bin_5_63_01716
ylaN	ylaN	UPF0358 protein BPUM_1375	50	1.0000	core	core	no	no	1	bin_5_63_01967
group_2060		hypothetical protein	50	1.0000	core	core	no	no	1	bin_5_63_00782
group_2059		hypothetical protein	50	1.0000	core	core	no	no	1	bin_5_63_02040
group_2058		Antitoxin EndoAI	50	1.0000	core	core	no	no	1	bin_5_63_00531
group_2048	abrB	transition state genes transcriptional regulator AbrB	50	1.0000	core	core	no	no	1	bin_5_63_02769
group_2046		UPF0473 protein BPUM_2377	50	1.0000	core	core	no	no	1	bin_5_63_00905
rnpM	rnpM	RNase P modulator RnpM	50	1.0000	core	core	no	no	1	bin_5_63_02340
groES	groES	co-chaperone GroES	50	1.0000	core	core	no	no	1	bin_5_63_02121
gatC	gatC	Asp-tRNA(Asn)/Glu-tRNA(Gln) amidotransferase subunit GatC	50	1.0000	core	core	no	no	1	bin_5_63_00151
yukE	yukE	Protein YukE	50	1.0000	core	core	no	no	1	bin_5_63_00642
comN	comN	Competence protein ComN	50	1.0000	core	core	no	no	1	bin_5_63_01832
group_2012		DUF2642 domain-containing protein	50	1.0000	core	core	no	no	1	bin_5_63_00651
ytpI	ytpI	Membrane protein YtpI	50	1.0000	core	core	no	no	1	bin_5_63_01389
ylxQ	ylxQ	YlxQ family RNA-binding protein	50	1.0000	core	core	no	no	1	bin_5_63_02339
licB	licB	PTS lichenan transporter subunit IIB	50	1.0000	core	core	no	no	1	bin_5_63_01487
group_2000		DUF1805 domain-containing protein	50	1.0000	core	core	no	no	1	bin_5_63_00699
group_1995		Hydrolase	50	1.0000	core	core	no	no	1	bin_5_63_00240
rplU	rplU	50S ribosomal protein L21	50	1.0000	core	core	no	no	1	bin_5_63_01861
group_1994		DNA methyltransferase	50	1.0000	core	core	no	no	1	bin_5_63_01462
yneA	yneA	cell division suppressor protein YneA	50	1.0000	core	core	no	no	1	bin_5_63_01782
group_1986		DUF485 domain-containing protein	50	1.0000	core	core	no	no	1	bin_5_63_01520
group_1985		PepSY domain-containing protein	50	1.0000	core	core	no	no	1	bin_5_63_00017
group_1984		Trp repressor protein	50	1.0000	core	core	no	no	1	bin_5_63_00139
group_1977		YodL-like protein	50	1.0000	core	core	no	no	1	bin_5_63_00458
group_1971	yodB	HTH-type transcriptional regulator YodB	50	1.0000	core	core	no	no	1	bin_5_63_00316
yuiB	yuiB	YuiB family protein	50	1.0000	core	core	no	no	1	bin_5_63_00634
group_1970		Thiol reductase thioredoxin	50	1.0000	core	core	no	no	1	bin_5_63_00013
ydbP	ydbP	Thioredoxin-like protein YdbP	50	1.0000	core	core	no	no	1	bin_5_63_00543
group_1954		Lichenan-specific phosphotransferase enzyme IIA component	50	1.0000	core	core	no	no	1	bin_5_63_01489
ynfA	ynfA	YnfA family protein	50	1.0000	core	core	no	no	1	bin_5_63_02056
cccB	cccB	cytochrome c551	50	1.0000	core	core	no	no	1	bin_5_63_00767
group_1947		DUF4257 domain-containing protein	50	1.0000	core	core	no	no	1	bin_5_63_00272
ctaF	ctaF	cytochrome c oxidase subunit IVB	50	1.0000	core	core	no	no	1	bin_5_63_01976
group_1946		Guanidinium efflux transporter subunit	50	1.0000	core	core	no	no	1	bin_5_63_02541
group_1945		Bh protein	50	1.0000	core	core	no	no	1	bin_5_63_01706
group_1944		PTS fructose transporter subunit IIB	50	1.0000	core	core	no	no	1	bin_5_63_00673
group_1940	yodB	HTH-type transcriptional regulator YodB	50	1.0000	core	core	no	no	1	bin_5_63_00207
ywdI	ywdI	YwdI family protein	50	1.0000	core	core	no	no	1	bin_5_63_01552
group_1938		DUF3679 domain-containing protein	50	1.0000	core	core	no	no	1	bin_5_63_02369
yodB	yodB	HTH-type transcriptional regulator YodB	50	1.0000	core	core	no	no	1	bin_5_63_00449
group_1928		Oxidized nucleotide pyrophosphohydrolase	50	1.0000	core	core	no	no	1	bin_5_63_01085
group_1926		Permease	50	1.0000	core	core	no	no	1	bin_5_63_00545
fliT	fliT	Flagellar protein FliT	50	1.0000	core	core	no	no	1	bin_5_63_02283
group_1911		SCP2 domain-containing protein	50	1.0000	core	core	no	no	1	bin_5_63_00846
ytrH	ytrH	Sporulation membrane protein YtrH	50	1.0000	core	core	no	no	1	bin_5_63_01385
group_1894		DUF3221 domain-containing protein	50	1.0000	core	core	no	no	1	bin_5_63_01667
group_1887		Transcriptional regulator	50	1.0000	core	core	no	no	1	bin_5_63_00226
group_1886		Nitrogen regulatory PII	50	1.0000	core	core	no	no	1	bin_5_63_02169
spoVAE	spoVAE	stage V sporulation protein AE	50	1.0000	core	core	no	no	1	bin_5_63_01676
group_1880		DUF1806 domain-containing protein	50	1.0000	core	core	no	no	1	bin_5_63_00444
rbfA	rbfA	30S ribosome-binding factor RbfA	50	1.0000	core	core	no	no	1	bin_5_63_02336
group_1879		Sporulation-specific protein	50	1.0000	core	core	no	no	1	bin_5_63_00393
ndoA	ndoA	type II toxin-antitoxin system endoribonuclease NdoA	50	1.0000	core	core	no	no	1	bin_5_63_00530
group_1873		Swarming motility protein SwrAA	50	1.0000	core	core	no	no	1	bin_5_63_00761
spoIIAA	spoIIAA	anti-sigma F factor antagonist	50	1.0000	core	core	no	no	1	bin_5_63_01683
ribT	ribT	Protein RibT	50	1.0000	core	core	no	no	1	bin_5_63_01663
rsfS	rsfS	ribosome silencing factor	50	1.0000	core	core	no	no	1	bin_5_63_02358
group_1867		PTS sorbitol transporter subunit IIA	50	1.0000	core	core	no	no	1	bin_5_63_01163
group_1860		Transcriptional regulator	50	1.0000	core	core	no	no	1	bin_5_63_01003
cccA	cccA	cytochrome c550	50	1.0000	core	core	no	no	1	bin_5_63_02592
erpA	erpA	iron-sulfur cluster insertion protein ErpA	50	1.0000	core	core	no	no	1	bin_5_63_00628
cheY	cheY	Chemotaxis protein CheY	50	1.0000	core	core	no	no	1	bin_5_63_02150
group_1847		UPF0738 protein BPUM_1088	50	1.0000	core	core	no	no	1	bin_5_63_00373
group_1839		Lipopolysaccharide assembly protein A domain-containing protein	50	1.0000	core	core	no	no	1	bin_5_63_00872
group_1838		Small basic protein	50	1.0000	core	core	no	no	1	bin_5_63_01175
rsbS	rsbS	RsbT antagonist protein RsbS	50	1.0000	core	core	no	no	1	bin_5_63_00528
group_1833		DUF1304 domain-containing protein	50	1.0000	core	core	no	no	1	bin_5_63_01021
group_1832		DUF423 domain-containing protein	50	1.0000	core	core	no	no	1	bin_5_63_01554
group_1831		DUF1798 domain-containing protein	50	1.0000	core	core	no	no	1	bin_5_63_01958
group_1830		Group-specific protein	50	1.0000	core	core	no	no	1	bin_5_63_00164
spo0F	spo0F	Sporulation initiation phosphotransferase F	50	1.0000	core	core	no	no	1	bin_5_63_01633
group_1813		TIGR04086 family membrane protein	50	1.0000	core	core	no	no	1	bin_5_63_01835
qoxD	qoxD	cytochrome aa3 quinol oxidase subunit IV	50	1.0000	core	core	no	no	1	bin_5_63_01534
speD	speD	adenosylmethionine decarboxylase	50	1.0000	core	core	no	no	1	bin_5_63_01365
group_1802		Lactoylglutathione lyase	50	1.0000	core	core	no	no	1	bin_5_63_01509
group_1801		Metabolic regulator of murein hydrolases	50	1.0000	core	core	no	no	1	bin_5_63_01512
group_1800		ATP synthase subunit	50	1.0000	core	core	no	no	1	bin_5_63_01247
aroH	aroH	chorismate mutase	50	1.0000	core	core	no	no	1	bin_5_63_01066
group_1792		Phage holin family protein	50	1.0000	core	core	no	no	1	bin_5_63_00409
group_1791		Undecaprenol kinase	50	1.0000	core	core	no	no	1	bin_5_63_02604
group_1788		Spore coat protein (Outer)	50	1.0000	core	core	no	no	1	bin_5_63_00082
atpC	atpC	F0F1 ATP synthase subunit epsilon	50	1.0000	core	core	no	no	1	bin_5_63_01239
group_1778		Ribonuclease H	50	1.0000	core	core	no	no	1	bin_5_63_01930
spxA	spxA	transcriptional regulator SpxA	50	1.0000	core	core	no	no	1	bin_5_63_00361
group_1772		S1 domain-containing RNA-binding protein	50	1.0000	core	core	no	no	1	bin_5_63_02743
group_1771		Membrane protein	50	1.0000	core	core	no	no	1	bin_5_63_01491
group_1769		cytidine deaminase	50	1.0000	core	core	no	no	1	bin_5_63_02603
yjbI	yjbI	Group 2 truncated hemoglobin YjbI	50	1.0000	core	core	no	no	1	bin_5_63_00370
fliS	fliS	flagellar export chaperone FliS	50	1.0000	core	core	no	no	1	bin_5_63_02282
group_1756		Holin family protein	50	1.0000	core	core	no	no	1	bin_5_63_00239
group_1754		DUF1694 domain-containing protein	50	1.0000	core	core	no	no	1	bin_5_63_00656
group_1747		YwpF-like protein	50	1.0000	core	core	no	no	1	bin_5_63_02186
catD	catD	Oxidoreductase CatD	50	1.0000	core	core	no	no	1	bin_5_63_01413
group_1743		putative disulfide formation protein	50	1.0000	core	core	no	no	1	bin_5_63_01105
ytxG	ytxG	UPF0478 protein YtxG	50	1.0000	core	core	no	no	1	bin_5_63_00008
ruvX	ruvX	Holliday junction resolvase RuvX	50	1.0000	core	core	no	no	1	bin_5_63_00904
group_1742		Stage V sporulation protein AB	50	1.0000	core	core	no	no	1	bin_5_63_01679
group_1737		GtrA/DPMS transmembrane domain-containing protein	50	1.0000	core	core	no	no	1	bin_5_63_01524
group_1736		Flagellar protein	50	1.0000	core	core	no	no	1	bin_5_63_02272
cymR	cymR	cysteine metabolism transcriptional regulator CymR	50	1.0000	core	core	no	no	1	bin_5_63_00889
group_1733		Acyl-CoA thioesterase	50	1.0000	core	core	no	no	1	bin_5_63_00074
group_1732		Transcriptional regulator	50	1.0000	core	core	no	no	1	bin_5_63_01411
group_1724		Rrf2 family transcriptional regulator	50	1.0000	core	core	no	no	1	bin_5_63_00399
group_1723		Organic hydroperoxide resistance transcriptional regulator	50	1.0000	core	core	no	no	1	bin_5_63_01114
group_1722		Zinc-specific metallo-regulatory protein	50	1.0000	core	core	no	no	1	bin_5_63_02581
group_1721		DUF2621 domain-containing protein	50	1.0000	core	core	no	no	1	bin_5_63_00083
fliL	fliL	flagellar basal body-associated protein FliL	50	1.0000	core	core	no	no	1	bin_5_63_02153
group_1720		Peroxiredoxin	50	1.0000	core	core	no	no	1	bin_5_63_02534
group_1719		Cell wall hydrolase	50	1.0000	core	core	no	no	1	bin_5_63_01001
msrB	msrB	Peptide methionine sulfoxide reductase MsrB	50	1.0000	core	core	no	no	1	bin_5_63_00570
group_1715		Transcriptional regulator	50	1.0000	core	core	no	no	1	bin_5_63_01166
nsrR	nsrR	HTH-type transcriptional regulator NsrR	50	1.0000	core	core	no	no	1	bin_5_63_01235
group_1710	fabZ	3-hydroxyacyl-ACP dehydratase FabZ	50	1.0000	core	core	no	no	1	bin_5_63_02184
group_1709		DUF86 domain-containing protein	50	1.0000	core	core	no	no	1	bin_5_63_00707
group_1708		BrxA/BrxB family bacilliredoxin	50	1.0000	core	core	no	no	1	bin_5_63_01916
group_1702		BrxA/BrxB family bacilliredoxin	50	1.0000	core	core	no	no	1	bin_5_63_02646
ppiB	ppiB	Peptidyl-prolyl cis-trans isomerase	50	1.0000	core	core	no	no	1	bin_5_63_01671
group_1699		UDP-N-acetylenolpyruvoylglucosamine reductase	50	1.0000	core	core	no	no	1	bin_5_63_02776
spoIIAB	spoIIAB	anti-sigma F factor	50	1.0000	core	core	no	no	1	bin_5_63_01682
group_1694		General stress acyl-n-acyltransferase	50	1.0000	core	core	no	no	1	bin_5_63_01255
yszB	yszB	ACT domain-containing protein	50	1.0000	core	core	no	no	1	bin_5_63_01856
fliJ	fliJ	flagellar export protein FliJ	50	1.0000	core	core	no	no	1	bin_5_63_02159
cbpB	cbpB	cyclic-di-AMP-binding protein CbpB	50	1.0000	core	core	no	no	1	bin_5_63_02419
group_1691		Spore coat protein Z	50	1.0000	core	core	no	no	1	bin_5_63_00388
ytoQ	ytoQ	YtoQ family protein	50	1.0000	core	core	no	no	1	bin_5_63_00015
sirA	sirA	Sporulation inhibitor of replication protein SirA	50	1.0000	core	core	no	no	1	bin_5_63_00088
group_1690		Organic hydroperoxide resistance transcriptional regulator	50	1.0000	core	core	no	no	1	bin_5_63_02533
group_1689		PH domain-containing protein	50	1.0000	core	core	no	no	1	bin_5_63_01715
rpiB	rpiB	ribose 5-phosphate isomerase B	50	1.0000	core	core	no	no	1	bin_5_63_01251
pgsC	pgsC	poly-gamma-glutamate biosynthesis protein PgsC	50	1.0000	core	core	no	no	1	bin_5_63_02211
group_1685		GatB/YqeY domain-containing protein	50	1.0000	core	core	no	no	1	bin_5_63_02381
ahrC	ahrC	transcriptional regulator AhrC/ArgR	50	1.0000	core	core	no	no	1	bin_5_63_02664
group_1684		Subunit of a sporulation competence and biofilm formation regulatory complex controlling RNase Y (RicAFT complex / FAD / two (4Fe-4S)2+)	50	1.0000	core	core	no	no	1	bin_5_63_01984
ytfJ	ytfJ	GerW family sporulation protein	50	1.0000	core	core	no	no	1	bin_5_63_01401
fur	fur	ferric iron uptake transcriptional regulator	50	1.0000	core	core	no	no	1	bin_5_63_01689
spoVAC	spoVAC	stage V sporulation protein AC	50	1.0000	core	core	no	no	1	bin_5_63_01678
group_1674	marR	MarR family winged helix-turn-helix transcriptional regulator	50	1.0000	core	core	no	no	1	bin_5_63_00749
group_1671		HTH cro/C1-type domain-containing protein	50	1.0000	core	core	no	no	1	bin_5_63_00227
group_1670		Spore coat protein	50	1.0000	core	core	no	no	1	bin_5_63_01568
group_1669	marR	MarR family transcriptional regulator	50	1.0000	core	core	no	no	1	bin_5_63_02469
group_1662		NEAT domain-containing protein	50	1.0000	core	core	no	no	1	bin_5_63_00206
group_1661		Protein-arginine(Tyrosine moonlighting) phosphatase (Oxidative stress)	50	1.0000	core	core	no	no	1	bin_5_63_01252
nrdR	nrdR	transcriptional regulator NrdR	50	1.0000	core	core	no	no	1	bin_5_63_01363
group_1660		Thiol-disulfide oxidoreductase	50	1.0000	core	core	no	no	1	bin_5_63_00488
group_1659		flavodoxin	50	1.0000	core	core	no	no	1	bin_5_63_00482
group_1658		Nitrogen regulatory protein	50	1.0000	core	core	no	no	1	bin_5_63_00674
group_1653		Intracellular proteinase inhibitor BsuPI domain-containing protein	50	1.0000	core	core	no	no	1	bin_5_63_01457
group_1652	cheW	Chemotaxis protein CheW	50	1.0000	core	core	no	no	1	bin_5_63_02139
group_1647		8-oxo-dGTP diphosphatase	50	1.0000	core	core	no	no	1	bin_5_63_01278
group_1646		Putative N-acyltransferase	50	1.0000	core	core	no	no	1	bin_5_63_00471
group_1645		UPF0756 membrane protein BPUM_2558	50	1.0000	core	core	no	no	1	bin_5_63_01376
infC	infC	translation initiation factor IF-3	50	1.0000	core	core	no	no	1	bin_5_63_01354
cheW	cheW	Chemotaxis protein CheW	50	1.0000	core	core	no	no	1	bin_5_63_02637
group_1644	ribE	67-dimethyl-8-ribityllumazine synthase	50	1.0000	core	core	no	no	1	bin_5_63_01664
lspA	lspA	signal peptidase II	50	1.0000	core	core	no	no	1	bin_5_63_02527
group_1638		PTS system galactitol-specific EIIA component	50	1.0000	core	core	no	no	1	bin_5_63_01718
group_1637		DUF393 domain-containing protein	50	1.0000	core	core	no	no	1	bin_5_63_02066
slrR	slrR	HTH-type transcriptional regulator SlrR	50	1.0000	core	core	no	no	1	bin_5_63_01306
ytxH	ytxH	YtxH domain-containing protein	50	1.0000	core	core	no	no	1	bin_5_63_00007
group_1630		Guanine deaminase	50	1.0000	core	core	no	no	1	bin_5_63_02531
greA	greA	transcription elongation factor GreA	50	1.0000	core	core	no	no	1	bin_5_63_00915
gerT	gerT	Spore germination protein GerT	50	1.0000	core	core	no	no	1	bin_5_63_00447
group_1624		CarD-like/TRCF RNAP-interacting domain-containing protein	50	1.0000	core	core	no	no	1	bin_5_63_00356
rimP	rimP	ribosome maturation factor RimP	50	1.0000	core	core	no	no	1	bin_5_63_02342
trmL	trmL	tRNA (uridine(34)/cytosine(34)/5-carboxymethylaminomethyluridine(34)-2'-O)-methyltransferase TrmL	50	1.0000	core	core	no	no	1	bin_5_63_00788
asnC	asnC	AsnC family transcriptional regulator	50	1.0000	core	core	no	no	1	bin_5_63_02196
group_1620		Divergent PAP2 family protein	50	1.0000	core	core	no	no	1	bin_5_63_00636
ytkD	ytkD	RNA deprotection pyrophosphohydrolase	50	1.0000	core	core	no	no	1	bin_5_63_00243
group_1619		flavodoxin	50	1.0000	core	core	no	no	1	bin_5_63_00480
lrpC	lrpC	HTH-type transcriptional regulator LrpC	50	1.0000	core	core	no	no	1	bin_5_63_01576
group_1614		N-acetyltransferase domain-containing protein	50	1.0000	core	core	no	no	1	bin_5_63_00496
group_1613		Peptidase M50 domain-containing protein	50	1.0000	core	core	no	no	1	bin_5_63_02560
group_1610		YdbS-like PH domain-containing protein	50	1.0000	core	core	no	no	1	bin_5_63_00537
flgN	flgN	Flagellar protein FlgN	50	1.0000	core	core	no	no	1	bin_5_63_02274
coaD	coaD	pantetheine-phosphate adenylyltransferase	50	1.0000	core	core	no	no	1	bin_5_63_01987
group_1601		Big-1 domain-containing protein	50	1.0000	core	core	no	no	1	bin_5_63_00676
hosA	hosA	Transcriptional regulator HosA	50	1.0000	core	core	no	no	1	bin_5_63_00332
group_1597		Glutathione peroxidase	50	1.0000	core	core	no	no	1	bin_5_63_01920
group_1593		Peptidyl-prolyl cis-trans isomerase	50	1.0000	core	core	no	no	1	bin_5_63_01965
group_1592		Ribonuclease	50	1.0000	core	core	no	no	1	bin_5_63_01284
group_1591		RCK C-terminal domain-containing protein	50	1.0000	core	core	no	no	1	bin_5_63_00876
group_1590		N5-carboxyaminoimidazole ribonucleotide mutase	50	1.0000	core	core	no	no	1	bin_5_63_00118
group_1583		Hydrolase	50	1.0000	core	core	no	no	1	bin_5_63_01113
group_1582		Molybdopterin synthase catalytic subunit	50	1.0000	core	core	no	no	1	bin_5_63_02390
group_1581		Spore coat protein	50	1.0000	core	core	no	no	1	bin_5_63_00389
yajQ	yajQ	YajQ family cyclic di-GMP-binding protein	50	1.0000	core	core	no	no	1	bin_5_63_01451
divIVA	divIVA	Septum site-determining protein DivIVA	50	1.0000	core	core	no	no	1	bin_5_63_01156
ykuD	ykuD	LD-transpeptidase YkuD	50	1.0000	core	core	no	no	1	bin_5_63_02428
queF	queF	preQ(1) synthase	50	1.0000	core	core	no	no	1	bin_5_63_02460
ywgA	ywgA	YwgA	50	1.0000	core	core	no	no	1	bin_5_63_01595
tpx	tpx	thiol peroxidase	50	1.0000	core	core	no	no	1	bin_5_63_01400
group_1570		YaiI/YqxD family protein	50	1.0000	core	core	no	no	1	bin_5_63_02595
cheD	cheD	Chemoreceptor glutamine deamidase CheD	50	1.0000	core	core	no	no	1	bin_5_63_02137
ytrI	ytrI	sporulation membrane protein YtrI	50	1.0000	core	core	no	no	1	bin_5_63_01386
group_1558		Cytochrome b6-f complex iron-sulfur subunit	50	1.0000	core	core	no	no	1	bin_5_63_01079
group_1557		Putative phosphotransferase system enzyme IIA component	50	1.0000	core	core	no	no	1	bin_5_63_01955
yhcN	yhcN	Lipoprotein YhcN	50	1.0000	core	core	no	no	1	bin_5_63_00799
apt	apt	adenine phosphoribosyltransferase	50	1.0000	core	core	no	no	1	bin_5_63_00879
yrdA	yrdA	Protein YrdA	50	1.0000	core	core	no	no	1	bin_5_63_00256
group_1542		Putative RNA-binding enzyme component	50	1.0000	core	core	no	no	1	bin_5_63_02421
ilvN	ilvN	acetolactate synthase small subunit	50	1.0000	core	core	no	no	1	bin_5_63_01896
group_1533		General stress protein 18	50	1.0000	core	core	no	no	1	bin_5_63_02007
atpF	atpF	F0F1 ATP synthase subunit B	50	1.0000	core	core	no	no	1	bin_5_63_01244
group_1525		Acyl-CoA thioesterase	50	1.0000	core	core	no	no	1	bin_5_63_02547
yraA	yraA	Cysteine protease YraA	50	1.0000	core	core	no	no	1	bin_5_63_00937
group_1517		p-benzoquinone reductase	50	1.0000	core	core	no	no	1	bin_5_63_00793
group_1511		DUF2529 domain-containing protein	50	1.0000	core	core	no	no	1	bin_5_63_01632
group_1510		Phosphoglycolate phosphatase	50	1.0000	core	core	no	no	1	bin_5_63_02352
group_1509		Nucleoside triphosphate/diphosphate phosphatase	50	1.0000	core	core	no	no	1	bin_5_63_02091
cvpA	cvpA	CvpA family protein	50	1.0000	core	core	no	no	1	bin_5_63_01340
group_1506		Chromate transporter subunit C	50	1.0000	core	core	no	no	1	bin_5_63_02194
group_1505		Spore maturation protein	50	1.0000	core	core	no	no	1	bin_5_63_01655
bslA	bslA	biofilm surface layer hydrophobin BslA	50	1.0000	core	core	no	no	1	bin_5_63_00354
group_1499		DUF420 domain-containing protein	50	1.0000	core	core	no	no	1	bin_5_63_00420
gerQ	gerQ	spore coat protein GerQ	50	1.0000	core	core	no	no	1	bin_5_63_01556
pyrR	pyrR	bifunctional pyr operon transcriptional regulator/uracil phosphoribosyltransferase PyrR	50	1.0000	core	core	no	no	1	bin_5_63_02525
ahpA	ahpA	biofilm-specific peroxidase AhpA	50	1.0000	core	core	no	no	1	bin_5_63_00487
reoY	reoY	ReoY family proteolytic degradation factor	50	1.0000	core	core	no	no	1	bin_5_63_01077
atpH	atpH	F0F1 ATP synthase subunit delta	50	1.0000	core	core	no	no	1	bin_5_63_01243
cotE	cotE	Spore coat protein E	50	1.0000	core	core	no	no	1	bin_5_63_00350
group_1477		Thioredoxin	50	1.0000	core	core	no	no	1	bin_5_63_02065
group_1472		Nicotinamidase NAD salvage pathway	50	1.0000	core	core	no	no	1	bin_5_63_00657
mntP	mntP	Putative manganese efflux pump MntP	50	1.0000	core	core	no	no	1	bin_5_63_01253
grpE	grpE	nucleotide exchange factor GrpE	50	1.0000	core	core	no	no	1	bin_5_63_02373
efp	efp	elongation factor P	50	1.0000	core	core	no	no	1	bin_5_63_00824
group_1466		Isopentenyl pyrophosphate and dimethylallyl pyrophosphate diphosphatase (Moonlighting ADP-ribose pyrophosphatase)	50	1.0000	core	core	no	no	1	bin_5_63_01695
frr	frr	ribosome recycling factor	50	1.0000	core	core	no	no	1	bin_5_63_02131
def	def	peptide deformylase	50	1.0000	core	core	no	no	1	bin_5_63_02414
group_1465		Glycerol uptake operon antiterminator regulatory protein	50	1.0000	core	core	no	no	1	bin_5_63_00814
aroK	aroK	Shikimate kinase	50	1.0000	core	core	no	no	1	bin_5_63_00603
rnmV	rnmV	ribonuclease M5	50	1.0000	core	core	no	no	1	bin_5_63_02765
sigX	sigX	RNA polymerase sigma factor SigX	50	1.0000	core	core	no	no	1	bin_5_63_01648
hpf	hpf	ribosome hibernation-promoting factor HPF/YfiA family	50	1.0000	core	core	no	no	1	bin_5_63_02286
group_1453		DUF2140 domain-containing protein	50	1.0000	core	core	no	no	1	bin_5_63_00564
group_1446		ECF subfamily RNA polymerase sigma-24 factor	50	1.0000	core	core	no	no	1	bin_5_63_02057
group_1445		YutG/PgpA domain-containing protein	50	1.0000	core	core	no	no	1	bin_5_63_00709
maf	maf	dTTP/UTP pyrophosphatase	50	1.0000	core	core	no	no	1	bin_5_63_01870
comE	comE	ComE operon protein 2	50	1.0000	core	core	no	no	1	bin_5_63_02362
folE	folE	GTP cyclohydrolase I FolE	50	1.0000	core	core	no	no	1	bin_5_63_01057
purN	purN	phosphoribosylglycinamide formyltransferase	50	1.0000	core	core	no	no	1	bin_5_63_00127
group_1440		Membrane bound lipoprotein	50	1.0000	core	core	no	no	1	bin_5_63_02253
yjbC	yjbC	Acetyltransferase YjbC	50	1.0000	core	core	no	no	1	bin_5_63_00360
cypB	cypB	Transcriptional regulator for cypB	50	1.0000	core	core	no	no	1	bin_5_63_01773
pgsA	pgsA	CDP-diacylglycerol--glycerol-3-phosphate 3-phosphatidyltransferase	50	1.0000	core	core	no	no	1	bin_5_63_00338
group_1423		Repressor	50	1.0000	core	core	no	no	1	bin_5_63_00489
hisB	hisB	imidazoleglycerol-phosphate dehydratase HisB	50	1.0000	core	core	no	no	1	bin_5_63_01270
xpt	xpt	xanthine phosphoribosyltransferase	50	1.0000	core	core	no	no	1	bin_5_63_01942
group_1412		Spore maturation protein A	50	1.0000	core	core	no	no	1	bin_5_63_01656
group_1406		Sugar transferase	50	1.0000	core	core	no	no	1	bin_5_63_01317
scpB	scpB	SMC-Scp complex subunit ScpB	50	1.0000	core	core	no	no	1	bin_5_63_01659
group_1398		Biotin transporter	50	1.0000	core	core	no	no	1	bin_5_63_00639
group_1393		ABC transporter ATP-binding protein	50	1.0000	core	core	no	no	1	bin_5_63_01026
leuD	leuD	3-isopropylmalate dehydratase small subunit	50	1.0000	core	core	no	no	1	bin_5_63_01891
rsbX	rsbX	Phosphoserine phosphatase RsbX	50	1.0000	core	core	no	no	1	bin_5_63_00057
ytpR	ytpR	YtpR family tRNA-binding protein	50	1.0000	core	core	no	no	1	bin_5_63_00011
ruvA	ruvA	Holliday junction branch migration protein RuvA	50	1.0000	core	core	no	no	1	bin_5_63_01841
lepB	lepB	signal peptidase I	50	1.0000	core	core	no	no	1	bin_5_63_02400
group_1381		Peptidase S54 rhomboid domain-containing protein	50	1.0000	core	core	no	no	1	bin_5_63_00535
group_1374		Stage V sporulation germinant protein	50	1.0000	core	core	no	no	1	bin_5_63_01675
group_1367		Integral inner membrane protein	50	1.0000	core	core	no	no	1	bin_5_63_01048
xpaC	xpaC	Protein xpaC	50	1.0000	core	core	no	no	1	bin_5_63_02781
group_1362		Putative spore germination protein GerPC	50	1.0000	core	core	no	no	1	bin_5_63_01423
qoxC	qoxC	cytochrome aa3 quinol oxidase subunit III	50	1.0000	core	core	no	no	1	bin_5_63_01533
group_1358		Flavin reductase like domain-containing protein	50	1.0000	core	core	no	no	1	bin_5_63_02200
group_1357		YpjP-like protein	50	1.0000	core	core	no	no	1	bin_5_63_01914
group_1356		Phosphatidylglycerol phosphate (PGP) phosphatase undecaprenyl-pyrophosphate phosphatase (Promiscuous activity)	50	1.0000	core	core	no	no	1	bin_5_63_00459
yodC	yodC	NAD(P)H nitroreductase YodC	50	1.0000	core	core	no	no	1	bin_5_63_00450
ykaA	ykaA	UPF0111 protein YkaA	50	1.0000	core	core	no	no	1	bin_5_63_01725
group_1353		NAD(P)-binding domain-containing protein	50	1.0000	core	core	no	no	1	bin_5_63_02318
coxA	coxA	Sporulation cortex protein CoxA	50	1.0000	core	core	no	no	1	bin_5_63_01848
group_1345		Stage V sporulation protein AA	50	1.0000	core	core	no	no	1	bin_5_63_01680
group_1344		acetate uptake transporter	50	1.0000	core	core	no	no	1	bin_5_63_01825
lexA	lexA	transcriptional repressor LexA	50	1.0000	core	core	no	no	1	bin_5_63_01781
ctaE	ctaE	cytochrome c oxidase subunit III	50	1.0000	core	core	no	no	1	bin_5_63_01975
group_1338		34-dihydroxy-2-butanone 4-phosphate synthase	50	1.0000	core	core	no	no	1	bin_5_63_01665
group_1337		Replication protein	50	1.0000	core	core	no	no	1	bin_5_63_01733
rplY	rplY	50S ribosomal protein L25/general stress protein Ctc	50	1.0000	core	core	no	no	1	bin_5_63_02754
cheC	cheC	CheY-P phosphatase CheC	50	1.0000	core	core	no	no	1	bin_5_63_02138
upp	upp	uracil phosphoribosyltransferase	50	1.0000	core	core	no	no	1	bin_5_63_01248
yjbM	yjbM	GTP pyrophosphokinase YjbM	50	1.0000	core	core	no	no	1	bin_5_63_00374
group_1316		GTP pyrophosphokinase	50	1.0000	core	core	no	no	1	bin_5_63_01501
ytaF	ytaF	sporulation membrane protein YtaF	50	1.0000	core	core	no	no	1	bin_5_63_01368
lysE	lysE	Lysine transporter LysE	50	1.0000	core	core	no	no	1	bin_5_63_01847
udk	udk	uridine kinase	50	1.0000	core	core	no	no	1	bin_5_63_00914
group_1314		Transporter	50	1.0000	core	core	no	no	1	bin_5_63_00791
group_1311		UPF0056 membrane protein	50	1.0000	core	core	no	no	1	bin_5_63_00473
azoR	azoR	FMN-dependent NADH:quinone oxidoreductase	50	1.0000	core	core	no	no	1	bin_5_63_02492
group_1302		Hemolysin D	50	1.0000	core	core	no	no	1	bin_5_63_01909
fsa	fsa	fructose-6-phosphate aldolase	50	1.0000	core	core	no	no	1	bin_5_63_01635
group_1301		TVP38/TMEM64 family membrane protein	50	1.0000	core	core	no	no	1	bin_5_63_01360
group_1297		Lipoprotein	50	1.0000	core	core	no	no	1	bin_5_63_00705
group_1293		Inosine-5'-monophosphate dehydrogenase	50	1.0000	core	core	no	no	1	bin_5_63_00002
group_1288	artQ	Arginine transport system permease protein ArtQ	50	1.0000	core	core	no	no	1	bin_5_63_01505
group_1287		3D domain-containing protein	50	1.0000	core	core	no	no	1	bin_5_63_00635
group_1286		Putative serine/threonine-protein kinase	50	1.0000	core	core	no	no	1	bin_5_63_01843
hisG	hisG	ATP phosphoribosyltransferase	50	1.0000	core	core	no	no	1	bin_5_63_00395
pilZ	pilZ	Pilus assembly protein PilZ	50	1.0000	core	core	no	no	1	bin_5_63_01042
ribE	ribE	riboflavin synthase	50	1.0000	core	core	no	no	1	bin_5_63_01666
group_1268		Glycine betaine/carnitine/choline transport system permease protein OpuCB	50	1.0000	core	core	no	no	1	bin_5_63_00476
group_1267		Tetratricopeptide repeat protein	50	1.0000	core	core	no	no	1	bin_5_63_00892
group_1266		Glutamine ABC transporter permease	50	1.0000	core	core	no	no	1	bin_5_63_00898
rex	rex	redox-sensing transcriptional repressor Rex	50	1.0000	core	core	no	no	1	bin_5_63_02115
artQ	artQ	Arginine transport system permease protein ArtQ	50	1.0000	core	core	no	no	1	bin_5_63_02644
prsW	prsW	glutamic-type intramembrane protease PrsW	50	1.0000	core	core	no	no	1	bin_5_63_01039
group_1257		UDP-phosphate N-acetylgalactosaminyl-1-phosphate transferase	50	1.0000	core	core	no	no	1	bin_5_63_02254
nth	nth	endonuclease III	50	1.0000	core	core	no	no	1	bin_5_63_01100
modB	modB	molybdate ABC transporter permease subunit	50	1.0000	core	core	no	no	1	bin_5_63_01110
bshB2	bshB2	bacillithiol biosynthesis deacetylase BshB2	50	1.0000	core	core	no	no	1	bin_5_63_00443
fliP	fliP	flagellar type III secretion system pore protein FliP	50	1.0000	core	core	no	no	1	bin_5_63_02148
group_1249	terC	TerC family protein	50	1.0000	core	core	no	no	1	bin_5_63_00362
group_1248		Promiscuous phosphoglycolate phosphatase / glycerol-3-phosphate phosphatase / 2-deoxyglucose-6-phosphatase	50	1.0000	core	core	no	no	1	bin_5_63_00807
mecA	mecA	adaptor protein MecA	50	1.0000	core	core	no	no	1	bin_5_63_00363
yvyE	yvyE	IMPACT family member YvyE	50	1.0000	core	core	no	no	1	bin_5_63_02265
group_1245		Ktr system potassium uptake protein A	50	1.0000	core	core	no	no	1	bin_5_63_02409
deoC	deoC	deoxyribose-phosphate aldolase	50	1.0000	core	core	no	no	1	bin_5_63_01012
group_1242		RNase H type-1 domain-containing protein	50	1.0000	core	core	no	no	1	bin_5_63_01928
group_1239		NAD(P)H-flavin oxidoreductase (Nitroreductase)	50	1.0000	core	core	no	no	1	bin_5_63_00758
cssR	cssR	Transcriptional regulatory protein CssR	50	1.0000	core	core	no	no	1	bin_5_63_00863
qcrB	qcrB	menaquinol-cytochrome c reductase cytochrome b subunit	50	1.0000	core	core	no	no	1	bin_5_63_01080
cmk	cmk	(d)CMP kinase	50	1.0000	core	core	no	no	1	bin_5_63_01044
yecS	yecS	L-cystine transport system permease protein YecS	50	1.0000	core	core	no	no	1	bin_5_63_00589
group_1232		CidB/LrgB family autolysis modulator	50	1.0000	core	core	no	no	1	bin_5_63_01511
group_1226		non-specific protein-tyrosine kinase	50	1.0000	core	core	no	no	1	bin_5_63_01308
group_1225		Putative metal-dependent protease/peptidase	50	1.0000	core	core	no	no	1	bin_5_63_02725
yesL	yesL	Membrane protein YesL	50	1.0000	core	core	no	no	1	bin_5_63_00286
group_1224		metal-dependent hydrolase	50	1.0000	core	core	no	no	1	bin_5_63_01392
minC	minC	septum site-determining protein MinC	50	1.0000	core	core	no	no	1	bin_5_63_01865
purQ	purQ	phosphoribosylformylglycinamidine synthase subunit PurQ	50	1.0000	core	core	no	no	1	bin_5_63_00123
ung	ung	uracil-DNA glycosylase	50	1.0000	core	core	no	no	1	bin_5_63_01550
ftsE	ftsE	cell division ATP-binding protein FtsE	50	1.0000	core	core	no	no	1	bin_5_63_00766
srrA	srrA	Transcriptional regulatory protein SrrA	50	1.0000	core	core	no	no	1	bin_5_63_00753
mgtE	mgtE	Magnesium transporter MgtE intracellular domain-containing protein	50	1.0000	core	core	no	no	1	bin_5_63_02158
group_1219		DNA-binding response regulator	50	1.0000	core	core	no	no	1	50_refound_1445
degU	degU	two-component system response regulator DegU	50	1.0000	core	core	no	no	1	bin_5_63_02267
group_1216		Glycine betaine/carnitine/choline transport system permease protein OpuCD	50	1.0000	core	core	no	no	1	bin_5_63_00478
group_1215		queuosine precursor transporter	50	1.0000	core	core	no	no	1	bin_5_63_01929
group_1214		DUF881 domain-containing protein	50	1.0000	core	core	no	no	1	bin_5_63_01177
group_1208		Methyltransferase	50	1.0000	core	core	no	no	1	bin_5_63_00149
group_1207		Heptaprenylglyceryl phosphate synthase	50	1.0000	core	core	no	no	1	bin_5_63_00144
deoD	deoD	purine-nucleoside phosphorylase	50	1.0000	core	core	no	no	1	bin_5_63_00457
mtnX	mtnX	2-hydroxy-3-keto-5-methylthiopentenyl-1-phosphate phosphatase	50	1.0000	core	core	no	no	1	bin_5_63_00185
ytrE	ytrE	ABC transporter ATP-binding protein YtrE	50	1.0000	core	core	no	no	1	bin_5_63_00268
menG	menG	demethylmenaquinone methyltransferase	50	1.0000	core	core	no	no	1	bin_5_63_01060
group_1193	dnaD	DNA replication protein DnaD	50	1.0000	core	core	no	no	1	bin_5_63_01099
trmK	trmK	tRNA (Adenine(22)-N(1))-methyltransferase TrmK	50	1.0000	core	core	no	no	1	bin_5_63_02591
ccpN	ccpN	Transcriptional repressor CcpN	50	1.0000	core	core	no	no	1	bin_5_63_02597
dapD	dapD	2345-tetrahydropyridine-26-dicarboxylate N-acetyltransferase	50	1.0000	core	core	no	no	1	bin_5_63_00483
tenA	tenA	thiaminase II	50	1.0000	core	core	no	no	1	bin_5_63_00379
treR	treR	trehalose operon repressor	50	1.0000	core	core	no	no	1	bin_5_63_01185
artM	artM	Arginine transport ATP-binding protein ArtM	50	1.0000	core	core	no	no	1	bin_5_63_02643
resD	resD	Transcriptional regulatory protein ResD	50	1.0000	core	core	no	no	1	bin_5_63_01650
purC	purC	phosphoribosylaminoimidazolesuccinocarboxamide synthase	50	1.0000	core	core	no	no	1	bin_5_63_00121
yphF	yphF	YphF	50	1.0000	core	core	no	no	1	bin_5_63_01054
gntR	gntR	GntR family transcriptional regulator	50	1.0000	core	core	no	no	1	bin_5_63_00327
group_1159		DUF881 domain-containing protein	50	1.0000	core	core	no	no	1	bin_5_63_01176
group_1154		Glutamine ABC transporter (ATP-binding protein)	50	1.0000	core	core	no	no	1	bin_5_63_01506
phoP	phoP	Alkaline phosphatase synthesis transcriptional regulatory protein PhoP	50	1.0000	core	core	no	no	1	bin_5_63_01372
group_1153		SGNH hydrolase-type esterase domain-containing protein	50	1.0000	core	core	no	no	1	bin_5_63_02350
group_1152		Protein export-enhancing protease (Spore outgrowth)	50	1.0000	core	core	no	no	1	bin_5_63_00324
group_1144		Capsular biosynthesis protein	50	1.0000	core	core	no	no	1	bin_5_63_01307
queE	queE	7-carboxy-7-deazaguanine synthase QueE	50	1.0000	core	core	no	no	1	bin_5_63_02461
atpB	atpB	F0F1 ATP synthase subunit A	50	1.0000	core	core	no	no	1	bin_5_63_01246
group_1142		Pseudouridine synthase	50	1.0000	core	core	no	no	1	bin_5_63_01654
rpsB	rpsB	30S ribosomal protein S2	50	1.0000	core	core	no	no	1	bin_5_63_02134
glnQ	glnQ	Glutamine transport ATP-binding protein GlnQ	50	1.0000	core	core	no	no	1	bin_5_63_02171
tgl	tgl	protein-glutamine gamma-glutamyltransferase	50	1.0000	core	core	no	no	1	bin_5_63_02720
group_1133		Alpha/beta hydrolase	50	1.0000	core	core	no	no	1	bin_5_63_01475
group_1128		tRNA1(Val) (Adenine(37)-N6)-methyltransferase	50	1.0000	core	core	no	no	1	bin_5_63_02772
prpE	prpE	bis(5'-nucleosyl)-tetraphosphatase PrpE	50	1.0000	core	core	no	no	1	bin_5_63_00377
ecsA	ecsA	ABC-type transporter ATP-binding protein EcsA	50	1.0000	core	core	no	no	1	bin_5_63_00779
group_1114		Gamma-polyglutamate hydrolase (Phage origin)	50	1.0000	core	core	no	no	1	bin_5_63_00357
map	map	type I methionyl aminopeptidase	50	1.0000	core	core	no	no	1	bin_5_63_01196
group_1112	ydjF	Putative HTH-type transcriptional regulator YdjF	50	1.0000	core	core	no	no	1	bin_5_63_01811
group_1111		UPF0736 protein BPUM_1067	50	1.0000	core	core	no	no	1	bin_5_63_02306
fabL	fabL	enoyl-[acyl-carrier-protein] reductase FabL	50	1.0000	core	core	no	no	1	bin_5_63_02088
tuaG	tuaG	teichuronic acid biosynthesis protein TuaG	50	1.0000	core	core	no	no	1	bin_5_63_02261
group_1103		Transcriptional regulator (DeoR family)	50	1.0000	core	core	no	no	1	bin_5_63_02397
tatC	tatC	twin-arginine translocase subunit TatC	50	1.0000	core	core	no	no	1	bin_5_63_02117
hisF	hisF	Imidazole glycerol phosphate synthase subunit HisF	50	1.0000	core	core	no	no	1	bin_5_63_01273
scpA	scpA	segregation/condensation protein A	50	1.0000	core	core	no	no	1	bin_5_63_01660
fecE	fecE	Fe(3+) dicitrate transport ATP-binding protein FecE	50	1.0000	core	core	no	no	1	bin_5_63_01758
pxpA	pxpA	5-oxoprolinase subunit A	50	1.0000	core	core	no	no	1	bin_5_63_02498
group_1091		GTP cyclohydrolase II	50	1.0000	core	core	no	no	1	bin_5_63_00209
tpiA	tpiA	triose-phosphate isomerase	50	1.0000	core	core	no	no	1	bin_5_63_01335
rfbF	rfbF	glucose-1-phosphate cytidylyltransferase	50	1.0000	core	core	no	no	1	bin_5_63_00176
group_1087		YchF/TatD family DNA exonuclease	50	1.0000	core	core	no	no	1	bin_5_63_02767
sigF	sigF	RNA polymerase sporulation sigma factor SigF	50	1.0000	core	core	no	no	1	bin_5_63_01681
group_1086		Menaquinol:cytochrome c reductase cytochrome c subunit	50	1.0000	core	core	no	no	1	bin_5_63_01081
fliA	fliA	FliA/WhiG family RNA polymerase sigma factor	50	1.0000	core	core	no	no	1	bin_5_63_02136
motB	motB	flagellar motor protein MotB	50	1.0000	core	core	no	no	1	bin_5_63_02468
group_1081		Glutamine ABC transporter substrate-binding protein	50	1.0000	core	core	no	no	1	bin_5_63_01504
fhuC	fhuC	Iron complex ABC transporter ATP-binding protein FhuC	50	1.0000	core	core	no	no	1	bin_5_63_00201
hemQ	hemQ	hydrogen peroxide-dependent heme synthase	50	1.0000	core	core	no	no	1	bin_5_63_01578
budA	budA	acetolactate decarboxylase	50	1.0000	core	core	no	no	1	bin_5_63_02197
yunB	yunB	sporulation protein YunB	50	1.0000	core	core	no	no	1	bin_5_63_00700
group_1080		Acid sugar phosphatase	50	1.0000	core	core	no	no	1	bin_5_63_00708
recO	recO	DNA repair protein RecO	50	1.0000	core	core	no	no	1	bin_5_63_02600
kduD	kduD	2-dehydro-3-deoxy-D-gluconate 5-dehydrogenase KduD	50	1.0000	core	core	no	no	1	bin_5_63_02222
kipR	kipR	HTH-type transcriptional regulator KipR	50	1.0000	core	core	no	no	1	bin_5_63_02493
iclR	iclR	IclR family transcriptional regulator	50	1.0000	core	core	no	no	1	bin_5_63_00604
group_1069		ABC transporter	50	1.0000	core	core	no	no	1	bin_5_63_02583
group_1067		protein-glutamate O-methyltransferase	50	1.0000	core	core	no	no	1	bin_5_63_01063
glvR	glvR	HTH-type transcriptional regulator GlvR	50	1.0000	core	core	no	no	1	bin_5_63_01791
pyrK	pyrK	dihydroorotate dehydrogenase electron transfer subunit	50	1.0000	core	core	no	no	1	bin_5_63_02519
group_1066		RNA-binding S4 domain-containing protein	50	1.0000	core	core	no	no	1	bin_5_63_01157
ylmA	ylmA	Putative ABC transporter ATP-binding protein YlmA	50	1.0000	core	core	no	no	1	bin_5_63_01162
fabI	fabI	enoyl-ACP reductase FabI	50	1.0000	core	core	no	no	1	bin_5_63_00386
argB	argB	Acetylglutamate kinase	50	1.0000	core	core	no	no	1	bin_5_63_01467
group_1063		Phospholipase	50	1.0000	core	core	no	no	1	bin_5_63_00257
yjjG	yjjG	Pyrimidine 5'-nucleotidase YjjG	50	1.0000	core	core	no	no	1	bin_5_63_01356
fliR	fliR	flagellar biosynthetic protein FliR	50	1.0000	core	core	no	no	1	bin_5_63_02146
sigG	sigG	RNA polymerase sporulation sigma factor SigG	50	1.0000	core	core	no	no	1	bin_5_63_01169
group_1061		Esterase	50	1.0000	core	core	no	no	1	bin_5_63_01989
group_1060		Putative hydrolase	50	1.0000	core	core	no	no	1	bin_5_63_02413
group_1059		HAD family phosphatase	50	1.0000	core	core	no	no	1	bin_5_63_02504
group_1054		isoprenyl transferase	50	1.0000	core	core	no	no	1	bin_5_63_02130
group_1053		Tryptophan RNA-binding attenuation protein	50	1.0000	core	core	no	no	1	bin_5_63_00241
fabG	fabG	3-oxoacyl-[acyl-carrier-protein] reductase FabG	50	1.0000	core	core	no	no	1	bin_5_63_02443
group_1043		Biphenyl 23-dioxygenase	50	1.0000	core	core	no	no	1	bin_5_63_02189
sigB	sigB	RNA polymerase sigma factor SigB	50	1.0000	core	core	no	no	1	bin_5_63_00058
group_1037		Uroporphyrinogen-III synthase	50	1.0000	core	core	no	no	1	bin_5_63_01880
group_1036		Exported cell wall lytic enzyme	50	1.0000	core	core	no	no	1	bin_5_63_00422
ymfK	ymfK	Uncharacterized protein YmfK	50	1.0000	core	core	no	no	1	bin_5_63_00336
recX	recX	recombination regulator RecX	50	1.0000	core	core	no	no	1	bin_5_63_02072
pdaA	pdaA	delta-lactam-biosynthetic de-N-acetylase	50	1.0000	core	core	no	no	1	bin_5_63_02024
ssuC	ssuC	Aliphatic sulfonates transport permease protein SsuC	50	1.0000	core	core	no	no	1	bin_5_63_00244
group_1034		Putative esterase	50	1.0000	core	core	no	no	1	bin_5_63_00251
group_1033		2'3'-cyclic-nucleotide 2'-phosphodiesterase	50	1.0000	core	core	no	no	1	bin_5_63_00342
group_1032		Phosphatidate cytidylyltransferase	50	1.0000	core	core	no	no	1	bin_5_63_02129
motA	motA	flagellar motor stator protein MotA	50	1.0000	core	core	no	no	1	bin_5_63_02467
group_1027	proC	pyrroline-5-carboxylate reductase	50	1.0000	core	core	no	no	1	bin_5_63_02571
group_1021		Aminoglycoside phosphotransferase domain-containing protein	50	1.0000	core	core	no	no	1	bin_5_63_00022
group_1020		NAD kinase	50	1.0000	core	core	no	no	1	bin_5_63_00375
yfkD	yfkD	Sporulation protein YfkD	50	1.0000	core	core	no	no	1	bin_5_63_02018
group_1018		NAD kinase	50	1.0000	core	core	no	no	1	bin_5_63_01405
minD	minD	septum site-determining protein MinD	50	1.0000	core	core	no	no	1	bin_5_63_01864
trpA	trpA	tryptophan synthase subunit alpha	50	1.0000	core	core	no	no	1	bin_5_63_01072
dapB	dapB	4-hydroxy-tetrahydrodipicolinate reductase	50	1.0000	core	core	no	no	1	bin_5_63_01086
group_1017		ABC transporter permease	50	1.0000	core	core	no	no	1	bin_5_63_00575
ypjB	ypjB	sporulation protein YpjB	50	1.0000	core	core	no	no	1	bin_5_63_01083
group_1010		Hydroxymethylpyrimidine/phosphomethylpyrimidine kinase	50	1.0000	core	core	no	no	1	bin_5_63_00385
group_1003		bifunctional hydroxymethylpyrimidine kinase/phosphomethylpyrimidine kinase	50	1.0000	core	core	no	no	1	bin_5_63_01547
glnH	glnH	ABC transporter glutamine-binding protein GlnH	50	1.0000	core	core	no	no	1	bin_5_63_00899
yidA	yidA	sugar-phosphatase	50	1.0000	core	core	no	no	1	bin_5_63_01004
group_999		UPF0354 protein BPUM_2629	50	1.0000	core	core	no	no	1	bin_5_63_00012
group_998		purine-nucleoside phosphorylase	50	1.0000	core	core	no	no	1	bin_5_63_01685
yitU	yitU	5-amino-6-(5-phospho-D-ribitylamino)uracil phosphatase YitU	50	1.0000	core	core	no	no	1	bin_5_63_01460
group_992		Iron-dicitrate transporter ATP-binding subunit	50	1.0000	core	core	no	no	1	bin_5_63_01120
group_991		Glycerol uptake facilitator protein	50	1.0000	core	core	no	no	1	bin_5_63_00815
group_989		Peptidase M84	50	1.0000	core	core	no	no	1	bin_5_63_01606
yidC	yidC	Membrane protein insertase YidC	50	1.0000	core	core	no	no	1	bin_5_63_02636
group_988		Ribonuclease	50	1.0000	core	core	no	no	1	bin_5_63_02012
group_985		ABC transmembrane type-1 domain-containing protein	50	1.0000	core	core	no	no	1	bin_5_63_02234
metQ	metQ	methionine ABC transporter substrate-binding lipoprotein MetQ	50	1.0000	core	core	no	no	1	bin_5_63_00843
group_984		Putative pyruvate phosphate dikinase regulatory protein	50	1.0000	core	core	no	no	1	bin_5_63_02596
lgt	lgt	prolipoprotein diacylglyceryl transferase	50	1.0000	core	core	no	no	1	bin_5_63_00403
proG	proG	pyrroline-5-carboxylate reductase ProG	50	1.0000	core	core	no	no	1	bin_5_63_01702
yaaT	yaaT	Stage 0 sporulation protein YaaT	50	1.0000	core	core	no	no	1	bin_5_63_02774
group_976		Glycosyltransferase	50	1.0000	core	core	no	no	1	bin_5_63_01549
kduI	kduI	5-dehydro-4-deoxy-D-glucuronate isomerase	50	1.0000	core	core	no	no	1	bin_5_63_02223
speE	speE	spermidine synthase	50	1.0000	core	core	no	no	1	bin_5_63_01611
group_970		Iron(III)-siderophore transporter (ATP binding component)	50	1.0000	core	core	no	no	1	bin_5_63_00859
group_969		Cytochrome c assembly protein domain-containing protein	50	1.0000	core	core	no	no	1	bin_5_63_01882
yodJ	yodJ	Carboxypeptidase YodJ	50	1.0000	core	core	no	no	1	bin_5_63_00456
group_963		Levansucrase and sucrase synthesis operon antiterminator	50	1.0000	core	core	no	no	1	bin_5_63_01542
group_962		undecaprenyl-diphosphate phosphatase	50	1.0000	core	core	no	no	1	bin_5_63_00941
mutM	mutM	DNA-formamidopyrimidine glycosylase	50	1.0000	core	core	no	no	1	bin_5_63_01369
group_957	licT	BglG family transcription antiterminator LicT	50	1.0000	core	core	no	no	1	bin_5_63_00664
flgG	flgG	Flagellar basal-body rod protein FlgG	50	1.0000	core	core	no	no	1	bin_5_63_02181
group_950		Fatty acid kinase fatty acid binding subunit A	50	1.0000	core	core	no	no	1	bin_5_63_02268
group_949		DUF2179 domain-containing protein	50	1.0000	core	core	no	no	1	bin_5_63_01456
group_946	araC	AraC family transcriptional regulator	50	1.0000	core	core	no	no	1	bin_5_63_01526
group_945		Histidine kinase	50	1.0000	core	core	no	no	1	bin_5_63_01219
comER	comER	late competence protein ComER	50	1.0000	core	core	no	no	1	bin_5_63_02360
group_939		S1 motif domain-containing protein	50	1.0000	core	core	no	no	1	bin_5_63_01452
group_932		DUF72 domain-containing protein	50	1.0000	core	core	no	no	1	bin_5_63_00697
glcT	glcT	glucose PTS transporter transcription antiterminator GlcT	50	1.0000	core	core	no	no	1	bin_5_63_02450
group_928		Peptidoglycan-N-acetylglucosamine deacetylase	50	1.0000	core	core	no	no	1	bin_5_63_02323
fbaA	fbaA	class II fructose-bisphosphate aldolase	50	1.0000	core	core	no	no	1	bin_5_63_01634
yitS	yitS	DegV domain-containing protein YitS	50	1.0000	core	core	no	no	1	bin_5_63_01455
group_920	ybbH	Putative HTH-type transcriptional regulator YbbH	50	1.0000	core	core	no	no	1	bin_5_63_00235
group_919		Metal ABC transporter permease	50	1.0000	core	core	no	no	1	bin_5_63_02582
group_914		3-hydroxybutyryl-CoA dehydrogenase	50	1.0000	core	core	no	no	1	bin_5_63_01625
nadC	nadC	carboxylating nicotinate-nucleotide diphosphorylase	50	1.0000	core	core	no	no	1	bin_5_63_01851
atpG	atpG	F0F1 ATP synthase subunit gamma	50	1.0000	core	core	no	no	1	bin_5_63_01241
dapA	dapA	4-hydroxy-tetrahydrodipicolinate synthase	50	1.0000	core	core	no	no	1	bin_5_63_00322
group_909		ABC transmembrane type-1 domain-containing protein	50	1.0000	core	core	no	no	1	bin_5_63_00576
ybbH	ybbH	Putative HTH-type transcriptional regulator YbbH	50	1.0000	core	core	no	no	1	bin_5_63_00033
ywpJ	ywpJ	Phosphatase YwpJ	50	1.0000	core	core	no	no	1	bin_5_63_02188
speB	speB	agmatinase	50	1.0000	core	core	no	no	1	bin_5_63_01612
group_905		DUF2179 domain-containing protein	50	1.0000	core	core	no	no	1	bin_5_63_01084
group_904		Amino acid ABC transporter (Binding lipoprotein subunit)	50	1.0000	core	core	no	no	1	bin_5_63_00588
hslO	hslO	Hsp33 family molecular chaperone HslO	50	1.0000	core	core	no	no	1	bin_5_63_02733
accD	accD	acetyl-CoA carboxylase carboxyltransferase subunit beta	50	1.0000	core	core	no	no	1	bin_5_63_01382
group_900		ABC transporter (ATP-binding protein) involved in resistance to cell wall inhibitors	50	1.0000	core	core	no	no	1	bin_5_63_00266
pheA	pheA	prephenate dehydratase	50	1.0000	core	core	no	no	1	bin_5_63_01855
group_899		AAA+ ATPase domain-containing protein	50	1.0000	core	core	no	no	1	bin_5_63_00437
group_898		Nucleotidyltransferase-like domain-containing protein	50	1.0000	core	core	no	no	1	bin_5_63_02103
rsmI	rsmI	16S rRNA (cytidine(1402)-2'-O)-methyltransferase	50	1.0000	core	core	no	no	1	bin_5_63_02770
group_894		DUF2179 domain-containing protein	50	1.0000	core	core	no	no	1	bin_5_63_02584
tsf	tsf	translation elongation factor Ts	50	1.0000	core	core	no	no	1	bin_5_63_02133
cysB	cysB	HTH-type transcriptional regulator CysB	50	1.0000	core	core	no	no	1	bin_5_63_02418
group_891		DUF1002 domain-containing protein	50	1.0000	core	core	no	no	1	bin_5_63_01672
group_890		YIEGIA domain-containing protein	50	1.0000	core	core	no	no	1	bin_5_63_01049
group_889		Cation efflux protein cytoplasmic domain-containing protein	50	1.0000	core	core	no	no	1	bin_5_63_02437
isdE	isdE	heme ABC transporter substrate-binding protein IsdE	50	1.0000	core	core	no	no	1	bin_5_63_00203
cidR	cidR	cidABC operon transcriptional activator CidR	50	1.0000	core	core	no	no	1	bin_5_63_01513
alsR	alsR	acetoin biosynthesis transcriptional regulator AlsR	50	1.0000	core	core	no	no	1	bin_5_63_02199
glyQ	glyQ	glycine--tRNA ligase subunit alpha	50	1.0000	core	core	no	no	1	bin_5_63_02599
galU	galU	UTP--glucose-1-phosphate uridylyltransferase GalU	50	1.0000	core	core	no	no	1	bin_5_63_01822
ftsX	ftsX	permease-like cell division protein FtsX	50	1.0000	core	core	no	no	1	bin_5_63_00765
xerD	xerD	site-specific tyrosine recombinase XerD	50	1.0000	core	core	no	no	1	bin_5_63_01687
group_880		Catechol-23-dioxygenase	50	1.0000	core	core	no	no	1	bin_5_63_00208
group_879		deoxyribonuclease IV	50	1.0000	core	core	no	no	1	bin_5_63_02586
yqiS	yqiS	phosphate butyryltransferase	50	1.0000	core	core	no	no	1	bin_5_63_02655
bmrU	bmrU	Lipid kinase BmrU	50	1.0000	core	core	no	no	1	bin_5_63_02647
group_878		Exo-alpha-sialidase	50	1.0000	core	core	no	no	1	bin_5_63_00481
lipA	lipA	lipoyl synthase	50	1.0000	core	core	no	no	1	bin_5_63_00704
group_874		Putative manganese catalase	50	1.0000	core	core	no	no	1	bin_5_63_02423
gsiD	gsiD	Glutathione transport system permease protein GsiD	50	1.0000	core	core	no	no	1	bin_5_63_02097
mreC	mreC	rod shape-determining protein MreC	50	1.0000	core	core	no	no	1	bin_5_63_01867
group_871		Putative hydrolase	50	1.0000	core	core	no	no	1	bin_5_63_00274
group_870		Transcriptional regulator (LysR family) (GltC-glutamate)	50	1.0000	core	core	no	no	1	bin_5_63_02578
purU	purU	formyltetrahydrofolate deformylase	50	1.0000	core	core	no	no	1	bin_5_63_02538
group_869		Putative amidase domain-containing protein	50	1.0000	core	core	no	no	1	bin_5_63_00787
group_865		Pseudouridine synthase	50	1.0000	core	core	no	no	1	bin_5_63_00805
era	era	GTPase Era	50	1.0000	core	core	no	no	1	bin_5_63_02602
ylxH	ylxH	Flagellum site-determining protein YlxH	50	1.0000	core	core	no	no	1	bin_5_63_02142
group_861		Fumarylacetoacetase-like C-terminal domain-containing protein	50	1.0000	core	core	no	no	1	bin_5_63_01429
group_860		Coenzyme PQQ synthesis protein D	50	1.0000	core	core	no	no	1	bin_5_63_00781
group_858		Serine protease	50	1.0000	core	core	no	no	1	bin_5_63_01775
eamA	eamA	EamA domain-containing protein	50	1.0000	core	core	no	no	1	bin_5_63_01769
group_857	cheA	Coupling protein and response regulator for CheA activity in response to attractants (Chemotaxis)	50	1.0000	core	core	no	no	1	bin_5_63_02433
rarD	rarD	EamA family transporter RarD	50	1.0000	core	core	no	no	1	bin_5_63_00446
flgL	flgL	flagellar hook-associated protein FlgL	50	1.0000	core	core	no	no	1	bin_5_63_02276
pfkB	pfkB	1-phosphofructokinase	50	1.0000	core	core	no	no	1	bin_5_63_02398
ilvE	ilvE	branched-chain-amino-acid transaminase	50	1.0000	core	core	no	no	1	bin_5_63_01898
rbsB	rbsB	ribose ABC transporter substrate-binding protein RbsB	50	1.0000	core	core	no	no	1	bin_5_63_02201
group_848		Glycine betaine/carnitine/choline/choline sulfate ABC transporter (Osmoprotectant-binding lipoprotein)	50	1.0000	core	core	no	no	1	bin_5_63_00477
prpB	prpB	methylisocitrate lyase	50	1.0000	core	core	no	no	1	bin_5_63_00417
cyoE	cyoE	heme o synthase	50	1.0000	core	core	no	no	1	bin_5_63_01972
group_845		SigmaE regulated sporulation protein	50	1.0000	core	core	no	no	1	bin_5_63_00490
group_843		Putative transcriptional regulator (LysR family)	50	1.0000	core	core	no	no	1	bin_5_63_00598
rapZ	rapZ	RNase adapter RapZ	50	1.0000	core	core	no	no	1	bin_5_63_01279
group_835		Cystathionine beta-synthase for the reverse transsulfuration pathway	50	1.0000	core	core	no	no	1	bin_5_63_00921
pyrB	pyrB	aspartate carbamoyltransferase catalytic subunit	50	1.0000	core	core	no	no	1	bin_5_63_02523
ctaA	ctaA	Heme A synthase	50	1.0000	core	core	no	no	1	bin_5_63_01971
group_833		ABC transporter substrate-binding protein	50	1.0000	core	core	no	no	1	bin_5_63_02054
dnaI	dnaI	primosomal protein DnaI	50	1.0000	core	core	no	no	1	bin_5_63_01361
group_828	ydcP	Putative protease YdcP	50	1.0000	core	core	no	no	1	bin_5_63_00912
group_827		Na/Pi cotransporter family protein	50	1.0000	core	core	no	no	1	bin_5_63_02379
rnz	rnz	ribonuclease Z	50	1.0000	core	core	no	no	1	bin_5_63_02623
truB	truB	tRNA pseudouridine(55) synthase TruB	50	1.0000	core	core	no	no	1	bin_5_63_02335
group_826		Glutaminase	50	1.0000	core	core	no	no	1	bin_5_63_01966
hprK	hprK	HPr(Ser) kinase/phosphatase	50	1.0000	core	core	no	no	1	bin_5_63_00404
pyrD	pyrD	dihydroorotate dehydrogenase	50	1.0000	core	core	no	no	1	bin_5_63_02518
group_821		Putative transcriptional regulatory protein pdtaR	50	1.0000	core	core	no	no	1	bin_5_63_00289
group_820		Hydrolase	50	1.0000	core	core	no	no	1	bin_5_63_00024
hemC	hemC	hydroxymethylbilane synthase	50	1.0000	core	core	no	no	1	bin_5_63_01881
prmA	prmA	50S ribosomal protein L11 methyltransferase	50	1.0000	core	core	no	no	1	bin_5_63_02376
group_819	dppB	Dipeptide transport system permease protein DppB	50	1.0000	core	core	no	no	1	bin_5_63_01700
group_818		Anti protein	50	1.0000	core	core	no	no	1	bin_5_63_01448
group_815		Iron-hydroxamate ABC transporter substrate-binding protein	50	1.0000	core	core	no	no	1	bin_5_63_00199
mdh	mdh	malate dehydrogenase	50	1.0000	core	core	no	no	1	bin_5_63_01373
group_814		Sorbitol operon regulator	50	1.0000	core	core	no	no	1	bin_5_63_01168
group_810		NanoRNase (Oligoribonuclease) (3'->5'short substrates 5'->3' long substrates) 3'5'-bisphosphate nucleotidase	50	1.0000	core	core	no	no	1	bin_5_63_01388
group_806		Deoxyribonucleoside regulator	50	1.0000	core	core	no	no	1	bin_5_63_01011
ispH	ispH	4-hydroxy-3-methylbut-2-enyl diphosphate reductase	50	1.0000	core	core	no	no	1	bin_5_63_02589
manA	manA	mannose-6-phosphate isomerase class I	50	1.0000	core	core	no	no	1	bin_5_63_02235
whiA	whiA	DNA-binding protein WhiA	50	1.0000	core	core	no	no	1	bin_5_63_01281
group_800		Sodium transporter	50	1.0000	core	core	no	no	1	bin_5_63_00433
ribF	ribF	bifunctional riboflavin kinase/FAD synthetase	50	1.0000	core	core	no	no	1	bin_5_63_02334
group_799		Hydroquinone-specific extradiol dioxygenase	50	1.0000	core	core	no	no	1	bin_5_63_01704
gsiC	gsiC	Glutathione transport system permease protein GsiC	50	1.0000	core	core	no	no	1	bin_5_63_02304
argF	argF	ornithine carbamoyltransferase	50	1.0000	core	core	no	no	1	bin_5_63_01471
fatC	fatC	Ferric-anguibactin transport system permease protein FatC	50	1.0000	core	core	no	no	1	bin_5_63_01757
group_798		Petrobactin iron-siderophore ABC transporter (Permease)	50	1.0000	core	core	no	no	1	bin_5_63_01756
group_794	rbsC	ribose ABC transporter permease RbsC	50	1.0000	core	core	no	no	1	bin_5_63_02202
group_793		Putative aromatic acid exporter C-terminal domain-containing protein	50	1.0000	core	core	no	no	1	bin_5_63_02642
group_792		NodB-like y domain-containing protein	50	1.0000	core	core	no	no	1	bin_5_63_02331
group_788		DUF2515 domain-containing protein	50	1.0000	core	core	no	no	1	bin_5_63_01961
group_787		Deoxyribonucleoside regulator	50	1.0000	core	core	no	no	1	bin_5_63_01707
group_780		Gluconeogenesis factor	50	1.0000	core	core	no	no	1	bin_5_63_01280
pfkA	pfkA	6-phosphofructokinase	50	1.0000	core	core	no	no	1	bin_5_63_01380
group_778		PhoH-like protein	50	1.0000	core	core	no	no	1	bin_5_63_02387
group_777		Serine protease	50	1.0000	core	core	no	no	1	bin_5_63_02529
corA	corA	magnesium/cobalt transporter CorA	50	1.0000	core	core	no	no	1	bin_5_63_02026
group_776		Diguanylate cyclase	50	1.0000	core	core	no	no	1	bin_5_63_01699
glpX	glpX	class II fructose-bisphosphatase	50	1.0000	core	core	no	no	1	bin_5_63_01637
group_773		TIGR01212 family radical SAM protein	50	1.0000	core	core	no	no	1	bin_5_63_00261
yteP	yteP	Putative multiple-sugar transport system permease YteP	50	1.0000	core	core	no	no	1	bin_5_63_00282
comK	comK	Positive regulator of comK	50	1.0000	core	core	no	no	1	bin_5_63_01477
group_772		Glyoxylate reductase	50	1.0000	core	core	no	no	1	bin_5_63_00711
group_771	oppF	Oligopeptide transport ATP-binding protein OppF	50	1.0000	core	core	no	no	1	bin_5_63_02549
trhO	trhO	rhodanese-related sulfurtransferase	50	1.0000	core	core	no	no	1	bin_5_63_00661
pta	pta	phosphate acetyltransferase	50	1.0000	core	core	no	no	1	bin_5_63_01579
lacF	lacF	Lactose transport system permease protein LacF	50	1.0000	core	core	no	no	1	bin_5_63_02233
group_770	hemB	porphobilinogen synthase	50	1.0000	core	core	no	no	1	bin_5_63_01879
group_769		CDP-glucose 46-dehydratase	50	1.0000	core	core	no	no	1	bin_5_63_00177
group_766		DNA methylase adenine-specific domain-containing protein	50	1.0000	core	core	no	no	1	bin_5_63_01399
group_763		tRNA-dihydrouridine synthase	50	1.0000	core	core	no	no	1	bin_5_63_00162
accA	accA	acetyl-CoA carboxylase carboxyl transferase subunit alpha	50	1.0000	core	core	no	no	1	bin_5_63_01381
group_759		Metal-dependent hydrolase	50	1.0000	core	core	no	no	1	bin_5_63_02085
prfB	prfB	peptide chain release factor 2	50	1.0000	core	core	no	no	1	bin_5_63_02288
group_754		Surface antigen	50	1.0000	core	core	no	no	1	bin_5_63_00752
trxB	trxB	thioredoxin-disulfide reductase	50	1.0000	core	core	no	no	1	bin_5_63_01277
acoB	acoB	2-oxoisovalerate dehydrogenase subunit beta	50	1.0000	core	core	no	no	1	bin_5_63_02650
birA	birA	Bifunctional ligase/repressor BirA	50	1.0000	core	core	no	no	1	bin_5_63_01091
group_753	pdhA	pyruvate dehydrogenase (acetyl-transferring) E1 component subunit alpha	50	1.0000	core	core	no	no	1	bin_5_63_01713
isdF	isdF	putative heme-iron transport system permease protein IsdF	50	1.0000	core	core	no	no	1	bin_5_63_00202
holB	holB	DNA polymerase III subunit delta'	50	1.0000	core	core	no	no	1	bin_5_63_02775
group_742		asparaginase	50	1.0000	core	core	no	no	1	bin_5_63_00225
iolU	iolU	Scyllo-inositol 2-dehydrogenase (NADP(+)) IolU	50	1.0000	core	core	no	no	1	bin_5_63_00938
galE	galE	UDP-glucose 4-epimerase GalE	50	1.0000	core	core	no	no	1	bin_5_63_01528
group_737		Putative glycosyltransferase	50	1.0000	core	core	no	no	1	bin_5_63_00756
floA	floA	flotillin-like protein FloA	50	1.0000	core	core	no	no	1	bin_5_63_02383
group_735		2-oxoisovalerate dehydrogenase subunit alpha	50	1.0000	core	core	no	no	1	bin_5_63_02651
trpS	trpS	tryptophan--tRNA ligase	50	1.0000	core	core	no	no	1	bin_5_63_02307
group_728		Catabolite control protein A	50	1.0000	core	core	no	no	1	bin_5_63_02206
yumC	yumC	Ferredoxin--NADP reductase 2	50	1.0000	core	core	no	no	1	bin_5_63_00631
fliM	fliM	flagellar motor switch protein FliM	50	1.0000	core	core	no	no	1	bin_5_63_02152
group_726		Inorganic phosphate transporter	50	1.0000	core	core	no	no	1	bin_5_63_01726
mbl	mbl	cell shape-determining protein Mbl	50	1.0000	core	core	no	no	1	bin_5_63_02179
group_725		SsuA/THI5-like domain-containing protein	50	1.0000	core	core	no	no	1	bin_5_63_00246
sppA	sppA	Signal peptide peptidase SppA	50	1.0000	core	core	no	no	1	bin_5_63_01404
dppB	dppB	Dipeptide transport system permease protein DppB	50	1.0000	core	core	no	no	1	bin_5_63_02096
ruvB	ruvB	Holliday junction branch migration DNA helicase RuvB	50	1.0000	core	core	no	no	1	bin_5_63_01840
gap	gap	type I glyceraldehyde-3-phosphate dehydrogenase	50	1.0000	core	core	no	no	1	bin_5_63_01333
ddcA	ddcA	DNA damage checkpoint antagonist DdcA	50	1.0000	core	core	no	no	1	bin_5_63_01890
mreBH	mreBH	rod-share determining protein MreBH	50	1.0000	core	core	no	no	1	bin_5_63_02405
group_722		Zinc-type alcohol dehydrogenase-like protein	50	1.0000	core	core	no	no	1	bin_5_63_02060
ydcC	ydcC	Sporulation protein YdcC	50	1.0000	core	core	no	no	1	bin_5_63_00533
group_717		Transcriptional regulator (LacI family)	50	1.0000	core	core	no	no	1	bin_5_63_01124
group_712		Iron-dicitrate ABC transporter (Permease)	50	1.0000	core	core	no	no	1	bin_5_63_00198
rbsC	rbsC	Ribose import permease protein RbsC	50	1.0000	core	core	no	no	1	bin_5_63_01500
group_711		Dipeptide ABC transporter (ATP-binding subunit)	50	1.0000	core	core	no	no	1	bin_5_63_01698
thiS	thiS	Sulfur carrier protein ThiS adenylyltransferase	50	1.0000	core	core	no	no	1	bin_5_63_00384
cydB	cydB	cytochrome d ubiquinol oxidase subunit II	50	1.0000	core	core	no	no	1	bin_5_63_00195
namA	namA	NADPH dehydrogenase NamA	50	1.0000	core	core	no	no	1	bin_5_63_02620
spoVAD	spoVAD	stage V sporulation protein AD	50	1.0000	core	core	no	no	1	bin_5_63_01677
mreB	mreB	Cell shape-determining protein MreB	50	1.0000	core	core	no	no	1	bin_5_63_01868
holA	holA	DNA polymerase III subunit delta	50	1.0000	core	core	no	no	1	bin_5_63_02365
asd	asd	aspartate-semialdehyde dehydrogenase	50	1.0000	core	core	no	no	1	bin_5_63_00320
group_702		HTH luxR-type domain-containing protein	50	1.0000	core	core	no	no	1	bin_5_63_01005
feuC	feuC	Iron-uptake system permease protein FeuC	50	1.0000	core	core	no	no	1	bin_5_63_01119
group_698		glyceraldehyde-3-phosphate dehydrogenase	50	1.0000	core	core	no	no	1	bin_5_63_01366
trpD	trpD	Anthranilate phosphoribosyltransferase	50	1.0000	core	core	no	no	1	bin_5_63_01068
group_697		AI-2E family transporter	50	1.0000	core	core	no	no	1	bin_5_63_00549
metN	metN	Methionine import ATP-binding protein MetN	50	1.0000	core	core	no	no	1	bin_5_63_00845
group_691		Phosphotransferase system EIIC domain-containing protein	50	1.0000	core	core	no	no	1	bin_5_63_00014
ilvC	ilvC	ketol-acid reductoisomerase	50	1.0000	core	core	no	no	1	bin_5_63_01895
queA	queA	tRNA preQ1(34) S-adenosylmethionine ribosyltransferase-isomerase QueA	50	1.0000	core	core	no	no	1	bin_5_63_01838
sepM	sepM	SepM family pheromone-processing serine protease	50	1.0000	core	core	no	no	1	bin_5_63_01990
group_690		Putative glycosyltransferase involved in biofilm formation	50	1.0000	core	core	no	no	1	bin_5_63_01314
group_689		Sorbitol dehydrogenase	50	1.0000	core	core	no	no	1	bin_5_63_01714
hrcA	hrcA	heat-inducible transcriptional repressor HrcA	50	1.0000	core	core	no	no	1	bin_5_63_02372
pheS	pheS	phenylalanine--tRNA ligase subunit alpha	50	1.0000	core	core	no	no	1	bin_5_63_01344
gpsA	gpsA	NAD(P)H-dependent glycerol-3-phosphate dehydrogenase	50	1.0000	core	core	no	no	1	bin_5_63_01052
yutH	yutH	spore coat putative kinase YutH	50	1.0000	core	core	no	no	1	bin_5_63_00710
group_675		Ferredoxin--NADP reductase 1	50	1.0000	core	core	no	no	1	bin_5_63_02052
recA	recA	recombinase RecA	50	1.0000	core	core	no	no	1	bin_5_63_00340
argC	argC	N-acetyl-gamma-glutamyl-phosphate reductase	50	1.0000	core	core	no	no	1	bin_5_63_01465
group_659		L-threonylcarbamoyladenylate synthase	50	1.0000	core	core	no	no	1	bin_5_63_01254
feuB	feuB	Iron-uptake system permease protein FeuB	50	1.0000	core	core	no	no	1	bin_5_63_01118
group_656		Bifunctional transcriptional activator/DNA repair enzyme Ada	50	1.0000	core	core	no	no	1	bin_5_63_02542
group_655		Aspartate phosphatase	50	1.0000	core	core	no	no	1	bin_5_63_02183
group_652		ABC transporter permease	50	1.0000	core	core	no	no	1	bin_5_63_01129
mtnA	mtnA	S-methyl-5-thioribose-1-phosphate isomerase	50	1.0000	core	core	no	no	1	bin_5_63_00189
group_648		carbamoyl phosphate synthase small subunit	50	1.0000	core	core	no	no	1	bin_5_63_01469
thrC	thrC	threonine synthase	50	1.0000	core	core	no	no	1	bin_5_63_00713
group_643		UDP-N-acetylglucosamine:undecaprenyl-P N-acetylglucosaminyl-1-P transferase	50	1.0000	core	core	no	no	1	bin_5_63_02263
coxB	coxB	cytochrome c oxidase subunit II	50	1.0000	core	core	no	no	1	bin_5_63_01973
cax	cax	calcium/proton exchanger	50	1.0000	core	core	no	no	1	bin_5_63_02017
ysdC	ysdC	Aminopeptidase YsdC	50	1.0000	core	core	no	no	1	bin_5_63_00016
group_633		Peptidase M24	50	1.0000	core	core	no	no	1	bin_5_63_01530
group_632		Endolytic murein transglycosylase	50	1.0000	core	core	no	no	1	bin_5_63_00910
group_630		Protein-glutamate methylesterase/protein-glutamine glutaminase	50	1.0000	core	core	no	no	1	bin_5_63_02141
ddl	ddl	D-alanine--D-alanine ligase	50	1.0000	core	core	no	no	1	bin_5_63_00542
group_627		bifunctional 3-deoxy-7-phosphoheptulonate synthase/chorismate mutase	50	1.0000	core	core	no	no	1	bin_5_63_00005
group_622		Mechanosensitive ion channel protein	50	1.0000	core	core	no	no	1	bin_5_63_02325
ribD	ribD	bifunctional diaminohydroxyphosphoribosylaminopyrimidine deaminase/5-amino-6-(5-phosphoribosylamino)uracil reductase RibD	50	1.0000	core	core	no	no	1	bin_5_63_00210
group_618		branched-chain amino acid aminotransferase	50	1.0000	core	core	no	no	1	bin_5_63_01493
group_617		Adhesin domain-containing protein	50	1.0000	core	core	no	no	1	bin_5_63_00411
aroB	aroB	3-dehydroquinate synthase	50	1.0000	core	core	no	no	1	bin_5_63_01065
bcd	bcd	branched-chain amino acid dehydrogenase	50	1.0000	core	core	no	no	1	bin_5_63_02654
group_612		carbamoyl phosphate synthase small subunit	50	1.0000	core	core	no	no	1	bin_5_63_02521
group_611		Xaa-Pro Xaa-Pro-Xaa di- tri-peptidase used in osmoprotection	50	1.0000	core	core	no	no	1	bin_5_63_02452
group_610		Inner spore coat protein H	50	1.0000	core	core	no	no	1	bin_5_63_01427
hisC	hisC	histidinol-phosphate transaminase	50	1.0000	core	core	no	no	1	bin_5_63_01073
yqeH	yqeH	ribosome biogenesis GTPase YqeH	50	1.0000	core	core	no	no	1	bin_5_63_02353
group_605		Tetratricopeptide repeat protein	50	1.0000	core	core	no	no	1	bin_5_63_02660
group_604		Glutamate 5-kinase	50	1.0000	core	core	no	no	1	bin_5_63_02537
mutY	mutY	A/G-specific adenine glycosylase	50	1.0000	core	core	no	no	1	bin_5_63_02086
group_598		AI-2E family transporter	50	1.0000	core	core	no	no	1	bin_5_63_00652
group_595		Sigma X negative regulator	50	1.0000	core	core	no	no	1	bin_5_63_01647
sugC	sugC	Trehalose import ATP-binding protein SugC	50	1.0000	core	core	no	no	1	bin_5_63_02315
nadA	nadA	quinolinate synthase NadA	50	1.0000	core	core	no	no	1	bin_5_63_01850
yteR	yteR	Unsaturated rhamnogalacturonyl hydrolase YteR	50	1.0000	core	core	no	no	1	bin_5_63_00283
nusA	nusA	Transcription termination/antitermination protein NusA	50	1.0000	core	core	no	no	1	bin_5_63_02341
pdhA	pdhA	pyruvate dehydrogenase (acetyl-transferring) E1 component subunit alpha	50	1.0000	core	core	no	no	1	50_refound_1446
group_585		Periplasmic binding protein domain-containing protein	50	1.0000	core	core	no	no	1	bin_5_63_01498
citZ	citZ	citrate synthase	50	1.0000	core	core	no	no	1	bin_5_63_01375
mnmA	mnmA	tRNA 2-thiouridine(34) synthase MnmA	50	1.0000	core	core	no	no	1	bin_5_63_00891
group_584		PTS system fructose-specific EIIB'BC component	50	1.0000	core	core	no	no	1	bin_5_63_00672
isdG	isdG	heme oxygenase	50	1.0000	core	core	no	no	1	bin_5_63_00197
group_581		Response regulator aspartate phosphatase H	50	1.0000	core	core	no	no	1	bin_5_63_02348
rpoD	rpoD	RNA polymerase sigma factor RpoD	50	1.0000	core	core	no	no	1	bin_5_63_02593
buk	buk	butyrate kinase	50	1.0000	core	core	no	no	1	bin_5_63_02653
yfkAB	yfkAB	radical SAM/CxCxxxxC motif protein YfkAB	50	1.0000	core	core	no	no	1	bin_5_63_02022
fliY	fliY	flagellar motor switch phosphatase FliY	50	1.0000	core	core	no	no	1	bin_5_63_02151
group_576		Putative NADH-dependent flavin oxidoreductase	50	1.0000	core	core	no	no	1	bin_5_63_01954
group_575		Subtilisin NAT	50	1.0000	core	core	no	no	1	bin_5_63_01691
group_574		N-acetyldiaminopimelate deacetylase	50	1.0000	core	core	no	no	1	bin_5_63_00484
ald	ald	alanine dehydrogenase	50	1.0000	core	core	no	no	1	bin_5_63_00640
group_571		Response regulator aspartate phosphatase A	50	1.0000	core	core	no	no	1	bin_5_63_02535
ytvI	ytvI	sporulation integral membrane protein YtvI	50	1.0000	core	core	no	no	1	bin_5_63_01377
hemW	hemW	radical SAM family heme chaperone HemW	50	1.0000	core	core	no	no	1	bin_5_63_02371
group_566		Acyl-CoA dehydrogenase	50	1.0000	core	core	no	no	1	bin_5_63_01627
mmgD	mmgD	citrate synthase	50	1.0000	core	core	no	no	1	bin_5_63_00419
abrB	abrB	AbrB family transcriptional regulator	50	1.0000	core	core	no	no	1	bin_5_63_01410
tgt	tgt	tRNA guanosine(34) transglycosylase Tgt	50	1.0000	core	core	no	no	1	bin_5_63_01837
bshA	bshA	N-acetyl-alpha-D-glucosaminyl L-malate synthase BshA	50	1.0000	core	core	no	no	1	bin_5_63_01089
ftsZ	ftsZ	cell division protein FtsZ	50	1.0000	core	core	no	no	1	bin_5_63_01173
group_559		Quaternary amine transport ATP-binding protein	50	1.0000	core	core	no	no	1	bin_5_63_00475
group_557		bifunctional cystathionine gamma-lyase/homocysteine desulfhydrase	50	1.0000	core	core	no	no	1	bin_5_63_00922
ugtP	ugtP	diglucosyl diacylglycerol synthase	50	1.0000	core	core	no	no	1	bin_5_63_01923
dxr	dxr	1-deoxy-D-xylulose-5-phosphate reductoisomerase	50	1.0000	core	core	no	no	1	bin_5_63_02128
group_554		acetylornithine transaminase	50	1.0000	core	core	no	no	1	bin_5_63_01468
oxdD	oxdD	Oxalate decarboxylase OxdD	50	1.0000	core	core	no	no	1	bin_5_63_00695
group_545		serine-type D-Ala-D-Ala carboxypeptidase	50	1.0000	core	core	no	no	1	bin_5_63_01657
group_540		Transcriptional regulator	50	1.0000	core	core	no	no	1	bin_5_63_02565
group_536		Response regulator aspartate phosphatase B	50	1.0000	core	core	no	no	1	bin_5_63_00358
yhbH	yhbH	sporulation protein YhbH	50	1.0000	core	core	no	no	1	bin_5_63_00790
oxdC	oxdC	Oxalate decarboxylase OxdC	50	1.0000	core	core	no	no	1	bin_5_63_02081
capA	capA	CapA family protein	50	1.0000	core	core	no	no	1	bin_5_63_02212
group_524		aminotransferase A	50	1.0000	core	core	no	no	1	bin_5_63_02438
degS	degS	Signal transduction histidine-protein kinase/phosphatase DegS	50	1.0000	core	core	no	no	1	bin_5_63_02266
hisZ	hisZ	ATP phosphoribosyltransferase regulatory subunit	50	1.0000	core	core	no	no	1	bin_5_63_00396
sbcD	sbcD	exonuclease subunit SbcD	50	1.0000	core	core	no	no	1	bin_5_63_01417
group_517		UDP-4-amino-4-deoxy-L-arabinose--oxoglutarate aminotransferase	50	1.0000	core	core	no	no	1	bin_5_63_01560
ccsB	ccsB	c-type cytochrome biogenesis protein CcsB	50	1.0000	core	core	no	no	1	bin_5_63_01651
group_509		Nucleoside permease	50	1.0000	core	core	no	no	1	bin_5_63_01013
group_508		Ribosomal RNA large subunit methyltransferase I	50	1.0000	core	core	no	no	1	bin_5_63_01510
group_507		TIGR00375 family protein	50	1.0000	core	core	no	no	1	bin_5_63_01694
group_505		Acetate kinase	50	1.0000	core	core	no	no	1	bin_5_63_01398
minJ	minJ	Cell division topological determinant MinJ	50	1.0000	core	core	no	no	1	bin_5_63_00760
camS	camS	CamS family sex pheromone protein	50	1.0000	core	core	no	no	1	bin_5_63_00147
group_499		glycine C-acetyltransferase	50	1.0000	core	core	no	no	1	bin_5_63_00346
nagA	nagA	N-acetylglucosamine-6-phosphate deacetylase	50	1.0000	core	core	no	no	1	bin_5_63_00405
yqfD	yqfD	sporulation protein YqfD	50	1.0000	core	core	no	no	1	bin_5_63_02386
group_491		Multidrug resistance protein 2	50	1.0000	core	core	no	no	1	bin_5_63_00694
yknZ	yknZ	Putative ABC transporter permease YknZ	50	1.0000	core	core	no	no	1	bin_5_63_02396
mtnK	mtnK	S-methyl-5-thioribose kinase	50	1.0000	core	core	no	no	1	bin_5_63_00188
group_487	cls	cardiolipin synthase	50	1.0000	core	core	no	no	1	bin_5_63_01622
group_481		G5 domain-containing protein	50	1.0000	core	core	no	no	1	bin_5_63_02766
metK	metK	methionine adenosyltransferase	50	1.0000	core	core	no	no	1	bin_5_63_00254
group_480		CCA tRNA nucleotidyltransferase	50	1.0000	core	core	no	no	1	bin_5_63_01090
group_479		Succinyl-CoA--L-malate CoA-transferase beta subunit	50	1.0000	core	core	no	no	1	bin_5_63_00607
group_474		Ammonium transporter	50	1.0000	core	core	no	no	1	bin_5_63_02170
gbsB	gbsB	Choline dehydrogenase	50	1.0000	core	core	no	no	1	bin_5_63_00990
group_473		Stage II sporulation protein P	50	1.0000	core	core	no	no	1	bin_5_63_02368
group_471		NADH dehydrogenase-like protein	50	1.0000	core	core	no	no	1	bin_5_63_00632
argG	argG	argininosuccinate synthase	50	1.0000	core	core	no	no	1	bin_5_63_01396
dapG	dapG	aspartate kinase	50	1.0000	core	core	no	no	1	bin_5_63_00321
group_468		Divalent metal cation transporter	50	1.0000	core	core	no	no	1	bin_5_63_02497
ykuI	ykuI	YkuI C-terminal domain-containing protein	50	1.0000	core	core	no	no	1	bin_5_63_02425
group_463		Aminotransferase V	50	1.0000	core	core	no	no	1	bin_5_63_00693
cdgJ	cdgJ	Cyclic di-GMP phosphodiesterase CdgJ	50	1.0000	core	core	no	no	1	bin_5_63_00659
group_458	pucR	PucR family transcriptional regulator	50	1.0000	core	core	no	no	1	bin_5_63_00641
group_457		Bacillibactin exporter	50	1.0000	core	core	no	no	1	bin_5_63_00328
pepT	pepT	peptidase T	50	1.0000	core	core	no	no	1	bin_5_63_00232
ytsJ	ytsJ	Bifunctional malic/malolactic enzyme	50	1.0000	core	core	no	no	1	bin_5_63_01383
group_451		DNA polymerase IV	50	1.0000	core	core	no	no	1	bin_5_63_00494
group_450		Aminopeptidase	50	1.0000	core	core	no	no	1	bin_5_63_02403
group_438		Inositol 2-dehydrogenase/D-chiro-inositol 3-dehydrogenase	50	1.0000	core	core	no	no	1	bin_5_63_01167
glyA	glyA	Serine hydroxymethyltransferase	50	1.0000	core	core	no	no	1	bin_5_63_01249
group_437		glutamate-5-semialdehyde dehydrogenase	50	1.0000	core	core	no	no	1	bin_5_63_02536
group_435		DUF1343 domain-containing protein	50	1.0000	core	core	no	no	1	bin_5_63_00037
cinA	cinA	competence/damage-inducible protein A	50	1.0000	core	core	no	no	1	bin_5_63_00339
gltP	gltP	glutamate-aspartate/proton symporter GltP	50	1.0000	core	core	no	no	1	bin_5_63_00719
group_425		DNA polymerase IV	50	1.0000	core	core	no	no	1	bin_5_63_02634
odhB	odhB	2-oxoglutarate dehydrogenase complex dihydrolipoyllysine-residue succinyltransferase	50	1.0000	core	core	no	no	1	bin_5_63_00434
nprA	nprA	Transcriptional activator NprA	50	1.0000	core	core	no	no	1	bin_5_63_02067
group_421		Response regulator aspartate phosphatase A	50	1.0000	core	core	no	no	1	bin_5_63_00501
rseP	rseP	RIP metalloprotease RseP	50	1.0000	core	core	no	no	1	bin_5_63_02127
group_415		peptidase	50	1.0000	core	core	no	no	1	bin_5_63_00136
ydcP	ydcP	Putative protease YdcP	50	1.0000	core	core	no	no	1	bin_5_63_00913
group_414		glutamate-5-semialdehyde dehydrogenase	50	1.0000	core	core	no	no	1	bin_5_63_02573
icd	icd	NADP-dependent isocitrate dehydrogenase	50	1.0000	core	core	no	no	1	bin_5_63_01374
group_412		Beta-barrel assembly-enhancing protease	50	1.0000	core	core	no	no	1	bin_5_63_01076
tig	tig	trigger factor	50	1.0000	core	core	no	no	1	bin_5_63_01889
hisS	hisS	histidine--tRNA ligase	50	1.0000	core	core	no	no	1	bin_5_63_00884
group_406		Putative transporter	50	1.0000	core	core	no	no	1	bin_5_63_02429
yfmF	yfmF	EF-P 5-aminopentanol modification-associated protein YfmF	50	1.0000	core	core	no	no	1	bin_5_63_00330
tyrS	tyrS	tyrosine--tRNA ligase	50	1.0000	core	core	no	no	1	bin_5_63_02607
obgE	obgE	GTPase ObgE	50	1.0000	core	core	no	no	1	bin_5_63_01857
aroA	aroA	3-phosphoshikimate 1-carboxyvinyltransferase	50	1.0000	core	core	no	no	1	bin_5_63_01075
pyrC	pyrC	dihydroorotase	50	1.0000	core	core	no	no	1	bin_5_63_02522
group_398		UDP-N-acetylglucosamine 1-carboxyvinyltransferase	50	1.0000	core	core	no	no	1	bin_5_63_01636
group_392		HlyC/CorC family transporter	50	1.0000	core	core	no	no	1	bin_5_63_02724
hemL	hemL	glutamate-1-semialdehyde 21-aminomutase	50	1.0000	core	core	no	no	1	bin_5_63_01878
group_391		PIN domain-containing protein	50	1.0000	core	core	no	no	1	bin_5_63_01964
group_390		homocysteine synthase	50	1.0000	core	core	no	no	1	bin_5_63_00771
asnS	asnS	asparagine--tRNA ligase	50	1.0000	core	core	no	no	1	bin_5_63_01098
group_387		Heme-based dioxygen sensor	50	1.0000	core	core	no	no	1	bin_5_63_01746
purB	purB	adenylosuccinate lyase	50	1.0000	core	core	no	no	1	bin_5_63_00120
pbuO	pbuO	Guanine/hypoxanthine permease PbuO	50	1.0000	core	core	no	no	1	bin_5_63_00029
murC	murC	UDP-N-acetylmuramate--L-alanine ligase	50	1.0000	core	core	no	no	1	bin_5_63_00009
group_383		Arsenical pump membrane protein	50	1.0000	core	core	no	no	1	bin_5_63_00590
group_377		pyrimidine-nucleoside phosphorylase	50	1.0000	core	core	no	no	1	bin_5_63_01014
group_376		HD domain-containing protein	50	1.0000	core	core	no	no	1	bin_5_63_01594
group_375		Homoserine dehydrogenase	50	1.0000	core	core	no	no	1	bin_5_63_00712
group_370		Putative purine/pyrimidine permease	50	1.0000	core	core	no	no	1	bin_5_63_01553
der	der	ribosome biogenesis GTPase Der	50	1.0000	core	core	no	no	1	bin_5_63_01051
group_368		D-galactonate transporter	50	1.0000	core	core	no	no	1	bin_5_63_00606
essB	essB	type VII secretion protein EssB	50	1.0000	core	core	no	no	1	bin_5_63_00644
group_365		ATP-dependent Clp protease proteolytic subunit	50	1.0000	core	core	no	no	1	bin_5_63_02382
fliI	fliI	flagellar protein export ATPase FliI	50	1.0000	core	core	no	no	1	bin_5_63_02160
group_363		Spore membrane protein involved in germination	50	1.0000	core	core	no	no	1	bin_5_63_02455
group_357		UDP-glucose 6-dehydrogenase	50	1.0000	core	core	no	no	1	bin_5_63_02193
cshB	cshB	DEAD-box ATP-dependent RNA helicase CshB	50	1.0000	core	core	no	no	1	bin_5_63_02587
group_356		Xanthine permease	50	1.0000	core	core	no	no	1	bin_5_63_01941
group_354		CBS domain-containing protein	50	1.0000	core	core	no	no	1	bin_5_63_01391
ftsA	ftsA	cell division protein FtsA	50	1.0000	core	core	no	no	1	bin_5_63_01174
gabT	gabT	4-aminobutyrate--2-oxoglutarate transaminase	50	1.0000	core	core	no	no	1	bin_5_63_01226
group_350		Serine/threonine protein kinase	50	1.0000	core	core	no	no	1	bin_5_63_01705
group_345	licH	6-phospho-beta-glucosidase LicH	50	1.0000	core	core	no	no	1	bin_5_63_00169
group_344		histidine kinase	50	1.0000	core	core	no	no	1	bin_5_63_00864
group_340		GABA permease	50	1.0000	core	core	no	no	1	bin_5_63_02685
xylA	xylA	xylose isomerase	50	1.0000	core	core	no	no	1	bin_5_63_02566
licH	licH	6-phospho-beta-glucosidase LicH	50	1.0000	core	core	no	no	1	bin_5_63_01490
group_332		Diaminobutyrate--2-oxoglutarate transaminase	50	1.0000	core	core	no	no	1	bin_5_63_01441
group_329		L-lysine N6-monooxygenase	50	1.0000	core	core	no	no	1	bin_5_63_01445
mtaB	mtaB	tRNA (N(6)-L-threonylcarbamoyladenosine(37)-C(2))-methylthiotransferase MtaB	50	1.0000	core	core	no	no	1	bin_5_63_02378
group_323		C4-dicarboxylate ABC transporter	50	1.0000	core	core	no	no	1	bin_5_63_00605
group_320		Phosphotransferase system (PTS) N-acetylglucosamine-specific enzyme IICB component	50	1.0000	core	core	no	no	1	bin_5_63_01195
group_319		UDP-N-acetylmuramoyl-tripeptide--D-alanyl-D-alanine ligase	50	1.0000	core	core	no	no	1	bin_5_63_00541
norM	norM	putative multidrug resistance protein NorM	50	1.0000	core	core	no	no	1	bin_5_63_00442
gdhA	gdhA	NADP-specific glutamate dehydrogenase	50	1.0000	core	core	no	no	1	bin_5_63_01482
argH	argH	argininosuccinate lyase	50	1.0000	core	core	no	no	1	bin_5_63_01395
group_316		PTS galactitol transporter subunit IIC	50	1.0000	core	core	no	no	1	bin_5_63_01717
yeeO	yeeO	Putative FMN/FAD exporter YeeO	50	1.0000	core	core	no	no	1	bin_5_63_01436
group_312		aspartate kinase	50	1.0000	core	core	no	no	1	bin_5_63_01220
group_310		Copper amine oxidase	50	1.0000	core	core	no	no	1	bin_5_63_01484
hemA	hemA	glutamyl-tRNA reductase	50	1.0000	core	core	no	no	1	bin_5_63_01883
group_309	lpdA	dihydrolipoyl dehydrogenase	50	1.0000	core	core	no	no	1	bin_5_63_01710
group_307		Carboxy-terminal processing protease (Prc-like protein tail specific protease) involved in DNA damage recovery	50	1.0000	core	core	no	no	1	bin_5_63_00453
group_305		Amino acid permease	50	1.0000	core	core	no	no	1	bin_5_63_01227
cwlO	cwlO	Peptidoglycan DL-endopeptidase CwlO	50	1.0000	core	core	no	no	1	bin_5_63_01276
group_302		Exo-poly-alpha-D-galacturonosidase	50	1.0000	core	core	no	no	1	bin_5_63_01127
group_301		Aldehyde dehydrogenase	50	1.0000	core	core	no	no	1	bin_5_63_01228
pepV	pepV	dipeptidase PepV	50	1.0000	core	core	no	no	1	bin_5_63_00028
ablA	ablA	lysine 23-aminomutase	50	1.0000	core	core	no	no	1	bin_5_63_00464
gndA	gndA	NADP-dependent phosphogluconate dehydrogenase	50	1.0000	core	core	no	no	1	bin_5_63_02633
glcD	glcD	glycolate oxidase subunit GlcD	50	1.0000	core	core	no	no	1	bin_5_63_01815
group_291		Spore coat protein	50	1.0000	core	core	no	no	1	bin_5_63_01559
group_288		Cytochrome bd ubiquinol oxidase subunit 1	50	1.0000	core	core	no	no	1	bin_5_63_00196
leuC	leuC	3-isopropylmalate dehydratase large subunit	50	1.0000	core	core	no	no	1	bin_5_63_01892
group_287		Stage V sporulation protein R	50	1.0000	core	core	no	no	1	bin_5_63_01233
group_283		Aryl-phospho-beta-d-glucosidase	50	1.0000	core	core	no	no	1	bin_5_63_01034
group_281	aspA	aspartate ammonia-lyase	50	1.0000	core	core	no	no	1	bin_5_63_00224
rocC	rocC	Amino-acid permease RocC	50	1.0000	core	core	no	no	1	bin_5_63_01331
bglC	bglC	Aryl-phospho-beta-D-glucosidase BglC	50	1.0000	core	core	no	no	1	bin_5_63_00666
lpdA	lpdA	dihydrolipoyl dehydrogenase	50	1.0000	core	core	no	no	1	bin_5_63_02652
lutB	lutB	LutB/LldF family L-lactate oxidation iron-sulfur protein	50	1.0000	core	core	no	no	1	bin_5_63_01767
group_279		Transcriptional regulator (GntR/MocR family) with PLP binding site (GabR-GABA-PLP aldimine)	50	1.0000	core	core	no	no	1	bin_5_63_01225
group_276		Right handed beta helix domain-containing protein	50	1.0000	core	core	no	no	1	bin_5_63_01494
purF	purF	amidophosphoribosyltransferase	50	1.0000	core	core	no	no	1	bin_5_63_00125
group_274		Helicase loading protein replication initiation membrane attachment protein	50	1.0000	core	core	no	no	1	bin_5_63_01362
emrY	emrY	Putative multidrug resistance protein EmrY	50	1.0000	core	core	no	no	1	bin_5_63_01221
group_271		bifunctional 2-methylcitrate dehydratase/aconitate hydratase	50	1.0000	core	core	no	no	1	bin_5_63_00418
group_270		Flavonoid efflux transporter drug-export protein	50	1.0000	core	core	no	no	1	bin_5_63_00510
group_263		Peptidase S41	50	1.0000	core	core	no	no	1	bin_5_63_00762
gatA	gatA	Asp-tRNA(Asn)/Glu-tRNA(Gln) amidotransferase subunit GatA	50	1.0000	core	core	no	no	1	bin_5_63_00152
group_256		Transcriptional regulator	50	1.0000	core	core	no	no	1	bin_5_63_01275
group_250		ABC transporter permease	50	1.0000	core	core	no	no	1	bin_5_63_00780
group_249		nicotinate phosphoribosyltransferase	50	1.0000	core	core	no	no	1	bin_5_63_00658
group_248		Spore germination protein XA	50	1.0000	core	core	no	no	1	bin_5_63_01674
group_246		44'-diapolycopen-4-al dehydrogenase	50	1.0000	core	core	no	no	1	bin_5_63_01434
group_245		Catalase	50	1.0000	core	core	no	no	1	bin_5_63_01236
spoIVA	spoIVA	stage IV sporulation protein A	50	1.0000	core	core	no	no	1	bin_5_63_01055
group_241		44'-diaponeurosporene oxygenase	50	1.0000	core	core	no	no	1	bin_5_63_00250
group_239		Aldehyde dehydrogenase	50	1.0000	core	core	no	no	1	bin_5_63_00430
group_238		Glutamate synthase [NADPH] small chain	50	1.0000	core	core	no	no	1	bin_5_63_02290
pepA	pepA	leucyl aminopeptidase	50	1.0000	core	core	no	no	1	bin_5_63_00637
group_232		PH domain-containing protein	50	1.0000	core	core	no	no	1	bin_5_63_00536
group_230		L-24-diaminobutyrate decarboxylase	50	1.0000	core	core	no	no	1	bin_5_63_01442
glpK	glpK	glycerol kinase GlpK	50	1.0000	core	core	no	no	1	bin_5_63_00816
cshA	cshA	DEAD-box ATP-dependent RNA helicase CshA	50	1.0000	core	core	no	no	1	bin_5_63_00538
lipO	lipO	Lipoprotein LipO	50	1.0000	core	core	no	no	1	bin_5_63_00277
cls	cls	cardiolipin synthase	50	1.0000	core	core	no	no	1	bin_5_63_01617
atpA	atpA	F0F1 ATP synthase subunit alpha	50	1.0000	core	core	no	no	1	bin_5_63_01242
group_222		ATP-dependent DNA helicase	50	1.0000	core	core	no	no	1	50_refound_1447
group_218		All-trans-zeta-carotene desaturase	50	1.0000	core	core	no	no	1	bin_5_63_01433
flgK	flgK	flagellar hook-associated protein FlgK	50	1.0000	core	core	no	no	1	bin_5_63_02275
miaB	miaB	tRNA (N6-isopentenyl adenosine(37)-C2)-methylthiotransferase MiaB	50	1.0000	core	core	no	no	1	bin_5_63_00348
gpmI	gpmI	23-bisphosphoglycerate-independent phosphoglycerate mutase	50	1.0000	core	core	no	no	1	bin_5_63_01336
group_211		Acetate Na+-dependent symporter subunit involved in volatile signal for biofilm formation	50	1.0000	core	core	no	no	1	bin_5_63_01519
yhcX	yhcX	putative hydrolase YhcX	50	1.0000	core	core	no	no	1	bin_5_63_00808
purH	purH	bifunctional phosphoribosylaminoimidazolecarboxamide formyltransferase/IMP cyclohydrolase	50	1.0000	core	core	no	no	1	bin_5_63_00128
floT	floT	Flotillin-like protein FloT	50	1.0000	core	core	no	no	1	bin_5_63_00993
leuA	leuA	2-isopropylmalate synthase	50	1.0000	core	core	no	no	1	bin_5_63_01894
rny	rny	ribonuclease Y	50	1.0000	core	core	no	no	1	bin_5_63_00341
spoVB	spoVB	stage V sporulation protein B	50	1.0000	core	core	no	no	1	bin_5_63_01833
pckA	pckA	phosphoenolpyruvate carboxykinase (ATP)	50	1.0000	core	core	no	no	1	bin_5_63_00253
group_198		Periplasmic dipeptide transport protein	50	1.0000	core	core	no	no	1	bin_5_63_02095
pyrG	pyrG	glutamine hydrolyzing CTP synthase	50	1.0000	core	core	no	no	1	bin_5_63_01631
group_194		SWIM-type domain-containing protein	50	1.0000	core	core	no	no	1	bin_5_63_02191
group_191		ABC transporter ATP-binding protein	50	1.0000	core	core	no	no	1	bin_5_63_02402
group_190		Dipeptide ABC transporter (Dipeptide-binding lipoprotein)	50	1.0000	core	core	no	no	1	bin_5_63_01697
group_182		L-24-diaminobutyrate decarboxylase	50	1.0000	core	core	no	no	1	bin_5_63_01190
lonB	lonB	ATP-dependent protease LonB	50	1.0000	core	core	no	no	1	bin_5_63_01887
group_181		Ribonuclease J	50	1.0000	core	core	no	no	1	bin_5_63_00323
rnjA	rnjA	ribonuclease J1	50	1.0000	core	core	no	no	1	bin_5_63_02411
argS	argS	arginine--tRNA ligase	50	1.0000	core	core	no	no	1	bin_5_63_01615
ilvD	ilvD	dihydroxy-acid dehydratase	50	1.0000	core	core	no	no	1	bin_5_63_01917
fhs	fhs	formate--tetrahydrofolate ligase	50	1.0000	core	core	no	no	1	bin_5_63_01921
group_171		Putative NAD-dependent malic enzyme 2	50	1.0000	core	core	no	no	1	bin_5_63_00018
proS	proS	proline--tRNA ligase	50	1.0000	core	core	no	no	1	bin_5_63_02126
yoaH	yoaH	Methyl-accepting chemotaxis protein YoaH	50	1.0000	core	core	no	no	1	bin_5_63_00582
group_170		NAD-dependent malic enzyme (Conversion of malate into pyruvate)	50	1.0000	core	core	no	no	1	bin_5_63_01641
alsS	alsS	acetolactate synthase AlsS	50	1.0000	core	core	no	no	1	bin_5_63_02198
treC	treC	alphaalpha-phosphotrehalase	50	1.0000	core	core	no	no	1	bin_5_63_01186
polX	polX	DNA polymerase/3'-5' exonuclease PolX	50	1.0000	core	core	no	no	1	bin_5_63_01339
group_166		Putative ABC lipid transporter (ATP-binding protein)	50	1.0000	core	core	no	no	1	bin_5_63_01618
group_165		Putative ABC lipid transporter (ATP-binding protein)	50	1.0000	core	core	no	no	1	bin_5_63_02055
group_164		Phosphoenolpyruvate-protein phosphotransferase	50	1.0000	core	core	no	no	1	bin_5_63_02447
ilvB	ilvB	acetolactate synthase large subunit	50	1.0000	core	core	no	no	1	bin_5_63_01897
group_160		Multidrug ABC transporter ATP-binding protein	50	1.0000	core	core	no	no	1	bin_5_63_02577
ade	ade	adenine deaminase	50	1.0000	core	core	no	no	1	bin_5_63_02410
cydD	cydD	thiol reductant ABC exporter subunit CydD	50	1.0000	core	core	no	no	1	bin_5_63_00194
group_159		serine-type D-Ala-D-Ala carboxypeptidase	50	1.0000	core	core	no	no	1	bin_5_63_00916
group_158		Multidrug export ATP-binding/permease protein	50	1.0000	core	core	no	no	1	bin_5_63_02092
ggt	ggt	gamma-glutamyltransferase	50	1.0000	core	core	no	no	1	bin_5_63_01723
yheI	yheI	Putative multidrug resistance ABC transporter ATP-binding/permease protein YheI	50	1.0000	core	core	no	no	1	bin_5_63_02320
thiC	thiC	phosphomethylpyrimidine synthase ThiC	50	1.0000	core	core	no	no	1	bin_5_63_01846
group_149		Acetolactate synthase large subunit	50	1.0000	core	core	no	no	1	bin_5_63_00609
aspS	aspS	aspartate--tRNA ligase	50	1.0000	core	core	no	no	1	bin_5_63_00885
group_138		Oligoendopeptidase F plasmid	50	1.0000	core	core	no	no	1	bin_5_63_00770
group_132		Aerobactin synthase	50	1.0000	core	core	no	no	1	bin_5_63_01446
group_129		DNA primase	50	1.0000	core	core	no	no	1	bin_5_63_02594
lepA	lepA	translation elongation factor 4	50	1.0000	core	core	no	no	1	bin_5_63_02370
dnaK	dnaK	molecular chaperone DnaK	50	1.0000	core	core	no	no	1	bin_5_63_02374
group_123		Sulfatase N-terminal domain-containing protein	50	1.0000	core	core	no	no	1	bin_5_63_01112
eglA	eglA	Endoglucanase A	50	1.0000	core	core	no	no	1	bin_5_63_02124
group_121		PTS beta-glucoside transporter subunit IIABC	50	1.0000	core	core	no	no	1	bin_5_63_00665
ctaD	ctaD	cytochrome c oxidase subunit I	50	1.0000	core	core	no	no	1	bin_5_63_01974
group_110		Serine protein kinase	50	1.0000	core	core	no	no	1	bin_5_63_00789
asnB	asnB	asparagine synthase (glutamine-hydrolyzing)	50	1.0000	core	core	no	no	1	bin_5_63_00255
group_108		Phosphotransferase system (PTS) fructose-specific enzyme IIABC component	50	1.0000	core	core	no	no	1	bin_5_63_02399
abcf	abc-f	ribosomal protection-like ABC-F family protein	50	1.0000	core	core	no	no	1	bin_5_63_02113
thrS	thrS	threonine--tRNA ligase	50	1.0000	core	core	no	no	1	bin_5_63_01358
qoxB	qoxB	cytochrome aa3 quinol oxidase subunit I	50	1.0000	core	core	no	no	1	bin_5_63_01532
group_99		Chemotaxis protein	50	1.0000	core	core	no	no	1	bin_5_63_02444
group_96		Lipoteichoic acid synthase enzyme responsible for polyglycerolphosphate LTA synthesis	50	1.0000	core	core	no	no	1	bin_5_63_01191
group_95		Acetophenone carboxylase delta subunit	50	1.0000	core	core	no	no	1	bin_5_63_00579
mcpB	mcpB	Methyl-accepting chemotaxis protein McpB	50	1.0000	core	core	no	no	1	bin_5_63_02719
metG	metG	methionine--tRNA ligase	50	1.0000	core	core	no	no	1	bin_5_63_02768
yheH	yheH	Putative multidrug resistance ABC transporter ATP-binding/permease protein YheH	50	1.0000	core	core	no	no	1	bin_5_63_02319
cheA	cheA	Chemotaxis protein CheA	50	1.0000	core	core	no	no	1	bin_5_63_02140
flhA	flhA	flagellar biosynthesis protein FlhA	50	1.0000	core	core	no	no	1	bin_5_63_02144
dmsA	dmsA	Dimethyl sulfoxide reductase DmsA	50	1.0000	core	core	no	no	1	bin_5_63_02569
group_85		Glycine--tRNA ligase beta subunit	50	1.0000	core	core	no	no	1	bin_5_63_02598
group_83		Acetophenone carboxylase gamma subunit	50	1.0000	core	core	no	no	1	bin_5_63_00580
group_82		Transcriptional regulator	50	1.0000	core	core	no	no	1	bin_5_63_02656
group_81		PTS sugar transporter subunit IIA	50	1.0000	core	core	no	no	1	bin_5_63_02489
group_80		4Fe-4S ferredoxin-type domain-containing protein	50	1.0000	core	core	no	no	1	bin_5_63_01623
infB	infB	translation initiation factor IF-2	50	1.0000	core	core	no	no	1	bin_5_63_02338
pnp	pnp	polyribonucleotide nucleotidyltransferase	50	1.0000	core	core	no	no	1	bin_5_63_02332
group_78		serine-type D-Ala-D-Ala carboxypeptidase	50	1.0000	core	core	no	no	1	bin_5_63_02440
group_69		HD domain-containing protein	50	1.0000	core	core	no	no	1	bin_5_63_02388
relA	relA	GTP pyrophosphokinase	50	1.0000	core	core	no	no	1	bin_5_63_00880
pcrA	pcrA	DNA helicase PcrA	50	1.0000	core	core	no	no	1	bin_5_63_00145
secDF	secDF	protein translocase subunit SecDF	50	1.0000	core	core	no	no	1	bin_5_63_01831
purL	purL	phosphoribosylformylglycinamidine synthase subunit PurL	50	1.0000	core	core	no	no	1	bin_5_63_00124
crhR	crhR	RNA helicase CrhR	50	1.0000	core	core	no	no	1	bin_5_63_01953
prtV	prtV	Pre-pro-metalloprotease PrtV	50	1.0000	core	core	no	no	1	bin_5_63_01019
recD2	recD2	ATP-dependent RecD2 DNA helicase	50	1.0000	core	core	no	no	1	bin_5_63_00893
leuS	leuS	leucine--tRNA ligase	50	1.0000	core	core	no	no	1	bin_5_63_00273
pheT	pheT	phenylalanine--tRNA ligase subunit beta	50	1.0000	core	core	no	no	1	bin_5_63_01343
group_56		Minor extracellular protease vpr	50	1.0000	core	core	no	no	1	bin_5_63_01540
group_51		DNA translocase SpoIIIE	50	1.0000	core	core	no	no	1	bin_5_63_00326
secA	secA	preprotein translocase subunit SecA	50	1.0000	core	core	no	no	1	bin_5_63_02287
mprF	mprF	bifunctional lysylphosphatidylglycerol flippase/synthetase MprF	50	1.0000	core	core	no	no	1	bin_5_63_02064
alaS	alaS	alanine--tRNA ligase	50	1.0000	core	core	no	no	1	bin_5_63_00902
ileS	ileS	isoleucine--tRNA ligase	50	1.0000	core	core	no	no	1	bin_5_63_01155
uvrA	uvrA	excinuclease ABC subunit UvrA	50	1.0000	core	core	no	no	1	bin_5_63_00617
carB	carB	carbamoyl-phosphate synthase large subunit	50	1.0000	core	core	no	no	1	bin_5_63_02520
dnaE	dnaE	DNA polymerase III subunit alpha	50	1.0000	core	core	no	no	1	bin_5_63_01384
metH	metH	methionine synthase	50	1.0000	core	core	no	no	1	bin_5_63_01449
pyc	pyc	pyruvate carboxylase	50	1.0000	core	core	no	no	1	bin_5_63_01969
addA	addA	helicase-exonuclease AddAB subunit AddA	50	1.0000	core	core	no	no	1	bin_5_63_01416
essC	essC	type VII secretion protein EssC	50	1.0000	core	core	no	no	1	bin_5_63_00645
group_4826		ABC transporter permease	50	1.0000	core	core	no	no	0	
group_4823	yxlF	Putative ABC transporter ATP-binding protein YxlF	50	1.0000	core	core	no	no	0	
group_4778		Cardiolipin synthase N-terminal domain-containing protein	50	1.0000	core	core	no	no	0	
group_4750		ABC transporter permease;Transport permease protein	49	0.9800	core	core	no	no	1	bin_5_63_02243
iolA	;iolA	Malonate-semialdehyde dehydrogenase	50	1.0000	core	core	no	no	0	
group_4727		DUF4181 domain-containing protein;hypothetical protein;DUF2178 domain-containing protein	49	0.9800	core	core	no	no	1	bin_5_63_02038
group_4613		DUF418 domain-containing protein	49	0.9800	core	core	no	no	1	bin_5_63_00681
group_4608		DUF4179 domain-containing protein	49	0.9800	core	core	no	no	1	bin_5_63_00109
group_4557		DUF2535 domain-containing protein	50	1.0000	core	core	no	no	0	
group_4548		Stress protein	50	1.0000	core	core	no	no	0	
group_4536		histidine kinase	49	0.9800	core	core	no	no	1	bin_5_63_00552
ompR	ompR	Two-component system OmpR family response regulator	49	0.9800	core	core	no	no	1	bin_5_63_00682
group_4530		Integral inner membrane protein;Yip1 domain-containing protein	49	0.9800	core	core	no	no	1	bin_5_63_00115
besA	besA;	Ferri-bacillibactin esterase BesA;alpha/beta hydrolase-fold protein;alpha/beta hydrolase	50	1.0000	core	core	no	no	0	
group_4525	;ydaF	Alanine acetyltransferase;GNAT family protein;GNAT family N-acetyltransferase;Ribosomal N-acetyltransferase YdaF	49	0.9800	core	core	no	no	1	bin_5_63_00105
group_4517		hypothetical protein;Lipase (Class 3);Lipase;lipase family protein	50	1.0000	core	core	no	no	0	
group_4500		Threonine synthase	50	1.0000	core	core	no	no	0	
folP	folP;	dihydropteroate synthase	50	1.0000	core	core	no	no	0	
group_4492		DUF2651 domain-containing protein	49	0.9800	core	core	no	no	1	bin_5_63_02508
group_4491		XRE family transcriptional regulator	50	1.0000	core	core	no	no	0	
folB	folB	dihydroneopterin aldolase	50	1.0000	core	core	no	no	0	
degV	degV	DegV domain-containing protein	50	1.0000	core	core	no	no	0	
group_4479	yozE	YozE SAM-like domain-containing protein	50	1.0000	core	core	no	no	0	
group_4474	lysE	Lysine transporter LysE	49	0.9800	core	core	no	no	1	bin_5_63_00727
group_4465		hypothetical protein;exosporium glycoprotein BclB-related protein;Exosporium glycoprotein BclB-related protein;Collagen-like repeat preface domain-containing protein;collagen-like repeat preface domain-containing protein	50	1.0000	core	core	no	no	0	
group_4456		Spore coat protein D	50	1.0000	core	core	no	no	0	
yoyB	yoyB	Uncharacterized protein YoyB	50	1.0000	core	core	no	no	0	
group_4437		Delta-aminolevulinic acid dehydratase	50	1.0000	core	core	no	no	0	
group_4433	comG	Competence protein ComG	50	1.0000	core	core	no	no	0	
comGF	comGF	competence type IV pilus minor pilin ComGF	50	1.0000	core	core	no	no	0	
comGD	comGD	competence type IV pilus minor pilin ComGD	50	1.0000	core	core	no	no	0	
group_4416		DUF1508 domain-containing protein	49	0.9800	core	core	no	no	1	bin_5_63_02431
group_4411		Tryptophan-rich sensory protein	50	1.0000	core	core	no	no	0	
group_4403		Peroxiredoxin	50	1.0000	core	core	no	no	0	
mazG	;mazG	SAM-dependent methyltransferase;nucleoside triphosphate pyrophosphohydrolase;NTP pyrophosphohydrolase MazG-like domain-containing protein	49	0.9800	core	core	no	no	1	bin_5_63_02748
group_4401		GNAT family acetyltransferase	49	0.9800	core	core	no	no	1	bin_5_63_00726
group_4400		Rhodanese domain-containing protein	50	1.0000	core	core	no	no	0	
group_4391		DUF1189 domain-containing protein	50	1.0000	core	core	no	no	0	
group_4385		Asp/Glu/hydantoin racemase;hypothetical protein	50	1.0000	core	core	no	no	0	
group_4383		DUF3592 domain-containing protein	49	0.9800	core	core	no	no	1	bin_5_63_02483
group_4379		Glycine/betaine ABC transporter;Glycine betaine-binding protein OpuAC	50	1.0000	core	core	no	no	0	
group_4370		Phosphotransferase enzyme family protein	50	1.0000	core	core	no	no	0	
group_4367		enoyl-CoA hydratase;hypothetical protein	50	1.0000	core	core	no	no	0	
group_4366		Arginine/ornithine/gamma-aminobutyrate permease	49	0.9800	core	core	no	no	1	bin_5_63_01204
group_4365		DUF523 domain-containing protein;hypothetical protein;2-thiouracil desulfurase family protein	50	1.0000	core	core	no	no	0	
phzF	phzF;	PhzF family phenazine biosynthesis protein;hypothetical protein	50	1.0000	core	core	no	no	0	
yndE	yndE;	Spore germination protein YndE;GerAB/ArcD/ProY family transporter	49	0.9800	core	core	no	no	1	bin_5_63_02208
group_4337		Histidine kinase	49	0.9800	core	core	no	no	1	bin_5_63_02710
group_4334	crcB	fluoride efflux transporter CrcB	50	1.0000	core	core	no	no	0	
opuAB	;opuAB	Glycine/betaine ABC transporter;glycine/proline betaine ABC transporter permease subunit OpuAB	50	1.0000	core	core	no	no	0	
group_4329		DUF418 domain-containing protein;Membrane protein	50	1.0000	core	core	no	no	0	
drrA	drrA	Daunorubicin/doxorubicin resistance ATP-binding protein DrrA	50	1.0000	core	core	no	no	0	
group_4322		DUF1700 domain-containing protein	49	0.9800	core	core	no	no	1	bin_5_63_02687
group_4318		Esterase	50	1.0000	core	core	no	no	0	
group_4311		alpha/beta hydrolase;Acetyl esterase/lipase	49	0.9800	core	core	no	no	1	bin_5_63_00685
group_4310		DUF2292 domain-containing protein	49	0.9800	core	core	no	no	1	bin_5_63_00114
pbuG	pbuG	Guanine/hypoxanthine permease PbuG	49	0.9800	core	core	no	no	1	bin_5_63_00112
group_4304		Biofilm-forming protein	50	1.0000	core	core	no	no	0	
group_4302		Cell surface protein	50	1.0000	core	core	no	no	0	
spoIIIJ	spoIIIJ	YidC family membrane integrase SpoIIIJ	50	1.0000	core	core	no	no	0	
group_4277		LURP-one-related family protein	50	1.0000	core	core	no	no	0	
group_4272		hypothetical protein	50	1.0000	core	core	no	no	0	
group_4268		Beta-glucoside-specific phosphotransferase enzyme IIB component / Beta-glucoside permease IIC component / Beta-glucoside-specific phosphotransferase enzyme IIA component	50	1.0000	core	core	no	no	0	
group_4263		NAD(P)H-dependent oxidoreductase	50	1.0000	core	core	no	no	0	
group_4234		Spore coat protein;hypothetical protein;YheC/YheD family protein	50	1.0000	core	core	no	no	0	
group_4232		Thiamine-phosphate synthase	49	0.9800	core	core	no	no	1	bin_5_63_01515
group_4231		NodB-like y domain-containing protein	50	1.0000	core	core	no	no	0	
group_4226	tetR	TetR family transcriptional regulator	49	0.9800	core	core	no	no	1	bin_5_63_00734
group_4219		Putative exported protein	50	1.0000	core	core	no	no	0	
group_4215		alpha/beta fold hydrolase;AB hydrolase-1 domain-containing protein	50	1.0000	core	core	no	no	0	
group_4211		Putative long-chain fatty-acid-CoA ligase (Proofreading for biotin synthesis)	49	0.9800	core	core	no	no	1	bin_5_63_00907
group_4208		2-iminobutanoate/2-iminopropanoate deaminase;hypothetical protein	50	1.0000	core	core	no	no	0	
group_4203		glycosyltransferase family 2 protein;Bifunctional glycosyltransferase family 2 protein/class I SAM-dependent methyltransferase	49	0.9800	core	core	no	no	1	bin_5_63_02218
group_4196		Lipoprotein	49	0.9800	core	core	no	no	1	bin_5_63_00297
group_4195		NTP pyrophosphohydrolase MazG-like domain-containing protein;hypothetical protein	49	0.9800	core	core	no	no	1	bin_5_63_01288
group_4194	ribD	bifunctional diaminohydroxyphosphoribosylaminopyrimidine deaminase/5-amino-6-(5-phosphoribosylamino)uracil reductase RibD	50	1.0000	core	core	no	no	0	
yoaK	yoaK;	YoaK family protein;DUF1275 domain-containing protein	50	1.0000	core	core	no	no	0	
yrzI	yrzI	YrzI family small protein	49	0.9800	core	core	no	no	1	bin_5_63_00924
group_4189		hypothetical protein	50	1.0000	core	core	no	no	0	
group_4187		HTH cro/C1-type domain-containing protein	49	0.9800	core	core	no	no	1	bin_5_63_00996
group_4182		Bcr/CflA family efflux transporter	49	0.9800	core	core	no	no	1	bin_5_63_02689
group_4176		Histidine phosphatase family protein;histidine phosphatase family protein	50	1.0000	core	core	no	no	0	
group_4175		Membrane protein;DUF2178 domain-containing protein	50	1.0000	core	core	no	no	0	
group_4174		Multidrug ABC transporter permease;ABC-2 transporter permease	50	1.0000	core	core	no	no	0	
group_4172	copZ	copper chaperone CopZ	49	0.9800	core	core	no	no	1	bin_5_63_00294
ftsL	ftsL	cell division protein FtsL	49	0.9800	core	core	no	no	1	bin_5_63_02000
group_4167		YdhG-like domain-containing protein	50	1.0000	core	core	no	no	0	
ymaF	ymaF	YmaF family protein	50	1.0000	core	core	no	no	0	
group_4161		Enoyl-CoA hydratase	50	1.0000	core	core	no	no	0	
group_4157		Chaperone for salt stress response;SHSP domain-containing protein	50	1.0000	core	core	no	no	0	
folK	folK	2-amino-4-hydroxy-6-hydroxymethyldihydropteridine diphosphokinase	50	1.0000	core	core	no	no	0	
group_4156	lysR	DNA-binding transcriptional regulator LysR family	50	1.0000	core	core	no	no	0	
group_4153		DUF402 domain-containing protein	49	0.9800	core	core	no	no	1	bin_5_63_02692
group_4150		Cysteine ABC transporter ATP-binding protein	50	1.0000	core	core	no	no	0	
bofA	bofA	Pro-sigmaK processing inhibitor BofA	50	1.0000	core	core	no	no	0	
tipA	tipA	HTH-type transcriptional activator TipA	50	1.0000	core	core	no	no	0	
group_4145		Transcriptional regulator	50	1.0000	core	core	no	no	0	
group_4139		Citrate transporter-like domain-containing protein	50	1.0000	core	core	no	no	0	
group_4131		HAAS transmembrane region domain-containing protein	49	0.9800	core	core	no	no	1	bin_5_63_02545
group_4122		DUF2262 domain-containing protein	50	1.0000	core	core	no	no	0	
group_4114		HTH marR-type domain-containing protein	50	1.0000	core	core	no	no	0	
group_4077		DNA-binding protein	49	0.9800	core	core	no	no	1	bin_5_63_00508
group_4076		SDR family NAD(P)-dependent oxidoreductase;Oxidoreductase	49	0.9800	core	core	no	no	1	bin_5_63_00507
group_4071		alcohol dehydrogenase catalytic domain-containing protein;zinc-binding dehydrogenase;Aryl-alcohol dehydrogenase	50	1.0000	core	core	no	no	0	
group_4070	alr	alanine racemase	50	1.0000	core	core	no	no	0	
yciC	yciC	Metal chaperone YciC	50	1.0000	core	core	no	no	0	
group_4063		Major facilitator superfamily (MFS) profile domain-containing protein	50	1.0000	core	core	no	no	0	
group_4058		DUF1871 domain-containing protein	50	1.0000	core	core	no	no	0	
group_4053	osmC	OsmC family protein	50	1.0000	core	core	no	no	0	
group_4050		HTH marR-type domain-containing protein	50	1.0000	core	core	no	no	0	
fluC	fluC	Fluoride-specific ion channel FluC	50	1.0000	core	core	no	no	0	
group_4039	merR	Mercuric resistance operon regulatory protein MerR	50	1.0000	core	core	no	no	0	
kdpD	kdpD;	sensor histidine kinase KdpD;histidine kinase	50	1.0000	core	core	no	no	0	
group_4037		Spore germination protein A1	49	0.9800	core	core	no	no	1	bin_5_63_00869
group_4030		Spore germination protein B1	49	0.9800	core	core	no	no	1	bin_5_63_02209
opuD	;opuD	BCCT family transporter;Glycine betaine transporter OpuD	50	1.0000	core	core	no	no	0	
group_4025		Membrane endopeptidase	50	1.0000	core	core	no	no	0	
group_4023		Metallo-beta-lactamase domain-containing protein	50	1.0000	core	core	no	no	0	
group_4019		TIGR00730 family Rossman fold protein;hypothetical protein;Cytokinin riboside 5'-monophosphate phosphoribohydrolase	49	0.9800	core	core	no	no	1	bin_5_63_01289
refZ	refZ;	forespore capture DNA-binding protein RefZ;HTH tetR-type domain-containing protein	50	1.0000	core	core	no	no	0	
group_4014		DUF2334 domain-containing protein	49	0.9800	core	core	no	no	1	bin_5_63_02474
group_4003		Sulfatase N-terminal domain-containing protein	50	1.0000	core	core	no	no	0	
group_3992		YhzD-like protein;hypothetical protein	50	1.0000	core	core	no	no	0	
group_3987		condensation domain-containing protein;Non-ribosomal peptide synthetase	49	0.9800	core	core	no	no	1	bin_5_63_01259
yjcN	yjcN	YjcN	50	1.0000	core	core	no	no	0	
group_3973		5-formyltetrahydrofolate cyclo-ligase	50	1.0000	core	core	no	no	0	
group_3971	spxO	Transcriptional regulator of spxO	49	0.9800	core	core	no	no	1	bin_5_63_00866
group_3970		Kinase-associated lipoprotein B	50	1.0000	core	core	no	no	0	
group_3968		putative membrane transporter protein	50	1.0000	core	core	no	no	0	
group_3966		Integral inner membrane protein;Cytochrome d ubiquinol oxidase subunit II	49	0.9800	core	core	no	no	1	bin_5_63_00263
group_3962		Putative amino acid permease	50	1.0000	core	core	no	no	0	
group_3960		hypothetical protein;DUF5362 domain-containing protein	50	1.0000	core	core	no	no	0	
group_3943		hypothetical protein	50	1.0000	core	core	no	no	0	
group_3931		Adhesin	50	1.0000	core	core	no	no	0	
group_3929		Spore coat protein	49	0.9800	core	core	no	no	1	bin_5_63_00857
yabP	yabP	sporulation protein YabP	49	0.9800	core	core	no	no	1	bin_5_63_02746
group_3925		polyprenyl synthetase family protein;Farnesyl diphosphate synthase	49	0.9800	core	core	no	no	1	bin_5_63_02667
group_3920		Ascorbate-specific PTS system EIIA component;PTS N-acetylgalactosamine transporter subunit IID	50	1.0000	core	core	no	no	0	
group_3919		Glycosyltransferase	50	1.0000	core	core	no	no	0	
group_3909		RNA methyltransferase;N6-adenine-specific DNA methylase;M(7)G2069 methylase of 23S rRNA	49	0.9800	core	core	no	no	1	bin_5_63_01946
group_3906		non-reducing end alpha-L-arabinofuranosidase;Alpha-N-arabinofuranosidase	50	1.0000	core	core	no	no	0	
group_3903		Promiscuous acetyl xylan esterase-cephalosporin C deacetylase	49	0.9800	core	core	no	no	1	bin_5_63_00596
group_3902		6-phospho-beta-glucosidase	49	0.9800	core	core	no	no	1	bin_5_63_00215
ylaI	ylaI;	YlaI family protein;DUF2197 domain-containing protein	50	1.0000	core	core	no	no	0	
group_3901		GNAT family N-acetyltransferase;GNAT family acetyltransferase	50	1.0000	core	core	no	no	0	
group_3893		Thioredoxin	49	0.9800	core	core	no	no	1	bin_5_63_00847
group_3876		Major facilitator superfamily (MFS) profile domain-containing protein;hypothetical protein;MFS transporter;Hypoxanthine efflux transporter	50	1.0000	core	core	no	no	0	
group_3872	yqzE	YqzE family protein	50	1.0000	core	core	no	no	0	
group_3864		5'-3' exonuclease	49	0.9800	core	core	no	no	1	bin_5_63_01932
group_3861		Spore coat protein	50	1.0000	core	core	no	no	0	
group_3853		DUF4305 domain-containing protein	49	0.9800	core	core	no	no	1	bin_5_63_02484
group_3852		Crp/Fnr family transcriptional regulator;Cyclic nucleotide-binding domain-containing protein	49	0.9800	core	core	no	no	1	bin_5_63_01794
comGE	comGE	competence type IV pilus minor pilin ComGE	50	1.0000	core	core	no	no	0	
comGC	comGC	competence type IV pilus major pilin ComGC	50	1.0000	core	core	no	no	0	
group_3846		multidrug efflux SMR transporter;Small toxic metabolite efflux transporter subunit	50	1.0000	core	core	no	no	0	
group_3840		Membrane protein;Permease;DUF3098 domain-containing protein	50	1.0000	core	core	no	no	0	
group_3837		Stress protein	50	1.0000	core	core	no	no	0	
yqgO	;yqgO	hypothetical protein;YqgO	50	1.0000	core	core	no	no	0	
group_3830		Zinc finger DksA/TraR C4-type domain-containing protein	50	1.0000	core	core	no	no	0	
group_3828		Na(+)/H(+) antiporter subunit F1	50	1.0000	core	core	no	no	0	
group_3826		2-dehydropantoate 2-reductase	49	0.9800	core	core	no	no	1	bin_5_63_01996
ricR	ricR	Copper-sensing transcriptional repressor RicR	50	1.0000	core	core	no	no	0	
yjcF	;yjcF	Acetyltransferase;Putative N-acetyltransferase YjcF	50	1.0000	core	core	no	no	0	
ydzA	ydzA	Membrane protein YdzA	50	1.0000	core	core	no	no	0	
group_3802		Polysaccharide biosynthesis protein C-terminal domain-containing protein	49	0.9800	core	core	no	no	1	bin_5_63_02749
group_3794		Bacterial bifunctional deaminase-reductase C-terminal domain-containing protein	49	0.9800	core	core	no	no	1	bin_5_63_00733
group_3789		Rhodanese domain-containing protein	50	1.0000	core	core	no	no	0	
group_3788		Putative sulfur transferase / hydrolase	50	1.0000	core	core	no	no	0	
rocF	rocF	arginase	50	1.0000	core	core	no	no	0	
group_3781		DUF4181 domain-containing protein	50	1.0000	core	core	no	no	0	
group_3776	padR	PadR family transcriptional regulator	49	0.9800	core	core	no	no	1	bin_5_63_02686
group_3772		histidine kinase	50	1.0000	core	core	no	no	0	
group_3768		Free methionine-R-sulfoxide reductase	50	1.0000	core	core	no	no	0	
group_3766		DUF456 domain-containing protein	50	1.0000	core	core	no	no	0	
mhqR	mhqR	HTH-type transcriptional regulator MhqR	49	0.9800	core	core	no	no	1	bin_5_63_00732
group_3753		Integral inner membrane protein;UPF0715 family protein	50	1.0000	core	core	no	no	0	
group_3750		anti-sigma factor;Putative zinc-finger domain-containing protein	50	1.0000	core	core	no	no	0	
group_3743		sensor histidine kinase;histidine kinase	50	1.0000	core	core	no	no	0	
katX	;katX	Catalase;hypothetical protein;catalase KatX	50	1.0000	core	core	no	no	0	
sigV	sigV	RNA polymerase sigma factor SigV	50	1.0000	core	core	no	no	0	
group_3736		Stress protein;CsbD-like domain-containing protein	49	0.9800	core	core	no	no	1	bin_5_63_00725
group_3733		Zinc-finger domain-containing protein	49	0.9800	core	core	no	no	1	bin_5_63_01927
group_3732		DUF3817 domain-containing protein	49	0.9800	core	core	no	no	1	bin_5_63_02482
group_3727		histidine kinase	50	1.0000	core	core	no	no	0	
group_3724	yxeN;	Putative amino-acid permease protein YxeN;hypothetical protein	49	0.9800	core	core	no	no	1	bin_5_63_00933
group_3721		Deoxyguanosinetriphosphate triphosphohydrolase	50	1.0000	core	core	no	no	0	
group_3720		Cell division protein;hypothetical protein	50	1.0000	core	core	no	no	0	
group_3719		Terpinolene synthase	49	0.9800	core	core	no	no	1	bin_5_63_01183
group_3718		Alpha/beta hydrolase	50	1.0000	core	core	no	no	0	
natR	;natR	hypothetical protein;Transcriptional regulatory protein NatR	49	0.9800	core	core	no	no	1	bin_5_63_02711
bceB	;bceB	Bacitracin ABC transporter permease;Bacitracin export permease protein BceB;FtsX-like permease family protein	50	1.0000	core	core	no	no	0	
group_3710		histidine kinase	50	1.0000	core	core	no	no	0	
group_3709		14-dihydroxy-2-naphthoyl-CoA hydrolase	50	1.0000	core	core	no	no	0	
group_3708	tcyK;	L-cystine-binding protein TcyK;Solute-binding protein family 3/N-terminal domain-containing protein	49	0.9800	core	core	no	no	1	bin_5_63_00935
group_3701		UPF0033 domain-containing protein	50	1.0000	core	core	no	no	0	
group_3689		Iron-containing redox enzyme family protein	50	1.0000	core	core	no	no	0	
truA	truA	tRNA pseudouridine(38-40) synthase TruA	50	1.0000	core	core	no	no	0	
group_3683	dbpA	ATP-dependent RNA helicase DbpA	50	1.0000	core	core	no	no	0	
group_3680		Conserved general stress protein	50	1.0000	core	core	no	no	0	
group_3678		K+ h+ antiporter for k+ efflux	50	1.0000	core	core	no	no	0	
group_3674		Carboxymuconolactone decarboxylase-like domain-containing protein	49	0.9800	core	core	no	no	1	bin_5_63_00842
group_3670		Putative metal-dependent hydrolase	49	0.9800	core	core	no	no	1	bin_5_63_02613
group_3668		energy-coupling factor transporter ATPase	50	1.0000	core	core	no	no	0	
group_3667		CxxH/CxxC protein	50	1.0000	core	core	no	no	0	
group_3659		energy-coupling factor ABC transporter ATP-binding protein	50	1.0000	core	core	no	no	0	
group_3652		Nucleoside hydrolase	50	1.0000	core	core	no	no	0	
group_3650		Aconitate isomerase	50	1.0000	core	core	no	no	0	
group_3649		hypothetical protein;citrate:proton symporter;Citrate transporter-like domain-containing protein	50	1.0000	core	core	no	no	0	
group_3646		NlpC/P60 domain-containing protein;hypothetical protein;Orthopoxovirus pf05708 family protein	50	1.0000	core	core	no	no	0	
group_3641		Putative N-acetyltransferase	50	1.0000	core	core	no	no	0	
group_3635		GtrA/DPMS transmembrane domain-containing protein	49	0.9800	core	core	no	no	1	bin_5_63_01821
group_3630		Putative glycosyltransferase;hypothetical protein	49	0.9800	core	core	no	no	1	bin_5_63_01294
group_3626		UPF0344 protein BLi01172/BL01343;UPF0344 protein BPUM_1008	49	0.9800	core	core	no	no	1	bin_5_63_01430
rlmD	rlmD	23S rRNA (uracil(1939)-C(5))-methyltransferase RlmD	49	0.9800	core	core	no	no	1	bin_5_63_00158
group_3622		Nucleotidyltransferase	49	0.9800	core	core	no	no	1	bin_5_63_00594
group_3620		Aminodeoxychorismate synthase component I	49	0.9800	core	core	no	no	1	bin_5_63_02730
group_3619		Anti-sigma(V) factor	50	1.0000	core	core	no	no	0	
group_3618		ABC transporter ATP-binding protein	50	1.0000	core	core	no	no	0	
group_3617		Alkylphosphonate utilization protein	50	1.0000	core	core	no	no	0	
group_3616		Multiple sugar-binding lipoprotein	50	1.0000	core	core	no	no	0	
ymcC	ymcC;	Membrane protein YmcC;Integral inner membrane protein	50	1.0000	core	core	no	no	0	
group_3603		hypothetical protein	49	0.9800	core	core	no	no	1	50_refound_1464
group_3599		DUF58 domain-containing protein	50	1.0000	core	core	no	no	0	
group_3597		HTH-type transcriptional activator Btr	50	1.0000	core	core	no	no	0	
group_3596		Esterase;Iron-chelator (Enterobactin family) esterase	50	1.0000	core	core	no	no	0	
bglA	;bglA	6-phospho-beta-glucosidase;6-phospho-beta-glucosidase BglA	50	1.0000	core	core	no	no	0	
alsT	alsT;	Amino-acid carrier protein AlsT;Sodium:alanine symporter	49	0.9800	core	core	no	no	1	bin_5_63_02703
group_3583		Membrane protein;Group-specific protein	49	0.9800	core	core	no	no	1	bin_5_63_00702
group_3578		Beta-carbonic anhydrase 1	50	1.0000	core	core	no	no	0	
cysL	cysL	HTH-type transcriptional regulator CysL	50	1.0000	core	core	no	no	0	
group_3568	yfhD	YfhD family protein	50	1.0000	core	core	no	no	0	
group_3556		Glucose 1-dehydrogenase 2	50	1.0000	core	core	no	no	0	
group_3555		Oxidoreductase;Aldo/keto reductase;Putative ion channel associated aldo-keto reductase	49	0.9800	core	core	no	no	1	bin_5_63_02709
group_3551		Major facilitator superfamily (MFS) profile domain-containing protein	50	1.0000	core	core	no	no	0	
racE	racE	glutamate racemase	50	1.0000	core	core	no	no	0	
comGB	comGB	competence type IV pilus assembly protein ComGB	50	1.0000	core	core	no	no	0	
yhdG	yhdG	Putative amino acid permease YhdG	50	1.0000	core	core	no	no	0	
group_3548		Promiscuous Hit-family phosphohydrolase adenosine phosphoramidase	50	1.0000	core	core	no	no	0	
group_3547		Tryptophan transporter or sensor	50	1.0000	core	core	no	no	0	
rsmB	rsmB	16S rRNA (cytosine(967)-C(5))-methyltransferase RsmB	50	1.0000	core	core	no	no	0	
group_3544		Putative glycerophosphodiester phosphodiesterase	50	1.0000	core	core	no	no	0	
opuAA	;opuAA	Quaternary amine transport ATP-binding protein;glycine/proline betaine ABC transporter ATP-binding protein OpuAA	50	1.0000	core	core	no	no	0	
group_3530		Adenine/guanine phosphoribosyltransferase	50	1.0000	core	core	no	no	0	
group_3528		Spore coat protein	50	1.0000	core	core	no	no	0	
group_3523		o-succinylbenzoate--CoA ligase	50	1.0000	core	core	no	no	0	
ytrA	;ytrA	hypothetical protein;HTH gntR-type domain-containing protein;HTH-type transcriptional repressor YtrA	50	1.0000	core	core	no	no	0	
group_3521		BPL/LPL catalytic domain-containing protein	50	1.0000	core	core	no	no	0	
group_3496		Proline iminopeptidase	50	1.0000	core	core	no	no	0	
yugI	yugI	S1 domain-containing post-transcriptional regulator GSP13	50	1.0000	core	core	no	no	0	
group_3487		HTH cro/C1-type domain-containing protein	50	1.0000	core	core	no	no	0	
group_3485		hypothetical protein	49	0.9800	core	core	no	no	1	bin_5_63_02688
group_3484	ecsC	ABC transporter-associated protein EcsC	50	1.0000	core	core	no	no	0	
group_3478		serine-type D-Ala-D-Ala carboxypeptidase	50	1.0000	core	core	no	no	0	
group_3474		ABC transporter ATP-binding protein	50	1.0000	core	core	no	no	0	
group_3473		Uncharacterized conserved protein;Thiamine-binding protein domain-containing protein	50	1.0000	core	core	no	no	0	
group_3467		D-glycerate kinase	50	1.0000	core	core	no	no	0	
group_3466		Sugar diacid utilization regulator	50	1.0000	core	core	no	no	0	
pdxT	pdxT	pyridoxal 5'-phosphate synthase glutaminase subunit PdxT	50	1.0000	core	core	no	no	0	
group_3461		ABM domain-containing protein;Antibiotic biosynthesis monooxygenase	50	1.0000	core	core	no	no	0	
spoVID	spoVID	stage VI sporulation protein D	49	0.9800	core	core	no	no	1	bin_5_63_01877
group_3457	;lepB	signal peptidase I	50	1.0000	core	core	no	no	0	
group_3455		hypothetical protein;DUF418 domain-containing protein;Membrane protein	50	1.0000	core	core	no	no	0	
group_3454	;tetR	TetR-like C-terminal domain-containing protein;TetR family transcriptional regulator	50	1.0000	core	core	no	no	0	
group_3449		Tripartite tricarboxylate transporter substrate binding protein;Putative tricarboxylate transporter component	50	1.0000	core	core	no	no	0	
group_3448		M14 family metallocarboxypeptidase;Peptidase M14	50	1.0000	core	core	no	no	0	
group_3445		Deoxyguanosine kinase	50	1.0000	core	core	no	no	0	
uxuA	;uxuA	mannonate dehydratase;Mannonate dehydratase	49	0.9800	core	core	no	no	1	bin_5_63_00216
group_3439		2-succinyl-cysteine (Sulfur-containing aminoacid) acetyltransferase	49	0.9800	core	core	no	no	1	bin_5_63_01208
group_3438		DUF4064 domain-containing protein	50	1.0000	core	core	no	no	0	
group_3437		DUF3885 domain-containing protein;hypothetical protein	49	0.9800	core	core	no	no	1	bin_5_63_00168
group_3436		N-acetyl-sulfur-metabolite deacetylase	49	0.9800	core	core	no	no	1	bin_5_63_01212
rnpA	rnpA	ribonuclease P protein component	50	1.0000	core	core	no	no	0	
group_3430	brnQ	branched-chain amino acid transport system II carrier protein	50	1.0000	core	core	no	no	0	
nifS	nifS	Cysteine desulfurase NifS	50	1.0000	core	core	no	no	0	
group_3429		DUF3169 domain-containing protein	50	1.0000	core	core	no	no	0	
group_3428	yetF	YetF C-terminal domain-containing protein	50	1.0000	core	core	no	no	0	
group_3424		DUF4885 domain-containing protein;Flagellin C-terminal domain-containing protein	50	1.0000	core	core	no	no	0	
jag	jag	RNA-binding cell elongation regulator Jag/EloR	50	1.0000	core	core	no	no	0	
group_3413		Spore germination protein	50	1.0000	core	core	no	no	0	
group_3411		Glycerophosphodiester phosphodiesterase	50	1.0000	core	core	no	no	0	
sufU	sufU	Fe-S cluster assembly sulfur transfer protein SufU	49	0.9800	core	core	no	no	1	bin_5_63_00838
group_3406		Mini-ribonuclease 3	50	1.0000	core	core	no	no	0	
group_3393		Spore germination protein A2	49	0.9800	core	core	no	no	1	bin_5_63_00870
group_3385		alpha/beta hydrolase	49	0.9800	core	core	no	no	1	bin_5_63_00509
group_3382		histidine kinase	49	0.9800	core	core	no	no	1	bin_5_63_00290
group_3380		Biotin transporter	49	0.9800	core	core	no	no	1	bin_5_63_00906
group_3379		Arabinoxylan arabinofuranohydrolase;CBM6 domain-containing protein	50	1.0000	core	core	no	no	0	
group_3366		Quaternary amine transport ATP-binding protein	50	1.0000	core	core	no	no	0	
group_3365		hypothetical protein	50	1.0000	core	core	no	no	0	
group_3363		ABC transporter substrate-binding protein PnrA-like domain-containing protein	50	1.0000	core	core	no	no	0	
group_3362		Permease of ABC guanosine transporter	50	1.0000	core	core	no	no	0	
group_3357		Protein-glutamine gamma-glutamyltransferase	50	1.0000	core	core	no	no	0	
group_3356	ftsW	putative lipid II flippase FtsW	49	0.9800	core	core	no	no	1	bin_5_63_00994
group_3354	lysM	LysM domain-containing protein	49	0.9800	core	core	no	no	1	bin_5_63_01646
group_3353		Riboflavin transporter	49	0.9800	core	core	no	no	1	bin_5_63_01644
group_3352		Putative aminoacid related metabolite efflux transporter;Lysine exporter protein (LYSE/YGGA);hypothetical protein	50	1.0000	core	core	no	no	0	
group_3348		Two-component response regulator	50	1.0000	core	core	no	no	0	
group_3347		Hydrolase (Had superfamily)	50	1.0000	core	core	no	no	0	
group_3335		precorrin-2 dehydrogenase	50	1.0000	core	core	no	no	0	
yaaK	;yaaK	YbaB/EbfC family nucleoid-associated protein	50	1.0000	core	core	no	no	0	
group_3334		ECF-type riboflavin transporter substrate-binding protein;hypothetical protein	50	1.0000	core	core	no	no	0	
group_3333		GGDEF domain-containing protein	49	0.9800	core	core	no	no	1	bin_5_63_02475
group_3323		Di-tripeptide-proton ABC symporter	49	0.9800	core	core	no	no	1	bin_5_63_01205
group_3318		Putative regulator of exopolysaccharide synthesis	49	0.9800	core	core	no	no	1	bin_5_63_02472
group_3317		DUF5325 domain-containing protein	50	1.0000	core	core	no	no	0	
group_3314		Putative transcriptional regulator (GntR family)	50	1.0000	core	core	no	no	0	
group_3311		Peptidase M14 carboxypeptidase A domain-containing protein	50	1.0000	core	core	no	no	0	
remB	remB	extracellular matrix regulator RemB	50	1.0000	core	core	no	no	0	
group_3308		Amidohydrolase-related domain-containing protein	50	1.0000	core	core	no	no	0	
group_3307		DUF2524 domain-containing protein	49	0.9800	core	core	no	no	1	bin_5_63_01945
rsgA	rsgA	ribosome small subunit-dependent GTPase A	50	1.0000	core	core	no	no	0	
sdcS	;sdcS	hypothetical protein;Sodium-dependent dicarboxylate transporter SdcS	50	1.0000	core	core	no	no	0	
group_3299		histidine kinase	49	0.9800	core	core	no	no	1	bin_5_63_00754
group_3297		HTH tetR-type domain-containing protein	50	1.0000	core	core	no	no	0	
group_3296		PRC-barrel domain-containing protein	49	0.9800	core	core	no	no	1	bin_5_63_00894
group_3295		hypothetical protein	50	1.0000	core	core	no	no	0	
group_3294		Na(+)/H(+) antiporter subunit B	50	1.0000	core	core	no	no	0	
group_3292		hypothetical protein	49	0.9800	core	core	no	no	1	bin_5_63_00293
rihB	rihB;	Pyrimidine-specific ribonucleoside hydrolase RihB;Inosine-uridine preferring nucleoside hydrolase	49	0.9800	core	core	no	no	1	bin_5_63_00156
group_3274		Surfactin synthetase	49	0.9800	core	core	no	no	1	bin_5_63_01262
group_3251		Alpha-galactosidase	50	1.0000	core	core	no	no	0	
group_3236		Coproporphyrinogen III oxidase;coproporphyrinogen III oxidase;hypothetical protein	50	1.0000	core	core	no	no	0	
group_3234	proS;	proline--tRNA ligase;Proline--tRNA ligase	50	1.0000	core	core	no	no	0	
group_3226		Spore coat associated protein;YheC/YheD family protein	50	1.0000	core	core	no	no	0	
group_3224		TetR-like C-terminal domain-containing protein;HTH tetR-type domain-containing protein	50	1.0000	core	core	no	no	0	
group_3218		DMT family transporter;DMT superfamily drug/metabolite transporter	49	0.9800	core	core	no	no	1	bin_5_63_01793
spoIIIAG	;spoIIIAG	hypothetical protein;Stage III sporulation protein AG;stage III sporulation protein AG	49	0.9800	core	core	no	no	1	bin_5_63_02676
group_3205		DSBA-like thioredoxin domain-containing protein	50	1.0000	core	core	no	no	0	
tapA	tapA	amyloid fiber anchoring/assembly protein TapA	50	1.0000	core	core	no	no	0	
group_3202		Sin domain-containing protein	50	1.0000	core	core	no	no	0	
group_3191	;araC	hypothetical protein;Putative transcriptional regulator (AraC/XylS family);AraC family transcriptional regulator	50	1.0000	core	core	no	no	0	
group_3181		acetyl-CoA C-acyltransferase;acetyl-CoA C-acetyltransferase;hypothetical protein	49	0.9800	core	core	no	no	1	bin_5_63_00908;bin_5_63_00909
murD	;murD	UDP-N-acetylmuramoylalanine--D-glutamate ligase;UDP-N-acetylmuramoyl-L-alanine--D-glutamate ligase	49	0.9800	core	core	no	no	1	bin_5_63_02006
rodA	;rodA	hypothetical protein;FtsW/RodA/SpoVE family cell cycle protein;rod shape-determining protein RodA	49	0.9800	core	core	no	no	1	bin_5_63_00995
group_3173		transcriptional regulator;DNA-binding protein	50	1.0000	core	core	no	no	0	
pgi	;pgi	Glucose-6-phosphate isomerase;glucose-6-phosphate isomerase	50	1.0000	core	core	no	no	0	
group_3169		hypothetical protein;Transcriptional regulator (LacI family)	50	1.0000	core	core	no	no	0	
group_3160	mgtE;	magnesium transporter;hypothetical protein	50	1.0000	core	core	no	no	0	
czcR~~~lysR	czcR;lysR	HTH-type transcriptional regulator CzcR;LysR family transcriptional regulator	50	1.0000	core	core	no	no	0	
group_3156		hemolysin family protein;CBS domain containing-hemolysin-like protein;HlyC/CorC family transporter	50	1.0000	core	core	no	no	0	
pabA	;pabA	Glutamine amidotransferase domain-containing protein;Gamma-glutamyl-gamma-aminobutyrate hydrolase family protein;aminodeoxychorismate/anthranilate synthase component II	49	0.9800	core	core	no	no	1	50_refound_1461
group_3147		DUF1054 domain-containing protein;UPF0637 protein BPUM_1363	50	1.0000	core	core	no	no	0	
mhqD	mhqD	Hydrolase MhqD	50	1.0000	core	core	no	no	0	
group_3142		diguanylate cyclase;Diguanylate cyclase (GGDEF) domain-containing protein;Diguanylate cyclase	49	0.9800	core	core	no	no	1	bin_5_63_00298
group_3141		Repressor of copper utilisation proteins -Cu(I)	49	0.9800	core	core	no	no	1	bin_5_63_00296
bshC	bshC	bacillithiol biosynthesis cysteine-adding enzyme BshC	49	0.9800	core	core	no	no	1	bin_5_63_01997
group_3139		DUF350 domain-containing protein;Cell surface protein	50	1.0000	core	core	no	no	0	
group_3135		hypothetical protein;Wd domain protein	50	1.0000	core	core	no	no	0	
group_3133		DNA ligase D polymerase domain-containing protein;DNA ligase D;non-homologous end-joining DNA ligase	50	1.0000	core	core	no	no	0	
group_3131		hypothetical protein	49	0.9800	core	core	no	no	1	bin_5_63_01031
group_3129		LTA synthase family protein;hypothetical protein;Glycerol phosphate lipoteichoic acid synthase	50	1.0000	core	core	no	no	0	
nrdE	;nrdE	hypothetical protein;class 1b ribonucleoside-diphosphate reductase subunit alpha	50	1.0000	core	core	no	no	0	
group_3126		DNA topoisomerase 3	49	0.9800	core	core	no	no	1	bin_5_63_02477
group_3125		histidine kinase;PAS domain-containing protein	50	1.0000	core	core	no	no	0	
group_3117		hypothetical protein;AMP-binding protein;non-ribosomal peptide synthetase;Carrier domain-containing protein	49	0.9800	core	core	no	no	1	bin_5_63_01260
group_3112		hypothetical protein	49	0.9800	core	core	no	no	1	bin_5_63_00925
group_3110		PepSY domain-containing protein	50	1.0000	core	core	no	no	0	
yqhG	yqhG;	YqhG family protein;hypothetical protein	50	1.0000	core	core	no	no	0	
group_3105		DNA starvation/stationary phase protection protein	50	1.0000	core	core	no	no	0	
aaaT	;aaaT	hypothetical protein;L-amino acid N-acetyltransferase AaaT	49	0.9800	core	core	no	no	1	bin_5_63_02690
group_3095		response regulator aspartate phosphatase H N terminal;Response regulator aspartate phosphatase K	50	1.0000	core	core	no	no	0	
dnaN	;dnaN	DNA polymerase III beta subunit;DNA polymerase III subunit beta	50	1.0000	core	core	no	no	0	
group_3093		YmzC-like protein	50	1.0000	core	core	no	no	0	
group_3084		DNA 3'-5' helicase;UvrD-like helicase C-terminal domain-containing protein	50	1.0000	core	core	no	no	0	
group_3082		HTH tetR-type domain-containing protein	50	1.0000	core	core	no	no	0	
group_3072		Toprim domain-containing protein	49	0.9800	core	core	no	no	1	bin_5_63_00848
copZ	copZ	copper chaperone CopZ	49	0.9800	core	core	no	no	1	bin_5_63_00295
group_3061		Mother cell-specific membrane sporulation protein	50	1.0000	core	core	no	no	0	
group_3060		serine-type D-Ala-D-Ala carboxypeptidase	49	0.9800	core	core	no	no	1	bin_5_63_02001
rsmH	rsmH	16S rRNA (cytosine(1402)-N(4))-methyltransferase RsmH	49	0.9800	core	core	no	no	1	bin_5_63_01999
group_3055		DUF445 domain-containing protein	50	1.0000	core	core	no	no	0	
ydjN	ydjN	YdjN	50	1.0000	core	core	no	no	0	
yfmJ	;yfmJ	Oxidoreductase N-terminal domain-containing protein;Enoyl reductase (ER) domain-containing protein;NADP-dependent oxidoreductase YfmJ	50	1.0000	core	core	no	no	0	
spoIIE	;spoIIE	hypothetical protein;Stage II sporulation protein E;stage II sporulation protein E	49	0.9800	core	core	no	no	1	bin_5_63_02740
miaA	miaA	tRNA (adenosine(37)-N6)-dimethylallyltransferase MiaA	50	1.0000	core	core	no	no	0	
ykvI	ykvI	Membrane protein YkvI	50	1.0000	core	core	no	no	0	
group_3042		Aluminum resistance protein;L-methionine gamma-lyase	50	1.0000	core	core	no	no	0	
tlp	tlp	small acid-soluble spore protein Tlp	49	0.9800	core	core	no	no	1	bin_5_63_00075
ytzI	ytzI	YtzI protein	50	1.0000	core	core	no	no	0	
gerE	gerE	Transcriptional regulator GerE family;spore germination transcription factor GerE	50	1.0000	core	core	no	no	0	
tcyC	;tcyC	Arginine ABC transporter ATP-binding protein;hypothetical protein;L-cystine import ATP-binding protein TcyC	49	0.9800	core	core	no	no	1	bin_5_63_01201
group_3034		hypothetical protein;Cell wall hydrolase lytn	50	1.0000	core	core	no	no	0	
group_3030		Acetyltransferase	50	1.0000	core	core	no	no	0	
htrA	htrA;	Serine protease Do-like HtrA;hypothetical protein	50	1.0000	core	core	no	no	0	
fusA	fusA;	elongation factor G;Translation elongation factor G	50	1.0000	core	core	no	no	0	
group_3025		YtkA-like domain-containing protein	50	1.0000	core	core	no	no	0	
yozN	yozN	YozN	50	1.0000	core	core	no	no	0	
ctsR	ctsR	CtsR family transcriptional regulator;Transcriptional repressor CtsR;Transcriptional regulator CtsR	50	1.0000	core	core	no	no	0	
group_3017		45:910-diseco-3-hydroxy-59 17-trioxoandrosta-1(10)2-diene-4-oate hydrolase	50	1.0000	core	core	no	no	0	
sinR	sinR	HTH-type transcriptional regulator SinR	50	1.0000	core	core	no	no	0	
spoIIIAA	;spoIIIAA	hypothetical protein;stage III sporulation protein AA	49	0.9800	core	core	no	no	1	bin_5_63_02682
group_3003		S8 family peptidase;hypothetical protein;Extracellular serine protease	49	0.9800	core	core	no	no	1	bin_5_63_02693
rplX	;rplX	Large ribosomal subunit protein uL24;50S ribosomal protein L24	50	1.0000	core	core	no	no	0	
group_3000		Transcriptional regulator of bacillaene synthesis operon;TetR/AcrR family transcriptional regulator	50	1.0000	core	core	no	no	0	
recG	recG;	ATP-dependent DNA helicase recG;ATP-dependent DNA helicase;ATP-dependent DNA helicase RecG	50	1.0000	core	core	no	no	0	
group_2986		DUF2508 domain-containing protein	50	1.0000	core	core	no	no	0	
group_2984	;yjcZ	hypothetical protein;YjcZ family sporulation protein	49	0.9800	core	core	no	no	1	bin_5_63_00926
group_2983		Transporter associated domain protein	50	1.0000	core	core	no	no	0	
mhqO	;mhqO	VOC domain-containing protein;Ring-cleaving dioxygenase MhqO	50	1.0000	core	core	no	no	0	
group_2975		XRE family transcriptional regulator	50	1.0000	core	core	no	no	0	
group_2974		Transcriptional regulator	50	1.0000	core	core	no	no	0	
group_2961		DUF3918 domain-containing protein	49	0.9800	core	core	no	no	1	bin_5_63_00896
group_2959		Beta-galactosidase;hypothetical protein	50	1.0000	core	core	no	no	0	
spoIIIAF	spoIIIAF;	stage III sporulation protein AF;Stage III sporulation protein AF	49	0.9800	core	core	no	no	1	bin_5_63_02677
group_2953		Lipoprotein	50	1.0000	core	core	no	no	0	
group_2948		TRAM domain-containing protein;hypothetical protein	50	1.0000	core	core	no	no	0	
group_2946		DUF2292 domain-containing protein	50	1.0000	core	core	no	no	0	
rimM	rimM	ribosome maturation factor RimM	50	1.0000	core	core	no	no	0	
rsgI	rsgI;	Anti-sigma-I factor RsgI;anti-sigma factor domain-containing protein;SigmaI modulating factor	50	1.0000	core	core	no	no	0	
sipW	sipW	signal peptidase I SipW	50	1.0000	core	core	no	no	0	
group_2922		Transcriptional regulator;Master regulator of biofilm formation	50	1.0000	core	core	no	no	0	
group_2917		DUF1963 domain-containing protein	50	1.0000	core	core	no	no	0	
group_2910		YusW-like protein	49	0.9800	core	core	no	no	1	bin_5_63_00860
group_2904		Cupin type-2 domain-containing protein;Mannose-6-phosphate isomerase	50	1.0000	core	core	no	no	0	
group_2902		Small acid-soluble spore proteins alpha/beta type	49	0.9800	core	core	no	no	1	bin_5_63_02761
group_2894	pstB	phosphate ABC transporter ATP-binding protein PstB	50	1.0000	core	core	no	no	0	
group_2890		GNAT family protein;Acetyltransferase	50	1.0000	core	core	no	no	0	
group_2887	;feuC	iron ABC transporter permease;Iron-uptake system permease protein FeuC	49	0.9800	core	core	no	no	1	bin_5_63_01303
group_2885		DUF1836 domain-containing protein	50	1.0000	core	core	no	no	0	
group_2883	dprA	DNA-processing protein DprA	50	1.0000	core	core	no	no	0	
group_2880		hypothetical protein;Nucleotidase	50	1.0000	core	core	no	no	0	
ymxH	ymxH;	Uncharacterized protein YmxH;hypothetical protein;PRC-barrel domain-containing protein	50	1.0000	core	core	no	no	0	
group_2877		Peptidase M16 C-terminal domain-containing protein;Peptidase M16 N-terminal domain-containing protein;Specific processing protease	50	1.0000	core	core	no	no	0	
group_2874		Aminotransferase class I/classII large domain-containing protein;Putative PLP-dependent transcriptional regulator	49	0.9800	core	core	no	no	1	bin_5_63_01264
group_2870	fabF	beta-ketoacyl-ACP synthase II	49	0.9800	core	core	no	no	1	bin_5_63_02299
yfcC	;yfcC	hypothetical protein;YfcC family protein	50	1.0000	core	core	no	no	0	
yqhP	yqhP	YqhP	49	0.9800	core	core	no	no	1	bin_5_63_00829
yqhR	yqhR	Membrane protein YqhR	49	0.9800	core	core	no	no	1	bin_5_63_00827
group_2863		2-hydroxycarboxylate transporter family protein	50	1.0000	core	core	no	no	0	
group_2856		PTS sugar transporter subunit IIB	49	0.9800	core	core	no	no	1	bin_5_63_02629
group_2845		nucleotidyltransferase	49	0.9800	core	core	no	no	1	bin_5_63_01991
group_2842		DUF1540 domain-containing protein	50	1.0000	core	core	no	no	0	
group_2838		hypothetical protein;Cell wall-active antibiotics response LiaF-like C-terminal domain-containing protein	49	0.9800	core	core	no	no	1	bin_5_63_00875
racA	racA	chromosome-anchoring protein RacA	50	1.0000	core	core	no	no	0	
prmC	prmC	peptide chain release factor N(5)-glutamine methyltransferase	50	1.0000	core	core	no	no	0	
group_2833		Ribulokinase	50	1.0000	core	core	no	no	0	
spoVE	spoVE	stage V sporulation protein E	49	0.9800	core	core	no	no	1	bin_5_63_01181
group_2823		Transcriptional regulator of phenolic acid decarboxylase	50	1.0000	core	core	no	no	0	
pdhB	;pdhB	Alpha-ketoacid dehydrogenase subunit beta;pyruvate dehydrogenase complex E1 component subunit beta;Pyruvate dehydrogenase E1 component subunit beta	50	1.0000	core	core	no	no	0	
yozE	yozE	YozE SAM-like domain-containing protein	50	1.0000	core	core	no	no	0	
group_2818		Quercetin dioxygenase	49	0.9800	core	core	no	no	1	bin_5_63_02696
group_2816		Fatty acid desaturase;hypothetical protein	50	1.0000	core	core	no	no	0	
group_2809		tRNA synthetase subunit beta	49	0.9800	core	core	no	no	1	bin_5_63_00785
kapD	kapD	3'-5' exonuclease KapD	50	1.0000	core	core	no	no	0	
group_2796		Cxxc_20_cxxc protein	50	1.0000	core	core	no	no	0	
group_2794	rpmG	50S ribosomal protein L33	50	1.0000	core	core	no	no	0	
group_2793	rpsN	30S ribosomal protein S14	50	1.0000	core	core	no	no	0	
group_2790		VOC domain-containing protein;hypothetical protein	50	1.0000	core	core	no	no	0	
group_2781	tetR	Transcriptional regulator TetR family	50	1.0000	core	core	no	no	0	
alsE	;alsE	D-allulose 6-phosphate 3-epimerase	50	1.0000	core	core	no	no	0	
group_2774		Methyl-accepting chemotaxis protein 4	50	1.0000	core	core	no	no	0	
group_2769		cysteine-S-conjugate beta-lyase	50	1.0000	core	core	no	no	0	
group_2768		YhfH-like protein	50	1.0000	core	core	no	no	0	
group_2767		Enterobactin synthase component B	50	1.0000	core	core	no	no	0	
group_2765		Maltodextrin-binding protein	50	1.0000	core	core	no	no	0	
spoIID	spoIID	stage II sporulation protein D	50	1.0000	core	core	no	no	0	
group_2763		Transcriptional activator of the lichenan operon	49	0.9800	core	core	no	no	1	bin_5_63_00218
norG	norG	HTH-type transcriptional regulator NorG	50	1.0000	core	core	no	no	0	
group_2762		Replication protein	50	1.0000	core	core	no	no	0	
group_2761		Citrate lyase subunit beta	50	1.0000	core	core	no	no	0	
coaA	coaA	type I pantothenate kinase	49	0.9800	core	core	no	no	1	bin_5_63_02609
psf1	psf-1	4'-phosphopantetheinyl transferase psf-1	49	0.9800	core	core	no	no	1	bin_5_63_01265
rpsP	rpsP	30S ribosomal protein S16	50	1.0000	core	core	no	no	0	
group_2754		Oligo-alpha-mannoside phosphotransferase system enzyme IIA	49	0.9800	core	core	no	no	1	bin_5_63_02628
group_2752		PepSY domain-containing protein	50	1.0000	core	core	no	no	0	
group_2750		Lipoprotein	50	1.0000	core	core	no	no	0	
spoVG	spoVG	septation regulator SpoVG	49	0.9800	core	core	no	no	1	bin_5_63_02757
group_2743		Transcriptional regulator	50	1.0000	core	core	no	no	0	
group_2739		DUF4870 domain-containing protein	50	1.0000	core	core	no	no	0	
group_2738		Serine/threonine-protein kinase	49	0.9800	core	core	no	no	1	bin_5_63_02738
glcU	glcU	Putative glucose uptake protein GlcU	49	0.9800	core	core	no	no	1	bin_5_63_02632
group_2733		14-dihydroxy-2-naphthoate polyprenyltransferase	50	1.0000	core	core	no	no	0	
menD	menD	2-succinyl-5-enolpyruvyl-6-hydroxy-3-cyclohexene-1-carboxylic-acid synthase	50	1.0000	core	core	no	no	0	
group_2731		DUF3970 domain-containing protein	49	0.9800	core	core	no	no	1	bin_5_63_00868
group_2726	abc-f	ribosomal protection-like ABC-F family protein	49	0.9800	core	core	no	no	1	bin_5_63_01300
group_2725	;feuB	hypothetical protein;Iron-uptake system permease protein FeuB	49	0.9800	core	core	no	no	1	bin_5_63_01302
cysE	cysE	serine O-acetyltransferase	50	1.0000	core	core	no	no	0	
group_2718		Electron transfer flavoprotein alpha/beta-subunit N-terminal domain-containing protein;Electron transfer flavoprotein (Alpha subunit)	50	1.0000	core	core	no	no	0	
qdoI	;qdoI	Transcriptional regulator;Transcriptional regulator of qdoI	49	0.9800	core	core	no	no	1	bin_5_63_02695
group_2715		UPF0223 protein BACI348_40559	50	1.0000	core	core	no	no	0	
group_2710		Carboxymuconolactone decarboxylase-like domain-containing protein	50	1.0000	core	core	no	no	0	
cbrC	cbrC	CbrC family protein	50	1.0000	core	core	no	no	0	
group_2709		Cytosolic protein	50	1.0000	core	core	no	no	0	
group_2705		lipoate--protein ligase	50	1.0000	core	core	no	no	0	
group_2702		Small acid-soluble spore protein 1;Spore protein	50	1.0000	core	core	no	no	0	
wrbA	wrbA	NAD(P)H:quinone oxidoreductase	50	1.0000	core	core	no	no	0	
group_2695		Putative NAD(FAD)-utilizing dehydrogenase	50	1.0000	core	core	no	no	0	
sdaAB	sdaAB	L-serine ammonia-lyase iron-sulfur-dependent subunit beta	50	1.0000	core	core	no	no	0	
hisJ	hisJ	histidinol-phosphatase HisJ	50	1.0000	core	core	no	no	0	
group_2687		Immunity protein 63 domain-containing protein	50	1.0000	core	core	no	no	0	
group_2686		Fatty acid metabolism regulator protein	50	1.0000	core	core	no	no	0	
tadA	tadA	tRNA adenosine(34) deaminase TadA	50	1.0000	core	core	no	no	0	
group_2685		Glycosyltransferase 2-like domain-containing protein;hypothetical protein;Putative glycosyltransferase associated to biofilm formation	49	0.9800	core	core	no	no	1	bin_5_63_02473
group_2683		ribonuclease HII	50	1.0000	core	core	no	no	0	
menH	menH	2-succinyl-6-hydroxy-24-cyclohexadiene-1-carboxylate synthase	50	1.0000	core	core	no	no	0	
group_2679		hypothetical protein	49	0.9800	core	core	no	no	1	50_refound_1454
group_2678		Serine/threonine-protein kinase pkn1	50	1.0000	core	core	no	no	0	
group_2665		Hemolysin A	49	0.9800	core	core	no	no	1	bin_5_63_02665
group_2662		Glucokinase	50	1.0000	core	core	no	no	0	
group_2661		UDP-N-acetylmuramoyl-L-alanyl-D-glutamate--26-diaminopimelate ligase	49	0.9800	core	core	no	no	1	bin_5_63_02003
group_2657		Putative integral inner membrane protein	50	1.0000	core	core	no	no	0	
nrdF	nrdF	class 1b ribonucleoside-diphosphate reductase subunit beta	50	1.0000	core	core	no	no	0	
group_2646		Glycosyl hydrolase lipoprotein	49	0.9800	core	core	no	no	1	bin_5_63_02476
bceA	bceA	Bacitracin export ATP-binding protein BceA	50	1.0000	core	core	no	no	0	
smpB	;smpB	SsrA-binding protein;SsrA-binding protein SmpB	49	0.9800	core	core	no	no	1	bin_5_63_00308
yuzL	yuzL	YuzL family protein	49	0.9800	core	core	no	no	1	bin_5_63_00855
group_2642		Protein E5	49	0.9800	core	core	no	no	1	bin_5_63_01539
radA	radA	DNA repair protein RadA	50	1.0000	core	core	no	no	0	
yicC	yicC	YicC family protein	50	1.0000	core	core	no	no	0	
group_2638		DNA repair exonuclease	50	1.0000	core	core	no	no	0	
group_2636		16S rRNA methyltransferase	50	1.0000	core	core	no	no	0	
group_2634		hypothetical protein	49	0.9800	core	core	no	no	1	50_refound_1452
spoVM	spoVM	Stage V sporulation protein M	50	1.0000	core	core	no	no	0	
group_2585		Family of unknown function	50	1.0000	core	core	no	no	0	
rpmJ	rpmJ	50S ribosomal protein L36	50	1.0000	core	core	no	no	0	
group_2550		hypothetical protein	49	0.9800	core	core	no	no	1	bin_5_63_02004
yjcZ	yjcZ	Sporulation protein YjcZ	50	1.0000	core	core	no	no	0	
rpmG	rpmG	50S ribosomal protein L33	50	1.0000	core	core	no	no	0	
group_2454		hypothetical protein	50	1.0000	core	core	no	no	0	
spxO	spxO	anti-adapter protein SpxO	49	0.9800	core	core	no	no	1	bin_5_63_00865
group_2409		DUF2759 domain-containing protein	50	1.0000	core	core	no	no	0	
group_2394		Amino acid permease	50	1.0000	core	core	no	no	0	
group_2390		Trm112 family protein	50	1.0000	core	core	no	no	0	
secE	secE	preprotein translocase subunit SecE	50	1.0000	core	core	no	no	0	
rpmD	rpmD	50S ribosomal protein L30	50	1.0000	core	core	no	no	0	
rpsN	rpsN	30S ribosomal protein S14	50	1.0000	core	core	no	no	0	
yszA	yszA	Membrane protein YszA	49	0.9800	core	core	no	no	1	bin_5_63_01875
rpmB	rpmB	50S ribosomal protein L28	50	1.0000	core	core	no	no	0	
group_2341		Motility protein	50	1.0000	core	core	no	no	0	
group_2340		Zn-ribbon containing protein	49	0.9800	core	core	no	no	1	bin_5_63_00895
group_2314		Small acid-soluble spore protein (Alpha/beta-type SASP)	50	1.0000	core	core	no	no	0	
cspB	cspB	cold shock-like protein CspB	49	0.9800	core	core	no	no	1	bin_5_63_00795
rpmC	rpmC	50S ribosomal protein L29	50	1.0000	core	core	no	no	0	
rpoZ	rpoZ	DNA-directed RNA polymerase subunit omega	50	1.0000	core	core	no	no	0	
group_2279		DUF951 domain-containing protein	50	1.0000	core	core	no	no	0	
spoIIIAC	spoIIIAC	stage III sporulation protein AC	49	0.9800	core	core	no	no	1	bin_5_63_02680
group_2259		hypothetical protein	50	1.0000	core	core	no	no	0	
ymzA	ymzA	Uncharacterized protein YmzA	50	1.0000	core	core	no	no	0	
group_2249		RNA binding protein involved in ribosome maturation	50	1.0000	core	core	no	no	0	
infA	infA	translation initiation factor IF-1	50	1.0000	core	core	no	no	0	
hfq	hfq	RNA chaperone Hfq	50	1.0000	core	core	no	no	0	
group_2218		phage holin	49	0.9800	core	core	no	no	1	bin_5_63_01305
yidD	yidD	membrane protein insertion efficiency factor YidD	50	1.0000	core	core	no	no	0	
acpP	acpP	acyl carrier protein	50	1.0000	core	core	no	no	0	
group_2184		DUF2553 domain-containing protein	49	0.9800	core	core	no	no	1	bin_5_63_00849
group_2182		DUF378 domain-containing protein	50	1.0000	core	core	no	no	0	
rpsR	rpsR	30S ribosomal protein S18	50	1.0000	core	core	no	no	0	
group_2168		type B 50S ribosomal protein L31	50	1.0000	core	core	no	no	0	
yqgY	yqgY	Uncharacterized protein YqgY	50	1.0000	core	core	no	no	0	
khpA	khpA	RNA-binding protein KhpA	50	1.0000	core	core	no	no	0	
group_2157		Spore coat protein	49	0.9800	core	core	no	no	1	bin_5_63_00856
group_2154		50S ribosomal protein L7ae-like protein	50	1.0000	core	core	no	no	0	
veg	veg	biofilm formation stimulator Veg	49	0.9800	core	core	no	no	1	bin_5_63_02762
group_2130		hypothetical protein	50	1.0000	core	core	no	no	0	
group_2129		Sporulation-specific transcription factor SpoVIF	50	1.0000	core	core	no	no	0	
rqcP	rqcP	RQC P-site tRNA stabilizing factor	49	0.9800	core	core	no	no	1	bin_5_63_02747
xseB	xseB	exodeoxyribonuclease VII small subunit	49	0.9800	core	core	no	no	1	bin_5_63_02668
rpsQ	rpsQ	30S ribosomal protein S17	50	1.0000	core	core	no	no	0	
group_2102		Ascorbate-specific PTS system EIIB component	50	1.0000	core	core	no	no	0	
remA	remA	extracellular matrix/biofilm regulator RemA	50	1.0000	core	core	no	no	0	
group_2078		FlhB-like flagellar biosynthesis protein	50	1.0000	core	core	no	no	0	
rpsS	rpsS	30S ribosomal protein S19	50	1.0000	core	core	no	no	0	
group_2061		DUF2619 domain-containing protein	49	0.9800	core	core	no	no	1	bin_5_63_00823
rpsF	rpsF	30S ribosomal protein S6	50	1.0000	core	core	no	no	0	
rplW	rplW	50S ribosomal protein L23	50	1.0000	core	core	no	no	0	
group_2034		Anti-sigma factor	50	1.0000	core	core	no	no	0	
gpsB	gpsB	cell division regulator GpsB	49	0.9800	core	core	no	no	1	bin_5_63_01948
spoIIIAD	spoIIIAD	stage III sporulation protein AD	49	0.9800	core	core	no	no	1	bin_5_63_02679
rpsJ	rpsJ	30S ribosomal protein S10	50	1.0000	core	core	no	no	0	
trxA	trxA	thioredoxin	50	1.0000	core	core	no	no	0	
group_1983		DUF4064 domain-containing protein	49	0.9800	core	core	no	no	1	bin_5_63_00595
fliE	fliE	flagellar hook-basal body complex protein FliE	50	1.0000	core	core	no	no	0	
group_1960		Lichenan-specific phosphotransferase enzyme IIB component	49	0.9800	core	core	no	no	1	bin_5_63_00214
group_1958		YlaH-like protein	50	1.0000	core	core	no	no	0	
group_1948		PTS cellobiose-specific enzyme IIA	49	0.9800	core	core	no	no	1	bin_5_63_00213
czrA	czrA	Zn(II)-responsive metalloregulatory transcriptional repressor CzrA	50	1.0000	core	core	no	no	0	
tnrA	tnrA	HTH-type transcriptional regulator TnrA	50	1.0000	core	core	no	no	0	
group_1937		putative DNA-binding protein	50	1.0000	core	core	no	no	0	
group_1910		Na(+)/H(+) antiporter subunit C	50	1.0000	core	core	no	no	0	
rplV	rplV	50S ribosomal protein L22	50	1.0000	core	core	no	no	0	
group_1893		DUF1878 domain-containing protein	50	1.0000	core	core	no	no	0	
group_1885		DUF2802 domain-containing protein	50	1.0000	core	core	no	no	0	
rplS	rplS	50S ribosomal protein L19	50	1.0000	core	core	no	no	0	
group_1884		UPF0295 protein BPUM_0828	49	0.9800	core	core	no	no	1	bin_5_63_02102
group_1883		Heat stress induced protein	50	1.0000	core	core	no	no	0	
group_1869		Inner spore coat protein	50	1.0000	core	core	no	no	0	
group_1865		UPF0342 protein BACI348_40097	50	1.0000	core	core	no	no	0	
group_1859		Arsenate reductase family protein	49	0.9800	core	core	no	no	1	bin_5_63_00851
group_1853		Asp23/Gls24 family envelope stress response protein	50	1.0000	core	core	no	no	0	
rplQ	rplQ	50S ribosomal protein L17	50	1.0000	core	core	no	no	0	
rplR	rplR	50S ribosomal protein L18	50	1.0000	core	core	no	no	0	
group_1846		Glyoxalase/fosfomycin resistance/dioxygenase domain-containing protein	49	0.9800	core	core	no	no	1	bin_5_63_02701
rpsM	rpsM	30S ribosomal protein S13	50	1.0000	core	core	no	no	0	
rplL	rplL	50S ribosomal protein L7/L12	50	1.0000	core	core	no	no	0	
group_1837		RlpA-like protein double-psi beta-barrel domain-containing protein	50	1.0000	core	core	no	no	0	
rplN	rplN	50S ribosomal protein L14	50	1.0000	core	core	no	no	0	
mnhG	mnhG	monovalent cation/H(+) antiporter subunit G	50	1.0000	core	core	no	no	0	
ridA	ridA	2-iminobutanoate/2-iminopropanoate deaminase	49	0.9800	core	core	no	no	1	bin_5_63_02758
group_1812		DUF3212 domain-containing protein	50	1.0000	core	core	no	no	0	
mgsR	mgsR	Regulatory protein MgsR	50	1.0000	core	core	no	no	0	
gcvH	gcvH	glycine cleavage system protein GcvH	49	0.9800	core	core	no	no	1	bin_5_63_00850
group_1790		Rhodanese domain-containing protein	50	1.0000	core	core	no	no	0	
ylqD	ylqD	YlqD protein	50	1.0000	core	core	no	no	0	
group_1789		Esterase	50	1.0000	core	core	no	no	0	
flgB	flgB	flagellar basal body rod protein FlgB	50	1.0000	core	core	no	no	0	
rpsI	rpsI	30S ribosomal protein S9	50	1.0000	core	core	no	no	0	
nusB	nusB	transcription antitermination factor NusB	49	0.9800	core	core	no	no	1	bin_5_63_02671
rpsK	rpsK	30S ribosomal protein S11	50	1.0000	core	core	no	no	0	
nrdI	nrdI	class Ib ribonucleoside-diphosphate reductase assembly flavoprotein NrdI	50	1.0000	core	core	no	no	0	
rpsH	rpsH	30S ribosomal protein S8	50	1.0000	core	core	no	no	0	
group_1753		Alkaline shock protein 23	49	0.9800	core	core	no	no	1	bin_5_63_02672
group_1748		hypothetical protein	50	1.0000	core	core	no	no	0	
merR	merR	MerR family transcriptional regulator	50	1.0000	core	core	no	no	0	
rpsL	rpsL	30S ribosomal protein S12	50	1.0000	core	core	no	no	0	
group_1731		General stress protein 26	49	0.9800	core	core	no	no	1	bin_5_63_02486
group_1728		EamA-like transporter family protein	49	0.9800	core	core	no	no	1	bin_5_63_01795
rplK	rplK	50S ribosomal protein L11	50	1.0000	core	core	no	no	0	
rplP	rplP	50S ribosomal protein L16	50	1.0000	core	core	no	no	0	
ywhA	ywhA	Putative HTH-type transcriptional regulator YwhA	49	0.9800	core	core	no	no	1	bin_5_63_02698
rplM	rplM	50S ribosomal protein L13	50	1.0000	core	core	no	no	0	
group_1698	marR	MarR family transcriptional regulator	50	1.0000	core	core	no	no	0	
rplO	rplO	50S ribosomal protein L15	50	1.0000	core	core	no	no	0	
group_1692		DUF2507 domain-containing protein	50	1.0000	core	core	no	no	0	
aroQ	aroQ	type II 3-dehydroquinate dehydratase	49	0.9800	core	core	no	no	1	bin_5_63_00826
rplI	rplI	50S ribosomal protein L9	50	1.0000	core	core	no	no	0	
group_1676		DUF2663 domain-containing protein	50	1.0000	core	core	no	no	0	
flgC	flgC	flagellar basal body rod protein FlgC	50	1.0000	core	core	no	no	0	
zitR	zitR	Transcriptional regulator ZitR	50	1.0000	core	core	no	no	0	
group_1651		YkyB-like protein	49	0.9800	core	core	no	no	1	bin_5_63_02432
ykoM	ykoM	Uncharacterized HTH-type transcriptional regulator YkoM	50	1.0000	core	core	no	no	0	
bcp	bcp	thioredoxin-dependent thiol peroxidase	49	0.9800	core	core	no	no	1	bin_5_63_02100
rpsG	rpsG	30S ribosomal protein S7	50	1.0000	core	core	no	no	0	
luxS	luxS	S-ribosylhomocysteine lyase	50	1.0000	core	core	no	no	0	
ispF	ispF	2-C-methyl-D-erythritol 24-cyclodiphosphate synthase	50	1.0000	core	core	no	no	0	
group_1615		Na+/H+ antiporter subunit E	50	1.0000	core	core	no	no	0	
group_1612		N-acetyltransferase	49	0.9800	core	core	no	no	1	bin_5_63_01995
accB	accB	acetyl-CoA carboxylase biotin carboxyl carrier protein	49	0.9800	core	core	no	no	1	bin_5_63_02674
group_1607	def	peptide deformylase	50	1.0000	core	core	no	no	0	
group_1606		Peroxiredoxin family protein	50	1.0000	core	core	no	no	0	
group_1605		UVR domain-containing protein	50	1.0000	core	core	no	no	0	
hmoB	hmoB	Heme-degrading monooxygenase HmoB	50	1.0000	core	core	no	no	0	
group_1598		Phenolic acid decarboxylase	50	1.0000	core	core	no	no	0	
sigM	sigM	ECF RNA polymerase sigma factor SigM	50	1.0000	core	core	no	no	0	
khtT	khtT	K(+)/H(+) antiporter subunit KhtT	50	1.0000	core	core	no	no	0	
yugG	yugG	Putative HTH-type transcriptional regulator YugG	50	1.0000	core	core	no	no	0	
mltG	mltG	Endolytic transglycosylase MltG	50	1.0000	core	core	no	no	0	
rpsE	rpsE	30S ribosomal protein S5	50	1.0000	core	core	no	no	0	
rplJ	rplJ	50S ribosomal protein L10	50	1.0000	core	core	no	no	0	
resA	resA	Thiol-disulfide oxidoreductase ResA	49	0.9800	core	core	no	no	1	bin_5_63_00078
rae1	rae1	ribosome-dependent mRNA decay endonuclease Rae1/YacP	50	1.0000	core	core	no	no	0	
spoIIIAB	spoIIIAB	stage III sporulation protein SpoIIIAB	49	0.9800	core	core	no	no	1	bin_5_63_02681
group_1541		Putative phosphoesterase BPUM_1117	50	1.0000	core	core	no	no	0	
group_1535		DUF177 domain-containing protein	49	0.9800	core	core	no	no	1	bin_5_63_01992
group_1534		DUF3267 domain-containing protein	50	1.0000	core	core	no	no	0	
perR	perR	peroxide-responsive transcriptional repressor PerR	49	0.9800	core	core	no	no	1	bin_5_63_02101
group_1518		Phosphoesterase	50	1.0000	core	core	no	no	0	
nusG	nusG	transcription termination/antitermination protein NusG	50	1.0000	core	core	no	no	0	
spoVT	spoVT	stage V sporulation protein T	49	0.9800	core	core	no	no	1	bin_5_63_02750
rplF	rplF	50S ribosomal protein L6	50	1.0000	core	core	no	no	0	
hpt	hpt	hypoxanthine phosphoribosyltransferase	49	0.9800	core	core	no	no	1	bin_5_63_02736
rplE	rplE	50S ribosomal protein L5	50	1.0000	core	core	no	no	0	
group_1493		Single-stranded DNA-binding protein	50	1.0000	core	core	no	no	0	
group_1490		UPF0398 protein BPUM_1952	49	0.9800	core	core	no	no	1	bin_5_63_01949
hslV	hslV	ATP-dependent protease subunit HslV	50	1.0000	core	core	no	no	0	
sigW	sigW	RNA polymerase sigma factor SigW	50	1.0000	core	core	no	no	0	
fapR	fapR	transcription factor FapR	50	1.0000	core	core	no	no	0	
group_1428		genetic competence negative regulator	50	1.0000	core	core	no	no	0	
group_1427		General stress protein 16U	50	1.0000	core	core	no	no	0	
gerD	gerD	spore germination lipoprotein GerD	50	1.0000	core	core	no	no	0	
group_1421		General stress protein 16U	50	1.0000	core	core	no	no	0	
group_1405		XTP/dITP diphosphatase	50	1.0000	core	core	no	no	0	
cysC	cysC	Adenylyl-sulfate kinase	50	1.0000	core	core	no	no	0	
recR	recR	recombination protein RecR	50	1.0000	core	core	no	no	0	
clpP	clpP	ATP-dependent Clp endopeptidase proteolytic subunit ClpP	49	0.9800	core	core	no	no	1	bin_5_63_01290
group_1392		DNA-binding response regulator	50	1.0000	core	core	no	no	0	
rpsD	rpsD	30S ribosomal protein S4	50	1.0000	core	core	no	no	0	
yrhH	yrhH	Methyltransferase YrhH	49	0.9800	core	core	no	no	1	bin_5_63_00927
group_1386		1-acyl-sn-glycerol-3-phosphate acyltransferase	50	1.0000	core	core	no	no	0	
group_1385		KinB-signaling pathway activation protein	50	1.0000	core	core	no	no	0	
group_1384		Stress response protein SCP2	50	1.0000	core	core	no	no	0	
group_1376		Succinate dehydrogenase	50	1.0000	core	core	no	no	0	
group_1375		Superoxide dismutase	50	1.0000	core	core	no	no	0	
gmk	gmk	guanylate kinase	50	1.0000	core	core	no	no	0	
group_1363		VTT domain-containing protein	50	1.0000	core	core	no	no	0	
group_1355		Nudix hydrolase domain-containing protein	50	1.0000	core	core	no	no	0	
group_1339		CoA pyrophosphatase	50	1.0000	core	core	no	no	0	
mhqN	mhqN	NAD(P)H nitroreductase MhqN	49	0.9800	core	core	no	no	1	bin_5_63_00731
rplD	rplD	50S ribosomal protein L4	50	1.0000	core	core	no	no	0	
yyaC	yyaC	spore protease YyaC	50	1.0000	core	core	no	no	0	
rsiW	rsiW	anti-sigma-W factor RsiW	50	1.0000	core	core	no	no	0	
group_1321		Putative aminoacid export permease	50	1.0000	core	core	no	no	0	
rplC	rplC	50S ribosomal protein L3	50	1.0000	core	core	no	no	0	
group_1310		DNA-binding response regulator	49	0.9800	core	core	no	no	1	bin_5_63_00873
group_1309		Stage III sporulation protein AH	49	0.9800	core	core	no	no	1	bin_5_63_02675
group_1300		Metallo-beta-lactamase domain-containing protein	50	1.0000	core	core	no	no	0	
group_1294		DNA-binding response regulator	50	1.0000	core	core	no	no	0	
group_1292		CPBP family intramembrane metalloprotease	50	1.0000	core	core	no	no	0	
group_1284		thiamine diphosphokinase	50	1.0000	core	core	no	no	0	
yitT	yitT	YitT family protein	49	0.9800	core	core	no	no	1	bin_5_63_01268
glnP	glnP	Putative glutamine ABC transporter permease protein GlnP	49	0.9800	core	core	no	no	1	bin_5_63_00897
rpe	rpe	ribulose-phosphate 3-epimerase	50	1.0000	core	core	no	no	0	
adk	adk	adenylate kinase	50	1.0000	core	core	no	no	0	
group_1263		Methyltransferase	50	1.0000	core	core	no	no	0	
rpsC	rpsC	30S ribosomal protein S3	50	1.0000	core	core	no	no	0	
sigH	sigH	RNA polymerase sporulation sigma factor SigH	50	1.0000	core	core	no	no	0	
group_1258		Deoxyadenosine/deoxycytidine kinase	50	1.0000	core	core	no	no	0	
group_1254		CwlT-like lysozyme domain-containing protein	50	1.0000	core	core	no	no	0	
group_1240		VWFA domain-containing protein	50	1.0000	core	core	no	no	0	
yxeN	yxeN	Putative amino-acid permease protein YxeN	49	0.9800	core	core	no	no	1	bin_5_63_01210
group_1217		ABC transporter permease	50	1.0000	core	core	no	no	0	
graR	graR	Response regulator protein GraR	50	1.0000	core	core	no	no	0	
ispD	ispD	2-C-methyl-D-erythritol 4-phosphate cytidylyltransferase	50	1.0000	core	core	no	no	0	
group_1206		Cysteine ABC transporter permease	49	0.9800	core	core	no	no	1	bin_5_63_01202
group_1202		VWFA domain-containing protein	50	1.0000	core	core	no	no	0	
group_1201		Putative sulfur aminoacid ABC transporter (Permease)	49	0.9800	core	core	no	no	1	bin_5_63_00934
rplA	rplA	50S ribosomal protein L1	50	1.0000	core	core	no	no	0	
cysH	cysH	phosphoadenylyl-sulfate reductase	50	1.0000	core	core	no	no	0	
yycF	yycF	response regulator YycF	50	1.0000	core	core	no	no	0	
cwlD	cwlD	N-acetylmuramoyl-L-alanine amidase CwlD	50	1.0000	core	core	no	no	0	
group_1179		Pseudouridine synthase	50	1.0000	core	core	no	no	0	
rsmG	rsmG	16S rRNA (guanine(527)-N(7))-methyltransferase RsmG	50	1.0000	core	core	no	no	0	
group_1169	gntR	GntR family transcriptional regulator	49	0.9800	core	core	no	no	1	bin_5_63_02625
group_1168	fabG	3-oxoacyl-[acyl-carrier-protein] reductase FabG	50	1.0000	core	core	no	no	0	
group_1165		GTP cyclohydrolase II	50	1.0000	core	core	no	no	0	
rph	rph	ribonuclease PH	50	1.0000	core	core	no	no	0	
group_1143		VWFA domain-containing protein	49	0.9800	core	core	no	no	1	bin_5_63_02739
trmD	trmD	tRNA (guanosine(37)-N1)-methyltransferase TrmD	50	1.0000	core	core	no	no	0	
group_1134		Esterase family protein	50	1.0000	core	core	no	no	0	
group_1132		ATPase AAA-type core domain-containing protein	50	1.0000	core	core	no	no	0	
natA	natA	ABC transporter ATP-binding protein NatA	49	0.9800	core	core	no	no	1	bin_5_63_02712
group_1127		Manganese ABC transporter (ATP-binding protein)	50	1.0000	core	core	no	no	0	
rnc	rnc	ribonuclease III	50	1.0000	core	core	no	no	0	
group_1126	fabG	3-oxoacyl-[acyl-carrier-protein] reductase	50	1.0000	core	core	no	no	0	
group_1121		Carboxylesterase	49	0.9800	core	core	no	no	1	bin_5_63_00310
sigI	sigI	RNA polymerase sigma factor SigI	50	1.0000	core	core	no	no	0	
group_1120	yxeO	Putative amino-acid import ATP-binding protein YxeO	49	0.9800	core	core	no	no	1	bin_5_63_01211
group_1119	map	type I methionyl aminopeptidase	50	1.0000	core	core	no	no	0	
rlmB	rlmB	23S rRNA (guanosine(2251)-2'-O)-methyltransferase RlmB	50	1.0000	core	core	no	no	0	
group_1104		uroporphyrinogen-III C-methyltransferase	50	1.0000	core	core	no	no	0	
group_1094		N-acetylmuramoyl-L-alanine amidase (Sporulation-specific)	50	1.0000	core	core	no	no	0	
group_1090		Bacitracin ABC transporter ATP-binding protein	50	1.0000	core	core	no	no	0	
sdhB	sdhB	succinate dehydrogenase iron-sulfur subunit	50	1.0000	core	core	no	no	0	
pdaB	pdaB	polysaccharide deacetylase family sporulation protein PdaB	50	1.0000	core	core	no	no	0	
group_1079		Stp1/IreP family PP2C-type Ser/Thr phosphatase	50	1.0000	core	core	no	no	0	
group_1078		peptidylprolyl isomerase	50	1.0000	core	core	no	no	0	
group_1072		Electron transfer flavoprotein subunit beta	50	1.0000	core	core	no	no	0	
group_1068		Putative metabolite dehydrogenase NAD-binding	49	0.9800	core	core	no	no	1	bin_5_63_02612
group_1062		enoyl-CoA hydratase	50	1.0000	core	core	no	no	0	
codY	codY	GTP-sensing pleiotropic transcriptional regulator CodY	50	1.0000	core	core	no	no	0	
group_1058		DUF475 domain-containing protein	50	1.0000	core	core	no	no	0	
pstB	pstB	phosphate ABC transporter ATP-binding protein PstB	50	1.0000	core	core	no	no	0	
sufC	sufC	Fe-S cluster assembly ATPase SufC	49	0.9800	core	core	no	no	1	bin_5_63_00841
group_1051		Glucose 1-dehydrogenase	49	0.9800	core	core	no	no	1	bin_5_63_02631
group_1050		Sirohydrochlorin ferrochelatase	50	1.0000	core	core	no	no	0	
group_1044		type III pantothenate kinase	49	0.9800	core	core	no	no	1	bin_5_63_02734
fdhD	fdhD	formate dehydrogenase accessory sulfurtransferase FdhD	50	1.0000	core	core	no	no	0	
group_1038		Calcineurin-like phosphoesterase domain-containing protein	50	1.0000	core	core	no	no	0	
terC	terC	TerC family protein	50	1.0000	core	core	no	no	0	
yycJ	yycJ	Metallo-hydrolase YycJ	50	1.0000	core	core	no	no	0	
group_1031		DUF2268 domain-containing protein	49	0.9800	core	core	no	no	1	bin_5_63_02300
group_1030		ABC transporter substrate-binding protein	49	0.9800	core	core	no	no	1	bin_5_63_01209
group_1026	ecfT	Energy-coupling factor transporter transmembrane protein EcfT	50	1.0000	core	core	no	no	0	
soj	soj	sporulation initiation inhibitor protein Soj	50	1.0000	core	core	no	no	0	
tasA	tasA	biofilm matrix protein TasA	50	1.0000	core	core	no	no	0	
tcyA	tcyA	cystine ABC transporter substrate-binding lipoprotein TcyA	49	0.9800	core	core	no	no	1	bin_5_63_01203
cdaA	cdaA	diadenylate cyclase CdaA	50	1.0000	core	core	no	no	0	
menB	menB	14-dihydroxy-2-naphthoyl-CoA synthase	50	1.0000	core	core	no	no	0	
proC	proC	pyrroline-5-carboxylate reductase	49	0.9800	core	core	no	no	1	bin_5_63_02614
group_975		Promiscuous glyoxal/methylglyoxal reductase	50	1.0000	core	core	no	no	0	
ecfT	ecfT	Energy-coupling factor transporter transmembrane protein EcfT	50	1.0000	core	core	no	no	0	
group_968	araQ	L-arabinose transport system permease protein AraQ	50	1.0000	core	core	no	no	0	
group_967		Cell wall dl-endopeptidase phosphatase-associated protein (Major autolysin)	50	1.0000	core	core	no	no	0	
purR	purR	pur operon repressor	49	0.9800	core	core	no	no	1	bin_5_63_02759
rplB	rplB	50S ribosomal protein L2	50	1.0000	core	core	no	no	0	
araQ	araQ	L-arabinose transport system permease protein AraQ	50	1.0000	core	core	no	no	0	
group_948		energy-coupling factor ABC transporter ATP-binding protein	50	1.0000	core	core	no	no	0	
group_941		Beta-glucoside operon transcriptional antiterminator	50	1.0000	core	core	no	no	0	
group_940		Ku protein	50	1.0000	core	core	no	no	0	
ylqF	ylqF	ribosome biogenesis GTPase YlqF	50	1.0000	core	core	no	no	0	
folD	folD	bifunctional methylenetetrahydrofolate dehydrogenase/methenyltetrahydrofolate cyclohydrolase FolD	49	0.9800	core	core	no	no	1	bin_5_63_02670
rpiR	rpiR	RpiR family transcriptional regulator	50	1.0000	core	core	no	no	0	
group_922		Stage 0 sporulation protein J	50	1.0000	core	core	no	no	0	
group_921		Adenosyl-chloride synthase	50	1.0000	core	core	no	no	0	
yofA	yofA	HTH-type transcriptional regulator YofA	50	1.0000	core	core	no	no	0	
group_918		Epoxide hydrolase A	49	0.9800	core	core	no	no	1	bin_5_63_02702
yycI	yycI	Two-component system WalR/WalK regulatory protein YycI	50	1.0000	core	core	no	no	0	
group_913		Kanosamine-6-phosphate phosphatase	50	1.0000	core	core	no	no	0	
yhaX	yhaX	Stress response protein YhaX	50	1.0000	core	core	no	no	0	
ispE	ispE	4-(cytidine 5'-diphospho)-2-C-methyl-D-erythritol kinase	49	0.9800	core	core	no	no	1	bin_5_63_02760
group_910		Putative dehydrogenase	49	0.9800	core	core	no	no	1	bin_5_63_02487
group_906		Manganese ABC transporter permease	50	1.0000	core	core	no	no	0	
rsbT	rsbT	RsbT co-antagonist protein RsbRD	50	1.0000	core	core	no	no	0	
noc	noc	nucleoid occlusion protein	50	1.0000	core	core	no	no	0	
group_901		PNPLA domain-containing protein	49	0.9800	core	core	no	no	1	bin_5_63_00830
group_895	yxlF	Putative ABC transporter ATP-binding protein YxlF	50	1.0000	core	core	no	no	0	
yabG	yabG	sporulation peptidase YabG	49	0.9800	core	core	no	no	1	bin_5_63_02763
pdxS	pdxS	pyridoxal 5'-phosphate synthase subunit PdxS	50	1.0000	core	core	no	no	0	
pstA	pstA	phosphate ABC transporter permease PstA	50	1.0000	core	core	no	no	0	
group_886	lysR	LysR family transcriptional regulator	50	1.0000	core	core	no	no	0	
group_875		Iron-hydroxamate ABC transporter substrate-binding protein	49	0.9800	core	core	no	no	1	bin_5_63_01304
htpX	htpX	protease HtpX	50	1.0000	core	core	no	no	0	
group_873		Putative cation efflux system protein	50	1.0000	core	core	no	no	0	
sucD	sucD	succinate--CoA ligase subunit alpha	50	1.0000	core	core	no	no	0	
sdaAA	sdaAA	L-serine ammonia-lyase iron-sulfur-dependent subunit alpha	50	1.0000	core	core	no	no	0	
group_859		peptidylprolyl isomerase	49	0.9800	core	core	no	no	1	bin_5_63_02732
group_856		diacylglycerol kinase	49	0.9800	core	core	no	no	1	bin_5_63_00157
murB	murB	UDP-N-acetylmuramate dehydrogenase	49	0.9800	core	core	no	no	1	bin_5_63_01179
group_852	tagT	Polyisoprenyl-teichoic acid--peptidoglycan teichoic acid transferase TagT	49	0.9800	core	core	no	no	1	bin_5_63_01760
group_847		Phosphate-binding protein	50	1.0000	core	core	no	no	0	
group_846	xerC	tyrosine recombinase XerC	50	1.0000	core	core	no	no	0	
group_844		proline dehydrogenase	49	0.9800	core	core	no	no	1	bin_5_63_00593
sleB	sleB	spore cortex-lytic enzyme	49	0.9800	core	core	no	no	1	bin_5_63_01040
group_837		ABC transporter substrate-binding protein	50	1.0000	core	core	no	no	0	
cysK	cysK	cysteine synthase A	49	0.9800	core	core	no	no	1	bin_5_63_02731
hemH	hemH	ferrochelatase	50	1.0000	core	core	no	no	0	
pstC	pstC	phosphate ABC transporter permease subunit PstC	50	1.0000	core	core	no	no	0	
group_832		Putative permease	49	0.9800	core	core	no	no	1	bin_5_63_01263
ppaC	ppaC	manganese-dependent inorganic pyrophosphatase	50	1.0000	core	core	no	no	0	
yxlF	yxlF	Putative ABC transporter ATP-binding protein YxlF	50	1.0000	core	core	no	no	0	
group_825		Carbohydrate ABC transporter (Permease)	50	1.0000	core	core	no	no	0	
mntA	mntA	Manganese-binding lipoprotein MntA	50	1.0000	core	core	no	no	0	
fabH	fabH	Beta-ketoacyl-[acyl-carrier-protein] synthase III	49	0.9800	core	core	no	no	1	bin_5_63_02298
fabD	fabD	ACP S-malonyltransferase	50	1.0000	core	core	no	no	0	
rpoA	rpoA	DNA-directed RNA polymerase subunit alpha	50	1.0000	core	core	no	no	0	
ldh	ldh	L-lactate dehydrogenase	50	1.0000	core	core	no	no	0	
group_795		ribose-phosphate diphosphokinase	49	0.9800	core	core	no	no	1	bin_5_63_02755
fmt	fmt	methionyl-tRNA formyltransferase	50	1.0000	core	core	no	no	0	
yhaM	yhaM	3'-5' exoribonuclease YhaM	50	1.0000	core	core	no	no	0	
group_790		Transporter	50	1.0000	core	core	no	no	0	
group_789		DUF1385 domain-containing protein	49	0.9800	core	core	no	no	1	bin_5_63_00828
group_779		Sugar ABC transporter permease	50	1.0000	core	core	no	no	0	
spoVK	spoVK	stage V sporulation protein K	50	1.0000	core	core	no	no	0	
group_775		AAA family ATPase	50	1.0000	core	core	no	no	0	
group_774		Ferri-bacillibactin-binding lipoprotein	50	1.0000	core	core	no	no	0	
mraY	mraY	phospho-N-acetylmuramoyl-pentapeptide-transferase	49	0.9800	core	core	no	no	1	bin_5_63_02005
group_758		glutaminase	49	0.9800	core	core	no	no	1	bin_5_63_02704
ftsY	ftsY	signal recognition particle-docking protein FtsY	50	1.0000	core	core	no	no	0	
group_741		Catabolite control protein A	50	1.0000	core	core	no	no	0	
lacR	lacR	HTH-type transcriptional regulator LacR	50	1.0000	core	core	no	no	0	
group_732		Luciferase-like domain-containing protein	50	1.0000	core	core	no	no	0	
plsX	plsX	phosphate acyltransferase PlsX	50	1.0000	core	core	no	no	0	
dusB	dusB	tRNA dihydrouridine synthase DusB	50	1.0000	core	core	no	no	0	
moaA	moaA	GTP 3'8-cyclase MoaA	50	1.0000	core	core	no	no	0	
group_708		HTH lacI-type domain-containing protein	50	1.0000	core	core	no	no	0	
fliG	fliG	flagellar motor switch protein FliG	50	1.0000	core	core	no	no	0	
group_703		Acyltransferase 3 domain-containing protein	50	1.0000	core	core	no	no	0	
ysxE	ysxE	spore coat protein YsxE	49	0.9800	core	core	no	no	1	bin_5_63_01876
group_674		Acyltransferase 3 domain-containing protein	50	1.0000	core	core	no	no	0	
group_669		Transporter	49	0.9800	core	core	no	no	1	bin_5_63_02464
group_665		Biosynthesis of neotrehalosadiamine (33'-diamino-33'-dideoxy-alphabeta-trehalose) glucose-6-P 3-dehydrogenase kanosamine biosynthesis (Recent HGT island)	50	1.0000	core	core	no	no	0	
group_662	ysdC	Aminopeptidase YsdC	50	1.0000	core	core	no	no	0	
group_658		Putative cytochrome bd menaquinol oxidase subunit II	50	1.0000	core	core	no	no	0	
hemE	hemE	uroporphyrinogen decarboxylase	50	1.0000	core	core	no	no	0	
group_651		Negative regulator of the activity of sigma-M	50	1.0000	core	core	no	no	0	
group_650		Iron-sulfur cluster carrier protein	50	1.0000	core	core	no	no	0	
group_649		Germination (Cortex hydrolysis) and sporulation (Stage II multiple polar septa) lytic enzyme	50	1.0000	core	core	no	no	0	
group_646		Sensor histidine kinase	49	0.9800	core	core	no	no	1	bin_5_63_00874
group_645		Sulfate permease	50	1.0000	core	core	no	no	0	
prfA	prfA	peptide chain release factor 1	50	1.0000	core	core	no	no	0	
comGA	comGA	competence type IV pilus ATPase ComGA	50	1.0000	core	core	no	no	0	
group_638		Aromatic acid exporter family protein	49	0.9800	core	core	no	no	1	bin_5_63_02098
sunS	sunS	SPBc2 prophage-derived glycosyltransferase SunS	50	1.0000	core	core	no	no	0	
serC	serC	3-phosphoserine/phosphohydroxythreonine transaminase	50	1.0000	core	core	no	no	0	
disA	disA	DNA integrity scanning diadenylate cyclase DisA	50	1.0000	core	core	no	no	0	
rlmN	rlmN	23S rRNA (adenine(2503)-C(2))-methyltransferase RlmN	50	1.0000	core	core	no	no	0	
mcsB	mcsB	protein arginine kinase	50	1.0000	core	core	no	no	0	
murG	murG	undecaprenyldiphospho-muramoylpentapeptide beta-N-acetylglucosaminyltransferase	49	0.9800	core	core	no	no	1	bin_5_63_01180
telA	telA	Tellurite resistance protein TelA	50	1.0000	core	core	no	no	0	
gcvT	gcvT	glycine cleavage system aminomethyltransferase GcvT	50	1.0000	core	core	no	no	0	
ychF	ychF	redox-regulated ATPase YchF	50	1.0000	core	core	no	no	0	
group_594		Nitric oxide synthase oxygenase	50	1.0000	core	core	no	no	0	
stiP	stiP	Cysteine protease StiP	50	1.0000	core	core	no	no	0	
recF	recF	DNA replication/repair protein RecF	50	1.0000	core	core	no	no	0	
group_589		Response regulator aspartate phosphatase G	50	1.0000	core	core	no	no	0	
group_579		5-methyltetrahydropteroyltriglutamate--homocysteine methyltransferase	50	1.0000	core	core	no	no	0	
menC	menC	o-succinylbenzoate synthase	50	1.0000	core	core	no	no	0	
yxeP	yxeP	Putative hydrolase YxeP	50	1.0000	core	core	no	no	0	
sat	sat	Sulfate adenylyltransferase	50	1.0000	core	core	no	no	0	
group_558		L-asparaginase 2	50	1.0000	core	core	no	no	0	
group_555		methionine biosynthesis PLP-dependent protein	50	1.0000	core	core	no	no	0	
sucC	sucC	ADP-forming succinate--CoA ligase subunit beta	50	1.0000	core	core	no	no	0	
group_537		Long-chain-alcohol dehydrogenase 2	50	1.0000	core	core	no	no	0	
group_525		Long-chain-alcohol dehydrogenase 2	50	1.0000	core	core	no	no	0	
group_519		acetyl-CoA C-acetyltransferase	49	0.9800	core	core	no	no	1	bin_5_63_00853
metC	metC	cystathionine beta-lyase	50	1.0000	core	core	no	no	0	
group_510		Efflux transporter	50	1.0000	core	core	no	no	0	
natB	natB	ABC transporter permease protein NatB	49	0.9800	core	core	no	no	1	bin_5_63_02713
group_502		Putative exporter induced in acid stress	50	1.0000	core	core	no	no	0	
group_501		N-acyl-L-amino acid amidohydrolase	50	1.0000	core	core	no	no	0	
tuf	tuf	elongation factor Tu	50	1.0000	core	core	no	no	0	
group_490		aminotransferase	50	1.0000	core	core	no	no	0	
spoIIIAE	spoIIIAE	stage III sporulation protein AE	49	0.9800	core	core	no	no	1	bin_5_63_02678
thiI	thiI	putative tRNA sulfurtransferase	50	1.0000	core	core	no	no	0	
group_475		Arabinogalactan endo-beta-14-galactanase	50	1.0000	core	core	no	no	0	
yycB	yycB	Putative transporter YycB	50	1.0000	core	core	no	no	0	
coaBC	coaBC	bifunctional phosphopantothenoylcysteine decarboxylase/phosphopantothenate--cysteine ligase CoaBC	50	1.0000	core	core	no	no	0	
group_466		Cysteine desulfurase	49	0.9800	core	core	no	no	1	bin_5_63_00839
ecsB	ecsB	Protein EcsB	50	1.0000	core	core	no	no	0	
group_464		Potassium transporter	50	1.0000	core	core	no	no	0	
fdhA	fdhA	formaldehyde dehydrogenase glutathione-independent	49	0.9800	core	core	no	no	1	bin_5_63_00928
pucR	pucR	PucR family transcriptional regulator	49	0.9800	core	core	no	no	1	bin_5_63_00591
group_445		aspartate kinase	50	1.0000	core	core	no	no	0	
group_443		Fosmidomycin resistance protein	50	1.0000	core	core	no	no	0	
group_429		Major facilitator superfamily (MFS) profile domain-containing protein	50	1.0000	core	core	no	no	0	
group_420		PTS ascorbate transporter subunit IIC	50	1.0000	core	core	no	no	0	
hflX	hflX	GTPase HflX	50	1.0000	core	core	no	no	0	
group_416		MFS transporter	50	1.0000	core	core	no	no	0	
group_413		Gluconate:proton symporter	50	1.0000	core	core	no	no	0	
serS	serS	serine--tRNA ligase	50	1.0000	core	core	no	no	0	
group_408		lysine N(6)-hydroxylase/L-ornithine N(5)-oxygenase family protein	50	1.0000	core	core	no	no	0	
group_407		Glutamate:protein symporter	49	0.9800	core	core	no	no	1	bin_5_63_00292
group_402		Major facilitator superfamily (MFS) profile domain-containing protein	50	1.0000	core	core	no	no	0	
group_393		histidine kinase	50	1.0000	core	core	no	no	0	
secY	secY	preprotein translocase subunit SecY	50	1.0000	core	core	no	no	0	
group_388		Glutamate:protein symporter	50	1.0000	core	core	no	no	0	
purA	purA	adenylosuccinate synthase	50	1.0000	core	core	no	no	0	
hemL1	hemL1	glutamate-1-semialdehyde 21-aminomutase	49	0.9800	core	core	no	no	1	bin_5_63_02099
group_384		Transporter of divalent metal ions/citrate complexes	50	1.0000	core	core	no	no	0	
group_378		Spore peptidoglycan N-acetylglucosaminidase	50	1.0000	core	core	no	no	0	
trmFO	trmFO	FADH(2)-oxidizing methylenetetrahydrofolate--tRNA-(uracil(54)-C(5))-methyltransferase TrmFO	50	1.0000	core	core	no	no	0	
malF	malF	Maltose transport system permease protein MalF	50	1.0000	core	core	no	no	0	
murA	murA	UDP-N-acetylglucosamine 1-carboxyvinyltransferase	50	1.0000	core	core	no	no	0	
group_371		Permease IIC component	49	0.9800	core	core	no	no	1	bin_5_63_00217
sufD	sufD	Fe-S cluster assembly protein SufD	49	0.9800	core	core	no	no	1	bin_5_63_00840
group_358		Hydrolase	50	1.0000	core	core	no	no	0	
group_351		serine-type D-Ala-D-Ala carboxypeptidase	50	1.0000	core	core	no	no	0	
group_349		N-acetyl-2-succinyl-cysteine monooxygenase	49	0.9800	core	core	no	no	1	bin_5_63_01207
group_348		3-oxo-glucose-6-phosphate:glutamate aminotransferase	50	1.0000	core	core	no	no	0	
puuP	puuP	Putrescine importer PuuP	50	1.0000	core	core	no	no	0	
group_343		Cytochrome bd menaquinol oxidase subunit I	50	1.0000	core	core	no	no	0	
glnA	glnA	type I glutamate--ammonia ligase	50	1.0000	core	core	no	no	0	
glpT	glpT	glycerol-3-phosphate transporter	50	1.0000	core	core	no	no	0	
dnaA	dnaA	chromosomal replication initiator protein DnaA	50	1.0000	core	core	no	no	0	
brnQ	brnQ	branched-chain amino acid transport system II carrier protein	50	1.0000	core	core	no	no	0	
ffh	ffh	signal recognition particle protein	50	1.0000	core	core	no	no	0	
aceF	aceF	Dihydrolipoamide acetyltransferase component of pyruvate dehydrogenase complex	50	1.0000	core	core	no	no	0	
group_335		D-serine/D-alanine/glycine transporter	50	1.0000	core	core	no	no	0	
gcvPA	gcvPA	aminomethyl-transferring glycine dehydrogenase subunit GcvPA	50	1.0000	core	core	no	no	0	
celB	celB	PTS cellobiose transporter subunit IIC	49	0.9800	core	core	no	no	1	bin_5_63_02627
group_333		K+-transporting ATPase	50	1.0000	core	core	no	no	0	
glmM	glmM	phosphoglucosamine mutase	50	1.0000	core	core	no	no	0	
accC	accC	acetyl-CoA carboxylase biotin carboxylase subunit	49	0.9800	core	core	no	no	1	bin_5_63_02673
xseA	xseA	exodeoxyribonuclease VII large subunit	49	0.9800	core	core	no	no	1	bin_5_63_02669
dnaB	dnaB	replicative DNA helicase	50	1.0000	core	core	no	no	0	
group_321		Alkaline phosphatase 4	50	1.0000	core	core	no	no	0	
glmU	glmU	bifunctional UDP-N-acetylglucosamine diphosphorylase/glucosamine-1-phosphate N-acetyltransferase GlmU	49	0.9800	core	core	no	no	1	bin_5_63_02756
yycH	yycH	Regulatory protein YycH domain-containing protein	50	1.0000	core	core	no	no	0	
mnmE	mnmE	tRNA uridine-5-carboxymethylaminomethyl(34) synthesis GTPase MnmE	50	1.0000	core	core	no	no	0	
group_308		Cationic amino acid transporter C-terminal domain-containing protein	49	0.9800	core	core	no	no	1	bin_5_63_02700
gabP	gabP	GABA permease	50	1.0000	core	core	no	no	0	
fumC	fumC	class II fumarate hydratase	49	0.9800	core	core	no	no	1	bin_5_63_00867
sufB	sufB	Fe-S cluster assembly protein SufB	49	0.9800	core	core	no	no	1	bin_5_63_00837
hslU	hslU	HslU--HslV peptidase ATPase subunit	50	1.0000	core	core	no	no	0	
cysS	cysS	cysteine--tRNA ligase	50	1.0000	core	core	no	no	0	
group_297		tRNA(Ile)-lysidine synthase	49	0.9800	core	core	no	no	1	bin_5_63_02737
group_294		Mannoside-phospho-beta-d-glucosidase	49	0.9800	core	core	no	no	1	bin_5_63_02626
ybbR	ybbR	YbbR-like domain-containing protein YbbR	50	1.0000	core	core	no	no	0	
group_290	lpdA	dihydrolipoyl dehydrogenase	50	1.0000	core	core	no	no	0	
hemY	hemY	protoporphyrinogen oxidase	50	1.0000	core	core	no	no	0	
menF	menF	Isochorismate synthase MenF	50	1.0000	core	core	no	no	0	
group_277		aldehyde dehydrogenase (NAD(+))	49	0.9800	core	core	no	no	1	bin_5_63_01796
group_272		NodB-like y domain-containing protein	49	0.9800	core	core	no	no	1	bin_5_63_01301
aspA	aspA	aspartate ammonia-lyase	49	0.9800	core	core	no	no	1	bin_5_63_00291
gltX	gltX	glutamate--tRNA ligase	50	1.0000	core	core	no	no	0	
gcvPB	gcvPB	aminomethyl-transferring glycine dehydrogenase subunit GcvPB	50	1.0000	core	core	no	no	0	
guaB	guaB	inosine 5'-monophosphate dehydrogenase	50	1.0000	core	core	no	no	0	
bglB	bglB	Aryl-phospho-beta-d-glucosidase	50	1.0000	core	core	no	no	0	
zwf	zwf	glucose-6-phosphate dehydrogenase	49	0.9800	core	core	no	no	1	bin_5_63_02624
group_243		Na+/H+ antiporter subunit D	50	1.0000	core	core	no	no	0	
group_237		amidase	49	0.9800	core	core	no	no	1	bin_5_63_02694
group_234		Arginine decarboxylase	50	1.0000	core	core	no	no	0	
group_225		Metal-dependent carboxypeptidase	49	0.9800	core	core	no	no	1	bin_5_63_01943
group_221		Putative acyl-CoA ligase	49	0.9800	core	core	no	no	1	bin_5_63_02699
group_219		Choline transport system permease protein OpuBB	50	1.0000	core	core	no	no	0	
gntK	gntK	gluconokinase	50	1.0000	core	core	no	no	0	
cotA	cotA	Laccase	50	1.0000	core	core	no	no	0	
mglA	mglA	Galactose/methyl galactoside import ATP-binding protein MglA	50	1.0000	core	core	no	no	0	
guaA	guaA	glutamine-hydrolyzing GMP synthase	50	1.0000	core	core	no	no	0	
pruA	pruA	L-glutamate gamma-semialdehyde dehydrogenase	49	0.9800	core	core	no	no	1	bin_5_63_00592
serA	serA	phosphoglycerate dehydrogenase	49	0.9800	core	core	no	no	1	bin_5_63_01645
mbcS	mbcS	acyl-CoA synthetase MbcS	50	1.0000	core	core	no	no	0	
fliF	fliF	flagellar basal-body MS-ring/collar protein FliF	50	1.0000	core	core	no	no	0	
citS	citS	Sensor protein CitS	50	1.0000	core	core	no	no	0	
group_193		Putative component of 'biosynthetic module' domain-containing protein	50	1.0000	core	core	no	no	0	
group_189		L-lactate permease	50	1.0000	core	core	no	no	0	
rapA	rapA	RNA polymerase-associated protein RapA	50	1.0000	core	core	no	no	0	
dhaL	dhaL	DhaL domain-containing protein	50	1.0000	core	core	no	no	0	
group_177		Sulfite exporter TauE/SafE family protein	50	1.0000	core	core	no	no	0	
ezrA	ezrA	septation ring formation regulator EzrA	50	1.0000	core	core	no	no	0	
group_169		Long-chain-fatty-acid--CoA ligase	50	1.0000	core	core	no	no	0	
rqcH	rqcH	Rqc2-like protein RqcH	50	1.0000	core	core	no	no	0	
dnaX	dnaX	DNA polymerase III subunit gamma/tau	50	1.0000	core	core	no	no	0	
group_163		pyruvate oxidase	49	0.9800	core	core	no	no	1	bin_5_63_02470
sdhA	sdhA	succinate dehydrogenase flavoprotein subunit	50	1.0000	core	core	no	no	0	
uvrC	uvrC	excinuclease ABC subunit UvrC	50	1.0000	core	core	no	no	0	
group_145		Putative acyl-CoA dehydrogenase	49	0.9800	core	core	no	no	1	bin_5_63_00852
group_144		Uronase	49	0.9800	core	core	no	no	1	bin_5_63_01206
glmS	glmS	glutamine--fructose-6-phosphate transaminase (isomerizing)	50	1.0000	core	core	no	no	0	
group_131		Amino acid permease	49	0.9800	core	core	no	no	1	bin_5_63_02471
walK	walK	cell wall metabolism sensor histidine kinase WalK	50	1.0000	core	core	no	no	0	
typA	typA	translational GTPase TypA	50	1.0000	core	core	no	no	0	
group_122		Phosphotransferase system (PTS) beta-glucoside-specific enzyme IIBCA component	50	1.0000	core	core	no	no	0	
mnmG	mnmG	tRNA uridine-5-carboxymethylaminomethyl(34) synthesis enzyme MnmG	50	1.0000	core	core	no	no	0	
group_112	abc-f	ribosomal protection-like ABC-F family protein	50	1.0000	core	core	no	no	0	
dxs	dxs	1-deoxy-D-xylulose-5-phosphate synthase	49	0.9800	core	core	no	no	1	bin_5_63_02666
ftsH	ftsH	ATP-dependent zinc metalloprotease FtsH	49	0.9800	core	core	no	no	1	bin_5_63_02735
group_103		stage V sporulation protein D	49	0.9800	core	core	no	no	1	bin_5_63_02002
gyrB	gyrB	DNA gyrase subunit B	50	1.0000	core	core	no	no	0	
dinG	dinG	Putative ATP-dependent helicase DinG	49	0.9800	core	core	no	no	1	bin_5_63_01944
pknB	pknB	Stk1 family PASTA domain-containing Ser/Thr kinase	50	1.0000	core	core	no	no	0	
group_97		Cyclic-di-AMP phosphodiesterase	50	1.0000	core	core	no	no	0	
topA	topA	type I DNA topoisomerase	50	1.0000	core	core	no	no	0	
group_77		serine-type D-Ala-D-Ala carboxypeptidase	50	1.0000	core	core	no	no	0	
group_76		peptidoglycan glycosyltransferase	50	1.0000	core	core	no	no	0	
group_63		ABC-2 type transporter transmembrane domain-containing protein	50	1.0000	core	core	no	no	0	
rnr	rnr	ribonuclease R	49	0.9800	core	core	no	no	1	bin_5_63_00309
ydeP	ydeP	Protein YdeP	50	1.0000	core	core	no	no	0	
group_59		Bifunctional enoyl-CoA hydratase / 3-hydroxyacyl-CoA dehydrogenase	49	0.9800	core	core	no	no	1	bin_5_63_00854
priA	priA	primosomal protein N'	50	1.0000	core	core	no	no	0	
group_58		Na+/H+ antiporter subunit A	50	1.0000	core	core	no	no	0	
group_55		Diguanylate cyclase	50	1.0000	core	core	no	no	0	
clpC	clpC	ATP-dependent protease ATP-binding subunit ClpC	50	1.0000	core	core	no	no	0	
gyrA	gyrA	DNA gyrase subunit A	50	1.0000	core	core	no	no	0	
group_33		calcium-translocating P-type ATPase SERCA-type	50	1.0000	core	core	no	no	0	
acnA	acnA	aconitate hydratase AcnA	49	0.9800	core	core	no	no	1	bin_5_63_00079
mfd	mfd	transcription-repair coupling factor	49	0.9800	core	core	no	no	1	bin_5_63_02751
smc	smc	chromosome segregation protein SMC	50	1.0000	core	core	no	no	0	
rpoB	rpoB	DNA-directed RNA polymerase subunit beta	50	1.0000	core	core	no	no	0	
rpoC	rpoC	DNA-directed RNA polymerase subunit beta'	50	1.0000	core	core	no	no	0	
group_0		Peptide synthetase	49	0.9800	core	core	no	no	1	bin_5_63_01261
group_5386		hypothetical protein	48	0.9600	core	core	no	no	1	50_refound_1451
group_4777		Imm1 family immunity protein;Immunity protein Imm1	49	0.9800	core	core	no	no	0	
group_4606		Zn-dependent hydrolase;Hydroxyacylglutathione hydrolase;MBL fold metallo-hydrolase	49	0.9800	core	core	no	no	0	
group_4582		macro domain-containing protein;Macro domain-containing protein	49	0.9800	core	core	no	no	0	
group_4535	ridA;	Enamine deaminase RidA;Endoribonuclease	49	0.9800	core	core	no	no	0	
group_4498	pbuE	Purine efflux pump PbuE	48	0.9600	core	core	no	no	1	bin_5_63_02036
group_4496		DNA alkylation repair protein;hypothetical protein;DNA alkylation repair enzyme	48	0.9600	core	core	no	no	1	bin_5_63_02037
group_4484		Group-specific protein	48	0.9600	core	core	no	no	1	bin_5_63_02044
group_4457		hypothetical protein	49	0.9800	core	core	no	no	0	
group_4399		FMN dependent NADH:quinone oxidoreductase	48	0.9600	core	core	no	no	1	bin_5_63_00833
group_4398		Putative hydrolase;Isochorismatase-like domain-containing protein;Cysteine hydrolase	49	0.9800	core	core	no	no	0	
blaBPU	blaBPU	BPU family class D beta-lactamase	49	0.9800	core	core	no	no	0	
rlmH	rlmH	23S rRNA (pseudouridine(1915)-N(3))-methyltransferase RlmH	49	0.9800	core	core	no	no	0	
group_4357	cysL	HTH-type transcriptional regulator CysL	49	0.9800	core	core	no	no	0	
group_4355		GNAT family N-acetyltransferase;N-acetyltransferase domain-containing protein	49	0.9800	core	core	no	no	0	
group_4354		Putative cyanate permease	49	0.9800	core	core	no	no	0	
group_4332		[ribosomal protein uS5]-alanine N-acetyltransferase;GNAT family N-acetyltransferase	49	0.9800	core	core	no	no	0	
group_4330		Group-specific protein;innexin	49	0.9800	core	core	no	no	0	
group_4312		histidine kinase	48	0.9600	core	core	no	no	1	bin_5_63_00683
group_4309		MmgE/PrpD family protein	48	0.9600	core	core	no	no	1	bin_5_63_01213
group_4288		Secreted endo-xylanase	49	0.9800	core	core	no	no	0	
yfmP	yfmP	HTH-type transcriptional regulator YfmP	49	0.9800	core	core	no	no	0	
group_4242		hypothetical protein;sigma factor-like helix-turn-helix DNA-binding protein;RNA polymerase sigma factor	49	0.9800	core	core	no	no	0	
group_4206		Transcriptional regulator;Multidrug-efflux transporter 1 regulator;GyrI-like domain-containing protein	48	0.9600	core	core	no	no	1	bin_5_63_02035
pabC	pabC	aminodeoxychorismate lyase	49	0.9800	core	core	no	no	0	
group_4148		Cob(I)yrinic acid ac-diamide adenosyltransferase;Corrinoid adenosyltransferase	48	0.9600	core	core	no	no	1	bin_5_63_01139
group_4146		Sortase	48	0.9600	core	core	no	no	1	bin_5_63_02043
group_4134		Membrane protein;DUF4064 domain-containing protein	49	0.9800	core	core	no	no	0	
group_4130		Esterase;Alpha/beta hydrolase family protein	49	0.9800	core	core	no	no	0	
group_4123		hypothetical protein;Transposase	49	0.9800	core	core	no	no	0	
group_4105		Lipoprotein	48	0.9600	core	core	no	no	1	bin_5_63_02430
lysS	;lysS	Lysyl-tRNA synthetase;Aminoacyl-transfer RNA synthetases class-II family profile domain-containing protein;lysine--tRNA ligase	49	0.9800	core	core	no	no	0	
group_4017		DUF1146 domain-containing protein	48	0.9600	core	core	no	no	1	bin_5_63_02691
group_3994		Peptide ABC transporter permease	49	0.9800	core	core	no	no	0	
xkdN	xkdN;	Phage-like element PBSX protein XkdN;Phage portal protein	48	0.9600	core	core	no	no	1	bin_5_63_00966
group_3982		hypothetical protein;MFS transporter	49	0.9800	core	core	no	no	0	
acpB	;acpB	Transcriptional regulator;Capsule synthesis positive regulator AcpB	48	0.9600	core	core	no	no	1	bin_5_63_02041
group_3884		hypothetical protein	49	0.9800	core	core	no	no	0	
group_3815		DUF1540 domain-containing protein	48	0.9600	core	core	no	no	1	50_refound_1466
group_3806		Membrane protein;YesK-like family protein	48	0.9600	core	core	no	no	1	bin_5_63_00738
group_3791		Thiol-disulfide oxidoreductase DCC family protein	49	0.9800	core	core	no	no	0	
group_3786		ABC transporter permease	49	0.9800	core	core	no	no	0	
group_3769		Integral inner membrane protein;hypothetical protein;Membrane protein	49	0.9800	core	core	no	no	0	
group_3751		6-phospho-3-hexuloisomerase (PHI)	49	0.9800	core	core	no	no	0	
group_3711		ABC transporter domain-containing protein	49	0.9800	core	core	no	no	0	
ydbM	ydbM	Acyl-CoA dehydrogenase YdbM	49	0.9800	core	core	no	no	0	
group_3693		hypothetical protein	48	0.9600	core	core	no	no	1	50_refound_1465
group_3658		Tetratrico peptide repeat group 5 domain-containing protein	48	0.9600	core	core	no	no	1	bin_5_63_01588
group_3647		hypothetical protein	48	0.9600	core	core	no	no	1	bin_5_63_01613
group_3639		Aspartate racemase	49	0.9800	core	core	no	no	0	
yhaL	yhaL;	sporulation YhaL family protein;Sporulation protein	49	0.9800	core	core	no	no	0	
group_3605		Atpase involved in dna metabolism;AAA family ATPase	49	0.9800	core	core	no	no	0	
group_3527	lysM	LysM domain-containing protein	49	0.9800	core	core	no	no	0	
group_3526		DUF308 domain-containing protein	49	0.9800	core	core	no	no	0	
group_3503		hypothetical protein;Shikimate 5-dehydrogenase;Shikimate dehydrogenase (NADP(+))	49	0.9800	core	core	no	no	0	
group_3491		putative DNA-binding transcriptional regulator YafY contains an HTH and WYL domains	48	0.9600	core	core	no	no	1	bin_5_63_00680
yvrH	yvrH;	Transcriptional regulatory protein YvrH;Stage 0 sporulation A-like protein	49	0.9800	core	core	no	no	0	
group_3376		Efflux transporter	49	0.9800	core	core	no	no	0	
spaA	;spaA	Serine-aspartate repeat-containing protein D;Ig-like domain-containing protein;SpaA isopeptide-forming pilin-related protein;collagen binding domain-containing protein;Prealbumin-like fold domain-containing protein	48	0.9600	core	core	no	no	1	bin_5_63_02042
yfmL	yfmL	Putative ATP-dependent RNA helicase YfmL	49	0.9800	core	core	no	no	0	
group_3355		Major facilitator superfamily (MFS) profile domain-containing protein	49	0.9800	core	core	no	no	0	
group_3339		hypothetical protein	49	0.9800	core	core	no	no	0	
folE2	folE2;	GTP cyclohydrolase FolE2;GTP cyclohydrolase FolE2/MptA family	49	0.9800	core	core	no	no	0	
group_3195		DinB-like domain-containing protein	49	0.9800	core	core	no	no	0	
group_3011	yjcZ	Sporulation protein YjcZ	49	0.9800	core	core	no	no	0	
group_2942	;marR	HTH marR-type domain-containing protein;MarR family winged helix-turn-helix transcriptional regulator	49	0.9800	core	core	no	no	0	
group_2881		Enoyl-CoA hydratase	48	0.9600	core	core	no	no	1	bin_5_63_01406
group_2869		ATP-binding protein;histidine kinase	48	0.9600	core	core	no	no	1	bin_5_63_02705
group_2797		peptidoglycan glycosyltransferase	49	0.9800	core	core	no	no	0	
group_2795		Aminoglycoside phosphotransferase domain-containing protein	48	0.9600	core	core	no	no	1	bin_5_63_00148
group_2757		DNA alkylation repair protein	49	0.9800	core	core	no	no	0	
csbC	csbC	Putative metabolite transport protein CsbC	48	0.9600	core	core	no	no	1	bin_5_63_02217
group_2714		Pal-related lipoprotein	49	0.9800	core	core	no	no	0	
group_2641	padR	PadR family transcriptional regulator	49	0.9800	core	core	no	no	0	
group_2617		L-ribulose-5-phosphate 4-epimerase	49	0.9800	core	core	no	no	0	
araA	araA	L-arabinose isomerase	49	0.9800	core	core	no	no	0	
group_2338		hypothetical protein	49	0.9800	core	core	no	no	0	
hxlR	hxlR	HTH-type transcriptional activator HxlR	49	0.9800	core	core	no	no	0	
group_1866		General stress protein	49	0.9800	core	core	no	no	0	
yhjD	yhjD	YhjD	48	0.9600	core	core	no	no	1	bin_5_63_01407
group_1545	lepB	signal peptidase I	48	0.9600	core	core	no	no	1	bin_5_63_01409
group_1467		DUF5366 domain-containing protein	49	0.9800	core	core	no	no	0	
group_1366		Putative methyltransferase	48	0.9600	core	core	no	no	1	bin_5_63_02488
hpr	hpr	HTH-type transcriptional regulator Hpr	49	0.9800	core	core	no	no	0	
group_1354		TVP38/TMEM64 family membrane protein	48	0.9600	core	core	no	no	1	bin_5_63_01408
group_1315		3-hexulose-6-phosphate synthase	49	0.9800	core	core	no	no	0	
group_1186		Two-component response regulator for malate metabolism (MaeL)	49	0.9800	core	core	no	no	0	
yxeO	yxeO	Putative amino-acid import ATP-binding protein YxeO	49	0.9800	core	core	no	no	0	
group_1011		Inositol monophosphatase / 5' nucleotidase (Purine nucleoside monophosphate)	49	0.9800	core	core	no	no	0	
prsA	prsA	Foldase protein PrsA	49	0.9800	core	core	no	no	0	
dpaA	dpaA	dipicolinic acid synthetase subunit A	48	0.9600	core	core	no	no	1	bin_5_63_00318
group_813		Transcriptional regulator	48	0.9600	core	core	no	no	1	bin_5_63_02706
tagT	tagT	Polyisoprenyl-teichoic acid--peptidoglycan teichoic acid transferase TagT	48	0.9600	core	core	no	no	1	bin_5_63_02216
group_678		Xenosiderophore schizokinen (Dihydroxamate) transporter (Permease)	48	0.9600	core	core	no	no	1	bin_5_63_00689
group_616		Sec-c motif domain protein	48	0.9600	core	core	no	no	1	bin_5_63_02707
ispG	ispG	flavodoxin-dependent (E)-4-hydroxy-3-methylbut-2-enyl-diphosphate synthase	49	0.9800	core	core	no	no	0	
dsdX	dsdX	Permease DsdX	49	0.9800	core	core	no	no	0	
group_206	abc-f	ribosomal protection-like ABC-F family protein	49	0.9800	core	core	no	no	0	
malK	malK	malate sensor histidine kinase MalK	49	0.9800	core	core	no	no	0	
group_5332		hypothetical protein	48	0.9600	core	core	no	no	0	
cat86~~~catA	cat86;catA	type A-6 chloramphenicol O-acetyltransferase Cat86;type A chloramphenicol O-acetyltransferase	48	0.9600	core	core	no	no	0	
group_4590		Transcriptional regulator (MarR family polyamine export and degradation)	47	0.9400	shell	core	si	no	1	50_refound_1473
group_4544		CDP-glycerol glycerophosphotransferase family protein;Teichoic acid poly(Glycerol phosphate) polymerase	47	0.9400	shell	core	si	no	1	bin_5_63_02241
group_4476		FMN-binding negative transcriptional regulator;Protease;Protease synthase and sporulation protein PAI 2	48	0.9600	core	core	no	no	0	
group_4361		BD-FAE-like domain-containing protein;hypothetical protein	48	0.9600	core	core	no	no	0	
group_4336		Phage tail protein	47	0.9400	shell	core	si	no	1	bin_5_63_00975
group_4335		Baseplate protein J-like domain-containing protein	47	0.9400	shell	core	si	no	1	bin_5_63_00973
group_4327	;dinB	DinB-like domain-containing protein;DinB family protein	47	0.9400	shell	core	si	no	1	bin_5_63_02079
group_4233		Galactose oxidase;kelch repeat-containing protein;Kelch repeat protein;hypothetical protein	48	0.9600	core	core	no	no	0	
group_4229		hypothetical protein	47	0.9400	shell	core	si	no	1	50_refound_1469
group_4223		Phage portal protein	47	0.9400	shell	core	si	no	1	bin_5_63_00971
group_4186		hypothetical protein	47	0.9400	shell	core	si	no	1	bin_5_63_00948
group_4065		Cytochrome P450	48	0.9600	core	core	no	no	0	
yeeF~~~ywqJ	;yeeF;ywqJ	pre-toxin TG domain-containing protein;EndoU domain-containing protein;T7SS effector LXG polymorphic toxin;ribonuclease YeeF family protein;Ribonuclease YwqJ;hypothetical protein;LXG domain-containing protein;Transposase	47	0.9400	shell	core	si	no	1	bin_5_63_00561
group_3985		Beta-lactamase	48	0.9600	core	core	no	no	0	
group_3953		phage holin	47	0.9400	shell	core	si	no	1	bin_5_63_00984
asbA	asbA	Petrobactin biosynthesis protein AsbA	48	0.9600	core	core	no	no	0	
group_3878		hypothetical protein	47	0.9400	shell	core	si	no	1	bin_5_63_00944
group_3870		DUF3599 domain-containing protein	47	0.9400	shell	core	si	no	1	bin_5_63_00959
group_3782		N-acetylmuramoyl-L-alanine amidase (Major autolysin)	47	0.9400	shell	core	si	no	1	bin_5_63_02252
group_3741		Glyoxalase-like domain-containing protein;VOC family protein	47	0.9400	shell	core	si	no	1	bin_5_63_01267
group_3707		hypothetical protein;Prophage protein	47	0.9400	shell	core	si	no	1	bin_5_63_00701
group_3554		Putative transport protein	48	0.9600	core	core	no	no	0	
group_3553		DUF2313 domain-containing protein	47	0.9400	shell	core	si	no	1	bin_5_63_00974
group_3552		Phage portal protein	47	0.9400	shell	core	si	no	1	bin_5_63_00972
group_3539		Lipoprotein;hypothetical protein	47	0.9400	shell	core	si	no	1	bin_5_63_01492
dltC	dltC	D-alanine--poly(phosphoribitol) ligase subunit 2	47	0.9400	shell	core	si	no	1	bin_5_63_01902
psiE	;psiE	hypothetical protein;phosphate-starvation-inducible protein PsiE	47	0.9400	shell	core	si	no	1	bin_5_63_00684
group_3316		hypothetical protein	48	0.9600	core	core	no	no	0	
ylaC	;ylaC	hypothetical protein;RNA polymerase sigma factor YlaC	48	0.9600	core	core	no	no	0	
group_3213		Holliday junction resolvase	47	0.9400	shell	core	si	no	1	bin_5_63_00950
group_3207		Phage portal protein;hypothetical protein	47	0.9400	shell	core	si	no	1	bin_5_63_00970
group_3103		hypothetical protein	47	0.9400	shell	core	si	no	1	bin_5_63_00947
group_3068		Putative FMN/FAD-binding oxidoreductase;D-arabinono-14-lactone oxidase	48	0.9600	core	core	no	no	0	
group_3056		Phage portal protein	47	0.9400	shell	core	si	no	1	bin_5_63_00960
group_3047		HTH cro/C1-type domain-containing protein;helix-turn-helix transcriptional regulator	47	0.9400	shell	core	si	no	1	bin_5_63_00946
group_3012		XtrA/YqaO family protein	47	0.9400	shell	core	si	no	1	bin_5_63_00951
group_2976		Transporter	47	0.9400	shell	core	si	no	1	bin_5_63_01780
group_2830		phage portal protein;hypothetical protein	47	0.9400	shell	core	si	no	1	bin_5_63_00955
group_2805		DUF1232 domain-containing protein	47	0.9400	shell	core	si	no	1	bin_5_63_01900
group_2755		Phage portal protein	47	0.9400	shell	core	si	no	1	bin_5_63_00961
group_2729		Transcriptional family protein	48	0.9600	core	core	no	no	0	
degQ	degQ	degradation enzyme regulation protein DegQ	48	0.9600	core	core	no	no	0	
group_2456		Phage protein	47	0.9400	shell	core	si	no	1	bin_5_63_00967
group_2260		Phage protein	47	0.9400	shell	core	si	no	1	50_refound_1448
group_1969		Small toxic metabolite efflux transporter subunit	48	0.9600	core	core	no	no	0	
group_1814		HTH-type transcriptional regulator Xre	47	0.9400	shell	core	si	no	1	bin_5_63_00945
yqbG	yqbG	Protein YqbG	47	0.9400	shell	core	si	no	1	bin_5_63_00958
group_1693		Phage portal protein	47	0.9400	shell	core	si	no	1	bin_5_63_00963
group_1536		Fis family transcriptional regulator	47	0.9400	shell	core	si	no	1	bin_5_63_00952
group_1368	terS	phage terminase small subunit	47	0.9400	shell	core	si	no	1	bin_5_63_00953
lysM	lysM	LysM domain-containing protein	47	0.9400	shell	core	si	no	1	bin_5_63_00969
group_836		phage major capsid protein	47	0.9400	shell	core	si	no	1	bin_5_63_00957
xkdF	xkdF	Phage-like element PBSX protein XkdF domain-containing protein	47	0.9400	shell	core	si	no	1	bin_5_63_00956
dltD	dltD	D-alanyl-lipoteichoic acid biosynthesis protein DltD	47	0.9400	shell	core	si	no	1	bin_5_63_01901
group_366		PBSX family phage terminase large subunit	47	0.9400	shell	core	si	no	1	bin_5_63_00954
group_334		Phage tail sheath protein	47	0.9400	shell	core	si	no	1	bin_5_63_00962
group_4507		Alpha/beta fold hydrolase;alpha/beta fold hydrolase	46	0.9200	shell	core	si	no	1	bin_5_63_00834
group_4502		Flagellin;flagellin Hag	46	0.9200	shell	core	si	no	1	bin_5_63_01738
group_4447		Holin	46	0.9200	shell	core	si	no	1	bin_5_63_00983
group_4380		DUF4825 domain-containing protein;Transcriptional regulator	47	0.9400	shell	core	si	no	0	
group_4358		SMI1/KNR4 family protein;Knr4/Smi1-like domain-containing protein;SMI1 / KNR4 family protein	47	0.9400	shell	core	si	no	0	
dltB	dltB	D-alanyl-lipoteichoic acid biosynthesis protein DltB	47	0.9400	shell	core	si	no	0	
group_4292		Fe3+ hydroxamate ABC transporter substrate-binding protein;hypothetical protein	46	0.9200	shell	core	si	no	1	bin_5_63_00107
acrR	;acrR	HTH tetR-type domain-containing protein;hypothetical protein	46	0.9200	shell	core	si	no	1	bin_5_63_00835
group_4243		Anaerobic regulatory protein	47	0.9400	shell	core	si	no	0	
group_4028	dltA	D-alanine--poly(phosphoribitol) ligase subunit DltA	47	0.9400	shell	core	si	no	0	
group_4010		Yip1 domain-containing protein	47	0.9400	shell	core	si	no	0	
group_3981		ABC transporter;ABC transporter domain-containing protein	47	0.9400	shell	core	si	no	0	
group_3900		ABC transporter permease	47	0.9400	shell	core	si	no	0	
group_3240		darcynin family protein;Darcynin 2	47	0.9400	shell	core	si	no	0	
group_3124	pilZ;	PilZ domain-containing protein;cellulose synthase (UDP-forming);glycosyltransferase	46	0.9200	shell	core	si	no	1	bin_5_63_01590;bin_5_63_01589
group_2936		cytidine deaminase	47	0.9400	shell	core	si	no	0	
group_2723		General stress protein 16U	47	0.9400	shell	core	si	no	0	
group_2712		Cytochrome C	47	0.9400	shell	core	si	no	0	
group_2677		Stage II sporulation protein M	47	0.9400	shell	core	si	no	0	
group_1953		Pumilarin	47	0.9400	shell	core	si	no	0	
group_4488		HTH marR-type domain-containing protein	46	0.9200	shell	core	si	no	0	
group_4455		GNAT family N-acetyltransferase;hypothetical protein	46	0.9200	shell	core	si	no	0	
group_4448		N-acetylmuramoyl-L-alanine amidase	45	0.9000	shell	core	si	no	1	bin_5_63_00985
group_4344		hypothetical protein;DUF3887 domain-containing protein	45	0.9000	shell	core	si	no	1	bin_5_63_00629
cdiA~~~yeeF	cdiA;yeeF;	CdiA family toxin C-terminal domain-containing protein;ribonuclease YeeF family protein;Transposase;EndoU domain-containing protein;T7SS effector LXG polymorphic toxin;pre-toxin TG domain-containing protein;Pre-toxin TG domain-containing protein;hypothetical protein	46	0.9200	shell	core	si	no	0	
group_4207	tetR	TetR family transcriptional regulator	46	0.9200	shell	core	si	no	0	
group_4169		acetyl-CoA carboxylase carboxyltransferase subunit alpha	46	0.9200	shell	core	si	no	0	
group_4152		Maltose O-acetyltransferase;hypothetical protein;sugar O-acetyltransferase	45	0.9000	shell	core	si	no	1	bin_5_63_00063
group_3965		Flavin-dependent monooxygenase;hypothetical protein;FAD binding domain-containing protein	46	0.9200	shell	core	si	no	0	
group_3950	norM	putative multidrug resistance protein NorM	45	0.9000	shell	core	si	no	1	bin_5_63_01325
group_3793		hypothetical protein	46	0.9200	shell	core	si	no	0	
group_3431		ABC transporter domain-containing protein	45	0.9000	shell	core	si	no	1	bin_5_63_01324
yaaC	;yaaC	hypothetical protein;YaaC family protein	46	0.9200	shell	core	si	no	0	
nikD	nikD	Nickel import system ATP-binding protein NikD	45	0.9000	shell	core	si	no	1	bin_5_63_01323
group_2616		MFS transporter	46	0.9200	shell	core	si	no	0	
nikC	nikC	nickel ABC transporter permease subunit NikC	45	0.9000	shell	core	si	no	1	bin_5_63_01322
nikB	nikB	nickel ABC transporter permease subunit NikB	45	0.9000	shell	core	si	no	1	bin_5_63_01321
group_673		DUF4352 domain-containing protein	45	0.9000	shell	core	si	no	1	bin_5_63_02708
nikA	nikA	nickel ABC transporter substrate-binding protein	45	0.9000	shell	core	si	no	1	bin_5_63_01320
group_4505		Phage protein;hypothetical protein	45	0.9000	shell	core	si	no	0	
group_4487		Bacitracin ABC transporter permease;phosphatase PAP2 family protein	45	0.9000	shell	core	si	no	0	
yxiJ	;yxiJ	YxiJ-like protein;YxiJ family protein;YxiJ-like family protein	45	0.9000	shell	core	si	no	0	
group_4293		Alanine--anticapsin ligase	44	0.8800	shell	shell	si	no	1	bin_5_63_01571
group_4085		Arabinose metabolism transcriptional repressor	45	0.9000	shell	core	si	no	0	
group_3904		DUF3916 domain-containing protein;Group-specific protein;hypothetical protein	44	0.8800	shell	shell	si	no	1	bin_5_63_00140
group_3867		alpha-glucosyltransferase N-terminal domain-containing protein;Poly(Glycerol-phosphate) alpha-glucosyltransferase	44	0.8800	shell	shell	si	no	1	bin_5_63_02240
group_3843		Cyclohexenol-containing tetrahydro-4-hydroxyphenylpyruvate H(4)HPP in bacilysin synthesis	44	0.8800	shell	shell	si	no	1	bin_5_63_01569
ydhP	ydhP;	Inner membrane transport protein YdhP;hypothetical protein;MFS transporter	44	0.8800	shell	shell	si	no	1	bin_5_63_01577
group_3624		DUF4083 domain-containing protein	45	0.9000	shell	core	si	no	0	
group_3585		SMI1 / KNR4 family protein;Knr4/Smi1-like domain-containing protein;SMI1/KNR4 family protein;hypothetical protein	44	0.8800	shell	shell	si	no	1	bin_5_63_00163
group_3392		Aminotransferase	44	0.8800	shell	shell	si	no	1	bin_5_63_01570
group_3391		Dihydroanticapsin 7-dehydrogenase	44	0.8800	shell	shell	si	no	1	bin_5_63_01572
group_3005		Integral inner membrane protein	44	0.8800	shell	shell	si	no	1	bin_5_63_01629
group_2815		Group-specific protein	44	0.8800	shell	shell	si	no	1	bin_5_63_01628
bacA	bacA	Bacilysin biosynthesis protein BacA	44	0.8800	shell	shell	si	no	1	bin_5_63_01574
group_1347		Phage protein	45	0.9000	shell	core	si	no	0	
group_1187		H2HPP isomerase	44	0.8800	shell	shell	si	no	1	bin_5_63_01573
group_4771		2-pyrone-46-dicarboxylate hydrolase;amidohydrolase family protein	44	0.8800	shell	shell	si	no	0	
group_4494		Nitrite reductase;Assimilatory nitrite reductase [NAD(P)H] small subunit	43	0.8600	shell	shell	si	no	1	bin_5_63_02295
group_4244		hypothetical protein	44	0.8800	shell	shell	si	no	0	
group_4190		Nitrite reductase [NAD(P)H];NAD(P)H-nitrite reductase large subunit	43	0.8600	shell	shell	si	no	1	bin_5_63_02294
group_4129		Pentapeptide repeat-containing protein	44	0.8800	shell	shell	si	no	0	
group_4099		hypothetical protein	44	0.8800	shell	shell	si	no	0	
group_3951		hypothetical protein	43	0.8600	shell	shell	si	no	1	bin_5_63_00777
group_3936		hypothetical protein	43	0.8600	shell	shell	si	no	1	bin_5_63_01951
group_3233		NAD(P)/FAD-dependent oxidoreductase;(2Fe-2S)-binding protein	43	0.8600	shell	shell	si	no	1	bin_5_63_02292
group_3201		Anti-sigma factor	44	0.8800	shell	shell	si	no	0	
group_3148		MFS transporter;Nitrate transporter	43	0.8600	shell	shell	si	no	1	bin_5_63_02291
nasC	;nasC	hypothetical protein;Assimilatory nitrate reductase large subunit;assimilatory nitrate reductase catalytic subunit NasC	43	0.8600	shell	shell	si	no	1	bin_5_63_02293
group_4739		Group-specific protein	42	0.8400	shell	shell	si	no	1	bin_5_63_00300
group_4597		Putative N-acetyltransferase putative phage region;GNAT family N-acetyltransferase	43	0.8600	shell	shell	si	no	0	
group_4588		Virginiamycin A acetyltransferase;CatB-related O-acetyltransferase	42	0.8400	shell	shell	si	no	1	bin_5_63_01828
group_4504		Integron gene cassette protein;hypothetical protein	43	0.8600	shell	shell	si	no	0	
group_4452		hypothetical protein	43	0.8600	shell	shell	si	no	0	
yesK	;yesK	YesK-like protein;YesK family protein	43	0.8600	shell	shell	si	no	0	
group_4308		Regulator of ribonuclease activity-like protein	43	0.8600	shell	shell	si	no	0	
group_4307		C4-dicarboxylate ABC transporter permease	43	0.8600	shell	shell	si	no	0	
group_4235		Cardiolipin synthase N-terminal domain-containing protein	43	0.8600	shell	shell	si	no	0	
group_3706		DUF255 domain-containing protein	43	0.8600	shell	shell	si	no	0	
group_3669		DUF5301 domain-containing protein	43	0.8600	shell	shell	si	no	0	
murR	murR	HTH-type transcriptional regulator MurR	43	0.8600	shell	shell	si	no	0	
lysR~~~ywqM	lysR;ywqM	LysR family transcriptional regulator substrate-binding protein;Uncharacterized HTH-type transcriptional regulator YwqM	43	0.8600	shell	shell	si	no	0	
group_3435		Group-specific protein	43	0.8600	shell	shell	si	no	0	
group_3434		2-hydroxy-3-oxopropionate reductase	43	0.8600	shell	shell	si	no	0	
group_3360		DUF4288 domain-containing protein	42	0.8400	shell	shell	si	no	1	bin_5_63_01518
group_3154		H+/Na+:nitrogen-donor aminoacid symporter;Sodium:alanine symporter family protein	43	0.8600	shell	shell	si	no	0	
group_3054		CotZ-related putative spore coat protein	43	0.8600	shell	shell	si	no	0	
group_2724		Iron-containing alcohol dehydrogenase	43	0.8600	shell	shell	si	no	0	
group_1896		Endospore appendages core domain-containing protein	43	0.8600	shell	shell	si	no	0	
group_5134		Transposase	41	0.8200	shell	shell	si	no	1	50_refound_1449
mutT	mutT;	DNA mismatch repair protein MutT;NUDIX hydrolase	42	0.8400	shell	shell	si	no	0	
group_4769		DUF2200 domain-containing protein;hypothetical protein	42	0.8400	shell	shell	si	no	0	
group_4599		DUF2187 domain-containing protein	42	0.8400	shell	shell	si	no	0	
group_4591	;hxlR	helix-turn-helix domain-containing protein;HTH hxlR-type domain-containing protein;HxlR family transcriptional regulator	42	0.8400	shell	shell	si	no	0	
group_4553		GNAT family N-acetyltransferase;GNAT family acetyltransferase;N-acetyltransferase domain-containing protein	42	0.8400	shell	shell	si	no	0	
group_4520	leuA	2-isopropylmalate synthase	41	0.8200	shell	shell	si	no	1	bin_5_63_00099
group_4501		Group-specific protein;sugar porter family MFS transporter	42	0.8400	shell	shell	si	no	0	
group_4485		NAD(P)H-dependent oxidoreductase;FMN-dependent NADH-azoreductase	42	0.8400	shell	shell	si	no	0	
group_4363		Group-specific protein	41	0.8200	shell	shell	si	no	1	bin_5_63_01585
araC~~~chbR	araC;chbR;	AraC family transcriptional regulator;HTH-type transcriptional regulator ChbR;HTH araC/xylS-type domain-containing protein	41	0.8200	shell	shell	si	no	1	bin_5_63_00098
group_4239		hypothetical protein	42	0.8400	shell	shell	si	no	0	
group_4168		Lipoprotein	41	0.8200	shell	shell	si	no	1	bin_5_63_01223
group_4154		Putative DNA-binding protein;HTH cro/C1-type domain-containing protein	42	0.8400	shell	shell	si	no	0	
group_4078		Alcohol dehydrogenase-like N-terminal domain-containing protein;Putative oxidoreductase (Involving bacillithiol)	41	0.8200	shell	shell	si	no	1	bin_5_63_02697
group_4031		Biofilm forming exported protein	41	0.8200	shell	shell	si	no	1	bin_5_63_00986
group_3302	;fabF	beta-ketoacyl-[acyl-carrier-protein] synthase family protein;Beta-ketoacyl synthase-like N-terminal domain-containing protein;beta-ketoacyl-ACP synthase II	42	0.8400	shell	shell	si	no	0	
group_2782		hypothetical protein	41	0.8200	shell	shell	si	no	1	bin_5_63_00718
group_4515		DUF1433 domain-containing protein;Secreted lipoprotein	41	0.8200	shell	shell	si	no	0	
opp1C	opp1C	nickel/cobalt ABC transporter permease	40	0.8000	shell	shell	si	no	1	bin_5_63_01297
group_4279	nikA	nickel ABC transporter substrate-binding protein	40	0.8000	shell	shell	si	no	1	bin_5_63_01295
group_4009		Sigma-54-dependent Fis family transcriptional regulator	40	0.8000	shell	shell	si	no	1	bin_5_63_01135
group_3637		ABC transporter ATP-binding protein;hypothetical protein	40	0.8000	shell	shell	si	no	1	bin_5_63_01298;bin_5_63_01299
group_3615		DUF1433 domain-containing protein;Secreted lipoprotein	41	0.8200	shell	shell	si	no	0	
bclA	bclA;	BclA C-terminal domain-containing protein;hypothetical protein;Collagen-like protein;collagen-like protein	41	0.8200	shell	shell	si	no	0	
group_3405		Alcohol dehydrogenase	40	0.8000	shell	shell	si	no	1	bin_5_63_01132
opp1B	opp1B	nickel/cobalt ABC transporter permease	40	0.8000	shell	shell	si	no	1	bin_5_63_01296
group_3290		Monooxygenase;NAD(P)/FAD-dependent oxidoreductase;FAD-dependent monooxygenase	41	0.8200	shell	shell	si	no	0	
group_3197		GyrI-like domain-containing protein;helix-turn-helix domain-containing protein;HTH araC/xylS-type domain-containing protein	40	0.8000	shell	shell	si	no	1	bin_5_63_01266
group_2991		hypothetical protein;SDR family oxidoreductase;3-ketoacyl-ACP reductase	40	0.8000	shell	shell	si	no	1	bin_5_63_01138
group_2866		Serine aminopeptidase S33	40	0.8000	shell	shell	si	no	1	bin_5_63_00686
group_2773	dapA	4-hydroxy-tetrahydrodipicolinate synthase	40	0.8000	shell	shell	si	no	1	bin_5_63_01131
group_2674		Glycosyl hydrolase	40	0.8000	shell	shell	si	no	1	bin_5_63_01134
group_2673		Type iii effector hrp-dependent outer protein	40	0.8000	shell	shell	si	no	1	bin_5_63_01136
group_2620		Holin-like toxin	41	0.8200	shell	shell	si	no	0	
pdxA	pdxA	4-hydroxythreonine-4-phosphate dehydrogenase PdxA	40	0.8000	shell	shell	si	no	1	bin_5_63_01137
group_298		Sodium/glucose cotransporter	40	0.8000	shell	shell	si	no	1	bin_5_63_01133
group_4472		hypothetical protein	39	0.7800	shell	shell	si	no	1	bin_5_63_00504
group_4135		Bacitracin ABC transporter permease	40	0.8000	shell	shell	si	no	0	
group_4100	yeeF;	Ribonuclease YeeF;DNA/RNA non-specific endonuclease;LXG domain-containing protein	40	0.8000	shell	shell	si	no	0	
group_3845	;dsbA	DSBA oxidoreductase;DsbA family protein	40	0.8000	shell	shell	si	no	0	
group_3742		hypothetical protein;FMN dependent NADH:quinone oxidoreductase	40	0.8000	shell	shell	si	no	0	
group_3576		ABC transporter substrate-binding protein	39	0.7800	shell	shell	si	no	1	bin_5_63_02308
oppC	oppC	Oligopeptide transport system permease protein OppC	39	0.7800	shell	shell	si	no	1	bin_5_63_02310
group_3415		DUF4097 domain-containing protein;hypothetical protein	40	0.8000	shell	shell	si	no	0	
ybaK	ybaK;	Cys-tRNA(Pro)/Cys-tRNA(Cys) deacylase YbaK;YbaK/EbsC family protein	39	0.7800	shell	shell	si	no	1	bin_5_63_00097
group_2989	tetR	TetR family transcriptional regulator	40	0.8000	shell	shell	si	no	0	
group_2954	tetR	TetR family transcriptional regulator	40	0.8000	shell	shell	si	no	0	
oppB	oppB	Oligopeptide transport system permease protein OppB	39	0.7800	shell	shell	si	no	1	bin_5_63_02309
group_299		Amino acid permease	40	0.8000	shell	shell	si	no	0	
group_4574	;xkdX	Phage portal protein;XkdX family protein	38	0.7600	shell	shell	si	no	1	bin_5_63_00978
xkdW~~~yorD	xkdW;;yorD	XkdW family protein;Phage portal protein;Bacteriophage SP-beta YorD domain-containing protein	38	0.7600	shell	shell	si	no	1	bin_5_63_00977
group_3869		Terminase;C1q domain-containing protein	38	0.7600	shell	shell	si	no	1	bin_5_63_00976
group_3643		Integron-associated effector binding protein domain-containing protein	39	0.7800	shell	shell	si	no	0	
group_1285		Oxidoreductase	39	0.7800	shell	shell	si	no	0	
group_5320		hypothetical protein	38	0.7600	shell	shell	si	no	0	
group_4909		Acetyl xylan esterase;sialate O-acetylesterase;hypothetical protein	38	0.7600	shell	shell	si	no	0	
group_4364		SMI1/KNR4 family protein;SMI1 / KNR4 family protein;Knr4/Smi1-like domain-containing protein	38	0.7600	shell	shell	si	no	0	
group_4339	lpdA;	dihydrolipoyl dehydrogenase;FAD-dependent oxidoreductase	37	0.7400	shell	shell	si	no	1	bin_5_63_00051
group_3916		Lipoprotein	37	0.7400	shell	shell	si	no	1	bin_5_63_00783
group_3734		Transglycosylase;transglycosylase SLT domain-containing protein;hypothetical protein;Transglycosylase SLT domain-containing protein	37	0.7400	shell	shell	si	no	1	bin_5_63_00968
group_3716		hypothetical protein	38	0.7600	shell	shell	si	no	0	
group_3688		Sigma-54-dependent Fis family transcriptional regulator;Transcriptional regulator (AcoR-acetoin)	37	0.7400	shell	shell	si	no	1	bin_5_63_00050
group_3677		Dienelactone hydrolase;dienelactone hydrolase family protein;Dienelactone hydrolase domain-containing protein	38	0.7600	shell	shell	si	no	0	
ssuD	ssuD	FMNH2-dependent alkanesulfonate monooxygenase	37	0.7400	shell	shell	si	no	1	bin_5_63_00776
group_3560		Dihydrolipoamide acetyltransferase component of pyruvate dehydrogenase complex	37	0.7400	shell	shell	si	no	1	bin_5_63_00052
group_3559		Acetoin dehydrogenase E1 component (TPP-dependent alpha subunit)	37	0.7400	shell	shell	si	no	1	bin_5_63_00054
group_2855		Sulfonate ABC transporter ATP-binding protein	37	0.7400	shell	shell	si	no	1	bin_5_63_00773
group_2698		hypothetical protein	37	0.7400	shell	shell	si	no	1	50_refound_1456
group_2470		hypothetical protein	38	0.7600	shell	shell	si	no	0	
group_961		ABC transporter permease	37	0.7400	shell	shell	si	no	1	bin_5_63_00775
group_740		Aliphatic sulfonates-binding protein	37	0.7400	shell	shell	si	no	1	bin_5_63_00774
group_677		Acetoin dehydrogenase E1 component (TPP-dependent beta subunit)	37	0.7400	shell	shell	si	no	1	bin_5_63_00053
group_5406		hypothetical protein	37	0.7400	shell	shell	si	no	0	
group_5158		hypothetical protein	37	0.7400	shell	shell	si	no	0	
group_4962		Peptidase M48;Ste24 endopeptidase;M48 family metalloprotease	36	0.7200	shell	shell	si	no	1	bin_5_63_01765
group_4751		hypothetical protein;Phage protein;Bacteriocin immunity protein	36	0.7200	shell	shell	si	no	1	bin_5_63_01584
group_4527	tetR;	Transcriptional regulator TetR family;TetR/AcrR family transcriptional regulator;Transcriptional regulator	37	0.7400	shell	shell	si	no	0	
group_4316		VOC family protein;Glyoxalase/bleomycin resistance protein/dioxygenase	37	0.7400	shell	shell	si	no	0	
group_4230	cdiA;	CdiA family toxin C-terminal domain-containing protein;T7SS effector LXG polymorphic toxin;Transposase;hypothetical protein;Ribonuclease type II toxin of the RtbD-RtbE toxin-antitoxin system;HNH endonuclease	36	0.7200	shell	shell	si	no	1	bin_5_63_01582
group_4045	gntR	GntR family transcriptional regulator	37	0.7400	shell	shell	si	no	0	
group_4044		GNAT family N-acetyltransferase	37	0.7400	shell	shell	si	no	0	
group_5327		hypothetical protein	36	0.7200	shell	shell	si	no	0	
skfE	skfE	SkfA peptide export ATP-binding protein SkfE	36	0.7200	shell	shell	si	no	0	
group_3856		HEAT repeat domain-containing protein	36	0.7200	shell	shell	si	no	0	
skfF	skfF	sporulation killing factor system integral membrane protein	36	0.7200	shell	shell	si	no	0	
group_3014		hypothetical protein	36	0.7200	shell	shell	si	no	0	
group_2898		ABC transporter permease component involved in resistance to cell wall inhibitors	35	0.7000	shell	shell	si	no	1	bin_5_63_00267
group_4422		Sibling killing effect sporulation killing factor biosynthesis and export;thioredoxin family protein	35	0.7000	shell	shell	si	no	0	
group_4210		ABC transporter ATP-binding protein;hypothetical protein;Antibiotic ABC transporter ATP-binding protein	35	0.7000	shell	shell	si	no	0	
group_4209		ABC transporter permease;ABC transmembrane type-2 domain-containing protein	35	0.7000	shell	shell	si	no	0	
tcyN	tcyN	L-cystine import ATP-binding protein TcyN	34	0.6800	shell	shell	si	no	1	bin_5_63_01596
tcyM	tcyM	L-cystine transport system permease protein TcyM	34	0.6800	shell	shell	si	no	1	bin_5_63_01597
ssuE	ssuE;	NADPH-dependent FMN reductase;hypothetical protein	34	0.6800	shell	shell	si	no	1	bin_5_63_01603
group_3537		hypothetical protein;Dephospho-CoA kinase	34	0.6800	shell	shell	si	no	1	bin_5_63_01939
group_3451	arsC;	arsenate reductase (thioredoxin);Arsenate reductase	35	0.7000	shell	shell	si	no	0	
dinB	dinB;	DinB family protein;Squalene-hopene cyclase	35	0.7000	shell	shell	si	no	0	
group_3200		Manganese containing catalase;Putative manganese catalase	34	0.6800	shell	shell	si	no	1	bin_5_63_00932
group_3186		Monooxygenase (S-alkyl substrates)	34	0.6800	shell	shell	si	no	1	bin_5_63_01602
group_3174		Ribosome-associated ATPase;ABC transporter permease	35	0.7000	shell	shell	si	no	0	
group_3048		hypothetical protein	34	0.6800	shell	shell	si	no	1	bin_5_63_01517
group_3001		hypothetical protein	35	0.7000	shell	shell	si	no	0	
ytmI	ytmI	Putative N-acetyltransferase YtmI	34	0.6800	shell	shell	si	no	1	bin_5_63_01600
group_2929		VHS domain-containing protein	34	0.6800	shell	shell	si	no	1	bin_5_63_02630
group_2907		SnoaL-like domain-containing protein	34	0.6800	shell	shell	si	no	1	bin_5_63_02020
group_2848		Redoxin	34	0.6800	shell	shell	si	no	1	bin_5_63_01601
tcyL	tcyL	L-cystine transport system permease protein TcyL	34	0.6800	shell	shell	si	no	1	bin_5_63_01599
tcyK	tcyK	L-cystine-binding protein TcyK	34	0.6800	shell	shell	si	no	1	bin_5_63_01598
cynR	cynR	HTH-type transcriptional regulator CynR	34	0.6800	shell	shell	si	no	1	bin_5_63_01604
group_346		Monooxygenase (S-alkyl substrates)	34	0.6800	shell	shell	si	no	1	bin_5_63_01605
group_4640		HEAT repeat domain-containing protein	34	0.6800	shell	shell	si	no	0	
group_4542	rapH	RapH phosphatase inhibitor	34	0.6800	shell	shell	si	no	0	
group_4497		hypothetical protein	33	0.6600	shell	shell	si	no	1	bin_5_63_02034
group_4353		Iron-siderophore ABC transporter substrate-binding protein	33	0.6600	shell	shell	si	no	1	bin_5_63_01293
group_4315		Arsenical pump membrane protein	34	0.6800	shell	shell	si	no	0	
group_4094	;ftsW	FtsW/RodA/SpoVE family cell cycle protein;Cell division protein FtsW	34	0.6800	shell	shell	si	no	0	
ywzG	ywzG	Putative DNA-binding protein YwzG	34	0.6800	shell	shell	si	no	0	
group_3648		Immunity protein 30 domain-containing protein	34	0.6800	shell	shell	si	no	0	
group_3540		VOC family protein;Glyoxalase	34	0.6800	shell	shell	si	no	0	
group_3510		DUF3953 domain-containing protein	34	0.6800	shell	shell	si	no	0	
group_3450	arsR	ArsR family transcriptional regulator	34	0.6800	shell	shell	si	no	0	
group_5428		hypothetical protein	32	0.6400	shell	shell	si	no	1	bin_5_63_02684
bclA~~~slc2	bclA;;slc2	BclA C-terminal domain-containing protein;hypothetical protein;LPXTG-anchored collagen-like adhesin Scl2/SclB;collagen-like repeat preface domain-containing protein;S-layer family protein;beta strand repeat-containing protein	32	0.6400	shell	shell	si	no	1	bin_5_63_01827
group_4349	eamA	EamA domain-containing protein	32	0.6400	shell	shell	si	no	1	bin_5_63_02479
gntR~~~ydhC	gntR;ydhC	GntR family transcriptional regulator;Putative HTH-type transcriptional regulator YdhC	32	0.6400	shell	shell	si	no	1	bin_5_63_02481
group_4267		Imm64 family immunity protein;Immunity protein 64	33	0.6600	shell	shell	si	no	0	
group_4191		tartrate dehydrogenase	32	0.6400	shell	shell	si	no	1	bin_5_63_02478
mauE	mauE	Methylamine utilisation protein MauE	32	0.6400	shell	shell	si	no	1	bin_5_63_02165
group_4112		Peptidase M15B and M15C DD-carboxypeptidase VanY/endolysin	33	0.6600	shell	shell	si	no	0	
araC~~~adaA	araC;adaA;	AraC family transcriptional regulator;Bifunctional transcriptional activator/DNA repair enzyme AdaA;HTH araC/xylS-type domain-containing protein	32	0.6400	shell	shell	si	no	1	bin_5_63_02480
msbA	;msbA	ABC transporter ATP-binding protein;hypothetical protein;Lipid A export ATP-binding/permease protein MsbA	32	0.6400	shell	shell	si	no	1	bin_5_63_02164
group_2992		Thiol-disulfide oxidoreductase	32	0.6400	shell	shell	si	no	1	bin_5_63_02166
group_801		N-acetylneuraminate lyase	32	0.6400	shell	shell	si	no	1	bin_5_63_00602
group_721		Catabolite control protein A	32	0.6400	shell	shell	si	no	1	bin_5_63_00601
group_311		Major facilitator superfamily (MFS) profile domain-containing protein	32	0.6400	shell	shell	si	no	1	bin_5_63_00600
group_5331		hypothetical protein	32	0.6400	shell	shell	si	no	0	
group_4197		hypothetical protein	31	0.6200	shell	shell	si	no	1	bin_5_63_00299
group_3511		GNAT family N-acetyltransferase;Ribosomal-protein-serine acetyltransferase	31	0.6200	shell	shell	si	no	1	bin_5_63_02014
group_3270		DUF3885 domain-containing protein;hypothetical protein	32	0.6400	shell	shell	si	no	0	
group_2672		Thiol:disulfide interchange protein	32	0.6400	shell	shell	si	no	0	
group_2323		Lantibiotic	32	0.6400	shell	shell	si	no	0	
group_1770		Small acid-soluble spore protein gamma-type	32	0.6400	shell	shell	si	no	0	
group_4946	xkdX	XkdX family protein	30	0.6000	shell	shell	si	no	1	bin_5_63_00982
group_4421		DUF3986 domain-containing protein	31	0.6200	shell	shell	si	no	0	
group_4159		DMT family transporter	31	0.6200	shell	shell	si	no	0	
group_3239		GNAT family N-acetyltransferase	31	0.6200	shell	shell	si	no	0	
group_3029		DMT superfamily drug/metabolite transporter	31	0.6200	shell	shell	si	no	0	
group_3016	arsR	DNA-binding transcriptional repressor ArsR	31	0.6200	shell	shell	si	no	0	
ycaD	ycaD	Putative MFS-type transporter YcaD	30	0.6000	shell	shell	si	no	1	bin_5_63_02015
group_4817		hypothetical protein;C1q domain-containing protein	29	0.5800	shell	shell	si	no	1	bin_5_63_00980
group_4774		Phage portal protein;Putative tail phage assembly protein phage SPbeta	29	0.5800	shell	shell	si	no	1	bin_5_63_00981
group_4298	lpdA;	dihydrolipoyl dehydrogenase;Pyridine nucleotide-disulphide oxidoreductase dimerisation domain-containing protein;FAD-dependent oxidoreductase	30	0.6000	shell	shell	si	no	0	
group_4287		hypothetical protein;Group-specific protein	30	0.6000	shell	shell	si	no	0	
group_4241	;yqcG	T7SS effector LXG polymorphic toxin;Ribonuclease YqcG;Transposase;pre-toxin TG domain-containing protein;Sugar-binding protein	30	0.6000	shell	shell	si	no	0	
group_4109		Aminoglycoside phosphotransferase domain-containing protein	30	0.6000	shell	shell	si	no	0	
group_3152		hypothetical protein;Phospholipase/carboxylesterase/thioesterase domain-containing protein;dienelactone hydrolase family protein;alpha/beta hydrolase-fold protein;Peptidase	29	0.5800	shell	shell	si	no	1	bin_5_63_01546
group_5402		hypothetical protein	29	0.5800	shell	shell	si	no	0	
group_4524		hypothetical protein	28	0.5600	shell	shell	si	no	1	bin_5_63_00106
ydeB	;ydeB	CarD-like/TRCF RNAP-interacting domain-containing protein;Transcription factor YdeB	28	0.5600	shell	shell	si	no	1	bin_5_63_00515
group_4192	;cdiI	contact-dependent growth inhibition system immunity protein;CdiI immunity protein domain-containing protein	29	0.5800	shell	shell	si	no	0	
group_3975		Polyprenyl synthetase family protein;Quorum-sensing protein	29	0.5800	shell	shell	si	no	0	
group_3700		DUF4352 domain-containing protein	28	0.5600	shell	shell	si	no	1	bin_5_63_01355
group_3395		hypothetical protein	28	0.5600	shell	shell	si	no	1	bin_5_63_00667
group_3157		Rhs-associated protein	29	0.5800	shell	shell	si	no	0	
group_2804		hypothetical protein	29	0.5800	shell	shell	si	no	0	
group_4930		Aspartate phosphatase;response regulator aspartate phosphatase H N terminal	28	0.5600	shell	shell	si	no	0	
group_4758		DNA-binding protein;hypothetical protein	28	0.5600	shell	shell	si	no	0	
group_4516		DUF1433 domain-containing protein;hypothetical protein;Secreted lipoprotein	28	0.5600	shell	shell	si	no	0	
group_4503		hypothetical protein	28	0.5600	shell	shell	si	no	0	
group_4462		isopeptide-forming domain-containing fimbrial protein;DUF11 domain-containing protein;Cell surface protein;Isopeptide-forming domain-containing fimbrial protein;LPXTG cell wall anchor domain-containing protein	27	0.5400	shell	shell	si	no	1	bin_5_63_01198
group_4413		Group-specific protein;Phosphoesterase	28	0.5600	shell	shell	si	no	0	
group_4386	comX	competence pheromone ComX;ComX pheromone	28	0.5600	shell	shell	si	no	0	
group_4333		Response regulator aspartate phosphatase G	28	0.5600	shell	shell	si	no	0	
group_4282		hypothetical protein	28	0.5600	shell	shell	si	no	0	
group_4183		2-hydroxy-6-oxo-6-phenylhexa-24-dienoate hydrolase	27	0.5400	shell	shell	si	no	1	bin_5_63_00517
group_4180		DUF2651 domain-containing protein	28	0.5600	shell	shell	si	no	0	
group_4163		Transcriptional regulator;AbrB/MazE/SpoVT family DNA-binding domain-containing protein	27	0.5400	shell	shell	si	no	1	bin_5_63_01200
group_4137		hypothetical protein	28	0.5600	shell	shell	si	no	0	
group_3696		hypothetical protein	28	0.5600	shell	shell	si	no	0	
group_3638		Aminoglycoside phosphotransferase domain-containing protein;phosphotransferase	28	0.5600	shell	shell	si	no	0	
group_3541		hypothetical protein	28	0.5600	shell	shell	si	no	0	
group_3378		PTS beta-glucoside transporter subunit IIABC;PTS transporter subunit EIIC	28	0.5600	shell	shell	si	no	0	
group_3128		hypothetical protein	28	0.5600	shell	shell	si	no	0	
group_2759		N-acetyltransferase domain-containing protein	28	0.5600	shell	shell	si	no	0	
group_951	licT	Transcription antiterminator LicT	28	0.5600	shell	shell	si	no	0	
bglH	bglH	Aryl-phospho-beta-D-glucosidase BglH	28	0.5600	shell	shell	si	no	0	
group_4482		DUF2247 domain-containing protein	27	0.5400	shell	shell	si	no	0	
group_4461		Class D sortase	26	0.5200	shell	shell	si	no	1	bin_5_63_01199
group_4290		Pyrethroid hydrolase;Alpha/beta hydrolase	27	0.5400	shell	shell	si	no	0	
rapH	rapH;	RapH N-terminal domain-containing protein;tetratricopeptide repeat protein;Response regulator aspartate phosphatase E	27	0.5400	shell	shell	si	no	0	
group_3907		Membrane protein;hypothetical protein;Cytochrome c-type biogenesis protein DsbD protein-disulfide reductase	27	0.5400	shell	shell	si	no	0	
group_3842		hypothetical protein	27	0.5400	shell	shell	si	no	0	
group_3237		Group-specific protein;Imm26 family immunity protein;Immunity protein 26	27	0.5400	shell	shell	si	no	0	
group_3168		hypothetical protein;DUF4901 domain-containing protein	26	0.5200	shell	shell	si	no	1	bin_5_63_02039
rapA2	rapA2	RapA2 cadherin-like domain-containing protein	27	0.5400	shell	shell	si	no	0	
tetD~~~araC	;tetD;araC	hypothetical protein;Transposon Tn10 TetD protein;AraC family transcriptional regulator;helix-turn-helix domain-containing protein;helix-turn-helix transcriptional regulator	25	0.5000	shell	shell	si	no	1	bin_5_63_00102;bin_5_63_00101
group_4592		hypothetical protein	26	0.5200	shell	shell	si	no	0	
group_4251		DUF2750 domain-containing protein	26	0.5200	shell	shell	si	no	0	
group_4171		EF-hand domain-containing protein	26	0.5200	shell	shell	si	no	0	
group_4113		Polyamine N-acetyltransferase;hypothetical protein	26	0.5200	shell	shell	si	no	0	
group_4104		Group-specific protein	26	0.5200	shell	shell	si	no	0	
group_4018		hypothetical protein	26	0.5200	shell	shell	si	no	0	
group_3955		hypothetical protein	26	0.5200	shell	shell	si	no	0	
group_3844		hypothetical protein	26	0.5200	shell	shell	si	no	0	
group_3499		hypothetical protein	26	0.5200	shell	shell	si	no	0	
group_3266		hypothetical protein	26	0.5200	shell	shell	si	no	0	
group_2801		hypothetical protein	26	0.5200	shell	shell	si	no	0	
group_4912		ABC transporter ATP-binding protein;ABC transporter ATPase;ABC transporter domain-containing protein	25	0.5000	shell	shell	si	no	0	
group_4767		Group-specific protein	25	0.5000	shell	shell	si	no	0	
group_4764		Tetratricopeptide repeat protein;Aspartate phosphatase;hypothetical protein	25	0.5000	shell	shell	si	no	0	
group_4728		hypothetical protein	24	0.4800	shell	shell	si	no	1	bin_5_63_01583
group_4610		LytTR family DNA-binding domain-containing protein;Response regulator receiver protein	25	0.5000	shell	shell	si	no	0	
yezG~~~rttK	yezG;rttK;	immunity protein YezG family protein;Putative antitoxin of RttK type II toxin ribonuclease HGT island;TIGR01741 family protein	25	0.5000	shell	shell	si	no	0	
group_4098		hypothetical protein	25	0.5000	shell	shell	si	no	0	
group_4038		Lipase	24	0.4800	shell	shell	si	no	1	bin_5_63_02031
group_3629	dinB	Damage-inducible protein DinB;DinB family protein	24	0.4800	shell	shell	si	no	1	bin_5_63_01292
group_5401		hypothetical protein	24	0.4800	shell	shell	si	no	0	
group_4752		Stage III sporulation protein AH	24	0.4800	shell	shell	si	no	0	
group_4736		Immunity protein 30 domain-containing protein	24	0.4800	shell	shell	si	no	0	
group_4508		DUF3021 domain-containing protein	24	0.4800	shell	shell	si	no	0	
group_4446		hypothetical protein;Secreted protein	24	0.4800	shell	shell	si	no	0	
group_4378		CPBP family intramembrane glutamic endopeptidase;Abortive phage infection protein	24	0.4800	shell	shell	si	no	0	
group_4377		hypothetical protein	23	0.4600	shell	shell	si	no	1	bin_5_63_02500
group_4138		N-acetyltransferase domain-containing protein	24	0.4800	shell	shell	si	no	0	
group_4133		Group-specific protein;DUF7003 domain-containing protein	24	0.4800	shell	shell	si	no	0	
group_4079	;rapH	Rap family tetratricopeptide repeat protein;tetratricopeptide repeat protein;response regulator aspartate phosphatase H N terminal;RapH N-terminal domain-containing protein	23	0.4600	shell	shell	si	no	1	bin_5_63_02501
group_3408		DUF1433 domain-containing protein	23	0.4600	shell	shell	si	no	1	bin_5_63_02030
group_2735		Phage protein	23	0.4600	shell	shell	si	no	1	bin_5_63_02032
group_2245		Group-specific protein	24	0.4800	shell	shell	si	no	0	
mbtH	mbtH	Protein MbtH	24	0.4800	shell	shell	si	no	0	
group_4518		hypothetical protein	22	0.4400	shell	shell	si	no	1	bin_5_63_00100
group_4483	yitT	YitT family protein	23	0.4600	shell	shell	si	no	0	
group_4020		23-dihydro-23-dihydroxybenzoate dehydrogenase	23	0.4600	shell	shell	si	no	0	
group_4001	;thrS	His/Gly/Thr/Pro-type tRNA ligase C-terminal domain-containing protein;threonine--tRNA ligase	23	0.4600	shell	shell	si	no	0	
dltA	dltA	D-alanine--poly(phosphoribitol) ligase subunit DltA	23	0.4600	shell	shell	si	no	0	
group_3927		N-acetyltransferase domain-containing protein	23	0.4600	shell	shell	si	no	0	
group_3915		DUF4901 domain-containing protein;hypothetical protein	23	0.4600	shell	shell	si	no	0	
jmjC	jmjC	JmjC domain-containing protein	23	0.4600	shell	shell	si	no	0	
group_3516		UPF0715 family protein;Integral inner membrane protein	23	0.4600	shell	shell	si	no	0	
group_3501		hypothetical protein;GlsB/YeaQ/YmgE family stress response membrane protein	23	0.4600	shell	shell	si	no	0	
group_3397	;asnB	hypothetical protein;Asparagine synthetase;asparagine synthase (glutamine-hydrolyzing)	23	0.4600	shell	shell	si	no	0	
yfiQ	yfiQ	Putative membrane-bound acyltransferase YfiQ	22	0.4400	shell	shell	si	no	1	bin_5_63_00746
group_3275		isochorismatase	23	0.4600	shell	shell	si	no	0	
group_2873		ABC transporter permease	23	0.4600	shell	shell	si	no	0	
dhbC	dhbC	isochorismate synthase DhbC	23	0.4600	shell	shell	si	no	0	
group_1273		Two-component response regulator (YdfH)	22	0.4400	shell	shell	si	no	1	bin_5_63_00743
group_488		histidine kinase	22	0.4400	shell	shell	si	no	1	bin_5_63_00744
group_192		(23-dihydroxybenzoyl)adenylate synthase	23	0.4600	shell	shell	si	no	0	
group_68		SSD domain-containing protein	22	0.4400	shell	shell	si	no	1	bin_5_63_00745
group_4944		DUF4185 domain-containing protein	21	0.4200	shell	shell	si	no	1	bin_5_63_00979
group_4554		Beta-lactamase class A catalytic domain-containing protein;class A beta-lactamase-related serine hydrolase;serine hydrolase;D-alanyl-D-alanine carboxypeptidase	22	0.4400	shell	shell	si	no	0	
group_4453		DUF1668 domain-containing protein;kelch repeat-containing protein;Kelch repeat-containing protein	22	0.4400	shell	shell	si	no	0	
yosT	;yosT	DNA gyrase inhibitor;Putative SPBc2 prophage-derived transcriptional regulator YosT	22	0.4400	shell	shell	si	no	0	
group_3371		hypothetical protein	22	0.4400	shell	shell	si	no	0	
group_1854		SMI1/KNR4 family protein	22	0.4400	shell	shell	si	no	0	
lrgA	lrgA	antiholin-like murein hydrolase modulator LrgA	22	0.4400	shell	shell	si	no	0	
lrgB	lrgB	antiholin-like protein LrgB	22	0.4400	shell	shell	si	no	0	
group_1140		Two-component response regulator (LytS)	22	0.4400	shell	shell	si	no	0	
group_151		histidine kinase	22	0.4400	shell	shell	si	no	0	
group_4596		hypothetical protein	21	0.4200	shell	shell	si	no	0	
group_4216		hypothetical protein;Transporter yded;Transporter	21	0.4200	shell	shell	si	no	0	
group_4091		HPr kinase/phosphorylase	21	0.4200	shell	shell	si	no	0	
group_4087		Short-chain dehydrogenase	21	0.4200	shell	shell	si	no	0	
group_4080		Nucleotidyltransferase-like protein	21	0.4200	shell	shell	si	no	0	
group_4035	;yeeF	DNA/RNA non-specific endonuclease;T7SS effector LXG polymorphic toxin;LXG domain-containing protein;ribonuclease YeeF family protein;YeeF;pre-toxin TG domain-containing protein;hypothetical protein	21	0.4200	shell	shell	si	no	0	
group_4006		ABC transporter ATP-binding protein;Multidrug export ATP-binding/permease protein	21	0.4200	shell	shell	si	no	0	
group_3839		Transcriptional regulator	21	0.4200	shell	shell	si	no	0	
group_3792		Aminoglycoside phosphotransferase domain-containing protein	21	0.4200	shell	shell	si	no	0	
yggT	yggT	YggT family protein	21	0.4200	shell	shell	si	no	0	
group_3632		hypothetical protein;Ig-like domain-containing protein;Bacterial Ig domain-containing protein	21	0.4200	shell	shell	si	no	0	
group_3582		Short-chain dehydrogenase	21	0.4200	shell	shell	si	no	0	
group_3522		Carrier domain-containing protein	21	0.4200	shell	shell	si	no	0	
group_3520		hypothetical protein;ATP-grasp domain-containing protein	21	0.4200	shell	shell	si	no	0	
group_3517		CYTH domain-containing protein	21	0.4200	shell	shell	si	no	0	
group_3194	;asnB	asparagine synthetase B;asparagine synthase (glutamine-hydrolyzing)	21	0.4200	shell	shell	si	no	0	
group_3140		hypothetical protein	21	0.4200	shell	shell	si	no	0	
group_2850		Carrier domain-containing protein	21	0.4200	shell	shell	si	no	0	
group_2835		Histidinol-phosphatase	21	0.4200	shell	shell	si	no	0	
group_2819		Aminoacyl--tRNA ligase-related protein	21	0.4200	shell	shell	si	no	0	
group_2817		Hydrolase	21	0.4200	shell	shell	si	no	0	
group_2785		hypothetical protein	21	0.4200	shell	shell	si	no	0	
group_2784		Beta-lactamase-related domain-containing protein	21	0.4200	shell	shell	si	no	0	
group_2669		ABC transporter ATP-binding protein	21	0.4200	shell	shell	si	no	0	
group_2668		Aminoglycoside phosphotransferase family protein	21	0.4200	shell	shell	si	no	0	
group_2659	yezG	Antitoxin YezG	21	0.4200	shell	shell	si	no	0	
group_2116		Carrier domain-containing protein	21	0.4200	shell	shell	si	no	0	
group_1471		AAA family ATPase	21	0.4200	shell	shell	si	no	0	
group_1469		hypothetical protein	21	0.4200	shell	shell	si	no	0	
group_734		Butirosin biosynthesis protein H N-terminal domain-containing protein	21	0.4200	shell	shell	si	no	0	
group_631		Myo-inositol-1-phosphate synthase	21	0.4200	shell	shell	si	no	0	
group_562		Nucleotidyltransferase	21	0.4200	shell	shell	si	no	0	
group_529		HPr kinase/phosphorylase	21	0.4200	shell	shell	si	no	0	
group_489		Acyl-CoA dehydrogenase	21	0.4200	shell	shell	si	no	0	
group_446		S-adenosylmethionine synthetase	21	0.4200	shell	shell	si	no	0	
group_369		Diaminopimelate decarboxylase	21	0.4200	shell	shell	si	no	0	
group_4744	yajD;	Putative HNH nuclease YajD;hypothetical protein;HNH endonuclease	20	0.4000	shell	shell	si	no	0	
yvzB	;yvzB	Flagellin;Putative flagellin YvzB;flagellin Hag	19	0.3800	shell	shell	si	no	1	bin_5_63_01740
group_4324		DUF1835 domain-containing protein;DUF3658 domain-containing protein	20	0.4000	shell	shell	si	no	0	
group_4213		hypothetical protein	20	0.4000	shell	shell	si	no	0	
group_4125		DSBA-like thioredoxin domain-containing protein;Thioredoxin	20	0.4000	shell	shell	si	no	0	
group_3974		Quorum-sensing protein;Isoprenyl transferase (Pre-ComX modification)	20	0.4000	shell	shell	si	no	0	
group_3176		MFS transporter	20	0.4000	shell	shell	si	no	0	
group_3151		helix-turn-helix domain-containing protein	20	0.4000	shell	shell	si	no	0	
group_3127		hypothetical protein	20	0.4000	shell	shell	si	no	0	
group_2912		hypothetical protein	20	0.4000	shell	shell	si	no	0	
group_2892		Small acid-soluble spore protein L	19	0.3800	shell	shell	si	no	1	bin_5_63_01931
group_2814		hypothetical protein;Helix-turn-helix domain-containing protein	20	0.4000	shell	shell	si	no	0	
group_2813		Glycine-rich domain-containing protein-like	20	0.4000	shell	shell	si	no	0	
group_2756		GapA-binding peptide SR1P;hypothetical protein	20	0.4000	shell	shell	si	no	0	
group_1197		FadR/GntR family transcriptional regulator	20	0.4000	shell	shell	si	no	0	
group_1096		Short chain dehydrogenase	20	0.4000	shell	shell	si	no	0	
group_958		transketolase	20	0.4000	shell	shell	si	no	0	
group_781		Transketolase pyrimidine binding domain (C-terminal subunit)	20	0.4000	shell	shell	si	no	0	
group_337		Nitrate/nitrite transporter	20	0.4000	shell	shell	si	no	0	
cwlH	;cwlH	N-acetylmuramoyl-L-alanine amidase family protein;N-acetylmuramoyl-L-alanine amidase;N-acetylmuramoyl-L-alanine amidase CwlH	19	0.3800	shell	shell	si	no	0	
group_5002	;yoeC	Site-specific integrase;tyrosine-type recombinase/integrase;site-specific integrase;Integrase/recombinase YoeC	19	0.3800	shell	shell	si	no	0	
group_4935		Flagellin	19	0.3800	shell	shell	si	no	0	
group_4934		hypothetical protein	19	0.3800	shell	shell	si	no	0	
group_4373		hypothetical protein	18	0.3600	shell	shell	si	no	1	bin_5_63_02502
group_4300		MMPL domain-containing protein	19	0.3800	shell	shell	si	no	0	
hssS	hssS	Heme sensor protein HssS	19	0.3800	shell	shell	si	no	0	
group_3699		hypothetical protein	18	0.3600	shell	shell	si	no	1	bin_5_63_02503
hssR	;hssR	hypothetical protein;Heme response regulator HssR	19	0.3800	shell	shell	si	no	0	
group_3263		CDP-glycerol glycerophosphotransferase family protein	18	0.3600	shell	shell	si	no	1	bin_5_63_00301
group_3172		hypothetical protein	18	0.3600	shell	shell	si	no	1	bin_5_63_00691
group_3078		Barstar (barnase inhibitor) domain-containing protein	19	0.3800	shell	shell	si	no	0	
group_4414		hypothetical protein	18	0.3600	shell	shell	si	no	0	
group_4224		Pre-toxin TG domain-containing protein;EndoU domain-containing protein;hypothetical protein;CDI immunity protein domain-containing protein	18	0.3600	shell	shell	si	no	0	
group_3257		hypothetical protein;Aspartate phosphatase	18	0.3600	shell	shell	si	no	0	
group_2888		HTH-type transcriptional activator mta	18	0.3600	shell	shell	si	no	0	
group_2697		hypothetical protein	17	0.3400	shell	shell	si	no	1	50_refound_1455
group_2671		ChbG/HpnK family deacetylase	18	0.3600	shell	shell	si	no	0	
group_947	licT	BglG family transcription antiterminator LicT	18	0.3600	shell	shell	si	no	0	
group_876		DUF2268 domain-containing protein	18	0.3600	shell	shell	si	no	0	
group_124		beta-glucoside-specific PTS transporter subunit IIABC	18	0.3600	shell	shell	si	no	0	
group_5015		hypothetical protein;Terminase;DUF1292 domain-containing protein	17	0.3400	shell	shell	si	no	0	
group_4859		Helix-turn-helix domain containing protein	17	0.3400	shell	shell	si	no	0	
group_4660		hypothetical protein	17	0.3400	shell	shell	si	no	0	
group_4621		hypothetical protein	17	0.3400	shell	shell	si	no	0	
group_4225		hypothetical protein;S8 family serine peptidase	17	0.3400	shell	shell	si	no	0	
group_4177		hypothetical protein	17	0.3400	shell	shell	si	no	0	
group_4083		hypothetical protein	17	0.3400	shell	shell	si	no	0	
group_3997		hypothetical protein	17	0.3400	shell	shell	si	no	0	
group_3865		Holin;Group-specific protein;hypothetical protein	17	0.3400	shell	shell	si	no	0	
group_3723		Lipoprotein	17	0.3400	shell	shell	si	no	0	
group_3543		Knr4/Smi1-like domain-containing protein;Smi1 knr4 family	17	0.3400	shell	shell	si	no	0	
mrcB	mrcB;	MrcB family domain-containing protein;Protein NO VEIN C-terminal	16	0.3200	shell	shell	si	no	1	bin_5_63_00347
group_3208		DUF3986 domain-containing protein	17	0.3400	shell	shell	si	no	0	
group_5012		RNA polymerase sigma-70 region 4 domain-containing protein;sigma-70 family RNA polymerase sigma factor	16	0.3200	shell	shell	si	no	0	
group_4969		structural protein;Structural protein;hypothetical protein	16	0.3200	shell	shell	si	no	0	
group_4932		phage holin	16	0.3200	shell	shell	si	no	0	
group_4755		hypothetical protein	16	0.3200	shell	shell	si	no	0	
group_4713	;yeeF	Transposase;pre-toxin TG domain-containing protein;LXG domain-containing protein;T7SS effector LXG polymorphic toxin;ribonuclease YeeF family protein	16	0.3200	shell	shell	si	no	0	
group_4470		DUF4185 domain-containing protein;pyocin knob domain-containing protein	16	0.3200	shell	shell	si	no	0	
group_4418		hypothetical protein	16	0.3200	shell	shell	si	no	0	
group_4002		NADPH:quinone reductase	16	0.3200	shell	shell	si	no	0	
group_3911		NUDIX pyrophosphatase	16	0.3200	shell	shell	si	no	0	
group_3671		hypothetical protein	15	0.3000	shell	shell	si	no	1	bin_5_63_02615
group_3227		hypothetical protein	16	0.3200	shell	shell	si	no	0	
group_3058		hypothetical protein	16	0.3200	shell	shell	si	no	0	
yunG	yunG	YunG	16	0.3200	shell	shell	si	no	0	
group_2909		Lipoprotein	16	0.3200	shell	shell	si	no	0	
group_2780		Squalene-hopene cyclase	15	0.3000	shell	shell	si	no	1	bin_5_63_02616
group_2660	marR	MarR family transcriptional regulator	16	0.3200	shell	shell	si	no	0	
group_2645	comX	ComX pheromone	16	0.3200	shell	shell	si	no	0	
group_2486		hypothetical protein	16	0.3200	shell	shell	si	no	0	
group_2471		hypothetical protein	16	0.3200	shell	shell	si	no	0	
fosM	fosM	FosM family fosfomycin resistance protein	15	0.3000	shell	shell	si	no	1	bin_5_63_00211
group_1664		hypothetical protein	16	0.3200	shell	shell	si	no	0	
group_719		hypothetical protein	16	0.3200	shell	shell	si	no	0	
bacE	bacE	Bacilysin exporter BacE	15	0.3000	shell	shell	si	no	1	bin_5_63_02617
group_317		Oxygen-independent coproporphyrinogen-III oxidase-like protein	15	0.3000	shell	shell	si	no	1	bin_5_63_02618
group_60		Teichoic acid biosynthesis protein	16	0.3200	shell	shell	si	no	0	
group_5039		phage terminase large subunit;PBSX family phage terminase large subunit	15	0.3000	shell	shell	si	no	0	
group_4761		DUF4241 domain-containing protein	15	0.3000	shell	shell	si	no	0	
group_4733		DUF255 domain-containing protein	15	0.3000	shell	shell	si	no	0	
ywqK	ywqK;	toxin-antitoxin system YwqK family antitoxin;hypothetical protein;Phophatidylinositol-4-phosphate 5-kinase	15	0.3000	shell	shell	si	no	0	
group_4673		hypothetical protein	15	0.3000	shell	shell	si	no	0	
group_4545		GNAT family N-acetyltransferase	15	0.3000	shell	shell	si	no	0	
group_4408		hypothetical protein	15	0.3000	shell	shell	si	no	0	
group_4407		hypothetical protein	15	0.3000	shell	shell	si	no	0	
group_4238		hypothetical protein	15	0.3000	shell	shell	si	no	0	
group_4162		hypothetical protein;site-specific integrase;tyrosine-type recombinase/integrase;Site-specific integrase (Modular protein)	15	0.3000	shell	shell	si	no	0	
group_3954	xkdX	XkdX family protein	15	0.3000	shell	shell	si	no	0	
group_3820		hypothetical protein	15	0.3000	shell	shell	si	no	0	
group_3645		ABC transporter ATP-binding protein	15	0.3000	shell	shell	si	no	0	
group_3642		hypothetical protein	15	0.3000	shell	shell	si	no	0	
group_3586		Transposase	15	0.3000	shell	shell	si	no	0	
group_2945		hypothetical protein;ABC transporter permease	15	0.3000	shell	shell	si	no	0	
group_2876		LCI fold-containing protein	14	0.2800	shell	shell	si	no	1	bin_5_63_00505
group_2828		hypothetical protein	15	0.3000	shell	shell	si	no	0	
group_2704		YokE-like PH domain-containing protein	15	0.3000	shell	shell	si	no	0	
group_2361		hypothetical protein	15	0.3000	shell	shell	si	no	0	
group_2022		methyltransferase	15	0.3000	shell	shell	si	no	0	
mafI	mafI	MafI family immunity protein	14	0.2800	shell	shell	si	no	1	bin_5_63_00560
group_1895		Circularin A/uberolysin family circular bacteriocin	15	0.3000	shell	shell	si	no	0	
group_1507		Stage II sporulation protein M	15	0.3000	shell	shell	si	no	0	
group_1504		Lipoprotein	15	0.3000	shell	shell	si	no	0	
group_1269		Yip1 domain-containing protein	15	0.3000	shell	shell	si	no	0	
group_1188		ABC transporter domain-containing protein	15	0.3000	shell	shell	si	no	0	
group_1095		Methyltransferase type 11 domain-containing protein	15	0.3000	shell	shell	si	no	0	
group_5006	;arpU	hypothetical protein;ArpU family phage packaging/lysis transcriptional regulator;ArpU family transcriptional regulator	14	0.2800	shell	shell	si	no	0	
group_4968		nucleotide sugar dehydrogenase	14	0.2800	shell	shell	si	no	0	
group_4885	;yeeF	pre-toxin TG domain-containing protein;ribonuclease YeeF family protein;Transposase;LXG domain-containing protein	14	0.2800	shell	shell	si	no	0	
group_4847	rapH;	RapH phosphatase inhibitor;hypothetical protein	14	0.2800	shell	shell	si	no	0	
group_4841		phage portal protein	14	0.2800	shell	shell	si	no	0	
group_4829		Aspartate phosphatase	14	0.2800	shell	shell	si	no	0	
group_4810	;bhlA	BhlA/UviB family holin-like peptide;BhlA;Holin	14	0.2800	shell	shell	si	no	0	
group_4798		Phage head morphogenesis domain-containing protein;phage minor head protein;Putative phage head morphogenesis protein skin element	14	0.2800	shell	shell	si	no	0	
group_4762		hypothetical protein	14	0.2800	shell	shell	si	no	0	
group_4710		phage holin;Holin	14	0.2800	shell	shell	si	no	0	
group_4692		XkdF-like putative serine protease domain-containing protein;Putative nucleic acid-binding protein skin element	14	0.2800	shell	shell	si	no	0	
group_4682		phage major capsid protein	14	0.2800	shell	shell	si	no	0	
yqbF	yqbF;	YqbF domain-containing protein;hypothetical protein	14	0.2800	shell	shell	si	no	0	
xkdR	xkdR;	Phage-like element PBSX protein XkdR;Phage portal protein	14	0.2800	shell	shell	si	no	0	
group_4644		Phage portal protein	14	0.2800	shell	shell	si	no	0	
group_4643		DUF3199 domain-containing protein	14	0.2800	shell	shell	si	no	0	
group_4633		Phage tail protein	14	0.2800	shell	shell	si	no	0	
group_4632		Phage portal protein	14	0.2800	shell	shell	si	no	0	
group_4629		helix-turn-helix transcriptional regulator;Transcriptional regulator;HTH cro/C1-type domain-containing protein	14	0.2800	shell	shell	si	no	0	
group_4625		hypothetical protein	14	0.2800	shell	shell	si	no	0	
group_4624		Phage portal protein	14	0.2800	shell	shell	si	no	0	
ymfQ	;ymfQ	Phage portal protein;YmfQ family protein	14	0.2800	shell	shell	si	no	0	
group_4612		Putative phage tail sheath protein skin element	14	0.2800	shell	shell	si	no	0	
group_4611		DUF3599 domain-containing protein	14	0.2800	shell	shell	si	no	0	
group_4598		DUF4083 domain-containing protein;hypothetical protein	14	0.2800	shell	shell	si	no	0	
group_4594	rapH	RapH phosphatase inhibitor	14	0.2800	shell	shell	si	no	0	
group_4583		Phage PBSX putative murein binding protein	14	0.2800	shell	shell	si	no	0	
group_4570		Transcriptional regulator;helix-turn-helix transcriptional regulator	14	0.2800	shell	shell	si	no	0	
group_4566		Phage PBSX putative base plate assembly protein	14	0.2800	shell	shell	si	no	0	
group_4558		hypothetical protein	14	0.2800	shell	shell	si	no	0	
group_4528		HK97 gp10 family phage protein;Putative phage tail component skin element	14	0.2800	shell	shell	si	no	0	
group_4458		transglycosylase SLT domain-containing protein;Transglycosylase	14	0.2800	shell	shell	si	no	0	
group_4442		Response regulator aspartate phosphatase A;tetratricopeptide repeat protein	14	0.2800	shell	shell	si	no	0	
group_4360		transglutaminase family protein	14	0.2800	shell	shell	si	no	0	
group_4313		Phage terminase large subunit N-terminal domain-containing protein;PBSX family phage terminase large subunit	14	0.2800	shell	shell	si	no	0	
group_4306		Phage portal protein;phage portal protein	14	0.2800	shell	shell	si	no	0	
group_4170		Aspartate phosphatase;hypothetical protein	14	0.2800	shell	shell	si	no	0	
group_4116		hypothetical protein	14	0.2800	shell	shell	si	no	0	
group_4059		glycosyltransferase	14	0.2800	shell	shell	si	no	0	
group_3829		Abhydrolase domain-containing 18;AB hydrolase-1 domain-containing protein;hypothetical protein	14	0.2800	shell	shell	si	no	0	
group_2772		glycosyltransferase family 4 protein	14	0.2800	shell	shell	si	no	0	
group_2707	yopX	YopX protein domain-containing protein	14	0.2800	shell	shell	si	no	0	
group_842		Flagellin	13	0.2600	shell	shell	si	no	1	bin_5_63_01739
group_5023	terS	phage terminase small subunit	13	0.2600	shell	shell	si	no	0	
group_4949		YolD-like family protein;YolD-like protein	13	0.2600	shell	shell	si	no	0	
group_4933	rapH	RapH phosphatase inhibitor	13	0.2600	shell	shell	si	no	0	
group_4907		IS1182 family transposase	13	0.2600	shell	shell	si	no	0	
group_4843		phage portal protein	13	0.2600	shell	shell	si	no	0	
group_4840	dnaB	replicative DNA helicase	13	0.2600	shell	shell	si	no	0	
group_4809		Transcriptional regulator;helix-turn-helix domain-containing protein	13	0.2600	shell	shell	si	no	0	
group_4800		Phage head morphogenesis protein	13	0.2600	shell	shell	si	no	0	
group_4799		replicative helicase loader/inhibitor;Replicative helicase inhibitor G39P N-terminal domain-containing protein	13	0.2600	shell	shell	si	no	0	
group_4780		hypothetical protein;Transcriptional regulator	13	0.2600	shell	shell	si	no	0	
group_4770		GNAT family N-acetyltransferase;Acetyltransferase	13	0.2600	shell	shell	si	no	0	
group_4709		phage scaffolding protein;Scaffolding protein	13	0.2600	shell	shell	si	no	0	
group_4699		Phage head-tail connector protein	13	0.2600	shell	shell	si	no	0	
group_4696		prophage endopeptidase tail family protein;phage tail spike protein;Fibronectin type-III domain-containing protein	13	0.2600	shell	shell	si	no	0	
group_4695		phage head closure protein	13	0.2600	shell	shell	si	no	0	
group_4693		hypothetical protein	13	0.2600	shell	shell	si	no	0	
group_4688		Phage tail family protein;Phage tail protein;distal tail protein Dit	13	0.2600	shell	shell	si	no	0	
group_4687		HK97-gp10 family putative phage morphogenesis protein	13	0.2600	shell	shell	si	no	0	
group_4678		membrane protein;Phage tail tape measure protein	13	0.2600	shell	shell	si	no	0	
group_4677		DUF3168 domain-containing protein	13	0.2600	shell	shell	si	no	0	
group_4665		hypothetical protein;tail assembly chaperone;Phage protein	13	0.2600	shell	shell	si	no	0	
group_4664		phage major tail protein TP901-1 family	13	0.2600	shell	shell	si	no	0	
group_4657		hypothetical protein	13	0.2600	shell	shell	si	no	0	
group_4630		hypothetical protein	13	0.2600	shell	shell	si	no	0	
group_4618		Transcriptional regulator	13	0.2600	shell	shell	si	no	0	
group_4585		minor tail protein;DUF4185 domain-containing protein;hypothetical protein;Pyocin knob domain-containing protein	13	0.2600	shell	shell	si	no	0	
group_4584	xkdX	XkdX family protein	13	0.2600	shell	shell	si	no	0	
group_4543		Short-chain dehydrogenase/reductase	13	0.2600	shell	shell	si	no	0	
group_4459	yorD	Bacteriophage SP-beta YorD domain-containing protein	13	0.2600	shell	shell	si	no	0	
group_4420		Terminase;Phage portal protein	13	0.2600	shell	shell	si	no	0	
group_4352		hypothetical protein	13	0.2600	shell	shell	si	no	0	
group_4245	yqcG;	Ribonuclease YqcG;Phage nuclease toxin skin element;HNH/endonuclease VII fold putative polymorphic toxin	13	0.2600	shell	shell	si	no	0	
group_4221		Transposase;hypothetical protein;DUF3986 domain-containing protein	12	0.2400	shell	shell	si	no	1	bin_5_63_02345
group_4220		Immunity protein imm6	12	0.2400	shell	shell	si	no	1	bin_5_63_02346
group_4165		hypothetical protein	13	0.2600	shell	shell	si	no	0	
group_4034		Lipoprotein	13	0.2600	shell	shell	si	no	0	
group_3983	xkdN;	Phage-like element PBSX protein XkdN;Phage portal protein	13	0.2600	shell	shell	si	no	0	
group_3917		Transposase;hypothetical protein	13	0.2600	shell	shell	si	no	0	
group_3848		Holin-like toxin	12	0.2400	shell	shell	si	no	1	bin_5_63_00965
group_3775		hypothetical protein	13	0.2600	shell	shell	si	no	0	
group_3735		transglycosylase SLT domain-containing protein;50S ribosomal protein L10	13	0.2600	shell	shell	si	no	0	
group_3247		hypothetical protein	13	0.2600	shell	shell	si	no	0	
group_3178		hypothetical protein	13	0.2600	shell	shell	si	no	0	
group_3175		Lipoprotein;hypothetical protein	13	0.2600	shell	shell	si	no	0	
group_2663		Transposase;Insertion element IS150 protein InsJ-like helix-turn-helix domain-containing protein	13	0.2600	shell	shell	si	no	0	
group_2568		hypothetical protein	13	0.2600	shell	shell	si	no	0	
group_2091		hypothetical protein	13	0.2600	shell	shell	si	no	0	
group_587		ABC transporter permease	12	0.2400	shell	shell	si	no	1	bin_5_63_01036
group_5437		IS1182 family transposase	12	0.2400	shell	shell	si	no	0	
yqaS~~~terS	yqaS;terS	Uncharacterized protein YqaS;phage terminase small subunit	12	0.2400	shell	shell	si	no	0	
group_4967	tnp	IS1182 family transposase;IS1182 family ISBpu1 transposase	11	0.2200	shell	shell	si	no	1	bin_5_63_00506
group_4966		IS1182 family transposase;IS5/IS1182 family transposase;transposase	12	0.2400	shell	shell	si	no	0	
group_4913		IS1182 family transposase;transposase	12	0.2400	shell	shell	si	no	0	
group_4891	arpU	ArpU family transcriptional regulator;ArpU family phage packaging/lysis transcriptional regulator	12	0.2400	shell	shell	si	no	0	
group_4623		Phage protein;DUF1064 domain-containing protein	12	0.2400	shell	shell	si	no	0	
group_4577	;yqaH	hypothetical protein;YqaH family protein;Histidine kinase	12	0.2400	shell	shell	si	no	0	
group_4564		GLUE N-terminal domain-containing protein	12	0.2400	shell	shell	si	no	0	
group_4506		Immunity protein 50	12	0.2400	shell	shell	si	no	0	
group_4486		hypothetical protein	12	0.2400	shell	shell	si	no	0	
group_4346		Restriction endonuclease	12	0.2400	shell	shell	si	no	0	
group_4270		PPC domain-containing protein;hypothetical protein;Ig-like domain-containing protein	12	0.2400	shell	shell	si	no	0	
group_4240		hypothetical protein	12	0.2400	shell	shell	si	no	0	
group_4199	ezrA	Septation ring formation regulator EzrA;septation ring formation regulator EzrA	12	0.2400	shell	shell	si	no	0	
group_4004		IS3 family transposase	12	0.2400	shell	shell	si	no	0	
group_3825		hypothetical protein	12	0.2400	shell	shell	si	no	0	
group_3660		glycosyltransferase	12	0.2400	shell	shell	si	no	0	
group_3497		hypothetical protein	12	0.2400	shell	shell	si	no	0	
group_3463		hypothetical protein	12	0.2400	shell	shell	si	no	0	
group_3398		ABC transporter ATP-binding protein	11	0.2200	shell	shell	si	no	1	bin_5_63_01035
group_3267		SMI1/KNR4 family protein	12	0.2400	shell	shell	si	no	0	
group_3203		hypothetical protein	12	0.2400	shell	shell	si	no	0	
licT	licT	BglG family transcription antiterminator LicT	12	0.2400	shell	shell	si	no	0	
group_251		Beta-glucosidase	12	0.2400	shell	shell	si	no	0	
group_113		PTS sugar transporter subunit IIBC	12	0.2400	shell	shell	si	no	0	
group_5440		IS1182 family transposase	11	0.2200	shell	shell	si	no	0	
group_4961	;yeeF	LXG domain-containing protein;RNase A-like domain-containing protein;ribonuclease YeeF family protein;DNA/RNA non-specific endonuclease	11	0.2200	shell	shell	si	no	0	
group_4951		SMI1/KNR4 family protein;SMI1 / KNR4 family protein;Smi1 knr4 family	11	0.2200	shell	shell	si	no	0	
group_4906		LCI fold domain-containing protein;LCI fold-containing protein	11	0.2200	shell	shell	si	no	0	
group_4904		hypothetical protein	11	0.2200	shell	shell	si	no	0	
group_4864		Holliday junction resolvase	11	0.2200	shell	shell	si	no	0	
sigK	;sigK	RNA polymerase sigma-K factor;RNA polymerase sporulation sigma factor SigK	11	0.2200	shell	shell	si	no	0	
group_4738		N-acetylmuramoyl-L-alanine amidase	11	0.2200	shell	shell	si	no	0	
group_4726	tnp;	IS3 family transposase ORF A;Transposase	10	0.2000	shell	shell	si	no	1	bin_5_63_00479
group_4617	dnaD;	DnaD domain protein;Putative replication protein	11	0.2200	shell	shell	si	no	0	
group_4513		AAA family ATPase;hypothetical protein;Nuclease;nuclease-related domain-containing protein;DEAD/DEAH box helicase	11	0.2200	shell	shell	si	no	0	
group_4321		Transporter	11	0.2200	shell	shell	si	no	0	
group_4320	lysR	LysR family transcriptional regulator	11	0.2200	shell	shell	si	no	0	
group_4147		hypothetical protein	11	0.2200	shell	shell	si	no	0	
group_3871		HTH-type transcriptional regulator	11	0.2200	shell	shell	si	no	0	
group_3482		N-acetylneuraminate lyase	11	0.2200	shell	shell	si	no	0	
group_3271		hypothetical protein	11	0.2200	shell	shell	si	no	0	
group_3253	;tnp	Transposase;IS3 family transposase ORF A;IS3 family ISBsu1 transposase ORF A	11	0.2200	shell	shell	si	no	0	
group_2940		FMN dependent NADH:quinone oxidoreductase	11	0.2200	shell	shell	si	no	0	
lacI	lacI	LacI family transcriptional regulator	11	0.2200	shell	shell	si	no	0	
group_1803		Tautomerase family protein	11	0.2200	shell	shell	si	no	0	
group_1014		HAD-IIB family hydrolase	11	0.2200	shell	shell	si	no	0	
group_5098		DUF3967 domain-containing protein	10	0.2000	shell	shell	si	no	0	
group_5094		Rep;Rep protein;protein rep;Protein rep	10	0.2000	shell	shell	si	no	0	
group_4965		contact-dependent growth inhibition system immunity protein	10	0.2000	shell	shell	si	no	0	
xhlA	xhlA	Protein xhlA;hemolysin XhlA family protein	10	0.2000	shell	shell	si	no	0	
group_4874		2-methylcitrate dehydratase	10	0.2000	shell	shell	si	no	0	
group_4863		XtrA/YqaO family protein;Phage portal protein	10	0.2000	shell	shell	si	no	0	
group_4813	irrE;	IrrE N-terminal-like domain-containing protein;ImmA/IrrE family metallo-endopeptidase	10	0.2000	shell	shell	si	no	0	
group_4715		hypothetical protein	10	0.2000	shell	shell	si	no	0	
group_4711		tRNA-Val4;hypothetical protein	10	0.2000	shell	shell	si	no	0	
group_4600		SPP1 phage coat protein p023	10	0.2000	shell	shell	si	no	0	
group_4568		Alkaline phosphatase;fibronectin type III domain-containing protein	10	0.2000	shell	shell	si	no	0	
group_4567		Rho termination factor N-terminal domain-containing protein	10	0.2000	shell	shell	si	no	0	
group_4449		Phage portal protein;Phage like protein	10	0.2000	shell	shell	si	no	0	
group_4359		IS1182 family transposase	10	0.2000	shell	shell	si	no	0	
group_4345		hypothetical protein	10	0.2000	shell	shell	si	no	0	
group_4082	lysE	LysE family translocator	10	0.2000	shell	shell	si	no	0	
group_3754		ABC transporter permease	10	0.2000	shell	shell	si	no	0	
group_3545		hypothetical protein	9	0.1800	shell	shell	si	no	1	bin_5_63_01348
group_3282		site-specific DNA-methyltransferase (adenine-specific)	10	0.2000	shell	shell	si	no	0	
group_3241		IS3 family transposase	10	0.2000	shell	shell	si	no	0	
group_3074		hypothetical protein	10	0.2000	shell	shell	si	no	0	
group_2951		DUF4064 domain-containing protein	10	0.2000	shell	shell	si	no	0	
group_2919		hypothetical protein;Permease	10	0.2000	shell	shell	si	no	0	
group_2915		Carboxymuconolactone decarboxylase-like domain-containing protein	10	0.2000	shell	shell	si	no	0	
group_2895		Tautomerase	10	0.2000	shell	shell	si	no	0	
group_2635		IS1182 family transposase	10	0.2000	shell	shell	si	no	0	
group_2544		hypothetical protein	9	0.1800	shell	shell	si	no	1	50_refound_1450
group_2422		DUF3953 domain-containing protein	10	0.2000	shell	shell	si	no	0	
group_2342		hypothetical protein	10	0.2000	shell	shell	si	no	0	
group_2021		DUF2089 domain-containing protein	10	0.2000	shell	shell	si	no	0	
group_2013		circular bacteriocin circularin A/uberolysin family	10	0.2000	shell	shell	si	no	0	
group_1834		hypothetical protein	10	0.2000	shell	shell	si	no	0	
group_1703		Lactococcin 972 family bacteriocin	10	0.2000	shell	shell	si	no	0	
group_1550		DUF4352 domain-containing protein	10	0.2000	shell	shell	si	no	0	
group_1549		hypothetical protein	10	0.2000	shell	shell	si	no	0	
group_1543		stage II sporulation protein M	10	0.2000	shell	shell	si	no	0	
group_1454		Lipoprotein	9	0.1800	shell	shell	si	no	1	bin_5_63_01508
group_1377		ATP-binding cassette domain-containing protein	10	0.2000	shell	shell	si	no	0	
group_1329		Lipoprotein	10	0.2000	shell	shell	si	no	0	
group_1246		Multidrug ABC transporter ATP-binding protein	10	0.2000	shell	shell	si	no	0	
group_1218		ABC transporter permease subunit	10	0.2000	shell	shell	si	no	0	
group_1012		ABC transporter permease	10	0.2000	shell	shell	si	no	0	
gltR	gltR	HTH-type transcriptional regulator GltR	10	0.2000	shell	shell	si	no	0	
group_841		ABC transporter ATP-binding protein	10	0.2000	shell	shell	si	no	0	
opp3b	opp3b	oligopeptide ABC transporter permease	10	0.2000	shell	shell	si	no	0	
opp3C	opp3C	oligopeptide ABC transporter permease	10	0.2000	shell	shell	si	no	0	
group_235		hypothetical protein	10	0.2000	shell	shell	si	no	0	
group_183		Peptide ABC transporter substrate-binding protein	10	0.2000	shell	shell	si	no	0	
group_16	hsdR	type I restriction-modification system endonuclease	10	0.2000	shell	shell	si	no	0	
group_4988		hypothetical protein	9	0.1800	shell	shell	si	no	0	
group_4986	xkdX	XkdX family protein	9	0.1800	shell	shell	si	no	0	
group_4984		DNA-binding protein;helix-turn-helix domain-containing protein	9	0.1800	shell	shell	si	no	0	
group_4954		DNA cytosine methyltransferase	9	0.1800	shell	shell	si	no	0	
group_4948		hypothetical protein;Methyltransferase	9	0.1800	shell	shell	si	no	0	
group_4945		Site-specific integrase;site-specific integrase	9	0.1800	shell	shell	si	no	0	
group_4931		IS1182 family transposase	9	0.1800	shell	shell	si	no	0	
group_4908		hypothetical protein	9	0.1800	shell	shell	si	no	0	
group_4901		IDEAL domain-containing protein;SpoVT-AbrB domain-containing protein	9	0.1800	shell	shell	si	no	0	
group_4898		phage tail protein;Alkaline phosphatase	9	0.1800	shell	shell	si	no	0	
group_4894		hypothetical protein;dUTP diphosphatase;dUTPase	9	0.1800	shell	shell	si	no	0	
group_4888		Transcriptional regulator;BlaI/MecI/CopY family transcriptional regulator	9	0.1800	shell	shell	si	no	0	
group_4869		Holin	9	0.1800	shell	shell	si	no	0	
group_4858		hypothetical protein	9	0.1800	shell	shell	si	no	0	
group_4854		hypothetical protein	9	0.1800	shell	shell	si	no	0	
group_4838		XtrA/YqaO family protein;Phage portal protein	9	0.1800	shell	shell	si	no	0	
group_4834		IstB-like ATP-binding domain-containing protein;AAA family ATPase	9	0.1800	shell	shell	si	no	0	
group_4833		hypothetical protein	9	0.1800	shell	shell	si	no	0	
group_4832		BH0509 family protein;hypothetical protein	9	0.1800	shell	shell	si	no	0	
group_4827		Phage tail tape measure protein;phage tail tape measure protein	9	0.1800	shell	shell	si	no	0	
group_4796		DUF6906 domain-containing protein	9	0.1800	shell	shell	si	no	0	
group_4791		hypothetical protein	9	0.1800	shell	shell	si	no	0	
group_4788		hypothetical protein	9	0.1800	shell	shell	si	no	0	
phrA1	;phrA1	hypothetical protein;RapA phosphatase inhibitor PhrA1	9	0.1800	shell	shell	si	no	0	
group_4720		DUF262 domain-containing protein	9	0.1800	shell	shell	si	no	0	
group_4703		hypothetical protein	9	0.1800	shell	shell	si	no	0	
group_4702		hypothetical protein	9	0.1800	shell	shell	si	no	0	
group_4700		Gp22;hypothetical protein	9	0.1800	shell	shell	si	no	0	
group_4652		hypothetical protein	9	0.1800	shell	shell	si	no	0	
group_4626		HK97-gp10 family putative phage morphogenesis protein	9	0.1800	shell	shell	si	no	0	
group_4573		collagen-like protein	9	0.1800	shell	shell	si	no	0	
group_4572		phage head closure protein	9	0.1800	shell	shell	si	no	0	
group_4571		DUF3168 domain-containing protein	9	0.1800	shell	shell	si	no	0	
group_4537		DUF6602 domain-containing protein	9	0.1800	shell	shell	si	no	0	
group_4529		hypothetical protein	9	0.1800	shell	shell	si	no	0	
group_4427		head-tail connector protein	9	0.1800	shell	shell	si	no	0	
cmr6	cmr6	type III-B CRISPR module RAMP protein Cmr6	9	0.1800	shell	shell	si	no	0	
cmr4	cmr4	type III-B CRISPR module RAMP protein Cmr4	9	0.1800	shell	shell	si	no	0	
cas10	cas10	type III-B CRISPR-associated protein Cas10/Cmr2	9	0.1800	shell	shell	si	no	0	
group_4276		Terminase;terminase large subunit domain-containing protein	9	0.1800	shell	shell	si	no	0	
group_4164		Recombinase family protein;hypothetical protein	9	0.1800	shell	shell	si	no	0	
group_4155		Transglutaminase	9	0.1800	shell	shell	si	no	0	
group_4086		hypothetical protein	9	0.1800	shell	shell	si	no	0	
group_3996	hsdM	site-specific DNA-methyltransferase (adenine-specific)	9	0.1800	shell	shell	si	no	0	
group_3934		type I site-specific deoxyribonuclease	9	0.1800	shell	shell	si	no	0	
group_3712		Phage protein	8	0.1600	shell	shell	si	no	1	bin_5_63_02499
cmr5	cmr5	type III-B CRISPR module-associated protein Cmr5	9	0.1800	shell	shell	si	no	0	
cmr3	cmr3	type III-B CRISPR module-associated protein Cmr3	9	0.1800	shell	shell	si	no	0	
group_3498		hypothetical protein	8	0.1600	shell	shell	si	no	1	bin_5_63_02714
group_3490		ImmA/IrrE family metallo-endopeptidase	9	0.1800	shell	shell	si	no	0	
group_3441		hypothetical protein	8	0.1600	shell	shell	si	no	1	bin_5_63_01390
group_3337		phage terminase small subunit P27 family	9	0.1800	shell	shell	si	no	0	
group_3324		hypothetical protein	9	0.1800	shell	shell	si	no	0	
group_3310		IS1182 family transposase	9	0.1800	shell	shell	si	no	0	
group_3259	;tnp	IS3 family transposase;IS3 family transposase ORF B	9	0.1800	shell	shell	si	no	0	
group_3248	;tnp	IS3 family transposase;IS3 family transposase ORF B	9	0.1800	shell	shell	si	no	0	
group_3246	;tnp	IS3 family transposase;IS3 family transposase ORF B	9	0.1800	shell	shell	si	no	0	
group_3245	tnp;	IS3 family transposase ORF A;IS3 family ISBsu1 transposase ORF A;Transposase	9	0.1800	shell	shell	si	no	0	
group_2943		type II CAAX endopeptidase family protein;hypothetical protein	9	0.1800	shell	shell	si	no	0	
group_2839		hypothetical protein	8	0.1600	shell	shell	si	no	1	bin_5_63_02715
group_2789		DUF1453 domain-containing protein	9	0.1800	shell	shell	si	no	0	
group_2703		DUF2247 domain-containing protein	9	0.1800	shell	shell	si	no	0	
group_2622		Bacteriocin aureocin A53	9	0.1800	shell	shell	si	no	0	
skfA	skfA	sporulation killing factor	9	0.1800	shell	shell	si	no	0	
group_2430		hypothetical protein	8	0.1600	shell	shell	si	no	1	bin_5_63_01507
group_2270		RBAM_024130 C-terminal	9	0.1800	shell	shell	si	no	0	
group_2169		Transcriptional regulator	9	0.1800	shell	shell	si	no	0	
group_1822		helix-turn-helix domain-containing protein	9	0.1800	shell	shell	si	no	0	
group_1631		hypothetical protein	9	0.1800	shell	shell	si	no	0	
group_1458		DUF4352 domain-containing protein	9	0.1800	shell	shell	si	no	0	
group_1264		response regulator transcription factor	9	0.1800	shell	shell	si	no	0	
group_942		Bacterial toxin 35 domain-containing protein	9	0.1800	shell	shell	si	no	0	
group_829		Minor extracellular protease Epr	9	0.1800	shell	shell	si	no	0	
group_472		sensor histidine kinase	9	0.1800	shell	shell	si	no	0	
skfB	skfB	sporulation killing factor system radical SAM maturase	9	0.1800	shell	shell	si	no	0	
group_284		minor tail protein	9	0.1800	shell	shell	si	no	0	
group_4936		Tyr recombinase domain-containing protein;Integrase;site-specific integrase;Core-binding (CB) domain-containing protein;tyrosine-type recombinase/integrase	7	0.1400	cloud	cloud	si	si	1	bin_5_63_00094
group_4919		Immunity protein 8 of polymorphic toxin system	8	0.1600	shell	shell	si	no	0	
group_4911		Integral inner membrane protein	8	0.1600	shell	shell	si	no	0	
group_4857		hypothetical protein	8	0.1600	shell	shell	si	no	0	
group_4836		Phage tail protein;phage tail domain-containing protein	8	0.1600	shell	shell	si	no	0	
group_4825		2-C-methyl-D-erythritol 4-phosphate cytidylyltransferase	8	0.1600	shell	shell	si	no	0	
group_4776		Terminase small subunit	8	0.1600	shell	shell	si	no	0	
group_4775		ribitol-5-phosphate dehydrogenase	8	0.1600	shell	shell	si	no	0	
group_4706		hypothetical protein	8	0.1600	shell	shell	si	no	0	
group_4668	fbpA	Fur-regulated basic protein FbpA	8	0.1600	shell	shell	si	no	0	
group_4648		IstB-like ATP-binding domain-containing protein;Putative DNA replication protein	8	0.1600	shell	shell	si	no	0	
group_4541	dnaD	DNA replication protein DnaD	8	0.1600	shell	shell	si	no	0	
group_4540		Putative exodeoxyribonuclease 8 PDDEXK-like domain-containing protein	8	0.1600	shell	shell	si	no	0	
group_4490		Phage terminase large subunit N-terminal domain-containing protein;hypothetical protein;PBSX family phage terminase large subunit	8	0.1600	shell	shell	si	no	0	
group_4463		CDP-glycerol glycerophosphotransferase family protein	8	0.1600	shell	shell	si	no	0	
group_4450		Phage portal protein	8	0.1600	shell	shell	si	no	0	
group_4435		Phage protein	8	0.1600	shell	shell	si	no	0	
group_4430		hypothetical protein	8	0.1600	shell	shell	si	no	0	
group_4426		Phage tail protein	8	0.1600	shell	shell	si	no	0	
group_4331		Site-specific DNA recombinase skin element	8	0.1600	shell	shell	si	no	0	
group_4301		DUF4885 domain-containing protein	8	0.1600	shell	shell	si	no	0	
group_4252		HNH endonuclease	8	0.1600	shell	shell	si	no	0	
group_4027		DUF1668 domain-containing protein;Kelch repeat-containing protein	8	0.1600	shell	shell	si	no	0	
group_3984		aureocin A53 family class IId bacteriocin	8	0.1600	shell	shell	si	no	0	
group_3963		YqaI-like protein	8	0.1600	shell	shell	si	no	0	
group_3899		hypothetical protein	8	0.1600	shell	shell	si	no	0	
group_3628		heparinase II/III family protein	8	0.1600	shell	shell	si	no	0	
group_3606		LCI fold-containing protein	8	0.1600	shell	shell	si	no	0	
group_3238		Cation/H+ exchanger domain-containing protein	8	0.1600	shell	shell	si	no	0	
group_3230	;tnp	Transposase;IS3 family transposase ORF A	7	0.1400	cloud	cloud	si	si	1	50_refound_1463
group_3225		Endonuclease V	8	0.1600	shell	shell	si	no	0	
group_3223		Bacteriocin aureocin A53;aureocin A53 family class IId bacteriocin	8	0.1600	shell	shell	si	no	0	
group_3180		hypothetical protein	8	0.1600	shell	shell	si	no	0	
group_3115		Transposase;Insertion element IS150 protein InsJ-like helix-turn-helix domain-containing protein	8	0.1600	shell	shell	si	no	0	
group_3106		GNAT family N-acetyltransferase	8	0.1600	shell	shell	si	no	0	
group_3091		group-specific protein	8	0.1600	shell	shell	si	no	0	
group_3086		Membrane-bound protein	8	0.1600	shell	shell	si	no	0	
group_3049		trypsin-like serine protease;hypothetical protein;Serine protease	7	0.1400	cloud	cloud	si	si	1	bin_5_63_01797
group_2700		hypothetical protein	8	0.1600	shell	shell	si	no	0	
group_2569		hypothetical protein	8	0.1600	shell	shell	si	no	0	
group_2343		Prevent-host-death protein	8	0.1600	shell	shell	si	no	0	
group_2008		Alkaline phosphatase	8	0.1600	shell	shell	si	no	0	
group_2006		DUF1433 domain-containing protein	8	0.1600	shell	shell	si	no	0	
group_2002		DNA-binding protein	8	0.1600	shell	shell	si	no	0	
group_2001		hypothetical protein	8	0.1600	shell	shell	si	no	0	
group_1929		Phage protein	8	0.1600	shell	shell	si	no	0	
ydeH	ydeH	Uncharacterized membrane protein YdeH	8	0.1600	shell	shell	si	no	0	
group_1815		DUF3221 domain-containing protein	7	0.1400	cloud	cloud	si	si	1	bin_5_63_01798
group_1672		hypothetical protein	8	0.1600	shell	shell	si	no	0	
group_1639		DUF4944 domain-containing protein	8	0.1600	shell	shell	si	no	0	
group_907		Transcriptional family	8	0.1600	shell	shell	si	no	0	
group_477		site-specific integrase	8	0.1600	shell	shell	si	no	0	
group_441		Sodium:dicarboxylate symporter	8	0.1600	shell	shell	si	no	0	
group_372		Aminotransferase class v	8	0.1600	shell	shell	si	no	0	
group_5396		hypothetical protein	7	0.1400	cloud	cloud	si	si	0	
group_5017		hypothetical protein	7	0.1400	cloud	cloud	si	si	0	
group_5016		Sigma-70 family RNA polymerase sigma factor;hypothetical protein	7	0.1400	cloud	cloud	si	si	0	
group_5005		CoA-binding domain-containing protein;hypothetical protein	7	0.1400	cloud	cloud	si	si	0	
group_4995		hypothetical protein	7	0.1400	cloud	cloud	si	si	0	
group_4925		Cell wall-binding protein	7	0.1400	cloud	cloud	si	si	0	
group_4848		DUF3173 domain-containing protein	7	0.1400	cloud	cloud	si	si	0	
group_4787		hypothetical protein	7	0.1400	cloud	cloud	si	si	0	
group_4749		hypothetical protein	7	0.1400	cloud	cloud	si	si	0	
group_4741		SMI1/KNR4 family protein;Knr4/Smi1-like domain-containing protein	7	0.1400	cloud	cloud	si	si	0	
group_4740	;tnp	Transposase;IS3 family transposase ORF A	7	0.1400	cloud	cloud	si	si	0	
group_4552		hypothetical protein;HNH endonuclease	7	0.1400	cloud	cloud	si	si	0	
group_4436		helix-turn-helix domain-containing protein;Helix-turn-helix transcriptional regulator	7	0.1400	cloud	cloud	si	si	0	
group_4423		DNA binding domain protein excisionase family;helix-turn-helix domain-containing protein	7	0.1400	cloud	cloud	si	si	0	
gerE~~~luxR	;gerE;luxR	hypothetical protein;Helix-turn-helix transcriptional regulator;spore germination transcription factor GerE;LuxR C-terminal-related transcriptional regulator	7	0.1400	cloud	cloud	si	si	0	
group_4348		hypothetical protein	7	0.1400	cloud	cloud	si	si	0	
group_4247		Transcriptional regulator;hypothetical protein	7	0.1400	cloud	cloud	si	si	0	
group_4007		ATP-binding protein	7	0.1400	cloud	cloud	si	si	0	
yeeF	yeeF;	Ribonuclease YeeF;DNA-binding protein;DNA/RNA non-specific endonuclease	7	0.1400	cloud	cloud	si	si	0	
group_3980		hypothetical protein	6	0.1200	cloud	cloud	si	si	1	50_refound_1467
group_3933		Glycine zipper 2TM domain-containing protein	7	0.1400	cloud	cloud	si	si	0	
group_3910		Phage regulatory protein	7	0.1400	cloud	cloud	si	si	0	
group_3894		alcohol dehydrogenase catalytic domain-containing protein;NAD(P)-dependent alcohol dehydrogenase	7	0.1400	cloud	cloud	si	si	0	
group_3818		DUF3908 domain-containing protein	7	0.1400	cloud	cloud	si	si	0	
group_3800	tnp	IS1182 family ISBpu1 transposase	7	0.1400	cloud	cloud	si	si	0	
recT	recT	recombination protein RecT	7	0.1400	cloud	cloud	si	si	0	
group_3477	tnp	IS1182 family ISBpu1 transposase	7	0.1400	cloud	cloud	si	si	0	
group_3394		Transposase	7	0.1400	cloud	cloud	si	si	0	
group_3283		polymorphic toxin type 50 domain-containing protein;Transposase;Transposase protein	7	0.1400	cloud	cloud	si	si	0	
group_3036		hypothetical protein	7	0.1400	cloud	cloud	si	si	0	
group_3009		Phage protein	7	0.1400	cloud	cloud	si	si	0	
group_2994		Lipoprotein	7	0.1400	cloud	cloud	si	si	0	
group_2834		Phage portal protein	7	0.1400	cloud	cloud	si	si	0	
group_2764		serine hydrolase	7	0.1400	cloud	cloud	si	si	0	
ynaF	ynaF	Uncharacterized protein YnaF	7	0.1400	cloud	cloud	si	si	0	
group_2716		hypothetical protein	7	0.1400	cloud	cloud	si	si	0	
group_2623		IS1182 family transposase	7	0.1400	cloud	cloud	si	si	0	
group_2366		hypothetical protein	7	0.1400	cloud	cloud	si	si	0	
group_1599		Diadenosine tetraphosphate hydrolase	7	0.1400	cloud	cloud	si	si	0	
group_885	lysR	LysR family transcriptional regulator	7	0.1400	cloud	cloud	si	si	0	
yqaJ	yqaJ	YqaJ viral recombinase domain-containing protein	7	0.1400	cloud	cloud	si	si	0	
group_746		Aldo/keto reductase	7	0.1400	cloud	cloud	si	si	0	
group_623		pyocin knob domain-containing protein	7	0.1400	cloud	cloud	si	si	0	
group_478		C1q domain-containing protein	7	0.1400	cloud	cloud	si	si	0	
tcaA	tcaA	TcaA 3rd/4th domain-containing protein	7	0.1400	cloud	cloud	si	si	0	
group_5439		IS3 family transposase	6	0.1200	cloud	cloud	si	si	0	
group_5438		Helix-turn-helix domain-containing protein;Transposase	6	0.1200	cloud	cloud	si	si	0	
group_4994		hypothetical protein	6	0.1200	cloud	cloud	si	si	0	
group_4993	arpU	ArpU family transcriptional regulator	6	0.1200	cloud	cloud	si	si	0	
group_4950		Lipoprotein	6	0.1200	cloud	cloud	si	si	0	
group_4947		hypothetical protein	6	0.1200	cloud	cloud	si	si	0	
group_4915		Phage protein	6	0.1200	cloud	cloud	si	si	0	
group_4914		DUF4241 domain-containing protein;hypothetical protein	6	0.1200	cloud	cloud	si	si	0	
group_4905	;xerC	site-specific integrase;Recombinase XerC;Arm DNA-binding domain-containing protein	6	0.1200	cloud	cloud	si	si	0	
group_4887		Right handed beta helix domain-containing protein;right-handed parallel beta-helix repeat-containing protein	6	0.1200	cloud	cloud	si	si	0	
group_4880		N-acetylmuramoyl-L-alanine amidase	6	0.1200	cloud	cloud	si	si	0	
group_4878	;yorD	hypothetical protein;Bacteriophage SP-beta YorD domain-containing protein;Phage portal protein	6	0.1200	cloud	cloud	si	si	0	
group_4873		Helix-turn-helix domain containing protein	6	0.1200	cloud	cloud	si	si	0	
group_4871		hypothetical protein	6	0.1200	cloud	cloud	si	si	0	
group_4842	fbpA	Fur-regulated basic protein FbpA	6	0.1200	cloud	cloud	si	si	0	
group_4837	;dnaA	ATP-binding protein;Chromosomal replication initiator protein DnaA ATPAse domain-containing protein;DnaA ATPase domain-containing protein	6	0.1200	cloud	cloud	si	si	0	
group_4822		Transposase	6	0.1200	cloud	cloud	si	si	0	
group_4820		Replication initiation factor;replication initiation factor domain-containing protein	6	0.1200	cloud	cloud	si	si	0	
group_4793	recT	Recombinase RecT	6	0.1200	cloud	cloud	si	si	0	
group_4790	yqaJ	YqaJ viral recombinase domain-containing protein	6	0.1200	cloud	cloud	si	si	0	
group_4783		Lipoprotein	6	0.1200	cloud	cloud	si	si	0	
group_4772		Peptidase	6	0.1200	cloud	cloud	si	si	0	
group_4763	;tnp	IS3 family transposase;IS3 family transposase ORF B	6	0.1200	cloud	cloud	si	si	0	
group_4756	ftsK	Cell division protein FtsK	6	0.1200	cloud	cloud	si	si	0	
group_4737		hypothetical protein	6	0.1200	cloud	cloud	si	si	0	
group_4694		hypothetical protein	6	0.1200	cloud	cloud	si	si	0	
group_4685		Metallo-beta-lactamase domain-containing protein	6	0.1200	cloud	cloud	si	si	0	
group_4672	recT	Recombinase RecT	6	0.1200	cloud	cloud	si	si	0	
yqaI	yqaI;	YqaI family protein;YqaI-like protein	6	0.1200	cloud	cloud	si	si	0	
group_4631		AAA family ATPase;Rad50/SbcC-type AAA domain-containing protein	6	0.1200	cloud	cloud	si	si	0	
group_4601		hypothetical protein	6	0.1200	cloud	cloud	si	si	0	
group_4581		helix-turn-helix domain-containing protein	6	0.1200	cloud	cloud	si	si	0	
group_4546		Type III-B CRISPR module RAMP protein Cmr1	6	0.1200	cloud	cloud	si	si	0	
group_4493	ydaF	Ribosomal N-acetyltransferase YdaF	6	0.1200	cloud	cloud	si	si	0	
group_4489		terminase large subunit;hypothetical protein;Phage large pbsx family	6	0.1200	cloud	cloud	si	si	0	
group_4460		peptidoglycan-binding protein;N-acetylmuramoyl-L-alanine amidase	6	0.1200	cloud	cloud	si	si	0	
group_4454		hypothetical protein	6	0.1200	cloud	cloud	si	si	0	
group_4441		hypothetical protein	6	0.1200	cloud	cloud	si	si	0	
group_4440		Holin	6	0.1200	cloud	cloud	si	si	0	
group_4417		hypothetical protein	6	0.1200	cloud	cloud	si	si	0	
group_4376		DUF255 domain-containing protein;Thymidylate kinase	6	0.1200	cloud	cloud	si	si	0	
group_4369		HAD-IIIA family hydrolase	6	0.1200	cloud	cloud	si	si	0	
group_4350		hypothetical protein	6	0.1200	cloud	cloud	si	si	0	
group_4280		type I restriction-modification system subunit M	6	0.1200	cloud	cloud	si	si	0	
group_4273		hypothetical protein	6	0.1200	cloud	cloud	si	si	0	
group_4271		S8 family serine peptidase	6	0.1200	cloud	cloud	si	si	0	
grpB	grpB;	GrpB family protein;Dephospho-CoA kinase	6	0.1200	cloud	cloud	si	si	0	
group_4246		Lipase;Lipoprotein;hypothetical protein;lipase	6	0.1200	cloud	cloud	si	si	0	
group_4149	doxX	DoxX family membrane protein	6	0.1200	cloud	cloud	si	si	0	
group_4054	aimR	AimR family lysis-lysogeny pheromone receptor	6	0.1200	cloud	cloud	si	si	0	
group_3979		hypothetical protein	6	0.1200	cloud	cloud	si	si	0	
group_3941		hypothetical protein	6	0.1200	cloud	cloud	si	si	0	
group_3891	arpU	ArpU family transcriptional regulator	6	0.1200	cloud	cloud	si	si	0	
group_3890		hypothetical protein	6	0.1200	cloud	cloud	si	si	0	
group_3838		hypothetical protein	6	0.1200	cloud	cloud	si	si	0	
group_3765	gpG	phage tail assembly chaperone G	6	0.1200	cloud	cloud	si	si	0	
group_3761		hypothetical protein	6	0.1200	cloud	cloud	si	si	0	
group_3565		CDP-glycerol glycerophosphotransferase family protein	6	0.1200	cloud	cloud	si	si	0	
group_3500		hypothetical protein;Spore germination protein	6	0.1200	cloud	cloud	si	si	0	
group_3416		ATPase AAA-type core domain-containing protein	6	0.1200	cloud	cloud	si	si	0	
group_3349		restriction endonuclease subunit S	6	0.1200	cloud	cloud	si	si	0	
group_3342		Nucleotide pyrophosphohydrolase	6	0.1200	cloud	cloud	si	si	0	
group_3260		IS3 family transposase	6	0.1200	cloud	cloud	si	si	0	
group_3231		Insertion element IS150 protein InsJ-like helix-turn-helix domain-containing protein;Transposase	6	0.1200	cloud	cloud	si	si	0	
group_3229	;tnp	IS3 family transposase;IS3 family transposase ORF B	6	0.1200	cloud	cloud	si	si	0	
group_3220		restriction endonuclease	6	0.1200	cloud	cloud	si	si	0	
group_3114		IS3 family transposase	6	0.1200	cloud	cloud	si	si	0	
group_3097		DUF4062 domain-containing protein;P-loop ATPase Sll1717 family	6	0.1200	cloud	cloud	si	si	0	
group_3096		Putative integral inner membrane protein	6	0.1200	cloud	cloud	si	si	0	
group_3090		hypothetical protein	6	0.1200	cloud	cloud	si	si	0	
group_3085		hypothetical protein	6	0.1200	cloud	cloud	si	si	0	
group_3065		hypothetical protein	6	0.1200	cloud	cloud	si	si	0	
group_3033		hypothetical protein	6	0.1200	cloud	cloud	si	si	0	
group_2928		hypothetical protein	6	0.1200	cloud	cloud	si	si	0	
group_2849		IS1182 family transposase	6	0.1200	cloud	cloud	si	si	0	
group_2688		hypothetical protein	6	0.1200	cloud	cloud	si	si	0	
group_2625		Arabinose metabolism transcriptional repressor	6	0.1200	cloud	cloud	si	si	0	
group_2610		IS1182 family transposase	6	0.1200	cloud	cloud	si	si	0	
group_2608		IS1182 family transposase	6	0.1200	cloud	cloud	si	si	0	
group_2571		hypothetical protein	6	0.1200	cloud	cloud	si	si	0	
group_2354		hypothetical protein	6	0.1200	cloud	cloud	si	si	0	
group_2272		hypothetical protein	6	0.1200	cloud	cloud	si	si	0	
group_1941		hypothetical protein	6	0.1200	cloud	cloud	si	si	0	
group_1902		hypothetical protein	6	0.1200	cloud	cloud	si	si	0	
group_1564		hypothetical protein	6	0.1200	cloud	cloud	si	si	0	
group_1528		PH domain-containing protein	6	0.1200	cloud	cloud	si	si	0	
group_1413		hypothetical protein	6	0.1200	cloud	cloud	si	si	0	
group_1210		hypothetical protein	6	0.1200	cloud	cloud	si	si	0	
group_1023		GIY-YIG homing endonuclease	6	0.1200	cloud	cloud	si	si	0	
group_216		PH domain-containing protein	6	0.1200	cloud	cloud	si	si	0	
group_179		Endonuclease	6	0.1200	cloud	cloud	si	si	0	
group_19		type I restriction endonuclease subunit R	6	0.1200	cloud	cloud	si	si	0	
group_5397		hypothetical protein	5	0.1000	cloud	cloud	si	si	0	
group_5112		hypothetical protein	5	0.1000	cloud	cloud	si	si	0	
group_5102	rapA	RapA	5	0.1000	cloud	cloud	si	si	0	
group_5099		hypothetical protein	5	0.1000	cloud	cloud	si	si	0	
group_5095		Protein rep;protein rep;Rep protein;Rep	5	0.1000	cloud	cloud	si	si	0	
group_5009		sigma factor-like helix-turn-helix DNA-binding protein;RNA polymerase sigma factor 70 region 4 type 2 domain-containing protein	5	0.1000	cloud	cloud	si	si	0	
group_4998		hypothetical protein	5	0.1000	cloud	cloud	si	si	0	
group_4980		DUF4145 domain-containing protein	5	0.1000	cloud	cloud	si	si	0	
group_4964		hypothetical protein;Transcriptional regulator;Adenine-specific methyltransferase	5	0.1000	cloud	cloud	si	si	0	
group_4963		helix-turn-helix domain-containing protein;Transcriptional regulator	5	0.1000	cloud	cloud	si	si	0	
group_4959		hypothetical protein;thioester domain-containing protein	5	0.1000	cloud	cloud	si	si	0	
group_4956		hypothetical protein	5	0.1000	cloud	cloud	si	si	0	
group_4955		hypothetical protein	5	0.1000	cloud	cloud	si	si	0	
group_4937		hypothetical protein	5	0.1000	cloud	cloud	si	si	0	
group_4924		XtrA/YqaO family protein	5	0.1000	cloud	cloud	si	si	0	
group_4895		hypothetical protein	5	0.1000	cloud	cloud	si	si	0	
group_4881	;parB	hypothetical protein;ParB N-terminal domain-containing protein	5	0.1000	cloud	cloud	si	si	0	
group_4861		hypothetical protein	5	0.1000	cloud	cloud	si	si	0	
group_4852		IDEAL domain-containing protein	5	0.1000	cloud	cloud	si	si	0	
group_4839		phage replisome organizer N-terminal domain-containing protein;Replication protein	5	0.1000	cloud	cloud	si	si	0	
group_4807		response regulator aspartate phosphatase H N terminal;tetratricopeptide repeat protein;Aspartate phosphatase	5	0.1000	cloud	cloud	si	si	0	
group_4784		Phage protein;hypothetical protein	5	0.1000	cloud	cloud	si	si	0	
group_4735	yezG;	antitoxin YezG family protein;TIGR01741 family protein;immunity protein YezG family protein	5	0.1000	cloud	cloud	si	si	0	
group_4731		hypothetical protein	5	0.1000	cloud	cloud	si	si	0	
group_4712		SMODS and SLOG-associating 2TM effector domain-containing protein;hypothetical protein	5	0.1000	cloud	cloud	si	si	0	
group_4684	yopX	YopX family protein	5	0.1000	cloud	cloud	si	si	0	
group_4671		hypothetical protein	5	0.1000	cloud	cloud	si	si	0	
group_4651		C2H2-type domain-containing protein	5	0.1000	cloud	cloud	si	si	0	
group_4645		Bacteriocin immunity protein	5	0.1000	cloud	cloud	si	si	0	
group_4609		reverse transcriptase domain-containing protein	5	0.1000	cloud	cloud	si	si	0	
group_4551		Wall-associated protein	5	0.1000	cloud	cloud	si	si	0	
group_4531		Phage protein	5	0.1000	cloud	cloud	si	si	0	
group_4522		GNAT family acetyltransferase;GNAT family N-acetyltransferase	5	0.1000	cloud	cloud	si	si	0	
group_4480		monooxygenase	5	0.1000	cloud	cloud	si	si	0	
group_4464		hypothetical protein;ATP-binding protein	5	0.1000	cloud	cloud	si	si	0	
group_4432		Restriction endonuclease	5	0.1000	cloud	cloud	si	si	0	
group_4314		phage major capsid protein	5	0.1000	cloud	cloud	si	si	0	
group_4305		Group-specific protein;hypothetical protein	5	0.1000	cloud	cloud	si	si	0	
group_4278		Phage protein	5	0.1000	cloud	cloud	si	si	0	
group_4228	;dsbA	Dithiol-disulfide isomerase;DsbA family protein	5	0.1000	cloud	cloud	si	si	0	
group_4181		DUF6877 domain-containing protein	5	0.1000	cloud	cloud	si	si	0	
cdiA	cdiA;	CdiA family toxin C-terminal domain-containing protein;hypothetical protein	5	0.1000	cloud	cloud	si	si	0	
group_3961		hypothetical protein	5	0.1000	cloud	cloud	si	si	0	
group_3958		hypothetical protein	5	0.1000	cloud	cloud	si	si	0	
group_3942		hypothetical protein	5	0.1000	cloud	cloud	si	si	0	
yqdA	yqdA	Uncharacterized protein YqdA	5	0.1000	cloud	cloud	si	si	0	
group_3805	;tnp	Transposase;IS3 family transposase ORF A	5	0.1000	cloud	cloud	si	si	0	
group_3542		pyocin knob domain-containing protein	5	0.1000	cloud	cloud	si	si	0	
group_3493		amidase domain-containing protein	5	0.1000	cloud	cloud	si	si	0	
group_3472		helix-turn-helix domain-containing protein	5	0.1000	cloud	cloud	si	si	0	
group_3447		DUF1056 domain-containing protein	5	0.1000	cloud	cloud	si	si	0	
group_3446		head maturation protease ClpP-related	5	0.1000	cloud	cloud	si	si	0	
group_3433		hypothetical protein	5	0.1000	cloud	cloud	si	si	0	
group_3320		Cytosine-specific methyltransferase	5	0.1000	cloud	cloud	si	si	0	
group_3273	terS;	phage terminase small subunit;hypothetical protein	5	0.1000	cloud	cloud	si	si	0	
cdiI	cdiI	ribonuclease toxin immunity protein CdiI	5	0.1000	cloud	cloud	si	si	0	
group_3216		response regulator aspartate phosphatase H N terminal;hypothetical protein	5	0.1000	cloud	cloud	si	si	0	
group_3137		GIY-YIG nuclease family protein;GIY-YIG domain-containing protein	5	0.1000	cloud	cloud	si	si	0	
group_3092		hypothetical protein	5	0.1000	cloud	cloud	si	si	0	
group_3028		hypothetical protein	5	0.1000	cloud	cloud	si	si	0	
group_3022	yopX	YopX family protein	5	0.1000	cloud	cloud	si	si	0	
group_2908		hypothetical protein	5	0.1000	cloud	cloud	si	si	0	
group_2777		GNAT family N-acetyltransferase	5	0.1000	cloud	cloud	si	si	0	
group_2680		nucleotide pyrophosphohydrolase	5	0.1000	cloud	cloud	si	si	0	
group_2621		Holin-like toxin	5	0.1000	cloud	cloud	si	si	0	
group_2606		IS1182 family transposase	5	0.1000	cloud	cloud	si	si	0	
group_2458		hypothetical protein	5	0.1000	cloud	cloud	si	si	0	
group_2333		hypothetical protein	5	0.1000	cloud	cloud	si	si	0	
group_2281		hypothetical protein	5	0.1000	cloud	cloud	si	si	0	
group_2063		hypothetical protein	5	0.1000	cloud	cloud	si	si	0	
ykvN	ykvN	Uncharacterized HTH-type transcriptional regulator YkvN	5	0.1000	cloud	cloud	si	si	0	
group_1633		DUF4944 domain-containing protein	5	0.1000	cloud	cloud	si	si	0	
group_1625	yezG	Antitoxin YezG family protein	5	0.1000	cloud	cloud	si	si	0	
group_1574		hypothetical protein	5	0.1000	cloud	cloud	si	si	0	
group_1529		hypothetical protein	5	0.1000	cloud	cloud	si	si	0	
group_1295		hypothetical protein	5	0.1000	cloud	cloud	si	si	0	
group_1157		hypothetical protein	5	0.1000	cloud	cloud	si	si	0	
ykvO	ykvO	Uncharacterized oxidoreductase YkvO	5	0.1000	cloud	cloud	si	si	0	
group_853		S-adenosyl-L-methionine-dependent methyltransferase	5	0.1000	cloud	cloud	si	si	0	
hemB	hemB	porphobilinogen synthase	5	0.1000	cloud	cloud	si	si	0	
group_705		DUF2726 domain-containing protein	5	0.1000	cloud	cloud	si	si	0	
group_699		PD-(D/E)XK motif protein	5	0.1000	cloud	cloud	si	si	0	
group_684		DUF4352 domain-containing protein	5	0.1000	cloud	cloud	si	si	0	
group_531		DNA cytosine methyltransferase	5	0.1000	cloud	cloud	si	si	0	
group_380		phage portal protein	5	0.1000	cloud	cloud	si	si	0	
htpG	htpG	ATP-binding protein	5	0.1000	cloud	cloud	si	si	0	
fokI	fokI	restriction endonuclease FokI C-terminal domain-containing protein	5	0.1000	cloud	cloud	si	si	0	
group_133		AIPR protein	5	0.1000	cloud	cloud	si	si	0	
group_47		glycosyltransferase	5	0.1000	cloud	cloud	si	si	0	
group_37		Endonuclease	5	0.1000	cloud	cloud	si	si	0	
group_5081		DUF3329 domain-containing protein	4	0.0800	cloud	cloud	si	si	0	
group_5079	nrdF	class 1b ribonucleoside-diphosphate reductase subunit beta	4	0.0800	cloud	cloud	si	si	0	
group_5077	nrdE	class 1b ribonucleoside-diphosphate reductase subunit alpha	4	0.0800	cloud	cloud	si	si	0	
group_5075	nrdI	class Ib ribonucleoside-diphosphate reductase assembly flavoprotein NrdI	4	0.0800	cloud	cloud	si	si	0	
group_5071		DNA replication protein	4	0.0800	cloud	cloud	si	si	0	
group_5070		hypothetical protein	4	0.0800	cloud	cloud	si	si	0	
group_5063		hypothetical protein	4	0.0800	cloud	cloud	si	si	0	
group_5062		3D domain-containing protein	4	0.0800	cloud	cloud	si	si	0	
group_5061		hypothetical protein	4	0.0800	cloud	cloud	si	si	0	
group_5060		DNA helicase;DnaB-like helicase C-terminal domain-containing protein	4	0.0800	cloud	cloud	si	si	0	
group_5059		toprim domain-containing protein;DNA primase	4	0.0800	cloud	cloud	si	si	0	
group_5056		dephospho-CoA kinase;Deoxynucleoside monophosphate kinase	4	0.0800	cloud	cloud	si	si	0	
group_5055		hypothetical protein	4	0.0800	cloud	cloud	si	si	0	
group_5054		Phage protein	4	0.0800	cloud	cloud	si	si	0	
group_5052		helix-turn-helix transcriptional regulator;HTH cro/C1-type domain-containing protein	4	0.0800	cloud	cloud	si	si	0	
group_5051		Replication-relaxation	4	0.0800	cloud	cloud	si	si	0	
group_5048		PAS domain-containing protein;hypothetical protein	4	0.0800	cloud	cloud	si	si	0	
group_5047		Transcriptional regulator	4	0.0800	cloud	cloud	si	si	0	
group_5046	aimR	AimR family lysis-lysogeny pheromone receptor	4	0.0800	cloud	cloud	si	si	0	
group_5045		RNA polymerase sigma factor;Sigma-70 family RNA polymerase sigma factor	4	0.0800	cloud	cloud	si	si	0	
group_5043		Exonuclease	4	0.0800	cloud	cloud	si	si	0	
group_5040		sigma factor-like helix-turn-helix DNA-binding protein	4	0.0800	cloud	cloud	si	si	0	
group_5036		helix-turn-helix transcriptional regulator;HTH cro/C1-type domain-containing protein	4	0.0800	cloud	cloud	si	si	0	
group_5028		hypothetical protein	4	0.0800	cloud	cloud	si	si	0	
group_5021		hypothetical protein	4	0.0800	cloud	cloud	si	si	0	
group_5020		hypothetical protein	4	0.0800	cloud	cloud	si	si	0	
group_4992		Helix-turn-helix transcriptional regulator;Transcriptional regulator	4	0.0800	cloud	cloud	si	si	0	
group_4983		hypothetical protein	4	0.0800	cloud	cloud	si	si	0	
group_4978		hypothetical protein	4	0.0800	cloud	cloud	si	si	0	
group_4976	tnp;	IS3 family transposase ORF A;Transposase	4	0.0800	cloud	cloud	si	si	0	
group_4974		hypothetical protein	4	0.0800	cloud	cloud	si	si	0	
group_4973		hypothetical protein	4	0.0800	cloud	cloud	si	si	0	
group_4972		group I intron-associated PD-(D/E)XK endonuclease	4	0.0800	cloud	cloud	si	si	0	
group_4952		hypothetical protein	4	0.0800	cloud	cloud	si	si	0	
group_4940		SMODS and SLOG-associating 2TM effector domain-containing protein	4	0.0800	cloud	cloud	si	si	0	
group_4939		Potassium transporter Trk	4	0.0800	cloud	cloud	si	si	0	
group_4938		Ktr system potassium transporter B	4	0.0800	cloud	cloud	si	si	0	
group_4879		phage baseplate upper protein	4	0.0800	cloud	cloud	si	si	0	
group_4855	;irrE	Phage portal protein;IrrE N-terminal-like domain-containing protein	4	0.0800	cloud	cloud	si	si	0	
group_4849		hypothetical protein	4	0.0800	cloud	cloud	si	si	0	
group_4824		helix-turn-helix domain-containing protein;Transcriptional regulator	4	0.0800	cloud	cloud	si	si	0	
group_4814		hypothetical protein	4	0.0800	cloud	cloud	si	si	0	
xtrA	;xtrA	XtrA/YqaO family protein;Phage-like element PBSX protein XtrA	4	0.0800	cloud	cloud	si	si	0	
group_4812		Transposase;IS3 family transposase	4	0.0800	cloud	cloud	si	si	0	
group_4811		hypothetical protein	4	0.0800	cloud	cloud	si	si	0	
group_4804		IDEAL domain-containing protein	4	0.0800	cloud	cloud	si	si	0	
group_4789		DNA-binding protein	4	0.0800	cloud	cloud	si	si	0	
group_4781	;irrE	ImmA/IrrE family metallo-endopeptidase;IrrE N-terminal-like domain-containing protein	4	0.0800	cloud	cloud	si	si	0	
group_4779		Phage abortive infection protein;putative phage abortive infection protein	4	0.0800	cloud	cloud	si	si	0	
group_4757	xkdX	XkdX family protein	4	0.0800	cloud	cloud	si	si	0	
group_4754		hypothetical protein	4	0.0800	cloud	cloud	si	si	0	
group_4753		hypothetical protein	4	0.0800	cloud	cloud	si	si	0	
group_4747	dnaB	replicative DNA helicase	4	0.0800	cloud	cloud	si	si	0	
group_4745		IS3 family transposase;ISBsu1 transposase ORFB	4	0.0800	cloud	cloud	si	si	0	
group_4732	tnp	IS1182 family ISBpu1 transposase	4	0.0800	cloud	cloud	si	si	0	
group_4730	arpU	ArpU family transcriptional regulator	4	0.0800	cloud	cloud	si	si	0	
group_4725		replicative helicase loader/inhibitor;Replicative helicase inhibitor G39P N-terminal domain-containing protein	4	0.0800	cloud	cloud	si	si	0	
group_4723		HNH endonuclease	4	0.0800	cloud	cloud	si	si	0	
group_4719	arpU	ArpU family transcriptional regulator;ArpU family phage packaging/lysis transcriptional regulator	4	0.0800	cloud	cloud	si	si	0	
group_4716		hypothetical protein	4	0.0800	cloud	cloud	si	si	0	
group_4714		Group-specific protein	4	0.0800	cloud	cloud	si	si	0	
group_4708		DUF5067 domain-containing protein	4	0.0800	cloud	cloud	si	si	0	
group_4704		Integrase	4	0.0800	cloud	cloud	si	si	0	
group_4701		Terminase large subunit gp17-like C-terminal domain-containing protein	4	0.0800	cloud	cloud	si	si	0	
group_4697		phBC6A51 family helix-turn-helix protein	4	0.0800	cloud	cloud	si	si	0	
clpB	clpB	Clp protease ClpB	4	0.0800	cloud	cloud	si	si	0	
group_4691		Portal protein	4	0.0800	cloud	cloud	si	si	0	
group_4690		Phage protein	4	0.0800	cloud	cloud	si	si	0	
group_4689		HK97 gp10 family phage protein	4	0.0800	cloud	cloud	si	si	0	
group_4681		phage minor capsid protein;Minor capsid protein	4	0.0800	cloud	cloud	si	si	0	
group_4680		Head-tail connector protein;Phage protein	4	0.0800	cloud	cloud	si	si	0	
group_4679		minor capsid protein	4	0.0800	cloud	cloud	si	si	0	
group_4666		Phage tail protein	4	0.0800	cloud	cloud	si	si	0	
group_4661		conserved phage C-terminal domain-containing protein	4	0.0800	cloud	cloud	si	si	0	
group_4659		Phage protein;hypothetical protein	4	0.0800	cloud	cloud	si	si	0	
group_4653		hypothetical protein	4	0.0800	cloud	cloud	si	si	0	
group_4639		phage tail protein;Baseplate protein	4	0.0800	cloud	cloud	si	si	0	
group_4638		Tail assembly chaperone	4	0.0800	cloud	cloud	si	si	0	
group_4637		Phage tail protein	4	0.0800	cloud	cloud	si	si	0	
group_4622		hypothetical protein	4	0.0800	cloud	cloud	si	si	0	
group_4614		DUF3168 domain-containing protein	4	0.0800	cloud	cloud	si	si	0	
group_4605		glucosaminidase domain-containing protein;Phage tail protein	4	0.0800	cloud	cloud	si	si	0	
group_4604		hypothetical protein	4	0.0800	cloud	cloud	si	si	0	
group_4603	gpG	phage tail assembly chaperone G	4	0.0800	cloud	cloud	si	si	0	
group_4579		hypothetical protein;transglycosylase	4	0.0800	cloud	cloud	si	si	0	
group_4569		DUF4352 domain-containing protein	4	0.0800	cloud	cloud	si	si	0	
group_4562		type I restriction-modification system subunit M	4	0.0800	cloud	cloud	si	si	0	
group_4547		type III-B CRISPR module RAMP protein Cmr1	4	0.0800	cloud	cloud	si	si	0	
group_4534		head-tail connector protein	4	0.0800	cloud	cloud	si	si	0	
group_4533		HK97-gp10 family putative phage morphogenesis protein	4	0.0800	cloud	cloud	si	si	0	
group_4514		HK97 family phage prohead protease	4	0.0800	cloud	cloud	si	si	0	
group_4512		phage tail tape measure protein;Phage tail tape measure protein	4	0.0800	cloud	cloud	si	si	0	
group_4510		Phage tail protein;transglycosylase SLT domain-containing protein	4	0.0800	cloud	cloud	si	si	0	
group_4451		Uberolysin/carnocyclin family circular bacteriocin	4	0.0800	cloud	cloud	si	si	0	
group_4444		phage holin	4	0.0800	cloud	cloud	si	si	0	
group_4431		hypothetical protein	4	0.0800	cloud	cloud	si	si	0	
group_4415		Lipoprotein	4	0.0800	cloud	cloud	si	si	0	
group_4406		DUF4306 domain-containing protein	4	0.0800	cloud	cloud	si	si	0	
group_4404		hypothetical protein	4	0.0800	cloud	cloud	si	si	0	
group_4402		Integrase	4	0.0800	cloud	cloud	si	si	0	
group_4389		hypothetical protein;Transglycosylase SLT domain-containing protein	4	0.0800	cloud	cloud	si	si	0	
group_4381		collagen-like protein;hypothetical protein	4	0.0800	cloud	cloud	si	si	0	
group_4374		RES domain-containing protein	4	0.0800	cloud	cloud	si	si	0	
group_4328		phage head closure protein	4	0.0800	cloud	cloud	si	si	0	
group_4325		SAR2788 family putative toxin	4	0.0800	cloud	cloud	si	si	0	
group_4275		phage portal protein	4	0.0800	cloud	cloud	si	si	0	
group_4269		Type I restriction enzyme endonuclease subunit	4	0.0800	cloud	cloud	si	si	0	
group_4237		hypothetical protein	4	0.0800	cloud	cloud	si	si	0	
group_4160	yeeF;	Ribonuclease YeeF;T7SS effector LXG polymorphic toxin	4	0.0800	cloud	cloud	si	si	0	
group_4056		vitamin K-dependent gamma-carboxylase	4	0.0800	cloud	cloud	si	si	0	
group_4022		hypothetical protein;GmrSD restriction endonucleases N-terminal domain-containing protein	4	0.0800	cloud	cloud	si	si	0	
group_4011		hypothetical protein	4	0.0800	cloud	cloud	si	si	0	
group_3989		Alpha/beta hydrolase	4	0.0800	cloud	cloud	si	si	0	
group_3976		SUMF1/EgtB/PvdO family nonheme iron enzyme	4	0.0800	cloud	cloud	si	si	0	
group_3967		WG containing repeat-containing protein	4	0.0800	cloud	cloud	si	si	0	
group_3964		hypothetical protein	4	0.0800	cloud	cloud	si	si	0	
group_3946		hypothetical protein;Response regulator aspartate phosphatase A	4	0.0800	cloud	cloud	si	si	0	
group_3935		N-acetylmuramoyl-L-alanine amidase	4	0.0800	cloud	cloud	si	si	0	
group_3892		collagen-like protein;Collagen triple helix repeat-containing protein;Collagen-like protein	4	0.0800	cloud	cloud	si	si	0	
group_3874		Phage protein	4	0.0800	cloud	cloud	si	si	0	
group_3866		hypothetical protein	4	0.0800	cloud	cloud	si	si	0	
group_3858		DUF1878 domain-containing protein	4	0.0800	cloud	cloud	si	si	0	
group_3857		Transcriptional regulator	4	0.0800	cloud	cloud	si	si	0	
group_3847		Transposase	4	0.0800	cloud	cloud	si	si	0	
group_3836		hypothetical protein	4	0.0800	cloud	cloud	si	si	0	
group_3814		Prenyltransferase	4	0.0800	cloud	cloud	si	si	0	
group_3757		hypothetical protein	4	0.0800	cloud	cloud	si	si	0	
group_3756		phage portal protein	4	0.0800	cloud	cloud	si	si	0	
group_3755		phage major capsid protein	4	0.0800	cloud	cloud	si	si	0	
group_3746		Phage portal protein;ImmA/IrrE family metallo-endopeptidase	4	0.0800	cloud	cloud	si	si	0	
group_3745		Skin element transcriptional repressor of yqaF-yqaN operon (Xre family)	4	0.0800	cloud	cloud	si	si	0	
group_3673		Transposase DDE domain-containing protein	4	0.0800	cloud	cloud	si	si	0	
group_3479		RES family NAD+ phosphorylase	4	0.0800	cloud	cloud	si	si	0	
group_3374		IS1182 family transposase	4	0.0800	cloud	cloud	si	si	0	
group_3336		hypothetical protein	4	0.0800	cloud	cloud	si	si	0	
group_3331		DUF1056 domain-containing protein	4	0.0800	cloud	cloud	si	si	0	
group_3315		Restriction endonuclease subunit S	4	0.0800	cloud	cloud	si	si	0	
group_3279		Siphovirus-type tail component RIFT-related domain-containing protein	4	0.0800	cloud	cloud	si	si	0	
group_3264		Phage ABA sandwich domain-containing protein	4	0.0800	cloud	cloud	si	si	0	
group_3261		hypothetical protein	4	0.0800	cloud	cloud	si	si	0	
group_3244		DUF4352 domain-containing protein;hypothetical protein	4	0.0800	cloud	cloud	si	si	0	
group_3242		Phage protein	4	0.0800	cloud	cloud	si	si	0	
group_3212		HTH tetR-type domain-containing protein	4	0.0800	cloud	cloud	si	si	0	
group_3116		IS3 family transposase	4	0.0800	cloud	cloud	si	si	0	
group_3021		Transposase;Insertion element IS150 protein InsJ-like helix-turn-helix domain-containing protein	4	0.0800	cloud	cloud	si	si	0	
group_2993	marR	Multiple antibiotic resistance protein MarR	4	0.0800	cloud	cloud	si	si	0	
group_2985		HNH endonuclease	4	0.0800	cloud	cloud	si	si	0	
group_2981		Membrane protein	4	0.0800	cloud	cloud	si	si	0	
group_2938		IS3 family transposase	4	0.0800	cloud	cloud	si	si	0	
group_2844		Integral inner membrane protein;hypothetical protein	4	0.0800	cloud	cloud	si	si	0	
group_2783		IS3 family transposase	4	0.0800	cloud	cloud	si	si	0	
group_2737		UPF0715 family protein;Uncharacterised protein family (UPF0715)	4	0.0800	cloud	cloud	si	si	0	
group_2647		hypothetical protein	4	0.0800	cloud	cloud	si	si	0	
group_2630		Transposase	4	0.0800	cloud	cloud	si	si	0	
group_2618		hypothetical protein	4	0.0800	cloud	cloud	si	si	0	
group_2615		Transposase	4	0.0800	cloud	cloud	si	si	0	
group_2612		IS1182 family transposase	4	0.0800	cloud	cloud	si	si	0	
group_2564		hypothetical protein	4	0.0800	cloud	cloud	si	si	0	
group_2562		hypothetical protein	4	0.0800	cloud	cloud	si	si	0	
group_2541		hypothetical protein	4	0.0800	cloud	cloud	si	si	0	
group_2535		hypothetical protein	4	0.0800	cloud	cloud	si	si	0	
group_2508		hypothetical protein	3	0.0600	cloud	cloud	si	si	1	bin_5_63_01770
group_2482		aureocin A53 family class IId bacteriocin	4	0.0800	cloud	cloud	si	si	0	
group_2481		hypothetical protein	4	0.0800	cloud	cloud	si	si	0	
comX	comX	competence pheromone ComX	4	0.0800	cloud	cloud	si	si	0	
group_2399		hypothetical protein	4	0.0800	cloud	cloud	si	si	0	
group_2275		hypothetical protein	4	0.0800	cloud	cloud	si	si	0	
group_2231		hypothetical protein	3	0.0600	cloud	cloud	si	si	1	bin_5_63_00103
group_2207		Phage protein	4	0.0800	cloud	cloud	si	si	0	
group_2187		DUF1874 domain-containing protein	4	0.0800	cloud	cloud	si	si	0	
group_1998		hypothetical protein	4	0.0800	cloud	cloud	si	si	0	
group_1904		Phage protein	4	0.0800	cloud	cloud	si	si	0	
group_1874		hypothetical protein	4	0.0800	cloud	cloud	si	si	0	
group_1807		replication terminator protein	4	0.0800	cloud	cloud	si	si	0	
group_1751		hypothetical protein	4	0.0800	cloud	cloud	si	si	0	
group_1718		hypothetical protein	4	0.0800	cloud	cloud	si	si	0	
group_1677		IDEAL domain-containing protein	4	0.0800	cloud	cloud	si	si	0	
group_1616		DUF1433 domain-containing protein	4	0.0800	cloud	cloud	si	si	0	
group_1596		phage terminase small subunit P27 family	4	0.0800	cloud	cloud	si	si	0	
group_1578		DUF1433 domain-containing protein	4	0.0800	cloud	cloud	si	si	0	
group_1527		Stage II sporulation protein M	4	0.0800	cloud	cloud	si	si	0	
group_1485		hypothetical protein	4	0.0800	cloud	cloud	si	si	0	
group_1435		TetR/AcrR family transcriptional regulator	4	0.0800	cloud	cloud	si	si	0	
group_1383		HNH endonuclease	4	0.0800	cloud	cloud	si	si	0	
group_1369		ATP-binding cassette domain-containing protein	4	0.0800	cloud	cloud	si	si	0	
group_1348		HTH cro/C1-type domain-containing protein	4	0.0800	cloud	cloud	si	si	0	
group_1340		HK97 family phage prohead protease	4	0.0800	cloud	cloud	si	si	0	
group_1332	ecsC	EcsC family protein	4	0.0800	cloud	cloud	si	si	0	
group_1324		hypothetical protein	4	0.0800	cloud	cloud	si	si	0	
group_1306		hypothetical protein	4	0.0800	cloud	cloud	si	si	0	
group_1305		Dienelactone hydrolase	4	0.0800	cloud	cloud	si	si	0	
group_1296		Lipoprotein	4	0.0800	cloud	cloud	si	si	0	
group_1233		hypothetical protein	4	0.0800	cloud	cloud	si	si	0	
group_1170		hypothetical protein	4	0.0800	cloud	cloud	si	si	0	
group_1115		SDR family oxidoreductase	4	0.0800	cloud	cloud	si	si	0	
group_1106		Cthe-2314 family HEPN domain-containing protein	4	0.0800	cloud	cloud	si	si	0	
group_1052		SDR family oxidoreductase	4	0.0800	cloud	cloud	si	si	0	
bpoC	bpoC	Non-heme bromoperoxidase BpoC	4	0.0800	cloud	cloud	si	si	0	
group_882		multicopper oxidase family protein	4	0.0800	cloud	cloud	si	si	0	
group_736		hypothetical protein	4	0.0800	cloud	cloud	si	si	0	
group_713		NADP-dependent oxidoreductase	4	0.0800	cloud	cloud	si	si	0	
group_701		DNA (cytosine-5-)-methyltransferase	4	0.0800	cloud	cloud	si	si	0	
group_653		N-ethylmaleimide reductase	4	0.0800	cloud	cloud	si	si	0	
group_503		MFS transporter	4	0.0800	cloud	cloud	si	si	0	
group_460		MFS transporter	4	0.0800	cloud	cloud	si	si	0	
group_418		Cytochrome P450	4	0.0800	cloud	cloud	si	si	0	
drmMII	drmMII	Type II methyltransferase M-Bpa9945I	4	0.0800	cloud	cloud	si	si	0	
group_300		hypothetical protein	4	0.0800	cloud	cloud	si	si	0	
group_289		Fibronectin type-III domain-containing protein	4	0.0800	cloud	cloud	si	si	0	
group_259		Peptide ABC transporter permease	4	0.0800	cloud	cloud	si	si	0	
group_217		Peptide ABC transporter permease	4	0.0800	cloud	cloud	si	si	0	
group_161		Terminase	4	0.0800	cloud	cloud	si	si	0	
oppF	oppF	murein tripeptide/oligopeptide ABC transporter ATP binding protein OppF	4	0.0800	cloud	cloud	si	si	0	
group_139		Solute-binding protein family 5 domain-containing protein	4	0.0800	cloud	cloud	si	si	0	
group_109		Autolysin	4	0.0800	cloud	cloud	si	si	0	
group_5444		hypothetical protein	3	0.0600	cloud	cloud	si	si	0	
group_5434		DUF3967 domain-containing protein	3	0.0600	cloud	cloud	si	si	0	
group_5432	tnp	IS1182 family ISBpu1 transposase	3	0.0600	cloud	cloud	si	si	0	
vbhA	vbhA	antitoxin VbhA family protein;Antitoxin VbhA domain-containing protein	3	0.0600	cloud	cloud	si	si	0	
group_5096		tetratricopeptide repeat protein;hypothetical protein;response regulator aspartate phosphatase H N terminal	3	0.0600	cloud	cloud	si	si	0	
group_5093		hypothetical protein	3	0.0600	cloud	cloud	si	si	0	
group_5083		hypothetical protein	3	0.0600	cloud	cloud	si	si	0	
group_5082	dut	dUTP diphosphatase	3	0.0600	cloud	cloud	si	si	0	
group_5080		NUMOD4 domain-containing protein	3	0.0600	cloud	cloud	si	si	0	
group_5078		hypothetical protein	3	0.0600	cloud	cloud	si	si	0	
group_5076		Membrane-bound protein	3	0.0600	cloud	cloud	si	si	0	
group_5067	thyX	FAD-dependent thymidylate synthase	3	0.0600	cloud	cloud	si	si	0	
group_5050		helix-turn-helix transcriptional regulator;Transcriptional regulator	3	0.0600	cloud	cloud	si	si	0	
group_5041		DNA methyltransferase	3	0.0600	cloud	cloud	si	si	0	
group_5038		Phage protein	3	0.0600	cloud	cloud	si	si	0	
group_5037		hypothetical protein	3	0.0600	cloud	cloud	si	si	0	
group_5034		Helix-turn-helix domain-containing protein	3	0.0600	cloud	cloud	si	si	0	
group_5033		hypothetical protein	3	0.0600	cloud	cloud	si	si	0	
group_5032		hypothetical protein	3	0.0600	cloud	cloud	si	si	0	
group_5031		hypothetical protein	3	0.0600	cloud	cloud	si	si	0	
group_5030		hypothetical protein	3	0.0600	cloud	cloud	si	si	0	
group_5027		Phage protein	3	0.0600	cloud	cloud	si	si	0	
group_5026		hypothetical protein	3	0.0600	cloud	cloud	si	si	0	
group_5024		DNA polymerase	3	0.0600	cloud	cloud	si	si	0	
group_5022		Phage protein	3	0.0600	cloud	cloud	si	si	0	
group_5014		hypothetical protein	3	0.0600	cloud	cloud	si	si	0	
group_5013		RNA polymerase sigma-70 region 4 domain-containing protein;hypothetical protein	3	0.0600	cloud	cloud	si	si	0	
group_5010		phage tail tape measure protein;Phage tail tape measure protein	3	0.0600	cloud	cloud	si	si	0	
group_5003		dUTP diphosphatase	3	0.0600	cloud	cloud	si	si	0	
group_4999		hypothetical protein	3	0.0600	cloud	cloud	si	si	0	
group_4991		Replication protein	3	0.0600	cloud	cloud	si	si	0	
group_4990		Nucleotide excision repair endonuclease	3	0.0600	cloud	cloud	si	si	0	
group_4989		hypothetical protein	3	0.0600	cloud	cloud	si	si	0	
group_4987	xkdW;yorD	XkdW family protein;Bacteriophage SP-beta YorD domain-containing protein	3	0.0600	cloud	cloud	si	si	0	
group_4985		T7SS effector LXG polymorphic toxin;Transposase protein	3	0.0600	cloud	cloud	si	si	0	
group_4982		Integrase	3	0.0600	cloud	cloud	si	si	0	
group_4981		Phage protein;hypothetical protein	3	0.0600	cloud	cloud	si	si	0	
group_4975	xkdX	XkdX family protein	3	0.0600	cloud	cloud	si	si	0	
group_4971		ImmA/IrrE family metallo-endopeptidase	3	0.0600	cloud	cloud	si	si	0	
group_4970		DUF4352 domain-containing protein	3	0.0600	cloud	cloud	si	si	0	
group_4942		helix-turn-helix transcriptional regulator;helix-turn-helix domain-containing protein	3	0.0600	cloud	cloud	si	si	0	
group_4927		hypothetical protein	3	0.0600	cloud	cloud	si	si	0	
group_4923		sigma factor-like helix-turn-helix DNA-binding protein;RNA polymerase sigma factor 70 region 4 type 2 domain-containing protein	3	0.0600	cloud	cloud	si	si	0	
group_4922		Cell wall-binding protein	3	0.0600	cloud	cloud	si	si	0	
group_4921		hypothetical protein	3	0.0600	cloud	cloud	si	si	0	
group_4920		Immunity 22 family protein	3	0.0600	cloud	cloud	si	si	0	
group_4910		DUF3967 domain-containing protein	3	0.0600	cloud	cloud	si	si	0	
group_4903		hypothetical protein;Phage protein	3	0.0600	cloud	cloud	si	si	0	
group_4902		ImmA/IrrE family metallo-endopeptidase	3	0.0600	cloud	cloud	si	si	0	
group_4899		hypothetical protein	3	0.0600	cloud	cloud	si	si	0	
group_4897		Transcriptional regulator	3	0.0600	cloud	cloud	si	si	0	
group_4896		helix-turn-helix domain-containing protein;XRE family transcriptional regulator	3	0.0600	cloud	cloud	si	si	0	
group_4892	yopX	YopX family protein	3	0.0600	cloud	cloud	si	si	0	
group_4886		Group-specific protein	3	0.0600	cloud	cloud	si	si	0	
group_4882		hypothetical protein	3	0.0600	cloud	cloud	si	si	0	
group_4877		DNA-binding protein	3	0.0600	cloud	cloud	si	si	0	
yoqU	yoqU	SPbeta prophage-derived uncharacterized protein YoqU	3	0.0600	cloud	cloud	si	si	0	
group_4872		hypothetical protein	3	0.0600	cloud	cloud	si	si	0	
group_4868		hypothetical protein;DUF1292 domain-containing protein	3	0.0600	cloud	cloud	si	si	0	
group_4867		hypothetical protein	3	0.0600	cloud	cloud	si	si	0	
group_4846		N-acetylmuramoyl-L-alanine amidase	3	0.0600	cloud	cloud	si	si	0	
group_4845		hypothetical protein	3	0.0600	cloud	cloud	si	si	0	
group_4835		XRE family transcriptional regulator;Transcriptional regulator	3	0.0600	cloud	cloud	si	si	0	
group_4821	yorD	Bacteriophage SP-beta YorD domain-containing protein	3	0.0600	cloud	cloud	si	si	0	
group_4808		phage portal protein	3	0.0600	cloud	cloud	si	si	0	
group_4803		hypothetical protein	3	0.0600	cloud	cloud	si	si	0	
group_4795		hypothetical protein	3	0.0600	cloud	cloud	si	si	0	
group_4794		hypothetical protein	3	0.0600	cloud	cloud	si	si	0	
group_4792		HTH cro/C1-type domain-containing protein;helix-turn-helix transcriptional regulator	3	0.0600	cloud	cloud	si	si	0	
group_4782	gpG	phage tail assembly chaperone G	3	0.0600	cloud	cloud	si	si	0	
group_4768	xkdX	XkdX family protein	3	0.0600	cloud	cloud	si	si	0	
group_4766		hypothetical protein	3	0.0600	cloud	cloud	si	si	0	
group_4760		YolD-like family protein;DNA polymerase Y-family little finger domain-containing protein	3	0.0600	cloud	cloud	si	si	0	
group_4746		hypothetical protein	3	0.0600	cloud	cloud	si	si	0	
group_4743		Type I restriction enzyme endonuclease subunit	3	0.0600	cloud	cloud	si	si	0	
group_4742		Phage protein	3	0.0600	cloud	cloud	si	si	0	
group_4705		N4-gp56 family major capsid protein;fibronectin type III domain-containing protein	3	0.0600	cloud	cloud	si	si	0	
group_4670		hypothetical protein	3	0.0600	cloud	cloud	si	si	0	
group_4667		hypothetical protein	3	0.0600	cloud	cloud	si	si	0	
group_4656		hypothetical protein	3	0.0600	cloud	cloud	si	si	0	
group_4655		BRO family protein	3	0.0600	cloud	cloud	si	si	0	
group_4647	merR	MerR family transcriptional regulator	3	0.0600	cloud	cloud	si	si	0	
group_4646		conjugal transfer protein;Conjugal transfer protein	3	0.0600	cloud	cloud	si	si	0	
group_4642		DUF5309 domain-containing protein	3	0.0600	cloud	cloud	si	si	0	
group_4641		Replication ATP-dependent helicase	3	0.0600	cloud	cloud	si	si	0	
group_4616		Endopeptidase	3	0.0600	cloud	cloud	si	si	0	
group_4615		hypothetical protein	3	0.0600	cloud	cloud	si	si	0	
group_4607		Stage II sporulation protein M	3	0.0600	cloud	cloud	si	si	0	
group_4580		helix-turn-helix domain-containing protein	3	0.0600	cloud	cloud	si	si	0	
group_4578	dnaD	DNA replication protein DnaD	3	0.0600	cloud	cloud	si	si	0	
group_4565		hypothetical protein;Phage protein	3	0.0600	cloud	cloud	si	si	0	
group_4560		hypothetical protein	3	0.0600	cloud	cloud	si	si	0	
group_4556		hypothetical protein	3	0.0600	cloud	cloud	si	si	0	
group_4539		CD3337/EF1877 family mobilome membrane protein	3	0.0600	cloud	cloud	si	si	0	
group_4538		conjugal transfer protein;Conjugal transfer protein	3	0.0600	cloud	cloud	si	si	0	
group_4521		hypothetical protein	3	0.0600	cloud	cloud	si	si	0	
group_4445		Aspartate phosphatase	3	0.0600	cloud	cloud	si	si	0	
group_4419	rusA	RusA family crossover junction endodeoxyribonuclease	3	0.0600	cloud	cloud	si	si	0	
group_4410		histidine kinase;hypothetical protein	3	0.0600	cloud	cloud	si	si	0	
group_4397		SHOCT domain-containing protein;PH domain-containing protein	3	0.0600	cloud	cloud	si	si	0	
group_4396		Integrase	3	0.0600	cloud	cloud	si	si	0	
group_4392		hypothetical protein	3	0.0600	cloud	cloud	si	si	0	
group_4388		ABC transporter ATP-binding protein	3	0.0600	cloud	cloud	si	si	0	
group_4351		toll/interleukin-1 receptor domain-containing protein;TIR domain-containing protein	3	0.0600	cloud	cloud	si	si	0	
group_4347		ATP-binding protein	3	0.0600	cloud	cloud	si	si	0	
group_4284		hypothetical protein	3	0.0600	cloud	cloud	si	si	0	
group_4266	;bppU	hypothetical protein;BppU N-terminal domain-containing protein;BppU family phage baseplate upper protein	3	0.0600	cloud	cloud	si	si	0	
group_4254	arpU	ArpU family transcriptional regulator;ArpU family phage packaging/lysis transcriptional regulator	3	0.0600	cloud	cloud	si	si	0	
group_4253		hypothetical protein	3	0.0600	cloud	cloud	si	si	0	
group_4212		S8 family serine peptidase	3	0.0600	cloud	cloud	si	si	0	
group_4151		hypothetical protein	3	0.0600	cloud	cloud	si	si	0	
group_4068		RES domain-containing protein	3	0.0600	cloud	cloud	si	si	0	
group_4036		hypothetical protein;SMI1/KNR4 family protein	2	0.0400	cloud	cloud	si	si	1	bin_5_63_01215
group_3986		phage holin	3	0.0600	cloud	cloud	si	si	0	
group_3977		Response regulator aspartate phosphatase	3	0.0600	cloud	cloud	si	si	0	
group_3912		hypothetical protein;rhs-associated protein	3	0.0600	cloud	cloud	si	si	0	
group_3849		GLUE N-terminal domain-containing protein	3	0.0600	cloud	cloud	si	si	0	
group_3811		site-specific integrase	3	0.0600	cloud	cloud	si	si	0	
group_3809		Cytosine-specific methyltransferase;DNA cytosine methyltransferase	3	0.0600	cloud	cloud	si	si	0	
group_3808		hypothetical protein	3	0.0600	cloud	cloud	si	si	0	
group_3799	arpU	ArpU family transcriptional regulator	3	0.0600	cloud	cloud	si	si	0	
group_3787	yezG;	immunity protein YezG family protein;hypothetical protein	3	0.0600	cloud	cloud	si	si	0	
group_3779		Peptidase S8/S53 domain-containing protein	3	0.0600	cloud	cloud	si	si	0	
group_3767		hypothetical protein	3	0.0600	cloud	cloud	si	si	0	
group_3717		Chromosome segregation protein SMC	3	0.0600	cloud	cloud	si	si	0	
group_3698		Short-chain dehydrogenase;hypothetical protein	3	0.0600	cloud	cloud	si	si	0	
group_3505		glycosyltransferase	3	0.0600	cloud	cloud	si	si	0	
group_3340		acyltransferase family protein	3	0.0600	cloud	cloud	si	si	0	
group_3338		hypothetical protein	3	0.0600	cloud	cloud	si	si	0	
group_3321		site-specific DNA-methyltransferase (adenine-specific)	3	0.0600	cloud	cloud	si	si	0	
group_3313		hypothetical protein	3	0.0600	cloud	cloud	si	si	0	
group_3304		IS1182 family transposase	3	0.0600	cloud	cloud	si	si	0	
group_3272		Amidinotransferase	3	0.0600	cloud	cloud	si	si	0	
group_3269		hypothetical protein	3	0.0600	cloud	cloud	si	si	0	
group_3258		hypothetical protein	3	0.0600	cloud	cloud	si	si	0	
group_3252		Phage integrase family;tyrosine-type recombinase/integrase	3	0.0600	cloud	cloud	si	si	0	
group_3232		LXG domain-containing protein	3	0.0600	cloud	cloud	si	si	0	
group_3219		sulfotransferase family protein	3	0.0600	cloud	cloud	si	si	0	
group_3214		DUF4917 domain-containing protein	3	0.0600	cloud	cloud	si	si	0	
group_3211		hypothetical protein	3	0.0600	cloud	cloud	si	si	0	
group_3209		RNA-directed DNA polymerase;hypothetical protein	3	0.0600	cloud	cloud	si	si	0	
group_3179		class I SAM-dependent methyltransferase;Class I SAM-dependent methyltransferase	3	0.0600	cloud	cloud	si	si	0	
group_3132		ATP-binding protein	3	0.0600	cloud	cloud	si	si	0	
group_3098		N-acetylmuramoyl-L-alanine amidase	3	0.0600	cloud	cloud	si	si	0	
group_3076		hypothetical protein;DUF3800 domain-containing protein	3	0.0600	cloud	cloud	si	si	0	
group_3041		hypothetical protein	3	0.0600	cloud	cloud	si	si	0	
group_3026		hypothetical protein;Immunity protein 8 of polymorphic toxin system	3	0.0600	cloud	cloud	si	si	0	
group_3019		hypothetical protein	3	0.0600	cloud	cloud	si	si	0	
group_2982		kelch repeat-containing protein	3	0.0600	cloud	cloud	si	si	0	
group_2977		hypothetical protein	3	0.0600	cloud	cloud	si	si	0	
group_2957		DUF421 domain-containing protein	3	0.0600	cloud	cloud	si	si	0	
group_2758		DUF1998 domain-containing protein	3	0.0600	cloud	cloud	si	si	0	
group_2734		DUF2399 domain-containing protein;Toprim sub domain-containing protein	3	0.0600	cloud	cloud	si	si	0	
group_2692		hypothetical protein	3	0.0600	cloud	cloud	si	si	0	
group_2666		DUF6037 domain-containing protein	3	0.0600	cloud	cloud	si	si	0	
bhlA	bhlA	BhlA holin family	3	0.0600	cloud	cloud	si	si	0	
group_2627		Beta-lactamase	3	0.0600	cloud	cloud	si	si	0	
group_2626		IS3 family transposase	3	0.0600	cloud	cloud	si	si	0	
group_2614	tnp	IS1182 family ISBpu1 transposase	3	0.0600	cloud	cloud	si	si	0	
group_2609		IS1182 family transposase	3	0.0600	cloud	cloud	si	si	0	
group_2607		IS1182 family transposase	3	0.0600	cloud	cloud	si	si	0	
group_2536		Phosphatase	3	0.0600	cloud	cloud	si	si	0	
group_2512		hypothetical protein	3	0.0600	cloud	cloud	si	si	0	
group_2500		hypothetical protein	3	0.0600	cloud	cloud	si	si	0	
group_2487		AP2-like integrase N-terminal domain-containing protein	3	0.0600	cloud	cloud	si	si	0	
group_2479		hypothetical protein	3	0.0600	cloud	cloud	si	si	0	
group_2474		Phage protein	3	0.0600	cloud	cloud	si	si	0	
group_2465		hypothetical protein	3	0.0600	cloud	cloud	si	si	0	
group_2460		hypothetical protein	3	0.0600	cloud	cloud	si	si	0	
group_2445		hypothetical protein	3	0.0600	cloud	cloud	si	si	0	
group_2432		hypothetical protein	3	0.0600	cloud	cloud	si	si	0	
group_2382		Phage protein	3	0.0600	cloud	cloud	si	si	0	
group_2375		PBSX phage terminase small subunit-like N-terminal domain-containing protein	3	0.0600	cloud	cloud	si	si	0	
group_2295		DUF5776 domain-containing protein	3	0.0600	cloud	cloud	si	si	0	
group_2274		helix-turn-helix transcriptional regulator	3	0.0600	cloud	cloud	si	si	0	
group_2271		hypothetical protein	3	0.0600	cloud	cloud	si	si	0	
group_2239		hypothetical protein	3	0.0600	cloud	cloud	si	si	0	
group_2230		hypothetical protein	3	0.0600	cloud	cloud	si	si	0	
group_2225		hypothetical protein	3	0.0600	cloud	cloud	si	si	0	
group_2199		hypothetical protein	3	0.0600	cloud	cloud	si	si	0	
group_2198		polymorphic toxin type 50 domain-containing protein	3	0.0600	cloud	cloud	si	si	0	
group_2188		hypothetical protein	3	0.0600	cloud	cloud	si	si	0	
group_2161		Helix-turn-helix domain-containing protein	3	0.0600	cloud	cloud	si	si	0	
group_2158		Membrane protein	3	0.0600	cloud	cloud	si	si	0	
group_2150		DNA mismatch endonuclease Vsr	3	0.0600	cloud	cloud	si	si	0	
pqqD	pqqD	PqqD family protein	3	0.0600	cloud	cloud	si	si	0	
group_2119		DUF4306 domain-containing protein	3	0.0600	cloud	cloud	si	si	0	
group_2115		hypothetical protein	3	0.0600	cloud	cloud	si	si	0	
group_2080		DUF3986 domain-containing protein	3	0.0600	cloud	cloud	si	si	0	
group_2062		hypothetical protein	3	0.0600	cloud	cloud	si	si	0	
group_2010		DUF1433 domain-containing protein	3	0.0600	cloud	cloud	si	si	0	
group_2005		Transcriptional regulator	3	0.0600	cloud	cloud	si	si	0	
group_1990		Holin	3	0.0600	cloud	cloud	si	si	0	
group_1956		hypothetical protein	3	0.0600	cloud	cloud	si	si	0	
group_1897		Structural protein	3	0.0600	cloud	cloud	si	si	0	
group_1890		Phage protein	3	0.0600	cloud	cloud	si	si	0	
group_1857		AAA family ATPase	3	0.0600	cloud	cloud	si	si	0	
group_1848		hypothetical protein	3	0.0600	cloud	cloud	si	si	0	
group_1820		Peptidase M50 domain-containing protein	3	0.0600	cloud	cloud	si	si	0	
group_1796		hypothetical protein	3	0.0600	cloud	cloud	si	si	0	
group_1763		DUF3168 domain-containing protein	3	0.0600	cloud	cloud	si	si	0	
group_1738		hypothetical protein	3	0.0600	cloud	cloud	si	si	0	
group_1716		hypothetical protein	3	0.0600	cloud	cloud	si	si	0	
group_1707		hypothetical protein	3	0.0600	cloud	cloud	si	si	0	
group_1680		hypothetical protein	3	0.0600	cloud	cloud	si	si	0	
group_1627	yezG	immunity protein YezG family protein	3	0.0600	cloud	cloud	si	si	0	
group_1621		helix-turn-helix domain-containing protein	3	0.0600	cloud	cloud	si	si	0	
group_1595		DUF1433 domain-containing protein	3	0.0600	cloud	cloud	si	si	0	
ruvC	ruvC	Holliday junction resolvase RuvC	3	0.0600	cloud	cloud	si	si	0	
group_1586		DUF2247 domain-containing protein	3	0.0600	cloud	cloud	si	si	0	
group_1552		HEPN domain-containing protein	3	0.0600	cloud	cloud	si	si	0	
group_1489		hypothetical protein	3	0.0600	cloud	cloud	si	si	0	
group_1473		hypothetical protein	3	0.0600	cloud	cloud	si	si	0	
group_1448		Knr4/Smi1-like domain-containing protein	3	0.0600	cloud	cloud	si	si	0	
group_1424		hypothetical protein	3	0.0600	cloud	cloud	si	si	0	
group_1417		site-specific integrase	3	0.0600	cloud	cloud	si	si	0	
group_1407		DUF421 domain-containing protein	3	0.0600	cloud	cloud	si	si	0	
group_1379		Secreted protein	3	0.0600	cloud	cloud	si	si	0	
group_1378		TetR/AcrR family transcriptional regulator	3	0.0600	cloud	cloud	si	si	0	
group_1318		hypothetical protein	3	0.0600	cloud	cloud	si	si	0	
group_1312		SLATT domain-containing protein	3	0.0600	cloud	cloud	si	si	0	
group_1282		hypothetical protein	3	0.0600	cloud	cloud	si	si	0	
dsbA	dsbA	Disulfide bond formation protein DsbA	3	0.0600	cloud	cloud	si	si	0	
group_1167		Initiator Rep protein domain-containing protein	3	0.0600	cloud	cloud	si	si	0	
group_1166		hypothetical protein	3	0.0600	cloud	cloud	si	si	0	
group_1156		ABC transporter domain-containing protein	3	0.0600	cloud	cloud	si	si	0	
group_1148		hypothetical protein	3	0.0600	cloud	cloud	si	si	0	
yycO	yycO	YycO	3	0.0600	cloud	cloud	si	si	0	
group_1099		GTP cyclohydrolase II	3	0.0600	cloud	cloud	si	si	0	
group_1045		SAR2788 family putative toxin	3	0.0600	cloud	cloud	si	si	0	
group_1039		SAR2788 family putative toxin	3	0.0600	cloud	cloud	si	si	0	
group_994		HNH endonuclease	3	0.0600	cloud	cloud	si	si	0	
group_934		DNA adenine methylase	3	0.0600	cloud	cloud	si	si	0	
group_908		hypothetical protein	3	0.0600	cloud	cloud	si	si	0	
group_867		PD-(D/E)XK motif protein	3	0.0600	cloud	cloud	si	si	0	
group_862	cyoE	heme o synthase	3	0.0600	cloud	cloud	si	si	0	
group_811		oxidoreductase	3	0.0600	cloud	cloud	si	si	0	
group_809		hypothetical protein	3	0.0600	cloud	cloud	si	si	0	
group_764		restriction endonuclease PLD domain-containing protein	3	0.0600	cloud	cloud	si	si	0	
group_706		DNA helicase	3	0.0600	cloud	cloud	si	si	0	
group_680		Two component regulator three Y domain-containing protein	3	0.0600	cloud	cloud	si	si	0	
group_619		pyocin knob domain-containing protein	3	0.0600	cloud	cloud	si	si	0	
group_591		SEC-C domain-containing protein	3	0.0600	cloud	cloud	si	si	0	
pbuE	pbuE	Purine efflux pump PbuE	3	0.0600	cloud	cloud	si	si	0	
group_514		glycosyltransferase family 4 protein	3	0.0600	cloud	cloud	si	si	0	
group_513		hypothetical protein	3	0.0600	cloud	cloud	si	si	0	
group_482		hypothetical protein	3	0.0600	cloud	cloud	si	si	0	
group_439		hypothetical protein	2	0.0400	cloud	cloud	si	si	1	bin_5_63_00104
group_395		N-acetylneuraminate epimerase	3	0.0600	cloud	cloud	si	si	0	
group_318		ABC transporter permease	3	0.0600	cloud	cloud	si	si	0	
group_306		MFS transporter	3	0.0600	cloud	cloud	si	si	0	
group_295		toll/interleukin-1 receptor domain-containing protein	3	0.0600	cloud	cloud	si	si	0	
group_286		Replicative DNA helicase	3	0.0600	cloud	cloud	si	si	0	
group_268		hypothetical protein	3	0.0600	cloud	cloud	si	si	0	
group_252		caspase family protein	3	0.0600	cloud	cloud	si	si	0	
group_199		ATP-dependent endonuclease	3	0.0600	cloud	cloud	si	si	0	
group_173		KAP family NTPase	3	0.0600	cloud	cloud	si	si	0	
parB	parB	ParB N-terminal domain-containing protein	3	0.0600	cloud	cloud	si	si	0	
group_150		WD40 repeat domain-containing protein	3	0.0600	cloud	cloud	si	si	0	
group_125		WD40 repeat domain-containing protein	3	0.0600	cloud	cloud	si	si	0	
group_107		right-handed parallel beta-helix repeat-containing protein	3	0.0600	cloud	cloud	si	si	0	
group_94		glycosyltransferase	3	0.0600	cloud	cloud	si	si	0	
group_93		Histidine kinase/DNA gyrase B/HSP90-like ATPase	3	0.0600	cloud	cloud	si	si	0	
recQ	recQ	ATP-dependent DNA helicase RecQ	3	0.0600	cloud	cloud	si	si	0	
group_57		ABC transporter permease	3	0.0600	cloud	cloud	si	si	0	
group_40		glycosyltransferase	3	0.0600	cloud	cloud	si	si	0	
group_28		CDP-glycerol glycerophosphotransferase family protein	3	0.0600	cloud	cloud	si	si	0	
group_25		Z1 domain-containing protein	3	0.0600	cloud	cloud	si	si	0	
group_20		CDP-glycerol glycerophosphotransferase family protein	3	0.0600	cloud	cloud	si	si	0	
group_9		CDP-glycerol--glycerophosphate glycerophosphotransferase	3	0.0600	cloud	cloud	si	si	0	
group_5443		Immunity protein 30 domain-containing protein;hypothetical protein	2	0.0400	cloud	cloud	si	si	0	
group_5442		Phage protein;hypothetical protein	2	0.0400	cloud	cloud	si	si	0	
group_5441		hypothetical protein	2	0.0400	cloud	cloud	si	si	0	
group_5436		IS3 family transposase	2	0.0400	cloud	cloud	si	si	0	
group_5435		Transposase	2	0.0400	cloud	cloud	si	si	0	
group_5433	tnp	IS1182 family ISBpu1 transposase	2	0.0400	cloud	cloud	si	si	0	
group_5431		IS1182 family transposase	2	0.0400	cloud	cloud	si	si	0	
group_5430		IS1182 family transposase	2	0.0400	cloud	cloud	si	si	0	
group_5429		IS1182 family transposase	2	0.0400	cloud	cloud	si	si	0	
group_5418		hypothetical protein	2	0.0400	cloud	cloud	si	si	0	
group_5411		HNH endonuclease	2	0.0400	cloud	cloud	si	si	0	
group_5400		hypothetical protein	2	0.0400	cloud	cloud	si	si	0	
group_5385		hypothetical protein	2	0.0400	cloud	cloud	si	si	0	
group_5384		conjugal transfer protein	2	0.0400	cloud	cloud	si	si	0	
group_5383		hypothetical protein	2	0.0400	cloud	cloud	si	si	0	
group_5382		ParM/StbA family protein	2	0.0400	cloud	cloud	si	si	0	
repB	repB	RepB family DNA primase	2	0.0400	cloud	cloud	si	si	0	
group_5381		hypothetical protein	2	0.0400	cloud	cloud	si	si	0	
group_5380		hypothetical protein	2	0.0400	cloud	cloud	si	si	0	
group_5379		hypothetical protein	2	0.0400	cloud	cloud	si	si	0	
group_5378		ABC transporter ATP-binding protein	2	0.0400	cloud	cloud	si	si	0	
group_5377		AbrB/MazE/SpoVT family DNA-binding domain-containing protein	2	0.0400	cloud	cloud	si	si	0	
group_5376		hypothetical protein	2	0.0400	cloud	cloud	si	si	0	
tcpE	tcpE	TcpE family conjugal transfer membrane protein	2	0.0400	cloud	cloud	si	si	0	
group_5375		replication-relaxation family protein	2	0.0400	cloud	cloud	si	si	0	
group_5374		NucA/NucB deoxyribonuclease domain-containing protein	2	0.0400	cloud	cloud	si	si	0	
group_5372		ATP-binding protein	2	0.0400	cloud	cloud	si	si	0	
group_5371		hypothetical protein	2	0.0400	cloud	cloud	si	si	0	
group_5370		hypothetical protein	2	0.0400	cloud	cloud	si	si	0	
group_5369		peptidoglycan DD-metalloendopeptidase family protein	2	0.0400	cloud	cloud	si	si	0	
group_5367		helix-turn-helix domain-containing protein	2	0.0400	cloud	cloud	si	si	0	
group_5366		hypothetical protein	2	0.0400	cloud	cloud	si	si	0	
group_5365	radC	RadC family protein	2	0.0400	cloud	cloud	si	si	0	
group_5362		hypothetical protein	2	0.0400	cloud	cloud	si	si	0	
group_5360		hypothetical protein	2	0.0400	cloud	cloud	si	si	0	
group_5358		AbrB/MazE/SpoVT family DNA-binding domain-containing protein	2	0.0400	cloud	cloud	si	si	0	
group_5356		hypothetical protein	2	0.0400	cloud	cloud	si	si	0	
group_5355		hypothetical protein	2	0.0400	cloud	cloud	si	si	0	
group_5354		CD3337/EF1877 family mobilome membrane protein	2	0.0400	cloud	cloud	si	si	0	
group_5347		condensation domain-containing protein	1	0.0200	cloud	cloud	si	si	1	bin_5_63_00562
group_5345		Orf3	2	0.0400	cloud	cloud	si	si	0	
group_5343		condensation domain-containing protein	2	0.0400	cloud	cloud	si	si	0	
group_5143		AAA family ATPase	2	0.0400	cloud	cloud	si	si	0	
group_5141		condensation domain-containing protein	2	0.0400	cloud	cloud	si	si	0	
group_5135		helix-turn-helix transcriptional regulator	2	0.0400	cloud	cloud	si	si	0	
group_5109		hypothetical protein	2	0.0400	cloud	cloud	si	si	0	
group_5108		hypothetical protein	2	0.0400	cloud	cloud	si	si	0	
group_5105		amidase domain-containing protein	2	0.0400	cloud	cloud	si	si	0	
group_5104		putative immunity/bacteriocin fusion bifunctional protein	2	0.0400	cloud	cloud	si	si	0	
group_5103		hypothetical protein	2	0.0400	cloud	cloud	si	si	0	
group_5101		DUF3139 domain-containing protein	2	0.0400	cloud	cloud	si	si	0	
group_5100		polysaccharide pyruvyl transferase family protein	2	0.0400	cloud	cloud	si	si	0	
group_5097		helix-turn-helix domain-containing protein	2	0.0400	cloud	cloud	si	si	0	
group_5092		Terpene synthase	2	0.0400	cloud	cloud	si	si	0	
group_5086	tnp	IS1182 family ISBpu1 transposase	2	0.0400	cloud	cloud	si	si	0	
group_5085	tnp	IS1182 family ISBpu1 transposase	2	0.0400	cloud	cloud	si	si	0	
group_5074		hypothetical protein	2	0.0400	cloud	cloud	si	si	0	
group_5073		Phage protein	2	0.0400	cloud	cloud	si	si	0	
group_5072		hypothetical protein	2	0.0400	cloud	cloud	si	si	0	
group_5069		hypothetical protein	2	0.0400	cloud	cloud	si	si	0	
group_5068		Membrane-bound protein	2	0.0400	cloud	cloud	si	si	0	
group_5066		hypothetical protein	2	0.0400	cloud	cloud	si	si	0	
group_5065		Transcriptional regulator	2	0.0400	cloud	cloud	si	si	0	
group_5064		hypothetical protein	2	0.0400	cloud	cloud	si	si	0	
group_5058		Crossover junction endodeoxyribonuclease	2	0.0400	cloud	cloud	si	si	0	
group_5057		hypothetical protein	2	0.0400	cloud	cloud	si	si	0	
group_5053		hypothetical protein	2	0.0400	cloud	cloud	si	si	0	
group_5049		hypothetical protein	2	0.0400	cloud	cloud	si	si	0	
group_5044		hypothetical protein	2	0.0400	cloud	cloud	si	si	0	
group_5042		PolC-type DNA polymerase III;3'-5' exonuclease	2	0.0400	cloud	cloud	si	si	0	
group_5035		hypothetical protein	2	0.0400	cloud	cloud	si	si	0	
group_5029	ruvC	crossover junction endodeoxyribonuclease RuvC	2	0.0400	cloud	cloud	si	si	0	
group_5025		BH0509 family protein	2	0.0400	cloud	cloud	si	si	0	
group_5019		hypothetical protein	2	0.0400	cloud	cloud	si	si	0	
group_5018		ImmA/IrrE family metallo-endopeptidase	2	0.0400	cloud	cloud	si	si	0	
group_5011		TIR domain-containing protein;toll/interleukin-1 receptor domain-containing protein	2	0.0400	cloud	cloud	si	si	0	
group_5008		hypothetical protein	2	0.0400	cloud	cloud	si	si	0	
group_5007		hypothetical protein	2	0.0400	cloud	cloud	si	si	0	
group_5004		zinc-finger-containing protein	2	0.0400	cloud	cloud	si	si	0	
group_5001		hypothetical protein;Lipoprotein	2	0.0400	cloud	cloud	si	si	0	
group_5000		hypothetical protein	2	0.0400	cloud	cloud	si	si	0	
group_4997		XRE family transcriptional regulator	2	0.0400	cloud	cloud	si	si	0	
group_4996		hypothetical protein	2	0.0400	cloud	cloud	si	si	0	
group_4979		hypothetical protein	2	0.0400	cloud	cloud	si	si	0	
group_4977		hypothetical protein	2	0.0400	cloud	cloud	si	si	0	
group_4960		hypothetical protein	2	0.0400	cloud	cloud	si	si	0	
group_4958		hypothetical protein	2	0.0400	cloud	cloud	si	si	0	
group_4957		HEPN domain-containing protein	2	0.0400	cloud	cloud	si	si	0	
group_4953		Group-specific protein	2	0.0400	cloud	cloud	si	si	0	
group_4943		hypothetical protein	2	0.0400	cloud	cloud	si	si	0	
group_4941		helix-turn-helix transcriptional regulator	2	0.0400	cloud	cloud	si	si	0	
group_4929		PBSX family phage terminase large subunit	2	0.0400	cloud	cloud	si	si	0	
group_4928		N-acetyltransferase domain-containing protein	2	0.0400	cloud	cloud	si	si	0	
group_4926		Phage protein;hypothetical protein	2	0.0400	cloud	cloud	si	si	0	
group_4918		HNH endonuclease	2	0.0400	cloud	cloud	si	si	0	
group_4917		hypothetical protein	2	0.0400	cloud	cloud	si	si	0	
group_4916		hypothetical protein	2	0.0400	cloud	cloud	si	si	0	
group_4900		Sigma-70 family RNA polymerase sigma factor	2	0.0400	cloud	cloud	si	si	0	
group_4893		Lipoprotein	2	0.0400	cloud	cloud	si	si	0	
group_4890		hypothetical protein	2	0.0400	cloud	cloud	si	si	0	
group_4889		sigma-70 family RNA polymerase sigma factor	2	0.0400	cloud	cloud	si	si	0	
group_4884		Phage protein	2	0.0400	cloud	cloud	si	si	0	
group_4883		hypothetical protein	2	0.0400	cloud	cloud	si	si	0	
group_4876		Gam-like protein	2	0.0400	cloud	cloud	si	si	0	
group_4875		AAA+ ATPase domain-containing protein	2	0.0400	cloud	cloud	si	si	0	
group_4870		hypothetical protein	2	0.0400	cloud	cloud	si	si	0	
group_4866		hypothetical protein	2	0.0400	cloud	cloud	si	si	0	
group_4865		DUF669 domain-containing protein	2	0.0400	cloud	cloud	si	si	0	
group_4862		hypothetical protein	2	0.0400	cloud	cloud	si	si	0	
group_4860		DNA-binding protein	2	0.0400	cloud	cloud	si	si	0	
group_4856		hypothetical protein	2	0.0400	cloud	cloud	si	si	0	
group_4853		hypothetical protein	2	0.0400	cloud	cloud	si	si	0	
group_4851		hypothetical protein	2	0.0400	cloud	cloud	si	si	0	
group_4850		hypothetical protein	2	0.0400	cloud	cloud	si	si	0	
group_4844		DNA primase	2	0.0400	cloud	cloud	si	si	0	
group_4831		DUF3888 domain-containing protein	2	0.0400	cloud	cloud	si	si	0	
group_4830	gspF	Type II secretion system protein GspF domain-containing protein	2	0.0400	cloud	cloud	si	si	0	
group_4828		hypothetical protein	2	0.0400	cloud	cloud	si	si	0	
group_4816		LXG domain-containing protein	2	0.0400	cloud	cloud	si	si	0	
group_4815		hypothetical protein	2	0.0400	cloud	cloud	si	si	0	
group_4806		DUF4231 domain-containing protein	2	0.0400	cloud	cloud	si	si	0	
group_4805		hypothetical protein	2	0.0400	cloud	cloud	si	si	0	
group_4802	tetR	TetR family transcriptional regulator	2	0.0400	cloud	cloud	si	si	0	
group_4801		hypothetical protein	2	0.0400	cloud	cloud	si	si	0	
group_4797		Transposase	2	0.0400	cloud	cloud	si	si	0	
group_4786		hypothetical protein	2	0.0400	cloud	cloud	si	si	0	
group_4785		Transcriptional regulator	2	0.0400	cloud	cloud	si	si	0	
group_4773		TIR domain-containing protein	2	0.0400	cloud	cloud	si	si	0	
group_4765		DUF4352 domain-containing protein	2	0.0400	cloud	cloud	si	si	0	
group_4759	ydcP;	YdcP family protein;DUF961 domain-containing protein	2	0.0400	cloud	cloud	si	si	0	
group_4748		Phage protein	2	0.0400	cloud	cloud	si	si	0	
group_4734		Phage head morphogenesis domain-containing protein	2	0.0400	cloud	cloud	si	si	0	
group_4729		Phage protein	2	0.0400	cloud	cloud	si	si	0	
group_4724		hypothetical protein	2	0.0400	cloud	cloud	si	si	0	
group_4722		ERCC4 domain-containing protein	2	0.0400	cloud	cloud	si	si	0	
group_4721		hypothetical protein;Resolvase domain	2	0.0400	cloud	cloud	si	si	0	
group_4718		Phage protein	2	0.0400	cloud	cloud	si	si	0	
group_4707		hypothetical protein	2	0.0400	cloud	cloud	si	si	0	
group_4698		Replication protein	2	0.0400	cloud	cloud	si	si	0	
group_4686		hypothetical protein	2	0.0400	cloud	cloud	si	si	0	
group_4683		hypothetical protein	2	0.0400	cloud	cloud	si	si	0	
group_4676		terminase large subunit	2	0.0400	cloud	cloud	si	si	0	
group_4674		right-handed parallel beta-helix repeat-containing protein	2	0.0400	cloud	cloud	si	si	0	
group_4669		hypothetical protein	2	0.0400	cloud	cloud	si	si	0	
group_4663		phage portal protein	2	0.0400	cloud	cloud	si	si	0	
group_4662		Serine aminopeptidase S33 domain-containing protein;alpha/beta hydrolase	2	0.0400	cloud	cloud	si	si	0	
group_4658	bppU	BppU family phage baseplate upper protein	2	0.0400	cloud	cloud	si	si	0	
group_4654		Phage antirepressor	2	0.0400	cloud	cloud	si	si	0	
group_4650		HAMP domain-containing protein	2	0.0400	cloud	cloud	si	si	0	
group_4649		DNA-binding protein	2	0.0400	cloud	cloud	si	si	0	
group_4636		DUF4355 domain-containing protein	2	0.0400	cloud	cloud	si	si	0	
group_4635		Histidine kinase/HSP90-like ATPase domain-containing protein	2	0.0400	cloud	cloud	si	si	0	
group_4628	comG	Competence protein ComG	2	0.0400	cloud	cloud	si	si	0	
group_4627		hypothetical protein	2	0.0400	cloud	cloud	si	si	0	
group_4620		Anti-anti-sigma factor	2	0.0400	cloud	cloud	si	si	0	
group_4619		DUF4935 domain-containing protein	2	0.0400	cloud	cloud	si	si	0	
group_4602		P22 coat protein - protein 5 domain protein	2	0.0400	cloud	cloud	si	si	0	
group_4593		recombinase family protein	2	0.0400	cloud	cloud	si	si	0	
group_4589		3-oxoacyl-ACP reductase;SDR family oxidoreductase	2	0.0400	cloud	cloud	si	si	0	
group_4576		hypothetical protein	2	0.0400	cloud	cloud	si	si	0	
group_4575		NADAR family protein	2	0.0400	cloud	cloud	si	si	0	
group_4563		hypothetical protein	2	0.0400	cloud	cloud	si	si	0	
group_4561		Circularin A/uberolysin family circular bacteriocin	2	0.0400	cloud	cloud	si	si	0	
group_4559		phage head closure protein	2	0.0400	cloud	cloud	si	si	0	
group_4555		Serine/threonine protein phosphatase	2	0.0400	cloud	cloud	si	si	0	
group_4550		hypothetical protein	2	0.0400	cloud	cloud	si	si	0	
group_4549		hypothetical protein	2	0.0400	cloud	cloud	si	si	0	
group_4532		head-tail connector protein	2	0.0400	cloud	cloud	si	si	0	
group_4511		Polyketide synthase	2	0.0400	cloud	cloud	si	si	0	
group_4509		hypothetical protein	2	0.0400	cloud	cloud	si	si	0	
group_4481		hypothetical protein	2	0.0400	cloud	cloud	si	si	0	
group_4471	queD	6-carboxytetrahydropterin synthase QueD	2	0.0400	cloud	cloud	si	si	0	
group_4439		hypothetical protein	2	0.0400	cloud	cloud	si	si	0	
group_4434		hypothetical protein	2	0.0400	cloud	cloud	si	si	0	
group_4425		hypothetical protein	2	0.0400	cloud	cloud	si	si	0	
group_4424		hypothetical protein	2	0.0400	cloud	cloud	si	si	0	
group_4405		hypothetical protein	2	0.0400	cloud	cloud	si	si	0	
group_4394		Yip1 domain-containing protein	2	0.0400	cloud	cloud	si	si	0	
group_4393		DUF3953 domain-containing protein	2	0.0400	cloud	cloud	si	si	0	
group_4390		HK97-gp10 family putative phage morphogenesis protein	2	0.0400	cloud	cloud	si	si	0	
khpB	khpB;	RNA-binding protein KhpB N-terminal domain-containing protein;flagellar assembly protein A	2	0.0400	cloud	cloud	si	si	0	
group_4382		Stress response kinase A	2	0.0400	cloud	cloud	si	si	0	
group_4368		DUF3168 domain-containing protein	2	0.0400	cloud	cloud	si	si	0	
group_4326		phage major capsid protein	2	0.0400	cloud	cloud	si	si	0	
group_4299		phage baseplate upper protein	2	0.0400	cloud	cloud	si	si	0	
group_4265	;bppU	phage baseplate upper protein;BppU family phage baseplate upper protein	2	0.0400	cloud	cloud	si	si	0	
group_4260	dinB	DinB family protein	2	0.0400	cloud	cloud	si	si	0	
group_4257	ppsE	Phthiocerol synthesis polyketide synthase type I PpsE	2	0.0400	cloud	cloud	si	si	0	
group_4255		head-tail connector protein	2	0.0400	cloud	cloud	si	si	0	
group_4248		ImmA/IrrE family metallo-endopeptidase	2	0.0400	cloud	cloud	si	si	0	
group_4173		ATP-binding protein;FtsK/SpoIIIE domain-containing protein	2	0.0400	cloud	cloud	si	si	0	
group_4108		hypothetical protein	2	0.0400	cloud	cloud	si	si	0	
group_4097	araC	AraC family transcriptional regulator	2	0.0400	cloud	cloud	si	si	0	
group_4074	tnp	IS1182 family transposase;IS1182 family ISBpu1 transposase	2	0.0400	cloud	cloud	si	si	0	
group_4060	folE	GTP cyclohydrolase I FolE	2	0.0400	cloud	cloud	si	si	0	
group_4032		tyrosine-type recombinase/integrase	2	0.0400	cloud	cloud	si	si	0	
group_3978		Rap family tetratricopeptide repeat protein;tetratricopeptide repeat protein	2	0.0400	cloud	cloud	si	si	0	
group_3957		hypothetical protein	2	0.0400	cloud	cloud	si	si	0	
group_3956		Phage antirepressor Ant	2	0.0400	cloud	cloud	si	si	0	
group_3945		hypothetical protein	2	0.0400	cloud	cloud	si	si	0	
group_3944		hypothetical protein	2	0.0400	cloud	cloud	si	si	0	
group_3938		Group-specific protein	2	0.0400	cloud	cloud	si	si	0	
group_3928		hypothetical protein	2	0.0400	cloud	cloud	si	si	0	
group_3908		hypothetical protein	2	0.0400	cloud	cloud	si	si	0	
group_3897		hypothetical protein	2	0.0400	cloud	cloud	si	si	0	
group_3896		IS3 family transposase	2	0.0400	cloud	cloud	si	si	0	
group_3875		ImmA/IrrE family metallo-endopeptidase	2	0.0400	cloud	cloud	si	si	0	
group_3873		hypothetical protein	2	0.0400	cloud	cloud	si	si	0	
group_3859		Rho termination factor N-terminal domain-containing protein	2	0.0400	cloud	cloud	si	si	0	
group_3834		hypothetical protein	2	0.0400	cloud	cloud	si	si	0	
group_3817		hypothetical protein	2	0.0400	cloud	cloud	si	si	0	
group_3812		Integrase	2	0.0400	cloud	cloud	si	si	0	
group_3810		hypothetical protein	2	0.0400	cloud	cloud	si	si	0	
group_3770		hypothetical protein	2	0.0400	cloud	cloud	si	si	0	
group_3760		DUF3168 domain-containing protein	2	0.0400	cloud	cloud	si	si	0	
group_3738		Anti-sigma factor antagonist	2	0.0400	cloud	cloud	si	si	0	
group_3731		Transposase DDE domain-containing protein;hypothetical protein	2	0.0400	cloud	cloud	si	si	0	
group_3726		Alkaline phosphatase 3	2	0.0400	cloud	cloud	si	si	0	
group_3713		hypothetical protein	2	0.0400	cloud	cloud	si	si	0	
group_3694		hypothetical protein	2	0.0400	cloud	cloud	si	si	0	
group_3686		hypothetical protein	2	0.0400	cloud	cloud	si	si	0	
group_3661	;dnaD	hypothetical protein;DnaD domain protein	2	0.0400	cloud	cloud	si	si	0	
group_3621		hypothetical protein	2	0.0400	cloud	cloud	si	si	0	
group_3610		hypothetical protein	2	0.0400	cloud	cloud	si	si	0	
group_3587		Helix-turn-helix domain-containing protein	2	0.0400	cloud	cloud	si	si	0	
group_3550		hypothetical protein	2	0.0400	cloud	cloud	si	si	0	
group_3533		hypothetical protein	2	0.0400	cloud	cloud	si	si	0	
group_3525		Peptidase	1	0.0200	cloud	cloud	si	si	1	bin_5_63_01497
group_3508		Terminase	2	0.0400	cloud	cloud	si	si	0	
group_3507		HK97 family phage prohead protease	2	0.0400	cloud	cloud	si	si	0	
group_3495		helix-turn-helix domain-containing protein	2	0.0400	cloud	cloud	si	si	0	
group_3464		heparinase II/III-family protein	2	0.0400	cloud	cloud	si	si	0	
group_3456	terS	phage terminase small subunit	2	0.0400	cloud	cloud	si	si	0	
group_3414		Tail fiber protein	2	0.0400	cloud	cloud	si	si	0	
group_3389		histidine kinase	1	0.0200	cloud	cloud	si	si	1	bin_5_63_01495
group_3341		P-loop NTPase fold protein	2	0.0400	cloud	cloud	si	si	0	
group_3312		hypothetical protein	2	0.0400	cloud	cloud	si	si	0	
group_3309		DUF2357 domain-containing protein	2	0.0400	cloud	cloud	si	si	0	
group_3291		Lipoprotein	2	0.0400	cloud	cloud	si	si	0	
ppsE	ppsE	Phthiocerol synthesis polyketide synthase type I PpsE	2	0.0400	cloud	cloud	si	si	0	
group_3285		restriction endonuclease subunit S	2	0.0400	cloud	cloud	si	si	0	
group_3284		restriction endonuclease subunit S	2	0.0400	cloud	cloud	si	si	0	
group_3280		hypothetical protein	2	0.0400	cloud	cloud	si	si	0	
group_3278		Phage tail family protein	2	0.0400	cloud	cloud	si	si	0	
group_3277		Phage head-tail adapter protein	2	0.0400	cloud	cloud	si	si	0	
group_3276		phage tail protein;Prophage tail endopeptidase domain-containing protein	2	0.0400	cloud	cloud	si	si	0	
group_3268		hypothetical protein	2	0.0400	cloud	cloud	si	si	0	
group_3265		hypothetical protein	2	0.0400	cloud	cloud	si	si	0	
group_3255		Phage protein	2	0.0400	cloud	cloud	si	si	0	
group_3243		DUF4879 domain-containing protein	1	0.0200	cloud	cloud	si	si	1	bin_5_63_00836
group_3228		helix-turn-helix transcriptional regulator	2	0.0400	cloud	cloud	si	si	0	
group_3221		pentapeptide repeat-containing protein	2	0.0400	cloud	cloud	si	si	0	
group_3189		Thioredoxin reductase;hypothetical protein;Ferredoxin--NADP reductase	2	0.0400	cloud	cloud	si	si	0	
group_3144		retron Ec67 family RNA-directed DNA polymerase/endonuclease;reverse transcriptase domain-containing protein	2	0.0400	cloud	cloud	si	si	0	
group_3113		hypothetical protein	2	0.0400	cloud	cloud	si	si	0	
group_3099		hypothetical protein	2	0.0400	cloud	cloud	si	si	0	
group_3094		hypothetical protein	2	0.0400	cloud	cloud	si	si	0	
group_3089		hypothetical protein	2	0.0400	cloud	cloud	si	si	0	
group_3075		hypothetical protein	2	0.0400	cloud	cloud	si	si	0	
group_3073		replication initiation factor domain-containing protein	2	0.0400	cloud	cloud	si	si	0	
group_3050	xkdX	XkdX family protein	2	0.0400	cloud	cloud	si	si	0	
group_3046		hypothetical protein	2	0.0400	cloud	cloud	si	si	0	
group_3013		TOTE conflict system archaeo-eukaryotic primase domain-containing protein	2	0.0400	cloud	cloud	si	si	0	
group_2997		IS1182 family transposase;hypothetical protein	2	0.0400	cloud	cloud	si	si	0	
group_2933		glycosyltransferase family 2 protein;44'-diaponeurosporenoate glycosyltransferase	2	0.0400	cloud	cloud	si	si	0	
group_2923		hypothetical protein	2	0.0400	cloud	cloud	si	si	0	
group_2889		HTH LytTR-type domain-containing protein	2	0.0400	cloud	cloud	si	si	0	
group_2871		ABC transporter permease	2	0.0400	cloud	cloud	si	si	0	
group_2864		hypothetical protein;TIR domain-containing protein	2	0.0400	cloud	cloud	si	si	0	
group_2861		Surfactin synthase thioesterase subunit	2	0.0400	cloud	cloud	si	si	0	
group_2858		Monooxygenase	2	0.0400	cloud	cloud	si	si	0	
group_2806		hypothetical protein	2	0.0400	cloud	cloud	si	si	0	
group_2727		Type I restriction modification DNA specificity domain-containing protein	2	0.0400	cloud	cloud	si	si	0	
group_2708		Peptide synthetase;Surfactin synthase subunit 2	2	0.0400	cloud	cloud	si	si	0	
bpmI	bpmI;	BpmI endonuclease-methyltransferase fusion protein type IIG;hypothetical protein	2	0.0400	cloud	cloud	si	si	0	
yydC	yydC;	Uncharacterized protein YydC;hypothetical protein	2	0.0400	cloud	cloud	si	si	0	
group_2653		Peroxin-19;Putative nucleic acid-binding protein skin element	2	0.0400	cloud	cloud	si	si	0	
group_2633		IS3 family transposase	2	0.0400	cloud	cloud	si	si	0	
group_2632		IS3 family transposase	2	0.0400	cloud	cloud	si	si	0	
group_2631		Transposase	2	0.0400	cloud	cloud	si	si	0	
group_2629		Transposase	2	0.0400	cloud	cloud	si	si	0	
group_2628	bhlA	BhlA holin family	2	0.0400	cloud	cloud	si	si	0	
group_2624	tnp	IS1182 family ISBpu1 transposase	2	0.0400	cloud	cloud	si	si	0	
group_2619		hypothetical protein	2	0.0400	cloud	cloud	si	si	0	
group_2613		IS3 family transposase	2	0.0400	cloud	cloud	si	si	0	
group_2611		IS1182 family transposase	2	0.0400	cloud	cloud	si	si	0	
group_2577		hypothetical protein	2	0.0400	cloud	cloud	si	si	0	
group_2575		hypothetical protein	2	0.0400	cloud	cloud	si	si	0	
group_2566		hypothetical protein	2	0.0400	cloud	cloud	si	si	0	
group_2560		hypothetical protein	2	0.0400	cloud	cloud	si	si	0	
group_2558		Phr family secreted Rap phosphatase inhibitor	2	0.0400	cloud	cloud	si	si	0	
group_2556		hypothetical protein	2	0.0400	cloud	cloud	si	si	0	
group_2552		hypothetical protein	2	0.0400	cloud	cloud	si	si	0	
group_2549		hypothetical protein	2	0.0400	cloud	cloud	si	si	0	
group_2545		hypothetical protein	2	0.0400	cloud	cloud	si	si	0	
group_2542		hypothetical protein	2	0.0400	cloud	cloud	si	si	0	
group_2540		hypothetical protein	2	0.0400	cloud	cloud	si	si	0	
group_2539		hypothetical protein	2	0.0400	cloud	cloud	si	si	0	
group_2524		hypothetical protein	2	0.0400	cloud	cloud	si	si	0	
group_2514		hypothetical protein	2	0.0400	cloud	cloud	si	si	0	
group_2513		hypothetical protein	2	0.0400	cloud	cloud	si	si	0	
group_2507		hypothetical protein	2	0.0400	cloud	cloud	si	si	0	
group_2505		hypothetical protein	2	0.0400	cloud	cloud	si	si	0	
group_2504		hypothetical protein	2	0.0400	cloud	cloud	si	si	0	
group_2498		hypothetical protein	2	0.0400	cloud	cloud	si	si	0	
group_2495	yopX	YopX protein domain-containing protein	2	0.0400	cloud	cloud	si	si	0	
group_2494		hypothetical protein	2	0.0400	cloud	cloud	si	si	0	
group_2490		hypothetical protein	2	0.0400	cloud	cloud	si	si	0	
group_2488		hypothetical protein	2	0.0400	cloud	cloud	si	si	0	
group_2480		hypothetical protein	2	0.0400	cloud	cloud	si	si	0	
group_2472		hypothetical protein	2	0.0400	cloud	cloud	si	si	0	
group_2463		hypothetical protein	2	0.0400	cloud	cloud	si	si	0	
group_2457		hypothetical protein	2	0.0400	cloud	cloud	si	si	0	
group_2450		hypothetical protein	2	0.0400	cloud	cloud	si	si	0	
group_2448		hypothetical protein	2	0.0400	cloud	cloud	si	si	0	
group_2447		hypothetical protein	1	0.0200	cloud	cloud	si	si	1	bin_5_63_01214
group_2440		hypothetical protein	2	0.0400	cloud	cloud	si	si	0	
group_2438		helix-turn-helix domain-containing protein	2	0.0400	cloud	cloud	si	si	0	
group_2437		hypothetical protein	2	0.0400	cloud	cloud	si	si	0	
group_2434		hypothetical protein	2	0.0400	cloud	cloud	si	si	0	
group_2411		hypothetical protein	2	0.0400	cloud	cloud	si	si	0	
group_2401		hypothetical protein	2	0.0400	cloud	cloud	si	si	0	
xkdX	xkdX	XkdX family protein	2	0.0400	cloud	cloud	si	si	0	
group_2395		recombinase family protein	2	0.0400	cloud	cloud	si	si	0	
group_2391		hypothetical protein	2	0.0400	cloud	cloud	si	si	0	
group_2385		T7SS effector LXG polymorphic toxin	2	0.0400	cloud	cloud	si	si	0	
group_2384		hypothetical protein	2	0.0400	cloud	cloud	si	si	0	
group_2371		ABC transporter permease	2	0.0400	cloud	cloud	si	si	0	
group_2359		hypothetical protein	2	0.0400	cloud	cloud	si	si	0	
group_2356		hypothetical protein	2	0.0400	cloud	cloud	si	si	0	
group_2345		XtrA/YqaO family protein	2	0.0400	cloud	cloud	si	si	0	
group_2337		hypothetical protein	2	0.0400	cloud	cloud	si	si	0	
group_2334		helix-turn-helix domain-containing protein	2	0.0400	cloud	cloud	si	si	0	
group_2332		HNH endonuclease signature motif containing protein	2	0.0400	cloud	cloud	si	si	0	
group_2331		Putative transcriptional regulator skin element	2	0.0400	cloud	cloud	si	si	0	
group_2327		hypothetical protein	2	0.0400	cloud	cloud	si	si	0	
group_2318		hypothetical protein	2	0.0400	cloud	cloud	si	si	0	
group_2316		hypothetical protein	2	0.0400	cloud	cloud	si	si	0	
group_2311		XRE family transcriptional regulator	2	0.0400	cloud	cloud	si	si	0	
group_2307		Terminase	2	0.0400	cloud	cloud	si	si	0	
group_2306		hypothetical protein	2	0.0400	cloud	cloud	si	si	0	
group_2301		ICEBs1 excisionase	2	0.0400	cloud	cloud	si	si	0	
group_2297		hypothetical protein	2	0.0400	cloud	cloud	si	si	0	
group_2291		DNA-binding protein	2	0.0400	cloud	cloud	si	si	0	
group_2290		Helix-turn-helix transcriptional regulator	2	0.0400	cloud	cloud	si	si	0	
group_2278		hypothetical protein	2	0.0400	cloud	cloud	si	si	0	
group_2261		hypothetical protein	2	0.0400	cloud	cloud	si	si	0	
group_2252		hypothetical protein	2	0.0400	cloud	cloud	si	si	0	
group_2251		hypothetical protein	2	0.0400	cloud	cloud	si	si	0	
group_2242		hypothetical protein	2	0.0400	cloud	cloud	si	si	0	
group_2238		helix-turn-helix transcriptional regulator	2	0.0400	cloud	cloud	si	si	0	
group_2232		helix-turn-helix transcriptional regulator	2	0.0400	cloud	cloud	si	si	0	
group_2229		Sugar ABC transporter permease	2	0.0400	cloud	cloud	si	si	0	
group_2223		hypothetical protein	2	0.0400	cloud	cloud	si	si	0	
group_2219		hypothetical protein	2	0.0400	cloud	cloud	si	si	0	
group_2210		hypothetical protein	2	0.0400	cloud	cloud	si	si	0	
group_2208		hypothetical protein	2	0.0400	cloud	cloud	si	si	0	
group_2205		hypothetical protein	2	0.0400	cloud	cloud	si	si	0	
group_2194		hypothetical protein	2	0.0400	cloud	cloud	si	si	0	
group_2192		hypothetical protein	2	0.0400	cloud	cloud	si	si	0	
group_2186		Putative transcriptional regulator skin element	2	0.0400	cloud	cloud	si	si	0	
group_2185		hypothetical protein	2	0.0400	cloud	cloud	si	si	0	
group_2178		Imm50 family immunity protein	2	0.0400	cloud	cloud	si	si	0	
group_2162		Phage protein	2	0.0400	cloud	cloud	si	si	0	
group_2156		helix-turn-helix transcriptional regulator	2	0.0400	cloud	cloud	si	si	0	
group_2139		hypothetical protein	2	0.0400	cloud	cloud	si	si	0	
group_2122		phage holin	2	0.0400	cloud	cloud	si	si	0	
group_2120		hypothetical protein	2	0.0400	cloud	cloud	si	si	0	
group_2097		D-alanine--poly(Phosphoribitol) ligase subunit 2	2	0.0400	cloud	cloud	si	si	0	
group_2094		hypothetical protein	2	0.0400	cloud	cloud	si	si	0	
group_2089		Phage protein	2	0.0400	cloud	cloud	si	si	0	
group_2079		hypothetical protein	2	0.0400	cloud	cloud	si	si	0	
group_2073		hypothetical protein	2	0.0400	cloud	cloud	si	si	0	
yqaH	yqaH	YqaH family protein	2	0.0400	cloud	cloud	si	si	0	
group_2047		hypothetical protein	2	0.0400	cloud	cloud	si	si	0	
group_2042		hypothetical protein	2	0.0400	cloud	cloud	si	si	0	
group_2040		hypothetical protein	2	0.0400	cloud	cloud	si	si	0	
group_2031		YolD-like family protein	2	0.0400	cloud	cloud	si	si	0	
group_2016		Circular bacteriocin circularin A/uberolysin family	2	0.0400	cloud	cloud	si	si	0	
group_2011		RNA-binding protein	2	0.0400	cloud	cloud	si	si	0	
group_2007	yorD	Bacteriophage SP-beta YorD domain-containing protein	2	0.0400	cloud	cloud	si	si	0	
group_1989		hypothetical protein	2	0.0400	cloud	cloud	si	si	0	
group_1988		hypothetical protein	2	0.0400	cloud	cloud	si	si	0	
group_1982		hypothetical protein	2	0.0400	cloud	cloud	si	si	0	
group_1978		hypothetical protein	2	0.0400	cloud	cloud	si	si	0	
group_1962		PH domain-containing protein	2	0.0400	cloud	cloud	si	si	0	
group_1957		hypothetical protein	2	0.0400	cloud	cloud	si	si	0	
group_1943		hypothetical protein	2	0.0400	cloud	cloud	si	si	0	
group_1942		hypothetical protein	2	0.0400	cloud	cloud	si	si	0	
tnp	tnp	IS3 family ISBsu1 transposase ORF A	2	0.0400	cloud	cloud	si	si	0	
group_1934		HTH-type transcriptional regulator Xre	2	0.0400	cloud	cloud	si	si	0	
group_1931		hypothetical protein	2	0.0400	cloud	cloud	si	si	0	
group_1917		toprim domain-containing protein	2	0.0400	cloud	cloud	si	si	0	
group_1915		BIG2 domain-containing protein	2	0.0400	cloud	cloud	si	si	0	
group_1914		hypothetical protein	2	0.0400	cloud	cloud	si	si	0	
group_1913		Arm DNA-binding domain-containing protein	2	0.0400	cloud	cloud	si	si	0	
group_1906		structural protein	2	0.0400	cloud	cloud	si	si	0	
group_1903		TFIIB-type zinc ribbon-containing protein	2	0.0400	cloud	cloud	si	si	0	
group_1889	yorD	Bacteriophage SP-beta YorD domain-containing protein	2	0.0400	cloud	cloud	si	si	0	
group_1888		helix-turn-helix domain-containing protein	2	0.0400	cloud	cloud	si	si	0	
group_1872		hypothetical protein	2	0.0400	cloud	cloud	si	si	0	
group_1870		DUF4306 domain-containing protein	2	0.0400	cloud	cloud	si	si	0	
group_1855	rnlB	type II toxin-antitoxin system RnlB family antitoxin	2	0.0400	cloud	cloud	si	si	0	
group_1849		DUF1433 domain-containing protein	2	0.0400	cloud	cloud	si	si	0	
rnlB	rnlB	type II toxin-antitoxin system RnlB family antitoxin	2	0.0400	cloud	cloud	si	si	0	
gpG	gpG	phage tail assembly chaperone G	2	0.0400	cloud	cloud	si	si	0	
yorD	yorD	Bacteriophage SP-beta YorD domain-containing protein	2	0.0400	cloud	cloud	si	si	0	
group_1811		Helix-turn-helix transcriptional regulator	2	0.0400	cloud	cloud	si	si	0	
group_1805		hypothetical protein	2	0.0400	cloud	cloud	si	si	0	
group_1785		transposase	2	0.0400	cloud	cloud	si	si	0	
group_1781		Nuclear transport factor 2 family protein	2	0.0400	cloud	cloud	si	si	0	
group_1780		hypothetical protein	2	0.0400	cloud	cloud	si	si	0	
group_1779		Nuclear transport factor 2 family protein	2	0.0400	cloud	cloud	si	si	0	
group_1768		DUF1878 domain-containing protein	2	0.0400	cloud	cloud	si	si	0	
group_1766		6-carboxy-5678-tetrahydropterin synthase	2	0.0400	cloud	cloud	si	si	0	
group_1765		hypothetical protein	2	0.0400	cloud	cloud	si	si	0	
group_1746		Terminase	2	0.0400	cloud	cloud	si	si	0	
group_1744		DUF2513 domain-containing protein	2	0.0400	cloud	cloud	si	si	0	
group_1711		hypothetical protein	2	0.0400	cloud	cloud	si	si	0	
group_1697		DUF488 domain-containing protein	2	0.0400	cloud	cloud	si	si	0	
group_1686		DUF488 domain-containing protein	2	0.0400	cloud	cloud	si	si	0	
secB	secB	Protein-export protein SecB	2	0.0400	cloud	cloud	si	si	0	
group_1682		transposase	2	0.0400	cloud	cloud	si	si	0	
group_1673		hypothetical protein	2	0.0400	cloud	cloud	si	si	0	
fixH	fixH	FixH family protein	2	0.0400	cloud	cloud	si	si	0	
group_1663		GNAT family protein	2	0.0400	cloud	cloud	si	si	0	
group_1657		hypothetical protein	2	0.0400	cloud	cloud	si	si	0	
group_1656		Stage III sporulation protein AH	2	0.0400	cloud	cloud	si	si	0	
group_1650		DUF4288 domain-containing protein	2	0.0400	cloud	cloud	si	si	0	
group_1649		hypothetical protein	2	0.0400	cloud	cloud	si	si	0	
group_1648		hypothetical protein	2	0.0400	cloud	cloud	si	si	0	
group_1642		HNH endonuclease	2	0.0400	cloud	cloud	si	si	0	
group_1640		hypothetical protein	2	0.0400	cloud	cloud	si	si	0	
group_1635		SMODS and SLOG-associating 2TM effector domain-containing protein	2	0.0400	cloud	cloud	si	si	0	
yezG	yezG	immunity protein YezG family protein	2	0.0400	cloud	cloud	si	si	0	
group_1618		hypothetical protein	2	0.0400	cloud	cloud	si	si	0	
group_1609		DNA/RNA non-specific endonuclease	2	0.0400	cloud	cloud	si	si	0	
group_1600		Knr4/Smi1-like domain-containing protein	2	0.0400	cloud	cloud	si	si	0	
group_1577		DUF1273 domain-containing protein	2	0.0400	cloud	cloud	si	si	0	
group_1571		hypothetical protein	2	0.0400	cloud	cloud	si	si	0	
group_1561		hypothetical protein	2	0.0400	cloud	cloud	si	si	0	
group_1555		stage II sporulation protein M	2	0.0400	cloud	cloud	si	si	0	
group_1548		hypothetical protein	2	0.0400	cloud	cloud	si	si	0	
group_1547		hypothetical protein	2	0.0400	cloud	cloud	si	si	0	
group_1538		hypothetical protein	2	0.0400	cloud	cloud	si	si	0	
group_1532		hypothetical protein	2	0.0400	cloud	cloud	si	si	0	
group_1530		hypothetical protein	2	0.0400	cloud	cloud	si	si	0	
group_1526		hypothetical protein	2	0.0400	cloud	cloud	si	si	0	
group_1523		Putative phage metallopeptidase domain-containing protein	2	0.0400	cloud	cloud	si	si	0	
group_1522		SMODS and SLOG-associating 2TM effector domain-containing protein	2	0.0400	cloud	cloud	si	si	0	
group_1521		N-acetyltransferase domain-containing protein	2	0.0400	cloud	cloud	si	si	0	
group_1519		Stage II sporulation protein M	2	0.0400	cloud	cloud	si	si	0	
group_1514		dUTP diphosphatase	2	0.0400	cloud	cloud	si	si	0	
group_1508		stage II sporulation protein M	2	0.0400	cloud	cloud	si	si	0	
group_1501		Yip1 domain-containing protein	2	0.0400	cloud	cloud	si	si	0	
group_1468		Recombinase family protein	2	0.0400	cloud	cloud	si	si	0	
group_1460		hypothetical protein	2	0.0400	cloud	cloud	si	si	0	
group_1459		transposase	2	0.0400	cloud	cloud	si	si	0	
group_1455		hypothetical protein	2	0.0400	cloud	cloud	si	si	0	
group_1430		YiiX/YebB-like N1pC/P60 family cysteine hydrolase	2	0.0400	cloud	cloud	si	si	0	
group_1410		hypothetical protein	2	0.0400	cloud	cloud	si	si	0	
group_1409		hypothetical protein	2	0.0400	cloud	cloud	si	si	0	
group_1408		hypothetical protein	2	0.0400	cloud	cloud	si	si	0	
group_1401		Stage II sporulation protein M	2	0.0400	cloud	cloud	si	si	0	
group_1400		hypothetical protein	2	0.0400	cloud	cloud	si	si	0	
group_1399		DUF3990 domain-containing protein	2	0.0400	cloud	cloud	si	si	0	
group_1395		Group-specific protein	2	0.0400	cloud	cloud	si	si	0	
group_1389		hypothetical protein	2	0.0400	cloud	cloud	si	si	0	
group_1387		hypothetical protein	2	0.0400	cloud	cloud	si	si	0	
group_1373		hypothetical protein	2	0.0400	cloud	cloud	si	si	0	
group_1372		hypothetical protein	2	0.0400	cloud	cloud	si	si	0	
group_1350		hypothetical protein	2	0.0400	cloud	cloud	si	si	0	
group_1346		Phage tail protein	2	0.0400	cloud	cloud	si	si	0	
group_1336		YIP1 family protein	2	0.0400	cloud	cloud	si	si	0	
rloB	rloB	RloB family protein	2	0.0400	cloud	cloud	si	si	0	
group_1290		PIG-L family deacetylase	2	0.0400	cloud	cloud	si	si	0	
group_1276		sce7726 family protein	2	0.0400	cloud	cloud	si	si	0	
group_1275		Peptidase S8/S53 domain-containing protein	2	0.0400	cloud	cloud	si	si	0	
group_1272		HIRAN domain-containing protein	2	0.0400	cloud	cloud	si	si	0	
group_1271		ATP-binding cassette domain-containing protein	2	0.0400	cloud	cloud	si	si	0	
group_1260		hypothetical protein	2	0.0400	cloud	cloud	si	si	0	
group_1255		hypothetical protein	2	0.0400	cloud	cloud	si	si	0	
terS	terS	phage terminase small subunit	2	0.0400	cloud	cloud	si	si	0	
group_1236		hypothetical protein	2	0.0400	cloud	cloud	si	si	0	
group_1235		dual OB domain-containing protein	2	0.0400	cloud	cloud	si	si	0	
group_1234		DNA-binding response regulator	1	0.0200	cloud	cloud	si	si	1	bin_5_63_01496
group_1222		DUF6338 domain-containing protein	2	0.0400	cloud	cloud	si	si	0	
group_1212		hypothetical protein	2	0.0400	cloud	cloud	si	si	0	
group_1203		Novel toxin 21 domain-containing protein	2	0.0400	cloud	cloud	si	si	0	
group_1199		7-carboxy-7-deazaguanine synthase	2	0.0400	cloud	cloud	si	si	0	
group_1194		HNH endonuclease	2	0.0400	cloud	cloud	si	si	0	
queC	queC	7-cyano-7-deazaguanine synthase QueC	2	0.0400	cloud	cloud	si	si	0	
group_1190		Multidrug efflux associated membrane protein	2	0.0400	cloud	cloud	si	si	0	
group_1189		DUF5591 domain-containing protein	2	0.0400	cloud	cloud	si	si	0	
group_1183		HNH endonuclease signature motif containing protein	2	0.0400	cloud	cloud	si	si	0	
group_1182		Lipoprotein	2	0.0400	cloud	cloud	si	si	0	
group_1180		hypothetical protein	2	0.0400	cloud	cloud	si	si	0	
group_1178		hypothetical protein	2	0.0400	cloud	cloud	si	si	0	
group_1163		ATP-binding cassette domain-containing protein	2	0.0400	cloud	cloud	si	si	0	
group_1158		M48 family metallopeptidase	2	0.0400	cloud	cloud	si	si	0	
group_1155		hypothetical protein	2	0.0400	cloud	cloud	si	si	0	
group_1141		HIRAN domain-containing protein	2	0.0400	cloud	cloud	si	si	0	
group_1135		ABC transporter domain-containing protein	2	0.0400	cloud	cloud	si	si	0	
group_1102		HNH endonuclease	2	0.0400	cloud	cloud	si	si	0	
group_1098		hypothetical protein	2	0.0400	cloud	cloud	si	si	0	
group_1097		DUF4145 domain-containing protein	2	0.0400	cloud	cloud	si	si	0	
group_1083		hypothetical protein	2	0.0400	cloud	cloud	si	si	0	
group_1082		Replication protein O	2	0.0400	cloud	cloud	si	si	0	
group_1075		Methyltransferase type 12	2	0.0400	cloud	cloud	si	si	0	
group_1074		site-specific DNA-methyltransferase	2	0.0400	cloud	cloud	si	si	0	
group_1064		FRG domain-containing protein	2	0.0400	cloud	cloud	si	si	0	
group_1056		hypothetical protein	2	0.0400	cloud	cloud	si	si	0	
group_1046		phospholipase D-like domain-containing protein	2	0.0400	cloud	cloud	si	si	0	
group_1042		hypothetical protein	2	0.0400	cloud	cloud	si	si	0	
group_1041		Abc transporter integral membrane protein	2	0.0400	cloud	cloud	si	si	0	
group_1040		SAR2788 family putative toxin	2	0.0400	cloud	cloud	si	si	0	
group_1029		Putative exodeoxyribonuclease 8 PDDEXK-like domain-containing protein	2	0.0400	cloud	cloud	si	si	0	
group_1024		virion structural protein	2	0.0400	cloud	cloud	si	si	0	
group_1015		hypothetical protein	2	0.0400	cloud	cloud	si	si	0	
group_1013		hypothetical protein	2	0.0400	cloud	cloud	si	si	0	
group_1008		hypothetical protein	2	0.0400	cloud	cloud	si	si	0	
group_996		site-specific integrase	2	0.0400	cloud	cloud	si	si	0	
group_987		hypothetical protein	2	0.0400	cloud	cloud	si	si	0	
group_986		HTH merR-type domain-containing protein	2	0.0400	cloud	cloud	si	si	0	
group_981		hypothetical protein	2	0.0400	cloud	cloud	si	si	0	
group_980		peptidoglycan-binding protein	2	0.0400	cloud	cloud	si	si	0	
group_965		hypothetical protein	2	0.0400	cloud	cloud	si	si	0	
group_964		CatB-related O-acetyltransferase	2	0.0400	cloud	cloud	si	si	0	
group_954		hypothetical protein	2	0.0400	cloud	cloud	si	si	0	
group_927		3-hydroxybutyryl-CoA dehydrogenase	2	0.0400	cloud	cloud	si	si	0	
group_896		hypothetical protein	2	0.0400	cloud	cloud	si	si	0	
tetR	tetR	TetR family transcriptional regulator	2	0.0400	cloud	cloud	si	si	0	
group_888		Membrane protein	2	0.0400	cloud	cloud	si	si	0	
group_883		Phage portal protein	2	0.0400	cloud	cloud	si	si	0	
group_881		ABC transporter domain-containing protein	2	0.0400	cloud	cloud	si	si	0	
group_864		viroplasmin family protein	2	0.0400	cloud	cloud	si	si	0	
group_854		HNH endonuclease signature motif containing protein	2	0.0400	cloud	cloud	si	si	0	
rnhC	rnhC	ribonuclease HIII	2	0.0400	cloud	cloud	si	si	0	
group_831		DUF6731 domain-containing protein	2	0.0400	cloud	cloud	si	si	0	
group_816		hypothetical protein	2	0.0400	cloud	cloud	si	si	0	
group_807		hypothetical protein	2	0.0400	cloud	cloud	si	si	0	
group_791		caspase family protein	2	0.0400	cloud	cloud	si	si	0	
hipA	hipA	HipA domain-containing protein	2	0.0400	cloud	cloud	si	si	0	
group_786		DUF1837 domain-containing protein	2	0.0400	cloud	cloud	si	si	0	
group_784		T7SS effector LXG polymorphic toxin	2	0.0400	cloud	cloud	si	si	0	
group_765		tyrosine-type recombinase/integrase	2	0.0400	cloud	cloud	si	si	0	
group_762		Peptidase C39-like domain-containing protein	2	0.0400	cloud	cloud	si	si	0	
group_756		DUF6270 domain-containing protein	2	0.0400	cloud	cloud	si	si	0	
group_749		Iron-uptake system-binding protein	2	0.0400	cloud	cloud	si	si	0	
group_747		RNA-directed DNA polymerase	2	0.0400	cloud	cloud	si	si	0	
group_744		PD-(D/E)XK motif protein	2	0.0400	cloud	cloud	si	si	0	
group_738		Two component regulator three Y domain-containing protein	2	0.0400	cloud	cloud	si	si	0	
group_730		ATPase	2	0.0400	cloud	cloud	si	si	0	
group_729		glycosyltransferase family 4 protein	2	0.0400	cloud	cloud	si	si	0	
group_720		hypothetical protein	2	0.0400	cloud	cloud	si	si	0	
group_707		SIR2 family protein	2	0.0400	cloud	cloud	si	si	0	
group_694		hypothetical protein	2	0.0400	cloud	cloud	si	si	0	
group_657		N-acetyltransferase domain-containing protein	2	0.0400	cloud	cloud	si	si	0	
group_647		N(4)-bis(aminopropyl)spermidine synthase C-terminal domain-containing protein	2	0.0400	cloud	cloud	si	si	0	
group_642		Acyltransferase 3 domain-containing protein	2	0.0400	cloud	cloud	si	si	0	
group_635		site-specific integrase	2	0.0400	cloud	cloud	si	si	0	
group_628		SAP domain-containing protein	2	0.0400	cloud	cloud	si	si	0	
group_620		RNase LS family HEPN domain-containing protein	2	0.0400	cloud	cloud	si	si	0	
group_613		helix-turn-helix domain-containing protein	2	0.0400	cloud	cloud	si	si	0	
group_607		hypothetical protein	2	0.0400	cloud	cloud	si	si	0	
group_601		UvrD-helicase domain-containing protein	2	0.0400	cloud	cloud	si	si	0	
group_596		Response regulator aspartate phosphatase G	2	0.0400	cloud	cloud	si	si	0	
group_592		beta family protein	2	0.0400	cloud	cloud	si	si	0	
group_590	aimR	AimR family lysis-lysogeny pheromone receptor	2	0.0400	cloud	cloud	si	si	0	
rnlA	rnlA	type II toxin-antitoxin system RnlA family toxin	2	0.0400	cloud	cloud	si	si	0	
group_580		hypothetical protein	2	0.0400	cloud	cloud	si	si	0	
group_577		radical SAM protein	2	0.0400	cloud	cloud	si	si	0	
group_567		Acyl-CoA dehydrogenase short-chain specific	2	0.0400	cloud	cloud	si	si	0	
group_553		Site-specific integrase	2	0.0400	cloud	cloud	si	si	0	
group_551		Site-specific integrase	2	0.0400	cloud	cloud	si	si	0	
group_549		hypothetical protein	2	0.0400	cloud	cloud	si	si	0	
group_541		phage major capsid protein	2	0.0400	cloud	cloud	si	si	0	
group_539		hypothetical protein	2	0.0400	cloud	cloud	si	si	0	
group_535		Rap family tetratricopeptide repeat protein	2	0.0400	cloud	cloud	si	si	0	
group_527		Fibronectin type III domain-containing protein	2	0.0400	cloud	cloud	si	si	0	
group_516		Portal protein	2	0.0400	cloud	cloud	si	si	0	
group_511		phage major capsid protein	2	0.0400	cloud	cloud	si	si	0	
group_495		site-specific integrase	2	0.0400	cloud	cloud	si	si	0	
group_492		Site-specific integrase	2	0.0400	cloud	cloud	si	si	0	
group_484		MFS transporter	2	0.0400	cloud	cloud	si	si	0	
group_470		CDP-glycerol glycerophosphotransferase family protein	2	0.0400	cloud	cloud	si	si	0	
group_461		restriction endonuclease subunit S	2	0.0400	cloud	cloud	si	si	0	
group_459		PIN-like domain-containing protein	2	0.0400	cloud	cloud	si	si	0	
dprA	dprA	DNA-processing protein DprA	2	0.0400	cloud	cloud	si	si	0	
group_422		hypothetical protein	2	0.0400	cloud	cloud	si	si	0	
group_399		ATP/GTP-binding protein	2	0.0400	cloud	cloud	si	si	0	
group_382		DUF262 domain-containing protein	2	0.0400	cloud	cloud	si	si	0	
group_379		hypothetical protein	2	0.0400	cloud	cloud	si	si	0	
group_355		transglycosylase domain-containing protein	2	0.0400	cloud	cloud	si	si	0	
group_352		Restriction endonuclease subunit S	2	0.0400	cloud	cloud	si	si	0	
group_330		LlaJI family restriction endonuclease	2	0.0400	cloud	cloud	si	si	0	
group_327		PepSY domain-containing protein	2	0.0400	cloud	cloud	si	si	0	
group_325		Glycosyltransferase 2-like domain-containing protein	1	0.0200	cloud	cloud	si	si	1	bin_5_63_02242
group_296		C1q domain-containing protein	2	0.0400	cloud	cloud	si	si	0	
group_293		dGTP triphosphohydrolase	2	0.0400	cloud	cloud	si	si	0	
group_280		ABC transporter permease	2	0.0400	cloud	cloud	si	si	0	
group_273		AAA family ATPase	2	0.0400	cloud	cloud	si	si	0	
group_265		3'-5' exonuclease	2	0.0400	cloud	cloud	si	si	0	
group_264		DNA cytosine methyltransferase	2	0.0400	cloud	cloud	si	si	0	
group_262		metallophosphoesterase	2	0.0400	cloud	cloud	si	si	0	
group_254		Lipoprotein	2	0.0400	cloud	cloud	si	si	0	
group_242		type I restriction-modification system subunit M	2	0.0400	cloud	cloud	si	si	0	
group_240		restriction endonuclease subunit S	2	0.0400	cloud	cloud	si	si	0	
group_236		IS1182 family transposase	2	0.0400	cloud	cloud	si	si	0	
group_233		ATP-binding protein	2	0.0400	cloud	cloud	si	si	0	
group_220		HD domain-containing protein	2	0.0400	cloud	cloud	si	si	0	
group_215		ATP-dependent endonuclease	2	0.0400	cloud	cloud	si	si	0	
group_212		restriction endonuclease subunit S	2	0.0400	cloud	cloud	si	si	0	
group_210		Serine hydrolase	2	0.0400	cloud	cloud	si	si	0	
group_209		SIR2 family protein	2	0.0400	cloud	cloud	si	si	0	
group_208		ATP-dependent endonuclease	2	0.0400	cloud	cloud	si	si	0	
group_202		hypothetical protein	2	0.0400	cloud	cloud	si	si	0	
group_196		Dyp-type peroxidase	2	0.0400	cloud	cloud	si	si	0	
group_186		Carbamoyl transferase	2	0.0400	cloud	cloud	si	si	0	
group_185		site-specific DNA-methyltransferase (adenine-specific)	2	0.0400	cloud	cloud	si	si	0	
group_174		ABC transporter permease	2	0.0400	cloud	cloud	si	si	0	
group_172		AAA family ATPase	2	0.0400	cloud	cloud	si	si	0	
group_162		P-loop NTPase fold protein	2	0.0400	cloud	cloud	si	si	0	
group_155		Rad50/SbcC-type AAA domain-containing protein	2	0.0400	cloud	cloud	si	si	0	
group_154		DUF2326 domain-containing protein	2	0.0400	cloud	cloud	si	si	0	
group_146		hypothetical protein	2	0.0400	cloud	cloud	si	si	0	
group_142		Apea-like HEPN domain-containing protein	2	0.0400	cloud	cloud	si	si	0	
group_141		DUF262 domain-containing protein	2	0.0400	cloud	cloud	si	si	0	
group_140		DNA/RNA non-specific endonuclease	2	0.0400	cloud	cloud	si	si	0	
group_137		DUF1998 domain-containing protein	2	0.0400	cloud	cloud	si	si	0	
group_130		ATP-dependent endonuclease	2	0.0400	cloud	cloud	si	si	0	
group_127		ATP-dependent helicase	2	0.0400	cloud	cloud	si	si	0	
group_126		DNA cytosine methyltransferase	2	0.0400	cloud	cloud	si	si	0	
group_119		Tail spike domain-containing protein	2	0.0400	cloud	cloud	si	si	0	
ltrA	ltrA	group II intron reverse transcriptase/maturase	2	0.0400	cloud	cloud	si	si	0	
group_115		DEAD/DEAH box helicase	2	0.0400	cloud	cloud	si	si	0	
group_106		right-handed parallel beta-helix repeat-containing protein	2	0.0400	cloud	cloud	si	si	0	
group_101		AAA family ATPase	2	0.0400	cloud	cloud	si	si	0	
group_89		Rad50/SbcC-type AAA domain-containing protein	2	0.0400	cloud	cloud	si	si	0	
arsR	arsR	ArsR family transcriptional regulator	2	0.0400	cloud	cloud	si	si	0	
group_62		SIR2 family protein	2	0.0400	cloud	cloud	si	si	0	
drmE	drmE	DISARM system-associated protein DrmE	2	0.0400	cloud	cloud	si	si	0	
group_53		N-6 DNA methylase	2	0.0400	cloud	cloud	si	si	0	
group_49		toll/interleukin-1 receptor domain-containing protein	2	0.0400	cloud	cloud	si	si	0	
group_46		thioester domain-containing protein	2	0.0400	cloud	cloud	si	si	0	
group_36		Z1 domain-containing protein	2	0.0400	cloud	cloud	si	si	0	
group_35		Surfactin synthase subunit 1	2	0.0400	cloud	cloud	si	si	0	
group_32		Glycosyltransferase 2-like domain-containing protein	1	0.0200	cloud	cloud	si	si	1	bin_5_63_02247
group_24		type I restriction endonuclease subunit R	2	0.0400	cloud	cloud	si	si	0	
group_14	drmA	DISARM system helicase DrmA	2	0.0400	cloud	cloud	si	si	0	
drmA	drmA	DISARM system helicase DrmA	2	0.0400	cloud	cloud	si	si	0	
group_13		glycosyltransferase	2	0.0400	cloud	cloud	si	si	0	
group_5		Transglycosylase SLT domain-containing protein	2	0.0400	cloud	cloud	si	si	0	
group_1		Phage tail tape measure protein	2	0.0400	cloud	cloud	si	si	0	
pksN	pksN	Polyketide synthase PksN	2	0.0400	cloud	cloud	si	si	0	
group_5427		hypothetical protein	0	0.0000	exclusivo	exclusivo	no	no	1	bin_5_63_01184
group_5426		Transcriptional regulator	0	0.0000	exclusivo	exclusivo	no	no	1	bin_5_63_00302
group_5425		DUF1146 domain-containing protein	0	0.0000	exclusivo	exclusivo	no	no	1	bin_5_63_00304
group_5424		hypothetical protein	0	0.0000	exclusivo	exclusivo	no	no	1	bin_5_63_00305
group_5423		site-specific integrase	0	0.0000	exclusivo	exclusivo	no	no	1	bin_5_63_00306
group_5422		hypothetical protein	0	0.0000	exclusivo	exclusivo	no	no	1	bin_5_63_00303
group_5421		hypothetical protein	1	0.0200	cloud	cloud	si	si	0	
group_5420		DUF4944 domain-containing protein	1	0.0200	cloud	cloud	si	si	0	
group_5419		amidase domain-containing protein	1	0.0200	cloud	cloud	si	si	0	
group_5417		Plasmid pSH1452 Rep protein	1	0.0200	cloud	cloud	si	si	0	
group_5416		Plasmid pSH1452 Rep protein	1	0.0200	cloud	cloud	si	si	0	
group_5415		helix-turn-helix domain-containing protein	1	0.0200	cloud	cloud	si	si	0	
group_5414		SAM-dependent methyltransferase	1	0.0200	cloud	cloud	si	si	0	
group_5413		transposase	1	0.0200	cloud	cloud	si	si	0	
group_5412		Transposase	1	0.0200	cloud	cloud	si	si	0	
group_5410		IS1182 family transposase	1	0.0200	cloud	cloud	si	si	0	
group_5409		IS3 family transposase	1	0.0200	cloud	cloud	si	si	0	
group_5408		site-specific DNA-methyltransferase	1	0.0200	cloud	cloud	si	si	0	
group_5407		hypothetical protein	1	0.0200	cloud	cloud	si	si	0	
group_5405		DUF4365 domain-containing protein	1	0.0200	cloud	cloud	si	si	0	
group_5404		retron Ec67 family RNA-directed DNA polymerase/endonuclease	1	0.0200	cloud	cloud	si	si	0	
group_5403		Squalene-hopene cyclase sporulenol synthase (Spore protection)	1	0.0200	cloud	cloud	si	si	0	
group_5399		hypothetical protein	1	0.0200	cloud	cloud	si	si	0	
group_5398		IS1182 family transposase	1	0.0200	cloud	cloud	si	si	0	
group_5395		hypothetical protein	1	0.0200	cloud	cloud	si	si	0	
group_5394		Restriction endonuclease	1	0.0200	cloud	cloud	si	si	0	
group_5393		DNA cytosine methyltransferase	1	0.0200	cloud	cloud	si	si	0	
group_5392		Transposase	1	0.0200	cloud	cloud	si	si	0	
group_5391		IS3 family transposase	1	0.0200	cloud	cloud	si	si	0	
group_5390		IS3 family transposase	1	0.0200	cloud	cloud	si	si	0	
group_5389	tnp	IS3 family ISBsu1 transposase ORF A	1	0.0200	cloud	cloud	si	si	0	
group_5388	tnp	IS3 family ISBsu1 transposase ORF A	1	0.0200	cloud	cloud	si	si	0	
group_5387		IS3 family transposase	1	0.0200	cloud	cloud	si	si	0	
group_5373		Response regulator aspartate phosphatase A	1	0.0200	cloud	cloud	si	si	0	
group_5368		hypothetical protein	1	0.0200	cloud	cloud	si	si	0	
group_5364		YolD-like family protein	1	0.0200	cloud	cloud	si	si	0	
group_5363		DUF3953 domain-containing protein	1	0.0200	cloud	cloud	si	si	0	
group_5361		hypothetical protein	1	0.0200	cloud	cloud	si	si	0	
group_5359		helix-turn-helix domain-containing GNAT family N-acetyltransferase	1	0.0200	cloud	cloud	si	si	0	
group_5357		hypothetical protein	1	0.0200	cloud	cloud	si	si	0	
group_5353		hypothetical protein	1	0.0200	cloud	cloud	si	si	0	
group_5352		DUF6973 domain-containing protein	1	0.0200	cloud	cloud	si	si	0	
group_5351		hypothetical protein	1	0.0200	cloud	cloud	si	si	0	
group_5350		PLP-dependent aminotransferase family protein	1	0.0200	cloud	cloud	si	si	0	
group_5349		FMN-binding negative transcriptional regulator	1	0.0200	cloud	cloud	si	si	0	
group_5348		dihydrodipicolinate synthase family protein	1	0.0200	cloud	cloud	si	si	0	
group_5346		Response regulator aspartate phosphatase E	1	0.0200	cloud	cloud	si	si	0	
group_5344		hypothetical protein	1	0.0200	cloud	cloud	si	si	0	
group_5342		hypothetical protein	1	0.0200	cloud	cloud	si	si	0	
group_5341		hypothetical protein	1	0.0200	cloud	cloud	si	si	0	
group_5340		hypothetical protein	1	0.0200	cloud	cloud	si	si	0	
group_5339		DEAD/DEAH box helicase family protein	1	0.0200	cloud	cloud	si	si	0	
group_5338		hypothetical protein	1	0.0200	cloud	cloud	si	si	0	
group_5337		site-specific DNA-methyltransferase	1	0.0200	cloud	cloud	si	si	0	
group_5336		tyrosine-type recombinase/integrase	1	0.0200	cloud	cloud	si	si	0	
group_5335		HNH domain-containing protein	1	0.0200	cloud	cloud	si	si	0	
group_5334		AAA family ATPase	1	0.0200	cloud	cloud	si	si	0	
group_5333		IS1182 family transposase	1	0.0200	cloud	cloud	si	si	0	
group_5330		hypothetical protein	1	0.0200	cloud	cloud	si	si	0	
group_5329		hypothetical protein	1	0.0200	cloud	cloud	si	si	0	
group_5328		SAR2788 family putative toxin	1	0.0200	cloud	cloud	si	si	0	
group_5326		IS3 family transposase	1	0.0200	cloud	cloud	si	si	0	
group_5325		Transposase	1	0.0200	cloud	cloud	si	si	0	
group_5324	rapA	RapA	1	0.0200	cloud	cloud	si	si	0	
group_5323		UvrD-helicase domain-containing protein	1	0.0200	cloud	cloud	si	si	0	
group_5322		AAA family ATPase	1	0.0200	cloud	cloud	si	si	0	
group_5321		Apea-like HEPN domain-containing protein	1	0.0200	cloud	cloud	si	si	0	
group_5319		hypothetical protein	1	0.0200	cloud	cloud	si	si	0	
group_5318		DUF2971 domain-containing protein	1	0.0200	cloud	cloud	si	si	0	
group_5317		Phage protein	1	0.0200	cloud	cloud	si	si	0	
group_5316		hypothetical protein	1	0.0200	cloud	cloud	si	si	0	
group_5315		Transposase	1	0.0200	cloud	cloud	si	si	0	
group_5314		Phr	1	0.0200	cloud	cloud	si	si	0	
group_5313		hypothetical protein	1	0.0200	cloud	cloud	si	si	0	
group_5312		hypothetical protein	1	0.0200	cloud	cloud	si	si	0	
group_5311		hypothetical protein	1	0.0200	cloud	cloud	si	si	0	
group_5310		hypothetical protein	1	0.0200	cloud	cloud	si	si	0	
group_5309		hypothetical protein	1	0.0200	cloud	cloud	si	si	0	
group_5308		Relaxase	1	0.0200	cloud	cloud	si	si	0	
group_5307		hypothetical protein	1	0.0200	cloud	cloud	si	si	0	
group_5306		hypothetical protein	1	0.0200	cloud	cloud	si	si	0	
group_5305		IS110 family transposase	1	0.0200	cloud	cloud	si	si	0	
group_5304		hypothetical protein	1	0.0200	cloud	cloud	si	si	0	
group_5303		hypothetical protein	1	0.0200	cloud	cloud	si	si	0	
group_5302		Stage III sporulation protein AC	1	0.0200	cloud	cloud	si	si	0	
group_5301		hypothetical protein	1	0.0200	cloud	cloud	si	si	0	
group_5300		VirD4-like conjugal transfer protein CD1115 family	1	0.0200	cloud	cloud	si	si	0	
group_5299		Thioester domain-containing protein	1	0.0200	cloud	cloud	si	si	0	
group_5298		VirD4-like conjugal transfer protein CD1115 family	1	0.0200	cloud	cloud	si	si	0	
group_5297		hypothetical protein	1	0.0200	cloud	cloud	si	si	0	
group_5296		thermonuclease family protein	1	0.0200	cloud	cloud	si	si	0	
group_5295		Single-stranded DNA-binding protein 3	1	0.0200	cloud	cloud	si	si	0	
group_5294		hypothetical protein	1	0.0200	cloud	cloud	si	si	0	
group_5293		DUF1653 domain-containing protein	1	0.0200	cloud	cloud	si	si	0	
group_5292		hypothetical protein	1	0.0200	cloud	cloud	si	si	0	
group_5291		hypothetical protein	1	0.0200	cloud	cloud	si	si	0	
group_5290		hypothetical protein	1	0.0200	cloud	cloud	si	si	0	
group_5289		Type II toxin-antitoxin system PemK/MazF family toxin	1	0.0200	cloud	cloud	si	si	0	
traD	traD	conjugal transfer protein TraD	1	0.0200	cloud	cloud	si	si	0	
group_5288		hypothetical protein	1	0.0200	cloud	cloud	si	si	0	
group_5287		hypothetical protein	1	0.0200	cloud	cloud	si	si	0	
group_5286		Stage III sporulation protein AC	1	0.0200	cloud	cloud	si	si	0	
group_5285		Stage III sporulation protein AC	1	0.0200	cloud	cloud	si	si	0	
group_5284		Stage III sporulation protein AC	1	0.0200	cloud	cloud	si	si	0	
group_5283		hypothetical protein	1	0.0200	cloud	cloud	si	si	0	
group_5282		Phage gp6-like head-tail connector protein	1	0.0200	cloud	cloud	si	si	0	
group_5281		hypothetical protein	1	0.0200	cloud	cloud	si	si	0	
group_5280		DUF4047 domain-containing protein	1	0.0200	cloud	cloud	si	si	0	
group_5279		hypothetical protein	1	0.0200	cloud	cloud	si	si	0	
group_5278		Serine recombinase	1	0.0200	cloud	cloud	si	si	0	
group_5277		hypothetical protein	1	0.0200	cloud	cloud	si	si	0	
group_5276		LPXTG cell wall anchor domain-containing protein	1	0.0200	cloud	cloud	si	si	0	
group_5275		hypothetical protein	1	0.0200	cloud	cloud	si	si	0	
group_5274		hypothetical protein	1	0.0200	cloud	cloud	si	si	0	
group_5273		single-stranded DNA-binding protein	1	0.0200	cloud	cloud	si	si	0	
group_5272		hypothetical protein	1	0.0200	cloud	cloud	si	si	0	
group_5271		hypothetical protein	1	0.0200	cloud	cloud	si	si	0	
group_5270		PH domain-containing protein	1	0.0200	cloud	cloud	si	si	0	
group_5269		DUF3991 domain-containing protein	1	0.0200	cloud	cloud	si	si	0	
group_5268		hypothetical protein	1	0.0200	cloud	cloud	si	si	0	
group_5267		helix-turn-helix domain-containing protein	1	0.0200	cloud	cloud	si	si	0	
group_5266		DUF2325 domain-containing protein	1	0.0200	cloud	cloud	si	si	0	
group_5265		hypothetical protein	1	0.0200	cloud	cloud	si	si	0	
group_5264		hypothetical protein	1	0.0200	cloud	cloud	si	si	0	
group_5263	mmcB	MmcB family DNA repair protein	1	0.0200	cloud	cloud	si	si	0	
group_5262		hypothetical protein	1	0.0200	cloud	cloud	si	si	0	
group_5261		hypothetical protein	1	0.0200	cloud	cloud	si	si	0	
group_5260		hypothetical protein	1	0.0200	cloud	cloud	si	si	0	
group_5259		hypothetical protein	1	0.0200	cloud	cloud	si	si	0	
group_5258		DUF3846 domain-containing protein	1	0.0200	cloud	cloud	si	si	0	
group_5257		VirB11-like protein	1	0.0200	cloud	cloud	si	si	0	
group_5256		DUF262 domain-containing protein	1	0.0200	cloud	cloud	si	si	0	
group_5255		HTH cro/C1-type domain-containing protein	1	0.0200	cloud	cloud	si	si	0	
group_5254		Conjugal transfer protein	1	0.0200	cloud	cloud	si	si	0	
virB4	virB4	VirB4 family type IV secretion system protein	1	0.0200	cloud	cloud	si	si	0	
group_5253		hypothetical protein	1	0.0200	cloud	cloud	si	si	0	
group_5252		hypothetical protein	1	0.0200	cloud	cloud	si	si	0	
group_5251		hypothetical protein	1	0.0200	cloud	cloud	si	si	0	
group_5250		VirB4-like protein	1	0.0200	cloud	cloud	si	si	0	
group_5249		ParA-type encoded ATPase Alp7A-like proteinue (74 identify)	1	0.0200	cloud	cloud	si	si	0	
group_5248		ParM/StbA family protein	1	0.0200	cloud	cloud	si	si	0	
group_5247		hypothetical protein	1	0.0200	cloud	cloud	si	si	0	
group_5246		TIR domain-containing protein	1	0.0200	cloud	cloud	si	si	0	
group_5245		hypothetical protein	1	0.0200	cloud	cloud	si	si	0	
group_5244		hypothetical protein	1	0.0200	cloud	cloud	si	si	0	
group_5243		hypothetical protein	1	0.0200	cloud	cloud	si	si	0	
group_5242		hypothetical protein	1	0.0200	cloud	cloud	si	si	0	
group_5241		hypothetical protein	1	0.0200	cloud	cloud	si	si	0	
group_5240		hypothetical protein	1	0.0200	cloud	cloud	si	si	0	
group_5239		hypothetical protein	1	0.0200	cloud	cloud	si	si	0	
group_5238		hypothetical protein	1	0.0200	cloud	cloud	si	si	0	
group_5237	gspF	Type II secretion system protein GspF domain-containing protein	1	0.0200	cloud	cloud	si	si	0	
trbL	trbL	conjugal transfer protein TrbL family protein	1	0.0200	cloud	cloud	si	si	0	
group_5236		type II secretion system F family protein	1	0.0200	cloud	cloud	si	si	0	
group_5235		hypothetical protein	1	0.0200	cloud	cloud	si	si	0	
group_5234		hypothetical protein	1	0.0200	cloud	cloud	si	si	0	
group_5233		Soluble lytic transglycosylase	1	0.0200	cloud	cloud	si	si	0	
group_5232		ParB-type DNA binding AlpR-like proteinue (45 identity)	1	0.0200	cloud	cloud	si	si	0	
group_5231		hypothetical protein	1	0.0200	cloud	cloud	si	si	0	
group_5230		hypothetical protein	1	0.0200	cloud	cloud	si	si	0	
group_5229		Conjugal transfer protein	1	0.0200	cloud	cloud	si	si	0	
group_5228		hypothetical protein	1	0.0200	cloud	cloud	si	si	0	
group_5227		Rap family protein	1	0.0200	cloud	cloud	si	si	0	
group_5226		hypothetical protein	1	0.0200	cloud	cloud	si	si	0	
group_5225		TNase-like domain-containing protein	1	0.0200	cloud	cloud	si	si	0	
group_5224		SIR2 family protein	1	0.0200	cloud	cloud	si	si	0	
group_5223		hypothetical protein	1	0.0200	cloud	cloud	si	si	0	
group_5222		SAF domain-containing protein	1	0.0200	cloud	cloud	si	si	0	
group_5221		hypothetical protein	1	0.0200	cloud	cloud	si	si	0	
group_5220		DUF4320 domain-containing protein	1	0.0200	cloud	cloud	si	si	0	
group_5219		DUF4320 domain-containing protein	1	0.0200	cloud	cloud	si	si	0	
group_5218		hypothetical protein	1	0.0200	cloud	cloud	si	si	0	
group_5217		hypothetical protein	1	0.0200	cloud	cloud	si	si	0	
group_5216		hypothetical protein	1	0.0200	cloud	cloud	si	si	0	
group_5215		M23 family metallopeptidase	1	0.0200	cloud	cloud	si	si	0	
group_5214		hypothetical protein	1	0.0200	cloud	cloud	si	si	0	
group_5213		hypothetical protein	1	0.0200	cloud	cloud	si	si	0	
group_5212		hypothetical protein	1	0.0200	cloud	cloud	si	si	0	
group_5211		hypothetical protein	1	0.0200	cloud	cloud	si	si	0	
repL	repL	replication/maintenance protein RepL	1	0.0200	cloud	cloud	si	si	0	
copG	copG	CopG family transcriptional regulator	1	0.0200	cloud	cloud	si	si	0	
group_5210		AbrB/MazE/SpoVT family DNA-binding domain-containing protein	1	0.0200	cloud	cloud	si	si	0	
group_5209		hypothetical protein	1	0.0200	cloud	cloud	si	si	0	
group_5208		HTH cro/C1-type domain-containing protein	1	0.0200	cloud	cloud	si	si	0	
group_5207		YolD-like family protein	1	0.0200	cloud	cloud	si	si	0	
group_5206		hypothetical protein	1	0.0200	cloud	cloud	si	si	0	
group_5205		Rap family tetratricopeptide repeat protein	1	0.0200	cloud	cloud	si	si	0	
group_5204		DUF4320 domain-containing protein	1	0.0200	cloud	cloud	si	si	0	
group_5203		ArdC-like antirestriction protein	1	0.0200	cloud	cloud	si	si	0	
group_5202		hypothetical protein	1	0.0200	cloud	cloud	si	si	0	
group_5201		hypothetical protein	1	0.0200	cloud	cloud	si	si	0	
group_5200		hypothetical protein	1	0.0200	cloud	cloud	si	si	0	
group_5199		hypothetical protein	1	0.0200	cloud	cloud	si	si	0	
group_5198		hypothetical protein	1	0.0200	cloud	cloud	si	si	0	
group_5197		DUF5388 domain-containing protein	1	0.0200	cloud	cloud	si	si	0	
group_5196		hypothetical protein	1	0.0200	cloud	cloud	si	si	0	
group_5195		hypothetical protein	1	0.0200	cloud	cloud	si	si	0	
prgI	prgI	PrgI family protein	1	0.0200	cloud	cloud	si	si	0	
group_5194		hypothetical protein	1	0.0200	cloud	cloud	si	si	0	
group_5193		hypothetical protein	1	0.0200	cloud	cloud	si	si	0	
group_5192		hypothetical protein	1	0.0200	cloud	cloud	si	si	0	
group_5191		hypothetical protein	1	0.0200	cloud	cloud	si	si	0	
group_5190		hypothetical protein	1	0.0200	cloud	cloud	si	si	0	
mobQ	mobQ	MobQ family relaxase	1	0.0200	cloud	cloud	si	si	0	
group_5189		hypothetical protein	1	0.0200	cloud	cloud	si	si	0	
group_5188		hypothetical protein	1	0.0200	cloud	cloud	si	si	0	
group_5187		hypothetical protein	1	0.0200	cloud	cloud	si	si	0	
group_5186		hypothetical protein	1	0.0200	cloud	cloud	si	si	0	
group_5185	gspF	Type II secretion system protein GspF domain-containing protein	1	0.0200	cloud	cloud	si	si	0	
group_5184		Lipoprotein	1	0.0200	cloud	cloud	si	si	0	
group_5183		hypothetical protein	1	0.0200	cloud	cloud	si	si	0	
group_5182		hypothetical protein	1	0.0200	cloud	cloud	si	si	0	
group_5181		hypothetical protein	1	0.0200	cloud	cloud	si	si	0	
group_5180		ArdC-like ssDNA-binding domain-containing protein	1	0.0200	cloud	cloud	si	si	0	
group_5179		hypothetical protein	1	0.0200	cloud	cloud	si	si	0	
group_5178		hypothetical protein	1	0.0200	cloud	cloud	si	si	0	
group_5177		hypothetical protein	1	0.0200	cloud	cloud	si	si	0	
group_5176		hypothetical protein	1	0.0200	cloud	cloud	si	si	0	
group_5175		Zn-dependent oligopeptidase	1	0.0200	cloud	cloud	si	si	0	
group_5174		DUF5411 domain-containing protein	1	0.0200	cloud	cloud	si	si	0	
group_5173		hypothetical protein	1	0.0200	cloud	cloud	si	si	0	
group_5172		helix-turn-helix domain-containing protein	1	0.0200	cloud	cloud	si	si	0	
group_5171		AAA domain-containing protein	1	0.0200	cloud	cloud	si	si	0	
group_5170		viroplasmin family protein	1	0.0200	cloud	cloud	si	si	0	
group_5169	gspF	Type II secretion system protein GspF domain-containing protein	1	0.0200	cloud	cloud	si	si	0	
group_5168		hypothetical protein	1	0.0200	cloud	cloud	si	si	0	
group_5167		class A sortase	1	0.0200	cloud	cloud	si	si	0	
group_5166		type IA DNA topoisomerase	1	0.0200	cloud	cloud	si	si	0	
group_5165		hypothetical protein	1	0.0200	cloud	cloud	si	si	0	
group_5164		hypothetical protein	1	0.0200	cloud	cloud	si	si	0	
group_5163		ATPase T2SS/T4P/T4SS family	1	0.0200	cloud	cloud	si	si	0	
group_5162		hypothetical protein	1	0.0200	cloud	cloud	si	si	0	
group_5161		hypothetical protein	1	0.0200	cloud	cloud	si	si	0	
group_5160		hypothetical protein	1	0.0200	cloud	cloud	si	si	0	
group_5159		hypothetical protein	1	0.0200	cloud	cloud	si	si	0	
group_5157		Universal stress protein	1	0.0200	cloud	cloud	si	si	0	
group_5156	arsC	arsenate reductase (thioredoxin)	1	0.0200	cloud	cloud	si	si	0	
group_5155		Arsenical pump membrane protein	1	0.0200	cloud	cloud	si	si	0	
group_5154		Recombinase family protein	1	0.0200	cloud	cloud	si	si	0	
group_5153		Sulfate permease	1	0.0200	cloud	cloud	si	si	0	
group_5152	marR	MarR family transcriptional regulator	1	0.0200	cloud	cloud	si	si	0	
arsD	arsD	arsenite efflux transporter metallochaperone ArsD	1	0.0200	cloud	cloud	si	si	0	
group_5151	arsR	ArsR family transcriptional regulator	1	0.0200	cloud	cloud	si	si	0	
group_5150		MFS transporter	1	0.0200	cloud	cloud	si	si	0	
group_5149		GNAT family N-acetyltransferase	1	0.0200	cloud	cloud	si	si	0	
group_5148		Adhesin	1	0.0200	cloud	cloud	si	si	0	
group_5147		Dehydrogenase	1	0.0200	cloud	cloud	si	si	0	
arsA	arsA	arsenical pump-driving ATPase	1	0.0200	cloud	cloud	si	si	0	
group_5146		GCN5 family acetyltransferase	1	0.0200	cloud	cloud	si	si	0	
group_5145		Permease	1	0.0200	cloud	cloud	si	si	0	
group_5144		AAA family ATPase	1	0.0200	cloud	cloud	si	si	0	
group_5142		NB-ARC domain-containing protein	1	0.0200	cloud	cloud	si	si	0	
group_5140		hypothetical protein	1	0.0200	cloud	cloud	si	si	0	
group_5139		reverse transcriptase domain-containing protein	1	0.0200	cloud	cloud	si	si	0	
group_5138		hypothetical protein	1	0.0200	cloud	cloud	si	si	0	
group_5137		DUF4944 domain-containing protein	1	0.0200	cloud	cloud	si	si	0	
group_5136		amidase domain-containing protein	1	0.0200	cloud	cloud	si	si	0	
group_5133		HNH endonuclease domain-containing protein	1	0.0200	cloud	cloud	si	si	0	
group_5132		hypothetical protein	1	0.0200	cloud	cloud	si	si	0	
group_5131		hypothetical protein	1	0.0200	cloud	cloud	si	si	0	
pM0699	pM0699	Restriction endonuclease subunit R	1	0.0200	cloud	cloud	si	si	0	
group_5130	drmA	DISARM system helicase DrmA	1	0.0200	cloud	cloud	si	si	0	
group_5129		Helicase	1	0.0200	cloud	cloud	si	si	0	
group_5128		site-specific DNA-methyltransferase	1	0.0200	cloud	cloud	si	si	0	
group_5127		DUF4391 domain-containing protein	1	0.0200	cloud	cloud	si	si	0	
group_5126		MrfA-like Zn-binding domain-containing protein	1	0.0200	cloud	cloud	si	si	0	
group_5125		DNA-binding Xre family transcriptional regulator	1	0.0200	cloud	cloud	si	si	0	
group_5124		hypothetical protein	1	0.0200	cloud	cloud	si	si	0	
group_5123		hypothetical protein	1	0.0200	cloud	cloud	si	si	0	
group_5122		helix-turn-helix domain-containing protein	1	0.0200	cloud	cloud	si	si	0	
yfjI	yfjI	YfjI family protein	1	0.0200	cloud	cloud	si	si	0	
group_5121	hsdR	EcoAI/FtnUII family type I restriction enzme subunit R	1	0.0200	cloud	cloud	si	si	0	
group_5120		hypothetical protein	1	0.0200	cloud	cloud	si	si	0	
group_5119		tyrosine-type recombinase/integrase	1	0.0200	cloud	cloud	si	si	0	
group_5118	hsdM	site-specific DNA-methyltransferase (adenine-specific)	1	0.0200	cloud	cloud	si	si	0	
group_5117		hypothetical protein	1	0.0200	cloud	cloud	si	si	0	
group_5116		bifunctional DNA primase/polymerase	1	0.0200	cloud	cloud	si	si	0	
group_5115		hypothetical protein	1	0.0200	cloud	cloud	si	si	0	
group_5114		restriction endonuclease subunit S	1	0.0200	cloud	cloud	si	si	0	
group_5113		hypothetical protein	1	0.0200	cloud	cloud	si	si	0	
group_5111		recombinase family protein	1	0.0200	cloud	cloud	si	si	0	
group_5110		P-loop NTPase fold protein	1	0.0200	cloud	cloud	si	si	0	
group_5107		hypothetical protein	1	0.0200	cloud	cloud	si	si	0	
group_5106		hypothetical protein	1	0.0200	cloud	cloud	si	si	0	
group_5091		hypothetical protein	1	0.0200	cloud	cloud	si	si	0	
group_5090		hypothetical protein	1	0.0200	cloud	cloud	si	si	0	
group_5089		IS3 family transposase	1	0.0200	cloud	cloud	si	si	0	
group_5088		Transposase	1	0.0200	cloud	cloud	si	si	0	
group_5087	tnp	IS1182 family ISBpu1 transposase	1	0.0200	cloud	cloud	si	si	0	
group_5084		IS1182 family transposase	1	0.0200	cloud	cloud	si	si	0	
group_2605	tnp	IS3 family transposase ORF A	1	0.0200	cloud	cloud	si	si	0	
group_2604		IS3 family transposase	1	0.0200	cloud	cloud	si	si	0	
group_2603		IS3 family transposase	1	0.0200	cloud	cloud	si	si	0	
group_2602		IS3 family transposase	1	0.0200	cloud	cloud	si	si	0	
group_2601		Transposase	1	0.0200	cloud	cloud	si	si	0	
group_2600		Transposase	1	0.0200	cloud	cloud	si	si	0	
group_2599		IS3 family transposase	1	0.0200	cloud	cloud	si	si	0	
group_2598		IS3 family transposase	1	0.0200	cloud	cloud	si	si	0	
group_2597		Transposase	1	0.0200	cloud	cloud	si	si	0	
group_2596		IS1182 family transposase	1	0.0200	cloud	cloud	si	si	0	
group_2595		IS1182 family transposase	1	0.0200	cloud	cloud	si	si	0	
group_2594		DNA cytosine methyltransferase	1	0.0200	cloud	cloud	si	si	0	
group_2593		BH0509 family protein	1	0.0200	cloud	cloud	si	si	0	
group_2592		Bacteriocin aureocin A53	1	0.0200	cloud	cloud	si	si	0	
group_2591		IS1182 family transposase	1	0.0200	cloud	cloud	si	si	0	
group_2590		IS1182 family transposase	1	0.0200	cloud	cloud	si	si	0	
group_2589		IS1182 family transposase	1	0.0200	cloud	cloud	si	si	0	
group_2588	tnp	IS1182 family ISBpu1 transposase	1	0.0200	cloud	cloud	si	si	0	
group_2587	tnp	IS1182 family ISBpu1 transposase	1	0.0200	cloud	cloud	si	si	0	
group_2586		K(+)-transporting ATPase subunit F	1	0.0200	cloud	cloud	si	si	0	
group_2584		hypothetical protein	1	0.0200	cloud	cloud	si	si	0	
group_2583		hypothetical protein	1	0.0200	cloud	cloud	si	si	0	
group_2582		hypothetical protein	1	0.0200	cloud	cloud	si	si	0	
group_2580		hypothetical protein	1	0.0200	cloud	cloud	si	si	0	
group_2579		hypothetical protein	1	0.0200	cloud	cloud	si	si	0	
group_2578		hypothetical protein	1	0.0200	cloud	cloud	si	si	0	
group_2576		hypothetical protein	1	0.0200	cloud	cloud	si	si	0	
group_2574		hypothetical protein	1	0.0200	cloud	cloud	si	si	0	
group_2573		hypothetical protein	1	0.0200	cloud	cloud	si	si	0	
group_2572		Holin-like toxin	1	0.0200	cloud	cloud	si	si	0	
group_2570		hypothetical protein	1	0.0200	cloud	cloud	si	si	0	
group_2567		hypothetical protein	1	0.0200	cloud	cloud	si	si	0	
group_2565		hypothetical protein	1	0.0200	cloud	cloud	si	si	0	
group_2563		hypothetical protein	1	0.0200	cloud	cloud	si	si	0	
group_2561		hypothetical protein	1	0.0200	cloud	cloud	si	si	0	
group_2559		Phr family secreted Rap phosphatase inhibitor	1	0.0200	cloud	cloud	si	si	0	
group_2557		Phr family secreted Rap phosphatase inhibitor	1	0.0200	cloud	cloud	si	si	0	
group_2555		hypothetical protein	1	0.0200	cloud	cloud	si	si	0	
group_2554		hypothetical protein	1	0.0200	cloud	cloud	si	si	0	
group_2553		hypothetical protein	1	0.0200	cloud	cloud	si	si	0	
group_2551		Phr40	1	0.0200	cloud	cloud	si	si	0	
group_2548		hypothetical protein	1	0.0200	cloud	cloud	si	si	0	
group_2547		hypothetical protein	1	0.0200	cloud	cloud	si	si	0	
group_2546		hypothetical protein	1	0.0200	cloud	cloud	si	si	0	
group_2543		hypothetical protein	1	0.0200	cloud	cloud	si	si	0	
group_2538		hypothetical protein	1	0.0200	cloud	cloud	si	si	0	
group_2537		hypothetical protein	1	0.0200	cloud	cloud	si	si	0	
group_2534		hypothetical protein	1	0.0200	cloud	cloud	si	si	0	
group_2533		hypothetical protein	1	0.0200	cloud	cloud	si	si	0	
group_2532		hypothetical protein	1	0.0200	cloud	cloud	si	si	0	
group_2531		hypothetical protein	1	0.0200	cloud	cloud	si	si	0	
group_2528		hypothetical protein	1	0.0200	cloud	cloud	si	si	0	
group_2527		hypothetical protein	1	0.0200	cloud	cloud	si	si	0	
group_2526		hypothetical protein	1	0.0200	cloud	cloud	si	si	0	
group_2525		hypothetical protein	1	0.0200	cloud	cloud	si	si	0	
group_2523		hypothetical protein	1	0.0200	cloud	cloud	si	si	0	
group_2522		hypothetical protein	1	0.0200	cloud	cloud	si	si	0	
group_2521		hypothetical protein	1	0.0200	cloud	cloud	si	si	0	
group_2520		hypothetical protein	1	0.0200	cloud	cloud	si	si	0	
group_2519		hypothetical protein	1	0.0200	cloud	cloud	si	si	0	
group_2518		hypothetical protein	1	0.0200	cloud	cloud	si	si	0	
group_2517		hypothetical protein	1	0.0200	cloud	cloud	si	si	0	
group_2515		hypothetical protein	1	0.0200	cloud	cloud	si	si	0	
group_2511		hypothetical protein	1	0.0200	cloud	cloud	si	si	0	
group_2510		hypothetical protein	1	0.0200	cloud	cloud	si	si	0	
group_2509		Pseudouridine synthase	1	0.0200	cloud	cloud	si	si	0	
group_2506		hypothetical protein	1	0.0200	cloud	cloud	si	si	0	
group_2503		hypothetical protein	1	0.0200	cloud	cloud	si	si	0	
group_2502		Transposase	1	0.0200	cloud	cloud	si	si	0	
group_2501		hypothetical protein	1	0.0200	cloud	cloud	si	si	0	
group_2499		hypothetical protein	1	0.0200	cloud	cloud	si	si	0	
group_2497	xkdX	XkdX family protein	1	0.0200	cloud	cloud	si	si	0	
group_2496		hypothetical protein	1	0.0200	cloud	cloud	si	si	0	
group_2493		hypothetical protein	1	0.0200	cloud	cloud	si	si	0	
group_2492		hypothetical protein	1	0.0200	cloud	cloud	si	si	0	
group_2491		hypothetical protein	1	0.0200	cloud	cloud	si	si	0	
group_2489		hypothetical protein	1	0.0200	cloud	cloud	si	si	0	
group_2485		hypothetical protein	1	0.0200	cloud	cloud	si	si	0	
group_2484		hypothetical protein	1	0.0200	cloud	cloud	si	si	0	
group_2483		hypothetical protein	1	0.0200	cloud	cloud	si	si	0	
group_2478		hypothetical protein	1	0.0200	cloud	cloud	si	si	0	
group_2477		Phage protein	1	0.0200	cloud	cloud	si	si	0	
group_2476		hypothetical protein	1	0.0200	cloud	cloud	si	si	0	
group_2475		hypothetical protein	1	0.0200	cloud	cloud	si	si	0	
group_2473		hypothetical protein	1	0.0200	cloud	cloud	si	si	0	
group_2468		hypothetical protein	1	0.0200	cloud	cloud	si	si	0	
group_2467		hypothetical protein	1	0.0200	cloud	cloud	si	si	0	
group_2466		hypothetical protein	1	0.0200	cloud	cloud	si	si	0	
group_2464		GLUE N-terminal domain-containing protein	1	0.0200	cloud	cloud	si	si	0	
group_2462		hypothetical protein	1	0.0200	cloud	cloud	si	si	0	
group_2461		Small CPxCG-related zinc finger protein	1	0.0200	cloud	cloud	si	si	0	
group_2459		hypothetical protein	1	0.0200	cloud	cloud	si	si	0	
group_2453		hypothetical protein	1	0.0200	cloud	cloud	si	si	0	
group_2452		Holin	1	0.0200	cloud	cloud	si	si	0	
group_2451		hypothetical protein	1	0.0200	cloud	cloud	si	si	0	
group_2449		hypothetical protein	1	0.0200	cloud	cloud	si	si	0	
group_2446		hypothetical protein	1	0.0200	cloud	cloud	si	si	0	
group_2444		hypothetical protein	1	0.0200	cloud	cloud	si	si	0	
group_2443		hypothetical protein	1	0.0200	cloud	cloud	si	si	0	
group_2442		hypothetical protein	1	0.0200	cloud	cloud	si	si	0	
group_2439		hypothetical protein	1	0.0200	cloud	cloud	si	si	0	
group_2435		hypothetical protein	1	0.0200	cloud	cloud	si	si	0	
group_2433		hypothetical protein	1	0.0200	cloud	cloud	si	si	0	
group_2428		hypothetical protein	1	0.0200	cloud	cloud	si	si	0	
group_2427		hypothetical protein	1	0.0200	cloud	cloud	si	si	0	
group_2426		hypothetical protein	1	0.0200	cloud	cloud	si	si	0	
group_2425		hypothetical protein	1	0.0200	cloud	cloud	si	si	0	
fbpA	fbpA	Fur-regulated basic protein FbpA	1	0.0200	cloud	cloud	si	si	0	
group_2424		hypothetical protein	1	0.0200	cloud	cloud	si	si	0	
group_2423		DUF6011 domain-containing protein	1	0.0200	cloud	cloud	si	si	0	
group_2417		Dephospho-CoA kinase	1	0.0200	cloud	cloud	si	si	0	
group_2416		hypothetical protein	1	0.0200	cloud	cloud	si	si	0	
group_2415		hypothetical protein	1	0.0200	cloud	cloud	si	si	0	
group_2414		hypothetical protein	1	0.0200	cloud	cloud	si	si	0	
group_2413		hypothetical protein	1	0.0200	cloud	cloud	si	si	0	
group_2412		hypothetical protein	1	0.0200	cloud	cloud	si	si	0	
group_2410		hypothetical protein	1	0.0200	cloud	cloud	si	si	0	
group_2408		hypothetical protein	1	0.0200	cloud	cloud	si	si	0	
group_2407		hypothetical protein	1	0.0200	cloud	cloud	si	si	0	
group_2406		helix-turn-helix domain-containing protein	1	0.0200	cloud	cloud	si	si	0	
group_2405		hypothetical protein	1	0.0200	cloud	cloud	si	si	0	
group_2404		hypothetical protein	1	0.0200	cloud	cloud	si	si	0	
group_2403		hypothetical protein	1	0.0200	cloud	cloud	si	si	0	
group_2402		helix-turn-helix domain-containing protein	1	0.0200	cloud	cloud	si	si	0	
group_2400		hypothetical protein	1	0.0200	cloud	cloud	si	si	0	
group_2398		hypothetical protein	1	0.0200	cloud	cloud	si	si	0	
group_2397		hypothetical protein	1	0.0200	cloud	cloud	si	si	0	
group_2396		hypothetical protein	1	0.0200	cloud	cloud	si	si	0	
group_2389		hypothetical protein	1	0.0200	cloud	cloud	si	si	0	
group_2388		hypothetical protein	1	0.0200	cloud	cloud	si	si	0	
group_2387		Helix-turn-helix domain-containing protein	1	0.0200	cloud	cloud	si	si	0	
group_2386		hypothetical protein	1	0.0200	cloud	cloud	si	si	0	
group_2383		Arm DNA-binding domain-containing protein	1	0.0200	cloud	cloud	si	si	0	
group_2380		SHOCT domain-containing protein	1	0.0200	cloud	cloud	si	si	0	
group_2379		hypothetical protein	1	0.0200	cloud	cloud	si	si	0	
group_2378		DUF3188 domain-containing protein	1	0.0200	cloud	cloud	si	si	0	
group_2377		PRD domain-containing protein	1	0.0200	cloud	cloud	si	si	0	
group_2376		transcriptional regulator	1	0.0200	cloud	cloud	si	si	0	
group_2374		helix-turn-helix domain-containing protein	1	0.0200	cloud	cloud	si	si	0	
group_2373		hypothetical protein	1	0.0200	cloud	cloud	si	si	0	
group_2372		hypothetical protein	1	0.0200	cloud	cloud	si	si	0	
group_2370		hypothetical protein	1	0.0200	cloud	cloud	si	si	0	
group_2369		DUF1653 domain-containing protein	1	0.0200	cloud	cloud	si	si	0	
group_2368		hypothetical protein	1	0.0200	cloud	cloud	si	si	0	
group_2367		hypothetical protein	1	0.0200	cloud	cloud	si	si	0	
group_2365		hypothetical protein	1	0.0200	cloud	cloud	si	si	0	
group_2364		hypothetical protein	1	0.0200	cloud	cloud	si	si	0	
group_2363		hypothetical protein	1	0.0200	cloud	cloud	si	si	0	
group_2362		hypothetical protein	1	0.0200	cloud	cloud	si	si	0	
group_2360		hypothetical protein	1	0.0200	cloud	cloud	si	si	0	
xis	xis	ICEBs1 excisionase	1	0.0200	cloud	cloud	si	si	0	
group_2358		Transcription factor zinc-finger domain-containing protein	1	0.0200	cloud	cloud	si	si	0	
group_2357	marR	MarR family transcriptional regulator	1	0.0200	cloud	cloud	si	si	0	
group_2355		hypothetical protein	1	0.0200	cloud	cloud	si	si	0	
group_2353		hypothetical protein	1	0.0200	cloud	cloud	si	si	0	
group_2352		hypothetical protein	1	0.0200	cloud	cloud	si	si	0	
group_2351		Transcriptional regulator	1	0.0200	cloud	cloud	si	si	0	
group_2350		hypothetical protein	1	0.0200	cloud	cloud	si	si	0	
group_2349		Transcriptional regulator	1	0.0200	cloud	cloud	si	si	0	
group_2348		hypothetical protein	1	0.0200	cloud	cloud	si	si	0	
yonK	yonK	YonK family protein	1	0.0200	cloud	cloud	si	si	0	
group_2347		hypothetical protein	1	0.0200	cloud	cloud	si	si	0	
group_2346		hypothetical protein	1	0.0200	cloud	cloud	si	si	0	
group_2344		hypothetical protein	1	0.0200	cloud	cloud	si	si	0	
group_2336		hypothetical protein	1	0.0200	cloud	cloud	si	si	0	
group_2335		hypothetical protein	1	0.0200	cloud	cloud	si	si	0	
group_2330		hypothetical protein	1	0.0200	cloud	cloud	si	si	0	
group_2329		hypothetical protein	1	0.0200	cloud	cloud	si	si	0	
group_2328		Prevent-host-death protein	1	0.0200	cloud	cloud	si	si	0	
group_2326		hypothetical protein	1	0.0200	cloud	cloud	si	si	0	
group_2325		hypothetical protein	1	0.0200	cloud	cloud	si	si	0	
group_2324		phage holin	1	0.0200	cloud	cloud	si	si	0	
group_2320		Bacteriocin	1	0.0200	cloud	cloud	si	si	0	
group_2319		helix-turn-helix transcriptional regulator	1	0.0200	cloud	cloud	si	si	0	
group_2317		hypothetical protein	1	0.0200	cloud	cloud	si	si	0	
group_2315		helix-turn-helix domain-containing protein	1	0.0200	cloud	cloud	si	si	0	
group_2313		hypothetical protein	1	0.0200	cloud	cloud	si	si	0	
group_2312		hypothetical protein	1	0.0200	cloud	cloud	si	si	0	
group_2309		hypothetical protein	1	0.0200	cloud	cloud	si	si	0	
group_2308		hypothetical protein	1	0.0200	cloud	cloud	si	si	0	
group_2305		hypothetical protein	1	0.0200	cloud	cloud	si	si	0	
group_2304		Helix-turn-helix domain-containing protein	1	0.0200	cloud	cloud	si	si	0	
group_2303		helix-turn-helix domain-containing protein	1	0.0200	cloud	cloud	si	si	0	
group_2300		hypothetical protein	1	0.0200	cloud	cloud	si	si	0	
group_2299		XRE family transcriptional regulator	1	0.0200	cloud	cloud	si	si	0	
group_2298		DUF2508 domain-containing protein	1	0.0200	cloud	cloud	si	si	0	
group_2296		Transcriptional regulator	1	0.0200	cloud	cloud	si	si	0	
group_2294		helix-turn-helix domain-containing protein	1	0.0200	cloud	cloud	si	si	0	
group_2293		hypothetical protein	1	0.0200	cloud	cloud	si	si	0	
group_2292		Transriptional regulator	1	0.0200	cloud	cloud	si	si	0	
group_2289		Fe3+ hydroxamate ABC transporter substrate-binding protein	1	0.0200	cloud	cloud	si	si	0	
group_2288		helix-turn-helix domain-containing protein	1	0.0200	cloud	cloud	si	si	0	
group_2287		hypothetical protein	1	0.0200	cloud	cloud	si	si	0	
group_2286		DUF3173 domain-containing protein	1	0.0200	cloud	cloud	si	si	0	
group_2285		hypothetical protein	1	0.0200	cloud	cloud	si	si	0	
group_2284		DNA-binding protein	1	0.0200	cloud	cloud	si	si	0	
group_2283		hypothetical protein	1	0.0200	cloud	cloud	si	si	0	
group_2282		hypothetical protein	1	0.0200	cloud	cloud	si	si	0	
group_2280		hypothetical protein	1	0.0200	cloud	cloud	si	si	0	
group_2277		hypothetical protein	1	0.0200	cloud	cloud	si	si	0	
group_2276		hypothetical protein	1	0.0200	cloud	cloud	si	si	0	
group_2273		XRE family transcriptional regulator	1	0.0200	cloud	cloud	si	si	0	
group_2269		hypothetical protein	1	0.0200	cloud	cloud	si	si	0	
group_2268		DUF1874 domain-containing protein	1	0.0200	cloud	cloud	si	si	0	
group_2267		hypothetical protein	1	0.0200	cloud	cloud	si	si	0	
group_2266		AP2-like integrase N-terminal domain-containing protein	1	0.0200	cloud	cloud	si	si	0	
group_2265		helix-turn-helix domain-containing protein	1	0.0200	cloud	cloud	si	si	0	
group_2264		Phage protein	1	0.0200	cloud	cloud	si	si	0	
group_2263		Phage protein	1	0.0200	cloud	cloud	si	si	0	
group_2262		hypothetical protein	1	0.0200	cloud	cloud	si	si	0	
group_2258		BhlA/UviB family holin-like peptide	1	0.0200	cloud	cloud	si	si	0	
group_2255		hypothetical protein	1	0.0200	cloud	cloud	si	si	0	
group_2254		helix-turn-helix domain-containing protein	1	0.0200	cloud	cloud	si	si	0	
group_2253		hypothetical protein	1	0.0200	cloud	cloud	si	si	0	
group_2250		Holin	1	0.0200	cloud	cloud	si	si	0	
group_2248		hypothetical protein	1	0.0200	cloud	cloud	si	si	0	
group_2247		hypothetical protein	1	0.0200	cloud	cloud	si	si	0	
group_2246		helix-turn-helix domain-containing protein	1	0.0200	cloud	cloud	si	si	0	
group_2244		hypothetical protein	1	0.0200	cloud	cloud	si	si	0	
group_2243		helix-turn-helix transcriptional regulator	1	0.0200	cloud	cloud	si	si	0	
group_2241		hypothetical protein	1	0.0200	cloud	cloud	si	si	0	
group_2240		CXXC-20-CXXC protein	1	0.0200	cloud	cloud	si	si	0	
group_2234		hypothetical protein	1	0.0200	cloud	cloud	si	si	0	
group_2233		hypothetical protein	1	0.0200	cloud	cloud	si	si	0	
group_2226		hypothetical protein	1	0.0200	cloud	cloud	si	si	0	
group_2224		hypothetical protein	1	0.0200	cloud	cloud	si	si	0	
group_2222		hypothetical protein	1	0.0200	cloud	cloud	si	si	0	
group_2221		TRASH domain-containing protein	1	0.0200	cloud	cloud	si	si	0	
group_2220		ISLmo1-like transposase	1	0.0200	cloud	cloud	si	si	0	
group_2217		hypothetical protein	1	0.0200	cloud	cloud	si	si	0	
group_2215		helix-turn-helix domain-containing protein	1	0.0200	cloud	cloud	si	si	0	
group_2214		hypothetical protein	1	0.0200	cloud	cloud	si	si	0	
group_2213		hypothetical protein	1	0.0200	cloud	cloud	si	si	0	
group_2212		hypothetical protein	1	0.0200	cloud	cloud	si	si	0	
group_2211		hypothetical protein	1	0.0200	cloud	cloud	si	si	0	
group_2209		DUF4241 domain-containing protein	1	0.0200	cloud	cloud	si	si	0	
group_2206		Helix-turn-helix domain-containing protein	1	0.0200	cloud	cloud	si	si	0	
group_2204		SMI1/KNR4 family protein	1	0.0200	cloud	cloud	si	si	0	
group_2203		hypothetical protein	1	0.0200	cloud	cloud	si	si	0	
group_2202		hypothetical protein	1	0.0200	cloud	cloud	si	si	0	
group_2201		DNA-binding protein	1	0.0200	cloud	cloud	si	si	0	
group_2200		hypothetical protein	1	0.0200	cloud	cloud	si	si	0	
group_2197		Helix-turn-helix conjugative transposon-like domain-containing protein	1	0.0200	cloud	cloud	si	si	0	
group_2196		hypothetical protein	1	0.0200	cloud	cloud	si	si	0	
group_2195		hypothetical protein	1	0.0200	cloud	cloud	si	si	0	
group_2193		hypothetical protein	1	0.0200	cloud	cloud	si	si	0	
group_2191		DUF3850 domain-containing protein	1	0.0200	cloud	cloud	si	si	0	
group_2190		GNAT family N-acetyltransferase	1	0.0200	cloud	cloud	si	si	0	
group_2189		helix-turn-helix transcriptional regulator	1	0.0200	cloud	cloud	si	si	0	
group_2180		XRE family transcriptional regulator	1	0.0200	cloud	cloud	si	si	0	
group_2179		hypothetical protein	1	0.0200	cloud	cloud	si	si	0	
group_2177		hypothetical protein	1	0.0200	cloud	cloud	si	si	0	
yoeC	yoeC	Integrase/recombinase YoeC	1	0.0200	cloud	cloud	si	si	0	
group_2174		hypothetical protein	1	0.0200	cloud	cloud	si	si	0	
group_2173		hypothetical protein	1	0.0200	cloud	cloud	si	si	0	
group_2172		TIGR04540 family protein	1	0.0200	cloud	cloud	si	si	0	
group_2171		hypothetical protein	1	0.0200	cloud	cloud	si	si	0	
group_2170		hypothetical protein	1	0.0200	cloud	cloud	si	si	0	
group_2166		hypothetical protein	1	0.0200	cloud	cloud	si	si	0	
group_2165		Transcriptional regulator	1	0.0200	cloud	cloud	si	si	0	
group_2164		hypothetical protein	1	0.0200	cloud	cloud	si	si	0	
group_2163		phage holin	1	0.0200	cloud	cloud	si	si	0	
group_2160		hypothetical protein	1	0.0200	cloud	cloud	si	si	0	
group_2159		hypothetical protein	1	0.0200	cloud	cloud	si	si	0	
group_2155		hypothetical protein	1	0.0200	cloud	cloud	si	si	0	
group_2153		phospholipase D-like domain-containing protein	1	0.0200	cloud	cloud	si	si	0	
group_2152		hypothetical protein	1	0.0200	cloud	cloud	si	si	0	
group_2151		hypothetical protein	1	0.0200	cloud	cloud	si	si	0	
group_2149		hypothetical protein	1	0.0200	cloud	cloud	si	si	0	
group_2148		Aminoglycoside phosphotransferase domain-containing protein	1	0.0200	cloud	cloud	si	si	0	
group_2147		glutaredoxin domain-containing protein	1	0.0200	cloud	cloud	si	si	0	
group_2146		hypothetical protein	1	0.0200	cloud	cloud	si	si	0	
group_2145		hypothetical protein	1	0.0200	cloud	cloud	si	si	0	
group_2144		hypothetical protein	1	0.0200	cloud	cloud	si	si	0	
group_2143		hypothetical protein	1	0.0200	cloud	cloud	si	si	0	
group_2142		Head-to-tail stopper	1	0.0200	cloud	cloud	si	si	0	
group_2141		hypothetical protein	1	0.0200	cloud	cloud	si	si	0	
group_2140		hypothetical protein	1	0.0200	cloud	cloud	si	si	0	
group_2138		hypothetical protein	1	0.0200	cloud	cloud	si	si	0	
group_2137		RNA-binding protein	1	0.0200	cloud	cloud	si	si	0	
group_2136		YesK-like protein	1	0.0200	cloud	cloud	si	si	0	
sunI	sunI	Sublancin immunity protein sunI	1	0.0200	cloud	cloud	si	si	0	
group_2135		hypothetical protein	1	0.0200	cloud	cloud	si	si	0	
group_2134		Carrier domain-containing protein	1	0.0200	cloud	cloud	si	si	0	
group_2131		hypothetical protein	1	0.0200	cloud	cloud	si	si	0	
group_2128		hypothetical protein	1	0.0200	cloud	cloud	si	si	0	
group_2127		XRE family transcriptional regulator	1	0.0200	cloud	cloud	si	si	0	
group_2125		hypothetical protein	1	0.0200	cloud	cloud	si	si	0	
group_2124		hypothetical protein	1	0.0200	cloud	cloud	si	si	0	
group_2123		Phage protein	1	0.0200	cloud	cloud	si	si	0	
group_2121		hypothetical protein	1	0.0200	cloud	cloud	si	si	0	
group_2117		phage holin	1	0.0200	cloud	cloud	si	si	0	
group_2114		hypothetical protein	1	0.0200	cloud	cloud	si	si	0	
group_2113		Terminase	1	0.0200	cloud	cloud	si	si	0	
group_2112		hypothetical protein	1	0.0200	cloud	cloud	si	si	0	
group_2111		hypothetical protein	1	0.0200	cloud	cloud	si	si	0	
group_2110		group-specific protein	1	0.0200	cloud	cloud	si	si	0	
group_2109		Phage protein	1	0.0200	cloud	cloud	si	si	0	
group_2108		hypothetical protein	1	0.0200	cloud	cloud	si	si	0	
group_2107		hypothetical protein	1	0.0200	cloud	cloud	si	si	0	
group_2106		Holin-like protein	1	0.0200	cloud	cloud	si	si	0	
group_2105		helix-turn-helix transcriptional regulator	1	0.0200	cloud	cloud	si	si	0	
group_2104		hypothetical protein	1	0.0200	cloud	cloud	si	si	0	
group_2101		hypothetical protein	1	0.0200	cloud	cloud	si	si	0	
group_2100		hypothetical protein	1	0.0200	cloud	cloud	si	si	0	
group_2099	yqaH	YqaH family protein	1	0.0200	cloud	cloud	si	si	0	
group_2098		hypothetical protein	1	0.0200	cloud	cloud	si	si	0	
group_2096		hypothetical protein	1	0.0200	cloud	cloud	si	si	0	
group_2095		hypothetical protein	1	0.0200	cloud	cloud	si	si	0	
group_2093	yqaH	YqaH family protein	1	0.0200	cloud	cloud	si	si	0	
group_2092		hypothetical protein	1	0.0200	cloud	cloud	si	si	0	
group_2090		hypothetical protein	1	0.0200	cloud	cloud	si	si	0	
group_2088		hypothetical protein	1	0.0200	cloud	cloud	si	si	0	
group_2087		Transposase	1	0.0200	cloud	cloud	si	si	0	
group_2086		Transcriptional regulator	1	0.0200	cloud	cloud	si	si	0	
group_2085		DEAD/DEAH box helicase family protein	1	0.0200	cloud	cloud	si	si	0	
group_2084		hypothetical protein	1	0.0200	cloud	cloud	si	si	0	
group_2083		DUF5839 domain-containing protein	1	0.0200	cloud	cloud	si	si	0	
group_2082		hypothetical protein	1	0.0200	cloud	cloud	si	si	0	
group_2081		AbrB/MazE/SpoVT family DNA-binding domain-containing protein	1	0.0200	cloud	cloud	si	si	0	
group_2076		hypothetical protein	1	0.0200	cloud	cloud	si	si	0	
group_2075		hypothetical protein	1	0.0200	cloud	cloud	si	si	0	
group_2074		hypothetical protein	1	0.0200	cloud	cloud	si	si	0	
group_2069		hypothetical protein	1	0.0200	cloud	cloud	si	si	0	
group_2068		hypothetical protein	1	0.0200	cloud	cloud	si	si	0	
group_2067		hypothetical protein	1	0.0200	cloud	cloud	si	si	0	
group_2066		hypothetical protein	1	0.0200	cloud	cloud	si	si	0	
group_2065		Phage protein	1	0.0200	cloud	cloud	si	si	0	
group_2064		IDEAL domain-containing protein	1	0.0200	cloud	cloud	si	si	0	
group_2057		hypothetical protein	1	0.0200	cloud	cloud	si	si	0	
group_2056	yqaH	YqaH family protein	1	0.0200	cloud	cloud	si	si	0	
group_2055		hypothetical protein	1	0.0200	cloud	cloud	si	si	0	
group_2054		hypothetical protein	1	0.0200	cloud	cloud	si	si	0	
group_2053		Transposase	1	0.0200	cloud	cloud	si	si	0	
group_2052		hypothetical protein	1	0.0200	cloud	cloud	si	si	0	
group_2051		hypothetical protein	1	0.0200	cloud	cloud	si	si	0	
group_2050		Phage protein	1	0.0200	cloud	cloud	si	si	0	
group_2049		hypothetical protein	1	0.0200	cloud	cloud	si	si	0	
group_2045		hypothetical protein	1	0.0200	cloud	cloud	si	si	0	
group_2044	yorD	Bacteriophage SP-beta YorD domain-containing protein	1	0.0200	cloud	cloud	si	si	0	
group_2043		hypothetical protein	1	0.0200	cloud	cloud	si	si	0	
group_2041		hypothetical protein	1	0.0200	cloud	cloud	si	si	0	
group_2039		hypothetical protein	1	0.0200	cloud	cloud	si	si	0	
group_2038		DUF4258 domain-containing protein	1	0.0200	cloud	cloud	si	si	0	
cas2	cas2	CRISPR-associated endonuclease Cas2	1	0.0200	cloud	cloud	si	si	0	
group_2037		hypothetical protein	1	0.0200	cloud	cloud	si	si	0	
group_2036		hypothetical protein	1	0.0200	cloud	cloud	si	si	0	
group_2035		DUF3102 domain-containing protein	1	0.0200	cloud	cloud	si	si	0	
group_2033		hypothetical protein	1	0.0200	cloud	cloud	si	si	0	
group_2032		Phage protein	1	0.0200	cloud	cloud	si	si	0	
group_2030		hypothetical protein	1	0.0200	cloud	cloud	si	si	0	
group_2029		hypothetical protein	1	0.0200	cloud	cloud	si	si	0	
group_2028		hypothetical protein	1	0.0200	cloud	cloud	si	si	0	
group_2027		pathogenicity island protein	1	0.0200	cloud	cloud	si	si	0	
group_2026		DUF4258 domain-containing protein	1	0.0200	cloud	cloud	si	si	0	
group_2025		type I restriction-modification enzyme R subunit C-terminal domain-containing protein	1	0.0200	cloud	cloud	si	si	0	
group_2024		hypothetical protein	1	0.0200	cloud	cloud	si	si	0	
group_2023		phosphopantetheine-binding protein	1	0.0200	cloud	cloud	si	si	0	
group_2020		hypothetical protein	1	0.0200	cloud	cloud	si	si	0	
group_2019		hypothetical protein	1	0.0200	cloud	cloud	si	si	0	
group_2018		hypothetical protein	1	0.0200	cloud	cloud	si	si	0	
group_2017		hypothetical protein	1	0.0200	cloud	cloud	si	si	0	
group_2015		hypothetical protein	1	0.0200	cloud	cloud	si	si	0	
group_2014	yorD	Bacteriophage SP-beta YorD domain-containing protein	1	0.0200	cloud	cloud	si	si	0	
group_2009		hypothetical protein	1	0.0200	cloud	cloud	si	si	0	
group_2004		hypothetical protein	1	0.0200	cloud	cloud	si	si	0	
group_2003		helix-turn-helix domain-containing protein	1	0.0200	cloud	cloud	si	si	0	
group_1999		hypothetical protein	1	0.0200	cloud	cloud	si	si	0	
group_1997		hypothetical protein	1	0.0200	cloud	cloud	si	si	0	
group_1996		DUF2116 domain-containing protein	1	0.0200	cloud	cloud	si	si	0	
group_1993		hypothetical protein	1	0.0200	cloud	cloud	si	si	0	
group_1992		helix-turn-helix domain-containing protein	1	0.0200	cloud	cloud	si	si	0	
group_1991		hypothetical protein	1	0.0200	cloud	cloud	si	si	0	
group_1987		hypothetical protein	1	0.0200	cloud	cloud	si	si	0	
group_1981		EF-hand domain-containing protein	1	0.0200	cloud	cloud	si	si	0	
group_1980		hypothetical protein	1	0.0200	cloud	cloud	si	si	0	
group_1979		hypothetical protein	1	0.0200	cloud	cloud	si	si	0	
group_1976		hypothetical protein	1	0.0200	cloud	cloud	si	si	0	
group_1975		Transglycosylase	1	0.0200	cloud	cloud	si	si	0	
group_1974		hypothetical protein	1	0.0200	cloud	cloud	si	si	0	
group_1973		hypothetical protein	1	0.0200	cloud	cloud	si	si	0	
group_1972		DUF35 domain-containing protein	1	0.0200	cloud	cloud	si	si	0	
group_1968		DUF771 domain-containing protein	1	0.0200	cloud	cloud	si	si	0	
group_1967		DUF4258 domain-containing protein	1	0.0200	cloud	cloud	si	si	0	
group_1966		hypothetical protein	1	0.0200	cloud	cloud	si	si	0	
group_1965		hypothetical protein	1	0.0200	cloud	cloud	si	si	0	
group_1964		hypothetical protein	1	0.0200	cloud	cloud	si	si	0	
group_1963	arsR	ArsR family transcriptional regulator	1	0.0200	cloud	cloud	si	si	0	
group_1961		Thymidylate synthase	1	0.0200	cloud	cloud	si	si	0	
group_1959		EF-hand domain-containing protein	1	0.0200	cloud	cloud	si	si	0	
group_1955		hypothetical protein	1	0.0200	cloud	cloud	si	si	0	
group_1952		hypothetical protein	1	0.0200	cloud	cloud	si	si	0	
group_1951		DNA-binding protein	1	0.0200	cloud	cloud	si	si	0	
group_1950		hypothetical protein	1	0.0200	cloud	cloud	si	si	0	
group_1949		hypothetical protein	1	0.0200	cloud	cloud	si	si	0	
group_1939		Transposase	1	0.0200	cloud	cloud	si	si	0	
group_1936		hypothetical protein	1	0.0200	cloud	cloud	si	si	0	
group_1935	gpG	phage tail assembly chaperone G	1	0.0200	cloud	cloud	si	si	0	
group_1933		YolD-like family protein	1	0.0200	cloud	cloud	si	si	0	
group_1932		DUF4288 domain-containing protein	1	0.0200	cloud	cloud	si	si	0	
group_1930		hypothetical protein	1	0.0200	cloud	cloud	si	si	0	
group_1927		Phage head-tail adapter protein	1	0.0200	cloud	cloud	si	si	0	
group_1925		hypothetical protein	1	0.0200	cloud	cloud	si	si	0	
group_1924		hypothetical protein	1	0.0200	cloud	cloud	si	si	0	
group_1923		hypothetical protein	1	0.0200	cloud	cloud	si	si	0	
group_1922		hypothetical protein	1	0.0200	cloud	cloud	si	si	0	
group_1921		helix-turn-helix domain-containing protein	1	0.0200	cloud	cloud	si	si	0	
group_1920		helix-turn-helix transcriptional regulator	1	0.0200	cloud	cloud	si	si	0	
group_1919		head-tail connector protein	1	0.0200	cloud	cloud	si	si	0	
group_1918		DUF3888 domain-containing protein	1	0.0200	cloud	cloud	si	si	0	
group_1916		helix-turn-helix transcriptional regulator	1	0.0200	cloud	cloud	si	si	0	
group_1912		Phage protein	1	0.0200	cloud	cloud	si	si	0	
group_1909		topoisomerase	1	0.0200	cloud	cloud	si	si	0	
group_1908		helix-turn-helix transcriptional regulator	1	0.0200	cloud	cloud	si	si	0	
group_1907		hypothetical protein	1	0.0200	cloud	cloud	si	si	0	
group_1905		STAS-like domain-containing protein	1	0.0200	cloud	cloud	si	si	0	
group_1901		DUF1642 domain-containing protein	1	0.0200	cloud	cloud	si	si	0	
group_1900		Holin	1	0.0200	cloud	cloud	si	si	0	
group_1899		HTH cro/C1-type domain-containing protein	1	0.0200	cloud	cloud	si	si	0	
group_1898		Transcriptional regulator	1	0.0200	cloud	cloud	si	si	0	
group_1892		Phage protein Gp138 N-terminal domain-containing protein	1	0.0200	cloud	cloud	si	si	0	
group_1891		phage head closure protein	1	0.0200	cloud	cloud	si	si	0	
group_1882		hypothetical protein	1	0.0200	cloud	cloud	si	si	0	
group_1881		hypothetical protein	1	0.0200	cloud	cloud	si	si	0	
group_1878		Cyanophage baseplate Pam3 plug gp18 domain-containing protein	1	0.0200	cloud	cloud	si	si	0	
group_1877		Head-tail joining protein	1	0.0200	cloud	cloud	si	si	0	
group_1876		hypothetical protein	1	0.0200	cloud	cloud	si	si	0	
group_1875	crcB	fluoride efflux transporter CrcB	1	0.0200	cloud	cloud	si	si	0	
group_1871		hypothetical protein	1	0.0200	cloud	cloud	si	si	0	
yajD	yajD	Putative HNH nuclease YajD	1	0.0200	cloud	cloud	si	si	0	
group_1868		DUF2493 domain-containing protein	1	0.0200	cloud	cloud	si	si	0	
wapI	wapI	Immunity protein WapI	1	0.0200	cloud	cloud	si	si	0	
group_1864		hypothetical protein	1	0.0200	cloud	cloud	si	si	0	
group_1863		hypothetical protein	1	0.0200	cloud	cloud	si	si	0	
group_1862		XRE family transcriptional regulator	1	0.0200	cloud	cloud	si	si	0	
group_1861		C-type lectin domain-containing protein	1	0.0200	cloud	cloud	si	si	0	
group_1858		hypothetical protein	1	0.0200	cloud	cloud	si	si	0	
group_1856		DUF961 domain-containing protein	1	0.0200	cloud	cloud	si	si	0	
group_1852		DUF2634 domain-containing protein	1	0.0200	cloud	cloud	si	si	0	
group_1851	rnlA	Antitoxin to bacterial toxin RNase LS or RnlA	1	0.0200	cloud	cloud	si	si	0	
group_1850		DUF2513 domain-containing protein	1	0.0200	cloud	cloud	si	si	0	
group_1845		hypothetical protein	1	0.0200	cloud	cloud	si	si	0	
group_1844		DUF3168 domain-containing protein	1	0.0200	cloud	cloud	si	si	0	
group_1843		hypothetical protein	1	0.0200	cloud	cloud	si	si	0	
group_1842		hypothetical protein	1	0.0200	cloud	cloud	si	si	0	
group_1841		DUF2513 domain-containing protein	1	0.0200	cloud	cloud	si	si	0	
group_1840		hypothetical protein	1	0.0200	cloud	cloud	si	si	0	
group_1836		hypothetical protein	1	0.0200	cloud	cloud	si	si	0	
group_1835		helix-turn-helix domain-containing protein	1	0.0200	cloud	cloud	si	si	0	
group_1829		helix-turn-helix domain-containing protein	1	0.0200	cloud	cloud	si	si	0	
group_1828		DUF6262 domain-containing protein	1	0.0200	cloud	cloud	si	si	0	
group_1827		collagen-like protein	1	0.0200	cloud	cloud	si	si	0	
group_1826		hypothetical protein	1	0.0200	cloud	cloud	si	si	0	
mpsC	mpsC	Na+-translocating membrane putative-generating system MpsC domain-containing protein	1	0.0200	cloud	cloud	si	si	0	
group_1825		hypothetical protein	1	0.0200	cloud	cloud	si	si	0	
group_1824		DUF1523 domain-containing protein	1	0.0200	cloud	cloud	si	si	0	
group_1823		Resolvase/invertase-type recombinase catalytic domain-containing protein	1	0.0200	cloud	cloud	si	si	0	
dndE	dndE	DNA sulfur modification protein DndE	1	0.0200	cloud	cloud	si	si	0	
group_1821		hypothetical protein	1	0.0200	cloud	cloud	si	si	0	
group_1819		DUF2513 domain-containing protein	1	0.0200	cloud	cloud	si	si	0	
group_1818		hypothetical protein	1	0.0200	cloud	cloud	si	si	0	
group_1817		Helix-turn-helix domain-containing protein	1	0.0200	cloud	cloud	si	si	0	
group_1816		hypothetical protein	1	0.0200	cloud	cloud	si	si	0	
group_1810		nuclear transport factor 2 family protein	1	0.0200	cloud	cloud	si	si	0	
group_1809		helix-turn-helix domain-containing protein	1	0.0200	cloud	cloud	si	si	0	
group_1808		DUF4178 domain-containing protein	1	0.0200	cloud	cloud	si	si	0	
group_1806		HK97-gp10 family putative phage morphogenesis protein	1	0.0200	cloud	cloud	si	si	0	
group_1804		helix-turn-helix domain-containing protein	1	0.0200	cloud	cloud	si	si	0	
group_1799		hypothetical protein	1	0.0200	cloud	cloud	si	si	0	
group_1798		hypothetical protein	1	0.0200	cloud	cloud	si	si	0	
group_1797		ASCH domain-containing protein	1	0.0200	cloud	cloud	si	si	0	
group_1795		Phage protein	1	0.0200	cloud	cloud	si	si	0	
group_1794	yopX	YopX family protein	1	0.0200	cloud	cloud	si	si	0	
group_1793		ACT domain-containing protein	1	0.0200	cloud	cloud	si	si	0	
group_1787		helix-turn-helix domain-containing protein	1	0.0200	cloud	cloud	si	si	0	
group_1786		DUF3168 domain-containing protein	1	0.0200	cloud	cloud	si	si	0	
comG	comG	Competence protein ComG	1	0.0200	cloud	cloud	si	si	0	
group_1784		pre-toxin TG domain-containing protein	1	0.0200	cloud	cloud	si	si	0	
group_1783		Transcriptional regulator	1	0.0200	cloud	cloud	si	si	0	
group_1782	yopX	YopX family protein	1	0.0200	cloud	cloud	si	si	0	
group_1777		DUF3277 domain-containing protein	1	0.0200	cloud	cloud	si	si	0	
group_1776		Transcriptional regulator	1	0.0200	cloud	cloud	si	si	0	
group_1775		hypothetical protein	1	0.0200	cloud	cloud	si	si	0	
group_1774		DUF3908 domain-containing protein	1	0.0200	cloud	cloud	si	si	0	
crcB	crcB	fluoride efflux transporter CrcB	1	0.0200	cloud	cloud	si	si	0	
group_1773		hypothetical protein	1	0.0200	cloud	cloud	si	si	0	
group_1767	yopX	YopX family protein	1	0.0200	cloud	cloud	si	si	0	
group_1764		hypothetical protein	1	0.0200	cloud	cloud	si	si	0	
group_1762		hypothetical protein	1	0.0200	cloud	cloud	si	si	0	
group_1761		DUF3908 domain-containing protein	1	0.0200	cloud	cloud	si	si	0	
group_1760		N-acetylmuramoyl-L-alanine amidase	1	0.0200	cloud	cloud	si	si	0	
group_1759		Gram-positive cocci surface proteins LPxTG domain-containing protein	1	0.0200	cloud	cloud	si	si	0	
group_1758		Methyltransferase type 11 domain-containing protein	1	0.0200	cloud	cloud	si	si	0	
group_1757		hypothetical protein	1	0.0200	cloud	cloud	si	si	0	
group_1755		hypothetical protein	1	0.0200	cloud	cloud	si	si	0	
group_1752		hypothetical protein	1	0.0200	cloud	cloud	si	si	0	
group_1750		thioesterase family protein	1	0.0200	cloud	cloud	si	si	0	
group_1749		hypothetical protein	1	0.0200	cloud	cloud	si	si	0	
group_1745		hypothetical protein	1	0.0200	cloud	cloud	si	si	0	
group_1741		Nucleotide excision repair endonuclease	1	0.0200	cloud	cloud	si	si	0	
group_1740		Universal stress protein	1	0.0200	cloud	cloud	si	si	0	
arsC	arsC	arsenate reductase (thioredoxin)	1	0.0200	cloud	cloud	si	si	0	
group_1739		Universal stress protein	1	0.0200	cloud	cloud	si	si	0	
group_1735		hypothetical protein	1	0.0200	cloud	cloud	si	si	0	
group_1734		HNH endonuclease	1	0.0200	cloud	cloud	si	si	0	
group_1730		hypothetical protein	1	0.0200	cloud	cloud	si	si	0	
group_1729		Type II toxin-antitoxin system PemK/MazF family toxin	1	0.0200	cloud	cloud	si	si	0	
group_1727		P-loop NTPase fold protein	1	0.0200	cloud	cloud	si	si	0	
group_1726	yopX	YopX family protein	1	0.0200	cloud	cloud	si	si	0	
group_1725		Immunity repressor protein	1	0.0200	cloud	cloud	si	si	0	
group_1717		DUF541 domain-containing protein	1	0.0200	cloud	cloud	si	si	0	
rusA	rusA	RusA family crossover junction endodeoxyribonuclease	1	0.0200	cloud	cloud	si	si	0	
group_1714		hypothetical protein	1	0.0200	cloud	cloud	si	si	0	
group_1713		hypothetical protein	1	0.0200	cloud	cloud	si	si	0	
group_1712		hypothetical protein	1	0.0200	cloud	cloud	si	si	0	
group_1706		SDR family NAD(P)-dependent oxidoreductase	1	0.0200	cloud	cloud	si	si	0	
group_1705		ImmA/IrrE family metallo-endopeptidase	1	0.0200	cloud	cloud	si	si	0	
group_1704		hypothetical protein	1	0.0200	cloud	cloud	si	si	0	
group_1701		hypothetical protein	1	0.0200	cloud	cloud	si	si	0	
group_1700	marR	MarR family winged helix-turn-helix transcriptional regulator	1	0.0200	cloud	cloud	si	si	0	
group_1696		hypothetical protein	1	0.0200	cloud	cloud	si	si	0	
group_1695		hypothetical protein	1	0.0200	cloud	cloud	si	si	0	
arpU	arpU	ArpU family phage packaging/lysis transcriptional regulator	1	0.0200	cloud	cloud	si	si	0	
group_1688		hypothetical protein	1	0.0200	cloud	cloud	si	si	0	
group_1687		DUF2971 domain-containing protein	1	0.0200	cloud	cloud	si	si	0	
group_1683		MPN domain-containing protein	1	0.0200	cloud	cloud	si	si	0	
group_1681		hypothetical protein	1	0.0200	cloud	cloud	si	si	0	
group_1679	yopX	YopX protein domain-containing protein	1	0.0200	cloud	cloud	si	si	0	
group_1678		hypothetical protein	1	0.0200	cloud	cloud	si	si	0	
group_1675		DUF4342 domain-containing protein	0	0.0000	exclusivo	exclusivo	no	no	1	bin_5_63_00096
group_1668		site-specific integrase	1	0.0200	cloud	cloud	si	si	0	
group_1667		Panacea domain-containing protein	1	0.0200	cloud	cloud	si	si	0	
group_1666		hypothetical protein	1	0.0200	cloud	cloud	si	si	0	
group_1665		hypothetical protein	1	0.0200	cloud	cloud	si	si	0	
group_1655		Immunity protein 30 domain-containing protein	1	0.0200	cloud	cloud	si	si	0	
group_1654		hypothetical protein	1	0.0200	cloud	cloud	si	si	0	
group_1643		hypothetical protein	1	0.0200	cloud	cloud	si	si	0	
group_1641		hypothetical protein	1	0.0200	cloud	cloud	si	si	0	
group_1636		DUF4241 domain-containing protein	1	0.0200	cloud	cloud	si	si	0	
group_1634		hypothetical protein	1	0.0200	cloud	cloud	si	si	0	
group_1632		Panacea domain-containing protein	1	0.0200	cloud	cloud	si	si	0	
group_1629		hypothetical protein	1	0.0200	cloud	cloud	si	si	0	
group_1628		ImmA/IrrE family metallo-endopeptidase	1	0.0200	cloud	cloud	si	si	0	
group_1626		ATP-binding domain-containing protein	1	0.0200	cloud	cloud	si	si	0	
group_1623		NADH dehydrogenase	1	0.0200	cloud	cloud	si	si	0	
group_1622		PIN domain-containing protein	1	0.0200	cloud	cloud	si	si	0	
group_1617		hypothetical protein	1	0.0200	cloud	cloud	si	si	0	
group_1611		Phage tail protein	1	0.0200	cloud	cloud	si	si	0	
group_1608		DUF1863 domain-containing protein	1	0.0200	cloud	cloud	si	si	0	
group_1604		Maturase K	0	0.0000	exclusivo	exclusivo	no	no	1	bin_5_63_00160
group_1603		ATP-binding cassette domain-containing protein	1	0.0200	cloud	cloud	si	si	0	
group_1602		phage integrase SAM-like domain-containing protein	1	0.0200	cloud	cloud	si	si	0	
group_1594		hypothetical protein	1	0.0200	cloud	cloud	si	si	0	
group_1589		hypothetical protein	1	0.0200	cloud	cloud	si	si	0	
group_1588	vapC	type II toxin-antitoxin system VapC family toxin	1	0.0200	cloud	cloud	si	si	0	
group_1587		hypothetical protein	1	0.0200	cloud	cloud	si	si	0	
group_1585		hypothetical protein	1	0.0200	cloud	cloud	si	si	0	
group_1584		DNA/RNA non-specific endonuclease	1	0.0200	cloud	cloud	si	si	0	
group_1580		Helix-turn-helix type 11 domain-containing protein	1	0.0200	cloud	cloud	si	si	0	
group_1579		recombinase family protein	1	0.0200	cloud	cloud	si	si	0	
arsN1	arsN1	arsinothricin resistance N-acetyltransferase ArsN1 family A	1	0.0200	cloud	cloud	si	si	0	
insH	insH	Transposase InsH N-terminal domain-containing protein	1	0.0200	cloud	cloud	si	si	0	
yopX	yopX	YopX protein domain-containing protein	1	0.0200	cloud	cloud	si	si	0	
group_1576		hypothetical protein	1	0.0200	cloud	cloud	si	si	0	
group_1575		hypothetical protein	1	0.0200	cloud	cloud	si	si	0	
group_1573		hypothetical protein	1	0.0200	cloud	cloud	si	si	0	
group_1572		nitroreductase family protein	1	0.0200	cloud	cloud	si	si	0	
group_1569		Phage protein	1	0.0200	cloud	cloud	si	si	0	
group_1568		hypothetical protein	1	0.0200	cloud	cloud	si	si	0	
group_1567		thiamine pyrophosphate-binding protein	1	0.0200	cloud	cloud	si	si	0	
group_1566		phage terminase small subunit P27 family	1	0.0200	cloud	cloud	si	si	0	
group_1565		Phage portal protein	1	0.0200	cloud	cloud	si	si	0	
group_1563		DNA polymerase III	1	0.0200	cloud	cloud	si	si	0	
group_1562		NAD(P)-dependent oxidoreductase	1	0.0200	cloud	cloud	si	si	0	
group_1560		DNA polymerase III	1	0.0200	cloud	cloud	si	si	0	
group_1559		hypothetical protein	1	0.0200	cloud	cloud	si	si	0	
group_1556		three component ABC system middle component	1	0.0200	cloud	cloud	si	si	0	
group_1554		hypothetical protein	1	0.0200	cloud	cloud	si	si	0	
group_1553		HAD family hydrolase	1	0.0200	cloud	cloud	si	si	0	
exsB	exsB	ExsB family protein	1	0.0200	cloud	cloud	si	si	0	
group_1551		DUF1643 domain-containing protein	1	0.0200	cloud	cloud	si	si	0	
group_1546		Surface layer protein A domain-containing protein	1	0.0200	cloud	cloud	si	si	0	
group_1544		hypothetical protein	1	0.0200	cloud	cloud	si	si	0	
dut	dut	dUTP diphosphatase	1	0.0200	cloud	cloud	si	si	0	
group_1540		hypothetical protein	1	0.0200	cloud	cloud	si	si	0	
group_1539		ATP-binding protein	1	0.0200	cloud	cloud	si	si	0	
group_1537		hypothetical protein	1	0.0200	cloud	cloud	si	si	0	
group_1531		hypothetical protein	1	0.0200	cloud	cloud	si	si	0	
fabZ	fabZ	3-hydroxyacyl-ACP dehydratase FabZ	1	0.0200	cloud	cloud	si	si	0	
group_1524		Sefir domain protein	1	0.0200	cloud	cloud	si	si	0	
group_1520		hypothetical protein	1	0.0200	cloud	cloud	si	si	0	
group_1516		hypothetical protein	1	0.0200	cloud	cloud	si	si	0	
group_1515		NUMOD4 domain-containing protein	1	0.0200	cloud	cloud	si	si	0	
group_1513		DUF3102 domain-containing protein	1	0.0200	cloud	cloud	si	si	0	
group_1512		hypothetical protein	1	0.0200	cloud	cloud	si	si	0	
vapC	vapC	type II toxin-antitoxin system VapC family toxin	1	0.0200	cloud	cloud	si	si	0	
group_1503		hypothetical protein	1	0.0200	cloud	cloud	si	si	0	
group_1502		superinfection exclusion B family protein	1	0.0200	cloud	cloud	si	si	0	
padR	padR	PadR family transcriptional regulator	1	0.0200	cloud	cloud	si	si	0	
group_1500		hypothetical protein	1	0.0200	cloud	cloud	si	si	0	
group_1498		hypothetical protein	1	0.0200	cloud	cloud	si	si	0	
group_1497		hypothetical protein	1	0.0200	cloud	cloud	si	si	0	
group_1496		tyrosine-type recombinase/integrase	1	0.0200	cloud	cloud	si	si	0	
group_1495		hypothetical protein	1	0.0200	cloud	cloud	si	si	0	
group_1494		SMODS and SLOG-associating 2TM effector domain-containing protein	1	0.0200	cloud	cloud	si	si	0	
group_1492		DUF6944 domain-containing protein	1	0.0200	cloud	cloud	si	si	0	
group_1491		Secreted protein	1	0.0200	cloud	cloud	si	si	0	
group_1488		DNA-binding protein	1	0.0200	cloud	cloud	si	si	0	
group_1487		Pathogenicity island protein	1	0.0200	cloud	cloud	si	si	0	
group_1486		hypothetical protein	1	0.0200	cloud	cloud	si	si	0	
group_1484	lysM	LysM domain-containing protein	1	0.0200	cloud	cloud	si	si	0	
group_1483		Resolvase	1	0.0200	cloud	cloud	si	si	0	
group_1482		Resolvase/invertase-type recombinase catalytic domain-containing protein	1	0.0200	cloud	cloud	si	si	0	
group_1481		recombinase family protein	1	0.0200	cloud	cloud	si	si	0	
group_1480		Phage major capsid protein	1	0.0200	cloud	cloud	si	si	0	
group_1479		hypothetical protein	1	0.0200	cloud	cloud	si	si	0	
group_1478		hypothetical protein	1	0.0200	cloud	cloud	si	si	0	
group_1476		Resolvase/invertase-type recombinase catalytic domain-containing protein	1	0.0200	cloud	cloud	si	si	0	
group_1475		hypothetical protein	1	0.0200	cloud	cloud	si	si	0	
group_1474		hypothetical protein	1	0.0200	cloud	cloud	si	si	0	
group_1470		DNA adenine methylase	1	0.0200	cloud	cloud	si	si	0	
rfbC	rfbC	dTDP-4-dehydrorhamnose 35-epimerase	1	0.0200	cloud	cloud	si	si	0	
group_1464		MotA/TolQ/ExbB proton channel domain-containing protein	1	0.0200	cloud	cloud	si	si	0	
group_1463		hypothetical protein	1	0.0200	cloud	cloud	si	si	0	
group_1462		type II toxin-antitoxin system PemK/MazF family toxin	1	0.0200	cloud	cloud	si	si	0	
group_1461		class A sortase	1	0.0200	cloud	cloud	si	si	0	
group_1457		Stage II sporulation protein M	1	0.0200	cloud	cloud	si	si	0	
group_1456		DUF4825 domain-containing protein	1	0.0200	cloud	cloud	si	si	0	
group_1452		helix-turn-helix transcriptional regulator	1	0.0200	cloud	cloud	si	si	0	
group_1451		Yip1 domain-containing protein	1	0.0200	cloud	cloud	si	si	0	
group_1450		hypothetical protein	1	0.0200	cloud	cloud	si	si	0	
group_1449		sigma factor-like helix-turn-helix DNA-binding protein	1	0.0200	cloud	cloud	si	si	0	
group_1447		Flavin oxidoreductase	1	0.0200	cloud	cloud	si	si	0	
group_1444		nitroreductase family protein	1	0.0200	cloud	cloud	si	si	0	
group_1443		hypothetical protein	1	0.0200	cloud	cloud	si	si	0	
group_1442		Cytoplasmic protein	1	0.0200	cloud	cloud	si	si	0	
group_1441		helix-turn-helix domain-containing protein	1	0.0200	cloud	cloud	si	si	0	
group_1439		thiamine pyrophosphate-dependent enzyme	1	0.0200	cloud	cloud	si	si	0	
group_1438		recombinase family protein	1	0.0200	cloud	cloud	si	si	0	
group_1437		DUF3990 domain-containing protein	1	0.0200	cloud	cloud	si	si	0	
group_1436		hypothetical protein	1	0.0200	cloud	cloud	si	si	0	
group_1434		PH domain-containing protein	1	0.0200	cloud	cloud	si	si	0	
group_1433		PH domain-containing protein	1	0.0200	cloud	cloud	si	si	0	
group_1432		hypothetical protein	1	0.0200	cloud	cloud	si	si	0	
group_1431		MotA/TolQ/ExbB proton channel domain-containing protein	1	0.0200	cloud	cloud	si	si	0	
group_1429		MotA/TolQ/ExbB proton channel domain-containing protein	1	0.0200	cloud	cloud	si	si	0	
kdpC	kdpC	potassium-transporting ATPase subunit KdpC	1	0.0200	cloud	cloud	si	si	0	
group_1426		hypothetical protein	1	0.0200	cloud	cloud	si	si	0	
group_1425		Imm64 family immunity protein	1	0.0200	cloud	cloud	si	si	0	
mmcB	mmcB	MmcB family DNA repair protein	1	0.0200	cloud	cloud	si	si	0	
group_1422		DUF4355 domain-containing protein	1	0.0200	cloud	cloud	si	si	0	
group_1420		hypothetical protein	1	0.0200	cloud	cloud	si	si	0	
group_1419		hypothetical protein	1	0.0200	cloud	cloud	si	si	0	
group_1418		recombinase family protein	1	0.0200	cloud	cloud	si	si	0	
group_1416		hypothetical protein	1	0.0200	cloud	cloud	si	si	0	
group_1415		hypothetical protein	1	0.0200	cloud	cloud	si	si	0	
group_1414		hypothetical protein	1	0.0200	cloud	cloud	si	si	0	
group_1411		hypothetical protein	1	0.0200	cloud	cloud	si	si	0	
group_1404		restriction endonuclease subunit S	1	0.0200	cloud	cloud	si	si	0	
group_1403		DUF1819 domain-containing protein	1	0.0200	cloud	cloud	si	si	0	
group_1402		restriction endonuclease	1	0.0200	cloud	cloud	si	si	0	
group_1397		hypothetical protein	1	0.0200	cloud	cloud	si	si	0	
group_1396		hypothetical protein	1	0.0200	cloud	cloud	si	si	0	
group_1394		hypothetical protein	1	0.0200	cloud	cloud	si	si	0	
group_1391		major tail protein	1	0.0200	cloud	cloud	si	si	0	
group_1390		TetR/AcrR family transcriptional regulator	1	0.0200	cloud	cloud	si	si	0	
group_1388		hypothetical protein	1	0.0200	cloud	cloud	si	si	0	
group_1382		sigma factor	1	0.0200	cloud	cloud	si	si	0	
group_1380		HEPN domain-containing protein	1	0.0200	cloud	cloud	si	si	0	
group_1371		hypothetical protein	1	0.0200	cloud	cloud	si	si	0	
group_1370		HNH endonuclease	1	0.0200	cloud	cloud	si	si	0	
group_1365		hypothetical protein	1	0.0200	cloud	cloud	si	si	0	
group_1364		hypothetical protein	1	0.0200	cloud	cloud	si	si	0	
group_1361		hypothetical protein	1	0.0200	cloud	cloud	si	si	0	
group_1360	darT	DarT ssDNA thymidine ADP-ribosyltransferase family protein	1	0.0200	cloud	cloud	si	si	0	
group_1359		hypothetical protein	1	0.0200	cloud	cloud	si	si	0	
group_1352		hypothetical protein	1	0.0200	cloud	cloud	si	si	0	
group_1351		hypothetical protein	1	0.0200	cloud	cloud	si	si	0	
group_1349	lysE	LysE family transporter	1	0.0200	cloud	cloud	si	si	0	
group_1343		HEPN domain-containing protein	1	0.0200	cloud	cloud	si	si	0	
group_1342		hypothetical protein	1	0.0200	cloud	cloud	si	si	0	
group_1341		hypothetical protein	1	0.0200	cloud	cloud	si	si	0	
group_1335		hypothetical protein	1	0.0200	cloud	cloud	si	si	0	
group_1334		Phage tail protein	1	0.0200	cloud	cloud	si	si	0	
group_1333		hypothetical protein	1	0.0200	cloud	cloud	si	si	0	
group_1331	tnsA	TnsA endonuclease N-terminal domain-containing protein	1	0.0200	cloud	cloud	si	si	0	
group_1330		DUF4352 domain-containing protein	1	0.0200	cloud	cloud	si	si	0	
group_1328		triacylglycerol lipase	1	0.0200	cloud	cloud	si	si	0	
group_1327		hypothetical protein	1	0.0200	cloud	cloud	si	si	0	
group_1326		hypothetical protein	1	0.0200	cloud	cloud	si	si	0	
group_1325		HNH endonuclease	1	0.0200	cloud	cloud	si	si	0	
group_1323		hypothetical protein	1	0.0200	cloud	cloud	si	si	0	
group_1322		DUF2612 domain-containing protein	1	0.0200	cloud	cloud	si	si	0	
group_1320		HK97 family phage prohead protease	1	0.0200	cloud	cloud	si	si	0	
group_1319		hypothetical protein	1	0.0200	cloud	cloud	si	si	0	
group_1317		recombinase family protein	1	0.0200	cloud	cloud	si	si	0	
group_1313		Panacea domain-containing protein	1	0.0200	cloud	cloud	si	si	0	
group_1308		hypothetical protein	1	0.0200	cloud	cloud	si	si	0	
group_1307		hypothetical protein	1	0.0200	cloud	cloud	si	si	0	
group_1304		hypothetical protein	1	0.0200	cloud	cloud	si	si	0	
group_1303		DUF4352 domain-containing protein	1	0.0200	cloud	cloud	si	si	0	
group_1299		hypothetical protein	1	0.0200	cloud	cloud	si	si	0	
group_1298		hypothetical protein	1	0.0200	cloud	cloud	si	si	0	
group_1291		Serine protease	0	0.0000	exclusivo	exclusivo	no	no	1	bin_5_63_00095
group_1289		bifunctional lytic transglycosylase/C40 family peptidase	1	0.0200	cloud	cloud	si	si	0	
group_1283		DNA-3-methyladenine glycosylase	1	0.0200	cloud	cloud	si	si	0	
group_1281		hypothetical protein	1	0.0200	cloud	cloud	si	si	0	
group_1280		Integrase	1	0.0200	cloud	cloud	si	si	0	
darT	darT	DarT ssDNA thymidine ADP-ribosyltransferase family protein	1	0.0200	cloud	cloud	si	si	0	
group_1279		nitroreductase family protein	1	0.0200	cloud	cloud	si	si	0	
group_1278		NUMOD4 domain-containing protein	1	0.0200	cloud	cloud	si	si	0	
group_1277		Lipoprotein	1	0.0200	cloud	cloud	si	si	0	
group_1274		HEPN domain-containing protein	1	0.0200	cloud	cloud	si	si	0	
group_1270		hypothetical protein	1	0.0200	cloud	cloud	si	si	0	
group_1265		hypothetical protein	1	0.0200	cloud	cloud	si	si	0	
cas4	cas4	CRISPR-associated protein Cas4	1	0.0200	cloud	cloud	si	si	0	
group_1262		Permease	1	0.0200	cloud	cloud	si	si	0	
group_1261		Helix-turn-helix type 11 domain-containing protein	1	0.0200	cloud	cloud	si	si	0	
group_1259		RiboL-PSP-HEPN domain-containing protein	1	0.0200	cloud	cloud	si	si	0	
group_1256		ABC transporter	1	0.0200	cloud	cloud	si	si	0	
group_1253		hypothetical protein	1	0.0200	cloud	cloud	si	si	0	
group_1252		hypothetical protein	1	0.0200	cloud	cloud	si	si	0	
ecsC	ecsC	EcsC family protein	1	0.0200	cloud	cloud	si	si	0	
group_1251		helix-turn-helix domain-containing protein	1	0.0200	cloud	cloud	si	si	0	
group_1250		Response regulator	1	0.0200	cloud	cloud	si	si	0	
group_1247		hypothetical protein	1	0.0200	cloud	cloud	si	si	0	
group_1244		response regulator transcription factor	1	0.0200	cloud	cloud	si	si	0	
group_1243		DUF4352 domain-containing protein	1	0.0200	cloud	cloud	si	si	0	
group_1241		response regulator transcription factor	1	0.0200	cloud	cloud	si	si	0	
group_1238		hypothetical protein	1	0.0200	cloud	cloud	si	si	0	
rraA	rraA	RraA family protein	1	0.0200	cloud	cloud	si	si	0	
group_1237		hypothetical protein	1	0.0200	cloud	cloud	si	si	0	
group_1231		SMODS and SLOG-associating 2TM effector domain-containing protein	1	0.0200	cloud	cloud	si	si	0	
group_1230		hypothetical protein	1	0.0200	cloud	cloud	si	si	0	
group_1229		hypothetical protein	1	0.0200	cloud	cloud	si	si	0	
group_1228		hypothetical protein	1	0.0200	cloud	cloud	si	si	0	
group_1227		Competence protein	1	0.0200	cloud	cloud	si	si	0	
dcd	dcd	dCTP deaminase	1	0.0200	cloud	cloud	si	si	0	
group_1223		ABC transporter ATP-binding protein	1	0.0200	cloud	cloud	si	si	0	
group_1221		CHAD domain-containing protein	1	0.0200	cloud	cloud	si	si	0	
group_1220		hypothetical protein	1	0.0200	cloud	cloud	si	si	0	
group_1213		HNH endonuclease	1	0.0200	cloud	cloud	si	si	0	
group_1211		hypothetical protein	1	0.0200	cloud	cloud	si	si	0	
group_1209		hypothetical protein	1	0.0200	cloud	cloud	si	si	0	
group_1205		hypothetical protein	1	0.0200	cloud	cloud	si	si	0	
group_1204		RiboL-PSP-HEPN domain-containing protein	1	0.0200	cloud	cloud	si	si	0	
group_1200		DUF4407 domain-containing protein	1	0.0200	cloud	cloud	si	si	0	
group_1198		hypothetical protein	1	0.0200	cloud	cloud	si	si	0	
group_1196		TIGR04255 family protein	1	0.0200	cloud	cloud	si	si	0	
group_1195		hypothetical protein	1	0.0200	cloud	cloud	si	si	0	
group_1192		serine/threonine protein kinase	1	0.0200	cloud	cloud	si	si	0	
group_1191		BRO family protein	1	0.0200	cloud	cloud	si	si	0	
group_1185		helix-turn-helix transcriptional regulator	1	0.0200	cloud	cloud	si	si	0	
group_1184		DUF4407 domain-containing protein	1	0.0200	cloud	cloud	si	si	0	
group_1181		Membrane protein	1	0.0200	cloud	cloud	si	si	0	
group_1177		hypothetical protein	1	0.0200	cloud	cloud	si	si	0	
group_1176		DUF6977 domain-containing protein	1	0.0200	cloud	cloud	si	si	0	
cas5c	cas5c	type I-C CRISPR-associated protein Cas5c	1	0.0200	cloud	cloud	si	si	0	
group_1175		MAE_28990/MAE_18760 family HEPN-like nuclease	1	0.0200	cloud	cloud	si	si	0	
group_1174		magnesium transporter	1	0.0200	cloud	cloud	si	si	0	
group_1173		hypothetical protein	1	0.0200	cloud	cloud	si	si	0	
group_1172		Rha family transcriptional regulator	1	0.0200	cloud	cloud	si	si	0	
group_1171		hypothetical protein	1	0.0200	cloud	cloud	si	si	0	
group_1164		zeta toxin family protein	1	0.0200	cloud	cloud	si	si	0	
group_1162		hypothetical protein	1	0.0200	cloud	cloud	si	si	0	
group_1161		DUF6977 domain-containing protein	1	0.0200	cloud	cloud	si	si	0	
group_1160		UPF0489 family protein	1	0.0200	cloud	cloud	si	si	0	
group_1151		hypothetical protein	1	0.0200	cloud	cloud	si	si	0	
group_1150		Methyltransferase	1	0.0200	cloud	cloud	si	si	0	
group_1149		hypothetical protein	1	0.0200	cloud	cloud	si	si	0	
group_1147		hypothetical protein	1	0.0200	cloud	cloud	si	si	0	
group_1146		excisionase family DNA-binding protein	1	0.0200	cloud	cloud	si	si	0	
group_1145		hypothetical protein	1	0.0200	cloud	cloud	si	si	0	
group_1139		hypothetical protein	1	0.0200	cloud	cloud	si	si	0	
group_1138		YgjP-like metallopeptidase domain-containing protein	1	0.0200	cloud	cloud	si	si	0	
group_1137		Cthe-2314 family HEPN domain-containing protein	1	0.0200	cloud	cloud	si	si	0	
group_1136		hypothetical protein	1	0.0200	cloud	cloud	si	si	0	
group_1131		phage antirepressor KilAC domain-containing protein	1	0.0200	cloud	cloud	si	si	0	
group_1130		hypothetical protein	1	0.0200	cloud	cloud	si	si	0	
group_1129	fabG	3-oxoacyl-[acyl-carrier-protein] reductase	1	0.0200	cloud	cloud	si	si	0	
group_1125		Lipoprotein	1	0.0200	cloud	cloud	si	si	0	
group_1124		TraB/GumN family protein	1	0.0200	cloud	cloud	si	si	0	
group_1123		APC family permease	1	0.0200	cloud	cloud	si	si	0	
group_1122		phage antirepressor KilAC domain-containing protein	1	0.0200	cloud	cloud	si	si	0	
group_1118		DUF3800 domain-containing protein	1	0.0200	cloud	cloud	si	si	0	
group_1117		hypothetical protein	1	0.0200	cloud	cloud	si	si	0	
group_1116		hypothetical protein	1	0.0200	cloud	cloud	si	si	0	
group_1113		hypothetical protein	1	0.0200	cloud	cloud	si	si	0	
group_1110		WxL domain-containing protein	1	0.0200	cloud	cloud	si	si	0	
group_1109		hypothetical protein	1	0.0200	cloud	cloud	si	si	0	
group_1108		Single-stranded DNA-binding protein	1	0.0200	cloud	cloud	si	si	0	
group_1107		hypothetical protein	1	0.0200	cloud	cloud	si	si	0	
group_1105		thioesterase II family protein	1	0.0200	cloud	cloud	si	si	0	
group_1101		hypothetical protein	1	0.0200	cloud	cloud	si	si	0	
group_1100		hypothetical protein	1	0.0200	cloud	cloud	si	si	0	
gspF	gspF	Type II secretion system protein GspF domain-containing protein	1	0.0200	cloud	cloud	si	si	0	
group_1093		hypothetical protein	1	0.0200	cloud	cloud	si	si	0	
group_1092		DUF3800 domain-containing protein	1	0.0200	cloud	cloud	si	si	0	
group_1089		Cell surface protein	1	0.0200	cloud	cloud	si	si	0	
group_1088		DUF4145 domain-containing protein	1	0.0200	cloud	cloud	si	si	0	
group_1085		recombinase family protein	1	0.0200	cloud	cloud	si	si	0	
group_1084		ImmA/IrrE family metallo-endopeptidase	1	0.0200	cloud	cloud	si	si	0	
group_1077		DNA-binding protein	1	0.0200	cloud	cloud	si	si	0	
group_1076		phage antirepressor KilAC domain-containing protein	1	0.0200	cloud	cloud	si	si	0	
group_1073		site-specific integrase	1	0.0200	cloud	cloud	si	si	0	
dnaD	dnaD	DNA replication protein DnaD	1	0.0200	cloud	cloud	si	si	0	
group_1071		HNH endonuclease	1	0.0200	cloud	cloud	si	si	0	
group_1070		hypothetical protein	1	0.0200	cloud	cloud	si	si	0	
group_1065		hypothetical protein	1	0.0200	cloud	cloud	si	si	0	
group_1057		hypothetical protein	1	0.0200	cloud	cloud	si	si	0	
group_1055		hypothetical protein	1	0.0200	cloud	cloud	si	si	0	
sfsA	sfsA	DNA/RNA nuclease SfsA	1	0.0200	cloud	cloud	si	si	0	
ydjF	ydjF	Putative HTH-type transcriptional regulator YdjF	1	0.0200	cloud	cloud	si	si	0	
thyX	thyX	FAD-dependent thymidylate synthase	1	0.0200	cloud	cloud	si	si	0	
group_1049		hypothetical protein	1	0.0200	cloud	cloud	si	si	0	
group_1048		DUF3800 domain-containing protein	1	0.0200	cloud	cloud	si	si	0	
group_1047		Replication protein O	1	0.0200	cloud	cloud	si	si	0	
group_1035		hypothetical protein	1	0.0200	cloud	cloud	si	si	0	
group_1028		site-specific DNA-methyltransferase	1	0.0200	cloud	cloud	si	si	0	
group_1025		hypothetical protein	1	0.0200	cloud	cloud	si	si	0	
group_1022		N-acetylmuramoyl-L-alanine amidase	1	0.0200	cloud	cloud	si	si	0	
sduA	sduA	Shedu anti-phage system protein SduA domain-containing protein	1	0.0200	cloud	cloud	si	si	0	
group_1019		hypothetical protein	1	0.0200	cloud	cloud	si	si	0	
group_1016		sce7726 family protein	1	0.0200	cloud	cloud	si	si	0	
tnsA	tnsA	TnsA endonuclease N-terminal domain-containing protein	1	0.0200	cloud	cloud	si	si	0	
group_1009		hypothetical protein	1	0.0200	cloud	cloud	si	si	0	
group_1007		hypothetical protein	1	0.0200	cloud	cloud	si	si	0	
group_1006		hypothetical protein	1	0.0200	cloud	cloud	si	si	0	
group_1005		Replication protein	1	0.0200	cloud	cloud	si	si	0	
group_1004		S8 family serine peptidase	1	0.0200	cloud	cloud	si	si	0	
group_1002		Rep protein	1	0.0200	cloud	cloud	si	si	0	
group_1001		type II toxin-antitoxin system PemK/MazF family toxin	1	0.0200	cloud	cloud	si	si	0	
group_1000		hypothetical protein	1	0.0200	cloud	cloud	si	si	0	
group_997		D-alanyl-D-alanine carboxypeptidase	1	0.0200	cloud	cloud	si	si	0	
group_995		Abortive infection protein-like C-terminal domain-containing protein	1	0.0200	cloud	cloud	si	si	0	
group_993		type II toxin-antitoxin system PemK/MazF family toxin	1	0.0200	cloud	cloud	si	si	0	
group_990		hypothetical protein	1	0.0200	cloud	cloud	si	si	0	
group_983		C39 family peptidase	1	0.0200	cloud	cloud	si	si	0	
group_982		MotA/TolQ/ExbB proton channel domain-containing protein	1	0.0200	cloud	cloud	si	si	0	
group_979		hypothetical protein	1	0.0200	cloud	cloud	si	si	0	
group_978		hypothetical protein	1	0.0200	cloud	cloud	si	si	0	
group_977		RNA helicase	1	0.0200	cloud	cloud	si	si	0	
group_974		HNH endonuclease	1	0.0200	cloud	cloud	si	si	0	
group_973		abortive infection family protein	1	0.0200	cloud	cloud	si	si	0	
group_972		hypothetical protein	1	0.0200	cloud	cloud	si	si	0	
iolB	iolB	5-deoxy-glucuronate isomerase	1	0.0200	cloud	cloud	si	si	0	
group_971		hypothetical protein	1	0.0200	cloud	cloud	si	si	0	
group_966		Phage tail protein	1	0.0200	cloud	cloud	si	si	0	
group_960		recombinase family protein	1	0.0200	cloud	cloud	si	si	0	
group_959		hypothetical protein	1	0.0200	cloud	cloud	si	si	0	
group_956		S8/S53 family peptidase	1	0.0200	cloud	cloud	si	si	0	
group_955		hypothetical protein	1	0.0200	cloud	cloud	si	si	0	
parA	parA	ParA family protein	1	0.0200	cloud	cloud	si	si	0	
group_953		hypothetical protein	1	0.0200	cloud	cloud	si	si	0	
group_952		serine/threonine-protein kinase	1	0.0200	cloud	cloud	si	si	0	
marR	marR	MarR family transcriptional regulator	1	0.0200	cloud	cloud	si	si	0	
group_944		IstB-like ATP-binding domain-containing protein	1	0.0200	cloud	cloud	si	si	0	
group_943		hypothetical protein	1	0.0200	cloud	cloud	si	si	0	
group_938		hypothetical protein	1	0.0200	cloud	cloud	si	si	0	
group_937		hypothetical protein	1	0.0200	cloud	cloud	si	si	0	
group_936		DUF2971 domain-containing protein	1	0.0200	cloud	cloud	si	si	0	
group_935		DNA adenine methylase	1	0.0200	cloud	cloud	si	si	0	
group_933		IS3 family transposase	1	0.0200	cloud	cloud	si	si	0	
group_931		DUF2726 domain-containing protein	1	0.0200	cloud	cloud	si	si	0	
group_930		hypothetical protein	1	0.0200	cloud	cloud	si	si	0	
group_929		LPO_1073/Vpar_1526 family protein	1	0.0200	cloud	cloud	si	si	0	
group_926		Phage head morphogenesis domain-containing protein	1	0.0200	cloud	cloud	si	si	0	
group_925		Abi family protein	1	0.0200	cloud	cloud	si	si	0	
group_924		hypothetical protein	1	0.0200	cloud	cloud	si	si	0	
group_923		SAR2788 family putative toxin	1	0.0200	cloud	cloud	si	si	0	
group_917		hypothetical protein	1	0.0200	cloud	cloud	si	si	0	
group_916		ATP-binding protein	1	0.0200	cloud	cloud	si	si	0	
group_915		DUF5677 domain-containing protein	1	0.0200	cloud	cloud	si	si	0	
flgE	flgE	Flagellar hook protein FlgE	1	0.0200	cloud	cloud	si	si	0	
fba	fba	class II fructose-16-bisphosphate aldolase	1	0.0200	cloud	cloud	si	si	0	
group_912		hypothetical protein	1	0.0200	cloud	cloud	si	si	0	
group_911	rfbA	glucose-1-phosphate thymidylyltransferase RfbA	1	0.0200	cloud	cloud	si	si	0	
group_903	lysR	LysR family transcriptional regulator	1	0.0200	cloud	cloud	si	si	0	
araC	araC	AraC family transcriptional regulator	1	0.0200	cloud	cloud	si	si	0	
group_902		2OG-Fe dioxygenase family protein	1	0.0200	cloud	cloud	si	si	0	
group_897		hypothetical protein	1	0.0200	cloud	cloud	si	si	0	
group_893		hypothetical protein	1	0.0200	cloud	cloud	si	si	0	
group_892		DUF2971 domain-containing protein	1	0.0200	cloud	cloud	si	si	0	
rfbA	rfbA	glucose-1-phosphate thymidylyltransferase RfbA	1	0.0200	cloud	cloud	si	si	0	
cas7c	cas7c	type I-C CRISPR-associated protein Cas7/Csd2	1	0.0200	cloud	cloud	si	si	0	
iolE	iolE	myo-inosose-2 dehydratase	1	0.0200	cloud	cloud	si	si	0	
group_887		DNA cytosine methyltransferase	1	0.0200	cloud	cloud	si	si	0	
group_884		hypothetical protein	1	0.0200	cloud	cloud	si	si	0	
group_877		DUF4007 domain-containing protein	1	0.0200	cloud	cloud	si	si	0	
rfbD	rfbD	dTDP-4-dehydrorhamnose reductase	1	0.0200	cloud	cloud	si	si	0	
group_872		beta family protein	1	0.0200	cloud	cloud	si	si	0	
group_868		phage major capsid protein	1	0.0200	cloud	cloud	si	si	0	
group_866		AbiJ-NTD4 domain-containing protein	1	0.0200	cloud	cloud	si	si	0	
group_863		helix-turn-helix domain-containing protein	1	0.0200	cloud	cloud	si	si	0	
group_855		hypothetical protein	1	0.0200	cloud	cloud	si	si	0	
group_851		DUF2971 domain-containing protein	1	0.0200	cloud	cloud	si	si	0	
group_850		patatin-like phospholipase family protein	1	0.0200	cloud	cloud	si	si	0	
group_849		hypothetical protein	1	0.0200	cloud	cloud	si	si	0	
group_840		hypothetical protein	1	0.0200	cloud	cloud	si	si	0	
group_839		Rap family tetratricopeptide repeat protein	1	0.0200	cloud	cloud	si	si	0	
group_838		Bpu10I family restriction endonuclease	1	0.0200	cloud	cloud	si	si	0	
group_834		Restriction endonuclease	1	0.0200	cloud	cloud	si	si	0	
group_830		DUF1837 domain-containing protein	1	0.0200	cloud	cloud	si	si	0	
lysR	lysR	LysR family transcriptional regulator	1	0.0200	cloud	cloud	si	si	0	
group_824		hypothetical protein	1	0.0200	cloud	cloud	si	si	0	
group_823		sce7725 family protein	1	0.0200	cloud	cloud	si	si	0	
group_822		ACP S-malonyltransferase	1	0.0200	cloud	cloud	si	si	0	
group_817		hypothetical protein	1	0.0200	cloud	cloud	si	si	0	
group_812		Restriction endonuclease type II EcoRII C-terminal domain-containing protein	1	0.0200	cloud	cloud	si	si	0	
group_808	rfbB	dTDP-glucose 46-dehydratase	1	0.0200	cloud	cloud	si	si	0	
group_805		phage major capsid protein	1	0.0200	cloud	cloud	si	si	0	
group_804		HaeIII family restriction endonuclease	1	0.0200	cloud	cloud	si	si	0	
group_803		DUF2971 domain-containing protein	1	0.0200	cloud	cloud	si	si	0	
group_802		hypothetical protein	1	0.0200	cloud	cloud	si	si	0	
yafY	yafY	YafY family protein	1	0.0200	cloud	cloud	si	si	0	
group_797		DUF2971 domain-containing protein	1	0.0200	cloud	cloud	si	si	0	
group_796		DUF2971 domain-containing protein	1	0.0200	cloud	cloud	si	si	0	
group_785		DNA cytosine methyltransferase	1	0.0200	cloud	cloud	si	si	0	
group_783		Kiwa anti-phage protein KwaB-like domain-containing protein	1	0.0200	cloud	cloud	si	si	0	
group_782		hypothetical protein	1	0.0200	cloud	cloud	si	si	0	
group_768		HindIII family type II restriction endonuclease	1	0.0200	cloud	cloud	si	si	0	
group_767		DUF5067 domain-containing protein	1	0.0200	cloud	cloud	si	si	0	
group_761		DGQHR domain-containing protein	1	0.0200	cloud	cloud	si	si	0	
group_760		thymidylate synthase	1	0.0200	cloud	cloud	si	si	0	
group_757		DUF6731 domain-containing protein	1	0.0200	cloud	cloud	si	si	0	
group_755		DUF262 domain-containing protein	1	0.0200	cloud	cloud	si	si	0	
group_752		Tyrosine-type recombinase/integrase	1	0.0200	cloud	cloud	si	si	0	
group_751		Methyltransferase	1	0.0200	cloud	cloud	si	si	0	
group_750		Radical SAM core domain-containing protein	1	0.0200	cloud	cloud	si	si	0	
group_748		Replication-associated protein G2P N-terminal domain-containing protein	1	0.0200	cloud	cloud	si	si	0	
group_745		Response regulator aspartate phosphatase	1	0.0200	cloud	cloud	si	si	0	
group_743		toll/interleukin-1 receptor domain-containing protein	1	0.0200	cloud	cloud	si	si	0	
yncE	yncE	YncE family protein	1	0.0200	cloud	cloud	si	si	0	
group_739		DUF4435 domain-containing protein	1	0.0200	cloud	cloud	si	si	0	
spoT	spoT	Region found in RelA / SpoT proteins	1	0.0200	cloud	cloud	si	si	0	
group_733		phage protein	1	0.0200	cloud	cloud	si	si	0	
group_731		DNA cytosine methyltransferase	1	0.0200	cloud	cloud	si	si	0	
group_727		AAA family ATPase	1	0.0200	cloud	cloud	si	si	0	
rhuM	rhuM	Hydroxyacid dehydrogenase	1	0.0200	cloud	cloud	si	si	0	
group_724		DGQHR domain-containing protein	1	0.0200	cloud	cloud	si	si	0	
group_723		DGQHR domain-containing protein	1	0.0200	cloud	cloud	si	si	0	
group_718		hypothetical protein	1	0.0200	cloud	cloud	si	si	0	
group_716		reverse transcriptase family protein	1	0.0200	cloud	cloud	si	si	0	
group_715		hypothetical protein	1	0.0200	cloud	cloud	si	si	0	
group_714		5-dehydro-2-deoxygluconokinase	1	0.0200	cloud	cloud	si	si	0	
group_710		helix-turn-helix domain-containing protein	1	0.0200	cloud	cloud	si	si	0	
group_709		C-terminal binding protein	1	0.0200	cloud	cloud	si	si	0	
group_704		hypothetical protein	1	0.0200	cloud	cloud	si	si	0	
group_700		DUF4435 domain-containing protein	1	0.0200	cloud	cloud	si	si	0	
group_696	dprA	DNA-processing protein DprA	1	0.0200	cloud	cloud	si	si	0	
group_695		Histidine kinase- DNA gyrase B- and HSP90-like ATPase	1	0.0200	cloud	cloud	si	si	0	
group_693		toll/interleukin-1 receptor domain-containing protein	1	0.0200	cloud	cloud	si	si	0	
group_692		aminomethyl transferase family protein	1	0.0200	cloud	cloud	si	si	0	
cas1c	cas1c	type I-C CRISPR-associated endonuclease Cas1c	1	0.0200	cloud	cloud	si	si	0	
group_688		hypothetical protein	1	0.0200	cloud	cloud	si	si	0	
group_687		pre-toxin TG domain-containing protein	1	0.0200	cloud	cloud	si	si	0	
group_686		Inositol 2-dehydrogenase/D-chiro-inositol 3-dehydrogenase	1	0.0200	cloud	cloud	si	si	0	
group_685		HNH nuclease domain-containing protein	1	0.0200	cloud	cloud	si	si	0	
group_683		DUF3383 domain-containing protein	1	0.0200	cloud	cloud	si	si	0	
group_682		Cytochrome c class I	1	0.0200	cloud	cloud	si	si	0	
group_681		hypothetical protein	1	0.0200	cloud	cloud	si	si	0	
group_679		TauD/TfdA family dioxygenase	1	0.0200	cloud	cloud	si	si	0	
group_676		Integrase	1	0.0200	cloud	cloud	si	si	0	
group_672		DUF4935 domain-containing protein	1	0.0200	cloud	cloud	si	si	0	
group_671	aimR	AimR family lysis-lysogeny pheromone receptor	1	0.0200	cloud	cloud	si	si	0	
group_670		amino acid adenylation domain-containing protein	1	0.0200	cloud	cloud	si	si	0	
group_668		DNA polymerase	1	0.0200	cloud	cloud	si	si	0	
group_667		hypothetical protein	1	0.0200	cloud	cloud	si	si	0	
dndB	dndB	DNA sulfur modification protein DndB	1	0.0200	cloud	cloud	si	si	0	
group_666		Integrase	1	0.0200	cloud	cloud	si	si	0	
group_664		EVE domain-containing protein	1	0.0200	cloud	cloud	si	si	0	
group_663		Restriction endonuclease	1	0.0200	cloud	cloud	si	si	0	
group_661		replication initiation factor domain-containing protein	1	0.0200	cloud	cloud	si	si	0	
group_660		tyrosine-type recombinase/integrase	1	0.0200	cloud	cloud	si	si	0	
group_654		ImmA/IrrE family metallo-endopeptidase	1	0.0200	cloud	cloud	si	si	0	
rfbB	rfbB	dTDP-glucose 46-dehydratase	1	0.0200	cloud	cloud	si	si	0	
group_644		serine O-acetyltransferase	1	0.0200	cloud	cloud	si	si	0	
irrE	irrE	IrrE N-terminal-like domain-containing protein	1	0.0200	cloud	cloud	si	si	0	
group_641		hypothetical protein	1	0.0200	cloud	cloud	si	si	0	
group_640		Acyltransferase 3 domain-containing protein	1	0.0200	cloud	cloud	si	si	0	
group_639		hypothetical protein	1	0.0200	cloud	cloud	si	si	0	
group_637		RES family NAD+ phosphorylase	1	0.0200	cloud	cloud	si	si	0	
group_636		hypothetical protein	1	0.0200	cloud	cloud	si	si	0	
group_634		SAP domain-containing protein	1	0.0200	cloud	cloud	si	si	0	
group_629		hypothetical protein	1	0.0200	cloud	cloud	si	si	0	
xlyA	xlyA	N-acetylmuramoyl-L-alanine amidase XlyA	1	0.0200	cloud	cloud	si	si	0	
group_626	aimR	AimR family lysis-lysogeny pheromone receptor	1	0.0200	cloud	cloud	si	si	0	
group_625		tyrosine-type recombinase/integrase	1	0.0200	cloud	cloud	si	si	0	
group_624		Cytosine-specific methyltransferase	1	0.0200	cloud	cloud	si	si	0	
group_621		hypothetical protein	1	0.0200	cloud	cloud	si	si	0	
group_615		Beta-lactamase	1	0.0200	cloud	cloud	si	si	0	
group_614		AAA family ATPase	1	0.0200	cloud	cloud	si	si	0	
group_609	aimR	AimR family lysis-lysogeny pheromone receptor	1	0.0200	cloud	cloud	si	si	0	
group_608		hypothetical protein	1	0.0200	cloud	cloud	si	si	0	
group_606	bppU	BppU family phage baseplate upper protein	1	0.0200	cloud	cloud	si	si	0	
group_603		Apea-like HEPN domain-containing protein	1	0.0200	cloud	cloud	si	si	0	
group_602		Phage protein	1	0.0200	cloud	cloud	si	si	0	
group_600		response regulator aspartate phosphatase H N terminal	1	0.0200	cloud	cloud	si	si	0	
group_599		site-specific DNA-methyltransferase	1	0.0200	cloud	cloud	si	si	0	
group_597		Replication initiation factor	1	0.0200	cloud	cloud	si	si	0	
group_593		hypothetical protein	1	0.0200	cloud	cloud	si	si	0	
xerC	xerC	Recombinase XerC	1	0.0200	cloud	cloud	si	si	0	
group_588		cysteine desulfurase family protein	1	0.0200	cloud	cloud	si	si	0	
group_586		Aspartate phosphatase	1	0.0200	cloud	cloud	si	si	0	
group_583		tyrosine-type recombinase/integrase	1	0.0200	cloud	cloud	si	si	0	
group_582		acyl-CoA dehydrogenase family protein	1	0.0200	cloud	cloud	si	si	0	
group_578		Response regulator aspartate phosphatase E	1	0.0200	cloud	cloud	si	si	0	
group_573		Tyr recombinase domain-containing protein	1	0.0200	cloud	cloud	si	si	0	
group_572		hypothetical protein	1	0.0200	cloud	cloud	si	si	0	
group_570		tyrosine-type recombinase/integrase	1	0.0200	cloud	cloud	si	si	0	
group_569		DUF4297 domain-containing protein	1	0.0200	cloud	cloud	si	si	0	
group_568		tyrosine-type recombinase/integrase	1	0.0200	cloud	cloud	si	si	0	
group_565		hypothetical protein	1	0.0200	cloud	cloud	si	si	0	
group_564		DUF3800 domain-containing protein	1	0.0200	cloud	cloud	si	si	0	
group_563		DNA cytosine methyltransferase	1	0.0200	cloud	cloud	si	si	0	
group_561		Integrase	1	0.0200	cloud	cloud	si	si	0	
group_560		iron-containing alcohol dehydrogenase	1	0.0200	cloud	cloud	si	si	0	
group_556		hypothetical protein	1	0.0200	cloud	cloud	si	si	0	
group_552		DNA glycosylase AlkZ-like family protein	1	0.0200	cloud	cloud	si	si	0	
group_550		hypothetical protein	1	0.0200	cloud	cloud	si	si	0	
group_548		restriction endonuclease subunit S	1	0.0200	cloud	cloud	si	si	0	
group_547		PLD-like domain-containing protein	1	0.0200	cloud	cloud	si	si	0	
group_546		hypothetical protein	1	0.0200	cloud	cloud	si	si	0	
group_544		Integrase	1	0.0200	cloud	cloud	si	si	0	
group_543	aimR	AimR family lysis-lysogeny pheromone receptor	1	0.0200	cloud	cloud	si	si	0	
group_542		NAD(P)/FAD-dependent oxidoreductase	1	0.0200	cloud	cloud	si	si	0	
group_538		hypothetical protein	1	0.0200	cloud	cloud	si	si	0	
group_534		Primase putative	1	0.0200	cloud	cloud	si	si	0	
group_533		Rap family tetratricopeptide repeat protein	1	0.0200	cloud	cloud	si	si	0	
group_532		DNA cytosine methyltransferase	1	0.0200	cloud	cloud	si	si	0	
group_530	aimR	AimR family lysis-lysogeny pheromone receptor	1	0.0200	cloud	cloud	si	si	0	
group_528		tyrosine-type recombinase/integrase	1	0.0200	cloud	cloud	si	si	0	
aimR	aimR	AimR family lysis-lysogeny pheromone receptor	1	0.0200	cloud	cloud	si	si	0	
group_526		restriction endonuclease subunit S	1	0.0200	cloud	cloud	si	si	0	
group_523		hypothetical protein	1	0.0200	cloud	cloud	si	si	0	
group_522		DNA (cytosine-5-)-methyltransferase	1	0.0200	cloud	cloud	si	si	0	
group_521		YhgE/Pip domain-containing protein	1	0.0200	cloud	cloud	si	si	0	
group_520		DegT/DnrJ/EryC1/StrS family aminotransferase	1	0.0200	cloud	cloud	si	si	0	
group_518		acyl-CoA dehydrogenase family protein	1	0.0200	cloud	cloud	si	si	0	
group_515		Baseplate protein J-like domain-containing protein	1	0.0200	cloud	cloud	si	si	0	
group_512		DUF262 domain-containing protein	1	0.0200	cloud	cloud	si	si	0	
group_506		hypothetical protein	1	0.0200	cloud	cloud	si	si	0	
group_504		phage major capsid protein	1	0.0200	cloud	cloud	si	si	0	
group_500		Site-specific integrase	1	0.0200	cloud	cloud	si	si	0	
araJ	araJ	Bcr/CflA family efflux transporter	1	0.0200	cloud	cloud	si	si	0	
group_498		C1q domain-containing protein	1	0.0200	cloud	cloud	si	si	0	
group_497		restriction endonuclease subunit S	1	0.0200	cloud	cloud	si	si	0	
group_496		MFS transporter	1	0.0200	cloud	cloud	si	si	0	
group_494		ABC transporter permease	1	0.0200	cloud	cloud	si	si	0	
group_493		DNA methyltransferase	1	0.0200	cloud	cloud	si	si	0	
group_486		restriction endonuclease subunit S	1	0.0200	cloud	cloud	si	si	0	
group_485		Permeases of the major facilitator superfamily	1	0.0200	cloud	cloud	si	si	0	
group_483		glycosyltransferase family 4 protein	1	0.0200	cloud	cloud	si	si	0	
group_476		hypothetical protein	1	0.0200	cloud	cloud	si	si	0	
group_469		restriction endonuclease subunit S	1	0.0200	cloud	cloud	si	si	0	
comF	comF	ComF family protein	1	0.0200	cloud	cloud	si	si	0	
group_467		SIR2 family protein	1	0.0200	cloud	cloud	si	si	0	
group_465		NgoFVII family restriction endonuclease	1	0.0200	cloud	cloud	si	si	0	
group_462		Type II/IV secretion system protein	1	0.0200	cloud	cloud	si	si	0	
group_456		DNA cytosine methyltransferase	1	0.0200	cloud	cloud	si	si	0	
group_455		restriction endonuclease subunit S	1	0.0200	cloud	cloud	si	si	0	
group_454		DNA cytosine methyltransferase	1	0.0200	cloud	cloud	si	si	0	
group_453		Fic family protein	1	0.0200	cloud	cloud	si	si	0	
group_452		restriction endonuclease subunit S	1	0.0200	cloud	cloud	si	si	0	
group_449		hypothetical protein	1	0.0200	cloud	cloud	si	si	0	
group_448		putative phage abortive infection protein	1	0.0200	cloud	cloud	si	si	0	
group_447		CpaF/VirB11 family protein	1	0.0200	cloud	cloud	si	si	0	
group_444		NgoFVII family restriction endonuclease	1	0.0200	cloud	cloud	si	si	0	
group_442		phage portal protein	1	0.0200	cloud	cloud	si	si	0	
group_440		DNA cytosine methyltransferase	1	0.0200	cloud	cloud	si	si	0	
group_436		CpaF/VirB11 family protein	1	0.0200	cloud	cloud	si	si	0	
group_434		restriction endonuclease subunit S	1	0.0200	cloud	cloud	si	si	0	
group_433		restriction endonuclease subunit S	1	0.0200	cloud	cloud	si	si	0	
group_432		putative phage abortive infection protein	1	0.0200	cloud	cloud	si	si	0	
group_431		Phage abortive infection protein	1	0.0200	cloud	cloud	si	si	0	
group_430		Type I restriction modification DNA specificity domain-containing protein	1	0.0200	cloud	cloud	si	si	0	
group_428		putative phage abortive infection protein	1	0.0200	cloud	cloud	si	si	0	
group_427		MFS transporter	1	0.0200	cloud	cloud	si	si	0	
group_426		reverse transcriptase domain-containing protein	1	0.0200	cloud	cloud	si	si	0	
group_424		restriction endonuclease subunit S	1	0.0200	cloud	cloud	si	si	0	
group_423		class I SAM-dependent methyltransferase	1	0.0200	cloud	cloud	si	si	0	
group_419		site-specific integrase	1	0.0200	cloud	cloud	si	si	0	
group_417		hypothetical protein	1	0.0200	cloud	cloud	si	si	0	
group_411		restriction endonuclease subunit S	1	0.0200	cloud	cloud	si	si	0	
group_410		SLC13 family permease	1	0.0200	cloud	cloud	si	si	0	
group_409		restriction endonuclease subunit S	1	0.0200	cloud	cloud	si	si	0	
group_405		ATP-grasp domain-containing protein	1	0.0200	cloud	cloud	si	si	0	
group_404		hypothetical protein	1	0.0200	cloud	cloud	si	si	0	
group_403		hypothetical protein	1	0.0200	cloud	cloud	si	si	0	
group_401		Peptidase M4 C-terminal domain-containing protein	1	0.0200	cloud	cloud	si	si	0	
group_400		MFS transporter	1	0.0200	cloud	cloud	si	si	0	
group_397		SIR2 family protein	0	0.0000	exclusivo	exclusivo	no	no	1	bin_5_63_00159
group_396		site-specific DNA-methyltransferase	1	0.0200	cloud	cloud	si	si	0	
group_394		CDP-glycerol glycerophosphotransferase family protein	1	0.0200	cloud	cloud	si	si	0	
group_389		ParB/Sulfiredoxin domain-containing protein	1	0.0200	cloud	cloud	si	si	0	
group_386		Flavoprotein	1	0.0200	cloud	cloud	si	si	0	
group_385		Arsenical pump membrane protein	1	0.0200	cloud	cloud	si	si	0	
group_381		phage baseplate upper protein	1	0.0200	cloud	cloud	si	si	0	
group_374		restriction endonuclease subunit S	1	0.0200	cloud	cloud	si	si	0	
group_373		DUF6365 domain-containing protein	1	0.0200	cloud	cloud	si	si	0	
group_367		Group-specific protein	1	0.0200	cloud	cloud	si	si	0	
group_364		AAA family ATPase	1	0.0200	cloud	cloud	si	si	0	
group_362		cytochrome c	1	0.0200	cloud	cloud	si	si	0	
group_361		FtsK/SpoIIIE domain-containing protein	1	0.0200	cloud	cloud	si	si	0	
group_360	bppU	BppU family phage baseplate upper protein	1	0.0200	cloud	cloud	si	si	0	
group_359		FtsK/SpoIIIE domain-containing protein	1	0.0200	cloud	cloud	si	si	0	
group_353		AAA family ATPase	1	0.0200	cloud	cloud	si	si	0	
group_347		DNA cytosine methyltransferase	1	0.0200	cloud	cloud	si	si	0	
group_342		collagen-like protein	1	0.0200	cloud	cloud	si	si	0	
group_341		DUF3238 domain-containing protein	1	0.0200	cloud	cloud	si	si	0	
group_339		restriction endonuclease subunit S	1	0.0200	cloud	cloud	si	si	0	
group_338		helix-turn-helix domain-containing protein	1	0.0200	cloud	cloud	si	si	0	
group_336		Methyltransferase	1	0.0200	cloud	cloud	si	si	0	
group_331		SIR2 family protein	1	0.0200	cloud	cloud	si	si	0	
group_328		restriction endonuclease subunit S	1	0.0200	cloud	cloud	si	si	0	
group_326		reverse transcriptase domain-containing protein	1	0.0200	cloud	cloud	si	si	0	
group_324		N-acetylmuramoyl-L-alanine amidase	1	0.0200	cloud	cloud	si	si	0	
group_322		restriction endonuclease subunit S	1	0.0200	cloud	cloud	si	si	0	
group_315		restriction endonuclease subunit S	1	0.0200	cloud	cloud	si	si	0	
group_314		M6 family metalloprotease domain-containing protein	1	0.0200	cloud	cloud	si	si	0	
group_313		DNA adenine methylase	1	0.0200	cloud	cloud	si	si	0	
group_304		hypothetical protein	1	0.0200	cloud	cloud	si	si	0	
group_303		restriction endonuclease subunit S	1	0.0200	cloud	cloud	si	si	0	
dptG	dptG	DNA phosphorothioation-dependent restriction protein DptG	1	0.0200	cloud	cloud	si	si	0	
group_292		pyocin knob domain-containing protein	1	0.0200	cloud	cloud	si	si	0	
iolT	iolT	Major myo-inositol transporter IolT	1	0.0200	cloud	cloud	si	si	0	
group_285		Recombinase	1	0.0200	cloud	cloud	si	si	0	
group_282		deoxyguanosinetriphosphate triphosphohydrolase	1	0.0200	cloud	cloud	si	si	0	
group_278		viroplasmin family protein	1	0.0200	cloud	cloud	si	si	0	
group_275		Eco57I restriction-modification methylase domain-containing protein	1	0.0200	cloud	cloud	si	si	0	
group_269		FtsK/SpoIIIE domain-containing protein	1	0.0200	cloud	cloud	si	si	0	
thsA	thsA	NAD(+) hydrolase ThsA	1	0.0200	cloud	cloud	si	si	0	
group_267		phage portal protein	1	0.0200	cloud	cloud	si	si	0	
group_266		DHA2 family efflux MFS transporter permease subunit	1	0.0200	cloud	cloud	si	si	0	
msr	msr	Msr family ABC-F type ribosomal protection protein	1	0.0200	cloud	cloud	si	si	0	
group_261		ATP-dependent endonuclease	1	0.0200	cloud	cloud	si	si	0	
group_260		HNH/ENDO VII family nuclease	0	0.0000	exclusivo	exclusivo	no	no	1	bin_5_63_01216
group_258		LlaJI restriction endonuclease	1	0.0200	cloud	cloud	si	si	0	
group_257		AAA family ATPase	1	0.0200	cloud	cloud	si	si	0	
group_255		Abi family protein	1	0.0200	cloud	cloud	si	si	0	
tniQ	tniQ	TniQ family protein	1	0.0200	cloud	cloud	si	si	0	
group_253		PIN domain-containing protein	1	0.0200	cloud	cloud	si	si	0	
group_247		STAS domain-containing protein	1	0.0200	cloud	cloud	si	si	0	
group_244		STAS domain-containing protein	1	0.0200	cloud	cloud	si	si	0	
group_231		DNA/RNA helicase domain-containing protein	1	0.0200	cloud	cloud	si	si	0	
group_229		Resolvase	1	0.0200	cloud	cloud	si	si	0	
group_228		helix-turn-helix domain-containing protein	1	0.0200	cloud	cloud	si	si	0	
group_227		Resolvase	1	0.0200	cloud	cloud	si	si	0	
group_226		restriction endonuclease subunit S	1	0.0200	cloud	cloud	si	si	0	
group_224		recombinase family protein	1	0.0200	cloud	cloud	si	si	0	
group_223		AAA family ATPase	1	0.0200	cloud	cloud	si	si	0	
hsdM	hsdM	type I restriction-modification system subunit M	1	0.0200	cloud	cloud	si	si	0	
group_214		PIN-like domain-containing protein	1	0.0200	cloud	cloud	si	si	0	
group_213		Phosphoadenosine phosphosulphate reductase domain-containing protein	1	0.0200	cloud	cloud	si	si	0	
group_207	bppU	BppU family phage baseplate upper protein	1	0.0200	cloud	cloud	si	si	0	
yqcG	yqcG	Ribonuclease YqcG	1	0.0200	cloud	cloud	si	si	0	
group_205		ABC transporter permease	1	0.0200	cloud	cloud	si	si	0	
tnsE	tnsE	Tn7-like element transposition protein TnsE	1	0.0200	cloud	cloud	si	si	0	
group_204		ATP-binding protein	1	0.0200	cloud	cloud	si	si	0	
group_203		Restriction endonuclease	1	0.0200	cloud	cloud	si	si	0	
group_201		RNA-directed DNA polymerase	1	0.0200	cloud	cloud	si	si	0	
group_200		Eco57I restriction-modification methylase domain-containing protein	1	0.0200	cloud	cloud	si	si	0	
group_197		phage major capsid protein	1	0.0200	cloud	cloud	si	si	0	
dndC	dndC	DNA phosphorothioation system sulfurtransferase DndC	1	0.0200	cloud	cloud	si	si	0	
group_195		recombinase family protein	1	0.0200	cloud	cloud	si	si	0	
group_188		ATP-dependent helicase	0	0.0000	exclusivo	exclusivo	no	no	1	bin_5_63_01464
group_187		Dehydrogenase	1	0.0200	cloud	cloud	si	si	0	
bppU	bppU	BppU N-terminal domain-containing protein	1	0.0200	cloud	cloud	si	si	0	
group_184		PIN-like domain-containing protein	1	0.0200	cloud	cloud	si	si	0	
group_180		ATP-dependent endonuclease	1	0.0200	cloud	cloud	si	si	0	
group_178		DNA methyltransferase	1	0.0200	cloud	cloud	si	si	0	
kdpA	kdpA	potassium-transporting ATPase subunit KdpA	1	0.0200	cloud	cloud	si	si	0	
group_176		Nuclease-related domain-containing protein	1	0.0200	cloud	cloud	si	si	0	
dptF	dptF	DNA phosphorothioation-dependent restriction protein DptF	1	0.0200	cloud	cloud	si	si	0	
group_175		DNA-invertase hin	1	0.0200	cloud	cloud	si	si	0	
group_168		Terminase	1	0.0200	cloud	cloud	si	si	0	
group_167		DUF927 domain-containing protein	1	0.0200	cloud	cloud	si	si	0	
group_157		hypothetical protein	1	0.0200	cloud	cloud	si	si	0	
group_156		UvrD-helicase domain-containing protein	1	0.0200	cloud	cloud	si	si	0	
group_153		UvrD-helicase domain-containing protein	1	0.0200	cloud	cloud	si	si	0	
group_152		SIR2 family protein	1	0.0200	cloud	cloud	si	si	0	
group_148		ATP-dependent endonuclease	0	0.0000	exclusivo	exclusivo	no	no	1	bin_5_63_01463
group_147		Site-specific DNA-methyltransferase	1	0.0200	cloud	cloud	si	si	0	
group_143		ParB/Sulfiredoxin domain-containing protein	1	0.0200	cloud	cloud	si	si	0	
group_136		Site-specific DNA recombinase	1	0.0200	cloud	cloud	si	si	0	
group_135		DNA (cytosine-5-)-methyltransferase	1	0.0200	cloud	cloud	si	si	0	
group_134		T7SS effector LXG polymorphic toxin	1	0.0200	cloud	cloud	si	si	0	
group_128		Glycosyltransferase family 2 protein	1	0.0200	cloud	cloud	si	si	0	
group_120		Right handed beta helix domain-containing protein	1	0.0200	cloud	cloud	si	si	0	
cas8c	cas8c	type I-C CRISPR-associated protein Cas8c/Csd1	1	0.0200	cloud	cloud	si	si	0	
group_118		DUF3732 domain-containing protein	1	0.0200	cloud	cloud	si	si	0	
group_117		DNA 3'-5' helicase	1	0.0200	cloud	cloud	si	si	0	
group_116		DDE-type integrase/transposase/recombinase	1	0.0200	cloud	cloud	si	si	0	
tnsD	tnsD	TnsD family transposase	1	0.0200	cloud	cloud	si	si	0	
group_114		site-specific DNA-methyltransferase	1	0.0200	cloud	cloud	si	si	0	
group_111		site-specific integrase	1	0.0200	cloud	cloud	si	si	0	
group_105		Rad50/SbcC-type AAA domain-containing protein	0	0.0000	exclusivo	exclusivo	no	no	1	bin_5_63_00161
group_104		retron Eco8 family effector endonuclease	1	0.0200	cloud	cloud	si	si	0	
iolD	iolD	3D-(35/4)-trihydroxycyclohexane-12-dione acylhydrolase (decyclizing)	1	0.0200	cloud	cloud	si	si	0	
group_102		ORC-CDC6-like	1	0.0200	cloud	cloud	si	si	0	
group_100		right-handed parallel beta-helix repeat-containing protein	1	0.0200	cloud	cloud	si	si	0	
dndD	dndD	DNA sulfur modification protein DndD	1	0.0200	cloud	cloud	si	si	0	
group_98		condensation domain-containing protein	1	0.0200	cloud	cloud	si	si	0	
group_92		DUF6270 domain-containing protein	1	0.0200	cloud	cloud	si	si	0	
group_91		AAA family ATPase	1	0.0200	cloud	cloud	si	si	0	
group_90		RNA-directed DNA polymerase	1	0.0200	cloud	cloud	si	si	0	
group_88		AAA family ATPase	1	0.0200	cloud	cloud	si	si	0	
group_87		sensor histidine kinase	1	0.0200	cloud	cloud	si	si	0	
group_86		ATP-dependent endonuclease	1	0.0200	cloud	cloud	si	si	0	
kdpB	kdpB	potassium-transporting ATPase subunit KdpB	1	0.0200	cloud	cloud	si	si	0	
brxL	brxL	BREX system Lon protease-like protein BrxL	1	0.0200	cloud	cloud	si	si	0	
group_84		site-specific DNA-methyltransferase (adenine-specific)	1	0.0200	cloud	cloud	si	si	0	
group_79		ATP-dependent endonuclease	1	0.0200	cloud	cloud	si	si	0	
group_75		Mu transposase C-terminal domain-containing protein	1	0.0200	cloud	cloud	si	si	0	
group_74		DEAD/DEAH box helicase	1	0.0200	cloud	cloud	si	si	0	
group_73		ATPase dynein-related AAA domain-containing protein	1	0.0200	cloud	cloud	si	si	0	
group_72		thioester domain-containing protein	1	0.0200	cloud	cloud	si	si	0	
group_71		ATP-binding protein	1	0.0200	cloud	cloud	si	si	0	
group_70		DEAD/DEAH box helicase	1	0.0200	cloud	cloud	si	si	0	
group_67		DEAD/DEAH box helicase family protein	1	0.0200	cloud	cloud	si	si	0	
group_66		protein kinase domain-containing protein	1	0.0200	cloud	cloud	si	si	0	
group_65		S8 family peptidase	1	0.0200	cloud	cloud	si	si	0	
group_64		sensor histidine kinase	1	0.0200	cloud	cloud	si	si	0	
group_61		hypothetical protein	1	0.0200	cloud	cloud	si	si	0	
group_54		CRISPR-associated helicase/endonuclease Cas3	1	0.0200	cloud	cloud	si	si	0	
fabF	fabF	beta-ketoacyl-ACP synthase II	1	0.0200	cloud	cloud	si	si	0	
group_52		sigma factor-like helix-turn-helix DNA-binding protein	1	0.0200	cloud	cloud	si	si	0	
group_50		sensor histidine kinase	1	0.0200	cloud	cloud	si	si	0	
group_48		ATP-binding protein	1	0.0200	cloud	cloud	si	si	0	
group_45		penicillin acylase family protein	1	0.0200	cloud	cloud	si	si	0	
group_44		ATP-binding protein	1	0.0200	cloud	cloud	si	si	0	
pglZ	pglZ	BREX-1 system phosphatase PglZ type A	1	0.0200	cloud	cloud	si	si	0	
group_43		helicase C-terminal domain-containing protein	1	0.0200	cloud	cloud	si	si	0	
group_42		hypothetical protein	1	0.0200	cloud	cloud	si	si	0	
group_41		DEAD/DEAH box helicase family protein	1	0.0200	cloud	cloud	si	si	0	
group_39		condensation domain-containing protein	1	0.0200	cloud	cloud	si	si	0	
group_38		Type III restriction endonuclease subunit R	1	0.0200	cloud	cloud	si	si	0	
group_34		AAA domain-containing protein	1	0.0200	cloud	cloud	si	si	0	
group_31		amino acid adenylation domain-containing protein	1	0.0200	cloud	cloud	si	si	0	
group_30		phage tail tape measure protein	1	0.0200	cloud	cloud	si	si	0	
group_29		Helicase ATP-binding domain-containing protein	1	0.0200	cloud	cloud	si	si	0	
group_27		Tape measure protein	1	0.0200	cloud	cloud	si	si	0	
group_26		DNA polymerase	1	0.0200	cloud	cloud	si	si	0	
group_23		isopeptide-forming domain-containing fimbrial protein	1	0.0200	cloud	cloud	si	si	0	
group_22		DEAD/DEAH box helicase family protein	1	0.0200	cloud	cloud	si	si	0	
group_21		Type I restriction enzyme endonuclease subunit	1	0.0200	cloud	cloud	si	si	0	
group_18		amino acid adenylation domain-containing protein	1	0.0200	cloud	cloud	si	si	0	
group_17		GNAT family N-acetyltransferase	1	0.0200	cloud	cloud	si	si	0	
group_15		CDP-glycerol glycerophosphotransferase family protein	1	0.0200	cloud	cloud	si	si	0	
hsdR	hsdR	type I restriction-modification system endonuclease	1	0.0200	cloud	cloud	si	si	0	
group_12		ATP-binding protein	1	0.0200	cloud	cloud	si	si	0	
pglX	pglX	BREX-1 system adenine-specific DNA-methyltransferase PglX	1	0.0200	cloud	cloud	si	si	0	
group_11		YobI-like P-loop NTPase domain-containing protein	1	0.0200	cloud	cloud	si	si	0	
group_10		hypothetical protein	1	0.0200	cloud	cloud	si	si	0	
brxC	brxC	BREX system P-loop protein BrxC	1	0.0200	cloud	cloud	si	si	0	
group_8		tape measure protein	1	0.0200	cloud	cloud	si	si	0	
group_7		condensation domain-containing protein	1	0.0200	cloud	cloud	si	si	0	
group_6		Phage tail tape measure protein	1	0.0200	cloud	cloud	si	si	0	
group_4		non-ribosomal peptide synthetase	1	0.0200	cloud	cloud	si	si	0	
dptH	dptH	DNA phosphorothioation-dependent restriction protein DptH	1	0.0200	cloud	cloud	si	si	0	
group_3		non-ribosomal peptide synthetase	1	0.0200	cloud	cloud	si	si	0	
group_2		ATP-binding protein	1	0.0200	cloud	cloud	si	si	0	
