bin	genoma_original	locus_tag	tipo_feature	contig	largo_contig	gc_contig	inicio	fin	hebra	dist_borde_pb	largo_aa	gen	producto	pseudo	familia	estado_panaroo	n_ref	f_ref	categoria_95	categoria_90	accesorio	solo_cloud	exclusivo_candidato
bin_1_54	bin-1-54	bin_1_54_00001	cds	contig_1	5690	0.4141	175	1893	-	174	572	cysI	assimilatory sulfite reductase (NADPH) hemoprotein subunit	no	cysI	en_familia	42	1.0000	core	core	no	no	no
bin_1_54	bin-1-54	bin_1_54_00002	cds	contig_1	5690	0.4141	1920	3737	-	1919	605		assimilatory sulfite reductase (NADPH) flavoprotein subunit	no	group_4371	en_familia	42	1.0000	core	core	no	no	no
bin_1_54	bin-1-54	bin_1_54_00003	cds	contig_1	5690	0.4141	4053	4961	+	729	302	cysL	HTH-type transcriptional regulator CysL	no	cysL	en_familia	42	1.0000	core	core	no	no	no
bin_1_54	bin-1-54	bin_1_54_00004	cds	contig_1	5690	0.4141	5198	5512	+	178	104		FeS cluster biogenesis domain-containing protein	no	group_4370	en_familia	42	1.0000	core	core	no	no	no
bin_1_54	bin-1-54	bin_1_54_00027	cds	contig_2	38390	0.4360	2164	2913	-	2163	249		TraR/DksA family transcriptional regulator	no	group_1923	en_familia	42	1.0000	core	core	no	no	no
bin_1_54	bin-1-54	bin_1_54_00028	cds	contig_2	38390	0.4360	3060	3980	-	3059	306	menA	1,4-dihydroxy-2-naphthoate polyprenyltransferase	no	menA	en_familia	42	1.0000	core	core	no	no	no
bin_1_54	bin-1-54	bin_1_54_00029	cds	contig_2	38390	0.4360	4280	5689	+	4279	469	menF	Isochorismate synthase MenF	no	menF	en_familia	42	1.0000	core	core	no	no	no
bin_1_54	bin-1-54	bin_1_54_00030	cds	contig_2	38390	0.4360	5682	7433	+	5681	583	menD	2-succinyl-5-enolpyruvyl-6-hydroxy-3-cyclohexene-1-carboxylic-acid synthase	no	menD	en_familia	42	1.0000	core	core	no	no	no
bin_1_54	bin-1-54	bin_1_54_00031	cds	contig_2	38390	0.4360	7430	8251	+	7429	273	menH	2-succinyl-6-hydroxy-2,4-cyclohexadiene-1-carboxylate synthase	no	menH	en_familia	42	1.0000	core	core	no	no	no
bin_1_54	bin-1-54	bin_1_54_00032	cds	contig_2	38390	0.4360	8253	9071	+	8252	272	menB	1,4-dihydroxy-2-naphthoyl-CoA synthase	no	menB	en_familia	42	1.0000	core	core	no	no	no
bin_1_54	bin-1-54	bin_1_54_00033	cds	contig_2	38390	0.4360	9158	10639	+	9157	493		o-succinylbenzoate--CoA ligase	no	group_2090	en_familia	42	1.0000	core	core	no	no	no
bin_1_54	bin-1-54	bin_1_54_00034	cds	contig_2	38390	0.4360	10630	11739	+	10629	369	menC	o-succinylbenzoate synthase	no	group_3477	en_familia	42	1.0000	core	core	no	no	no
bin_1_54	bin-1-54	bin_1_54_00035	cds	contig_2	38390	0.4360	12087	12233	+	12086	48	fbpA	Fur-regulated basic protein FbpA	no	group_4429	en_familia	42	1.0000	core	core	no	no	no
bin_1_54	bin-1-54	bin_1_54_00036	cds	contig_2	38390	0.4360	12279	12974	-	12278	231	citB	Two-component response regulator	no	citB	en_familia	42	1.0000	core	core	no	no	no
bin_1_54	bin-1-54	bin_1_54_00037	cds	contig_2	38390	0.4360	12967	14577	-	12966	536	citA	histidine kinase	no	group_1322	en_familia	42	1.0000	core	core	no	no	no
bin_1_54	bin-1-54	bin_1_54_00038	cds	contig_2	38390	0.4360	14718	15782	+	14717	354		C4-dicarboxylate ABC transporter	no	group_902	en_familia	42	1.0000	core	core	no	no	no
bin_1_54	bin-1-54	bin_1_54_00039	cds	contig_2	38390	0.4360	15842	16198	-	15841	118		Lipoprotein	no	group_5224	en_familia	31	0.7381	shell	shell	si	no	no
bin_1_54	bin-1-54	bin_1_54_00040	cds	contig_2	38390	0.4360	16380	17333	-	16379	317	znuA	High-affinity zinc uptake system binding-protein ZnuA	no	znuA	en_familia	42	1.0000	core	core	no	no	no
bin_1_54	bin-1-54	bin_1_54_00041	cds	contig_2	38390	0.4360	17887	18360	+	17886	157	luxS	S-ribosylhomocysteine lyase	no	luxS	en_familia	42	1.0000	core	core	no	no	no
bin_1_54	bin-1-54	bin_1_54_00042	cds	contig_2	38390	0.4360	18398	18553	-	18397	51	ytzI	YtzI protein	no	group_2574	en_familia	42	1.0000	core	core	no	no	no
bin_1_54	bin-1-54	bin_1_54_00043	cds	contig_2	38390	0.4360	18678	19118	+	18677	146	dps	Starvation-inducible DNA-binding protein	no	dps	en_familia	42	1.0000	core	core	no	no	no
bin_1_54	bin-1-54	bin_1_54_00044	cds	contig_2	38390	0.4360	19214	19471	-	18919	85		Cytosolic protein	no	group_7071	en_familia	42	1.0000	core	core	no	no	no
bin_1_54	bin-1-54	bin_1_54_00045	cds	contig_2	38390	0.4360	19713	20057	+	18333	114		Hydrolase	no	group_2860	en_familia	42	1.0000	core	core	no	no	no
bin_1_54	bin-1-54	bin_1_54_00046	cds	contig_2	38390	0.4360	20171	20641	+	17749	156	ytkD	RNA deprotection pyrophosphohydrolase	no	ytkD	en_familia	42	1.0000	core	core	no	no	no
bin_1_54	bin-1-54	bin_1_54_00047	cds	contig_2	38390	0.4360	20613	20828	+	17562	71		hypothetical protein	no	group_7392	en_familia	8	0.1905	shell	shell	si	no	no
bin_1_54	bin-1-54	bin_1_54_00048	cds	contig_2	38390	0.4360	20938	21729	-	16661	263	tauC	Riboflavin transport system permease protein RibX	no	group_10696	en_familia	42	1.0000	core	core	no	no	no
bin_1_54	bin-1-54	bin_1_54_00049	cds	contig_2	38390	0.4360	21719	22489	-	15901	256	tauB	Aliphatic sulfonates import ATP-binding protein SsuB	no	group_10959	en_familia	42	1.0000	core	core	no	no	no
bin_1_54	bin-1-54	bin_1_54_00050	cds	contig_2	38390	0.4360	22517	23518	-	14872	333	tauA	SsuA/THI5-like domain-containing protein	no	tauA	en_familia	42	1.0000	core	core	no	no	no
bin_1_54	bin-1-54	bin_1_54_00051	cds	contig_2	38390	0.4360	23654	24442	+	13948	262	dAP2	Dipeptidyl-peptidase 5	no	dAP2	en_familia	42	1.0000	core	core	no	no	no
bin_1_54	bin-1-54	bin_1_54_00052	cds	contig_2	38390	0.4360	24493	24735	+	13655	80		DUF2584 domain-containing protein	no	group_13566	en_familia	42	1.0000	core	core	no	no	no
bin_1_54	bin-1-54	bin_1_54_00053	cds	contig_2	38390	0.4360	24957	25421	+	12969	154		DUF523 domain-containing protein	no	group_5315	en_familia	42	1.0000	core	core	no	no	no
bin_1_54	bin-1-54	bin_1_54_00054	cds	contig_2	38390	0.4360	25456	26226	+	12164	256	tauE	putative membrane transporter protein	no	group_5314	en_familia	42	1.0000	core	core	no	no	no
bin_1_54	bin-1-54	bin_1_54_00055	cds	contig_2	38390	0.4360	26481	26651	-	11739	56		Fe3+ hydroxamate ABC transporter substrate-binding protein	no	group_1562	en_familia	27	0.6429	shell	shell	si	no	no
bin_1_54	bin-1-54	bin_1_54_00056	cds	contig_2	38390	0.4360	26857	27993	-	10397	378	wecB	non-hydrolyzing UDP-N-acetylglucosamine 2-epimerase	no	group_5817	en_familia	42	1.0000	core	core	no	no	no
bin_1_54	bin-1-54	bin_1_54_00057	cds	contig_2	38390	0.4360	28189	29394	+	8996	401		Alpha-D-kanosaminyltransferase	no	group_4542	en_familia	42	1.0000	core	core	no	no	no
bin_1_54	bin-1-54	bin_1_54_00058	cds	contig_2	38390	0.4360	29418	30734	+	7656	438		D-inositol 3-phosphate glycosyltransferase	no	group_3411	en_familia	42	1.0000	core	core	no	no	no
bin_1_54	bin-1-54	bin_1_54_00059	cds	contig_2	38390	0.4360	30776	32077	+	6313	433		UDP-N-acetyl-D-mannosamine dehydrogenase	no	group_916	en_familia	42	1.0000	core	core	no	no	no
bin_1_54	bin-1-54	bin_1_54_00060	cds	contig_2	38390	0.4360	32731	34317	-	4073	528	pckA	phosphoenolpyruvate carboxykinase (ATP)	no	pckA	en_familia	42	1.0000	core	core	no	no	no
bin_1_54	bin-1-54	bin_1_54_00061	cds	contig_2	38390	0.4360	35076	36266	+	2124	396	metK	methionine adenosyltransferase	no	group_4848	en_familia	42	1.0000	core	core	no	no	no
bin_1_54	bin-1-54	bin_1_54_00062	cds	contig_2	38390	0.4360	36678	37199	-	1191	173	paaY	Galactoside O-acetyltransferase	no	paaY	en_familia	42	1.0000	core	core	no	no	no
bin_1_54	bin-1-54	bin_1_54_00063	cds	contig_2	38390	0.4360	37406	38209	+	181	267	pldB	Phospholipase YtpA	no	pldB	en_familia	42	1.0000	core	core	no	no	no
bin_1_54	bin-1-54	bin_1_54_00064	cds	contig_3	49062	0.4252	485	661	+	484	58		DUF2197 domain-containing protein	no	group_4572	en_familia	42	1.0000	core	core	no	no	no
bin_1_54	bin-1-54	bin_1_54_00065	cds	contig_3	49062	0.4252	1327	2097	+	1326	256		hypothetical protein	no	group_5918	en_familia	42	1.0000	core	core	no	no	no
bin_1_54	bin-1-54	bin_1_54_00066	cds	contig_3	49062	0.4252	2135	5320	+	2134	1061		Lipoyl-binding domain-containing protein	no	group_5432	en_familia	42	1.0000	core	core	no	no	no
bin_1_54	bin-1-54	bin_1_54_00067	cds	contig_3	49062	0.4252	5440	6654	-	5439	404		Ger(X)C family germination protein	no	group_5831	en_familia	42	1.0000	core	core	no	no	no
bin_1_54	bin-1-54	bin_1_54_00068	cds	contig_3	49062	0.4252	6638	7744	-	6637	368		Spore germination protein B2	no	group_4281	en_familia	42	1.0000	core	core	no	no	no
bin_1_54	bin-1-54	bin_1_54_00069	cds	contig_3	49062	0.4252	7771	9342	-	7770	523		Spore germination protein B1	no	group_5830	en_familia	42	1.0000	core	core	no	no	no
bin_1_54	bin-1-54	bin_1_54_00070	cds	contig_3	49062	0.4252	10012	11388	+	10011	458	pbp4b	penicillin binding protein PBP4B	no	pbp4b	en_familia	42	1.0000	core	core	no	no	no
bin_1_54	bin-1-54	bin_1_54_00071	cds	contig_3	49062	0.4252	12324	12773	+	12323	149	hutP	hut operon transcriptional regulator HutP	no	hutP	en_familia	42	1.0000	core	core	no	no	no
bin_1_54	bin-1-54	bin_1_54_00072	cds	contig_3	49062	0.4252	12894	14405	+	12893	503	hutH	histidine ammonia-lyase	no	group_4486	en_familia	42	1.0000	core	core	no	no	no
bin_1_54	bin-1-54	bin_1_54_00073	cds	contig_3	49062	0.4252	14638	16128	+	14637	496	lysP	Gamma-aminobutyrate permease	no	lysP	en_familia	42	1.0000	core	core	no	no	no
bin_1_54	bin-1-54	bin_1_54_00074	cds	contig_3	49062	0.4252	17116	18321	+	17115	401	proV	Quaternary amine transport ATP-binding protein	no	proV	en_familia	42	1.0000	core	core	no	no	no
bin_1_54	bin-1-54	bin_1_54_00075	cds	contig_3	49062	0.4252	18326	20053	+	18325	575	proW	Glycine betaine ABC transporter permease	no	proW	en_familia	42	1.0000	core	core	no	no	no
bin_1_54	bin-1-54	bin_1_54_00076	cds	contig_3	49062	0.4252	20117	20299	-	20116	60		hypothetical protein	no	group_5898	en_familia	42	1.0000	core	core	no	no	no
bin_1_54	bin-1-54	bin_1_54_00077	cds	contig_3	49062	0.4252	20572	21525	+	20571	317		Purine nucleosidase	no	rihB~~~rihA	en_familia	42	1.0000	core	core	no	no	no
bin_1_54	bin-1-54	bin_1_54_00078	cds	contig_3	49062	0.4252	22040	22330	+	22039	96	esxA	ESAT-6-like protein	no	esxA	en_familia	42	1.0000	core	core	no	no	no
bin_1_54	bin-1-54	bin_1_54_00079	cds	contig_3	49062	0.4252	22736	24079	+	22735	447	essB	type VII secretion protein EssB	no	group_14086	en_familia	42	1.0000	core	core	no	no	no
bin_1_54	bin-1-54	bin_1_54_00080	cds	contig_3	49062	0.4252	24110	28591	+	20471	1493	essC	type VII secretion protein EssC	no	essC	en_familia	42	1.0000	core	core	no	no	no
bin_1_54	bin-1-54	bin_1_54_00081	cds	contig_3	49062	0.4252	28584	31511	+	17551	975		DNA topoisomerases I, dispensable insert	no	group_137	en_familia	42	1.0000	core	core	no	no	no
bin_1_54	bin-1-54	bin_1_54_00082	cds	contig_3	49062	0.4252	31498	31980	+	17082	160	essA	type VII secretion protein EssA	no	essA	en_familia	42	1.0000	core	core	no	no	no
bin_1_54	bin-1-54	bin_1_54_00083	cds	contig_3	49062	0.4252	32799	33755	+	15307	318	mMP0363	MoxR family ATPase	no	group_13899	en_familia	42	1.0000	core	core	no	no	no
bin_1_54	bin-1-54	bin_1_54_00084	cds	contig_3	49062	0.4252	33755	34948	+	14114	397		DUF58 domain-containing protein	no	group_3555	en_familia	42	1.0000	core	core	no	no	no
bin_1_54	bin-1-54	bin_1_54_00085	cds	contig_3	49062	0.4252	34945	37146	+	11916	733		Protein-glutamine gamma-glutamyltransferase	no	group_950	en_familia	42	1.0000	core	core	no	no	no
bin_1_54	bin-1-54	bin_1_54_00086	cds	contig_3	49062	0.4252	37426	38982	+	10080	518	guaA	glutamine-hydrolyzing GMP synthase	no	guaA	en_familia	42	1.0000	core	core	no	no	no
bin_1_54	bin-1-54	bin_1_54_00087	cds	contig_3	49062	0.4252	39413	40744	+	8318	443	nCS2	Guanine/hypoxanthine permease PbuG	no	group_3268	en_familia	42	1.0000	core	core	no	no	no
bin_1_54	bin-1-54	bin_1_54_00088	cds	contig_3	49062	0.4252	40898	41740	+	7322	280	glcT	glucose PTS transporter transcription antiterminator GlcT	no	glcT	en_familia	42	1.0000	core	core	no	no	no
bin_1_54	bin-1-54	bin_1_54_00089	cds	contig_3	49062	0.4252	41954	44023	+	5039	689	nagE	Glucose-specific PTS transporter subunit IIBC	no	nagE	en_familia	42	1.0000	core	core	no	no	no
bin_1_54	bin-1-54	bin_1_54_00092	cds	contig_4	37558	0.4158	175	393	-	174	72		Spore germination protein PF	no	group_6178	en_familia	42	1.0000	core	core	no	no	no
bin_1_54	bin-1-54	bin_1_54_00093	cds	contig_4	37558	0.4158	415	822	-	414	135		Spore germination protein	no	group_5380	en_familia	42	1.0000	core	core	no	no	no
bin_1_54	bin-1-54	bin_1_54_00094	cds	contig_4	37558	0.4158	828	1007	-	827	59		Spore germination protein PD	no	group_6177	en_familia	42	1.0000	core	core	no	no	no
bin_1_54	bin-1-54	bin_1_54_00095	cds	contig_4	37558	0.4158	997	1608	-	996	203		Spore germination protein GerPC	no	group_5763	en_familia	42	1.0000	core	core	no	no	no
bin_1_54	bin-1-54	bin_1_54_00096	cds	contig_4	37558	0.4158	1691	1897	-	1690	68		Spore germination protein	no	group_4094	en_familia	42	1.0000	core	core	no	no	no
bin_1_54	bin-1-54	bin_1_54_00097	cds	contig_4	37558	0.4158	1919	2140	-	1918	73	gerPA	Spore germination protein GerPA	no	gerPA	en_familia	42	1.0000	core	core	no	no	no
bin_1_54	bin-1-54	bin_1_54_00098	cds	contig_4	37558	0.4158	2364	3956	+	2363	530	menE	Long-chain-fatty-acid--CoA ligase	no	group_3152	en_familia	42	1.0000	core	core	no	no	no
bin_1_54	bin-1-54	bin_1_54_00099	cds	contig_4	37558	0.4158	4236	5510	+	4235	424	uhpC	MFS-type transporter YhjX	no	group_3602	en_familia	42	1.0000	core	core	no	no	no
bin_1_54	bin-1-54	bin_1_54_00100	cds	contig_4	37558	0.4158	5551	6732	+	5550	393		DUF418 domain-containing protein	no	group_14043	en_familia	42	1.0000	core	core	no	no	no
bin_1_54	bin-1-54	bin_1_54_00101	cds	contig_4	37558	0.4158	6866	7207	+	6865	113		UPF0344 protein BS1321_06225	no	group_3192	en_familia	42	1.0000	core	core	no	no	no
bin_1_54	bin-1-54	bin_1_54_00102	cds	contig_4	37558	0.4158	7265	7831	-	7264	188		DUF2777 domain-containing protein	no	group_13226	en_familia	42	1.0000	core	core	no	no	no
bin_1_54	bin-1-54	bin_1_54_00103	cds	contig_4	37558	0.4158	8116	9963	+	8115	615	asnB	asparagine synthase (glutamine-hydrolyzing)	no	group_685	en_familia	42	1.0000	core	core	no	no	no
bin_1_54	bin-1-54	bin_1_54_00104	cds	contig_4	37558	0.4158	10007	11758	-	10006	583		Neopullulanase	no	group_806	en_familia	42	1.0000	core	core	no	no	no
bin_1_54	bin-1-54	bin_1_54_00105	cds	contig_4	37558	0.4158	12120	13376	+	12119	418		Cyclodextrin-binding protein	no	group_4409	en_familia	42	1.0000	core	core	no	no	no
bin_1_54	bin-1-54	bin_1_54_00106	cds	contig_4	37558	0.4158	13527	15062	+	13526	511		alpha-amylase	no	group_873	en_familia	42	1.0000	core	core	no	no	no
bin_1_54	bin-1-54	bin_1_54_00107	cds	contig_4	37558	0.4158	15142	16791	+	15141	549	amyA	Alpha-amylase	no	amyA	en_familia	42	1.0000	core	core	no	no	no
bin_1_54	bin-1-54	bin_1_54_00108	cds	contig_4	37558	0.4158	17120	18163	+	17119	347	purR	HTH-type transcriptional regulator MalR	no	purR	en_familia	42	1.0000	core	core	no	no	no
bin_1_54	bin-1-54	bin_1_54_00109	cds	contig_4	37558	0.4158	18202	18990	-	18201	262		MBL fold metallo-hydrolase	no	group_4408	en_familia	41	0.9762	core	core	no	no	no
bin_1_54	bin-1-54	bin_1_54_00110	cds	contig_4	37558	0.4158	19112	19987	-	17571	291	fabG	General stress protein 39	no	group_2526	en_familia	42	1.0000	core	core	no	no	no
bin_1_54	bin-1-54	bin_1_54_00111	cds	contig_4	37558	0.4158	20223	20714	-	16844	163	yajQ	YajQ family cyclic di-GMP-binding protein	no	yajQ	en_familia	42	1.0000	core	core	no	no	no
bin_1_54	bin-1-54	bin_1_54_00112	cds	contig_4	37558	0.4158	20818	20949	-	16609	43		DUF3941 domain-containing protein	no	group_2016	en_familia	42	1.0000	core	core	no	no	no
bin_1_54	bin-1-54	bin_1_54_00113	cds	contig_4	37558	0.4158	21018	21884	-	15674	288	degV	DegV family protein	no	degV	en_familia	42	1.0000	core	core	no	no	no
bin_1_54	bin-1-54	bin_1_54_00114	cds	contig_4	37558	0.4158	22041	22883	+	14675	280	yitT	DUF2179 domain-containing protein	no	group_10064	en_familia	42	1.0000	core	core	no	no	no
bin_1_54	bin-1-54	bin_1_54_00115	cds	contig_4	37558	0.4158	22880	23050	+	14508	56		hypothetical protein	no	group_10298	en_familia	1	0.0238	cloud	cloud	si	si	no
bin_1_54	bin-1-54	bin_1_54_00116	cds	contig_4	37558	0.4158	22970	23161	-	14397	63		DUF3813 domain-containing protein	no	group_2999	en_familia	42	1.0000	core	core	no	no	no
bin_1_54	bin-1-54	bin_1_54_00117	cds	contig_4	37558	0.4158	23161	23313	-	14245	50		Competence protein	no	group_10689	en_familia	42	1.0000	core	core	no	no	no
bin_1_54	bin-1-54	bin_1_54_00118	cds	contig_4	37558	0.4158	23417	24232	-	13326	271	yitU	5-amino-6-(5-phospho-D-ribitylamino)uracil phosphatase YitU	no	yitU	en_familia	42	1.0000	core	core	no	no	no
bin_1_54	bin-1-54	bin_1_54_00119	cds	contig_4	37558	0.4158	24449	25237	+	12321	262		Peptidase S9 prolyl oligopeptidase catalytic domain-containing protein	no	group_2821	en_familia	42	1.0000	core	core	no	no	no
bin_1_54	bin-1-54	bin_1_54_00120	cds	contig_4	37558	0.4158	25326	25634	+	11924	102	paaD	Metal-sulfur cluster assembly factor	no	group_4186	en_familia	42	1.0000	core	core	no	no	no
bin_1_54	bin-1-54	bin_1_54_00121	cds	contig_4	37558	0.4158	25742	26755	+	10803	337	moaA	GTP 3',8-cyclase MoaA	no	moaA	en_familia	42	1.0000	core	core	no	no	no
bin_1_54	bin-1-54	bin_1_54_00122	cds	contig_4	37558	0.4158	26980	27669	-	9889	229		Anaerobic regulatory protein	no	group_13336	en_familia	42	1.0000	core	core	no	no	no
bin_1_54	bin-1-54	bin_1_54_00123	cds	contig_4	37558	0.4158	27902	28939	+	8619	345	argC	N-acetyl-gamma-glutamyl-phosphate reductase	no	argC	en_familia	42	1.0000	core	core	no	no	no
bin_1_54	bin-1-54	bin_1_54_00124	cds	contig_4	37558	0.4158	28956	30188	+	7370	410	argJ	bifunctional ornithine acetyltransferase/N-acetylglutamate synthase	no	argJ	en_familia	42	1.0000	core	core	no	no	no
bin_1_54	bin-1-54	bin_1_54_00125	cds	contig_4	37558	0.4158	30201	30974	+	6584	257		Acetylglutamate kinase	no	group_10887	en_familia	42	1.0000	core	core	no	no	no
bin_1_54	bin-1-54	bin_1_54_00126	cds	contig_4	37558	0.4158	30971	32122	+	5436	383		acetylornithine transaminase	no	group_10365	en_familia	42	1.0000	core	core	no	no	no
bin_1_54	bin-1-54	bin_1_54_00127	cds	contig_4	37558	0.4158	32204	33286	+	4272	360	carA	carbamoyl phosphate synthase small subunit	no	carA	en_familia	42	1.0000	core	core	no	no	no
bin_1_54	bin-1-54	bin_1_54_00128	cds	contig_4	37558	0.4158	33279	36398	+	1160	1039	carB	carbamoyl phosphate synthase large subunit	no	group_1847	en_familia	42	1.0000	core	core	no	no	no
bin_1_54	bin-1-54	bin_1_54_00129	cds	contig_4	37558	0.4158	36395	37354	+	204	319	argF	ornithine carbamoyltransferase	no	argF	en_familia	42	1.0000	core	core	no	no	no
bin_1_54	bin-1-54	bin_1_54_00131	cds	contig_5	57191	0.4149	326	532	+	325	68	csfB	Anti-sigma-G factor Gin	no		no_en_pangenoma			no_en_pangenoma	no_en_pangenoma			no
bin_1_54	bin-1-54	bin_1_54_00132	cds	contig_5	57191	0.4149	772	2226	+	771	484		Arginine decarboxylase	no	group_3039	en_familia	41	0.9762	core	core	no	no	no
bin_1_54	bin-1-54	bin_1_54_00133	cds	contig_5	57191	0.4149	2266	2907	+	2265	213	tmk	dTMP kinase	no	group_14057	en_familia	41	0.9762	core	core	no	no	no
bin_1_54	bin-1-54	bin_1_54_00134	cds	contig_5	57191	0.4149	2993	3322	+	2992	109	darA	Transcriptional regulator	no	darA	en_familia	41	0.9762	core	core	no	no	no
bin_1_54	bin-1-54	bin_1_54_00135	cds	contig_5	57191	0.4149	3347	3787	+	3346	146	yaaR	DUF327 domain-containing protein	no	yaaR	en_familia	41	0.9762	core	core	no	no	no
bin_1_54	bin-1-54	bin_1_54_00136	cds	contig_5	57191	0.4149	3802	4800	+	3801	332	holB	DNA polymerase III subunit delta'	no	holB	en_familia	41	0.9762	core	core	no	no	no
bin_1_54	bin-1-54	bin_1_54_00137	cds	contig_5	57191	0.4149	4802	5632	+	4801	276	yaaT	Stage 0 sporulation protein	no	yaaT	en_familia	41	0.9762	core	core	no	no	no
bin_1_54	bin-1-54	bin_1_54_00138	cds	contig_5	57191	0.4149	5647	6021	+	5646	124	yabA	DNA replication initiation control protein YabA	no	yabA	en_familia	41	0.9762	core	core	no	no	no
bin_1_54	bin-1-54	bin_1_54_00139	cds	contig_5	57191	0.4149	6199	6942	+	6198	247	trmN6	Release factor glutamine methyltransferase	no	trmN6	en_familia	41	0.9762	core	core	no	no	no
bin_1_54	bin-1-54	bin_1_54_00140	cds	contig_5	57191	0.4149	6929	7189	+	6928	86		GIY-YIG domain-containing protein	no	group_13660	en_familia	41	0.9762	core	core	no	no	no
bin_1_54	bin-1-54	bin_1_54_00141	cds	contig_5	57191	0.4149	7191	8075	+	7190	294	rsmI	16S rRNA (cytidine(1402)-2'-O)-methyltransferase	no	rsmI	en_familia	41	0.9762	core	core	no	no	no
bin_1_54	bin-1-54	bin_1_54_00142	cds	contig_5	57191	0.4149	8119	8403	-	8118	94	spoVT	Transition state transcriptional regulatory protein AbrB	no	spoVT	en_familia	41	0.9762	core	core	no	no	no
bin_1_54	bin-1-54	bin_1_54_00143	cds	contig_5	57191	0.4149	9022	10983	+	9021	653	metG	methionine--tRNA ligase	no	metG	en_familia	41	0.9762	core	core	no	no	no
bin_1_54	bin-1-54	bin_1_54_00144	cds	contig_5	57191	0.4149	11193	11960	+	11192	255	tatD	D-aminoacyl-tRNA deacylase	no	tatD	en_familia	41	0.9762	core	core	no	no	no
bin_1_54	bin-1-54	bin_1_54_00145	cds	contig_5	57191	0.4149	12240	13394	+	12239	384		G5 domain-containing protein	no	group_2177	en_familia	41	0.9762	core	core	no	no	no
bin_1_54	bin-1-54	bin_1_54_00146	cds	contig_5	57191	0.4149	13649	14212	+	13648	187	rnmV	ribonuclease M5	no	rnmV	en_familia	41	0.9762	core	core	no	no	no
bin_1_54	bin-1-54	bin_1_54_00147	cds	contig_5	57191	0.4149	14205	15083	+	14204	292	rsmA	16S rRNA (adenine(1518)-N(6)/adenine(1519)-N(6))-dimethyltransferase RsmA	no	rsmA	en_familia	41	0.9762	core	core	no	no	no
bin_1_54	bin-1-54	bin_1_54_00148	cds	contig_5	57191	0.4149	15285	16163	+	15284	292	yabG	sporulation peptidase YabG	no	yabG	en_familia	41	0.9762	core	core	no	no	no
bin_1_54	bin-1-54	bin_1_54_00149	cds	contig_5	57191	0.4149	16478	16729	+	16477	83	veg	biofilm formation stimulator Veg	no	veg	en_familia	41	0.9762	core	core	no	no	no
bin_1_54	bin-1-54	bin_1_54_00150	cds	contig_5	57191	0.4149	16902	17057	+	16901	51	sspF	Small acid-soluble spore protein F (Minor alpha/beta-type SASP)	no	sspF	en_familia	41	0.9762	core	core	no	no	no
bin_1_54	bin-1-54	bin_1_54_00151	cds	contig_5	57191	0.4149	17381	18250	+	17380	289	ispE	4-(cytidine 5'-diphospho)-2-C-methyl-D-erythritol kinase	no	ispE	en_familia	41	0.9762	core	core	no	no	no
bin_1_54	bin-1-54	bin_1_54_00152	cds	contig_5	57191	0.4149	18312	19136	+	18311	274	purR	pur operon repressor	no	group_10282	en_familia	41	0.9762	core	core	no	no	no
bin_1_54	bin-1-54	bin_1_54_00153	cds	contig_5	57191	0.4149	19150	19524	+	19149	124	ridA	2-iminobutanoate/2-iminopropanoate deaminase	no	group_2149	en_familia	41	0.9762	core	core	no	no	no
bin_1_54	bin-1-54	bin_1_54_00154	cds	contig_5	57191	0.4149	19717	20013	+	19716	98	spoVG	septation regulator SpoVG	no	spoVG	en_familia	41	0.9762	core	core	no	no	no
bin_1_54	bin-1-54	bin_1_54_00155	cds	contig_5	57191	0.4149	20583	21956	+	20582	457	glmU	bifunctional UDP-N-acetylglucosamine diphosphorylase/glucosamine-1-phosphate N-acetyltransferase GlmU	no	glmU	en_familia	41	0.9762	core	core	no	no	no
bin_1_54	bin-1-54	bin_1_54_00156	cds	contig_5	57191	0.4149	21972	22925	+	21971	317	prsA	ribose-phosphate diphosphokinase	no	prsA	en_familia	41	0.9762	core	core	no	no	no
bin_1_54	bin-1-54	bin_1_54_00157	cds	contig_5	57191	0.4149	23235	24215	+	23234	326		Aliphatic sulfonates-binding protein	no	group_1860	en_familia	41	0.9762	core	core	no	no	no
bin_1_54	bin-1-54	bin_1_54_00158	cds	contig_5	57191	0.4149	24229	25395	+	24228	388	ssuD	FMNH2-dependent alkanesulfonate monooxygenase	no	group_4920	en_familia	40	0.9524	core	core	no	no	no
bin_1_54	bin-1-54	bin_1_54_00159	cds	contig_5	57191	0.4149	25334	26143	+	25333	269	ssuC	aliphatic sulfonate ABC transporter permease SsuC	no	group_2202	en_familia	40	0.9524	core	core	no	no	no
bin_1_54	bin-1-54	bin_1_54_00160	cds	contig_5	57191	0.4149	26157	26909	+	26156	250	ssuB	Aliphatic sulfonates import ATP-binding protein SsuB	no	ssuB	en_familia	41	0.9762	core	core	no	no	no
bin_1_54	bin-1-54	bin_1_54_00161	cds	contig_5	57191	0.4149	26953	27720	+	26952	255	rplY	50S ribosomal protein L25/general stress protein Ctc	no	rplY	en_familia	41	0.9762	core	core	no	no	no
bin_1_54	bin-1-54	bin_1_54_00162	cds	contig_5	57191	0.4149	27985	28545	+	27984	186	pth	aminoacyl-tRNA hydrolase	no	pth	en_familia	41	0.9762	core	core	no	no	no
bin_1_54	bin-1-54	bin_1_54_00163	cds	contig_5	57191	0.4149	28651	28881	+	28310	76	yabK	Peptide ABC transporter permease	no	yabK	en_familia	41	0.9762	core	core	no	no	no
bin_1_54	bin-1-54	bin_1_54_00164	cds	contig_5	57191	0.4149	29037	32573	+	24618	1178	mfd	transcription-repair coupling factor	no	mfd	en_familia	41	0.9762	core	core	no	no	no
bin_1_54	bin-1-54	bin_1_54_00165	cds	contig_5	57191	0.4149	32761	33297	+	23894	178	spoVT	stage V sporulation protein T	no	group_13606	en_familia	41	0.9762	core	core	no	no	no
bin_1_54	bin-1-54	bin_1_54_00166	cds	contig_5	57191	0.4149	33520	35142	+	22049	540		Polysaccharide biosynthesis protein C-terminal domain-containing protein	no	group_2484	en_familia	41	0.9762	core	core	no	no	no
bin_1_54	bin-1-54	bin_1_54_00167	cds	contig_5	57191	0.4149	35135	36607	+	20584	490	mazG	nucleoside triphosphate pyrophosphohydrolase	no	group_14093	en_familia	41	0.9762	core	core	no	no	no
bin_1_54	bin-1-54	bin_1_54_00168	cds	contig_5	57191	0.4149	36625	36894	+	20297	89	hslR	RNA-binding S4 domain-containing protein	no	hslR	en_familia	41	0.9762	core	core	no	no	no
bin_1_54	bin-1-54	bin_1_54_00169	cds	contig_5	57191	0.4149	36971	37279	+	19912	102	yabP	sporulation protein YabP	no	yabP	en_familia	41	0.9762	core	core	no	no	no
bin_1_54	bin-1-54	bin_1_54_00170	cds	contig_5	57191	0.4149	37276	37908	+	19283	210	yabQ	spore cortex biosynthesis protein YabQ	no	yabQ	en_familia	41	0.9762	core	core	no	no	no
bin_1_54	bin-1-54	bin_1_54_00171	cds	contig_5	57191	0.4149	37922	38308	+	18883	128		Cell division protein DivIC	no	group_1709	en_familia	41	0.9762	core	core	no	no	no
bin_1_54	bin-1-54	bin_1_54_00172	cds	contig_5	57191	0.4149	38390	38845	+	18346	151		S1 domain-containing RNA-binding protein	no	group_14556	en_familia	41	0.9762	core	core	no	no	no
bin_1_54	bin-1-54	bin_1_54_00175	cds	contig_5	57191	0.4149	39528	41978	+	15213	816	spoIIE	stage II sporulation protein E	no	spoIIE	en_familia	41	0.9762	core	core	no	no	no
bin_1_54	bin-1-54	bin_1_54_00176	cds	contig_5	57191	0.4149	42170	42907	+	14284	245	yfbK	VWFA domain-containing protein	no	yfbK	en_familia	41	0.9762	core	core	no	no	no
bin_1_54	bin-1-54	bin_1_54_00177	cds	contig_5	57191	0.4149	42873	43871	+	13320	332	yabT	Serine/threonine-protein kinase YabT	no	yabT	en_familia	41	0.9762	core	core	no	no	no
bin_1_54	bin-1-54	bin_1_54_00178	cds	contig_5	57191	0.4149	43965	45359	+	11832	464		tRNA(Ile)-lysidine synthase	no	group_2704	en_familia	41	0.9762	core	core	no	no	no
bin_1_54	bin-1-54	bin_1_54_00179	cds	contig_5	57191	0.4149	45385	45930	+	11261	181	hpt	hypoxanthine phosphoribosyltransferase	no	hpt	en_familia	41	0.9762	core	core	no	no	no
bin_1_54	bin-1-54	bin_1_54_00180	cds	contig_5	57191	0.4149	46048	48108	+	9083	686	ftsH	ATP-dependent zinc metalloprotease FtsH	no	ftsH	en_familia	41	0.9762	core	core	no	no	no
bin_1_54	bin-1-54	bin_1_54_00181	cds	contig_5	57191	0.4149	48275	49054	+	8137	259	coaX	type III pantothenate kinase	no	coaX	en_familia	41	0.9762	core	core	no	no	no
bin_1_54	bin-1-54	bin_1_54_00182	cds	contig_5	57191	0.4149	49081	49962	+	7229	293	hslO	Hsp33 family molecular chaperone HslO	no	group_2156	en_familia	41	0.9762	core	core	no	no	no
bin_1_54	bin-1-54	bin_1_54_00183	cds	contig_5	57191	0.4149	49981	50877	+	6314	298		peptidylprolyl isomerase	no	group_1907	en_familia	41	0.9762	core	core	no	no	no
bin_1_54	bin-1-54	bin_1_54_00184	cds	contig_5	57191	0.4149	51008	51934	+	5257	308	cysK	cysteine synthase A	no	cysK	en_familia	41	0.9762	core	core	no	no	no
bin_1_54	bin-1-54	bin_1_54_00185	cds	contig_5	57191	0.4149	52098	52934	+	4257	278	folP	dihydropteroate synthase	no	folP	en_familia	41	0.9762	core	core	no	no	no
bin_1_54	bin-1-54	bin_1_54_00186	cds	contig_5	57191	0.4149	52936	53295	+	3896	119	folB	dihydroneopterin aldolase	no	folB	en_familia	41	0.9762	core	core	no	no	no
bin_1_54	bin-1-54	bin_1_54_00187	cds	contig_5	57191	0.4149	53298	53825	+	3366	175	folK	2-amino-4-hydroxy-6-hydroxymethyldihydropteridine diphosphokinase	no	folK	en_familia	41	0.9762	core	core	no	no	no
bin_1_54	bin-1-54	bin_1_54_00188	cds	contig_5	57191	0.4149	53777	53989	+	3202	70	hipB	HTH-type transcriptional regulator SinR	no	hipB	en_familia	41	0.9762	core	core	no	no	no
bin_1_54	bin-1-54	bin_1_54_00189	cds	contig_5	57191	0.4149	54014	55012	+	2179	332	dusB	tRNA dihydrouridine synthase DusB	no	dusB	en_familia	41	0.9762	core	core	no	no	no
bin_1_54	bin-1-54	bin_1_54_00190	cds	contig_5	57191	0.4149	55214	56698	+	493	494	lysS	lysine--tRNA ligase	no	lysS	en_familia	41	0.9762	core	core	no	no	no
bin_1_54	bin-1-54	bin_1_54_00192	cds	contig_6	15024	0.3956	390	1229	+	389	279	xerC	Recombinase XerC	no	group_12665	en_familia	42	1.0000	core	core	no	no	no
bin_1_54	bin-1-54	bin_1_54_00193	cds	contig_6	15024	0.3956	1447	4578	-	1446	1043	acrB	Swarming motility protein SwrC	no	group_3088	en_familia	42	1.0000	core	core	no	no	no
bin_1_54	bin-1-54	bin_1_54_00194	cds	contig_6	15024	0.3956	4768	5646	+	4767	292		Fatty acid metabolism regulator protein	no	group_667	en_familia	42	1.0000	core	core	no	no	no
bin_1_54	bin-1-54	bin_1_54_00195	cds	contig_6	15024	0.3956	5780	6673	+	5779	297	bmrU	Lipid kinase BmrU	no	group_4286	en_familia	42	1.0000	core	core	no	no	no
bin_1_54	bin-1-54	bin_1_54_00196	cds	contig_6	15024	0.3956	6802	7464	+	6801	220		Yip1 domain-containing protein	no	group_5715	en_familia	42	1.0000	core	core	no	no	no
bin_1_54	bin-1-54	bin_1_54_00197	cds	contig_6	15024	0.3956	7479	8738	+	6286	419		Secretion protein, protein transporter	no	group_3964	en_familia	42	1.0000	core	core	no	no	no
bin_1_54	bin-1-54	bin_1_54_00198	cds	contig_6	15024	0.3956	9258	10520	+	4504	420	gltP	Proton/sodium-glutamate symport protein	no	group_4820	en_familia	41	0.9762	core	core	no	no	no
bin_1_54	bin-1-54	bin_1_54_00199	cds	contig_6	15024	0.3956	11049	11831	+	3193	260		Oxalate:formate antiporter	no	group_1662	en_familia	41	0.9762	core	core	no	no	no
bin_1_54	bin-1-54	bin_1_54_00201	cds	contig_6	15024	0.3956	12235	13317	+	1707	360	ddlA	D-alanine--D-alanine ligase	no	ddlA	en_familia	41	0.9762	core	core	no	no	no
bin_1_54	bin-1-54	bin_1_54_00202	cds	contig_6	15024	0.3956	13470	14852	+	172	460		UDP-N-acetylmuramoyl-tripeptide--D-alanyl-D-alanine ligase	no	group_1660	en_familia	41	0.9762	core	core	no	no	no
bin_1_54	bin-1-54	bin_1_54_00203	cds	contig_7	67843	0.4287	613	822	-	612	69		Transposase	no	group_8382	en_familia	14	0.3333	shell	shell	si	no	no
bin_1_54	bin-1-54	bin_1_54_00204	cds	contig_7	67843	0.4287	887	1354	+	886	155		site-specific DNA-methyltransferase (adenine-specific)	no	group_14465	en_familia	1	0.0238	cloud	cloud	si	si	no
bin_1_54	bin-1-54	bin_1_54_00205	cds	contig_7	67843	0.4287	1354	1536	+	1353	60		Restriction modification system DNA specificity domain-containing protein	no	group_9952	en_familia	1	0.0238	cloud	cloud	si	si	no
bin_1_54	bin-1-54	bin_1_54_00206	cds	contig_7	67843	0.4287	1533	2063	+	1532	176		Restriction modification system DNA specificity domain-containing protein	no	group_13696	en_familia	1	0.0238	cloud	cloud	si	si	no
bin_1_54	bin-1-54	bin_1_54_00207	cds	contig_7	67843	0.4287	2119	2784	+	2118	221		Restriction modification system DNA specificity domain-containing protein	no	group_12218	en_familia	1	0.0238	cloud	cloud	si	si	no
bin_1_54	bin-1-54	bin_1_54_00209	cds	contig_7	67843	0.4287	3371	3571	+	3370	66	marR	MarR family transcriptional regulator	no	group_2305	en_familia	42	1.0000	core	core	no	no	no
bin_1_54	bin-1-54	bin_1_54_00210	cds	contig_7	67843	0.4287	4045	4296	-	4044	83		hypothetical protein	no	group_5115	en_familia	23	0.5476	shell	shell	si	no	no
bin_1_54	bin-1-54	bin_1_54_00211	cds	contig_7	67843	0.4287	4583	5323	+	4582	246		DUF2087 domain-containing protein	no	group_3460	en_familia	42	1.0000	core	core	no	no	no
bin_1_54	bin-1-54	bin_1_54_00212	cds	contig_7	67843	0.4287	5342	5704	+	5341	120		GIY-YIG domain-containing protein	no	group_5521	en_familia	42	1.0000	core	core	no	no	no
bin_1_54	bin-1-54	bin_1_54_00213	cds	contig_7	67843	0.4287	5846	6124	+	5845	92		Membrane protein containing an internal histidine kinase domain protein	no	group_5287	en_familia	39	0.9286	shell	core	si	no	no
bin_1_54	bin-1-54	bin_1_54_00214	cds	contig_7	67843	0.4287	6305	6478	+	6304	57		DUF5325 domain-containing protein	no	group_5595	en_familia	42	1.0000	core	core	no	no	no
bin_1_54	bin-1-54	bin_1_54_00215	cds	contig_7	67843	0.4287	6537	6875	+	6536	112		DUF202 domain-containing protein	no	group_3606	en_familia	42	1.0000	core	core	no	no	no
bin_1_54	bin-1-54	bin_1_54_00216	cds	contig_7	67843	0.4287	7593	7868	+	7592	91		N-acetyltransferase domain-containing protein	no	group_14046	en_familia	42	1.0000	core	core	no	no	no
bin_1_54	bin-1-54	bin_1_54_00217	cds	contig_7	67843	0.4287	8016	8528	+	8015	170	cwlK	Peptidoglycan L-alanyl-D-glutamate endopeptidase CwlK	no	cwlK	en_familia	42	1.0000	core	core	no	no	no
bin_1_54	bin-1-54	bin_1_54_00218	cds	contig_7	67843	0.4287	9184	10899	+	9183	571	ilvB	acetolactate synthase large subunit	no	ilvB	en_familia	42	1.0000	core	core	no	no	no
bin_1_54	bin-1-54	bin_1_54_00219	cds	contig_7	67843	0.4287	10903	11415	+	10902	170	ilvN	acetolactate synthase small subunit	no	ilvN	en_familia	42	1.0000	core	core	no	no	no
bin_1_54	bin-1-54	bin_1_54_00220	cds	contig_7	67843	0.4287	11463	12491	+	11462	342	ilvC	ketol-acid reductoisomerase	no	ilvC	en_familia	42	1.0000	core	core	no	no	no
bin_1_54	bin-1-54	bin_1_54_00221	cds	contig_7	67843	0.4287	12478	14013	+	12477	511	leuA	2-isopropylmalate synthase	no	group_1648	en_familia	42	1.0000	core	core	no	no	no
bin_1_54	bin-1-54	bin_1_54_00222	cds	contig_7	67843	0.4287	14029	15141	+	14028	370	leuB	3-isopropylmalate dehydrogenase	no	leuB	en_familia	42	1.0000	core	core	no	no	no
bin_1_54	bin-1-54	bin_1_54_00223	cds	contig_7	67843	0.4287	15213	16622	+	15212	469	leuC	3-isopropylmalate dehydratase large subunit	no	leuC	en_familia	42	1.0000	core	core	no	no	no
bin_1_54	bin-1-54	bin_1_54_00224	cds	contig_7	67843	0.4287	16651	17250	+	16650	199	leuD	3-isopropylmalate dehydratase small subunit	no	leuD	en_familia	42	1.0000	core	core	no	no	no
bin_1_54	bin-1-54	bin_1_54_00225	cds	contig_7	67843	0.4287	17416	18450	+	17415	344		Hydrolase	no	group_1351	en_familia	42	1.0000	core	core	no	no	no
bin_1_54	bin-1-54	bin_1_54_00226	cds	contig_7	67843	0.4287	18635	19927	+	18634	430	tig	trigger factor	no	tig	en_familia	42	1.0000	core	core	no	no	no
bin_1_54	bin-1-54	bin_1_54_00227	cds	contig_7	67843	0.4287	20358	21626	+	20357	422	clpX	ATP-dependent protease ATP-binding subunit ClpX	no	clpX	en_familia	42	1.0000	core	core	no	no	no
bin_1_54	bin-1-54	bin_1_54_00228	cds	contig_7	67843	0.4287	22030	23700	+	22029	556	lonB	ATP-dependent protease LonB	no	lonB	en_familia	42	1.0000	core	core	no	no	no
bin_1_54	bin-1-54	bin_1_54_00229	cds	contig_7	67843	0.4287	23956	26277	+	23955	773	lon	endopeptidase La	no	lon	en_familia	42	1.0000	core	core	no	no	no
bin_1_54	bin-1-54	bin_1_54_00230	cds	contig_7	67843	0.4287	26274	26855	+	26273	193	yihA	ribosome biogenesis GTP-binding protein YihA/YsxC	no	yihA	en_familia	42	1.0000	core	core	no	no	no
bin_1_54	bin-1-54	bin_1_54_00231	cds	contig_7	67843	0.4287	26912	27394	-	26911	160	liaF	LiaF transmembrane domain-containing protein	no	liaF	en_familia	42	1.0000	core	core	no	no	no
bin_1_54	bin-1-54	bin_1_54_00232	cds	contig_7	67843	0.4287	27648	28994	+	27647	448	hemA	glutamyl-tRNA reductase	no	hemA	en_familia	42	1.0000	core	core	no	no	no
bin_1_54	bin-1-54	bin_1_54_00233	cds	contig_7	67843	0.4287	29005	29835	+	29004	276	ccmC	Cytochrome c biogenesis protein CcsA	no	ccmC	en_familia	42	1.0000	core	core	no	no	no
bin_1_54	bin-1-54	bin_1_54_00234	cds	contig_7	67843	0.4287	29845	30777	+	29844	310	hemC	hydroxymethylbilane synthase	no	hemC	en_familia	42	1.0000	core	core	no	no	no
bin_1_54	bin-1-54	bin_1_54_00235	cds	contig_7	67843	0.4287	30777	31574	+	30776	265		Uroporphyrinogen-III synthase	no	group_1786	en_familia	42	1.0000	core	core	no	no	no
bin_1_54	bin-1-54	bin_1_54_00236	cds	contig_7	67843	0.4287	31571	32563	+	31570	330	hemB	porphobilinogen synthase	no	hemB	en_familia	42	1.0000	core	core	no	no	no
bin_1_54	bin-1-54	bin_1_54_00237	cds	contig_7	67843	0.4287	32604	33893	+	32603	429	hemL	glutamate-1-semialdehyde 2,1-aminomutase	no	group_3656	en_familia	42	1.0000	core	core	no	no	no
bin_1_54	bin-1-54	bin_1_54_00238	cds	contig_7	67843	0.4287	34247	35650	+	32193	467	spoVID	stage VI sporulation protein D	no	spoVID	en_familia	42	1.0000	core	core	no	no	no
bin_1_54	bin-1-54	bin_1_54_00239	cds	contig_7	67843	0.4287	35746	36816	+	31027	356	ysxE	spore coat protein YsxE	no	ysxE	en_familia	42	1.0000	core	core	no	no	no
bin_1_54	bin-1-54	bin_1_54_00240	cds	contig_7	67843	0.4287	37562	40213	+	27630	883	valS	valine--tRNA ligase	no	valS	en_familia	42	1.0000	core	core	no	no	no
bin_1_54	bin-1-54	bin_1_54_00241	cds	contig_7	67843	0.4287	40270	41115	-	26728	281		ATP-grasp domain-containing protein	no	group_3306	en_familia	42	1.0000	core	core	no	no	no
bin_1_54	bin-1-54	bin_1_54_00242	cds	contig_7	67843	0.4287	41084	42025	-	25818	313		Ribosomal protein S6--L-glutamate ligase	no	group_3098	en_familia	42	1.0000	core	core	no	no	no
bin_1_54	bin-1-54	bin_1_54_00243	cds	contig_7	67843	0.4287	42124	43413	+	24430	429		tetrahydrofolate synthase	no	group_5388	en_familia	42	1.0000	core	core	no	no	no
bin_1_54	bin-1-54	bin_1_54_00244	cds	contig_7	67843	0.4287	44000	44752	+	23091	250		Type 4 prepilin-like proteins leader peptide-processing enzyme	no	group_5487	en_familia	42	1.0000	core	core	no	no	no
bin_1_54	bin-1-54	bin_1_54_00245	cds	contig_7	67843	0.4287	45061	46026	+	21817	321		SPOR domain-containing protein	no	group_3340	en_familia	42	1.0000	core	core	no	no	no
bin_1_54	bin-1-54	bin_1_54_00246	cds	contig_7	67843	0.4287	46049	46174	+	21669	41		Transposase	no	group_13394	en_familia	39	0.9286	shell	core	si	no	no
bin_1_54	bin-1-54	bin_1_54_00247	cds	contig_7	67843	0.4287	46215	46784	+	21059	189		dTTP/UTP pyrophosphatase	no	group_2288	en_familia	42	1.0000	core	core	no	no	no
bin_1_54	bin-1-54	bin_1_54_00248	cds	contig_7	67843	0.4287	46844	47518	+	20325	224	radC	DNA repair protein RadC	no	group_5109	en_familia	42	1.0000	core	core	no	no	no
bin_1_54	bin-1-54	bin_1_54_00249	cds	contig_7	67843	0.4287	47667	48686	+	19157	339	mreB	Cell shape-determining protein MreB	no	mreB	en_familia	42	1.0000	core	core	no	no	no
bin_1_54	bin-1-54	bin_1_54_00250	cds	contig_7	67843	0.4287	48823	49695	+	18148	290	mreC	rod shape-determining protein MreC	no	mreC	en_familia	42	1.0000	core	core	no	no	no
bin_1_54	bin-1-54	bin_1_54_00251	cds	contig_7	67843	0.4287	49692	50210	+	17633	172	mreD	rod shape-determining protein MreD	no	mreD	en_familia	42	1.0000	core	core	no	no	no
bin_1_54	bin-1-54	bin_1_54_00252	cds	contig_7	67843	0.4287	50241	50330	+	17513	29		hypothetical protein	no	group_13718	en_familia	42	1.0000	core	core	no	no	no
bin_1_54	bin-1-54	bin_1_54_00253	cds	contig_7	67843	0.4287	50327	51010	+	16833	227	minC	septum site-determining protein MinC	no	minC	en_familia	42	1.0000	core	core	no	no	no
bin_1_54	bin-1-54	bin_1_54_00254	cds	contig_7	67843	0.4287	51013	51816	+	16027	267	minD	septum site-determining protein MinD	no	minD	en_familia	42	1.0000	core	core	no	no	no
bin_1_54	bin-1-54	bin_1_54_00255	cds	contig_7	67843	0.4287	51945	52388	-	15455	147	yabR	S1 domain-containing RNA-binding protein	no	yabR	en_familia	42	1.0000	core	core	no	no	no
bin_1_54	bin-1-54	bin_1_54_00256	cds	contig_7	67843	0.4287	52646	53395	+	14448	249		Stage IV sporulation protein FA	no	spoIVFA	en_familia	42	1.0000	core	core	no	no	no
bin_1_54	bin-1-54	bin_1_54_00257	cds	contig_7	67843	0.4287	53388	54254	+	13589	288		Stage IV sporulation protein FB	no	group_12906	en_familia	42	1.0000	core	core	no	no	no
bin_1_54	bin-1-54	bin_1_54_00258	cds	contig_7	67843	0.4287	54297	55769	+	12074	490		S1 motif domain-containing protein	no	group_14078	en_familia	42	1.0000	core	core	no	no	no
bin_1_54	bin-1-54	bin_1_54_00259	cds	contig_7	67843	0.4287	55942	56250	+	11593	102	rplU	50S ribosomal protein L21	no	rplU	en_familia	42	1.0000	core	core	no	no	no
bin_1_54	bin-1-54	bin_1_54_00260	cds	contig_7	67843	0.4287	56264	56596	+	11247	110	ysxB	ribosomal-processing cysteine protease Prp	no	ysxB	en_familia	42	1.0000	core	core	no	no	no
bin_1_54	bin-1-54	bin_1_54_00261	cds	contig_7	67843	0.4287	56609	56899	+	10944	96	rpmA	50S ribosomal protein L27	no	rpmA	en_familia	42	1.0000	core	core	no	no	no
bin_1_54	bin-1-54	bin_1_54_00262	cds	contig_7	67843	0.4287	57437	57976	+	9867	179		Sporulation initiation phosphotransferase B C-terminal domain-containing protein	no	group_13067	en_familia	42	1.0000	core	core	no	no	no
bin_1_54	bin-1-54	bin_1_54_00263	cds	contig_7	67843	0.4287	58025	59314	+	8529	429	obgE	GTPase ObgE	no	obgE	en_familia	42	1.0000	core	core	no	no	no
bin_1_54	bin-1-54	bin_1_54_00264	cds	contig_7	67843	0.4287	59355	59804	+	8039	149	pheB	ACT domain-containing protein	no	pheB	en_familia	42	1.0000	core	core	no	no	no
bin_1_54	bin-1-54	bin_1_54_00265	cds	contig_7	67843	0.4287	60313	61188	+	6655	291	pheA	prephenate dehydratase	no	pheA	en_familia	42	1.0000	core	core	no	no	no
bin_1_54	bin-1-54	bin_1_54_00266	cds	contig_7	67843	0.4287	61505	62203	+	5640	232		DUF6944 domain-containing protein	no	group_1997	en_familia	42	1.0000	core	core	no	no	no
bin_1_54	bin-1-54	bin_1_54_00267	cds	contig_7	67843	0.4287	62257	62787	-	5056	176	nadR	Transcription repressor NadR	no	nadR	en_familia	42	1.0000	core	core	no	no	no
bin_1_54	bin-1-54	bin_1_54_00268	cds	contig_7	67843	0.4287	62837	63964	-	3879	375		Aminotransferase class V domain-containing protein	no	group_3286	en_familia	42	1.0000	core	core	no	no	no
bin_1_54	bin-1-54	bin_1_54_00269	cds	contig_7	67843	0.4287	64068	65651	+	2192	527	nadB	L-aspartate oxidase	no	nadB	en_familia	42	1.0000	core	core	no	no	no
bin_1_54	bin-1-54	bin_1_54_00270	cds	contig_7	67843	0.4287	65632	66483	+	1360	283	nadC	carboxylating nicotinate-nucleotide diphosphorylase	no	nadC	en_familia	42	1.0000	core	core	no	no	no
bin_1_54	bin-1-54	bin_1_54_00271	cds	contig_7	67843	0.4287	66480	67586	+	257	368	nadA	quinolinate synthase NadA	no	nadA	en_familia	42	1.0000	core	core	no	no	no
bin_1_54	bin-1-54	bin_1_54_00272	cds	contig_8	50560	0.3952	1017	1643	+	1016	208		Chloramphenicol acetyltransferase	no	catA	en_familia	40	0.9524	core	core	no	no	no
bin_1_54	bin-1-54	bin_1_54_00273	cds	contig_8	50560	0.3952	2363	3820	-	2362	485	nisP	Nisin leader peptide-processing serine protease NisP	no	nisP	en_familia	41	0.9762	core	core	no	no	no
bin_1_54	bin-1-54	bin_1_54_00274	cds	contig_8	50560	0.3952	4082	4315	+	4081	77		Cyclase	no	group_5424	en_familia	39	0.9286	shell	core	si	no	no
bin_1_54	bin-1-54	bin_1_54_00275	cds	contig_8	50560	0.3952	4514	5071	+	4513	185	pncA	Streptothricin hydrolase	no	group_5702	en_familia	24	0.5714	shell	shell	si	no	no
bin_1_54	bin-1-54	bin_1_54_00276	cds	contig_8	50560	0.3952	5466	6821	+	5465	451		Cation transporter	no	group_3927	en_familia	25	0.5952	shell	shell	si	no	no
bin_1_54	bin-1-54	bin_1_54_00277	cds	contig_8	50560	0.3952	6992	7732	+	6991	246	map	type I methionyl aminopeptidase	no	map	en_familia	41	0.9762	core	core	no	no	no
bin_1_54	bin-1-54	bin_1_54_00278	cds	contig_8	50560	0.3952	8081	8701	-	8080	206		Membrane protein	no	group_5655	en_familia	38	0.9048	shell	core	si	no	no
bin_1_54	bin-1-54	bin_1_54_00279	cds	contig_8	50560	0.3952	8752	9327	-	8751	191		Pyridoxamine 5'-phosphate oxidase family protein	no	group_6277	en_familia	41	0.9762	core	core	no	no	no
bin_1_54	bin-1-54	bin_1_54_00280	cds	contig_8	50560	0.3952	9577	10818	+	9576	413		Oleandomycin glycosyltransferase	no	group_6506	en_familia	41	0.9762	core	core	no	no	no
bin_1_54	bin-1-54	bin_1_54_00281	cds	contig_8	50560	0.3952	10949	11593	+	10948	214		Peptidase E	no	group_6262	en_familia	38	0.9048	shell	core	si	no	no
bin_1_54	bin-1-54	bin_1_54_00282	cds	contig_8	50560	0.3952	11689	12000	+	11688	103		DUF3888 domain-containing protein	no	group_6507	en_familia	41	0.9762	core	core	no	no	no
bin_1_54	bin-1-54	bin_1_54_00283	cds	contig_8	50560	0.3952	12023	12520	+	12022	165		Activator of Hsp90 ATPase-like ue 1/2-like C-terminal domain-containing protein	no	group_6293	en_familia	32	0.7619	shell	shell	si	no	no
bin_1_54	bin-1-54	bin_1_54_00284	cds	contig_8	50560	0.3952	13462	14361	+	13461	299	eamA	EamA domain-containing protein	no	group_5754	en_familia	37	0.8810	shell	shell	si	no	no
bin_1_54	bin-1-54	bin_1_54_00285	cds	contig_8	50560	0.3952	14388	14807	+	14387	139		VOC domain-containing protein	no	group_4061	en_familia	41	0.9762	core	core	no	no	no
bin_1_54	bin-1-54	bin_1_54_00286	cds	contig_8	50560	0.3952	14860	15726	-	14859	288		General stress protein 39	no	group_14484	en_familia	18	0.4286	shell	shell	si	no	no
bin_1_54	bin-1-54	bin_1_54_00287	cds	contig_8	50560	0.3952	15896	16330	+	15895	144		GNAT family N-acetyltransferase	no	group_3829	en_familia	17	0.4048	shell	shell	si	no	no
bin_1_54	bin-1-54	bin_1_54_00288	cds	contig_8	50560	0.3952	16971	17234	+	16970	87		hypothetical protein	no	group_296	en_familia	41	0.9762	core	core	no	no	no
bin_1_54	bin-1-54	bin_1_54_00289	cds	contig_8	50560	0.3952	17298	17495	+	17297	65		hypothetical protein	no	group_4059	en_familia	41	0.9762	core	core	no	no	no
bin_1_54	bin-1-54	bin_1_54_00290	cds	contig_8	50560	0.3952	17673	18023	-	17672	116	hepT	type VII toxin-antitoxin system HepT family RNase toxin	no	group_5753	en_familia	6	0.1429	cloud	cloud	si	si	no
bin_1_54	bin-1-54	bin_1_54_00291	cds	contig_8	50560	0.3952	18001	18408	-	18000	135	mntA	type VII toxin-antitoxin system MntA family adenylyltransferase antitoxin	no	group_5477	en_familia	6	0.1429	cloud	cloud	si	si	no
bin_1_54	bin-1-54	bin_1_54_00292	cds	contig_8	50560	0.3952	18672	19676	+	18671	334		Aminoglycoside phosphotransferase domain-containing protein	no	group_3317	en_familia	41	0.9762	core	core	no	no	no
bin_1_54	bin-1-54	bin_1_54_00293	cds	contig_8	50560	0.3952	19688	20221	+	19687	177		Spermidine N(1)-acetyltransferase	no	group_2117	en_familia	41	0.9762	core	core	no	no	no
bin_1_54	bin-1-54	bin_1_54_00294	cds	contig_8	50560	0.3952	20315	21112	-	20314	265		Peptidoglycan-binding protein	no	group_7386	en_familia	41	0.9762	core	core	no	no	no
bin_1_54	bin-1-54	bin_1_54_00295	cds	contig_8	50560	0.3952	21403	22056	+	21402	217		Phosphorylated carbohydrates phosphatase TM_1254	no	group_2525	en_familia	41	0.9762	core	core	no	no	no
bin_1_54	bin-1-54	bin_1_54_00296	cds	contig_8	50560	0.3952	22170	22664	+	22169	164		N-acetyltransferase domain-containing protein	no	group_5214	en_familia	41	0.9762	core	core	no	no	no
bin_1_54	bin-1-54	bin_1_54_00297	cds	contig_8	50560	0.3952	22714	22956	+	22713	80		DUF4321 domain-containing protein	no	group_3355	en_familia	40	0.9524	core	core	no	no	no
bin_1_54	bin-1-54	bin_1_54_00298	cds	contig_8	50560	0.3952	23103	24035	+	23102	310	rbbA	ABC transporter ATP-binding protein YxlF	no	group_13409	en_familia	41	0.9762	core	core	no	no	no
bin_1_54	bin-1-54	bin_1_54_00299	cds	contig_8	50560	0.3952	24032	24988	+	24031	318		ABC transporter permease	no	group_14467	en_familia	41	0.9762	core	core	no	no	no
bin_1_54	bin-1-54	bin_1_54_00300	cds	contig_8	50560	0.3952	25140	25295	+	25139	51		hypothetical protein	no	group_3817	en_familia	35	0.8333	shell	shell	si	no	no
bin_1_54	bin-1-54	bin_1_54_00301	cds	contig_8	50560	0.3952	25376	25918	+	24642	180		PI-PLC Y-box domain-containing protein	no	group_9504	en_familia	41	0.9762	core	core	no	no	no
bin_1_54	bin-1-54	bin_1_54_00302	cds	contig_8	50560	0.3952	26505	32552	+	18008	2015		Cell wall-associated protein	no	group_7	en_familia	1	0.0238	cloud	cloud	si	si	no
bin_1_54	bin-1-54	bin_1_54_00303	cds	contig_8	50560	0.3952	32569	33558	+	17002	329		Prolow-density lipoprotein receptor-related protein 1-like beta-propeller domain-containing protein	no	group_4076	en_familia	3	0.0714	cloud	cloud	si	si	no
bin_1_54	bin-1-54	bin_1_54_00304	cds	contig_8	50560	0.3952	34131	34271	+	16289	46	ypzJ	Nucleic acid-binding protein	no	ypzJ	en_familia	41	0.9762	core	core	no	no	no
bin_1_54	bin-1-54	bin_1_54_00305	cds	contig_8	50560	0.3952	34401	35267	-	15293	288	lysR	LysR family transcriptional regulator	no	group_2908	en_familia	35	0.8333	shell	shell	si	no	no
bin_1_54	bin-1-54	bin_1_54_00306	cds	contig_8	50560	0.3952	35404	36534	+	14026	376		NADH oxidase	no	group_2021	en_familia	37	0.8810	shell	shell	si	no	no
bin_1_54	bin-1-54	bin_1_54_00307	cds	contig_8	50560	0.3952	36578	37474	+	13086	298	eamA	EamA domain-containing protein	no	group_4993	en_familia	41	0.9762	core	core	no	no	no
bin_1_54	bin-1-54	bin_1_54_00308	cds	contig_8	50560	0.3952	37499	38989	-	11571	496	lysM	LysM peptidoglycan-binding domain-containing protein	no	lysM~~~sleL	en_familia	41	0.9762	core	core	no	no	no
bin_1_54	bin-1-54	bin_1_54_00309	cds	contig_8	50560	0.3952	39179	39688	+	10872	169		Nuclease inhibitor	no	group_3378	en_familia	41	0.9762	core	core	no	no	no
bin_1_54	bin-1-54	bin_1_54_00310	cds	contig_8	50560	0.3952	39957	40988	+	9572	343		Fatty acid desaturase	no	group_7567	en_familia	41	0.9762	core	core	no	no	no
bin_1_54	bin-1-54	bin_1_54_00311	cds	contig_8	50560	0.3952	41082	41624	+	8936	180		DNA-binding response regulator	no	group_855	en_familia	41	0.9762	core	core	no	no	no
bin_1_54	bin-1-54	bin_1_54_00312	cds	contig_8	50560	0.3952	41951	43624	+	6936	557	argS	arginine--tRNA ligase	no	argS	en_familia	41	0.9762	core	core	no	no	no
bin_1_54	bin-1-54	bin_1_54_00313	cds	contig_8	50560	0.3952	43709	43885	-	6675	58		hypothetical protein	no	group_858	en_familia	28	0.6667	shell	shell	si	no	no
bin_1_54	bin-1-54	bin_1_54_00314	cds	contig_8	50560	0.3952	43921	44127	-	6433	68		hypothetical protein	no	group_858	en_familia	28	0.6667	shell	shell	si	no	no
bin_1_54	bin-1-54	bin_1_54_00315	cds	contig_8	50560	0.3952	44368	45405	+	5155	345	purR	LacI family transcriptional regulator	no	group_13632	en_familia	27	0.6429	shell	shell	si	no	no
bin_1_54	bin-1-54	bin_1_54_00316	cds	contig_8	50560	0.3952	45478	46248	+	4312	256		Xylose isomerase domain-containing protein	no	group_3448	en_familia	27	0.6429	shell	shell	si	no	no
bin_1_54	bin-1-54	bin_1_54_00317	cds	contig_8	50560	0.3952	46235	47206	+	3354	323		2-dehydro-3-deoxygluconokinase	no	group_1360	en_familia	27	0.6429	shell	shell	si	no	no
bin_1_54	bin-1-54	bin_1_54_00318	cds	contig_8	50560	0.3952	47188	48471	+	2089	427	uhpC	2-ketogluconate transporter	no	group_7988	en_familia	28	0.6667	shell	shell	si	no	no
bin_1_54	bin-1-54	bin_1_54_00319	cds	contig_8	50560	0.3952	48468	49100	+	1460	210		3-hexulose-6-phosphate synthase	no	group_1361	en_familia	28	0.6667	shell	shell	si	no	no
bin_1_54	bin-1-54	bin_1_54_00320	cds	contig_8	50560	0.3952	49103	49648	+	912	181		6-phospho-3-hexuloisomerase	no	group_4662	en_familia	28	0.6667	shell	shell	si	no	no
bin_1_54	bin-1-54	bin_1_54_00321	cds	contig_8	50560	0.3952	49762	50472	-	88	236		NAD(P)/FAD-dependent oxidoreductase	no	group_6439	en_familia	33	0.7857	shell	shell	si	no	no
bin_1_54	bin-1-54	bin_1_54_00322	cds	contig_9	22832	0.4009	226	414	-	225	62		YhzD-like protein	no	group_13434	en_familia	42	1.0000	core	core	no	no	no
bin_1_54	bin-1-54	bin_1_54_00323	cds	contig_9	22832	0.4009	724	1647	+	723	307	cysK	cysteine synthase A	no	group_9113	en_familia	42	1.0000	core	core	no	no	no
bin_1_54	bin-1-54	bin_1_54_00324	cds	contig_9	22832	0.4009	1815	3026	+	1814	403		Calcineurin-like phosphoesterase domain-containing protein	no	group_1918	en_familia	42	1.0000	core	core	no	no	no
bin_1_54	bin-1-54	bin_1_54_00325	cds	contig_9	22832	0.4009	3048	6068	+	3047	1006	yhaN	Uncharacterized protein YhaN AAA domain-containing protein	no	yhaN	en_familia	42	1.0000	core	core	no	no	no
bin_1_54	bin-1-54	bin_1_54_00326	cds	contig_9	22832	0.4009	6104	6517	+	6103	137	irrE	IrrE N-terminal-like domain-containing protein	no	irrE	en_familia	42	1.0000	core	core	no	no	no
bin_1_54	bin-1-54	bin_1_54_00327	cds	contig_9	22832	0.4009	6712	6813	+	6711	33		hypothetical protein	no	group_11779	en_familia	7	0.1667	shell	shell	si	no	no
bin_1_54	bin-1-54	bin_1_54_00328	cds	contig_9	22832	0.4009	6829	7653	+	6828	274	fepC	Siderophore transport system ATP-binding protein YusV	no	group_13966	en_familia	42	1.0000	core	core	no	no	no
bin_1_54	bin-1-54	bin_1_54_00329	cds	contig_9	22832	0.4009	7646	8344	+	7645	232		Ferric siderophore reductase C-terminal domain-containing protein	no	group_3580	en_familia	42	1.0000	core	core	no	no	no
bin_1_54	bin-1-54	bin_1_54_00330	cds	contig_9	22832	0.4009	8523	9461	+	8522	312	yhaM	3'-5' exoribonuclease YhaM	no	yhaM	en_familia	42	1.0000	core	core	no	no	no
bin_1_54	bin-1-54	bin_1_54_00331	cds	contig_9	22832	0.4009	9561	9743	+	9560	60		SigE-dependent sporulation protein	no	group_3821	en_familia	42	1.0000	core	core	no	no	no
bin_1_54	bin-1-54	bin_1_54_00332	cds	contig_9	22832	0.4009	9799	10665	-	9798	288	surA	Foldase protein PrsA	no	surA	en_familia	42	1.0000	core	core	no	no	no
bin_1_54	bin-1-54	bin_1_54_00333	cds	contig_9	22832	0.4009	10863	10952	+	10862	29	yjcZ	YjcZ family sporulation protein	no	group_3822	en_familia	42	1.0000	core	core	no	no	no
bin_1_54	bin-1-54	bin_1_54_00334	sorf	contig_9	22832	0.4009	11138	11221	+	11137	27	yjcZ	YjcZ family sporulation protein	no	group_2948	en_familia	42	1.0000	core	core	no	no	no
bin_1_54	bin-1-54	bin_1_54_00335	cds	contig_9	22832	0.4009	11333	11515	-	11317	60		ATP synthase F0 subunit 8	no	group_9908	en_familia	42	1.0000	core	core	no	no	no
bin_1_54	bin-1-54	bin_1_54_00336	cds	contig_9	22832	0.4009	11624	12163	-	10669	179		Bacteriocin	no	group_14168	en_familia	42	1.0000	core	core	no	no	no
bin_1_54	bin-1-54	bin_1_54_00337	cds	contig_9	22832	0.4009	12405	12731	+	10101	108		DUF1878 domain-containing protein	no	group_3651	en_familia	42	1.0000	core	core	no	no	no
bin_1_54	bin-1-54	bin_1_54_00338	cds	contig_9	22832	0.4009	12734	13312	-	9520	192	marR	HTH-type transcriptional regulator Hpr	no	group_14569	en_familia	42	1.0000	core	core	no	no	no
bin_1_54	bin-1-54	bin_1_54_00339	cds	contig_9	22832	0.4009	13503	13865	-	8967	120		Gas vesicle protein	no	group_13824	en_familia	42	1.0000	core	core	no	no	no
bin_1_54	bin-1-54	bin_1_54_00340	cds	contig_9	22832	0.4009	14455	14973	-	7859	172		Tryptophan transport protein	no	group_13803	en_familia	42	1.0000	core	core	no	no	no
bin_1_54	bin-1-54	bin_1_54_00341	cds	contig_9	22832	0.4009	15100	16203	-	6629	367	serC	3-phosphoserine/phosphohydroxythreonine transaminase	no	serC	en_familia	42	1.0000	core	core	no	no	no
bin_1_54	bin-1-54	bin_1_54_00342	cds	contig_9	22832	0.4009	16424	16846	-	5986	140	hinT	HIT family protein	no	hinT	en_familia	42	1.0000	core	core	no	no	no
bin_1_54	bin-1-54	bin_1_54_00343	cds	contig_9	22832	0.4009	17506	18249	+	4583	247	rbbA	ABC transporter ATP-binding protein	no	group_11345	en_familia	42	1.0000	core	core	no	no	no
bin_1_54	bin-1-54	bin_1_54_00344	cds	contig_9	22832	0.4009	18242	19450	+	3382	402		ABC transporter permease	no	group_2225	en_familia	42	1.0000	core	core	no	no	no
bin_1_54	bin-1-54	bin_1_54_00345	cds	contig_9	22832	0.4009	19800	20507	+	2325	235	ecsC	EcsC family protein	no	group_5079	en_familia	42	1.0000	core	core	no	no	no
bin_1_54	bin-1-54	bin_1_54_00346	cds	contig_9	22832	0.4009	20536	21747	-	1085	403		N-acyl-L-amino acid amidohydrolase	no	group_6000	en_familia	42	1.0000	core	core	no	no	no
bin_1_54	bin-1-54	bin_1_54_00347	cds	contig_9	22832	0.4009	21841	22464	+	368	207		PA-phosphatase like phosphoesterase	no	group_4853	en_familia	40	0.9524	core	core	no	no	no
bin_1_54	bin-1-54	bin_1_54_00348	cds	contig_10	55833	0.3999	195	1208	-	194	337	cytR	HTH-type transcriptional repressor CytR	no	cytR	en_familia	25	0.5952	shell	shell	si	no	no
bin_1_54	bin-1-54	bin_1_54_00349	cds	contig_10	55833	0.3999	1276	2229	-	1275	317		Inosose dehydratase	no	group_4573	en_familia	25	0.5952	shell	shell	si	no	no
bin_1_54	bin-1-54	bin_1_54_00350	cds	contig_10	55833	0.3999	2272	3465	-	2271	397		Transporter, major facilitator family	no	yajR	en_familia	25	0.5952	shell	shell	si	no	no
bin_1_54	bin-1-54	bin_1_54_00351	cds	contig_10	55833	0.3999	3574	4428	-	3573	284	fba	class II fructose-1,6-bisphosphate aldolase	no	fba	en_familia	25	0.5952	shell	shell	si	no	no
bin_1_54	bin-1-54	bin_1_54_00352	cds	contig_10	55833	0.3999	4470	5315	-	4469	281	iolI	2-keto-myo-inositol isomerase	no	iolI	en_familia	25	0.5952	shell	shell	si	no	no
bin_1_54	bin-1-54	bin_1_54_00353	cds	contig_10	55833	0.3999	5320	6198	-	5319	292		Xylose isomerase-like TIM barrel domain-containing protein	no	group_9600	en_familia	25	0.5952	shell	shell	si	no	no
bin_1_54	bin-1-54	bin_1_54_00354	cds	contig_10	55833	0.3999	6245	7276	-	6244	343		Inositol 2-dehydrogenase/D-chiro-inositol 3-dehydrogenase	no	group_1201	en_familia	25	0.5952	shell	shell	si	no	no
bin_1_54	bin-1-54	bin_1_54_00355	cds	contig_10	55833	0.3999	7324	8715	-	7323	463	iolT	Major myo-inositol transporter IolT	no	iolT	en_familia	25	0.5952	shell	shell	si	no	no
bin_1_54	bin-1-54	bin_1_54_00356	cds	contig_10	55833	0.3999	8759	9646	-	8758	295	iolE	myo-inosose-2 dehydratase	no	iolE	en_familia	25	0.5952	shell	shell	si	no	no
bin_1_54	bin-1-54	bin_1_54_00357	cds	contig_10	55833	0.3999	9664	11574	-	9663	636	iolD	3D-(3,5/4)-trihydroxycyclohexane-1,2-dione acylhydrolase (decyclizing)	no	group_4361	en_familia	25	0.5952	shell	shell	si	no	no
bin_1_54	bin-1-54	bin_1_54_00358	cds	contig_10	55833	0.3999	11607	12584	-	11606	325		5-dehydro-2-deoxygluconokinase	no	group_796	en_familia	25	0.5952	shell	shell	si	no	no
bin_1_54	bin-1-54	bin_1_54_00359	cds	contig_10	55833	0.3999	12607	13422	-	12606	271	iolB	5-deoxy-glucuronate isomerase	no	iolB	en_familia	25	0.5952	shell	shell	si	no	no
bin_1_54	bin-1-54	bin_1_54_00360	cds	contig_10	55833	0.3999	13496	14965	-	13495	489		Malonate-semialdehyde dehydrogenase	no	group_4520	en_familia	25	0.5952	shell	shell	si	no	no
bin_1_54	bin-1-54	bin_1_54_00361	cds	contig_10	55833	0.3999	15825	16145	-	15824	106	hmoA	Heme-degrading monooxygenase HmoA	no	hmoA	en_familia	42	1.0000	core	core	no	no	no
bin_1_54	bin-1-54	bin_1_54_00362	cds	contig_10	55833	0.3999	16322	16450	-	16321	42		hypothetical protein	no	group_2956	en_familia	42	1.0000	core	core	no	no	no
bin_1_54	bin-1-54	bin_1_54_00363	cds	contig_10	55833	0.3999	16741	16920	-	16740	59		IDEAL domain-containing protein	no	group_10001	en_familia	42	1.0000	core	core	no	no	no
bin_1_54	bin-1-54	bin_1_54_00364	cds	contig_10	55833	0.3999	17387	18685	+	17386	432	yhjE	Inner membrane metabolite transport protein YhjE	no	yhjE	en_familia	42	1.0000	core	core	no	no	no
bin_1_54	bin-1-54	bin_1_54_00365	cds	contig_10	55833	0.3999	18778	19491	-	18777	237	yjjG	YjjG family noncanonical pyrimidine nucleotidase	no	yjjG	en_familia	42	1.0000	core	core	no	no	no
bin_1_54	bin-1-54	bin_1_54_00366	cds	contig_10	55833	0.3999	19566	19994	+	19565	142		PAS/PAC sensor protein	no	group_3520	en_familia	27	0.6429	shell	shell	si	no	no
bin_1_54	bin-1-54	bin_1_54_00367	cds	contig_10	55833	0.3999	20159	20881	-	20158	240	rsiW	Anti-sigma-W factor RsiW	no	rsiW	en_familia	42	1.0000	core	core	no	no	no
bin_1_54	bin-1-54	bin_1_54_00368	cds	contig_10	55833	0.3999	20882	21442	-	20881	186	rpoE	ECF RNA polymerase sigma factor SigK	no	rpoE	en_familia	42	1.0000	core	core	no	no	no
bin_1_54	bin-1-54	bin_1_54_00369	cds	contig_10	55833	0.3999	21515	21985	-	21514	156		Lipoprotein	no	group_5090	en_familia	42	1.0000	core	core	no	no	no
bin_1_54	bin-1-54	bin_1_54_00370	cds	contig_10	55833	0.3999	22007	22780	-	22006	257		Bacterial extracellular solute-binding protein	no	group_6076	en_familia	42	1.0000	core	core	no	no	no
bin_1_54	bin-1-54	bin_1_54_00371	cds	contig_10	55833	0.3999	23014	24120	-	23013	368	yndE	Spore germination protein YndE	no	group_6411	en_familia	42	1.0000	core	core	no	no	no
bin_1_54	bin-1-54	bin_1_54_00372	cds	contig_10	55833	0.3999	24306	25406	-	24305	366	yndE	Spore germination protein YndE	no	group_6537	en_familia	42	1.0000	core	core	no	no	no
bin_1_54	bin-1-54	bin_1_54_00373	cds	contig_10	55833	0.3999	25458	25679	-	25457	73	secE	Preprotein translocase subunit SecE	no	secE	en_familia	42	1.0000	core	core	no	no	no
bin_1_54	bin-1-54	bin_1_54_00374	cds	contig_10	55833	0.3999	25676	26869	-	25675	397		Spore germination protein B3	no	group_5884	en_familia	42	1.0000	core	core	no	no	no
bin_1_54	bin-1-54	bin_1_54_00375	cds	contig_10	55833	0.3999	26923	28500	-	26922	525		Spore germination protein	no	group_6338	en_familia	42	1.0000	core	core	no	no	no
bin_1_54	bin-1-54	bin_1_54_00376	cds	contig_10	55833	0.3999	28875	30941	+	24892	688		Na+/H+ antiporter	no	group_6371	en_familia	42	1.0000	core	core	no	no	no
bin_1_54	bin-1-54	bin_1_54_00377	cds	contig_10	55833	0.3999	31302	31700	-	24133	132		hypothetical protein	no	group_1413	en_familia	0	0.0000	exclusivo	exclusivo	no	no	si
bin_1_54	bin-1-54	bin_1_54_00378	cds	contig_10	55833	0.3999	31806	32216	-	23617	136		DUF3021 domain-containing protein	no	group_6479	en_familia	12	0.2857	shell	shell	si	no	no
bin_1_54	bin-1-54	bin_1_54_00379	cds	contig_10	55833	0.3999	32216	32671	-	23162	151		HTH LytTR-type domain-containing protein	no	group_6181	en_familia	34	0.8095	shell	shell	si	no	no
bin_1_54	bin-1-54	bin_1_54_00380	cds	contig_10	55833	0.3999	32672	32833	-	23000	53		hypothetical protein	no	group_3123	en_familia	6	0.1429	cloud	cloud	si	si	no
bin_1_54	bin-1-54	bin_1_54_00381	cds	contig_10	55833	0.3999	32870	33355	-	22478	161	paaI	PaaI family thioesterase	no	group_5983	en_familia	42	1.0000	core	core	no	no	no
bin_1_54	bin-1-54	bin_1_54_00382	cds	contig_10	55833	0.3999	33659	35449	-	20384	596		Glycosyltransferase	no	group_4757	en_familia	42	1.0000	core	core	no	no	no
bin_1_54	bin-1-54	bin_1_54_00383	cds	contig_10	55833	0.3999	35487	35810	-	20023	107		hypothetical protein	no	group_1507	en_familia	42	1.0000	core	core	no	no	no
bin_1_54	bin-1-54	bin_1_54_00384	cds	contig_10	55833	0.3999	35831	37015	-	18818	394	rfaB	Glycosyl transferase family 1 domain-containing protein	no	rfaB	en_familia	42	1.0000	core	core	no	no	no
bin_1_54	bin-1-54	bin_1_54_00385	cds	contig_10	55833	0.3999	37450	38286	+	17547	278		DUF155 domain-containing protein	no	group_1502	en_familia	42	1.0000	core	core	no	no	no
bin_1_54	bin-1-54	bin_1_54_00386	cds	contig_10	55833	0.3999	38453	38932	-	16901	159		Spermine/spermidine acetyltransferase	no	group_4758	en_familia	41	0.9762	core	core	no	no	no
bin_1_54	bin-1-54	bin_1_54_00387	cds	contig_10	55833	0.3999	39396	39974	-	15859	192		DUF1541 domain-containing protein	no	group_3814	en_familia	42	1.0000	core	core	no	no	no
bin_1_54	bin-1-54	bin_1_54_00388	cds	contig_10	55833	0.3999	40213	40836	-	14997	207		RiboL-PSP-HEPN domain-containing protein	no	group_5154	en_familia	42	1.0000	core	core	no	no	no
bin_1_54	bin-1-54	bin_1_54_00389	cds	contig_10	55833	0.3999	41011	41172	-	14661	53		hypothetical protein	no	group_5155	en_familia	13	0.3095	shell	shell	si	no	no
bin_1_54	bin-1-54	bin_1_54_00390	cds	contig_10	55833	0.3999	41172	41939	-	13894	255		N-hydroxyarylamine O-acetyltransferase	no	group_2383	en_familia	41	0.9762	core	core	no	no	no
bin_1_54	bin-1-54	bin_1_54_00391	cds	contig_10	55833	0.3999	42138	43118	-	12715	326		2-haloacrylate reductase	no	group_14452	en_familia	42	1.0000	core	core	no	no	no
bin_1_54	bin-1-54	bin_1_54_00392	cds	contig_10	55833	0.3999	43254	44132	-	11701	292		IS3 family transposase	no	group_9611	en_familia	1	0.0238	cloud	cloud	si	si	no
bin_1_54	bin-1-54	bin_1_54_00393	cds	contig_10	55833	0.3999	44171	44584	-	11249	137		Transposase	no	group_853	en_familia	1	0.0238	cloud	cloud	si	si	no
bin_1_54	bin-1-54	bin_1_54_00394	cds	contig_10	55833	0.3999	44789	45991	-	9842	400		Tetracycline resistance protein, class B	no	group_4575	en_familia	42	1.0000	core	core	no	no	no
bin_1_54	bin-1-54	bin_1_54_00395	cds	contig_10	55833	0.3999	46017	46598	-	9235	193	acnR	HTH-type transcriptional repressor AcnR	no	acnR	en_familia	42	1.0000	core	core	no	no	no
bin_1_54	bin-1-54	bin_1_54_00396	cds	contig_10	55833	0.3999	46808	47746	+	8087	312		Inner spore coat protein	no	group_4725	en_familia	42	1.0000	core	core	no	no	no
bin_1_54	bin-1-54	bin_1_54_00397	cds	contig_10	55833	0.3999	47913	48533	-	7300	206		NAD(P)-binding domain-containing protein	no	group_5969	en_familia	42	1.0000	core	core	no	no	no
bin_1_54	bin-1-54	bin_1_54_00398	cds	contig_10	55833	0.3999	48918	49589	+	6244	223		hypothetical protein	no	group_14553	en_familia	20	0.4762	shell	shell	si	no	no
bin_1_54	bin-1-54	bin_1_54_00399	cds	contig_10	55833	0.3999	50057	50368	+	5465	103		hypothetical protein	no	group_3862	en_familia	5	0.1190	cloud	cloud	si	si	no
bin_1_54	bin-1-54	bin_1_54_00400	cds	contig_10	55833	0.3999	50298	50462	-	5371	54	yfhD	YfhD family protein	no	group_6367	en_familia	42	1.0000	core	core	no	no	no
bin_1_54	bin-1-54	bin_1_54_00401	cds	contig_10	55833	0.3999	50992	51702	+	4131	236		Ribonuclease Z	no	group_6545	en_familia	42	1.0000	core	core	no	no	no
bin_1_54	bin-1-54	bin_1_54_00402	cds	contig_10	55833	0.3999	52120	52287	-	3546	55		DUF3813 domain-containing protein	no	group_4851	en_familia	20	0.4762	shell	shell	si	no	no
bin_1_54	bin-1-54	bin_1_54_00403	cds	contig_10	55833	0.3999	53251	53412	-	2421	53		hypothetical protein	no	group_6495	en_familia	42	1.0000	core	core	no	no	no
bin_1_54	bin-1-54	bin_1_54_00404	cds	contig_10	55833	0.3999	53753	54571	-	1262	272		Histidinol-phosphatase	no	group_6228	en_familia	42	1.0000	core	core	no	no	no
bin_1_54	bin-1-54	bin_1_54_00405	cds	contig_10	55833	0.3999	54816	55451	+	382	211	azoR	FMN dependent NADH:quinone oxidoreductase	no	azoR	en_familia	42	1.0000	core	core	no	no	no
bin_1_54	bin-1-54	bin_1_54_00416	cds	contig_11	20235	0.4072	1214	1693	-	1213	159	sprT	SprT family protein	no	sprT	en_familia	42	1.0000	core	core	no	no	no
bin_1_54	bin-1-54	bin_1_54_00417	cds	contig_11	20235	0.4072	1777	1896	+	1776	39	cmpA	cortex morphogenetic protein CmpA	no	cmpA	en_familia	42	1.0000	core	core	no	no	no
bin_1_54	bin-1-54	bin_1_54_00418	cds	contig_11	20235	0.4072	1972	4155	-	1971	727		S1 motif domain-containing protein	no	group_3099	en_familia	42	1.0000	core	core	no	no	no
bin_1_54	bin-1-54	bin_1_54_00419	cds	contig_11	20235	0.4072	4248	4859	-	4247	203	rsbX	Phosphoserine phosphatase RsbX	no	rsbX	en_familia	42	1.0000	core	core	no	no	no
bin_1_54	bin-1-54	bin_1_54_00420	cds	contig_11	20235	0.4072	4856	5644	-	4855	262	sigB	RNA polymerase sigma factor SigB	no	sigB	en_familia	42	1.0000	core	core	no	no	no
bin_1_54	bin-1-54	bin_1_54_00421	cds	contig_11	20235	0.4072	5622	6095	-	5621	157	rsbW	anti-sigma B factor RsbW	no	group_14367	en_familia	42	1.0000	core	core	no	no	no
bin_1_54	bin-1-54	bin_1_54_00422	cds	contig_11	20235	0.4072	6092	6424	-	6091	110	spoIIAA	Anti-sigma factor antagonist	no	spoIIAA	en_familia	42	1.0000	core	core	no	no	no
bin_1_54	bin-1-54	bin_1_54_00423	cds	contig_11	20235	0.4072	6484	7494	-	6483	336	rsbU	Phosphoserine phosphatase RsbU	no	rsbU	en_familia	42	1.0000	core	core	no	no	no
bin_1_54	bin-1-54	bin_1_54_00424	cds	contig_11	20235	0.4072	7504	7905	-	7503	133	rsbW	Anti-sigma regulatory factor	no	rsbW	en_familia	42	1.0000	core	core	no	no	no
bin_1_54	bin-1-54	bin_1_54_00425	cds	contig_11	20235	0.4072	7909	8265	-	7908	118	rsbS	RsbT antagonist protein RsbS	no	rsbS	en_familia	42	1.0000	core	core	no	no	no
bin_1_54	bin-1-54	bin_1_54_00426	cds	contig_11	20235	0.4072	8268	9095	-	8267	275	sTAS	Positive regulator of sigma-B activity	no	sTAS	en_familia	42	1.0000	core	core	no	no	no
bin_1_54	bin-1-54	bin_1_54_00427	cds	contig_11	20235	0.4072	9273	9362	-	9272	29		hypothetical protein	no	group_2747	en_familia	13	0.3095	shell	shell	si	no	no
bin_1_54	bin-1-54	bin_1_54_00428	cds	contig_11	20235	0.4072	9509	9862	-	9508	117	mazF	mRNA interferase	no	mazF	en_familia	42	1.0000	core	core	no	no	no
bin_1_54	bin-1-54	bin_1_54_00429	cds	contig_11	20235	0.4072	9867	10154	-	9866	95	nikR	Antitoxin endoai	no	nikR	en_familia	42	1.0000	core	core	no	no	no
bin_1_54	bin-1-54	bin_1_54_00430	cds	contig_11	20235	0.4072	10309	11496	-	8739	395	alr	alanine racemase	no	alr	en_familia	42	1.0000	core	core	no	no	no
bin_1_54	bin-1-54	bin_1_54_00431	cds	contig_11	20235	0.4072	11714	12718	-	7517	334	lolA	Lipoprotein	no	lolA	en_familia	42	1.0000	core	core	no	no	no
bin_1_54	bin-1-54	bin_1_54_00432	cds	contig_11	20235	0.4072	12961	13311	-	6924	116		Holo-[acyl-carrier-protein] synthase	no	group_1764	en_familia	42	1.0000	core	core	no	no	no
bin_1_54	bin-1-54	bin_1_54_00433	cds	contig_11	20235	0.4072	13420	14010	+	6225	196	gluP	Rhomboid protease GluP	no	gluP	en_familia	42	1.0000	core	core	no	no	no
bin_1_54	bin-1-54	bin_1_54_00434	cds	contig_11	20235	0.4072	14037	15500	-	4735	487		YdbS-like PH domain-containing protein	no	group_2424	en_familia	42	1.0000	core	core	no	no	no
bin_1_54	bin-1-54	bin_1_54_00435	cds	contig_11	20235	0.4072	15493	15966	-	4269	157		YdbS-like PH domain-containing protein	no	group_1015	en_familia	42	1.0000	core	core	no	no	no
bin_1_54	bin-1-54	bin_1_54_00436	cds	contig_11	20235	0.4072	16177	17676	-	2559	499	srmB	DEAD-box ATP-dependent RNA helicase CshA	no	group_1842	en_familia	42	1.0000	core	core	no	no	no
bin_1_54	bin-1-54	bin_1_54_00437	cds	contig_11	20235	0.4072	18909	20060	+	175	383		PPM-type phosphatase domain-containing protein	no	group_9189	en_familia	42	1.0000	core	core	no	no	no
bin_1_54	bin-1-54	bin_1_54_00438	cds	contig_12	14628	0.3942	464	1444	-	463	326	nosY	ABC transporter permease	no	nosY	en_familia	42	1.0000	core	core	no	no	no
bin_1_54	bin-1-54	bin_1_54_00439	cds	contig_12	14628	0.3942	1437	2348	-	1436	303	yxlF	ABC transporter ATP-binding protein YxlF	no	yxlF	en_familia	42	1.0000	core	core	no	no	no
bin_1_54	bin-1-54	bin_1_54_00440	cds	contig_12	14628	0.3942	2345	3145	-	2344	266		SGNH hydrolase-type esterase domain-containing protein	no	group_4902	en_familia	42	1.0000	core	core	no	no	no
bin_1_54	bin-1-54	bin_1_54_00441	cds	contig_12	14628	0.3942	3528	3623	-	3527	31		hypothetical protein	no	group_4334	en_familia	15	0.3571	shell	shell	si	no	no
bin_1_54	bin-1-54	bin_1_54_00442	cds	contig_12	14628	0.3942	3620	4831	-	3619	403		3-phenylpropionic acid transporter	no	group_761	en_familia	42	1.0000	core	core	no	no	no
bin_1_54	bin-1-54	bin_1_54_00443	cds	contig_12	14628	0.3942	4881	6860	-	4880	659		histidine kinase	no	group_4333	en_familia	42	1.0000	core	core	no	no	no
bin_1_54	bin-1-54	bin_1_54_00444	cds	contig_12	14628	0.3942	7387	8301	+	6327	304	yitT	DUF2179 domain-containing protein	no	group_9204	en_familia	42	1.0000	core	core	no	no	no
bin_1_54	bin-1-54	bin_1_54_00445	cds	contig_12	14628	0.3942	8385	8579	-	6049	64		Cold-shock protein	no	group_9564	en_familia	42	1.0000	core	core	no	no	no
bin_1_54	bin-1-54	bin_1_54_00447	cds	contig_12	14628	0.3942	9435	9641	-	4987	68		Cold-shock protein	no	group_9222	en_familia	42	1.0000	core	core	no	no	no
bin_1_54	bin-1-54	bin_1_54_00448	cds	contig_12	14628	0.3942	9766	11892	-	2736	708	recQ	DNA helicase RecQ	no	group_2907	en_familia	42	1.0000	core	core	no	no	no
bin_1_54	bin-1-54	bin_1_54_00449	cds	contig_12	14628	0.3942	12272	13105	-	1523	277		Exported cell wall-binding protein	no	lysM	en_familia	42	1.0000	core	core	no	no	no
bin_1_54	bin-1-54	bin_1_54_00450	cds	contig_12	14628	0.3942	13363	13596	+	1032	77		Spore coat protein CotJA	no	group_2857	en_familia	42	1.0000	core	core	no	no	no
bin_1_54	bin-1-54	bin_1_54_00451	cds	contig_12	14628	0.3942	13597	13863	+	765	88	cotJB	Protein CotJB domain-containing protein	no	cotJB	en_familia	42	1.0000	core	core	no	no	no
bin_1_54	bin-1-54	bin_1_54_00452	cds	contig_12	14628	0.3942	13877	14446	+	182	189	cotJC	Protein CotJC	no	cotJC	en_familia	42	1.0000	core	core	no	no	no
bin_1_54	bin-1-54	bin_1_54_00453	cds	contig_13	15630	0.4382	174	410	-	173	78		DUF2627 domain-containing protein	no	group_14066	en_familia	42	1.0000	core	core	no	no	no
bin_1_54	bin-1-54	bin_1_54_00454	cds	contig_13	15630	0.4382	616	2676	+	615	686	rocR	Arginine utilization regulatory protein RocR	no	group_420	en_familia	42	1.0000	core	core	no	no	no
bin_1_54	bin-1-54	bin_1_54_00455	cds	contig_13	15630	0.4382	3045	4142	+	3044	365	bcd	branched-chain amino acid dehydrogenase	no	bcd	en_familia	42	1.0000	core	core	no	no	no
bin_1_54	bin-1-54	bin_1_54_00456	cds	contig_13	15630	0.4382	4274	5695	+	4273	473	lpdA	dihydrolipoyl dehydrogenase	no	group_13264	en_familia	42	1.0000	core	core	no	no	no
bin_1_54	bin-1-54	bin_1_54_00457	cds	contig_13	15630	0.4382	5720	6715	+	5719	331	acoA	2-oxoisovalerate dehydrogenase subunit alpha	no	group_11550	en_familia	42	1.0000	core	core	no	no	no
bin_1_54	bin-1-54	bin_1_54_00458	cds	contig_13	15630	0.4382	6728	7711	+	6727	327	acoB	2-oxoisovalerate dehydrogenase beta subunit	no	group_8522	en_familia	42	1.0000	core	core	no	no	no
bin_1_54	bin-1-54	bin_1_54_00459	cds	contig_13	15630	0.4382	7738	9021	+	6609	427		Dihydrolipoamide acetyltransferase component of pyruvate dehydrogenase complex	no	group_13375	en_familia	42	1.0000	core	core	no	no	no
bin_1_54	bin-1-54	bin_1_54_00460	cds	contig_13	15630	0.4382	9339	11240	+	4390	633		Methylmalonyl-CoA mutase small subunit	no	group_725	en_familia	42	1.0000	core	core	no	no	no
bin_1_54	bin-1-54	bin_1_54_00461	cds	contig_13	15630	0.4382	11242	13434	+	2196	730	scpA	methylmalonyl-CoA mutase	no	scpA	en_familia	42	1.0000	core	core	no	no	no
bin_1_54	bin-1-54	bin_1_54_00462	cds	contig_13	15630	0.4382	13434	14567	+	1063	377	meaB	methylmalonyl Co-A mutase-associated GTPase MeaB	no	group_727	en_familia	42	1.0000	core	core	no	no	no
bin_1_54	bin-1-54	bin_1_54_00463	cds	contig_13	15630	0.4382	14771	15208	+	422	145		BrxA/BrxB family bacilliredoxin	no	group_13227	en_familia	42	1.0000	core	core	no	no	no
bin_1_54	bin-1-54	bin_1_54_00464	cds	contig_14	185508	0.4032	508	1353	-	507	281		Metalloprotease	no	group_1607	en_familia	42	1.0000	core	core	no	no	no
bin_1_54	bin-1-54	bin_1_54_00465	cds	contig_14	185508	0.4032	1689	3860	+	1688	723		hypothetical protein	no	group_6236	en_familia	42	1.0000	core	core	no	no	no
bin_1_54	bin-1-54	bin_1_54_00466	cds	contig_14	185508	0.4032	3841	4797	+	3840	318		Stress response kinase A	no	group_3552	en_familia	42	1.0000	core	core	no	no	no
bin_1_54	bin-1-54	bin_1_54_00467	cds	contig_14	185508	0.4032	4900	5499	+	4899	199		Sporulation protein	no	group_13882	en_familia	42	1.0000	core	core	no	no	no
bin_1_54	bin-1-54	bin_1_54_00468	cds	contig_14	185508	0.4032	5609	6109	+	5608	166		Bypass-of-forespore protein C	no	group_13996	en_familia	42	1.0000	core	core	no	no	no
bin_1_54	bin-1-54	bin_1_54_00469	cds	contig_14	185508	0.4032	6408	7022	+	6407	204	ruvA	Holliday junction branch migration protein RuvA	no	ruvA	en_familia	42	1.0000	core	core	no	no	no
bin_1_54	bin-1-54	bin_1_54_00470	cds	contig_14	185508	0.4032	7034	8032	+	7033	332	ruvB	Holliday junction branch migration DNA helicase RuvB	no	ruvB	en_familia	42	1.0000	core	core	no	no	no
bin_1_54	bin-1-54	bin_1_54_00471	cds	contig_14	185508	0.4032	8029	8235	+	8028	68		DUF2905 domain-containing protein	no	group_1731	en_familia	42	1.0000	core	core	no	no	no
bin_1_54	bin-1-54	bin_1_54_00472	cds	contig_14	185508	0.4032	8274	9302	+	8273	342	queA	tRNA preQ1(34) S-adenosylmethionine ribosyltransferase-isomerase QueA	no	queA	en_familia	42	1.0000	core	core	no	no	no
bin_1_54	bin-1-54	bin_1_54_00473	cds	contig_14	185508	0.4032	9339	10478	+	9338	379	tgt	tRNA guanosine(34) transglycosylase Tgt	no	tgt	en_familia	42	1.0000	core	core	no	no	no
bin_1_54	bin-1-54	bin_1_54_00474	cds	contig_14	185508	0.4032	10522	10806	+	10521	94	yajC	preprotein translocase subunit YajC	no	yajC	en_familia	42	1.0000	core	core	no	no	no
bin_1_54	bin-1-54	bin_1_54_00475	cds	contig_14	185508	0.4032	10853	11224	-	10852	123	yrzE	TIGR04086 family membrane protein	no	yrzE	en_familia	42	1.0000	core	core	no	no	no
bin_1_54	bin-1-54	bin_1_54_00476	cds	contig_14	185508	0.4032	11395	12075	+	11394	226		DUF421 domain-containing protein	no	group_936	en_familia	42	1.0000	core	core	no	no	no
bin_1_54	bin-1-54	bin_1_54_00477	cds	contig_14	185508	0.4032	12105	13667	-	12104	520	spoVB	stage V sporulation protein B	no	spoVB	en_familia	42	1.0000	core	core	no	no	no
bin_1_54	bin-1-54	bin_1_54_00478	cds	contig_14	185508	0.4032	13838	14143	+	13837	101		Post-transcriptional regulator	no	group_4658	en_familia	42	1.0000	core	core	no	no	no
bin_1_54	bin-1-54	bin_1_54_00479	cds	contig_14	185508	0.4032	14340	16601	+	14339	753	secDF	protein translocase subunit SecDF	no	secDF	en_familia	42	1.0000	core	core	no	no	no
bin_1_54	bin-1-54	bin_1_54_00480	cds	contig_14	185508	0.4032	16747	19122	+	16746	791	recJ	single-stranded-DNA-specific exonuclease RecJ	no	recJ	en_familia	42	1.0000	core	core	no	no	no
bin_1_54	bin-1-54	bin_1_54_00481	cds	contig_14	185508	0.4032	19113	19625	+	19112	170	apt	adenine phosphoribosyltransferase	no	group_13860	en_familia	42	1.0000	core	core	no	no	no
bin_1_54	bin-1-54	bin_1_54_00482	cds	contig_14	185508	0.4032	19943	22141	+	19942	732	spoT	GTP pyrophosphokinase	no	spoT	en_familia	42	1.0000	core	core	no	no	no
bin_1_54	bin-1-54	bin_1_54_00483	cds	contig_14	185508	0.4032	22157	22600	+	22156	147	dtd	D-aminoacyl-tRNA deacylase	no	dtd	en_familia	42	1.0000	core	core	no	no	no
bin_1_54	bin-1-54	bin_1_54_00484	cds	contig_14	185508	0.4032	22665	24434	-	22664	589		TIGR04211 family SH3 domain-containing protein	no	group_2967	en_familia	42	1.0000	core	core	no	no	no
bin_1_54	bin-1-54	bin_1_54_00485	cds	contig_14	185508	0.4032	24564	24737	+	24563	57		RNA polymerase subunit sigma-70	no	group_10142	en_familia	42	1.0000	core	core	no	no	no
bin_1_54	bin-1-54	bin_1_54_00486	cds	contig_14	185508	0.4032	25155	26426	+	25154	423	hisS	histidine--tRNA ligase	no	hisS	en_familia	42	1.0000	core	core	no	no	no
bin_1_54	bin-1-54	bin_1_54_00487	cds	contig_14	185508	0.4032	26439	28208	+	26438	589	aspS	aspartate--tRNA ligase	no	aspS	en_familia	42	1.0000	core	core	no	no	no
bin_1_54	bin-1-54	bin_1_54_00489	cds	contig_14	185508	0.4032	29001	29972	+	29000	323		NERD domain-containing protein	no	group_4379	en_familia	38	0.9048	shell	core	si	no	no
bin_1_54	bin-1-54	bin_1_54_00490	cds	contig_14	185508	0.4032	29958	30410	-	29957	150		hypothetical protein	no	group_5068	en_familia	4	0.0952	cloud	cloud	si	si	no
bin_1_54	bin-1-54	bin_1_54_00491	cds	contig_14	185508	0.4032	30527	31633	+	30526	368		Carboxypeptidase G2	no	group_12362	en_familia	42	1.0000	core	core	no	no	no
bin_1_54	bin-1-54	bin_1_54_00492	cds	contig_14	185508	0.4032	31745	32506	+	31744	253	tcdA	THIF-type NAD/FAD binding fold domain-containing protein	no	tcdA	en_familia	42	1.0000	core	core	no	no	no
bin_1_54	bin-1-54	bin_1_54_00493	cds	contig_14	185508	0.4032	32693	33883	+	32692	396	livK	Leucine-, isoleucine-, valine-, threonine-, and alanine-binding protein	no	livK	en_familia	42	1.0000	core	core	no	no	no
bin_1_54	bin-1-54	bin_1_54_00494	cds	contig_14	185508	0.4032	33960	34838	+	33959	292	livH	High-affinity branched-chain amino acid transport system permease protein LivH	no	livH	en_familia	42	1.0000	core	core	no	no	no
bin_1_54	bin-1-54	bin_1_54_00495	cds	contig_14	185508	0.4032	34852	35823	+	34851	323	livH	High-affinity branched-chain amino acid transport system permease protein LivH	no	group_8643	en_familia	42	1.0000	core	core	no	no	no
bin_1_54	bin-1-54	bin_1_54_00496	cds	contig_14	185508	0.4032	35798	36577	+	35797	259	livG	Lipopolysaccharide export system ATP-binding protein LptB	no	group_13690	en_familia	42	1.0000	core	core	no	no	no
bin_1_54	bin-1-54	bin_1_54_00497	cds	contig_14	185508	0.4032	36577	37284	+	36576	235	livF	Amino acid ABC transporter ATPase	no	group_11850	en_familia	42	1.0000	core	core	no	no	no
bin_1_54	bin-1-54	bin_1_54_00498	cds	contig_14	185508	0.4032	37834	39012	+	37833	392	livK	Leucine-, isoleucine-, valine-, threonine-, and alanine-binding protein	no	group_6046	en_familia	42	1.0000	core	core	no	no	no
bin_1_54	bin-1-54	bin_1_54_00499	cds	contig_14	185508	0.4032	39176	40054	+	39175	292	livH	High-affinity branched-chain amino acid transport system permease protein LivH	no	group_9595	en_familia	42	1.0000	core	core	no	no	no
bin_1_54	bin-1-54	bin_1_54_00500	cds	contig_14	185508	0.4032	40068	41033	+	40067	321	livH	High-affinity branched-chain amino acid transport system permease protein LivH	no	group_8715	en_familia	42	1.0000	core	core	no	no	no
bin_1_54	bin-1-54	bin_1_54_00501	cds	contig_14	185508	0.4032	41005	41787	+	41004	260	livG	ABC transporter ATP-binding protein	no	group_10835	en_familia	42	1.0000	core	core	no	no	no
bin_1_54	bin-1-54	bin_1_54_00502	cds	contig_14	185508	0.4032	41787	42494	+	41786	235	livF	Amino acid ABC transporter ATPase	no	group_11849	en_familia	42	1.0000	core	core	no	no	no
bin_1_54	bin-1-54	bin_1_54_00503	cds	contig_14	185508	0.4032	43475	45358	+	43474	627		Thermophilic serine proteinase	no	group_5852	en_familia	42	1.0000	core	core	no	no	no
bin_1_54	bin-1-54	bin_1_54_00504	cds	contig_14	185508	0.4032	45409	45945	-	45408	178		Glyoxalase family protein	no	group_6323	en_familia	7	0.1667	shell	shell	si	no	no
bin_1_54	bin-1-54	bin_1_54_00505	cds	contig_14	185508	0.4032	45954	46145	-	45953	63	yhfH	YhfH family protein	no	yhfH	en_familia	41	0.9762	core	core	no	no	no
bin_1_54	bin-1-54	bin_1_54_00506	cds	contig_14	185508	0.4032	46347	46466	-	46346	39		hypothetical protein	no	group_7135	en_familia	18	0.4286	shell	shell	si	no	no
bin_1_54	bin-1-54	bin_1_54_00507	cds	contig_14	185508	0.4032	47051	47902	+	47050	283		EPSX protein	no	group_13197	en_familia	23	0.5476	shell	shell	si	no	no
bin_1_54	bin-1-54	bin_1_54_00508	cds	contig_14	185508	0.4032	48012	48311	-	48011	99		Transcriptional regulator	no	group_7460	en_familia	36	0.8571	shell	shell	si	no	no
bin_1_54	bin-1-54	bin_1_54_00509	cds	contig_14	185508	0.4032	48786	49466	+	48785	226	yveK	Chain length determinant family protein	no	yveK~~~ywqC	en_familia	36	0.8571	shell	shell	si	no	no
bin_1_54	bin-1-54	bin_1_54_00510	cds	contig_14	185508	0.4032	49505	50182	+	49504	225	mrp	non-specific protein-tyrosine kinase	no	group_7353	en_familia	36	0.8571	shell	shell	si	no	no
bin_1_54	bin-1-54	bin_1_54_00511	cds	contig_14	185508	0.4032	50326	51090	+	50325	254		Tyrosine-protein phosphatase	no	group_13115	en_familia	35	0.8333	shell	shell	si	no	no
bin_1_54	bin-1-54	bin_1_54_00512	cds	contig_14	185508	0.4032	51203	52078	+	51202	291	galU	UTP--glucose-1-phosphate uridylyltransferase GalU	no	group_7453	en_familia	30	0.7143	shell	shell	si	no	no
bin_1_54	bin-1-54	bin_1_54_00513	cds	contig_14	185508	0.4032	52107	52790	+	52106	227	cpsE	Galactosyl transferase CpsE	no	cpsE	en_familia	13	0.3095	shell	shell	si	no	no
bin_1_54	bin-1-54	bin_1_54_00514	cds	contig_14	185508	0.4032	52808	53731	+	52807	307		GDP-L-fucose synthase	no	group_9135	en_familia	0	0.0000	exclusivo	exclusivo	no	no	si
bin_1_54	bin-1-54	bin_1_54_00515	cds	contig_14	185508	0.4032	53772	54851	+	53771	359	gmd	GDP-mannose 4,6-dehydratase	no	gmd	en_familia	0	0.0000	exclusivo	exclusivo	no	no	si
bin_1_54	bin-1-54	bin_1_54_00516	cds	contig_14	185508	0.4032	55603	56415	+	55602	270		N-acetylmannosaminyltransferase	no	group_10489	en_familia	0	0.0000	exclusivo	exclusivo	no	no	si
bin_1_54	bin-1-54	bin_1_54_00517	cds	contig_14	185508	0.4032	56800	57348	+	56799	182		Chloramphenicol acetyltransferase	no	group_13462	en_familia	0	0.0000	exclusivo	exclusivo	no	no	si
bin_1_54	bin-1-54	bin_1_54_00518	cds	contig_14	185508	0.4032	57355	58464	+	57354	369		Glycosyl transferase family 4	no	group_6332	en_familia	0	0.0000	exclusivo	exclusivo	no	no	si
bin_1_54	bin-1-54	bin_1_54_00519	cds	contig_14	185508	0.4032	58511	59374	+	58510	287		TupA-like ATPgrasp	no	group_9819	en_familia	0	0.0000	exclusivo	exclusivo	no	no	si
bin_1_54	bin-1-54	bin_1_54_00520	cds	contig_14	185508	0.4032	59433	60167	+	59432	244		Family 2 glycosyl transferase	no	group_11503	en_familia	0	0.0000	exclusivo	exclusivo	no	no	si
bin_1_54	bin-1-54	bin_1_54_00521	cds	contig_14	185508	0.4032	60192	61142	+	60191	316		Glycosyltransferase	no	group_8891	en_familia	0	0.0000	exclusivo	exclusivo	no	no	si
bin_1_54	bin-1-54	bin_1_54_00522	cds	contig_14	185508	0.4032	61408	62658	+	61407	416		hypothetical protein	no	group_4047	en_familia	0	0.0000	exclusivo	exclusivo	no	no	si
bin_1_54	bin-1-54	bin_1_54_00523	cds	contig_14	185508	0.4032	62674	63336	+	62673	220		Acetyltransferase, CYSE/LACA/LPXA/NODL family	no	group_12257	en_familia	0	0.0000	exclusivo	exclusivo	no	no	si
bin_1_54	bin-1-54	bin_1_54_00524	cds	contig_14	185508	0.4032	64023	64922	+	64022	299		N-acetylgalactosaminyl-diphosphoundecaprenol glucuronosyltransferase	no	group_9388	en_familia	0	0.0000	exclusivo	exclusivo	no	no	si
bin_1_54	bin-1-54	bin_1_54_00525	cds	contig_14	185508	0.4032	65389	66669	+	65388	426		O-antigen transporter	no	group_3754	en_familia	0	0.0000	exclusivo	exclusivo	no	no	si
bin_1_54	bin-1-54	bin_1_54_00526	cds	contig_14	185508	0.4032	67247	68566	+	67246	439		UDP-glucose 6-dehydrogenase	no	group_3413	en_familia	0	0.0000	exclusivo	exclusivo	no	no	si
bin_1_54	bin-1-54	bin_1_54_00527	cds	contig_14	185508	0.4032	68617	68862	+	68616	81		hypothetical protein	no	group_7854	en_familia	0	0.0000	exclusivo	exclusivo	no	no	si
bin_1_54	bin-1-54	bin_1_54_00528	cds	contig_14	185508	0.4032	69039	70427	+	69038	462		Mannose-1-phosphate guanylyltransferase/mannose-6-phosphate isomerase	no	group_2785	en_familia	0	0.0000	exclusivo	exclusivo	no	no	si
bin_1_54	bin-1-54	bin_1_54_00529	cds	contig_14	185508	0.4032	70499	71617	+	70498	372		Glycosyl transferase family 28 C-terminal domain-containing protein	no	group_6125	en_familia	0	0.0000	exclusivo	exclusivo	no	no	si
bin_1_54	bin-1-54	bin_1_54_00530	cds	contig_14	185508	0.4032	71614	72561	+	71613	315	manA	mannose-6-phosphate isomerase, class I	no	group_6672	en_familia	1	0.0238	cloud	cloud	si	si	no
bin_1_54	bin-1-54	bin_1_54_00531	cds	contig_14	185508	0.4032	72587	74326	+	72586	579		phosphoglucomutase (alpha-D-glucose-1,6-bisphosphate-dependent)	no	group_6608	en_familia	1	0.0238	cloud	cloud	si	si	no
bin_1_54	bin-1-54	bin_1_54_00532	cds	contig_14	185508	0.4032	74689	75570	+	74688	293		fructokinase	no	group_6482	en_familia	1	0.0238	cloud	cloud	si	si	no
bin_1_54	bin-1-54	bin_1_54_00533	cds	contig_14	185508	0.4032	75864	76790	+	75863	308		Pectate lyase superfamily protein	no	group_6611	en_familia	13	0.3095	shell	shell	si	no	no
bin_1_54	bin-1-54	bin_1_54_00534	cds	contig_14	185508	0.4032	76932	78473	-	76931	513		Right handed beta helix domain-containing protein	no	group_7508	en_familia	14	0.3333	shell	shell	si	no	no
bin_1_54	bin-1-54	bin_1_54_00535	cds	contig_14	185508	0.4032	78582	79628	-	78581	348		N-acetyl-alpha-D-glucosaminyl L-malate synthase	no	group_7502	en_familia	14	0.3333	shell	shell	si	no	no
bin_1_54	bin-1-54	bin_1_54_00536	cds	contig_14	185508	0.4032	79634	80437	-	79633	267	tuaG	Teichuronic acid biosynthesis glycosyltransferase TuaG	no	tuaG	en_familia	14	0.3333	shell	shell	si	no	no
bin_1_54	bin-1-54	bin_1_54_00537	cds	contig_14	185508	0.4032	80415	81635	-	80414	406	tuaE	Teichuronic acid biosynthesis protein TuaE	no	tuaE	en_familia	14	0.3333	shell	shell	si	no	no
bin_1_54	bin-1-54	bin_1_54_00538	cds	contig_14	185508	0.4032	81616	83082	-	81615	488		O-antigen transporter	no	group_7485	en_familia	14	0.3333	shell	shell	si	no	no
bin_1_54	bin-1-54	bin_1_54_00539	cds	contig_14	185508	0.4032	83100	84092	-	83099	330		UDP-glucose 4-epimerase	no	group_7441	en_familia	14	0.3333	shell	shell	si	no	no
bin_1_54	bin-1-54	bin_1_54_00540	cds	contig_14	185508	0.4032	84115	84753	-	84114	212		UDP-N-acetylgalactosamine-undecaprenyl-phosphate N-acetylgalactosaminephosphotransferase	no	group_7439	en_familia	14	0.3333	shell	shell	si	no	no
bin_1_54	bin-1-54	bin_1_54_00541	cds	contig_14	185508	0.4032	84771	85394	-	84770	207	ywqD	Tyrosine-protein kinase YwqD	no	ywqD	en_familia	14	0.3333	shell	shell	si	no	no
bin_1_54	bin-1-54	bin_1_54_00542	cds	contig_14	185508	0.4032	85384	85959	-	85383	191		hypothetical protein	no	ywqC	en_familia	14	0.3333	shell	shell	si	no	no
bin_1_54	bin-1-54	bin_1_54_00543	cds	contig_14	185508	0.4032	86202	87377	-	86201	391		Acyltransferase 3 domain-containing protein	no	group_7153	en_familia	14	0.3333	shell	shell	si	no	no
bin_1_54	bin-1-54	bin_1_54_00544	cds	contig_14	185508	0.4032	87995	88120	+	87994	41		hypothetical protein	no	group_1515	en_familia	11	0.2619	shell	shell	si	no	no
bin_1_54	bin-1-54	bin_1_54_00545	cds	contig_14	185508	0.4032	88486	88614	+	88485	42	sinI	Anti-repressor SinI	no	group_6557	en_familia	27	0.6429	shell	shell	si	no	no
bin_1_54	bin-1-54	bin_1_54_00546	cds	contig_14	185508	0.4032	88742	88855	+	88741	37		Inner membrane protein	no	group_6556	en_familia	26	0.6190	shell	shell	si	no	no
bin_1_54	bin-1-54	bin_1_54_00547	cds	contig_14	185508	0.4032	89933	91045	+	89932	370	wecB	non-hydrolyzing UDP-N-acetylglucosamine 2-epimerase	no	group_6209	en_familia	5	0.1190	cloud	cloud	si	si	no
bin_1_54	bin-1-54	bin_1_54_00548	cds	contig_14	185508	0.4032	90999	91229	+	90998	76		hypothetical protein	no	group_13098	en_familia	2	0.0476	cloud	cloud	si	si	no
bin_1_54	bin-1-54	bin_1_54_00549	cds	contig_14	185508	0.4032	91226	92482	+	91225	418		Glycosyl transferase group 1 protein	no	group_1597	en_familia	5	0.1190	cloud	cloud	si	si	no
bin_1_54	bin-1-54	bin_1_54_00550	cds	contig_14	185508	0.4032	92479	93783	+	91725	434		Glycosyl transferase, group 1 family	no	group_4803	en_familia	5	0.1190	cloud	cloud	si	si	no
bin_1_54	bin-1-54	bin_1_54_00551	cds	contig_14	185508	0.4032	93767	94159	+	91349	130		hypothetical protein	no	group_5387	en_familia	5	0.1190	cloud	cloud	si	si	no
bin_1_54	bin-1-54	bin_1_54_00552	cds	contig_14	185508	0.4032	94159	96318	+	89190	719	cgeB	Spore maturation protein CgeB	no	cgeB	en_familia	5	0.1190	cloud	cloud	si	si	no
bin_1_54	bin-1-54	bin_1_54_00553	cds	contig_14	185508	0.4032	96330	98456	+	87052	708		Glycosyl transferase, group 1 family	no	group_12720	en_familia	5	0.1190	cloud	cloud	si	si	no
bin_1_54	bin-1-54	bin_1_54_00554	cds	contig_14	185508	0.4032	98540	101227	+	84281	895		Lipoprotein	no	group_1368	en_familia	5	0.1190	cloud	cloud	si	si	no
bin_1_54	bin-1-54	bin_1_54_00555	cds	contig_14	185508	0.4032	101278	102555	+	82953	425		UDP-glucose/GDP-mannose dehydrogenase family protein	no	group_3772	en_familia	5	0.1190	cloud	cloud	si	si	no
bin_1_54	bin-1-54	bin_1_54_00556	cds	contig_14	185508	0.4032	102552	103355	+	82153	267		Transport permease protein	no	group_10553	en_familia	5	0.1190	cloud	cloud	si	si	no
bin_1_54	bin-1-54	bin_1_54_00557	cds	contig_14	185508	0.4032	103372	104988	+	80520	538	tagH	teichoic acids export ABC transporter ATP-binding subunit TagH	no	tagH	en_familia	5	0.1190	cloud	cloud	si	si	no
bin_1_54	bin-1-54	bin_1_54_00558	cds	contig_14	185508	0.4032	105221	106255	-	79253	344		Serine O-acetyltransferase (Serine acetyltransferase)	no	group_1222	en_familia	5	0.1190	cloud	cloud	si	si	no
bin_1_54	bin-1-54	bin_1_54_00559	cds	contig_14	185508	0.4032	106331	107704	-	77804	457		Right handed beta helix domain-containing protein	no	group_4585	en_familia	5	0.1190	cloud	cloud	si	si	no
bin_1_54	bin-1-54	bin_1_54_00560	cds	contig_14	185508	0.4032	108195	108590	+	76918	131		Group-specific protein	no	group_5668	en_familia	5	0.1190	cloud	cloud	si	si	no
bin_1_54	bin-1-54	bin_1_54_00561	cds	contig_14	185508	0.4032	109524	109718	-	75790	64		Amidophosphoribosyltransferase	no	group_6641	en_familia	15	0.3571	shell	shell	si	no	no
bin_1_54	bin-1-54	bin_1_54_00562	cds	contig_14	185508	0.4032	110114	110251	+	75257	45		hypothetical protein	no	group_6391	en_familia	40	0.9524	core	core	no	no	no
bin_1_54	bin-1-54	bin_1_54_00563	cds	contig_14	185508	0.4032	110513	110644	+	74864	43		hypothetical protein	no	group_6555	en_familia	42	1.0000	core	core	no	no	no
bin_1_54	bin-1-54	bin_1_54_00564	cds	contig_14	185508	0.4032	111364	111465	-	74043	33		Transcriptional regulator	no	group_1901	en_familia	42	1.0000	core	core	no	no	no
bin_1_54	bin-1-54	bin_1_54_00565	cds	contig_14	185508	0.4032	111743	112672	-	72836	309	lytR	LytR family transcriptional regulator	no	group_3361	en_familia	42	1.0000	core	core	no	no	no
bin_1_54	bin-1-54	bin_1_54_00566	cds	contig_14	185508	0.4032	113305	113484	+	72024	59		hypothetical protein	no	group_4677	en_familia	38	0.9048	shell	core	si	no	no
bin_1_54	bin-1-54	bin_1_54_00567	cds	contig_14	185508	0.4032	113627	114070	+	71438	147		hypothetical protein	no	group_1376	en_familia	42	1.0000	core	core	no	no	no
bin_1_54	bin-1-54	bin_1_54_00568	cds	contig_14	185508	0.4032	114393	115664	-	69844	423	rarA	Recombinase RarA	no	rarA	en_familia	42	1.0000	core	core	no	no	no
bin_1_54	bin-1-54	bin_1_54_00569	cds	contig_14	185508	0.4032	115982	116401	+	69107	139	cymR	cysteine metabolism transcriptional regulator CymR	no	cymR	en_familia	42	1.0000	core	core	no	no	no
bin_1_54	bin-1-54	bin_1_54_00570	cds	contig_14	185508	0.4032	116462	117607	+	67901	381	nifS	cysteine desulfurase	no	nifS	en_familia	42	1.0000	core	core	no	no	no
bin_1_54	bin-1-54	bin_1_54_00571	cds	contig_14	185508	0.4032	117637	118752	+	66756	371	mnmA	tRNA 2-thiouridine(34) synthase MnmA	no	mnmA	en_familia	42	1.0000	core	core	no	no	no
bin_1_54	bin-1-54	bin_1_54_00572	cds	contig_14	185508	0.4032	118869	119540	+	65968	223	yrrB	TPR repeat-containing protein YrrB	no	yrrB	en_familia	42	1.0000	core	core	no	no	no
bin_1_54	bin-1-54	bin_1_54_00573	cds	contig_14	185508	0.4032	119577	121982	+	63526	801	recD	ATP-dependent RecD2 DNA helicase	no	recD	en_familia	42	1.0000	core	core	no	no	no
bin_1_54	bin-1-54	bin_1_54_00574	cds	contig_14	185508	0.4032	122066	122632	+	62876	188	lemA	LemA family protein	no	lemA	en_familia	42	1.0000	core	core	no	no	no
bin_1_54	bin-1-54	bin_1_54_00575	cds	contig_14	185508	0.4032	122632	123402	+	62106	256		TPM domain-containing protein	no	group_3801	en_familia	42	1.0000	core	core	no	no	no
bin_1_54	bin-1-54	bin_1_54_00576	cds	contig_14	185508	0.4032	123540	123998	+	61510	152		PRC-barrel domain-containing protein	no	group_14431	en_familia	42	1.0000	core	core	no	no	no
bin_1_54	bin-1-54	bin_1_54_00577	cds	contig_14	185508	0.4032	124009	124203	+	61305	64		Zn-ribbon containing protein	no	group_13290	en_familia	42	1.0000	core	core	no	no	no
bin_1_54	bin-1-54	bin_1_54_00578	cds	contig_14	185508	0.4032	124430	125506	+	60002	358	perM	AI-2 transport protein TqsA	no	group_6925	en_familia	42	1.0000	core	core	no	no	no
bin_1_54	bin-1-54	bin_1_54_00579	cds	contig_14	185508	0.4032	125815	128451	+	57057	878	alaS	alanine--tRNA ligase	no	alaS	en_familia	42	1.0000	core	core	no	no	no
bin_1_54	bin-1-54	bin_1_54_00580	cds	contig_14	185508	0.4032	128511	128786	+	56722	91	ireB	IreB family regulatory phosphoprotein	no	ireB	en_familia	42	1.0000	core	core	no	no	no
bin_1_54	bin-1-54	bin_1_54_00581	cds	contig_14	185508	0.4032	128786	129211	+	56297	141	ruvX	Holliday junction resolvase RuvX	no	ruvX	en_familia	42	1.0000	core	core	no	no	no
bin_1_54	bin-1-54	bin_1_54_00582	cds	contig_14	185508	0.4032	129223	129513	+	55995	96	yrzB	UPF0473 protein ABE28_015730	no	yrzB	en_familia	42	1.0000	core	core	no	no	no
bin_1_54	bin-1-54	bin_1_54_00583	cds	contig_14	185508	0.4032	130774	131910	+	53598	378	mltG	Endolytic murein transglycosylase	no	group_5812	en_familia	42	1.0000	core	core	no	no	no
bin_1_54	bin-1-54	bin_1_54_00584	cds	contig_14	185508	0.4032	132169	132834	+	52674	221	trmR	tRNA 5-hydroxyuridine methyltransferase	no	trmR	en_familia	42	1.0000	core	core	no	no	no
bin_1_54	bin-1-54	bin_1_54_00585	cds	contig_14	185508	0.4032	132821	133750	+	51758	309	rlhA	Protease YhbU	no	group_9065	en_familia	42	1.0000	core	core	no	no	no
bin_1_54	bin-1-54	bin_1_54_00586	cds	contig_14	185508	0.4032	133783	135054	+	50454	423	ydcP	Protease YdcP	no	ydcP	en_familia	42	1.0000	core	core	no	no	no
bin_1_54	bin-1-54	bin_1_54_00587	cds	contig_14	185508	0.4032	135056	135694	+	49814	212	udk	uridine kinase	no	udk	en_familia	42	1.0000	core	core	no	no	no
bin_1_54	bin-1-54	bin_1_54_00588	cds	contig_14	185508	0.4032	135997	136473	+	49035	158	greA	transcription elongation factor GreA	no	group_14344	en_familia	42	1.0000	core	core	no	no	no
bin_1_54	bin-1-54	bin_1_54_00589	cds	contig_14	185508	0.4032	136598	138349	+	47159	583	ftsI	serine-type D-Ala-D-Ala carboxypeptidase	no	group_2566	en_familia	42	1.0000	core	core	no	no	no
bin_1_54	bin-1-54	bin_1_54_00590	cds	contig_14	185508	0.4032	138438	139169	+	46339	243	yrrS	YrrS	no	yrrS	en_familia	42	1.0000	core	core	no	no	no
bin_1_54	bin-1-54	bin_1_54_00591	cds	contig_14	185508	0.4032	139241	139453	-	46055	70		DUF2536 domain-containing protein	no	group_14286	en_familia	41	0.9762	core	core	no	no	no
bin_1_54	bin-1-54	bin_1_54_00592	cds	contig_14	185508	0.4032	139608	140246	+	45262	212		Uncharacterized methyltransferase SRABI133_04485	no	group_2270	en_familia	42	1.0000	core	core	no	no	no
bin_1_54	bin-1-54	bin_1_54_00593	cds	contig_14	185508	0.4032	140263	140958	+	44550	231	mtnN	5'-methylthioadenosine/S-adenosylhomocysteine nucleosidase	no	mtnN	en_familia	42	1.0000	core	core	no	no	no
bin_1_54	bin-1-54	bin_1_54_00594	cds	contig_14	185508	0.4032	141053	141976	+	43532	307		O-acetylserine (thiol)-lyase	no	group_1557	en_familia	42	1.0000	core	core	no	no	no
bin_1_54	bin-1-54	bin_1_54_00595	cds	contig_14	185508	0.4032	141978	143114	+	42394	378	metC	bifunctional cystathionine gamma-lyase/homocysteine desulfhydrase	no	group_5811	en_familia	42	1.0000	core	core	no	no	no
bin_1_54	bin-1-54	bin_1_54_00596	cds	contig_14	185508	0.4032	143228	143494	+	42014	88		YrhC-like protein	no	group_13223	en_familia	42	1.0000	core	core	no	no	no
bin_1_54	bin-1-54	bin_1_54_00597	cds	contig_14	185508	0.4032	143921	144016	+	41492	31		hypothetical protein	no	group_3283	en_familia	41	0.9762	core	core	no	no	no
bin_1_54	bin-1-54	bin_1_54_00598	cds	contig_14	185508	0.4032	144065	144319	+	41189	84	yrzI	YrzI family small protein	no	yrzI	en_familia	42	1.0000	core	core	no	no	no
bin_1_54	bin-1-54	bin_1_54_00599	cds	contig_14	185508	0.4032	144603	144791	-	40717	62	yjcZ	Sporulation protein YjcZ	no	group_2239	en_familia	41	0.9762	core	core	no	no	no
bin_1_54	bin-1-54	bin_1_54_00600	cds	contig_14	185508	0.4032	144982	145704	+	39804	240	sigK	RNA polymerase sporulation sigma factor SigK	no	group_11607	en_familia	42	1.0000	core	core	no	no	no
bin_1_54	bin-1-54	bin_1_54_00601	cds	contig_14	185508	0.4032	145751	145867	-	39641	38		hypothetical protein	no	group_13678	en_familia	42	1.0000	core	core	no	no	no
bin_1_54	bin-1-54	bin_1_54_00602	cds	contig_14	185508	0.4032	145893	146195	-	39313	100		hypothetical protein	no	group_817	en_familia	42	1.0000	core	core	no	no	no
bin_1_54	bin-1-54	bin_1_54_00603	cds	contig_14	185508	0.4032	146357	148147	+	37361	596		Oligoendopeptidase F, plasmid	no	group_2482	en_familia	42	1.0000	core	core	no	no	no
bin_1_54	bin-1-54	bin_1_54_00604	cds	contig_14	185508	0.4032	148212	148751	-	36757	179	pssA	CDP-diacylglycerol--serine O-phosphatidyltransferase	no	pssA	en_familia	42	1.0000	core	core	no	no	no
bin_1_54	bin-1-54	bin_1_54_00605	cds	contig_14	185508	0.4032	148897	149682	+	35826	261		phosphatidylserine decarboxylase	no	group_2481	en_familia	42	1.0000	core	core	no	no	no
bin_1_54	bin-1-54	bin_1_54_00606	cds	contig_14	185508	0.4032	150343	150864	+	34644	173	yqeG	YqeG family HAD IIIA-type phosphatase	no	yqeG	en_familia	42	1.0000	core	core	no	no	no
bin_1_54	bin-1-54	bin_1_54_00607	cds	contig_14	185508	0.4032	150861	151970	+	33538	369	yqeH	ribosome biogenesis GTPase YqeH	no	yqeH	en_familia	42	1.0000	core	core	no	no	no
bin_1_54	bin-1-54	bin_1_54_00608	cds	contig_14	185508	0.4032	151991	152833	+	32675	280		shikimate dehydrogenase	no	group_10069	en_familia	42	1.0000	core	core	no	no	no
bin_1_54	bin-1-54	bin_1_54_00609	cds	contig_14	185508	0.4032	152827	153117	+	32391	96	yhbY	ribosome assembly RNA-binding protein YhbY	no	yhbY	en_familia	42	1.0000	core	core	no	no	no
bin_1_54	bin-1-54	bin_1_54_00610	cds	contig_14	185508	0.4032	153129	153698	+	31810	189	nadD	nicotinate-nucleotide adenylyltransferase	no	group_13176	en_familia	42	1.0000	core	core	no	no	no
bin_1_54	bin-1-54	bin_1_54_00611	cds	contig_14	185508	0.4032	153688	154260	+	31248	190	yqeK	bis(5'-nucleosyl)-tetraphosphatase (symmetrical) YqeK	no	yqeK	en_familia	42	1.0000	core	core	no	no	no
bin_1_54	bin-1-54	bin_1_54_00612	cds	contig_14	185508	0.4032	154260	154616	+	30892	118	rsfS	ribosome silencing factor	no	rsfS	en_familia	42	1.0000	core	core	no	no	no
bin_1_54	bin-1-54	bin_1_54_00613	cds	contig_14	185508	0.4032	154613	155356	+	30152	247		Glycine/sarcosine N-methyltransferase	no	group_2745	en_familia	42	1.0000	core	core	no	no	no
bin_1_54	bin-1-54	bin_1_54_00614	cds	contig_14	185508	0.4032	155454	156284	-	29224	276	comER	late competence protein ComER	no	comER	en_familia	42	1.0000	core	core	no	no	no
bin_1_54	bin-1-54	bin_1_54_00615	cds	contig_14	185508	0.4032	156395	157030	+	28478	211		Membrane bound high-affinity DNA-binding receptor	no	group_3459	en_familia	42	1.0000	core	core	no	no	no
bin_1_54	bin-1-54	bin_1_54_00616	cds	contig_14	185508	0.4032	157027	157659	+	27849	210	comE	ComE operon protein 2	no	comE	en_familia	42	1.0000	core	core	no	no	no
bin_1_54	bin-1-54	bin_1_54_00617	cds	contig_14	185508	0.4032	157678	159984	+	25524	768		DNA internalization-related competence protein ComEC/Rec2	no	group_14085	en_familia	42	1.0000	core	core	no	no	no
bin_1_54	bin-1-54	bin_1_54_00618	cds	contig_14	185508	0.4032	160061	160195	-	25313	44	yqzM	YqzM family protein	no	yqzM	en_familia	42	1.0000	core	core	no	no	no
bin_1_54	bin-1-54	bin_1_54_00619	cds	contig_14	185508	0.4032	160535	161548	+	23960	337	holA	DNA polymerase III subunit delta	no	holA	en_familia	42	1.0000	core	core	no	no	no
bin_1_54	bin-1-54	bin_1_54_00620	cds	contig_14	185508	0.4032	161638	161904	-	23604	88	rpsT	30S ribosomal protein S20	no	rpsT	en_familia	42	1.0000	core	core	no	no	no
bin_1_54	bin-1-54	bin_1_54_00621	cds	contig_14	185508	0.4032	162179	163297	+	22211	372	gpr	GPR endopeptidase	no	gpr	en_familia	42	1.0000	core	core	no	no	no
bin_1_54	bin-1-54	bin_1_54_00622	cds	contig_14	185508	0.4032	163384	164583	+	20925	399	spoIIP	Stage II sporulation protein P	no	spoIIP	en_familia	42	1.0000	core	core	no	no	no
bin_1_54	bin-1-54	bin_1_54_00623	cds	contig_14	185508	0.4032	164605	164928	+	20580	107		DUF3679 domain-containing protein	no	group_14445	en_familia	42	1.0000	core	core	no	no	no
bin_1_54	bin-1-54	bin_1_54_00624	cds	contig_14	185508	0.4032	165105	166940	+	18568	611	lepA	translation elongation factor 4	no	lepA	en_familia	42	1.0000	core	core	no	no	no
bin_1_54	bin-1-54	bin_1_54_00625	cds	contig_14	185508	0.4032	167030	168181	+	17327	383	hemW	radical SAM family heme chaperone HemW	no	hemW	en_familia	42	1.0000	core	core	no	no	no
bin_1_54	bin-1-54	bin_1_54_00626	cds	contig_14	185508	0.4032	168306	169334	+	16174	342	hrcA	heat-inducible transcriptional repressor HrcA	no	hrcA	en_familia	42	1.0000	core	core	no	no	no
bin_1_54	bin-1-54	bin_1_54_00627	cds	contig_14	185508	0.4032	169434	170024	+	15484	196	grpE	nucleotide exchange factor GrpE	no	grpE	en_familia	42	1.0000	core	core	no	no	no
bin_1_54	bin-1-54	bin_1_54_00628	cds	contig_14	185508	0.4032	170063	171895	+	13613	610	dnaK	molecular chaperone DnaK	no	dnaK	en_familia	42	1.0000	core	core	no	no	no
bin_1_54	bin-1-54	bin_1_54_00629	cds	contig_14	185508	0.4032	172048	173298	+	12210	416	dnaJ	molecular chaperone DnaJ	no	dnaJ	en_familia	42	1.0000	core	core	no	no	no
bin_1_54	bin-1-54	bin_1_54_00630	cds	contig_14	185508	0.4032	173336	174277	+	11231	313	prmA	50S ribosomal protein L11 methyltransferase	no	prmA	en_familia	42	1.0000	core	core	no	no	no
bin_1_54	bin-1-54	bin_1_54_00631	cds	contig_14	185508	0.4032	174416	175168	+	10340	250	rsmE	16S rRNA (uracil(1498)-N(3))-methyltransferase	no	rsmE	en_familia	42	1.0000	core	core	no	no	no
bin_1_54	bin-1-54	bin_1_54_00632	cds	contig_14	185508	0.4032	175175	176512	+	8996	445	mtaB	tRNA (N(6)-L-threonylcarbamoyladenosine(37)-C(2))-methylthiotransferase MtaB	no	mtaB	en_familia	42	1.0000	core	core	no	no	no
bin_1_54	bin-1-54	bin_1_54_00633	cds	contig_14	185508	0.4032	176672	177343	+	8165	223	deoC	deoxyribose-phosphate aldolase	no	deoC	en_familia	42	1.0000	core	core	no	no	no
bin_1_54	bin-1-54	bin_1_54_00634	cds	contig_14	185508	0.4032	177391	177519	+	7989	42		hypothetical protein	no	group_2296	en_familia	29	0.6905	shell	shell	si	no	no
bin_1_54	bin-1-54	bin_1_54_00635	cds	contig_14	185508	0.4032	177570	177689	+	7819	39		hypothetical protein	no	group_2296	en_familia	29	0.6905	shell	shell	si	no	no
bin_1_54	bin-1-54	bin_1_54_00636	cds	contig_14	185508	0.4032	177875	178807	-	6701	310		Na/Pi cotransporter	no	group_2294	en_familia	42	1.0000	core	core	no	no	no
bin_1_54	bin-1-54	bin_1_54_00637	cds	contig_14	185508	0.4032	179044	179217	+	6291	57	rpsU	30S ribosomal protein S21	no	rpsU	en_familia	42	1.0000	core	core	no	no	no
bin_1_54	bin-1-54	bin_1_54_00638	cds	contig_14	185508	0.4032	179232	179675	+	5833	147	yqeY	GatB/YqeY domain-containing protein	no	yqeY	en_familia	42	1.0000	core	core	no	no	no
bin_1_54	bin-1-54	bin_1_54_00639	cds	contig_14	185508	0.4032	179969	181294	+	4214	441	nfeD	NfeD-like C-terminal domain-containing protein	no	nfeD	en_familia	42	1.0000	core	core	no	no	no
bin_1_54	bin-1-54	bin_1_54_00640	cds	contig_14	185508	0.4032	181327	182334	+	3174	335	floA	flotillin-like protein FloA	no	floA	en_familia	42	1.0000	core	core	no	no	no
bin_1_54	bin-1-54	bin_1_54_00641	cds	contig_14	185508	0.4032	182357	182851	+	2657	164	tatA	Sec-independent protein translocase protein TatA	no	group_1760	en_familia	42	1.0000	core	core	no	no	no
bin_1_54	bin-1-54	bin_1_54_00642	cds	contig_14	185508	0.4032	183446	184612	-	896	388	yrkC	YrkC	no	yrkC	en_familia	1	0.0238	cloud	cloud	si	si	no
bin_1_54	bin-1-54	bin_1_54_00643	cds	contig_14	185508	0.4032	184930	185163	+	345	77		Site-specific recombinase	no	group_8479	en_familia	1	0.0238	cloud	cloud	si	si	no
bin_1_54	bin-1-54	bin_1_54_00644	cds	contig_15	18923	0.4154	786	893	-	785	35		(pseudo) hypothetical protein	si	group_11673	en_familia	4	0.0952	cloud	cloud	si	si	no
bin_1_54	bin-1-54	bin_1_54_00645	cds	contig_15	18923	0.4154	1155	2210	+	1154	351		Iron-sulfur cluster carrier protein	no	group_14438	en_familia	4	0.0952	cloud	cloud	si	si	no
bin_1_54	bin-1-54	bin_1_54_00646	cds	contig_15	18923	0.4154	2546	2677	-	2545	43		GapA-binding peptide SR1P	no	group_5468	en_familia	10	0.2381	shell	shell	si	no	no
bin_1_54	bin-1-54	bin_1_54_00647	cds	contig_15	18923	0.4154	2691	2924	-	2690	77		HMA domain-containing protein	no	group_3309	en_familia	10	0.2381	shell	shell	si	no	no
bin_1_54	bin-1-54	bin_1_54_00648	cds	contig_15	18923	0.4154	2924	3442	-	2923	172		DUF1641 domain-containing protein	no	group_676	en_familia	10	0.2381	shell	shell	si	no	no
bin_1_54	bin-1-54	bin_1_54_00649	cds	contig_15	18923	0.4154	3417	6398	-	3416	993	fdhF	formate dehydrogenase subunit alpha	no	group_2898	en_familia	10	0.2381	shell	shell	si	no	no
bin_1_54	bin-1-54	bin_1_54_00650	cds	contig_15	18923	0.4154	6657	6875	+	6656	72		PCI domain-containing protein	no	group_8910	en_familia	10	0.2381	shell	shell	si	no	no
bin_1_54	bin-1-54	bin_1_54_00651	cds	contig_15	18923	0.4154	7298	8311	+	7297	337	moaA	GTP 3',8-cyclase MoaA	no	group_2899	en_familia	10	0.2381	shell	shell	si	no	no
bin_1_54	bin-1-54	bin_1_54_00652	cds	contig_15	18923	0.4154	8804	9064	-	8803	86		Citrate transporter family protein	no	group_12913	en_familia	3	0.0714	cloud	cloud	si	si	no
bin_1_54	bin-1-54	bin_1_54_00653	cds	contig_15	18923	0.4154	9754	11217	-	7706	487	gabD	Succinate-semialdehyde dehydrogenase [NADP(+)] GabD	no	gabD	en_familia	14	0.3333	shell	shell	si	no	no
bin_1_54	bin-1-54	bin_1_54_00654	cds	contig_15	18923	0.4154	11276	12571	-	6352	431		Major facilitator superfamily (MFS) profile domain-containing protein	no	group_1094	en_familia	14	0.3333	shell	shell	si	no	no
bin_1_54	bin-1-54	bin_1_54_00655	cds	contig_15	18923	0.4154	12704	13942	-	4981	412		1,3-propanediol dehydrogenase	no	group_4523	en_familia	14	0.3333	shell	shell	si	no	no
bin_1_54	bin-1-54	bin_1_54_00656	cds	contig_15	18923	0.4154	14066	15271	-	3652	401		hydroxyacid-oxoacid transhydrogenase	no	group_4540	en_familia	14	0.3333	shell	shell	si	no	no
bin_1_54	bin-1-54	bin_1_54_00657	cds	contig_15	18923	0.4154	15290	16732	-	2191	480		3-sulfolactaldehyde dehydrogenase	no	group_2304	en_familia	14	0.3333	shell	shell	si	no	no
bin_1_54	bin-1-54	bin_1_54_00658	cds	contig_15	18923	0.4154	17306	17971	+	952	221	rspR	HTH-type transcriptional repressor RspR	no	rspR	en_familia	13	0.3095	shell	shell	si	no	no
bin_1_54	bin-1-54	bin_1_54_00659	cds	contig_16	71199	0.4171	223	1797	-	222	524		S-layer protein	no	group_6057	en_familia	42	1.0000	core	core	no	no	no
bin_1_54	bin-1-54	bin_1_54_00660	cds	contig_16	71199	0.4171	2046	2630	-	2045	194		DUF4309 domain-containing protein	no	group_7298	en_familia	41	0.9762	core	core	no	no	no
bin_1_54	bin-1-54	bin_1_54_00661	cds	contig_16	71199	0.4171	3113	3583	-	3112	156		DinB-like domain-containing protein	no	group_5226	en_familia	42	1.0000	core	core	no	no	no
bin_1_54	bin-1-54	bin_1_54_00662	cds	contig_16	71199	0.4171	4124	4540	-	4123	138		GNAT family N-acetyltransferase	no	group_2579	en_familia	42	1.0000	core	core	no	no	no
bin_1_54	bin-1-54	bin_1_54_00663	cds	contig_16	71199	0.4171	5463	6656	+	5462	397		LL-diaminopimelate aminotransferase	no	group_4750	en_familia	42	1.0000	core	core	no	no	no
bin_1_54	bin-1-54	bin_1_54_00664	cds	contig_16	71199	0.4171	6992	7708	+	6991	238		ABC-2 family transporter protein	no	group_5451	en_familia	11	0.2619	shell	shell	si	no	no
bin_1_54	bin-1-54	bin_1_54_00665	cds	contig_16	71199	0.4171	7732	8136	+	7731	134	gntR	GntR family transcriptional regulator	no	group_3259	en_familia	12	0.2857	shell	shell	si	no	no
bin_1_54	bin-1-54	bin_1_54_00666	cds	contig_16	71199	0.4171	8136	8987	+	8135	283		ABC transporter ATP-binding protein	no	group_37	en_familia	12	0.2857	shell	shell	si	no	no
bin_1_54	bin-1-54	bin_1_54_00667	cds	contig_16	71199	0.4171	9179	9451	+	9178	90		phage holin	no	group_2557	en_familia	42	1.0000	core	core	no	no	no
bin_1_54	bin-1-54	bin_1_54_00668	cds	contig_16	71199	0.4171	9638	10117	+	9637	159	mepH	Murein DD-endopeptidase MepH	no	mepH	en_familia	42	1.0000	core	core	no	no	no
bin_1_54	bin-1-54	bin_1_54_00669	cds	contig_16	71199	0.4171	10206	10742	-	10205	178		Cytochrome oxidase subunit II transmembrane region profile domain-containing protein	no	group_2558	en_familia	42	1.0000	core	core	no	no	no
bin_1_54	bin-1-54	bin_1_54_00670	cds	contig_16	71199	0.4171	10735	11793	-	10734	352		DUF2157 domain-containing protein	no	group_2794	en_familia	42	1.0000	core	core	no	no	no
bin_1_54	bin-1-54	bin_1_54_00671	cds	contig_16	71199	0.4171	12022	12342	+	12021	106	padR	PadR family transcriptional regulator	no	group_4097	en_familia	42	1.0000	core	core	no	no	no
bin_1_54	bin-1-54	bin_1_54_00672	cds	contig_16	71199	0.4171	12339	12893	+	12338	184		DUF1700 domain-containing protein	no	group_2793	en_familia	42	1.0000	core	core	no	no	no
bin_1_54	bin-1-54	bin_1_54_00673	cds	contig_16	71199	0.4171	12886	13680	+	12885	264		DUF4097 domain-containing protein	no	group_13839	en_familia	42	1.0000	core	core	no	no	no
bin_1_54	bin-1-54	bin_1_54_00674	cds	contig_16	71199	0.4171	13902	14948	+	13901	348		Bifunctional diguanylate cyclase/metal dependent phosphohydrolase	no	ycdT	en_familia	21	0.5000	shell	shell	si	no	no
bin_1_54	bin-1-54	bin_1_54_00675	cds	contig_16	71199	0.4171	15026	15169	+	15025	47		hypothetical protein	no	group_10925	en_familia	1	0.0238	cloud	cloud	si	si	no
bin_1_54	bin-1-54	bin_1_54_00676	cds	contig_16	71199	0.4171	15253	16434	+	15252	393	araJ	L-galactonate transporter	no	group_5556	en_familia	42	1.0000	core	core	no	no	no
bin_1_54	bin-1-54	bin_1_54_00677	cds	contig_16	71199	0.4171	16600	21270	+	16599	1556		DUF2157 domain-containing protein	no	group_10335	en_familia	42	1.0000	core	core	no	no	no
bin_1_54	bin-1-54	bin_1_54_00678	cds	contig_16	71199	0.4171	21384	21632	-	21383	82		hypothetical protein	no	group_5974	en_familia	25	0.5952	shell	shell	si	no	no
bin_1_54	bin-1-54	bin_1_54_00679	cds	contig_16	71199	0.4171	21738	22664	-	21737	308		hypothetical protein	no	group_4875	en_familia	41	0.9762	core	core	no	no	no
bin_1_54	bin-1-54	bin_1_54_00680	cds	contig_16	71199	0.4171	22916	23146	+	22915	76		Helix-turn-helix domain-containing protein	no	group_1746	en_familia	42	1.0000	core	core	no	no	no
bin_1_54	bin-1-54	bin_1_54_00681	cds	contig_16	71199	0.4171	24165	25184	+	24164	339	perM	AI-2E family transporter	no	group_2082	en_familia	42	1.0000	core	core	no	no	no
bin_1_54	bin-1-54	bin_1_54_00682	cds	contig_16	71199	0.4171	25523	26344	+	25522	273		Glutamine-binding periplasmic protein	no	group_10308	en_familia	42	1.0000	core	core	no	no	no
bin_1_54	bin-1-54	bin_1_54_00683	cds	contig_16	71199	0.4171	26423	27079	+	26422	218	hisM	L-cystine transport system permease protein YecS	no	group_12316	en_familia	42	1.0000	core	core	no	no	no
bin_1_54	bin-1-54	bin_1_54_00684	cds	contig_16	71199	0.4171	27076	27798	+	27075	240	glnQ	Glutamine transport ATP-binding protein GlnQ	no	group_11621	en_familia	42	1.0000	core	core	no	no	no
bin_1_54	bin-1-54	bin_1_54_00685	cds	contig_16	71199	0.4171	27862	28233	-	27861	123		DUF2513 domain-containing protein	no	group_2243	en_familia	42	1.0000	core	core	no	no	no
bin_1_54	bin-1-54	bin_1_54_00686	cds	contig_16	71199	0.4171	28396	29277	-	28395	293	cidR	cidABC operon transcriptional activator CidR	no	cidR	en_familia	42	1.0000	core	core	no	no	no
bin_1_54	bin-1-54	bin_1_54_00687	cds	contig_16	71199	0.4171	29437	29862	-	29436	141	uspA	Stress response protein NhaX	no	group_13989	en_familia	42	1.0000	core	core	no	no	no
bin_1_54	bin-1-54	bin_1_54_00688	cds	contig_16	71199	0.4171	30028	30423	+	30027	131	soxR	HTH-type transcriptional regulator CueR	no	soxR	en_familia	42	1.0000	core	core	no	no	no
bin_1_54	bin-1-54	bin_1_54_00689	cds	contig_16	71199	0.4171	30458	31264	+	30457	268		Oxidoreductase Rv1144	no	group_5586	en_familia	42	1.0000	core	core	no	no	no
bin_1_54	bin-1-54	bin_1_54_00690	cds	contig_16	71199	0.4171	31345	32490	+	31344	381	caiA	Acyl-[acyl-carrier-protein] dehydrogenase MbtN	no	group_3590	en_familia	42	1.0000	core	core	no	no	no
bin_1_54	bin-1-54	bin_1_54_00691	cds	contig_16	71199	0.4171	32516	33667	+	32515	383	paaJ	3-oxoadipyl-CoA/3-oxo-5,6-dehydrosuberyl-CoA thiolase	no	group_3273	en_familia	42	1.0000	core	core	no	no	no
bin_1_54	bin-1-54	bin_1_54_00692	cds	contig_16	71199	0.4171	33799	35379	+	33798	526		Long-chain-fatty-acid--CoA ligase FadD13	no	group_13205	en_familia	42	1.0000	core	core	no	no	no
bin_1_54	bin-1-54	bin_1_54_00693	cds	contig_16	71199	0.4171	35734	35916	-	35283	60	yfhD	YfhD family protein	no	group_12863	en_familia	42	1.0000	core	core	no	no	no
bin_1_54	bin-1-54	bin_1_54_00694	cds	contig_16	71199	0.4171	36198	37118	-	34081	306		TIGR01777 family protein	no	group_3156	en_familia	42	1.0000	core	core	no	no	no
bin_1_54	bin-1-54	bin_1_54_00695	cds	contig_16	71199	0.4171	37245	38042	+	33157	265	recX	recombination regulator RecX	no	recX	en_familia	42	1.0000	core	core	no	no	no
bin_1_54	bin-1-54	bin_1_54_00696	cds	contig_16	71199	0.4171	38118	38429	+	32770	103		DUF1811 domain-containing protein	no	group_4424	en_familia	42	1.0000	core	core	no	no	no
bin_1_54	bin-1-54	bin_1_54_00697	cds	contig_16	71199	0.4171	38740	39006	+	32193	88		WVELL protein	no	group_13383	en_familia	42	1.0000	core	core	no	no	no
bin_1_54	bin-1-54	bin_1_54_00698	cds	contig_16	71199	0.4171	39056	40033	-	31166	325	ybcI	Metal-dependent hydrolase	no	ybcI	en_familia	42	1.0000	core	core	no	no	no
bin_1_54	bin-1-54	bin_1_54_00699	cds	contig_16	71199	0.4171	40242	41360	+	29839	372	mutY	A/G-specific adenine glycosylase	no	mutY	en_familia	42	1.0000	core	core	no	no	no
bin_1_54	bin-1-54	bin_1_54_00700	cds	contig_16	71199	0.4171	41549	41773	-	29426	74	yfhS	YfhS protein	no	yfhS	en_familia	42	1.0000	core	core	no	no	no
bin_1_54	bin-1-54	bin_1_54_00701	cds	contig_16	71199	0.4171	41840	42589	+	28610	249	fabL	enoyl-[acyl-carrier-protein] reductase FabL	no	fabL	en_familia	42	1.0000	core	core	no	no	no
bin_1_54	bin-1-54	bin_1_54_00702	cds	contig_16	71199	0.4171	42671	42949	+	28250	92		Small, acid-soluble spore protein gamma-type	no	group_2210	en_familia	42	1.0000	core	core	no	no	no
bin_1_54	bin-1-54	bin_1_54_00703	cds	contig_16	71199	0.4171	43110	43364	+	27835	84		YgaB-like protein	no	group_14525	en_familia	42	1.0000	core	core	no	no	no
bin_1_54	bin-1-54	bin_1_54_00704	cds	contig_16	71199	0.4171	43598	44128	+	27071	176	ygaC	Nucleoside triphosphate/diphosphate phosphatase	no	ygaC	en_familia	42	1.0000	core	core	no	no	no
bin_1_54	bin-1-54	bin_1_54_00705	cds	contig_16	71199	0.4171	44366	46114	+	25085	582	mdlB	Multidrug export ATP-binding/permease protein SA1683	no	group_932	en_familia	42	1.0000	core	core	no	no	no
bin_1_54	bin-1-54	bin_1_54_00706	cds	contig_16	71199	0.4171	46196	47113	-	24086	305	rhaT	EamA domain-containing protein	no	eamA~~~rhaT	en_familia	42	1.0000	core	core	no	no	no
bin_1_54	bin-1-54	bin_1_54_00707	cds	contig_16	71199	0.4171	47406	47753	-	23446	115		hypothetical protein	no	group_2490	en_familia	42	1.0000	core	core	no	no	no
bin_1_54	bin-1-54	bin_1_54_00708	cds	contig_16	71199	0.4171	47767	48297	-	22902	176	wrbA	Flavodoxin-like domain-containing protein	no	wrbA	en_familia	42	1.0000	core	core	no	no	no
bin_1_54	bin-1-54	bin_1_54_00709	cds	contig_16	71199	0.4171	48316	49935	-	21264	539	araJ	Multidrug export protein EmrB	no	group_1274	en_familia	42	1.0000	core	core	no	no	no
bin_1_54	bin-1-54	bin_1_54_00710	cds	contig_16	71199	0.4171	49976	50614	-	20585	212	yhbJ	Transporter YhbJ	no	group_12479	en_familia	42	1.0000	core	core	no	no	no
bin_1_54	bin-1-54	bin_1_54_00711	cds	contig_16	71199	0.4171	50942	51400	+	19799	152		HTH marR-type domain-containing protein	no	group_1639	en_familia	42	1.0000	core	core	no	no	no
bin_1_54	bin-1-54	bin_1_54_00712	cds	contig_16	71199	0.4171	51459	52550	-	18649	363	ygaE	Aromatic acid exporter family protein	no	group_6668	en_familia	42	1.0000	core	core	no	no	no
bin_1_54	bin-1-54	bin_1_54_00713	cds	contig_16	71199	0.4171	52882	57354	-	13845	1490	gltB3	Glutamate synthase [NADPH] large chain	no	gltB3	en_familia	42	1.0000	core	core	no	no	no
bin_1_54	bin-1-54	bin_1_54_00714	cds	contig_16	71199	0.4171	57694	58983	-	12216	429	hemL	glutamate-1-semialdehyde 2,1-aminomutase	no	hemL	en_familia	42	1.0000	core	core	no	no	no
bin_1_54	bin-1-54	bin_1_54_00715	cds	contig_16	71199	0.4171	59112	59438	-	11761	108		Pullulanase	no	group_1353	en_familia	42	1.0000	core	core	no	no	no
bin_1_54	bin-1-54	bin_1_54_00716	cds	contig_16	71199	0.4171	59590	60597	+	10602	335	drrA	Drug resistance ABC transporter ATP-binding protein DrrA	no	drrA	en_familia	42	1.0000	core	core	no	no	no
bin_1_54	bin-1-54	bin_1_54_00717	cds	contig_16	71199	0.4171	60646	61437	+	9762	263		Daunorubicin ABC transporter permease	no	group_1758	en_familia	42	1.0000	core	core	no	no	no
bin_1_54	bin-1-54	bin_1_54_00718	cds	contig_16	71199	0.4171	61442	62227	+	8972	261		ABC transporter permease	no	group_10776	en_familia	42	1.0000	core	core	no	no	no
bin_1_54	bin-1-54	bin_1_54_00719	cds	contig_16	71199	0.4171	62238	62633	-	8566	131		Acyl-CoA thioester hydrolase	no	group_2141	en_familia	40	0.9524	core	core	no	no	no
bin_1_54	bin-1-54	bin_1_54_00720	cds	contig_16	71199	0.4171	62737	65037	-	6162	766	metE	5-methyltetrahydropteroyltriglutamate--homocysteine S-methyltransferase	no	metE	en_familia	42	1.0000	core	core	no	no	no
bin_1_54	bin-1-54	bin_1_54_00721	cds	contig_16	71199	0.4171	65660	66040	+	5159	126		Potassium channel family protein	no	group_13915	en_familia	42	1.0000	core	core	no	no	no
bin_1_54	bin-1-54	bin_1_54_00722	cds	contig_16	71199	0.4171	66103	66573	+	4626	156	bcp	thioredoxin-dependent thiol peroxidase	no	bcp	en_familia	42	1.0000	core	core	no	no	no
bin_1_54	bin-1-54	bin_1_54_00723	cds	contig_16	71199	0.4171	66585	67694	+	3505	369		Aminopeptidase T	no	group_5567	en_familia	42	1.0000	core	core	no	no	no
bin_1_54	bin-1-54	bin_1_54_00724	cds	contig_16	71199	0.4171	67843	68787	+	2412	314		Hydroxypyruvate reductase	no	group_5568	en_familia	42	1.0000	core	core	no	no	no
bin_1_54	bin-1-54	bin_1_54_00725	cds	contig_16	71199	0.4171	68949	69386	+	1813	145	perR	peroxide-responsive transcriptional repressor PerR	no	perR	en_familia	42	1.0000	core	core	no	no	no
bin_1_54	bin-1-54	bin_1_54_00726	cds	contig_16	71199	0.4171	69482	69835	-	1364	117	eccE	UPF0295 protein BS1321_08550	no	eccE	en_familia	42	1.0000	core	core	no	no	no
bin_1_54	bin-1-54	bin_1_54_00727	cds	contig_16	71199	0.4171	70007	70885	+	314	292		Nucleotidyltransferase-like domain-containing protein	no	group_1794	en_familia	42	1.0000	core	core	no	no	no
bin_1_54	bin-1-54	bin_1_54_00728	cds	contig_17	170432	0.4073	312	962	-	311	216	sigH	RNA polymerase sporulation sigma factor SigH	no	group_5125	en_familia	41	0.9762	core	core	no	no	no
bin_1_54	bin-1-54	bin_1_54_00729	cds	contig_17	170432	0.4073	1568	2071	-	1567	167	dinB	Damage-inducible protein DinB	no	group_2328	en_familia	41	0.9762	core	core	no	no	no
bin_1_54	bin-1-54	bin_1_54_00730	cds	contig_17	170432	0.4073	2501	3382	+	2500	293	merR	DNA-binding transcriptional regulator, MerR family	no	group_5124	en_familia	40	0.9524	core	core	no	no	no
bin_1_54	bin-1-54	bin_1_54_00731	cds	contig_17	170432	0.4073	3890	5227	+	3889	445		Putrescine importer	no	group_5726	en_familia	38	0.9048	shell	core	si	no	no
bin_1_54	bin-1-54	bin_1_54_00732	cds	contig_17	170432	0.4073	5258	6880	+	5257	540		Amidohydrolase family protein	no	group_6285	en_familia	36	0.8571	shell	shell	si	no	no
bin_1_54	bin-1-54	bin_1_54_00733	cds	contig_17	170432	0.4073	7111	8454	+	7110	447		Putrescine importer	no	group_6519	en_familia	36	0.8571	shell	shell	si	no	no
bin_1_54	bin-1-54	bin_1_54_00734	cds	contig_17	170432	0.4073	8496	10127	+	8495	543		Amidohydrolase 3 domain-containing protein	no	group_3984	en_familia	38	0.9048	shell	core	si	no	no
bin_1_54	bin-1-54	bin_1_54_00735	cds	contig_17	170432	0.4073	10151	10366	+	10150	71		hypothetical protein	no	group_12830	en_familia	2	0.0476	cloud	cloud	si	si	no
bin_1_54	bin-1-54	bin_1_54_00736	cds	contig_17	170432	0.4073	10658	10780	+	10657	40		Transposase	no	group_3982	en_familia	22	0.5238	shell	shell	si	no	no
bin_1_54	bin-1-54	bin_1_54_00737	cds	contig_17	170432	0.4073	10751	11743	-	10750	330	acd	D-cysteine desulfhydrase	no	acd	en_familia	41	0.9762	core	core	no	no	no
bin_1_54	bin-1-54	bin_1_54_00738	cds	contig_17	170432	0.4073	13105	13242	-	13104	45		VOC domain-containing protein	no	group_2136	en_familia	41	0.9762	core	core	no	no	no
bin_1_54	bin-1-54	bin_1_54_00739	cds	contig_17	170432	0.4073	13315	14064	-	13314	249		VOC domain-containing protein	no	group_2136	en_familia	41	0.9762	core	core	no	no	no
bin_1_54	bin-1-54	bin_1_54_00740	cds	contig_17	170432	0.4073	14105	14893	-	14104	262	fabG	3-(Cis-5,6-dihydroxycyclohexa-1, 3-dien-1-yl)propanoate dehydrogenase	no	group_4645	en_familia	42	1.0000	core	core	no	no	no
bin_1_54	bin-1-54	bin_1_54_00741	cds	contig_17	170432	0.4073	14928	15437	-	14927	169	hcaF	Aromatic-ring-hydroxylating dioxygenase subunit beta	no	hcaF	en_familia	42	1.0000	core	core	no	no	no
bin_1_54	bin-1-54	bin_1_54_00742	cds	contig_17	170432	0.4073	15459	16760	-	15458	433	hcaE	Rieske domain-containing protein	no	group_4538	en_familia	41	0.9762	core	core	no	no	no
bin_1_54	bin-1-54	bin_1_54_00743	cds	contig_17	170432	0.4073	16799	17584	-	16798	261	nadX	aspartate dehydrogenase	no	nadX	en_familia	41	0.9762	core	core	no	no	no
bin_1_54	bin-1-54	bin_1_54_00744	cds	contig_17	170432	0.4073	17601	19046	-	17600	481		Aldehyde dehydrogenase, thermostable	no	group_2308	en_familia	41	0.9762	core	core	no	no	no
bin_1_54	bin-1-54	bin_1_54_00745	cds	contig_17	170432	0.4073	19059	20747	-	19058	562	ilvB	thiamine pyrophosphate-binding protein	no	group_9459	en_familia	41	0.9762	core	core	no	no	no
bin_1_54	bin-1-54	bin_1_54_00746	cds	contig_17	170432	0.4073	20778	21569	-	20777	263	fabG	SDR family oxidoreductase	no	group_10691	en_familia	41	0.9762	core	core	no	no	no
bin_1_54	bin-1-54	bin_1_54_00747	cds	contig_17	170432	0.4073	21671	22609	-	21670	312	catE	Manganese-dependent 2,3-dihydroxybiphenyl 1,2-dioxygenase	no	group_13600	en_familia	41	0.9762	core	core	no	no	no
bin_1_54	bin-1-54	bin_1_54_00748	cds	contig_17	170432	0.4073	22731	23264	-	22730	177	qdoI	Cupin type-2 domain-containing protein	no	group_13427	en_familia	41	0.9762	core	core	no	no	no
bin_1_54	bin-1-54	bin_1_54_00749	cds	contig_17	170432	0.4073	23538	24353	-	23537	271	iclR	IclR family transcriptional regulator	no	group_3360	en_familia	41	0.9762	core	core	no	no	no
bin_1_54	bin-1-54	bin_1_54_00750	cds	contig_17	170432	0.4073	24847	25149	-	24846	100		hypothetical protein	no	group_3231	en_familia	9	0.2143	shell	shell	si	no	no
bin_1_54	bin-1-54	bin_1_54_00751	cds	contig_17	170432	0.4073	25472	26764	+	25471	430	uhpC	Sulfoacetate transporter SauU	no	group_1309	en_familia	41	0.9762	core	core	no	no	no
bin_1_54	bin-1-54	bin_1_54_00752	cds	contig_17	170432	0.4073	27413	28738	-	27412	441		2-keto-3-deoxygluconate permease	no	group_3330	en_familia	41	0.9762	core	core	no	no	no
bin_1_54	bin-1-54	bin_1_54_00753	cds	contig_17	170432	0.4073	28795	29517	-	28794	240	dasR	HTH-type transcriptional repressor DasR	no	dasR	en_familia	41	0.9762	core	core	no	no	no
bin_1_54	bin-1-54	bin_1_54_00754	cds	contig_17	170432	0.4073	29533	30510	-	29532	325		2-dehydro-3-deoxygluconokinase	no	group_2197	en_familia	41	0.9762	core	core	no	no	no
bin_1_54	bin-1-54	bin_1_54_00755	cds	contig_17	170432	0.4073	30539	31294	-	30538	251	dagF	2-dehydro-3-deoxy-phosphogluconate aldolase	no	dagF	en_familia	41	0.9762	core	core	no	no	no
bin_1_54	bin-1-54	bin_1_54_00756	cds	contig_17	170432	0.4073	31291	32397	-	31290	368	selA	D-glucosaminate-6-phosphate ammonia lyase	no	selA	en_familia	41	0.9762	core	core	no	no	no
bin_1_54	bin-1-54	bin_1_54_00757	cds	contig_17	170432	0.4073	32375	33478	-	32374	367		amidohydrolase/deacetylase family metallohydrolase	no	group_914	en_familia	41	0.9762	core	core	no	no	no
bin_1_54	bin-1-54	bin_1_54_00758	cds	contig_17	170432	0.4073	34229	34588	+	34228	119		hypothetical protein	no	group_4008	en_familia	27	0.6429	shell	shell	si	no	no
bin_1_54	bin-1-54	bin_1_54_00759	cds	contig_17	170432	0.4073	34883	36472	-	34882	529		Long-chain-fatty-acid--CoA ligase	no	group_4449	en_familia	42	1.0000	core	core	no	no	no
bin_1_54	bin-1-54	bin_1_54_00760	cds	contig_17	170432	0.4073	36783	37229	-	36782	148	yusO	HTH-type transcriptional regulator YusO	no	yusO	en_familia	42	1.0000	core	core	no	no	no
bin_1_54	bin-1-54	bin_1_54_00761	cds	contig_17	170432	0.4073	37351	38538	+	37350	395		Multidrug-efflux transporter	no	group_4898	en_familia	41	0.9762	core	core	no	no	no
bin_1_54	bin-1-54	bin_1_54_00762	cds	contig_17	170432	0.4073	39251	40294	-	39250	347		Scyllo-inositol 2-dehydrogenase (NADP(+))	no	group_1496	en_familia	41	0.9762	core	core	no	no	no
bin_1_54	bin-1-54	bin_1_54_00763	cds	contig_17	170432	0.4073	40340	40768	-	40339	142		YdhG-like domain-containing protein	no	group_1075	en_familia	41	0.9762	core	core	no	no	no
bin_1_54	bin-1-54	bin_1_54_00764	cds	contig_17	170432	0.4073	41137	42612	-	41136	491		N-acetylglucosamine-specific PTS transporter subunit IIBC	no	group_4517	en_familia	42	1.0000	core	core	no	no	no
bin_1_54	bin-1-54	bin_1_54_00765	cds	contig_17	170432	0.4073	42802	44040	-	42801	412		DUF1343 domain-containing protein	no	group_5905	en_familia	41	0.9762	core	core	no	no	no
bin_1_54	bin-1-54	bin_1_54_00766	cds	contig_17	170432	0.4073	44054	45994	-	44053	646		beta-N-acetylhexosaminidase	no	group_4589	en_familia	41	0.9762	core	core	no	no	no
bin_1_54	bin-1-54	bin_1_54_00767	cds	contig_17	170432	0.4073	46196	47206	-	46195	336		DUF871 domain-containing protein	no	group_1229	en_familia	40	0.9524	core	core	no	no	no
bin_1_54	bin-1-54	bin_1_54_00768	cds	contig_17	170432	0.4073	47203	48573	-	47202	456	ptsG2	Phosphotransferase system EIIBC domain-containing protein	no	group_3205	en_familia	40	0.9524	core	core	no	no	no
bin_1_54	bin-1-54	bin_1_54_00769	cds	contig_17	170432	0.4073	48606	49463	-	48605	285	rpiR	Transcriptional regulator	no	group_13000	en_familia	40	0.9524	core	core	no	no	no
bin_1_54	bin-1-54	bin_1_54_00770	cds	contig_17	170432	0.4073	49474	50382	-	49473	302	murQ	N-acetylmuramic acid 6-phosphate etherase	no	murQ	en_familia	40	0.9524	core	core	no	no	no
bin_1_54	bin-1-54	bin_1_54_00771	cds	contig_17	170432	0.4073	50744	51925	-	50743	393	livK	Branched-chain amino acid ABC transporter substrate-binding protein	no	group_5026	en_familia	40	0.9524	core	core	no	no	no
bin_1_54	bin-1-54	bin_1_54_00772	cds	contig_17	170432	0.4073	51948	52655	-	51947	235	livF	Branched-chain amino acid ABC transporter ATP-binding protein	no	livF	en_familia	40	0.9524	core	core	no	no	no
bin_1_54	bin-1-54	bin_1_54_00773	cds	contig_17	170432	0.4073	52648	53412	-	52647	254	livG	Sulfate/thiosulfate import ATP-binding protein CysA	no	livG	en_familia	40	0.9524	core	core	no	no	no
bin_1_54	bin-1-54	bin_1_54_00774	cds	contig_17	170432	0.4073	53415	54410	-	53414	331	livH	High-affinity branched-chain amino acid transport system permease protein LivH	no	group_3319	en_familia	41	0.9762	core	core	no	no	no
bin_1_54	bin-1-54	bin_1_54_00775	cds	contig_17	170432	0.4073	54412	55275	-	54411	287	livH	High-affinity branched-chain amino acid transport system permease protein LivH	no	group_13358	en_familia	41	0.9762	core	core	no	no	no
bin_1_54	bin-1-54	bin_1_54_00776	cds	contig_17	170432	0.4073	56335	56688	-	56334	117		hypothetical protein	no	group_5416	en_familia	38	0.9048	shell	core	si	no	no
bin_1_54	bin-1-54	bin_1_54_00777	cds	contig_17	170432	0.4073	56701	57231	-	56700	176	yhcB	Flavodoxin/nitric oxide synthase YhcB	no	yhcB	en_familia	39	0.9286	shell	core	si	no	no
bin_1_54	bin-1-54	bin_1_54_00778	cds	contig_17	170432	0.4073	57275	57907	-	57274	210	yhbJ	Transporter YhbJ	no	yhbJ	en_familia	39	0.9286	shell	core	si	no	no
bin_1_54	bin-1-54	bin_1_54_00779	cds	contig_17	170432	0.4073	57904	59544	-	57903	546	yubD	Transporter YubD	no	yubD	en_familia	39	0.9286	shell	core	si	no	no
bin_1_54	bin-1-54	bin_1_54_00780	cds	contig_17	170432	0.4073	59855	60280	-	59854	141	marR	MarR family transcriptional regulator	no	group_876	en_familia	39	0.9286	shell	core	si	no	no
bin_1_54	bin-1-54	bin_1_54_00781	cds	contig_17	170432	0.4073	60914	62611	-	60913	565		Limonene hydroxylase	no	group_1035	en_familia	42	1.0000	core	core	no	no	no
bin_1_54	bin-1-54	bin_1_54_00782	cds	contig_17	170432	0.4073	62741	63142	-	62740	133	maoC	Dehydratase	no	group_845	en_familia	42	1.0000	core	core	no	no	no
bin_1_54	bin-1-54	bin_1_54_00783	cds	contig_17	170432	0.4073	63139	63591	-	63138	150	maoC	Dehydratase	no	group_13640	en_familia	42	1.0000	core	core	no	no	no
bin_1_54	bin-1-54	bin_1_54_00784	cds	contig_17	170432	0.4073	63610	64374	-	63609	254	fabG	3-oxoacyl-[acyl-carrier-protein] reductase FabG	no	group_11054	en_familia	42	1.0000	core	core	no	no	no
bin_1_54	bin-1-54	bin_1_54_00785	cds	contig_17	170432	0.4073	64395	65570	-	64394	391	caiA	Medium-chain specific acyl-CoA dehydrogenase, mitochondrial	no	group_5152	en_familia	42	1.0000	core	core	no	no	no
bin_1_54	bin-1-54	bin_1_54_00786	cds	contig_17	170432	0.4073	65597	66748	-	65596	383		Acyl-CoA dehydrogenase	no	group_5479	en_familia	42	1.0000	core	core	no	no	no
bin_1_54	bin-1-54	bin_1_54_00787	cds	contig_17	170432	0.4073	66794	68389	-	66793	531		Long-chain-fatty-acid--CoA ligase	no	group_693	en_familia	42	1.0000	core	core	no	no	no
bin_1_54	bin-1-54	bin_1_54_00788	cds	contig_17	170432	0.4073	68703	71147	-	68702	814	parC	DNA topoisomerase IV subunit A	no	parC	en_familia	42	1.0000	core	core	no	no	no
bin_1_54	bin-1-54	bin_1_54_00789	cds	contig_17	170432	0.4073	71137	73122	-	71136	661	parE	DNA topoisomerase IV subunit B	no	parE	en_familia	42	1.0000	core	core	no	no	no
bin_1_54	bin-1-54	bin_1_54_00790	cds	contig_17	170432	0.4073	73506	73916	-	73505	136		CoA-binding domain-containing protein	no	group_771	en_familia	42	1.0000	core	core	no	no	no
bin_1_54	bin-1-54	bin_1_54_00791	cds	contig_17	170432	0.4073	74406	74993	+	74405	195	plsY	glycerol-3-phosphate 1-O-acyltransferase PlsY	no	plsY	en_familia	42	1.0000	core	core	no	no	no
bin_1_54	bin-1-54	bin_1_54_00792	cds	contig_17	170432	0.4073	75048	75587	-	75047	179		Methyl-accepting chemotaxis sensory transducer	no	group_6513	en_familia	33	0.7857	shell	shell	si	no	no
bin_1_54	bin-1-54	bin_1_54_00793	cds	contig_17	170432	0.4073	75619	76026	-	75618	135		Methyl-accepting chemotaxis sensory transducer	no	group_6513	en_familia	33	0.7857	shell	shell	si	no	no
bin_1_54	bin-1-54	bin_1_54_00794	cds	contig_17	170432	0.4073	76023	76271	-	76022	82		Globin-sensor domain-containing protein	no	group_6513	en_familia	33	0.7857	shell	shell	si	no	no
bin_1_54	bin-1-54	bin_1_54_00795	cds	contig_17	170432	0.4073	76597	76746	+	76596	49	yycC	YycC family protein	no	yycC	en_familia	42	1.0000	core	core	no	no	no
bin_1_54	bin-1-54	bin_1_54_00796	cds	contig_17	170432	0.4073	76987	77472	-	76986	161		8-oxo-dGTP diphosphatase	no	group_3623	en_familia	42	1.0000	core	core	no	no	no
bin_1_54	bin-1-54	bin_1_54_00797	cds	contig_17	170432	0.4073	77563	77859	+	77562	98		FeS cluster biogenesis domain-containing protein	no	group_5236	en_familia	42	1.0000	core	core	no	no	no
bin_1_54	bin-1-54	bin_1_54_00798	cds	contig_17	170432	0.4073	77897	78190	-	77896	97	yneQ	YneQ	no	yneQ	en_familia	42	1.0000	core	core	no	no	no
bin_1_54	bin-1-54	bin_1_54_00799	cds	contig_17	170432	0.4073	78215	78646	-	78214	143	ybgC	Acyl-CoA thioester hydrolase YbgC	no	ybgC	en_familia	42	1.0000	core	core	no	no	no
bin_1_54	bin-1-54	bin_1_54_00800	cds	contig_17	170432	0.4073	78798	79043	-	78797	81	tlp	small acid-soluble spore protein Tlp	no	tlp	en_familia	42	1.0000	core	core	no	no	no
bin_1_54	bin-1-54	bin_1_54_00801	cds	contig_17	170432	0.4073	79111	79254	-	79110	47		acid-soluble spore protein N	no	group_3021	en_familia	42	1.0000	core	core	no	no	no
bin_1_54	bin-1-54	bin_1_54_00802	cds	contig_17	170432	0.4073	79385	79513	-	79384	42	fbpB	FbpB family small basic protein	no	group_11264	en_familia	42	1.0000	core	core	no	no	no
bin_1_54	bin-1-54	bin_1_54_00803	cds	contig_17	170432	0.4073	79715	79873	-	79714	52		hypothetical protein	no	group_10571	en_familia	1	0.0238	cloud	cloud	si	si	no
bin_1_54	bin-1-54	bin_1_54_00804	cds	contig_17	170432	0.4073	79883	80416	-	79882	177	resA	Thiol-disulfide oxidoreductase ResA	no	resA	en_familia	42	1.0000	core	core	no	no	no
bin_1_54	bin-1-54	bin_1_54_00805	cds	contig_17	170432	0.4073	80621	83332	-	80620	903	acnA	aconitate hydratase AcnA	no	group_172	en_familia	42	1.0000	core	core	no	no	no
bin_1_54	bin-1-54	bin_1_54_00806	cds	contig_17	170432	0.4073	83319	83582	-	83318	87		hypothetical protein	no	group_12678	en_familia	42	1.0000	core	core	no	no	no
bin_1_54	bin-1-54	bin_1_54_00807	cds	contig_17	170432	0.4073	83718	83870	+	83717	50	sspO	small acid-soluble spore protein O	no	sspO	en_familia	42	1.0000	core	core	no	no	no
bin_1_54	bin-1-54	bin_1_54_00808	cds	contig_17	170432	0.4073	84033	84296	-	84032	87		Small, acid-soluble spore protein N	no	group_3000	en_familia	42	1.0000	core	core	no	no	no
bin_1_54	bin-1-54	bin_1_54_00809	cds	contig_17	170432	0.4073	84413	84556	+	84412	47	sspP	small acid-soluble spore protein P	no	sspP	en_familia	42	1.0000	core	core	no	no	no
bin_1_54	bin-1-54	bin_1_54_00810	cds	contig_17	170432	0.4073	84740	85759	-	84673	339		Molybdopterin-synthase adenylyltransferase	no	group_2178	en_familia	42	1.0000	core	core	no	no	no
bin_1_54	bin-1-54	bin_1_54_00811	cds	contig_17	170432	0.4073	85756	86523	-	83909	255	thiG	Thiazole synthase	no	thiG	en_familia	42	1.0000	core	core	no	no	no
bin_1_54	bin-1-54	bin_1_54_00812	cds	contig_17	170432	0.4073	86525	86791	-	83641	88	thiS	sulfur carrier protein ThiS	no	thiS	en_familia	42	1.0000	core	core	no	no	no
bin_1_54	bin-1-54	bin_1_54_00813	cds	contig_17	170432	0.4073	86743	87867	-	82565	374	thiO	glycine oxidase ThiO	no	thiO	en_familia	42	1.0000	core	core	no	no	no
bin_1_54	bin-1-54	bin_1_54_00814	cds	contig_17	170432	0.4073	87869	88480	-	81952	203		Thiazole tautomerase	no	tenI	en_familia	42	1.0000	core	core	no	no	no
bin_1_54	bin-1-54	bin_1_54_00815	cds	contig_17	170432	0.4073	88521	89297	-	81135	258	ykoC	HMP/thiamine permease protein YkoC	no	ykoC	en_familia	42	1.0000	core	core	no	no	no
bin_1_54	bin-1-54	bin_1_54_00816	cds	contig_17	170432	0.4073	89298	90761	-	79671	487	ccmA	heme ABC exporter ATP-binding protein CcmA	no	group_9165	en_familia	42	1.0000	core	core	no	no	no
bin_1_54	bin-1-54	bin_1_54_00817	cds	contig_17	170432	0.4073	90780	91358	-	79074	192	ykoE	HMP/thiamine permease protein YkoE	no	ykoE	en_familia	42	1.0000	core	core	no	no	no
bin_1_54	bin-1-54	bin_1_54_00818	cds	contig_17	170432	0.4073	91374	92057	-	78375	227	tenA	thiaminase II	no	group_6064	en_familia	42	1.0000	core	core	no	no	no
bin_1_54	bin-1-54	bin_1_54_00819	cds	contig_17	170432	0.4073	92453	93202	-	77230	249		2-hydroxycyclohexanecarboxyl-CoA dehydrogenase	no	group_11275	en_familia	2	0.0476	cloud	cloud	si	si	no
bin_1_54	bin-1-54	bin_1_54_00820	cds	contig_17	170432	0.4073	93252	94889	-	75543	545		Long-chain-fatty-acid--CoA ligase	no	group_8909	en_familia	2	0.0476	cloud	cloud	si	si	no
bin_1_54	bin-1-54	bin_1_54_00821	cds	contig_17	170432	0.4073	94908	95759	-	74673	283	menB	1,4-dihydroxy-2-naphthoyl-CoA synthase	no	group_12825	en_familia	2	0.0476	cloud	cloud	si	si	no
bin_1_54	bin-1-54	bin_1_54_00822	cds	contig_17	170432	0.4073	95815	96969	-	73463	384	caiA	Acyl-CoA dehydrogenase	no	group_5530	en_familia	2	0.0476	cloud	cloud	si	si	no
bin_1_54	bin-1-54	bin_1_54_00823	cds	contig_17	170432	0.4073	97226	98551	-	71881	441		Transcriptional regulator	no	group_3350	en_familia	2	0.0476	cloud	cloud	si	si	no
bin_1_54	bin-1-54	bin_1_54_00824	cds	contig_17	170432	0.4073	98557	98985	-	71447	142	maoC	Dehydratase	no	maoC	en_familia	2	0.0476	cloud	cloud	si	si	no
bin_1_54	bin-1-54	bin_1_54_00825	cds	contig_17	170432	0.4073	99125	99412	-	71020	95		hypothetical protein	no	group_5608	en_familia	0	0.0000	exclusivo	exclusivo	no	no	si
bin_1_54	bin-1-54	bin_1_54_00826	cds	contig_17	170432	0.4073	99543	99740	-	70692	65		Flavin reductase domain-containing protein	no	group_8678	en_familia	20	0.4762	shell	shell	si	no	no
bin_1_54	bin-1-54	bin_1_54_00827	cds	contig_17	170432	0.4073	100025	100810	+	69622	261		non-specific serine/threonine protein kinase	no	group_2850	en_familia	42	1.0000	core	core	no	no	no
bin_1_54	bin-1-54	bin_1_54_00828	cds	contig_17	170432	0.4073	101284	101556	-	68876	90		DNA-binding protein HU	no	group_10526	en_familia	42	1.0000	core	core	no	no	no
bin_1_54	bin-1-54	bin_1_54_00829	cds	contig_17	170432	0.4073	101730	103247	-	67185	505	cobQ	cobyric acid synthase	no	cobQ	en_familia	42	1.0000	core	core	no	no	no
bin_1_54	bin-1-54	bin_1_54_00830	cds	contig_17	170432	0.4073	103260	103778	-	66654	172		Cob(I)yrinic acid a,c-diamide adenosyltransferase	no	group_9107	en_familia	42	1.0000	core	core	no	no	no
bin_1_54	bin-1-54	bin_1_54_00831	cds	contig_17	170432	0.4073	103811	104374	-	66058	187	nfnB	NAD(P)H nitroreductase YdjA	no	group_14297	en_familia	42	1.0000	core	core	no	no	no
bin_1_54	bin-1-54	bin_1_54_00832	cds	contig_17	170432	0.4073	104353	105162	-	65270	269		uroporphyrinogen-III C-methyltransferase	no	group_12978	en_familia	42	1.0000	core	core	no	no	no
bin_1_54	bin-1-54	bin_1_54_00833	cds	contig_17	170432	0.4073	105201	106592	-	63840	463		cobyrinate a,c-diamide synthase	no	group_3203	en_familia	42	1.0000	core	core	no	no	no
bin_1_54	bin-1-54	bin_1_54_00834	cds	contig_17	170432	0.4073	106609	107733	-	62699	374	cbiG	Cobalt-precorrin-5A hydrolase	no	cbiG	en_familia	42	1.0000	core	core	no	no	no
bin_1_54	bin-1-54	bin_1_54_00835	cds	contig_17	170432	0.4073	107730	108506	-	61926	258	cobM	precorrin-4 C(11)-methyltransferase	no	cobM	en_familia	42	1.0000	core	core	no	no	no
bin_1_54	bin-1-54	bin_1_54_00836	cds	contig_17	170432	0.4073	108503	109210	-	61222	235	cobI	precorrin-2 C(20)-methyltransferase	no	cobI	en_familia	42	1.0000	core	core	no	no	no
bin_1_54	bin-1-54	bin_1_54_00837	cds	contig_17	170432	0.4073	109203	110417	-	60015	404		Cobalamin biosynthesis bifunctional protein CbiET	no	group_1620	en_familia	42	1.0000	core	core	no	no	no
bin_1_54	bin-1-54	bin_1_54_00838	cds	contig_17	170432	0.4073	110401	111501	-	58931	366	cbiD	cobalt-precorrin-5B (C(1))-methyltransferase	no	cbiD	en_familia	42	1.0000	core	core	no	no	no
bin_1_54	bin-1-54	bin_1_54_00839	cds	contig_17	170432	0.4073	111519	112166	-	58266	215	cobH	Precorrin-8X/cobalt-precorrin-8 methylmutase	no	cobH	en_familia	42	1.0000	core	core	no	no	no
bin_1_54	bin-1-54	bin_1_54_00840	cds	contig_17	170432	0.4073	112179	112949	-	57483	256	cobK	precorrin-6A reductase	no	cobK	en_familia	42	1.0000	core	core	no	no	no
bin_1_54	bin-1-54	bin_1_54_00841	cds	contig_17	170432	0.4073	112946	113860	-	56572	304		Sirohydrochlorin cobaltochelatase	no	group_879	en_familia	42	1.0000	core	core	no	no	no
bin_1_54	bin-1-54	bin_1_54_00842	cds	contig_17	170432	0.4073	113879	115516	-	54916	545	cobJ	Precorrin-3B C(17)-methyltransferase	no	cobJ	en_familia	42	1.0000	core	core	no	no	no
bin_1_54	bin-1-54	bin_1_54_00843	cds	contig_17	170432	0.4073	115531	115899	-	54533	122		(2Fe-2S) ferredoxin domain-containing protein	no	group_880	en_familia	42	1.0000	core	core	no	no	no
bin_1_54	bin-1-54	bin_1_54_00844	cds	contig_17	170432	0.4073	116621	116749	+	53683	42		XRE family transcriptional regulator	no	cbiM	en_familia	42	1.0000	core	core	no	no	no
bin_1_54	bin-1-54	bin_1_54_00845	cds	contig_17	170432	0.4073	116813	117556	+	52876	247	cbiM	energy-coupling factor ABC transporter permease	no	group_11349	en_familia	38	0.9048	shell	core	si	no	no
bin_1_54	bin-1-54	bin_1_54_00846	cds	contig_17	170432	0.4073	117558	117869	+	52563	103		energy-coupling factor ABC transporter substrate-binding protein	no	cbiN	en_familia	42	1.0000	core	core	no	no	no
bin_1_54	bin-1-54	bin_1_54_00847	cds	contig_17	170432	0.4073	117856	118632	+	51800	258	cbiQ	cobalt ECF transporter T component CbiQ	no	cbiQ	en_familia	42	1.0000	core	core	no	no	no
bin_1_54	bin-1-54	bin_1_54_00848	cds	contig_17	170432	0.4073	118651	119496	+	50936	281		ABC transporter ATP-binding protein	no	group_4918	en_familia	42	1.0000	core	core	no	no	no
bin_1_54	bin-1-54	bin_1_54_00849	cds	contig_17	170432	0.4073	119598	119810	-	50622	70	yozQ	Sporulation protein YozQ	no	yozQ	en_familia	42	1.0000	core	core	no	no	no
bin_1_54	bin-1-54	bin_1_54_00850	cds	contig_17	170432	0.4073	119975	121402	-	49030	475	alsT	Amino-acid carrier protein AlsT	no	alsT	en_familia	42	1.0000	core	core	no	no	no
bin_1_54	bin-1-54	bin_1_54_00851	cds	contig_17	170432	0.4073	121807	123381	-	47051	524		AMP-dependent synthetase	no	group_1518	en_familia	41	0.9762	core	core	no	no	no
bin_1_54	bin-1-54	bin_1_54_00852	cds	contig_17	170432	0.4073	123409	124581	-	45851	390		Acyl-CoA dehydrogenase	no	group_4761	en_familia	41	0.9762	core	core	no	no	no
bin_1_54	bin-1-54	bin_1_54_00853	cds	contig_17	170432	0.4073	124750	125655	-	44777	301		HTH lysR-type domain-containing protein	no	group_1517	en_familia	41	0.9762	core	core	no	no	no
bin_1_54	bin-1-54	bin_1_54_00854	cds	contig_17	170432	0.4073	125773	127011	-	43421	412		Major facilitator superfamily (MFS) profile domain-containing protein	no	group_4762	en_familia	41	0.9762	core	core	no	no	no
bin_1_54	bin-1-54	bin_1_54_00855	cds	contig_17	170432	0.4073	127275	129269	-	41163	664		Metallo-beta-lactamase domain-containing protein	no	group_4335	en_familia	41	0.9762	core	core	no	no	no
bin_1_54	bin-1-54	bin_1_54_00856	cds	contig_17	170432	0.4073	129500	129625	-	40807	41		Transposase	no	group_11379	en_familia	1	0.0238	cloud	cloud	si	si	no
bin_1_54	bin-1-54	bin_1_54_00857	cds	contig_17	170432	0.4073	129622	130107	-	40325	161		DUF2975 domain-containing protein	no	group_769	en_familia	32	0.7619	shell	shell	si	no	no
bin_1_54	bin-1-54	bin_1_54_00858	cds	contig_17	170432	0.4073	130872	131750	-	38682	292	lysR	HTH-type transcriptional activator CmpR	no	group_9594	en_familia	42	1.0000	core	core	no	no	no
bin_1_54	bin-1-54	bin_1_54_00859	cds	contig_17	170432	0.4073	131996	132625	+	37807	209		Chromate transport protein	no	group_1987	en_familia	42	1.0000	core	core	no	no	no
bin_1_54	bin-1-54	bin_1_54_00860	cds	contig_17	170432	0.4073	132746	133219	+	37213	157		Chromate transport protein	no	group_1321	en_familia	42	1.0000	core	core	no	no	no
bin_1_54	bin-1-54	bin_1_54_00861	cds	contig_17	170432	0.4073	133418	134725	-	35707	435	nhaC	Na+ antiporter NhaC	no	group_4637	en_familia	42	1.0000	core	core	no	no	no
bin_1_54	bin-1-54	bin_1_54_00862	cds	contig_17	170432	0.4073	135357	136028	-	34404	223		Abasic site processing protein	no	group_2990	en_familia	42	1.0000	core	core	no	no	no
bin_1_54	bin-1-54	bin_1_54_00863	cds	contig_17	170432	0.4073	136088	136243	-	34189	51		hypothetical protein	no	group_10619	en_familia	42	1.0000	core	core	no	no	no
bin_1_54	bin-1-54	bin_1_54_00864	cds	contig_17	170432	0.4073	136560	137516	-	32916	318	hutG	formimidoylglutamase	no	group_2989	en_familia	42	1.0000	core	core	no	no	no
bin_1_54	bin-1-54	bin_1_54_00865	cds	contig_17	170432	0.4073	137989	140604	-	29828	871	ppsA	phosphoenolpyruvate synthase	no	ppsA	en_familia	42	1.0000	core	core	no	no	no
bin_1_54	bin-1-54	bin_1_54_00866	cds	contig_17	170432	0.4073	141163	141567	-	28865	134		PhnB-like domain-containing protein	no	group_4917	en_familia	42	1.0000	core	core	no	no	no
bin_1_54	bin-1-54	bin_1_54_00867	cds	contig_17	170432	0.4073	142196	142336	+	28096	46		hypothetical protein	no	group_6021	en_familia	3	0.0714	cloud	cloud	si	si	no
bin_1_54	bin-1-54	bin_1_54_00868	cds	contig_17	170432	0.4073	142350	142847	+	27585	165	yndB	Polyketide cyclase	no	yndB	en_familia	22	0.5238	shell	shell	si	no	no
bin_1_54	bin-1-54	bin_1_54_00869	cds	contig_17	170432	0.4073	142943	145018	-	25414	691	ggt	gamma-glutamyltransferase	no	group_6387	en_familia	42	1.0000	core	core	no	no	no
bin_1_54	bin-1-54	bin_1_54_00870	cds	contig_17	170432	0.4073	145237	147231	-	23201	664	siaM	Sialic acid TRAP transporter large permease protein SiaM	no	siaM	en_familia	42	1.0000	core	core	no	no	no
bin_1_54	bin-1-54	bin_1_54_00871	cds	contig_17	170432	0.4073	147224	147730	-	22702	168	rocC	RocC	no	group_6257	en_familia	42	1.0000	core	core	no	no	no
bin_1_54	bin-1-54	bin_1_54_00872	cds	contig_17	170432	0.4073	147815	148789	-	21643	324		C4-dicarboxylate ABC transporter substrate-binding protein	no	group_5637	en_familia	42	1.0000	core	core	no	no	no
bin_1_54	bin-1-54	bin_1_54_00873	cds	contig_17	170432	0.4073	149212	150123	+	20309	303		HTH lysR-type domain-containing protein	no	gltC	en_familia	42	1.0000	core	core	no	no	no
bin_1_54	bin-1-54	bin_1_54_00874	cds	contig_17	170432	0.4073	150640	151632	-	18800	330		Ferredoxin--NADP reductase	no	group_14347	en_familia	42	1.0000	core	core	no	no	no
bin_1_54	bin-1-54	bin_1_54_00875	cds	contig_17	170432	0.4073	151856	152113	-	18319	85		Ferredoxin	no	group_3736	en_familia	42	1.0000	core	core	no	no	no
bin_1_54	bin-1-54	bin_1_54_00876	cds	contig_17	170432	0.4073	152149	152943	-	17489	264		4,5:9,10-diseco-3-hydroxy-5,9, 17-trioxoandrosta-1(10),2-diene-4-oate hydrolase	no	group_3435	en_familia	42	1.0000	core	core	no	no	no
bin_1_54	bin-1-54	bin_1_54_00877	cds	contig_17	170432	0.4073	153120	153908	-	16524	262	fabG	3-(Cis-5,6-dihydroxycyclohexa-1, 3-dien-1-yl)propanoate dehydrogenase	no	group_13595	en_familia	42	1.0000	core	core	no	no	no
bin_1_54	bin-1-54	bin_1_54_00878	cds	contig_17	170432	0.4073	154259	155539	-	14893	426	sauU	Sulfoacetate transporter SauU	no	group_14517	en_familia	42	1.0000	core	core	no	no	no
bin_1_54	bin-1-54	bin_1_54_00879	cds	contig_17	170432	0.4073	156241	157263	+	13169	340		2,4-diaminopentanoate dehydrogenase	no	group_3839	en_familia	42	1.0000	core	core	no	no	no
bin_1_54	bin-1-54	bin_1_54_00880	cds	contig_17	170432	0.4073	157545	157982	-	12450	145		hypothetical protein	no	group_331	en_familia	0	0.0000	exclusivo	exclusivo	no	no	si
bin_1_54	bin-1-54	bin_1_54_00881	cds	contig_17	170432	0.4073	158511	159320	-	11112	269	yitT	DUF2179 domain-containing protein	no	group_10491	en_familia	42	1.0000	core	core	no	no	no
bin_1_54	bin-1-54	bin_1_54_00882	cds	contig_17	170432	0.4073	159463	160728	-	9704	421	htpX	Protease HtpX	no	group_3888	en_familia	42	1.0000	core	core	no	no	no
bin_1_54	bin-1-54	bin_1_54_00883	cds	contig_17	170432	0.4073	161156	161734	-	8698	192		Two-component response regulator	no	group_2499	en_familia	42	1.0000	core	core	no	no	no
bin_1_54	bin-1-54	bin_1_54_00884	cds	contig_17	170432	0.4073	161922	162449	-	7983	175	rnaY	Ribonuclease Y	no	rnaY	en_familia	42	1.0000	core	core	no	no	no
bin_1_54	bin-1-54	bin_1_54_00885	cds	contig_17	170432	0.4073	162626	164170	-	6262	514		Long-chain-fatty-acid--CoA ligase	no	group_1580	en_familia	42	1.0000	core	core	no	no	no
bin_1_54	bin-1-54	bin_1_54_00886	cds	contig_17	170432	0.4073	164349	165338	-	5094	329	lplA	lipoate--protein ligase	no	lplA	en_familia	42	1.0000	core	core	no	no	no
bin_1_54	bin-1-54	bin_1_54_00887	cds	contig_17	170432	0.4073	165380	166114	-	4318	244	elaC	Metallo-beta-lactamase domain-containing protein	no	elaC	en_familia	42	1.0000	core	core	no	no	no
bin_1_54	bin-1-54	bin_1_54_00888	cds	contig_17	170432	0.4073	166577	167152	-	3280	191	acrR	HTH-type transcriptional repressor Bm3R1	no	group_13104	en_familia	42	1.0000	core	core	no	no	no
bin_1_54	bin-1-54	bin_1_54_00889	cds	contig_17	170432	0.4073	167425	168360	-	2072	311	hemH	ferrochelatase	no	hemH	en_familia	42	1.0000	core	core	no	no	no
bin_1_54	bin-1-54	bin_1_54_00890	cds	contig_17	170432	0.4073	168439	169482	-	950	347	hemE	uroporphyrinogen decarboxylase	no	hemE	en_familia	42	1.0000	core	core	no	no	no
bin_1_54	bin-1-54	bin_1_54_00891	cds	contig_17	170432	0.4073	169735	170250	+	182	171	hmoB	Heme-degrading monooxygenase HmoB	no	hmoB	en_familia	42	1.0000	core	core	no	no	no
bin_1_54	bin-1-54	bin_1_54_00892	cds	contig_18	3305	0.3852	384	551	+	383	55		Integrase catalytic domain-containing protein	no	group_15991	en_familia	0	0.0000	exclusivo	exclusivo	no	no	si
bin_1_54	bin-1-54	bin_1_54_00893	cds	contig_18	3305	0.3852	656	1696	-	655	346		2,5-dihydroxypyridine 5,6-dioxygenase	no	group_15992	en_familia	0	0.0000	exclusivo	exclusivo	no	no	si
bin_1_54	bin-1-54	bin_1_54_00894	cds	contig_18	3305	0.3852	1717	2535	-	770	272		Alpha/beta hydrolase fold protein	no	group_15990	en_familia	0	0.0000	exclusivo	exclusivo	no	no	si
bin_1_54	bin-1-54	bin_1_54_00895	cds	contig_18	3305	0.3852	2965	3237	-	68	90		hypothetical protein	no	group_15989	en_familia	0	0.0000	exclusivo	exclusivo	no	no	si
bin_1_54	bin-1-54	bin_1_54_00896	cds	contig_19	15085	0.4198	302	1573	-	301	423	trpB	tryptophan synthase subunit beta	no	group_5381	en_familia	42	1.0000	core	core	no	no	no
bin_1_54	bin-1-54	bin_1_54_00897	cds	contig_19	15085	0.4198	1595	5329	-	1594	1244	addA	helicase-exonuclease AddAB subunit AddA	no	addA	en_familia	42	1.0000	core	core	no	no	no
bin_1_54	bin-1-54	bin_1_54_00898	cds	contig_19	15085	0.4198	5322	8819	-	5321	1165	addB	helicase-exonuclease AddAB subunit AddB	no	addB	en_familia	42	1.0000	core	core	no	no	no
bin_1_54	bin-1-54	bin_1_54_00899	cds	contig_19	15085	0.4198	9008	9571	-	5514	187	lepB	signal peptidase I	no	group_13249	en_familia	42	1.0000	core	core	no	no	no
bin_1_54	bin-1-54	bin_1_54_00900	cds	contig_19	15085	0.4198	9605	10219	-	4866	204	tVP38	TVP38/TMEM64 family membrane protein	no	group_12739	en_familia	42	1.0000	core	core	no	no	no
bin_1_54	bin-1-54	bin_1_54_00901	cds	contig_19	15085	0.4198	10508	10876	+	4209	122	yhjD	YhjD	no	yhjD	en_familia	42	1.0000	core	core	no	no	no
bin_1_54	bin-1-54	bin_1_54_00902	cds	contig_19	15085	0.4198	11116	11370	-	3715	84		Anti-sigma-factor antagonist	no	group_7350	en_familia	0	0.0000	exclusivo	exclusivo	no	no	si
bin_1_54	bin-1-54	bin_1_54_00903	cds	contig_19	15085	0.4198	11469	11558	-	3527	29		hypothetical protein	no	group_3406	en_familia	17	0.4048	shell	shell	si	no	no
bin_1_54	bin-1-54	bin_1_54_00904	cds	contig_19	15085	0.4198	11558	11677	-	3408	39		Anti-sigma-factor antagonist	no	group_14507	en_familia	4	0.0952	cloud	cloud	si	si	no
bin_1_54	bin-1-54	bin_1_54_00905	cds	contig_19	15085	0.4198	12559	12687	+	2398	42		hypothetical protein	no	comEC~~~comE	en_familia	42	1.0000	core	core	no	no	no
bin_1_54	bin-1-54	bin_1_54_00906	cds	contig_19	15085	0.4198	12840	13178	+	1907	112		S-layer protein	no	comEC~~~comE	en_familia	42	1.0000	core	core	no	no	no
bin_1_54	bin-1-54	bin_1_54_00907	cds	contig_19	15085	0.4198	13471	13623	+	1462	50		Pyruvate kinase	no	group_41	en_familia	42	1.0000	core	core	no	no	no
bin_1_54	bin-1-54	bin_1_54_00908	cds	contig_19	15085	0.4198	13714	14277	-	808	187	comK	Competence transcription factor	no	comK	en_familia	42	1.0000	core	core	no	no	no
bin_1_54	bin-1-54	bin_1_54_00909	cds	contig_19	15085	0.4198	14593	14829	+	256	78		IDEAL domain-containing protein	no	group_13579	en_familia	42	1.0000	core	core	no	no	no
bin_1_54	bin-1-54	bin_1_54_00910	cds	contig_20	102277	0.4047	160	402	-	159	80	yrhK	YrhK domain-containing protein	no	yrhK	en_familia	42	1.0000	core	core	no	no	no
bin_1_54	bin-1-54	bin_1_54_00911	cds	contig_20	102277	0.4047	627	1340	+	626	237		ATLF-like domain-containing protein	no	group_12199	en_familia	42	1.0000	core	core	no	no	no
bin_1_54	bin-1-54	bin_1_54_00912	cds	contig_20	102277	0.4047	1398	2192	+	1397	264	thyA	thymidylate synthase	no	thyA	en_familia	42	1.0000	core	core	no	no	no
bin_1_54	bin-1-54	bin_1_54_00913	cds	contig_20	102277	0.4047	2189	2674	+	2188	161		Dihydrofolate reductase	no	group_13592	en_familia	42	1.0000	core	core	no	no	no
bin_1_54	bin-1-54	bin_1_54_00914	cds	contig_20	102277	0.4047	2824	4092	+	2823	422	ilvA	threonine ammonia-lyase IlvA	no	ilvA	en_familia	42	1.0000	core	core	no	no	no
bin_1_54	bin-1-54	bin_1_54_00915	cds	contig_20	102277	0.4047	4287	4478	+	4286	63	tatA	Sec-independent protein translocase protein TatA	no	group_9652	en_familia	42	1.0000	core	core	no	no	no
bin_1_54	bin-1-54	bin_1_54_00916	cds	contig_20	102277	0.4047	4564	5310	+	4563	248	tatC	twin-arginine translocase subunit TatC	no	group_11312	en_familia	42	1.0000	core	core	no	no	no
bin_1_54	bin-1-54	bin_1_54_00917	cds	contig_20	102277	0.4047	5464	5709	+	5463	81		DUF2535 domain-containing protein	no	group_13534	en_familia	42	1.0000	core	core	no	no	no
bin_1_54	bin-1-54	bin_1_54_00918	cds	contig_20	102277	0.4047	5933	6778	+	5932	281	degV	Fatty acid-binding protein DegV	no	group_2428	en_familia	42	1.0000	core	core	no	no	no
bin_1_54	bin-1-54	bin_1_54_00919	cds	contig_20	102277	0.4047	6932	7522	+	6931	196		Electron transport protein	no	group_12948	en_familia	42	1.0000	core	core	no	no	no
bin_1_54	bin-1-54	bin_1_54_00920	cds	contig_20	102277	0.4047	7801	8643	+	7800	280	tesA	SGNH hydrolase-type esterase domain-containing protein	no	tesA	en_familia	42	1.0000	core	core	no	no	no
bin_1_54	bin-1-54	bin_1_54_00921	cds	contig_20	102277	0.4047	8640	9224	+	8639	194	ypmS	DUF2140 domain-containing protein	no	ypmS	en_familia	42	1.0000	core	core	no	no	no
bin_1_54	bin-1-54	bin_1_54_00922	cds	contig_20	102277	0.4047	9279	10019	-	9278	246		DUF4397 domain-containing protein	no	group_21	en_familia	42	1.0000	core	core	no	no	no
bin_1_54	bin-1-54	bin_1_54_00923	cds	contig_20	102277	0.4047	10203	10745	+	10202	180	msrA	Peptide methionine sulfoxide reductase MsrA	no	group_14426	en_familia	39	0.9286	shell	core	si	no	no
bin_1_54	bin-1-54	bin_1_54_00924	cds	contig_20	102277	0.4047	10735	11163	+	10734	142	msrB	Peptide methionine sulfoxide reductase MsrB	no	msrA~~~msrB	en_familia	42	1.0000	core	core	no	no	no
bin_1_54	bin-1-54	bin_1_54_00925	cds	contig_20	102277	0.4047	11215	12303	-	11214	362		SGNH hydrolase-type esterase domain-containing protein	no	group_6749	en_familia	42	1.0000	core	core	no	no	no
bin_1_54	bin-1-54	bin_1_54_00926	cds	contig_20	102277	0.4047	12598	12750	+	12597	50	yjcZ	Sporulation protein YjcZ	no	group_1645	en_familia	42	1.0000	core	core	no	no	no
bin_1_54	bin-1-54	bin_1_54_00927	cds	contig_20	102277	0.4047	13058	14032	+	13057	324	ldcA	LD-carboxypeptidase	no	mccF~~~ldcA	en_familia	42	1.0000	core	core	no	no	no
bin_1_54	bin-1-54	bin_1_54_00928	cds	contig_20	102277	0.4047	14253	14582	+	14252	109		ClpX-type ZB domain-containing protein	no	group_3763	en_familia	42	1.0000	core	core	no	no	no
bin_1_54	bin-1-54	bin_1_54_00929	cds	contig_20	102277	0.4047	14763	16127	+	14762	454		aspartate aminotransferase family protein	no	group_2776	en_familia	42	1.0000	core	core	no	no	no
bin_1_54	bin-1-54	bin_1_54_00930	cds	contig_20	102277	0.4047	16127	16840	+	16126	237		Acetate CoA-transferase subunit alpha	no	group_1238	en_familia	42	1.0000	core	core	no	no	no
bin_1_54	bin-1-54	bin_1_54_00931	cds	contig_20	102277	0.4047	16807	17472	+	16806	221		Succinyl-CoA:3-ketoacid coenzyme A transferase subunit B	no	group_1392	en_familia	42	1.0000	core	core	no	no	no
bin_1_54	bin-1-54	bin_1_54_00932	cds	contig_20	102277	0.4047	17488	18753	+	17487	421		peptidase	no	group_3891	en_familia	42	1.0000	core	core	no	no	no
bin_1_54	bin-1-54	bin_1_54_00933	cds	contig_20	102277	0.4047	18833	19681	+	18832	282	ablB	putative beta-lysine N-acetyltransferase	no	ablB	en_familia	42	1.0000	core	core	no	no	no
bin_1_54	bin-1-54	bin_1_54_00934	cds	contig_20	102277	0.4047	19764	21143	+	19763	459	rocR	Arginine utilization regulatory protein RocR	no	group_2845	en_familia	42	1.0000	core	core	no	no	no
bin_1_54	bin-1-54	bin_1_54_00935	cds	contig_20	102277	0.4047	21262	22665	+	21261	467	ablA	lysine 2,3-aminomutase	no	group_2636	en_familia	42	1.0000	core	core	no	no	no
bin_1_54	bin-1-54	bin_1_54_00936	cds	contig_20	102277	0.4047	22667	22942	+	22666	91		Cytoplasmic protein	no	yokU	en_familia	42	1.0000	core	core	no	no	no
bin_1_54	bin-1-54	bin_1_54_00937	cds	contig_20	102277	0.4047	23429	23671	+	23428	80		UPF0346 protein ABE28_013245	no	group_12785	en_familia	42	1.0000	core	core	no	no	no
bin_1_54	bin-1-54	bin_1_54_00938	cds	contig_20	102277	0.4047	23686	25452	+	23685	588		histidine kinase	no	group_3130	en_familia	42	1.0000	core	core	no	no	no
bin_1_54	bin-1-54	bin_1_54_00939	cds	contig_20	102277	0.4047	25603	26310	+	25602	235	yodN	YodN	no	yodN	en_familia	42	1.0000	core	core	no	no	no
bin_1_54	bin-1-54	bin_1_54_00940	cds	contig_20	102277	0.4047	26482	26652	+	26481	56	yozD	YozD family protein	no	yozD	en_familia	42	1.0000	core	core	no	no	no
bin_1_54	bin-1-54	bin_1_54_00941	cds	contig_20	102277	0.4047	26882	27586	+	26881	234	deoD	purine-nucleoside phosphorylase	no	deoD	en_familia	42	1.0000	core	core	no	no	no
bin_1_54	bin-1-54	bin_1_54_00942	cds	contig_20	102277	0.4047	27867	29327	+	27866	486	pGRP	Carboxy-terminal processing protease CtpA	no	pGRP	en_familia	42	1.0000	core	core	no	no	no
bin_1_54	bin-1-54	bin_1_54_00943	cds	contig_20	102277	0.4047	29441	30328	+	29440	295	msrR	Regulatory protein MsrR	no	msrR	en_familia	42	1.0000	core	core	no	no	no
bin_1_54	bin-1-54	bin_1_54_00944	cds	contig_20	102277	0.4047	30499	31545	-	30498	348	mtnA	S-methyl-5-thioribose-1-phosphate isomerase	no	mtnA	en_familia	42	1.0000	core	core	no	no	no
bin_1_54	bin-1-54	bin_1_54_00945	cds	contig_20	102277	0.4047	31560	32762	-	31559	400	mtnK	S-methyl-5-thioribose kinase	no	group_4731	en_familia	42	1.0000	core	core	no	no	no
bin_1_54	bin-1-54	bin_1_54_00946	cds	contig_20	102277	0.4047	33066	33848	-	33065	260		2-oxoglutaramate amidase	no	group_5970	en_familia	42	1.0000	core	core	no	no	no
bin_1_54	bin-1-54	bin_1_54_00947	cds	contig_20	102277	0.4047	33947	35119	+	33946	390	aspB	Transaminase BacF	no	aspB	en_familia	42	1.0000	core	core	no	no	no
bin_1_54	bin-1-54	bin_1_54_00948	cds	contig_20	102277	0.4047	35500	36732	+	35499	410	mtnW	2,3-diketo-5-methylthiopentyl-1-phosphate enolase	no	mtnW	en_familia	42	1.0000	core	core	no	no	no
bin_1_54	bin-1-54	bin_1_54_00949	cds	contig_20	102277	0.4047	36739	37398	+	36738	219		2-hydroxy-3-keto-5-methylthiopentenyl-1-phosphate phosphatase	no	group_1426	en_familia	42	1.0000	core	core	no	no	no
bin_1_54	bin-1-54	bin_1_54_00950	cds	contig_20	102277	0.4047	37395	38024	+	37394	209		methylthioribulose 1-phosphate dehydratase	no	group_13736	en_familia	42	1.0000	core	core	no	no	no
bin_1_54	bin-1-54	bin_1_54_00951	cds	contig_20	102277	0.4047	38049	38582	+	38048	177	adi1	Acireductone dioxygenase	no	adi1	en_familia	42	1.0000	core	core	no	no	no
bin_1_54	bin-1-54	bin_1_54_00952	cds	contig_20	102277	0.4047	39008	39934	+	39007	308	yejR	Metal chaperone YciC	no	yejR	en_familia	42	1.0000	core	core	no	no	no
bin_1_54	bin-1-54	bin_1_54_00953	cds	contig_20	102277	0.4047	40001	40168	+	40000	55		DUF2188 domain-containing protein	no	group_1914	en_familia	42	1.0000	core	core	no	no	no
bin_1_54	bin-1-54	bin_1_54_00954	cds	contig_20	102277	0.4047	40578	40820	-	40577	80		DNA alkylation repair protein	no	group_13562	en_familia	42	1.0000	core	core	no	no	no
bin_1_54	bin-1-54	bin_1_54_00955	cds	contig_20	102277	0.4047	40932	41198	+	40931	88	yojE	YojE	no	yojE	en_familia	42	1.0000	core	core	no	no	no
bin_1_54	bin-1-54	bin_1_54_00956	cds	contig_20	102277	0.4047	41319	42281	+	41318	320		Lipoprotein	no	group_3345	en_familia	42	1.0000	core	core	no	no	no
bin_1_54	bin-1-54	bin_1_54_00957	cds	contig_20	102277	0.4047	42287	42973	+	42286	228	ompR	Transcriptional regulatory protein SrrA	no	group_13398	en_familia	42	1.0000	core	core	no	no	no
bin_1_54	bin-1-54	bin_1_54_00958	cds	contig_20	102277	0.4047	42970	44385	+	42969	471		histidine kinase	no	group_3343	en_familia	42	1.0000	core	core	no	no	no
bin_1_54	bin-1-54	bin_1_54_00959	cds	contig_20	102277	0.4047	44405	44842	+	44404	145		YtkA-like domain-containing protein	no	group_1164	en_familia	42	1.0000	core	core	no	no	no
bin_1_54	bin-1-54	bin_1_54_00960	cds	contig_20	102277	0.4047	45290	46024	+	45289	244		SCP domain-containing protein	no	group_2586	en_familia	42	1.0000	core	core	no	no	no
bin_1_54	bin-1-54	bin_1_54_00961	cds	contig_20	102277	0.4047	46218	46685	-	46217	155		Spore coat protein	no	group_14444	en_familia	42	1.0000	core	core	no	no	no
bin_1_54	bin-1-54	bin_1_54_00962	cds	contig_20	102277	0.4047	46844	47617	+	46843	257	fabG	3-oxoacyl-[acyl-carrier-protein] reductase FabG	no	group_13921	en_familia	42	1.0000	core	core	no	no	no
bin_1_54	bin-1-54	bin_1_54_00963	cds	contig_20	102277	0.4047	47680	49035	-	47679	451	norM	putative multidrug resistance protein NorM	no	group_12554	en_familia	42	1.0000	core	core	no	no	no
bin_1_54	bin-1-54	bin_1_54_00964	cds	contig_20	102277	0.4047	49165	50277	-	49164	370	ynaI	Low conductance mechanosensitive channel YnaI	no	ynaI	en_familia	42	1.0000	core	core	no	no	no
bin_1_54	bin-1-54	bin_1_54_00965	cds	contig_20	102277	0.4047	50479	51558	+	50478	359	murG	undecaprenyldiphospho-muramoylpentapeptide beta-N-acetylglucosaminyltransferase	no	murG	en_familia	42	1.0000	core	core	no	no	no
bin_1_54	bin-1-54	bin_1_54_00966	cds	contig_20	102277	0.4047	51611	51754	+	50523	47		DUF2639 domain-containing protein	no	group_1668	en_familia	42	1.0000	core	core	no	no	no
bin_1_54	bin-1-54	bin_1_54_00967	cds	contig_20	102277	0.4047	51796	52479	-	49798	227	lrgB	Murein hydrolase effector protein LrgB	no	lrgB	en_familia	41	0.9762	core	core	no	no	no
bin_1_54	bin-1-54	bin_1_54_00968	cds	contig_20	102277	0.4047	52454	52846	-	49431	130	lrgA	Murein hydrolase regulator LrgA	no	lrgA	en_familia	42	1.0000	core	core	no	no	no
bin_1_54	bin-1-54	bin_1_54_00969	cds	contig_20	102277	0.4047	53052	53606	-	48671	184	rimL	N-acetyltransferase domain-containing protein	no	group_13356	en_familia	42	1.0000	core	core	no	no	no
bin_1_54	bin-1-54	bin_1_54_00970	cds	contig_20	102277	0.4047	53940	54722	-	47555	260	uppP	Undecaprenyl-diphosphatase	no	uppP	en_familia	42	1.0000	core	core	no	no	no
bin_1_54	bin-1-54	bin_1_54_00971	cds	contig_20	102277	0.4047	54928	55248	+	47029	106	tic20a	DUF4870 domain-containing protein	no	tic20a	en_familia	42	1.0000	core	core	no	no	no
bin_1_54	bin-1-54	bin_1_54_00972	cds	contig_20	102277	0.4047	55755	56549	+	45728	264		hypothetical protein	no	group_2799	en_familia	42	1.0000	core	core	no	no	no
bin_1_54	bin-1-54	bin_1_54_00973	cds	contig_20	102277	0.4047	56637	57209	+	45068	190	cynT	Beta-carbonic anhydrase 1	no	cynT	en_familia	42	1.0000	core	core	no	no	no
bin_1_54	bin-1-54	bin_1_54_00974	cds	contig_20	102277	0.4047	57366	58667	+	43610	433	nCS2	Guanine/hypoxanthine permease PbuO	no	group_4646	en_familia	42	1.0000	core	core	no	no	no
bin_1_54	bin-1-54	bin_1_54_00975	cds	contig_20	102277	0.4047	58848	59834	+	42443	328	dapF	diaminopimelate epimerase	no	dapF	en_familia	42	1.0000	core	core	no	no	no
bin_1_54	bin-1-54	bin_1_54_00976	cds	contig_20	102277	0.4047	60587	62434	-	39843	615	ligD	DNA ligase D	no	ligD	en_familia	42	1.0000	core	core	no	no	no
bin_1_54	bin-1-54	bin_1_54_00977	cds	contig_20	102277	0.4047	62585	63427	+	38850	280	ykoV	Ku protein	no	ykoV	en_familia	42	1.0000	core	core	no	no	no
bin_1_54	bin-1-54	bin_1_54_00978	cds	contig_20	102277	0.4047	63921	64571	+	37706	216		MOSC domain-containing protein	no	group_2048	en_familia	42	1.0000	core	core	no	no	no
bin_1_54	bin-1-54	bin_1_54_00979	cds	contig_20	102277	0.4047	64885	66732	+	35545	615	metF	bifunctional homocysteine S-methyltransferase/methylenetetrahydrofolate reductase	no	metF	en_familia	42	1.0000	core	core	no	no	no
bin_1_54	bin-1-54	bin_1_54_00980	cds	contig_20	102277	0.4047	66725	70174	+	32103	1149	metH	methionine synthase	no	metH	en_familia	42	1.0000	core	core	no	no	no
bin_1_54	bin-1-54	bin_1_54_00981	cds	contig_20	102277	0.4047	70279	71046	+	31231	255		Bifunctional xylanase/deacetylase	no	group_660	en_familia	42	1.0000	core	core	no	no	no
bin_1_54	bin-1-54	bin_1_54_00982	cds	contig_20	102277	0.4047	71122	71892	+	30385	256		4,5-DOPA dioxygenase extradiol	no	group_12675	en_familia	42	1.0000	core	core	no	no	no
bin_1_54	bin-1-54	bin_1_54_00983	cds	contig_20	102277	0.4047	72269	75121	+	27156	950	sucA	2-oxoglutarate dehydrogenase E1 component	no	sucA	en_familia	42	1.0000	core	core	no	no	no
bin_1_54	bin-1-54	bin_1_54_00984	cds	contig_20	102277	0.4047	75123	76400	+	25877	425	odhB	2-oxoglutarate dehydrogenase complex dihydrolipoyllysine-residue succinyltransferase	no	odhB	en_familia	42	1.0000	core	core	no	no	no
bin_1_54	bin-1-54	bin_1_54_00985	cds	contig_20	102277	0.4047	76628	77380	+	24897	250		Lactose phosphotransferase system repressor	no	group_4296	en_familia	42	1.0000	core	core	no	no	no
bin_1_54	bin-1-54	bin_1_54_00986	cds	contig_20	102277	0.4047	77380	78300	+	23977	306	pfkB	1-phosphofructokinase	no	pfkB	en_familia	42	1.0000	core	core	no	no	no
bin_1_54	bin-1-54	bin_1_54_00987	cds	contig_20	102277	0.4047	78305	80197	+	22080	630		PTS fructose transporter subunit IIC	no	group_4360	en_familia	42	1.0000	core	core	no	no	no
bin_1_54	bin-1-54	bin_1_54_00988	cds	contig_20	102277	0.4047	80242	80610	-	21667	122		Glyoxalase/bleomycin resistance protein/dioxygenase	no	group_5857	en_familia	35	0.8333	shell	shell	si	no	no
bin_1_54	bin-1-54	bin_1_54_00989	cds	contig_20	102277	0.4047	80797	81201	+	21076	134	yjbQ	Secondary thiamine-phosphate synthase enzyme	no	yjbQ	en_familia	42	1.0000	core	core	no	no	no
bin_1_54	bin-1-54	bin_1_54_00990	cds	contig_20	102277	0.4047	81217	81816	+	20461	199		GNAT family protein	no	group_2411	en_familia	42	1.0000	core	core	no	no	no
bin_1_54	bin-1-54	bin_1_54_00991	cds	contig_20	102277	0.4047	81923	82522	+	19755	199	lysM	LysM domain-containing protein	no	group_12877	en_familia	42	1.0000	core	core	no	no	no
bin_1_54	bin-1-54	bin_1_54_00992	cds	contig_20	102277	0.4047	82583	83170	-	19107	195		HTH arsR-type domain-containing protein	no	group_2338	en_familia	42	1.0000	core	core	no	no	no
bin_1_54	bin-1-54	bin_1_54_00993	cds	contig_20	102277	0.4047	83332	83976	+	18301	214		Hemolysin D	no	group_5127	en_familia	42	1.0000	core	core	no	no	no
bin_1_54	bin-1-54	bin_1_54_00994	cds	contig_20	102277	0.4047	84077	84562	+	17715	161		YusW-like protein	no	group_2337	en_familia	42	1.0000	core	core	no	no	no
bin_1_54	bin-1-54	bin_1_54_00995	cds	contig_20	102277	0.4047	84827	85399	-	16878	190	bioY	Biotin transporter	no	bioY	en_familia	42	1.0000	core	core	no	no	no
bin_1_54	bin-1-54	bin_1_54_00996	cds	contig_20	102277	0.4047	85714	86232	+	16045	172		Membrane integrity integral inner membrane protein	no	group_2450	en_familia	41	0.9762	core	core	no	no	no
bin_1_54	bin-1-54	bin_1_54_00997	cds	contig_20	102277	0.4047	86255	87787	+	14490	510	yqiK	Inner membrane protein YqiK	no	yqiK	en_familia	41	0.9762	core	core	no	no	no
bin_1_54	bin-1-54	bin_1_54_00998	cds	contig_20	102277	0.4047	88574	89293	+	12984	239	gntR	GntR family transcriptional regulator	no	group_13042	en_familia	13	0.3095	shell	shell	si	no	no
bin_1_54	bin-1-54	bin_1_54_00999	cds	contig_20	102277	0.4047	89366	90694	+	11583	442		Glycolate oxidasase subunit	no	group_3314	en_familia	13	0.3095	shell	shell	si	no	no
bin_1_54	bin-1-54	bin_1_54_01000	cds	contig_20	102277	0.4047	90697	92055	+	10222	452		Glycolate oxidase iron-sulfur subunit	no	group_3020	en_familia	13	0.3095	shell	shell	si	no	no
bin_1_54	bin-1-54	bin_1_54_01001	cds	contig_20	102277	0.4047	92056	93522	+	8755	488		FAD-binding protein	no	group_2114	en_familia	13	0.3095	shell	shell	si	no	no
bin_1_54	bin-1-54	bin_1_54_01002	cds	contig_20	102277	0.4047	93734	95914	+	6363	726		malate synthase G	no	group_3445	en_familia	13	0.3095	shell	shell	si	no	no
bin_1_54	bin-1-54	bin_1_54_01003	cds	contig_20	102277	0.4047	96055	96216	+	6061	53		Malate dehydrogenase	no	group_2160	en_familia	9	0.2143	shell	shell	si	no	no
bin_1_54	bin-1-54	bin_1_54_01004	cds	contig_20	102277	0.4047	96241	97020	+	5257	259		Fumarylacetoacetase-like C-terminal domain-containing protein	no	group_10877	en_familia	13	0.3095	shell	shell	si	no	no
bin_1_54	bin-1-54	bin_1_54_01005	cds	contig_20	102277	0.4047	97055	97405	+	4872	116	iclR	IclR family transcriptional regulator	no	group_847	en_familia	10	0.2381	shell	shell	si	no	no
bin_1_54	bin-1-54	bin_1_54_01006	cds	contig_20	102277	0.4047	98195	99886	+	2391	563		L-lactate permease	no	group_1047	en_familia	13	0.3095	shell	shell	si	no	no
bin_1_54	bin-1-54	bin_1_54_01007	cds	contig_20	102277	0.4047	100544	100798	-	1479	84		Transposase for insertion sequence element D	no	group_846	en_familia	2	0.0476	cloud	cloud	si	si	no
bin_1_54	bin-1-54	bin_1_54_01008	cds	contig_20	102277	0.4047	101144	101488	-	789	114		Glyoxalase family protein	no	group_4393	en_familia	2	0.0476	cloud	cloud	si	si	no
bin_1_54	bin-1-54	bin_1_54_01009	cds	contig_21	256367	0.3920	226	1062	+	225	278		Metallo-beta-lactamase family protein	no	group_1818	en_familia	41	0.9762	core	core	no	no	no
bin_1_54	bin-1-54	bin_1_54_01010	cds	contig_21	256367	0.3920	1143	1574	+	1142	143	cBS	Hypoxic response protein 1	no	cBS	en_familia	41	0.9762	core	core	no	no	no
bin_1_54	bin-1-54	bin_1_54_01011	cds	contig_21	256367	0.3920	1617	3590	-	1616	657		Dipeptidyl-peptidase 5	no	group_509	en_familia	42	1.0000	core	core	no	no	no
bin_1_54	bin-1-54	bin_1_54_01012	cds	contig_21	256367	0.3920	3758	4078	-	3757	106		DUF2680 domain-containing protein	no	group_779	en_familia	42	1.0000	core	core	no	no	no
bin_1_54	bin-1-54	bin_1_54_01013	cds	contig_21	256367	0.3920	4355	4501	+	4354	48		lmo0937 family membrane protein	no	group_1926	en_familia	42	1.0000	core	core	no	no	no
bin_1_54	bin-1-54	bin_1_54_01014	cds	contig_21	256367	0.3920	4593	5510	-	4592	305		Thioredoxin reductase	no	group_2791	en_familia	42	1.0000	core	core	no	no	no
bin_1_54	bin-1-54	bin_1_54_01015	cds	contig_21	256367	0.3920	5650	5973	-	5649	107	hxlR	HTH hxlR-type domain-containing protein	no	group_3987	en_familia	42	1.0000	core	core	no	no	no
bin_1_54	bin-1-54	bin_1_54_01016	cds	contig_21	256367	0.3920	6237	7316	+	6236	359		Nitric oxide synthase oxygenase	no	group_2790	en_familia	42	1.0000	core	core	no	no	no
bin_1_54	bin-1-54	bin_1_54_01017	cds	contig_21	256367	0.3920	7383	7652	+	7382	89	ytxH	YtxH domain-containing protein	no	ytxH	en_familia	42	1.0000	core	core	no	no	no
bin_1_54	bin-1-54	bin_1_54_01018	cds	contig_21	256367	0.3920	8431	9369	+	8430	312	corA	Cobalt/magnesium transport protein CorA	no	group_4937	en_familia	42	1.0000	core	core	no	no	no
bin_1_54	bin-1-54	bin_1_54_01019	cds	contig_21	256367	0.3920	9400	9591	-	9399	63		hypothetical protein	no	group_3823	en_familia	42	1.0000	core	core	no	no	no
bin_1_54	bin-1-54	bin_1_54_01020	cds	contig_21	256367	0.3920	9687	9851	+	9686	54		hypothetical protein	no	group_8831	en_familia	42	1.0000	core	core	no	no	no
bin_1_54	bin-1-54	bin_1_54_01021	cds	contig_21	256367	0.3920	9970	10104	-	9969	44	yuzL	YuzL family protein	no	group_3048	en_familia	42	1.0000	core	core	no	no	no
bin_1_54	bin-1-54	bin_1_54_01022	cds	contig_21	256367	0.3920	10203	10454	+	10202	83		UPF0180 protein ABE28_012695	no	group_8827	en_familia	42	1.0000	core	core	no	no	no
bin_1_54	bin-1-54	bin_1_54_01023	cds	contig_21	256367	0.3920	10510	10959	-	10509	149	osmC	Peroxiredoxin OsmC	no	group_3047	en_familia	42	1.0000	core	core	no	no	no
bin_1_54	bin-1-54	bin_1_54_01024	cds	contig_21	256367	0.3920	11347	12126	+	11346	259		2-dehydro-3-deoxy-D-gluconate 5-dehydrogenase	no	group_14648	en_familia	42	1.0000	core	core	no	no	no
bin_1_54	bin-1-54	bin_1_54_01025	cds	contig_21	256367	0.3920	12154	12657	+	12153	167	phaR	Poly(R)-hydroxyalkanoic acid synthase subunit PhaR	no	phaR	en_familia	42	1.0000	core	core	no	no	no
bin_1_54	bin-1-54	bin_1_54_01026	cds	contig_21	256367	0.3920	12650	13702	+	12649	350	phaC	Poly(3-hydroxyalkanoate) polymerase subunit PhaC	no	phaC	en_familia	42	1.0000	core	core	no	no	no
bin_1_54	bin-1-54	bin_1_54_01027	cds	contig_21	256367	0.3920	13881	14480	-	13880	199		Nitroreductase domain-containing protein	no	group_5375	en_familia	42	1.0000	core	core	no	no	no
bin_1_54	bin-1-54	bin_1_54_01028	cds	contig_21	256367	0.3920	14722	15699	+	14721	325	mhqA	Ring-cleaving dioxygenase MhqA	no	mhqA	en_familia	42	1.0000	core	core	no	no	no
bin_1_54	bin-1-54	bin_1_54_01029	cds	contig_21	256367	0.3920	15724	16668	+	15723	314	mhqO	Ring-cleaving dioxygenase MhqO	no	mhqO	en_familia	42	1.0000	core	core	no	no	no
bin_1_54	bin-1-54	bin_1_54_01030	cds	contig_21	256367	0.3920	16668	17276	+	16667	202	mhqD	Hydrolase MhqD	no	mhqD	en_familia	42	1.0000	core	core	no	no	no
bin_1_54	bin-1-54	bin_1_54_01031	cds	contig_21	256367	0.3920	17295	17903	+	17294	202		Flavin reductase like domain-containing protein	no	group_3195	en_familia	42	1.0000	core	core	no	no	no
bin_1_54	bin-1-54	bin_1_54_01032	cds	contig_21	256367	0.3920	18120	18272	+	18119	50		hypothetical protein	no	group_12970	en_familia	41	0.9762	core	core	no	no	no
bin_1_54	bin-1-54	bin_1_54_01033	cds	contig_21	256367	0.3920	18274	19668	+	18273	464	mmuP	S-methylmethionine permease	no	mmuP	en_familia	42	1.0000	core	core	no	no	no
bin_1_54	bin-1-54	bin_1_54_01034	cds	contig_21	256367	0.3920	19658	20620	+	19657	320	mmuM	homocysteine S-methyltransferase	no	mmuM	en_familia	42	1.0000	core	core	no	no	no
bin_1_54	bin-1-54	bin_1_54_01035	cds	contig_21	256367	0.3920	20918	21085	+	20917	55	yfhD	YfhD family protein	no	group_10299	en_familia	42	1.0000	core	core	no	no	no
bin_1_54	bin-1-54	bin_1_54_01036	cds	contig_21	256367	0.3920	21553	21927	-	21552	124		Transcriptional regulator	no	group_3178	en_familia	42	1.0000	core	core	no	no	no
bin_1_54	bin-1-54	bin_1_54_01037	cds	contig_21	256367	0.3920	22095	23144	+	22094	349	ansA	asparaginase	no	ansA	en_familia	42	1.0000	core	core	no	no	no
bin_1_54	bin-1-54	bin_1_54_01038	cds	contig_21	256367	0.3920	23171	24598	+	23170	475	aspA	aspartate ammonia-lyase	no	aspA	en_familia	42	1.0000	core	core	no	no	no
bin_1_54	bin-1-54	bin_1_54_01039	cds	contig_21	256367	0.3920	24876	26237	-	24875	453	glpT	glycerol-3-phosphate transporter	no	glpT	en_familia	35	0.8333	shell	shell	si	no	no
bin_1_54	bin-1-54	bin_1_54_01040	cds	contig_21	256367	0.3920	26714	27253	+	26713	179		DUF4309 domain-containing protein	no	group_4549	en_familia	27	0.6429	shell	shell	si	no	no
bin_1_54	bin-1-54	bin_1_54_01041	cds	contig_21	256367	0.3920	27717	28160	+	27716	147		SRPBCC family protein	no	group_13627	en_familia	42	1.0000	core	core	no	no	no
bin_1_54	bin-1-54	bin_1_54_01042	cds	contig_21	256367	0.3920	28328	28591	+	28327	87	frmR	Cytoplasmic protein	no	group_6759	en_familia	42	1.0000	core	core	no	no	no
bin_1_54	bin-1-54	bin_1_54_01043	cds	contig_21	256367	0.3920	28820	30277	+	28819	485	cls	cardiolipin synthase	no	group_2205	en_familia	42	1.0000	core	core	no	no	no
bin_1_54	bin-1-54	bin_1_54_01044	cds	contig_21	256367	0.3920	30717	31466	+	30716	249		(S)-benzoin forming benzil reductase	no	group_5911	en_familia	42	1.0000	core	core	no	no	no
bin_1_54	bin-1-54	bin_1_54_01045	cds	contig_21	256367	0.3920	31653	32915	+	31652	420		Chitinase	no	group_4528	en_familia	42	1.0000	core	core	no	no	no
bin_1_54	bin-1-54	bin_1_54_01046	cds	contig_21	256367	0.3920	33819	34163	-	33818	114		3-oxoacyl-[acyl-carrier protein] reductase	no	group_226	en_familia	3	0.0714	cloud	cloud	si	si	no
bin_1_54	bin-1-54	bin_1_54_01047	cds	contig_21	256367	0.3920	34109	34612	-	34108	167		Short chain dehydrogenase	no	group_226	en_familia	3	0.0714	cloud	cloud	si	si	no
bin_1_54	bin-1-54	bin_1_54_01048	cds	contig_21	256367	0.3920	35432	37147	+	35431	571	mdlB	Multidrug export ATP-binding/permease protein SA1683	no	group_13274	en_familia	42	1.0000	core	core	no	no	no
bin_1_54	bin-1-54	bin_1_54_01049	cds	contig_21	256367	0.3920	37714	38700	+	37713	328		NAD(P)-dependent alcohol dehydrogenase	no	group_5572	en_familia	42	1.0000	core	core	no	no	no
bin_1_54	bin-1-54	bin_1_54_01050	cds	contig_21	256367	0.3920	38848	39372	+	38847	174		Acetyltransferase, GNAT family	no	group_5573	en_familia	42	1.0000	core	core	no	no	no
bin_1_54	bin-1-54	bin_1_54_01051	cds	contig_21	256367	0.3920	39567	40127	+	39566	186		HPP family protein	no	group_5571	en_familia	42	1.0000	core	core	no	no	no
bin_1_54	bin-1-54	bin_1_54_01052	cds	contig_21	256367	0.3920	40339	41457	+	40338	372	adaA	Bifunctional transcriptional activator/DNA repair enzyme AdaA	no	adaA~~~araC	en_familia	14	0.3333	shell	shell	si	no	no
bin_1_54	bin-1-54	bin_1_54_01053	cds	contig_21	256367	0.3920	41479	42657	+	41478	392	araC	AraC family transcriptional regulator	no	adaA~~~araC	en_familia	14	0.3333	shell	shell	si	no	no
bin_1_54	bin-1-54	bin_1_54_01054	cds	contig_21	256367	0.3920	42820	44055	+	42819	411	sauU	Sulfoacetate transporter SauU	no	group_6427	en_familia	13	0.3095	shell	shell	si	no	no
bin_1_54	bin-1-54	bin_1_54_01055	cds	contig_21	256367	0.3920	44070	45251	+	44069	393	yxeP	Hydrolase YxeP	no	group_6107	en_familia	13	0.3095	shell	shell	si	no	no
bin_1_54	bin-1-54	bin_1_54_01056	cds	contig_21	256367	0.3920	45321	46883	+	45320	520	sdaAA	L-serine ammonia-lyase, iron-sulfur-dependent, subunit alpha	no	sdaAA~~~sdaAB	en_familia	30	0.7143	shell	shell	si	no	no
bin_1_54	bin-1-54	bin_1_54_01057	cds	contig_21	256367	0.3920	47046	47507	-	47045	153		DUF2690 domain-containing protein	no	group_5531	en_familia	20	0.4762	shell	shell	si	no	no
bin_1_54	bin-1-54	bin_1_54_01058	cds	contig_21	256367	0.3920	47874	50132	+	47873	752		Calcineurin-like phosphoesterase domain-containing protein	no	group_6223	en_familia	41	0.9762	core	core	no	no	no
bin_1_54	bin-1-54	bin_1_54_01059	cds	contig_21	256367	0.3920	51033	52457	+	51032	474		histidine kinase	no	group_4554	en_familia	42	1.0000	core	core	no	no	no
bin_1_54	bin-1-54	bin_1_54_01060	cds	contig_21	256367	0.3920	52454	53140	+	52453	228		DNA-binding response regulator	no	group_1151	en_familia	42	1.0000	core	core	no	no	no
bin_1_54	bin-1-54	bin_1_54_01061	cds	contig_21	256367	0.3920	53415	54116	+	53414	233		Ankyrin repeat domain-containing protein	no	group_4556	en_familia	42	1.0000	core	core	no	no	no
bin_1_54	bin-1-54	bin_1_54_01062	cds	contig_21	256367	0.3920	54200	55159	+	54199	319		DUF4822 domain-containing protein	no	group_5409	en_familia	42	1.0000	core	core	no	no	no
bin_1_54	bin-1-54	bin_1_54_01063	cds	contig_21	256367	0.3920	55236	56192	-	55235	318		Methyl-accepting chemotaxis sensory transducer	no	mcpB	en_familia	36	0.8571	shell	shell	si	no	no
bin_1_54	bin-1-54	bin_1_54_01064	cds	contig_21	256367	0.3920	56342	56986	-	56341	214		Methyl-accepting chemotaxis protein	no	mcpB	en_familia	36	0.8571	shell	shell	si	no	no
bin_1_54	bin-1-54	bin_1_54_01065	cds	contig_21	256367	0.3920	57593	58621	+	57592	342	dctP	Tripartite ATP-independent transporter solute receptor, DctP family	no	dctP	en_familia	34	0.8095	shell	shell	si	no	no
bin_1_54	bin-1-54	bin_1_54_01066	cds	contig_21	256367	0.3920	58658	59230	+	58657	190		C4-dicarboxylate ABC transporter permease	no	yiaM	en_familia	34	0.8095	shell	shell	si	no	no
bin_1_54	bin-1-54	bin_1_54_01067	cds	contig_21	256367	0.3920	59227	60504	+	59226	425	dctQ	Sialic acid TRAP transporter large permease protein SiaM	no	dctQ	en_familia	34	0.8095	shell	shell	si	no	no
bin_1_54	bin-1-54	bin_1_54_01068	cds	contig_21	256367	0.3920	60571	61611	+	60570	346		C4-dicarboxylate transport system C4-dicarboxylate-binding protein	no	group_1365	en_familia	34	0.8095	shell	shell	si	no	no
bin_1_54	bin-1-54	bin_1_54_01069	cds	contig_21	256367	0.3920	61636	62886	+	61635	416		LarA-like N-terminal domain-containing protein	no	group_722	en_familia	34	0.8095	shell	shell	si	no	no
bin_1_54	bin-1-54	bin_1_54_01070	cds	contig_21	256367	0.3920	62951	65155	+	62950	734	ilvD	Dihydroxy-acid dehydratase	no	ilvD	en_familia	34	0.8095	shell	shell	si	no	no
bin_1_54	bin-1-54	bin_1_54_01071	cds	contig_21	256367	0.3920	65219	65986	+	65218	255	iclR	Transcriptional regulator KdgR	no	iclR	en_familia	34	0.8095	shell	shell	si	no	no
bin_1_54	bin-1-54	bin_1_54_01072	cds	contig_21	256367	0.3920	66018	66905	+	66017	295		Fumarylacetoacetase-like C-terminal domain-containing protein	no	group_4316	en_familia	34	0.8095	shell	shell	si	no	no
bin_1_54	bin-1-54	bin_1_54_01073	cds	contig_21	256367	0.3920	66917	67216	+	66916	99		Altronate hydrolase	no	group_1510	en_familia	34	0.8095	shell	shell	si	no	no
bin_1_54	bin-1-54	bin_1_54_01074	cds	contig_21	256367	0.3920	67197	68378	+	67196	393	uxaA	(2R)-sulfolactate sulfo-lyase subunit beta	no	uxaA	en_familia	34	0.8095	shell	shell	si	no	no
bin_1_54	bin-1-54	bin_1_54_01075	cds	contig_21	256367	0.3920	68400	69869	+	68399	489	gucD	alpha-ketoglutaric semialdehyde dehydrogenase GucD	no	gucD	en_familia	34	0.8095	shell	shell	si	no	no
bin_1_54	bin-1-54	bin_1_54_01076	cds	contig_21	256367	0.3920	69937	71085	+	69936	382	dgoD	galactonate dehydratase	no	dgoD	en_familia	31	0.7381	shell	shell	si	no	no
bin_1_54	bin-1-54	bin_1_54_01077	cds	contig_21	256367	0.3920	71103	72014	+	71102	303	yagE	2-keto-3-deoxy-galactonate aldolase YagE	no	yagE	en_familia	34	0.8095	shell	shell	si	no	no
bin_1_54	bin-1-54	bin_1_54_01078	cds	contig_21	256367	0.3920	72011	72958	+	72010	315	rlhA	Peptidase U32	no	rlhA	en_familia	34	0.8095	shell	shell	si	no	no
bin_1_54	bin-1-54	bin_1_54_01079	cds	contig_21	256367	0.3920	72997	73956	+	72996	319		Glycerate dehydrogenase	no	group_4919	en_familia	34	0.8095	shell	shell	si	no	no
bin_1_54	bin-1-54	bin_1_54_01080	cds	contig_21	256367	0.3920	73971	74834	+	73970	287		Ureidoglycolate lyase	no	group_5496	en_familia	34	0.8095	shell	shell	si	no	no
bin_1_54	bin-1-54	bin_1_54_01081	cds	contig_21	256367	0.3920	74883	75812	+	74882	309		Sugar kinase	no	group_10897	en_familia	33	0.7857	shell	shell	si	no	no
bin_1_54	bin-1-54	bin_1_54_01082	cds	contig_21	256367	0.3920	75827	76459	+	75826	210		KHG/KDPG aldolase	no	group_6487	en_familia	30	0.7143	shell	shell	si	no	no
bin_1_54	bin-1-54	bin_1_54_01083	cds	contig_21	256367	0.3920	76621	77436	+	76620	271	larE	ATP-dependent sacrificial sulfur transferase LarE	no	larE	en_familia	34	0.8095	shell	shell	si	no	no
bin_1_54	bin-1-54	bin_1_54_01084	cds	contig_21	256367	0.3920	77433	78203	+	77432	256	larB	nickel pincer cofactor biosynthesis protein LarB	no	larB	en_familia	34	0.8095	shell	shell	si	no	no
bin_1_54	bin-1-54	bin_1_54_01085	cds	contig_21	256367	0.3920	78184	79074	+	78183	296	larC	LarC family nickel insertion protein	no	larC	en_familia	34	0.8095	shell	shell	si	no	no
bin_1_54	bin-1-54	bin_1_54_01086	cds	contig_21	256367	0.3920	79071	79547	+	79070	158		DUF111 domain-containing protein	no	group_6028	en_familia	34	0.8095	shell	shell	si	no	no
bin_1_54	bin-1-54	bin_1_54_01087	cds	contig_21	256367	0.3920	79544	80182	+	79543	212	ureH	Urease accessory protein UreH	no	ureH	en_familia	34	0.8095	shell	shell	si	no	no
bin_1_54	bin-1-54	bin_1_54_01088	cds	contig_21	256367	0.3920	80547	81464	-	80546	305	eamA	EamA domain-containing protein	no	group_5413	en_familia	42	1.0000	core	core	no	no	no
bin_1_54	bin-1-54	bin_1_54_01089	cds	contig_21	256367	0.3920	81856	82812	+	81855	318		2-dehydro-3-deoxygluconokinase	no	group_6097	en_familia	42	1.0000	core	core	no	no	no
bin_1_54	bin-1-54	bin_1_54_01090	cds	contig_21	256367	0.3920	82839	83849	+	82838	336	allD	ureidoglycolate dehydrogenase	no	allD	en_familia	42	1.0000	core	core	no	no	no
bin_1_54	bin-1-54	bin_1_54_01091	cds	contig_21	256367	0.3920	83859	84878	+	83858	339	yjmD	Zinc-type alcohol dehydrogenase-like protein YjmD	no	yjmD	en_familia	42	1.0000	core	core	no	no	no
bin_1_54	bin-1-54	bin_1_54_01092	cds	contig_21	256367	0.3920	84893	85513	+	84892	206	eda	Bifunctional 4-hydroxy-2-oxoglutarate aldolase/2-dehydro-3-deoxy-phosphogluconate aldolase	no	eda	en_familia	42	1.0000	core	core	no	no	no
bin_1_54	bin-1-54	bin_1_54_01093	cds	contig_21	256367	0.3920	85526	86602	+	85525	358	uxuA	mannonate dehydratase	no	uxuA	en_familia	42	1.0000	core	core	no	no	no
bin_1_54	bin-1-54	bin_1_54_01094	cds	contig_21	256367	0.3920	86599	87435	+	86598	278	uxuB	Oxidoreductase UxuB	no	uxuB	en_familia	42	1.0000	core	core	no	no	no
bin_1_54	bin-1-54	bin_1_54_01095	cds	contig_21	256367	0.3920	87596	88597	+	87595	333	kdgR	KdgR	no	purR~~~kdgR~~~lacI	en_familia	42	1.0000	core	core	no	no	no
bin_1_54	bin-1-54	bin_1_54_01096	cds	contig_21	256367	0.3920	88756	89997	+	88755	413	uhpC	Hexuronate transporter	no	group_4700	en_familia	42	1.0000	core	core	no	no	no
bin_1_54	bin-1-54	bin_1_54_01097	cds	contig_21	256367	0.3920	90087	90956	-	90086	289	adaA	Bifunctional transcriptional activator/DNA repair enzyme AdaA	no	adaA	en_familia	42	1.0000	core	core	no	no	no
bin_1_54	bin-1-54	bin_1_54_01098	cds	contig_21	256367	0.3920	91155	92660	+	91154	501		Altronate dehydratase	no	group_4701	en_familia	42	1.0000	core	core	no	no	no
bin_1_54	bin-1-54	bin_1_54_01099	cds	contig_21	256367	0.3920	92707	93720	+	92706	337		Alcohol dehydrogenase	no	group_5098	en_familia	42	1.0000	core	core	no	no	no
bin_1_54	bin-1-54	bin_1_54_01100	cds	contig_21	256367	0.3920	93788	95275	+	93787	495		Tagaturonate reductase	no	group_2254	en_familia	42	1.0000	core	core	no	no	no
bin_1_54	bin-1-54	bin_1_54_01101	cds	contig_21	256367	0.3920	95597	96304	+	95596	235	terC	Tellurium resistance protein TerC	no	group_11846	en_familia	42	1.0000	core	core	no	no	no
bin_1_54	bin-1-54	bin_1_54_01102	cds	contig_21	256367	0.3920	96301	96510	+	96300	69		hypothetical protein	no	group_1060	en_familia	6	0.1429	cloud	cloud	si	si	no
bin_1_54	bin-1-54	bin_1_54_01103	cds	contig_21	256367	0.3920	96497	97978	-	96496	493	adhE	Phenylacetaldehyde dehydrogenase	no	group_1979	en_familia	42	1.0000	core	core	no	no	no
bin_1_54	bin-1-54	bin_1_54_01104	cds	contig_21	256367	0.3920	98420	100252	+	98419	610		Sigma-54-dependent Fis family transcriptional regulator	no	group_1059	en_familia	42	1.0000	core	core	no	no	no
bin_1_54	bin-1-54	bin_1_54_01105	cds	contig_21	256367	0.3920	100484	101641	+	100483	385		histidine kinase	no	group_1163	en_familia	42	1.0000	core	core	no	no	no
bin_1_54	bin-1-54	bin_1_54_01106	cds	contig_21	256367	0.3920	102449	103858	+	102448	469	ansP	GABA permease	no	group_2536	en_familia	39	0.9286	shell	core	si	no	no
bin_1_54	bin-1-54	bin_1_54_01107	cds	contig_21	256367	0.3920	104643	105392	+	104642	249		DNA-binding protein	no	group_1782	en_familia	42	1.0000	core	core	no	no	no
bin_1_54	bin-1-54	bin_1_54_01108	cds	contig_21	256367	0.3920	105659	106654	+	105658	331	fieF	Ferrous-iron efflux pump FieF	no	group_4889	en_familia	42	1.0000	core	core	no	no	no
bin_1_54	bin-1-54	bin_1_54_01109	cds	contig_21	256367	0.3920	106822	107565	+	106821	247	ycsE	5-amino-6-(5-phospho-D-ribitylamino)uracil phosphatase YcsE	no	ycsE	en_familia	41	0.9762	core	core	no	no	no
bin_1_54	bin-1-54	bin_1_54_01110	cds	contig_21	256367	0.3920	107738	108736	+	107737	332	yrpB	Monooxygenase Rv1533	no	group_12687	en_familia	41	0.9762	core	core	no	no	no
bin_1_54	bin-1-54	bin_1_54_01111	cds	contig_21	256367	0.3920	109153	111549	+	109152	798	yueB	ESX secretion system protein YueB	no	yueB	en_familia	42	1.0000	core	core	no	no	no
bin_1_54	bin-1-54	bin_1_54_01112	cds	contig_21	256367	0.3920	111546	111740	+	111545	64		hypothetical protein	no	group_9597	en_familia	1	0.0238	cloud	cloud	si	si	no
bin_1_54	bin-1-54	bin_1_54_01113	cds	contig_21	256367	0.3920	112093	112692	-	112092	199		DNA polymerase III PolC-type	no	group_706	en_familia	42	1.0000	core	core	no	no	no
bin_1_54	bin-1-54	bin_1_54_01114	cds	contig_21	256367	0.3920	113116	113997	-	113115	293		Transcriptional regulator	no	group_4307	en_familia	40	0.9524	core	core	no	no	no
bin_1_54	bin-1-54	bin_1_54_01115	cds	contig_21	256367	0.3920	114285	114914	-	114284	209	lysM	LysM domain-containing protein	no	group_5843	en_familia	42	1.0000	core	core	no	no	no
bin_1_54	bin-1-54	bin_1_54_01116	cds	contig_21	256367	0.3920	115251	115571	+	115250	106		FAD dependent oxidoreductase	no	group_6320	en_familia	39	0.9286	shell	core	si	no	no
bin_1_54	bin-1-54	bin_1_54_01117	cds	contig_21	256367	0.3920	115611	115949	+	115610	112		Oxidoreductase	no	group_6320	en_familia	39	0.9286	shell	core	si	no	no
bin_1_54	bin-1-54	bin_1_54_01118	cds	contig_21	256367	0.3920	116494	117072	+	116493	192	ydaF	Ribosomal N-acetyltransferase YdaF	no	group_5178	en_familia	42	1.0000	core	core	no	no	no
bin_1_54	bin-1-54	bin_1_54_01119	cds	contig_21	256367	0.3920	117228	117662	+	117227	144	ydcZ	DMT family transporter	no	ydcZ	en_familia	42	1.0000	core	core	no	no	no
bin_1_54	bin-1-54	bin_1_54_01120	cds	contig_21	256367	0.3920	118348	119982	+	118347	544	oppA	Oligopeptide-binding protein OppA	no	oppA	en_familia	42	1.0000	core	core	no	no	no
bin_1_54	bin-1-54	bin_1_54_01121	cds	contig_21	256367	0.3920	119996	121045	+	119995	349	dppB	Dipeptide transport system permease protein DppB	no	group_12827	en_familia	42	1.0000	core	core	no	no	no
bin_1_54	bin-1-54	bin_1_54_01122	cds	contig_21	256367	0.3920	121045	121974	+	121044	309	dppC	Dipeptide ABC transporter permease	no	dppC	en_familia	42	1.0000	core	core	no	no	no
bin_1_54	bin-1-54	bin_1_54_01123	cds	contig_21	256367	0.3920	122024	123037	+	122023	337	dppD	Oligopeptide transport ATP-binding protein OppD	no	group_7899	en_familia	42	1.0000	core	core	no	no	no
bin_1_54	bin-1-54	bin_1_54_01124	cds	contig_21	256367	0.3920	123051	124043	+	123050	330	dppD	ATP-binding cassette domain-containing protein	no	group_13869	en_familia	42	1.0000	core	core	no	no	no
bin_1_54	bin-1-54	bin_1_54_01125	cds	contig_21	256367	0.3920	124249	125103	+	124248	284	caiD	Short-chain-enoyl-CoA hydratase	no	group_9898	en_familia	42	1.0000	core	core	no	no	no
bin_1_54	bin-1-54	bin_1_54_01126	cds	contig_21	256367	0.3920	125325	125525	-	125324	66	cspC	Cold-shock DNA-binding domain protein	no	group_12541	en_familia	41	0.9762	core	core	no	no	no
bin_1_54	bin-1-54	bin_1_54_01127	cds	contig_21	256367	0.3920	125710	126666	-	125709	318		Glyoxylate/hydroxypyruvate reductase B	no	group_4527	en_familia	41	0.9762	core	core	no	no	no
bin_1_54	bin-1-54	bin_1_54_01128	cds	contig_21	256367	0.3920	126787	127335	+	126786	182	ydaF	Ribosomal N-acetyltransferase YdaF	no	ydaF	en_familia	42	1.0000	core	core	no	no	no
bin_1_54	bin-1-54	bin_1_54_01129	cds	contig_21	256367	0.3920	127557	129014	+	127353	485	adhE	Malonate-semialdehyde dehydrogenase	no	group_2201	en_familia	42	1.0000	core	core	no	no	no
bin_1_54	bin-1-54	bin_1_54_01130	cds	contig_21	256367	0.3920	129086	130426	+	125941	446	bioA	Taurine--pyruvate aminotransferase	no	group_9413	en_familia	42	1.0000	core	core	no	no	no
bin_1_54	bin-1-54	bin_1_54_01131	cds	contig_21	256367	0.3920	130714	131328	+	125039	204	nudL	Nudix hydrolase NudL	no	nudL	en_familia	42	1.0000	core	core	no	no	no
bin_1_54	bin-1-54	bin_1_54_01132	cds	contig_21	256367	0.3920	131423	132220	+	124147	265		Endonuclease-1	no	group_3432	en_familia	42	1.0000	core	core	no	no	no
bin_1_54	bin-1-54	bin_1_54_01133	cds	contig_21	256367	0.3920	132283	133341	-	123026	352		6-phosphogluconolactonase	no	group_5519	en_familia	42	1.0000	core	core	no	no	no
bin_1_54	bin-1-54	bin_1_54_01134	cds	contig_21	256367	0.3920	133483	135240	-	121127	585	ade	adenine deaminase	no	ade	en_familia	42	1.0000	core	core	no	no	no
bin_1_54	bin-1-54	bin_1_54_01135	cds	contig_21	256367	0.3920	135272	135724	-	120643	150		Guanine deaminase	no	group_1928	en_familia	42	1.0000	core	core	no	no	no
bin_1_54	bin-1-54	bin_1_54_01136	cds	contig_21	256367	0.3920	135984	136886	+	119481	300	yfdV	Transporter	no	group_9198	en_familia	42	1.0000	core	core	no	no	no
bin_1_54	bin-1-54	bin_1_54_01137	cds	contig_21	256367	0.3920	137138	137548	+	118819	136		DUF4262 domain-containing protein	no	group_1929	en_familia	42	1.0000	core	core	no	no	no
bin_1_54	bin-1-54	bin_1_54_01138	cds	contig_21	256367	0.3920	137972	138700	+	117667	242	glnQ	Glutamine transport ATP-binding protein GlnQ	no	group_13557	en_familia	42	1.0000	core	core	no	no	no
bin_1_54	bin-1-54	bin_1_54_01139	cds	contig_21	256367	0.3920	138720	139547	+	116820	275	glnH	Glutamine ABC transporter glutamine-binding protein GlnH	no	glnH	en_familia	42	1.0000	core	core	no	no	no
bin_1_54	bin-1-54	bin_1_54_01140	cds	contig_21	256367	0.3920	139654	140292	+	116075	212	glnM	Glutamine ABC transporter permease protein GlnM	no	glnM	en_familia	42	1.0000	core	core	no	no	no
bin_1_54	bin-1-54	bin_1_54_01141	cds	contig_21	256367	0.3920	140307	140957	+	115410	216	glnP	Glutamine ABC transporter permease protein GlnP	no	glnP	en_familia	42	1.0000	core	core	no	no	no
bin_1_54	bin-1-54	bin_1_54_01142	cds	contig_21	256367	0.3920	141612	141893	+	114474	93		DUF4190 domain-containing protein	no	group_2322	en_familia	41	0.9762	core	core	no	no	no
bin_1_54	bin-1-54	bin_1_54_01143	cds	contig_21	256367	0.3920	142004	142324	+	114043	106		HicB-like antitoxin of toxin-antitoxin system domain-containing protein	no	group_2657	en_familia	41	0.9762	core	core	no	no	no
bin_1_54	bin-1-54	bin_1_54_01144	cds	contig_21	256367	0.3920	142631	143053	+	113314	140		Group-specific protein	no	group_5247	en_familia	42	1.0000	core	core	no	no	no
bin_1_54	bin-1-54	bin_1_54_01145	cds	contig_21	256367	0.3920	143164	143292	+	113075	42		Acyl carrier protein	no	group_3035	en_familia	42	1.0000	core	core	no	no	no
bin_1_54	bin-1-54	bin_1_54_01146	cds	contig_21	256367	0.3920	143399	143500	-	112867	33		hypothetical protein	no	group_5360	en_familia	42	1.0000	core	core	no	no	no
bin_1_54	bin-1-54	bin_1_54_01147	cds	contig_21	256367	0.3920	143681	144424	-	111943	247		L,D-TPase catalytic domain-containing protein	no	group_3457	en_familia	42	1.0000	core	core	no	no	no
bin_1_54	bin-1-54	bin_1_54_01148	cds	contig_21	256367	0.3920	144650	145102	+	111265	150		DUF1694 domain-containing protein	no	yueI	en_familia	42	1.0000	core	core	no	no	no
bin_1_54	bin-1-54	bin_1_54_01149	cds	contig_21	256367	0.3920	145389	146477	-	109890	362		AI-2E family transporter	no	group_4828	en_familia	42	1.0000	core	core	no	no	no
bin_1_54	bin-1-54	bin_1_54_01150	cds	contig_21	256367	0.3920	146958	148226	-	108141	422		Oxalate/formate antiporter	no	group_1677	en_familia	41	0.9762	core	core	no	no	no
bin_1_54	bin-1-54	bin_1_54_01151	cds	contig_21	256367	0.3920	148885	149958	+	106409	357	ilvE	branched-chain amino acid aminotransferase	no	ilvE	en_familia	42	1.0000	core	core	no	no	no
bin_1_54	bin-1-54	bin_1_54_01152	cds	contig_21	256367	0.3920	149997	150683	-	105684	228		HTH luxR-type domain-containing protein	no	group_1676	en_familia	42	1.0000	core	core	no	no	no
bin_1_54	bin-1-54	bin_1_54_01153	cds	contig_21	256367	0.3920	150822	151709	+	104658	295	nrdB	R2-like ligand-binding oxidase	no	group_4827	en_familia	42	1.0000	core	core	no	no	no
bin_1_54	bin-1-54	bin_1_54_01154	cds	contig_21	256367	0.3920	151837	153048	+	103319	403		Alcohol dehydrogenase 2	no	group_3243	en_familia	42	1.0000	core	core	no	no	no
bin_1_54	bin-1-54	bin_1_54_01155	cds	contig_21	256367	0.3920	153174	153428	-	102939	84		Alpha/beta hydrolase	no	group_5446	en_familia	42	1.0000	core	core	no	no	no
bin_1_54	bin-1-54	bin_1_54_01156	cds	contig_21	256367	0.3920	153564	154298	+	102069	244	ycgG	YqcI/YcgG family protein	no	ycgG	en_familia	42	1.0000	core	core	no	no	no
bin_1_54	bin-1-54	bin_1_54_01157	cds	contig_21	256367	0.3920	154471	155097	+	101270	208		FMN dependent NADH:quinone oxidoreductase	no	group_2235	en_familia	42	1.0000	core	core	no	no	no
bin_1_54	bin-1-54	bin_1_54_01158	cds	contig_21	256367	0.3920	155215	157011	+	99356	598	pepF	oligoendopeptidase F	no	group_5084	en_familia	42	1.0000	core	core	no	no	no
bin_1_54	bin-1-54	bin_1_54_01159	cds	contig_21	256367	0.3920	157242	159488	+	96879	748		ATP-dependent RecD-like DNA helicase	no	group_3710	en_familia	42	1.0000	core	core	no	no	no
bin_1_54	bin-1-54	bin_1_54_01160	cds	contig_21	256367	0.3920	159770	160768	+	95599	332		Limonene 1,2-monooxygenase	no	group_1738	en_familia	42	1.0000	core	core	no	no	no
bin_1_54	bin-1-54	bin_1_54_01161	cds	contig_21	256367	0.3920	160862	161884	+	94483	340	ssuD	Alkanal monooxygenase alpha chain	no	group_4870	en_familia	42	1.0000	core	core	no	no	no
bin_1_54	bin-1-54	bin_1_54_01162	cds	contig_21	256367	0.3920	161978	163726	+	92641	582	pabB	aminodeoxychorismate synthase component I	no	pabB	en_familia	42	1.0000	core	core	no	no	no
bin_1_54	bin-1-54	bin_1_54_01163	cds	contig_21	256367	0.3920	163789	165159	+	91208	456		D-serine ammonia-lyase	no	group_4872	en_familia	42	1.0000	core	core	no	no	no
bin_1_54	bin-1-54	bin_1_54_01164	cds	contig_21	256367	0.3920	166016	167410	-	88957	464	gabR	HTH-type transcriptional regulatory protein GabR	no	gabR	en_familia	42	1.0000	core	core	no	no	no
bin_1_54	bin-1-54	bin_1_54_01165	cds	contig_21	256367	0.3920	167546	168433	+	87934	295	pdxS	pyridoxal 5'-phosphate synthase lyase subunit PdxS	no	pdxS	en_familia	42	1.0000	core	core	no	no	no
bin_1_54	bin-1-54	bin_1_54_01166	cds	contig_21	256367	0.3920	168435	169034	+	87333	199	pdxT	pyridoxal 5'-phosphate synthase glutaminase subunit PdxT	no	pdxT	en_familia	42	1.0000	core	core	no	no	no
bin_1_54	bin-1-54	bin_1_54_01167	cds	contig_21	256367	0.3920	169179	169925	+	86442	248		Diacetyl reductase [(S)-acetoin forming]	no	group_6428	en_familia	42	1.0000	core	core	no	no	no
bin_1_54	bin-1-54	bin_1_54_01168	cds	contig_21	256367	0.3920	170099	170686	+	85681	195		HTH tetR-type domain-containing protein	no	group_2487	en_familia	42	1.0000	core	core	no	no	no
bin_1_54	bin-1-54	bin_1_54_01169	cds	contig_21	256367	0.3920	170874	171407	+	84960	177	ssuE	NADPH-dependent FMN reductase	no	group_13639	en_familia	42	1.0000	core	core	no	no	no
bin_1_54	bin-1-54	bin_1_54_01170	cds	contig_21	256367	0.3920	171953	172096	+	84271	47		DUF2292 domain-containing protein	no	group_13853	en_familia	42	1.0000	core	core	no	no	no
bin_1_54	bin-1-54	bin_1_54_01171	cds	contig_21	256367	0.3920	172265	172981	+	83386	238		phosphoadenylyl-sulfate reductase	no	group_13208	en_familia	42	1.0000	core	core	no	no	no
bin_1_54	bin-1-54	bin_1_54_01172	cds	contig_21	256367	0.3920	173034	174182	+	82185	382		Sulfate adenylyltransferase	no	group_5607	en_familia	42	1.0000	core	core	no	no	no
bin_1_54	bin-1-54	bin_1_54_01173	cds	contig_21	256367	0.3920	174225	174824	+	81543	199	cysC	Adenylyl-sulfate kinase	no	cysC	en_familia	42	1.0000	core	core	no	no	no
bin_1_54	bin-1-54	bin_1_54_01174	cds	contig_21	256367	0.3920	174841	176466	+	79901	541	cysI	Sulfite reductase [ferredoxin]	no	group_1247	en_familia	42	1.0000	core	core	no	no	no
bin_1_54	bin-1-54	bin_1_54_01175	cds	contig_21	256367	0.3920	176487	176702	+	79665	71		DUF3906 domain-containing protein	no	group_12834	en_familia	42	1.0000	core	core	no	no	no
bin_1_54	bin-1-54	bin_1_54_01176	cds	contig_21	256367	0.3920	176659	177498	+	78869	279	cysG	uroporphyrinogen-III C-methyltransferase	no	cysG	en_familia	42	1.0000	core	core	no	no	no
bin_1_54	bin-1-54	bin_1_54_01177	cds	contig_21	256367	0.3920	177498	178259	+	78108	253		Sirohydrochlorin ferrochelatase	no	group_2058	en_familia	42	1.0000	core	core	no	no	no
bin_1_54	bin-1-54	bin_1_54_01178	cds	contig_21	256367	0.3920	178240	178872	+	77495	210		NAD(P)-binding protein	no	group_1961	en_familia	42	1.0000	core	core	no	no	no
bin_1_54	bin-1-54	bin_1_54_01179	cds	contig_21	256367	0.3920	179025	179924	+	76443	299	tauE	putative membrane transporter protein	no	tauE	en_familia	42	1.0000	core	core	no	no	no
bin_1_54	bin-1-54	bin_1_54_01180	cds	contig_21	256367	0.3920	180717	181235	+	75132	172		G/U mismatch-specific DNA glycosylase	no	group_6911	en_familia	42	1.0000	core	core	no	no	no
bin_1_54	bin-1-54	bin_1_54_01181	cds	contig_21	256367	0.3920	181979	182992	+	73375	337		GH15-like domain-containing protein	no	group_12743	en_familia	42	1.0000	core	core	no	no	no
bin_1_54	bin-1-54	bin_1_54_01182	cds	contig_21	256367	0.3920	183239	185179	+	71188	646	glgB	1,4-alpha-glucan branching protein GlgB	no	glgB	en_familia	42	1.0000	core	core	no	no	no
bin_1_54	bin-1-54	bin_1_54_01183	cds	contig_21	256367	0.3920	185179	186345	+	70022	388	glgC	glucose-1-phosphate adenylyltransferase	no	glgC	en_familia	42	1.0000	core	core	no	no	no
bin_1_54	bin-1-54	bin_1_54_01184	cds	contig_21	256367	0.3920	186363	187469	+	68898	368	glgD	glucose-1-phosphate adenylyltransferase subunit GlgD	no	glgD	en_familia	42	1.0000	core	core	no	no	no
bin_1_54	bin-1-54	bin_1_54_01185	cds	contig_21	256367	0.3920	187486	188922	+	67445	478	glgA	glycogen synthase GlgA	no	glgA	en_familia	42	1.0000	core	core	no	no	no
bin_1_54	bin-1-54	bin_1_54_01186	cds	contig_21	256367	0.3920	189049	190554	+	65813	501	cls	cardiolipin synthase	no	group_4495	en_familia	42	1.0000	core	core	no	no	no
bin_1_54	bin-1-54	bin_1_54_01187	cds	contig_21	256367	0.3920	190630	191385	+	64982	251	xthA	exodeoxyribonuclease III	no	xth~~~xthA	en_familia	42	1.0000	core	core	no	no	no
bin_1_54	bin-1-54	bin_1_54_01188	cds	contig_21	256367	0.3920	191449	191853	+	64514	134		Cytosolic protein	no	group_1101	en_familia	41	0.9762	core	core	no	no	no
bin_1_54	bin-1-54	bin_1_54_01189	cds	contig_21	256367	0.3920	191869	192147	+	64220	92		Nuclease component	no	group_2507	en_familia	39	0.9286	shell	core	si	no	no
bin_1_54	bin-1-54	bin_1_54_01190	cds	contig_21	256367	0.3920	192191	192712	-	63655	173	yebE	UPF0316 protein ABE28_011980	no	yebE	en_familia	42	1.0000	core	core	no	no	no
bin_1_54	bin-1-54	bin_1_54_01191	cds	contig_21	256367	0.3920	192955	193299	+	63068	114		N-acetylglutamate synthase	no	group_2506	en_familia	42	1.0000	core	core	no	no	no
bin_1_54	bin-1-54	bin_1_54_01192	cds	contig_21	256367	0.3920	193318	193896	+	62471	192		Phosphoserine phosphatase 1	no	group_5200	en_familia	42	1.0000	core	core	no	no	no
bin_1_54	bin-1-54	bin_1_54_01193	cds	contig_21	256367	0.3920	193966	194673	+	61694	235		Oxidoreductase	no	group_6110	en_familia	36	0.8571	shell	shell	si	no	no
bin_1_54	bin-1-54	bin_1_54_01194	cds	contig_21	256367	0.3920	194946	195314	-	61053	122		Cytoplasmic protein	no	group_6429	en_familia	13	0.3095	shell	shell	si	no	no
bin_1_54	bin-1-54	bin_1_54_01195	cds	contig_21	256367	0.3920	195813	196229	+	60138	138	copY	Transcriptional regulator BlaI	no	copY	en_familia	42	1.0000	core	core	no	no	no
bin_1_54	bin-1-54	bin_1_54_01196	cds	contig_21	256367	0.3920	196229	197080	+	59287	283	htpX	Protease HtpX	no	htpX	en_familia	42	1.0000	core	core	no	no	no
bin_1_54	bin-1-54	bin_1_54_01197	cds	contig_21	256367	0.3920	197153	197581	+	58786	142	catD	Oxidoreductase CatD	no	catD	en_familia	42	1.0000	core	core	no	no	no
bin_1_54	bin-1-54	bin_1_54_01198	cds	contig_21	256367	0.3920	197960	198385	+	57982	141		Glyoxalase/fosfomycin resistance/dioxygenase domain-containing protein	no	group_5774	en_familia	42	1.0000	core	core	no	no	no
bin_1_54	bin-1-54	bin_1_54_01199	cds	contig_21	256367	0.3920	198603	198704	-	57663	33		hypothetical protein	no	group_3842	en_familia	18	0.4286	shell	shell	si	no	no
bin_1_54	bin-1-54	bin_1_54_01200	cds	contig_21	256367	0.3920	198901	199680	+	56687	259		J domain-containing protein	no	group_4128	en_familia	42	1.0000	core	core	no	no	no
bin_1_54	bin-1-54	bin_1_54_01201	cds	contig_21	256367	0.3920	199913	200566	-	55801	217		Fe2OG dioxygenase domain-containing protein	no	group_435	en_familia	42	1.0000	core	core	no	no	no
bin_1_54	bin-1-54	bin_1_54_01202	cds	contig_21	256367	0.3920	201080	201394	+	54973	104		Serine/threonine-protein kinase	no	group_4129	en_familia	42	1.0000	core	core	no	no	no
bin_1_54	bin-1-54	bin_1_54_01203	cds	contig_21	256367	0.3920	201394	201648	+	54719	84		Kinase	no	group_4129	en_familia	42	1.0000	core	core	no	no	no
bin_1_54	bin-1-54	bin_1_54_01204	cds	contig_21	256367	0.3920	201624	202100	-	54267	158		MutT/nudix family protein	no	group_6394	en_familia	42	1.0000	core	core	no	no	no
bin_1_54	bin-1-54	bin_1_54_01205	cds	contig_21	256367	0.3920	202433	202672	+	53695	79		Serine/threonine protein kinase	no	group_6035	en_familia	40	0.9524	core	core	no	no	no
bin_1_54	bin-1-54	bin_1_54_01206	cds	contig_21	256367	0.3920	202654	203016	+	53351	120		Serine/threonine-protein kinase	no	group_6035	en_familia	40	0.9524	core	core	no	no	no
bin_1_54	bin-1-54	bin_1_54_01207	cds	contig_21	256367	0.3920	203963	204571	+	51796	202		hypothetical protein	no	group_1943	en_familia	40	0.9524	core	core	no	no	no
bin_1_54	bin-1-54	bin_1_54_01208	cds	contig_21	256367	0.3920	205455	206360	+	50007	301	galU	UTP--glucose-1-phosphate uridylyltransferase GalU	no	group_9287	en_familia	41	0.9762	core	core	no	no	no
bin_1_54	bin-1-54	bin_1_54_01209	cds	contig_21	256367	0.3920	206362	207681	+	48686	439		UDP-glucose 6-dehydrogenase	no	group_1944	en_familia	42	1.0000	core	core	no	no	no
bin_1_54	bin-1-54	bin_1_54_01210	cds	contig_21	256367	0.3920	208059	209573	+	46794	504		Glycosyltransferase	no	wcaL	en_familia	42	1.0000	core	core	no	no	no
bin_1_54	bin-1-54	bin_1_54_01211	cds	contig_21	256367	0.3920	209560	210741	+	45626	393		Serine/threonine protein kinase	no	group_6036	en_familia	41	0.9762	core	core	no	no	no
bin_1_54	bin-1-54	bin_1_54_01212	cds	contig_21	256367	0.3920	211086	212090	+	44277	334		UDP-N-acetylglucosamine 4-epimerase	no	group_6395	en_familia	42	1.0000	core	core	no	no	no
bin_1_54	bin-1-54	bin_1_54_01213	cds	contig_21	256367	0.3920	212550	212969	+	43398	139		hypothetical protein	no	group_6644	en_familia	42	1.0000	core	core	no	no	no
bin_1_54	bin-1-54	bin_1_54_01214	cds	contig_21	256367	0.3920	212974	213738	+	42629	254		Group 1 glycosyl transferase	no	group_6644	en_familia	42	1.0000	core	core	no	no	no
bin_1_54	bin-1-54	bin_1_54_01215	cds	contig_21	256367	0.3920	214022	215752	+	40615	576		Phosphoglucomutase	no	group_6688	en_familia	42	1.0000	core	core	no	no	no
bin_1_54	bin-1-54	bin_1_54_01216	cds	contig_21	256367	0.3920	216674	217060	+	39307	128		DUF192 domain-containing protein	no	group_6714	en_familia	41	0.9762	core	core	no	no	no
bin_1_54	bin-1-54	bin_1_54_01217	cds	contig_21	256367	0.3920	217685	218854	-	37513	389		DUF418 domain-containing protein	no	group_5411	en_familia	21	0.5000	shell	shell	si	no	no
bin_1_54	bin-1-54	bin_1_54_01218	cds	contig_21	256367	0.3920	219040	220290	-	36077	416	araJ	Inner membrane transport protein YdhP	no	group_3132	en_familia	42	1.0000	core	core	no	no	no
bin_1_54	bin-1-54	bin_1_54_01219	cds	contig_21	256367	0.3920	220585	220800	+	35567	71		Phage protein	no	group_5408	en_familia	42	1.0000	core	core	no	no	no
bin_1_54	bin-1-54	bin_1_54_01220	cds	contig_21	256367	0.3920	221225	221623	+	34744	132		IDEAL domain-containing protein	no	group_6184	en_familia	42	1.0000	core	core	no	no	no
bin_1_54	bin-1-54	bin_1_54_01221	cds	contig_21	256367	0.3920	221694	222155	+	34212	153		flavodoxin	no	group_6473	en_familia	41	0.9762	core	core	no	no	no
bin_1_54	bin-1-54	bin_1_54_01222	cds	contig_21	256367	0.3920	222192	222965	+	33402	257		PD-(D/E)XK endonuclease-like domain-containing protein	no	group_5981	en_familia	42	1.0000	core	core	no	no	no
bin_1_54	bin-1-54	bin_1_54_01223	cds	contig_21	256367	0.3920	223520	224695	+	31672	391	mbtN	Acyl-[acyl-carrier-protein] dehydrogenase MbtN	no	mbtN	en_familia	42	1.0000	core	core	no	no	no
bin_1_54	bin-1-54	bin_1_54_01224	cds	contig_21	256367	0.3920	224906	226060	+	30307	384	opuBA	Quaternary amine transport ATP-binding protein	no	opuBA	en_familia	42	1.0000	core	core	no	no	no
bin_1_54	bin-1-54	bin_1_54_01225	cds	contig_21	256367	0.3920	226073	226726	+	29641	217	opuBB	Glycine betaine/carnitine/choline transport system permease opuCB	no	opuBB	en_familia	42	1.0000	core	core	no	no	no
bin_1_54	bin-1-54	bin_1_54_01226	cds	contig_21	256367	0.3920	226738	227655	+	28712	305		Glycine betaine/carnitine/choline-binding protein OpuCC	no	group_2306	en_familia	42	1.0000	core	core	no	no	no
bin_1_54	bin-1-54	bin_1_54_01227	cds	contig_21	256367	0.3920	227673	228335	+	28032	220	opuBB	ABC transporter permease	no	group_12230	en_familia	42	1.0000	core	core	no	no	no
bin_1_54	bin-1-54	bin_1_54_01228	cds	contig_21	256367	0.3920	228498	229334	+	27033	278	speD	adenosylmethionine decarboxylase	no	group_1724	en_familia	42	1.0000	core	core	no	no	no
bin_1_54	bin-1-54	bin_1_54_01229	cds	contig_21	256367	0.3920	229359	230393	-	25974	344		Sulfate exporter family transporter	no	group_4860	en_familia	42	1.0000	core	core	no	no	no
bin_1_54	bin-1-54	bin_1_54_01230	cds	contig_21	256367	0.3920	230518	231411	+	24956	297	lysR	selenium metabolism-associated LysR family transcriptional regulator	no	group_1946	en_familia	42	1.0000	core	core	no	no	no
bin_1_54	bin-1-54	bin_1_54_01231	cds	contig_21	256367	0.3920	231650	232555	+	23812	301		DUF2207 domain-containing protein	no	group_2379	en_familia	42	1.0000	core	core	no	no	no
bin_1_54	bin-1-54	bin_1_54_01232	cds	contig_21	256367	0.3920	233055	233681	+	22686	208		Metal-dependent hydrolase	no	group_5149	en_familia	42	1.0000	core	core	no	no	no
bin_1_54	bin-1-54	bin_1_54_01233	cds	contig_21	256367	0.3920	233904	234347	+	22020	147	lytE	Peptidoglycan endopeptidase LytE	no	lytE	en_familia	40	0.9524	core	core	no	no	no
bin_1_54	bin-1-54	bin_1_54_01234	cds	contig_21	256367	0.3920	235095	237224	+	19143	709	clpE	ATP-dependent Clp protease ATP-binding subunit ClpE	no	clpE	en_familia	42	1.0000	core	core	no	no	no
bin_1_54	bin-1-54	bin_1_54_01235	cds	contig_21	256367	0.3920	237556	239499	+	16868	647	pulA	type I pullulanase	no	pulA	en_familia	42	1.0000	core	core	no	no	no
bin_1_54	bin-1-54	bin_1_54_01236	cds	contig_21	256367	0.3920	239678	242641	+	13726	987	fdhF	formate dehydrogenase subunit alpha	no	group_6416	en_familia	42	1.0000	core	core	no	no	no
bin_1_54	bin-1-54	bin_1_54_01237	cds	contig_21	256367	0.3920	242634	243323	+	13044	229		DUF1641 domain-containing protein	no	group_6105	en_familia	42	1.0000	core	core	no	no	no
bin_1_54	bin-1-54	bin_1_54_01238	cds	contig_21	256367	0.3920	243585	245072	+	11295	495		Spore germination protein KA	no	group_6425	en_familia	25	0.5952	shell	shell	si	no	no
bin_1_54	bin-1-54	bin_1_54_01239	cds	contig_21	256367	0.3920	245099	246289	+	10078	396		Ger(X)C family germination protein	no	group_6577	en_familia	25	0.5952	shell	shell	si	no	no
bin_1_54	bin-1-54	bin_1_54_01240	cds	contig_21	256367	0.3920	246314	247417	+	8950	367		Spore germination protein	no	group_6426	en_familia	25	0.5952	shell	shell	si	no	no
bin_1_54	bin-1-54	bin_1_54_01241	cds	contig_21	256367	0.3920	247412	247636	-	8731	74		hypothetical protein	no	group_6106	en_familia	11	0.2619	shell	shell	si	no	no
bin_1_54	bin-1-54	bin_1_54_01242	cds	contig_21	256367	0.3920	247824	248327	+	8040	167		Lipoprotein	no	group_5183	en_familia	41	0.9762	core	core	no	no	no
bin_1_54	bin-1-54	bin_1_54_01243	cds	contig_21	256367	0.3920	248510	249481	+	6886	323	uvsE	UV DNA damage repair endonuclease UvsE	no	group_2449	en_familia	42	1.0000	core	core	no	no	no
bin_1_54	bin-1-54	bin_1_54_01244	cds	contig_21	256367	0.3920	250239	250811	+	5556	190	xerD	Integrase family protein	no	group_13136	en_familia	42	1.0000	core	core	no	no	no
bin_1_54	bin-1-54	bin_1_54_01245	cds	contig_21	256367	0.3920	251408	252118	-	4249	236		diphthine--ammonia ligase	no	dph6	en_familia	42	1.0000	core	core	no	no	no
bin_1_54	bin-1-54	bin_1_54_01246	cds	contig_21	256367	0.3920	252510	253184	+	3183	224	gntR	HTH gntR-type domain-containing protein	no	group_1450	en_familia	42	1.0000	core	core	no	no	no
bin_1_54	bin-1-54	bin_1_54_01247	cds	contig_21	256367	0.3920	253199	254416	+	1951	405	lhgO	L-2-hydroxyglutarate oxidase	no	lhgO	en_familia	42	1.0000	core	core	no	no	no
bin_1_54	bin-1-54	bin_1_54_01248	cds	contig_21	256367	0.3920	254446	254787	+	1580	113		DUF3870 domain-containing protein	no	group_1884	en_familia	42	1.0000	core	core	no	no	no
bin_1_54	bin-1-54	bin_1_54_01249	cds	contig_21	256367	0.3920	255116	256054	+	313	312	glaH	glutarate dioxygenase GlaH	no	glaH	en_familia	42	1.0000	core	core	no	no	no
bin_1_54	bin-1-54	bin_1_54_01250	cds	contig_22	16256	0.4145	310	1005	+	309	231		Demethylmenaquinone methyltransferase	no	group_2648	en_familia	42	1.0000	core	core	no	no	no
bin_1_54	bin-1-54	bin_1_54_01251	cds	contig_22	16256	0.4145	1005	1700	+	1004	231	aIM24	AIM24 family protein	no	group_1940	en_familia	42	1.0000	core	core	no	no	no
bin_1_54	bin-1-54	bin_1_54_01252	cds	contig_22	16256	0.4145	1809	2717	-	1808	302	metA	homoserine O-succinyltransferase	no	metA	en_familia	42	1.0000	core	core	no	no	no
bin_1_54	bin-1-54	bin_1_54_01253	cds	contig_22	16256	0.4145	2885	3415	+	2884	176		Group-specific protein	no	group_1941	en_familia	42	1.0000	core	core	no	no	no
bin_1_54	bin-1-54	bin_1_54_01254	cds	contig_22	16256	0.4145	3497	3973	+	3496	158		Glutathione peroxidase	no	btuE	en_familia	42	1.0000	core	core	no	no	no
bin_1_54	bin-1-54	bin_1_54_01255	cds	contig_22	16256	0.4145	3970	4143	+	3969	57		hypothetical protein	no	group_13907	en_familia	23	0.5476	shell	shell	si	no	no
bin_1_54	bin-1-54	bin_1_54_01256	cds	contig_22	16256	0.4145	4115	4960	+	4114	281	degV	Fatty acid-binding protein DegV	no	group_3115	en_familia	42	1.0000	core	core	no	no	no
bin_1_54	bin-1-54	bin_1_54_01257	cds	contig_22	16256	0.4145	5014	5658	+	5013	214		HD/PDEase domain-containing protein	no	group_821	en_familia	42	1.0000	core	core	no	no	no
bin_1_54	bin-1-54	bin_1_54_01258	cds	contig_22	16256	0.4145	5640	7532	+	5639	630	abc-f	ribosomal protection-like ABC-F family protein	no	group_14265	en_familia	42	1.0000	core	core	no	no	no
bin_1_54	bin-1-54	bin_1_54_01259	cds	contig_22	16256	0.4145	7663	8799	+	7457	378		Scaffold protein Nfu/NifU N-terminal domain-containing protein	no	group_5810	en_familia	42	1.0000	core	core	no	no	no
bin_1_54	bin-1-54	bin_1_54_01260	cds	contig_22	16256	0.4145	9067	10752	+	5504	561	ilvD	dihydroxy-acid dehydratase	no	group_1067	en_familia	42	1.0000	core	core	no	no	no
bin_1_54	bin-1-54	bin_1_54_01261	cds	contig_22	16256	0.4145	10925	11353	+	4903	142		BrxA/BrxB family bacilliredoxin	no	group_12806	en_familia	42	1.0000	core	core	no	no	no
bin_1_54	bin-1-54	bin_1_54_01262	cds	contig_22	16256	0.4145	11430	12209	+	4047	259		SAM-dependent methyltransferase	no	group_12804	en_familia	42	1.0000	core	core	no	no	no
bin_1_54	bin-1-54	bin_1_54_01263	cds	contig_22	16256	0.4145	12210	13898	-	2358	562	ggt	gamma-glutamyltransferase	no	group_3137	en_familia	42	1.0000	core	core	no	no	no
bin_1_54	bin-1-54	bin_1_54_01264	cds	contig_22	16256	0.4145	14334	14951	+	1305	205	ftsK	Cell division protein FtsK	no	group_8664	en_familia	42	1.0000	core	core	no	no	no
bin_1_54	bin-1-54	bin_1_54_01265	cds	contig_22	16256	0.4145	15148	15918	+	338	256	terC	DUF475 domain-containing protein	no	group_4122	en_familia	42	1.0000	core	core	no	no	no
bin_1_54	bin-1-54	bin_1_54_01266	cds	contig_23	78509	0.4029	284	745	+	283	153		SMI1 / KNR4 family protein	no	group_7109	en_familia	6	0.1429	cloud	cloud	si	si	no
bin_1_54	bin-1-54	bin_1_54_01267	cds	contig_23	78509	0.4029	959	1264	+	958	101		Knr4/Smi1-like domain-containing protein	no	group_7225	en_familia	3	0.0714	cloud	cloud	si	si	no
bin_1_54	bin-1-54	bin_1_54_01268	cds	contig_23	78509	0.4029	1287	1388	+	1286	33		hypothetical protein	no	group_7225	en_familia	3	0.0714	cloud	cloud	si	si	no
bin_1_54	bin-1-54	bin_1_54_01269	cds	contig_23	78509	0.4029	1519	2073	+	1518	184		PD(D/E)XK endonuclease domain-containing protein	no	group_7403	en_familia	13	0.3095	shell	shell	si	no	no
bin_1_54	bin-1-54	bin_1_54_01270	cds	contig_23	78509	0.4029	2373	5183	+	2372	936		DEAD/DEAH box helicase	no	group_7099	en_familia	13	0.3095	shell	shell	si	no	no
bin_1_54	bin-1-54	bin_1_54_01271	cds	contig_23	78509	0.4029	5189	5602	-	5188	137		8-oxo-dGTP diphosphatase	no	group_7035	en_familia	17	0.4048	shell	shell	si	no	no
bin_1_54	bin-1-54	bin_1_54_01272	cds	contig_23	78509	0.4029	5723	6049	+	5722	108		Phosphoribosyl-ATP pyrophosphohydrolase	no	group_6472	en_familia	10	0.2381	shell	shell	si	no	no
bin_1_54	bin-1-54	bin_1_54_01273	cds	contig_23	78509	0.4029	6042	8459	+	6041	805	radD	DNA repair helicase RadD	no	radD	en_familia	13	0.3095	shell	shell	si	no	no
bin_1_54	bin-1-54	bin_1_54_01274	cds	contig_23	78509	0.4029	8772	9362	-	8771	196		RNA polymerase sigma-B factor (Sigma-37) (General stress protein84) (GSP84)	no	group_5348	en_familia	10	0.2381	shell	shell	si	no	no
bin_1_54	bin-1-54	bin_1_54_01275	cds	contig_23	78509	0.4029	9355	9546	-	9354	63		Four helix bundle protein	no	group_2993	en_familia	10	0.2381	shell	shell	si	no	no
bin_1_54	bin-1-54	bin_1_54_01276	cds	contig_23	78509	0.4029	9543	9698	-	9542	51	yvrJ	YvrJ protein family protein	no	group_10620	en_familia	10	0.2381	shell	shell	si	no	no
bin_1_54	bin-1-54	bin_1_54_01277	cds	contig_23	78509	0.4029	9716	9955	-	9715	79	rsoA	Sigma-O factor regulatory protein RsoA	no	group_14187	en_familia	10	0.2381	shell	shell	si	no	no
bin_1_54	bin-1-54	bin_1_54_01278	cds	contig_23	78509	0.4029	10319	11155	-	10318	278		hypothetical protein	no	group_3661	en_familia	12	0.2857	shell	shell	si	no	no
bin_1_54	bin-1-54	bin_1_54_01279	cds	contig_23	78509	0.4029	11232	11624	-	11231	130		DUF2178 domain-containing protein	no	group_5603	en_familia	17	0.4048	shell	shell	si	no	no
bin_1_54	bin-1-54	bin_1_54_01280	cds	contig_23	78509	0.4029	11642	11860	-	11641	72		HTH cro/C1-type domain-containing protein	no	group_3630	en_familia	17	0.4048	shell	shell	si	no	no
bin_1_54	bin-1-54	bin_1_54_01281	cds	contig_23	78509	0.4029	12077	14041	-	12076	654	fadH	NADH:flavin oxidoreductase	no	group_5405	en_familia	39	0.9286	shell	core	si	no	no
bin_1_54	bin-1-54	bin_1_54_01282	cds	contig_23	78509	0.4029	14377	16134	+	14376	585	rocR	PAS modulated sigma54 specific transcriptional regulator, Fis family protein	no	group_3128	en_familia	39	0.9286	shell	core	si	no	no
bin_1_54	bin-1-54	bin_1_54_01283	cds	contig_23	78509	0.4029	16236	16376	+	16235	46		hypothetical protein	no	group_12789	en_familia	39	0.9286	shell	core	si	no	no
bin_1_54	bin-1-54	bin_1_54_01284	cds	contig_23	78509	0.4029	16377	17978	+	16376	533	putP	Sodium:solute symporter	no	group_5404	en_familia	39	0.9286	shell	core	si	no	no
bin_1_54	bin-1-54	bin_1_54_01285	cds	contig_23	78509	0.4029	18321	18779	-	18320	152		Lipoprotein	no	group_14572	en_familia	3	0.0714	cloud	cloud	si	si	no
bin_1_54	bin-1-54	bin_1_54_01286	cds	contig_23	78509	0.4029	19451	20905	+	19450	484	msr	Msr family ABC-F type ribosomal protection protein	no	msr	en_familia	10	0.2381	shell	shell	si	no	no
bin_1_54	bin-1-54	bin_1_54_01287	cds	contig_23	78509	0.4029	20980	21489	-	20979	169	ykuD	L,D-transpeptidase YkuD	no	ykuD	en_familia	41	0.9762	core	core	no	no	no
bin_1_54	bin-1-54	bin_1_54_01288	cds	contig_23	78509	0.4029	21691	22017	+	21690	108		Endonuclease	no	group_2238	en_familia	41	0.9762	core	core	no	no	no
bin_1_54	bin-1-54	bin_1_54_01289	cds	contig_23	78509	0.4029	22174	22899	+	22173	241		ZIP family metal transporter	no	group_5088	en_familia	41	0.9762	core	core	no	no	no
bin_1_54	bin-1-54	bin_1_54_01290	cds	contig_23	78509	0.4029	23046	23510	-	23045	154		Abi family protein	no	group_14530	en_familia	5	0.1190	cloud	cloud	si	si	no
bin_1_54	bin-1-54	bin_1_54_01291	cds	contig_23	78509	0.4029	23774	23950	-	23773	58		hypothetical protein	no	group_14530	en_familia	5	0.1190	cloud	cloud	si	si	no
bin_1_54	bin-1-54	bin_1_54_01293	cds	contig_23	78509	0.4029	24132	24236	+	24131	34		hypothetical protein	no	group_11725	en_familia	2	0.0476	cloud	cloud	si	si	no
bin_1_54	bin-1-54	bin_1_54_01294	cds	contig_23	78509	0.4029	24343	24714	+	24342	123		DUF1798 domain-containing protein	no	group_5523	en_familia	41	0.9762	core	core	no	no	no
bin_1_54	bin-1-54	bin_1_54_01295	cds	contig_23	78509	0.4029	24824	25693	-	24823	289		5'-methylthioadenosine/S-adenosylhomocysteine nucleosidase	no	group_3463	en_familia	38	0.9048	shell	core	si	no	no
bin_1_54	bin-1-54	bin_1_54_01296	cds	contig_23	78509	0.4029	26792	27718	-	26791	308		Quinone oxidoreductase 1	no	group_5522	en_familia	41	0.9762	core	core	no	no	no
bin_1_54	bin-1-54	bin_1_54_01297	cds	contig_23	78509	0.4029	27927	28496	+	27926	189		Bacterial bifunctional deaminase-reductase C-terminal domain-containing protein	no	group_6031	en_familia	41	0.9762	core	core	no	no	no
bin_1_54	bin-1-54	bin_1_54_01298	cds	contig_23	78509	0.4029	28772	29263	+	28771	163		DUF3278 domain-containing protein	no	group_4941	en_familia	41	0.9762	core	core	no	no	no
bin_1_54	bin-1-54	bin_1_54_01299	cds	contig_23	78509	0.4029	29292	29489	+	29291	65	xRE	HTH cro/C1-type domain-containing protein	no	xRE	en_familia	41	0.9762	core	core	no	no	no
bin_1_54	bin-1-54	bin_1_54_01300	cds	contig_23	78509	0.4029	29598	29852	+	29597	84		Sporulation protein	no	group_2290	en_familia	41	0.9762	core	core	no	no	no
bin_1_54	bin-1-54	bin_1_54_01301	cds	contig_23	78509	0.4029	29896	30561	-	29895	221		DUF1292 domain-containing protein	no	group_5113	en_familia	41	0.9762	core	core	no	no	no
bin_1_54	bin-1-54	bin_1_54_01302	cds	contig_23	78509	0.4029	30702	31565	-	30701	287	gltC	HTH-type transcriptional regulator GltC	no	gltC~~~lysR	en_familia	39	0.9286	shell	core	si	no	no
bin_1_54	bin-1-54	bin_1_54_01303	cds	contig_23	78509	0.4029	31685	31987	+	31684	100		Group-specific protein	no	group_3947	en_familia	28	0.6667	shell	shell	si	no	no
bin_1_54	bin-1-54	bin_1_54_01304	cds	contig_23	78509	0.4029	32133	32351	+	32132	72		DUF1659 domain-containing protein	no	group_53	en_familia	40	0.9524	core	core	no	no	no
bin_1_54	bin-1-54	bin_1_54_01305	cds	contig_23	78509	0.4029	32395	32613	+	32394	72		DUF2922 domain-containing protein	no	group_2996	en_familia	41	0.9762	core	core	no	no	no
bin_1_54	bin-1-54	bin_1_54_01306	cds	contig_23	78509	0.4029	32967	33176	+	32966	69	gsiB	GsiB	no	gsiB	en_familia	41	0.9762	core	core	no	no	no
bin_1_54	bin-1-54	bin_1_54_01307	cds	contig_23	78509	0.4029	33339	33785	+	33338	148	gsiB	Glucose starvation-inducible protein GsiB	no	group_5349	en_familia	40	0.9524	core	core	no	no	no
bin_1_54	bin-1-54	bin_1_54_01308	cds	contig_23	78509	0.4029	33921	35267	+	33920	448		DUF3238 domain-containing protein	no	group_4607	en_familia	41	0.9762	core	core	no	no	no
bin_1_54	bin-1-54	bin_1_54_01309	cds	contig_23	78509	0.4029	35345	35737	-	35344	130		Thiol-disulfide oxidoreductase	no	group_5266	en_familia	41	0.9762	core	core	no	no	no
bin_1_54	bin-1-54	bin_1_54_01310	cds	contig_23	78509	0.4029	36113	37084	+	36112	323		Acyltransferase 3 domain-containing protein	no	group_2708	en_familia	41	0.9762	core	core	no	no	no
bin_1_54	bin-1-54	bin_1_54_01311	cds	contig_23	78509	0.4029	37967	39076	+	37966	369	dacB	D-alanyl-D-alanine carboxypeptidase DacB	no	group_5267	en_familia	41	0.9762	core	core	no	no	no
bin_1_54	bin-1-54	bin_1_54_01312	cds	contig_23	78509	0.4029	39293	39805	+	38704	170		ABC transporter	no	group_6129	en_familia	41	0.9762	core	core	no	no	no
bin_1_54	bin-1-54	bin_1_54_01313	cds	contig_23	78509	0.4029	40001	40180	-	38329	59		small acid-soluble spore protein H	no	group_5486	en_familia	41	0.9762	core	core	no	no	no
bin_1_54	bin-1-54	bin_1_54_01314	cds	contig_23	78509	0.4029	40401	40853	+	37656	150		GNAT family N-acetyltransferase	no	group_6210	en_familia	41	0.9762	core	core	no	no	no
bin_1_54	bin-1-54	bin_1_54_01315	cds	contig_23	78509	0.4029	40957	41829	+	36680	290	tetD	Transposon Tn10 TetD protein	no	tetD	en_familia	41	0.9762	core	core	no	no	no
bin_1_54	bin-1-54	bin_1_54_01316	cds	contig_23	78509	0.4029	41984	42439	+	36070	151		Coenzyme Q-binding protein COQ10 START domain-containing protein	no	group_6612	en_familia	41	0.9762	core	core	no	no	no
bin_1_54	bin-1-54	bin_1_54_01317	cds	contig_23	78509	0.4029	42552	42887	+	35622	111		Cytoplasmic protein	no	rraB	en_familia	19	0.4524	shell	shell	si	no	no
bin_1_54	bin-1-54	bin_1_54_01318	cds	contig_23	78509	0.4029	43222	43446	+	35063	74		hypothetical protein	no	group_8758	en_familia	1	0.0238	cloud	cloud	si	si	no
bin_1_54	bin-1-54	bin_1_54_01319	cds	contig_23	78509	0.4029	43527	43706	+	34803	59		DUF4083 domain-containing protein	no	group_6162	en_familia	28	0.6667	shell	shell	si	no	no
bin_1_54	bin-1-54	bin_1_54_01320	cds	contig_23	78509	0.4029	43723	44265	-	34244	180		Integral inner membrane protein	no	group_7117	en_familia	34	0.8095	shell	shell	si	no	no
bin_1_54	bin-1-54	bin_1_54_01321	cds	contig_23	78509	0.4029	44792	45634	-	32875	280	mleCBF	CBF family alpha/beta fold macrolide esterase	no	mleCBF	en_familia	41	0.9762	core	core	no	no	no
bin_1_54	bin-1-54	bin_1_54_01322	cds	contig_23	78509	0.4029	45923	46699	-	31810	258	fabG	3-hydroxybutyrate dehydrogenase	no	group_10904	en_familia	41	0.9762	core	core	no	no	no
bin_1_54	bin-1-54	bin_1_54_01323	cds	contig_23	78509	0.4029	46947	47894	+	30615	315		L-gulonate 3-dehydrogenase	no	group_2163	en_familia	41	0.9762	core	core	no	no	no
bin_1_54	bin-1-54	bin_1_54_01324	cds	contig_23	78509	0.4029	47891	49066	+	29443	391	paaJ	acetyl-CoA C-acetyltransferase	no	paaJ	en_familia	41	0.9762	core	core	no	no	no
bin_1_54	bin-1-54	bin_1_54_01325	cds	contig_23	78509	0.4029	49131	50801	+	27708	556		Limonene hydroxylase	no	group_1107	en_familia	41	0.9762	core	core	no	no	no
bin_1_54	bin-1-54	bin_1_54_01326	cds	contig_23	78509	0.4029	51411	52793	+	25716	460	gntT	High-affinity gluconate transporter	no	group_12812	en_familia	41	0.9762	core	core	no	no	no
bin_1_54	bin-1-54	bin_1_54_01327	cds	contig_23	78509	0.4029	52826	53521	+	24988	231		Succinyl-CoA:3-ketoacid coenzyme A transferase subunit A	no	group_11990	en_familia	41	0.9762	core	core	no	no	no
bin_1_54	bin-1-54	bin_1_54_01328	cds	contig_23	78509	0.4029	53538	54185	+	24324	215		Succinyl-CoA:3-ketoacid coenzyme A transferase subunit B	no	group_12400	en_familia	41	0.9762	core	core	no	no	no
bin_1_54	bin-1-54	bin_1_54_01329	cds	contig_23	78509	0.4029	54750	55127	-	23382	125		DUF6434 domain-containing protein	no	group_6087	en_familia	12	0.2857	shell	shell	si	no	no
bin_1_54	bin-1-54	bin_1_54_01330	cds	contig_23	78509	0.4029	55738	56655	+	21854	305	cwlK	Peptidoglycan L-alanyl-D-glutamate endopeptidase CwlK	no	group_5130	en_familia	41	0.9762	core	core	no	no	no
bin_1_54	bin-1-54	bin_1_54_01331	cds	contig_23	78509	0.4029	56737	57585	-	20924	282		Kanosamine-6-phosphate phosphatase	no	group_6090	en_familia	40	0.9524	core	core	no	no	no
bin_1_54	bin-1-54	bin_1_54_01332	cds	contig_23	78509	0.4029	57723	58712	+	19797	329		Transcriptional regulator of the ntd operon (LacI family)	no	group_6417	en_familia	40	0.9524	core	core	no	no	no
bin_1_54	bin-1-54	bin_1_54_01333	cds	contig_23	78509	0.4029	58954	59439	-	19070	161		[ribosomal protein uS5]-alanine N-acetyltransferase	no	group_1797	en_familia	38	0.9048	shell	core	si	no	no
bin_1_54	bin-1-54	bin_1_54_01334	cds	contig_23	78509	0.4029	59650	61107	+	17402	485	rocR	Arginine utilization regulatory protein RocR	no	group_1982	en_familia	42	1.0000	core	core	no	no	no
bin_1_54	bin-1-54	bin_1_54_01335	cds	contig_23	78509	0.4029	61600	63051	+	15458	483	ablA	lysine 2,3-aminomutase	no	ablA	en_familia	42	1.0000	core	core	no	no	no
bin_1_54	bin-1-54	bin_1_54_01336	cds	contig_23	78509	0.4029	63054	63320	+	15189	88		YgiT-type zinc finger protein	no	group_1117	en_familia	42	1.0000	core	core	no	no	no
bin_1_54	bin-1-54	bin_1_54_01337	cds	contig_23	78509	0.4029	63386	64249	+	14260	287	ablB	putative beta-lysine N-acetyltransferase	no	group_4830	en_familia	42	1.0000	core	core	no	no	no
bin_1_54	bin-1-54	bin_1_54_01338	cds	contig_23	78509	0.4029	64261	64500	+	14009	79		Ferredoxin	no	group_9808	en_familia	42	1.0000	core	core	no	no	no
bin_1_54	bin-1-54	bin_1_54_01339	cds	contig_23	78509	0.4029	64545	65912	+	12597	455		aspartate aminotransferase family protein	no	group_4597	en_familia	42	1.0000	core	core	no	no	no
bin_1_54	bin-1-54	bin_1_54_01340	cds	contig_23	78509	0.4029	65923	66621	+	11888	232	atoD	Acetate CoA-transferase subunit alpha	no	atoD	en_familia	42	1.0000	core	core	no	no	no
bin_1_54	bin-1-54	bin_1_54_01341	cds	contig_23	78509	0.4029	66612	67268	+	11241	218	atoA	Succinyl-CoA:3-ketoacid coenzyme A transferase subunit B	no	atoA	en_familia	42	1.0000	core	core	no	no	no
bin_1_54	bin-1-54	bin_1_54_01342	cds	contig_23	78509	0.4029	67288	68469	+	10040	393	paaJ	acetyl-CoA C-acetyltransferase	no	group_2309	en_familia	41	0.9762	core	core	no	no	no
bin_1_54	bin-1-54	bin_1_54_01343	cds	contig_23	78509	0.4029	68481	69806	+	8703	441		peptidase	no	group_9190	en_familia	42	1.0000	core	core	no	no	no
bin_1_54	bin-1-54	bin_1_54_01344	cds	contig_23	78509	0.4029	69922	71421	+	7088	499	lysP	Lysine-specific permease	no	group_1844	en_familia	42	1.0000	core	core	no	no	no
bin_1_54	bin-1-54	bin_1_54_01345	cds	contig_23	78509	0.4029	71690	72292	+	6217	200		DUF7010 domain-containing protein	no	group_6347	en_familia	41	0.9762	core	core	no	no	no
bin_1_54	bin-1-54	bin_1_54_01346	cds	contig_23	78509	0.4029	72334	72609	-	5900	91		DUF3953 domain-containing protein	no	group_11296	en_familia	40	0.9524	core	core	no	no	no
bin_1_54	bin-1-54	bin_1_54_01347	cds	contig_23	78509	0.4029	73389	75413	+	3096	674	thrS	threonine--tRNA ligase	no	group_6095	en_familia	40	0.9524	core	core	no	no	no
bin_1_54	bin-1-54	bin_1_54_01348	cds	contig_23	78509	0.4029	75373	75951	-	2558	192		hypothetical protein	no	group_755	en_familia	1	0.0238	cloud	cloud	si	si	no
bin_1_54	bin-1-54	bin_1_54_01349	cds	contig_23	78509	0.4029	76052	76189	-	2320	45		Spore coat protein	no	group_6096	en_familia	34	0.8095	shell	shell	si	no	no
bin_1_54	bin-1-54	bin_1_54_01350	cds	contig_23	78509	0.4029	76334	76960	-	1549	208		Amino acid transporter	no	group_5153	en_familia	42	1.0000	core	core	no	no	no
bin_1_54	bin-1-54	bin_1_54_01351	cds	contig_23	78509	0.4029	77178	78188	+	321	336	asnA	aspartate--ammonia ligase	no	asnA	en_familia	40	0.9524	core	core	no	no	no
bin_1_54	bin-1-54	bin_1_54_01352	cds	contig_24	266913	0.4227	524	919	-	523	131	hxlR	Helix-turn-helix domain-containing protein	no	hxlR	en_familia	18	0.4286	shell	shell	si	no	no
bin_1_54	bin-1-54	bin_1_54_01353	cds	contig_24	266913	0.4227	1055	1573	+	1054	172	yajL	DJ-1/PfpI family protein	no	yajL	en_familia	21	0.5000	shell	shell	si	no	no
bin_1_54	bin-1-54	bin_1_54_01354	cds	contig_24	266913	0.4227	1849	2883	+	1848	344		Methyl-accepting chemotaxis sensory transducer	no	mcpC	en_familia	33	0.7857	shell	shell	si	no	no
bin_1_54	bin-1-54	bin_1_54_01355	cds	contig_24	266913	0.4227	2849	3355	+	2848	168		Methyl-accepting chemotaxis sensory transducer	no	mcpC	en_familia	33	0.7857	shell	shell	si	no	no
bin_1_54	bin-1-54	bin_1_54_01356	cds	contig_24	266913	0.4227	4075	4389	+	4074	104	lysM	LysM domain protein	no	group_5883	en_familia	42	1.0000	core	core	no	no	no
bin_1_54	bin-1-54	bin_1_54_01357	cds	contig_24	266913	0.4227	4451	5278	+	4450	275		NLP/P60 protein	no	group_5883	en_familia	42	1.0000	core	core	no	no	no
bin_1_54	bin-1-54	bin_1_54_01358	cds	contig_24	266913	0.4227	5284	5913	-	5283	209		Replication protein	no	group_4453	en_familia	42	1.0000	core	core	no	no	no
bin_1_54	bin-1-54	bin_1_54_01359	cds	contig_24	266913	0.4227	5999	6148	-	5998	49	capE	Polyglutamate capsule biosynthesis protein CapE	no	capE	en_familia	42	1.0000	core	core	no	no	no
bin_1_54	bin-1-54	bin_1_54_01360	cds	contig_24	266913	0.4227	6218	7801	-	6217	527	capD	Capsule biosynthesis protein CapD	no	capD	en_familia	42	1.0000	core	core	no	no	no
bin_1_54	bin-1-54	bin_1_54_01361	cds	contig_24	266913	0.4227	7877	9160	-	7876	427	capA	CapA family protein	no	capA	en_familia	42	1.0000	core	core	no	no	no
bin_1_54	bin-1-54	bin_1_54_01362	cds	contig_24	266913	0.4227	9171	9620	-	9170	149	pgsC	poly-gamma-glutamate biosynthesis protein PgsC	no	pgsC	en_familia	42	1.0000	core	core	no	no	no
bin_1_54	bin-1-54	bin_1_54_01363	cds	contig_24	266913	0.4227	9636	10817	-	9635	393	pgsB	poly-gamma-glutamate synthase PgsB	no	pgsB	en_familia	42	1.0000	core	core	no	no	no
bin_1_54	bin-1-54	bin_1_54_01364	cds	contig_24	266913	0.4227	11605	11820	-	11604	71		Transposase	no	group_2302	en_familia	42	1.0000	core	core	no	no	no
bin_1_54	bin-1-54	bin_1_54_01365	cds	contig_24	266913	0.4227	12269	13948	-	12268	559		Methyl-accepting chemotaxis protein	no	mcpA	en_familia	12	0.2857	shell	shell	si	no	no
bin_1_54	bin-1-54	bin_1_54_01366	cds	contig_24	266913	0.4227	14232	14897	+	14231	221	queC	7-cyano-7-deazaguanine synthase QueC	no	queC	en_familia	42	1.0000	core	core	no	no	no
bin_1_54	bin-1-54	bin_1_54_01367	cds	contig_24	266913	0.4227	14894	15367	+	14893	157	queD	6-carboxytetrahydropterin synthase QueD	no	queD	en_familia	42	1.0000	core	core	no	no	no
bin_1_54	bin-1-54	bin_1_54_01368	cds	contig_24	266913	0.4227	15360	16088	+	15359	242	queE	7-carboxy-7-deazaguanine synthase QueE	no	queE	en_familia	42	1.0000	core	core	no	no	no
bin_1_54	bin-1-54	bin_1_54_01369	cds	contig_24	266913	0.4227	16133	16480	-	16132	115		DUF4260 domain-containing protein	no	group_5223	en_familia	42	1.0000	core	core	no	no	no
bin_1_54	bin-1-54	bin_1_54_01370	cds	contig_24	266913	0.4227	16532	17101	-	16531	189	acrR	HTH-type transcriptional regulator AcrR	no	group_5086	en_familia	42	1.0000	core	core	no	no	no
bin_1_54	bin-1-54	bin_1_54_01371	cds	contig_24	266913	0.4227	17819	18790	+	17818	323		HD/PDEase domain-containing protein	no	group_11280	en_familia	17	0.4048	shell	shell	si	no	no
bin_1_54	bin-1-54	bin_1_54_01372	cds	contig_24	266913	0.4227	18951	19391	-	18950	146		Activator of Hsp90 ATPase-like ue 1/2-like C-terminal domain-containing protein	no	group_6517	en_familia	42	1.0000	core	core	no	no	no
bin_1_54	bin-1-54	bin_1_54_01373	cds	contig_24	266913	0.4227	19434	19910	-	19433	158		Activator of Hsp90 ATPase-like ue 1/2-like C-terminal domain-containing protein	no	group_6517	en_familia	42	1.0000	core	core	no	no	no
bin_1_54	bin-1-54	bin_1_54_01374	cds	contig_24	266913	0.4227	20243	20785	+	20242	180		VUT family protein	no	group_5719	en_familia	42	1.0000	core	core	no	no	no
bin_1_54	bin-1-54	bin_1_54_01375	cds	contig_24	266913	0.4227	20807	20953	+	20806	48		hypothetical protein	no	group_3972	en_familia	42	1.0000	core	core	no	no	no
bin_1_54	bin-1-54	bin_1_54_01376	cds	contig_24	266913	0.4227	21448	21768	-	21447	106	padR	PadR family transcriptional regulator	no	group_2219	en_familia	41	0.9762	core	core	no	no	no
bin_1_54	bin-1-54	bin_1_54_01377	cds	contig_24	266913	0.4227	22079	22825	+	22078	248	yvaK	Carboxylesterase	no	yvaK	en_familia	42	1.0000	core	core	no	no	no
bin_1_54	bin-1-54	bin_1_54_01378	cds	contig_24	266913	0.4227	22928	23632	-	22927	234		DUF421 domain-containing protein	no	yetF	en_familia	42	1.0000	core	core	no	no	no
bin_1_54	bin-1-54	bin_1_54_01379	cds	contig_24	266913	0.4227	24137	25330	+	24136	397	nupG	Purine nucleoside transport protein NupG	no	nupG	en_familia	42	1.0000	core	core	no	no	no
bin_1_54	bin-1-54	bin_1_54_01380	cds	contig_24	266913	0.4227	25407	26549	-	25406	380		Serine protease	no	group_1485	en_familia	42	1.0000	core	core	no	no	no
bin_1_54	bin-1-54	bin_1_54_01381	cds	contig_24	266913	0.4227	26589	26894	-	26588	101		DUF3902 domain-containing protein	no	group_4751	en_familia	41	0.9762	core	core	no	no	no
bin_1_54	bin-1-54	bin_1_54_01382	cds	contig_24	266913	0.4227	27313	27684	-	27312	123	hxlR	HTH-type transcriptional regulator YtcD	no	group_10603	en_familia	42	1.0000	core	core	no	no	no
bin_1_54	bin-1-54	bin_1_54_01383	cds	contig_24	266913	0.4227	27873	29078	+	27872	401	ydhP	Inner membrane transport protein YdhP	no	ydhP	en_familia	42	1.0000	core	core	no	no	no
bin_1_54	bin-1-54	bin_1_54_01384	cds	contig_24	266913	0.4227	29253	30095	+	29252	280	aRA1	Oxidoreductase YtbE	no	aRA1	en_familia	42	1.0000	core	core	no	no	no
bin_1_54	bin-1-54	bin_1_54_01385	cds	contig_24	266913	0.4227	30259	31287	+	30258	342	fadH	NADPH dehydrogenase	no	group_7566	en_familia	42	1.0000	core	core	no	no	no
bin_1_54	bin-1-54	bin_1_54_01386	cds	contig_24	266913	0.4227	31445	31756	+	31444	103	pspE	Rhodanese-like domain-containing protein	no	group_4440	en_familia	42	1.0000	core	core	no	no	no
bin_1_54	bin-1-54	bin_1_54_01387	cds	contig_24	266913	0.4227	32025	33107	+	32024	360	leuB	tartrate dehydrogenase	no	group_14427	en_familia	42	1.0000	core	core	no	no	no
bin_1_54	bin-1-54	bin_1_54_01388	cds	contig_24	266913	0.4227	33172	33357	+	33171	61		Sporulation protein cse60	no	group_3805	en_familia	42	1.0000	core	core	no	no	no
bin_1_54	bin-1-54	bin_1_54_01389	cds	contig_24	266913	0.4227	33472	34398	-	33471	308		General stress protein 39	no	group_5490	en_familia	42	1.0000	core	core	no	no	no
bin_1_54	bin-1-54	bin_1_54_01390	cds	contig_24	266913	0.4227	34546	34716	+	34545	56		(pseudo) hypothetical protein	si	group_5489	en_familia	42	1.0000	core	core	no	no	no
bin_1_54	bin-1-54	bin_1_54_01391	cds	contig_24	266913	0.4227	34955	35515	+	34954	186		MEDS domain-containing protein	no	group_3362	en_familia	42	1.0000	core	core	no	no	no
bin_1_54	bin-1-54	bin_1_54_01392	cds	contig_24	266913	0.4227	35535	35849	+	35534	104		DNA methyltransferase, DNA binding domain-containing protein	no	group_3149	en_familia	42	1.0000	core	core	no	no	no
bin_1_54	bin-1-54	bin_1_54_01393	cds	contig_24	266913	0.4227	36015	37325	-	36014	436	yhiN	Fumarate reductase flavoprotein subunit	no	yhiN	en_familia	42	1.0000	core	core	no	no	no
bin_1_54	bin-1-54	bin_1_54_01394	cds	contig_24	266913	0.4227	37486	39087	+	37485	533	spoVB	Cell division protein	no	group_3147	en_familia	42	1.0000	core	core	no	no	no
bin_1_54	bin-1-54	bin_1_54_01395	cds	contig_24	266913	0.4227	39211	39933	+	39210	240	rsuA	Pseudouridine synthase	no	rsuA	en_familia	42	1.0000	core	core	no	no	no
bin_1_54	bin-1-54	bin_1_54_01396	cds	contig_24	266913	0.4227	40018	40239	-	40017	73	glpR	Alkaline phosphatase	no	glpR	en_familia	42	1.0000	core	core	no	no	no
bin_1_54	bin-1-54	bin_1_54_01397	cds	contig_24	266913	0.4227	40764	41114	+	40763	116		Group-specific protein	no	group_2982	en_familia	42	1.0000	core	core	no	no	no
bin_1_54	bin-1-54	bin_1_54_01398	cds	contig_24	266913	0.4227	41549	42319	+	41548	256		Carboxyvinyl-carboxyphosphonate phosphorylmutase	no	group_2751	en_familia	29	0.6905	shell	shell	si	no	no
bin_1_54	bin-1-54	bin_1_54_01399	cds	contig_24	266913	0.4227	42343	42915	+	42342	190		Bifunctional transcriptional activator/DNA repair enzyme Ada	no	group_5285	en_familia	29	0.6905	shell	shell	si	no	no
bin_1_54	bin-1-54	bin_1_54_01400	cds	contig_24	266913	0.4227	42943	43419	+	42942	158		Methylated-DNA--protein-cysteine methyltransferase	no	group_5060	en_familia	29	0.6905	shell	shell	si	no	no
bin_1_54	bin-1-54	bin_1_54_01401	cds	contig_24	266913	0.4227	44181	44939	-	44180	252		Glycerol-3-phosphate regulon repressor	no	group_12389	en_familia	35	0.8333	shell	shell	si	no	no
bin_1_54	bin-1-54	bin_1_54_01402	cds	contig_24	266913	0.4227	45168	45920	+	45167	250	potA	Spermidine/putrescine import ATP-binding protein PotA	no	group_11219	en_familia	35	0.8333	shell	shell	si	no	no
bin_1_54	bin-1-54	bin_1_54_01403	cds	contig_24	266913	0.4227	45913	47529	+	45912	538		ABC transmembrane type-1 domain-containing protein	no	group_2214	en_familia	35	0.8333	shell	shell	si	no	no
bin_1_54	bin-1-54	bin_1_54_01404	cds	contig_24	266913	0.4227	47543	48535	+	47542	330		Extracellular solute-binding protein	no	group_3800	en_familia	35	0.8333	shell	shell	si	no	no
bin_1_54	bin-1-54	bin_1_54_01405	cds	contig_24	266913	0.4227	48561	49655	+	48560	364	phnW	2-aminoethylphosphonate--pyruvate transaminase	no	phnW	en_familia	35	0.8333	shell	shell	si	no	no
bin_1_54	bin-1-54	bin_1_54_01406	cds	contig_24	266913	0.4227	49652	50461	+	49651	269	phnX	phosphonoacetaldehyde hydrolase	no	group_5625	en_familia	38	0.9048	shell	core	si	no	no
bin_1_54	bin-1-54	bin_1_54_01407	cds	contig_24	266913	0.4227	50672	51736	+	50671	354		Ferredoxin--NADP reductase	no	group_14260	en_familia	42	1.0000	core	core	no	no	no
bin_1_54	bin-1-54	bin_1_54_01408	cds	contig_24	266913	0.4227	52030	53976	-	52029	648	bceB	Bacitracin ABC transporter permease BceB	no	bceB	en_familia	42	1.0000	core	core	no	no	no
bin_1_54	bin-1-54	bin_1_54_01409	cds	contig_24	266913	0.4227	53966	54727	-	53965	253	bceA	Bacitracin export ATP-binding protein BceA	no	group_11106	en_familia	42	1.0000	core	core	no	no	no
bin_1_54	bin-1-54	bin_1_54_01410	cds	contig_24	266913	0.4227	54827	55831	-	54826	334		histidine kinase	no	group_2187	en_familia	42	1.0000	core	core	no	no	no
bin_1_54	bin-1-54	bin_1_54_01411	cds	contig_24	266913	0.4227	55828	56526	-	55827	232	ompR	Response regulator protein GraR	no	group_4897	en_familia	42	1.0000	core	core	no	no	no
bin_1_54	bin-1-54	bin_1_54_01412	cds	contig_24	266913	0.4227	56663	57004	+	56662	113		Alkylphosphonate utilization protein	no	group_1811	en_familia	42	1.0000	core	core	no	no	no
bin_1_54	bin-1-54	bin_1_54_01413	cds	contig_24	266913	0.4227	57058	58041	-	57057	327	guaC	GMP reductase	no	guaC	en_familia	42	1.0000	core	core	no	no	no
bin_1_54	bin-1-54	bin_1_54_01414	cds	contig_24	266913	0.4227	59352	60236	+	59351	294		Polymerase/histidinol phosphatase N-terminal domain-containing protein	no	group_1812	en_familia	41	0.9762	core	core	no	no	no
bin_1_54	bin-1-54	bin_1_54_01415	cds	contig_24	266913	0.4227	60461	61162	+	60460	233	yvoA	HTH-type transcriptional repressor YvoA	no	yvoA	en_familia	40	0.9524	core	core	no	no	no
bin_1_54	bin-1-54	bin_1_54_01416	cds	contig_24	266913	0.4227	61129	61350	-	61128	73		hypothetical protein	no	group_5499	en_familia	30	0.7143	shell	shell	si	no	no
bin_1_54	bin-1-54	bin_1_54_01417	cds	contig_24	266913	0.4227	61443	61868	+	61442	141	phnG	phosphonate C-P lyase system protein PhnG	no	phnG	en_familia	11	0.2619	shell	shell	si	no	no
bin_1_54	bin-1-54	bin_1_54_01418	cds	contig_24	266913	0.4227	61883	62500	+	61882	205	phnH	phosphonate C-P lyase system protein PhnH	no	phnH	en_familia	11	0.2619	shell	shell	si	no	no
bin_1_54	bin-1-54	bin_1_54_01419	cds	contig_24	266913	0.4227	62482	63618	+	62481	378	phnI	Alpha-D-ribose 1-methylphosphonate 5-triphosphate synthase subunit PhnI	no	phnI	en_familia	11	0.2619	shell	shell	si	no	no
bin_1_54	bin-1-54	bin_1_54_01420	cds	contig_24	266913	0.4227	63611	64465	+	63610	284		Alpha-D-ribose 1-methylphosphonate 5-phosphate C-P lyase	no	group_9913	en_familia	11	0.2619	shell	shell	si	no	no
bin_1_54	bin-1-54	bin_1_54_01421	cds	contig_24	266913	0.4227	64466	65311	+	64465	281	phnK	Phosphonate C-P lyase system protein PhnK	no	phnK	en_familia	11	0.2619	shell	shell	si	no	no
bin_1_54	bin-1-54	bin_1_54_01422	cds	contig_24	266913	0.4227	65344	66522	+	65343	392	phnM	phosphonate metabolism protein PhnM	no	phnM	en_familia	11	0.2619	shell	shell	si	no	no
bin_1_54	bin-1-54	bin_1_54_01423	cds	contig_24	266913	0.4227	66557	67258	+	66556	233	phnL	Alpha-D-ribose 1-methylphosphonate 5-triphosphate synthase subunit PhnL	no	phnL	en_familia	11	0.2619	shell	shell	si	no	no
bin_1_54	bin-1-54	bin_1_54_01424	cds	contig_24	266913	0.4227	67386	68420	+	67385	344		Phosphate/phosphite/phosphonate ABC transporter substrate-binding protein	no	group_14402	en_familia	11	0.2619	shell	shell	si	no	no
bin_1_54	bin-1-54	bin_1_54_01425	cds	contig_24	266913	0.4227	68448	69236	+	68447	262	phnC	phosphonate ABC transporter ATP-binding protein	no	group_10737	en_familia	11	0.2619	shell	shell	si	no	no
bin_1_54	bin-1-54	bin_1_54_01426	cds	contig_24	266913	0.4227	69226	70011	+	69225	261	phnE	Phosphate-import permease protein PhnE	no	group_10792	en_familia	11	0.2619	shell	shell	si	no	no
bin_1_54	bin-1-54	bin_1_54_01427	cds	contig_24	266913	0.4227	70011	70883	+	70010	290	phnE	Phosphate-import permease protein PhnE	no	phnE	en_familia	17	0.4048	shell	shell	si	no	no
bin_1_54	bin-1-54	bin_1_54_01428	cds	contig_24	266913	0.4227	71055	71558	-	71054	167		DinB-like domain-containing protein	no	group_13512	en_familia	42	1.0000	core	core	no	no	no
bin_1_54	bin-1-54	bin_1_54_01429	cds	contig_24	266913	0.4227	72182	72850	+	72181	222		LAAC	no	ydeI	en_familia	42	1.0000	core	core	no	no	no
bin_1_54	bin-1-54	bin_1_54_01430	cds	contig_24	266913	0.4227	72968	73978	+	72967	336		Permease	no	group_5230	en_familia	42	1.0000	core	core	no	no	no
bin_1_54	bin-1-54	bin_1_54_01431	cds	contig_24	266913	0.4227	73978	74742	+	73977	254		TIGR03943 family putative permease subunit	no	group_2608	en_familia	42	1.0000	core	core	no	no	no
bin_1_54	bin-1-54	bin_1_54_01432	cds	contig_24	266913	0.4227	74937	75392	+	74936	151	iscR	Rrf2 family transcriptional regulator	no	group_5229	en_familia	42	1.0000	core	core	no	no	no
bin_1_54	bin-1-54	bin_1_54_01433	cds	contig_24	266913	0.4227	75467	76177	+	75466	236	frnE	DSBA-like thioredoxin domain-containing protein	no	group_2609	en_familia	42	1.0000	core	core	no	no	no
bin_1_54	bin-1-54	bin_1_54_01434	cds	contig_24	266913	0.4227	76311	76592	+	76310	93		DUF3139 domain-containing protein	no	group_5234	en_familia	41	0.9762	core	core	no	no	no
bin_1_54	bin-1-54	bin_1_54_01435	cds	contig_24	266913	0.4227	76991	77806	+	76990	271		uroporphyrinogen-III synthase	no	group_445	en_familia	42	1.0000	core	core	no	no	no
bin_1_54	bin-1-54	bin_1_54_01436	cds	contig_24	266913	0.4227	77820	79265	+	77819	481		uroporphyrinogen-III C-methyltransferase	no	group_4141	en_familia	42	1.0000	core	core	no	no	no
bin_1_54	bin-1-54	bin_1_54_01437	cds	contig_24	266913	0.4227	79451	79624	+	79450	57		DUF4083 domain-containing protein	no	group_5776	en_familia	38	0.9048	shell	core	si	no	no
bin_1_54	bin-1-54	bin_1_54_01438	cds	contig_24	266913	0.4227	79767	80180	+	79766	137		DUF4064 domain-containing protein	no	group_5491	en_familia	42	1.0000	core	core	no	no	no
bin_1_54	bin-1-54	bin_1_54_01439	cds	contig_24	266913	0.4227	80360	82240	+	80359	626		Bacillolysin	no	group_3367	en_familia	42	1.0000	core	core	no	no	no
bin_1_54	bin-1-54	bin_1_54_01440	cds	contig_24	266913	0.4227	82922	83305	+	82921	127		DUF1992 domain-containing protein	no	dnaJ~~~fbpA	en_familia	41	0.9762	core	core	no	no	no
bin_1_54	bin-1-54	bin_1_54_01441	cds	contig_24	266913	0.4227	83307	83951	+	83306	214	lepB	signal peptidase I	no	group_13895	en_familia	42	1.0000	core	core	no	no	no
bin_1_54	bin-1-54	bin_1_54_01442	cds	contig_24	266913	0.4227	84200	84685	+	84199	161	dedA	VTT domain-containing protein	no	dedA	en_familia	42	1.0000	core	core	no	no	no
bin_1_54	bin-1-54	bin_1_54_01443	cds	contig_24	266913	0.4227	84773	85507	-	84772	244	fabG	Cyclopentanol dehydrogenase	no	group_4566	en_familia	40	0.9524	core	core	no	no	no
bin_1_54	bin-1-54	bin_1_54_01444	cds	contig_24	266913	0.4227	85950	87287	+	85949	445		DNA damage-inducible protein F	no	group_1175	en_familia	42	1.0000	core	core	no	no	no
bin_1_54	bin-1-54	bin_1_54_01445	cds	contig_24	266913	0.4227	87444	88856	+	87443	470	pepV	dipeptidase PepV	no	pepV	en_familia	42	1.0000	core	core	no	no	no
bin_1_54	bin-1-54	bin_1_54_01446	cds	contig_24	266913	0.4227	88878	89732	+	88877	284	dat	D-amino-acid transaminase	no	dat	en_familia	42	1.0000	core	core	no	no	no
bin_1_54	bin-1-54	bin_1_54_01447	cds	contig_24	266913	0.4227	89948	91186	+	89947	412		Nramp family divalent metal transporter	no	group_4569	en_familia	42	1.0000	core	core	no	no	no
bin_1_54	bin-1-54	bin_1_54_01448	cds	contig_24	266913	0.4227	91373	91981	+	91372	202	thpR	RNA 2',3'-cyclic phosphodiesterase	no	thpR	en_familia	42	1.0000	core	core	no	no	no
bin_1_54	bin-1-54	bin_1_54_01449	cds	contig_24	266913	0.4227	92001	93008	+	92000	335		NERD domain-containing protein	no	group_5959	en_familia	42	1.0000	core	core	no	no	no
bin_1_54	bin-1-54	bin_1_54_01450	cds	contig_24	266913	0.4227	92995	93879	+	92994	294		Phospholipid kinase	no	group_5959	en_familia	42	1.0000	core	core	no	no	no
bin_1_54	bin-1-54	bin_1_54_01451	cds	contig_24	266913	0.4227	94234	95025	+	94233	263	cotS	Aminoglycoside phosphotransferase domain-containing protein	no	group_10693	en_familia	42	1.0000	core	core	no	no	no
bin_1_54	bin-1-54	bin_1_54_01452	cds	contig_24	266913	0.4227	95026	95301	-	95025	91		YtzH-like protein	no	group_6060	en_familia	42	1.0000	core	core	no	no	no
bin_1_54	bin-1-54	bin_1_54_01453	cds	contig_24	266913	0.4227	95544	96182	+	95543	212	trmB	tRNA (guanosine(46)-N7)-methyltransferase TrmB	no	group_12482	en_familia	42	1.0000	core	core	no	no	no
bin_1_54	bin-1-54	bin_1_54_01454	cds	contig_24	266913	0.4227	96307	97152	+	96306	281	gloB	Quorum-quenching lactonase YtnP	no	group_13761	en_familia	42	1.0000	core	core	no	no	no
bin_1_54	bin-1-54	bin_1_54_01455	cds	contig_24	266913	0.4227	97203	97520	-	97202	105		Peptidase M4	no	group_1685	en_familia	42	1.0000	core	core	no	no	no
bin_1_54	bin-1-54	bin_1_54_01456	cds	contig_24	266913	0.4227	97696	98769	+	97695	357	frvX	Aminopeptidase FrvX	no	group_6956	en_familia	42	1.0000	core	core	no	no	no
bin_1_54	bin-1-54	bin_1_54_01457	cds	contig_24	266913	0.4227	98852	99373	+	98851	173		DUF84 family protein	no	group_1681	en_familia	42	1.0000	core	core	no	no	no
bin_1_54	bin-1-54	bin_1_54_01458	cds	contig_24	266913	0.4227	99488	100357	+	99487	289	soxS	Regulatory protein SoxS	no	soxS~~~araC	en_familia	42	1.0000	core	core	no	no	no
bin_1_54	bin-1-54	bin_1_54_01459	cds	contig_24	266913	0.4227	100490	100939	-	100489	149	ytoQ	YtoQ family protein	no	ytoQ	en_familia	42	1.0000	core	core	no	no	no
bin_1_54	bin-1-54	bin_1_54_01460	cds	contig_24	266913	0.4227	101063	101569	+	101062	168		DUF4367 domain-containing protein	no	group_3395	en_familia	42	1.0000	core	core	no	no	no
bin_1_54	bin-1-54	bin_1_54_01461	cds	contig_24	266913	0.4227	101679	101990	+	101678	103	trxA	Thiol-disulfide isomerase or thioredoxin	no	group_13580	en_familia	42	1.0000	core	core	no	no	no
bin_1_54	bin-1-54	bin_1_54_01462	cds	contig_24	266913	0.4227	102041	102847	+	102040	268	ytpQ	UPF0354 protein ABE28_017380	no	ytpQ	en_familia	42	1.0000	core	core	no	no	no
bin_1_54	bin-1-54	bin_1_54_01463	cds	contig_24	266913	0.4227	103308	104351	+	103307	347	yxeP	Hydrolase YxeP	no	group_5030	en_familia	40	0.9524	core	core	no	no	no
bin_1_54	bin-1-54	bin_1_54_01464	cds	contig_24	266913	0.4227	104776	107601	+	104775	941	ftsK	FtsK domain-containing protein	no	group_3288	en_familia	42	1.0000	core	core	no	no	no
bin_1_54	bin-1-54	bin_1_54_01465	cds	contig_24	266913	0.4227	107757	109190	+	107756	477	murC	UDP-N-acetylmuramate--L-alanine ligase	no	murC	en_familia	42	1.0000	core	core	no	no	no
bin_1_54	bin-1-54	bin_1_54_01466	cds	contig_24	266913	0.4227	109237	110349	-	109236	370	ampS	Aminopeptidase PepS	no	group_6171	en_familia	42	1.0000	core	core	no	no	no
bin_1_54	bin-1-54	bin_1_54_01467	cds	contig_24	266913	0.4227	110579	111088	+	110578	169		General stress protein	no	group_13896	en_familia	42	1.0000	core	core	no	no	no
bin_1_54	bin-1-54	bin_1_54_01468	cds	contig_24	266913	0.4227	111136	111708	+	111135	190	ytxH	YtxH domain-containing protein	no	group_13870	en_familia	42	1.0000	core	core	no	no	no
bin_1_54	bin-1-54	bin_1_54_01469	cds	contig_24	266913	0.4227	111837	112163	+	111836	108	ytxJ	Bacillithiol system redox-active protein YtxJ	no	ytxJ	en_familia	42	1.0000	core	core	no	no	no
bin_1_54	bin-1-54	bin_1_54_01470	cds	contig_24	266913	0.4227	112701	113777	+	112700	358	aroGA	bifunctional 3-deoxy-7-phosphoheptulonate synthase/chorismate mutase	no	aroGA	en_familia	42	1.0000	core	core	no	no	no
bin_1_54	bin-1-54	bin_1_54_01471	cds	contig_24	266913	0.4227	114158	115162	+	114157	334	ccpA	catabolite control protein A	no	ccpA	en_familia	42	1.0000	core	core	no	no	no
bin_1_54	bin-1-54	bin_1_54_01472	cds	contig_24	266913	0.4227	115248	116429	-	115247	393	acuC	Acetoin utilization protein AcuC	no	acuC	en_familia	42	1.0000	core	core	no	no	no
bin_1_54	bin-1-54	bin_1_54_01473	cds	contig_24	266913	0.4227	116422	117072	-	116421	216	acuB	Acetoin utilization protein AcuB	no	acuB	en_familia	42	1.0000	core	core	no	no	no
bin_1_54	bin-1-54	bin_1_54_01474	cds	contig_24	266913	0.4227	117099	117731	-	117098	210	acuA	Acetoin utilization protein AcuA	no	acuA	en_familia	42	1.0000	core	core	no	no	no
bin_1_54	bin-1-54	bin_1_54_01475	cds	contig_24	266913	0.4227	117965	119773	+	117964	602	acsA	acetate--CoA ligase	no	acsA	en_familia	42	1.0000	core	core	no	no	no
bin_1_54	bin-1-54	bin_1_54_01476	cds	contig_24	266913	0.4227	119904	122948	-	119903	1014		peptidoglycan glycosyltransferase	no	group_1397	en_familia	42	1.0000	core	core	no	no	no
bin_1_54	bin-1-54	bin_1_54_01477	cds	contig_24	266913	0.4227	123380	124636	+	123379	418	tyrS	tyrosine--tRNA ligase	no	tyrS	en_familia	42	1.0000	core	core	no	no	no
bin_1_54	bin-1-54	bin_1_54_01478	cds	contig_24	266913	0.4227	124732	125334	-	124731	200	rpsD	30S ribosomal protein S4	no	rpsD	en_familia	42	1.0000	core	core	no	no	no
bin_1_54	bin-1-54	bin_1_54_01479	cds	contig_24	266913	0.4227	125813	126292	-	125812	159		GAF domain-containing protein	no	group_14298	en_familia	42	1.0000	core	core	no	no	no
bin_1_54	bin-1-54	bin_1_54_01480	cds	contig_24	266913	0.4227	126447	127091	+	126446	214	refZ	forespore capture DNA-binding protein RefZ	no	refZ	en_familia	42	1.0000	core	core	no	no	no
bin_1_54	bin-1-54	bin_1_54_01481	cds	contig_24	266913	0.4227	127106	127909	-	127105	267	hisJ	histidinol-phosphatase HisJ	no	hisJ	en_familia	42	1.0000	core	core	no	no	no
bin_1_54	bin-1-54	bin_1_54_01482	cds	contig_24	266913	0.4227	128077	129771	+	128076	564	ezrA	septation ring formation regulator EzrA	no	ezrA	en_familia	42	1.0000	core	core	no	no	no
bin_1_54	bin-1-54	bin_1_54_01483	cds	contig_24	266913	0.4227	129991	131139	+	129990	382	iscS	Cysteine desulfurase IscS	no	iscS	en_familia	42	1.0000	core	core	no	no	no
bin_1_54	bin-1-54	bin_1_54_01484	cds	contig_24	266913	0.4227	131136	132347	+	131135	403	thiI	putative tRNA sulfurtransferase	no	thiI	en_familia	42	1.0000	core	core	no	no	no
bin_1_54	bin-1-54	bin_1_54_01485	cds	contig_24	266913	0.4227	132430	132636	+	132429	68	sspA	Acid-soluble spore protein	no	group_9224	en_familia	42	1.0000	core	core	no	no	no
bin_1_54	bin-1-54	bin_1_54_01486	cds	contig_24	266913	0.4227	132704	133303	+	132703	199		hypothetical protein	no	group_919	en_familia	4	0.0952	cloud	cloud	si	si	no
bin_1_54	bin-1-54	bin_1_54_01487	cds	contig_24	266913	0.4227	133636	135219	+	131694	527	mbcS	acyl-CoA synthetase MbcS	no	mbcS	en_familia	42	1.0000	core	core	no	no	no
bin_1_54	bin-1-54	bin_1_54_01488	cds	contig_24	266913	0.4227	135373	136974	+	129939	533		Amidohydrolase 3 domain-containing protein	no	group_921	en_familia	41	0.9762	core	core	no	no	no
bin_1_54	bin-1-54	bin_1_54_01489	cds	contig_24	266913	0.4227	137055	137984	+	128929	309	rarD	EamA family transporter RarD	no	group_9066	en_familia	41	0.9762	core	core	no	no	no
bin_1_54	bin-1-54	bin_1_54_01490	cds	contig_24	266913	0.4227	138080	138907	-	128006	275		Protein-glutamine gamma-glutamyltransferase	no	group_4940	en_familia	41	0.9762	core	core	no	no	no
bin_1_54	bin-1-54	bin_1_54_01491	cds	contig_24	266913	0.4227	139464	140459	+	126454	331	tauA	Formylaminopyrimidine-binding protein	no	group_2843	en_familia	42	1.0000	core	core	no	no	no
bin_1_54	bin-1-54	bin_1_54_01492	cds	contig_24	266913	0.4227	140471	140755	+	126158	94	yqgV	Thiamine-binding protein domain-containing protein	no	group_5613	en_familia	42	1.0000	core	core	no	no	no
bin_1_54	bin-1-54	bin_1_54_01493	cds	contig_24	266913	0.4227	140752	141534	+	125379	260	tauC	Riboflavin transport system permease protein RibX	no	tauC	en_familia	42	1.0000	core	core	no	no	no
bin_1_54	bin-1-54	bin_1_54_01494	cds	contig_24	266913	0.4227	141518	142261	+	124652	247	tauB	Taurine import ATP-binding protein TauB	no	group_5080	en_familia	42	1.0000	core	core	no	no	no
bin_1_54	bin-1-54	bin_1_54_01495	cds	contig_24	266913	0.4227	142280	143050	+	123863	256	ycfH	Metal-dependent hydrolase YcfH	no	ycfH	en_familia	42	1.0000	core	core	no	no	no
bin_1_54	bin-1-54	bin_1_54_01496	cds	contig_24	266913	0.4227	143086	143889	-	123024	267	nadK	NAD kinase	no	nadK	en_familia	42	1.0000	core	core	no	no	no
bin_1_54	bin-1-54	bin_1_54_01497	cds	contig_24	266913	0.4227	144094	145095	+	121818	333	sppA	Signal peptide peptidase SppA	no	sppA	en_familia	42	1.0000	core	core	no	no	no
bin_1_54	bin-1-54	bin_1_54_01498	cds	contig_24	266913	0.4227	145108	145647	+	121266	179		RDD domain-containing protein	no	group_3434	en_familia	42	1.0000	core	core	no	no	no
bin_1_54	bin-1-54	bin_1_54_01499	cds	contig_24	266913	0.4227	145747	146439	+	120474	230		DUF2953 domain-containing protein	no	group_5212	en_familia	42	1.0000	core	core	no	no	no
bin_1_54	bin-1-54	bin_1_54_01500	cds	contig_24	266913	0.4227	146456	146956	+	119957	166	ytfJ	GerW family sporulation protein	no	ytfJ	en_familia	42	1.0000	core	core	no	no	no
bin_1_54	bin-1-54	bin_1_54_01501	cds	contig_24	266913	0.4227	147136	147636	+	119277	166	tpx	thiol peroxidase	no	group_13998	en_familia	42	1.0000	core	core	no	no	no
bin_1_54	bin-1-54	bin_1_54_01502	cds	contig_24	266913	0.4227	147822	148133	-	118780	103		Flagellar assembly protein H	no	group_1803	en_familia	42	1.0000	core	core	no	no	no
bin_1_54	bin-1-54	bin_1_54_01503	cds	contig_24	266913	0.4227	149003	149989	+	116924	328	ytxK	Class I SAM-dependent methyltransferase	no	ytxK	en_familia	42	1.0000	core	core	no	no	no
bin_1_54	bin-1-54	bin_1_54_01504	cds	contig_24	266913	0.4227	150168	151373	+	115540	401	ackA	Acetate kinase	no	ackA	en_familia	42	1.0000	core	core	no	no	no
bin_1_54	bin-1-54	bin_1_54_01505	cds	contig_24	266913	0.4227	151274	151513	-	115400	79		hypothetical protein	no	group_13908	en_familia	4	0.0952	cloud	cloud	si	si	no
bin_1_54	bin-1-54	bin_1_54_01506	cds	contig_24	266913	0.4227	151590	152432	+	114481	280	ecsC	EcsC family protein	no	group_10068	en_familia	42	1.0000	core	core	no	no	no
bin_1_54	bin-1-54	bin_1_54_01507	cds	contig_24	266913	0.4227	152429	152941	+	113972	170		Molybdenum cofactor biosynthesis protein B	no	group_2050	en_familia	42	1.0000	core	core	no	no	no
bin_1_54	bin-1-54	bin_1_54_01508	cds	contig_24	266913	0.4227	153003	153317	-	113596	104		Radical SAM protein	no	group_3056	en_familia	42	1.0000	core	core	no	no	no
bin_1_54	bin-1-54	bin_1_54_01509	cds	contig_24	266913	0.4227	153531	154736	+	112177	401	argG	argininosuccinate synthase	no	argG	en_familia	42	1.0000	core	core	no	no	no
bin_1_54	bin-1-54	bin_1_54_01510	cds	contig_24	266913	0.4227	154733	156112	+	110801	459	argH	argininosuccinate lyase	no	group_2846	en_familia	42	1.0000	core	core	no	no	no
bin_1_54	bin-1-54	bin_1_54_01511	cds	contig_24	266913	0.4227	156165	156611	-	110302	148	uspA	Universal stress protein	no	uspA	en_familia	42	1.0000	core	core	no	no	no
bin_1_54	bin-1-54	bin_1_54_01512	cds	contig_24	266913	0.4227	156844	157413	+	109500	189	bamE	Outer membrane protein assembly factor BamE	no	bamE	en_familia	40	0.9524	core	core	no	no	no
bin_1_54	bin-1-54	bin_1_54_01513	cds	contig_24	266913	0.4227	157495	158592	-	108321	365		Xaa-Pro dipeptidase	no	group_10760	en_familia	42	1.0000	core	core	no	no	no
bin_1_54	bin-1-54	bin_1_54_01514	cds	contig_24	266913	0.4227	158711	159391	+	107522	226		metal-dependent hydrolase	no	group_12092	en_familia	42	1.0000	core	core	no	no	no
bin_1_54	bin-1-54	bin_1_54_01515	cds	contig_24	266913	0.4227	159948	160193	-	106720	81		hypothetical protein	no	group_13554	en_familia	1	0.0238	cloud	cloud	si	si	no
bin_1_54	bin-1-54	bin_1_54_01516	cds	contig_24	266913	0.4227	160278	160502	+	106411	74		hypothetical protein	no	group_13035	en_familia	42	1.0000	core	core	no	no	no
bin_1_54	bin-1-54	bin_1_54_01517	cds	contig_24	266913	0.4227	160556	161893	+	105020	445	ytoI	CBS domain-containing protein	no	ytoI	en_familia	42	1.0000	core	core	no	no	no
bin_1_54	bin-1-54	bin_1_54_01518	cds	contig_24	266913	0.4227	161921	162223	-	104690	100		YtpI-like protein	no	group_4788	en_familia	42	1.0000	core	core	no	no	no
bin_1_54	bin-1-54	bin_1_54_01519	cds	contig_24	266913	0.4227	162392	163330	+	103583	312	nrnA	Bifunctional oligoribonuclease and PAP phosphatase NrnA	no	group_8982	en_familia	42	1.0000	core	core	no	no	no
bin_1_54	bin-1-54	bin_1_54_01520	cds	contig_24	266913	0.4227	163395	163898	-	103015	167	ytrI	sporulation membrane protein YtrI	no	ytrI	en_familia	42	1.0000	core	core	no	no	no
bin_1_54	bin-1-54	bin_1_54_01521	cds	contig_24	266913	0.4227	163895	164230	-	102683	111	ytrH	Sporulation membrane protein YtrH	no	ytrH	en_familia	42	1.0000	core	core	no	no	no
bin_1_54	bin-1-54	bin_1_54_01522	cds	contig_24	266913	0.4227	164413	167772	+	99141	1119	dnaE	DNA polymerase III subunit alpha	no	dnaE	en_familia	42	1.0000	core	core	no	no	no
bin_1_54	bin-1-54	bin_1_54_01523	cds	contig_24	266913	0.4227	167886	169127	+	97786	413	sfcA	NAD-dependent malic enzyme	no	sfcA	en_familia	42	1.0000	core	core	no	no	no
bin_1_54	bin-1-54	bin_1_54_01524	cds	contig_24	266913	0.4227	169133	169762	+	97151	209	fadR	HTH-type transcriptional regulator LutR	no	group_12561	en_familia	42	1.0000	core	core	no	no	no
bin_1_54	bin-1-54	bin_1_54_01525	cds	contig_24	266913	0.4227	169853	170716	+	96197	287	accD	acetyl-CoA carboxylase, carboxyltransferase subunit beta	no	accD	en_familia	42	1.0000	core	core	no	no	no
bin_1_54	bin-1-54	bin_1_54_01526	cds	contig_24	266913	0.4227	170713	171714	+	95199	333	accA	acetyl-CoA carboxylase carboxyl transferase subunit alpha	no	accA	en_familia	42	1.0000	core	core	no	no	no
bin_1_54	bin-1-54	bin_1_54_01527	cds	contig_24	266913	0.4227	171994	172953	+	93960	319	pfkA	6-phosphofructokinase	no	group_8797	en_familia	42	1.0000	core	core	no	no	no
bin_1_54	bin-1-54	bin_1_54_01528	cds	contig_24	266913	0.4227	173077	174837	+	92076	586	pyk	pyruvate kinase	no	pyk	en_familia	42	1.0000	core	core	no	no	no
bin_1_54	bin-1-54	bin_1_54_01529	cds	contig_24	266913	0.4227	174919	175311	+	91602	130	fxsA	Membrane protein FxsA	no	fxsA	en_familia	42	1.0000	core	core	no	no	no
bin_1_54	bin-1-54	bin_1_54_01530	cds	contig_24	266913	0.4227	175610	177202	+	89711	530	aceB	malate synthase A	no	aceB	en_familia	42	1.0000	core	core	no	no	no
bin_1_54	bin-1-54	bin_1_54_01531	cds	contig_24	266913	0.4227	177238	178524	+	88389	428	aceA	isocitrate lyase	no	aceA	en_familia	42	1.0000	core	core	no	no	no
bin_1_54	bin-1-54	bin_1_54_01532	cds	contig_24	266913	0.4227	178612	179736	-	87177	374	ytvI	sporulation integral membrane protein YtvI	no	group_9489	en_familia	42	1.0000	core	core	no	no	no
bin_1_54	bin-1-54	bin_1_54_01533	cds	contig_24	266913	0.4227	179930	180391	+	86522	153	yeaL	UPF0756 membrane protein BN1180_04251	no	yeaL	en_familia	42	1.0000	core	core	no	no	no
bin_1_54	bin-1-54	bin_1_54_01534	cds	contig_24	266913	0.4227	180932	182047	+	84866	371	citZ	citrate synthase	no	citZ	en_familia	42	1.0000	core	core	no	no	no
bin_1_54	bin-1-54	bin_1_54_01535	cds	contig_24	266913	0.4227	182188	183459	+	83454	423	icd	NADP-dependent isocitrate dehydrogenase	no	icd	en_familia	42	1.0000	core	core	no	no	no
bin_1_54	bin-1-54	bin_1_54_01536	cds	contig_24	266913	0.4227	183581	184516	+	82397	311	mdh	malate dehydrogenase	no	mdh	en_familia	42	1.0000	core	core	no	no	no
bin_1_54	bin-1-54	bin_1_54_01537	cds	contig_24	266913	0.4227	184757	185476	+	81437	239	ompR	Alkaline phosphatase synthesis transcriptional regulatory protein PhoP	no	group_11677	en_familia	42	1.0000	core	core	no	no	no
bin_1_54	bin-1-54	bin_1_54_01538	cds	contig_24	266913	0.4227	185473	187251	+	79662	592	pnpS	two-component system histidine kinase PnpS	no	pnpS	en_familia	42	1.0000	core	core	no	no	no
bin_1_54	bin-1-54	bin_1_54_01539	cds	contig_24	266913	0.4227	187642	188685	+	78228	347	hflK	FtsH protease activity modulator HflK	no	hflK	en_familia	42	1.0000	core	core	no	no	no
bin_1_54	bin-1-54	bin_1_54_01540	cds	contig_24	266913	0.4227	188682	189614	+	77299	310	hflC	protease modulator HflC	no	hflC	en_familia	42	1.0000	core	core	no	no	no
bin_1_54	bin-1-54	bin_1_54_01541	cds	contig_24	266913	0.4227	189742	192366	+	74547	874	polA	DNA polymerase I	no	polA	en_familia	42	1.0000	core	core	no	no	no
bin_1_54	bin-1-54	bin_1_54_01542	cds	contig_24	266913	0.4227	192386	193216	+	73697	276	mutM	DNA-formamidopyrimidine glycosylase	no	mutM	en_familia	42	1.0000	core	core	no	no	no
bin_1_54	bin-1-54	bin_1_54_01543	cds	contig_24	266913	0.4227	193296	193928	+	72985	210	ytaF	sporulation membrane protein YtaF	no	ytaF	en_familia	42	1.0000	core	core	no	no	no
bin_1_54	bin-1-54	bin_1_54_01544	cds	contig_24	266913	0.4227	193950	194549	+	72364	199	coaE	dephospho-CoA kinase	no	coaE	en_familia	42	1.0000	core	core	no	no	no
bin_1_54	bin-1-54	bin_1_54_01545	cds	contig_24	266913	0.4227	194708	195745	+	71168	345	gapA	glyceraldehyde-3-phosphate dehydrogenase	no	gapA	en_familia	42	1.0000	core	core	no	no	no
bin_1_54	bin-1-54	bin_1_54_01546	cds	contig_24	266913	0.4227	196083	196481	+	70432	132	speD	adenosylmethionine decarboxylase	no	group_9609	en_familia	42	1.0000	core	core	no	no	no
bin_1_54	bin-1-54	bin_1_54_01547	cds	contig_24	266913	0.4227	196748	197212	+	69701	154	nrdR	transcriptional regulator NrdR	no	nrdR	en_familia	42	1.0000	core	core	no	no	no
bin_1_54	bin-1-54	bin_1_54_01548	cds	contig_24	266913	0.4227	197277	198689	+	68224	470	dnaB2	Replication initiation and membrane attachment protein	no	dnaB2~~~dnaD	en_familia	42	1.0000	core	core	no	no	no
bin_1_54	bin-1-54	bin_1_54_01549	cds	contig_24	266913	0.4227	198676	199614	+	67299	312	dnaI	primosomal protein DnaI	no	dnaI	en_familia	42	1.0000	core	core	no	no	no
bin_1_54	bin-1-54	bin_1_54_01550	cds	contig_24	266913	0.4227	199736	200596	+	66317	286	ytxC	Sporulation protein YtxC	no	ytxC	en_familia	42	1.0000	core	core	no	no	no
bin_1_54	bin-1-54	bin_1_54_01551	cds	contig_24	266913	0.4227	200987	202918	+	63995	643	thrS	threonine--tRNA ligase	no	thrS	en_familia	42	1.0000	core	core	no	no	no
bin_1_54	bin-1-54	bin_1_54_01552	cds	contig_24	266913	0.4227	203020	203190	+	63723	56		hypothetical protein	no	group_791	en_familia	42	1.0000	core	core	no	no	no
bin_1_54	bin-1-54	bin_1_54_01553	cds	contig_24	266913	0.4227	203244	203738	+	63175	164		N-acetyltransferase domain-containing protein	no	group_2518	en_familia	42	1.0000	core	core	no	no	no
bin_1_54	bin-1-54	bin_1_54_01554	cds	contig_24	266913	0.4227	204100	204600	+	62313	166	infC	translation initiation factor IF-3	no	infC	en_familia	42	1.0000	core	core	no	no	no
bin_1_54	bin-1-54	bin_1_54_01555	cds	contig_24	266913	0.4227	204635	204835	+	62078	66	rpmI	50S ribosomal protein L35	no	rpmI	en_familia	42	1.0000	core	core	no	no	no
bin_1_54	bin-1-54	bin_1_54_01556	cds	contig_24	266913	0.4227	204871	205230	+	61683	119	rplT	50S ribosomal protein L20	no	rplT	en_familia	42	1.0000	core	core	no	no	no
bin_1_54	bin-1-54	bin_1_54_01557	cds	contig_24	266913	0.4227	205298	205573	+	61340	91		DUF1294 domain-containing protein	no	group_2739	en_familia	42	1.0000	core	core	no	no	no
bin_1_54	bin-1-54	bin_1_54_01558	cds	contig_24	266913	0.4227	205634	206203	+	60710	189	tVP38	TVP38/TMEM64 family membrane protein	no	tVP38	en_familia	42	1.0000	core	core	no	no	no
bin_1_54	bin-1-54	bin_1_54_01559	cds	contig_24	266913	0.4227	206257	206637	-	60276	126	ysdB	Sigma-w pathway protein ysdB	no	ysdB	en_familia	42	1.0000	core	core	no	no	no
bin_1_54	bin-1-54	bin_1_54_01560	cds	contig_24	266913	0.4227	206742	207236	+	59677	164		dUTPase	no	group_1655	en_familia	41	0.9762	core	core	no	no	no
bin_1_54	bin-1-54	bin_1_54_01561	cds	contig_24	266913	0.4227	207301	208386	+	58527	361	ysdC	Aminopeptidase YsdC	no	ysdC	en_familia	42	1.0000	core	core	no	no	no
bin_1_54	bin-1-54	bin_1_54_01562	cds	contig_24	266913	0.4227	208448	209149	-	57764	233		Lactate utilization protein C	no	group_1133	en_familia	42	1.0000	core	core	no	no	no
bin_1_54	bin-1-54	bin_1_54_01563	cds	contig_24	266913	0.4227	209146	210576	-	56337	476	lutB	LutB/LldF family L-lactate oxidation iron-sulfur protein	no	lutB	en_familia	42	1.0000	core	core	no	no	no
bin_1_54	bin-1-54	bin_1_54_01564	cds	contig_24	266913	0.4227	210600	211316	-	55597	238	glpC	Lactate utilization protein A	no	group_1134	en_familia	42	1.0000	core	core	no	no	no
bin_1_54	bin-1-54	bin_1_54_01565	cds	contig_24	266913	0.4227	211498	212229	-	54684	243	lutR	HTH-type transcriptional regulator LutR	no	lutR	en_familia	42	1.0000	core	core	no	no	no
bin_1_54	bin-1-54	bin_1_54_01566	cds	contig_24	266913	0.4227	212485	214173	+	52740	562		L-lactate permease	no	group_8529	en_familia	42	1.0000	core	core	no	no	no
bin_1_54	bin-1-54	bin_1_54_01567	cds	contig_24	266913	0.4227	214248	215360	+	51553	370		Carbohydrate diacid regulator	no	group_8670	en_familia	42	1.0000	core	core	no	no	no
bin_1_54	bin-1-54	bin_1_54_01568	cds	contig_24	266913	0.4227	215478	216890	+	50023	470	glcD	glycolate oxidase subunit GlcD	no	group_4127	en_familia	42	1.0000	core	core	no	no	no
bin_1_54	bin-1-54	bin_1_54_01569	cds	contig_24	266913	0.4227	216887	218212	+	48701	441	glpC	Glycolate oxidase iron-sulfur subunit	no	group_1174	en_familia	42	1.0000	core	core	no	no	no
bin_1_54	bin-1-54	bin_1_54_01570	cds	contig_24	266913	0.4227	218158	218361	+	48552	67		hypothetical protein	no	group_1905	en_familia	10	0.2381	shell	shell	si	no	no
bin_1_54	bin-1-54	bin_1_54_01571	cds	contig_24	266913	0.4227	218470	219399	+	47514	309	ysnF	Stress response protein YsnF	no	ysnF	en_familia	42	1.0000	core	core	no	no	no
bin_1_54	bin-1-54	bin_1_54_01572	cds	contig_24	266913	0.4227	219567	220367	+	46546	266		Stress response protein	no	group_1904	en_familia	42	1.0000	core	core	no	no	no
bin_1_54	bin-1-54	bin_1_54_01573	cds	contig_24	266913	0.4227	220728	221111	+	45802	127		General stress protein 17M-like domain-containing protein	no	group_3449	en_familia	42	1.0000	core	core	no	no	no
bin_1_54	bin-1-54	bin_1_54_01574	cds	contig_24	266913	0.4227	221128	221337	-	45576	69	sspI	small acid-soluble spore protein SspI	no	sspI	en_familia	42	1.0000	core	core	no	no	no
bin_1_54	bin-1-54	bin_1_54_01575	cds	contig_24	266913	0.4227	221460	222218	+	44695	252	spoU	TrmH family tRNA/rRNA methyltransferase	no	spoU	en_familia	42	1.0000	core	core	no	no	no
bin_1_54	bin-1-54	bin_1_54_01576	cds	contig_24	266913	0.4227	222561	223604	+	43309	347	pheS	phenylalanine--tRNA ligase subunit alpha	no	pheS	en_familia	42	1.0000	core	core	no	no	no
bin_1_54	bin-1-54	bin_1_54_01577	cds	contig_24	266913	0.4227	223633	226047	+	40866	804	pheT	phenylalanine--tRNA ligase subunit beta	no	pheT	en_familia	42	1.0000	core	core	no	no	no
bin_1_54	bin-1-54	bin_1_54_01578	cds	contig_24	266913	0.4227	226244	227203	-	39710	319	rnhC	ribonuclease HIII	no	rnhC	en_familia	42	1.0000	core	core	no	no	no
bin_1_54	bin-1-54	bin_1_54_01579	cds	contig_24	266913	0.4227	227376	227636	+	39277	86	zapA	cell division protein ZapA	no	zapA	en_familia	42	1.0000	core	core	no	no	no
bin_1_54	bin-1-54	bin_1_54_01580	cds	contig_24	266913	0.4227	227641	228186	+	38727	181	cvpA	CvpA family protein	no	cvpA	en_familia	42	1.0000	core	core	no	no	no
bin_1_54	bin-1-54	bin_1_54_01581	cds	contig_24	266913	0.4227	228399	230117	+	36796	572	polX	DNA polymerase/3'-5' exonuclease PolX	no	polX	en_familia	42	1.0000	core	core	no	no	no
bin_1_54	bin-1-54	bin_1_54_01582	cds	contig_24	266913	0.4227	230153	232507	+	34406	784	rqcU	endonuclease MutS2	no	rqcU	en_familia	42	1.0000	core	core	no	no	no
bin_1_54	bin-1-54	bin_1_54_01583	cds	contig_24	266913	0.4227	232573	232980	+	33933	135	yjfL	DUF350 domain-containing protein	no	yjfL	en_familia	42	1.0000	core	core	no	no	no
bin_1_54	bin-1-54	bin_1_54_01584	cds	contig_24	266913	0.4227	233191	233949	+	32964	252		N-acetyltransferase domain-containing protein	no	group_8642	en_familia	40	0.9524	core	core	no	no	no
bin_1_54	bin-1-54	bin_1_54_01585	cds	contig_24	266913	0.4227	234828	236525	+	30388	565	menE	Long-chain-fatty-acid--CoA ligase	no	group_14026	en_familia	42	1.0000	core	core	no	no	no
bin_1_54	bin-1-54	bin_1_54_01586	cds	contig_24	266913	0.4227	236728	237315	+	29598	195	acrR	Transcriptional regulator	no	group_12798	en_familia	42	1.0000	core	core	no	no	no
bin_1_54	bin-1-54	bin_1_54_01587	cds	contig_24	266913	0.4227	237441	238214	+	28699	257	caiD	enoyl-CoA hydratase	no	group_2167	en_familia	42	1.0000	core	core	no	no	no
bin_1_54	bin-1-54	bin_1_54_01588	cds	contig_24	266913	0.4227	238337	239110	+	27803	257	fixA	Electron transfer flavoprotein subunit beta	no	fixA	en_familia	42	1.0000	core	core	no	no	no
bin_1_54	bin-1-54	bin_1_54_01589	cds	contig_24	266913	0.4227	239180	240157	+	26756	325	fixB	Caffeyl-CoA reductase-Etf complex subunit CarE	no	fixB	en_familia	42	1.0000	core	core	no	no	no
bin_1_54	bin-1-54	bin_1_54_01590	cds	contig_24	266913	0.4227	240365	240679	+	26234	104	trxA	thioredoxin	no	group_4318	en_familia	42	1.0000	core	core	no	no	no
bin_1_54	bin-1-54	bin_1_54_01591	cds	contig_24	266913	0.4227	240783	242555	+	24358	590	uvrC	excinuclease ABC subunit UvrC	no	uvrC	en_familia	42	1.0000	core	core	no	no	no
bin_1_54	bin-1-54	bin_1_54_01592	cds	contig_24	266913	0.4227	242882	244114	+	22799	410	metL1	aspartate kinase	no	group_13913	en_familia	42	1.0000	core	core	no	no	no
bin_1_54	bin-1-54	bin_1_54_01593	cds	contig_24	266913	0.4227	244178	244648	-	22265	156		DUF2507 domain-containing protein	no	group_3127	en_familia	42	1.0000	core	core	no	no	no
bin_1_54	bin-1-54	bin_1_54_01594	cds	contig_24	266913	0.4227	245032	245640	+	21273	202		Succinate dehydrogenase (Cytochrome b558 subunit)	no	group_12783	en_familia	42	1.0000	core	core	no	no	no
bin_1_54	bin-1-54	bin_1_54_01595	cds	contig_24	266913	0.4227	245681	247462	+	19451	593	sdhA	succinate dehydrogenase flavoprotein subunit	no	sdhA	en_familia	42	1.0000	core	core	no	no	no
bin_1_54	bin-1-54	bin_1_54_01596	cds	contig_24	266913	0.4227	247480	248253	+	18660	257	sdhB	succinate dehydrogenase iron-sulfur subunit	no	sdhB	en_familia	42	1.0000	core	core	no	no	no
bin_1_54	bin-1-54	bin_1_54_01597	cds	contig_24	266913	0.4227	248518	248982	+	17931	154		Thioesterase family protein	no	group_2166	en_familia	42	1.0000	core	core	no	no	no
bin_1_54	bin-1-54	bin_1_54_01598	cds	contig_24	266913	0.4227	249105	249329	+	17584	74	gerE	HTH luxR-type domain-containing protein	no	gerE	en_familia	42	1.0000	core	core	no	no	no
bin_1_54	bin-1-54	bin_1_54_01599	cds	contig_24	266913	0.4227	249550	249993	+	16920	147		Organic hydroperoxide resistance transcriptional regulator	no	group_13582	en_familia	42	1.0000	core	core	no	no	no
bin_1_54	bin-1-54	bin_1_54_01600	cds	contig_24	266913	0.4227	250004	250807	+	16106	267	racE	glutamate racemase	no	racE	en_familia	42	1.0000	core	core	no	no	no
bin_1_54	bin-1-54	bin_1_54_01601	cds	contig_24	266913	0.4227	251143	252222	+	14691	359	gerM	Sporulation protein	no	gerM	en_familia	42	1.0000	core	core	no	no	no
bin_1_54	bin-1-54	bin_1_54_01602	cds	contig_24	266913	0.4227	252422	253504	+	13409	360	gerAB	Spore germination protein (Amino acid permease)	no	gerAB	en_familia	42	1.0000	core	core	no	no	no
bin_1_54	bin-1-54	bin_1_54_01603	cds	contig_24	266913	0.4227	253516	254976	+	11937	486	gerAA	Spore germination protein	no	gerAA	en_familia	42	1.0000	core	core	no	no	no
bin_1_54	bin-1-54	bin_1_54_01604	cds	contig_24	266913	0.4227	254973	256094	+	10819	373	gerAC	Spore germination GerAC-like C-terminal domain-containing protein	no	gerAC	en_familia	42	1.0000	core	core	no	no	no
bin_1_54	bin-1-54	bin_1_54_01605	cds	contig_24	266913	0.4227	256310	256921	+	9992	203	rdgB	XTP/dITP diphosphatase	no	rdgB	en_familia	42	1.0000	core	core	no	no	no
bin_1_54	bin-1-54	bin_1_54_01606	cds	contig_24	266913	0.4227	256924	257436	+	9477	170		Phosphoesterase	no	group_6256	en_familia	42	1.0000	core	core	no	no	no
bin_1_54	bin-1-54	bin_1_54_01607	cds	contig_24	266913	0.4227	257417	257530	+	9383	37		hypothetical protein	no	group_3508	en_familia	34	0.8095	shell	shell	si	no	no
bin_1_54	bin-1-54	bin_1_54_01609	cds	contig_24	266913	0.4227	257815	258813	+	8100	332		Integrase/recombinase	no	group_8228	en_familia	1	0.0238	cloud	cloud	si	si	no
bin_1_54	bin-1-54	bin_1_54_01610	cds	contig_24	266913	0.4227	259184	259417	-	7496	77		hypothetical protein	no	group_13357	en_familia	1	0.0238	cloud	cloud	si	si	no
bin_1_54	bin-1-54	bin_1_54_01611	cds	contig_24	266913	0.4227	259716	259913	-	7000	65		Transposase	no	group_9525	en_familia	1	0.0238	cloud	cloud	si	si	no
bin_1_54	bin-1-54	bin_1_54_01612	cds	contig_24	266913	0.4227	260161	260334	+	6579	57	skfA	sporulation killing factor	no	skfA	en_familia	1	0.0238	cloud	cloud	si	si	no
bin_1_54	bin-1-54	bin_1_54_01613	cds	contig_24	266913	0.4227	260421	261623	+	5290	400	skfB	sporulation killing factor system radical SAM maturase	no	skfB	en_familia	1	0.0238	cloud	cloud	si	si	no
bin_1_54	bin-1-54	bin_1_54_01614	cds	contig_24	266913	0.4227	261646	263133	+	3780	495		Sporulation killing factor biosynthesis and export	no	group_1924	en_familia	1	0.0238	cloud	cloud	si	si	no
bin_1_54	bin-1-54	bin_1_54_01615	cds	contig_24	266913	0.4227	263159	263887	+	3026	242		Sporulation killing factor biosynthesis and export ABC transporter binding protein	no	group_11565	en_familia	1	0.0238	cloud	cloud	si	si	no
bin_1_54	bin-1-54	bin_1_54_01616	cds	contig_24	266913	0.4227	263880	265388	+	1525	502	skfF	sporulation killing factor system integral membrane protein	no	skfF	en_familia	1	0.0238	cloud	cloud	si	si	no
bin_1_54	bin-1-54	bin_1_54_01617	cds	contig_24	266913	0.4227	265366	265869	+	1044	167		Sporulation killing factor biosynthesis and export	no	group_13975	en_familia	1	0.0238	cloud	cloud	si	si	no
bin_1_54	bin-1-54	bin_1_54_01618	cds	contig_24	266913	0.4227	265887	266396	+	517	169		Alkyl hydroperoxide reductase/ thiol specific antioxidant/ Mal allergen	no	group_13916	en_familia	1	0.0238	cloud	cloud	si	si	no
bin_1_54	bin-1-54	bin_1_54_01619	cds	contig_24	266913	0.4227	266498	266674	-	239	58		hypothetical protein	no	group_10106	en_familia	1	0.0238	cloud	cloud	si	si	no
bin_1_54	bin-1-54	bin_1_54_01620	cds	contig_25	326027	0.4158	89	799	+	88	236		NAD(P)/FAD-dependent oxidoreductase	no	ndh	en_familia	36	0.8571	shell	shell	si	no	no
bin_1_54	bin-1-54	bin_1_54_01621	cds	contig_25	326027	0.4158	863	1594	-	862	243	chbG	chitin disaccharide deacetylase	no	chbG	en_familia	42	1.0000	core	core	no	no	no
bin_1_54	bin-1-54	bin_1_54_01622	cds	contig_25	326027	0.4158	1591	2934	-	1590	447	celF	6-phospho-beta-glucosidase	no	celF	en_familia	42	1.0000	core	core	no	no	no
bin_1_54	bin-1-54	bin_1_54_01623	cds	contig_25	326027	0.4158	2931	3278	-	2930	115	celC	Lichenan-specific phosphotransferase enzyme IIA component	no	celC	en_familia	42	1.0000	core	core	no	no	no
bin_1_54	bin-1-54	bin_1_54_01624	cds	contig_25	326027	0.4158	3296	4645	-	3295	449	celB	Permease IIC component	no	celB	en_familia	42	1.0000	core	core	no	no	no
bin_1_54	bin-1-54	bin_1_54_01625	cds	contig_25	326027	0.4158	4650	4958	-	4649	102		PTS sugar transporter subunit IIB	no	group_4560	en_familia	42	1.0000	core	core	no	no	no
bin_1_54	bin-1-54	bin_1_54_01626	cds	contig_25	326027	0.4158	5230	5955	+	5229	241	mngR	HTH-type transcriptional repressor YvoA	no	group_12757	en_familia	42	1.0000	core	core	no	no	no
bin_1_54	bin-1-54	bin_1_54_01627	cds	contig_25	326027	0.4158	6695	7429	-	6694	244		Alpha/beta hydrolase fold-5 domain-containing protein	no	group_6470	en_familia	34	0.8095	shell	shell	si	no	no
bin_1_54	bin-1-54	bin_1_54_01628	cds	contig_25	326027	0.4158	7959	8561	+	7958	200		Phospholipid phosphatase	no	group_6179	en_familia	34	0.8095	shell	shell	si	no	no
bin_1_54	bin-1-54	bin_1_54_01629	cds	contig_25	326027	0.4158	8763	9374	-	8762	203		Methyltransferase domain-containing protein	no	group_6602	en_familia	42	1.0000	core	core	no	no	no
bin_1_54	bin-1-54	bin_1_54_01630	cds	contig_25	326027	0.4158	9485	10297	-	9484	270		NADP-dependent 7-alpha-hydroxysteroid dehydrogenase	no	group_6667	en_familia	42	1.0000	core	core	no	no	no
bin_1_54	bin-1-54	bin_1_54_01631	cds	contig_25	326027	0.4158	10489	10812	-	10488	107	pqqD	PqqD family protein	no	pqqD	en_familia	42	1.0000	core	core	no	no	no
bin_1_54	bin-1-54	bin_1_54_01632	cds	contig_25	326027	0.4158	10844	12736	-	10843	630	oPT	OPT family oligopeptide transporter	no	oPT	en_familia	42	1.0000	core	core	no	no	no
bin_1_54	bin-1-54	bin_1_54_01633	cds	contig_25	326027	0.4158	13069	13722	+	13068	217		Cupin type-1 domain-containing protein	no	group_3703	en_familia	42	1.0000	core	core	no	no	no
bin_1_54	bin-1-54	bin_1_54_01634	cds	contig_25	326027	0.4158	14352	16292	-	14351	646	mutL	DNA mismatch repair endonuclease MutL	no	mutL	en_familia	42	1.0000	core	core	no	no	no
bin_1_54	bin-1-54	bin_1_54_01635	cds	contig_25	326027	0.4158	16315	18939	-	16314	874	mutS	DNA mismatch repair protein MutS	no	mutS	en_familia	42	1.0000	core	core	no	no	no
bin_1_54	bin-1-54	bin_1_54_01636	cds	contig_25	326027	0.4158	19142	19681	-	19141	179	cotE	Outer spore coat protein CotE	no	cotE	en_familia	42	1.0000	core	core	no	no	no
bin_1_54	bin-1-54	bin_1_54_01637	cds	contig_25	326027	0.4158	19895	20323	-	19894	142	ymcA	Master regulator for biofilm formation	no	ymcA	en_familia	42	1.0000	core	core	no	no	no
bin_1_54	bin-1-54	bin_1_54_01638	cds	contig_25	326027	0.4158	20325	21869	-	20324	514	miaB	tRNA (N6-isopentenyl adenosine(37)-C2)-methylthiotransferase MiaB	no	miaB	en_familia	42	1.0000	core	core	no	no	no
bin_1_54	bin-1-54	bin_1_54_01639	cds	contig_25	326027	0.4158	22212	23255	-	22211	347	tdh	L-threonine 3-dehydrogenase	no	tdh	en_familia	42	1.0000	core	core	no	no	no
bin_1_54	bin-1-54	bin_1_54_01640	cds	contig_25	326027	0.4158	23510	23599	+	23509	29		hypothetical protein	no	group_2017	en_familia	38	0.9048	shell	core	si	no	no
bin_1_54	bin-1-54	bin_1_54_01641	cds	contig_25	326027	0.4158	23822	24688	-	23821	288	porB	2-oxoglutarate oxidoreductase subunit KorB	no	porB	en_familia	42	1.0000	core	core	no	no	no
bin_1_54	bin-1-54	bin_1_54_01642	cds	contig_25	326027	0.4158	24675	26432	-	24674	585	porG	2-oxoglutarate ferredoxin oxidoreductase subunit alpha	no	porG	en_familia	42	1.0000	core	core	no	no	no
bin_1_54	bin-1-54	bin_1_54_01643	cds	contig_25	326027	0.4158	26648	27580	-	26647	310		Diguanylate cyclase	no	group_823	en_familia	42	1.0000	core	core	no	no	no
bin_1_54	bin-1-54	bin_1_54_01644	cds	contig_25	326027	0.4158	27715	27975	-	27714	86	spoVS	stage V sporulation protein SpoVS	no	spoVS	en_familia	42	1.0000	core	core	no	no	no
bin_1_54	bin-1-54	bin_1_54_01645	cds	contig_25	326027	0.4158	28148	28945	-	28147	265	ymdB	TIGR00282 family metallophosphoesterase	no	ymdB	en_familia	42	1.0000	core	core	no	no	no
bin_1_54	bin-1-54	bin_1_54_01646	cds	contig_25	326027	0.4158	29098	30657	-	29097	519	rny	ribonuclease Y	no	rny	en_familia	42	1.0000	core	core	no	no	no
bin_1_54	bin-1-54	bin_1_54_01647	cds	contig_25	326027	0.4158	31011	32057	-	31010	348	recA	recombinase RecA	no	recA	en_familia	42	1.0000	core	core	no	no	no
bin_1_54	bin-1-54	bin_1_54_01648	cds	contig_25	326027	0.4158	32407	33639	-	32406	410	pncC	competence/damage-inducible protein A	no	pncC	en_familia	42	1.0000	core	core	no	no	no
bin_1_54	bin-1-54	bin_1_54_01649	cds	contig_25	326027	0.4158	33662	34246	-	33661	194	pgsA	CDP-diacylglycerol--glycerol-3-phosphate 3-phosphatidyltransferase	no	pgsA	en_familia	42	1.0000	core	core	no	no	no
bin_1_54	bin-1-54	bin_1_54_01650	cds	contig_25	326027	0.4158	34412	35311	-	34411	299		HTH cro/C1-type domain-containing protein	no	group_2135	en_familia	42	1.0000	core	core	no	no	no
bin_1_54	bin-1-54	bin_1_54_01651	cds	contig_25	326027	0.4158	35329	36120	-	35328	263		DUF3388 domain-containing protein	no	group_10690	en_familia	42	1.0000	core	core	no	no	no
bin_1_54	bin-1-54	bin_1_54_01652	cds	contig_25	326027	0.4158	36363	36620	-	36362	85		DUF3243 domain-containing protein	no	group_13598	en_familia	42	1.0000	core	core	no	no	no
bin_1_54	bin-1-54	bin_1_54_01653	cds	contig_25	326027	0.4158	36702	37427	-	36701	241	ymfI	elongation factor P 5-aminopentanone reductase	no	ymfI	en_familia	42	1.0000	core	core	no	no	no
bin_1_54	bin-1-54	bin_1_54_01654	cds	contig_25	326027	0.4158	37446	38732	-	37445	428	yfmH	EF-P 5-aminopentanol modification-associated protein YfmH	no	yfmH	en_familia	42	1.0000	core	core	no	no	no
bin_1_54	bin-1-54	bin_1_54_01655	cds	contig_25	326027	0.4158	38732	40012	-	38731	426	yfmF	EF-P 5-aminopentanol modification-associated protein YfmF	no	yfmF	en_familia	42	1.0000	core	core	no	no	no
bin_1_54	bin-1-54	bin_1_54_01656	cds	contig_25	326027	0.4158	40224	41183	-	40223	319	nupQ	ABC transporter ATP-binding protein	no	nupQ	en_familia	42	1.0000	core	core	no	no	no
bin_1_54	bin-1-54	bin_1_54_01657	cds	contig_25	326027	0.4158	41184	42227	-	41183	347	nupP	Branched-chain amino acid ABC transporter permease	no	nupP	en_familia	42	1.0000	core	core	no	no	no
bin_1_54	bin-1-54	bin_1_54_01658	cds	contig_25	326027	0.4158	42220	43755	-	42219	511	nupO	Galactose/methyl galactoside import ATP-binding protein MglA	no	mglA~~~nupO	en_familia	42	1.0000	core	core	no	no	no
bin_1_54	bin-1-54	bin_1_54_01659	cds	contig_25	326027	0.4158	43960	45048	-	43959	362		ABC transporter ATP-binding protein	no	group_2236	en_familia	42	1.0000	core	core	no	no	no
bin_1_54	bin-1-54	bin_1_54_01660	cds	contig_25	326027	0.4158	45210	45935	-	45209	241	mngR	HTH-type transcriptional repressor YvoA	no	mngR	en_familia	42	1.0000	core	core	no	no	no
bin_1_54	bin-1-54	bin_1_54_01661	cds	contig_25	326027	0.4158	46242	46541	+	46241	99		Pullulanase	no	group_12695	en_familia	42	1.0000	core	core	no	no	no
bin_1_54	bin-1-54	bin_1_54_01662	cds	contig_25	326027	0.4158	46574	48901	-	46573	775	ftsK	Cell division protein FtsK	no	group_285	en_familia	42	1.0000	core	core	no	no	no
bin_1_54	bin-1-54	bin_1_54_01663	cds	contig_25	326027	0.4158	49139	49366	-	49138	75		Ribonuclease	no	group_12694	en_familia	42	1.0000	core	core	no	no	no
bin_1_54	bin-1-54	bin_1_54_01664	cds	contig_25	326027	0.4158	49363	50109	-	49362	248	clpP	ATP-dependent Clp protease proteolytic subunit ClpP	no	clpP	en_familia	42	1.0000	core	core	no	no	no
bin_1_54	bin-1-54	bin_1_54_01665	cds	contig_25	326027	0.4158	50232	51902	-	50231	556	rnjA	Ribonuclease J	no	group_8690	en_familia	42	1.0000	core	core	no	no	no
bin_1_54	bin-1-54	bin_1_54_01666	cds	contig_25	326027	0.4158	52185	53051	-	52184	288	dapA	4-hydroxy-tetrahydrodipicolinate synthase	no	group_9721	en_familia	42	1.0000	core	core	no	no	no
bin_1_54	bin-1-54	bin_1_54_01667	cds	contig_25	326027	0.4158	53102	54328	-	53101	408	dapG	aspartate kinase	no	dapG	en_familia	42	1.0000	core	core	no	no	no
bin_1_54	bin-1-54	bin_1_54_01668	cds	contig_25	326027	0.4158	54434	55489	-	54433	351	asd	aspartate-semialdehyde dehydrogenase	no	asd	en_familia	42	1.0000	core	core	no	no	no
bin_1_54	bin-1-54	bin_1_54_01669	cds	contig_25	326027	0.4158	55701	56303	-	55700	200	dpaB	dipicolinate synthase subunit B	no	dpaB	en_familia	42	1.0000	core	core	no	no	no
bin_1_54	bin-1-54	bin_1_54_01670	cds	contig_25	326027	0.4158	56300	57241	-	56299	313	dpaA	dipicolinic acid synthetase subunit A	no	dpaA	en_familia	42	1.0000	core	core	no	no	no
bin_1_54	bin-1-54	bin_1_54_01671	cds	contig_25	326027	0.4158	57431	57700	-	57430	89	ylmC	PRC-barrel domain-containing protein	no	ylmC	en_familia	42	1.0000	core	core	no	no	no
bin_1_54	bin-1-54	bin_1_54_01672	cds	contig_25	326027	0.4158	57859	59085	-	57858	408	pqqL	Zinc protease Rv2782c	no	pqqL	en_familia	42	1.0000	core	core	no	no	no
bin_1_54	bin-1-54	bin_1_54_01673	cds	contig_25	326027	0.4158	59132	60091	-	59131	319	pgaB	NodB-like y domain-containing protein	no	pgaB	en_familia	42	1.0000	core	core	no	no	no
bin_1_54	bin-1-54	bin_1_54_01674	cds	contig_25	326027	0.4158	60249	62366	-	60248	705	pnp	polyribonucleotide nucleotidyltransferase	no	pnp	en_familia	42	1.0000	core	core	no	no	no
bin_1_54	bin-1-54	bin_1_54_01675	cds	contig_25	326027	0.4158	62686	62955	-	62685	89	rpsO	30S ribosomal protein S15	no	rpsO	en_familia	42	1.0000	core	core	no	no	no
bin_1_54	bin-1-54	bin_1_54_01676	cds	contig_25	326027	0.4158	63091	64041	-	63090	316	ribF	bifunctional riboflavin kinase/FAD synthetase	no	ribF	en_familia	42	1.0000	core	core	no	no	no
bin_1_54	bin-1-54	bin_1_54_01677	cds	contig_25	326027	0.4158	64075	64995	-	64074	306	truB	tRNA pseudouridine(55) synthase TruB	no	truB	en_familia	42	1.0000	core	core	no	no	no
bin_1_54	bin-1-54	bin_1_54_01678	cds	contig_25	326027	0.4158	65148	65516	-	65147	122	rbfA	30S ribosome-binding factor RbfA	no	rbfA	en_familia	42	1.0000	core	core	no	no	no
bin_1_54	bin-1-54	bin_1_54_01679	cds	contig_25	326027	0.4158	65534	65815	-	65533	93	ylxP	DUF503 domain-containing protein	no	ylxP	en_familia	42	1.0000	core	core	no	no	no
bin_1_54	bin-1-54	bin_1_54_01680	cds	contig_25	326027	0.4158	65812	67965	-	65811	717	infB	translation initiation factor IF-2	no	infB	en_familia	42	1.0000	core	core	no	no	no
bin_1_54	bin-1-54	bin_1_54_01681	cds	contig_25	326027	0.4158	67985	68290	-	67984	101	ylxQ	YlxQ family RNA-binding protein	no	ylxQ	en_familia	42	1.0000	core	core	no	no	no
bin_1_54	bin-1-54	bin_1_54_01682	cds	contig_25	326027	0.4158	68295	68570	-	68294	91	rnpM	RNase P modulator RnpM	no	rnpM	en_familia	42	1.0000	core	core	no	no	no
bin_1_54	bin-1-54	bin_1_54_01683	cds	contig_25	326027	0.4158	68587	69717	-	68586	376	nusA	Transcription termination/antitermination protein NusA	no	nusA	en_familia	42	1.0000	core	core	no	no	no
bin_1_54	bin-1-54	bin_1_54_01684	cds	contig_25	326027	0.4158	69761	70234	-	69760	157	rimP	ribosome maturation factor RimP	no	rimP	en_familia	42	1.0000	core	core	no	no	no
bin_1_54	bin-1-54	bin_1_54_01685	cds	contig_25	326027	0.4158	70427	74749	-	70426	1440	polC	PolC-type DNA polymerase III	no	polC	en_familia	42	1.0000	core	core	no	no	no
bin_1_54	bin-1-54	bin_1_54_01686	cds	contig_25	326027	0.4158	74915	76615	-	74914	566	proS	proline--tRNA ligase	no	proS	en_familia	42	1.0000	core	core	no	no	no
bin_1_54	bin-1-54	bin_1_54_01687	cds	contig_25	326027	0.4158	76886	78154	-	76885	422	rseP	RIP metalloprotease RseP	no	rseP	en_familia	42	1.0000	core	core	no	no	no
bin_1_54	bin-1-54	bin_1_54_01688	cds	contig_25	326027	0.4158	78162	79322	-	78161	386	dxr	1-deoxy-D-xylulose-5-phosphate reductoisomerase	no	dxr	en_familia	42	1.0000	core	core	no	no	no
bin_1_54	bin-1-54	bin_1_54_01689	cds	contig_25	326027	0.4158	79366	80163	-	79365	265	cdsA	Phosphatidate cytidylyltransferase	no	cdsA	en_familia	42	1.0000	core	core	no	no	no
bin_1_54	bin-1-54	bin_1_54_01690	cds	contig_25	326027	0.4158	80189	80962	-	80188	257	uppS	isoprenyl transferase	no	uppS	en_familia	42	1.0000	core	core	no	no	no
bin_1_54	bin-1-54	bin_1_54_01691	cds	contig_25	326027	0.4158	81363	81920	-	81362	185	frr	ribosome recycling factor	no	frr	en_familia	42	1.0000	core	core	no	no	no
bin_1_54	bin-1-54	bin_1_54_01692	cds	contig_25	326027	0.4158	81923	82645	-	81922	240	pyrH	UMP kinase	no	pyrH	en_familia	42	1.0000	core	core	no	no	no
bin_1_54	bin-1-54	bin_1_54_01693	cds	contig_25	326027	0.4158	82771	83655	-	82770	294	tsf	translation elongation factor Ts	no	tsf	en_familia	42	1.0000	core	core	no	no	no
bin_1_54	bin-1-54	bin_1_54_01694	cds	contig_25	326027	0.4158	83964	84677	-	83963	237	rpsB	30S ribosomal protein S2	no	rpsB	en_familia	42	1.0000	core	core	no	no	no
bin_1_54	bin-1-54	bin_1_54_01695	cds	contig_25	326027	0.4158	84832	85437	-	84831	201		Coupling factor for flagellin transcription and translation	no	swrB	en_familia	40	0.9524	core	core	no	no	no
bin_1_54	bin-1-54	bin_1_54_01696	cds	contig_25	326027	0.4158	85698	86462	-	85697	254	fliA	FliA/WhiG family RNA polymerase sigma factor	no	fliA	en_familia	42	1.0000	core	core	no	no	no
bin_1_54	bin-1-54	bin_1_54_01697	cds	contig_25	326027	0.4158	86588	87091	-	86587	167	cheD	Chemoreceptor glutamine deamidase CheD	no	cheD	en_familia	39	0.9286	shell	core	si	no	no
bin_1_54	bin-1-54	bin_1_54_01698	cds	contig_25	326027	0.4158	87084	87722	-	87083	212	cheC	CheY-P phosphatase CheC	no	cheC	en_familia	20	0.4762	shell	shell	si	no	no
bin_1_54	bin-1-54	bin_1_54_01699	cds	contig_25	326027	0.4158	87727	88182	-	87726	151	cheW	Chemotaxis protein CheW	no	cheW	en_familia	17	0.4048	shell	shell	si	no	no
bin_1_54	bin-1-54	bin_1_54_01700	cds	contig_25	326027	0.4158	88285	90327	-	88284	680	cheA	Chemotaxis protein CheA	no	cheA	en_familia	36	0.8571	shell	shell	si	no	no
bin_1_54	bin-1-54	bin_1_54_01701	cds	contig_25	326027	0.4158	90477	91445	-	90476	322		Protein-glutamate methylesterase/protein-glutamine glutaminase	no	cheB	en_familia	38	0.9048	shell	core	si	no	no
bin_1_54	bin-1-54	bin_1_54_01702	cds	contig_25	326027	0.4158	91456	92322	-	91455	288		MinD/ParA family protein	no	ylxH	en_familia	16	0.3810	shell	shell	si	no	no
bin_1_54	bin-1-54	bin_1_54_01703	cds	contig_25	326027	0.4158	92306	93463	-	92305	385	flhF	flagellar biosynthesis protein FlhF	no	flhF	en_familia	16	0.3810	shell	shell	si	no	no
bin_1_54	bin-1-54	bin_1_54_01704	cds	contig_25	326027	0.4158	93460	94968	-	93459	502	flhA	Flagellar biosynthesis protein FlhA	no	flhA	en_familia	16	0.3810	shell	shell	si	no	no
bin_1_54	bin-1-54	bin_1_54_01705	cds	contig_25	326027	0.4158	94994	95485	-	94993	163		EscV/YscV/HrcV family type III secretion system export apparatus protein	no	flhA	en_familia	16	0.3810	shell	shell	si	no	no
bin_1_54	bin-1-54	bin_1_54_01706	cds	contig_25	326027	0.4158	95527	96609	-	95526	360	flhB	flagellar biosynthesis protein FlhB	no	flhB	en_familia	16	0.3810	shell	shell	si	no	no
bin_1_54	bin-1-54	bin_1_54_01707	cds	contig_25	326027	0.4158	96611	97033	-	96610	140	fliR	flagellar biosynthetic protein FliR	no	fliR	en_familia	16	0.3810	shell	shell	si	no	no
bin_1_54	bin-1-54	bin_1_54_01708	cds	contig_25	326027	0.4158	97033	97386	-	97032	117	fliR	Flagellar biosynthetic protein FliR	no	fliR	en_familia	16	0.3810	shell	shell	si	no	no
bin_1_54	bin-1-54	bin_1_54_01709	cds	contig_25	326027	0.4158	97390	97659	-	97389	89	fliQ	flagellar biosynthesis protein FliQ	no	fliQ	en_familia	16	0.3810	shell	shell	si	no	no
bin_1_54	bin-1-54	bin_1_54_01710	cds	contig_25	326027	0.4158	97674	98339	-	97673	221	fliP	flagellar type III secretion system pore protein FliP	no	fliP	en_familia	16	0.3810	shell	shell	si	no	no
bin_1_54	bin-1-54	bin_1_54_01711	cds	contig_25	326027	0.4158	98336	98995	-	98335	219	fliZ	Flagellar biosynthesis protein FliZ	no	fliZ	en_familia	16	0.3810	shell	shell	si	no	no
bin_1_54	bin-1-54	bin_1_54_01712	cds	contig_25	326027	0.4158	99011	99373	-	99010	120	cheY	Chemotaxis protein CheY	no	group_2599	en_familia	16	0.3810	shell	shell	si	no	no
bin_1_54	bin-1-54	bin_1_54_01713	cds	contig_25	326027	0.4158	99391	100608	-	99390	405	fliY	flagellar motor switch phosphatase FliY	no	fliY	en_familia	16	0.3810	shell	shell	si	no	no
bin_1_54	bin-1-54	bin_1_54_01714	cds	contig_25	326027	0.4158	100598	101596	-	100597	332	fliM	flagellar motor switch protein FliM	no	fliM	en_familia	16	0.3810	shell	shell	si	no	no
bin_1_54	bin-1-54	bin_1_54_01715	cds	contig_25	326027	0.4158	101649	102077	-	101648	142	fliL	flagellar basal body-associated protein FliL	no	fliL	en_familia	16	0.3810	shell	shell	si	no	no
bin_1_54	bin-1-54	bin_1_54_01716	cds	contig_25	326027	0.4158	102074	102310	-	102073	78	flbD	Flagellar protein FlbD	no	flbD	en_familia	16	0.3810	shell	shell	si	no	no
bin_1_54	bin-1-54	bin_1_54_01717	cds	contig_25	326027	0.4158	102337	103602	-	102336	421	flgE	Flagellar hook protein FlgE	no	flgE	en_familia	16	0.3810	shell	shell	si	no	no
bin_1_54	bin-1-54	bin_1_54_01718	cds	contig_25	326027	0.4158	104064	104699	-	104063	211	flgD	flagellar hook assembly protein FlgD	no	flgD	en_familia	16	0.3810	shell	shell	si	no	no
bin_1_54	bin-1-54	bin_1_54_01719	cds	contig_25	326027	0.4158	104708	106012	-	104707	434		Flagellar hook-length control protein	no	fliK	en_familia	17	0.4048	shell	shell	si	no	no
bin_1_54	bin-1-54	bin_1_54_01720	cds	contig_25	326027	0.4158	106038	106646	-	106037	202	mgtE	Magnesium transporter MgtE intracellular domain-containing protein	no	group_5958	en_familia	17	0.4048	shell	shell	si	no	no
bin_1_54	bin-1-54	bin_1_54_01721	cds	contig_25	326027	0.4158	106651	107100	-	106650	149	fliJ	flagellar export protein FliJ	no	fliJ	en_familia	17	0.4048	shell	shell	si	no	no
bin_1_54	bin-1-54	bin_1_54_01722	cds	contig_25	326027	0.4158	107100	108419	-	107099	439	fliI	flagellar protein export ATPase FliI	no	fliI	en_familia	17	0.4048	shell	shell	si	no	no
bin_1_54	bin-1-54	bin_1_54_01723	cds	contig_25	326027	0.4158	108422	109195	-	108421	257	fliH	flagellar assembly protein FliH	no	fliH	en_familia	17	0.4048	shell	shell	si	no	no
bin_1_54	bin-1-54	bin_1_54_01724	cds	contig_25	326027	0.4158	109179	110198	-	109178	339	fliG	flagellar motor switch protein FliG	no	fliG	en_familia	19	0.4524	shell	shell	si	no	no
bin_1_54	bin-1-54	bin_1_54_01725	cds	contig_25	326027	0.4158	110211	111809	-	110210	532	fliF	flagellar basal-body MS-ring/collar protein FliF	no	fliF	en_familia	20	0.4762	shell	shell	si	no	no
bin_1_54	bin-1-54	bin_1_54_01726	cds	contig_25	326027	0.4158	111903	112211	-	111902	102	fliE	flagellar hook-basal body complex protein FliE	no	fliE	en_familia	18	0.4286	shell	shell	si	no	no
bin_1_54	bin-1-54	bin_1_54_01727	cds	contig_25	326027	0.4158	112234	112692	-	112233	152	flgC	flagellar basal body rod protein FlgC	no	flgC	en_familia	19	0.4524	shell	shell	si	no	no
bin_1_54	bin-1-54	bin_1_54_01728	cds	contig_25	326027	0.4158	112692	113087	-	112691	131	flgB	flagellar basal body rod protein FlgB	no	flgB	en_familia	17	0.4048	shell	shell	si	no	no
bin_1_54	bin-1-54	bin_1_54_01729	cds	contig_25	326027	0.4158	113835	114614	-	113834	259	codY	GTP-sensing pleiotropic transcriptional regulator CodY	no	codY	en_familia	42	1.0000	core	core	no	no	no
bin_1_54	bin-1-54	bin_1_54_01730	cds	contig_25	326027	0.4158	114722	116131	-	114721	469	hslU	HslU--HslV peptidase ATPase subunit	no	hslU	en_familia	42	1.0000	core	core	no	no	no
bin_1_54	bin-1-54	bin_1_54_01731	cds	contig_25	326027	0.4158	116144	116671	-	116143	175	hslV	ATP-dependent protease subunit HslV	no	hslV	en_familia	42	1.0000	core	core	no	no	no
bin_1_54	bin-1-54	bin_1_54_01732	cds	contig_25	326027	0.4158	116692	117594	-	116691	300	xerC	tyrosine recombinase XerC	no	group_9178	en_familia	42	1.0000	core	core	no	no	no
bin_1_54	bin-1-54	bin_1_54_01733	cds	contig_25	326027	0.4158	117654	118961	-	117653	435	trmFO	FADH(2)-oxidizing methylenetetrahydrofolate--tRNA-(uracil(54)-C(5))-methyltransferase TrmFO	no	trmFO	en_familia	42	1.0000	core	core	no	no	no
bin_1_54	bin-1-54	bin_1_54_01734	cds	contig_25	326027	0.4158	119363	121438	-	119362	691	topA	type I DNA topoisomerase	no	group_13514	en_familia	42	1.0000	core	core	no	no	no
bin_1_54	bin-1-54	bin_1_54_01735	cds	contig_25	326027	0.4158	121704	122570	-	121703	288	dprA	DNA-processing protein DprA	no	group_9719	en_familia	42	1.0000	core	core	no	no	no
bin_1_54	bin-1-54	bin_1_54_01736	cds	contig_25	326027	0.4158	122689	123591	-	122688	300	sucD	succinate--CoA ligase subunit alpha	no	sucD	en_familia	42	1.0000	core	core	no	no	no
bin_1_54	bin-1-54	bin_1_54_01737	cds	contig_25	326027	0.4158	123610	124770	-	123609	386	sucC	ADP-forming succinate--CoA ligase subunit beta	no	sucC	en_familia	42	1.0000	core	core	no	no	no
bin_1_54	bin-1-54	bin_1_54_01738	cds	contig_25	326027	0.4158	125249	125521	-	125248	90		Flagellar biosynthesis pathway	no	group_10859	en_familia	42	1.0000	core	core	no	no	no
bin_1_54	bin-1-54	bin_1_54_01739	cds	contig_25	326027	0.4158	125518	127440	-	125517	640		Glycosyltransferase	no	group_6073	en_familia	42	1.0000	core	core	no	no	no
bin_1_54	bin-1-54	bin_1_54_01740	cds	contig_25	326027	0.4158	127452	128237	-	127451	261		ribonuclease HII	no	group_1986	en_familia	42	1.0000	core	core	no	no	no
bin_1_54	bin-1-54	bin_1_54_01741	cds	contig_25	326027	0.4158	128390	129262	-	128389	290	ylqF	ribosome biogenesis GTPase YlqF	no	ylqF	en_familia	42	1.0000	core	core	no	no	no
bin_1_54	bin-1-54	bin_1_54_01742	cds	contig_25	326027	0.4158	129280	129840	-	129279	186	lepB	signal peptidase I	no	group_13495	en_familia	42	1.0000	core	core	no	no	no
bin_1_54	bin-1-54	bin_1_54_01743	cds	contig_25	326027	0.4158	130059	130406	-	130058	115	rplS	50S ribosomal protein L19	no	rplS	en_familia	42	1.0000	core	core	no	no	no
bin_1_54	bin-1-54	bin_1_54_01744	cds	contig_25	326027	0.4158	130537	131271	-	130536	244	trmD	tRNA (guanosine(37)-N1)-methyltransferase TrmD	no	trmD	en_familia	42	1.0000	core	core	no	no	no
bin_1_54	bin-1-54	bin_1_54_01745	cds	contig_25	326027	0.4158	131271	131789	-	131270	172	rimM	ribosome maturation factor RimM	no	rimM	en_familia	42	1.0000	core	core	no	no	no
bin_1_54	bin-1-54	bin_1_54_01746	cds	contig_25	326027	0.4158	131800	132186	-	131799	128	ylqD	YlqD protein	no	ylqD	en_familia	42	1.0000	core	core	no	no	no
bin_1_54	bin-1-54	bin_1_54_01747	cds	contig_25	326027	0.4158	132408	132638	-	132407	76	ylqC	RNA-binding protein KhpA	no	ylqC	en_familia	42	1.0000	core	core	no	no	no
bin_1_54	bin-1-54	bin_1_54_01748	cds	contig_25	326027	0.4158	132652	132924	-	132651	90	rpsP	30S ribosomal protein S16	no	rpsP	en_familia	42	1.0000	core	core	no	no	no
bin_1_54	bin-1-54	bin_1_54_01749	cds	contig_25	326027	0.4158	133077	134417	-	133076	446	ffh	signal recognition particle protein	no	ffh	en_familia	42	1.0000	core	core	no	no	no
bin_1_54	bin-1-54	bin_1_54_01750	cds	contig_25	326027	0.4158	134429	134761	-	134428	110	ylxM	putative DNA-binding protein	no	ylxM	en_familia	42	1.0000	core	core	no	no	no
bin_1_54	bin-1-54	bin_1_54_01751	cds	contig_25	326027	0.4158	134978	135994	-	134977	338	ftsY	signal recognition particle-docking protein FtsY	no	ftsY	en_familia	42	1.0000	core	core	no	no	no
bin_1_54	bin-1-54	bin_1_54_01752	cds	contig_25	326027	0.4158	136022	139585	-	136021	1187	smc	chromosome segregation protein SMC	no	smc	en_familia	42	1.0000	core	core	no	no	no
bin_1_54	bin-1-54	bin_1_54_01753	cds	contig_25	326027	0.4158	139606	140349	-	139605	247	rnc	ribonuclease III	no	rnc	en_familia	42	1.0000	core	core	no	no	no
bin_1_54	bin-1-54	bin_1_54_01754	cds	contig_25	326027	0.4158	140610	140843	-	140609	77	acpP	acyl carrier protein	no	acpP	en_familia	42	1.0000	core	core	no	no	no
bin_1_54	bin-1-54	bin_1_54_01755	cds	contig_25	326027	0.4158	140901	141644	-	140900	247	fabG	3-oxoacyl-[acyl-carrier-protein] reductase	no	group_11348	en_familia	42	1.0000	core	core	no	no	no
bin_1_54	bin-1-54	bin_1_54_01756	cds	contig_25	326027	0.4158	141641	142588	-	141640	315	fabD	ACP S-malonyltransferase	no	fabD	en_familia	42	1.0000	core	core	no	no	no
bin_1_54	bin-1-54	bin_1_54_01757	cds	contig_25	326027	0.4158	142616	143602	-	142615	328	plsX	phosphate acyltransferase PlsX	no	plsX	en_familia	42	1.0000	core	core	no	no	no
bin_1_54	bin-1-54	bin_1_54_01758	cds	contig_25	326027	0.4158	143627	144256	-	143626	209	fapR	transcription factor FapR	no	fapR	en_familia	42	1.0000	core	core	no	no	no
bin_1_54	bin-1-54	bin_1_54_01759	cds	contig_25	326027	0.4158	144303	146354	-	144302	683	recG	ATP-dependent DNA helicase RecG	no	recG	en_familia	42	1.0000	core	core	no	no	no
bin_1_54	bin-1-54	bin_1_54_01760	cds	contig_25	326027	0.4158	146351	147235	-	146350	294	sdaAA	L-serine ammonia-lyase, iron-sulfur-dependent, subunit alpha	no	sdaAA	en_familia	42	1.0000	core	core	no	no	no
bin_1_54	bin-1-54	bin_1_54_01761	cds	contig_25	326027	0.4158	147273	147935	-	147272	220	sdaAB	L-serine ammonia-lyase, iron-sulfur-dependent subunit beta	no	group_12229	en_familia	42	1.0000	core	core	no	no	no
bin_1_54	bin-1-54	bin_1_54_01762	cds	contig_25	326027	0.4158	148368	150038	-	148367	556	fakA	DhaL domain-containing protein	no	fakA	en_familia	42	1.0000	core	core	no	no	no
bin_1_54	bin-1-54	bin_1_54_01763	cds	contig_25	326027	0.4158	150057	150419	-	150056	120	yloU	Alkaline-shock protein	no	group_12813	en_familia	42	1.0000	core	core	no	no	no
bin_1_54	bin-1-54	bin_1_54_01764	cds	contig_25	326027	0.4158	150673	150861	+	150672	62	rpmB	50S ribosomal protein L28	no	rpmB	en_familia	42	1.0000	core	core	no	no	no
bin_1_54	bin-1-54	bin_1_54_01765	sorf	contig_25	326027	0.4158	151048	151128	-	151047	26	spoVM	Stage V sporulation protein M	no	spoVM	en_familia	42	1.0000	core	core	no	no	no
bin_1_54	bin-1-54	bin_1_54_01766	cds	contig_25	326027	0.4158	151251	151904	-	151250	217		thiamine diphosphokinase	no	group_13744	en_familia	42	1.0000	core	core	no	no	no
bin_1_54	bin-1-54	bin_1_54_01767	cds	contig_25	326027	0.4158	152007	152654	-	152006	215	rpe	ribulose-phosphate 3-epimerase	no	group_12399	en_familia	42	1.0000	core	core	no	no	no
bin_1_54	bin-1-54	bin_1_54_01768	cds	contig_25	326027	0.4158	152656	153537	-	152655	293	rsgA	ribosome small subunit-dependent GTPase A	no	rsgA	en_familia	42	1.0000	core	core	no	no	no
bin_1_54	bin-1-54	bin_1_54_01769	cds	contig_25	326027	0.4158	153561	155594	-	153560	677	pknB	Stk1 family PASTA domain-containing Ser/Thr kinase	no	pknB	en_familia	42	1.0000	core	core	no	no	no
bin_1_54	bin-1-54	bin_1_54_01770	cds	contig_25	326027	0.4158	155600	156349	-	155599	249	pTC1	Stp1/IreP family PP2C-type Ser/Thr phosphatase	no	pTC1	en_familia	42	1.0000	core	core	no	no	no
bin_1_54	bin-1-54	bin_1_54_01771	cds	contig_25	326027	0.4158	156354	157448	-	156353	364	rlmN	23S rRNA (adenine(2503)-C(2))-methyltransferase RlmN	no	group_10992	en_familia	42	1.0000	core	core	no	no	no
bin_1_54	bin-1-54	bin_1_54_01772	cds	contig_25	326027	0.4158	157448	158800	-	157447	450	rsmB	16S rRNA (cytosine(967)-C(5))-methyltransferase RsmB	no	rsmB	en_familia	42	1.0000	core	core	no	no	no
bin_1_54	bin-1-54	bin_1_54_01773	cds	contig_25	326027	0.4158	158787	159746	-	158786	319	fmt	methionyl-tRNA formyltransferase	no	fmt	en_familia	42	1.0000	core	core	no	no	no
bin_1_54	bin-1-54	bin_1_54_01774	cds	contig_25	326027	0.4158	159743	160228	-	159742	161	def	peptide deformylase	no	group_14188	en_familia	42	1.0000	core	core	no	no	no
bin_1_54	bin-1-54	bin_1_54_01775	cds	contig_25	326027	0.4158	160324	162735	-	160323	803	priA	primosomal protein N'	no	priA	en_familia	42	1.0000	core	core	no	no	no
bin_1_54	bin-1-54	bin_1_54_01776	cds	contig_25	326027	0.4158	162742	163950	-	162077	402	coaBC	bifunctional phosphopantothenoylcysteine decarboxylase/phosphopantothenate--cysteine ligase CoaBC	no	coaBC	en_familia	42	1.0000	core	core	no	no	no
bin_1_54	bin-1-54	bin_1_54_01777	cds	contig_25	326027	0.4158	164177	164380	-	161647	67	rpoZ	DNA-directed RNA polymerase subunit omega	no	rpoZ	en_familia	42	1.0000	core	core	no	no	no
bin_1_54	bin-1-54	bin_1_54_01778	cds	contig_25	326027	0.4158	164384	164998	-	161029	204	gmk	guanylate kinase	no	gmk	en_familia	42	1.0000	core	core	no	no	no
bin_1_54	bin-1-54	bin_1_54_01779	cds	contig_25	326027	0.4158	165009	165272	-	160755	87	remA	extracellular matrix/biofilm regulator RemA	no	remA	en_familia	42	1.0000	core	core	no	no	no
bin_1_54	bin-1-54	bin_1_54_01780	cds	contig_25	326027	0.4158	165326	166201	-	159826	291	yicC	YicC family protein	no	yicC	en_familia	42	1.0000	core	core	no	no	no
bin_1_54	bin-1-54	bin_1_54_01781	cds	contig_25	326027	0.4158	166359	169022	-	157005	887	mgtA	calcium-translocating P-type ATPase, SERCA-type	no	mgtA	en_familia	42	1.0000	core	core	no	no	no
bin_1_54	bin-1-54	bin_1_54_01782	cds	contig_25	326027	0.4158	169037	169165	-	156862	42		hypothetical protein	no	group_12679	en_familia	39	0.9286	shell	core	si	no	no
bin_1_54	bin-1-54	bin_1_54_01783	cds	contig_25	326027	0.4158	169449	171170	+	154857	573	rqcH	Rqc2-like protein RqcH	no	rqcH	en_familia	42	1.0000	core	core	no	no	no
bin_1_54	bin-1-54	bin_1_54_01784	cds	contig_25	326027	0.4158	171217	171852	-	154175	211	pyrE	Orotate phosphoribosyltransferase	no	pyrE	en_familia	42	1.0000	core	core	no	no	no
bin_1_54	bin-1-54	bin_1_54_01785	cds	contig_25	326027	0.4158	171846	172562	-	153465	238	pyrF	orotidine-5'-phosphate decarboxylase	no	pyrF	en_familia	42	1.0000	core	core	no	no	no
bin_1_54	bin-1-54	bin_1_54_01786	cds	contig_25	326027	0.4158	172534	173475	-	152552	313	pyrD	dihydroorotate dehydrogenase	no	pyrD	en_familia	42	1.0000	core	core	no	no	no
bin_1_54	bin-1-54	bin_1_54_01787	cds	contig_25	326027	0.4158	173472	174233	-	151794	253		dihydroorotate dehydrogenase electron transfer subunit	no	mcr1	en_familia	42	1.0000	core	core	no	no	no
bin_1_54	bin-1-54	bin_1_54_01788	cds	contig_25	326027	0.4158	174248	177454	-	148573	1068	carB	carbamoyl-phosphate synthase large subunit	no	carB	en_familia	42	1.0000	core	core	no	no	no
bin_1_54	bin-1-54	bin_1_54_01789	cds	contig_25	326027	0.4158	177433	178539	-	147488	368	carA	carbamoyl phosphate synthase small subunit	no	group_10340	en_familia	42	1.0000	core	core	no	no	no
bin_1_54	bin-1-54	bin_1_54_01790	cds	contig_25	326027	0.4158	178536	179822	-	146205	428	allB	dihydroorotase	no	group_3675	en_familia	42	1.0000	core	core	no	no	no
bin_1_54	bin-1-54	bin_1_54_01791	cds	contig_25	326027	0.4158	179785	180720	-	145307	311	pyrB	aspartate carbamoyltransferase catalytic subunit	no	pyrB	en_familia	42	1.0000	core	core	no	no	no
bin_1_54	bin-1-54	bin_1_54_01792	cds	contig_25	326027	0.4158	180918	182207	-	143820	429	uraA	Uracil permease	no	group_14596	en_familia	42	1.0000	core	core	no	no	no
bin_1_54	bin-1-54	bin_1_54_01793	cds	contig_25	326027	0.4158	182384	182929	-	143098	181	pyrR	bifunctional pyr operon transcriptional regulator/uracil phosphoribosyltransferase PyrR	no	pyrR	en_familia	42	1.0000	core	core	no	no	no
bin_1_54	bin-1-54	bin_1_54_01794	cds	contig_25	326027	0.4158	183123	184040	-	141987	305	rluA	Pseudouridine synthase	no	group_9159	en_familia	42	1.0000	core	core	no	no	no
bin_1_54	bin-1-54	bin_1_54_01795	cds	contig_25	326027	0.4158	184033	184503	-	141524	156	lspA	signal peptidase II	no	lspA	en_familia	42	1.0000	core	core	no	no	no
bin_1_54	bin-1-54	bin_1_54_01796	cds	contig_25	326027	0.4158	184711	187479	-	138548	922	ileS	isoleucine--tRNA ligase	no	ileS	en_familia	42	1.0000	core	core	no	no	no
bin_1_54	bin-1-54	bin_1_54_01797	cds	contig_25	326027	0.4158	187874	188389	-	137638	171	divIVA	Cell division initiation protein	no	divIVA	en_familia	42	1.0000	core	core	no	no	no
bin_1_54	bin-1-54	bin_1_54_01798	cds	contig_25	326027	0.4158	188475	189248	-	136779	257	ylmH	RNA-binding S4 domain-containing protein	no	ylmH	en_familia	42	1.0000	core	core	no	no	no
bin_1_54	bin-1-54	bin_1_54_01799	cds	contig_25	326027	0.4158	189382	189648	-	136379	88	ycf19	Cell division protein	no	ycf19	en_familia	42	1.0000	core	core	no	no	no
bin_1_54	bin-1-54	bin_1_54_01800	cds	contig_25	326027	0.4158	189655	190119	-	135908	154	sepF	Cell division protein SepF	no	sepF	en_familia	42	1.0000	core	core	no	no	no
bin_1_54	bin-1-54	bin_1_54_01801	cds	contig_25	326027	0.4158	190141	190812	-	135215	223		Pyridoxal phosphate homeostasis protein	no	group_4037	en_familia	42	1.0000	core	core	no	no	no
bin_1_54	bin-1-54	bin_1_54_01802	cds	contig_25	326027	0.4158	190815	191642	-	134385	275	pgeF	peptidoglycan editing factor PgeF	no	pgeF	en_familia	42	1.0000	core	core	no	no	no
bin_1_54	bin-1-54	bin_1_54_01803	cds	contig_25	326027	0.4158	191698	191967	-	134060	89	ylmC	PRC-barrel domain-containing protein	no	group_2157	en_familia	42	1.0000	core	core	no	no	no
bin_1_54	bin-1-54	bin_1_54_01804	cds	contig_25	326027	0.4158	192196	192975	-	133052	259	sigG	RNA polymerase sporulation sigma factor SigG	no	sigG	en_familia	42	1.0000	core	core	no	no	no
bin_1_54	bin-1-54	bin_1_54_01805	cds	contig_25	326027	0.4158	193126	193845	-	132182	239	sigE	RNA polymerase sporulation sigma factor SigE	no	sigE	en_familia	42	1.0000	core	core	no	no	no
bin_1_54	bin-1-54	bin_1_54_01806	cds	contig_25	326027	0.4158	193904	194830	-	131197	308	spoIIGA	sigma-E processing peptidase SpoIIGA	no	spoIIGA	en_familia	42	1.0000	core	core	no	no	no
bin_1_54	bin-1-54	bin_1_54_01807	cds	contig_25	326027	0.4158	195203	196360	-	129667	385	ftsZ	cell division protein FtsZ	no	group_5460	en_familia	42	1.0000	core	core	no	no	no
bin_1_54	bin-1-54	bin_1_54_01808	cds	contig_25	326027	0.4158	196405	197703	-	128324	432	ftsA	cell division protein FtsA	no	ftsA	en_familia	42	1.0000	core	core	no	no	no
bin_1_54	bin-1-54	bin_1_54_01809	cds	contig_25	326027	0.4158	197959	198324	-	127703	121	sbp	Small basic protein	no	sbp	en_familia	42	1.0000	core	core	no	no	no
bin_1_54	bin-1-54	bin_1_54_01810	cds	contig_25	326027	0.4158	198324	199034	-	126993	236		DUF881 domain-containing protein	no	group_3233	en_familia	42	1.0000	core	core	no	no	no
bin_1_54	bin-1-54	bin_1_54_01811	cds	contig_25	326027	0.4158	199078	199770	-	126257	230	ylxW	DUF881 domain-containing protein	no	ylxW	en_familia	42	1.0000	core	core	no	no	no
bin_1_54	bin-1-54	bin_1_54_01812	cds	contig_25	326027	0.4158	199757	200539	-	125488	260		Cell division protein DivIB	no	group_13459	en_familia	42	1.0000	core	core	no	no	no
bin_1_54	bin-1-54	bin_1_54_01813	cds	contig_25	326027	0.4158	200669	201577	-	124450	302	murB	UDP-N-acetylmuramate dehydrogenase	no	murB	en_familia	42	1.0000	core	core	no	no	no
bin_1_54	bin-1-54	bin_1_54_01814	cds	contig_25	326027	0.4158	201932	203032	-	122995	366	spoVE	stage V sporulation protein E	no	spoVE	en_familia	42	1.0000	core	core	no	no	no
bin_1_54	bin-1-54	bin_1_54_01815	cds	contig_25	326027	0.4158	203190	204542	-	121485	450	murD	UDP-N-acetylmuramoyl-L-alanine--D-glutamate ligase	no	murD	en_familia	42	1.0000	core	core	no	no	no
bin_1_54	bin-1-54	bin_1_54_01816	cds	contig_25	326027	0.4158	204543	205520	-	120507	325	mraY	phospho-N-acetylmuramoyl-pentapeptide-transferase	no	mraY	en_familia	42	1.0000	core	core	no	no	no
bin_1_54	bin-1-54	bin_1_54_01817	cds	contig_25	326027	0.4158	205610	207082	-	118945	490	murE	UDP-N-acetylmuramoyl-L-alanyl-D-glutamate--2,6-diaminopimelate ligase	no	murE	en_familia	42	1.0000	core	core	no	no	no
bin_1_54	bin-1-54	bin_1_54_01818	cds	contig_25	326027	0.4158	207241	209163	-	116864	640	ftsI	stage V sporulation protein D	no	group_12714	en_familia	42	1.0000	core	core	no	no	no
bin_1_54	bin-1-54	bin_1_54_01819	cds	contig_25	326027	0.4158	209276	211438	-	114589	720	pASTA	serine-type D-Ala-D-Ala carboxypeptidase	no	group_3104	en_familia	42	1.0000	core	core	no	no	no
bin_1_54	bin-1-54	bin_1_54_01820	cds	contig_25	326027	0.4158	211435	211791	-	114236	118	ftsL	cell division protein FtsL	no	ftsL	en_familia	42	1.0000	core	core	no	no	no
bin_1_54	bin-1-54	bin_1_54_01821	cds	contig_25	326027	0.4158	211824	212756	-	113271	310	rsmH	16S rRNA (cytosine(1402)-N(4))-methyltransferase RsmH	no	rsmH	en_familia	42	1.0000	core	core	no	no	no
bin_1_54	bin-1-54	bin_1_54_01822	cds	contig_25	326027	0.4158	212809	213240	-	112787	143	mraZ	division/cell wall cluster transcriptional repressor MraZ	no	mraZ	en_familia	42	1.0000	core	core	no	no	no
bin_1_54	bin-1-54	bin_1_54_01823	cds	contig_25	326027	0.4158	213582	215210	-	110817	542	bshC	bacillithiol biosynthesis cysteine-adding enzyme BshC	no	bshC	en_familia	42	1.0000	core	core	no	no	no
bin_1_54	bin-1-54	bin_1_54_01824	cds	contig_25	326027	0.4158	215320	215712	-	110315	130		DUF3397 domain-containing protein	no	group_5216	en_familia	42	1.0000	core	core	no	no	no
bin_1_54	bin-1-54	bin_1_54_01825	cds	contig_25	326027	0.4158	215717	216601	-	109426	294		2-dehydropantoate 2-reductase	no	group_2537	en_familia	42	1.0000	core	core	no	no	no
bin_1_54	bin-1-54	bin_1_54_01826	cds	contig_25	326027	0.4158	217071	217559	+	108468	162		N-acetyltransferase	no	group_14156	en_familia	42	1.0000	core	core	no	no	no
bin_1_54	bin-1-54	bin_1_54_01827	cds	contig_25	326027	0.4158	217604	218224	-	107803	206		Myb-like domain-containing protein	no	group_12684	en_familia	42	1.0000	core	core	no	no	no
bin_1_54	bin-1-54	bin_1_54_01828	cds	contig_25	326027	0.4158	218304	219146	-	106881	280		Ethylmalonyl-CoA decarboxylase	no	group_13793	en_familia	42	1.0000	core	core	no	no	no
bin_1_54	bin-1-54	bin_1_54_01829	cds	contig_25	326027	0.4158	219217	219390	-	106637	57	rpmF	50S ribosomal protein L32	no	rpmF	en_familia	42	1.0000	core	core	no	no	no
bin_1_54	bin-1-54	bin_1_54_01830	cds	contig_25	326027	0.4158	219456	219977	-	106050	173	yceD	Metal-binding protein	no	yceD	en_familia	42	1.0000	core	core	no	no	no
bin_1_54	bin-1-54	bin_1_54_01831	cds	contig_25	326027	0.4158	220196	221401	+	104626	401		nucleotidyltransferase	no	group_11334	en_familia	42	1.0000	core	core	no	no	no
bin_1_54	bin-1-54	bin_1_54_01832	cds	contig_25	326027	0.4158	221492	222517	-	103510	341	sdrC	SepM family pheromone-processing serine protease	no	sdrC	en_familia	42	1.0000	core	core	no	no	no
bin_1_54	bin-1-54	bin_1_54_01833	cds	contig_25	326027	0.4158	222507	223304	-	102723	265	rssA	Esterase	no	group_10601	en_familia	42	1.0000	core	core	no	no	no
bin_1_54	bin-1-54	bin_1_54_01834	cds	contig_25	326027	0.4158	223611	224828	+	101199	405	ylbJ	sporulation integral membrane protein YlbJ	no	ylbJ	en_familia	42	1.0000	core	core	no	no	no
bin_1_54	bin-1-54	bin_1_54_01835	cds	contig_25	326027	0.4158	224868	225359	-	100668	163	coaD	pantetheine-phosphate adenylyltransferase	no	coaD	en_familia	42	1.0000	core	core	no	no	no
bin_1_54	bin-1-54	bin_1_54_01836	cds	contig_25	326027	0.4158	225360	225935	-	100092	191	rsmD	16S rRNA (guanine(966)-N(2))-methyltransferase RsmD	no	rsmD	en_familia	42	1.0000	core	core	no	no	no
bin_1_54	bin-1-54	bin_1_54_01837	cds	contig_25	326027	0.4158	226406	226795	+	99232	129		Methylthioribose kinase	no	group_2446	en_familia	42	1.0000	core	core	no	no	no
bin_1_54	bin-1-54	bin_1_54_01838	cds	contig_25	326027	0.4158	226850	227125	-	98902	91	ylbG	UPF0298 protein BN1180_01869	no	ylbG	en_familia	42	1.0000	core	core	no	no	no
bin_1_54	bin-1-54	bin_1_54_01839	cds	contig_25	326027	0.4158	227264	227587	+	98440	107		Ferric siderophore reductase C-terminal domain-containing protein	no	group_2848	en_familia	41	0.9762	core	core	no	no	no
bin_1_54	bin-1-54	bin_1_54_01840	cds	contig_25	326027	0.4158	227761	228234	-	97793	157	ylbF	YlbF family regulator	no	group_3564	en_familia	42	1.0000	core	core	no	no	no
bin_1_54	bin-1-54	bin_1_54_01841	cds	contig_25	326027	0.4158	228271	228696	-	97331	141		Lipoprotein	no	group_13912	en_familia	42	1.0000	core	core	no	no	no
bin_1_54	bin-1-54	bin_1_54_01842	cds	contig_25	326027	0.4158	228757	228999	-	97028	80		YlbE-like protein	no	group_7855	en_familia	42	1.0000	core	core	no	no	no
bin_1_54	bin-1-54	bin_1_54_01843	cds	contig_25	326027	0.4158	229012	229443	-	96584	143		Cytosolic protein	no	group_14109	en_familia	42	1.0000	core	core	no	no	no
bin_1_54	bin-1-54	bin_1_54_01844	cds	contig_25	326027	0.4158	230511	230708	+	95319	65		Transposase	no	group_8389	en_familia	24	0.5714	shell	shell	si	no	no
bin_1_54	bin-1-54	bin_1_54_01845	cds	contig_25	326027	0.4158	230853	231887	-	94140	344		CAP domain-containing protein	no	group_2734	en_familia	42	1.0000	core	core	no	no	no
bin_1_54	bin-1-54	bin_1_54_01846	cds	contig_25	326027	0.4158	232233	232595	+	93432	120		YugN-like family protein	no	group_2584	en_familia	42	1.0000	core	core	no	no	no
bin_1_54	bin-1-54	bin_1_54_01847	cds	contig_25	326027	0.4158	232703	233164	-	92863	153	ctaM	DUF420 domain-containing protein	no	ctaM	en_familia	42	1.0000	core	core	no	no	no
bin_1_54	bin-1-54	bin_1_54_01848	cds	contig_25	326027	0.4158	233372	234274	-	91753	300	ctaG	cytochrome c oxidase assembly factor CtaG	no	ctaG	en_familia	42	1.0000	core	core	no	no	no
bin_1_54	bin-1-54	bin_1_54_01849	cds	contig_25	326027	0.4158	234422	234757	-	91270	111	ctaF	cytochrome c oxidase subunit IVB	no	ctaF	en_familia	42	1.0000	core	core	no	no	no
bin_1_54	bin-1-54	bin_1_54_01850	cds	contig_25	326027	0.4158	234761	235390	-	90637	209	cyoC	Cytochrome c oxidase subunit 3	no	cyoC	en_familia	42	1.0000	core	core	no	no	no
bin_1_54	bin-1-54	bin_1_54_01851	cds	contig_25	326027	0.4158	235390	237261	-	88766	623	ctaD	cytochrome c oxidase subunit I	no	ctaD	en_familia	42	1.0000	core	core	no	no	no
bin_1_54	bin-1-54	bin_1_54_01852	cds	contig_25	326027	0.4158	237286	238368	-	87659	360	coxB	cytochrome c oxidase subunit II	no	coxB	en_familia	42	1.0000	core	core	no	no	no
bin_1_54	bin-1-54	bin_1_54_01853	cds	contig_25	326027	0.4158	238621	239559	-	86468	312	cyoE	heme o synthase	no	cyoE	en_familia	42	1.0000	core	core	no	no	no
bin_1_54	bin-1-54	bin_1_54_01854	cds	contig_25	326027	0.4158	240160	241146	+	84881	328		Heme A synthase	no	group_8491	en_familia	42	1.0000	core	core	no	no	no
bin_1_54	bin-1-54	bin_1_54_01855	cds	contig_25	326027	0.4158	241331	244768	-	81259	1145	pyc	pyruvate carboxylase	no	group_73	en_familia	40	0.9524	core	core	no	no	no
bin_1_54	bin-1-54	bin_1_54_01856	cds	contig_25	326027	0.4158	245391	245672	-	80355	93	ylaN	UPF0358 protein BN1180_01851	no	ylaN	en_familia	42	1.0000	core	core	no	no	no
bin_1_54	bin-1-54	bin_1_54_01857	cds	contig_25	326027	0.4158	245885	246397	+	79630	170		Peptidyl-prolyl cis-trans isomerase	no	group_13859	en_familia	42	1.0000	core	core	no	no	no
bin_1_54	bin-1-54	bin_1_54_01858	cds	contig_25	326027	0.4158	246460	247791	-	78236	443	ylaK	PIN domain-containing protein	no	ylaK	en_familia	42	1.0000	core	core	no	no	no
bin_1_54	bin-1-54	bin_1_54_01859	cds	contig_25	326027	0.4158	248058	248657	+	77370	199		YhcN/YlaJ family sporulation lipoprotein	no	group_1297	en_familia	42	1.0000	core	core	no	no	no
bin_1_54	bin-1-54	bin_1_54_01860	cds	contig_25	326027	0.4158	248802	249002	+	77025	66	ylaI	DUF2197 domain-containing protein	no	ylaI	en_familia	42	1.0000	core	core	no	no	no
bin_1_54	bin-1-54	bin_1_54_01861	cds	contig_25	326027	0.4158	248986	249417	+	76610	143		DUF1440 domain-containing protein	no	group_2916	en_familia	40	0.9524	core	core	no	no	no
bin_1_54	bin-1-54	bin_1_54_01862	cds	contig_25	326027	0.4158	249455	249742	-	76285	95		Group-specific protein	no	group_2825	en_familia	42	1.0000	core	core	no	no	no
bin_1_54	bin-1-54	bin_1_54_01863	cds	contig_25	326027	0.4158	249744	250052	-	75975	102		YlaH-like protein	no	group_4555	en_familia	42	1.0000	core	core	no	no	no
bin_1_54	bin-1-54	bin_1_54_01864	cds	contig_25	326027	0.4158	250075	251922	-	74105	615	typA	translational GTPase TypA	no	typA	en_familia	42	1.0000	core	core	no	no	no
bin_1_54	bin-1-54	bin_1_54_01865	cds	contig_25	326027	0.4158	252047	252229	+	73798	60	ylaF	YlaF family protein	no	ylaF	en_familia	42	1.0000	core	core	no	no	no
bin_1_54	bin-1-54	bin_1_54_01866	cds	contig_25	326027	0.4158	252319	253122	-	72905	267		Inositol-1-monophosphatase	no	group_14153	en_familia	42	1.0000	core	core	no	no	no
bin_1_54	bin-1-54	bin_1_54_01867	cds	contig_25	326027	0.4158	253517	253714	-	72313	65		Coil containing protein	no	group_9486	en_familia	42	1.0000	core	core	no	no	no
bin_1_54	bin-1-54	bin_1_54_01868	cds	contig_25	326027	0.4158	254223	254840	+	71187	205		UPF0637 protein BN1180_01839	no	group_12730	en_familia	2	0.0476	cloud	cloud	si	si	no
bin_1_54	bin-1-54	bin_1_54_01869	cds	contig_25	326027	0.4158	254859	255014	-	71013	51		hypothetical protein	no	group_10649	en_familia	1	0.0238	cloud	cloud	si	si	no
bin_1_54	bin-1-54	bin_1_54_01870	cds	contig_25	326027	0.4158	256009	256437	+	69590	142		Recombinase family protein	no	group_468	en_familia	1	0.0238	cloud	cloud	si	si	no
bin_1_54	bin-1-54	bin_1_54_01871	cds	contig_25	326027	0.4158	257153	257932	-	68095	259	trpA	tryptophan synthase subunit alpha	no	trpA	en_familia	42	1.0000	core	core	no	no	no
bin_1_54	bin-1-54	bin_1_54_01872	cds	contig_25	326027	0.4158	257925	259130	-	66897	401	trpB	tryptophan synthase subunit beta	no	trpB	en_familia	42	1.0000	core	core	no	no	no
bin_1_54	bin-1-54	bin_1_54_01873	cds	contig_25	326027	0.4158	259135	259749	-	66278	204		N-(5'-phosphoribosyl)anthranilate isomerase	no	group_1466	en_familia	42	1.0000	core	core	no	no	no
bin_1_54	bin-1-54	bin_1_54_01874	cds	contig_25	326027	0.4158	259760	260536	-	65491	258	trpC	indole-3-glycerol phosphate synthase TrpC	no	trpC	en_familia	42	1.0000	core	core	no	no	no
bin_1_54	bin-1-54	bin_1_54_01875	cds	contig_25	326027	0.4158	260536	261558	-	64469	340	trpD	Anthranilate phosphoribosyltransferase	no	trpD	en_familia	42	1.0000	core	core	no	no	no
bin_1_54	bin-1-54	bin_1_54_01876	cds	contig_25	326027	0.4158	261586	262191	-	63836	201		Aminodeoxychorismate/anthranilate synthase component 2	no	group_12973	en_familia	42	1.0000	core	core	no	no	no
bin_1_54	bin-1-54	bin_1_54_01877	cds	contig_25	326027	0.4158	262188	263582	-	62445	464	trpE	anthranilate synthase component I	no	trpE	en_familia	42	1.0000	core	core	no	no	no
bin_1_54	bin-1-54	bin_1_54_01878	cds	contig_25	326027	0.4158	264316	264591	-	61436	91	yktA	UPF0223 protein ABE28_007190	no	yktA	en_familia	42	1.0000	core	core	no	no	no
bin_1_54	bin-1-54	bin_1_54_01879	cds	contig_25	326027	0.4158	264649	265608	-	60419	319	yrpB	Nitronate monooxygenase	no	yrpB	en_familia	42	1.0000	core	core	no	no	no
bin_1_54	bin-1-54	bin_1_54_01880	cds	contig_25	326027	0.4158	266020	267480	+	58547	486	ldcC	Arginine decarboxylase	no	ldcC	en_familia	42	1.0000	core	core	no	no	no
bin_1_54	bin-1-54	bin_1_54_01881	cds	contig_25	326027	0.4158	268109	268543	+	57484	144		DUF1885 domain-containing protein	no	group_3346	en_familia	42	1.0000	core	core	no	no	no
bin_1_54	bin-1-54	bin_1_54_01882	cds	contig_25	326027	0.4158	268562	269389	-	56638	275	pdaC	Peptidoglycan-N-acetylmuramic acid deacetylase PdaC	no	pdaC	en_familia	42	1.0000	core	core	no	no	no
bin_1_54	bin-1-54	bin_1_54_01883	cds	contig_25	326027	0.4158	269433	269681	-	56346	82		DUF4181 domain-containing protein	no	group_8975	en_familia	40	0.9524	core	core	no	no	no
bin_1_54	bin-1-54	bin_1_54_01884	cds	contig_25	326027	0.4158	269620	269754	-	56273	44		hypothetical protein	no	group_11152	en_familia	4	0.0952	cloud	cloud	si	si	no
bin_1_54	bin-1-54	bin_1_54_01885	cds	contig_25	326027	0.4158	269953	271365	-	54662	470	lpdA	dihydrolipoyl dehydrogenase	no	lpdA	en_familia	42	1.0000	core	core	no	no	no
bin_1_54	bin-1-54	bin_1_54_01886	cds	contig_25	326027	0.4158	271369	272727	-	53300	452	aceF	Dihydrolipoamide acetyltransferase component of pyruvate dehydrogenase complex	no	aceF	en_familia	42	1.0000	core	core	no	no	no
bin_1_54	bin-1-54	bin_1_54_01887	cds	contig_25	326027	0.4158	272848	273825	-	52202	325	acoB	Pyruvate dehydrogenase E1 component subunit beta	no	group_8576	en_familia	42	1.0000	core	core	no	no	no
bin_1_54	bin-1-54	bin_1_54_01888	cds	contig_25	326027	0.4158	273829	274944	-	51083	371	pdhA	pyruvate dehydrogenase (acetyl-transferring) E1 component subunit alpha	no	group_9869	en_familia	42	1.0000	core	core	no	no	no
bin_1_54	bin-1-54	bin_1_54_01889	cds	contig_25	326027	0.4158	275589	276251	-	49776	220		Cell-wall binding lipoprotein	no	group_1590	en_familia	42	1.0000	core	core	no	no	no
bin_1_54	bin-1-54	bin_1_54_01890	cds	contig_25	326027	0.4158	276462	276617	+	49410	51	yjcZ	YjcZ family sporulation protein	no	group_4802	en_familia	42	1.0000	core	core	no	no	no
bin_1_54	bin-1-54	bin_1_54_01891	cds	contig_25	326027	0.4158	276856	277410	+	48617	184	def	peptide deformylase	no	group_3638	en_familia	42	1.0000	core	core	no	no	no
bin_1_54	bin-1-54	bin_1_54_01892	cds	contig_25	326027	0.4158	277459	278232	-	47795	257	cof	Cof-type HAD-IIB family hydrolase	no	group_14136	en_familia	42	1.0000	core	core	no	no	no
bin_1_54	bin-1-54	bin_1_54_01893	cds	contig_25	326027	0.4158	279110	279319	+	46708	69	rpoEps	DNA-directed RNA polymerase subunit epsilon	no	rpoEps	en_familia	42	1.0000	core	core	no	no	no
bin_1_54	bin-1-54	bin_1_54_01894	cds	contig_25	326027	0.4158	279323	280993	+	45034	556	rnjA	ribonuclease J1	no	group_8684	en_familia	42	1.0000	core	core	no	no	no
bin_1_54	bin-1-54	bin_1_54_01895	cds	contig_25	326027	0.4158	281486	282145	-	43882	219	trkA	Ktr system potassium uptake protein A	no	group_12260	en_familia	42	1.0000	core	core	no	no	no
bin_1_54	bin-1-54	bin_1_54_01896	cds	contig_25	326027	0.4158	282207	283337	-	42690	376	abgB	N-acetyldiaminopimelate deacetylase	no	group_2248	en_familia	42	1.0000	core	core	no	no	no
bin_1_54	bin-1-54	bin_1_54_01897	cds	contig_25	326027	0.4158	283407	284117	-	41910	236	dapD	2,3,4,5-tetrahydropyridine-2,6-dicarboxylate N-acetyltransferase	no	dapD	en_familia	42	1.0000	core	core	no	no	no
bin_1_54	bin-1-54	bin_1_54_01898	cds	contig_25	326027	0.4158	284242	285126	-	40901	294	lysR	HTH-type transcriptional regulator CysL	no	group_13686	en_familia	42	1.0000	core	core	no	no	no
bin_1_54	bin-1-54	bin_1_54_01899	cds	contig_25	326027	0.4158	285240	285911	+	40116	223		putative membrane transporter protein	no	group_3467	en_familia	31	0.7381	shell	shell	si	no	no
bin_1_54	bin-1-54	bin_1_54_01900	cds	contig_25	326027	0.4158	286025	287530	-	38497	501	araJ	Multidrug resistance protein 3	no	group_2640	en_familia	42	1.0000	core	core	no	no	no
bin_1_54	bin-1-54	bin_1_54_01901	cds	contig_25	326027	0.4158	287660	288100	-	37927	146	cbpB	cyclic-di-AMP-binding protein CbpB	no	cbpB	en_familia	42	1.0000	core	core	no	no	no
bin_1_54	bin-1-54	bin_1_54_01902	cds	contig_25	326027	0.4158	288409	288648	-	37379	79	ykuJ	DUF1797 domain-containing protein	no	ykuJ	en_familia	42	1.0000	core	core	no	no	no
bin_1_54	bin-1-54	bin_1_54_01903	cds	contig_25	326027	0.4158	288832	289791	+	36236	319	fprA1	Flavo-diiron protein FprA1	no	fprA1	en_familia	42	1.0000	core	core	no	no	no
bin_1_54	bin-1-54	bin_1_54_01904	cds	contig_25	326027	0.4158	289882	290115	+	35912	77	grxC	Glutaredoxin 3	no	grxC	en_familia	42	1.0000	core	core	no	no	no
bin_1_54	bin-1-54	bin_1_54_01905	cds	contig_25	326027	0.4158	290186	290665	-	35362	159		DUF3993 domain-containing protein	no	group_4720	en_familia	42	1.0000	core	core	no	no	no
bin_1_54	bin-1-54	bin_1_54_01906	cds	contig_25	326027	0.4158	290847	291074	-	34953	75		Short-chain dehydrogenase	no	group_1465	en_familia	42	1.0000	core	core	no	no	no
bin_1_54	bin-1-54	bin_1_54_01907	cds	contig_25	326027	0.4158	291149	292354	-	33673	401	ykuI	EAL-domain containing protein YkuI	no	ykuI	en_familia	42	1.0000	core	core	no	no	no
bin_1_54	bin-1-54	bin_1_54_01908	cds	contig_25	326027	0.4158	292989	294845	-	31182	618	trkA	Sodium-dependent dicarboxylate transporter SdcS	no	trkA	en_familia	42	1.0000	core	core	no	no	no
bin_1_54	bin-1-54	bin_1_54_01909	cds	contig_25	326027	0.4158	295009	295872	+	30155	287		Calcineurin-like phosphoesterase domain-containing protein	no	group_9779	en_familia	42	1.0000	core	core	no	no	no
bin_1_54	bin-1-54	bin_1_54_01910	cds	contig_25	326027	0.4158	296044	296406	-	29621	120	crcB	fluoride efflux transporter CrcB	no	crcB	en_familia	42	1.0000	core	core	no	no	no
bin_1_54	bin-1-54	bin_1_54_01911	cds	contig_25	326027	0.4158	296403	296783	-	29244	126	fluC	Fluoride-specific ion channel FluC	no	fluC	en_familia	42	1.0000	core	core	no	no	no
bin_1_54	bin-1-54	bin_1_54_01912	cds	contig_25	326027	0.4158	296901	297257	+	28770	118		Spore coat protein	no	group_2775	en_familia	42	1.0000	core	core	no	no	no
bin_1_54	bin-1-54	bin_1_54_01913	cds	contig_25	326027	0.4158	297548	298054	+	27973	168		YkyB-like protein	no	group_13464	en_familia	42	1.0000	core	core	no	no	no
bin_1_54	bin-1-54	bin_1_54_01914	cds	contig_25	326027	0.4158	298110	299015	-	27012	301	cheV	Chemotaxis protein CheV	no	cheV	en_familia	41	0.9762	core	core	no	no	no
bin_1_54	bin-1-54	bin_1_54_01915	cds	contig_25	326027	0.4158	299334	300308	-	25719	324	corA	magnesium/cobalt transporter CorA	no	corA	en_familia	42	1.0000	core	core	no	no	no
bin_1_54	bin-1-54	bin_1_54_01916	cds	contig_25	326027	0.4158	300463	301611	+	24416	382		aminotransferase A	no	group_2731	en_familia	42	1.0000	core	core	no	no	no
bin_1_54	bin-1-54	bin_1_54_01917	cds	contig_25	326027	0.4158	301712	302077	-	23950	121		DUF669 domain-containing protein	no	group_2457	en_familia	42	1.0000	core	core	no	no	no
bin_1_54	bin-1-54	bin_1_54_01918	cds	contig_25	326027	0.4158	302143	303012	-	23015	289		2-hydroxy-3-oxopropionate reductase	no	group_13609	en_familia	42	1.0000	core	core	no	no	no
bin_1_54	bin-1-54	bin_1_54_01919	cds	contig_25	326027	0.4158	303052	303837	-	22190	261	fabG	Diacetyl reductase [(S)-acetoin forming]	no	group_836	en_familia	42	1.0000	core	core	no	no	no
bin_1_54	bin-1-54	bin_1_54_01920	cds	contig_25	326027	0.4158	304147	305865	-	20162	572	ptsA	Phosphoenolpyruvate-protein phosphotransferase	no	ptsA	en_familia	42	1.0000	core	core	no	no	no
bin_1_54	bin-1-54	bin_1_54_01921	cds	contig_25	326027	0.4158	305865	306131	-	19896	88	ptsH	phosphocarrier protein HPr	no	group_6568	en_familia	42	1.0000	core	core	no	no	no
bin_1_54	bin-1-54	bin_1_54_01922	cds	contig_25	326027	0.4158	306335	307120	-	18907	261	fetB	Iron export ABC transporter permease subunit FetB	no	fetB	en_familia	42	1.0000	core	core	no	no	no
bin_1_54	bin-1-54	bin_1_54_01923	cds	contig_25	326027	0.4158	307120	307752	-	18275	210		ABC transporter domain-containing protein	no	group_5308	en_familia	42	1.0000	core	core	no	no	no
bin_1_54	bin-1-54	bin_1_54_01924	cds	contig_25	326027	0.4158	307929	308747	+	17280	272		TNase-like domain-containing protein	no	group_6145	en_familia	42	1.0000	core	core	no	no	no
bin_1_54	bin-1-54	bin_1_54_01925	cds	contig_25	326027	0.4158	309213	309374	-	16653	53		L-serine ammonia-lyase	no	group_5333	en_familia	27	0.6429	shell	shell	si	no	no
bin_1_54	bin-1-54	bin_1_54_01926	cds	contig_25	326027	0.4158	309488	309982	+	16045	164		Sigma-70 family RNA polymerase sigma factor	no	group_5338	en_familia	42	1.0000	core	core	no	no	no
bin_1_54	bin-1-54	bin_1_54_01927	cds	contig_25	326027	0.4158	310030	310224	-	15803	64		Abortive phage infection protein	no	group_2962	en_familia	42	1.0000	core	core	no	no	no
bin_1_54	bin-1-54	bin_1_54_01928	cds	contig_25	326027	0.4158	310677	310853	+	15174	58		DUF2187 domain-containing protein	no	group_10075	en_familia	42	1.0000	core	core	no	no	no
bin_1_54	bin-1-54	bin_1_54_01929	cds	contig_25	326027	0.4158	311046	311672	+	14355	208		Lipoprotein	no	group_2964	en_familia	42	1.0000	core	core	no	no	no
bin_1_54	bin-1-54	bin_1_54_01930	cds	contig_25	326027	0.4158	311725	312765	-	13262	346	ykvI	Transporter	no	ykvI	en_familia	42	1.0000	core	core	no	no	no
bin_1_54	bin-1-54	bin_1_54_01931	cds	contig_25	326027	0.4158	313200	314894	-	11133	564		Peptidase M3A/M3B catalytic domain-containing protein	no	group_1039	en_familia	42	1.0000	core	core	no	no	no
bin_1_54	bin-1-54	bin_1_54_01932	cds	contig_25	326027	0.4158	315122	315559	-	10468	145	marR	MarR family transcriptional regulator	no	group_284	en_familia	42	1.0000	core	core	no	no	no
bin_1_54	bin-1-54	bin_1_54_01933	cds	contig_25	326027	0.4158	315632	317212	+	8815	526		histidine kinase	no	group_13951	en_familia	42	1.0000	core	core	no	no	no
bin_1_54	bin-1-54	bin_1_54_01934	cds	contig_25	326027	0.4158	317356	318579	+	7448	407	uhpC	Fosmidomycin resistance protein	no	group_4306	en_familia	42	1.0000	core	core	no	no	no
bin_1_54	bin-1-54	bin_1_54_01935	cds	contig_25	326027	0.4158	318693	319424	+	6603	243	zupT	Zinc transporter ZupT	no	group_13121	en_familia	42	1.0000	core	core	no	no	no
bin_1_54	bin-1-54	bin_1_54_01936	cds	contig_25	326027	0.4158	319720	319962	-	6065	80		Aspartyl-phosphate phosphatase Spo0E family protein	no	group_12719	en_familia	42	1.0000	core	core	no	no	no
bin_1_54	bin-1-54	bin_1_54_01937	cds	contig_25	326027	0.4158	320432	322591	-	3436	719		histidine kinase	no	group_3103	en_familia	42	1.0000	core	core	no	no	no
bin_1_54	bin-1-54	bin_1_54_01938	cds	contig_25	326027	0.4158	322864	323889	+	2138	341	nolL	Acyltransferase 3 domain-containing protein	no	nolL	en_familia	42	1.0000	core	core	no	no	no
bin_1_54	bin-1-54	bin_1_54_01939	cds	contig_25	326027	0.4158	324011	325855	+	172	614	ygiQ	2-hydroxyethylphosphonate methyltransferase	no	ygiQ	en_familia	42	1.0000	core	core	no	no	no
bin_1_54	bin-1-54	bin_1_54_01940	cds	contig_26	66230	0.4010	120	584	-	119	154		hypothetical protein	no	group_4366	en_familia	29	0.6905	shell	shell	si	no	no
bin_1_54	bin-1-54	bin_1_54_01941	cds	contig_26	66230	0.4010	633	2585	-	632	650		Amine oxidase	no	group_3908	en_familia	27	0.6429	shell	shell	si	no	no
bin_1_54	bin-1-54	bin_1_54_01942	cds	contig_26	66230	0.4010	2846	4318	-	2845	490		Aldehyde dehydrogenase	no	group_3910	en_familia	27	0.6429	shell	shell	si	no	no
bin_1_54	bin-1-54	bin_1_54_01943	cds	contig_26	66230	0.4010	4718	5176	-	4717	152		Helix-turn-helix domain-containing protein	no	group_3909	en_familia	27	0.6429	shell	shell	si	no	no
bin_1_54	bin-1-54	bin_1_54_01944	cds	contig_26	66230	0.4010	6503	8329	-	6502	608	potE	Amino acid permease	no	group_2606	en_familia	41	0.9762	core	core	no	no	no
bin_1_54	bin-1-54	bin_1_54_01945	cds	contig_26	66230	0.4010	8971	9426	-	8970	151		GtrA/DPMS transmembrane domain-containing protein	no	group_14590	en_familia	42	1.0000	core	core	no	no	no
bin_1_54	bin-1-54	bin_1_54_01946	cds	contig_26	66230	0.4010	9386	10408	-	9385	340	ykoT	Glycosyltransferase YkoT	no	ykoT	en_familia	42	1.0000	core	core	no	no	no
bin_1_54	bin-1-54	bin_1_54_01947	cds	contig_26	66230	0.4010	10424	12094	-	10423	556	ykoS	YkoS	no	ykoS	en_familia	42	1.0000	core	core	no	no	no
bin_1_54	bin-1-54	bin_1_54_01948	cds	contig_26	66230	0.4010	12257	13117	+	12256	286	galU	UTP--glucose-1-phosphate uridylyltransferase GalU	no	group_9821	en_familia	42	1.0000	core	core	no	no	no
bin_1_54	bin-1-54	bin_1_54_01949	cds	contig_26	66230	0.4010	13380	13520	+	13379	46		Bacitracin ABC transporter ATP-binding protein	no	group_2032	en_familia	41	0.9762	core	core	no	no	no
bin_1_54	bin-1-54	bin_1_54_01950	cds	contig_26	66230	0.4010	13713	15107	+	13712	464		Cytochrome P450 132	no	group_4999	en_familia	42	1.0000	core	core	no	no	no
bin_1_54	bin-1-54	bin_1_54_01951	cds	contig_26	66230	0.4010	15180	15350	+	15179	56		Integrase	no	group_5343	en_familia	42	1.0000	core	core	no	no	no
bin_1_54	bin-1-54	bin_1_54_01952	cds	contig_26	66230	0.4010	15869	17200	+	15868	443	ansP	Amino acid permease YvbW	no	group_7324	en_familia	38	0.9048	shell	core	si	no	no
bin_1_54	bin-1-54	bin_1_54_01953	cds	contig_26	66230	0.4010	17785	18462	+	17784	225	fadR	Pyruvate dehydrogenase complex repressor	no	fadR	en_familia	42	1.0000	core	core	no	no	no
bin_1_54	bin-1-54	bin_1_54_01954	cds	contig_26	66230	0.4010	18476	19702	+	18475	408	yycB	Transporter YycB	no	yycB	en_familia	42	1.0000	core	core	no	no	no
bin_1_54	bin-1-54	bin_1_54_01955	cds	contig_26	66230	0.4010	20235	20447	-	20234	70		hypothetical protein	no	group_1522	en_familia	6	0.1429	cloud	cloud	si	si	no
bin_1_54	bin-1-54	bin_1_54_01956	cds	contig_26	66230	0.4010	21161	22330	-	21160	389	yhbH	sporulation protein YhbH	no	yhbH	en_familia	42	1.0000	core	core	no	no	no
bin_1_54	bin-1-54	bin_1_54_01957	cds	contig_26	66230	0.4010	22805	22984	-	22804	59		Multidrug ABC transporter ATPase	no	group_1520	en_familia	42	1.0000	core	core	no	no	no
bin_1_54	bin-1-54	bin_1_54_01958	cds	contig_26	66230	0.4010	23103	23312	+	23102	69		HMA domain-containing protein	no	group_9136	en_familia	42	1.0000	core	core	no	no	no
bin_1_54	bin-1-54	bin_1_54_01959	cds	contig_26	66230	0.4010	23529	25424	-	23528	631	prkA	PrkA AAA domain-containing protein	no	prkA	en_familia	42	1.0000	core	core	no	no	no
bin_1_54	bin-1-54	bin_1_54_01960	cds	contig_26	66230	0.4010	25680	25769	+	25679	29	ytzI	YtzI protein	no	psbJ~~~ytzI	en_familia	42	1.0000	core	core	no	no	no
bin_1_54	bin-1-54	bin_1_54_01961	cds	contig_26	66230	0.4010	25923	27518	-	25922	531	potE	Aspartate-proton symporter	no	potE	en_familia	42	1.0000	core	core	no	no	no
bin_1_54	bin-1-54	bin_1_54_01962	cds	contig_26	66230	0.4010	27765	28757	-	27764	330		glutaminase	no	group_1336	en_familia	42	1.0000	core	core	no	no	no
bin_1_54	bin-1-54	bin_1_54_01963	cds	contig_26	66230	0.4010	29131	30441	+	29130	436		histidine kinase	no	group_4648	en_familia	42	1.0000	core	core	no	no	no
bin_1_54	bin-1-54	bin_1_54_01964	cds	contig_26	66230	0.4010	30446	31393	+	30445	315	cheY	Glutamine two-component response regulator GlnL	no	cheY	en_familia	42	1.0000	core	core	no	no	no
bin_1_54	bin-1-54	bin_1_54_01965	cds	contig_26	66230	0.4010	31474	32481	-	31473	335	fepD	Iron-uptake system permease protein FeuC	no	group_13581	en_familia	42	1.0000	core	core	no	no	no
bin_1_54	bin-1-54	bin_1_54_01966	cds	contig_26	66230	0.4010	32478	33488	-	32477	336	fepD	Ferrichrome import ABC transporter permease FhuB	no	group_1759	en_familia	42	1.0000	core	core	no	no	no
bin_1_54	bin-1-54	bin_1_54_01967	cds	contig_26	66230	0.4010	33556	34476	-	31754	306	fepB	Ferrichrome import ABC transporter ferrichrome-binding protein FhuD	no	group_3834	en_familia	42	1.0000	core	core	no	no	no
bin_1_54	bin-1-54	bin_1_54_01968	cds	contig_26	66230	0.4010	34427	35275	-	30955	282	fepC	Iron-enterobactin transporter ATP-binding protein	no	group_14505	en_familia	42	1.0000	core	core	no	no	no
bin_1_54	bin-1-54	bin_1_54_01969	cds	contig_26	66230	0.4010	35556	36305	-	29925	249	nfsA	oxygen-insensitive NADPH nitroreductase	no	group_13532	en_familia	42	1.0000	core	core	no	no	no
bin_1_54	bin-1-54	bin_1_54_01970	cds	contig_26	66230	0.4010	36382	36870	-	29360	162	trmL	tRNA (uridine(34)/cytosine(34)/5-carboxymethylaminomethyluridine(34)-2'-O)-methyltransferase TrmL	no	trmL	en_familia	42	1.0000	core	core	no	no	no
bin_1_54	bin-1-54	bin_1_54_01971	cds	contig_26	66230	0.4010	36938	37801	-	28429	287		Putative amidase domain-containing protein	no	group_13219	en_familia	42	1.0000	core	core	no	no	no
bin_1_54	bin-1-54	bin_1_54_01972	cds	contig_26	66230	0.4010	37992	39131	-	27099	379	queG	tRNA epoxyqueuosine(34) reductase QueG	no	queG	en_familia	42	1.0000	core	core	no	no	no
bin_1_54	bin-1-54	bin_1_54_01973	cds	contig_26	66230	0.4010	39237	39905	+	26325	222		B3/B4 tRNA-binding domain-containing protein	no	group_1551	en_familia	42	1.0000	core	core	no	no	no
bin_1_54	bin-1-54	bin_1_54_01975	cds	contig_26	66230	0.4010	41617	42030	-	24200	137	ybjN	YbjN domain-containing protein	no	ybjN	en_familia	42	1.0000	core	core	no	no	no
bin_1_54	bin-1-54	bin_1_54_01976	cds	contig_26	66230	0.4010	42471	43499	-	22731	342	curA	Enoyl reductase (ER) domain-containing protein	no	curA	en_familia	42	1.0000	core	core	no	no	no
bin_1_54	bin-1-54	bin_1_54_01977	cds	contig_26	66230	0.4010	43828	45186	-	21044	452	mgtE	magnesium transporter	no	mgtE	en_familia	42	1.0000	core	core	no	no	no
bin_1_54	bin-1-54	bin_1_54_01978	cds	contig_26	66230	0.4010	45903	46445	+	19785	180		Lipoprotein	no	group_4688	en_familia	42	1.0000	core	core	no	no	no
bin_1_54	bin-1-54	bin_1_54_01979	cds	contig_26	66230	0.4010	46411	47238	+	18992	275		Serine aminopeptidase S33 domain-containing protein	no	group_4688	en_familia	42	1.0000	core	core	no	no	no
bin_1_54	bin-1-54	bin_1_54_01980	cds	contig_26	66230	0.4010	48380	48508	+	17722	42		Small acid-soluble spore protein P	no	yuzL	en_familia	42	1.0000	core	core	no	no	no
bin_1_54	bin-1-54	bin_1_54_01981	cds	contig_26	66230	0.4010	48826	50325	-	15905	499	putP	Na+/metabolite cotransporter	no	group_4500	en_familia	32	0.7619	shell	shell	si	no	no
bin_1_54	bin-1-54	bin_1_54_01982	cds	contig_26	66230	0.4010	50322	50522	-	15708	66		DUF3311 domain-containing protein	no	group_1025	en_familia	27	0.6429	shell	shell	si	no	no
bin_1_54	bin-1-54	bin_1_54_01983	cds	contig_26	66230	0.4010	50535	51722	-	14508	395	abgB	N-acyl-L-amino acid amidohydrolase	no	group_4501	en_familia	27	0.6429	shell	shell	si	no	no
bin_1_54	bin-1-54	bin_1_54_01984	cds	contig_26	66230	0.4010	51898	53196	-	13034	432		Transcriptional regulator	no	group_5900	en_familia	27	0.6429	shell	shell	si	no	no
bin_1_54	bin-1-54	bin_1_54_01985	cds	contig_26	66230	0.4010	53906	54586	-	11644	226	ccmM	Carbon dioxide concentrating mechanism protein CcmM	no	ccmM	en_familia	31	0.7381	shell	shell	si	no	no
bin_1_54	bin-1-54	bin_1_54_01986	cds	contig_26	66230	0.4010	54948	55097	-	11133	49	yjcZ	YjcZ family sporulation protein	no	group_6294	en_familia	16	0.3810	shell	shell	si	no	no
bin_1_54	bin-1-54	bin_1_54_01987	cds	contig_26	66230	0.4010	55139	55339	+	10891	66		hypothetical protein	no	group_5761	en_familia	9	0.2143	shell	shell	si	no	no
bin_1_54	bin-1-54	bin_1_54_01988	cds	contig_26	66230	0.4010	55258	55659	-	10571	133	flaR	DNA topology modulation kinase FlaR	no	flaR	en_familia	40	0.9524	core	core	no	no	no
bin_1_54	bin-1-54	bin_1_54_01989	cds	contig_26	66230	0.4010	55689	56747	-	9483	352		NADH:flavin oxidoreductase/NADH oxidase N-terminal domain-containing protein	no	group_1135	en_familia	42	1.0000	core	core	no	no	no
bin_1_54	bin-1-54	bin_1_54_01990	cds	contig_26	66230	0.4010	56938	58365	-	7865	475	araJ	Efflux transporter drug-export protein	no	group_12254	en_familia	42	1.0000	core	core	no	no	no
bin_1_54	bin-1-54	bin_1_54_01991	cds	contig_26	66230	0.4010	58427	58999	-	7231	190	yxaF	HTH-type transcriptional regulator YxaF	no	yxaF	en_familia	42	1.0000	core	core	no	no	no
bin_1_54	bin-1-54	bin_1_54_01992	cds	contig_26	66230	0.4010	59258	59350	-	6880	30		Holin-like toxin	no	group_11890	en_familia	42	1.0000	core	core	no	no	no
bin_1_54	bin-1-54	bin_1_54_01993	cds	contig_26	66230	0.4010	59507	60496	-	5734	329		2-hydroxyacid dehydrogenase HI_1556	no	group_3037	en_familia	42	1.0000	core	core	no	no	no
bin_1_54	bin-1-54	bin_1_54_01994	cds	contig_26	66230	0.4010	60586	61347	-	4883	253	araD	Decarboxylase NovR	no	araD	en_familia	42	1.0000	core	core	no	no	no
bin_1_54	bin-1-54	bin_1_54_01995	cds	contig_26	66230	0.4010	61392	62831	-	3399	479	putP	Sodium:solute symporter	no	group_4544	en_familia	42	1.0000	core	core	no	no	no
bin_1_54	bin-1-54	bin_1_54_01996	cds	contig_26	66230	0.4010	62929	63927	-	2303	332	speB	agmatinase	no	speB	en_familia	42	1.0000	core	core	no	no	no
bin_1_54	bin-1-54	bin_1_54_01997	cds	contig_26	66230	0.4010	64242	65645	+	585	467	mopR	Phenol regulator MopR	no	mopR	en_familia	42	1.0000	core	core	no	no	no
bin_1_54	bin-1-54	bin_1_54_01998	cds	contig_27	19923	0.4067	172	753	-	171	193	yjbC	Acetyltransferase YjbC	no	yjbC	en_familia	42	1.0000	core	core	no	no	no
bin_1_54	bin-1-54	bin_1_54_01999	cds	contig_27	19923	0.4067	850	1038	+	849	62		FAD:protein FMN transferase	no	group_1514	en_familia	42	1.0000	core	core	no	no	no
bin_1_54	bin-1-54	bin_1_54_02000	cds	contig_27	19923	0.4067	1090	2268	-	1089	392		DUF4015 domain-containing protein	no	group_5099	en_familia	42	1.0000	core	core	no	no	no
bin_1_54	bin-1-54	bin_1_54_02001	cds	contig_27	19923	0.4067	2805	3791	+	2804	328	trpS	tryptophan--tRNA ligase	no	trpS	en_familia	42	1.0000	core	core	no	no	no
bin_1_54	bin-1-54	bin_1_54_02002	cds	contig_27	19923	0.4067	4048	4803	-	4047	251	yjbA	UPF0736 protein BN1180_01520	no	yjbA	en_familia	42	1.0000	core	core	no	no	no
bin_1_54	bin-1-54	bin_1_54_02003	cds	contig_27	19923	0.4067	4918	5682	-	4917	254		DUF2268 domain-containing protein	no	group_1417	en_familia	42	1.0000	core	core	no	no	no
bin_1_54	bin-1-54	bin_1_54_02004	cds	contig_27	19923	0.4067	5809	7047	-	5808	412	fabF	beta-ketoacyl-ACP synthase II	no	group_4136	en_familia	42	1.0000	core	core	no	no	no
bin_1_54	bin-1-54	bin_1_54_02005	cds	contig_27	19923	0.4067	7098	8033	-	7097	311	fabH	Beta-ketoacyl-[acyl-carrier-protein] synthase III	no	group_9013	en_familia	42	1.0000	core	core	no	no	no
bin_1_54	bin-1-54	bin_1_54_02006	cds	contig_27	19923	0.4067	8236	8457	+	8235	73		(pseudo) hypothetical protein	si	group_1897	en_familia	42	1.0000	core	core	no	no	no
bin_1_54	bin-1-54	bin_1_54_02007	cds	contig_27	19923	0.4067	8500	8682	-	8499	60	comG	Competence protein ComG	no	group_9909	en_familia	42	1.0000	core	core	no	no	no
bin_1_54	bin-1-54	bin_1_54_02008	cds	contig_27	19923	0.4067	8894	9727	-	8893	277		NAD(P)-dependent oxidoreductase	no	group_2242	en_familia	42	1.0000	core	core	no	no	no
bin_1_54	bin-1-54	bin_1_54_02009	cds	contig_27	19923	0.4067	9830	10552	-	9371	240		Hydrolase	no	group_4309	en_familia	42	1.0000	core	core	no	no	no
bin_1_54	bin-1-54	bin_1_54_02010	cds	contig_27	19923	0.4067	10847	11038	+	8885	63		DUF2929 domain-containing protein	no	group_691	en_familia	42	1.0000	core	core	no	no	no
bin_1_54	bin-1-54	bin_1_54_02011	cds	contig_27	19923	0.4067	11121	13709	-	6214	862	clpB	ATP-dependent chaperone ClpB	no	clpB	en_familia	42	1.0000	core	core	no	no	no
bin_1_54	bin-1-54	bin_1_54_02012	cds	contig_27	19923	0.4067	13930	15132	-	4791	400		3-hydroxybenzoate 6-hydroxylase	no	group_695	en_familia	42	1.0000	core	core	no	no	no
bin_1_54	bin-1-54	bin_1_54_02013	cds	contig_27	19923	0.4067	15257	16369	-	3554	370		Cupin	no	group_6165	en_familia	42	1.0000	core	core	no	no	no
bin_1_54	bin-1-54	bin_1_54_02014	cds	contig_27	19923	0.4067	16400	16891	-	3032	163		DinB-like domain-containing protein	no	group_1595	en_familia	42	1.0000	core	core	no	no	no
bin_1_54	bin-1-54	bin_1_54_02015	cds	contig_27	19923	0.4067	16893	17840	-	2083	315	ycgM	Ureidoglycolate lyase	no	group_8892	en_familia	42	1.0000	core	core	no	no	no
bin_1_54	bin-1-54	bin_1_54_02016	cds	contig_27	19923	0.4067	18223	18981	+	942	252	iclR	Glycerol operon regulatory protein	no	group_1872	en_familia	42	1.0000	core	core	no	no	no
bin_1_54	bin-1-54	bin_1_54_02017	cds	contig_27	19923	0.4067	19035	19214	-	709	59	yjzC	YjzC family protein	no	group_10002	en_familia	41	0.9762	core	core	no	no	no
bin_1_54	bin-1-54	bin_1_54_02018	cds	contig_28	29938	0.4090	324	1742	+	323	472	adhE	Aldehyde dehydrogenase	no	group_2519	en_familia	42	1.0000	core	core	no	no	no
bin_1_54	bin-1-54	bin_1_54_02019	cds	contig_28	29938	0.4090	1784	2890	-	1783	368	perM	AI-2E family transporter	no	perM	en_familia	42	1.0000	core	core	no	no	no
bin_1_54	bin-1-54	bin_1_54_02020	cds	contig_28	29938	0.4090	3278	4804	-	3277	508	aCH1	Succinyl-CoA:coenzyme A transferase	no	aCH1	en_familia	42	1.0000	core	core	no	no	no
bin_1_54	bin-1-54	bin_1_54_02021	cds	contig_28	29938	0.4090	4935	5585	-	4934	216	lytTR	Transcriptional regulatory protein YpdB	no	lytTR	en_familia	42	1.0000	core	core	no	no	no
bin_1_54	bin-1-54	bin_1_54_02022	cds	contig_28	29938	0.4090	5923	6105	-	5922	60	fbpA	Fur-regulated basic protein FbpA	no	fbpA	en_familia	42	1.0000	core	core	no	no	no
bin_1_54	bin-1-54	bin_1_54_02023	cds	contig_28	29938	0.4090	6157	6519	-	6156	120	glnK	Nitrogen regulatory PII-like protein	no	glnK	en_familia	42	1.0000	core	core	no	no	no
bin_1_54	bin-1-54	bin_1_54_02024	cds	contig_28	29938	0.4090	6535	7749	-	6534	404	amtB	Ammonium transporter	no	amtB	en_familia	42	1.0000	core	core	no	no	no
bin_1_54	bin-1-54	bin_1_54_02025	cds	contig_28	29938	0.4090	8047	8250	-	8046	67	ybdD	Cytosolic protein	no	ybdD	en_familia	42	1.0000	core	core	no	no	no
bin_1_54	bin-1-54	bin_1_54_02026	cds	contig_28	29938	0.4090	8264	10318	-	8263	684	cstA	Carbon starvation protein A	no	cstA	en_familia	42	1.0000	core	core	no	no	no
bin_1_54	bin-1-54	bin_1_54_02027	cds	contig_28	29938	0.4090	10695	12485	-	10694	596	mdlB	Multidrug ABC transporter ATP-binding protein	no	mdlB	en_familia	42	1.0000	core	core	no	no	no
bin_1_54	bin-1-54	bin_1_54_02028	cds	contig_28	29938	0.4090	12460	14208	-	12459	582		Maltose and maltodextrin ABC transporter subunit ATP-binding protein	no	msbA	en_familia	42	1.0000	core	core	no	no	no
bin_1_54	bin-1-54	bin_1_54_02029	cds	contig_28	29938	0.4090	14655	15215	+	14654	186		Putative NAD(P)H nitroreductase	no	nfnB	en_familia	42	1.0000	core	core	no	no	no
bin_1_54	bin-1-54	bin_1_54_02030	cds	contig_28	29938	0.4090	15812	17158	-	12780	448	metL1	aspartate kinase	no	metL1	en_familia	42	1.0000	core	core	no	no	no
bin_1_54	bin-1-54	bin_1_54_02031	cds	contig_28	29938	0.4090	17362	17862	-	12076	166	queF	preQ(1) synthase	no	queF	en_familia	42	1.0000	core	core	no	no	no
bin_1_54	bin-1-54	bin_1_54_02032	cds	contig_28	29938	0.4090	18143	19000	+	10938	285	rhaT	EamA domain-containing protein	no	group_13879	en_familia	42	1.0000	core	core	no	no	no
bin_1_54	bin-1-54	bin_1_54_02033	cds	contig_28	29938	0.4090	19096	19383	+	10555	95		BA3454 family stress response protein	no	group_13544	en_familia	42	1.0000	core	core	no	no	no
bin_1_54	bin-1-54	bin_1_54_02034	cds	contig_28	29938	0.4090	19866	20315	-	9623	149	yfmQ	YfmQ	no	group_5501	en_familia	32	0.7619	shell	shell	si	no	no
bin_1_54	bin-1-54	bin_1_54_02035	cds	contig_28	29938	0.4090	20615	20899	-	9039	94	qoxD	cytochrome aa3 quinol oxidase subunit IV	no	qoxD	en_familia	41	0.9762	core	core	no	no	no
bin_1_54	bin-1-54	bin_1_54_02036	cds	contig_28	29938	0.4090	20901	21497	-	8441	198	qoxC	cytochrome aa3 quinol oxidase subunit III	no	group_783	en_familia	41	0.9762	core	core	no	no	no
bin_1_54	bin-1-54	bin_1_54_02037	cds	contig_28	29938	0.4090	21497	23443	-	6495	648	qoxB	cytochrome aa3 quinol oxidase subunit I	no	group_536	en_familia	41	0.9762	core	core	no	no	no
bin_1_54	bin-1-54	bin_1_54_02038	cds	contig_28	29938	0.4090	23518	24447	-	5491	309	qoxA	cytochrome aa3 quinol oxidase subunit II	no	group_4702	en_familia	41	0.9762	core	core	no	no	no
bin_1_54	bin-1-54	bin_1_54_02039	cds	contig_28	29938	0.4090	25569	25883	-	4055	104		MFS transporter	no	group_1420	en_familia	42	1.0000	core	core	no	no	no
bin_1_54	bin-1-54	bin_1_54_02040	cds	contig_28	29938	0.4090	26139	27374	-	2564	411	htrB	Serine protease Do-like HtrB	no	htrB	en_familia	42	1.0000	core	core	no	no	no
bin_1_54	bin-1-54	bin_1_54_02041	cds	contig_28	29938	0.4090	27565	28245	-	1693	226		Lipoprotein	no	group_5962	en_familia	42	1.0000	core	core	no	no	no
bin_1_54	bin-1-54	bin_1_54_02042	cds	contig_28	29938	0.4090	28435	28791	+	1147	118		Hydrolase	no	group_5916	en_familia	42	1.0000	core	core	no	no	no
bin_1_54	bin-1-54	bin_1_54_02043	cds	contig_28	29938	0.4090	28901	29353	-	585	150		Transcriptional repressor	no	group_4568	en_familia	42	1.0000	core	core	no	no	no
bin_1_54	bin-1-54	bin_1_54_02044	cds	contig_29	101605	0.3996	308	1384	-	307	358		Membrane metalloprotease	no	group_6593	en_familia	41	0.9762	core	core	no	no	no
bin_1_54	bin-1-54	bin_1_54_02045	cds	contig_29	101605	0.3996	2736	3095	-	2735	119		hypothetical protein	no	group_306	en_familia	1	0.0238	cloud	cloud	si	si	no
bin_1_54	bin-1-54	bin_1_54_02046	cds	contig_29	101605	0.3996	3123	3695	+	3122	190		C1q domain-containing protein	no	group_2679	en_familia	4	0.0952	cloud	cloud	si	si	no
bin_1_54	bin-1-54	bin_1_54_02047	cds	contig_29	101605	0.3996	4151	4567	-	4150	138		MPN domain-containing protein	no	group_6848	en_familia	4	0.0952	cloud	cloud	si	si	no
bin_1_54	bin-1-54	bin_1_54_02048	cds	contig_29	101605	0.3996	4616	5542	-	4615	308		hypothetical protein	no	group_6861	en_familia	4	0.0952	cloud	cloud	si	si	no
bin_1_54	bin-1-54	bin_1_54_02049	cds	contig_29	101605	0.3996	5699	6319	+	5698	206		DUF3794 domain-containing protein	no	group_7234	en_familia	4	0.0952	cloud	cloud	si	si	no
bin_1_54	bin-1-54	bin_1_54_02050	cds	contig_29	101605	0.3996	6752	7312	+	6751	186		hypothetical protein	no	group_7388	en_familia	4	0.0952	cloud	cloud	si	si	no
bin_1_54	bin-1-54	bin_1_54_02051	cds	contig_29	101605	0.3996	7323	7649	+	7322	108		hypothetical protein	no	group_7389	en_familia	4	0.0952	cloud	cloud	si	si	no
bin_1_54	bin-1-54	bin_1_54_02052	cds	contig_29	101605	0.3996	7766	11770	+	7765	1334		hypothetical protein	no	group_2782	en_familia	1	0.0238	cloud	cloud	si	si	no
bin_1_54	bin-1-54	bin_1_54_02053	cds	contig_29	101605	0.3996	13285	13545	-	13284	86		hypothetical protein	no	group_14414	en_familia	1	0.0238	cloud	cloud	si	si	no
bin_1_54	bin-1-54	bin_1_54_02054	cds	contig_29	101605	0.3996	14055	14792	+	14054	245	truA	tRNA pseudouridine(38-40) synthase TruA	no	group_5984	en_familia	42	1.0000	core	core	no	no	no
bin_1_54	bin-1-54	bin_1_54_02055	cds	contig_29	101605	0.3996	14903	15427	+	14902	174		General stress protein 18	no	group_4791	en_familia	42	1.0000	core	core	no	no	no
bin_1_54	bin-1-54	bin_1_54_02056	cds	contig_29	101605	0.3996	15529	16221	-	15528	230	ydfS	YdfS	no	ydfS~~~yetF	en_familia	42	1.0000	core	core	no	no	no
bin_1_54	bin-1-54	bin_1_54_02057	cds	contig_29	101605	0.3996	16549	18645	+	16548	698		ABC-2 type transporter transmembrane domain-containing protein	no	group_5196	en_familia	42	1.0000	core	core	no	no	no
bin_1_54	bin-1-54	bin_1_54_02058	cds	contig_29	101605	0.3996	18935	19777	+	18934	280	tauB	Aliphatic sulfonates import ATP-binding protein SsuB	no	group_12726	en_familia	42	1.0000	core	core	no	no	no
bin_1_54	bin-1-54	bin_1_54_02059	cds	contig_29	101605	0.3996	19746	20462	+	19745	238	tauC	Aliphatic sulfonates transport permease protein SsuC	no	group_11713	en_familia	42	1.0000	core	core	no	no	no
bin_1_54	bin-1-54	bin_1_54_02060	cds	contig_29	101605	0.3996	20504	21520	+	20503	338	tauA	Aliphatic sulfonates-binding protein	no	group_2244	en_familia	42	1.0000	core	core	no	no	no
bin_1_54	bin-1-54	bin_1_54_02061	cds	contig_29	101605	0.3996	21637	22575	-	21636	312		DHH family phosphoesterase	no	nrnA	en_familia	42	1.0000	core	core	no	no	no
bin_1_54	bin-1-54	bin_1_54_02062	cds	contig_29	101605	0.3996	23030	24217	+	23029	395		Succinyl-CoA--L-malate CoA-transferase beta subunit	no	group_4900	en_familia	42	1.0000	core	core	no	no	no
bin_1_54	bin-1-54	bin_1_54_02063	cds	contig_29	101605	0.3996	24229	25437	+	24228	402	caiA	Acyl-CoA dehydrogenase	no	group_4493	en_familia	42	1.0000	core	core	no	no	no
bin_1_54	bin-1-54	bin_1_54_02064	cds	contig_29	101605	0.3996	25458	25772	+	25457	104		DUF3870 domain-containing protein	no	group_1458	en_familia	42	1.0000	core	core	no	no	no
bin_1_54	bin-1-54	bin_1_54_02065	cds	contig_29	101605	0.3996	26029	26442	-	26028	137		hypothetical protein	no	group_4719	en_familia	24	0.5714	shell	shell	si	no	no
bin_1_54	bin-1-54	bin_1_54_02066	cds	contig_29	101605	0.3996	26615	27682	+	26614	355	cotH	CotH kinase family protein	no	group_5484	en_familia	42	1.0000	core	core	no	no	no
bin_1_54	bin-1-54	bin_1_54_02067	cds	contig_29	101605	0.3996	27846	28799	+	27845	317	trm11	Ribosomal RNA large subunit methyltransferase K/L-like methyltransferase domain-containing protein	no	trm11	en_familia	42	1.0000	core	core	no	no	no
bin_1_54	bin-1-54	bin_1_54_02068	cds	contig_29	101605	0.3996	28936	30237	-	28935	433		Peptidase M14 carboxypeptidase A domain-containing protein	no	group_5450	en_familia	40	0.9524	core	core	no	no	no
bin_1_54	bin-1-54	bin_1_54_02069	cds	contig_29	101605	0.3996	30321	31286	-	30320	321	yflN	Metallo-hydrolase YflN	no	yflN	en_familia	42	1.0000	core	core	no	no	no
bin_1_54	bin-1-54	bin_1_54_02070	cds	contig_29	101605	0.3996	31597	32574	+	31596	325		Glyoxylate/hydroxypyruvate reductase B	no	group_5449	en_familia	42	1.0000	core	core	no	no	no
bin_1_54	bin-1-54	bin_1_54_02071	cds	contig_29	101605	0.3996	33131	34363	+	33130	410	araJ	Bcr/CflA family efflux transporter	no	group_4884	en_familia	42	1.0000	core	core	no	no	no
bin_1_54	bin-1-54	bin_1_54_02072	cds	contig_29	101605	0.3996	34413	35198	-	34412	261	fabG	Levodione reductase	no	group_1765	en_familia	42	1.0000	core	core	no	no	no
bin_1_54	bin-1-54	bin_1_54_02073	cds	contig_29	101605	0.3996	35402	36403	+	35401	333		Glucose--fructose oxidoreductase	no	group_4885	en_familia	42	1.0000	core	core	no	no	no
bin_1_54	bin-1-54	bin_1_54_02074	cds	contig_29	101605	0.3996	36484	36792	+	36483	102	iscA	Iron-sulfur cluster insertion protein ErpA	no	group_13231	en_familia	42	1.0000	core	core	no	no	no
bin_1_54	bin-1-54	bin_1_54_02075	cds	contig_29	101605	0.3996	36814	37935	+	36813	373	fadH	NADH-dependent flavin oxidoreductase	no	fadH	en_familia	42	1.0000	core	core	no	no	no
bin_1_54	bin-1-54	bin_1_54_02076	cds	contig_29	101605	0.3996	38195	39604	+	38194	469	bglB	GH1 family beta-glucosidase	no	bglB	en_familia	42	1.0000	core	core	no	no	no
bin_1_54	bin-1-54	bin_1_54_02077	cds	contig_29	101605	0.3996	40132	41739	+	40131	535		Sulfate permease	no	dauA	en_familia	42	1.0000	core	core	no	no	no
bin_1_54	bin-1-54	bin_1_54_02078	cds	contig_29	101605	0.3996	41824	42237	+	41823	137		HTH merR-type domain-containing protein	no	group_12845	en_familia	42	1.0000	core	core	no	no	no
bin_1_54	bin-1-54	bin_1_54_02079	cds	contig_29	101605	0.3996	42483	43874	+	42482	463	pnbA	Carboxylic ester hydrolase	no	pnbA	en_familia	42	1.0000	core	core	no	no	no
bin_1_54	bin-1-54	bin_1_54_02080	cds	contig_29	101605	0.3996	43971	45317	+	43970	448	kynU	kynureninase	no	group_3756	en_familia	35	0.8333	shell	shell	si	no	no
bin_1_54	bin-1-54	bin_1_54_02081	cds	contig_29	101605	0.3996	45332	46681	+	45331	449	ansP	GABA permease	no	group_5649	en_familia	42	1.0000	core	core	no	no	no
bin_1_54	bin-1-54	bin_1_54_02082	cds	contig_29	101605	0.3996	46699	47544	+	46698	281	kynA	tryptophan 2,3-dioxygenase	no	kynA	en_familia	42	1.0000	core	core	no	no	no
bin_1_54	bin-1-54	bin_1_54_02083	cds	contig_29	101605	0.3996	47559	48185	+	47558	208		Kynurenine formamidase	no	group_5471	en_familia	40	0.9524	core	core	no	no	no
bin_1_54	bin-1-54	bin_1_54_02084	cds	contig_29	101605	0.3996	48202	48855	+	48201	217	nadD	nicotinate (nicotinamide) nucleotide adenylyltransferase	no	nadD	en_familia	42	1.0000	core	core	no	no	no
bin_1_54	bin-1-54	bin_1_54_02085	cds	contig_29	101605	0.3996	49123	50154	+	49122	343		Sulfate-binding protein	no	group_2056	en_familia	42	1.0000	core	core	no	no	no
bin_1_54	bin-1-54	bin_1_54_02086	cds	contig_29	101605	0.3996	50224	51063	+	50223	279	cysT	sulfate ABC transporter permease subunit CysT	no	cysT	en_familia	42	1.0000	core	core	no	no	no
bin_1_54	bin-1-54	bin_1_54_02087	cds	contig_29	101605	0.3996	51071	51958	+	49647	295	cysW	sulfate ABC transporter permease subunit CysW	no	cysW	en_familia	42	1.0000	core	core	no	no	no
bin_1_54	bin-1-54	bin_1_54_02088	cds	contig_29	101605	0.3996	51969	53033	+	48572	354	cysA	Sulfate/thiosulfate import ATP-binding protein CysA	no	cysA	en_familia	42	1.0000	core	core	no	no	no
bin_1_54	bin-1-54	bin_1_54_02089	cds	contig_29	101605	0.3996	53547	54947	+	46658	466	cwlO	Peptidoglycan DL-endopeptidase CwlO	no	group_4576	en_familia	42	1.0000	core	core	no	no	no
bin_1_54	bin-1-54	bin_1_54_02090	cds	contig_29	101605	0.3996	55143	55580	+	46025	145		Preprotein translocase subunit Tim44	no	group_1190	en_familia	42	1.0000	core	core	no	no	no
bin_1_54	bin-1-54	bin_1_54_02091	cds	contig_29	101605	0.3996	55568	55867	+	45738	99		DUF2653 domain-containing protein	no	group_13945	en_familia	42	1.0000	core	core	no	no	no
bin_1_54	bin-1-54	bin_1_54_02092	cds	contig_29	101605	0.3996	56100	57074	+	44531	324		Aldose 1-epimerase	no	group_1206	en_familia	41	0.9762	core	core	no	no	no
bin_1_54	bin-1-54	bin_1_54_02093	cds	contig_29	101605	0.3996	57114	58502	-	43103	462	potE	Arginine/ornithine antiporter	no	group_2743	en_familia	41	0.9762	core	core	no	no	no
bin_1_54	bin-1-54	bin_1_54_02094	cds	contig_29	101605	0.3996	59036	59203	+	42402	55	yezD	YezD protein	no	group_3899	en_familia	41	0.9762	core	core	no	no	no
bin_1_54	bin-1-54	bin_1_54_02095	cds	contig_29	101605	0.3996	59849	60634	+	40971	261		Beta-lactamase class A catalytic domain-containing protein	no	group_5690	en_familia	42	1.0000	core	core	no	no	no
bin_1_54	bin-1-54	bin_1_54_02096	cds	contig_29	101605	0.3996	60753	61334	+	40271	193	ydcF	YdcF family protein	no	ydcF	en_familia	42	1.0000	core	core	no	no	no
bin_1_54	bin-1-54	bin_1_54_02097	cds	contig_29	101605	0.3996	61368	61628	-	39977	86		DUF1292 domain-containing protein	no	group_3648	en_familia	42	1.0000	core	core	no	no	no
bin_1_54	bin-1-54	bin_1_54_02098	cds	contig_29	101605	0.3996	61918	62118	+	39487	66	cspC	cold shock protein CspC	no	group_9412	en_familia	42	1.0000	core	core	no	no	no
bin_1_54	bin-1-54	bin_1_54_02099	cds	contig_29	101605	0.3996	62245	62412	-	39193	55		Phage protein	no	group_14149	en_familia	41	0.9762	core	core	no	no	no
bin_1_54	bin-1-54	bin_1_54_02100	cds	contig_29	101605	0.3996	62646	63881	-	37724	411	ampS	Aminopeptidase 2	no	ampS	en_familia	42	1.0000	core	core	no	no	no
bin_1_54	bin-1-54	bin_1_54_02101	cds	contig_29	101605	0.3996	64171	65658	-	35947	495	adhE	Phenylacetaldehyde dehydrogenase	no	group_1909	en_familia	42	1.0000	core	core	no	no	no
bin_1_54	bin-1-54	bin_1_54_02102	cds	contig_29	101605	0.3996	65929	67134	+	34471	401	uhpC	Niacin/nicotinamide transporter NaiP	no	group_4537	en_familia	42	1.0000	core	core	no	no	no
bin_1_54	bin-1-54	bin_1_54_02103	cds	contig_29	101605	0.3996	67173	67805	-	33800	210		Thiamine-phosphate synthase	no	group_1464	en_familia	42	1.0000	core	core	no	no	no
bin_1_54	bin-1-54	bin_1_54_02104	cds	contig_29	101605	0.3996	67786	68601	-	33004	271	thiM	hydroxyethylthiazole kinase	no	thiM	en_familia	42	1.0000	core	core	no	no	no
bin_1_54	bin-1-54	bin_1_54_02105	cds	contig_29	101605	0.3996	68598	69404	-	32201	268		Hydroxymethylpyrimidine/phosphomethylpyrimidine kinase	no	group_5032	en_familia	42	1.0000	core	core	no	no	no
bin_1_54	bin-1-54	bin_1_54_02106	cds	contig_29	101605	0.3996	69373	69900	-	31705	175	thiW	energy coupling factor transporter S component ThiW	no	thiW	en_familia	42	1.0000	core	core	no	no	no
bin_1_54	bin-1-54	bin_1_54_02107	cds	contig_29	101605	0.3996	69910	70599	-	31006	229	tenA	thiaminase II	no	tenA	en_familia	42	1.0000	core	core	no	no	no
bin_1_54	bin-1-54	bin_1_54_02108	cds	contig_29	101605	0.3996	71233	71421	+	30184	62	fbpA	Fur-regulated basic protein FbpA	no	group_5207	en_familia	42	1.0000	core	core	no	no	no
bin_1_54	bin-1-54	bin_1_54_02109	cds	contig_29	101605	0.3996	71670	71867	+	29738	65		Spo0E family sporulation regulatory protein-aspartic acid phosphatase	no	group_2513	en_familia	42	1.0000	core	core	no	no	no
bin_1_54	bin-1-54	bin_1_54_02110	cds	contig_29	101605	0.3996	71937	72443	-	29162	168	ywnH	Phosphinothricin acetyltransferase YwnH	no	ywnH	en_familia	42	1.0000	core	core	no	no	no
bin_1_54	bin-1-54	bin_1_54_02111	cds	contig_29	101605	0.3996	72632	73333	+	28272	233		SGNH hydrolase-type esterase domain-containing protein	no	group_2514	en_familia	42	1.0000	core	core	no	no	no
bin_1_54	bin-1-54	bin_1_54_02112	cds	contig_29	101605	0.3996	73376	74581	-	27024	401		Multidrug export ATP-binding/permease protein SA1683	no	group_6109	en_familia	42	1.0000	core	core	no	no	no
bin_1_54	bin-1-54	bin_1_54_02113	cds	contig_29	101605	0.3996	74657	75199	-	26406	180		Multidrug export ATP-binding/permease protein SA1683	no	group_6109	en_familia	42	1.0000	core	core	no	no	no
bin_1_54	bin-1-54	bin_1_54_02114	cds	contig_29	101605	0.3996	75383	75865	+	25740	160		DinB-like domain-containing protein	no	group_5190	en_familia	42	1.0000	core	core	no	no	no
bin_1_54	bin-1-54	bin_1_54_02115	cds	contig_29	101605	0.3996	75943	76482	+	25123	179	cwlK	Peptidoglycan L-alanyl-D-glutamate endopeptidase CwlK	no	group_2476	en_familia	42	1.0000	core	core	no	no	no
bin_1_54	bin-1-54	bin_1_54_02116	cds	contig_29	101605	0.3996	76614	77156	+	24449	180	yciA	Acyl-CoA thioesterase	no	yciA	en_familia	42	1.0000	core	core	no	no	no
bin_1_54	bin-1-54	bin_1_54_02117	cds	contig_29	101605	0.3996	77259	77894	-	23711	211	ybhL	BAX inhibitor protein	no	ybhL	en_familia	42	1.0000	core	core	no	no	no
bin_1_54	bin-1-54	bin_1_54_02118	cds	contig_29	101605	0.3996	78388	79413	+	22192	341	dppD	ABC transporter domain-containing protein	no	dppD	en_familia	42	1.0000	core	core	no	no	no
bin_1_54	bin-1-54	bin_1_54_02119	cds	contig_29	101605	0.3996	79391	80317	+	21288	308	oppF	Oligopeptide transport ATP-binding protein OppF	no	oppF	en_familia	42	1.0000	core	core	no	no	no
bin_1_54	bin-1-54	bin_1_54_02120	cds	contig_29	101605	0.3996	80333	81298	+	20307	321	opp4B	oligopeptide ABC transporter permease	no	opp4B	en_familia	42	1.0000	core	core	no	no	no
bin_1_54	bin-1-54	bin_1_54_02121	cds	contig_29	101605	0.3996	81315	82220	+	19385	301	dppC	Dipeptide transport system permease protein DppC	no	group_9285	en_familia	42	1.0000	core	core	no	no	no
bin_1_54	bin-1-54	bin_1_54_02122	cds	contig_29	101605	0.3996	82240	84003	+	17602	587	opp4A	oligopeptide ABC transporter substrate-binding protein	no	opp4A	en_familia	42	1.0000	core	core	no	no	no
bin_1_54	bin-1-54	bin_1_54_02123	cds	contig_29	101605	0.3996	84111	84299	+	17306	62		Transcriptional regulator	no	group_5403	en_familia	42	1.0000	core	core	no	no	no
bin_1_54	bin-1-54	bin_1_54_02124	cds	contig_29	101605	0.3996	84332	84469	+	17136	45		TMhelix containing protein	no	group_3126	en_familia	42	1.0000	core	core	no	no	no
bin_1_54	bin-1-54	bin_1_54_02125	cds	contig_29	101605	0.3996	84561	85607	+	15998	348	frvX	Aminopeptidase YsdC	no	frvX	en_familia	42	1.0000	core	core	no	no	no
bin_1_54	bin-1-54	bin_1_54_02126	cds	contig_29	101605	0.3996	85688	85924	+	15681	78		hypothetical protein	no	group_13313	en_familia	1	0.0238	cloud	cloud	si	si	no
bin_1_54	bin-1-54	bin_1_54_02127	cds	contig_29	101605	0.3996	85929	86351	-	15254	140		General stress protein 26	no	group_13576	en_familia	42	1.0000	core	core	no	no	no
bin_1_54	bin-1-54	bin_1_54_02128	cds	contig_29	101605	0.3996	86536	87348	+	14257	270		cyanophycinase	no	group_10446	en_familia	42	1.0000	core	core	no	no	no
bin_1_54	bin-1-54	bin_1_54_02129	cds	contig_29	101605	0.3996	87345	89966	+	11639	873	cphA	cyanophycin synthetase	no	cphA	en_familia	42	1.0000	core	core	no	no	no
bin_1_54	bin-1-54	bin_1_54_02130	cds	contig_29	101605	0.3996	90051	90836	-	10769	261	yidC	Membrane protein insertase YidC	no	yidC	en_familia	42	1.0000	core	core	no	no	no
bin_1_54	bin-1-54	bin_1_54_02131	cds	contig_29	101605	0.3996	90865	91152	-	10453	95		hypothetical protein	no	group_4305	en_familia	42	1.0000	core	core	no	no	no
bin_1_54	bin-1-54	bin_1_54_02132	cds	contig_29	101605	0.3996	91440	91898	+	9707	152		Transporter	no	group_5837	en_familia	38	0.9048	shell	core	si	no	no
bin_1_54	bin-1-54	bin_1_54_02133	cds	contig_29	101605	0.3996	92250	93071	-	8534	273		Glycerophosphoryl diester phosphodiesterase	no	group_2605	en_familia	42	1.0000	core	core	no	no	no
bin_1_54	bin-1-54	bin_1_54_02134	cds	contig_29	101605	0.3996	93249	94565	+	7040	438		Major facilitator superfamily (MFS) profile domain-containing protein	no	group_4636	en_familia	42	1.0000	core	core	no	no	no
bin_1_54	bin-1-54	bin_1_54_02135	cds	contig_29	101605	0.3996	94619	95035	-	6570	138	osmC	Ohr subfamily peroxiredoxin	no	group_1319	en_familia	42	1.0000	core	core	no	no	no
bin_1_54	bin-1-54	bin_1_54_02136	cds	contig_29	101605	0.3996	95215	95598	+	6007	127	ytrA	HTH-type transcriptional repressor YtrA	no	ytrA~~~ytrB	en_familia	42	1.0000	core	core	no	no	no
bin_1_54	bin-1-54	bin_1_54_02137	cds	contig_29	101605	0.3996	95595	96494	+	5111	299		ABC-2 type transport system ATP-binding protein	no	ytrA~~~ytrB	en_familia	42	1.0000	core	core	no	no	no
bin_1_54	bin-1-54	bin_1_54_02138	cds	contig_29	101605	0.3996	96448	98436	+	3169	662		DUF6449 domain-containing protein	no	group_4338	en_familia	42	1.0000	core	core	no	no	no
bin_1_54	bin-1-54	bin_1_54_02139	cds	contig_29	101605	0.3996	98535	98738	-	2867	67		Cold-shock DNA-binding protein family	no	cspD	en_familia	42	1.0000	core	core	no	no	no
bin_1_54	bin-1-54	bin_1_54_02140	cds	contig_29	101605	0.3996	99634	101208	+	397	524	prfC	peptide chain release factor 3	no	prfC	en_familia	42	1.0000	core	core	no	no	no
bin_1_54	bin-1-54	bin_1_54_02141	cds	contig_30	129750	0.4006	227	631	-	226	134		5-carboxymethyl-2-hydroxymuconate Delta-isomerase	no	group_1078	en_familia	42	1.0000	core	core	no	no	no
bin_1_54	bin-1-54	bin_1_54_02142	cds	contig_30	129750	0.4006	631	1419	-	630	262		Homoprotocatechuate catabolism bifunctional isomerase/decarboxylase	no	group_14334	en_familia	42	1.0000	core	core	no	no	no
bin_1_54	bin-1-54	bin_1_54_02143	cds	contig_30	129750	0.4006	1416	2204	-	1415	262		Homoprotocatechuate catabolism bifunctional isomerase/decarboxylase	no	group_1349	en_familia	42	1.0000	core	core	no	no	no
bin_1_54	bin-1-54	bin_1_54_02144	cds	contig_30	129750	0.4006	2409	3938	+	2408	509		4-nitrophenol 2-monooxygenase, oxygenase component	no	group_6775	en_familia	17	0.4048	shell	shell	si	no	no
bin_1_54	bin-1-54	bin_1_54_02145	cds	contig_30	129750	0.4006	4085	5944	+	4084	619		4-vinyl reductase 4VR domain-containing protein	no	group_1350	en_familia	7	0.1667	shell	shell	si	no	no
bin_1_54	bin-1-54	bin_1_54_02146	cds	contig_30	129750	0.4006	6192	7484	+	6191	430	asnS	asparagine--tRNA ligase	no	asnS	en_familia	42	1.0000	core	core	no	no	no
bin_1_54	bin-1-54	bin_1_54_02147	cds	contig_30	129750	0.4006	7599	8294	+	7598	231	dnaD	DNA replication protein DnaD	no	group_11987	en_familia	42	1.0000	core	core	no	no	no
bin_1_54	bin-1-54	bin_1_54_02148	cds	contig_30	129750	0.4006	8317	8973	+	8316	218	nth	endonuclease III	no	nth	en_familia	42	1.0000	core	core	no	no	no
bin_1_54	bin-1-54	bin_1_54_02149	cds	contig_30	129750	0.4006	8970	9509	+	8969	179		YpoC-like domain-containing protein	no	group_2319	en_familia	42	1.0000	core	core	no	no	no
bin_1_54	bin-1-54	bin_1_54_02150	cds	contig_30	129750	0.4006	9553	12291	-	9552	912		peptidoglycan glycosyltransferase	no	group_2400	en_familia	42	1.0000	core	core	no	no	no
bin_1_54	bin-1-54	bin_1_54_02151	cds	contig_30	129750	0.4006	12318	12929	-	12317	203	recU	Holliday junction resolvase RecU	no	recU	en_familia	42	1.0000	core	core	no	no	no
bin_1_54	bin-1-54	bin_1_54_02152	cds	contig_30	129750	0.4006	13073	14020	+	13072	315		DUF2515 domain-containing protein	no	group_2398	en_familia	42	1.0000	core	core	no	no	no
bin_1_54	bin-1-54	bin_1_54_02153	cds	contig_30	129750	0.4006	14079	14192	-	14078	37		Spore protein	no	group_13425	en_familia	42	1.0000	core	core	no	no	no
bin_1_54	bin-1-54	bin_1_54_02154	cds	contig_30	129750	0.4006	14376	14651	+	14375	91		Phage protein	no	group_14472	en_familia	42	1.0000	core	core	no	no	no
bin_1_54	bin-1-54	bin_1_54_02155	cds	contig_30	129750	0.4006	14721	15089	+	14720	122		DUF1798 domain-containing protein	no	group_13816	en_familia	42	1.0000	core	core	no	no	no
bin_1_54	bin-1-54	bin_1_54_02156	cds	contig_30	129750	0.4006	15166	15786	+	15165	206		Spore coat protein	no	group_3513	en_familia	42	1.0000	core	core	no	no	no
bin_1_54	bin-1-54	bin_1_54_02157	cds	contig_30	129750	0.4006	15857	16309	-	15856	150		Hsp20/alpha crystallin family protein	no	group_2431	en_familia	42	1.0000	core	core	no	no	no
bin_1_54	bin-1-54	bin_1_54_02158	cds	contig_30	129750	0.4006	16451	17212	+	16450	253		2-(Acetamidomethylene)succinate hydrolase	no	group_716	en_familia	42	1.0000	core	core	no	no	no
bin_1_54	bin-1-54	bin_1_54_02159	cds	contig_30	129750	0.4006	17335	19611	+	17334	758	yprA	DEAD-box ATP-dependent RNA helicase CshE	no	yprA	en_familia	42	1.0000	core	core	no	no	no
bin_1_54	bin-1-54	bin_1_54_02160	cds	contig_30	129750	0.4006	19648	20904	+	19647	418	yprB	YprB ribonuclease H-like domain-containing protein	no	yprB	en_familia	42	1.0000	core	core	no	no	no
bin_1_54	bin-1-54	bin_1_54_02161	cds	contig_30	129750	0.4006	21080	21175	+	21079	31		hypothetical protein	no	group_13079	en_familia	42	1.0000	core	core	no	no	no
bin_1_54	bin-1-54	bin_1_54_02162	cds	contig_30	129750	0.4006	21357	21833	+	21356	158		Inner spore coat protein D	no	group_4313	en_familia	42	1.0000	core	core	no	no	no
bin_1_54	bin-1-54	bin_1_54_02163	cds	contig_30	129750	0.4006	21899	22450	+	21898	183		UPF0398 protein BS1321_22520	no	group_2815	en_familia	42	1.0000	core	core	no	no	no
bin_1_54	bin-1-54	bin_1_54_02164	cds	contig_30	129750	0.4006	22649	22960	+	22648	103	gpsB	cell division regulator GpsB	no	gpsB	en_familia	42	1.0000	core	core	no	no	no
bin_1_54	bin-1-54	bin_1_54_02166	cds	contig_30	129750	0.4006	24052	25200	+	24051	382	rlmL	THUMP domain-containing protein	no	rlmL	en_familia	42	1.0000	core	core	no	no	no
bin_1_54	bin-1-54	bin_1_54_02167	cds	contig_30	129750	0.4006	25394	25594	+	25393	66		Cold-shock protein	no	group_9414	en_familia	42	1.0000	core	core	no	no	no
bin_1_54	bin-1-54	bin_1_54_02168	cds	contig_30	129750	0.4006	25824	27737	+	25823	637	dinG	ATP-dependent helicase DinG-like protein	no	dinG	en_familia	42	1.0000	core	core	no	no	no
bin_1_54	bin-1-54	bin_1_54_02169	cds	contig_30	129750	0.4006	27870	29381	+	27869	503		Metal-dependent carboxypeptidase	no	group_3162	en_familia	42	1.0000	core	core	no	no	no
bin_1_54	bin-1-54	bin_1_54_02170	cds	contig_30	129750	0.4006	30517	31116	+	30516	199	apt	xanthine phosphoribosyltransferase	no	apt	en_familia	41	0.9762	core	core	no	no	no
bin_1_54	bin-1-54	bin_1_54_02171	cds	contig_30	129750	0.4006	31109	32422	+	31108	437	pucK	Uric acid permease PucK	no	uraA	en_familia	41	0.9762	core	core	no	no	no
bin_1_54	bin-1-54	bin_1_54_02172	cds	contig_30	129750	0.4006	33319	34407	+	33318	362		Alpha-pyrone synthesis polyketide synthase-like Pks11	no	group_1312	en_familia	41	0.9762	core	core	no	no	no
bin_1_54	bin-1-54	bin_1_54_02173	cds	contig_30	129750	0.4006	34407	34937	+	34406	176		Isoprenylcysteine carboxyl methyltransferase	no	group_3087	en_familia	42	1.0000	core	core	no	no	no
bin_1_54	bin-1-54	bin_1_54_02174	cds	contig_30	129750	0.4006	35084	35242	+	35083	52		hypothetical protein	no	group_12656	en_familia	42	1.0000	core	core	no	no	no
bin_1_54	bin-1-54	bin_1_54_02175	cds	contig_30	129750	0.4006	35432	39145	+	35431	1237		Dynamin N-terminal domain-containing protein	no	group_4279	en_familia	42	1.0000	core	core	no	no	no
bin_1_54	bin-1-54	bin_1_54_02176	cds	contig_30	129750	0.4006	39161	39922	+	39160	253		Nucleotidyltransferase	no	group_652	en_familia	42	1.0000	core	core	no	no	no
bin_1_54	bin-1-54	bin_1_54_02177	cds	contig_30	129750	0.4006	39934	40761	+	39933	275	sseB	Thiosulfate sulfurtransferase SseB	no	sseB	en_familia	41	0.9762	core	core	no	no	no
bin_1_54	bin-1-54	bin_1_54_02178	cds	contig_30	129750	0.4006	40811	41722	+	40810	303	exoIX	5'-3' exonuclease	no	exoIX	en_familia	41	0.9762	core	core	no	no	no
bin_1_54	bin-1-54	bin_1_54_02179	cds	contig_30	129750	0.4006	42001	42294	+	42000	97		DUF6123 domain-containing protein	no	group_13450	en_familia	42	1.0000	core	core	no	no	no
bin_1_54	bin-1-54	bin_1_54_02180	cds	contig_30	129750	0.4006	42372	43280	-	42371	302	eamA	EamA domain-containing protein	no	group_14480	en_familia	42	1.0000	core	core	no	no	no
bin_1_54	bin-1-54	bin_1_54_02181	cds	contig_30	129750	0.4006	43264	43677	-	43263	137		Ribonuclease HI	no	group_13449	en_familia	42	1.0000	core	core	no	no	no
bin_1_54	bin-1-54	bin_1_54_02182	cds	contig_30	129750	0.4006	43888	44559	+	43887	223		RNase H type-1 domain-containing protein	no	group_3368	en_familia	42	1.0000	core	core	no	no	no
bin_1_54	bin-1-54	bin_1_54_02183	cds	contig_30	129750	0.4006	44565	44750	+	44564	61		Zinc-finger domain-containing protein	no	group_2285	en_familia	42	1.0000	core	core	no	no	no
bin_1_54	bin-1-54	bin_1_54_02184	cds	contig_30	129750	0.4006	44826	45809	+	44825	327		HD-GYP domain-containing protein	no	group_5107	en_familia	41	0.9762	core	core	no	no	no
bin_1_54	bin-1-54	bin_1_54_02185	cds	contig_30	129750	0.4006	45825	46289	-	45824	154	iscR	HTH-type transcriptional regulator NsrR	no	group_14483	en_familia	42	1.0000	core	core	no	no	no
bin_1_54	bin-1-54	bin_1_54_02186	cds	contig_30	129750	0.4006	46460	47668	+	46459	402	hmpA	NO-inducible flavohemoprotein	no	hmpA	en_familia	42	1.0000	core	core	no	no	no
bin_1_54	bin-1-54	bin_1_54_02187	cds	contig_30	129750	0.4006	48003	49091	+	48002	362	proB	Glutamate 5-kinase	no	proB	en_familia	42	1.0000	core	core	no	no	no
bin_1_54	bin-1-54	bin_1_54_02188	cds	contig_30	129750	0.4006	49127	50374	+	49126	415		glutamate-5-semialdehyde dehydrogenase	no	group_4696	en_familia	42	1.0000	core	core	no	no	no
bin_1_54	bin-1-54	bin_1_54_02189	cds	contig_30	129750	0.4006	50455	50889	+	50454	144		General stress protein 17M-like domain-containing protein	no	yflT	en_familia	42	1.0000	core	core	no	no	no
bin_1_54	bin-1-54	bin_1_54_02190	cds	contig_30	129750	0.4006	51548	53482	+	51547	644		Sigma-54-dependent Fis family transcriptional regulator	no	group_5622	en_familia	41	0.9762	core	core	no	no	no
bin_1_54	bin-1-54	bin_1_54_02191	cds	contig_30	129750	0.4006	53650	54645	+	53649	331		Hydroxypyruvate reductase	no	group_6255	en_familia	41	0.9762	core	core	no	no	no
bin_1_54	bin-1-54	bin_1_54_02192	cds	contig_30	129750	0.4006	54732	54923	+	54731	63		DUF3311 domain-containing protein	no	group_6017	en_familia	40	0.9524	core	core	no	no	no
bin_1_54	bin-1-54	bin_1_54_02193	cds	contig_30	129750	0.4006	54923	56419	+	54922	498		Na+/metabolite cotransporter	no	group_4903	en_familia	41	0.9762	core	core	no	no	no
bin_1_54	bin-1-54	bin_1_54_02194	cds	contig_30	129750	0.4006	56499	58163	+	56498	554		Acetolactate synthase isozyme 2 large subunit	no	group_5910	en_familia	41	0.9762	core	core	no	no	no
bin_1_54	bin-1-54	bin_1_54_02195	cds	contig_30	129750	0.4006	58215	59384	+	58214	389		Glutamate dehydrogenase	no	group_4539	en_familia	41	0.9762	core	core	no	no	no
bin_1_54	bin-1-54	bin_1_54_02196	cds	contig_30	129750	0.4006	59456	60886	+	59455	476	rocC	Amino-acid permease RocC	no	rocC	en_familia	41	0.9762	core	core	no	no	no
bin_1_54	bin-1-54	bin_1_54_02197	cds	contig_30	129750	0.4006	60996	62438	+	60995	480		Aldehyde dehydrogenase, thermostable	no	group_4543	en_familia	41	0.9762	core	core	no	no	no
bin_1_54	bin-1-54	bin_1_54_02198	cds	contig_30	129750	0.4006	62502	63533	+	62501	343		Biphenyl 2,3-dioxygenase subunit alpha	no	group_1126	en_familia	41	0.9762	core	core	no	no	no
bin_1_54	bin-1-54	bin_1_54_02199	cds	contig_30	129750	0.4006	63726	64172	-	63725	148		DUF5392 domain-containing protein	no	group_3872	en_familia	42	1.0000	core	core	no	no	no
bin_1_54	bin-1-54	bin_1_54_02200	cds	contig_30	129750	0.4006	64636	65016	+	64635	126		DUF2802 domain-containing protein	no	group_14568	en_familia	42	1.0000	core	core	no	no	no
bin_1_54	bin-1-54	bin_1_54_02201	cds	contig_30	129750	0.4006	65006	65476	+	64274	156		Aminodeoxychorismate lyase	no	group_2439	en_familia	42	1.0000	core	core	no	no	no
bin_1_54	bin-1-54	bin_1_54_02202	cds	contig_30	129750	0.4006	66385	66960	-	62790	191		Membrane-spanning protein	no	group_5681	en_familia	42	1.0000	core	core	no	no	no
bin_1_54	bin-1-54	bin_1_54_02203	cds	contig_30	129750	0.4006	66981	67547	-	62203	188		Membrane-spanning protein	no	group_3873	en_familia	42	1.0000	core	core	no	no	no
bin_1_54	bin-1-54	bin_1_54_02204	cds	contig_30	129750	0.4006	67677	68789	-	60961	370	yndE	Spore germination protein YndE	no	group_3874	en_familia	40	0.9524	core	core	no	no	no
bin_1_54	bin-1-54	bin_1_54_02205	cds	contig_30	129750	0.4006	69360	69713	+	60037	117		N-acetyltransferase domain-containing protein	no	group_59	en_familia	42	1.0000	core	core	no	no	no
bin_1_54	bin-1-54	bin_1_54_02206	cds	contig_30	129750	0.4006	70343	71614	+	58136	423		Spore germination protein KA	no	group_3951	en_familia	40	0.9524	core	core	no	no	no
bin_1_54	bin-1-54	bin_1_54_02207	cds	contig_30	129750	0.4006	71641	72828	+	56922	395		Spore germination GerAC-like C-terminal domain-containing protein	no	group_4817	en_familia	40	0.9524	core	core	no	no	no
bin_1_54	bin-1-54	bin_1_54_02208	cds	contig_30	129750	0.4006	72835	73068	+	56682	77		Spore germination protein	no	group_5993	en_familia	40	0.9524	core	core	no	no	no
bin_1_54	bin-1-54	bin_1_54_02209	cds	contig_30	129750	0.4006	73082	74167	+	55583	361	yndE	Spore germination protein YndE	no	group_4818	en_familia	40	0.9524	core	core	no	no	no
bin_1_54	bin-1-54	bin_1_54_02210	cds	contig_30	129750	0.4006	74396	75382	+	54368	328		Fructosamine deglycase	no	group_3322	en_familia	41	0.9762	core	core	no	no	no
bin_1_54	bin-1-54	bin_1_54_02211	cds	contig_30	129750	0.4006	75499	76785	+	52965	428		ABC transporter substrate-binding protein	no	group_13367	en_familia	41	0.9762	core	core	no	no	no
bin_1_54	bin-1-54	bin_1_54_02212	cds	contig_30	129750	0.4006	76827	77705	+	52045	292		ABC transporter permease	no	group_1968	en_familia	41	0.9762	core	core	no	no	no
bin_1_54	bin-1-54	bin_1_54_02213	cds	contig_30	129750	0.4006	77708	78598	+	51152	296	araQ	L-arabinose transport system permease protein AraQ	no	araQ	en_familia	41	0.9762	core	core	no	no	no
bin_1_54	bin-1-54	bin_1_54_02214	cds	contig_30	129750	0.4006	78616	79452	+	50298	278	frlD	Fructosamine kinase FrlD	no	frlD	en_familia	41	0.9762	core	core	no	no	no
bin_1_54	bin-1-54	bin_1_54_02215	cds	contig_30	129750	0.4006	79489	80247	-	49503	252	gntR	GntR family putative transcriptional regulator	no	group_4967	en_familia	41	0.9762	core	core	no	no	no
bin_1_54	bin-1-54	bin_1_54_02216	cds	contig_30	129750	0.4006	80592	81785	+	47965	397		Peptidase M14 carboxypeptidase A domain-containing protein	no	group_6287	en_familia	42	1.0000	core	core	no	no	no
bin_1_54	bin-1-54	bin_1_54_02217	cds	contig_30	129750	0.4006	82242	83306	+	46444	354	mpaA	Zinc carboxypeptidase	no	group_4015	en_familia	42	1.0000	core	core	no	no	no
bin_1_54	bin-1-54	bin_1_54_02218	cds	contig_30	129750	0.4006	83530	84498	-	45252	322	speB	agmatinase	no	group_8677	en_familia	42	1.0000	core	core	no	no	no
bin_1_54	bin-1-54	bin_1_54_02219	cds	contig_30	129750	0.4006	84908	86254	+	43496	448	puuP	Putrescine importer PuuP	no	group_13527	en_familia	42	1.0000	core	core	no	no	no
bin_1_54	bin-1-54	bin_1_54_02220	cds	contig_30	129750	0.4006	86208	86375	-	43375	55		Transposase	no	group_10322	en_familia	1	0.0238	cloud	cloud	si	si	no
bin_1_54	bin-1-54	bin_1_54_02221	cds	contig_30	129750	0.4006	87267	88544	+	41206	425		Glutamate dehydrogenase	no	group_3757	en_familia	42	1.0000	core	core	no	no	no
bin_1_54	bin-1-54	bin_1_54_02222	cds	contig_30	129750	0.4006	88579	88869	+	40881	96	dltD	Protein dltD	no	dltD	en_familia	42	1.0000	core	core	no	no	no
bin_1_54	bin-1-54	bin_1_54_02223	cds	contig_30	129750	0.4006	88887	89135	+	40615	82		Lipoyl-binding domain-containing protein	no	group_2231	en_familia	42	1.0000	core	core	no	no	no
bin_1_54	bin-1-54	bin_1_54_02224	cds	contig_30	129750	0.4006	89212	89952	-	39798	246	iclR	HTH-type transcriptional regulator KipR	no	group_5081	en_familia	42	1.0000	core	core	no	no	no
bin_1_54	bin-1-54	bin_1_54_02225	cds	contig_30	129750	0.4006	90110	91006	+	38744	298		N(G),N(G)-dimethylarginine dimethylaminohydrolase	no	group_3714	en_familia	42	1.0000	core	core	no	no	no
bin_1_54	bin-1-54	bin_1_54_02226	cds	contig_30	129750	0.4006	91003	92619	+	37131	538		Succinyl-diaminopimelate desuccinylase	no	group_1111	en_familia	42	1.0000	core	core	no	no	no
bin_1_54	bin-1-54	bin_1_54_02227	cds	contig_30	129750	0.4006	92675	94129	+	35621	484		C4-dicarboxylate ABC transporter permease	no	group_4530	en_familia	42	1.0000	core	core	no	no	no
bin_1_54	bin-1-54	bin_1_54_02228	cds	contig_30	129750	0.4006	94178	95383	+	34367	401		N-acyl-L-amino acid amidohydrolase	no	group_1110	en_familia	42	1.0000	core	core	no	no	no
bin_1_54	bin-1-54	bin_1_54_02229	cds	contig_30	129750	0.4006	95558	96319	+	33431	253	ddaH	N(G),N(G)-dimethylarginine dimethylaminohydrolase	no	ddaH	en_familia	42	1.0000	core	core	no	no	no
bin_1_54	bin-1-54	bin_1_54_02230	cds	contig_30	129750	0.4006	96371	97786	+	31964	471	lysP	Amino-acid permease RocE	no	group_13845	en_familia	42	1.0000	core	core	no	no	no
bin_1_54	bin-1-54	bin_1_54_02231	cds	contig_30	129750	0.4006	97874	98725	-	31025	283		IS3 family transposase	no	group_5610	en_familia	7	0.1667	shell	shell	si	no	no
bin_1_54	bin-1-54	bin_1_54_02232	cds	contig_30	129750	0.4006	98791	99210	-	30540	139		Transposase	no	group_14216	en_familia	6	0.1429	cloud	cloud	si	si	no
bin_1_54	bin-1-54	bin_1_54_02233	cds	contig_30	129750	0.4006	99526	99747	+	30003	73		Activator of Hsp90 ATPase 1 family protein	no	group_6253	en_familia	33	0.7857	shell	shell	si	no	no
bin_1_54	bin-1-54	bin_1_54_02234	cds	contig_30	129750	0.4006	99903	100241	+	29509	112		VOC domain-containing protein	no	group_5609	en_familia	40	0.9524	core	core	no	no	no
bin_1_54	bin-1-54	bin_1_54_02235	cds	contig_30	129750	0.4006	100259	100384	+	29366	41		hypothetical protein	no	group_5055	en_familia	19	0.4524	shell	shell	si	no	no
bin_1_54	bin-1-54	bin_1_54_02236	cds	contig_30	129750	0.4006	100907	101992	+	27758	361		YibE/F-like family protein	no	group_14520	en_familia	32	0.7619	shell	shell	si	no	no
bin_1_54	bin-1-54	bin_1_54_02237	cds	contig_30	129750	0.4006	101992	102768	+	26982	258		YibE/F family protein	no	group_5053	en_familia	34	0.8095	shell	shell	si	no	no
bin_1_54	bin-1-54	bin_1_54_02238	cds	contig_30	129750	0.4006	103084	104916	-	24834	610	rocR	Sigma-54 factor interaction domain-containing protein	no	group_5054	en_familia	42	1.0000	core	core	no	no	no
bin_1_54	bin-1-54	bin_1_54_02239	cds	contig_30	129750	0.4006	105084	105314	+	24436	76		hypothetical protein	no	group_1178	en_familia	37	0.8810	shell	shell	si	no	no
bin_1_54	bin-1-54	bin_1_54_02240	cds	contig_30	129750	0.4006	105397	106809	+	22941	470	codB	Cytosine permease	no	codB	en_familia	38	0.9048	shell	core	si	no	no
bin_1_54	bin-1-54	bin_1_54_02241	cds	contig_30	129750	0.4006	106855	107844	+	21906	329		DUF3445 domain-containing protein	no	group_1172	en_familia	37	0.8810	shell	shell	si	no	no
bin_1_54	bin-1-54	bin_1_54_02242	cds	contig_30	129750	0.4006	107857	108375	+	21375	172		hypothetical protein	no	group_1841	en_familia	37	0.8810	shell	shell	si	no	no
bin_1_54	bin-1-54	bin_1_54_02243	cds	contig_30	129750	0.4006	108381	109346	+	20404	321	fpr	Phenoxybenzoate dioxygenase subunit beta	no	fpr	en_familia	37	0.8810	shell	shell	si	no	no
bin_1_54	bin-1-54	bin_1_54_02244	cds	contig_30	129750	0.4006	109402	110895	+	18855	497	adhE	Betaine aldehyde dehydrogenase	no	adhE	en_familia	38	0.9048	shell	core	si	no	no
bin_1_54	bin-1-54	bin_1_54_02245	cds	contig_30	129750	0.4006	111013	111543	+	18207	176		hypothetical protein	no	group_13695	en_familia	1	0.0238	cloud	cloud	si	si	no
bin_1_54	bin-1-54	bin_1_54_02246	cds	contig_30	129750	0.4006	112118	113722	+	16028	534		Sigma 54 PAS Fis type transcriptional regulator	no	group_1542	en_familia	42	1.0000	core	core	no	no	no
bin_1_54	bin-1-54	bin_1_54_02247	cds	contig_30	129750	0.4006	113856	115007	+	14743	383		Long-chain-alcohol dehydrogenase 1	no	group_4776	en_familia	42	1.0000	core	core	no	no	no
bin_1_54	bin-1-54	bin_1_54_02248	cds	contig_30	129750	0.4006	115022	116410	+	13340	462		Permease family protein	no	group_4765	en_familia	42	1.0000	core	core	no	no	no
bin_1_54	bin-1-54	bin_1_54_02249	cds	contig_30	129750	0.4006	116407	117846	+	11904	479	gabD	Succinate-semialdehyde dehydrogenase [NADP(+)] GabD	no	group_5632	en_familia	42	1.0000	core	core	no	no	no
bin_1_54	bin-1-54	bin_1_54_02250	cds	contig_30	129750	0.4006	117937	119109	-	10641	390	anmK	anhydro-N-acetylmuramic acid kinase AnmK	no	anmK	en_familia	42	1.0000	core	core	no	no	no
bin_1_54	bin-1-54	bin_1_54_02251	cds	contig_30	129750	0.4006	119273	120883	-	8867	536		Glycosyl hydrolase-like 10 domain-containing protein	no	group_14300	en_familia	40	0.9524	core	core	no	no	no
bin_1_54	bin-1-54	bin_1_54_02252	cds	contig_30	129750	0.4006	121213	122097	+	7653	294	murQ	N-acetylmuramic acid 6-phosphate etherase	no	group_2827	en_familia	40	0.9524	core	core	no	no	no
bin_1_54	bin-1-54	bin_1_54_02253	cds	contig_30	129750	0.4006	122137	122442	+	7308	101		PTS sugar transporter subunit IIB	no	group_4592	en_familia	40	0.9524	core	core	no	no	no
bin_1_54	bin-1-54	bin_1_54_02254	cds	contig_30	129750	0.4006	122491	123780	+	5970	429		Permease IIC component	no	group_3652	en_familia	40	0.9524	core	core	no	no	no
bin_1_54	bin-1-54	bin_1_54_02255	cds	contig_30	129750	0.4006	124011	125357	+	4393	448		6-phospho-beta-glucosidase	no	group_2778	en_familia	40	0.9524	core	core	no	no	no
bin_1_54	bin-1-54	bin_1_54_02256	cds	contig_30	129750	0.4006	125438	125767	+	3983	109		Lichenan-specific phosphotransferase enzyme IIA component	no	group_3764	en_familia	40	0.9524	core	core	no	no	no
bin_1_54	bin-1-54	bin_1_54_02257	cds	contig_30	129750	0.4006	125782	126885	+	2865	367		Outer surface protein	no	group_2779	en_familia	40	0.9524	core	core	no	no	no
bin_1_54	bin-1-54	bin_1_54_02258	cds	contig_30	129750	0.4006	126920	127816	+	1934	298		ATPase	no	group_1614	en_familia	40	0.9524	core	core	no	no	no
bin_1_54	bin-1-54	bin_1_54_02259	cds	contig_30	129750	0.4006	127842	128708	+	1042	288		Transcriptional regulator	no	group_9724	en_familia	40	0.9524	core	core	no	no	no
bin_1_54	bin-1-54	bin_1_54_02260	cds	contig_30	129750	0.4006	128821	129549	+	201	242	gntR	GntR family transcriptional regulator	no	group_1474	en_familia	40	0.9524	core	core	no	no	no
bin_1_54	bin-1-54	bin_1_54_02261	cds	contig_31	31580	0.4154	1145	1435	-	1144	96		YwqI/YxiC family protein	no	group_3625	en_familia	41	0.9762	core	core	no	no	no
bin_1_54	bin-1-54	bin_1_54_02262	cds	contig_31	31580	0.4154	1435	1863	-	1434	142		DUF5082 domain-containing protein	no	group_5599	en_familia	42	1.0000	core	core	no	no	no
bin_1_54	bin-1-54	bin_1_54_02263	cds	contig_31	31580	0.4154	2092	2340	-	2091	82		DUF2187 domain-containing protein	no	group_3626	en_familia	42	1.0000	core	core	no	no	no
bin_1_54	bin-1-54	bin_1_54_02264	cds	contig_31	31580	0.4154	2675	3079	+	2674	134		Small membrane protein	no	group_5261	en_familia	42	1.0000	core	core	no	no	no
bin_1_54	bin-1-54	bin_1_54_02265	cds	contig_31	31580	0.4154	3230	3523	-	3229	97		hypothetical protein	no	group_2691	en_familia	42	1.0000	core	core	no	no	no
bin_1_54	bin-1-54	bin_1_54_02266	cds	contig_31	31580	0.4154	3653	3847	-	3652	64		hypothetical protein	no	group_5260	en_familia	26	0.6190	shell	shell	si	no	no
bin_1_54	bin-1-54	bin_1_54_02267	cds	contig_31	31580	0.4154	3871	4881	-	3870	336		Serine hydrolase	no	group_6128	en_familia	42	1.0000	core	core	no	no	no
bin_1_54	bin-1-54	bin_1_54_02268	cds	contig_31	31580	0.4154	5008	5838	-	5007	276	nadE	ammonia-dependent NAD(+) synthetase	no	nadE	en_familia	42	1.0000	core	core	no	no	no
bin_1_54	bin-1-54	bin_1_54_02269	cds	contig_31	31580	0.4154	5873	7369	-	5872	498	pncB	nicotinate phosphoribosyltransferase	no	pncB	en_familia	42	1.0000	core	core	no	no	no
bin_1_54	bin-1-54	bin_1_54_02270	cds	contig_31	31580	0.4154	7404	7955	-	7403	183	pncA	Isochorismatase family cysteine hydrolase	no	group_13641	en_familia	42	1.0000	core	core	no	no	no
bin_1_54	bin-1-54	bin_1_54_02271	cds	contig_31	31580	0.4154	7971	8735	-	7970	254	yjhB	Bifunctional NMN adenylyltransferase/Nudix hydrolase	no	yjhB	en_familia	42	1.0000	core	core	no	no	no
bin_1_54	bin-1-54	bin_1_54_02272	cds	contig_31	31580	0.4154	8930	10459	-	8929	509	mmdA	Methylmalonyl-CoA carboxyltransferase 12S subunit	no	mmdA	en_familia	42	1.0000	core	core	no	no	no
bin_1_54	bin-1-54	bin_1_54_02273	cds	contig_31	31580	0.4154	10482	11264	-	10481	260		enoyl-CoA hydratase	no	group_970	en_familia	42	1.0000	core	core	no	no	no
bin_1_54	bin-1-54	bin_1_54_02274	cds	contig_31	31580	0.4154	11284	12183	-	11283	299	yngG	Hydroxymethylglutaryl-CoA lyase YngG	no	yngG	en_familia	42	1.0000	core	core	no	no	no
bin_1_54	bin-1-54	bin_1_54_02275	cds	contig_31	31580	0.4154	12201	12413	-	12200	70	pccA	acetyl-CoA carboxylase biotin carboxyl carrier protein subunit	no	pccA	en_familia	42	1.0000	core	core	no	no	no
bin_1_54	bin-1-54	bin_1_54_02276	cds	contig_31	31580	0.4154	12445	13794	-	12444	449		Biotin carboxylase	no	group_3092	en_familia	42	1.0000	core	core	no	no	no
bin_1_54	bin-1-54	bin_1_54_02277	cds	contig_31	31580	0.4154	13807	15453	-	13806	548		3-[(3aS,4S,7aS)-7a-methyl-1, 5-dioxo-octahydro-1H-inden-4-yl]propanoyl:CoA ligase	no	group_1261	en_familia	42	1.0000	core	core	no	no	no
bin_1_54	bin-1-54	bin_1_54_02278	cds	contig_31	31580	0.4154	15568	16710	-	14870	380	caiA	Acyl-CoA dehydrogenase, short-chain specific	no	group_5703	en_familia	42	1.0000	core	core	no	no	no
bin_1_54	bin-1-54	bin_1_54_02279	cds	contig_31	31580	0.4154	16771	17367	-	14213	198	tetR	TetR family transcriptional regulator	no	tetR~~~kstR2	en_familia	42	1.0000	core	core	no	no	no
bin_1_54	bin-1-54	bin_1_54_02280	cds	contig_31	31580	0.4154	17592	18347	-	13233	251		Spore coat protein	no	group_1714	en_familia	42	1.0000	core	core	no	no	no
bin_1_54	bin-1-54	bin_1_54_02281	cds	contig_31	31580	0.4154	18376	19422	-	12158	348	appB	Cytochrome d ubiquinol oxidase subunit II	no	appB	en_familia	42	1.0000	core	core	no	no	no
bin_1_54	bin-1-54	bin_1_54_02282	cds	contig_31	31580	0.4154	19438	20799	-	10781	453	appC	Cytochrome bd menaquinol oxidase subunit I	no	appC	en_familia	42	1.0000	core	core	no	no	no
bin_1_54	bin-1-54	bin_1_54_02283	cds	contig_31	31580	0.4154	21126	22610	+	8970	494	rebO	Flavin-dependent L-tryptophan oxidase RebO	no	group_7084	en_familia	42	1.0000	core	core	no	no	no
bin_1_54	bin-1-54	bin_1_54_02284	cds	contig_31	31580	0.4154	22794	23906	-	7674	370	gerA	GerA germination receptor protein	no	gerA	en_familia	42	1.0000	core	core	no	no	no
bin_1_54	bin-1-54	bin_1_54_02285	cds	contig_31	31580	0.4154	23903	24997	-	6583	364		Spore germination protein A2	no	group_5925	en_familia	42	1.0000	core	core	no	no	no
bin_1_54	bin-1-54	bin_1_54_02286	cds	contig_31	31580	0.4154	24969	26426	-	5154	485		Spore germination protein A1	no	group_5801	en_familia	42	1.0000	core	core	no	no	no
bin_1_54	bin-1-54	bin_1_54_02287	cds	contig_31	31580	0.4154	26635	28161	+	3419	508		Spore germination protein	no	group_6302	en_familia	42	1.0000	core	core	no	no	no
bin_1_54	bin-1-54	bin_1_54_02288	cds	contig_31	31580	0.4154	28180	29271	+	2309	363		Spore germination protein (Amino acid permease)	no	group_6329	en_familia	42	1.0000	core	core	no	no	no
bin_1_54	bin-1-54	bin_1_54_02289	cds	contig_31	31580	0.4154	29268	30353	+	1227	361		Spore germination protein C	no	group_5859	en_familia	42	1.0000	core	core	no	no	no
bin_1_54	bin-1-54	bin_1_54_02290	cds	contig_31	31580	0.4154	30550	31101	+	479	183		Endoribonuclease L-PSP	no	ridA~~~rutC	en_familia	42	1.0000	core	core	no	no	no
bin_1_54	bin-1-54	bin_1_54_02291	cds	contig_32	341792	0.4221	160	3039	-	159	959	uvrA	excinuclease ABC subunit UvrA	no	group_146	en_familia	42	1.0000	core	core	no	no	no
bin_1_54	bin-1-54	bin_1_54_02292	cds	contig_32	341792	0.4221	3046	5031	-	3045	661	uvrB	excinuclease ABC subunit UvrB	no	uvrB	en_familia	42	1.0000	core	core	no	no	no
bin_1_54	bin-1-54	bin_1_54_02293	cds	contig_32	341792	0.4221	5251	5481	-	5250	76	csbA	Protein CsbA	no	csbA	en_familia	42	1.0000	core	core	no	no	no
bin_1_54	bin-1-54	bin_1_54_02294	cds	contig_32	341792	0.4221	5670	7247	-	5669	525	katE	Catalase	no	katE	en_familia	42	1.0000	core	core	no	no	no
bin_1_54	bin-1-54	bin_1_54_02295	cds	contig_32	341792	0.4221	7542	9731	+	7541	729		SSD domain-containing protein	no	group_927	en_familia	42	1.0000	core	core	no	no	no
bin_1_54	bin-1-54	bin_1_54_02296	cds	contig_32	341792	0.4221	10170	10703	+	10169	177	yceI	Lipid/polyisoprenoid-binding YceI-like domain-containing protein	no	yceI	en_familia	42	1.0000	core	core	no	no	no
bin_1_54	bin-1-54	bin_1_54_02297	cds	contig_32	341792	0.4221	10760	11815	-	10759	351	fepD	Siderophore transport system permease protein YfhA	no	group_12217	en_familia	42	1.0000	core	core	no	no	no
bin_1_54	bin-1-54	bin_1_54_02298	cds	contig_32	341792	0.4221	11812	12816	-	11811	334	fepD	ABC transporter permease	no	fepD	en_familia	42	1.0000	core	core	no	no	no
bin_1_54	bin-1-54	bin_1_54_02299	cds	contig_32	341792	0.4221	13007	13996	+	13006	329		Ferrichrome import ABC transporter ferrichrome-binding protein	no	fepB	en_familia	42	1.0000	core	core	no	no	no
bin_1_54	bin-1-54	bin_1_54_02300	cds	contig_32	341792	0.4221	14064	15257	-	14063	397		Cell division topological determinant	no	group_4742	en_familia	42	1.0000	core	core	no	no	no
bin_1_54	bin-1-54	bin_1_54_02301	cds	contig_32	341792	0.4221	15450	16886	-	15449	478	pGRP	Carboxy-terminal processing protease CtpB	no	group_4966	en_familia	42	1.0000	core	core	no	no	no
bin_1_54	bin-1-54	bin_1_54_02302	cds	contig_32	341792	0.4221	17008	18402	-	17007	464	cwlO	Peptidoglycan DL-endopeptidase CwlO	no	cwlO	en_familia	42	1.0000	core	core	no	no	no
bin_1_54	bin-1-54	bin_1_54_02303	cds	contig_32	341792	0.4221	18497	19390	-	18496	297	ftsX	permease-like cell division protein FtsX	no	ftsX	en_familia	42	1.0000	core	core	no	no	no
bin_1_54	bin-1-54	bin_1_54_02304	cds	contig_32	341792	0.4221	19380	20066	-	19379	228	ftsE	cell division ATP-binding protein FtsE	no	ftsE	en_familia	42	1.0000	core	core	no	no	no
bin_1_54	bin-1-54	bin_1_54_02305	cds	contig_32	341792	0.4221	20360	20701	-	20359	113	cccB	cytochrome c551	no	cccB	en_familia	42	1.0000	core	core	no	no	no
bin_1_54	bin-1-54	bin_1_54_02306	cds	contig_32	341792	0.4221	20751	21614	-	20750	287	yitT	DUF2179 domain-containing protein	no	group_1817	en_familia	42	1.0000	core	core	no	no	no
bin_1_54	bin-1-54	bin_1_54_02307	cds	contig_32	341792	0.4221	21770	22750	-	21769	326	prfB	peptide chain release factor 2	no	prfB	en_familia	42	1.0000	core	core	no	no	no
bin_1_54	bin-1-54	bin_1_54_02308	cds	contig_32	341792	0.4221	23021	25534	-	23020	837	secA	preprotein translocase subunit SecA	no	secA	en_familia	42	1.0000	core	core	no	no	no
bin_1_54	bin-1-54	bin_1_54_02309	cds	contig_32	341792	0.4221	25954	26277	+	25953	107	sinR	HTH-type transcriptional regulator SinR	no	group_14244	en_familia	42	1.0000	core	core	no	no	no
bin_1_54	bin-1-54	bin_1_54_02310	cds	contig_32	341792	0.4221	26427	26552	-	26426	41	sinI	DNA-binding anti-repressor SinI	no	group_2466	en_familia	42	1.0000	core	core	no	no	no
bin_1_54	bin-1-54	bin_1_54_02311	cds	contig_32	341792	0.4221	27326	27883	-	27325	185	hpf	ribosome hibernation-promoting factor, HPF/YfiA family	no	hpf	en_familia	42	1.0000	core	core	no	no	no
bin_1_54	bin-1-54	bin_1_54_02312	cds	contig_32	341792	0.4221	28136	28480	-	28135	114		Flagellar protein	no	fliT	en_familia	20	0.4762	shell	shell	si	no	no
bin_1_54	bin-1-54	bin_1_54_02313	cds	contig_32	341792	0.4221	28480	28881	-	28479	133	fliS	flagellar export chaperone FliS	no	fliS	en_familia	21	0.5000	shell	shell	si	no	no
bin_1_54	bin-1-54	bin_1_54_02314	cds	contig_32	341792	0.4221	28906	30417	-	28905	503		flagellar hook-associated protein 2	no	group_6108	en_familia	20	0.4762	shell	shell	si	no	no
bin_1_54	bin-1-54	bin_1_54_02315	cds	contig_32	341792	0.4221	30432	30794	-	30431	120	flaG	flagellar protein FlaG	no	flaG	en_familia	20	0.4762	shell	shell	si	no	no
bin_1_54	bin-1-54	bin_1_54_02316	cds	contig_32	341792	0.4221	30795	31082	-	30794	95		hypothetical protein	no	group_4064	en_familia	4	0.0952	cloud	cloud	si	si	no
bin_1_54	bin-1-54	bin_1_54_02317	cds	contig_32	341792	0.4221	31803	33068	-	31802	421		Flagellin	no	group_5017	en_familia	4	0.0952	cloud	cloud	si	si	no
bin_1_54	bin-1-54	bin_1_54_02318	cds	contig_32	341792	0.4221	33206	33439	-	33205	77	csrA	carbon storage regulator CsrA	no	csrA	en_familia	20	0.4762	shell	shell	si	no	no
bin_1_54	bin-1-54	bin_1_54_02319	cds	contig_32	341792	0.4221	33439	33882	-	33438	147	fliW	flagellar assembly protein FliW	no	fliW	en_familia	20	0.4762	shell	shell	si	no	no
bin_1_54	bin-1-54	bin_1_54_02320	cds	contig_32	341792	0.4221	33891	34469	-	33890	192	yviE	YviE	no	yviE	en_familia	20	0.4762	shell	shell	si	no	no
bin_1_54	bin-1-54	bin_1_54_02321	cds	contig_32	341792	0.4221	34514	35392	-	34513	292	flgL	flagellar hook-associated protein FlgL	no	flgL	en_familia	20	0.4762	shell	shell	si	no	no
bin_1_54	bin-1-54	bin_1_54_02322	cds	contig_32	341792	0.4221	35408	36967	-	35407	519	flgK	flagellar hook-associated protein FlgK	no	flgK	en_familia	20	0.4762	shell	shell	si	no	no
bin_1_54	bin-1-54	bin_1_54_02323	cds	contig_32	341792	0.4221	36998	37486	-	36997	162	flgN	Flagellar protein FlgN	no	flgN	en_familia	33	0.7857	shell	shell	si	no	no
bin_1_54	bin-1-54	bin_1_54_02324	cds	contig_32	341792	0.4221	37567	37830	-	37566	87	flgM	flagellar biosynthesis anti-sigma factor FlgM	no	flgM	en_familia	42	1.0000	core	core	no	no	no
bin_1_54	bin-1-54	bin_1_54_02325	cds	contig_32	341792	0.4221	38055	38474	-	38054	139	yvyF	YvyF	no	yvyF	en_familia	41	0.9762	core	core	no	no	no
bin_1_54	bin-1-54	bin_1_54_02326	cds	contig_32	341792	0.4221	38574	39266	-	38573	230	comF	ComF family protein	no	group_5578	en_familia	42	1.0000	core	core	no	no	no
bin_1_54	bin-1-54	bin_1_54_02327	cds	contig_32	341792	0.4221	39259	40659	-	39258	466		Helicase	no	comF	en_familia	42	1.0000	core	core	no	no	no
bin_1_54	bin-1-54	bin_1_54_02328	cds	contig_32	341792	0.4221	40774	41616	-	40773	280	degV	Fatty acid-binding protein DegV	no	group_3404	en_familia	42	1.0000	core	core	no	no	no
bin_1_54	bin-1-54	bin_1_54_02329	cds	contig_32	341792	0.4221	41799	42482	-	41798	227	citB	Response regulator transcription factor	no	cheY~~~citB	en_familia	42	1.0000	core	core	no	no	no
bin_1_54	bin-1-54	bin_1_54_02330	cds	contig_32	341792	0.4221	42516	43670	-	42515	384	degS	Signal transduction histidine-protein kinase/phosphatase DegS	no	degS	en_familia	42	1.0000	core	core	no	no	no
bin_1_54	bin-1-54	bin_1_54_02331	cds	contig_32	341792	0.4221	44287	44922	+	44286	211	yigZ	IMPACT family member YigZ	no	yigZ	en_familia	42	1.0000	core	core	no	no	no
bin_1_54	bin-1-54	bin_1_54_02332	cds	contig_32	341792	0.4221	45101	46123	+	45100	340	lytR	Transcriptional attenuator, LytR family	no	group_7700	en_familia	42	1.0000	core	core	no	no	no
bin_1_54	bin-1-54	bin_1_54_02333	cds	contig_32	341792	0.4221	46280	47338	-	46279	352	rfe	Undecaprenyl-phosphate N-acetylglucosaminyl 1-phosphate transferase	no	rfe	en_familia	42	1.0000	core	core	no	no	no
bin_1_54	bin-1-54	bin_1_54_02334	cds	contig_32	341792	0.4221	47414	48517	-	47413	367		Glycosyltransferase	no	group_1588	en_familia	42	1.0000	core	core	no	no	no
bin_1_54	bin-1-54	bin_1_54_02335	cds	contig_32	341792	0.4221	48536	49279	-	48535	247		N-acetylglucosaminyldiphosphoundecaprenol N-acetyl-beta-D-mannosaminyltransferase	no	group_4796	en_familia	42	1.0000	core	core	no	no	no
bin_1_54	bin-1-54	bin_1_54_02336	cds	contig_32	341792	0.4221	49391	50821	+	49390	476		O-antigen ligase-related domain-containing protein	no	group_2228	en_familia	42	1.0000	core	core	no	no	no
bin_1_54	bin-1-54	bin_1_54_02337	cds	contig_32	341792	0.4221	50826	52352	+	50825	508	murJ	murein biosynthesis integral membrane protein MurJ	no	group_4479	en_familia	42	1.0000	core	core	no	no	no
bin_1_54	bin-1-54	bin_1_54_02338	cds	contig_32	341792	0.4221	52377	53543	+	52376	388		Alpha-D-kanosaminyltransferase	no	group_982	en_familia	42	1.0000	core	core	no	no	no
bin_1_54	bin-1-54	bin_1_54_02339	cds	contig_32	341792	0.4221	53582	54379	-	53581	265	tagH	teichoic acids export ABC transporter ATP-binding subunit TagH	no	group_10609	en_familia	42	1.0000	core	core	no	no	no
bin_1_54	bin-1-54	bin_1_54_02340	cds	contig_32	341792	0.4221	54397	55194	-	54396	265		Transport permease protein	no	group_10610	en_familia	42	1.0000	core	core	no	no	no
bin_1_54	bin-1-54	bin_1_54_02341	cds	contig_32	341792	0.4221	55198	56430	-	55197	410		CDP-glycerol--glycerophosphate glycerophosphotransferase	no	group_2119	en_familia	42	1.0000	core	core	no	no	no
bin_1_54	bin-1-54	bin_1_54_02342	cds	contig_32	341792	0.4221	56540	58078	-	56539	512		Glycosyltransferase 2-like domain-containing protein	no	group_3589	en_familia	41	0.9762	core	core	no	no	no
bin_1_54	bin-1-54	bin_1_54_02343	cds	contig_32	341792	0.4221	58175	61504	-	58174	1109	tarS	TarS C-terminal domain-containing protein	no	tarS	en_familia	41	0.9762	core	core	no	no	no
bin_1_54	bin-1-54	bin_1_54_02344	cds	contig_32	341792	0.4221	62393	62791	+	62392	132	tagD	glycerol-3-phosphate cytidylyltransferase	no	tagD	en_familia	42	1.0000	core	core	no	no	no
bin_1_54	bin-1-54	bin_1_54_02345	cds	contig_32	341792	0.4221	62784	63947	+	62783	387		CDP-glycerol--glycerophosphate glycerophosphotransferase	no	group_2705	en_familia	42	1.0000	core	core	no	no	no
bin_1_54	bin-1-54	bin_1_54_02346	cds	contig_32	341792	0.4221	64241	65281	+	64240	346		Peptidoglycan endopeptidase	no	group_1920	en_familia	42	1.0000	core	core	no	no	no
bin_1_54	bin-1-54	bin_1_54_02347	cds	contig_32	341792	0.4221	65559	66485	+	65558	308	tagU	Polyisoprenyl-teichoic acid--peptidoglycan teichoic acid transferase TagU	no	tagU	en_familia	42	1.0000	core	core	no	no	no
bin_1_54	bin-1-54	bin_1_54_02348	cds	contig_32	341792	0.4221	66503	68293	-	66502	596		Sulfatase N-terminal domain-containing protein	no	group_11891	en_familia	42	1.0000	core	core	no	no	no
bin_1_54	bin-1-54	bin_1_54_02349	cds	contig_32	341792	0.4221	68537	68998	-	68536	153		SLAP domain-containing protein	no	group_4942	en_familia	42	1.0000	core	core	no	no	no
bin_1_54	bin-1-54	bin_1_54_02350	cds	contig_32	341792	0.4221	68995	71373	-	68994	792	secA	preprotein translocase subunit SecA	no	group_4382	en_familia	42	1.0000	core	core	no	no	no
bin_1_54	bin-1-54	bin_1_54_02351	cds	contig_32	341792	0.4221	71629	73053	+	71628	474		Alkaline phosphatase 4	no	group_10021	en_familia	42	1.0000	core	core	no	no	no
bin_1_54	bin-1-54	bin_1_54_02352	cds	contig_32	341792	0.4221	73188	73418	+	73187	76		hypothetical protein	no	group_11122	en_familia	5	0.1190	cloud	cloud	si	si	no
bin_1_54	bin-1-54	bin_1_54_02353	cds	contig_32	341792	0.4221	73717	75786	-	73716	689	lytC	Modifier protein of major autolysin LytC	no	lytC	en_familia	42	1.0000	core	core	no	no	no
bin_1_54	bin-1-54	bin_1_54_02354	cds	contig_32	341792	0.4221	76110	78116	-	76109	668		serine-type D-Ala-D-Ala carboxypeptidase	no	group_471	en_familia	42	1.0000	core	core	no	no	no
bin_1_54	bin-1-54	bin_1_54_02355	cds	contig_32	341792	0.4221	78271	79707	-	78270	478		Group-specific protein	no	group_759	en_familia	42	1.0000	core	core	no	no	no
bin_1_54	bin-1-54	bin_1_54_02356	cds	contig_32	341792	0.4221	80171	80314	+	80170	47		Stage II sporulation protein SB	no	group_3670	en_familia	42	1.0000	core	core	no	no	no
bin_1_54	bin-1-54	bin_1_54_02357	cds	contig_32	341792	0.4221	80343	80660	-	80342	105		Phage protein	no	group_14193	en_familia	42	1.0000	core	core	no	no	no
bin_1_54	bin-1-54	bin_1_54_02358	cds	contig_32	341792	0.4221	80898	81011	-	80897	37		ECF transporter S component	no	group_11552	en_familia	42	1.0000	core	core	no	no	no
bin_1_54	bin-1-54	bin_1_54_02359	cds	contig_32	341792	0.4221	81208	82101	+	81207	297	hipB	HTH cro/C1-type domain-containing protein	no	group_9420	en_familia	42	1.0000	core	core	no	no	no
bin_1_54	bin-1-54	bin_1_54_02360	cds	contig_32	341792	0.4221	82591	84216	+	82590	541		SWIM-type domain-containing protein	no	group_1249	en_familia	42	1.0000	core	core	no	no	no
bin_1_54	bin-1-54	bin_1_54_02361	cds	contig_32	341792	0.4221	84209	87181	+	84208	990	hepA	ATP-dependent RNA helicase DbpA	no	hepA	en_familia	42	1.0000	core	core	no	no	no
bin_1_54	bin-1-54	bin_1_54_02362	cds	contig_32	341792	0.4221	87309	87917	-	87308	202	argO	Arginine exporter protein ArgO	no	argO	en_familia	42	1.0000	core	core	no	no	no
bin_1_54	bin-1-54	bin_1_54_02363	cds	contig_32	341792	0.4221	88207	89280	+	88206	357	gntR	GntR family transcriptional regulator	no	aRO8~~~gntR	en_familia	42	1.0000	core	core	no	no	no
bin_1_54	bin-1-54	bin_1_54_02364	cds	contig_32	341792	0.4221	89351	89767	-	89350	138		hypothetical protein	no	group_651	en_familia	42	1.0000	core	core	no	no	no
bin_1_54	bin-1-54	bin_1_54_02365	cds	contig_32	341792	0.4221	90483	94220	-	90482	1245	mlaC	PII-type proteinase	no	mlaC	en_familia	42	1.0000	core	core	no	no	no
bin_1_54	bin-1-54	bin_1_54_02366	cds	contig_32	341792	0.4221	94428	95330	-	94427	300	dppC	Glutathione transport system permease protein GsiD	no	group_9324	en_familia	42	1.0000	core	core	no	no	no
bin_1_54	bin-1-54	bin_1_54_02367	cds	contig_32	341792	0.4221	95343	96347	-	95342	334	dppB	Dipeptide transport system permease protein DppB	no	group_12839	en_familia	42	1.0000	core	core	no	no	no
bin_1_54	bin-1-54	bin_1_54_02368	cds	contig_32	341792	0.4221	96463	98079	-	96462	538	ddpA	Periplasmic dipeptide transport protein	no	group_1839	en_familia	42	1.0000	core	core	no	no	no
bin_1_54	bin-1-54	bin_1_54_02369	cds	contig_32	341792	0.4221	98122	99090	-	98121	322	dppD	Oligopeptide transport ATP-binding protein OppF	no	group_8679	en_familia	42	1.0000	core	core	no	no	no
bin_1_54	bin-1-54	bin_1_54_02370	cds	contig_32	341792	0.4221	99071	100075	-	99070	334	dppD	Oligopeptide transport ATP-binding protein OppD	no	group_8098	en_familia	42	1.0000	core	core	no	no	no
bin_1_54	bin-1-54	bin_1_54_02371	cds	contig_32	341792	0.4221	100513	100875	-	100512	120	ssb	Single-stranded DNA-binding protein	no	ssb	en_familia	42	1.0000	core	core	no	no	no
bin_1_54	bin-1-54	bin_1_54_02372	cds	contig_32	341792	0.4221	101235	101669	+	101234	144		YwpF-like protein	no	group_334	en_familia	42	1.0000	core	core	no	no	no
bin_1_54	bin-1-54	bin_1_54_02373	cds	contig_32	341792	0.4221	101784	102083	-	101783	99		Lipoprotein	no	group_2643	en_familia	42	1.0000	core	core	no	no	no
bin_1_54	bin-1-54	bin_1_54_02374	cds	contig_32	341792	0.4221	102371	102799	-	102370	142	fabZ	3-hydroxyacyl-ACP dehydratase FabZ	no	fabZ	en_familia	42	1.0000	core	core	no	no	no
bin_1_54	bin-1-54	bin_1_54_02375	cds	contig_32	341792	0.4221	102927	103181	-	102926	84		DNA-directed RNA polymerase subunit beta	no	group_7155	en_familia	42	1.0000	core	core	no	no	no
bin_1_54	bin-1-54	bin_1_54_02376	cds	contig_32	341792	0.4221	103350	104192	-	103349	280	flgG	Flagellar basal-body rod protein FlgG	no	flgG	en_familia	42	1.0000	core	core	no	no	no
bin_1_54	bin-1-54	bin_1_54_02377	cds	contig_32	341792	0.4221	104241	105080	-	104240	279	flhO	Flagellar hook-basal body complex protein FlhO	no	flhO	en_familia	42	1.0000	core	core	no	no	no
bin_1_54	bin-1-54	bin_1_54_02378	cds	contig_32	341792	0.4221	105358	106359	-	105357	333	mreB	Cell shape-determining protein MreB	no	group_8159	en_familia	42	1.0000	core	core	no	no	no
bin_1_54	bin-1-54	bin_1_54_02379	cds	contig_32	341792	0.4221	106668	106940	-	106667	90	spoIIID	sporulation transcriptional regulator SpoIIID	no	spoIIID	en_familia	42	1.0000	core	core	no	no	no
bin_1_54	bin-1-54	bin_1_54_02380	cds	contig_32	341792	0.4221	107375	108253	-	107374	292		Peptidase M23 domain-containing protein	no	group_2852	en_familia	42	1.0000	core	core	no	no	no
bin_1_54	bin-1-54	bin_1_54_02381	cds	contig_32	341792	0.4221	108407	108832	+	108406	141		VanZ-like domain-containing protein	no	group_1869	en_familia	42	1.0000	core	core	no	no	no
bin_1_54	bin-1-54	bin_1_54_02382	cds	contig_32	341792	0.4221	108853	109890	-	108852	345	spoIID	stage II sporulation protein D	no	group_13056	en_familia	42	1.0000	core	core	no	no	no
bin_1_54	bin-1-54	bin_1_54_02383	cds	contig_32	341792	0.4221	110093	111394	-	110092	433	murA	UDP-N-acetylglucosamine 1-carboxyvinyltransferase	no	murA	en_familia	42	1.0000	core	core	no	no	no
bin_1_54	bin-1-54	bin_1_54_02384	cds	contig_32	341792	0.4221	111427	112176	-	111426	249		TATA-box binding protein	no	group_11256	en_familia	42	1.0000	core	core	no	no	no
bin_1_54	bin-1-54	bin_1_54_02385	cds	contig_32	341792	0.4221	112335	112577	-	112334	80	ywzB	DUF1146 domain-containing protein	no	ywzB	en_familia	42	1.0000	core	core	no	no	no
bin_1_54	bin-1-54	bin_1_54_02386	cds	contig_32	341792	0.4221	112727	114253	-	112726	508	nuoN	NADH-quinone oxidoreductase subunit NuoN	no	nuoN	en_familia	42	1.0000	core	core	no	no	no
bin_1_54	bin-1-54	bin_1_54_02387	cds	contig_32	341792	0.4221	114257	115780	-	114256	507		NAD(P)H-quinone oxidoreductase chain 4 1	no	nuoM	en_familia	42	1.0000	core	core	no	no	no
bin_1_54	bin-1-54	bin_1_54_02388	cds	contig_32	341792	0.4221	115777	117648	-	115776	623	nuoL	NADH-quinone oxidoreductase subunit L	no	nuoL	en_familia	42	1.0000	core	core	no	no	no
bin_1_54	bin-1-54	bin_1_54_02389	cds	contig_32	341792	0.4221	117683	117997	-	117682	104	nuoK	NADH-quinone oxidoreductase subunit NuoK	no	nuoK	en_familia	42	1.0000	core	core	no	no	no
bin_1_54	bin-1-54	bin_1_54_02390	cds	contig_32	341792	0.4221	117994	118512	-	117993	172		NADH-quinone oxidoreductase subunit J	no	group_13806	en_familia	42	1.0000	core	core	no	no	no
bin_1_54	bin-1-54	bin_1_54_02391	cds	contig_32	341792	0.4221	118509	118928	-	118508	139	nuoI	NADH-quinone oxidoreductase subunit NuoI	no	nuoI	en_familia	42	1.0000	core	core	no	no	no
bin_1_54	bin-1-54	bin_1_54_02392	cds	contig_32	341792	0.4221	118962	119969	-	118961	335	nuoH	NADH-quinone oxidoreductase subunit NuoH	no	nuoH	en_familia	42	1.0000	core	core	no	no	no
bin_1_54	bin-1-54	bin_1_54_02393	cds	contig_32	341792	0.4221	119970	121067	-	119969	365		NADH-quinone oxidoreductase subunit D	no	group_6552	en_familia	42	1.0000	core	core	no	no	no
bin_1_54	bin-1-54	bin_1_54_02394	cds	contig_32	341792	0.4221	121073	122227	-	121072	384		hypothetical protein	no	group_1625	en_familia	41	0.9762	core	core	no	no	no
bin_1_54	bin-1-54	bin_1_54_02395	cds	contig_32	341792	0.4221	122228	122740	-	122227	170	nuoB	NADH-quinone oxidoreductase subunit B	no	nuoB	en_familia	42	1.0000	core	core	no	no	no
bin_1_54	bin-1-54	bin_1_54_02396	cds	contig_32	341792	0.4221	122731	123105	-	122730	124	nuoA	NADH-quinone oxidoreductase subunit A	no	nuoA	en_familia	42	1.0000	core	core	no	no	no
bin_1_54	bin-1-54	bin_1_54_02397	cds	contig_32	341792	0.4221	123448	123849	-	123447	133	atpC	F0F1 ATP synthase subunit epsilon	no	atpC	en_familia	42	1.0000	core	core	no	no	no
bin_1_54	bin-1-54	bin_1_54_02398	cds	contig_32	341792	0.4221	123875	125272	-	123874	465	atpD	F0F1 ATP synthase subunit beta	no	atpD	en_familia	42	1.0000	core	core	no	no	no
bin_1_54	bin-1-54	bin_1_54_02399	cds	contig_32	341792	0.4221	125360	126220	-	125359	286	atpG	F0F1 ATP synthase subunit gamma	no	atpG	en_familia	42	1.0000	core	core	no	no	no
bin_1_54	bin-1-54	bin_1_54_02400	cds	contig_32	341792	0.4221	126258	127766	-	126257	502	atpA	F0F1 ATP synthase subunit alpha	no	atpA	en_familia	42	1.0000	core	core	no	no	no
bin_1_54	bin-1-54	bin_1_54_02401	cds	contig_32	341792	0.4221	127791	128327	-	127790	178	atpH	F0F1 ATP synthase subunit delta	no	atpH	en_familia	42	1.0000	core	core	no	no	no
bin_1_54	bin-1-54	bin_1_54_02402	cds	contig_32	341792	0.4221	128324	128845	-	128323	173	atpF	F0F1 ATP synthase subunit B	no	atpF	en_familia	42	1.0000	core	core	no	no	no
bin_1_54	bin-1-54	bin_1_54_02403	cds	contig_32	341792	0.4221	129011	129235	-	129010	74	atpE	F0F1 ATP synthase subunit C	no	atpE	en_familia	42	1.0000	core	core	no	no	no
bin_1_54	bin-1-54	bin_1_54_02404	cds	contig_32	341792	0.4221	129300	129995	-	129299	231	atpB	F0F1 ATP synthase subunit A	no	atpB	en_familia	42	1.0000	core	core	no	no	no
bin_1_54	bin-1-54	bin_1_54_02405	cds	contig_32	341792	0.4221	130018	130386	-	130017	122		ATP synthase subunit I	no	group_2358	en_familia	19	0.4524	shell	shell	si	no	no
bin_1_54	bin-1-54	bin_1_54_02406	cds	contig_32	341792	0.4221	130845	133073	-	130844	742		Minor extracellular protease vpr	no	group_2727	en_familia	42	1.0000	core	core	no	no	no
bin_1_54	bin-1-54	bin_1_54_02407	cds	contig_32	341792	0.4221	133158	134300	-	133157	380	wecB	non-hydrolyzing UDP-N-acetylglucosamine 2-epimerase	no	wecB	en_familia	42	1.0000	core	core	no	no	no
bin_1_54	bin-1-54	bin_1_54_02408	cds	contig_32	341792	0.4221	134324	134953	-	134323	209	upp	uracil phosphoribosyltransferase	no	upp	en_familia	42	1.0000	core	core	no	no	no
bin_1_54	bin-1-54	bin_1_54_02409	cds	contig_32	341792	0.4221	135188	136429	-	135187	413	glyA	Serine hydroxymethyltransferase	no	group_4102	en_familia	42	1.0000	core	core	no	no	no
bin_1_54	bin-1-54	bin_1_54_02410	cds	contig_32	341792	0.4221	136800	137393	-	136799	197		UPF0340 protein BN1180_00222	no	group_1416	en_familia	42	1.0000	core	core	no	no	no
bin_1_54	bin-1-54	bin_1_54_02411	cds	contig_32	341792	0.4221	137453	137899	-	137452	148	rpiB	ribose 5-phosphate isomerase B	no	rpiB	en_familia	42	1.0000	core	core	no	no	no
bin_1_54	bin-1-54	bin_1_54_02412	cds	contig_32	341792	0.4221	138239	138682	-	138238	147		Protein-arginine-phosphatase	no	group_2627	en_familia	42	1.0000	core	core	no	no	no
bin_1_54	bin-1-54	bin_1_54_02413	cds	contig_32	341792	0.4221	138824	139390	-	138823	188	mntP	Putative manganese efflux pump MntP	no	mntP	en_familia	42	1.0000	core	core	no	no	no
bin_1_54	bin-1-54	bin_1_54_02414	cds	contig_32	341792	0.4221	139465	140523	-	139464	352		L-threonylcarbamoyladenylate synthase	no	group_12146	en_familia	42	1.0000	core	core	no	no	no
bin_1_54	bin-1-54	bin_1_54_02415	cds	contig_32	341792	0.4221	140805	141740	-	140804	311	spoIIR	stage II sporulation protein R	no	spoIIR	en_familia	42	1.0000	core	core	no	no	no
bin_1_54	bin-1-54	bin_1_54_02416	cds	contig_32	341792	0.4221	141893	142762	-	141892	289	prmC	peptide chain release factor N(5)-glutamine methyltransferase	no	prmC	en_familia	42	1.0000	core	core	no	no	no
bin_1_54	bin-1-54	bin_1_54_02417	cds	contig_32	341792	0.4221	142755	143825	-	142754	356	prfA	peptide chain release factor 1	no	prfA	en_familia	42	1.0000	core	core	no	no	no
bin_1_54	bin-1-54	bin_1_54_02418	cds	contig_32	341792	0.4221	143990	144439	-	143989	149		Sporulation protein	no	group_1682	en_familia	42	1.0000	core	core	no	no	no
bin_1_54	bin-1-54	bin_1_54_02419	cds	contig_32	341792	0.4221	144628	145233	-	144627	201	tdk	thymidine kinase	no	tdk	en_familia	42	1.0000	core	core	no	no	no
bin_1_54	bin-1-54	bin_1_54_02420	cds	contig_32	341792	0.4221	145372	145572	-	145371	66	rpmE	50S ribosomal protein L31	no	group_9416	en_familia	42	1.0000	core	core	no	no	no
bin_1_54	bin-1-54	bin_1_54_02421	cds	contig_32	341792	0.4221	145722	147011	-	145721	429	rho	transcription termination factor Rho	no	rho	en_familia	42	1.0000	core	core	no	no	no
bin_1_54	bin-1-54	bin_1_54_02422	cds	contig_32	341792	0.4221	147330	148292	-	147329	320	glpX	class II fructose-bisphosphatase	no	group_8762	en_familia	42	1.0000	core	core	no	no	no
bin_1_54	bin-1-54	bin_1_54_02423	cds	contig_32	341792	0.4221	148392	149675	-	148391	427	murA	UDP-N-acetylglucosamine 1-carboxyvinyltransferase	no	group_3707	en_familia	42	1.0000	core	core	no	no	no
bin_1_54	bin-1-54	bin_1_54_02424	cds	contig_32	341792	0.4221	149884	150534	-	149883	216	fsa	fructose-6-phosphate aldolase	no	fsa	en_familia	42	1.0000	core	core	no	no	no
bin_1_54	bin-1-54	bin_1_54_02425	cds	contig_32	341792	0.4221	150696	151553	-	150695	285	fba	class II fructose-bisphosphate aldolase	no	group_9857	en_familia	42	1.0000	core	core	no	no	no
bin_1_54	bin-1-54	bin_1_54_02426	cds	contig_32	341792	0.4221	151801	152172	-	151800	123	spo0F	Response regulator	no	spo0F	en_familia	42	1.0000	core	core	no	no	no
bin_1_54	bin-1-54	bin_1_54_02427	cds	contig_32	341792	0.4221	152483	153013	+	152482	176		DUF2529 domain-containing protein	no	group_12847	en_familia	42	1.0000	core	core	no	no	no
bin_1_54	bin-1-54	bin_1_54_02428	cds	contig_32	341792	0.4221	153274	154881	-	153273	535	pyrG	CTP synthase	no	pyrG	en_familia	42	1.0000	core	core	no	no	no
bin_1_54	bin-1-54	bin_1_54_02429	cds	contig_32	341792	0.4221	155293	155883	-	155292	196	rpoE	DNA-directed RNA polymerase subunit delta	no	group_3086	en_familia	42	1.0000	core	core	no	no	no
bin_1_54	bin-1-54	bin_1_54_02430	cds	contig_32	341792	0.4221	156089	156259	-	156088	56		DUF3953 domain-containing protein	no	group_12657	en_familia	42	1.0000	core	core	no	no	no
bin_1_54	bin-1-54	bin_1_54_02431	cds	contig_32	341792	0.4221	156399	159665	-	156398	1088	icmF	fused isobutyryl-CoA mutase/GTPase IcmF	no	icmF	en_familia	42	1.0000	core	core	no	no	no
bin_1_54	bin-1-54	bin_1_54_02432	cds	contig_32	341792	0.4221	159696	160328	-	159695	210	acrR	HTH-type transcriptional repressor KstR2	no	group_12526	en_familia	42	1.0000	core	core	no	no	no
bin_1_54	bin-1-54	bin_1_54_02433	cds	contig_32	341792	0.4221	160440	161579	-	160439	379	caiA	Acyl-CoA dehydrogenase	no	group_5757	en_familia	42	1.0000	core	core	no	no	no
bin_1_54	bin-1-54	bin_1_54_02434	cds	contig_32	341792	0.4221	161606	162742	-	161605	378	caiA	Acyl-CoA dehydrogenase	no	group_1554	en_familia	42	1.0000	core	core	no	no	no
bin_1_54	bin-1-54	bin_1_54_02435	cds	contig_32	341792	0.4221	162777	163628	-	162776	283	fadB	3-hydroxybutyryl-CoA dehydrogenase	no	group_9940	en_familia	42	1.0000	core	core	no	no	no
bin_1_54	bin-1-54	bin_1_54_02436	cds	contig_32	341792	0.4221	163662	164855	-	163661	397	paaJ	acetyl-CoA C-acetyltransferase	no	group_4740	en_familia	42	1.0000	core	core	no	no	no
bin_1_54	bin-1-54	bin_1_54_02437	cds	contig_32	341792	0.4221	165050	167185	-	165049	711	glpC	4Fe-4S ferredoxin-type domain-containing protein	no	glpC	en_familia	42	1.0000	core	core	no	no	no
bin_1_54	bin-1-54	bin_1_54_02438	cds	contig_32	341792	0.4221	167472	168674	+	167471	400	cls	cardiolipin synthase	no	cls	en_familia	42	1.0000	core	core	no	no	no
bin_1_54	bin-1-54	bin_1_54_02439	cds	contig_32	341792	0.4221	168703	169656	+	168702	317	uvsE	UV DNA damage repair endonuclease UvsE	no	uvsE	en_familia	42	1.0000	core	core	no	no	no
bin_1_54	bin-1-54	bin_1_54_02440	cds	contig_32	341792	0.4221	169704	171374	-	169703	556	argS	arginine--tRNA ligase	no	group_1115	en_familia	42	1.0000	core	core	no	no	no
bin_1_54	bin-1-54	bin_1_54_02441	cds	contig_32	341792	0.4221	171378	171818	-	169974	146		DUF1934 domain-containing protein	no	ywiB	en_familia	42	1.0000	core	core	no	no	no
bin_1_54	bin-1-54	bin_1_54_02442	cds	contig_32	341792	0.4221	172081	172959	-	168833	292	speB	agmatinase	no	group_9596	en_familia	42	1.0000	core	core	no	no	no
bin_1_54	bin-1-54	bin_1_54_02443	cds	contig_32	341792	0.4221	172974	173801	-	167991	275	speE	spermidine synthase	no	speE	en_familia	42	1.0000	core	core	no	no	no
bin_1_54	bin-1-54	bin_1_54_02444	cds	contig_32	341792	0.4221	174009	176078	+	165714	689	mrcB	peptidoglycan glycosyltransferase	no	mrcB	en_familia	42	1.0000	core	core	no	no	no
bin_1_54	bin-1-54	bin_1_54_02445	cds	contig_32	341792	0.4221	176229	176738	-	165054	169	ywhD	YwhD family protein	no	ywhD	en_familia	42	1.0000	core	core	no	no	no
bin_1_54	bin-1-54	bin_1_54_02446	cds	contig_32	341792	0.4221	176778	177452	-	164340	224		Zinc metalloprotease Rip2	no	spoIVFB	en_familia	42	1.0000	core	core	no	no	no
bin_1_54	bin-1-54	bin_1_54_02447	cds	contig_32	341792	0.4221	177593	177778	+	164014	61	pptA	2-hydroxymuconate tautomerase	no	pptA	en_familia	42	1.0000	core	core	no	no	no
bin_1_54	bin-1-54	bin_1_54_02448	cds	contig_32	341792	0.4221	177808	178317	-	163475	169	ywgA	YwgA family protein	no	ywgA	en_familia	42	1.0000	core	core	no	no	no
bin_1_54	bin-1-54	bin_1_54_02449	cds	contig_32	341792	0.4221	178350	179657	-	162135	435	ydhJ	HD domain-containing protein	no	ydhJ	en_familia	42	1.0000	core	core	no	no	no
bin_1_54	bin-1-54	bin_1_54_02450	cds	contig_32	341792	0.4221	179894	180115	-	161677	73	yuzB	UPF0741 protein AS888_15165	no	yuzB	en_familia	42	1.0000	core	core	no	no	no
bin_1_54	bin-1-54	bin_1_54_02451	cds	contig_32	341792	0.4221	180386	181132	+	160660	248	rsfA	Prespore-specific transcriptional regulator RsfA	no	rsfA	en_familia	42	1.0000	core	core	no	no	no
bin_1_54	bin-1-54	bin_1_54_02452	cds	contig_32	341792	0.4221	181358	182206	-	159586	282		Octanoyl-[GcvH]:protein N-octanoyltransferase	no	group_13371	en_familia	42	1.0000	core	core	no	no	no
bin_1_54	bin-1-54	bin_1_54_02453	cds	contig_32	341792	0.4221	182241	183227	-	158565	328	pta	phosphate acetyltransferase	no	pta	en_familia	42	1.0000	core	core	no	no	no
bin_1_54	bin-1-54	bin_1_54_02454	cds	contig_32	341792	0.4221	183467	184216	+	157576	249	hemQ	hydrogen peroxide-dependent heme synthase	no	hemQ	en_familia	42	1.0000	core	core	no	no	no
bin_1_54	bin-1-54	bin_1_54_02455	cds	contig_32	341792	0.4221	184632	185162	+	156630	176	gerQ	spore coat protein GerQ	no	gerQ	en_familia	42	1.0000	core	core	no	no	no
bin_1_54	bin-1-54	bin_1_54_02456	cds	contig_32	341792	0.4221	185487	185855	-	155937	122	ygdD	DUF423 domain-containing protein	no	ygdD	en_familia	42	1.0000	core	core	no	no	no
bin_1_54	bin-1-54	bin_1_54_02457	cds	contig_32	341792	0.4221	185879	186214	-	155578	111	ywdI	YwdI family protein	no	ywdI	en_familia	42	1.0000	core	core	no	no	no
bin_1_54	bin-1-54	bin_1_54_02458	cds	contig_32	341792	0.4221	186407	187087	-	154705	226		uracil-DNA glycosylase	no	group_3596	en_familia	42	1.0000	core	core	no	no	no
bin_1_54	bin-1-54	bin_1_54_02459	cds	contig_32	341792	0.4221	187240	188673	+	153119	477		phospholipase D	no	group_922	en_familia	42	1.0000	core	core	no	no	no
bin_1_54	bin-1-54	bin_1_54_02460	cds	contig_32	341792	0.4221	188809	189156	+	152636	115		General stress protein	no	group_1748	en_familia	42	1.0000	core	core	no	no	no
bin_1_54	bin-1-54	bin_1_54_02461	cds	contig_32	341792	0.4221	189234	190253	-	151539	339		Molybdopterin-synthase adenylyltransferase	no	group_13137	en_familia	42	1.0000	core	core	no	no	no
bin_1_54	bin-1-54	bin_1_54_02462	cds	contig_32	341792	0.4221	190278	190511	-	151281	77	moaD	molybdopterin converting factor subunit 1	no	moaD	en_familia	42	1.0000	core	core	no	no	no
bin_1_54	bin-1-54	bin_1_54_02463	cds	contig_32	341792	0.4221	190504	190968	-	150824	154	moaE	Molybdopterin synthase catalytic subunit	no	moaE	en_familia	42	1.0000	core	core	no	no	no
bin_1_54	bin-1-54	bin_1_54_02464	cds	contig_32	341792	0.4221	190958	191593	-	150199	211		putative molybdenum cofactor guanylyltransferase	no	group_12118	en_familia	42	1.0000	core	core	no	no	no
bin_1_54	bin-1-54	bin_1_54_02465	cds	contig_32	341792	0.4221	191964	192791	+	149001	275	pdxK	pyridoxine/pyridoxal/pyridoxamine kinase	no	pdxK	en_familia	42	1.0000	core	core	no	no	no
bin_1_54	bin-1-54	bin_1_54_02466	cds	contig_32	341792	0.4221	192916	193263	+	148529	115		DUF1806 domain-containing protein	no	group_3075	en_familia	42	1.0000	core	core	no	no	no
bin_1_54	bin-1-54	bin_1_54_02467	cds	contig_32	341792	0.4221	193366	194031	+	147761	221	bshB2	bacillithiol biosynthesis deacetylase BshB2	no	bshB2	en_familia	42	1.0000	core	core	no	no	no
bin_1_54	bin-1-54	bin_1_54_02468	cds	contig_32	341792	0.4221	194184	195389	-	146403	401	araJ	Multidrug resistance protein MdtL	no	group_2664	en_familia	42	1.0000	core	core	no	no	no
bin_1_54	bin-1-54	bin_1_54_02469	cds	contig_32	341792	0.4221	195408	195827	-	145965	139		HTH marR-type domain-containing protein	no	group_637	en_familia	42	1.0000	core	core	no	no	no
bin_1_54	bin-1-54	bin_1_54_02470	cds	contig_32	341792	0.4221	196069	196296	+	145496	75		hypothetical protein	no	group_2676	en_familia	2	0.0476	cloud	cloud	si	si	no
bin_1_54	bin-1-54	bin_1_54_02471	cds	contig_32	341792	0.4221	196403	197491	-	144301	362		Quinoprotein glucose dehydrogenase B	no	group_3296	en_familia	42	1.0000	core	core	no	no	no
bin_1_54	bin-1-54	bin_1_54_02472	cds	contig_32	341792	0.4221	197519	198385	-	143407	288		Hydrolase	no	group_13279	en_familia	42	1.0000	core	core	no	no	no
bin_1_54	bin-1-54	bin_1_54_02473	cds	contig_32	341792	0.4221	198552	199655	-	142137	367		ATPase	no	group_3295	en_familia	42	1.0000	core	core	no	no	no
bin_1_54	bin-1-54	bin_1_54_02474	cds	contig_32	341792	0.4221	199760	200236	-	141556	158	ybaK	Cys-tRNA(Pro) deacylase	no	group_962	en_familia	42	1.0000	core	core	no	no	no
bin_1_54	bin-1-54	bin_1_54_02475	cds	contig_32	341792	0.4221	200451	201995	-	139797	514	gntK	gluconokinase	no	group_4469	en_familia	42	1.0000	core	core	no	no	no
bin_1_54	bin-1-54	bin_1_54_02476	cds	contig_32	341792	0.4221	202243	202455	-	139337	70	gntP	GntP family permease	no	group_5893	en_familia	19	0.4524	shell	shell	si	no	no
bin_1_54	bin-1-54	bin_1_54_02477	cds	contig_32	341792	0.4221	202691	203389	-	138403	232		ATP-binding protein	no	group_5176	en_familia	42	1.0000	core	core	no	no	no
bin_1_54	bin-1-54	bin_1_54_02478	cds	contig_32	341792	0.4221	203386	203880	-	137912	164		ECF transporter S component	no	group_2434	en_familia	42	1.0000	core	core	no	no	no
bin_1_54	bin-1-54	bin_1_54_02479	cds	contig_32	341792	0.4221	203883	204467	-	137325	194	pduO	Corrinoid adenosyltransferase	no	pduO	en_familia	42	1.0000	core	core	no	no	no
bin_1_54	bin-1-54	bin_1_54_02480	cds	contig_32	341792	0.4221	204862	205479	-	136313	205		Adenosylcobalamin/alpha-ribazole phosphatase	no	group_5175	en_familia	41	0.9762	core	core	no	no	no
bin_1_54	bin-1-54	bin_1_54_02481	cds	contig_32	341792	0.4221	205437	206228	-	135564	263	cobS	adenosylcobinamide-GDP ribazoletransferase	no	cobS	en_familia	42	1.0000	core	core	no	no	no
bin_1_54	bin-1-54	bin_1_54_02482	cds	contig_32	341792	0.4221	206225	206800	-	134992	191		Adenosylcobinamide kinase	no	group_3840	en_familia	42	1.0000	core	core	no	no	no
bin_1_54	bin-1-54	bin_1_54_02483	cds	contig_32	341792	0.4221	206773	207846	-	133946	357	cobD	threonine-phosphate decarboxylase CobD	no	cobD	en_familia	42	1.0000	core	core	no	no	no
bin_1_54	bin-1-54	bin_1_54_02484	cds	contig_32	341792	0.4221	207821	208786	-	133006	321	cbiB	adenosylcobinamide-phosphate synthase CbiB	no	cbiB	en_familia	42	1.0000	core	core	no	no	no
bin_1_54	bin-1-54	bin_1_54_02485	cds	contig_32	341792	0.4221	208783	210255	-	131537	490		heme ABC transporter ATP-binding protein	no	group_1705	en_familia	42	1.0000	core	core	no	no	no
bin_1_54	bin-1-54	bin_1_54_02486	cds	contig_32	341792	0.4221	210261	211316	-	130476	351		Ferric ion ABC transporter permease	no	group_7197	en_familia	42	1.0000	core	core	no	no	no
bin_1_54	bin-1-54	bin_1_54_02487	cds	contig_32	341792	0.4221	211279	212244	-	129548	321	fepB	Vitamin B12-binding protein	no	group_1706	en_familia	42	1.0000	core	core	no	no	no
bin_1_54	bin-1-54	bin_1_54_02488	cds	contig_32	341792	0.4221	212684	213532	-	128260	282		Polysaccharide deacetylase family protein	no	yxkH	en_familia	42	1.0000	core	core	no	no	no
bin_1_54	bin-1-54	bin_1_54_02490	cds	contig_32	341792	0.4221	214013	215059	+	126733	348	xerC	Tyrosine recombinase XerC	no	group_5997	en_familia	17	0.4048	shell	shell	si	no	no
bin_1_54	bin-1-54	bin_1_54_02491	cds	contig_32	341792	0.4221	216035	216691	+	125101	218		Lipoprotein	no	group_12355	en_familia	0	0.0000	exclusivo	exclusivo	no	no	si
bin_1_54	bin-1-54	bin_1_54_02492	cds	contig_32	341792	0.4221	217673	218224	-	123568	183		DNA-Invertase BINR (Transposon TN552)	no	group_13402	en_familia	1	0.0238	cloud	cloud	si	si	no
bin_1_54	bin-1-54	bin_1_54_02493	cds	contig_32	341792	0.4221	218418	218702	-	123090	94		Group-specific protein	no	group_5768	en_familia	0	0.0000	exclusivo	exclusivo	no	no	si
bin_1_54	bin-1-54	bin_1_54_02494	cds	contig_32	341792	0.4221	219031	219987	-	121805	318		Apea-like HEPN domain-containing protein	no	group_8859	en_familia	0	0.0000	exclusivo	exclusivo	no	no	si
bin_1_54	bin-1-54	bin_1_54_02495	cds	contig_32	341792	0.4221	220311	221003	+	120789	230		Sigma-70 family RNA polymerase sigma factor	no	group_12039	en_familia	0	0.0000	exclusivo	exclusivo	no	no	si
bin_1_54	bin-1-54	bin_1_54_02496	cds	contig_32	341792	0.4221	221155	221424	+	120368	89		Transcriptional regulator	no	group_6564	en_familia	0	0.0000	exclusivo	exclusivo	no	no	si
bin_1_54	bin-1-54	bin_1_54_02497	cds	contig_32	341792	0.4221	221421	221837	+	119955	138		hypothetical protein	no	group_812	en_familia	0	0.0000	exclusivo	exclusivo	no	no	si
bin_1_54	bin-1-54	bin_1_54_02498	cds	contig_32	341792	0.4221	221830	222063	+	119729	77		hypothetical protein	no	group_8541	en_familia	0	0.0000	exclusivo	exclusivo	no	no	si
bin_1_54	bin-1-54	bin_1_54_02499	cds	contig_32	341792	0.4221	222065	222673	+	119119	202		hypothetical protein	no	group_12833	en_familia	0	0.0000	exclusivo	exclusivo	no	no	si
bin_1_54	bin-1-54	bin_1_54_02500	cds	contig_32	341792	0.4221	222814	223509	-	118283	231		DUF4145 domain-containing protein	no	group_12017	en_familia	0	0.0000	exclusivo	exclusivo	no	no	si
bin_1_54	bin-1-54	bin_1_54_02501	cds	contig_32	341792	0.4221	223631	224050	-	117742	139		Lipoprotein	no	group_737	en_familia	0	0.0000	exclusivo	exclusivo	no	no	si
bin_1_54	bin-1-54	bin_1_54_02502	cds	contig_32	341792	0.4221	224630	225568	+	116224	312		Helicase mobile element region	no	group_9012	en_familia	0	0.0000	exclusivo	exclusivo	no	no	si
bin_1_54	bin-1-54	bin_1_54_02503	cds	contig_32	341792	0.4221	225691	226401	+	115391	236		hypothetical protein	no	group_7905	en_familia	1	0.0238	cloud	cloud	si	si	no
bin_1_54	bin-1-54	bin_1_54_02504	cds	contig_32	341792	0.4221	226474	227040	-	114752	188		hypothetical protein	no	group_13248	en_familia	0	0.0000	exclusivo	exclusivo	no	no	si
bin_1_54	bin-1-54	bin_1_54_02506	cds	contig_32	341792	0.4221	228212	228376	+	113416	54		hypothetical protein	no	group_6707	en_familia	42	1.0000	core	core	no	no	no
bin_1_54	bin-1-54	bin_1_54_02507	cds	contig_32	341792	0.4221	228431	230623	-	111169	730	yrdD	DNA topoisomerase 3	no	yrdD	en_familia	40	0.9524	core	core	no	no	no
bin_1_54	bin-1-54	bin_1_54_02508	cds	contig_32	341792	0.4221	230840	232390	+	109402	516	abc-f	ribosomal protection-like ABC-F family protein	no	group_1584	en_familia	42	1.0000	core	core	no	no	no
bin_1_54	bin-1-54	bin_1_54_02509	cds	contig_32	341792	0.4221	232498	233685	-	108107	395		Ubiquinone biosynthesis O-methyltransferase	no	group_954	en_familia	42	1.0000	core	core	no	no	no
bin_1_54	bin-1-54	bin_1_54_02510	cds	contig_32	341792	0.4221	233719	234627	-	107165	302		Aminoglycoside phosphotransferase domain-containing protein	no	group_949	en_familia	42	1.0000	core	core	no	no	no
bin_1_54	bin-1-54	bin_1_54_02511	cds	contig_32	341792	0.4221	234643	236196	-	105596	517		DEAD/DEAH box helicase	no	group_4464	en_familia	42	1.0000	core	core	no	no	no
bin_1_54	bin-1-54	bin_1_54_02512	cds	contig_32	341792	0.4221	236492	237364	+	104428	290	nCS2	Guanine/hypoxanthine permease PbuO	no	group_3255	en_familia	42	1.0000	core	core	no	no	no
bin_1_54	bin-1-54	bin_1_54_02513	cds	contig_32	341792	0.4221	237367	237786	+	104006	139	nCS2	Guanine/hypoxanthine permease PbuO	no	group_3255	en_familia	42	1.0000	core	core	no	no	no
bin_1_54	bin-1-54	bin_1_54_02514	cds	contig_32	341792	0.4221	237883	238425	-	103367	180	parR	Plasmid segregation centromere-binding protein ParR	no	parR	en_familia	42	1.0000	core	core	no	no	no
bin_1_54	bin-1-54	bin_1_54_02515	cds	contig_32	341792	0.4221	238434	239627	-	102165	397		ParM/StbA family protein	no	group_984	en_familia	42	1.0000	core	core	no	no	no
bin_1_54	bin-1-54	bin_1_54_02516	cds	contig_32	341792	0.4221	240449	240676	-	101116	75		Actin-like ATPase domain-containing protein	no	group_984	en_familia	42	1.0000	core	core	no	no	no
bin_1_54	bin-1-54	bin_1_54_02517	cds	contig_32	341792	0.4221	241045	242565	+	99227	506		Gamma-glutamylputrescine oxidoreductase	no	group_2929	en_familia	42	1.0000	core	core	no	no	no
bin_1_54	bin-1-54	bin_1_54_02518	cds	contig_32	341792	0.4221	242678	242872	+	98920	64	ywbE	YwbE family protein	no	ywbE	en_familia	42	1.0000	core	core	no	no	no
bin_1_54	bin-1-54	bin_1_54_02519	cds	contig_32	341792	0.4221	243012	243671	+	98121	219		SIMPL domain-containing protein	no	group_1953	en_familia	42	1.0000	core	core	no	no	no
bin_1_54	bin-1-54	bin_1_54_02520	cds	contig_32	341792	0.4221	244050	244952	-	96840	300	purU	formyltetrahydrofolate deformylase	no	group_9325	en_familia	42	1.0000	core	core	no	no	no
bin_1_54	bin-1-54	bin_1_54_02521	cds	contig_32	341792	0.4221	245409	246188	+	95604	259	hisJ	Amino acid ABC transporter ATP-binding protein	no	group_1954	en_familia	42	1.0000	core	core	no	no	no
bin_1_54	bin-1-54	bin_1_54_02522	cds	contig_32	341792	0.4221	246215	246880	+	94912	221	hisM	Amino acid ABC transporter ATP-binding protein	no	hisM	en_familia	42	1.0000	core	core	no	no	no
bin_1_54	bin-1-54	bin_1_54_02523	cds	contig_32	341792	0.4221	246892	247632	+	94160	246	glnQ	Glutamine ABC transporter ATP-binding protein	no	glnQ	en_familia	42	1.0000	core	core	no	no	no
bin_1_54	bin-1-54	bin_1_54_02524	cds	contig_32	341792	0.4221	247932	249584	+	92208	550	glnS	glutamine--tRNA ligase/YqeY domain fusion protein	no	glnS	en_familia	42	1.0000	core	core	no	no	no
bin_1_54	bin-1-54	bin_1_54_02525	cds	contig_32	341792	0.4221	249647	250501	-	91291	284	rsbT	RsbT co-antagonist protein RsbRD	no	rsbT	en_familia	41	0.9762	core	core	no	no	no
bin_1_54	bin-1-54	bin_1_54_02526	cds	contig_32	341792	0.4221	250524	251483	-	90309	319		bifunctional methionine sulfoxide reductase B/A protein	no	group_1505	en_familia	42	1.0000	core	core	no	no	no
bin_1_54	bin-1-54	bin_1_54_02527	cds	contig_32	341792	0.4221	251634	252818	-	88974	394	nupC	Nucleoside permease NupC	no	nupC	en_familia	42	1.0000	core	core	no	no	no
bin_1_54	bin-1-54	bin_1_54_02528	cds	contig_32	341792	0.4221	253084	253536	-	88256	150		hypothetical protein	no	group_1419	en_familia	40	0.9524	core	core	no	no	no
bin_1_54	bin-1-54	bin_1_54_02529	cds	contig_32	341792	0.4221	253652	254890	-	86902	412		histidine kinase	no	group_2295	en_familia	42	1.0000	core	core	no	no	no
bin_1_54	bin-1-54	bin_1_54_02530	cds	contig_32	341792	0.4221	254901	255572	-	86220	223	ompR	Response regulator ArlR	no	group_12177	en_familia	42	1.0000	core	core	no	no	no
bin_1_54	bin-1-54	bin_1_54_02531	cds	contig_32	341792	0.4221	255681	256850	-	84942	389	salY	Macrolide export ATP-binding/permease protein MacB	no	macB~~~salY	en_familia	42	1.0000	core	core	no	no	no
bin_1_54	bin-1-54	bin_1_54_02532	cds	contig_32	341792	0.4221	256798	257538	-	84254	246	lolD	ABC transporter ATP-binding protein YknY	no	lolD	en_familia	42	1.0000	core	core	no	no	no
bin_1_54	bin-1-54	bin_1_54_02533	cds	contig_32	341792	0.4221	257540	258508	-	83284	322	mdtA	Multidrug resistance protein MdtA	no	mdtA	en_familia	42	1.0000	core	core	no	no	no
bin_1_54	bin-1-54	bin_1_54_02534	cds	contig_32	341792	0.4221	258575	259072	+	82720	165		DUF485 domain-containing protein	no	yjcH	en_familia	42	1.0000	core	core	no	no	no
bin_1_54	bin-1-54	bin_1_54_02535	cds	contig_32	341792	0.4221	259087	260625	+	81167	512	actP	Cation/acetate symporter ActP	no	group_1637	en_familia	42	1.0000	core	core	no	no	no
bin_1_54	bin-1-54	bin_1_54_02536	cds	contig_32	341792	0.4221	260731	261177	-	80615	148	thrE	Threonine/Serine exporter ThrE domain-containing protein	no	thrE	en_familia	42	1.0000	core	core	no	no	no
bin_1_54	bin-1-54	bin_1_54_02537	cds	contig_32	341792	0.4221	261197	262009	-	79783	270	yjjP	Threonine/serine exporter-like N-terminal domain-containing protein	no	yjjP	en_familia	42	1.0000	core	core	no	no	no
bin_1_54	bin-1-54	bin_1_54_02538	cds	contig_32	341792	0.4221	262238	263044	-	78748	268	ydjP	AB hydrolase superfamily protein YdjP	no	ydjP	en_familia	42	1.0000	core	core	no	no	no
bin_1_54	bin-1-54	bin_1_54_02539	cds	contig_32	341792	0.4221	263211	264479	+	77313	422	gltP	Proton/sodium-glutamate symport protein	no	group_3867	en_familia	42	1.0000	core	core	no	no	no
bin_1_54	bin-1-54	bin_1_54_02540	cds	contig_32	341792	0.4221	264615	265286	+	76506	223		Lysoplasmalogenase	no	group_1386	en_familia	41	0.9762	core	core	no	no	no
bin_1_54	bin-1-54	bin_1_54_02541	cds	contig_32	341792	0.4221	265371	266570	-	75222	399		Ribosomal RNA large subunit methyltransferase I	no	rlmK	en_familia	42	1.0000	core	core	no	no	no
bin_1_54	bin-1-54	bin_1_54_02542	cds	contig_32	341792	0.4221	266681	267703	-	74089	340	pfoR	Phosphotransferase system EIIC domain-containing protein	no	pfoR	en_familia	42	1.0000	core	core	no	no	no
bin_1_54	bin-1-54	bin_1_54_02543	cds	contig_32	341792	0.4221	268077	268982	-	72810	301	lysR	HTH-type transcriptional regulator GltC	no	group_9291	en_familia	42	1.0000	core	core	no	no	no
bin_1_54	bin-1-54	bin_1_54_02544	cds	contig_32	341792	0.4221	269138	270520	+	71272	460	gdhA	NADP-specific glutamate dehydrogenase	no	gdhA	en_familia	42	1.0000	core	core	no	no	no
bin_1_54	bin-1-54	bin_1_54_02545	cds	contig_32	341792	0.4221	270706	271626	-	70166	306	rbsB	ribose ABC transporter substrate-binding protein RbsB	no	rbsB	en_familia	42	1.0000	core	core	no	no	no
bin_1_54	bin-1-54	bin_1_54_02546	cds	contig_32	341792	0.4221	271642	272586	-	69206	314	araH	Ribose ABC transporter permease	no	araH	en_familia	42	1.0000	core	core	no	no	no
bin_1_54	bin-1-54	bin_1_54_02547	cds	contig_32	341792	0.4221	272588	274069	-	67723	493	ccmA	heme ABC exporter ATP-binding protein CcmA	no	group_1880	en_familia	42	1.0000	core	core	no	no	no
bin_1_54	bin-1-54	bin_1_54_02548	cds	contig_32	341792	0.4221	274088	274480	-	67312	130	rbsD	D-ribose pyranase	no	rbsD	en_familia	42	1.0000	core	core	no	no	no
bin_1_54	bin-1-54	bin_1_54_02549	cds	contig_32	341792	0.4221	274477	275361	-	66431	294	rbsK	ribokinase	no	rbsK	en_familia	42	1.0000	core	core	no	no	no
bin_1_54	bin-1-54	bin_1_54_02550	cds	contig_32	341792	0.4221	275358	276344	-	65448	328	purR	Catabolite control protein A	no	group_13484	en_familia	42	1.0000	core	core	no	no	no
bin_1_54	bin-1-54	bin_1_54_02551	cds	contig_32	341792	0.4221	276680	278491	-	63301	603		Aerobactin synthase	no	group_3382	en_familia	42	1.0000	core	core	no	no	no
bin_1_54	bin-1-54	bin_1_54_02552	cds	contig_32	341792	0.4221	278513	279841	-	61951	442		L-lysine N6-monooxygenase	no	group_814	en_familia	42	1.0000	core	core	no	no	no
bin_1_54	bin-1-54	bin_1_54_02553	cds	contig_32	341792	0.4221	279816	280400	-	61392	194	rimL	GNAT family N-acetyltransferase	no	group_816	en_familia	42	1.0000	core	core	no	no	no
bin_1_54	bin-1-54	bin_1_54_02554	cds	contig_32	341792	0.4221	280390	282192	-	59600	600		N(2)-citryl-N(6)-acetyl-N(6)-hydroxylysine synthase	no	group_4374	en_familia	42	1.0000	core	core	no	no	no
bin_1_54	bin-1-54	bin_1_54_02555	cds	contig_32	341792	0.4221	282195	283703	-	58089	502		L-2,4-diaminobutyrate decarboxylase	no	group_1256	en_familia	42	1.0000	core	core	no	no	no
bin_1_54	bin-1-54	bin_1_54_02556	cds	contig_32	341792	0.4221	283711	285063	-	56729	450	argD	Diaminobutyrate--2-oxoglutarate transaminase	no	group_3069	en_familia	42	1.0000	core	core	no	no	no
bin_1_54	bin-1-54	bin_1_54_02557	cds	contig_32	341792	0.4221	285320	286003	+	55789	227		VTC domain-containing protein	no	group_1258	en_familia	11	0.2619	shell	shell	si	no	no
bin_1_54	bin-1-54	bin_1_54_02558	cds	contig_32	341792	0.4221	286039	286734	+	55058	231		DUF4956 domain-containing protein	no	group_12005	en_familia	6	0.1429	cloud	cloud	si	si	no
bin_1_54	bin-1-54	bin_1_54_02559	cds	contig_32	341792	0.4221	286803	288530	+	53262	575	cotH	Spore coat protein CotH	no	group_4601	en_familia	7	0.1667	shell	shell	si	no	no
bin_1_54	bin-1-54	bin_1_54_02560	cds	contig_32	341792	0.4221	288823	290286	+	51506	487	amyA	alpha-amylase	no	group_1257	en_familia	42	1.0000	core	core	no	no	no
bin_1_54	bin-1-54	bin_1_54_02561	cds	contig_32	341792	0.4221	290429	291664	+	50128	411	pepT	peptidase T	no	pepT	en_familia	42	1.0000	core	core	no	no	no
bin_1_54	bin-1-54	bin_1_54_02562	cds	contig_32	341792	0.4221	291728	293797	-	47995	689		Catalase	no	group_3167	en_familia	42	1.0000	core	core	no	no	no
bin_1_54	bin-1-54	bin_1_54_02563	cds	contig_32	341792	0.4221	294303	295751	-	46041	482	srmB	ATP-dependent RNA helicase DbpA	no	srmB	en_familia	42	1.0000	core	core	no	no	no
bin_1_54	bin-1-54	bin_1_54_02564	cds	contig_32	341792	0.4221	296046	296378	+	45414	110	hmoA	heme oxygenase	no	group_12925	en_familia	42	1.0000	core	core	no	no	no
bin_1_54	bin-1-54	bin_1_54_02565	cds	contig_32	341792	0.4221	296441	297508	-	44284	355	rlmN	23S rRNA (adenine(2503)-C(2))-methyltransferase RlmN	no	rlmN	en_familia	42	1.0000	core	core	no	no	no
bin_1_54	bin-1-54	bin_1_54_02566	cds	contig_32	341792	0.4221	297590	298069	-	43723	159	rlmH	23S rRNA (pseudouridine(1915)-N(3))-methyltransferase RlmH	no	rlmH	en_familia	42	1.0000	core	core	no	no	no
bin_1_54	bin-1-54	bin_1_54_02567	cds	contig_32	341792	0.4221	298441	298602	-	43190	53		CxxH/CxxC protein	no	group_10448	en_familia	42	1.0000	core	core	no	no	no
bin_1_54	bin-1-54	bin_1_54_02568	cds	contig_32	341792	0.4221	298779	299999	-	41793	406	degQ	PDZ domain-containing protein	no	degQ	en_familia	42	1.0000	core	core	no	no	no
bin_1_54	bin-1-54	bin_1_54_02569	cds	contig_32	341792	0.4221	300277	301071	-	40721	264	yycJ	Metallo-hydrolase YycJ	no	yycJ	en_familia	42	1.0000	core	core	no	no	no
bin_1_54	bin-1-54	bin_1_54_02570	cds	contig_32	341792	0.4221	301078	301872	-	39920	264		Regulatory protein YycH-like domain-containing protein	no	yycI	en_familia	42	1.0000	core	core	no	no	no
bin_1_54	bin-1-54	bin_1_54_02571	cds	contig_32	341792	0.4221	301859	303196	-	38596	445	yycH	Regulatory protein YycH domain-containing protein	no	yycH	en_familia	42	1.0000	core	core	no	no	no
bin_1_54	bin-1-54	bin_1_54_02572	cds	contig_32	341792	0.4221	303193	305025	-	36767	610	walK	cell wall metabolism sensor histidine kinase WalK	no	walK	en_familia	42	1.0000	core	core	no	no	no
bin_1_54	bin-1-54	bin_1_54_02573	cds	contig_32	341792	0.4221	305031	305738	-	36054	235	yycF	response regulator YycF	no	yycF	en_familia	42	1.0000	core	core	no	no	no
bin_1_54	bin-1-54	bin_1_54_02574	cds	contig_32	341792	0.4221	306020	307438	-	34354	472		Peptidase M23	no	group_2258	en_familia	42	1.0000	core	core	no	no	no
bin_1_54	bin-1-54	bin_1_54_02579	cds	contig_32	341792	0.4221	308479	309771	-	32021	430	purA	adenylosuccinate synthase	no	purA	en_familia	42	1.0000	core	core	no	no	no
bin_1_54	bin-1-54	bin_1_54_02580	cds	contig_32	341792	0.4221	310053	311417	-	30375	454	dnaB	replicative DNA helicase	no	dnaB	en_familia	42	1.0000	core	core	no	no	no
bin_1_54	bin-1-54	bin_1_54_02581	cds	contig_32	341792	0.4221	311558	312007	-	29785	149	rplI	50S ribosomal protein L9	no	rplI	en_familia	42	1.0000	core	core	no	no	no
bin_1_54	bin-1-54	bin_1_54_02582	cds	contig_32	341792	0.4221	312004	313974	-	27818	656	gdpP	Cyclic-di-AMP phosphodiesterase	no	gdpP	en_familia	42	1.0000	core	core	no	no	no
bin_1_54	bin-1-54	bin_1_54_02583	cds	contig_32	341792	0.4221	314016	314960	-	26832	314		DUF2232 domain-containing protein	no	group_776	en_familia	42	1.0000	core	core	no	no	no
bin_1_54	bin-1-54	bin_1_54_02584	cds	contig_32	341792	0.4221	315197	315436	-	26356	79	rpsR	30S ribosomal protein S18	no	rpsR	en_familia	42	1.0000	core	core	no	no	no
bin_1_54	bin-1-54	bin_1_54_02585	cds	contig_32	341792	0.4221	315484	316011	-	25781	175	ssb	Single-stranded DNA-binding protein	no	group_13725	en_familia	42	1.0000	core	core	no	no	no
bin_1_54	bin-1-54	bin_1_54_02586	cds	contig_32	341792	0.4221	316081	316365	-	25427	94	rpsF	30S ribosomal protein S6	no	rpsF	en_familia	42	1.0000	core	core	no	no	no
bin_1_54	bin-1-54	bin_1_54_02587	cds	contig_32	341792	0.4221	316560	317660	-	24132	366	ychF	redox-regulated ATPase YchF	no	ychF	en_familia	42	1.0000	core	core	no	no	no
bin_1_54	bin-1-54	bin_1_54_02588	cds	contig_32	341792	0.4221	317831	318028	-	23764	65		DUF951 domain-containing protein	no	group_13256	en_familia	42	1.0000	core	core	no	no	no
bin_1_54	bin-1-54	bin_1_54_02589	cds	contig_32	341792	0.4221	318048	318884	-	22908	278	ykuT	MscS family protein YkuT	no	ykuT	en_familia	42	1.0000	core	core	no	no	no
bin_1_54	bin-1-54	bin_1_54_02590	cds	contig_32	341792	0.4221	319256	319891	+	21901	211	yyaC	spore protease YyaC	no	group_12488	en_familia	42	1.0000	core	core	no	no	no
bin_1_54	bin-1-54	bin_1_54_02591	cds	contig_32	341792	0.4221	319941	320642	-	21150	233	yqgA	DUF554 domain-containing protein	no	yqgA	en_familia	42	1.0000	core	core	no	no	no
bin_1_54	bin-1-54	bin_1_54_02592	cds	contig_32	341792	0.4221	320695	321558	-	20234	287	spo0J	Stage 0 sporulation protein J	no	spo0J	en_familia	42	1.0000	core	core	no	no	no
bin_1_54	bin-1-54	bin_1_54_02593	cds	contig_32	341792	0.4221	321551	322330	-	19462	259	parA	Sporulation initiation inhibitor protein Soj	no	group_10870	en_familia	42	1.0000	core	core	no	no	no
bin_1_54	bin-1-54	bin_1_54_02594	cds	contig_32	341792	0.4221	322573	323433	-	18359	286	noc	nucleoid occlusion protein	no	noc	en_familia	42	1.0000	core	core	no	no	no
bin_1_54	bin-1-54	bin_1_54_02595	cds	contig_32	341792	0.4221	323814	324530	-	17262	238	rsmG	16S rRNA (guanine(527)-N(7))-methyltransferase RsmG	no	rsmG	en_familia	42	1.0000	core	core	no	no	no
bin_1_54	bin-1-54	bin_1_54_02596	cds	contig_32	341792	0.4221	324560	326446	-	15346	628	mnmG	tRNA uridine-5-carboxymethylaminomethyl(34) synthesis enzyme MnmG	no	mnmG	en_familia	42	1.0000	core	core	no	no	no
bin_1_54	bin-1-54	bin_1_54_02597	cds	contig_32	341792	0.4221	326468	327853	-	13939	461	mnmE	tRNA uridine-5-carboxymethylaminomethyl(34) synthesis GTPase MnmE	no	mnmE	en_familia	42	1.0000	core	core	no	no	no
bin_1_54	bin-1-54	bin_1_54_02598	cds	contig_32	341792	0.4221	328190	328810	-	12982	206	jag	RNA-binding cell elongation regulator Jag/EloR	no	jag	en_familia	42	1.0000	core	core	no	no	no
bin_1_54	bin-1-54	bin_1_54_02599	cds	contig_32	341792	0.4221	328807	329595	-	12197	262	spoIIIJ	YidC family membrane integrase SpoIIIJ	no	spoIIIJ	en_familia	42	1.0000	core	core	no	no	no
bin_1_54	bin-1-54	bin_1_54_02600	cds	contig_32	341792	0.4221	329771	330127	-	11665	118	rnpA	ribonuclease P protein component	no	rnpA	en_familia	42	1.0000	core	core	no	no	no
bin_1_54	bin-1-54	bin_1_54_02601	cds	contig_32	341792	0.4221	330208	330342	-	11450	44	rpmH	50S ribosomal protein L34	no	rpmH	en_familia	42	1.0000	core	core	no	no	no
bin_1_54	bin-1-54	bin_1_54_02602	cds	contig_32	341792	0.4221	331268	332617	+	9175	449	dnaA	chromosomal replication initiator protein DnaA	no	dnaA	en_familia	42	1.0000	core	core	no	no	no
bin_1_54	bin-1-54	bin_1_54_02603	cds	contig_32	341792	0.4221	332811	333947	+	7845	378	dnaN	DNA polymerase III subunit beta	no	group_5807	en_familia	42	1.0000	core	core	no	no	no
bin_1_54	bin-1-54	bin_1_54_02604	cds	contig_32	341792	0.4221	334164	334376	+	7416	70	ybcJ	S4 domain protein YaaA	no	ybcJ	en_familia	42	1.0000	core	core	no	no	no
bin_1_54	bin-1-54	bin_1_54_02605	cds	contig_32	341792	0.4221	334398	335516	+	6276	372	recF	DNA replication/repair protein RecF	no	recF	en_familia	42	1.0000	core	core	no	no	no
bin_1_54	bin-1-54	bin_1_54_02606	cds	contig_32	341792	0.4221	335529	335792	+	6000	87	remB	extracellular matrix regulator RemB	no	remB	en_familia	42	1.0000	core	core	no	no	no
bin_1_54	bin-1-54	bin_1_54_02607	cds	contig_32	341792	0.4221	335861	337792	+	4000	643	gyrB	DNA gyrase subunit B	no	gyrB	en_familia	42	1.0000	core	core	no	no	no
bin_1_54	bin-1-54	bin_1_54_02608	cds	contig_32	341792	0.4221	337888	340440	+	1352	850	gyrA	DNA gyrase subunit A	no	gyrA	en_familia	42	1.0000	core	core	no	no	no
bin_1_54	bin-1-54	bin_1_54_02609	cds	contig_32	341792	0.4221	340790	341269	+	523	159		Metal dependent phosphohydrolase	no	group_7020	en_familia	17	0.4048	shell	shell	si	no	no
bin_1_54	bin-1-54	bin_1_54_02610	cds	contig_33	48007	0.4363	564	995	-	563	143		DUF1641 domain-containing protein	no	group_6124	en_familia	40	0.9524	core	core	no	no	no
bin_1_54	bin-1-54	bin_1_54_02611	cds	contig_33	48007	0.4363	1317	1487	+	1316	56		DUF4025 domain-containing protein	no	group_13187	en_familia	40	0.9524	core	core	no	no	no
bin_1_54	bin-1-54	bin_1_54_02612	cds	contig_33	48007	0.4363	1961	4000	+	1960	679	hyuA	Hydantoinase/oxoprolinase family protein	no	hyuA	en_familia	10	0.2381	shell	shell	si	no	no
bin_1_54	bin-1-54	bin_1_54_02613	cds	contig_33	48007	0.4363	4017	5999	+	4016	660	hyuB	Hydantoinase B/oxoprolinase family protein	no	hyuB	en_familia	10	0.2381	shell	shell	si	no	no
bin_1_54	bin-1-54	bin_1_54_02614	cds	contig_33	48007	0.4363	6218	6802	-	6217	194		General stress protein 18	no	group_7264	en_familia	41	0.9762	core	core	no	no	no
bin_1_54	bin-1-54	bin_1_54_02615	cds	contig_33	48007	0.4363	6952	7380	+	6951	142	lrpC	HTH-type transcriptional regulator LrpC	no	lrpC	en_familia	41	0.9762	core	core	no	no	no
bin_1_54	bin-1-54	bin_1_54_02616	cds	contig_33	48007	0.4363	7508	8338	+	7507	276		STAS domain-containing protein	no	group_5010	en_familia	41	0.9762	core	core	no	no	no
bin_1_54	bin-1-54	bin_1_54_02617	cds	contig_33	48007	0.4363	8536	9060	-	8535	174	ydaF	Ribosomal N-acetyltransferase YdaF	no	group_3005	en_familia	40	0.9524	core	core	no	no	no
bin_1_54	bin-1-54	bin_1_54_02618	cds	contig_33	48007	0.4363	9204	9350	+	9203	48		Acid-soluble spore protein P	no	group_5351	en_familia	41	0.9762	core	core	no	no	no
bin_1_54	bin-1-54	bin_1_54_02619	cds	contig_33	48007	0.4363	9468	10433	+	9467	321		Quinone oxidoreductase 1	no	group_6587	en_familia	40	0.9524	core	core	no	no	no
bin_1_54	bin-1-54	bin_1_54_02620	cds	contig_33	48007	0.4363	10807	12195	-	10806	462		Replication initiation protein	no	group_6126	en_familia	41	0.9762	core	core	no	no	no
bin_1_54	bin-1-54	bin_1_54_02621	cds	contig_33	48007	0.4363	12386	14188	+	12385	600		DNA-binding protein	no	group_5252	en_familia	41	0.9762	core	core	no	no	no
bin_1_54	bin-1-54	bin_1_54_02622	cds	contig_33	48007	0.4363	14287	14982	-	14286	231		FHA domain-containing protein	no	group_2677	en_familia	41	0.9762	core	core	no	no	no
bin_1_54	bin-1-54	bin_1_54_02623	cds	contig_33	48007	0.4363	15995	17452	+	15994	485	selO	Protein adenylyltransferase SelO	no	selO	en_familia	41	0.9762	core	core	no	no	no
bin_1_54	bin-1-54	bin_1_54_02624	cds	contig_33	48007	0.4363	17537	18103	+	17536	188		Deaminase	no	group_3975	en_familia	41	0.9762	core	core	no	no	no
bin_1_54	bin-1-54	bin_1_54_02625	cds	contig_33	48007	0.4363	18525	19820	+	18524	431		uracil/xanthine transporter	no	group_5723	en_familia	41	0.9762	core	core	no	no	no
bin_1_54	bin-1-54	bin_1_54_02626	cds	contig_33	48007	0.4363	20095	20355	+	20094	86		Heterocycloanthracin/sonorensin family bacteriocin	no	group_6283	en_familia	7	0.1667	shell	shell	si	no	no
bin_1_54	bin-1-54	bin_1_54_02627	cds	contig_33	48007	0.4363	20506	22449	+	20505	647		Thiazole-containing bacteriocin maturation protein	no	group_5851	en_familia	41	0.9762	core	core	no	no	no
bin_1_54	bin-1-54	bin_1_54_02628	cds	contig_33	48007	0.4363	22446	24389	+	22445	647	ycaO	YcaO domain-containing protein	no	ycaO	en_familia	41	0.9762	core	core	no	no	no
bin_1_54	bin-1-54	bin_1_54_02629	cds	contig_33	48007	0.4363	24413	25981	+	22026	522		Nitroreductase domain-containing protein	no	group_6533	en_familia	41	0.9762	core	core	no	no	no
bin_1_54	bin-1-54	bin_1_54_02630	cds	contig_33	48007	0.4363	26151	27581	+	20426	476	norG	HTH-type transcriptional regulator NorG	no	group_6438	en_familia	41	0.9762	core	core	no	no	no
bin_1_54	bin-1-54	bin_1_54_02631	cds	contig_33	48007	0.4363	27798	28070	+	19937	90		hypothetical protein	no	group_6305	en_familia	1	0.0238	cloud	cloud	si	si	no
bin_1_54	bin-1-54	bin_1_54_02632	cds	contig_33	48007	0.4363	28537	28731	+	19276	64		Group-specific protein	no	group_6121	en_familia	41	0.9762	core	core	no	no	no
bin_1_54	bin-1-54	bin_1_54_02633	cds	contig_33	48007	0.4363	28972	29421	+	18586	149	yfmQ	YfmQ	no	yfmQ	en_familia	41	0.9762	core	core	no	no	no
bin_1_54	bin-1-54	bin_1_54_02634	cds	contig_33	48007	0.4363	29540	30358	-	17649	272	rpiR	RpiR family transcriptional regulator	no	group_2623	en_familia	41	0.9762	core	core	no	no	no
bin_1_54	bin-1-54	bin_1_54_02635	cds	contig_33	48007	0.4363	30511	31203	-	16804	230	nanE	Putative N-acetylmannosamine-6-phosphate 2-epimerase	no	nanE	en_familia	41	0.9762	core	core	no	no	no
bin_1_54	bin-1-54	bin_1_54_02636	cds	contig_33	48007	0.4363	31234	32769	-	15238	511	ptsG2	PTS system glucose-specific EIICBA component	no	ptsG2	en_familia	41	0.9762	core	core	no	no	no
bin_1_54	bin-1-54	bin_1_54_02637	cds	contig_33	48007	0.4363	33122	33481	+	14526	119		DUF2294 domain-containing protein	no	group_969	en_familia	34	0.8095	shell	shell	si	no	no
bin_1_54	bin-1-54	bin_1_54_02638	cds	contig_33	48007	0.4363	33671	34711	+	13296	346	spuD	Putrescine-binding periplasmic protein SpuD	no	spuD	en_familia	34	0.8095	shell	shell	si	no	no
bin_1_54	bin-1-54	bin_1_54_02639	cds	contig_33	48007	0.4363	34735	35664	+	12343	309	rihA	Pyrimidine-specific ribonucleoside hydrolase RihA	no	rihA	en_familia	34	0.8095	shell	shell	si	no	no
bin_1_54	bin-1-54	bin_1_54_02640	cds	contig_33	48007	0.4363	35689	36513	+	11494	274	potB	Spermidine/putrescine transport system permease protein PotB	no	group_10287	en_familia	34	0.8095	shell	shell	si	no	no
bin_1_54	bin-1-54	bin_1_54_02641	cds	contig_33	48007	0.4363	36520	37308	+	10699	262	potC	Spermidine/putrescine ABC transporter ATP-binding protein	no	potC	en_familia	41	0.9762	core	core	no	no	no
bin_1_54	bin-1-54	bin_1_54_02642	cds	contig_33	48007	0.4363	37324	38388	+	9619	354	potA	Spermidine/putrescine import ATP-binding protein PotA	no	group_4477	en_familia	41	0.9762	core	core	no	no	no
bin_1_54	bin-1-54	bin_1_54_02643	cds	contig_33	48007	0.4363	38405	40123	+	7884	572		Adenine deaminase	no	group_3135	en_familia	40	0.9524	core	core	no	no	no
bin_1_54	bin-1-54	bin_1_54_02644	cds	contig_33	48007	0.4363	40255	40464	+	7543	69		hypothetical protein	no	group_12795	en_familia	40	0.9524	core	core	no	no	no
bin_1_54	bin-1-54	bin_1_54_02645	cds	contig_33	48007	0.4363	41118	43022	+	4985	634	mutS2	endonuclease MutS2	no	mutS2	en_familia	41	0.9762	core	core	no	no	no
bin_1_54	bin-1-54	bin_1_54_02646	cds	contig_33	48007	0.4363	43363	43776	+	4231	137		Rrf2 family transcriptional regulator	no	group_3904	en_familia	21	0.5000	shell	shell	si	no	no
bin_1_54	bin-1-54	bin_1_54_02647	cds	contig_33	48007	0.4363	43843	44391	+	3616	182		Thioredoxin reductase	no	group_9578	en_familia	21	0.5000	shell	shell	si	no	no
bin_1_54	bin-1-54	bin_1_54_02648	cds	contig_33	48007	0.4363	44600	45226	+	2781	208	ubiG	Methyltransferase	no	ubiG	en_familia	21	0.5000	shell	shell	si	no	no
bin_1_54	bin-1-54	bin_1_54_02649	cds	contig_33	48007	0.4363	45436	45579	-	2428	47	yrzO	YrzO family protein	no	yrzO	en_familia	41	0.9762	core	core	no	no	no
bin_1_54	bin-1-54	bin_1_54_02650	cds	contig_33	48007	0.4363	45590	46573	-	1434	327	eamA	EamA domain-containing protein	no	group_3325	en_familia	41	0.9762	core	core	no	no	no
bin_1_54	bin-1-54	bin_1_54_02651	cds	contig_33	48007	0.4363	46710	47606	+	401	298	lysR	HTH-type transcriptional regulator GltR	no	group_5480	en_familia	41	0.9762	core	core	no	no	no
bin_1_54	bin-1-54	bin_1_54_02652	cds	contig_34	32012	0.3977	1505	1900	+	1504	131	spxA	transcriptional regulator SpxA	no	spxA	en_familia	42	1.0000	core	core	no	no	no
bin_1_54	bin-1-54	bin_1_54_02653	cds	contig_34	32012	0.3977	2395	3063	+	2394	222	mecA	adaptor protein MecA	no	group_12191	en_familia	42	1.0000	core	core	no	no	no
bin_1_54	bin-1-54	bin_1_54_02654	cds	contig_34	32012	0.3977	3154	4662	+	3153	502	cls	cardiolipin synthase	no	group_2299	en_familia	42	1.0000	core	core	no	no	no
bin_1_54	bin-1-54	bin_1_54_02655	cds	contig_34	32012	0.3977	4761	5969	+	4760	402	coiA	Competence protein CoiA	no	coiA	en_familia	42	1.0000	core	core	no	no	no
bin_1_54	bin-1-54	bin_1_54_02656	cds	contig_34	32012	0.3977	6136	7953	+	6135	605	pepF	oligoendopeptidase F	no	pepF	en_familia	42	1.0000	core	core	no	no	no
bin_1_54	bin-1-54	bin_1_54_02658	cds	contig_34	32012	0.3977	8886	9779	-	8885	297	frnE	ClpXP adapter protein SpxH	no	frnE	en_familia	42	1.0000	core	core	no	no	no
bin_1_54	bin-1-54	bin_1_54_02659	cds	contig_34	32012	0.3977	9776	10180	-	9775	134	yjbI	Group 2 truncated hemoglobin YjbI	no	yjbI	en_familia	42	1.0000	core	core	no	no	no
bin_1_54	bin-1-54	bin_1_54_02660	cds	contig_34	32012	0.3977	10414	11073	-	10413	219		Transglycosylase SLT domain-containing protein	no	group_14552	en_familia	42	1.0000	core	core	no	no	no
bin_1_54	bin-1-54	bin_1_54_02661	cds	contig_34	32012	0.3977	11105	11683	-	11104	192	yjbK	Triphosphatase YjbK	no	yjbK	en_familia	42	1.0000	core	core	no	no	no
bin_1_54	bin-1-54	bin_1_54_02662	cds	contig_34	32012	0.3977	12003	12623	+	12002	206	yjbM	GTP pyrophosphokinase	no	yjbM	en_familia	42	1.0000	core	core	no	no	no
bin_1_54	bin-1-54	bin_1_54_02663	cds	contig_34	32012	0.3977	12673	13467	+	12672	264	nadK	NAD kinase	no	group_10640	en_familia	42	1.0000	core	core	no	no	no
bin_1_54	bin-1-54	bin_1_54_02664	cds	contig_34	32012	0.3977	13485	14399	+	13484	304		Pseudouridine synthase	no	group_13591	en_familia	42	1.0000	core	core	no	no	no
bin_1_54	bin-1-54	bin_1_54_02665	cds	contig_34	32012	0.3977	14493	15236	-	14492	247	prpE	bis(5'-nucleosyl)-tetraphosphatase PrpE	no	prpE	en_familia	42	1.0000	core	core	no	no	no
bin_1_54	bin-1-54	bin_1_54_02666	cds	contig_34	32012	0.3977	15349	16734	+	15278	461	mgtE	magnesium transporter	no	group_2733	en_familia	42	1.0000	core	core	no	no	no
bin_1_54	bin-1-54	bin_1_54_02667	cds	contig_34	32012	0.3977	16868	17641	+	14371	257	fabI	enoyl-ACP reductase FabI	no	fabI	en_familia	42	1.0000	core	core	no	no	no
bin_1_54	bin-1-54	bin_1_54_02668	cds	contig_34	32012	0.3977	17949	18263	+	13749	104		hypothetical protein	no	group_2451	en_familia	42	1.0000	core	core	no	no	no
bin_1_54	bin-1-54	bin_1_54_02669	cds	contig_34	32012	0.3977	18275	18847	+	13165	190	cotO	Spore coat protein CotO	no	cotO	en_familia	42	1.0000	core	core	no	no	no
bin_1_54	bin-1-54	bin_1_54_02670	cds	contig_34	32012	0.3977	18862	19227	+	12785	121		DUF1360 domain-containing protein	no	group_2452	en_familia	42	1.0000	core	core	no	no	no
bin_1_54	bin-1-54	bin_1_54_02671	cds	contig_34	32012	0.3977	19521	20018	+	11994	165		Sporulation protein	no	group_2582	en_familia	42	1.0000	core	core	no	no	no
bin_1_54	bin-1-54	bin_1_54_02672	cds	contig_34	32012	0.3977	20036	20506	+	11506	156	spoVAC	stage V sporulation protein AC	no	group_14395	en_familia	42	1.0000	core	core	no	no	no
bin_1_54	bin-1-54	bin_1_54_02673	cds	contig_34	32012	0.3977	20510	21535	+	10477	341	spoVAD	stage V sporulation protein AD	no	group_2581	en_familia	42	1.0000	core	core	no	no	no
bin_1_54	bin-1-54	bin_1_54_02674	cds	contig_34	32012	0.3977	21552	21908	+	10104	118	spoVAE	stage V sporulation protein AE	no	spoVAE	en_familia	42	1.0000	core	core	no	no	no
bin_1_54	bin-1-54	bin_1_54_02675	cds	contig_34	32012	0.3977	22011	22163	+	9849	50	yjcZ	YjcZ family sporulation protein	no	group_2865	en_familia	42	1.0000	core	core	no	no	no
bin_1_54	bin-1-54	bin_1_54_02676	cds	contig_34	32012	0.3977	22277	22531	+	9481	84	spoVIF	Sporulation protein	no	spoVIF	en_familia	42	1.0000	core	core	no	no	no
bin_1_54	bin-1-54	bin_1_54_02677	cds	contig_34	32012	0.3977	22652	24925	-	7087	757		DNA 3'-5' helicase	no	group_303	en_familia	42	1.0000	core	core	no	no	no
bin_1_54	bin-1-54	bin_1_54_02678	cds	contig_34	32012	0.3977	25068	25364	+	6648	98		hypothetical protein	no	group_713	en_familia	39	0.9286	shell	core	si	no	no
bin_1_54	bin-1-54	bin_1_54_02679	cds	contig_34	32012	0.3977	25419	25907	-	6105	162	cotV	Spore coat protein X	no	group_14155	en_familia	42	1.0000	core	core	no	no	no
bin_1_54	bin-1-54	bin_1_54_02680	cds	contig_34	32012	0.3977	26141	26404	-	5608	87		Spore coat protein	no	group_2535	en_familia	42	1.0000	core	core	no	no	no
bin_1_54	bin-1-54	bin_1_54_02681	cds	contig_34	32012	0.3977	26563	27024	-	4988	153		GNAT family N-acetyltransferase	no	group_13867	en_familia	42	1.0000	core	core	no	no	no
bin_1_54	bin-1-54	bin_1_54_02682	cds	contig_34	32012	0.3977	26996	27511	-	4501	171		Putative phosphoesterase SRABI133_01646	no	group_13836	en_familia	42	1.0000	core	core	no	no	no
bin_1_54	bin-1-54	bin_1_54_02683	cds	contig_34	32012	0.3977	27600	28322	-	3690	240	fes	Enterochelin esterase	no	fes	en_familia	42	1.0000	core	core	no	no	no
bin_1_54	bin-1-54	bin_1_54_02684	cds	contig_34	32012	0.3977	28513	29070	+	2942	185	pgpA	Phosphatidylglycerophosphatase A	no	pgpA	en_familia	42	1.0000	core	core	no	no	no
bin_1_54	bin-1-54	bin_1_54_02685	cds	contig_34	32012	0.3977	29088	29309	-	2703	73		WYL domain-containing protein	no	group_8791	en_familia	42	1.0000	core	core	no	no	no
bin_1_54	bin-1-54	bin_1_54_02687	cds	contig_34	32012	0.3977	30904	31320	+	692	138		Immunity protein 63 domain-containing protein	no	group_5320	en_familia	41	0.9762	core	core	no	no	no
bin_1_54	bin-1-54	bin_1_54_02688	cds	contig_35	152845	0.4133	513	1322	+	512	269	artP	Arginine-binding extracellular protein ArtP	no	artP	en_familia	42	1.0000	core	core	no	no	no
bin_1_54	bin-1-54	bin_1_54_02689	cds	contig_35	152845	0.4133	1454	2113	+	1453	219	hisM	Amino acid ABC transporter permease	no	group_12265	en_familia	42	1.0000	core	core	no	no	no
bin_1_54	bin-1-54	bin_1_54_02690	cds	contig_35	152845	0.4133	2106	2828	+	2105	240	artM	Arginine transport ATP-binding protein ArtM	no	artM	en_familia	42	1.0000	core	core	no	no	no
bin_1_54	bin-1-54	bin_1_54_02691	cds	contig_35	152845	0.4133	3020	4009	+	3019	329	ygaE	Putative aromatic acid exporter C-terminal domain-containing protein	no	ygaE	en_familia	42	1.0000	core	core	no	no	no
bin_1_54	bin-1-54	bin_1_54_02692	cds	contig_35	152845	0.4133	4040	4555	+	4039	171	erfK	L,D-transpeptidase YkuD	no	erfK	en_familia	42	1.0000	core	core	no	no	no
bin_1_54	bin-1-54	bin_1_54_02693	cds	contig_35	152845	0.4133	4598	4693	-	4597	31	prli42	stressosome-associated protein Prli42	no	prli42	en_familia	41	0.9762	core	core	no	no	no
bin_1_54	bin-1-54	bin_1_54_02694	cds	contig_35	152845	0.4133	4861	5286	+	4860	141	mce	methylmalonyl-CoA epimerase	no	group_12876	en_familia	42	1.0000	core	core	no	no	no
bin_1_54	bin-1-54	bin_1_54_02695	cds	contig_35	152845	0.4133	5283	6833	+	5282	516	mmdA	Propionyl-CoA carboxylase beta chain	no	group_14315	en_familia	42	1.0000	core	core	no	no	no
bin_1_54	bin-1-54	bin_1_54_02696	cds	contig_35	152845	0.4133	7028	8149	+	7027	373	pepD2	Peptidase M20 dimerisation domain-containing protein	no	pepD2	en_familia	42	1.0000	core	core	no	no	no
bin_1_54	bin-1-54	bin_1_54_02697	cds	contig_35	152845	0.4133	8324	9598	+	8323	424	dinP	DNA polymerase IV	no	group_12950	en_familia	42	1.0000	core	core	no	no	no
bin_1_54	bin-1-54	bin_1_54_02698	cds	contig_35	152845	0.4133	9641	11053	+	9640	470	gndA	NADP-dependent phosphogluconate dehydrogenase	no	gndA	en_familia	42	1.0000	core	core	no	no	no
bin_1_54	bin-1-54	bin_1_54_02699	cds	contig_35	152845	0.4133	11147	11320	-	11146	57		Asparagine synthase	no	group_1173	en_familia	42	1.0000	core	core	no	no	no
bin_1_54	bin-1-54	bin_1_54_02700	cds	contig_35	152845	0.4133	11561	11776	+	11560	71		hypothetical protein	no	group_9212	en_familia	42	1.0000	core	core	no	no	no
bin_1_54	bin-1-54	bin_1_54_02701	cds	contig_35	152845	0.4133	11819	13315	-	11818	498	zwf	glucose-6-phosphate dehydrogenase	no	group_1859	en_familia	42	1.0000	core	core	no	no	no
bin_1_54	bin-1-54	bin_1_54_02702	cds	contig_35	152845	0.4133	13545	14486	+	13544	313	rnz	ribonuclease Z	no	rnz	en_familia	42	1.0000	core	core	no	no	no
bin_1_54	bin-1-54	bin_1_54_02703	cds	contig_35	152845	0.4133	14550	15368	+	14549	272		All-trans-phytoene synthase	no	group_4504	en_familia	42	1.0000	core	core	no	no	no
bin_1_54	bin-1-54	bin_1_54_02704	cds	contig_35	152845	0.4133	15575	16570	+	15574	331		ABC transporter substrate-binding protein	no	group_11319	en_familia	42	1.0000	core	core	no	no	no
bin_1_54	bin-1-54	bin_1_54_02705	cds	contig_35	152845	0.4133	16603	17634	+	16602	343		ABC transporter permease	no	group_7569	en_familia	42	1.0000	core	core	no	no	no
bin_1_54	bin-1-54	bin_1_54_02706	cds	contig_35	152845	0.4133	17609	18403	+	17608	264	phnK	Glycine betaine/carnitine/choline transport ATP-binding protein OpuCA	no	group_10642	en_familia	42	1.0000	core	core	no	no	no
bin_1_54	bin-1-54	bin_1_54_02707	cds	contig_35	152845	0.4133	18561	19112	-	18560	183	racA	Chromosome-anchoring protein RacA	no	racA	en_familia	42	1.0000	core	core	no	no	no
bin_1_54	bin-1-54	bin_1_54_02708	cds	contig_35	152845	0.4133	19399	19830	+	19398	143		VOC domain-containing protein	no	group_3338	en_familia	42	1.0000	core	core	no	no	no
bin_1_54	bin-1-54	bin_1_54_02709	cds	contig_35	152845	0.4133	19931	21145	-	19930	404	proC	pyrroline-5-carboxylate reductase	no	group_3437	en_familia	42	1.0000	core	core	no	no	no
bin_1_54	bin-1-54	bin_1_54_02710	cds	contig_35	152845	0.4133	21514	22482	+	21513	322	gloB	Metallo-hydrolase YflN	no	group_13602	en_familia	42	1.0000	core	core	no	no	no
bin_1_54	bin-1-54	bin_1_54_02711	cds	contig_35	152845	0.4133	22506	23297	+	22505	263	yqjQ	Oxidoreductase	no	group_10692	en_familia	42	1.0000	core	core	no	no	no
bin_1_54	bin-1-54	bin_1_54_02712	cds	contig_35	152845	0.4133	23446	23973	+	23445	175		DUF3221 domain-containing protein	no	group_2131	en_familia	41	0.9762	core	core	no	no	no
bin_1_54	bin-1-54	bin_1_54_02713	cds	contig_35	152845	0.4133	24025	24684	-	24024	219	ycbB	NlpC/P60 domain-containing protein	no	ycbB	en_familia	41	0.9762	core	core	no	no	no
bin_1_54	bin-1-54	bin_1_54_02714	cds	contig_35	152845	0.4133	25099	26358	+	25098	419	dinP	DNA polymerase IV	no	dinP	en_familia	41	0.9762	core	core	no	no	no
bin_1_54	bin-1-54	bin_1_54_02715	cds	contig_35	152845	0.4133	26385	26717	+	26384	110		YolD-like family protein	no	group_265	en_familia	41	0.9762	core	core	no	no	no
bin_1_54	bin-1-54	bin_1_54_02716	cds	contig_35	152845	0.4133	26933	27256	+	26932	107		FeS cluster biogenesis domain-containing protein	no	group_11970	en_familia	41	0.9762	core	core	no	no	no
bin_1_54	bin-1-54	bin_1_54_02717	cds	contig_35	152845	0.4133	27301	28200	-	27300	299		Serine aminopeptidase S33 domain-containing protein	no	group_4956	en_familia	41	0.9762	core	core	no	no	no
bin_1_54	bin-1-54	bin_1_54_02718	cds	contig_35	152845	0.4133	28331	28591	+	28330	86		Sulfurtransferase	no	group_1950	en_familia	42	1.0000	core	core	no	no	no
bin_1_54	bin-1-54	bin_1_54_02719	cds	contig_35	152845	0.4133	28755	29192	+	28754	145		Organic hydroperoxide resistance transcriptional regulator	no	group_3374	en_familia	42	1.0000	core	core	no	no	no
bin_1_54	bin-1-54	bin_1_54_02720	cds	contig_35	152845	0.4133	29241	29669	-	29240	142	osmC	Organic hydroperoxide resistance protein OhrA	no	group_13460	en_familia	42	1.0000	core	core	no	no	no
bin_1_54	bin-1-54	bin_1_54_02721	cds	contig_35	152845	0.4133	29889	30797	-	29888	302		General stress protein 69	no	group_14482	en_familia	42	1.0000	core	core	no	no	no
bin_1_54	bin-1-54	bin_1_54_02722	cds	contig_35	152845	0.4133	30854	31015	-	30853	53	mciZ	Z-ring formation inhibitor MciZ	no	mciZ	en_familia	42	1.0000	core	core	no	no	no
bin_1_54	bin-1-54	bin_1_54_02723	cds	contig_35	152845	0.4133	31091	31642	+	31090	183		Methanol dehydrogenase activator	no	group_13175	en_familia	42	1.0000	core	core	no	no	no
bin_1_54	bin-1-54	bin_1_54_02724	cds	contig_35	152845	0.4133	31643	32824	+	31642	393		TIGR00375 family protein	no	group_3265	en_familia	42	1.0000	core	core	no	no	no
bin_1_54	bin-1-54	bin_1_54_02725	cds	contig_35	152845	0.4133	32861	33424	-	32860	187	ydaF	Ribosomal N-acetyltransferase YdaF	no	group_13745	en_familia	41	0.9762	core	core	no	no	no
bin_1_54	bin-1-54	bin_1_54_02726	cds	contig_35	152845	0.4133	33564	34211	+	33563	215	spoIIM	stage II sporulation protein M	no	spoIIM	en_familia	41	0.9762	core	core	no	no	no
bin_1_54	bin-1-54	bin_1_54_02727	cds	contig_35	152845	0.4133	34325	34780	+	34324	151		Fur family transcriptional regulator	no	group_14592	en_familia	41	0.9762	core	core	no	no	no
bin_1_54	bin-1-54	bin_1_54_02728	cds	contig_35	152845	0.4133	34948	35175	+	34947	75		DUF4227 domain-containing protein	no	group_8629	en_familia	41	0.9762	core	core	no	no	no
bin_1_54	bin-1-54	bin_1_54_02729	cds	contig_35	152845	0.4133	35181	36074	+	35180	297	xerD	site-specific tyrosine recombinase XerD	no	group_9419	en_familia	41	0.9762	core	core	no	no	no
bin_1_54	bin-1-54	bin_1_54_02730	cds	contig_35	152845	0.4133	36373	37575	+	36372	400	deoB	phosphopentomutase	no	deoB	en_familia	41	0.9762	core	core	no	no	no
bin_1_54	bin-1-54	bin_1_54_02731	cds	contig_35	152845	0.4133	37576	38388	+	37575	270	xapA	purine-nucleoside phosphorylase	no	xapA	en_familia	41	0.9762	core	core	no	no	no
bin_1_54	bin-1-54	bin_1_54_02732	cds	contig_35	152845	0.4133	38455	39759	+	38454	434	deoA	pyrimidine-nucleoside phosphorylase	no	deoA	en_familia	41	0.9762	core	core	no	no	no
bin_1_54	bin-1-54	bin_1_54_02733	cds	contig_35	152845	0.4133	39965	41131	+	39964	388	dacC	serine-type D-Ala-D-Ala carboxypeptidase	no	dacC	en_familia	42	1.0000	core	core	no	no	no
bin_1_54	bin-1-54	bin_1_54_02734	cds	contig_35	152845	0.4133	41263	41613	+	41262	116	spoIIAA	anti-sigma F factor antagonist	no	group_2979	en_familia	42	1.0000	core	core	no	no	no
bin_1_54	bin-1-54	bin_1_54_02735	cds	contig_35	152845	0.4133	41615	42055	+	41614	146	spoIIAB	anti-sigma F factor	no	spoIIAB	en_familia	42	1.0000	core	core	no	no	no
bin_1_54	bin-1-54	bin_1_54_02736	cds	contig_35	152845	0.4133	42069	42836	+	42068	255	sigF	RNA polymerase sporulation sigma factor SigF	no	sigF	en_familia	42	1.0000	core	core	no	no	no
bin_1_54	bin-1-54	bin_1_54_02737	cds	contig_35	152845	0.4133	43033	44406	+	43032	457	nCS2	Xanthine/uracil/vitamin C permease family protein	no	nCS2	en_familia	42	1.0000	core	core	no	no	no
bin_1_54	bin-1-54	bin_1_54_02738	cds	contig_35	152845	0.4133	44559	45182	+	44558	207		Stage V sporulation protein AA domain-containing protein	no	group_12996	en_familia	42	1.0000	core	core	no	no	no
bin_1_54	bin-1-54	bin_1_54_02739	cds	contig_35	152845	0.4133	45169	45594	+	45168	141	spoVAB	Stage V sporulation protein AB	no	spoVAB	en_familia	42	1.0000	core	core	no	no	no
bin_1_54	bin-1-54	bin_1_54_02740	cds	contig_35	152845	0.4133	45617	46243	+	45616	208	spoVAEA	Stage V sporulation protein AE	no	spoVAEA	en_familia	42	1.0000	core	core	no	no	no
bin_1_54	bin-1-54	bin_1_54_02741	cds	contig_35	152845	0.4133	46200	47690	+	46199	496	spoVAF	Spore germination protein A1	no	spoVAF	en_familia	42	1.0000	core	core	no	no	no
bin_1_54	bin-1-54	bin_1_54_02742	cds	contig_35	152845	0.4133	47966	49294	+	47965	442	lysA	diaminopimelate decarboxylase	no	lysA	en_familia	42	1.0000	core	core	no	no	no
bin_1_54	bin-1-54	bin_1_54_02743	cds	contig_35	152845	0.4133	49677	50546	-	49676	289		DUF1002 domain-containing protein	no	group_9682	en_familia	42	1.0000	core	core	no	no	no
bin_1_54	bin-1-54	bin_1_54_02744	cds	contig_35	152845	0.4133	51126	51470	+	51125	114		Reductase	no	group_3183	en_familia	42	1.0000	core	core	no	no	no
bin_1_54	bin-1-54	bin_1_54_02745	cds	contig_35	152845	0.4133	51499	52035	-	51498	178		DUF309 domain-containing protein	no	group_14041	en_familia	42	1.0000	core	core	no	no	no
bin_1_54	bin-1-54	bin_1_54_02746	cds	contig_35	152845	0.4133	52202	52294	-	52201	30	yjcZ	YjcZ family sporulation protein	no	group_13636	en_familia	42	1.0000	core	core	no	no	no
bin_1_54	bin-1-54	bin_1_54_02747	cds	contig_35	152845	0.4133	52510	53277	+	52509	255	scpA	segregation/condensation protein A	no	group_11025	en_familia	42	1.0000	core	core	no	no	no
bin_1_54	bin-1-54	bin_1_54_02748	cds	contig_35	152845	0.4133	53303	53845	+	53302	180	scpB	SMC-Scp complex subunit ScpB	no	scpB	en_familia	42	1.0000	core	core	no	no	no
bin_1_54	bin-1-54	bin_1_54_02749	cds	contig_35	152845	0.4133	53901	54311	+	53900	136		hypothetical protein	no	group_13893	en_familia	42	1.0000	core	core	no	no	no
bin_1_54	bin-1-54	bin_1_54_02750	cds	contig_35	152845	0.4133	54340	54828	+	54339	162		DUF3907 domain-containing protein	no	group_14157	en_familia	42	1.0000	core	core	no	no	no
bin_1_54	bin-1-54	bin_1_54_02751	cds	contig_35	152845	0.4133	54949	55824	+	54948	291		superoxide dismutase	no	group_13834	en_familia	42	1.0000	core	core	no	no	no
bin_1_54	bin-1-54	bin_1_54_02752	cds	contig_35	152845	0.4133	56267	56830	+	56266	187	ahpC	alkyl hydroperoxide reductase subunit C	no	ahpC	en_familia	42	1.0000	core	core	no	no	no
bin_1_54	bin-1-54	bin_1_54_02753	cds	contig_35	152845	0.4133	57009	58655	+	57008	548	ahpF	Thioredoxin reductase	no	ahpF	en_familia	42	1.0000	core	core	no	no	no
bin_1_54	bin-1-54	bin_1_54_02754	cds	contig_35	152845	0.4133	58813	59973	+	58812	386		serine-type D-Ala-D-Ala carboxypeptidase	no	group_12820	en_familia	42	1.0000	core	core	no	no	no
bin_1_54	bin-1-54	bin_1_54_02755	cds	contig_35	152845	0.4133	59966	60559	+	59965	197	spmA	Spore maturation protein A	no	spmA	en_familia	42	1.0000	core	core	no	no	no
bin_1_54	bin-1-54	bin_1_54_02756	cds	contig_35	152845	0.4133	60561	61100	+	60560	179		Spore maturation protein B	no	group_2230	en_familia	42	1.0000	core	core	no	no	no
bin_1_54	bin-1-54	bin_1_54_02757	cds	contig_35	152845	0.4133	61403	62143	+	61402	246	rsuA	Pseudouridine synthase	no	group_11385	en_familia	42	1.0000	core	core	no	no	no
bin_1_54	bin-1-54	bin_1_54_02758	cds	contig_35	152845	0.4133	62355	62885	+	62354	176	bcp	Thiol-disulfide oxidoreductase	no	group_13680	en_familia	42	1.0000	core	core	no	no	no
bin_1_54	bin-1-54	bin_1_54_02759	cds	contig_35	152845	0.4133	62904	64553	+	62903	549	resB	Cytochrome c biogenesis protein	no	resB	en_familia	42	1.0000	core	core	no	no	no
bin_1_54	bin-1-54	bin_1_54_02760	cds	contig_35	152845	0.4133	64546	65724	+	64545	392	ccsB	c-type cytochrome biogenesis protein CcsB	no	ccsB	en_familia	42	1.0000	core	core	no	no	no
bin_1_54	bin-1-54	bin_1_54_02761	cds	contig_35	152845	0.4133	66020	66736	+	66019	238	ompR	Transcriptional regulatory protein SrrA	no	group_11716	en_familia	42	1.0000	core	core	no	no	no
bin_1_54	bin-1-54	bin_1_54_02762	cds	contig_35	152845	0.4133	66736	68526	+	66735	596	walK	histidine kinase	no	group_2245	en_familia	42	1.0000	core	core	no	no	no
bin_1_54	bin-1-54	bin_1_54_02763	cds	contig_35	152845	0.4133	68644	69303	+	68643	219	sigX	RNA polymerase sigma factor SigX	no	group_12781	en_familia	42	1.0000	core	core	no	no	no
bin_1_54	bin-1-54	bin_1_54_02764	cds	contig_35	152845	0.4133	69269	70492	+	69268	407		Sigma-X negative effector	no	group_3124	en_familia	42	1.0000	core	core	no	no	no
bin_1_54	bin-1-54	bin_1_54_02765	cds	contig_35	152845	0.4133	70541	72115	-	70540	524	serA	phosphoglycerate dehydrogenase	no	group_14310	en_familia	42	1.0000	core	core	no	no	no
bin_1_54	bin-1-54	bin_1_54_02766	cds	contig_35	152845	0.4133	72738	73319	+	72737	193	fmnP	Riboflavin transporter	no	fmnP	en_familia	42	1.0000	core	core	no	no	no
bin_1_54	bin-1-54	bin_1_54_02767	cds	contig_35	152845	0.4133	73446	73694	-	73445	82	fer	Ferredoxin	no	fer	en_familia	42	1.0000	core	core	no	no	no
bin_1_54	bin-1-54	bin_1_54_02768	cds	contig_35	152845	0.4133	73985	75049	+	73984	354		Helicase Helix-turn-helix domain-containing protein	no	group_3050	en_familia	42	1.0000	core	core	no	no	no
bin_1_54	bin-1-54	bin_1_54_02769	cds	contig_35	152845	0.4133	75049	76554	+	75048	501	recQ	ATP-dependent DNA helicase RecQ	no	group_13779	en_familia	42	1.0000	core	core	no	no	no
bin_1_54	bin-1-54	bin_1_54_02770	cds	contig_35	152845	0.4133	76544	77170	+	75675	208		CAAX protease family protein	no	group_2140	en_familia	42	1.0000	core	core	no	no	no
bin_1_54	bin-1-54	bin_1_54_02771	cds	contig_35	152845	0.4133	77148	77900	+	74945	250	ebpS	Elastin-binding protein EbpS	no	lysM~~~ebpS	en_familia	42	1.0000	core	core	no	no	no
bin_1_54	bin-1-54	bin_1_54_02772	cds	contig_35	152845	0.4133	78324	78782	+	74063	152		DUF2663 domain-containing protein	no	group_14545	en_familia	42	1.0000	core	core	no	no	no
bin_1_54	bin-1-54	bin_1_54_02773	cds	contig_35	152845	0.4133	78877	79692	+	73153	271		Calcineurin-like phosphoesterase domain-containing protein	no	group_2603	en_familia	42	1.0000	core	core	no	no	no
bin_1_54	bin-1-54	bin_1_54_02774	cds	contig_35	152845	0.4133	79791	80684	+	72161	297	carH	HTH-type transcriptional repressor CarH	no	carH	en_familia	42	1.0000	core	core	no	no	no
bin_1_54	bin-1-54	bin_1_54_02775	cds	contig_35	152845	0.4133	80776	81351	+	71494	191	mecA	genetic competence negative regulator	no	mecA	en_familia	42	1.0000	core	core	no	no	no
bin_1_54	bin-1-54	bin_1_54_02776	cds	contig_35	152845	0.4133	81622	82899	+	69946	425	gdhA	Glutamate dehydrogenase	no	group_3761	en_familia	42	1.0000	core	core	no	no	no
bin_1_54	bin-1-54	bin_1_54_02777	cds	contig_35	152845	0.4133	83055	84023	+	68822	322	ypdA	YpdA family bacillithiol disulfide reductase	no	ypdA	en_familia	42	1.0000	core	core	no	no	no
bin_1_54	bin-1-54	bin_1_54_02778	cds	contig_35	152845	0.4133	84051	85016	+	67829	321		L-asparaginase 2	no	group_2275	en_familia	42	1.0000	core	core	no	no	no
bin_1_54	bin-1-54	bin_1_54_02779	cds	contig_35	152845	0.4133	85114	85800	+	67045	228	prsW	glutamic-type intramembrane protease PrsW	no	group_12056	en_familia	42	1.0000	core	core	no	no	no
bin_1_54	bin-1-54	bin_1_54_02780	cds	contig_35	152845	0.4133	85797	85928	+	66917	43		hypothetical protein	no	group_13541	en_familia	40	0.9524	core	core	no	no	no
bin_1_54	bin-1-54	bin_1_54_02781	cds	contig_35	152845	0.4133	85928	86761	+	66084	277	sleB	spore cortex-lytic enzyme	no	sleB	en_familia	42	1.0000	core	core	no	no	no
bin_1_54	bin-1-54	bin_1_54_02782	cds	contig_35	152845	0.4133	86776	88131	+	64714	451	ypeB	germination protein YpeB	no	ypeB	en_familia	42	1.0000	core	core	no	no	no
bin_1_54	bin-1-54	bin_1_54_02783	cds	contig_35	152845	0.4133	88424	88948	+	63897	174	pilZ	Type IV pilus assembly PilZ	no	pilZ	en_familia	39	0.9286	shell	core	si	no	no
bin_1_54	bin-1-54	bin_1_54_02784	cds	contig_35	152845	0.4133	89017	89202	+	63643	61		Cytidylate kinase	no	group_13727	en_familia	42	1.0000	core	core	no	no	no
bin_1_54	bin-1-54	bin_1_54_02785	cds	contig_35	152845	0.4133	89395	90069	+	62776	224	cmk	(d)CMP kinase	no	cmk	en_familia	42	1.0000	core	core	no	no	no
bin_1_54	bin-1-54	bin_1_54_02786	cds	contig_35	152845	0.4133	90066	90653	+	62192	195	plsC	1-acyl-sn-glycerol-3-phosphate acyltransferase	no	plsC	en_familia	42	1.0000	core	core	no	no	no
bin_1_54	bin-1-54	bin_1_54_02787	cds	contig_35	152845	0.4133	90869	92008	+	60837	379	rpsA	30S ribosomal protein S1	no	rpsA	en_familia	42	1.0000	core	core	no	no	no
bin_1_54	bin-1-54	bin_1_54_02788	cds	contig_35	152845	0.4133	92022	93074	+	59771	350	fni	type 2 isopentenyl-diphosphate Delta-isomerase	no	fni	en_familia	42	1.0000	core	core	no	no	no
bin_1_54	bin-1-54	bin_1_54_02789	cds	contig_35	152845	0.4133	93142	93273	-	59572	43	ypzI	YpzI family protein	no	ypzI	en_familia	42	1.0000	core	core	no	no	no
bin_1_54	bin-1-54	bin_1_54_02790	cds	contig_35	152845	0.4133	93386	94006	+	58839	206		YhhN-like protein	no	group_1331	en_familia	42	1.0000	core	core	no	no	no
bin_1_54	bin-1-54	bin_1_54_02791	cds	contig_35	152845	0.4133	94504	95814	+	57031	436	der	ribosome biogenesis GTPase Der	no	der	en_familia	42	1.0000	core	core	no	no	no
bin_1_54	bin-1-54	bin_1_54_02792	cds	contig_35	152845	0.4133	95831	96883	+	55962	350	gpsA	NAD(P)H-dependent glycerol-3-phosphate dehydrogenase	no	gpsA	en_familia	42	1.0000	core	core	no	no	no
bin_1_54	bin-1-54	bin_1_54_02793	cds	contig_35	152845	0.4133	97260	98597	+	54248	445	puuP	Putrescine importer PuuP	no	puuP	en_familia	42	1.0000	core	core	no	no	no
bin_1_54	bin-1-54	bin_1_54_02794	cds	contig_35	152845	0.4133	98735	98947	+	53898	70		hypothetical protein	no	group_739	en_familia	4	0.0952	cloud	cloud	si	si	no
bin_1_54	bin-1-54	bin_1_54_02795	cds	contig_35	152845	0.4133	99484	101589	+	51256	701	rocR	Transcriptional regulatory protein ZraR	no	rocR	en_familia	42	1.0000	core	core	no	no	no
bin_1_54	bin-1-54	bin_1_54_02796	cds	contig_35	152845	0.4133	101893	103266	+	49579	457	argD	putrescine aminotransferase	no	argD	en_familia	42	1.0000	core	core	no	no	no
bin_1_54	bin-1-54	bin_1_54_02797	cds	contig_35	152845	0.4133	103971	104168	+	48677	65		DUF2768 domain-containing protein	no	group_9488	en_familia	42	1.0000	core	core	no	no	no
bin_1_54	bin-1-54	bin_1_54_02798	cds	contig_35	152845	0.4133	104185	104907	+	47938	240	yphF	ABC transporter periplasmic binding protein yphF	no	yphF	en_familia	42	1.0000	core	core	no	no	no
bin_1_54	bin-1-54	bin_1_54_02799	cds	contig_35	152845	0.4133	105141	106619	+	46226	492	spoIVA	stage IV sporulation protein A	no	spoIVA	en_familia	42	1.0000	core	core	no	no	no
bin_1_54	bin-1-54	bin_1_54_02800	cds	contig_35	152845	0.4133	107124	107396	+	45449	90	hupA	Transcriptional regulator	no	hupA	en_familia	42	1.0000	core	core	no	no	no
bin_1_54	bin-1-54	bin_1_54_02801	cds	contig_35	152845	0.4133	107702	108268	+	44577	188	folE	GTP cyclohydrolase I FolE	no	folE	en_familia	42	1.0000	core	core	no	no	no
bin_1_54	bin-1-54	bin_1_54_02802	cds	contig_35	152845	0.4133	108289	108537	+	44308	82	mtrB	trp RNA-binding attenuation protein MtrB	no	mtrB	en_familia	42	1.0000	core	core	no	no	no
bin_1_54	bin-1-54	bin_1_54_02803	cds	contig_35	152845	0.4133	108785	109615	+	43230	276		Heptaprenyl diphosphate synthase component 1	no	group_2249	en_familia	42	1.0000	core	core	no	no	no
bin_1_54	bin-1-54	bin_1_54_02804	cds	contig_35	152845	0.4133	109619	110329	+	42516	236	ubiE	demethylmenaquinone methyltransferase	no	group_11790	en_familia	42	1.0000	core	core	no	no	no
bin_1_54	bin-1-54	bin_1_54_02805	cds	contig_35	152845	0.4133	110364	111326	+	41519	320	hepT	heptaprenyl diphosphate synthase component II	no	group_8759	en_familia	42	1.0000	core	core	no	no	no
bin_1_54	bin-1-54	bin_1_54_02806	cds	contig_35	152845	0.4133	111423	111869	+	40976	148	ndk	nucleoside-diphosphate kinase	no	ndk	en_familia	42	1.0000	core	core	no	no	no
bin_1_54	bin-1-54	bin_1_54_02807	cds	contig_35	152845	0.4133	112057	112830	+	40015	257		protein-glutamate O-methyltransferase	no	group_2628	en_familia	42	1.0000	core	core	no	no	no
bin_1_54	bin-1-54	bin_1_54_02808	cds	contig_35	152845	0.4133	113083	114255	+	38590	390	aroC	chorismate synthase	no	aroC	en_familia	42	1.0000	core	core	no	no	no
bin_1_54	bin-1-54	bin_1_54_02809	cds	contig_35	152845	0.4133	114259	115338	+	37507	359	aroB	3-dehydroquinate synthase	no	aroB	en_familia	42	1.0000	core	core	no	no	no
bin_1_54	bin-1-54	bin_1_54_02810	cds	contig_35	152845	0.4133	115363	115731	+	37114	122	aroH	chorismate mutase	no	aroH	en_familia	42	1.0000	core	core	no	no	no
bin_1_54	bin-1-54	bin_1_54_02811	cds	contig_35	152845	0.4133	115813	116925	+	35920	370	hisC	histidinol-phosphate transaminase	no	group_9998	en_familia	42	1.0000	core	core	no	no	no
bin_1_54	bin-1-54	bin_1_54_02812	cds	contig_35	152845	0.4133	116973	118076	+	34769	367		prephenate dehydrogenase	no	group_6397	en_familia	42	1.0000	core	core	no	no	no
bin_1_54	bin-1-54	bin_1_54_02813	cds	contig_35	152845	0.4133	118099	119385	+	33460	428	aroA	3-phosphoshikimate 1-carboxyvinyltransferase	no	aroA	en_familia	42	1.0000	core	core	no	no	no
bin_1_54	bin-1-54	bin_1_54_02814	cds	contig_35	152845	0.4133	119755	121026	+	31819	423	cnoX	Beta-barrel assembly-enhancing protease	no	cnoX	en_familia	42	1.0000	core	core	no	no	no
bin_1_54	bin-1-54	bin_1_54_02815	cds	contig_35	152845	0.4133	121068	121619	+	31226	183	ypiB	ReoY family proteolytic degradation factor	no	ypiB	en_familia	42	1.0000	core	core	no	no	no
bin_1_54	bin-1-54	bin_1_54_02816	cds	contig_35	152845	0.4133	121782	122243	+	30602	153		DUF2487 domain-containing protein	no	group_13842	en_familia	42	1.0000	core	core	no	no	no
bin_1_54	bin-1-54	bin_1_54_02817	cds	contig_35	152845	0.4133	122404	122910	+	29935	168	qcrA	Cytochrome b6-f complex iron-sulfur subunit	no	qcrA	en_familia	42	1.0000	core	core	no	no	no
bin_1_54	bin-1-54	bin_1_54_02818	cds	contig_35	152845	0.4133	122914	123588	+	29257	224	extP	selenite/tellurite reduction operon b-type cytochrome ExtP	no	extP	en_familia	42	1.0000	core	core	no	no	no
bin_1_54	bin-1-54	bin_1_54_02819	cds	contig_35	152845	0.4133	123645	124412	+	28433	255	cccA	Menaquinol:cytochrome c reductase cytochrome c subunit	no	cccA	en_familia	42	1.0000	core	core	no	no	no
bin_1_54	bin-1-54	bin_1_54_02820	cds	contig_35	152845	0.4133	124590	125186	+	27659	198		DUF1405 domain-containing protein	no	group_13611	en_familia	42	1.0000	core	core	no	no	no
bin_1_54	bin-1-54	bin_1_54_02821	cds	contig_35	152845	0.4133	125306	126091	+	26754	261	ypjB	sporulation protein YpjB	no	ypjB	en_familia	42	1.0000	core	core	no	no	no
bin_1_54	bin-1-54	bin_1_54_02822	cds	contig_35	152845	0.4133	126177	126851	+	25994	224	yugP	Zn-dependent protease	no	yugP	en_familia	42	1.0000	core	core	no	no	no
bin_1_54	bin-1-54	bin_1_54_02823	cds	contig_35	152845	0.4133	126989	127861	-	24984	290	yitT	DUF2179 domain-containing protein	no	group_4989	en_familia	42	1.0000	core	core	no	no	no
bin_1_54	bin-1-54	bin_1_54_02824	cds	contig_35	152845	0.4133	127991	128389	+	24456	132		Nucleotide pyrophosphohydrolase	no	group_2010	en_familia	42	1.0000	core	core	no	no	no
bin_1_54	bin-1-54	bin_1_54_02825	cds	contig_35	152845	0.4133	128382	129182	+	23663	266	dapB	4-hydroxy-tetrahydrodipicolinate reductase	no	dapB	en_familia	42	1.0000	core	core	no	no	no
bin_1_54	bin-1-54	bin_1_54_02826	cds	contig_35	152845	0.4133	129201	129626	+	23219	141	mgsA	methylglyoxal synthase	no	mgsA	en_familia	42	1.0000	core	core	no	no	no
bin_1_54	bin-1-54	bin_1_54_02827	cds	contig_35	152845	0.4133	129610	130320	+	22525	236	bshB1	bacillithiol biosynthesis deacetylase BshB1	no	bshB1	en_familia	42	1.0000	core	core	no	no	no
bin_1_54	bin-1-54	bin_1_54_02828	cds	contig_35	152845	0.4133	130328	131467	+	21378	379	bshA	N-acetyl-alpha-D-glucosaminyl L-malate synthase BshA	no	bshA	en_familia	42	1.0000	core	core	no	no	no
bin_1_54	bin-1-54	bin_1_54_02829	cds	contig_35	152845	0.4133	131481	132665	+	20180	394		CCA tRNA nucleotidyltransferase	no	group_1553	en_familia	42	1.0000	core	core	no	no	no
bin_1_54	bin-1-54	bin_1_54_02830	cds	contig_35	152845	0.4133	132650	133630	+	19215	326	birA	Bifunctional ligase/repressor BirA	no	birA	en_familia	42	1.0000	core	core	no	no	no
bin_1_54	bin-1-54	bin_1_54_02831	cds	contig_35	152845	0.4133	133973	134809	+	18036	278	panB	3-methyl-2-oxobutanoate hydroxymethyltransferase	no	panB	en_familia	42	1.0000	core	core	no	no	no
bin_1_54	bin-1-54	bin_1_54_02832	cds	contig_35	152845	0.4133	134806	135654	+	17191	282	panC	pantoate--beta-alanine ligase	no	panC	en_familia	42	1.0000	core	core	no	no	no
bin_1_54	bin-1-54	bin_1_54_02833	cds	contig_35	152845	0.4133	135679	136062	+	16783	127	panD	aspartate 1-decarboxylase	no	panD	en_familia	42	1.0000	core	core	no	no	no
bin_1_54	bin-1-54	bin_1_54_02834	cds	contig_35	152845	0.4133	136223	139003	+	13842	926	dinG	ATP-dependent DNA helicase DinG	no	group_14243	en_familia	42	1.0000	core	core	no	no	no
bin_1_54	bin-1-54	bin_1_54_02835	cds	contig_35	152845	0.4133	139154	139324	+	13521	56		DUF4264 domain-containing protein	no	group_10214	en_familia	42	1.0000	core	core	no	no	no
bin_1_54	bin-1-54	bin_1_54_02836	cds	contig_35	152845	0.4133	139343	139819	+	13026	158	ypmB	DUF5590 domain-containing protein	no	ypmB	en_familia	42	1.0000	core	core	no	no	no
bin_1_54	bin-1-54	bin_1_54_02837	cds	contig_35	152845	0.4133	139839	141023	+	11822	394	aspB	Aminotransferase	no	group_5483	en_familia	42	1.0000	core	core	no	no	no
bin_1_54	bin-1-54	bin_1_54_02838	cds	contig_35	152845	0.4133	141284	141961	+	10884	225	mcbR	HTH-type transcriptional regulator McbR	no	mcbR	en_familia	42	1.0000	core	core	no	no	no
bin_1_54	bin-1-54	bin_1_54_02839	cds	contig_35	152845	0.4133	142071	142988	+	9857	305	hpaI	2,4-dihydroxyhept-2-ene-1,7-dioic acid aldolase	no	group_9161	en_familia	42	1.0000	core	core	no	no	no
bin_1_54	bin-1-54	bin_1_54_02840	cds	contig_35	152845	0.4133	143066	144577	+	8268	503	hpaE	5-carboxymethyl-2-hydroxymuconate semialdehyde dehydrogenase	no	group_1750	en_familia	42	1.0000	core	core	no	no	no
bin_1_54	bin-1-54	bin_1_54_02841	cds	contig_35	152845	0.4133	144609	145592	+	7253	327	hpaD	3,4-dihydroxyphenylacetate 2,3-dioxygenase	no	hpaD	en_familia	42	1.0000	core	core	no	no	no
bin_1_54	bin-1-54	bin_1_54_02842	cds	contig_35	152845	0.4133	145768	146652	+	6193	294		Riboflavin biosynthesis protein	no	group_6341	en_familia	24	0.5714	shell	shell	si	no	no
bin_1_54	bin-1-54	bin_1_54_02843	cds	contig_35	152845	0.4133	146809	147234	+	5611	141		DUF485 domain-containing protein	no	group_938	en_familia	41	0.9762	core	core	no	no	no
bin_1_54	bin-1-54	bin_1_54_02844	cds	contig_35	152845	0.4133	147238	148803	+	4042	521	actP	Cation/acetate symporter ActP	no	actP	en_familia	41	0.9762	core	core	no	no	no
bin_1_54	bin-1-54	bin_1_54_02845	cds	contig_35	152845	0.4133	148684	148980	-	3865	98		hypothetical protein	no	group_12869	en_familia	8	0.1905	shell	shell	si	no	no
bin_1_54	bin-1-54	bin_1_54_02846	cds	contig_35	152845	0.4133	148977	149846	-	2999	289	lysR	DNA-binding transcriptional regulator, LysR family	no	group_939	en_familia	42	1.0000	core	core	no	no	no
bin_1_54	bin-1-54	bin_1_54_02847	cds	contig_35	152845	0.4133	150010	151482	+	1363	490	hpaB	4-hydroxyphenylacetate 3-monooxygenase, oxygenase component	no	group_2046	en_familia	42	1.0000	core	core	no	no	no
bin_1_54	bin-1-54	bin_1_54_02848	cds	contig_35	152845	0.4133	151669	151905	-	940	78		Transposase	no	group_1079	en_familia	1	0.0238	cloud	cloud	si	si	no
bin_1_54	bin-1-54	bin_1_54_02849	cds	contig_35	152845	0.4133	151902	152237	-	608	111		hypothetical protein	no	group_3588	en_familia	1	0.0238	cloud	cloud	si	si	no
bin_1_54	bin-1-54	bin_1_54_02850	cds	contig_36	132074	0.4018	300	476	+	299	58	yqzE	YqzE family protein	no	yqzE	en_familia	41	0.9762	core	core	no	no	no
bin_1_54	bin-1-54	bin_1_54_02851	cds	contig_36	132074	0.4018	795	1499	+	794	234		Lipoprotein	no	psbP	en_familia	41	0.9762	core	core	no	no	no
bin_1_54	bin-1-54	bin_1_54_02852	cds	contig_36	132074	0.4018	1745	2614	+	1744	289		RNA polymerase, sigma subunit	no	sigJ	en_familia	41	0.9762	core	core	no	no	no
bin_1_54	bin-1-54	bin_1_54_02853	cds	contig_36	132074	0.4018	2700	3161	+	2699	153		Carboxymuconolactone decarboxylase-like domain-containing protein	no	group_4550	en_familia	41	0.9762	core	core	no	no	no
bin_1_54	bin-1-54	bin_1_54_02854	cds	contig_36	132074	0.4018	3226	3453	-	3225	75		HD family phosphohydrolase	no	group_2597	en_familia	40	0.9524	core	core	no	no	no
bin_1_54	bin-1-54	bin_1_54_02855	cds	contig_36	132074	0.4018	3453	3773	-	3452	106	ybjQ	UPF0145 protein BABA_22908	no	ybjQ	en_familia	40	0.9524	core	core	no	no	no
bin_1_54	bin-1-54	bin_1_54_02856	cds	contig_36	132074	0.4018	4078	4353	-	4077	91		DUF2619 domain-containing protein	no	group_3887	en_familia	3	0.0714	cloud	cloud	si	si	no
bin_1_54	bin-1-54	bin_1_54_02857	cds	contig_36	132074	0.4018	4546	5409	+	4545	287		Manganese catalase	no	group_443	en_familia	3	0.0714	cloud	cloud	si	si	no
bin_1_54	bin-1-54	bin_1_54_02858	cds	contig_36	132074	0.4018	5793	6482	-	5792	229		Response regulator transcription factor	no	group_9664	en_familia	35	0.8333	shell	shell	si	no	no
bin_1_54	bin-1-54	bin_1_54_02859	cds	contig_36	132074	0.4018	6905	7138	+	6904	77		Spore germination protein	no	group_4011	en_familia	27	0.6429	shell	shell	si	no	no
bin_1_54	bin-1-54	bin_1_54_02860	cds	contig_36	132074	0.4018	7155	8270	+	7154	371		Spore gernimation protein	no	group_9662	en_familia	27	0.6429	shell	shell	si	no	no
bin_1_54	bin-1-54	bin_1_54_02861	cds	contig_36	132074	0.4018	8483	10273	+	8482	596		histidine kinase	no	group_4377	en_familia	40	0.9524	core	core	no	no	no
bin_1_54	bin-1-54	bin_1_54_02862	cds	contig_36	132074	0.4018	10270	11016	+	10269	248	lytR	Sensory transduction protein LytR	no	lytR	en_familia	40	0.9524	core	core	no	no	no
bin_1_54	bin-1-54	bin_1_54_02863	cds	contig_36	132074	0.4018	11158	12951	+	11157	597	cstA	carbon starvation protein CstA	no	group_807	en_familia	40	0.9524	core	core	no	no	no
bin_1_54	bin-1-54	bin_1_54_02864	cds	contig_36	132074	0.4018	13096	13251	+	13095	51		DUF1540 domain-containing protein	no	group_10621	en_familia	41	0.9762	core	core	no	no	no
bin_1_54	bin-1-54	bin_1_54_02865	cds	contig_36	132074	0.4018	13913	14290	-	13912	125		O-methyltransferase	no	group_10802	en_familia	40	0.9524	core	core	no	no	no
bin_1_54	bin-1-54	bin_1_54_02866	cds	contig_36	132074	0.4018	14313	14564	-	14312	83		O-methyltransferase	no	group_10802	en_familia	40	0.9524	core	core	no	no	no
bin_1_54	bin-1-54	bin_1_54_02867	cds	contig_36	132074	0.4018	14551	14883	-	14550	110		O-antigen polymerase	no	group_5355	en_familia	17	0.4048	shell	shell	si	no	no
bin_1_54	bin-1-54	bin_1_54_02868	cds	contig_36	132074	0.4018	15062	15343	+	15061	93		Efflux transporter drug-export protein	no	group_13961	en_familia	6	0.1429	cloud	cloud	si	si	no
bin_1_54	bin-1-54	bin_1_54_02869	cds	contig_36	132074	0.4018	15391	15819	-	15390	142	marR	MarR family transcriptional regulator	no	group_5242	en_familia	21	0.5000	shell	shell	si	no	no
bin_1_54	bin-1-54	bin_1_54_02870	cds	contig_36	132074	0.4018	15952	17043	-	15951	363	ltrA	Low temperature requirement protein A	no	group_2654	en_familia	41	0.9762	core	core	no	no	no
bin_1_54	bin-1-54	bin_1_54_02871	cds	contig_36	132074	0.4018	17268	17828	+	17267	186	ssuE	Chromate reductase	no	group_5243	en_familia	24	0.5714	shell	shell	si	no	no
bin_1_54	bin-1-54	bin_1_54_02872	cds	contig_36	132074	0.4018	18002	18643	+	18001	213	ycaC	isochorismate family cysteine hydrolase YcaC	no	group_2458	en_familia	17	0.4048	shell	shell	si	no	no
bin_1_54	bin-1-54	bin_1_54_02873	cds	contig_36	132074	0.4018	18683	18856	+	18682	57		hypothetical protein	no	group_10171	en_familia	1	0.0238	cloud	cloud	si	si	no
bin_1_54	bin-1-54	bin_1_54_02874	cds	contig_36	132074	0.4018	18985	19617	+	18984	210	yajL	Protease YdeA	no	group_12537	en_familia	1	0.0238	cloud	cloud	si	si	no
bin_1_54	bin-1-54	bin_1_54_02875	cds	contig_36	132074	0.4018	20971	23037	+	20970	688	bglG	Ascorbate-specific PTS system EIIA component	no	group_5711	en_familia	41	0.9762	core	core	no	no	no
bin_1_54	bin-1-54	bin_1_54_02876	cds	contig_36	132074	0.4018	23034	23300	+	23033	88		Ascorbate-specific PTS system EIIB component	no	group_12557	en_familia	6	0.1429	cloud	cloud	si	si	no
bin_1_54	bin-1-54	bin_1_54_02877	cds	contig_36	132074	0.4018	23318	23584	+	23317	88		Ascorbate-specific PTS system EIIB component	no	group_13086	en_familia	40	0.9524	core	core	no	no	no
bin_1_54	bin-1-54	bin_1_54_02878	cds	contig_36	132074	0.4018	23616	24884	+	23615	422	ulaA	PTS ascorbate transporter subunit IIC	no	ulaA	en_familia	41	0.9762	core	core	no	no	no
bin_1_54	bin-1-54	bin_1_54_02879	cds	contig_36	132074	0.4018	25004	25849	+	25003	281		Hydrolase Cof	no	group_1388	en_familia	41	0.9762	core	core	no	no	no
bin_1_54	bin-1-54	bin_1_54_02880	cds	contig_36	132074	0.4018	26430	27455	+	26429	341		HTH lacI-type domain-containing protein	no	group_7663	en_familia	21	0.5000	shell	shell	si	no	no
bin_1_54	bin-1-54	bin_1_54_02881	cds	contig_36	132074	0.4018	27627	28433	+	27626	268		2-dehydro-3-deoxy-D-gluconate 5-dehydrogenase	no	group_13322	en_familia	21	0.5000	shell	shell	si	no	no
bin_1_54	bin-1-54	bin_1_54_02882	cds	contig_36	132074	0.4018	28469	29656	+	28468	395	gldA	Alcohol dehydrogenase iron-type/glycerol dehydrogenase GldA domain-containing protein	no	gldA	en_familia	19	0.4524	shell	shell	si	no	no
bin_1_54	bin-1-54	bin_1_54_02883	cds	contig_36	132074	0.4018	29658	31094	+	29657	478		NADP-dependent glyceraldehyde-3-phosphate dehydrogenase	no	group_2388	en_familia	19	0.4524	shell	shell	si	no	no
bin_1_54	bin-1-54	bin_1_54_02884	cds	contig_36	132074	0.4018	31148	31771	+	31147	207		Cupin 2 conserved barrel domain-containing protein	no	group_12655	en_familia	21	0.5000	shell	shell	si	no	no
bin_1_54	bin-1-54	bin_1_54_02885	cds	contig_36	132074	0.4018	31774	32472	+	31773	232		Alpha/beta hydrolase	no	group_2389	en_familia	21	0.5000	shell	shell	si	no	no
bin_1_54	bin-1-54	bin_1_54_02886	cds	contig_36	132074	0.4018	32542	33318	+	32541	258		HpcH/HpaI aldolase/citrate lyase domain-containing protein	no	group_5161	en_familia	21	0.5000	shell	shell	si	no	no
bin_1_54	bin-1-54	bin_1_54_02887	cds	contig_36	132074	0.4018	33376	34614	+	33375	412		Polyketide cyclase	no	group_4142	en_familia	21	0.5000	shell	shell	si	no	no
bin_1_54	bin-1-54	bin_1_54_02888	cds	contig_36	132074	0.4018	34678	35946	+	34677	422		Histidinol dehydrogenase	no	group_1418	en_familia	21	0.5000	shell	shell	si	no	no
bin_1_54	bin-1-54	bin_1_54_02889	cds	contig_36	132074	0.4018	36161	37387	+	36160	408		Major facilitator superfamily (MFS) profile domain-containing protein	no	group_4266	en_familia	21	0.5000	shell	shell	si	no	no
bin_1_54	bin-1-54	bin_1_54_02890	cds	contig_36	132074	0.4018	37788	38756	+	37787	322	yfmC	Fe(3+)-citrate-binding protein YfmC	no	yfmC	en_familia	41	0.9762	core	core	no	no	no
bin_1_54	bin-1-54	bin_1_54_02891	cds	contig_36	132074	0.4018	38842	39846	+	38841	334	fepD	Siderophore transport system permease protein YfiZ	no	group_1753	en_familia	41	0.9762	core	core	no	no	no
bin_1_54	bin-1-54	bin_1_54_02892	cds	contig_36	132074	0.4018	39843	40856	+	39842	337	fepD	Iron-dicitrate transporter subunit FecD	no	group_13333	en_familia	41	0.9762	core	core	no	no	no
bin_1_54	bin-1-54	bin_1_54_02893	cds	contig_36	132074	0.4018	40872	41660	+	40871	262	fepC	Iron-dicitrate transporter ATP-binding subunit	no	fepC	en_familia	41	0.9762	core	core	no	no	no
bin_1_54	bin-1-54	bin_1_54_02894	cds	contig_36	132074	0.4018	41824	42801	+	41823	325	ppsC	Phthiocerol/phenolphthiocerol synthesis polyketide synthase type I PpsC	no	ppsC	en_familia	41	0.9762	core	core	no	no	no
bin_1_54	bin-1-54	bin_1_54_02895	cds	contig_36	132074	0.4018	42982	44292	+	42981	436	ssnA	5-methylthioadenosine/S-adenosylhomocysteine deaminase	no	group_3953	en_familia	40	0.9524	core	core	no	no	no
bin_1_54	bin-1-54	bin_1_54_02896	cds	contig_36	132074	0.4018	44682	45110	+	44681	142		RNAse H	no	group_5376	en_familia	40	0.9524	core	core	no	no	no
bin_1_54	bin-1-54	bin_1_54_02897	cds	contig_36	132074	0.4018	45120	45596	+	45119	158		GCN5-like N-acetyltransferase	no	group_10811	en_familia	39	0.9286	shell	core	si	no	no
bin_1_54	bin-1-54	bin_1_54_02898	cds	contig_36	132074	0.4018	45897	46091	+	45896	64		hypothetical protein	no	group_10332	en_familia	7	0.1667	shell	shell	si	no	no
bin_1_54	bin-1-54	bin_1_54_02899	cds	contig_36	132074	0.4018	46129	47145	+	46128	338	metN	Methionine import ATP-binding protein MetN	no	metN	en_familia	40	0.9524	core	core	no	no	no
bin_1_54	bin-1-54	bin_1_54_02900	cds	contig_36	132074	0.4018	47146	47817	+	47145	223	metP	Methionine import system permease protein MetP	no	metP	en_familia	40	0.9524	core	core	no	no	no
bin_1_54	bin-1-54	bin_1_54_02901	cds	contig_36	132074	0.4018	47839	48711	+	47838	290	nlpA	Lipoprotein	no	group_14658	en_familia	40	0.9524	core	core	no	no	no
bin_1_54	bin-1-54	bin_1_54_02902	cds	contig_36	132074	0.4018	48745	49956	+	48744	403	abgB	Peptidase M20 domain-containing protein 2	no	group_9124	en_familia	40	0.9524	core	core	no	no	no
bin_1_54	bin-1-54	bin_1_54_02903	cds	contig_36	132074	0.4018	50277	50855	+	50276	192	tetR	TetR family transcriptional regulator	no	group_13128	en_familia	6	0.1429	cloud	cloud	si	si	no
bin_1_54	bin-1-54	bin_1_54_02904	cds	contig_36	132074	0.4018	50858	51085	+	50857	75		hypothetical protein	no	group_3260	en_familia	6	0.1429	cloud	cloud	si	si	no
bin_1_54	bin-1-54	bin_1_54_02905	cds	contig_36	132074	0.4018	51292	51522	+	51291	76	fbpA	Fur-regulated basic protein FbpA	no	group_10900	en_familia	41	0.9762	core	core	no	no	no
bin_1_54	bin-1-54	bin_1_54_02906	cds	contig_36	132074	0.4018	51524	51718	+	51523	64	fbpA	Fur-regulated basic protein FbpA	no	group_6492	en_familia	41	0.9762	core	core	no	no	no
bin_1_54	bin-1-54	bin_1_54_02907	cds	contig_36	132074	0.4018	51734	52327	-	51733	197		Dienelactone hydrolase family protein	no	group_6512	en_familia	41	0.9762	core	core	no	no	no
bin_1_54	bin-1-54	bin_1_54_02908	cds	contig_36	132074	0.4018	52460	52855	-	52459	131		Activator of Hsp90 ATPase-like ue 1/2-like C-terminal domain-containing protein	no	group_6274	en_familia	26	0.6190	shell	shell	si	no	no
bin_1_54	bin-1-54	bin_1_54_02909	cds	contig_36	132074	0.4018	53040	53654	+	53039	204	bcrC	Undecaprenyl-diphosphatase BcrC	no	bcrC	en_familia	41	0.9762	core	core	no	no	no
bin_1_54	bin-1-54	bin_1_54_02910	cds	contig_36	132074	0.4018	53766	54191	+	53765	141	fabZ	3-hydroxyacyl-ACP dehydratase FabZ	no	group_4056	en_familia	41	0.9762	core	core	no	no	no
bin_1_54	bin-1-54	bin_1_54_02911	cds	contig_36	132074	0.4018	54191	54613	+	54190	140		RNA pyrophosphohydrolase	no	group_288	en_familia	41	0.9762	core	core	no	no	no
bin_1_54	bin-1-54	bin_1_54_02912	cds	contig_36	132074	0.4018	54675	55256	-	54674	193		Cytokinin riboside 5'-monophosphate phosphoribohydrolase	no	group_4055	en_familia	41	0.9762	core	core	no	no	no
bin_1_54	bin-1-54	bin_1_54_02913	cds	contig_36	132074	0.4018	55354	55674	+	55353	106	mazG	NTP pyrophosphohydrolase MazG-like domain-containing protein	no	mazG	en_familia	41	0.9762	core	core	no	no	no
bin_1_54	bin-1-54	bin_1_54_02914	cds	contig_36	132074	0.4018	55952	56527	+	55951	191		HTH-type transcriptional repressor Bm3R1	no	group_12660	en_familia	41	0.9762	core	core	no	no	no
bin_1_54	bin-1-54	bin_1_54_02915	cds	contig_36	132074	0.4018	56597	59767	+	56596	1056		Bifunctional cytochrome P450/NADPH--P450 reductase	no	group_14074	en_familia	41	0.9762	core	core	no	no	no
bin_1_54	bin-1-54	bin_1_54_02916	cds	contig_36	132074	0.4018	60226	60774	+	60225	182		8-oxo-dGTP diphosphatase	no	group_5382	en_familia	36	0.8571	shell	shell	si	no	no
bin_1_54	bin-1-54	bin_1_54_02917	cds	contig_36	132074	0.4018	61112	61789	+	61111	225		MBL fold metallo-hydrolase	no	group_5919	en_familia	35	0.8333	shell	shell	si	no	no
bin_1_54	bin-1-54	bin_1_54_02918	cds	contig_36	132074	0.4018	61968	62438	-	61967	156		Coat F domain-containing protein	no	group_4100	en_familia	18	0.4286	shell	shell	si	no	no
bin_1_54	bin-1-54	bin_1_54_02919	cds	contig_36	132074	0.4018	62705	62815	+	62704	36	yjcZ	YjcZ family sporulation protein	no	yjcZ	en_familia	18	0.4286	shell	shell	si	no	no
bin_1_54	bin-1-54	bin_1_54_02920	cds	contig_36	132074	0.4018	63314	64702	-	63313	462	norG	HTH-type transcriptional regulator NorG	no	norG	en_familia	41	0.9762	core	core	no	no	no
bin_1_54	bin-1-54	bin_1_54_02921	cds	contig_36	132074	0.4018	64891	65646	+	64890	251	azlC	azaleucine resistance protein AzlC	no	azlC	en_familia	41	0.9762	core	core	no	no	no
bin_1_54	bin-1-54	bin_1_54_02922	cds	contig_36	132074	0.4018	65643	65975	+	65642	110	azlD	Branched-chain amino acid transporter AzlD	no	azlD	en_familia	41	0.9762	core	core	no	no	no
bin_1_54	bin-1-54	bin_1_54_02923	cds	contig_36	132074	0.4018	66234	67400	-	64674	388		Major facilitator family transporter	no	group_2767	en_familia	35	0.8333	shell	shell	si	no	no
bin_1_54	bin-1-54	bin_1_54_02924	cds	contig_36	132074	0.4018	67425	67991	-	64083	188		Lipoprotein	no	group_5289	en_familia	4	0.0952	cloud	cloud	si	si	no
bin_1_54	bin-1-54	bin_1_54_02925	cds	contig_36	132074	0.4018	68024	68710	-	63364	228		DUF4405 domain-containing protein	no	group_5108	en_familia	3	0.0714	cloud	cloud	si	si	no
bin_1_54	bin-1-54	bin_1_54_02926	cds	contig_36	132074	0.4018	68797	69543	-	62531	248		Cytochrome P460 domain-containing protein	no	group_2280	en_familia	3	0.0714	cloud	cloud	si	si	no
bin_1_54	bin-1-54	bin_1_54_02927	cds	contig_36	132074	0.4018	69831	70997	-	61077	388	frsA	Dienelactone hydrolase domain-containing protein	no	frsA	en_familia	35	0.8333	shell	shell	si	no	no
bin_1_54	bin-1-54	bin_1_54_02928	cds	contig_36	132074	0.4018	71152	71697	+	60377	181	tetR	TetR family transcriptional regulator	no	acrR~~~tetR	en_familia	37	0.8810	shell	shell	si	no	no
bin_1_54	bin-1-54	bin_1_54_02929	cds	contig_36	132074	0.4018	71904	72548	+	59526	214	ulaG	MBL fold metallo-hydrolase	no	ulaG	en_familia	41	0.9762	core	core	no	no	no
bin_1_54	bin-1-54	bin_1_54_02930	cds	contig_36	132074	0.4018	72707	73111	+	58963	134		DUF454 domain-containing protein	no	group_5262	en_familia	41	0.9762	core	core	no	no	no
bin_1_54	bin-1-54	bin_1_54_02931	cds	contig_36	132074	0.4018	73562	73780	+	58294	72		hypothetical protein	no	group_3473	en_familia	38	0.9048	shell	core	si	no	no
bin_1_54	bin-1-54	bin_1_54_02932	cds	contig_36	132074	0.4018	74012	74629	-	57445	205		Spore cortex-lytic enzyme	no	group_13694	en_familia	39	0.9286	shell	core	si	no	no
bin_1_54	bin-1-54	bin_1_54_02933	cds	contig_36	132074	0.4018	75089	75796	+	56278	235		DNA alkylation repair enzyme	no	group_3474	en_familia	41	0.9762	core	core	no	no	no
bin_1_54	bin-1-54	bin_1_54_02934	cds	contig_36	132074	0.4018	75901	76725	+	55349	274		Class I SAM-dependent methyltransferase	no	ubiE	en_familia	30	0.7143	shell	shell	si	no	no
bin_1_54	bin-1-54	bin_1_54_02935	cds	contig_36	132074	0.4018	76885	77502	-	54572	205	tetR	TetR family transcriptional regulator	no	group_5999	en_familia	8	0.1905	shell	shell	si	no	no
bin_1_54	bin-1-54	bin_1_54_02936	cds	contig_36	132074	0.4018	77672	78856	+	53218	394		Phage infection protein	no	group_4850	en_familia	8	0.1905	shell	shell	si	no	no
bin_1_54	bin-1-54	bin_1_54_02937	cds	contig_36	132074	0.4018	79102	79560	+	52514	152	marR	MarR family transcriptional regulator	no	group_1710	en_familia	21	0.5000	shell	shell	si	no	no
bin_1_54	bin-1-54	bin_1_54_02938	cds	contig_36	132074	0.4018	79547	80623	+	51451	358	gLY1	Low specificity L-threonine aldolase	no	gLY1	en_familia	21	0.5000	shell	shell	si	no	no
bin_1_54	bin-1-54	bin_1_54_02939	cds	contig_36	132074	0.4018	80877	81314	+	50760	145		Threonyl/alanyl tRNA synthetase SAD	no	group_4164	en_familia	20	0.4762	shell	shell	si	no	no
bin_1_54	bin-1-54	bin_1_54_02940	cds	contig_36	132074	0.4018	81732	82223	+	49851	163		MutT/NUDIX family phosphohydrolase	no	group_4609	en_familia	24	0.5714	shell	shell	si	no	no
bin_1_54	bin-1-54	bin_1_54_02941	cds	contig_36	132074	0.4018	82497	83198	+	48876	233	arlR	Response regulator ArlR	no	arlR	en_familia	41	0.9762	core	core	no	no	no
bin_1_54	bin-1-54	bin_1_54_02942	cds	contig_36	132074	0.4018	83195	84538	+	47536	447		histidine kinase	no	group_4608	en_familia	41	0.9762	core	core	no	no	no
bin_1_54	bin-1-54	bin_1_54_02943	cds	contig_36	132074	0.4018	84567	85301	+	46773	244		PepSY domain-containing protein	no	group_1276	en_familia	41	0.9762	core	core	no	no	no
bin_1_54	bin-1-54	bin_1_54_02944	cds	contig_36	132074	0.4018	85639	86232	+	45842	197		Beta-carbonic anhydrase 1	no	group_3853	en_familia	41	0.9762	core	core	no	no	no
bin_1_54	bin-1-54	bin_1_54_02945	cds	contig_36	132074	0.4018	86249	88006	+	44068	585		Sulfate permease	no	group_14544	en_familia	41	0.9762	core	core	no	no	no
bin_1_54	bin-1-54	bin_1_54_02946	cds	contig_36	132074	0.4018	88158	88949	-	43125	263	blaOXA	class D beta-lactamase	no	blaOXA	en_familia	41	0.9762	core	core	no	no	no
bin_1_54	bin-1-54	bin_1_54_02947	cds	contig_36	132074	0.4018	89149	89799	+	42275	216		Alpha/beta hydrolase	no	group_5675	en_familia	41	0.9762	core	core	no	no	no
bin_1_54	bin-1-54	bin_1_54_02948	cds	contig_36	132074	0.4018	89890	90279	+	41795	129		YdhG-like domain-containing protein	no	group_3878	en_familia	40	0.9524	core	core	no	no	no
bin_1_54	bin-1-54	bin_1_54_02949	cds	contig_36	132074	0.4018	90371	90862	+	41212	163		PTS system glucose-specific EIIA component	no	group_4216	en_familia	41	0.9762	core	core	no	no	no
bin_1_54	bin-1-54	bin_1_54_02950	cds	contig_36	132074	0.4018	90972	91388	+	40686	138		VOC domain-containing protein	no	group_518	en_familia	41	0.9762	core	core	no	no	no
bin_1_54	bin-1-54	bin_1_54_02951	cds	contig_36	132074	0.4018	91451	91966	-	40108	171		GNAT family N-acetyltransferase	no	group_4215	en_familia	41	0.9762	core	core	no	no	no
bin_1_54	bin-1-54	bin_1_54_02952	cds	contig_36	132074	0.4018	92114	92542	+	39532	142	ftsH	Cell division protease FtsH	no	group_4727	en_familia	41	0.9762	core	core	no	no	no
bin_1_54	bin-1-54	bin_1_54_02953	cds	contig_36	132074	0.4018	92897	94096	+	37978	399	serA	D-3-phosphoglycerate dehydrogenase	no	serA	en_familia	41	0.9762	core	core	no	no	no
bin_1_54	bin-1-54	bin_1_54_02954	cds	contig_36	132074	0.4018	94309	94485	-	37589	58		hypothetical protein	no	group_1478	en_familia	39	0.9286	shell	core	si	no	no
bin_1_54	bin-1-54	bin_1_54_02955	cds	contig_36	132074	0.4018	94882	95364	-	36710	160		hypothetical protein	no	group_4728	en_familia	34	0.8095	shell	shell	si	no	no
bin_1_54	bin-1-54	bin_1_54_02956	cds	contig_36	132074	0.4018	95546	95698	+	36376	50		hypothetical protein	no	group_3615	en_familia	14	0.3333	shell	shell	si	no	no
bin_1_54	bin-1-54	bin_1_54_02957	cds	contig_36	132074	0.4018	95712	96773	+	35301	353	lasB	Neutral metalloproteinase	no	lasB	en_familia	41	0.9762	core	core	no	no	no
bin_1_54	bin-1-54	bin_1_54_02958	cds	contig_36	132074	0.4018	96806	97117	+	34957	103		Emfourin	no	group_3613	en_familia	41	0.9762	core	core	no	no	no
bin_1_54	bin-1-54	bin_1_54_02959	cds	contig_36	132074	0.4018	97430	98536	+	33538	368		DGQHR domain-containing protein	no	group_3966	en_familia	41	0.9762	core	core	no	no	no
bin_1_54	bin-1-54	bin_1_54_02960	cds	contig_36	132074	0.4018	98523	99554	+	32520	343		DUF262 domain-containing protein	no	dndB	en_familia	41	0.9762	core	core	no	no	no
bin_1_54	bin-1-54	bin_1_54_02961	cds	contig_36	132074	0.4018	99710	100267	+	31807	185		Competence protein	no	group_14573	en_familia	40	0.9524	core	core	no	no	no
bin_1_54	bin-1-54	bin_1_54_02962	cds	contig_36	132074	0.4018	100425	100694	+	31380	89		Excalibur calcium-binding domain-containing protein	no	yhjA	en_familia	33	0.7857	shell	shell	si	no	no
bin_1_54	bin-1-54	bin_1_54_02963	cds	contig_36	132074	0.4018	100902	101165	-	30909	87		Catalase	no	group_1329	en_familia	41	0.9762	core	core	no	no	no
bin_1_54	bin-1-54	bin_1_54_02964	cds	contig_36	132074	0.4018	101599	102912	+	29162	437		Nramp family divalent metal transporter	no	group_4640	en_familia	41	0.9762	core	core	no	no	no
bin_1_54	bin-1-54	bin_1_54_02965	cds	contig_36	132074	0.4018	103010	103987	+	28087	325		Glyoxylate/hydroxypyruvate reductase B	no	group_1326	en_familia	41	0.9762	core	core	no	no	no
bin_1_54	bin-1-54	bin_1_54_02966	cds	contig_36	132074	0.4018	104362	105633	-	26441	423		Proton/sodium-glutamate symport protein	no	group_4639	en_familia	31	0.7381	shell	shell	si	no	no
bin_1_54	bin-1-54	bin_1_54_02967	cds	contig_36	132074	0.4018	105840	107111	+	24963	423		histidine kinase	no	group_4311	en_familia	39	0.9286	shell	core	si	no	no
bin_1_54	bin-1-54	bin_1_54_02968	cds	contig_36	132074	0.4018	107108	108028	+	24046	306		Stage 0 sporulation protein A	no	group_709	en_familia	39	0.9286	shell	core	si	no	no
bin_1_54	bin-1-54	bin_1_54_02969	cds	contig_36	132074	0.4018	108477	110816	+	21258	779	helD	RNA polymerase recycling motor HelD	no	helD	en_familia	41	0.9762	core	core	no	no	no
bin_1_54	bin-1-54	bin_1_54_02970	cds	contig_36	132074	0.4018	110921	111139	+	20935	72	yjzC	YjzC family protein	no	yjzC~~~ypzG	en_familia	41	0.9762	core	core	no	no	no
bin_1_54	bin-1-54	bin_1_54_02971	cds	contig_36	132074	0.4018	111175	111306	+	20768	43	sspL	small, acid-soluble spore protein L	no	sspL	en_familia	41	0.9762	core	core	no	no	no
bin_1_54	bin-1-54	bin_1_54_02972	cds	contig_36	132074	0.4018	111567	114737	+	17337	1056	uvrA	UvrABC system protein A	no	uvrA	en_familia	41	0.9762	core	core	no	no	no
bin_1_54	bin-1-54	bin_1_54_02973	cds	contig_36	132074	0.4018	115326	116594	-	15480	422	kinB	histidine kinase	no	kinB	en_familia	41	0.9762	core	core	no	no	no
bin_1_54	bin-1-54	bin_1_54_02974	cds	contig_36	132074	0.4018	116809	117270	+	14804	153		SRPBCC family protein	no	group_4665	en_familia	41	0.9762	core	core	no	no	no
bin_1_54	bin-1-54	bin_1_54_02975	cds	contig_36	132074	0.4018	117578	117814	+	14260	78		Group-specific protein	no	group_7848	en_familia	9	0.2143	shell	shell	si	no	no
bin_1_54	bin-1-54	bin_1_54_02976	cds	contig_36	132074	0.4018	117811	118002	+	14072	63		hypothetical protein	no	group_9673	en_familia	2	0.0476	cloud	cloud	si	si	no
bin_1_54	bin-1-54	bin_1_54_02977	cds	contig_36	132074	0.4018	118173	118499	+	13575	108		Lipoprotein	no	group_5943	en_familia	5	0.1190	cloud	cloud	si	si	no
bin_1_54	bin-1-54	bin_1_54_02978	cds	contig_36	132074	0.4018	118612	118830	+	13244	72		hypothetical protein	no	group_5943	en_familia	5	0.1190	cloud	cloud	si	si	no
bin_1_54	bin-1-54	bin_1_54_02979	cds	contig_36	132074	0.4018	118950	119096	+	12978	48		hypothetical protein	no	group_4663	en_familia	3	0.0714	cloud	cloud	si	si	no
bin_1_54	bin-1-54	bin_1_54_02980	cds	contig_36	132074	0.4018	119333	120316	-	11758	327	oCDMu	Ornithine cyclodeaminase	no	oCDMu	en_familia	37	0.8810	shell	shell	si	no	no
bin_1_54	bin-1-54	bin_1_54_02981	cds	contig_36	132074	0.4018	120351	121634	-	10440	427	melB	Proline/betaine transporter	no	melB	en_familia	37	0.8810	shell	shell	si	no	no
bin_1_54	bin-1-54	bin_1_54_02982	cds	contig_36	132074	0.4018	121813	122325	+	9749	170	qdoI	HTH-type transcriptional regulator SutR	no	qdoI	en_familia	37	0.8810	shell	shell	si	no	no
bin_1_54	bin-1-54	bin_1_54_02983	cds	contig_36	132074	0.4018	122554	122718	+	9356	54		DUF4177 domain-containing protein	no	group_4655	en_familia	18	0.4286	shell	shell	si	no	no
bin_1_54	bin-1-54	bin_1_54_02984	cds	contig_36	132074	0.4018	122864	123658	-	8416	264		Endo-1,4-beta-xylanase Y	no	group_3544	en_familia	8	0.1905	shell	shell	si	no	no
bin_1_54	bin-1-54	bin_1_54_02985	cds	contig_36	132074	0.4018	123969	124718	+	7356	249		ABC transporter domain-containing protein	no	group_5012	en_familia	41	0.9762	core	core	no	no	no
bin_1_54	bin-1-54	bin_1_54_02986	cds	contig_36	132074	0.4018	124711	125373	+	6701	220		Methionine ABC transporter ATP-binding protein	no	group_2073	en_familia	41	0.9762	core	core	no	no	no
bin_1_54	bin-1-54	bin_1_54_02987	cds	contig_36	132074	0.4018	125392	126219	+	5855	275		Lipoprotein	no	group_10235	en_familia	41	0.9762	core	core	no	no	no
bin_1_54	bin-1-54	bin_1_54_02988	cds	contig_36	132074	0.4018	126526	128322	+	3752	598		Phage DNA manipulating enzyme	no	yeeF~~~yobL	en_familia	40	0.9524	core	core	no	no	no
bin_1_54	bin-1-54	bin_1_54_02989	cds	contig_36	132074	0.4018	128341	128778	+	3296	145		SMI1/KNR4 family protein	no	group_8195	en_familia	7	0.1667	shell	shell	si	no	no
bin_1_54	bin-1-54	bin_1_54_02990	cds	contig_36	132074	0.4018	129180	129698	+	2376	172		Ankyrin repeat family protein	no	group_7470	en_familia	11	0.2619	shell	shell	si	no	no
bin_1_54	bin-1-54	bin_1_54_02991	cds	contig_36	132074	0.4018	129885	130499	+	1575	204	yokK	SPBc2 prophage-derived protein YokK	no	yokK	en_familia	6	0.1429	cloud	cloud	si	si	no
bin_1_54	bin-1-54	bin_1_54_02992	cds	contig_36	132074	0.4018	130656	130940	+	1134	94	yobK	Protein YobK	no	group_8194	en_familia	24	0.5714	shell	shell	si	no	no
bin_1_54	bin-1-54	bin_1_54_02993	cds	contig_36	132074	0.4018	131162	131665	+	409	167	aNKYR	Ankyrin repeat domain-containing protein	no	aNKYR	en_familia	2	0.0476	cloud	cloud	si	si	no
bin_1_54	bin-1-54	bin_1_54_02994	cds	contig_37	102035	0.4194	670	1428	+	669	252		Serine aminopeptidase S33 domain-containing protein	no	group_4783	en_familia	42	1.0000	core	core	no	no	no
bin_1_54	bin-1-54	bin_1_54_02995	cds	contig_37	102035	0.4194	1510	1680	+	1509	56	csbD	Stress response protein sigmaB controlled CsbD	no	csbD	en_familia	42	1.0000	core	core	no	no	no
bin_1_54	bin-1-54	bin_1_54_02996	cds	contig_37	102035	0.4194	1793	2935	-	1792	380	rsbP	Phosphoserine phosphatase RsbP	no	group_4300	en_familia	42	1.0000	core	core	no	no	no
bin_1_54	bin-1-54	bin_1_54_02997	cds	contig_37	102035	0.4194	3212	4045	-	3211	277	cheR	Chemotaxis protein methyltransferase	no	cheR	en_familia	42	1.0000	core	core	no	no	no
bin_1_54	bin-1-54	bin_1_54_02998	cds	contig_37	102035	0.4194	4074	6875	-	4073	933		histidine kinase	no	fhlA	en_familia	42	1.0000	core	core	no	no	no
bin_1_54	bin-1-54	bin_1_54_02999	cds	contig_37	102035	0.4194	7163	8479	-	7162	438	mpfA	Transporter associated domain protein	no	mpfA	en_familia	42	1.0000	core	core	no	no	no
bin_1_54	bin-1-54	bin_1_54_03000	cds	contig_37	102035	0.4194	8652	9101	-	8651	149		HTH merR-type domain-containing protein	no	group_4299	en_familia	42	1.0000	core	core	no	no	no
bin_1_54	bin-1-54	bin_1_54_03001	cds	contig_37	102035	0.4194	9493	9612	-	9492	39	yhfH	YhfH family protein	no	group_3222	en_familia	38	0.9048	shell	core	si	no	no
bin_1_54	bin-1-54	bin_1_54_03002	cds	contig_37	102035	0.4194	9795	10223	+	9794	142		DUF4395 domain-containing protein	no	group_5444	en_familia	42	1.0000	core	core	no	no	no
bin_1_54	bin-1-54	bin_1_54_03003	cds	contig_37	102035	0.4194	10262	12016	-	10261	584		Iron permease	no	group_6197	en_familia	41	0.9762	core	core	no	no	no
bin_1_54	bin-1-54	bin_1_54_03004	cds	contig_37	102035	0.4194	12105	13391	-	12104	428	efeB	iron uptake transporter deferrochelatase/peroxidase subunit	no	efeB	en_familia	33	0.7857	shell	shell	si	no	no
bin_1_54	bin-1-54	bin_1_54_03005	cds	contig_37	102035	0.4194	13392	14237	-	13391	281	efeO	iron uptake system protein EfeO	no	efeO	en_familia	33	0.7857	shell	shell	si	no	no
bin_1_54	bin-1-54	bin_1_54_03006	cds	contig_37	102035	0.4194	14429	14908	-	14428	159		HTH marR-type domain-containing protein	no	group_1000	en_familia	42	1.0000	core	core	no	no	no
bin_1_54	bin-1-54	bin_1_54_03007	cds	contig_37	102035	0.4194	15037	16551	+	15036	504	araJ	Multidrug resistance protein 3	no	group_4487	en_familia	42	1.0000	core	core	no	no	no
bin_1_54	bin-1-54	bin_1_54_03008	cds	contig_37	102035	0.4194	16680	17381	+	16679	233		SGNH hydrolase-type esterase domain-containing protein	no	group_1001	en_familia	42	1.0000	core	core	no	no	no
bin_1_54	bin-1-54	bin_1_54_03009	cds	contig_37	102035	0.4194	17424	18002	-	17423	192	def	peptide deformylase	no	def	en_familia	42	1.0000	core	core	no	no	no
bin_1_54	bin-1-54	bin_1_54_03010	cds	contig_37	102035	0.4194	18253	19986	+	18252	577	hflB	ATP-dependent zinc metalloprotease FtsH	no	hflB	en_familia	42	1.0000	core	core	no	no	no
bin_1_54	bin-1-54	bin_1_54_03011	cds	contig_37	102035	0.4194	20091	20345	-	20090	84		DUF2256 domain-containing protein	no	group_832	en_familia	4	0.0952	cloud	cloud	si	si	no
bin_1_54	bin-1-54	bin_1_54_03012	cds	contig_37	102035	0.4194	20458	21213	-	20457	251		4'-phosphopantetheinyl transferase	no	group_1121	en_familia	4	0.0952	cloud	cloud	si	si	no
bin_1_54	bin-1-54	bin_1_54_03013	cds	contig_37	102035	0.4194	21278	22726	-	21277	482		Drug resistance transporter, EmrB/QacA family	no	hsrA	en_familia	39	0.9286	shell	core	si	no	no
bin_1_54	bin-1-54	bin_1_54_03014	cds	contig_37	102035	0.4194	22723	22944	-	22722	73		Antibiotic/siderophore biosynthesis protein	no	mbtH	en_familia	39	0.9286	shell	core	si	no	no
bin_1_54	bin-1-54	bin_1_54_03015	cds	contig_37	102035	0.4194	22944	30140	-	22943	2398		Siderophore 2,3-dihydroxybenzoate-glycine-threonine trimeric ester bacillibactin synthetase	no	group_4274	en_familia	3	0.0714	cloud	cloud	si	si	no
bin_1_54	bin-1-54	bin_1_54_03016	cds	contig_37	102035	0.4194	30171	31085	-	30170	304		isochorismatase	no	group_5828	en_familia	3	0.0714	cloud	cloud	si	si	no
bin_1_54	bin-1-54	bin_1_54_03017	cds	contig_37	102035	0.4194	31113	32738	-	31112	541		(2,3-dihydroxybenzoyl)adenylate synthase	no	group_5047	en_familia	3	0.0714	cloud	cloud	si	si	no
bin_1_54	bin-1-54	bin_1_54_03018	cds	contig_37	102035	0.4194	32761	33984	-	32760	407	dhbC	isochorismate synthase DhbC	no	dhbC	en_familia	3	0.0714	cloud	cloud	si	si	no
bin_1_54	bin-1-54	bin_1_54_03019	cds	contig_37	102035	0.4194	34039	34824	-	34038	261		2,3-dihydro-2,3-dihydroxybenzoate dehydrogenase	no	group_10800	en_familia	3	0.0714	cloud	cloud	si	si	no
bin_1_54	bin-1-54	bin_1_54_03020	cds	contig_37	102035	0.4194	35038	35907	-	35037	289		Alpha/beta hydrolase	no	group_2148	en_familia	5	0.1190	cloud	cloud	si	si	no
bin_1_54	bin-1-54	bin_1_54_03021	cds	contig_37	102035	0.4194	36322	37332	+	36321	336		Iron-hydroxamate ABC transporter substrate-binding protein	no	group_13345	en_familia	5	0.1190	cloud	cloud	si	si	no
bin_1_54	bin-1-54	bin_1_54_03022	cds	contig_37	102035	0.4194	37355	38362	+	37354	335	feuB	Iron-uptake system permease protein FeuB	no	group_13613	en_familia	5	0.1190	cloud	cloud	si	si	no
bin_1_54	bin-1-54	bin_1_54_03023	cds	contig_37	102035	0.4194	38355	39377	+	38354	340	feuC	Iron-uptake system permease protein FeuC	no	feuC	en_familia	5	0.1190	cloud	cloud	si	si	no
bin_1_54	bin-1-54	bin_1_54_03024	cds	contig_37	102035	0.4194	39393	40214	+	39392	273	yusV	Siderophore transport system ATP-binding protein YusV	no	fhuC~~~yusV	en_familia	26	0.6190	shell	shell	si	no	no
bin_1_54	bin-1-54	bin_1_54_03025	cds	contig_37	102035	0.4194	40561	42471	-	40560	636	nagE	N-acetylglucosamine-specific PTS transporter subunit IIBC	no	group_607	en_familia	42	1.0000	core	core	no	no	no
bin_1_54	bin-1-54	bin_1_54_03026	cds	contig_37	102035	0.4194	42777	43955	+	42776	392	nagA	N-acetylglucosamine-6-phosphate deacetylase	no	nagA	en_familia	42	1.0000	core	core	no	no	no
bin_1_54	bin-1-54	bin_1_54_03027	cds	contig_37	102035	0.4194	43955	44689	+	43954	244	nagB	glucosamine-6-phosphate deaminase	no	nagB	en_familia	42	1.0000	core	core	no	no	no
bin_1_54	bin-1-54	bin_1_54_03028	cds	contig_37	102035	0.4194	44704	45426	+	44703	240	phnF	phosphonate metabolism transcriptional regulator PhnF	no	phnF	en_familia	42	1.0000	core	core	no	no	no
bin_1_54	bin-1-54	bin_1_54_03029	cds	contig_37	102035	0.4194	45490	46212	+	45489	240		SIS domain-containing protein	no	group_5083	en_familia	42	1.0000	core	core	no	no	no
bin_1_54	bin-1-54	bin_1_54_03030	cds	contig_37	102035	0.4194	46651	46842	-	46650	63		hypothetical protein	no	group_9675	en_familia	6	0.1429	cloud	cloud	si	si	no
bin_1_54	bin-1-54	bin_1_54_03031	cds	contig_37	102035	0.4194	46877	49993	-	46876	1038		SSD domain-containing protein	no	group_2588	en_familia	42	1.0000	core	core	no	no	no
bin_1_54	bin-1-54	bin_1_54_03032	cds	contig_37	102035	0.4194	49990	50457	-	49989	155		Multidrug resistance operon repressor	no	group_3563	en_familia	42	1.0000	core	core	no	no	no
bin_1_54	bin-1-54	bin_1_54_03033	cds	contig_37	102035	0.4194	50627	51145	+	50626	172		General stress protein	no	group_13919	en_familia	42	1.0000	core	core	no	no	no
bin_1_54	bin-1-54	bin_1_54_03034	cds	contig_37	102035	0.4194	51464	52354	-	49681	296		peptidylprolyl isomerase	no	group_1674	en_familia	42	1.0000	core	core	no	no	no
bin_1_54	bin-1-54	bin_1_54_03035	cds	contig_37	102035	0.4194	52678	53751	-	48284	357	potD	Spermidine/putrescine import ABC transporter spermidine/putrescine-binding protein PotD	no	group_6953	en_familia	42	1.0000	core	core	no	no	no
bin_1_54	bin-1-54	bin_1_54_03036	cds	contig_37	102035	0.4194	53748	54551	-	47484	267	potC	Inner membrane ABC transporter permease protein YdcV	no	group_13293	en_familia	42	1.0000	core	core	no	no	no
bin_1_54	bin-1-54	bin_1_54_03037	cds	contig_37	102035	0.4194	54553	55371	-	46664	272	potB	Spermidine/putrescine transport system permease protein PotB	no	group_10353	en_familia	42	1.0000	core	core	no	no	no
bin_1_54	bin-1-54	bin_1_54_03038	cds	contig_37	102035	0.4194	55346	56455	-	45580	369	potA	Spermidine/putrescine import ATP-binding protein PotA	no	group_6242	en_familia	42	1.0000	core	core	no	no	no
bin_1_54	bin-1-54	bin_1_54_03039	cds	contig_37	102035	0.4194	56518	57060	-	44975	180	qdoI	HTH-type transcriptional regulator PuuR	no	group_1598	en_familia	42	1.0000	core	core	no	no	no
bin_1_54	bin-1-54	bin_1_54_03040	cds	contig_37	102035	0.4194	57230	58711	-	43324	493	hemY	protoporphyrinogen oxidase	no	hemY	en_familia	42	1.0000	core	core	no	no	no
bin_1_54	bin-1-54	bin_1_54_03041	cds	contig_37	102035	0.4194	58795	59307	-	42728	170		Acyltransferase	no	group_754	en_familia	41	0.9762	core	core	no	no	no
bin_1_54	bin-1-54	bin_1_54_03042	cds	contig_37	102035	0.4194	59428	61461	-	40574	677	nhaP	Na+/H+ antiporter	no	nhaP	en_familia	42	1.0000	core	core	no	no	no
bin_1_54	bin-1-54	bin_1_54_03043	cds	contig_37	102035	0.4194	61686	62576	-	39459	296		DAGKc domain-containing protein	no	group_12734	en_familia	42	1.0000	core	core	no	no	no
bin_1_54	bin-1-54	bin_1_54_03044	cds	contig_37	102035	0.4194	63056	63190	+	38845	44	yhfH	YhfH family protein	no	group_14257	en_familia	42	1.0000	core	core	no	no	no
bin_1_54	bin-1-54	bin_1_54_03045	cds	contig_37	102035	0.4194	63234	63371	+	38664	45	yhfH	YhfH family protein	no	group_3695	en_familia	42	1.0000	core	core	no	no	no
bin_1_54	bin-1-54	bin_1_54_03046	cds	contig_37	102035	0.4194	63402	63539	+	38496	45	yhfH	YhfH family protein	no	group_851	en_familia	41	0.9762	core	core	no	no	no
bin_1_54	bin-1-54	bin_1_54_03047	cds	contig_37	102035	0.4194	63569	63709	+	38326	46	yhfH	YhfH family protein	no	group_3013	en_familia	38	0.9048	shell	core	si	no	no
bin_1_54	bin-1-54	bin_1_54_03048	cds	contig_37	102035	0.4194	63837	65471	-	36564	544	cdaR	Purine catabolism regulatory protein	no	group_2896	en_familia	42	1.0000	core	core	no	no	no
bin_1_54	bin-1-54	bin_1_54_03049	cds	contig_37	102035	0.4194	65629	65847	-	36188	72		hypothetical protein	no	group_8885	en_familia	42	1.0000	core	core	no	no	no
bin_1_54	bin-1-54	bin_1_54_03050	cds	contig_37	102035	0.4194	65864	67348	-	34687	494	fUI1	Allantoin permease	no	fUI1	en_familia	42	1.0000	core	core	no	no	no
bin_1_54	bin-1-54	bin_1_54_03051	cds	contig_37	102035	0.4194	67390	68808	-	33227	472	hydA	dihydropyrimidinase	no	hydA	en_familia	42	1.0000	core	core	no	no	no
bin_1_54	bin-1-54	bin_1_54_03052	cds	contig_37	102035	0.4194	68823	70109	-	31926	428	preA	NAD-dependent dihydropyrimidine dehydrogenase subunit PreA	no	preA	en_familia	42	1.0000	core	core	no	no	no
bin_1_54	bin-1-54	bin_1_54_03053	cds	contig_37	102035	0.4194	70137	71501	-	30534	454	gltD	Glutamate synthase [NADPH] small chain	no	gltD	en_familia	42	1.0000	core	core	no	no	no
bin_1_54	bin-1-54	bin_1_54_03054	cds	contig_37	102035	0.4194	72210	73475	-	28560	421	hflX	GTPase HflX	no	hflX	en_familia	42	1.0000	core	core	no	no	no
bin_1_54	bin-1-54	bin_1_54_03055	cds	contig_37	102035	0.4194	73747	75870	-	26165	707		Cd(2+)-exporting ATPase	no	group_3665	en_familia	42	1.0000	core	core	no	no	no
bin_1_54	bin-1-54	bin_1_54_03056	cds	contig_37	102035	0.4194	75863	76234	-	25801	123	arsR	Cadmium resistance transcriptional regulatory protein CadC	no	group_14198	en_familia	42	1.0000	core	core	no	no	no
bin_1_54	bin-1-54	bin_1_54_03057	cds	contig_37	102035	0.4194	76711	76911	-	25124	66	cspC	Cold-shock DNA-binding domain protein	no	group_12540	en_familia	42	1.0000	core	core	no	no	no
bin_1_54	bin-1-54	bin_1_54_03058	cds	contig_37	102035	0.4194	77492	79183	-	22852	563		Methyl-accepting chemotaxis protein	no	group_5630	en_familia	42	1.0000	core	core	no	no	no
bin_1_54	bin-1-54	bin_1_54_03059	cds	contig_37	102035	0.4194	79197	80369	-	21666	390		ATP-grasp domain-containing protein	no	group_3973	en_familia	42	1.0000	core	core	no	no	no
bin_1_54	bin-1-54	bin_1_54_03060	cds	contig_37	102035	0.4194	80757	80870	-	21165	37		hypothetical protein	no	group_11568	en_familia	1	0.0238	cloud	cloud	si	si	no
bin_1_54	bin-1-54	bin_1_54_03061	cds	contig_37	102035	0.4194	81078	81929	-	20106	283		Sortase-like protein	no	group_9964	en_familia	1	0.0238	cloud	cloud	si	si	no
bin_1_54	bin-1-54	bin_1_54_03062	cds	contig_37	102035	0.4194	81945	83012	-	19023	355		Cell surface protein	no	group_7022	en_familia	1	0.0238	cloud	cloud	si	si	no
bin_1_54	bin-1-54	bin_1_54_03063	cds	contig_37	102035	0.4194	83194	85308	-	16727	704		Cell surface protein	no	group_13667	en_familia	1	0.0238	cloud	cloud	si	si	no
bin_1_54	bin-1-54	bin_1_54_03064	cds	contig_37	102035	0.4194	85254	86378	-	15657	374		hypothetical protein	no	group_13667	en_familia	1	0.0238	cloud	cloud	si	si	no
bin_1_54	bin-1-54	bin_1_54_03065	cds	contig_37	102035	0.4194	86574	87308	-	14727	244		WxL domain surface cell wall-binding	no	group_11484	en_familia	1	0.0238	cloud	cloud	si	si	no
bin_1_54	bin-1-54	bin_1_54_03066	cds	contig_37	102035	0.4194	87330	88118	-	13917	262		Cell surface protein	no	group_10749	en_familia	1	0.0238	cloud	cloud	si	si	no
bin_1_54	bin-1-54	bin_1_54_03067	cds	contig_37	102035	0.4194	88139	88483	-	13552	114		LPXTG-motif cell wall anchor domain-containing protein	no	group_3241	en_familia	1	0.0238	cloud	cloud	si	si	no
bin_1_54	bin-1-54	bin_1_54_03068	cds	contig_37	102035	0.4194	89479	90945	+	11090	488		Anthrax toxin expression trans-acting positive regulator	no	group_2110	en_familia	1	0.0238	cloud	cloud	si	si	no
bin_1_54	bin-1-54	bin_1_54_03069	cds	contig_37	102035	0.4194	91374	91745	-	10290	123		Intracellular iron chaperone frataxin	no	group_815	en_familia	42	1.0000	core	core	no	no	no
bin_1_54	bin-1-54	bin_1_54_03070	cds	contig_37	102035	0.4194	92068	93870	-	8165	600	glmS	glutamine--fructose-6-phosphate transaminase (isomerizing)	no	glmS	en_familia	42	1.0000	core	core	no	no	no
bin_1_54	bin-1-54	bin_1_54_03071	cds	contig_37	102035	0.4194	93816	93920	-	8115	34		hypothetical protein	no	group_11703	en_familia	42	1.0000	core	core	no	no	no
bin_1_54	bin-1-54	bin_1_54_03072	cds	contig_37	102035	0.4194	93966	94082	-	7953	38		Transposase	no	group_13018	en_familia	42	1.0000	core	core	no	no	no
bin_1_54	bin-1-54	bin_1_54_03073	cds	contig_37	102035	0.4194	94336	95685	-	6350	449	glmM	phosphoglucosamine mutase	no	glmM	en_familia	42	1.0000	core	core	no	no	no
bin_1_54	bin-1-54	bin_1_54_03074	cds	contig_37	102035	0.4194	95742	97109	-	4926	455	ybbR	YbbR-like domain-containing protein YbbR	no	ybbR	en_familia	42	1.0000	core	core	no	no	no
bin_1_54	bin-1-54	bin_1_54_03075	cds	contig_37	102035	0.4194	97102	97926	-	4109	274	cdaA	diadenylate cyclase CdaA	no	cdaA	en_familia	42	1.0000	core	core	no	no	no
bin_1_54	bin-1-54	bin_1_54_03076	cds	contig_37	102035	0.4194	98147	98770	-	3265	207	rsiW	Anti-sigma-W factor RsiW	no	group_13560	en_familia	42	1.0000	core	core	no	no	no
bin_1_54	bin-1-54	bin_1_54_03077	cds	contig_37	102035	0.4194	98787	99350	-	2685	187	sigW	RNA polymerase sigma factor SigW	no	sigW	en_familia	42	1.0000	core	core	no	no	no
bin_1_54	bin-1-54	bin_1_54_03078	cds	contig_37	102035	0.4194	99523	99708	+	2327	61		Spo0E family sporulation regulatory protein-aspartic acid phosphatase	no	group_1947	en_familia	42	1.0000	core	core	no	no	no
bin_1_54	bin-1-54	bin_1_54_03079	cds	contig_37	102035	0.4194	99846	100748	-	1287	300	rocF	arginase	no	group_9320	en_familia	42	1.0000	core	core	no	no	no
bin_1_54	bin-1-54	bin_1_54_03091	cds	contig_38	13158	0.4100	184	1149	-	183	321		YaaC-like Protein	no	group_1088	en_familia	42	1.0000	core	core	no	no	no
bin_1_54	bin-1-54	bin_1_54_03092	cds	contig_38	13158	0.4100	1261	2724	+	1260	487	guaB	inosine 5'-monophosphate dehydrogenase	no	guaB	en_familia	42	1.0000	core	core	no	no	no
bin_1_54	bin-1-54	bin_1_54_03093	cds	contig_38	13158	0.4100	2898	4214	+	2897	438		serine-type D-Ala-D-Ala carboxypeptidase	no	group_1089	en_familia	42	1.0000	core	core	no	no	no
bin_1_54	bin-1-54	bin_1_54_03094	cds	contig_38	13158	0.4100	4572	5849	+	4571	425	serS	serine--tRNA ligase	no	serS	en_familia	42	1.0000	core	core	no	no	no
bin_1_54	bin-1-54	bin_1_54_03096	cds	contig_38	13158	0.4100	6196	6867	-	6195	223	dck	Deoxyadenosine/deoxycytidine kinase	no	group_12171	en_familia	42	1.0000	core	core	no	no	no
bin_1_54	bin-1-54	bin_1_54_03097	cds	contig_38	13158	0.4100	6845	7504	-	5654	219		Deoxyguanosine kinase	no	dck	en_familia	42	1.0000	core	core	no	no	no
bin_1_54	bin-1-54	bin_1_54_03098	cds	contig_38	13158	0.4100	7685	8230	-	4928	181		Enterobactin synthase component B	no	group_4394	en_familia	42	1.0000	core	core	no	no	no
bin_1_54	bin-1-54	bin_1_54_03099	cds	contig_38	13158	0.4100	8370	8879	+	4279	169	tadA	tRNA adenosine(34) deaminase TadA	no	tadA	en_familia	42	1.0000	core	core	no	no	no
bin_1_54	bin-1-54	bin_1_54_03102	cds	contig_38	13158	0.4100	9430	9525	+	3633	31		hypothetical protein	no		no_en_pangenoma			no_en_pangenoma	no_en_pangenoma			no
bin_1_54	bin-1-54	bin_1_54_03103	cds	contig_38	13158	0.4100	9471	11159	+	1999	562	dnaX	DNA polymerase III subunit gamma/tau	no	dnaX	en_familia	42	1.0000	core	core	no	no	no
bin_1_54	bin-1-54	bin_1_54_03104	cds	contig_38	13158	0.4100	11175	11498	+	1660	107		YbaB/EbfC family nucleoid-associated protein	no	group_3981	en_familia	42	1.0000	core	core	no	no	no
bin_1_54	bin-1-54	bin_1_54_03105	cds	contig_38	13158	0.4100	11559	12155	+	1003	198	recR	recombination mediator RecR	no	recR	en_familia	42	1.0000	core	core	no	no	no
bin_1_54	bin-1-54	bin_1_54_03106	cds	contig_38	13158	0.4100	12176	12394	+	764	72		DUF2508 domain-containing protein	no	group_8882	en_familia	42	1.0000	core	core	no	no	no
bin_1_54	bin-1-54	bin_1_54_03107	cds	contig_38	13158	0.4100	12505	12768	+	390	87	bofA	Pro-sigmaK processing inhibitor BofA	no	bofA	en_familia	42	1.0000	core	core	no	no	no
bin_1_54	bin-1-54	bin_1_54_03108	cds	contig_39	133465	0.4184	727	924	-	726	65		ATP synthase F0 subunit 8	no	group_3769	en_familia	37	0.8810	shell	shell	si	no	no
bin_1_54	bin-1-54	bin_1_54_03109	cds	contig_39	133465	0.4184	1036	2286	-	1035	416	entS	Enterobactin exporter EntS	no	entS	en_familia	35	0.8333	shell	shell	si	no	no
bin_1_54	bin-1-54	bin_1_54_03110	cds	contig_39	133465	0.4184	2917	3402	-	2916	161		Activator of Hsp90 ATPase-like ue 1/2-like C-terminal domain-containing protein	no	group_4174	en_familia	41	0.9762	core	core	no	no	no
bin_1_54	bin-1-54	bin_1_54_03111	cds	contig_39	133465	0.4184	3426	4025	-	3425	199		GNAT family N-acetyltransferase	no	group_6112	en_familia	42	1.0000	core	core	no	no	no
bin_1_54	bin-1-54	bin_1_54_03112	cds	contig_39	133465	0.4184	3965	4483	-	3964	172	bstA	bacillithiol transferase BstA	no	bstA~~~yfiT	en_familia	42	1.0000	core	core	no	no	no
bin_1_54	bin-1-54	bin_1_54_03113	cds	contig_39	133465	0.4184	4718	5818	+	4717	366		Spore germination protein XB	no	group_11674	en_familia	35	0.8333	shell	shell	si	no	no
bin_1_54	bin-1-54	bin_1_54_03114	cds	contig_39	133465	0.4184	5793	7277	+	5792	494		Spore germination protein XA	no	group_11485	en_familia	34	0.8095	shell	shell	si	no	no
bin_1_54	bin-1-54	bin_1_54_03115	cds	contig_39	133465	0.4184	7281	8426	+	7280	381		Spore germination protein A3	no	group_6245	en_familia	34	0.8095	shell	shell	si	no	no
bin_1_54	bin-1-54	bin_1_54_03116	cds	contig_39	133465	0.4184	8476	8607	-	8475	43		hypothetical protein	no	group_6241	en_familia	12	0.2857	shell	shell	si	no	no
bin_1_54	bin-1-54	bin_1_54_03117	cds	contig_39	133465	0.4184	8641	8919	-	8640	92		hypothetical protein	no	group_6241	en_familia	12	0.2857	shell	shell	si	no	no
bin_1_54	bin-1-54	bin_1_54_03118	cds	contig_39	133465	0.4184	9091	9528	+	9090	145	yvbK	N-acetyltransferase YvbK	no	yvbK	en_familia	42	1.0000	core	core	no	no	no
bin_1_54	bin-1-54	bin_1_54_03119	cds	contig_39	133465	0.4184	9589	9873	-	9588	94	spoVT	Transition state regulatory protein AbrB	no	group_13952	en_familia	42	1.0000	core	core	no	no	no
bin_1_54	bin-1-54	bin_1_54_03120	cds	contig_39	133465	0.4184	9874	9996	-	9873	40		hypothetical protein	no	group_1835	en_familia	42	1.0000	core	core	no	no	no
bin_1_54	bin-1-54	bin_1_54_03121	cds	contig_39	133465	0.4184	10364	11335	+	10363	323		Multidrug resistance efflux transporter family protein	no	group_4904	en_familia	42	1.0000	core	core	no	no	no
bin_1_54	bin-1-54	bin_1_54_03122	cds	contig_39	133465	0.4184	11400	12302	-	11399	300		histidine kinase	no	kdpD	en_familia	12	0.2857	shell	shell	si	no	no
bin_1_54	bin-1-54	bin_1_54_03123	cds	contig_39	133465	0.4184	12321	13079	-	12320	252		ABC-2 type transport system permease protein	no	group_1921	en_familia	9	0.2143	shell	shell	si	no	no
bin_1_54	bin-1-54	bin_1_54_03124	cds	contig_39	133465	0.4184	13072	13995	-	13071	307		Bacitracin ABC transporter, ATP-binding protein	no	group_6762	en_familia	9	0.2143	shell	shell	si	no	no
bin_1_54	bin-1-54	bin_1_54_03125	cds	contig_39	133465	0.4184	14076	14765	-	14075	229		Two-component response regulator	no	group_8634	en_familia	32	0.7619	shell	shell	si	no	no
bin_1_54	bin-1-54	bin_1_54_03126	cds	contig_39	133465	0.4184	15478	15819	+	15477	113	emrE	Multidrug resistance protein	no	emrE	en_familia	42	1.0000	core	core	no	no	no
bin_1_54	bin-1-54	bin_1_54_03127	cds	contig_39	133465	0.4184	15819	16133	+	15818	104	emrE	Multidrug resistance protein YkkD	no	group_13455	en_familia	42	1.0000	core	core	no	no	no
bin_1_54	bin-1-54	bin_1_54_03128	cds	contig_39	133465	0.4184	16214	17038	-	16213	274		DUF817 domain-containing protein	no	yoaT	en_familia	42	1.0000	core	core	no	no	no
bin_1_54	bin-1-54	bin_1_54_03129	cds	contig_39	133465	0.4184	17061	17282	-	17060	73		Transcriptional regulator	no	group_8796	en_familia	42	1.0000	core	core	no	no	no
bin_1_54	bin-1-54	bin_1_54_03130	cds	contig_39	133465	0.4184	17293	17775	-	17292	160		DUF2975 domain-containing protein	no	group_2895	en_familia	42	1.0000	core	core	no	no	no
bin_1_54	bin-1-54	bin_1_54_03131	cds	contig_39	133465	0.4184	18198	21407	-	18197	1069	rapA	RNA polymerase-associated protein RapA	no	rapA	en_familia	42	1.0000	core	core	no	no	no
bin_1_54	bin-1-54	bin_1_54_03132	cds	contig_39	133465	0.4184	21583	21807	-	21582	74		LPXTG cell wall anchor domain-containing protein	no	group_11015	en_familia	42	1.0000	core	core	no	no	no
bin_1_54	bin-1-54	bin_1_54_03133	cds	contig_39	133465	0.4184	21804	22943	-	21803	379	yndE	Spore germination protein YndE	no	group_11128	en_familia	42	1.0000	core	core	no	no	no
bin_1_54	bin-1-54	bin_1_54_03134	cds	contig_39	133465	0.4184	22965	24191	-	22964	408		Spore germination protein A3	no	group_5879	en_familia	42	1.0000	core	core	no	no	no
bin_1_54	bin-1-54	bin_1_54_03135	cds	contig_39	133465	0.4184	24181	25818	-	24180	545		Spore germination protein GerUA	no	group_4220	en_familia	42	1.0000	core	core	no	no	no
bin_1_54	bin-1-54	bin_1_54_03136	cds	contig_39	133465	0.4184	25997	26608	-	25996	203		Alkaline phosphatase	no	group_881	en_familia	42	1.0000	core	core	no	no	no
bin_1_54	bin-1-54	bin_1_54_03137	cds	contig_39	133465	0.4184	26691	27341	-	26690	216	ybjG	Undecaprenyl-diphosphatase YbjG	no	ybjG	en_familia	42	1.0000	core	core	no	no	no
bin_1_54	bin-1-54	bin_1_54_03138	cds	contig_39	133465	0.4184	27646	28878	-	27645	410	cyp106A2	Cytochrome P450(MEG)	no	cyp106A2	en_familia	42	1.0000	core	core	no	no	no
bin_1_54	bin-1-54	bin_1_54_03139	cds	contig_39	133465	0.4184	29480	29659	-	29479	59		DUF4083 domain-containing protein	no	group_13109	en_familia	42	1.0000	core	core	no	no	no
bin_1_54	bin-1-54	bin_1_54_03140	cds	contig_39	133465	0.4184	30120	30800	-	30119	226		DUF975 domain-containing protein	no	group_2871	en_familia	42	1.0000	core	core	no	no	no
bin_1_54	bin-1-54	bin_1_54_03141	cds	contig_39	133465	0.4184	31449	31703	-	31448	84		Biotin carboxyl carrier protein	no	group_12517	en_familia	42	1.0000	core	core	no	no	no
bin_1_54	bin-1-54	bin_1_54_03142	cds	contig_39	133465	0.4184	31741	33006	-	31740	421	gdhA	Glutamate dehydrogenase	no	group_14100	en_familia	42	1.0000	core	core	no	no	no
bin_1_54	bin-1-54	bin_1_54_03143	cds	contig_39	133465	0.4184	33029	34222	-	33028	397	argD	ornithine--oxo-acid transaminase	no	group_4329	en_familia	42	1.0000	core	core	no	no	no
bin_1_54	bin-1-54	bin_1_54_03144	cds	contig_39	133465	0.4184	34241	35788	-	34240	515	pruA	L-glutamate gamma-semialdehyde dehydrogenase	no	group_1602	en_familia	42	1.0000	core	core	no	no	no
bin_1_54	bin-1-54	bin_1_54_03145	cds	contig_39	133465	0.4184	35809	35943	-	35808	44		hypothetical protein	no	group_959	en_familia	18	0.4286	shell	shell	si	no	no
bin_1_54	bin-1-54	bin_1_54_03146	cds	contig_39	133465	0.4184	36170	37582	+	36169	470	rocR	Transcriptional activator of arginine utilization operons	no	group_2587	en_familia	42	1.0000	core	core	no	no	no
bin_1_54	bin-1-54	bin_1_54_03147	cds	contig_39	133465	0.4184	38166	38852	-	38165	228		FMN dependent NADH:quinone oxidoreductase	no	group_1177	en_familia	41	0.9762	core	core	no	no	no
bin_1_54	bin-1-54	bin_1_54_03148	cds	contig_39	133465	0.4184	38891	39736	-	38890	281		Glyoxalase	no	group_4567	en_familia	41	0.9762	core	core	no	no	no
bin_1_54	bin-1-54	bin_1_54_03149	cds	contig_39	133465	0.4184	39741	40145	-	39740	134	catD	Oxidoreductase CatD	no	group_9670	en_familia	41	0.9762	core	core	no	no	no
bin_1_54	bin-1-54	bin_1_54_03150	cds	contig_39	133465	0.4184	40286	41104	-	40285	272		Nicotianamine synthase	no	group_6288	en_familia	20	0.4762	shell	shell	si	no	no
bin_1_54	bin-1-54	bin_1_54_03151	cds	contig_39	133465	0.4184	41082	42419	-	41081	445		MATE family efflux transporter	no	group_6739	en_familia	18	0.4286	shell	shell	si	no	no
bin_1_54	bin-1-54	bin_1_54_03152	cds	contig_39	133465	0.4184	42488	43252	-	42487	254		Dipeptide/oligopeptide/nickel ABC transporter ATP-binding protein	no	group_4020	en_familia	41	0.9762	core	core	no	no	no
bin_1_54	bin-1-54	bin_1_54_03153	cds	contig_39	133465	0.4184	43249	44046	-	43248	265		Oligopeptide ABC transporter ATP-binding protein	no	group_4926	en_familia	41	0.9762	core	core	no	no	no
bin_1_54	bin-1-54	bin_1_54_03154	cds	contig_39	133465	0.4184	44043	44882	-	44042	279	nikC	nickel transporter permease	no	group_11743	en_familia	41	0.9762	core	core	no	no	no
bin_1_54	bin-1-54	bin_1_54_03155	cds	contig_39	133465	0.4184	44873	45826	-	44872	317	nikB	nickel ABC transporter permease	no	nikB	en_familia	41	0.9762	core	core	no	no	no
bin_1_54	bin-1-54	bin_1_54_03156	cds	contig_39	133465	0.4184	45827	47356	-	45826	509	nikA	nickel ABC transporter substrate-binding protein	no	group_11746	en_familia	42	1.0000	core	core	no	no	no
bin_1_54	bin-1-54	bin_1_54_03157	cds	contig_39	133465	0.4184	47488	47763	-	47487	91		hypothetical protein	no	group_6122	en_familia	1	0.0238	cloud	cloud	si	si	no
bin_1_54	bin-1-54	bin_1_54_03158	cds	contig_39	133465	0.4184	48024	49166	-	48023	380	mtlD	mannitol-1-phosphate 5-dehydrogenase	no	mtlD	en_familia	39	0.9286	shell	core	si	no	no
bin_1_54	bin-1-54	bin_1_54_03159	cds	contig_39	133465	0.4184	49172	51262	-	49171	696	mtlR	Transcriptional regulator MtlR	no	mtlR	en_familia	39	0.9286	shell	core	si	no	no
bin_1_54	bin-1-54	bin_1_54_03160	cds	contig_39	133465	0.4184	51349	53292	-	51348	647	mtlA2	Mannitol-specific phosphotransferase enzyme IIA component	no	mtlA2	en_familia	39	0.9286	shell	core	si	no	no
bin_1_54	bin-1-54	bin_1_54_03161	cds	contig_39	133465	0.4184	53495	54787	-	53494	430	citM	Citrate transporter	no	group_3849	en_familia	42	1.0000	core	core	no	no	no
bin_1_54	bin-1-54	bin_1_54_03162	cds	contig_39	133465	0.4184	54992	55873	-	54991	293	marA	Multiple antibiotic resistance protein MarA	no	marA~~~araC	en_familia	40	0.9524	core	core	no	no	no
bin_1_54	bin-1-54	bin_1_54_03163	cds	contig_39	133465	0.4184	55991	56680	-	55990	229	citT	Transcriptional regulatory protein CitT	no	citT	en_familia	42	1.0000	core	core	no	no	no
bin_1_54	bin-1-54	bin_1_54_03164	cds	contig_39	133465	0.4184	56692	58269	-	56691	525	citA	histidine kinase	no	group_1362	en_familia	42	1.0000	core	core	no	no	no
bin_1_54	bin-1-54	bin_1_54_03165	cds	contig_39	133465	0.4184	58545	58928	-	58544	127		Transporter	no	group_911	en_familia	7	0.1667	shell	shell	si	no	no
bin_1_54	bin-1-54	bin_1_54_03166	cds	contig_39	133465	0.4184	59267	60193	-	59266	308		DNA-3-methyladenine glycosylase II	no	group_4447	en_familia	42	1.0000	core	core	no	no	no
bin_1_54	bin-1-54	bin_1_54_03167	cds	contig_39	133465	0.4184	60368	60964	+	60367	198	adaA	Bifunctional transcriptional activator/DNA repair enzyme AdaA	no	group_5795	en_familia	42	1.0000	core	core	no	no	no
bin_1_54	bin-1-54	bin_1_54_03168	cds	contig_39	133465	0.4184	60954	61496	+	60953	180		Methylated-DNA--protein-cysteine methyltransferase	no	group_4192	en_familia	42	1.0000	core	core	no	no	no
bin_1_54	bin-1-54	bin_1_54_03169	cds	contig_39	133465	0.4184	61522	61998	-	61521	158		DUF2690 domain-containing protein	no	group_485	en_familia	42	1.0000	core	core	no	no	no
bin_1_54	bin-1-54	bin_1_54_03170	cds	contig_39	133465	0.4184	62050	62511	-	62049	153		DUF2690 domain-containing protein	no	group_4191	en_familia	42	1.0000	core	core	no	no	no
bin_1_54	bin-1-54	bin_1_54_03171	cds	contig_39	133465	0.4184	62883	63509	-	62882	208		NUDIX hydrolase	no	group_2598	en_familia	41	0.9762	core	core	no	no	no
bin_1_54	bin-1-54	bin_1_54_03172	cds	contig_39	133465	0.4184	63549	63815	-	63548	88		Transporter suffix domain-containing protein	no	group_5227	en_familia	42	1.0000	core	core	no	no	no
bin_1_54	bin-1-54	bin_1_54_03173	cds	contig_39	133465	0.4184	64034	64714	+	64033	226	cutC	PF03932 family protein CutC	no	cutC	en_familia	42	1.0000	core	core	no	no	no
bin_1_54	bin-1-54	bin_1_54_03174	cds	contig_39	133465	0.4184	64711	65169	-	64710	152	yopD	YopD	no	yopD	en_familia	37	0.8810	shell	shell	si	no	no
bin_1_54	bin-1-54	bin_1_54_03175	cds	contig_39	133465	0.4184	65255	65650	+	65254	131		hypothetical protein	no	group_7231	en_familia	37	0.8810	shell	shell	si	no	no
bin_1_54	bin-1-54	bin_1_54_03176	cds	contig_39	133465	0.4184	65742	66479	-	65741	245		HTH-type transcriptional activator mta	no	group_6356	en_familia	41	0.9762	core	core	no	no	no
bin_1_54	bin-1-54	bin_1_54_03177	cds	contig_39	133465	0.4184	66668	67099	+	66366	143		hypothetical protein	no	group_432	en_familia	0	0.0000	exclusivo	exclusivo	no	no	si
bin_1_54	bin-1-54	bin_1_54_03178	cds	contig_39	133465	0.4184	67196	68038	-	65427	280		Serine/threonine-protein kinase B	no	group_5942	en_familia	42	1.0000	core	core	no	no	no
bin_1_54	bin-1-54	bin_1_54_03179	cds	contig_39	133465	0.4184	68203	68832	+	64633	209	yyaC	spore protease YyaC	no	yyaC	en_familia	26	0.6190	shell	shell	si	no	no
bin_1_54	bin-1-54	bin_1_54_03180	cds	contig_39	133465	0.4184	68907	69053	-	64412	48		DUF1330 domain-containing protein	no	group_1334	en_familia	26	0.6190	shell	shell	si	no	no
bin_1_54	bin-1-54	bin_1_54_03181	cds	contig_39	133465	0.4184	69118	70428	-	63037	436		Citrate transporter	no	group_12373	en_familia	26	0.6190	shell	shell	si	no	no
bin_1_54	bin-1-54	bin_1_54_03182	cds	contig_39	133465	0.4184	70602	71306	-	62159	234		Response regulator	no	group_1333	en_familia	26	0.6190	shell	shell	si	no	no
bin_1_54	bin-1-54	bin_1_54_03183	cds	contig_39	133465	0.4184	71309	72913	-	60552	534		histidine kinase	no	group_4272	en_familia	26	0.6190	shell	shell	si	no	no
bin_1_54	bin-1-54	bin_1_54_03184	cds	contig_39	133465	0.4184	73011	73469	-	59996	152	catE	Metallothiol transferase FosB	no	catE	en_familia	42	1.0000	core	core	no	no	no
bin_1_54	bin-1-54	bin_1_54_03185	cds	contig_39	133465	0.4184	73644	74633	-	58832	329	yclQ	ABC transporter solute-binding protein YclQ	no	yclQ	en_familia	4	0.0952	cloud	cloud	si	si	no
bin_1_54	bin-1-54	bin_1_54_03186	cds	contig_39	133465	0.4184	74660	75427	-	58038	255		heme ABC transporter ATP-binding protein	no	group_1592	en_familia	4	0.0952	cloud	cloud	si	si	no
bin_1_54	bin-1-54	bin_1_54_03187	cds	contig_39	133465	0.4184	75424	76530	-	56935	368	hmuU	Hemin transport system permease protein HmuU	no	hmuU	en_familia	4	0.0952	cloud	cloud	si	si	no
bin_1_54	bin-1-54	bin_1_54_03188	cds	contig_39	133465	0.4184	76972	77481	-	55984	169		[ribosomal protein uS5]-alanine N-acetyltransferase	no	group_2454	en_familia	42	1.0000	core	core	no	no	no
bin_1_54	bin-1-54	bin_1_54_03189	cds	contig_39	133465	0.4184	77778	79166	+	54299	462	tcyP	L-cystine uptake protein TcyP	no	tcyP	en_familia	42	1.0000	core	core	no	no	no
bin_1_54	bin-1-54	bin_1_54_03190	cds	contig_39	133465	0.4184	79268	80473	-	52992	401		Peptide ABC transporter permease	no	group_5057	en_familia	38	0.9048	shell	core	si	no	no
bin_1_54	bin-1-54	bin_1_54_03191	cds	contig_39	133465	0.4184	80620	81276	-	52189	218		Phosphatidic acid phosphatase type 2/haloperoxidase domain-containing protein	no	group_1209	en_familia	42	1.0000	core	core	no	no	no
bin_1_54	bin-1-54	bin_1_54_03192	cds	contig_39	133465	0.4184	81504	82853	-	50612	449	yvbW	Amino acid permease YvbW	no	yvbW	en_familia	42	1.0000	core	core	no	no	no
bin_1_54	bin-1-54	bin_1_54_03193	cds	contig_39	133465	0.4184	83488	83976	-	49489	162		Lipoprotein	no	group_1265	en_familia	20	0.4762	shell	shell	si	no	no
bin_1_54	bin-1-54	bin_1_54_03194	cds	contig_39	133465	0.4184	84124	84357	-	49108	77		hypothetical protein	no	group_4603	en_familia	42	1.0000	core	core	no	no	no
bin_1_54	bin-1-54	bin_1_54_03195	cds	contig_39	133465	0.4184	84546	85709	+	47756	387		3-phenylpropionic acid transporter	no	group_5414	en_familia	42	1.0000	core	core	no	no	no
bin_1_54	bin-1-54	bin_1_54_03196	cds	contig_39	133465	0.4184	85771	86070	-	47395	99		(pseudo) hypothetical protein	si	group_1532	en_familia	40	0.9524	core	core	no	no	no
bin_1_54	bin-1-54	bin_1_54_03197	cds	contig_39	133465	0.4184	86197	86841	-	46624	214	citB	Response regulator protein VraR	no	group_3458	en_familia	42	1.0000	core	core	no	no	no
bin_1_54	bin-1-54	bin_1_54_03198	cds	contig_39	133465	0.4184	86831	87877	-	45588	348	comP	Sensor histidine kinase	no	group_13658	en_familia	42	1.0000	core	core	no	no	no
bin_1_54	bin-1-54	bin_1_54_03199	cds	contig_39	133465	0.4184	87874	88620	-	44845	248		Cell wall-active antibiotics response LiaF-like C-terminal domain-containing protein	no	group_2343	en_familia	42	1.0000	core	core	no	no	no
bin_1_54	bin-1-54	bin_1_54_03200	cds	contig_39	133465	0.4184	88777	89412	-	44053	211		Phage shock A-like protein	no	group_12453	en_familia	42	1.0000	core	core	no	no	no
bin_1_54	bin-1-54	bin_1_54_03201	cds	contig_39	133465	0.4184	89432	89779	-	43686	115		Flagellar basal body rod protein	no	group_2345	en_familia	42	1.0000	core	core	no	no	no
bin_1_54	bin-1-54	bin_1_54_03202	cds	contig_39	133465	0.4184	90039	90236	-	43229	65		hypothetical protein	no	group_4669	en_familia	1	0.0238	cloud	cloud	si	si	no
bin_1_54	bin-1-54	bin_1_54_03203	cds	contig_39	133465	0.4184	90236	90850	-	42615	204	acrR	Fatty acid metabolism regulator protein	no	acrR	en_familia	42	1.0000	core	core	no	no	no
bin_1_54	bin-1-54	bin_1_54_03204	cds	contig_39	133465	0.4184	91022	92299	+	41166	425	kynU	kynureninase	no	kynU	en_familia	42	1.0000	core	core	no	no	no
bin_1_54	bin-1-54	bin_1_54_03205	cds	contig_39	133465	0.4184	92388	93809	+	39656	473	ansP	Amino-acid permease RocC	no	group_1375	en_familia	42	1.0000	core	core	no	no	no
bin_1_54	bin-1-54	bin_1_54_03206	cds	contig_39	133465	0.4184	93856	94710	+	38755	284	kynA	tryptophan 2,3-dioxygenase	no	group_1155	en_familia	42	1.0000	core	core	no	no	no
bin_1_54	bin-1-54	bin_1_54_03207	cds	contig_39	133465	0.4184	94750	95376	+	38089	208	kynB	arylformamidase	no	kynB	en_familia	42	1.0000	core	core	no	no	no
bin_1_54	bin-1-54	bin_1_54_03208	cds	contig_39	133465	0.4184	95521	96153	+	37312	210	rhtB	Homoserine/homoserine lactone efflux protein	no	lysE~~~rhtB	en_familia	42	1.0000	core	core	no	no	no
bin_1_54	bin-1-54	bin_1_54_03209	cds	contig_39	133465	0.4184	96302	96430	+	37035	42		DUF1634 domain-containing protein	no	group_6229	en_familia	33	0.7857	shell	shell	si	no	no
bin_1_54	bin-1-54	bin_1_54_03210	cds	contig_39	133465	0.4184	96684	97535	-	35930	283		Hydroxyacylglutathione hydrolase	no	group_6315	en_familia	42	1.0000	core	core	no	no	no
bin_1_54	bin-1-54	bin_1_54_03211	cds	contig_39	133465	0.4184	97669	99096	-	34369	475		Cardiolipin synthase C	no	group_5820	en_familia	42	1.0000	core	core	no	no	no
bin_1_54	bin-1-54	bin_1_54_03212	cds	contig_39	133465	0.4184	99263	99709	+	33756	148		MFS transporter	no	group_4246	en_familia	42	1.0000	core	core	no	no	no
bin_1_54	bin-1-54	bin_1_54_03213	cds	contig_39	133465	0.4184	100203	100763	-	32702	186	cwlM	N-acetylmuramoyl-L-alanine amidase CwlM	no	cwlM	en_familia	42	1.0000	core	core	no	no	no
bin_1_54	bin-1-54	bin_1_54_03214	cds	contig_39	133465	0.4184	101499	101681	-	31784	60		DUF3918 domain-containing protein	no	group_6316	en_familia	38	0.9048	shell	core	si	no	no
bin_1_54	bin-1-54	bin_1_54_03215	cds	contig_39	133465	0.4184	101862	102635	+	30830	257		Alpha/beta hydrolase	no	yvaM	en_familia	32	0.7619	shell	shell	si	no	no
bin_1_54	bin-1-54	bin_1_54_03216	cds	contig_39	133465	0.4184	102700	103323	+	30142	207		DUF2238 domain-containing protein	no	group_6319	en_familia	33	0.7857	shell	shell	si	no	no
bin_1_54	bin-1-54	bin_1_54_03217	cds	contig_39	133465	0.4184	103348	103803	-	29662	151		DinB-like domain-containing protein	no	group_6530	en_familia	37	0.8810	shell	shell	si	no	no
bin_1_54	bin-1-54	bin_1_54_03218	cds	contig_39	133465	0.4184	104535	104684	-	28781	49	fbpB	FbpB family small basic protein	no	group_11789	en_familia	37	0.8810	shell	shell	si	no	no
bin_1_54	bin-1-54	bin_1_54_03219	cds	contig_39	133465	0.4184	104765	105376	-	28089	203		Flavodoxin-like domain-containing protein	no	group_6680	en_familia	37	0.8810	shell	shell	si	no	no
bin_1_54	bin-1-54	bin_1_54_03220	cds	contig_39	133465	0.4184	105838	105960	+	27505	40		hypothetical protein	no	group_4293	en_familia	17	0.4048	shell	shell	si	no	no
bin_1_54	bin-1-54	bin_1_54_03221	cds	contig_39	133465	0.4184	105978	106472	+	26993	164		hypothetical protein	no	group_4293	en_familia	17	0.4048	shell	shell	si	no	no
bin_1_54	bin-1-54	bin_1_54_03222	cds	contig_39	133465	0.4184	106622	107272	-	26193	216	frnE	DSBA-like thioredoxin domain-containing protein	no	group_12523	en_familia	41	0.9762	core	core	no	no	no
bin_1_54	bin-1-54	bin_1_54_03223	cds	contig_39	133465	0.4184	107520	110555	-	22910	1011	acrB	AcrB/AcrD/AcrF family transporter	no	acrB	en_familia	42	1.0000	core	core	no	no	no
bin_1_54	bin-1-54	bin_1_54_03224	cds	contig_39	133465	0.4184	111286	111984	-	21481	232		Polysaccharide deacetylase	no	group_670	en_familia	42	1.0000	core	core	no	no	no
bin_1_54	bin-1-54	bin_1_54_03225	cds	contig_39	133465	0.4184	112080	112532	-	20933	150		ASCH domain-containing protein	no	group_4292	en_familia	42	1.0000	core	core	no	no	no
bin_1_54	bin-1-54	bin_1_54_03226	cds	contig_39	133465	0.4184	112607	113083	-	20382	158		VOC family protein	no	group_9930	en_familia	23	0.5476	shell	shell	si	no	no
bin_1_54	bin-1-54	bin_1_54_03227	cds	contig_39	133465	0.4184	113136	113459	-	20006	107		DUF4064 domain-containing protein	no	group_13509	en_familia	40	0.9524	core	core	no	no	no
bin_1_54	bin-1-54	bin_1_54_03228	cds	contig_39	133465	0.4184	113582	114034	-	19431	150		Aminoalkylphosphonate N-acetyltransferase	no	group_4522	en_familia	42	1.0000	core	core	no	no	no
bin_1_54	bin-1-54	bin_1_54_03229	cds	contig_39	133465	0.4184	114211	115746	-	17719	511	garD	galactarate dehydratase	no	garD	en_familia	42	1.0000	core	core	no	no	no
bin_1_54	bin-1-54	bin_1_54_03230	cds	contig_39	133465	0.4184	115833	117296	-	16169	487	gucD	alpha-ketoglutaric semialdehyde dehydrogenase GucD	no	group_11721	en_familia	42	1.0000	core	core	no	no	no
bin_1_54	bin-1-54	bin_1_54_03231	cds	contig_39	133465	0.4184	117315	118247	-	15218	310	kdgD	5-dehydro-4-deoxyglucarate dehydratase	no	kdgD	en_familia	42	1.0000	core	core	no	no	no
bin_1_54	bin-1-54	bin_1_54_03232	cds	contig_39	133465	0.4184	118406	118510	+	14955	34		hypothetical protein	no	group_1245	en_familia	29	0.6905	shell	shell	si	no	no
bin_1_54	bin-1-54	bin_1_54_03233	cds	contig_39	133465	0.4184	118568	119929	+	13536	453		D-glucarate permease	no	group_1246	en_familia	42	1.0000	core	core	no	no	no
bin_1_54	bin-1-54	bin_1_54_03234	cds	contig_39	133465	0.4184	119962	121320	+	12145	452	gudD	glucarate dehydratase	no	gudD	en_familia	42	1.0000	core	core	no	no	no
bin_1_54	bin-1-54	bin_1_54_03235	cds	contig_39	133465	0.4184	121472	122173	+	11292	233	lutR	HTH-type transcriptional regulator LutR	no	group_11948	en_familia	42	1.0000	core	core	no	no	no
bin_1_54	bin-1-54	bin_1_54_03236	cds	contig_39	133465	0.4184	122538	123296	-	10169	252		Cyclopentanol dehydrogenase	no	group_2262	en_familia	42	1.0000	core	core	no	no	no
bin_1_54	bin-1-54	bin_1_54_03237	cds	contig_39	133465	0.4184	123487	124101	+	9364	204		HTH tetR-type domain-containing protein	no	group_7702	en_familia	42	1.0000	core	core	no	no	no
bin_1_54	bin-1-54	bin_1_54_03238	cds	contig_39	133465	0.4184	124132	124833	-	8632	233		Alpha/beta fold family hydrolase	no	group_5072	en_familia	40	0.9524	core	core	no	no	no
bin_1_54	bin-1-54	bin_1_54_03239	cds	contig_39	133465	0.4184	125133	126638	-	6827	501	araJ	Multidrug resistance protein EmrY	no	group_4139	en_familia	42	1.0000	core	core	no	no	no
bin_1_54	bin-1-54	bin_1_54_03240	cds	contig_39	133465	0.4184	126839	127735	+	5730	298	kstR2	HTH-type transcriptional repressor KstR2	no	group_861	en_familia	42	1.0000	core	core	no	no	no
bin_1_54	bin-1-54	bin_1_54_03241	cds	contig_39	133465	0.4184	127878	129551	+	3914	557	rnjA	Ribonuclease J	no	group_1156	en_familia	42	1.0000	core	core	no	no	no
bin_1_54	bin-1-54	bin_1_54_03242	cds	contig_39	133465	0.4184	129597	131015	-	2450	472	aroP	Aromatic amino acid transport protein AroP	no	aroP	en_familia	42	1.0000	core	core	no	no	no
bin_1_54	bin-1-54	bin_1_54_03243	cds	contig_39	133465	0.4184	131119	131751	-	1714	210		Amino acid transporter	no	group_1157	en_familia	42	1.0000	core	core	no	no	no
bin_1_54	bin-1-54	bin_1_54_03244	cds	contig_39	133465	0.4184	131896	133128	-	337	410		Bacillibactin exporter	no	group_4214	en_familia	42	1.0000	core	core	no	no	no
bin_1_54	bin-1-54	bin_1_54_03245	cds	contig_40	106082	0.4222	190	585	-	189	131	arsC	Regulatory protein spx	no	group_1215	en_familia	42	1.0000	core	core	no	no	no
bin_1_54	bin-1-54	bin_1_54_03246	cds	contig_40	106082	0.4222	735	836	+	734	33		hypothetical protein	no	group_2320	en_familia	41	0.9762	core	core	no	no	no
bin_1_54	bin-1-54	bin_1_54_03247	cds	contig_40	106082	0.4222	833	1486	+	832	217	modB	molybdate ABC transporter permease subunit	no	group_13111	en_familia	42	1.0000	core	core	no	no	no
bin_1_54	bin-1-54	bin_1_54_03248	cds	contig_40	106082	0.4222	1448	1933	-	1447	161		N-acetyltransferase domain-containing protein	no	group_2321	en_familia	42	1.0000	core	core	no	no	no
bin_1_54	bin-1-54	bin_1_54_03249	cds	contig_40	106082	0.4222	2045	2536	+	2044	163		Rap-GAP domain-containing protein	no	group_2918	en_familia	42	1.0000	core	core	no	no	no
bin_1_54	bin-1-54	bin_1_54_03250	cds	contig_40	106082	0.4222	2735	2932	+	2734	65	cspC	Cold shock protein	no	group_9484	en_familia	42	1.0000	core	core	no	no	no
bin_1_54	bin-1-54	bin_1_54_03251	cds	contig_40	106082	0.4222	3260	3697	-	3259	145		Flavodoxin-like domain-containing protein	no	group_1707	en_familia	42	1.0000	core	core	no	no	no
bin_1_54	bin-1-54	bin_1_54_03252	cds	contig_40	106082	0.4222	3669	4721	-	3668	350	nrdB	ribonucleotide-diphosphate reductase subunit beta	no	nrdB	en_familia	42	1.0000	core	core	no	no	no
bin_1_54	bin-1-54	bin_1_54_03253	cds	contig_40	106082	0.4222	4767	7064	-	4766	765	nrdA	ribonucleoside-diphosphate reductase subunit alpha	no	group_14252	en_familia	42	1.0000	core	core	no	no	no
bin_1_54	bin-1-54	bin_1_54_03254	cds	contig_40	106082	0.4222	7676	8605	+	7675	309	pPX1	manganese-dependent inorganic pyrophosphatase	no	pPX1	en_familia	42	1.0000	core	core	no	no	no
bin_1_54	bin-1-54	bin_1_54_03255	cds	contig_40	106082	0.4222	8705	8851	-	8704	48		hypothetical protein	no	group_12919	en_familia	42	1.0000	core	core	no	no	no
bin_1_54	bin-1-54	bin_1_54_03256	cds	contig_40	106082	0.4222	8937	10394	-	8936	485	sUL1	Bicarbonate transporter BicA	no	sUL1	en_familia	42	1.0000	core	core	no	no	no
bin_1_54	bin-1-54	bin_1_54_03257	cds	contig_40	106082	0.4222	11084	11284	-	11083	66		Cold-shock protein	no	group_1569	en_familia	42	1.0000	core	core	no	no	no
bin_1_54	bin-1-54	bin_1_54_03258	cds	contig_40	106082	0.4222	11710	12843	-	11709	377	araJ	Tetracycline resistance protein, class B	no	yuxJ	en_familia	42	1.0000	core	core	no	no	no
bin_1_54	bin-1-54	bin_1_54_03259	cds	contig_40	106082	0.4222	13123	14430	+	13122	435	citM	Citrate transporter	no	group_14294	en_familia	42	1.0000	core	core	no	no	no
bin_1_54	bin-1-54	bin_1_54_03260	cds	contig_40	106082	0.4222	14603	15235	+	14602	210		Superoxide dismutase [Cu-Zn]	no	group_1337	en_familia	42	1.0000	core	core	no	no	no
bin_1_54	bin-1-54	bin_1_54_03261	cds	contig_40	106082	0.4222	15541	16506	-	15540	321	trhO	rhodanese-related sulfurtransferase	no	trhO	en_familia	42	1.0000	core	core	no	no	no
bin_1_54	bin-1-54	bin_1_54_03262	cds	contig_40	106082	0.4222	16648	17664	+	16647	338		putative nitronate monooxygenase	no	group_3316	en_familia	42	1.0000	core	core	no	no	no
bin_1_54	bin-1-54	bin_1_54_03263	cds	contig_40	106082	0.4222	17676	18137	+	17675	153	yvbK	N-acetyltransferase YvbK	no	group_5476	en_familia	42	1.0000	core	core	no	no	no
bin_1_54	bin-1-54	bin_1_54_03264	cds	contig_40	106082	0.4222	18404	18982	-	18403	192		N-acetyltransferase domain-containing protein	no	group_8533	en_familia	42	1.0000	core	core	no	no	no
bin_1_54	bin-1-54	bin_1_54_03265	cds	contig_40	106082	0.4222	19086	20477	+	19085	463	gabR	HTH-type transcriptional regulatory protein GabR	no	group_2665	en_familia	42	1.0000	core	core	no	no	no
bin_1_54	bin-1-54	bin_1_54_03266	cds	contig_40	106082	0.4222	20543	20962	-	20542	139	marR	HTH marR-type domain-containing protein	no	group_635	en_familia	42	1.0000	core	core	no	no	no
bin_1_54	bin-1-54	bin_1_54_03267	cds	contig_40	106082	0.4222	21623	21826	-	21622	67		3-methyladenine DNA glycosylase	no	group_2660	en_familia	42	1.0000	core	core	no	no	no
bin_1_54	bin-1-54	bin_1_54_03268	cds	contig_40	106082	0.4222	21955	22998	+	21954	347	ytvI	sporulation integral membrane protein YtvI	no	ytvI	en_familia	42	1.0000	core	core	no	no	no
bin_1_54	bin-1-54	bin_1_54_03269	cds	contig_40	106082	0.4222	23006	23155	-	23005	49	dnaJ	Molecular chaperone DnaJ	no	group_1254	en_familia	40	0.9524	core	core	no	no	no
bin_1_54	bin-1-54	bin_1_54_03270	cds	contig_40	106082	0.4222	23336	24688	-	23335	450	mpfA	Transporter associated domain protein	no	group_13491	en_familia	42	1.0000	core	core	no	no	no
bin_1_54	bin-1-54	bin_1_54_03271	cds	contig_40	106082	0.4222	25307	25879	+	25306	190	yitT	YitT family protein	no	group_13014	en_familia	42	1.0000	core	core	no	no	no
bin_1_54	bin-1-54	bin_1_54_03272	cds	contig_40	106082	0.4222	25975	26688	+	25974	237		YtkA-like domain-containing protein	no	group_3217	en_familia	42	1.0000	core	core	no	no	no
bin_1_54	bin-1-54	bin_1_54_03273	cds	contig_40	106082	0.4222	26781	26945	+	26780	54		Lmo0850 family protein	no	group_4717	en_familia	42	1.0000	core	core	no	no	no
bin_1_54	bin-1-54	bin_1_54_03274	cds	contig_40	106082	0.4222	27105	27737	+	27104	210		VTT domain-containing protein	no	group_1438	en_familia	42	1.0000	core	core	no	no	no
bin_1_54	bin-1-54	bin_1_54_03275	cds	contig_40	106082	0.4222	27794	29125	-	27793	443	mpfA	Hemolysin	no	group_4713	en_familia	42	1.0000	core	core	no	no	no
bin_1_54	bin-1-54	bin_1_54_03276	cds	contig_40	106082	0.4222	29400	30509	-	29399	369		histidine kinase	no	group_1437	en_familia	42	1.0000	core	core	no	no	no
bin_1_54	bin-1-54	bin_1_54_03277	cds	contig_40	106082	0.4222	30746	31633	-	30745	295	fieF	Ferrous-iron efflux pump FieF	no	group_4341	en_familia	42	1.0000	core	core	no	no	no
bin_1_54	bin-1-54	bin_1_54_03278	cds	contig_40	106082	0.4222	32128	32652	-	32127	174	uspA	UspA domain-containing protein	no	group_13547	en_familia	42	1.0000	core	core	no	no	no
bin_1_54	bin-1-54	bin_1_54_03279	cds	contig_40	106082	0.4222	32972	34969	+	32971	665		peptidoglycan glycosyltransferase	no	group_2819	en_familia	42	1.0000	core	core	no	no	no
bin_1_54	bin-1-54	bin_1_54_03280	cds	contig_40	106082	0.4222	35160	35468	-	35159	102		HPr family phosphocarrier protein	no	group_4173	en_familia	42	1.0000	core	core	no	no	no
bin_1_54	bin-1-54	bin_1_54_03281	cds	contig_40	106082	0.4222	35664	36839	+	35663	391	iadA	beta-aspartyl-peptidase	no	group_13555	en_familia	42	1.0000	core	core	no	no	no
bin_1_54	bin-1-54	bin_1_54_03282	cds	contig_40	106082	0.4222	37577	38809	+	37576	410	pdhA	pyruvate dehydrogenase (acetyl-transferring) E1 component subunit alpha	no	pdhA	en_familia	42	1.0000	core	core	no	no	no
bin_1_54	bin-1-54	bin_1_54_03283	cds	contig_40	106082	0.4222	38806	39792	+	38805	328	acoB	Pyruvate dehydrogenase E1 component subunit beta	no	group_13108	en_familia	42	1.0000	core	core	no	no	no
bin_1_54	bin-1-54	bin_1_54_03284	cds	contig_40	106082	0.4222	39825	41081	+	39824	418		Dihydrolipoamide acetyltransferase component of pyruvate dehydrogenase complex	no	group_3242	en_familia	42	1.0000	core	core	no	no	no
bin_1_54	bin-1-54	bin_1_54_03285	cds	contig_40	106082	0.4222	41082	42506	+	41081	474	lpdA	dihydrolipoyl dehydrogenase	no	group_4934	en_familia	42	1.0000	core	core	no	no	no
bin_1_54	bin-1-54	bin_1_54_03286	cds	contig_40	106082	0.4222	42871	44250	+	42870	459	ansP	Amino acid permease YvbW	no	group_1147	en_familia	42	1.0000	core	core	no	no	no
bin_1_54	bin-1-54	bin_1_54_03287	cds	contig_40	106082	0.4222	44342	45454	-	44341	370	hisC	histidinol-phosphate transaminase	no	hisC	en_familia	42	1.0000	core	core	no	no	no
bin_1_54	bin-1-54	bin_1_54_03288	cds	contig_40	106082	0.4222	45628	46095	+	45627	155	lrp	Leucine-responsive regulatory protein	no	group_14443	en_familia	42	1.0000	core	core	no	no	no
bin_1_54	bin-1-54	bin_1_54_03289	cds	contig_40	106082	0.4222	46211	46609	-	46210	132		Alkylhydroperoxidase	no	group_2585	en_familia	42	1.0000	core	core	no	no	no
bin_1_54	bin-1-54	bin_1_54_03290	cds	contig_40	106082	0.4222	46728	47156	+	46727	142	lrpC	HTH-type transcriptional regulator LrpC	no	group_4406	en_familia	42	1.0000	core	core	no	no	no
bin_1_54	bin-1-54	bin_1_54_03291	cds	contig_40	106082	0.4222	47381	48313	+	47380	310		Catalase-related peroxidase	no	group_863	en_familia	42	1.0000	core	core	no	no	no
bin_1_54	bin-1-54	bin_1_54_03292	cds	contig_40	106082	0.4222	48488	50158	-	48487	556	aarF	Protein kinase domain-containing protein	no	aarF	en_familia	42	1.0000	core	core	no	no	no
bin_1_54	bin-1-54	bin_1_54_03293	cds	contig_40	106082	0.4222	50173	50475	-	50172	100	phaF	ATP synthase subunit B	no	group_866	en_familia	42	1.0000	core	core	no	no	no
bin_1_54	bin-1-54	bin_1_54_03294	cds	contig_40	106082	0.4222	50719	51468	+	50718	249		3-ketoacyl-ACP reductase	no	group_3436	en_familia	42	1.0000	core	core	no	no	no
bin_1_54	bin-1-54	bin_1_54_03295	cds	contig_40	106082	0.4222	51470	51700	-	51469	76		hypothetical protein	no	group_13597	en_familia	42	1.0000	core	core	no	no	no
bin_1_54	bin-1-54	bin_1_54_03296	cds	contig_40	106082	0.4222	51765	52556	-	51764	263	aIM24	TIGR00266 family protein	no	aIM24	en_familia	42	1.0000	core	core	no	no	no
bin_1_54	bin-1-54	bin_1_54_03297	cds	contig_40	106082	0.4222	52748	54238	+	51844	496	glpK	glycerol kinase GlpK	no	group_4322	en_familia	42	1.0000	core	core	no	no	no
bin_1_54	bin-1-54	bin_1_54_03298	cds	contig_40	106082	0.4222	54307	54774	+	51308	155		Inosine-5'-monophosphate dehydrogenase	no	group_736	en_familia	42	1.0000	core	core	no	no	no
bin_1_54	bin-1-54	bin_1_54_03299	cds	contig_40	106082	0.4222	54828	56942	-	49140	704	ftsI	serine-type D-Ala-D-Ala carboxypeptidase	no	group_4319	en_familia	42	1.0000	core	core	no	no	no
bin_1_54	bin-1-54	bin_1_54_03300	cds	contig_40	106082	0.4222	57286	57621	-	48461	111		Ferrochelatase	no	group_738	en_familia	42	1.0000	core	core	no	no	no
bin_1_54	bin-1-54	bin_1_54_03301	cds	contig_40	106082	0.4222	57714	58832	-	47250	372		DUF2515 domain-containing protein	no	group_4323	en_familia	42	1.0000	core	core	no	no	no
bin_1_54	bin-1-54	bin_1_54_03302	cds	contig_40	106082	0.4222	58917	59084	-	46998	55		hypothetical protein	no	group_828	en_familia	42	1.0000	core	core	no	no	no
bin_1_54	bin-1-54	bin_1_54_03303	cds	contig_40	106082	0.4222	59594	61345	+	44737	583	mdlB	Multidrug resistance ABC transporter ATP-binding/permease protein YheI	no	group_918	en_familia	42	1.0000	core	core	no	no	no
bin_1_54	bin-1-54	bin_1_54_03304	cds	contig_40	106082	0.4222	61342	63360	+	42722	672	mdlB	Multidrug resistance ABC transporter ATP-binding/permease protein YheH	no	group_827	en_familia	42	1.0000	core	core	no	no	no
bin_1_54	bin-1-54	bin_1_54_03305	cds	contig_40	106082	0.4222	63497	63745	+	42337	82	rpmE	type B 50S ribosomal protein L31	no	rpmE	en_familia	42	1.0000	core	core	no	no	no
bin_1_54	bin-1-54	bin_1_54_03306	cds	contig_40	106082	0.4222	63835	65016	-	41066	393	metC	cystathionine beta-lyase	no	metC	en_familia	42	1.0000	core	core	no	no	no
bin_1_54	bin-1-54	bin_1_54_03307	cds	contig_40	106082	0.4222	65013	66125	-	39957	370	metC	methionine biosynthesis PLP-dependent protein	no	group_6164	en_familia	42	1.0000	core	core	no	no	no
bin_1_54	bin-1-54	bin_1_54_03308	cds	contig_40	106082	0.4222	66652	68034	+	38048	460	fumC	class II fumarate hydratase	no	fumC	en_familia	42	1.0000	core	core	no	no	no
bin_1_54	bin-1-54	bin_1_54_03309	cds	contig_40	106082	0.4222	68144	68386	+	37696	80		DZANK-type domain-containing protein	no	group_12984	en_familia	42	1.0000	core	core	no	no	no
bin_1_54	bin-1-54	bin_1_54_03310	cds	contig_40	106082	0.4222	68440	69585	-	36497	381	malK	Trehalose import ATP-binding protein SugC	no	sugC	en_familia	42	1.0000	core	core	no	no	no
bin_1_54	bin-1-54	bin_1_54_03311	cds	contig_40	106082	0.4222	69699	70583	-	35499	294		Transcriptional regulator	no	cdaR	en_familia	42	1.0000	core	core	no	no	no
bin_1_54	bin-1-54	bin_1_54_03312	cds	contig_40	106082	0.4222	70765	71802	+	34280	345		UDP-glucose 4-epimerase	no	group_4779	en_familia	42	1.0000	core	core	no	no	no
bin_1_54	bin-1-54	bin_1_54_03313	cds	contig_40	106082	0.4222	71924	73030	-	33052	368	gldA	Alcohol dehydrogenase iron-type/glycerol dehydrogenase GldA domain-containing protein	no	group_5021	en_familia	38	0.9048	shell	core	si	no	no
bin_1_54	bin-1-54	bin_1_54_03314	cds	contig_40	106082	0.4222	73093	73914	-	32168	273	nlpA	Lipoprotein	no	group_10310	en_familia	41	0.9762	core	core	no	no	no
bin_1_54	bin-1-54	bin_1_54_03315	cds	contig_40	106082	0.4222	73971	74639	-	31443	222	metP	Methionine ABC transporter permease	no	group_2083	en_familia	41	0.9762	core	core	no	no	no
bin_1_54	bin-1-54	bin_1_54_03316	cds	contig_40	106082	0.4222	74626	75642	-	30440	338		D-methionine transport system ATP-binding protein	no	group_5022	en_familia	41	0.9762	core	core	no	no	no
bin_1_54	bin-1-54	bin_1_54_03317	cds	contig_40	106082	0.4222	76079	76903	+	29179	274		Hydroxyacylglutathione hydrolase	no	group_3646	en_familia	42	1.0000	core	core	no	no	no
bin_1_54	bin-1-54	bin_1_54_03318	cds	contig_40	106082	0.4222	76968	77156	-	28926	62		DUF4025 domain-containing protein	no	group_14146	en_familia	42	1.0000	core	core	no	no	no
bin_1_54	bin-1-54	bin_1_54_03319	cds	contig_40	106082	0.4222	77242	77445	-	28637	67	yheE	YheE family protein	no	yheE	en_familia	42	1.0000	core	core	no	no	no
bin_1_54	bin-1-54	bin_1_54_03320	cds	contig_40	106082	0.4222	77509	78705	-	27377	398	yheD	Endospore coat-associated protein YheD	no	yheD	en_familia	42	1.0000	core	core	no	no	no
bin_1_54	bin-1-54	bin_1_54_03321	cds	contig_40	106082	0.4222	78702	80069	-	26013	455	yheD	Endospore coat-associated protein YheD	no	group_2931	en_familia	42	1.0000	core	core	no	no	no
bin_1_54	bin-1-54	bin_1_54_03322	cds	contig_40	106082	0.4222	80073	81143	-	24939	356		ATP-grasp domain-containing protein	no	group_1230	en_familia	42	1.0000	core	core	no	no	no
bin_1_54	bin-1-54	bin_1_54_03323	cds	contig_40	106082	0.4222	81147	82520	-	23562	457		ATP-grasp domain-containing protein	no	group_4593	en_familia	42	1.0000	core	core	no	no	no
bin_1_54	bin-1-54	bin_1_54_03324	cds	contig_40	106082	0.4222	82916	83791	+	22291	291		PspA/IM30 family protein	no	group_5927	en_familia	40	0.9524	core	core	no	no	no
bin_1_54	bin-1-54	bin_1_54_03325	cds	contig_40	106082	0.4222	83865	84221	+	21861	118	ylbF	UPF0342 protein ABE28_005600	no	ylbF	en_familia	42	1.0000	core	core	no	no	no
bin_1_54	bin-1-54	bin_1_54_03326	cds	contig_40	106082	0.4222	84354	85235	+	20847	293	cof	Haloacid dehalogenase	no	group_2744	en_familia	42	1.0000	core	core	no	no	no
bin_1_54	bin-1-54	bin_1_54_03327	cds	contig_40	106082	0.4222	85368	85616	+	20466	82		Transcriptional regulator	no	group_1983	en_familia	42	1.0000	core	core	no	no	no
bin_1_54	bin-1-54	bin_1_54_03328	cds	contig_40	106082	0.4222	86009	86458	-	19624	149		DinB-like domain-containing protein	no	group_4973	en_familia	42	1.0000	core	core	no	no	no
bin_1_54	bin-1-54	bin_1_54_03329	cds	contig_40	106082	0.4222	86789	87091	+	18991	100		urease subunit gamma	no	group_4107	en_familia	20	0.4762	shell	shell	si	no	no
bin_1_54	bin-1-54	bin_1_54_03330	cds	contig_40	106082	0.4222	87105	87419	+	18663	104		urease subunit beta	no	group_8638	en_familia	20	0.4762	shell	shell	si	no	no
bin_1_54	bin-1-54	bin_1_54_03331	cds	contig_40	106082	0.4222	87424	89133	+	16949	569	ureC	urease subunit alpha	no	ureC	en_familia	20	0.4762	shell	shell	si	no	no
bin_1_54	bin-1-54	bin_1_54_03333	cds	contig_40	106082	0.4222	89143	89589	+	16493	148	ureE	urease accessory protein UreE	no	ureE	en_familia	20	0.4762	shell	shell	si	no	no
bin_1_54	bin-1-54	bin_1_54_03334	cds	contig_40	106082	0.4222	89582	90268	+	15814	228	ureF	Urease accessory protein UreF	no	ureF	en_familia	20	0.4762	shell	shell	si	no	no
bin_1_54	bin-1-54	bin_1_54_03335	cds	contig_40	106082	0.4222	90317	90934	+	15148	205	ureG	urease accessory protein UreG	no	ureG	en_familia	20	0.4762	shell	shell	si	no	no
bin_1_54	bin-1-54	bin_1_54_03336	cds	contig_40	106082	0.4222	90931	91746	+	14336	271	ureD	Urease accessory protein UreD	no	ureD	en_familia	20	0.4762	shell	shell	si	no	no
bin_1_54	bin-1-54	bin_1_54_03337	cds	contig_40	106082	0.4222	91768	92412	+	13670	214		Nickel/cobalt efflux system	no	group_2100	en_familia	20	0.4762	shell	shell	si	no	no
bin_1_54	bin-1-54	bin_1_54_03338	cds	contig_40	106082	0.4222	92583	92981	+	13101	132		Lipoprotein	no	group_6045	en_familia	42	1.0000	core	core	no	no	no
bin_1_54	bin-1-54	bin_1_54_03339	cds	contig_40	106082	0.4222	93099	93977	-	12105	292		N-dimethylarginine dimethylaminohydrolase	no	group_899	en_familia	42	1.0000	core	core	no	no	no
bin_1_54	bin-1-54	bin_1_54_03340	cds	contig_40	106082	0.4222	94225	95220	+	10862	331		Oxidoreductase domain-containing protein	no	group_14328	en_familia	2	0.0476	cloud	cloud	si	si	no
bin_1_54	bin-1-54	bin_1_54_03341	cds	contig_40	106082	0.4222	95237	96256	+	9826	339		Dehydrogenase	no	group_12886	en_familia	2	0.0476	cloud	cloud	si	si	no
bin_1_54	bin-1-54	bin_1_54_03342	cds	contig_40	106082	0.4222	96372	97880	+	8202	502		Ribose ABC transporter ATP-binding protein	no	group_1809	en_familia	2	0.0476	cloud	cloud	si	si	no
bin_1_54	bin-1-54	bin_1_54_03343	cds	contig_40	106082	0.4222	97885	98883	+	7199	332		Ribose ABC transporter permease	no	group_13840	en_familia	2	0.0476	cloud	cloud	si	si	no
bin_1_54	bin-1-54	bin_1_54_03344	cds	contig_40	106082	0.4222	98928	99887	+	6195	319		Monosaccharide-transporting ATPase	no	group_8806	en_familia	2	0.0476	cloud	cloud	si	si	no
bin_1_54	bin-1-54	bin_1_54_03345	cds	contig_40	106082	0.4222	99964	100977	+	5105	337		Degradation activator	no	group_13389	en_familia	2	0.0476	cloud	cloud	si	si	no
bin_1_54	bin-1-54	bin_1_54_03346	cds	contig_40	106082	0.4222	101062	102093	+	3989	343	iolG	inositol 2-dehydrogenase	no	iolG	en_familia	2	0.0476	cloud	cloud	si	si	no
bin_1_54	bin-1-54	bin_1_54_03347	cds	contig_40	106082	0.4222	102216	103055	+	3027	279		D-Tagatose 3-epimerase, putative	no	group_12841	en_familia	2	0.0476	cloud	cloud	si	si	no
bin_1_54	bin-1-54	bin_1_54_03348	cds	contig_40	106082	0.4222	103358	104974	+	1108	538	menE	Long-chain-fatty-acid--CoA ligase	no	menE	en_familia	42	1.0000	core	core	no	no	no
bin_1_54	bin-1-54	bin_1_54_03349	cds	contig_40	106082	0.4222	105068	105865	+	217	265	caiD	enoyl-CoA hydratase	no	group_10602	en_familia	42	1.0000	core	core	no	no	no
bin_1_54	bin-1-54	bin_1_54_03350	cds	contig_41	111637	0.4168	24	395	+	23	123		IS3 family transposase	no	group_7958	en_familia	7	0.1667	shell	shell	si	no	no
bin_1_54	bin-1-54	bin_1_54_03351	cds	contig_41	111637	0.4168	563	1780	+	562	405		IS110 family transposase	no	group_13379	en_familia	5	0.1190	cloud	cloud	si	si	no
bin_1_54	bin-1-54	bin_1_54_03352	cds	contig_41	111637	0.4168	2150	3133	-	2149	327	fabH	Beta-ketoacyl-[acyl-carrier-protein] synthase III	no	fabH	en_familia	42	1.0000	core	core	no	no	no
bin_1_54	bin-1-54	bin_1_54_03353	cds	contig_41	111637	0.4168	3418	3768	-	3417	116	ykvN	HTH-type transcriptional regulator ykvN	no	ykvN	en_familia	42	1.0000	core	core	no	no	no
bin_1_54	bin-1-54	bin_1_54_03354	cds	contig_41	111637	0.4168	3893	4516	+	3892	207	yodC	NAD(P)H nitroreductase YodC	no	yodC	en_familia	42	1.0000	core	core	no	no	no
bin_1_54	bin-1-54	bin_1_54_03355	cds	contig_41	111637	0.4168	5290	5820	+	5289	176		General stress protein 14	no	group_4882	en_familia	41	0.9762	core	core	no	no	no
bin_1_54	bin-1-54	bin_1_54_03356	cds	contig_41	111637	0.4168	5892	6251	-	5891	119	yybR	HTH-type transcriptional regulator YybR	no	yybR	en_familia	41	0.9762	core	core	no	no	no
bin_1_54	bin-1-54	bin_1_54_03357	cds	contig_41	111637	0.4168	6535	7539	-	6534	334	rbsC	Ribose import permease protein RbsC	no	rbsC	en_familia	42	1.0000	core	core	no	no	no
bin_1_54	bin-1-54	bin_1_54_03358	cds	contig_41	111637	0.4168	7541	9043	-	7540	500	rbsA	Ribose import ATP-binding protein RbsA	no	group_14242	en_familia	42	1.0000	core	core	no	no	no
bin_1_54	bin-1-54	bin_1_54_03359	cds	contig_41	111637	0.4168	9100	10212	-	9099	370	rbsB	Periplasmic binding protein domain-containing protein	no	group_12677	en_familia	42	1.0000	core	core	no	no	no
bin_1_54	bin-1-54	bin_1_54_03360	cds	contig_41	111637	0.4168	10528	13269	-	10527	913	engB	Tr-type G domain-containing protein	no	engB	en_familia	42	1.0000	core	core	no	no	no
bin_1_54	bin-1-54	bin_1_54_03361	cds	contig_41	111637	0.4168	13765	13938	-	13764	57		DUF4023 domain-containing protein	no	group_10141	en_familia	42	1.0000	core	core	no	no	no
bin_1_54	bin-1-54	bin_1_54_03362	cds	contig_41	111637	0.4168	14490	15821	+	14489	443	brnQ	branched-chain amino acid transport system II carrier protein	no	group_1881	en_familia	42	1.0000	core	core	no	no	no
bin_1_54	bin-1-54	bin_1_54_03363	cds	contig_41	111637	0.4168	15944	16876	+	15943	310	pdxI	General stress protein 69	no	pdxI	en_familia	42	1.0000	core	core	no	no	no
bin_1_54	bin-1-54	bin_1_54_03364	cds	contig_41	111637	0.4168	17006	17905	+	17005	299	eamA	EamA domain-containing protein	no	group_1882	en_familia	42	1.0000	core	core	no	no	no
bin_1_54	bin-1-54	bin_1_54_03365	cds	contig_41	111637	0.4168	18023	18730	+	18022	235	rluF	23S rRNA pseudouridine(2604) synthase RluF	no	rluF	en_familia	42	1.0000	core	core	no	no	no
bin_1_54	bin-1-54	bin_1_54_03366	cds	contig_41	111637	0.4168	19180	19929	-	19179	249		Transport permease protein	no	group_12366	en_familia	42	1.0000	core	core	no	no	no
bin_1_54	bin-1-54	bin_1_54_03367	cds	contig_41	111637	0.4168	19930	20691	-	19929	253	rbbA	ABC transporter domain-containing protein	no	rbbA	en_familia	42	1.0000	core	core	no	no	no
bin_1_54	bin-1-54	bin_1_54_03368	cds	contig_41	111637	0.4168	20890	21243	-	20889	117	gINS	Cytoplasmic protein	no	gINS	en_familia	42	1.0000	core	core	no	no	no
bin_1_54	bin-1-54	bin_1_54_03369	cds	contig_41	111637	0.4168	21309	21629	-	21308	106	padR	Transcription regulator PadR N-terminal domain-containing protein	no	padR	en_familia	42	1.0000	core	core	no	no	no
bin_1_54	bin-1-54	bin_1_54_03370	cds	contig_41	111637	0.4168	22128	23096	-	22127	322	ycjR	3-dehydroshikimate dehydratase	no	ycjR	en_familia	42	1.0000	core	core	no	no	no
bin_1_54	bin-1-54	bin_1_54_03371	cds	contig_41	111637	0.4168	23118	24158	-	23117	346	mviM	1,5-anhydro-D-fructose reductase	no	mviM	en_familia	42	1.0000	core	core	no	no	no
bin_1_54	bin-1-54	bin_1_54_03372	cds	contig_41	111637	0.4168	24176	25198	-	24175	340	mviM	Glucose--fructose oxidoreductase	no	group_13315	en_familia	42	1.0000	core	core	no	no	no
bin_1_54	bin-1-54	bin_1_54_03373	cds	contig_41	111637	0.4168	25212	25940	-	25211	242		ThuA-like domain-containing protein	no	group_13314	en_familia	42	1.0000	core	core	no	no	no
bin_1_54	bin-1-54	bin_1_54_03374	cds	contig_41	111637	0.4168	26159	27199	-	26158	346	purR	HTH-type transcriptional regulator MalR	no	group_12570	en_familia	42	1.0000	core	core	no	no	no
bin_1_54	bin-1-54	bin_1_54_03375	cds	contig_41	111637	0.4168	27251	28069	-	27250	272	ugpE	Lactose transport system permease protein LacG	no	group_10354	en_familia	42	1.0000	core	core	no	no	no
bin_1_54	bin-1-54	bin_1_54_03376	cds	contig_41	111637	0.4168	28069	28929	-	28068	286	ugpA	Raffinose/stachyose/melibiose transport system permease protein	no	ugpA	en_familia	42	1.0000	core	core	no	no	no
bin_1_54	bin-1-54	bin_1_54_03377	cds	contig_41	111637	0.4168	29078	30367	-	29077	429	ugpB	Sugar ABC transporter substrate-binding protein	no	ugpB	en_familia	42	1.0000	core	core	no	no	no
bin_1_54	bin-1-54	bin_1_54_03378	cds	contig_41	111637	0.4168	30727	30912	-	30726	61		DUF1093 domain-containing protein	no	group_9796	en_familia	42	1.0000	core	core	no	no	no
bin_1_54	bin-1-54	bin_1_54_03379	cds	contig_41	111637	0.4168	31067	31906	-	31066	279	yitT	DUF2179 domain-containing protein	no	group_10100	en_familia	42	1.0000	core	core	no	no	no
bin_1_54	bin-1-54	bin_1_54_03380	cds	contig_41	111637	0.4168	32331	33530	+	32330	399	bioF	8-amino-7-oxononanoate synthase	no	bioF	en_familia	42	1.0000	core	core	no	no	no
bin_1_54	bin-1-54	bin_1_54_03381	cds	contig_41	111637	0.4168	33527	34276	+	33526	249	bioH	Biotin biosynthesis protein BioH	no	bioH	en_familia	42	1.0000	core	core	no	no	no
bin_1_54	bin-1-54	bin_1_54_03382	cds	contig_41	111637	0.4168	34266	35087	+	34265	273	bioC	malonyl-ACP O-methyltransferase BioC	no	bioC	en_familia	42	1.0000	core	core	no	no	no
bin_1_54	bin-1-54	bin_1_54_03383	cds	contig_41	111637	0.4168	35265	35942	-	35264	225	hrtA	Putative hemin import ATP-binding protein HrtA	no	hrtA~~~lolD	en_familia	42	1.0000	core	core	no	no	no
bin_1_54	bin-1-54	bin_1_54_03384	cds	contig_41	111637	0.4168	35939	37048	-	35938	369	hrtB	Putative hemin transport system permease protein HrtB	no	hrtB	en_familia	39	0.9286	shell	core	si	no	no
bin_1_54	bin-1-54	bin_1_54_03385	cds	contig_41	111637	0.4168	37144	38523	-	37143	459	hssS	Heme sensor protein HssS	no	hssS~~~walK	en_familia	39	0.9286	shell	core	si	no	no
bin_1_54	bin-1-54	bin_1_54_03386	cds	contig_41	111637	0.4168	38520	39197	-	38519	225	hssR	Heme response regulator HssR	no	ompR~~~hssR	en_familia	39	0.9286	shell	core	si	no	no
bin_1_54	bin-1-54	bin_1_54_03387	cds	contig_41	111637	0.4168	39518	40495	+	39517	325	panS	Pantothenates transporter PanS	no	panS	en_familia	32	0.7619	shell	shell	si	no	no
bin_1_54	bin-1-54	bin_1_54_03388	cds	contig_41	111637	0.4168	41325	42581	+	41324	418	yjiN	DUF445 domain-containing protein	no	yjiN	en_familia	42	1.0000	core	core	no	no	no
bin_1_54	bin-1-54	bin_1_54_03389	cds	contig_41	111637	0.4168	43098	43478	-	43097	126		FHA domain-containing protein	no	group_6226	en_familia	37	0.8810	shell	shell	si	no	no
bin_1_54	bin-1-54	bin_1_54_03390	cds	contig_41	111637	0.4168	43506	43781	-	43505	91		Phage protein	no	group_6665	en_familia	21	0.5000	shell	shell	si	no	no
bin_1_54	bin-1-54	bin_1_54_03391	cds	contig_41	111637	0.4168	43889	44278	-	43888	129		FHA domain-containing protein	no	group_6598	en_familia	34	0.8095	shell	shell	si	no	no
bin_1_54	bin-1-54	bin_1_54_03392	cds	contig_41	111637	0.4168	44840	44929	-	44839	29		hypothetical protein	no	group_11955	en_familia	0	0.0000	exclusivo	exclusivo	no	no	si
bin_1_54	bin-1-54	bin_1_54_03393	cds	contig_41	111637	0.4168	44901	45014	-	44900	37		Immunity protein Imm3	no	group_12650	en_familia	1	0.0238	cloud	cloud	si	si	no
bin_1_54	bin-1-54	bin_1_54_03394	cds	contig_41	111637	0.4168	45042	45248	-	45041	68	lysR	LysR family transcriptional regulator	no	group_9337	en_familia	1	0.0238	cloud	cloud	si	si	no
bin_1_54	bin-1-54	bin_1_54_03395	cds	contig_41	111637	0.4168	45576	46046	-	45575	156		IPExxxVDY family protein	no	group_5391	en_familia	6	0.1429	cloud	cloud	si	si	no
bin_1_54	bin-1-54	bin_1_54_03396	cds	contig_41	111637	0.4168	46059	47951	-	46058	630		LXG domain-containing protein	no	ywqJ~~~yeeF	en_familia	39	0.9286	shell	core	si	no	no
bin_1_54	bin-1-54	bin_1_54_03397	cds	contig_41	111637	0.4168	47948	48235	-	47947	95		YwqI/YxiC family protein	no	group_8874	en_familia	41	0.9762	core	core	no	no	no
bin_1_54	bin-1-54	bin_1_54_03398	cds	contig_41	111637	0.4168	48235	48660	-	48234	141		DUF5082 domain-containing protein	no	group_3109	en_familia	42	1.0000	core	core	no	no	no
bin_1_54	bin-1-54	bin_1_54_03399	cds	contig_41	111637	0.4168	48898	50301	-	48897	467	ywaD	Aminopeptidase YwaD	no	group_5397	en_familia	42	1.0000	core	core	no	no	no
bin_1_54	bin-1-54	bin_1_54_03400	cds	contig_41	111637	0.4168	50573	51721	+	50572	382	eutG	NAD-dependent methanol dehydrogenase	no	group_14447	en_familia	42	1.0000	core	core	no	no	no
bin_1_54	bin-1-54	bin_1_54_03401	cds	contig_41	111637	0.4168	51734	53347	+	51733	537		histidine kinase	no	group_1140	en_familia	42	1.0000	core	core	no	no	no
bin_1_54	bin-1-54	bin_1_54_03402	cds	contig_41	111637	0.4168	53352	54779	+	53351	475	zraR	Transcriptional regulatory protein ZraR	no	group_11216	en_familia	42	1.0000	core	core	no	no	no
bin_1_54	bin-1-54	bin_1_54_03403	cds	contig_41	111637	0.4168	54822	55889	-	54821	355	adhP	alcohol dehydrogenase AdhP	no	adhP	en_familia	42	1.0000	core	core	no	no	no
bin_1_54	bin-1-54	bin_1_54_03404	cds	contig_41	111637	0.4168	56141	56440	+	55197	99		DUF3892 domain-containing protein	no	group_11213	en_familia	42	1.0000	core	core	no	no	no
bin_1_54	bin-1-54	bin_1_54_03405	cds	contig_41	111637	0.4168	56524	57336	-	54301	270		CBS domain-containing protein	no	group_6360	en_familia	42	1.0000	core	core	no	no	no
bin_1_54	bin-1-54	bin_1_54_03406	cds	contig_41	111637	0.4168	57446	57967	-	53670	173	ybaK	Cys-tRNA(Pro)/Cys-tRNA(Cys) deacylase YbaK	no	group_12988	en_familia	42	1.0000	core	core	no	no	no
bin_1_54	bin-1-54	bin_1_54_03407	cds	contig_41	111637	0.4168	58191	58676	+	52961	161	queT	Queuosine transporter QueT	no	queT	en_familia	42	1.0000	core	core	no	no	no
bin_1_54	bin-1-54	bin_1_54_03408	cds	contig_41	111637	0.4168	58800	59456	+	52181	218		TVP38/TMEM64 family membrane protein	no	group_898	en_familia	42	1.0000	core	core	no	no	no
bin_1_54	bin-1-54	bin_1_54_03409	cds	contig_41	111637	0.4168	59574	61199	+	50438	541	kinE	histidine kinase	no	kinE	en_familia	42	1.0000	core	core	no	no	no
bin_1_54	bin-1-54	bin_1_54_03410	cds	contig_41	111637	0.4168	61259	62749	-	48888	496		S-layer protein	no	group_4237	en_familia	42	1.0000	core	core	no	no	no
bin_1_54	bin-1-54	bin_1_54_03411	cds	contig_41	111637	0.4168	63056	64690	+	46947	544	copC	Copper resistance protein CopC	no	group_4891	en_familia	42	1.0000	core	core	no	no	no
bin_1_54	bin-1-54	bin_1_54_03412	cds	contig_41	111637	0.4168	64710	65372	+	46265	220		YcnI-like domain-containing protein	no	group_1769	en_familia	42	1.0000	core	core	no	no	no
bin_1_54	bin-1-54	bin_1_54_03413	cds	contig_41	111637	0.4168	65415	66413	-	45224	332	aprE	Intracellular serine protease	no	aprE	en_familia	42	1.0000	core	core	no	no	no
bin_1_54	bin-1-54	bin_1_54_03414	cds	contig_41	111637	0.4168	66740	67246	-	44391	168	yecA	Preprotein translocase subunit SecA	no	group_13352	en_familia	42	1.0000	core	core	no	no	no
bin_1_54	bin-1-54	bin_1_54_03415	cds	contig_41	111637	0.4168	67438	68007	-	43630	189	nfnB	Putative NAD(P)H nitroreductase	no	group_13186	en_familia	42	1.0000	core	core	no	no	no
bin_1_54	bin-1-54	bin_1_54_03416	cds	contig_41	111637	0.4168	68019	69191	-	42446	390	yaaN	Tellurite resistance protein TelA	no	yaaN	en_familia	42	1.0000	core	core	no	no	no
bin_1_54	bin-1-54	bin_1_54_03417	cds	contig_41	111637	0.4168	69188	69844	-	41793	218	xpaC	Protein xpaC	no	xpaC	en_familia	42	1.0000	core	core	no	no	no
bin_1_54	bin-1-54	bin_1_54_03418	cds	contig_41	111637	0.4168	70094	70531	+	41106	145		Spore coat protein	no	group_9501	en_familia	42	1.0000	core	core	no	no	no
bin_1_54	bin-1-54	bin_1_54_03419	cds	contig_41	111637	0.4168	71055	71282	-	40355	75		Group-specific protein	no	group_2641	en_familia	42	1.0000	core	core	no	no	no
bin_1_54	bin-1-54	bin_1_54_03420	cds	contig_41	111637	0.4168	71328	72605	-	39032	425		Ammonium transporter	no	group_3238	en_familia	42	1.0000	core	core	no	no	no
bin_1_54	bin-1-54	bin_1_54_03421	cds	contig_41	111637	0.4168	72602	73006	-	38631	134		hypothetical protein	no	group_13076	en_familia	42	1.0000	core	core	no	no	no
bin_1_54	bin-1-54	bin_1_54_03422	cds	contig_41	111637	0.4168	73280	73483	+	38154	67		DUF1657 domain-containing protein	no	group_13291	en_familia	42	1.0000	core	core	no	no	no
bin_1_54	bin-1-54	bin_1_54_03423	cds	contig_41	111637	0.4168	74014	75027	+	36610	337	spoVAD	stage V sporulation protein AD	no	group_3303	en_familia	42	1.0000	core	core	no	no	no
bin_1_54	bin-1-54	bin_1_54_03424	cds	contig_41	111637	0.4168	75222	75428	+	36209	68		DUF1657 domain-containing protein	no	group_11184	en_familia	42	1.0000	core	core	no	no	no
bin_1_54	bin-1-54	bin_1_54_03425	cds	contig_41	111637	0.4168	75460	76320	+	35317	286	yetF	YetF C-terminal domain-containing protein	no	group_10230	en_familia	42	1.0000	core	core	no	no	no
bin_1_54	bin-1-54	bin_1_54_03426	cds	contig_41	111637	0.4168	76329	76955	-	34682	208		Yitt family protein	no	group_12063	en_familia	42	1.0000	core	core	no	no	no
bin_1_54	bin-1-54	bin_1_54_03427	cds	contig_41	111637	0.4168	77326	78696	-	32941	456	rlmD	23S rRNA (uracil(1939)-C(5))-methyltransferase RlmD	no	rlmD	en_familia	42	1.0000	core	core	no	no	no
bin_1_54	bin-1-54	bin_1_54_03428	cds	contig_41	111637	0.4168	78886	79104	+	32533	72		Methionine aminopeptidase	no	group_8886	en_familia	42	1.0000	core	core	no	no	no
bin_1_54	bin-1-54	bin_1_54_03429	cds	contig_41	111637	0.4168	79232	79723	-	31914	163		N-acetyltransferase GCN5	no	group_11940	en_familia	42	1.0000	core	core	no	no	no
bin_1_54	bin-1-54	bin_1_54_03430	cds	contig_41	111637	0.4168	79785	80699	-	30938	304	lCB5	diacylglycerol kinase	no	lCB5	en_familia	42	1.0000	core	core	no	no	no
bin_1_54	bin-1-54	bin_1_54_03431	cds	contig_41	111637	0.4168	80880	81806	-	29831	308	liaF	LiaF transmembrane domain-containing protein	no	group_1688	en_familia	42	1.0000	core	core	no	no	no
bin_1_54	bin-1-54	bin_1_54_03432	cds	contig_41	111637	0.4168	81803	82873	-	28764	356		Multi-TM2 domain-containing protein	no	group_4829	en_familia	42	1.0000	core	core	no	no	no
bin_1_54	bin-1-54	bin_1_54_03433	cds	contig_41	111637	0.4168	82866	83333	-	28304	155		Zf-HC2 domain-containing protein	no	group_13062	en_familia	42	1.0000	core	core	no	no	no
bin_1_54	bin-1-54	bin_1_54_03434	cds	contig_41	111637	0.4168	83330	83872	-	27765	180		RNA polymerase sigma factor	no	group_1139	en_familia	42	1.0000	core	core	no	no	no
bin_1_54	bin-1-54	bin_1_54_03435	cds	contig_41	111637	0.4168	84036	85463	-	26174	475	gatB	Asp-tRNA(Asn)/Glu-tRNA(Gln) amidotransferase subunit GatB	no	gatB	en_familia	42	1.0000	core	core	no	no	no
bin_1_54	bin-1-54	bin_1_54_03436	cds	contig_41	111637	0.4168	85476	86936	-	24701	486	gatA	Asp-tRNA(Asn)/Glu-tRNA(Gln) amidotransferase subunit GatA	no	gatA	en_familia	42	1.0000	core	core	no	no	no
bin_1_54	bin-1-54	bin_1_54_03437	cds	contig_41	111637	0.4168	86949	87239	-	24398	96	gatC	Asp-tRNA(Asn)/Glu-tRNA(Gln) amidotransferase subunit GatC	no	gatC	en_familia	42	1.0000	core	core	no	no	no
bin_1_54	bin-1-54	bin_1_54_03438	cds	contig_41	111637	0.4168	87608	88777	-	22860	389	camS	CamS family sex pheromone protein	no	group_14250	en_familia	42	1.0000	core	core	no	no	no
bin_1_54	bin-1-54	bin_1_54_03439	cds	contig_41	111637	0.4168	88789	90795	-	20842	668	ligA	NAD-dependent DNA ligase LigA	no	group_13019	en_familia	42	1.0000	core	core	no	no	no
bin_1_54	bin-1-54	bin_1_54_03440	cds	contig_41	111637	0.4168	90900	93146	-	18491	748	pcrA	DNA helicase PcrA	no	pcrA	en_familia	42	1.0000	core	core	no	no	no
bin_1_54	bin-1-54	bin_1_54_03441	cds	contig_41	111637	0.4168	93208	93891	-	17746	227	pcrB	heptaprenylglyceryl phosphate synthase	no	pcrB	en_familia	42	1.0000	core	core	no	no	no
bin_1_54	bin-1-54	bin_1_54_03442	cds	contig_41	111637	0.4168	94111	94425	-	17212	104	yerC	TrpR-like protein YerC/YecD	no	yerC	en_familia	42	1.0000	core	core	no	no	no
bin_1_54	bin-1-54	bin_1_54_03443	cds	contig_41	111637	0.4168	94452	95489	-	16148	345	yerB	Lipoprotein YerB	no	yerB	en_familia	42	1.0000	core	core	no	no	no
bin_1_54	bin-1-54	bin_1_54_03444	cds	contig_41	111637	0.4168	95533	97278	-	14359	581	adeC	adenine deaminase	no	adeC	en_familia	42	1.0000	core	core	no	no	no
bin_1_54	bin-1-54	bin_1_54_03445	cds	contig_41	111637	0.4168	97423	97689	+	13948	88		Inner membrane protein YgaP-like transmembrane domain-containing protein	no	group_830	en_familia	42	1.0000	core	core	no	no	no
bin_1_54	bin-1-54	bin_1_54_03446	cds	contig_41	111637	0.4168	97735	99009	-	12628	424	purD	Phosphoribosylamine--glycine ligase	no	purD	en_familia	42	1.0000	core	core	no	no	no
bin_1_54	bin-1-54	bin_1_54_03447	cds	contig_41	111637	0.4168	99029	100564	-	11073	511	purH	bifunctional phosphoribosylaminoimidazolecarboxamide formyltransferase/IMP cyclohydrolase	no	purH	en_familia	42	1.0000	core	core	no	no	no
bin_1_54	bin-1-54	bin_1_54_03448	cds	contig_41	111637	0.4168	100583	101158	-	10479	191	purN	phosphoribosylglycinamide formyltransferase	no	purN	en_familia	42	1.0000	core	core	no	no	no
bin_1_54	bin-1-54	bin_1_54_03449	cds	contig_41	111637	0.4168	101158	102183	-	9454	341	purM	Phosphoribosylformylglycinamidine cyclo-ligase	no	purM	en_familia	42	1.0000	core	core	no	no	no
bin_1_54	bin-1-54	bin_1_54_03450	cds	contig_41	111637	0.4168	102226	103641	-	7996	471	purF	amidophosphoribosyltransferase	no	purF	en_familia	42	1.0000	core	core	no	no	no
bin_1_54	bin-1-54	bin_1_54_03451	cds	contig_41	111637	0.4168	103626	105845	-	5792	739	purL	phosphoribosylformylglycinamidine synthase subunit PurL	no	purL	en_familia	42	1.0000	core	core	no	no	no
bin_1_54	bin-1-54	bin_1_54_03452	cds	contig_41	111637	0.4168	105829	106515	-	5122	228	purQ	phosphoribosylformylglycinamidine synthase subunit PurQ	no	purQ	en_familia	42	1.0000	core	core	no	no	no
bin_1_54	bin-1-54	bin_1_54_03453	cds	contig_41	111637	0.4168	106512	106766	-	4871	84	purS	phosphoribosylformylglycinamidine synthase subunit PurS	no	purS	en_familia	42	1.0000	core	core	no	no	no
bin_1_54	bin-1-54	bin_1_54_03454	cds	contig_41	111637	0.4168	106759	107478	-	4159	239	purC	phosphoribosylaminoimidazolesuccinocarboxamide synthase	no	purC	en_familia	42	1.0000	core	core	no	no	no
bin_1_54	bin-1-54	bin_1_54_03455	cds	contig_41	111637	0.4168	107453	107563	-	4074	36		hypothetical protein	no	group_13064	en_familia	41	0.9762	core	core	no	no	no
bin_1_54	bin-1-54	bin_1_54_03456	cds	contig_41	111637	0.4168	107581	108873	-	2764	430	purB	adenylosuccinate lyase	no	purB	en_familia	42	1.0000	core	core	no	no	no
bin_1_54	bin-1-54	bin_1_54_03457	cds	contig_41	111637	0.4168	108870	110030	-	1607	386	purK	5-(carboxyamino)imidazole ribonucleotide synthase	no	purK	en_familia	42	1.0000	core	core	no	no	no
bin_1_54	bin-1-54	bin_1_54_03458	cds	contig_41	111637	0.4168	110014	110502	-	1135	162	purE	N5-carboxyaminoimidazole ribonucleotide mutase	no	purE	en_familia	42	1.0000	core	core	no	no	no
bin_1_54	bin-1-54	bin_1_54_03459	cds	contig_41	111637	0.4168	110858	111058	-	579	66		NETI motif-containing protein	no	group_2459	en_familia	42	1.0000	core	core	no	no	no
bin_1_54	bin-1-54	bin_1_54_03461	cds	contig_42	54034	0.3941	173	919	-	172	248	map	type I methionyl aminopeptidase	no	group_11311	en_familia	42	1.0000	core	core	no	no	no
bin_1_54	bin-1-54	bin_1_54_03462	cds	contig_42	54034	0.3941	1145	1765	-	1144	206	cdaS	sporulation-specific diadenylate cyclase CdaS	no	cdaS	en_familia	42	1.0000	core	core	no	no	no
bin_1_54	bin-1-54	bin_1_54_03463	cds	contig_42	54034	0.3941	2063	2344	+	2062	93		2Fe-2S ferredoxin-5	no	group_13794	en_familia	42	1.0000	core	core	no	no	no
bin_1_54	bin-1-54	bin_1_54_03464	cds	contig_42	54034	0.3941	2424	2822	-	2423	132		VOC domain-containing protein	no	group_3864	en_familia	42	1.0000	core	core	no	no	no
bin_1_54	bin-1-54	bin_1_54_03465	cds	contig_42	54034	0.3941	3177	3512	-	3176	111		hypothetical protein	no	group_5679	en_familia	41	0.9762	core	core	no	no	no
bin_1_54	bin-1-54	bin_1_54_03466	cds	contig_42	54034	0.3941	3676	4143	+	3675	155	dinB	Damage-inducible protein DinB	no	group_6273	en_familia	42	1.0000	core	core	no	no	no
bin_1_54	bin-1-54	bin_1_54_03467	cds	contig_42	54034	0.3941	4202	4615	+	4201	137		PhnB-like domain-containing protein	no	group_6086	en_familia	42	1.0000	core	core	no	no	no
bin_1_54	bin-1-54	bin_1_54_03468	cds	contig_42	54034	0.3941	4899	5399	+	4898	166		3-demethylubiquinone-9 3-methyltransferase	no	group_5122	en_familia	42	1.0000	core	core	no	no	no
bin_1_54	bin-1-54	bin_1_54_03469	cds	contig_42	54034	0.3941	5553	6104	+	5552	183		DUF402 domain-containing protein	no	group_2327	en_familia	42	1.0000	core	core	no	no	no
bin_1_54	bin-1-54	bin_1_54_03470	cds	contig_42	54034	0.3941	6192	6842	-	6191	216		CwlT-like lysozyme domain-containing protein	no	group_3442	en_familia	42	1.0000	core	core	no	no	no
bin_1_54	bin-1-54	bin_1_54_03471	cds	contig_42	54034	0.3941	6999	7154	+	6998	51		DUF4021 domain-containing protein	no	group_13610	en_familia	42	1.0000	core	core	no	no	no
bin_1_54	bin-1-54	bin_1_54_03472	cds	contig_42	54034	0.3941	7344	8129	-	7343	261		Glucose 1-dehydrogenase	no	group_3440	en_familia	42	1.0000	core	core	no	no	no
bin_1_54	bin-1-54	bin_1_54_03473	cds	contig_42	54034	0.3941	8178	8930	-	8177	250		2,5-dichloro-2,5-cyclohexadiene-1,4-diol dehydrogenase	no	group_2143	en_familia	40	0.9524	core	core	no	no	no
bin_1_54	bin-1-54	bin_1_54_03474	cds	contig_42	54034	0.3941	8965	9753	-	8964	262		Levodione reductase	no	group_6061	en_familia	36	0.8571	shell	shell	si	no	no
bin_1_54	bin-1-54	bin_1_54_03475	cds	contig_42	54034	0.3941	9867	10517	-	9866	216		HTH gntR-type domain-containing protein	no	group_5511	en_familia	37	0.8810	shell	shell	si	no	no
bin_1_54	bin-1-54	bin_1_54_03476	cds	contig_42	54034	0.3941	10677	11474	-	10676	265		DUF2935 domain-containing protein	no	group_3431	en_familia	42	1.0000	core	core	no	no	no
bin_1_54	bin-1-54	bin_1_54_03477	cds	contig_42	54034	0.3941	11884	12597	+	11883	237		Type 11 methyltransferase	no	group_6901	en_familia	14	0.3333	shell	shell	si	no	no
bin_1_54	bin-1-54	bin_1_54_03478	cds	contig_42	54034	0.3941	12717	14267	-	12716	516	pleD	Response regulator PleD	no	pleD	en_familia	36	0.8571	shell	shell	si	no	no
bin_1_54	bin-1-54	bin_1_54_03479	cds	contig_42	54034	0.3941	14485	16287	-	14484	600		Dipeptidyl aminopeptidase BIII	no	group_5513	en_familia	42	1.0000	core	core	no	no	no
bin_1_54	bin-1-54	bin_1_54_03480	cds	contig_42	54034	0.3941	16403	18715	-	16402	770	kdpDN	KdpD-like non-kinase potassium sensor	no	kdpDN	en_familia	5	0.1190	cloud	cloud	si	si	no
bin_1_54	bin-1-54	bin_1_54_03481	cds	contig_42	54034	0.3941	18769	19326	-	18768	185	kdpC	potassium-transporting ATPase subunit KdpC	no	kdpC	en_familia	5	0.1190	cloud	cloud	si	si	no
bin_1_54	bin-1-54	bin_1_54_03482	cds	contig_42	54034	0.3941	19356	20453	-	19355	365	kdpB	potassium-transporting ATPase subunit KdpB	no	kdpB	en_familia	5	0.1190	cloud	cloud	si	si	no
bin_1_54	bin-1-54	bin_1_54_03483	cds	contig_42	54034	0.3941	20458	21381	-	20457	307		K+-transporting ATPase subunit B	no	kdpB	en_familia	5	0.1190	cloud	cloud	si	si	no
bin_1_54	bin-1-54	bin_1_54_03484	cds	contig_42	54034	0.3941	21404	23077	-	21403	557	kdpA	potassium-transporting ATPase subunit KdpA	no	kdpA	en_familia	5	0.1190	cloud	cloud	si	si	no
bin_1_54	bin-1-54	bin_1_54_03485	sorf	contig_42	54034	0.3941	23102	23176	-	23101	24		Potassium-transporting ATPase subunit F	no	group_12811	en_familia	5	0.1190	cloud	cloud	si	si	no
bin_1_54	bin-1-54	bin_1_54_03486	cds	contig_42	54034	0.3941	24063	24437	+	24062	124	mpsC	Na+-translocating membrane putative-generating system MpsC domain-containing protein	no	group_14276	en_familia	5	0.1190	cloud	cloud	si	si	no
bin_1_54	bin-1-54	bin_1_54_03487	cds	contig_42	54034	0.3941	24773	25774	-	24772	333		Gamma-D-glutamyl-L-lysine endopeptidase	no	group_1663	en_familia	42	1.0000	core	core	no	no	no
bin_1_54	bin-1-54	bin_1_54_03488	cds	contig_42	54034	0.3941	25800	26882	-	25799	360		Dipeptide epimerase	no	group_3930	en_familia	42	1.0000	core	core	no	no	no
bin_1_54	bin-1-54	bin_1_54_03489	cds	contig_42	54034	0.3941	26898	28058	-	25976	386		DUF819 domain-containing protein	no	group_24	en_familia	42	1.0000	core	core	no	no	no
bin_1_54	bin-1-54	bin_1_54_03490	cds	contig_42	54034	0.3941	28219	28536	-	25498	105		DUF3870 domain-containing protein	no	group_104	en_familia	42	1.0000	core	core	no	no	no
bin_1_54	bin-1-54	bin_1_54_03491	cds	contig_42	54034	0.3941	28859	29725	-	24309	288		(R)-stereoselective amidase	no	group_9433	en_familia	42	1.0000	core	core	no	no	no
bin_1_54	bin-1-54	bin_1_54_03492	cds	contig_42	54034	0.3941	29778	31262	-	22772	494	putP	Symporter YodF	no	group_3731	en_familia	42	1.0000	core	core	no	no	no
bin_1_54	bin-1-54	bin_1_54_03493	cds	contig_42	54034	0.3941	31259	31459	-	22575	66		DUF3311 domain-containing protein	no	group_1429	en_familia	42	1.0000	core	core	no	no	no
bin_1_54	bin-1-54	bin_1_54_03494	cds	contig_42	54034	0.3941	31594	32826	-	21208	410		Hydrolase HI_0588	no	group_4708	en_familia	42	1.0000	core	core	no	no	no
bin_1_54	bin-1-54	bin_1_54_03495	cds	contig_42	54034	0.3941	32929	34557	-	19477	542		Amidohydrolase 3 domain-containing protein	no	group_5965	en_familia	42	1.0000	core	core	no	no	no
bin_1_54	bin-1-54	bin_1_54_03496	cds	contig_42	54034	0.3941	34846	35730	-	18304	294		Class I SAM-dependent methyltransferase	no	group_5738	en_familia	42	1.0000	core	core	no	no	no
bin_1_54	bin-1-54	bin_1_54_03497	cds	contig_42	54034	0.3941	35923	36654	+	17380	243		PepSY domain-containing protein	no	group_5737	en_familia	42	1.0000	core	core	no	no	no
bin_1_54	bin-1-54	bin_1_54_03498	cds	contig_42	54034	0.3941	37204	38154	+	15880	316	rocF	arginase	no	rocF	en_familia	42	1.0000	core	core	no	no	no
bin_1_54	bin-1-54	bin_1_54_03499	cds	contig_42	54034	0.3941	38523	39959	+	14075	478	rocE	Amino-acid permease RocE	no	rocE~~~rocC	en_familia	42	1.0000	core	core	no	no	no
bin_1_54	bin-1-54	bin_1_54_03500	cds	contig_42	54034	0.3941	40220	40498	-	13536	92		hypothetical protein	no	group_13041	en_familia	42	1.0000	core	core	no	no	no
bin_1_54	bin-1-54	bin_1_54_03501	cds	contig_42	54034	0.3941	40883	42214	+	11820	443	ykvU	Sporulation protein YkvU	no	ykvU	en_familia	42	1.0000	core	core	no	no	no
bin_1_54	bin-1-54	bin_1_54_03502	cds	contig_42	54034	0.3941	42395	42586	+	11448	63		DUF3934 domain-containing protein	no	group_1299	en_familia	42	1.0000	core	core	no	no	no
bin_1_54	bin-1-54	bin_1_54_03503	cds	contig_42	54034	0.3941	42793	43158	-	10876	121		General stress protein	no	group_5281	en_familia	42	1.0000	core	core	no	no	no
bin_1_54	bin-1-54	bin_1_54_03504	cds	contig_42	54034	0.3941	43253	43642	-	10392	129		DUF948 domain-containing protein	no	group_2732	en_familia	42	1.0000	core	core	no	no	no
bin_1_54	bin-1-54	bin_1_54_03505	cds	contig_42	54034	0.3941	43811	44140	+	9894	109		Ferredoxin	no	group_765	en_familia	15	0.3571	shell	shell	si	no	no
bin_1_54	bin-1-54	bin_1_54_03506	cds	contig_42	54034	0.3941	44352	44663	+	9371	103		hypothetical protein	no	group_5278	en_familia	41	0.9762	core	core	no	no	no
bin_1_54	bin-1-54	bin_1_54_03507	cds	contig_42	54034	0.3941	45054	45725	-	8309	223		Aspartate racemase	no	group_3680	en_familia	42	1.0000	core	core	no	no	no
bin_1_54	bin-1-54	bin_1_54_03508	cds	contig_42	54034	0.3941	46314	48884	-	5150	856	helY	Helicase HelY	no	helY	en_familia	42	1.0000	core	core	no	no	no
bin_1_54	bin-1-54	bin_1_54_03509	cds	contig_42	54034	0.3941	49443	50402	+	3632	319		Sensor domain-containing diguanylate cyclase	no	dosC	en_familia	42	1.0000	core	core	no	no	no
bin_1_54	bin-1-54	bin_1_54_03510	cds	contig_42	54034	0.3941	50680	50859	-	3175	59		Transposase	no	group_3299	en_familia	42	1.0000	core	core	no	no	no
bin_1_54	bin-1-54	bin_1_54_03511	cds	contig_42	54034	0.3941	50860	51621	-	2413	253		Stage II sporulation protein SA	no	group_13280	en_familia	42	1.0000	core	core	no	no	no
bin_1_54	bin-1-54	bin_1_54_03512	cds	contig_42	54034	0.3941	51871	52956	+	1078	361		Metallo-beta-lactamase domain-containing protein	no	group_3298	en_familia	42	1.0000	core	core	no	no	no
bin_1_54	bin-1-54	bin_1_54_03513	cds	contig_43	78030	0.4146	181	1062	-	180	293	rssA	PNPLA domain-containing protein	no	rssA	en_familia	42	1.0000	core	core	no	no	no
bin_1_54	bin-1-54	bin_1_54_03514	cds	contig_43	78030	0.4146	1148	2173	-	1147	341	splB	spore photoproduct lyase	no	splB	en_familia	42	1.0000	core	core	no	no	no
bin_1_54	bin-1-54	bin_1_54_03515	cds	contig_43	78030	0.4146	2311	2496	+	2310	61		hypothetical protein	no	group_692	en_familia	42	1.0000	core	core	no	no	no
bin_1_54	bin-1-54	bin_1_54_03516	cds	contig_43	78030	0.4146	2649	5219	-	2648	856	nrdA	vitamin B12-dependent ribonucleotide reductase	no	nrdA	en_familia	42	1.0000	core	core	no	no	no
bin_1_54	bin-1-54	bin_1_54_03517	cds	contig_43	78030	0.4146	5607	6443	-	5606	278	lplA	Octanoyltransferase LipM	no	group_10137	en_familia	42	1.0000	core	core	no	no	no
bin_1_54	bin-1-54	bin_1_54_03518	cds	contig_43	78030	0.4146	6645	7028	+	6644	127	pspE	Rhodanese domain-containing protein	no	pspE	en_familia	42	1.0000	core	core	no	no	no
bin_1_54	bin-1-54	bin_1_54_03519	cds	contig_43	78030	0.4146	7167	8624	-	7166	485	gcvPB	aminomethyl-transferring glycine dehydrogenase subunit GcvPB	no	group_2204	en_familia	42	1.0000	core	core	no	no	no
bin_1_54	bin-1-54	bin_1_54_03520	cds	contig_43	78030	0.4146	8617	9963	-	8616	448	gcvPA	aminomethyl-transferring glycine dehydrogenase subunit GcvPA	no	group_1104	en_familia	42	1.0000	core	core	no	no	no
bin_1_54	bin-1-54	bin_1_54_03521	cds	contig_43	78030	0.4146	9981	11087	-	9980	368	gcvT	glycine cleavage system aminomethyltransferase GcvT	no	group_6334	en_familia	42	1.0000	core	core	no	no	no
bin_1_54	bin-1-54	bin_1_54_03522	cds	contig_43	78030	0.4146	11250	11486	-	11249	78		Secreted protein	no	group_12805	en_familia	39	0.9286	shell	core	si	no	no
bin_1_54	bin-1-54	bin_1_54_03523	cds	contig_43	78030	0.4146	11780	13468	+	11779	562	hepA	RNA polymerase-associated protein RapA	no	group_1054	en_familia	42	1.0000	core	core	no	no	no
bin_1_54	bin-1-54	bin_1_54_03524	cds	contig_43	78030	0.4146	13446	14243	+	13445	265	yqhG	YqhG	no	yqhG	en_familia	42	1.0000	core	core	no	no	no
bin_1_54	bin-1-54	bin_1_54_03525	cds	contig_43	78030	0.4146	14566	14922	-	14565	118	comG	Competence protein ComG	no	comG	en_familia	42	1.0000	core	core	no	no	no
bin_1_54	bin-1-54	bin_1_54_03526	cds	contig_43	78030	0.4146	14945	15388	-	14944	147	comGF	competence type IV pilus minor pilin ComGF	no	comGF	en_familia	42	1.0000	core	core	no	no	no
bin_1_54	bin-1-54	bin_1_54_03527	cds	contig_43	78030	0.4146	15372	15710	-	15371	112		Type II secretion system protein	no	group_5998	en_familia	42	1.0000	core	core	no	no	no
bin_1_54	bin-1-54	bin_1_54_03528	cds	contig_43	78030	0.4146	15697	16140	-	15696	147	comGD	competence type IV pilus minor pilin ComGD	no	comGD	en_familia	42	1.0000	core	core	no	no	no
bin_1_54	bin-1-54	bin_1_54_03529	cds	contig_43	78030	0.4146	16148	17587	-	16147	479	comGB	competence type IV pilus assembly protein ComGB	no	comGC~~~comGB	en_familia	42	1.0000	core	core	no	no	no
bin_1_54	bin-1-54	bin_1_54_03530	cds	contig_43	78030	0.4146	17553	18629	-	17552	358	comGA	competence type IV pilus ATPase ComGA	no	comGA	en_familia	42	1.0000	core	core	no	no	no
bin_1_54	bin-1-54	bin_1_54_03531	cds	contig_43	78030	0.4146	18734	19114	-	18733	126	mgsR	Regulatory protein MgsR	no	mgsR	en_familia	42	1.0000	core	core	no	no	no
bin_1_54	bin-1-54	bin_1_54_03532	cds	contig_43	78030	0.4146	19330	20031	+	19329	233		HTH arsR-type domain-containing protein	no	group_14110	en_familia	42	1.0000	core	core	no	no	no
bin_1_54	bin-1-54	bin_1_54_03533	cds	contig_43	78030	0.4146	20117	20359	+	20116	80		DUF2626 domain-containing protein	no	group_7869	en_familia	42	1.0000	core	core	no	no	no
bin_1_54	bin-1-54	bin_1_54_03534	cds	contig_43	78030	0.4146	20412	21533	-	20411	373		SAM-dependent methyltransferase	no	group_2377	en_familia	42	1.0000	core	core	no	no	no
bin_1_54	bin-1-54	bin_1_54_03535	cds	contig_43	78030	0.4146	21821	22447	-	21820	208	gloB	Metallo-beta-lactamase domain-containing protein	no	gloB	en_familia	42	1.0000	core	core	no	no	no
bin_1_54	bin-1-54	bin_1_54_03536	cds	contig_43	78030	0.4146	22681	22854	+	22680	57		DUF2759 domain-containing protein	no	group_2376	en_familia	42	1.0000	core	core	no	no	no
bin_1_54	bin-1-54	bin_1_54_03537	cds	contig_43	78030	0.4146	22896	24068	-	22895	390		YqgU-like 6-bladed beta-propeller domain-containing protein	no	group_14269	en_familia	42	1.0000	core	core	no	no	no
bin_1_54	bin-1-54	bin_1_54_03538	cds	contig_43	78030	0.4146	24242	25408	-	24241	388		Gamma-D-glutamyl-L-diamino acid endopeptidase 1	no	group_3706	en_familia	42	1.0000	core	core	no	no	no
bin_1_54	bin-1-54	bin_1_54_03539	cds	contig_43	78030	0.4146	26172	28025	-	26171	617		Sulfatase N-terminal domain-containing protein	no	group_3120	en_familia	42	1.0000	core	core	no	no	no
bin_1_54	bin-1-54	bin_1_54_03540	cds	contig_43	78030	0.4146	28176	29144	-	28175	322	nagC	Glucokinase	no	group_12762	en_familia	42	1.0000	core	core	no	no	no
bin_1_54	bin-1-54	bin_1_54_03541	cds	contig_43	78030	0.4146	29150	29371	-	29149	73	yqgQ	Cytosolic protein	no	yqgQ	en_familia	42	1.0000	core	core	no	no	no
bin_1_54	bin-1-54	bin_1_54_03542	cds	contig_43	78030	0.4146	29355	29471	-	29354	38		hypothetical protein	no	group_14139	en_familia	42	1.0000	core	core	no	no	no
bin_1_54	bin-1-54	bin_1_54_03543	cds	contig_43	78030	0.4146	29585	30442	+	29584	285		DUF3887 domain-containing protein	no	group_12879	en_familia	42	1.0000	core	core	no	no	no
bin_1_54	bin-1-54	bin_1_54_03544	cds	contig_43	78030	0.4146	30437	31975	-	30436	512		Peptidase S54 rhomboid domain-containing protein	no	group_2938	en_familia	42	1.0000	core	core	no	no	no
bin_1_54	bin-1-54	bin_1_54_03545	cds	contig_43	78030	0.4146	32143	32331	-	32142	62		Na+/H+ antiporter	no	group_9716	en_familia	42	1.0000	core	core	no	no	no
bin_1_54	bin-1-54	bin_1_54_03546	cds	contig_43	78030	0.4146	32408	32980	-	32407	190		5-formyltetrahydrofolate cyclo-ligase	no	group_2939	en_familia	42	1.0000	core	core	no	no	no
bin_1_54	bin-1-54	bin_1_54_03547	cds	contig_43	78030	0.4146	33163	33312	-	33162	49	rpmG	50S ribosomal protein L33	no	group_10750	en_familia	42	1.0000	core	core	no	no	no
bin_1_54	bin-1-54	bin_1_54_03548	cds	contig_43	78030	0.4146	33430	34038	-	33429	202		hypothetical protein	no	group_12807	en_familia	42	1.0000	core	core	no	no	no
bin_1_54	bin-1-54	bin_1_54_03549	cds	contig_43	78030	0.4146	34463	34843	+	34462	126		Resolvase HTH domain-containing protein	no	yqzD	en_familia	40	0.9524	core	core	no	no	no
bin_1_54	bin-1-54	bin_1_54_03550	cds	contig_43	78030	0.4146	34840	35298	+	34839	152	mltG	Endolytic transglycosylase MltG	no	mltG	en_familia	42	1.0000	core	core	no	no	no
bin_1_54	bin-1-54	bin_1_54_03551	cds	contig_43	78030	0.4146	35367	36020	-	35366	217	phoU	phosphate signaling complex protein PhoU	no	phoU	en_familia	42	1.0000	core	core	no	no	no
bin_1_54	bin-1-54	bin_1_54_03552	cds	contig_43	78030	0.4146	36040	36867	-	36039	275	pstB	phosphate ABC transporter ATP-binding protein PstB	no	pstB	en_familia	42	1.0000	core	core	no	no	no
bin_1_54	bin-1-54	bin_1_54_03553	cds	contig_43	78030	0.4146	36883	37761	-	36882	292	pstA	phosphate ABC transporter permease PstA	no	pstA	en_familia	42	1.0000	core	core	no	no	no
bin_1_54	bin-1-54	bin_1_54_03554	cds	contig_43	78030	0.4146	37765	38703	-	37764	312	pstC	phosphate ABC transporter permease subunit PstC	no	pstC	en_familia	42	1.0000	core	core	no	no	no
bin_1_54	bin-1-54	bin_1_54_03555	cds	contig_43	78030	0.4146	38803	39768	-	38262	321	pstS	Phosphate-binding protein	no	pstS	en_familia	42	1.0000	core	core	no	no	no
bin_1_54	bin-1-54	bin_1_54_03556	cds	contig_43	78030	0.4146	39979	42147	-	35883	722	ftsI	serine-type D-Ala-D-Ala carboxypeptidase	no	ftsI	en_familia	42	1.0000	core	core	no	no	no
bin_1_54	bin-1-54	bin_1_54_03557	cds	contig_43	78030	0.4146	42341	43561	-	34469	406		Major facilitator superfamily (MFS) profile domain-containing protein	no	group_4327	en_familia	42	1.0000	core	core	no	no	no
bin_1_54	bin-1-54	bin_1_54_03558	cds	contig_43	78030	0.4146	44442	44591	+	33439	49		hypothetical protein	no	group_14401	en_familia	3	0.0714	cloud	cloud	si	si	no
bin_1_54	bin-1-54	bin_1_54_03559	cds	contig_43	78030	0.4146	44726	45439	-	32591	237	sodA	Superoxide dismutase	no	sodA	en_familia	42	1.0000	core	core	no	no	no
bin_1_54	bin-1-54	bin_1_54_03560	cds	contig_43	78030	0.4146	45478	45963	-	32067	161	yqgC	DUF456 domain-containing protein	no	yqgC	en_familia	42	1.0000	core	core	no	no	no
bin_1_54	bin-1-54	bin_1_54_03561	cds	contig_43	78030	0.4146	46126	46893	+	31137	255		DUF1189 domain-containing protein	no	group_14419	en_familia	42	1.0000	core	core	no	no	no
bin_1_54	bin-1-54	bin_1_54_03562	cds	contig_43	78030	0.4146	47321	47653	+	30377	110	lysM	LysM domain-containing protein	no	group_10963	en_familia	42	1.0000	core	core	no	no	no
bin_1_54	bin-1-54	bin_1_54_03563	cds	contig_43	78030	0.4146	47857	48978	+	29052	373	ispG	flavodoxin-dependent (E)-4-hydroxy-3-methylbut-2-enyl-diphosphate synthase	no	ispG	en_familia	42	1.0000	core	core	no	no	no
bin_1_54	bin-1-54	bin_1_54_03564	cds	contig_43	78030	0.4146	49072	49542	-	28488	156		DUF4190 domain-containing protein	no	group_1583	en_familia	42	1.0000	core	core	no	no	no
bin_1_54	bin-1-54	bin_1_54_03565	cds	contig_43	78030	0.4146	49711	50295	+	27735	194		Nucleotidase	no	group_13917	en_familia	42	1.0000	core	core	no	no	no
bin_1_54	bin-1-54	bin_1_54_03566	cds	contig_43	78030	0.4146	50331	50687	-	27343	118	fur	Transcriptional regulator	no	fur	en_familia	42	1.0000	core	core	no	no	no
bin_1_54	bin-1-54	bin_1_54_03567	cds	contig_43	78030	0.4146	50772	51605	-	26425	277	znuB	High-affinity zinc uptake system membrane protein ZnuB	no	group_10155	en_familia	42	1.0000	core	core	no	no	no
bin_1_54	bin-1-54	bin_1_54_03568	cds	contig_43	78030	0.4146	51627	52391	-	25639	254	znuC	High-affinity zinc uptake system ATP-binding protein ZnuC	no	group_11055	en_familia	42	1.0000	core	core	no	no	no
bin_1_54	bin-1-54	bin_1_54_03569	cds	contig_43	78030	0.4146	52603	52863	+	25167	86	yqfT	DUF2624 domain-containing protein	no	yqfT	en_familia	42	1.0000	core	core	no	no	no
bin_1_54	bin-1-54	bin_1_54_03570	cds	contig_43	78030	0.4146	52973	53866	-	24164	297	nfo	deoxyribonuclease IV	no	nfo	en_familia	42	1.0000	core	core	no	no	no
bin_1_54	bin-1-54	bin_1_54_03571	cds	contig_43	78030	0.4146	53879	55192	-	22838	437	srmB	DEAD-box ATP-dependent RNA helicase CshB	no	group_14200	en_familia	42	1.0000	core	core	no	no	no
bin_1_54	bin-1-54	bin_1_54_03572	cds	contig_43	78030	0.4146	55715	56401	+	21629	228		Tubulin	no	group_1325	en_familia	42	1.0000	core	core	no	no	no
bin_1_54	bin-1-54	bin_1_54_03573	cds	contig_43	78030	0.4146	56528	57472	+	20558	314		4-hydroxy-3-methylbut-2-enyl diphosphate reductase	no	group_8933	en_familia	42	1.0000	core	core	no	no	no
bin_1_54	bin-1-54	bin_1_54_03574	cds	contig_43	78030	0.4146	57520	58638	-	19392	372	yqfO	Nif3-like dinuclear metal center hexameric protein	no	yqfO	en_familia	42	1.0000	core	core	no	no	no
bin_1_54	bin-1-54	bin_1_54_03575	cds	contig_43	78030	0.4146	58635	59342	-	18688	235		tRNA (Adenine(22)-N(1))-methyltransferase	no	trmK	en_familia	42	1.0000	core	core	no	no	no
bin_1_54	bin-1-54	bin_1_54_03576	cds	contig_43	78030	0.4146	59560	59928	-	18102	122	cccA	cytochrome c550	no	group_14420	en_familia	42	1.0000	core	core	no	no	no
bin_1_54	bin-1-54	bin_1_54_03577	cds	contig_43	78030	0.4146	60164	60697	-	17333	177		DUF2157 domain-containing protein	no	group_1570	en_familia	42	1.0000	core	core	no	no	no
bin_1_54	bin-1-54	bin_1_54_03578	cds	contig_43	78030	0.4146	60870	62003	-	16027	377	rpoD	RNA polymerase sigma factor RpoD	no	rpoD	en_familia	42	1.0000	core	core	no	no	no
bin_1_54	bin-1-54	bin_1_54_03579	cds	contig_43	78030	0.4146	62039	63847	-	14183	602	dnaG	DNA primase	no	dnaG	en_familia	42	1.0000	core	core	no	no	no
bin_1_54	bin-1-54	bin_1_54_03580	cds	contig_43	78030	0.4146	63896	64378	-	13652	160	yaiI	YaiI/YqxD family protein	no	yaiI	en_familia	42	1.0000	core	core	no	no	no
bin_1_54	bin-1-54	bin_1_54_03581	cds	contig_43	78030	0.4146	64864	65685	-	12345	273	ppsR	Putative pyruvate, phosphate dikinase regulatory protein	no	ppsR	en_familia	42	1.0000	core	core	no	no	no
bin_1_54	bin-1-54	bin_1_54_03582	cds	contig_43	78030	0.4146	65702	66337	-	11693	211		Transcriptional regulator	no	group_12481	en_familia	42	1.0000	core	core	no	no	no
bin_1_54	bin-1-54	bin_1_54_03583	cds	contig_43	78030	0.4146	66502	68571	-	9459	689		Glycine--tRNA ligase beta subunit	no	glyS	en_familia	42	1.0000	core	core	no	no	no
bin_1_54	bin-1-54	bin_1_54_03584	cds	contig_43	78030	0.4146	68558	69454	-	8576	298	glyQ	glycine--tRNA ligase subunit alpha	no	glyQ	en_familia	42	1.0000	core	core	no	no	no
bin_1_54	bin-1-54	bin_1_54_03585	cds	contig_43	78030	0.4146	69787	70539	-	7491	250	recO	DNA repair protein RecO	no	recO	en_familia	42	1.0000	core	core	no	no	no
bin_1_54	bin-1-54	bin_1_54_03586	cds	contig_43	78030	0.4146	70573	70716	-	7314	47	yqzL	YqzL family protein	no	group_10906	en_familia	42	1.0000	core	core	no	no	no
bin_1_54	bin-1-54	bin_1_54_03587	cds	contig_43	78030	0.4146	70815	71744	-	6286	309	era	GTPase Era	no	era	en_familia	42	1.0000	core	core	no	no	no
bin_1_54	bin-1-54	bin_1_54_03588	cds	contig_43	78030	0.4146	71737	72165	-	5865	142	cdd	cytidine deaminase	no	cdd	en_familia	42	1.0000	core	core	no	no	no
bin_1_54	bin-1-54	bin_1_54_03589	cds	contig_43	78030	0.4146	72175	72552	-	5478	125	dgkA	Diacylglycerol kinase	no	dgkA	en_familia	42	1.0000	core	core	no	no	no
bin_1_54	bin-1-54	bin_1_54_03590	cds	contig_43	78030	0.4146	72530	73006	-	5024	158	ybeY	rRNA maturation RNase YbeY	no	ybeY	en_familia	42	1.0000	core	core	no	no	no
bin_1_54	bin-1-54	bin_1_54_03591	cds	contig_43	78030	0.4146	73003	75168	-	2862	721	pgpH	HD domain-containing protein	no	pgpH	en_familia	42	1.0000	core	core	no	no	no
bin_1_54	bin-1-54	bin_1_54_03592	cds	contig_43	78030	0.4146	75358	76320	-	1710	320	phoH	PhoH-like protein	no	phoH	en_familia	42	1.0000	core	core	no	no	no
bin_1_54	bin-1-54	bin_1_54_03593	cds	contig_43	78030	0.4146	76324	77511	-	519	395	yqfD	sporulation protein YqfD	no	yqfD	en_familia	42	1.0000	core	core	no	no	no
bin_1_54	bin-1-54	bin_1_54_03594	cds	contig_43	78030	0.4146	77527	77811	-	219	94	yqfC	sporulation protein YqfC	no	yqfC	en_familia	42	1.0000	core	core	no	no	no
bin_1_54	bin-1-54	bin_1_54_03595	cds	contig_44	34269	0.4183	299	445	-	298	48		hypothetical protein	no	group_14180	en_familia	42	1.0000	core	core	no	no	no
bin_1_54	bin-1-54	bin_1_54_03596	cds	contig_44	34269	0.4183	438	602	-	437	54		Transcriptional regulator	no	group_14453	en_familia	42	1.0000	core	core	no	no	no
bin_1_54	bin-1-54	bin_1_54_03597	cds	contig_44	34269	0.4183	725	1060	+	724	111		DUF3905 domain-containing protein	no	group_1822	en_familia	42	1.0000	core	core	no	no	no
bin_1_54	bin-1-54	bin_1_54_03598	cds	contig_44	34269	0.4183	1130	2107	-	1129	325		Quinone oxidoreductase 1	no	group_8575	en_familia	42	1.0000	core	core	no	no	no
bin_1_54	bin-1-54	bin_1_54_03599	cds	contig_44	34269	0.4183	2124	2903	-	2123	259	caiD	1,2-epoxyphenylacetyl-CoA isomerase	no	caiD	en_familia	42	1.0000	core	core	no	no	no
bin_1_54	bin-1-54	bin_1_54_03600	cds	contig_44	34269	0.4183	2921	3700	-	2920	259	fabG	3-oxoacyl-[acyl-carrier-protein] reductase FabG	no	group_6420	en_familia	42	1.0000	core	core	no	no	no
bin_1_54	bin-1-54	bin_1_54_03601	cds	contig_44	34269	0.4183	3730	4488	-	3729	252		putative 2-phosphosulfolactate phosphatase	no	group_1703	en_familia	42	1.0000	core	core	no	no	no
bin_1_54	bin-1-54	bin_1_54_03602	cds	contig_44	34269	0.4183	4493	5554	-	4492	353		Aminoglycoside phosphotransferase	no	group_4044	en_familia	42	1.0000	core	core	no	no	no
bin_1_54	bin-1-54	bin_1_54_03603	cds	contig_44	34269	0.4183	5584	5985	-	5583	133	fadM	Long-chain acyl-CoA thioesterase FadM	no	fadM	en_familia	42	1.0000	core	core	no	no	no
bin_1_54	bin-1-54	bin_1_54_03604	cds	contig_44	34269	0.4183	6001	6780	-	6000	259		Short-chain-enoyl-CoA hydratase	no	group_4043	en_familia	42	1.0000	core	core	no	no	no
bin_1_54	bin-1-54	bin_1_54_03605	cds	contig_44	34269	0.4183	6780	7664	-	6779	294		3-hydroxybutyryl-CoA dehydrogenase	no	group_4042	en_familia	42	1.0000	core	core	no	no	no
bin_1_54	bin-1-54	bin_1_54_03606	cds	contig_44	34269	0.4183	7708	8271	-	7707	187	kstR2	HTH-type transcriptional repressor KstR2	no	kstR2	en_familia	42	1.0000	core	core	no	no	no
bin_1_54	bin-1-54	bin_1_54_03607	cds	contig_44	34269	0.4183	8344	9957	-	8343	537		Long-chain-fatty-acid--CoA ligase	no	group_4041	en_familia	42	1.0000	core	core	no	no	no
bin_1_54	bin-1-54	bin_1_54_03608	cds	contig_44	34269	0.4183	9992	10765	-	9991	257	fabG	Gluconate 5-dehydrogenase	no	fabG	en_familia	42	1.0000	core	core	no	no	no
bin_1_54	bin-1-54	bin_1_54_03609	cds	contig_44	34269	0.4183	10762	11991	-	10761	409	caiA	(R)-benzylsuccinyl-CoA dehydrogenase	no	group_4427	en_familia	42	1.0000	core	core	no	no	no
bin_1_54	bin-1-54	bin_1_54_03610	cds	contig_44	34269	0.4183	12097	13419	-	12096	440		histidine kinase	no	group_1255	en_familia	42	1.0000	core	core	no	no	no
bin_1_54	bin-1-54	bin_1_54_03611	cds	contig_44	34269	0.4183	13606	14958	-	13605	450	trkG	Ktr system potassium uptake protein D	no	trkG	en_familia	42	1.0000	core	core	no	no	no
bin_1_54	bin-1-54	bin_1_54_03612	cds	contig_44	34269	0.4183	15191	15382	+	15190	63	sspA	Small acid-soluble spore protein	no	group_9644	en_familia	42	1.0000	core	core	no	no	no
bin_1_54	bin-1-54	bin_1_54_03613	cds	contig_44	34269	0.4183	15434	16714	-	15433	426	rsgI	SigI regulator RsgI	no	rsgI	en_familia	42	1.0000	core	core	no	no	no
bin_1_54	bin-1-54	bin_1_54_03614	cds	contig_44	34269	0.4183	16711	17454	-	16710	247	sigI	RNA polymerase sigma factor SigI	no	sigI	en_familia	42	1.0000	core	core	no	no	no
bin_1_54	bin-1-54	bin_1_54_03615	cds	contig_44	34269	0.4183	17809	18591	-	15678	260	terC	YkoY family integral membrane protein	no	group_10831	en_familia	42	1.0000	core	core	no	no	no
bin_1_54	bin-1-54	bin_1_54_03616	cds	contig_44	34269	0.4183	18851	20410	-	13859	519		Aldehyde dehydrogenase	no	group_13614	en_familia	42	1.0000	core	core	no	no	no
bin_1_54	bin-1-54	bin_1_54_03617	cds	contig_44	34269	0.4183	21146	22339	+	11930	397	ftsW	putative peptidoglycan glycosyltransferase FtsW	no	ftsW	en_familia	42	1.0000	core	core	no	no	no
bin_1_54	bin-1-54	bin_1_54_03618	cds	contig_44	34269	0.4183	22448	23827	-	10442	459	nhaC	Na+/H+ antiporter NhaC	no	nhaC	en_familia	42	1.0000	core	core	no	no	no
bin_1_54	bin-1-54	bin_1_54_03619	cds	contig_44	34269	0.4183	24176	25918	-	8351	580	atzF	allophanate hydrolase	no	atzF	en_familia	2	0.0476	cloud	cloud	si	si	no
bin_1_54	bin-1-54	bin_1_54_03620	cds	contig_44	34269	0.4183	25884	29534	-	4735	1216	uca	urea carboxylase	no	uca	en_familia	2	0.0476	cloud	cloud	si	si	no
bin_1_54	bin-1-54	bin_1_54_03621	cds	contig_44	34269	0.4183	29553	30203	-	4066	216		urea amidolyase associated protein UAAP2	no	group_12383	en_familia	2	0.0476	cloud	cloud	si	si	no
bin_1_54	bin-1-54	bin_1_54_03622	cds	contig_44	34269	0.4183	30203	30943	-	3326	246		Urea carboxylase-associated protein 2	no	group_11402	en_familia	2	0.0476	cloud	cloud	si	si	no
bin_1_54	bin-1-54	bin_1_54_03623	cds	contig_44	34269	0.4183	31196	32563	-	1706	455		Amino acid permease	no	group_2952	en_familia	2	0.0476	cloud	cloud	si	si	no
bin_1_54	bin-1-54	bin_1_54_03624	cds	contig_44	34269	0.4183	33005	33418	+	851	137		Transposase	no	group_12639	en_familia	1	0.0238	cloud	cloud	si	si	no
bin_1_54	bin-1-54	bin_1_54_03625	cds	contig_45	158374	0.4084	279	446	+	278	55		hypothetical protein	no	group_7773	en_familia	2	0.0476	cloud	cloud	si	si	no
bin_1_54	bin-1-54	bin_1_54_03626	cds	contig_45	158374	0.4084	586	1080	-	585	164	copG	CopG family transcriptional regulator	no	group_7761	en_familia	18	0.4286	shell	shell	si	no	no
bin_1_54	bin-1-54	bin_1_54_03627	cds	contig_45	158374	0.4084	1077	1262	-	1076	61		hypothetical protein	no	group_12543	en_familia	31	0.7381	shell	shell	si	no	no
bin_1_54	bin-1-54	bin_1_54_03628	cds	contig_45	158374	0.4084	1850	2761	-	1849	303		DUF4240 domain-containing protein	no	group_7261	en_familia	7	0.1667	shell	shell	si	no	no
bin_1_54	bin-1-54	bin_1_54_03629	cds	contig_45	158374	0.4084	3663	3812	-	3662	49		Alcohol dehydrogenase	no	group_7928	en_familia	41	0.9762	core	core	no	no	no
bin_1_54	bin-1-54	bin_1_54_03630	cds	contig_45	158374	0.4084	4018	5157	-	4017	379		FtsW/RodA/SpoVE family cell cycle protein	no	group_6894	en_familia	40	0.9524	core	core	no	no	no
bin_1_54	bin-1-54	bin_1_54_03631	cds	contig_45	158374	0.4084	5428	6135	-	5427	235		Cytochrome c-type biogenesis protein	no	group_8053	en_familia	32	0.7619	shell	shell	si	no	no
bin_1_54	bin-1-54	bin_1_54_03632	cds	contig_45	158374	0.4084	6304	6744	-	6303	146		Activator of Hsp90 ATPase-like ue 1/2-like C-terminal domain-containing protein	no	group_5419	en_familia	40	0.9524	core	core	no	no	no
bin_1_54	bin-1-54	bin_1_54_03633	cds	contig_45	158374	0.4084	6778	7125	-	6777	115	vOC	VOC domain-containing protein	no	vOC	en_familia	39	0.9286	shell	core	si	no	no
bin_1_54	bin-1-54	bin_1_54_03634	cds	contig_45	158374	0.4084	7344	8933	-	7343	529		5'-nucleotidase family protein	no	group_5712	en_familia	42	1.0000	core	core	no	no	no
bin_1_54	bin-1-54	bin_1_54_03635	cds	contig_45	158374	0.4084	9384	9812	+	9383	142		DUF1796 domain-containing protein	no	group_3958	en_familia	14	0.3333	shell	shell	si	no	no
bin_1_54	bin-1-54	bin_1_54_03636	cds	contig_45	158374	0.4084	10415	10777	+	10414	120	recG	ATP-dependent DNA helicase RecG C-terminal domain-containing protein	no	group_5453	en_familia	42	1.0000	core	core	no	no	no
bin_1_54	bin-1-54	bin_1_54_03637	cds	contig_45	158374	0.4084	10908	11114	-	10907	68		DUF4282 domain-containing protein	no	group_5454	en_familia	40	0.9524	core	core	no	no	no
bin_1_54	bin-1-54	bin_1_54_03638	cds	contig_45	158374	0.4084	11216	11659	-	11215	147	cwlJ	Cell wall hydrolase CwlJ	no	group_5452	en_familia	41	0.9762	core	core	no	no	no
bin_1_54	bin-1-54	bin_1_54_03639	cds	contig_45	158374	0.4084	12041	13222	+	12040	393	yhgE	ABC-2 type transporter transmembrane domain-containing protein	no	group_5561	en_familia	38	0.9048	shell	core	si	no	no
bin_1_54	bin-1-54	bin_1_54_03640	cds	contig_45	158374	0.4084	13269	13799	+	13268	176	padR	Transcription regulator PadR N-terminal domain-containing protein	no	group_3533	en_familia	40	0.9524	core	core	no	no	no
bin_1_54	bin-1-54	bin_1_54_03641	cds	contig_45	158374	0.4084	14081	14575	-	14080	164		DinB-like domain-containing protein	no	group_5562	en_familia	42	1.0000	core	core	no	no	no
bin_1_54	bin-1-54	bin_1_54_03642	cds	contig_45	158374	0.4084	14995	15573	-	14994	192		HTH tetR-type domain-containing protein	no	group_3536	en_familia	40	0.9524	core	core	no	no	no
bin_1_54	bin-1-54	bin_1_54_03643	cds	contig_45	158374	0.4084	15685	17328	-	15684	547		Amidohydrolase 3 domain-containing protein	no	group_4412	en_familia	40	0.9524	core	core	no	no	no
bin_1_54	bin-1-54	bin_1_54_03644	cds	contig_45	158374	0.4084	17372	18739	-	17371	455	puuP	Putrescine importer PuuP	no	group_874	en_familia	40	0.9524	core	core	no	no	no
bin_1_54	bin-1-54	bin_1_54_03645	cds	contig_45	158374	0.4084	18795	19733	-	18794	312	speB	agmatinase	no	group_14295	en_familia	40	0.9524	core	core	no	no	no
bin_1_54	bin-1-54	bin_1_54_03646	cds	contig_45	158374	0.4084	20777	21877	-	20776	366	yndE	Spore germination protein YndE	no	yndE	en_familia	27	0.6429	shell	shell	si	no	no
bin_1_54	bin-1-54	bin_1_54_03647	cds	contig_45	158374	0.4084	22555	22728	-	22554	57		Transposase	no	group_1281	en_familia	5	0.1190	cloud	cloud	si	si	no
bin_1_54	bin-1-54	bin_1_54_03648	cds	contig_45	158374	0.4084	22959	24299	+	22958	446	brnQ	branched-chain amino acid transport system II carrier protein	no	group_4982	en_familia	41	0.9762	core	core	no	no	no
bin_1_54	bin-1-54	bin_1_54_03649	cds	contig_45	158374	0.4084	24861	25397	-	24860	178		DinB-like domain-containing protein	no	group_1999	en_familia	42	1.0000	core	core	no	no	no
bin_1_54	bin-1-54	bin_1_54_03650	cds	contig_45	158374	0.4084	26002	26877	-	26001	291	sdaAA	L-serine ammonia-lyase, iron-sulfur-dependent, subunit alpha	no	group_9631	en_familia	42	1.0000	core	core	no	no	no
bin_1_54	bin-1-54	bin_1_54_03651	cds	contig_45	158374	0.4084	26918	27595	-	26917	225	sdaAB	L-serine ammonia-lyase, iron-sulfur-dependent subunit beta	no	sdaAB	en_familia	42	1.0000	core	core	no	no	no
bin_1_54	bin-1-54	bin_1_54_03652	cds	contig_45	158374	0.4084	27928	32259	-	27927	1443		Endonuclease	no	group_1723	en_familia	42	1.0000	core	core	no	no	no
bin_1_54	bin-1-54	bin_1_54_03653	cds	contig_45	158374	0.4084	32314	35124	-	32313	936	yfkN	Trifunctional nucleotide phosphoesterase protein YfkN	no	yfkN	en_familia	42	1.0000	core	core	no	no	no
bin_1_54	bin-1-54	bin_1_54_03654	cds	contig_45	158374	0.4084	35960	36514	-	35959	184	sutR	HTH-type transcriptional regulator SutR	no	sutR	en_familia	29	0.6905	shell	shell	si	no	no
bin_1_54	bin-1-54	bin_1_54_03655	cds	contig_45	158374	0.4084	36576	37202	+	36575	208		Cysteine/O-acetylserine efflux protein	no	group_4297	en_familia	29	0.6905	shell	shell	si	no	no
bin_1_54	bin-1-54	bin_1_54_03656	cds	contig_45	158374	0.4084	37429	38214	-	37428	261	yddE	Isomerase YddE	no	phzF~~~yddE	en_familia	41	0.9762	core	core	no	no	no
bin_1_54	bin-1-54	bin_1_54_03657	cds	contig_45	158374	0.4084	38517	39953	-	38516	478	spoVID	Spore germination protein YaaH	no	group_6063	en_familia	42	1.0000	core	core	no	no	no
bin_1_54	bin-1-54	bin_1_54_03658	cds	contig_45	158374	0.4084	40108	40452	+	40107	114		hypothetical protein	no	group_5045	en_familia	21	0.5000	shell	shell	si	no	no
bin_1_54	bin-1-54	bin_1_54_03659	cds	contig_45	158374	0.4084	40594	40971	+	40593	125		Beta/gamma crystallin 'Greek key' domain-containing protein	no	group_5748	en_familia	40	0.9524	core	core	no	no	no
bin_1_54	bin-1-54	bin_1_54_03660	cds	contig_45	158374	0.4084	42008	42148	+	42007	46		hypothetical protein	no	group_14008	en_familia	2	0.0476	cloud	cloud	si	si	no
bin_1_54	bin-1-54	bin_1_54_03661	cds	contig_45	158374	0.4084	43002	43751	+	43001	249		putative membrane transporter protein	no	group_6221	en_familia	40	0.9524	core	core	no	no	no
bin_1_54	bin-1-54	bin_1_54_03662	cds	contig_45	158374	0.4084	43840	45444	-	43839	534		ABC transporter permease	no	group_5529	en_familia	36	0.8571	shell	shell	si	no	no
bin_1_54	bin-1-54	bin_1_54_03663	cds	contig_45	158374	0.4084	45444	46361	-	45443	305	natA	ABC transporter ATP-binding protein NatA	no	group_3475	en_familia	36	0.8571	shell	shell	si	no	no
bin_1_54	bin-1-54	bin_1_54_03664	cds	contig_45	158374	0.4084	46515	47102	+	46514	195	kstR2	HTH-type transcriptional repressor KstR2	no	group_5527	en_familia	41	0.9762	core	core	no	no	no
bin_1_54	bin-1-54	bin_1_54_03665	cds	contig_45	158374	0.4084	47176	47874	-	47175	232	yydK	HTH-type transcriptional regulator YydK	no	yydK	en_familia	42	1.0000	core	core	no	no	no
bin_1_54	bin-1-54	bin_1_54_03666	cds	contig_45	158374	0.4084	49102	49554	+	49101	150		Spermine/spermidine acetyltransferase	no	group_1749	en_familia	26	0.6190	shell	shell	si	no	no
bin_1_54	bin-1-54	bin_1_54_03667	cds	contig_45	158374	0.4084	49650	50666	-	49649	338	ybhR	Inner membrane transport permease YbhR	no	ybhR	en_familia	42	1.0000	core	core	no	no	no
bin_1_54	bin-1-54	bin_1_54_03668	cds	contig_45	158374	0.4084	50663	51388	-	50662	241		Glycosyl transferase family 2	no	group_234	en_familia	42	1.0000	core	core	no	no	no
bin_1_54	bin-1-54	bin_1_54_03669	cds	contig_45	158374	0.4084	51507	52106	+	51506	199		HTH tetR-type domain-containing protein	no	group_4016	en_familia	42	1.0000	core	core	no	no	no
bin_1_54	bin-1-54	bin_1_54_03670	cds	contig_45	158374	0.4084	52147	53406	-	52146	419		Major facilitator transporter	no	group_3218	en_familia	30	0.7143	shell	shell	si	no	no
bin_1_54	bin-1-54	bin_1_54_03671	cds	contig_45	158374	0.4084	53753	53944	-	53752	63		PH domain-containing protein	no	group_13037	en_familia	42	1.0000	core	core	no	no	no
bin_1_54	bin-1-54	bin_1_54_03672	cds	contig_45	158374	0.4084	54564	55895	+	54563	443		Ktr system potassium uptake protein B	no	group_2311	en_familia	42	1.0000	core	core	no	no	no
bin_1_54	bin-1-54	bin_1_54_03673	cds	contig_45	158374	0.4084	55919	56575	+	55918	218	trkA	Ktr system potassium uptake protein A	no	group_12269	en_familia	42	1.0000	core	core	no	no	no
bin_1_54	bin-1-54	bin_1_54_03674	cds	contig_45	158374	0.4084	56697	57530	-	56696	277	rsbT	RsbT co-antagonist protein RsbRC	no	group_2312	en_familia	42	1.0000	core	core	no	no	no
bin_1_54	bin-1-54	bin_1_54_03675	cds	contig_45	158374	0.4084	57890	58609	-	57889	239		Methyltransferase type 11	no	group_5118	en_familia	42	1.0000	core	core	no	no	no
bin_1_54	bin-1-54	bin_1_54_03676	cds	contig_45	158374	0.4084	58934	59557	-	58933	207		Class I SAM-dependent methyltransferase	no	group_2783	en_familia	37	0.8810	shell	shell	si	no	no
bin_1_54	bin-1-54	bin_1_54_03677	cds	contig_45	158374	0.4084	59782	60111	+	59781	109	padR	Transcription regulator PadR N-terminal domain-containing protein	no	group_3765	en_familia	37	0.8810	shell	shell	si	no	no
bin_1_54	bin-1-54	bin_1_54_03678	cds	contig_45	158374	0.4084	60128	60847	+	60127	239	mfpA	Pentapeptide repeat protein MfpA	no	mfpA	en_familia	38	0.9048	shell	core	si	no	no
bin_1_54	bin-1-54	bin_1_54_03679	cds	contig_45	158374	0.4084	60973	61863	-	60972	296	yddE	Isomerase YddE	no	yddE~~~phzF	en_familia	42	1.0000	core	core	no	no	no
bin_1_54	bin-1-54	bin_1_54_03680	cds	contig_45	158374	0.4084	62133	63104	-	62132	323	galE	UDP-glucose 4-epimerase GalE	no	galE	en_familia	42	1.0000	core	core	no	no	no
bin_1_54	bin-1-54	bin_1_54_03681	cds	contig_45	158374	0.4084	63198	66800	-	63197	1200		Teichoic acid poly(Glycerol phosphate) polymerase	no	group_1976	en_familia	42	1.0000	core	core	no	no	no
bin_1_54	bin-1-54	bin_1_54_03682	cds	contig_45	158374	0.4084	66938	67825	-	66937	295	galU	UTP--glucose-1-phosphate uridylyltransferase GalU	no	group_9487	en_familia	42	1.0000	core	core	no	no	no
bin_1_54	bin-1-54	bin_1_54_03683	cds	contig_45	158374	0.4084	68229	68870	-	68228	213		NAD(P)-binding domain-containing protein	no	group_1975	en_familia	42	1.0000	core	core	no	no	no
bin_1_54	bin-1-54	bin_1_54_03684	cds	contig_45	158374	0.4084	69198	69608	-	69197	136		putative disulfide formation protein	no	group_4972	en_familia	42	1.0000	core	core	no	no	no
bin_1_54	bin-1-54	bin_1_54_03685	cds	contig_45	158374	0.4084	69611	70303	-	69610	230	bdbD	Thiol-disulfide oxidoreductase BdbD	no	bdbD	en_familia	42	1.0000	core	core	no	no	no
bin_1_54	bin-1-54	bin_1_54_03686	cds	contig_45	158374	0.4084	70617	71051	+	70616	144	iscR	DNA-binding transcriptional regulator, IscR family	no	group_13710	en_familia	42	1.0000	core	core	no	no	no
bin_1_54	bin-1-54	bin_1_54_03687	cds	contig_45	158374	0.4084	71097	74192	-	71096	1031		TIGR04211 family SH3 domain-containing protein	no	group_3480	en_familia	42	1.0000	core	core	no	no	no
bin_1_54	bin-1-54	bin_1_54_03688	cds	contig_45	158374	0.4084	74777	75382	+	74776	201		Serine/threonine protein kinase	no	group_5172	en_familia	42	1.0000	core	core	no	no	no
bin_1_54	bin-1-54	bin_1_54_03689	cds	contig_45	158374	0.4084	75416	75859	+	75415	147		Lipoprotein	no	group_2404	en_familia	42	1.0000	core	core	no	no	no
bin_1_54	bin-1-54	bin_1_54_03690	cds	contig_45	158374	0.4084	75985	76407	+	75984	140		Activator of Hsp90 ATPase-like ue 1/2-like C-terminal domain-containing protein	no	group_286	en_familia	42	1.0000	core	core	no	no	no
bin_1_54	bin-1-54	bin_1_54_03691	cds	contig_45	158374	0.4084	76408	76779	+	76407	123	arsR	Metalloregulator ArsR/SmtB family transcription factor	no	group_4054	en_familia	42	1.0000	core	core	no	no	no
bin_1_54	bin-1-54	bin_1_54_03692	cds	contig_45	158374	0.4084	76818	79667	-	76817	949	yhgE	ABC-2 type transporter transmembrane domain-containing protein	no	yhgE	en_familia	42	1.0000	core	core	no	no	no
bin_1_54	bin-1-54	bin_1_54_03693	cds	contig_45	158374	0.4084	79670	80176	-	78198	168	iscR	HTH-type transcriptional regulator IscR	no	group_2809	en_familia	42	1.0000	core	core	no	no	no
bin_1_54	bin-1-54	bin_1_54_03694	cds	contig_45	158374	0.4084	80345	80659	-	77715	104		Thioredoxin family protein	no	group_4326	en_familia	42	1.0000	core	core	no	no	no
bin_1_54	bin-1-54	bin_1_54_03695	cds	contig_45	158374	0.4084	81172	81567	-	76807	131		PhnB-like domain-containing protein	no	group_5597	en_familia	40	0.9524	core	core	no	no	no
bin_1_54	bin-1-54	bin_1_54_03696	cds	contig_45	158374	0.4084	81613	82890	-	75484	425		Glucanase	no	group_5600	en_familia	40	0.9524	core	core	no	no	no
bin_1_54	bin-1-54	bin_1_54_03697	cds	contig_45	158374	0.4084	83016	83216	+	75158	66		Nucleic acid-binding protein	no	group_7127	en_familia	16	0.3810	shell	shell	si	no	no
bin_1_54	bin-1-54	bin_1_54_03698	cds	contig_45	158374	0.4084	83358	84044	-	74330	228		Glyoxalase/bleomycin resistance protein/dioxygenase	no	group_11787	en_familia	39	0.9286	shell	core	si	no	no
bin_1_54	bin-1-54	bin_1_54_03699	cds	contig_45	158374	0.4084	84218	84865	-	73509	215		Pentapeptide repeat-containing protein	no	group_6529	en_familia	42	1.0000	core	core	no	no	no
bin_1_54	bin-1-54	bin_1_54_03700	cds	contig_45	158374	0.4084	85081	85563	-	72811	160		DUF4306 domain-containing protein	no	group_11074	en_familia	42	1.0000	core	core	no	no	no
bin_1_54	bin-1-54	bin_1_54_03701	cds	contig_45	158374	0.4084	85699	86343	+	72031	214		DUF637 domain-containing protein	no	group_5805	en_familia	42	1.0000	core	core	no	no	no
bin_1_54	bin-1-54	bin_1_54_03702	cds	contig_45	158374	0.4084	86563	86964	-	71410	133		Lipoprotein	no	group_4736	en_familia	11	0.2619	shell	shell	si	no	no
bin_1_54	bin-1-54	bin_1_54_03703	cds	contig_45	158374	0.4084	87244	87549	+	70825	101	marR	MarR family transcriptional regulator	no	group_1479	en_familia	42	1.0000	core	core	no	no	no
bin_1_54	bin-1-54	bin_1_54_03704	cds	contig_45	158374	0.4084	87562	88761	+	69613	399		Multidrug MFS transporter	no	group_4735	en_familia	42	1.0000	core	core	no	no	no
bin_1_54	bin-1-54	bin_1_54_03705	cds	contig_45	158374	0.4084	88821	90029	-	68345	402	hlyD	HlyD family secretion protein	no	group_7729	en_familia	42	1.0000	core	core	no	no	no
bin_1_54	bin-1-54	bin_1_54_03706	cds	contig_45	158374	0.4084	90054	90884	-	67490	276		ABC transporter permease	no	group_12518	en_familia	42	1.0000	core	core	no	no	no
bin_1_54	bin-1-54	bin_1_54_03707	cds	contig_45	158374	0.4084	90881	91567	-	66807	228	ytrB	ABC transporter ATP-binding protein YtrB	no	ytrB	en_familia	42	1.0000	core	core	no	no	no
bin_1_54	bin-1-54	bin_1_54_03708	cds	contig_45	158374	0.4084	91564	91944	-	66430	126	ytrA	HTH-type transcriptional repressor YtrA	no	ytrA	en_familia	42	1.0000	core	core	no	no	no
bin_1_54	bin-1-54	bin_1_54_03709	cds	contig_45	158374	0.4084	92136	92891	-	65483	251	cbiO	Cobalt import ATP-binding protein CbiO	no	cbiO	en_familia	42	1.0000	core	core	no	no	no
bin_1_54	bin-1-54	bin_1_54_03710	cds	contig_45	158374	0.4084	93098	93616	-	64758	172		DUF4937 domain-containing protein	no	ydbC	en_familia	37	0.8810	shell	shell	si	no	no
bin_1_54	bin-1-54	bin_1_54_03711	cds	contig_45	158374	0.4084	93597	94136	-	64238	179	grpB	GrpB family protein	no	group_11229	en_familia	41	0.9762	core	core	no	no	no
bin_1_54	bin-1-54	bin_1_54_03712	cds	contig_45	158374	0.4084	94464	95471	+	62903	335	purR	LacI family transcription regulator	no	group_13587	en_familia	35	0.8333	shell	shell	si	no	no
bin_1_54	bin-1-54	bin_1_54_03713	cds	contig_45	158374	0.4084	95546	96055	-	62319	169	grpB	Glutamate-rich protein GrpB	no	group_10349	en_familia	40	0.9524	core	core	no	no	no
bin_1_54	bin-1-54	bin_1_54_03714	cds	contig_45	158374	0.4084	96095	96595	-	61779	166		DUF3238 domain-containing protein	no	group_4878	en_familia	42	1.0000	core	core	no	no	no
bin_1_54	bin-1-54	bin_1_54_03715	cds	contig_45	158374	0.4084	96592	96963	-	61411	123		DUF3784 domain-containing protein	no	group_10350	en_familia	41	0.9762	core	core	no	no	no
bin_1_54	bin-1-54	bin_1_54_03716	cds	contig_45	158374	0.4084	97081	97575	+	60799	164	vanZ	VanZ family protein	no	group_5213	en_familia	38	0.9048	shell	core	si	no	no
bin_1_54	bin-1-54	bin_1_54_03717	cds	contig_45	158374	0.4084	98057	98848	-	59526	263	modA	molybdate ABC transporter substrate-binding protein	no	modA	en_familia	42	1.0000	core	core	no	no	no
bin_1_54	bin-1-54	bin_1_54_03718	cds	contig_45	158374	0.4084	98951	100117	-	58257	388		Processive diacylglycerol beta-glucosyltransferase	no	group_14405	en_familia	42	1.0000	core	core	no	no	no
bin_1_54	bin-1-54	bin_1_54_03719	cds	contig_45	158374	0.4084	100250	100849	-	57525	199	yohD	Inner membrane protein YohD	no	yohD	en_familia	42	1.0000	core	core	no	no	no
bin_1_54	bin-1-54	bin_1_54_03720	cds	contig_45	158374	0.4084	100867	101565	-	56809	232	pdaA	Peptidoglycan-N-acetylmuramic acid deacetylase PdaA	no	group_14442	en_familia	42	1.0000	core	core	no	no	no
bin_1_54	bin-1-54	bin_1_54_03721	cds	contig_45	158374	0.4084	102684	103676	-	54698	330	bioB	biotin synthase BioB	no	bioB	en_familia	42	1.0000	core	core	no	no	no
bin_1_54	bin-1-54	bin_1_54_03722	cds	contig_45	158374	0.4084	104102	104728	+	53646	208		Biotin transporter	no	group_4580	en_familia	42	1.0000	core	core	no	no	no
bin_1_54	bin-1-54	bin_1_54_03723	cds	contig_45	158374	0.4084	104707	105414	+	52960	235	bioD	dethiobiotin synthase	no	bioD	en_familia	42	1.0000	core	core	no	no	no
bin_1_54	bin-1-54	bin_1_54_03724	cds	contig_45	158374	0.4084	105411	106793	+	51581	460	bioA	adenosylmethionine--8-amino-7-oxononanoate transaminase	no	group_4579	en_familia	42	1.0000	core	core	no	no	no
bin_1_54	bin-1-54	bin_1_54_03725	cds	contig_45	158374	0.4084	107636	107908	+	50466	90	secD	Preprotein translocase subunit SecD	no	secD	en_familia	28	0.6667	shell	shell	si	no	no
bin_1_54	bin-1-54	bin_1_54_03726	cds	contig_45	158374	0.4084	107947	108135	+	50239	62	arfA	Ribosome alternative rescue factor ArfA	no	arfA	en_familia	27	0.6429	shell	shell	si	no	no
bin_1_54	bin-1-54	bin_1_54_03727	cds	contig_45	158374	0.4084	108231	108551	+	49823	106		hypothetical protein	no	group_4511	en_familia	15	0.3571	shell	shell	si	no	no
bin_1_54	bin-1-54	bin_1_54_03728	cds	contig_45	158374	0.4084	108830	110323	-	48051	497	pTR2	Di-/tripeptide transporter	no	pTR2	en_familia	42	1.0000	core	core	no	no	no
bin_1_54	bin-1-54	bin_1_54_03729	cds	contig_45	158374	0.4084	110662	110886	+	47488	74		Phage shock protein B	no	group_1037	en_familia	42	1.0000	core	core	no	no	no
bin_1_54	bin-1-54	bin_1_54_03730	cds	contig_45	158374	0.4084	110969	111838	-	46536	289		DUF3298 domain-containing protein	no	group_3188	en_familia	42	1.0000	core	core	no	no	no
bin_1_54	bin-1-54	bin_1_54_03731	cds	contig_45	158374	0.4084	111823	112338	-	46036	171	rpoE	RNA polymerase sigma factor SigV	no	group_12959	en_familia	42	1.0000	core	core	no	no	no
bin_1_54	bin-1-54	bin_1_54_03732	cds	contig_45	158374	0.4084	112524	113930	+	44444	468		NodB-like y domain-containing protein	no	group_3182	en_familia	42	1.0000	core	core	no	no	no
bin_1_54	bin-1-54	bin_1_54_03733	cds	contig_45	158374	0.4084	113914	114006	-	44368	30		hypothetical protein	no	group_3185	en_familia	29	0.6905	shell	shell	si	no	no
bin_1_54	bin-1-54	bin_1_54_03734	cds	contig_45	158374	0.4084	114030	114821	-	43553	263	tACO1	YebC/PmpR family DNA-binding transcriptional regulator	no	tACO1	en_familia	42	1.0000	core	core	no	no	no
bin_1_54	bin-1-54	bin_1_54_03735	cds	contig_45	158374	0.4084	115010	115735	+	42639	241		DUF4261 domain-containing protein	no	group_3184	en_familia	42	1.0000	core	core	no	no	no
bin_1_54	bin-1-54	bin_1_54_03736	cds	contig_45	158374	0.4084	115895	116641	-	41733	248	eutC	ethanolamine ammonia-lyase subunit EutC	no	eutC	en_familia	42	1.0000	core	core	no	no	no
bin_1_54	bin-1-54	bin_1_54_03737	cds	contig_45	158374	0.4084	116653	118017	-	40357	454	eutB	Ethanolamine ammonia-lyase large subunit	no	eutB	en_familia	42	1.0000	core	core	no	no	no
bin_1_54	bin-1-54	bin_1_54_03738	cds	contig_45	158374	0.4084	118036	119442	-	38932	468		Ethanolamine utilization protein	no	group_1240	en_familia	42	1.0000	core	core	no	no	no
bin_1_54	bin-1-54	bin_1_54_03739	cds	contig_45	158374	0.4084	119461	120732	-	37642	423	eutH	ethanolamine utilization protein EutH	no	eutH	en_familia	42	1.0000	core	core	no	no	no
bin_1_54	bin-1-54	bin_1_54_03740	cds	contig_45	158374	0.4084	120877	121461	-	36913	194		Transcriptional regulatory protein pdtaR	no	group_12998	en_familia	42	1.0000	core	core	no	no	no
bin_1_54	bin-1-54	bin_1_54_03741	cds	contig_45	158374	0.4084	121471	122835	-	35539	454		histidine kinase	no	group_1120	en_familia	42	1.0000	core	core	no	no	no
bin_1_54	bin-1-54	bin_1_54_03742	cds	contig_45	158374	0.4084	123233	124684	+	33690	483		C4-dicarboxylate ABC transporter	no	group_2273	en_familia	4	0.0952	cloud	cloud	si	si	no
bin_1_54	bin-1-54	bin_1_54_03743	cds	contig_45	158374	0.4084	124764	125507	-	32867	247		3-ketoacyl-ACP reductase	no	group_3030	en_familia	5	0.1190	cloud	cloud	si	si	no
bin_1_54	bin-1-54	bin_1_54_03744	cds	contig_45	158374	0.4084	125680	125799	+	32575	39		DUF4023 domain-containing protein	no	group_4355	en_familia	42	1.0000	core	core	no	no	no
bin_1_54	bin-1-54	bin_1_54_03745	cds	contig_45	158374	0.4084	125849	126544	-	31830	231		RCK C-terminal domain-containing protein	no	group_795	en_familia	42	1.0000	core	core	no	no	no
bin_1_54	bin-1-54	bin_1_54_03746	cds	contig_45	158374	0.4084	126699	128615	-	29759	638	norD	VWFA domain-containing protein	no	norD	en_familia	42	1.0000	core	core	no	no	no
bin_1_54	bin-1-54	bin_1_54_03747	cds	contig_45	158374	0.4084	128631	129497	-	28877	288	mMP0363	AAA+ ATPase domain-containing protein	no	mMP0363	en_familia	42	1.0000	core	core	no	no	no
bin_1_54	bin-1-54	bin_1_54_03748	cds	contig_45	158374	0.4084	129937	131268	-	27106	443	brnQ	branched-chain amino acid transport system II carrier protein	no	group_3274	en_familia	42	1.0000	core	core	no	no	no
bin_1_54	bin-1-54	bin_1_54_03749	cds	contig_45	158374	0.4084	131628	132194	+	26180	188		Maltose O-acetyltransferase	no	group_1303	en_familia	42	1.0000	core	core	no	no	no
bin_1_54	bin-1-54	bin_1_54_03750	cds	contig_45	158374	0.4084	132237	132881	-	25493	214	yhfK	Sugar epimerase YhfK	no	group_4627	en_familia	40	0.9524	core	core	no	no	no
bin_1_54	bin-1-54	bin_1_54_03751	cds	contig_45	158374	0.4084	133241	133504	+	24870	87		Mor transcription activator domain-containing protein	no	group_2336	en_familia	42	1.0000	core	core	no	no	no
bin_1_54	bin-1-54	bin_1_54_03752	cds	contig_45	158374	0.4084	133648	134283	+	24091	211		Elongation factor G-binding protein	no	group_4516	en_familia	42	1.0000	core	core	no	no	no
bin_1_54	bin-1-54	bin_1_54_03753	cds	contig_45	158374	0.4084	134322	134975	+	23399	217		MEDS domain-containing protein	no	group_1064	en_familia	40	0.9524	core	core	no	no	no
bin_1_54	bin-1-54	bin_1_54_03754	cds	contig_45	158374	0.4084	135088	135270	+	23104	60		hypothetical protein	no	group_12899	en_familia	1	0.0238	cloud	cloud	si	si	no
bin_1_54	bin-1-54	bin_1_54_03755	cds	contig_45	158374	0.4084	135290	136771	-	21603	493	gltD	Glutamate synthase [NADPH] small chain	no	group_1981	en_familia	42	1.0000	core	core	no	no	no
bin_1_54	bin-1-54	bin_1_54_03756	cds	contig_45	158374	0.4084	136788	141338	-	17036	1516	gltB	glutamate synthase large subunit	no	gltB	en_familia	42	1.0000	core	core	no	no	no
bin_1_54	bin-1-54	bin_1_54_03757	cds	contig_45	158374	0.4084	141472	142374	+	16000	300	gltC	HTH-type transcriptional regulator GltC	no	group_9323	en_familia	42	1.0000	core	core	no	no	no
bin_1_54	bin-1-54	bin_1_54_03758	cds	contig_45	158374	0.4084	142507	143001	+	15373	164		Spore coat protein F	no	group_1952	en_familia	42	1.0000	core	core	no	no	no
bin_1_54	bin-1-54	bin_1_54_03759	cds	contig_45	158374	0.4084	143131	143730	+	14644	199		Lipoprotein	no	group_4957	en_familia	42	1.0000	core	core	no	no	no
bin_1_54	bin-1-54	bin_1_54_03760	cds	contig_45	158374	0.4084	143739	143882	+	14492	47		hypothetical protein	no	group_6038	en_familia	2	0.0476	cloud	cloud	si	si	no
bin_1_54	bin-1-54	bin_1_54_03761	cds	contig_45	158374	0.4084	143945	144220	-	14154	91		hypothetical protein	no	group_6037	en_familia	5	0.1190	cloud	cloud	si	si	no
bin_1_54	bin-1-54	bin_1_54_03762	cds	contig_45	158374	0.4084	144204	144851	-	13523	215	cpaB	Flp pilus assembly protein CpaB	no	cpaB~~~hlyD	en_familia	8	0.1905	shell	shell	si	no	no
bin_1_54	bin-1-54	bin_1_54_03763	cds	contig_45	158374	0.4084	144838	145479	-	12895	213	yxlF	ABC transporter ATP-binding protein YxlF	no	group_6692	en_familia	6	0.1429	cloud	cloud	si	si	no
bin_1_54	bin-1-54	bin_1_54_03764	cds	contig_45	158374	0.4084	145492	146214	-	12160	240		ABC transporter permease	no	group_6653	en_familia	6	0.1429	cloud	cloud	si	si	no
bin_1_54	bin-1-54	bin_1_54_03765	cds	contig_45	158374	0.4084	146207	146938	-	11436	243		ABC-2 family transporter protein	no	group_6574	en_familia	6	0.1429	cloud	cloud	si	si	no
bin_1_54	bin-1-54	bin_1_54_03766	cds	contig_45	158374	0.4084	146928	147707	-	10667	259		ABC transporter permease	no	group_6407	en_familia	6	0.1429	cloud	cloud	si	si	no
bin_1_54	bin-1-54	bin_1_54_03767	cds	contig_45	158374	0.4084	147779	148264	-	10110	161		DUF2712 domain-containing protein	no	group_6067	en_familia	8	0.1905	shell	shell	si	no	no
bin_1_54	bin-1-54	bin_1_54_03768	cds	contig_45	158374	0.4084	148639	151806	-	6568	1055		Peptidase S8	no	group_5614	en_familia	41	0.9762	core	core	no	no	no
bin_1_54	bin-1-54	bin_1_54_03769	cds	contig_45	158374	0.4084	152143	154557	-	3817	804	leuS	leucine--tRNA ligase	no	leuS	en_familia	42	1.0000	core	core	no	no	no
bin_1_54	bin-1-54	bin_1_54_03770	cds	contig_45	158374	0.4084	154993	155256	-	3118	87		DUF2524 domain-containing protein	no	group_13872	en_familia	42	1.0000	core	core	no	no	no
bin_1_54	bin-1-54	bin_1_54_03771	cds	contig_45	158374	0.4084	155353	155859	-	2515	168		Knr4/Smi1-like domain-containing protein	no	group_13939	en_familia	42	1.0000	core	core	no	no	no
bin_1_54	bin-1-54	bin_1_54_03772	cds	contig_45	158374	0.4084	156027	156986	+	1388	319	yhcC	TIGR01212 family radical SAM protein	no	yhcC	en_familia	42	1.0000	core	core	no	no	no
bin_1_54	bin-1-54	bin_1_54_03773	cds	contig_45	158374	0.4084	156983	157555	+	819	190		16S rRNA (Cytosine(1402)-N(4))-methyltransferase	no	group_1845	en_familia	42	1.0000	core	core	no	no	no
bin_1_54	bin-1-54	bin_1_54_03774	cds	contig_45	158374	0.4084	157691	158086	+	288	131		hypothetical protein	no	group_6019	en_familia	41	0.9762	core	core	no	no	no
bin_1_54	bin-1-54	bin_1_54_03775	cds	contig_46	156581	0.4026	362	1186	+	361	274	tcyA	L-cystine import ABC transporter L-cystine-binding protein TcyA	no	tcyA	en_familia	42	1.0000	core	core	no	no	no
bin_1_54	bin-1-54	bin_1_54_03776	cds	contig_46	156581	0.4026	1161	1874	+	1160	237	tcyB	L-cystine transport system permease protein TcyB	no	tcyB	en_familia	42	1.0000	core	core	no	no	no
bin_1_54	bin-1-54	bin_1_54_03777	cds	contig_46	156581	0.4026	1904	2641	+	1903	245	tcyC	L-cystine import ATP-binding protein TcyC	no	tcyC	en_familia	42	1.0000	core	core	no	no	no
bin_1_54	bin-1-54	bin_1_54_03778	cds	contig_46	156581	0.4026	2717	3892	-	2716	391		Tetracycline resistance protein, class C	no	group_5148	en_familia	42	1.0000	core	core	no	no	no
bin_1_54	bin-1-54	bin_1_54_03779	cds	contig_46	156581	0.4026	4244	4954	+	4243	236	ompR	Sensory transduction protein regX3	no	ompR	en_familia	42	1.0000	core	core	no	no	no
bin_1_54	bin-1-54	bin_1_54_03780	cds	contig_46	156581	0.4026	4951	6339	+	4950	462		histidine kinase	no	group_4353	en_familia	42	1.0000	core	core	no	no	no
bin_1_54	bin-1-54	bin_1_54_03781	cds	contig_46	156581	0.4026	6399	6752	-	6398	117	yxeA	YxeA family protein	no	yxeA	en_familia	42	1.0000	core	core	no	no	no
bin_1_54	bin-1-54	bin_1_54_03782	cds	contig_46	156581	0.4026	6758	8677	-	6757	639		ABC transporter permease	no	group_4350	en_familia	42	1.0000	core	core	no	no	no
bin_1_54	bin-1-54	bin_1_54_03783	cds	contig_46	156581	0.4026	8664	9431	-	8663	255	lolD	Bacitracin export ATP-binding protein BceA	no	lolD~~~bceA	en_familia	42	1.0000	core	core	no	no	no
bin_1_54	bin-1-54	bin_1_54_03784	cds	contig_46	156581	0.4026	9587	9877	-	9586	96		DUF3817 domain-containing protein	no	group_4352	en_familia	42	1.0000	core	core	no	no	no
bin_1_54	bin-1-54	bin_1_54_03785	cds	contig_46	156581	0.4026	10087	11151	-	10086	354		Peptidase C45 hydrolase domain-containing protein	no	group_5856	en_familia	42	1.0000	core	core	no	no	no
bin_1_54	bin-1-54	bin_1_54_03786	cds	contig_46	156581	0.4026	11310	12698	+	11309	462		Transporter	no	group_7137	en_familia	37	0.8810	shell	shell	si	no	no
bin_1_54	bin-1-54	bin_1_54_03787	cds	contig_46	156581	0.4026	13051	13803	-	13050	250	lgrE	Linear gramicidin dehydrogenase LgrE	no	lgrE	en_familia	42	1.0000	core	core	no	no	no
bin_1_54	bin-1-54	bin_1_54_03788	cds	contig_46	156581	0.4026	13803	16706	-	13802	967		Amino acid adenylation domain-containing protein/thioester reductase domain-containing protein	no	group_6572	en_familia	42	1.0000	core	core	no	no	no
bin_1_54	bin-1-54	bin_1_54_03789	cds	contig_46	156581	0.4026	16703	24382	-	16702	2559		Amino acid adenylation domain-containing protein	no	group_6413	en_familia	42	1.0000	core	core	no	no	no
bin_1_54	bin-1-54	bin_1_54_03790	cds	contig_46	156581	0.4026	24462	29180	-	24461	1572		Linear gramicidin synthase subunit D	no	group_6083	en_familia	42	1.0000	core	core	no	no	no
bin_1_54	bin-1-54	bin_1_54_03791	cds	contig_46	156581	0.4026	29207	29473	-	29206	88		Carrier domain-containing protein	no	group_5120	en_familia	42	1.0000	core	core	no	no	no
bin_1_54	bin-1-54	bin_1_54_03792	cds	contig_46	156581	0.4026	29484	37019	-	29483	2511		Amino acid adenylation domain-containing protein	no	group_6084	en_familia	42	1.0000	core	core	no	no	no
bin_1_54	bin-1-54	bin_1_54_03793	cds	contig_46	156581	0.4026	37032	37691	-	37031	219		Yip1 domain-containing protein	no	group_5674	en_familia	42	1.0000	core	core	no	no	no
bin_1_54	bin-1-54	bin_1_54_03794	cds	contig_46	156581	0.4026	37682	38392	-	37681	236		4'-phosphopantetheinyl transferase domain-containing protein	no	group_3846	en_familia	42	1.0000	core	core	no	no	no
bin_1_54	bin-1-54	bin_1_54_03795	cds	contig_46	156581	0.4026	38742	39029	-	38741	95		Transposase IS3/IS911 family protein	no	group_5089	en_familia	42	1.0000	core	core	no	no	no
bin_1_54	bin-1-54	bin_1_54_03796	cds	contig_46	156581	0.4026	39118	40710	-	39117	530		ABC transporter permease	no	group_2237	en_familia	42	1.0000	core	core	no	no	no
bin_1_54	bin-1-54	bin_1_54_03797	cds	contig_46	156581	0.4026	40685	41401	-	40684	238	albC	ABC transporter ATP-binding protein AlbC	no	albC	en_familia	42	1.0000	core	core	no	no	no
bin_1_54	bin-1-54	bin_1_54_03798	cds	contig_46	156581	0.4026	41451	42239	-	41450	262		ABC transporter permease	no	group_10724	en_familia	42	1.0000	core	core	no	no	no
bin_1_54	bin-1-54	bin_1_54_03799	cds	contig_46	156581	0.4026	42236	43141	-	42235	301	yxlF	ABC transporter ATP-binding protein YxlF	no	group_9284	en_familia	42	1.0000	core	core	no	no	no
bin_1_54	bin-1-54	bin_1_54_03800	cds	contig_46	156581	0.4026	43138	43377	-	43137	79	yxlE	Negative regulatory protein YxlE	no	yxlE	en_familia	42	1.0000	core	core	no	no	no
bin_1_54	bin-1-54	bin_1_54_03801	cds	contig_46	156581	0.4026	43783	44328	+	43782	181		HTH arsR-type domain-containing protein	no	group_13467	en_familia	42	1.0000	core	core	no	no	no
bin_1_54	bin-1-54	bin_1_54_03802	cds	contig_46	156581	0.4026	44514	45074	-	44513	186		Thioredoxin family protein	no	group_2472	en_familia	42	1.0000	core	core	no	no	no
bin_1_54	bin-1-54	bin_1_54_03803	cds	contig_46	156581	0.4026	45285	46136	+	45284	283	glcU	Glucose uptake protein GlcU	no	group_3211	en_familia	42	1.0000	core	core	no	no	no
bin_1_54	bin-1-54	bin_1_54_03804	cds	contig_46	156581	0.4026	46152	46940	+	46151	262		Glucose 1-dehydrogenase	no	group_13013	en_familia	42	1.0000	core	core	no	no	no
bin_1_54	bin-1-54	bin_1_54_03805	cds	contig_46	156581	0.4026	47081	48430	-	47080	449	moxC	Monooxygenase MoxC	no	group_13524	en_familia	28	0.6667	shell	shell	si	no	no
bin_1_54	bin-1-54	bin_1_54_03806	cds	contig_46	156581	0.4026	48447	49298	-	48446	283		Lipoprotein	no	group_9927	en_familia	28	0.6667	shell	shell	si	no	no
bin_1_54	bin-1-54	bin_1_54_03807	cds	contig_46	156581	0.4026	49331	49981	-	49330	216	metP	Methionine import system permease protein MetP	no	group_13525	en_familia	28	0.6667	shell	shell	si	no	no
bin_1_54	bin-1-54	bin_1_54_03808	cds	contig_46	156581	0.4026	49923	51002	-	49922	359	metN	Methionine import ATP-binding protein MetN	no	group_6899	en_familia	28	0.6667	shell	shell	si	no	no
bin_1_54	bin-1-54	bin_1_54_03809	cds	contig_46	156581	0.4026	51046	51879	-	51045	277		Lipoprotein	no	group_10154	en_familia	28	0.6667	shell	shell	si	no	no
bin_1_54	bin-1-54	bin_1_54_03810	cds	contig_46	156581	0.4026	51967	52971	-	51966	334		Alkanal monooxygenase alpha chain	no	group_13551	en_familia	28	0.6667	shell	shell	si	no	no
bin_1_54	bin-1-54	bin_1_54_03811	cds	contig_46	156581	0.4026	53425	54567	-	53424	380	yxeP	Hydrolase YxeP	no	yxeP	en_familia	28	0.6667	shell	shell	si	no	no
bin_1_54	bin-1-54	bin_1_54_03812	cds	contig_46	156581	0.4026	54582	55091	-	54581	169		N-acetyltransferase domain-containing protein	no	group_1550	en_familia	28	0.6667	shell	shell	si	no	no
bin_1_54	bin-1-54	bin_1_54_03813	cds	contig_46	156581	0.4026	55116	55886	-	55115	256	tcyN	L-cystine import ATP-binding protein TcyN	no	tcyN	en_familia	28	0.6667	shell	shell	si	no	no
bin_1_54	bin-1-54	bin_1_54_03814	cds	contig_46	156581	0.4026	55883	56593	-	55882	236	tcyM	Sulfur-containing amino acid ABC transporter permease TcyM	no	tcyM	en_familia	28	0.6667	shell	shell	si	no	no
bin_1_54	bin-1-54	bin_1_54_03815	cds	contig_46	156581	0.4026	56614	57321	-	56613	235	tcyL	Sulfur-containing amino acid ABC transporter permease TcyL	no	tcyL	en_familia	28	0.6667	shell	shell	si	no	no
bin_1_54	bin-1-54	bin_1_54_03816	cds	contig_46	156581	0.4026	57354	58178	-	57353	274	tcyK	Sulfur-containing amino acid ABC transporter sulfur-containing amino acid-binding protein TcyK	no	tcyK	en_familia	28	0.6667	shell	shell	si	no	no
bin_1_54	bin-1-54	bin_1_54_03817	cds	contig_46	156581	0.4026	58199	58732	-	58198	177		GNAT family N-acetyltransferase	no	group_4620	en_familia	28	0.6667	shell	shell	si	no	no
bin_1_54	bin-1-54	bin_1_54_03818	cds	contig_46	156581	0.4026	58854	59114	-	58853	86		Glutaredoxin domain-containing protein	no	group_5937	en_familia	27	0.6429	shell	shell	si	no	no
bin_1_54	bin-1-54	bin_1_54_03819	cds	contig_46	156581	0.4026	59153	60487	-	59152	444	moxC	Monooxygenase MoxC	no	moxC	en_familia	28	0.6667	shell	shell	si	no	no
bin_1_54	bin-1-54	bin_1_54_03820	cds	contig_46	156581	0.4026	60562	61584	-	60561	340		Alkanal monooxygenase alpha chain	no	group_3634	en_familia	28	0.6667	shell	shell	si	no	no
bin_1_54	bin-1-54	bin_1_54_03821	cds	contig_46	156581	0.4026	61718	62629	-	61717	303	cmpR	HTH-type transcriptional activator CmpR	no	group_14127	en_familia	28	0.6667	shell	shell	si	no	no
bin_1_54	bin-1-54	bin_1_54_03822	cds	contig_46	156581	0.4026	63005	63217	+	63004	70		DUF1657 domain-containing protein	no	group_3633	en_familia	24	0.5714	shell	shell	si	no	no
bin_1_54	bin-1-54	bin_1_54_03823	cds	contig_46	156581	0.4026	63839	65227	-	63838	462	ansP	Transport protein YifK	no	group_2741	en_familia	42	1.0000	core	core	no	no	no
bin_1_54	bin-1-54	bin_1_54_03824	cds	contig_46	156581	0.4026	66006	67349	+	66005	447	ansP	D-serine/D-alanine/glycine transporter	no	group_1203	en_familia	42	1.0000	core	core	no	no	no
bin_1_54	bin-1-54	bin_1_54_03825	cds	contig_46	156581	0.4026	67623	67823	+	67622	66		DUF3311 domain-containing protein	no	group_12901	en_familia	42	1.0000	core	core	no	no	no
bin_1_54	bin-1-54	bin_1_54_03826	cds	contig_46	156581	0.4026	67820	69298	+	67819	492	putP	Symporter YodF	no	group_2012	en_familia	42	1.0000	core	core	no	no	no
bin_1_54	bin-1-54	bin_1_54_03827	cds	contig_46	156581	0.4026	69431	69637	-	69430	68		tRNA processing exoribonuclease BN	no	group_1073	en_familia	40	0.9524	core	core	no	no	no
bin_1_54	bin-1-54	bin_1_54_03828	cds	contig_46	156581	0.4026	70050	71534	-	70049	494	argH	argininosuccinate lyase	no	argH	en_familia	42	1.0000	core	core	no	no	no
bin_1_54	bin-1-54	bin_1_54_03829	cds	contig_46	156581	0.4026	71550	73238	-	71549	562	modB	molybdate ABC transporter permease subunit	no	modB	en_familia	42	1.0000	core	core	no	no	no
bin_1_54	bin-1-54	bin_1_54_03830	cds	contig_46	156581	0.4026	73235	74347	-	73234	370	potA	Spermidine/putrescine import ATP-binding protein PotA	no	potA	en_familia	42	1.0000	core	core	no	no	no
bin_1_54	bin-1-54	bin_1_54_03831	cds	contig_46	156581	0.4026	74363	75442	-	74362	359	afuA	Iron ABC transporter substrate-binding protein	no	afuA	en_familia	42	1.0000	core	core	no	no	no
bin_1_54	bin-1-54	bin_1_54_03832	cds	contig_46	156581	0.4026	75442	76668	-	75441	408	nagC	Sugar kinase	no	nagC	en_familia	42	1.0000	core	core	no	no	no
bin_1_54	bin-1-54	bin_1_54_03833	cds	contig_46	156581	0.4026	76923	79430	+	76922	835		Mycothiol S-conjugate amidase	no	group_2233	en_familia	42	1.0000	core	core	no	no	no
bin_1_54	bin-1-54	bin_1_54_03834	cds	contig_46	156581	0.4026	79674	80408	-	76173	244	glnQ	Glutamine transport ATP-binding protein GlnQ	no	group_11461	en_familia	42	1.0000	core	core	no	no	no
bin_1_54	bin-1-54	bin_1_54_03835	cds	contig_46	156581	0.4026	80405	81082	-	75499	225	hisM	Amino acid ABC transporter membrane protein, PAAT family	no	group_13621	en_familia	42	1.0000	core	core	no	no	no
bin_1_54	bin-1-54	bin_1_54_03836	cds	contig_46	156581	0.4026	81123	81899	-	74682	258	hisJ	Glutamine-binding periplasmic protein	no	group_14519	en_familia	42	1.0000	core	core	no	no	no
bin_1_54	bin-1-54	bin_1_54_03837	cds	contig_46	156581	0.4026	82420	82812	-	73769	130	ylbJ	Sporulation integral membrane protein YlbJ	no	yjiH~~~ylbJ	en_familia	40	0.9524	core	core	no	no	no
bin_1_54	bin-1-54	bin_1_54_03838	cds	contig_46	156581	0.4026	82827	83756	-	72825	309		Membrane protein	no	yjiH~~~ylbJ	en_familia	40	0.9524	core	core	no	no	no
bin_1_54	bin-1-54	bin_1_54_03839	cds	contig_46	156581	0.4026	84429	85481	+	71100	350		Voltage-gated potassium channel Kch	no	group_2802	en_familia	40	0.9524	core	core	no	no	no
bin_1_54	bin-1-54	bin_1_54_03840	cds	contig_46	156581	0.4026	85835	87340	-	69241	501		malate:quinone oxidoreductase	no	group_1816	en_familia	41	0.9762	core	core	no	no	no
bin_1_54	bin-1-54	bin_1_54_03841	cds	contig_46	156581	0.4026	87937	88857	-	67724	306	coaA	type I pantothenate kinase	no	coaA	en_familia	42	1.0000	core	core	no	no	no
bin_1_54	bin-1-54	bin_1_54_03842	cds	contig_46	156581	0.4026	88953	89246	-	67335	97		RNA polymerase alpha subunit C-terminal domain-containing protein	no	group_12969	en_familia	42	1.0000	core	core	no	no	no
bin_1_54	bin-1-54	bin_1_54_03843	cds	contig_46	156581	0.4026	89398	90795	-	65786	465	ansP	Transport protein YifK	no	group_2685	en_familia	42	1.0000	core	core	no	no	no
bin_1_54	bin-1-54	bin_1_54_03844	cds	contig_46	156581	0.4026	91127	92086	-	64495	319	wcaG	UDP-glucose 4-epimerase	no	group_8795	en_familia	42	1.0000	core	core	no	no	no
bin_1_54	bin-1-54	bin_1_54_03845	cds	contig_46	156581	0.4026	92132	93322	-	63259	396	bioF	glycine C-acetyltransferase	no	group_4843	en_familia	42	1.0000	core	core	no	no	no
bin_1_54	bin-1-54	bin_1_54_03846	cds	contig_46	156581	0.4026	93696	93827	+	62754	43		DUF4021 domain-containing protein	no	group_1490	en_familia	42	1.0000	core	core	no	no	no
bin_1_54	bin-1-54	bin_1_54_03847	cds	contig_46	156581	0.4026	94351	95136	-	61445	261		SDR family oxidoreductase	no	group_5975	en_familia	27	0.6429	shell	shell	si	no	no
bin_1_54	bin-1-54	bin_1_54_03848	cds	contig_46	156581	0.4026	95327	96226	+	60355	299		3-hydroxyacyl-CoA dehydrogenase	no	group_5976	en_familia	31	0.7381	shell	shell	si	no	no
bin_1_54	bin-1-54	bin_1_54_03849	cds	contig_46	156581	0.4026	96375	96893	-	59688	172		Cytoplasmic protein	no	group_5199	en_familia	42	1.0000	core	core	no	no	no
bin_1_54	bin-1-54	bin_1_54_03850	cds	contig_46	156581	0.4026	97011	98396	-	58185	461	rlmD	23S rRNA (uracil(1939)-C(5))-methyltransferase RlmD	no	yfjO~~~rlmD	en_familia	42	1.0000	core	core	no	no	no
bin_1_54	bin-1-54	bin_1_54_03851	cds	contig_46	156581	0.4026	98393	99277	-	57304	294		DNA-3-methyladenine glycosylase II	no	group_3379	en_familia	42	1.0000	core	core	no	no	no
bin_1_54	bin-1-54	bin_1_54_03852	cds	contig_46	156581	0.4026	99400	100185	-	56396	261	pdaA	delta-lactam-biosynthetic de-N-acetylase	no	pdaA	en_familia	42	1.0000	core	core	no	no	no
bin_1_54	bin-1-54	bin_1_54_03853	cds	contig_46	156581	0.4026	100332	100517	-	56064	61		DUF1328 domain-containing protein	no	group_3380	en_familia	34	0.8095	shell	shell	si	no	no
bin_1_54	bin-1-54	bin_1_54_03854	cds	contig_46	156581	0.4026	100629	100766	+	55815	45	ytzI	YtzI protein	no	ytzI	en_familia	42	1.0000	core	core	no	no	no
bin_1_54	bin-1-54	bin_1_54_03855	cds	contig_46	156581	0.4026	100816	102384	-	54197	522	ttdA	Fumarate hydratase class I	no	ttdA	en_familia	42	1.0000	core	core	no	no	no
bin_1_54	bin-1-54	bin_1_54_03856	cds	contig_46	156581	0.4026	102677	102862	-	53719	61		SE1561 family protein	no	group_12867	en_familia	42	1.0000	core	core	no	no	no
bin_1_54	bin-1-54	bin_1_54_03857	cds	contig_46	156581	0.4026	103013	104140	+	52441	375	yfkAB	radical SAM/CxCxxxxC motif protein YfkAB	no	yfkAB	en_familia	42	1.0000	core	core	no	no	no
bin_1_54	bin-1-54	bin_1_54_03858	cds	contig_46	156581	0.4026	104174	104986	-	51595	270	yfkD	YfkD-like protein	no	yfkD	en_familia	42	1.0000	core	core	no	no	no
bin_1_54	bin-1-54	bin_1_54_03859	cds	contig_46	156581	0.4026	105449	106504	-	50077	351	cax	calcium/proton exchanger	no	cax	en_familia	42	1.0000	core	core	no	no	no
bin_1_54	bin-1-54	bin_1_54_03860	cds	contig_46	156581	0.4026	106697	107863	+	48718	388	ycaD	MFS-type transporter YcaD	no	ycaD	en_familia	42	1.0000	core	core	no	no	no
bin_1_54	bin-1-54	bin_1_54_03861	cds	contig_46	156581	0.4026	108196	110115	+	46466	639	zntA	Zinc-transporting ATPase	no	zntA	en_familia	42	1.0000	core	core	no	no	no
bin_1_54	bin-1-54	bin_1_54_03862	cds	contig_46	156581	0.4026	110161	110259	-	46322	32		hypothetical protein	no	group_2059	en_familia	42	1.0000	core	core	no	no	no
bin_1_54	bin-1-54	bin_1_54_03863	cds	contig_46	156581	0.4026	110252	110386	-	46195	44		hypothetical protein	no	group_2059	en_familia	42	1.0000	core	core	no	no	no
bin_1_54	bin-1-54	bin_1_54_03864	cds	contig_46	156581	0.4026	110346	111185	-	45396	279		Ribonuclease	no	group_10101	en_familia	42	1.0000	core	core	no	no	no
bin_1_54	bin-1-54	bin_1_54_03865	cds	contig_46	156581	0.4026	111202	111594	-	44987	130	ytxH	YtxH domain-containing protein	no	group_2054	en_familia	42	1.0000	core	core	no	no	no
bin_1_54	bin-1-54	bin_1_54_03866	cds	contig_46	156581	0.4026	111826	112050	+	44531	74	yfkK	UPF0435 protein ABE28_002710	no	yfkK	en_familia	42	1.0000	core	core	no	no	no
bin_1_54	bin-1-54	bin_1_54_03867	cds	contig_46	156581	0.4026	112148	113413	+	43168	421	glp	gephyrin-like molybdotransferase Glp	no	group_3889	en_familia	42	1.0000	core	core	no	no	no
bin_1_54	bin-1-54	bin_1_54_03868	cds	contig_46	156581	0.4026	113401	113916	+	42665	171	mobB	molybdopterin-guanine dinucleotide biosynthesis protein B	no	mobB	en_familia	42	1.0000	core	core	no	no	no
bin_1_54	bin-1-54	bin_1_54_03869	cds	contig_46	156581	0.4026	113929	114171	+	42410	80		DUF2164 domain-containing protein	no	group_2216	en_familia	42	1.0000	core	core	no	no	no
bin_1_54	bin-1-54	bin_1_54_03870	cds	contig_46	156581	0.4026	114212	114958	-	41623	248	map	type I methionyl aminopeptidase	no	group_11306	en_familia	42	1.0000	core	core	no	no	no
bin_1_54	bin-1-54	bin_1_54_03871	cds	contig_46	156581	0.4026	115065	115580	-	41001	171	yajL	Protease	no	group_13655	en_familia	42	1.0000	core	core	no	no	no
bin_1_54	bin-1-54	bin_1_54_03872	cds	contig_46	156581	0.4026	115708	115983	-	40598	91		Competence protein ComFB	no	group_3456	en_familia	39	0.9286	shell	core	si	no	no
bin_1_54	bin-1-54	bin_1_54_03873	cds	contig_46	156581	0.4026	116029	116784	-	39797	251	motB	flagellar motor protein MotB	no	motB~~~ompA	en_familia	42	1.0000	core	core	no	no	no
bin_1_54	bin-1-54	bin_1_54_03874	cds	contig_46	156581	0.4026	116777	117568	-	39013	263	motA	flagellar motor stator protein MotA	no	motA	en_familia	41	0.9762	core	core	no	no	no
bin_1_54	bin-1-54	bin_1_54_03875	cds	contig_46	156581	0.4026	118016	119146	-	37435	376	abrB	AbrB family transcriptional regulator	no	group_1757	en_familia	42	1.0000	core	core	no	no	no
bin_1_54	bin-1-54	bin_1_54_03876	cds	contig_46	156581	0.4026	119406	120413	+	36168	335	mreBH	rod-share determining protein MreBH	no	mreBH	en_familia	42	1.0000	core	core	no	no	no
bin_1_54	bin-1-54	bin_1_54_03877	cds	contig_46	156581	0.4026	120679	121242	+	35339	187	xerC	Tyrosine recombinase XerC	no	group_13342	en_familia	42	1.0000	core	core	no	no	no
bin_1_54	bin-1-54	bin_1_54_03878	cds	contig_46	156581	0.4026	121295	121792	+	34789	165	khtT	RCK C-terminal domain-containing protein	no	khtT	en_familia	42	1.0000	core	core	no	no	no
bin_1_54	bin-1-54	bin_1_54_03879	cds	contig_46	156581	0.4026	121799	123025	+	33556	408	kefB	K(+)/H(+) antiporter YhaU	no	kefB	en_familia	42	1.0000	core	core	no	no	no
bin_1_54	bin-1-54	bin_1_54_03880	cds	contig_46	156581	0.4026	123392	124258	+	32323	288	brkB	Ribonuclease	no	brkB	en_familia	42	1.0000	core	core	no	no	no
bin_1_54	bin-1-54	bin_1_54_03881	cds	contig_46	156581	0.4026	124307	125473	-	31108	388	dhhP	Oligoribonuclease NrnB	no	dhhP	en_familia	42	1.0000	core	core	no	no	no
bin_1_54	bin-1-54	bin_1_54_03882	cds	contig_46	156581	0.4026	125883	126353	-	30228	156	ribE	6,7-dimethyl-8-ribityllumazine synthase	no	group_14393	en_familia	42	1.0000	core	core	no	no	no
bin_1_54	bin-1-54	bin_1_54_03883	cds	contig_46	156581	0.4026	126424	127071	-	29510	215		3,4-dihydroxy-2-butanone 4-phosphate synthase	no	group_12661	en_familia	42	1.0000	core	core	no	no	no
bin_1_54	bin-1-54	bin_1_54_03884	cds	contig_46	156581	0.4026	127091	127729	-	28852	212	ribE	riboflavin synthase	no	ribE	en_familia	42	1.0000	core	core	no	no	no
bin_1_54	bin-1-54	bin_1_54_03885	cds	contig_46	156581	0.4026	127794	128012	+	28569	72		hypothetical protein	no	group_12667	en_familia	42	1.0000	core	core	no	no	no
bin_1_54	bin-1-54	bin_1_54_03886	cds	contig_46	156581	0.4026	128211	128939	+	27642	242		Tryptophan-rich sensory protein	no	group_4787	en_familia	42	1.0000	core	core	no	no	no
bin_1_54	bin-1-54	bin_1_54_03887	cds	contig_46	156581	0.4026	128957	130132	-	26449	391	megL	methionine gamma-lyase	no	megL	en_familia	42	1.0000	core	core	no	no	no
bin_1_54	bin-1-54	bin_1_54_03888	cds	contig_46	156581	0.4026	130358	131494	-	25087	378	srmB	ATP-dependent RNA helicase YfmL	no	group_4521	en_familia	42	1.0000	core	core	no	no	no
bin_1_54	bin-1-54	bin_1_54_03889	cds	contig_46	156581	0.4026	131542	132819	-	23762	425		histidine kinase	no	group_1081	en_familia	42	1.0000	core	core	no	no	no
bin_1_54	bin-1-54	bin_1_54_03890	cds	contig_46	156581	0.4026	132985	134454	-	22127	489	putP	sodium/proline symporter PutP	no	group_11524	en_familia	42	1.0000	core	core	no	no	no
bin_1_54	bin-1-54	bin_1_54_03891	cds	contig_46	156581	0.4026	134612	136672	+	19909	686	ynfE	Dimethyl sulfoxide reductase chain YnfE	no	ynfE	en_familia	42	1.0000	core	core	no	no	no
bin_1_54	bin-1-54	bin_1_54_03892	cds	contig_46	156581	0.4026	136807	138327	-	18254	506	adhE	Betaine aldehyde dehydrogenase	no	group_10607	en_familia	42	1.0000	core	core	no	no	no
bin_1_54	bin-1-54	bin_1_54_03893	cds	contig_46	156581	0.4026	138545	139984	-	16597	479	adhE	NADP-dependent glyceraldehyde-3-phosphate dehydrogenase	no	group_2357	en_familia	42	1.0000	core	core	no	no	no
bin_1_54	bin-1-54	bin_1_54_03894	cds	contig_46	156581	0.4026	139997	141322	-	15259	441	bioA	Taurine--pyruvate aminotransferase	no	group_3328	en_familia	42	1.0000	core	core	no	no	no
bin_1_54	bin-1-54	bin_1_54_03895	cds	contig_46	156581	0.4026	141705	143060	+	13521	451	rpoN	RNA polymerase factor sigma-54	no	rpoN	en_familia	42	1.0000	core	core	no	no	no
bin_1_54	bin-1-54	bin_1_54_03896	cds	contig_46	156581	0.4026	143180	143821	-	12760	213	bluB	5,6-dimethylbenzimidazole synthase	no	bluB	en_familia	42	1.0000	core	core	no	no	no
bin_1_54	bin-1-54	bin_1_54_03897	cds	contig_46	156581	0.4026	143913	144524	-	12057	203		Uridine kinase	no	group_2340	en_familia	42	1.0000	core	core	no	no	no
bin_1_54	bin-1-54	bin_1_54_03898	cds	contig_46	156581	0.4026	144989	146410	-	10171	473	dacB	D-alanyl-D-alanine carboxypeptidase/D-alanyl-D-alanine-endopeptidase	no	dacB	en_familia	42	1.0000	core	core	no	no	no
bin_1_54	bin-1-54	bin_1_54_03899	cds	contig_46	156581	0.4026	146715	147209	+	9372	164		YdbS-like PH domain-containing protein	no	group_12942	en_familia	41	0.9762	core	core	no	no	no
bin_1_54	bin-1-54	bin_1_54_03900	cds	contig_46	156581	0.4026	147209	148675	+	7906	488		YdbS-like PH domain-containing protein	no	group_3180	en_familia	41	0.9762	core	core	no	no	no
bin_1_54	bin-1-54	bin_1_54_03901	cds	contig_46	156581	0.4026	148875	150287	+	6294	470		Chemotaxis protein	no	group_5210	en_familia	41	0.9762	core	core	no	no	no
bin_1_54	bin-1-54	bin_1_54_03902	cds	contig_46	156581	0.4026	150291	150869	+	5712	192		Methyl-accepting chemotaxis protein	no	group_5210	en_familia	41	0.9762	core	core	no	no	no
bin_1_54	bin-1-54	bin_1_54_03903	cds	contig_46	156581	0.4026	150920	151426	-	5155	168		General stress protein	no	group_13936	en_familia	42	1.0000	core	core	no	no	no
bin_1_54	bin-1-54	bin_1_54_03904	cds	contig_46	156581	0.4026	151590	152654	+	3927	354	argE	Acetylornithine deacetylase	no	argE	en_familia	42	1.0000	core	core	no	no	no
bin_1_54	bin-1-54	bin_1_54_03905	cds	contig_46	156581	0.4026	153300	153857	+	2724	185	spoVID	LysM domain-containing protein	no	group_1692	en_familia	42	1.0000	core	core	no	no	no
bin_1_54	bin-1-54	bin_1_54_03906	cds	contig_46	156581	0.4026	154014	154925	+	1656	303		2-dehydropantoate 2-reductase	no	group_1383	en_familia	42	1.0000	core	core	no	no	no
bin_1_54	bin-1-54	bin_1_54_03907	cds	contig_46	156581	0.4026	155145	156413	+	168	422	gltP	C4-dicarboxylate transport protein	no	gltP	en_familia	42	1.0000	core	core	no	no	no
bin_1_54	bin-1-54	bin_1_54_03924	cds	contig_47	29985	0.4045	2548	2751	+	2547	67		Integrase/recombinase	no	group_8048	en_familia	10	0.2381	shell	shell	si	no	no
bin_1_54	bin-1-54	bin_1_54_03925	cds	contig_47	29985	0.4045	2922	3158	+	2921	78		hypothetical protein	no	group_8269	en_familia	1	0.0238	cloud	cloud	si	si	no
bin_1_54	bin-1-54	bin_1_54_03926	cds	contig_47	29985	0.4045	3145	3531	+	3144	128		(pseudo) hypothetical protein	si	group_8207	en_familia	9	0.2143	shell	shell	si	no	no
bin_1_54	bin-1-54	bin_1_54_03927	cds	contig_47	29985	0.4045	4060	4599	+	4059	179		Lipoprotein	no	group_6912	en_familia	11	0.2619	shell	shell	si	no	no
bin_1_54	bin-1-54	bin_1_54_03928	cds	contig_47	29985	0.4045	4635	4877	+	4634	80		ASCH domain-containing protein	no	group_431	en_familia	10	0.2381	shell	shell	si	no	no
bin_1_54	bin-1-54	bin_1_54_03929	cds	contig_47	29985	0.4045	5672	5962	-	5671	96		hypothetical protein	no	group_5765	en_familia	42	1.0000	core	core	no	no	no
bin_1_54	bin-1-54	bin_1_54_03930	cds	contig_47	29985	0.4045	6357	6563	-	6356	68		hypothetical protein	no	group_4108	en_familia	42	1.0000	core	core	no	no	no
bin_1_54	bin-1-54	bin_1_54_03931	cds	contig_47	29985	0.4045	6840	7073	+	6839	77		hypothetical protein	no	group_8480	en_familia	1	0.0238	cloud	cloud	si	si	no
bin_1_54	bin-1-54	bin_1_54_03932	cds	contig_47	29985	0.4045	7430	8380	+	7429	316	glsA	glutaminase A	no	glsA	en_familia	42	1.0000	core	core	no	no	no
bin_1_54	bin-1-54	bin_1_54_03933	cds	contig_47	29985	0.4045	8509	8733	-	8508	74		IDEAL domain-containing protein	no	group_1866	en_familia	42	1.0000	core	core	no	no	no
bin_1_54	bin-1-54	bin_1_54_03934	cds	contig_47	29985	0.4045	8690	9271	-	8689	193	xerD	Tyrosine recombinase XerD	no	group_4923	en_familia	42	1.0000	core	core	no	no	no
bin_1_54	bin-1-54	bin_1_54_03935	cds	contig_47	29985	0.4045	9572	9898	+	9571	108		hypothetical protein	no	group_6023	en_familia	42	1.0000	core	core	no	no	no
bin_1_54	bin-1-54	bin_1_54_03936	cds	contig_47	29985	0.4045	10244	10951	+	10243	235		RNA polymerase subunit sigma	no	group_2429	en_familia	42	1.0000	core	core	no	no	no
bin_1_54	bin-1-54	bin_1_54_03937	cds	contig_47	29985	0.4045	10982	11566	+	10981	194	clpP	ATP-dependent Clp endopeptidase proteolytic subunit ClpP	no	group_13008	en_familia	42	1.0000	core	core	no	no	no
bin_1_54	bin-1-54	bin_1_54_03938	cds	contig_47	29985	0.4045	11949	12101	+	11948	50		hypothetical protein	no	group_3869	en_familia	42	1.0000	core	core	no	no	no
bin_1_54	bin-1-54	bin_1_54_03939	cds	contig_47	29985	0.4045	12232	12585	+	12231	117		DUF6241 domain-containing protein	no	group_3869	en_familia	42	1.0000	core	core	no	no	no
bin_1_54	bin-1-54	bin_1_54_03940	cds	contig_47	29985	0.4045	12683	13408	-	12682	241	tauD	Alpha-ketoglutarate-dependent sulfate ester dioxygenase	no	group_14562	en_familia	42	1.0000	core	core	no	no	no
bin_1_54	bin-1-54	bin_1_54_03941	cds	contig_47	29985	0.4045	13447	13575	-	13446	42		hypothetical protein	no	group_14562	en_familia	42	1.0000	core	core	no	no	no
bin_1_54	bin-1-54	bin_1_54_03942	cds	contig_47	29985	0.4045	13605	14594	-	13604	329		Solute-binding protein family 3/N-terminal domain-containing protein	no	group_3868	en_familia	42	1.0000	core	core	no	no	no
bin_1_54	bin-1-54	bin_1_54_03943	cds	contig_47	29985	0.4045	14968	15744	+	14241	258	ssuB	Aliphatic sulfonates import ATP-binding protein SsuB	no	group_5654	en_familia	42	1.0000	core	core	no	no	no
bin_1_54	bin-1-54	bin_1_54_03944	cds	contig_47	29985	0.4045	15776	16600	+	13385	274	ssuC	Aliphatic sulfonates transport permease protein SsuC	no	group_3777	en_familia	42	1.0000	core	core	no	no	no
bin_1_54	bin-1-54	bin_1_54_03945	cds	contig_47	29985	0.4045	16662	17888	-	12097	408		histidine kinase	no	group_14387	en_familia	42	1.0000	core	core	no	no	no
bin_1_54	bin-1-54	bin_1_54_03946	cds	contig_47	29985	0.4045	18168	19097	+	10888	309		Glycerophosphodiester phosphodiesterase	no	group_3778	en_familia	42	1.0000	core	core	no	no	no
bin_1_54	bin-1-54	bin_1_54_03947	cds	contig_47	29985	0.4045	19256	20395	+	9590	379		Zinc-binding alcohol dehydrogenase Rv1895	no	group_3279	en_familia	41	0.9762	core	core	no	no	no
bin_1_54	bin-1-54	bin_1_54_03948	cds	contig_47	29985	0.4045	20719	21171	+	8814	150		hypothetical protein	no	group_3438	en_familia	42	1.0000	core	core	no	no	no
bin_1_54	bin-1-54	bin_1_54_03949	cds	contig_47	29985	0.4045	21395	21940	+	8045	181		Phosphoglycerate mutase	no	group_13607	en_familia	42	1.0000	core	core	no	no	no
bin_1_54	bin-1-54	bin_1_54_03950	cds	contig_47	29985	0.4045	22093	22881	+	7104	262	yigB	Pyrimidine 5'-nucleotidase YjjG	no	yigB	en_familia	42	1.0000	core	core	no	no	no
bin_1_54	bin-1-54	bin_1_54_03951	cds	contig_47	29985	0.4045	23248	25029	+	4956	593	thiC	phosphomethylpyrimidine synthase ThiC	no	thiC	en_familia	42	1.0000	core	core	no	no	no
bin_1_54	bin-1-54	bin_1_54_03952	cds	contig_47	29985	0.4045	25010	25222	+	4763	70		Serine protease	no	group_818	en_familia	42	1.0000	core	core	no	no	no
bin_1_54	bin-1-54	bin_1_54_03953	cds	contig_47	29985	0.4045	25313	25822	-	4163	169		DUF3231 domain-containing protein	no	group_5865	en_familia	42	1.0000	core	core	no	no	no
bin_1_54	bin-1-54	bin_1_54_03954	cds	contig_47	29985	0.4045	25922	26065	-	3920	47		Small CPxCG-related zinc finger protein	no	group_2361	en_familia	41	0.9762	core	core	no	no	no
bin_1_54	bin-1-54	bin_1_54_03955	cds	contig_47	29985	0.4045	26244	26876	+	3109	210	cotF	Spore coat protein	no	group_5146	en_familia	42	1.0000	core	core	no	no	no
bin_1_54	bin-1-54	bin_1_54_03956	cds	contig_47	29985	0.4045	26933	27298	-	2687	121		Carboxymuconolactone decarboxylase-like domain-containing protein	no	group_2362	en_familia	42	1.0000	core	core	no	no	no
bin_1_54	bin-1-54	bin_1_54_03957	cds	contig_47	29985	0.4045	27410	28192	-	1793	260		Cytochrome c oxidase assembly protein	no	group_5147	en_familia	42	1.0000	core	core	no	no	no
bin_1_54	bin-1-54	bin_1_54_03958	cds	contig_47	29985	0.4045	28182	28700	-	1285	172		DUF2243 domain-containing protein	no	group_3540	en_familia	42	1.0000	core	core	no	no	no
bin_1_54	bin-1-54	bin_1_54_03959	cds	contig_47	29985	0.4045	28966	29811	+	174	281	cotJC	Manganese catalase	no	group_13864	en_familia	42	1.0000	core	core	no	no	no
bin_1_54	bin-1-54	bin_1_54_03960	cds	contig_48	72872	0.4178	613	798	+	612	61		Transmembrane protein	no	group_9798	en_familia	42	1.0000	core	core	no	no	no
bin_1_54	bin-1-54	bin_1_54_03961	cds	contig_48	72872	0.4178	831	1736	-	830	301	eamA	EamA domain-containing protein	no	group_2257	en_familia	42	1.0000	core	core	no	no	no
bin_1_54	bin-1-54	bin_1_54_03962	cds	contig_48	72872	0.4178	1882	2589	+	1881	235	sapB	MgtC/SapB/SrpB/YhiD N-terminal domain-containing protein	no	sapB	en_familia	42	1.0000	core	core	no	no	no
bin_1_54	bin-1-54	bin_1_54_03963	cds	contig_48	72872	0.4178	3111	4031	+	3110	306		Beta-propeller fold lactonase family protein	no	yncE	en_familia	31	0.7381	shell	shell	si	no	no
bin_1_54	bin-1-54	bin_1_54_03965	cds	contig_48	72872	0.4178	4735	5937	-	4734	400	aRO8	2-aminoadipate transaminase	no	group_6239	en_familia	42	1.0000	core	core	no	no	no
bin_1_54	bin-1-54	bin_1_54_03966	cds	contig_48	72872	0.4178	6138	6509	-	6137	123		Phosphoribosylglycinamide formyltransferase	no	group_9329	en_familia	41	0.9762	core	core	no	no	no
bin_1_54	bin-1-54	bin_1_54_03967	cds	contig_48	72872	0.4178	6534	6929	-	6533	131		VOC domain-containing protein	no	group_3592	en_familia	42	1.0000	core	core	no	no	no
bin_1_54	bin-1-54	bin_1_54_03968	cds	contig_48	72872	0.4178	7167	7397	+	7166	76	hipB	HTH cro/C1-type domain-containing protein	no	group_9327	en_familia	42	1.0000	core	core	no	no	no
bin_1_54	bin-1-54	bin_1_54_03969	cds	contig_48	72872	0.4178	7360	7575	+	7359	71		hypothetical protein	no	group_9334	en_familia	4	0.0952	cloud	cloud	si	si	no
bin_1_54	bin-1-54	bin_1_54_03970	cds	contig_48	72872	0.4178	7738	7902	-	7737	54		hypothetical protein	no	group_3593	en_familia	42	1.0000	core	core	no	no	no
bin_1_54	bin-1-54	bin_1_54_03971	cds	contig_48	72872	0.4178	8044	8247	+	8043	67		hypothetical protein	no	group_4471	en_familia	15	0.3571	shell	shell	si	no	no
bin_1_54	bin-1-54	bin_1_54_03972	cds	contig_48	72872	0.4178	8290	9207	+	8289	305	putA	proline dehydrogenase	no	putA	en_familia	42	1.0000	core	core	no	no	no
bin_1_54	bin-1-54	bin_1_54_03973	cds	contig_48	72872	0.4178	9265	10806	+	9264	513	pruA	L-glutamate gamma-semialdehyde dehydrogenase	no	group_1624	en_familia	42	1.0000	core	core	no	no	no
bin_1_54	bin-1-54	bin_1_54_03974	cds	contig_48	72872	0.4178	10976	12442	+	10975	488	putP	sodium/proline symporter PutP	no	putP	en_familia	42	1.0000	core	core	no	no	no
bin_1_54	bin-1-54	bin_1_54_03975	cds	contig_48	72872	0.4178	12576	13796	+	12575	406	pucR	PucR family transcriptional regulator	no	group_2988	en_familia	42	1.0000	core	core	no	no	no
bin_1_54	bin-1-54	bin_1_54_03976	cds	contig_48	72872	0.4178	14019	14165	-	14018	48		Sugar diacid recognition	no	group_4169	en_familia	5	0.1190	cloud	cloud	si	si	no
bin_1_54	bin-1-54	bin_1_54_03977	cds	contig_48	72872	0.4178	14271	15725	-	14270	484		Sodium/proton-dependent alanine transporter	no	group_872	en_familia	32	0.7619	shell	shell	si	no	no
bin_1_54	bin-1-54	bin_1_54_03978	cds	contig_48	72872	0.4178	15933	17585	-	15932	550		Glycerol-3-phosphate dehydrogenase	no	group_1046	en_familia	42	1.0000	core	core	no	no	no
bin_1_54	bin-1-54	bin_1_54_03979	cds	contig_48	72872	0.4178	17975	19465	-	17974	496	glpK	glycerol kinase GlpK	no	glpK	en_familia	42	1.0000	core	core	no	no	no
bin_1_54	bin-1-54	bin_1_54_03980	cds	contig_48	72872	0.4178	19485	20309	-	19484	274		Glycerol uptake facilitator protein	no	group_10286	en_familia	42	1.0000	core	core	no	no	no
bin_1_54	bin-1-54	bin_1_54_03981	cds	contig_48	72872	0.4178	20535	21077	-	20534	180	glpP	Glycerol uptake operon antiterminator regulatory protein	no	glpP	en_familia	42	1.0000	core	core	no	no	no
bin_1_54	bin-1-54	bin_1_54_03982	cds	contig_48	72872	0.4178	21250	21669	-	21249	139		DUF2993 domain-containing protein	no	group_2478	en_familia	42	1.0000	core	core	no	no	no
bin_1_54	bin-1-54	bin_1_54_03983	cds	contig_48	72872	0.4178	22009	23112	+	22008	367	metE	5-methyltetrahydropteroyltriglutamate--homocysteine methyltransferase	no	group_5191	en_familia	42	1.0000	core	core	no	no	no
bin_1_54	bin-1-54	bin_1_54_03984	cds	contig_48	72872	0.4178	23166	24044	-	23165	292	lysR	LysR family transcriptional regulator	no	group_9610	en_familia	8	0.1905	shell	shell	si	no	no
bin_1_54	bin-1-54	bin_1_54_03985	cds	contig_48	72872	0.4178	24064	25620	+	24063	518		Aldehyde dehydrogenase	no	group_1995	en_familia	8	0.1905	shell	shell	si	no	no
bin_1_54	bin-1-54	bin_1_54_03986	cds	contig_48	72872	0.4178	25571	25753	-	25570	60		hypothetical protein	no	group_4986	en_familia	5	0.1190	cloud	cloud	si	si	no
bin_1_54	bin-1-54	bin_1_54_03987	cds	contig_48	72872	0.4178	25737	26264	-	25736	175		Peptidase M50 domain-containing protein	no	group_4465	en_familia	42	1.0000	core	core	no	no	no
bin_1_54	bin-1-54	bin_1_54_03988	cds	contig_48	72872	0.4178	26527	27627	-	26526	366		Acetyl-CoA:oxalate CoA-transferase	no	group_1056	en_familia	42	1.0000	core	core	no	no	no
bin_1_54	bin-1-54	bin_1_54_03989	cds	contig_48	72872	0.4178	27871	29352	-	27870	493	lysP	Lysine-specific permease	no	group_3144	en_familia	42	1.0000	core	core	no	no	no
bin_1_54	bin-1-54	bin_1_54_03990	cds	contig_48	72872	0.4178	29777	31420	+	29776	547		Neutral metalloproteinase	no	group_13982	en_familia	42	1.0000	core	core	no	no	no
bin_1_54	bin-1-54	bin_1_54_03991	cds	contig_48	72872	0.4178	31699	32100	+	31698	133	sET	SET domain-containing protein-lysine N-methyltransferase	no	sET	en_familia	42	1.0000	core	core	no	no	no
bin_1_54	bin-1-54	bin_1_54_03992	cds	contig_48	72872	0.4178	32572	32760	-	32571	62		DUF3918 domain-containing protein	no	group_9717	en_familia	42	1.0000	core	core	no	no	no
bin_1_54	bin-1-54	bin_1_54_03993	cds	contig_48	72872	0.4178	32850	34085	-	32849	411		beta-N-acetylhexosaminidase	no	nagZ	en_familia	42	1.0000	core	core	no	no	no
bin_1_54	bin-1-54	bin_1_54_03994	cds	contig_48	72872	0.4178	34255	34608	+	34254	117		hypothetical protein	no	group_2154	en_familia	42	1.0000	core	core	no	no	no
bin_1_54	bin-1-54	bin_1_54_03995	cds	contig_48	72872	0.4178	34674	35456	-	34673	260	trmB	Transcription regulator TrmB N-terminal domain-containing protein	no	trmB	en_familia	40	0.9524	core	core	no	no	no
bin_1_54	bin-1-54	bin_1_54_03996	cds	contig_48	72872	0.4178	35671	36441	+	35670	256		putative membrane transporter protein	no	group_3841	en_familia	42	1.0000	core	core	no	no	no
bin_1_54	bin-1-54	bin_1_54_03997	cds	contig_48	72872	0.4178	36549	37487	+	35385	312		1-deoxy-11-beta-hydroxypentalenate dehydrogenase	no	group_2635	en_familia	42	1.0000	core	core	no	no	no
bin_1_54	bin-1-54	bin_1_54_03998	cds	contig_48	72872	0.4178	37565	38005	-	34867	146	ppiB	Peptidyl-prolyl cis-trans isomerase	no	ppiB	en_familia	42	1.0000	core	core	no	no	no
bin_1_54	bin-1-54	bin_1_54_03999	cds	contig_48	72872	0.4178	38168	39160	+	33712	330	yhfP	Quinone oxidoreductase YhfP	no	yhfP	en_familia	42	1.0000	core	core	no	no	no
bin_1_54	bin-1-54	bin_1_54_04000	cds	contig_48	72872	0.4178	39198	40664	-	32208	488		histidine kinase	no	group_2653	en_familia	42	1.0000	core	core	no	no	no
bin_1_54	bin-1-54	bin_1_54_04001	cds	contig_48	72872	0.4178	40811	41239	-	31633	142	cwlJ	Cell wall hydrolase CwlJ	no	cwlJ	en_familia	35	0.8333	shell	shell	si	no	no
bin_1_54	bin-1-54	bin_1_54_04002	cds	contig_48	72872	0.4178	41460	41729	-	31143	89		DUF1292 domain-containing protein	no	group_6406	en_familia	42	1.0000	core	core	no	no	no
bin_1_54	bin-1-54	bin_1_54_04003	cds	contig_48	72872	0.4178	42052	42438	+	30434	128		Lactoylglutathione lyase	no	group_12816	en_familia	42	1.0000	core	core	no	no	no
bin_1_54	bin-1-54	bin_1_54_04004	cds	contig_48	72872	0.4178	42605	43342	+	29530	245		Alkaline phosphatase	no	group_3914	en_familia	42	1.0000	core	core	no	no	no
bin_1_54	bin-1-54	bin_1_54_04005	cds	contig_48	72872	0.4178	43384	44250	+	28622	288		Alkaline phosphatase 4	no	group_3914	en_familia	42	1.0000	core	core	no	no	no
bin_1_54	bin-1-54	bin_1_54_04006	cds	contig_48	72872	0.4178	44824	45888	+	26984	354		IS1182 family transposase	no	group_2723	en_familia	5	0.1190	cloud	cloud	si	si	no
bin_1_54	bin-1-54	bin_1_54_04007	cds	contig_48	72872	0.4178	45885	46259	-	26613	124	yqhP	YqhP	no	yqhP	en_familia	41	0.9762	core	core	no	no	no
bin_1_54	bin-1-54	bin_1_54_04008	cds	contig_48	72872	0.4178	46397	47350	-	25522	317		DUF1385 domain-containing protein	no	group_8775	en_familia	41	0.9762	core	core	no	no	no
bin_1_54	bin-1-54	bin_1_54_04009	cds	contig_48	72872	0.4178	47685	48197	+	24675	170	yqhR	Membrane protein YqhR	no	yqhR	en_familia	41	0.9762	core	core	no	no	no
bin_1_54	bin-1-54	bin_1_54_04010	cds	contig_48	72872	0.4178	48289	48741	+	24131	150	aroQ	type II 3-dehydroquinate dehydratase	no	aroQ	en_familia	41	0.9762	core	core	no	no	no
bin_1_54	bin-1-54	bin_1_54_04011	cds	contig_48	72872	0.4178	48738	49799	+	23073	353	pepP	Aminopeptidase YpdF	no	pepP	en_familia	41	0.9762	core	core	no	no	no
bin_1_54	bin-1-54	bin_1_54_04012	cds	contig_48	72872	0.4178	49826	50383	+	22489	185	efp	elongation factor P	no	efp	en_familia	41	0.9762	core	core	no	no	no
bin_1_54	bin-1-54	bin_1_54_04013	cds	contig_48	72872	0.4178	51360	52292	+	20580	310	spoIIIAA	stage III sporulation protein AA	no	spoIIIAA	en_familia	42	1.0000	core	core	no	no	no
bin_1_54	bin-1-54	bin_1_54_04014	cds	contig_48	72872	0.4178	52285	52800	+	20072	171	spoIIIAB	stage III sporulation protein SpoIIIAB	no	spoIIIAB	en_familia	42	1.0000	core	core	no	no	no
bin_1_54	bin-1-54	bin_1_54_04015	cds	contig_48	72872	0.4178	52822	53025	+	19847	67	spoIIIAC	stage III sporulation protein AC	no	spoIIIAC	en_familia	42	1.0000	core	core	no	no	no
bin_1_54	bin-1-54	bin_1_54_04016	cds	contig_48	72872	0.4178	53058	53429	+	19443	123	spoIIIAD	stage III sporulation protein AD	no	spoIIIAD	en_familia	42	1.0000	core	core	no	no	no
bin_1_54	bin-1-54	bin_1_54_04017	cds	contig_48	72872	0.4178	53463	54671	+	18201	402	spoIIIAE	stage III sporulation protein AE	no	spoIIIAE	en_familia	42	1.0000	core	core	no	no	no
bin_1_54	bin-1-54	bin_1_54_04018	cds	contig_48	72872	0.4178	54688	55296	+	17576	202	spoIIIAF	stage III sporulation protein AF	no	spoIIIAF	en_familia	42	1.0000	core	core	no	no	no
bin_1_54	bin-1-54	bin_1_54_04019	cds	contig_48	72872	0.4178	55304	55975	+	16897	223	spoIIIAG	stage III sporulation protein AG	no	spoIIIAG	en_familia	42	1.0000	core	core	no	no	no
bin_1_54	bin-1-54	bin_1_54_04020	cds	contig_48	72872	0.4178	55990	56583	+	16289	197	spoIIIAH	Stage III sporulation protein AH	no	spoIIIAH	en_familia	42	1.0000	core	core	no	no	no
bin_1_54	bin-1-54	bin_1_54_04021	cds	contig_48	72872	0.4178	57207	57707	+	15165	166	accB	acetyl-CoA carboxylase biotin carboxyl carrier protein	no	group_13995	en_familia	42	1.0000	core	core	no	no	no
bin_1_54	bin-1-54	bin_1_54_04022	cds	contig_48	72872	0.4178	57722	59074	+	13798	450	accC	acetyl-CoA carboxylase biotin carboxylase subunit	no	group_13504	en_familia	42	1.0000	core	core	no	no	no
bin_1_54	bin-1-54	bin_1_54_04023	cds	contig_48	72872	0.4178	59103	59516	+	13356	137	yloU	Alkaline-shock protein	no	yloU	en_familia	42	1.0000	core	core	no	no	no
bin_1_54	bin-1-54	bin_1_54_04024	cds	contig_48	72872	0.4178	59949	60341	+	12531	130	nusB	transcription antitermination factor NusB	no	group_13965	en_familia	42	1.0000	core	core	no	no	no
bin_1_54	bin-1-54	bin_1_54_04025	cds	contig_48	72872	0.4178	60411	61286	+	11586	291	folD	bifunctional methylenetetrahydrofolate dehydrogenase/methenyltetrahydrofolate cyclohydrolase FolD	no	folD	en_familia	42	1.0000	core	core	no	no	no
bin_1_54	bin-1-54	bin_1_54_04026	cds	contig_48	72872	0.4178	61426	62778	+	10094	450	xseA	exodeoxyribonuclease VII large subunit	no	xseA	en_familia	42	1.0000	core	core	no	no	no
bin_1_54	bin-1-54	bin_1_54_04027	cds	contig_48	72872	0.4178	62775	63008	+	9864	77	xseB	exodeoxyribonuclease VII small subunit	no	xseB	en_familia	42	1.0000	core	core	no	no	no
bin_1_54	bin-1-54	bin_1_54_04028	cds	contig_48	72872	0.4178	63010	63903	+	8969	297	ispA	Farnesyl diphosphate synthase	no	group_9421	en_familia	42	1.0000	core	core	no	no	no
bin_1_54	bin-1-54	bin_1_54_04029	cds	contig_48	72872	0.4178	64153	66045	+	6827	630	dxs	1-deoxy-D-xylulose-5-phosphate synthase	no	dxs	en_familia	42	1.0000	core	core	no	no	no
bin_1_54	bin-1-54	bin_1_54_04030	cds	contig_48	72872	0.4178	66050	66877	+	5995	275	yqxC	Hemolysin A	no	yqxC	en_familia	42	1.0000	core	core	no	no	no
bin_1_54	bin-1-54	bin_1_54_04031	cds	contig_48	72872	0.4178	67198	67647	+	5225	149	ahrC	transcriptional regulator AhrC/ArgR	no	ahrC	en_familia	42	1.0000	core	core	no	no	no
bin_1_54	bin-1-54	bin_1_54_04032	cds	contig_48	72872	0.4178	67670	69385	+	3487	571	recN	DNA repair protein RecN	no	recN	en_familia	42	1.0000	core	core	no	no	no
bin_1_54	bin-1-54	bin_1_54_04033	cds	contig_48	72872	0.4178	69547	70839	+	2033	430	spoIVB	SpoIVB peptidase	no	spoIVB	en_familia	42	1.0000	core	core	no	no	no
bin_1_54	bin-1-54	bin_1_54_04034	cds	contig_48	72872	0.4178	71170	71961	+	911	263	spo0A	sporulation transcription factor Spo0A	no	spo0A	en_familia	42	1.0000	core	core	no	no	no
bin_1_54	bin-1-54	bin_1_54_04035	cds	contig_49	214483	0.4263	365	1465	+	364	366		DUF4097 domain-containing protein	no	group_683	en_familia	42	1.0000	core	core	no	no	no
bin_1_54	bin-1-54	bin_1_54_04036	cds	contig_49	214483	0.4263	2008	2943	+	2007	311	hprK	HPr(Ser) kinase/phosphatase	no	hprK	en_familia	42	1.0000	core	core	no	no	no
bin_1_54	bin-1-54	bin_1_54_04037	cds	contig_49	214483	0.4263	2970	3782	+	2969	270	lgt	prolipoprotein diacylglyceryl transferase	no	group_10450	en_familia	42	1.0000	core	core	no	no	no
bin_1_54	bin-1-54	bin_1_54_04038	cds	contig_49	214483	0.4263	3810	4754	+	3809	314	feoB	Nucleoside transporter/FeoB GTPase Gate domain-containing protein	no	feoB	en_familia	42	1.0000	core	core	no	no	no
bin_1_54	bin-1-54	bin_1_54_04039	cds	contig_49	214483	0.4263	4744	5415	+	4743	223	ppaX	pyrophosphatase PpaX	no	group_13422	en_familia	42	1.0000	core	core	no	no	no
bin_1_54	bin-1-54	bin_1_54_04040	cds	contig_49	214483	0.4263	5412	5930	+	5411	172	wbbJ	2,3,4,5-tetrahydropyridine-2,6-dicarboxylate N-acetyltransferase	no	wbbJ	en_familia	42	1.0000	core	core	no	no	no
bin_1_54	bin-1-54	bin_1_54_04041	cds	contig_49	214483	0.4263	5968	6111	-	5967	47	fbpA	Fur-regulated basic protein FbpA	no	group_3820	en_familia	42	1.0000	core	core	no	no	no
bin_1_54	bin-1-54	bin_1_54_04042	cds	contig_49	214483	0.4263	6190	6822	-	6189	210		Class D sortase	no	group_5665	en_familia	42	1.0000	core	core	no	no	no
bin_1_54	bin-1-54	bin_1_54_04043	cds	contig_49	214483	0.4263	6824	7882	-	6823	352		processed acidic surface protein	no	group_5546	en_familia	42	1.0000	core	core	no	no	no
bin_1_54	bin-1-54	bin_1_54_04044	cds	contig_49	214483	0.4263	8354	9538	+	8353	394		ATP phosphoribosyltransferase regulatory subunit	no	group_13776	en_familia	42	1.0000	core	core	no	no	no
bin_1_54	bin-1-54	bin_1_54_04045	cds	contig_49	214483	0.4263	9531	10160	+	9530	209	hisG	ATP phosphoribosyltransferase	no	hisG	en_familia	42	1.0000	core	core	no	no	no
bin_1_54	bin-1-54	bin_1_54_04046	cds	contig_49	214483	0.4263	10187	11476	+	10186	429		Histidinol dehydrogenase	no	group_2378	en_familia	42	1.0000	core	core	no	no	no
bin_1_54	bin-1-54	bin_1_54_04047	cds	contig_49	214483	0.4263	11566	12153	+	11565	195	hisB	imidazoleglycerol-phosphate dehydratase HisB	no	hisB	en_familia	42	1.0000	core	core	no	no	no
bin_1_54	bin-1-54	bin_1_54_04048	cds	contig_49	214483	0.4263	12154	12786	+	12153	210	hisH	imidazole glycerol phosphate synthase subunit HisH	no	hisH	en_familia	42	1.0000	core	core	no	no	no
bin_1_54	bin-1-54	bin_1_54_04049	cds	contig_49	214483	0.4263	12783	13517	+	12782	244	hisA	1-(5-phosphoribosyl)-5-[(5-phosphoribosylamino)methylideneamino]imidazole-4-carboxamide isomerase	no	hisA	en_familia	42	1.0000	core	core	no	no	no
bin_1_54	bin-1-54	bin_1_54_04050	cds	contig_49	214483	0.4263	13518	14276	+	13517	252	hisF	Imidazole glycerol phosphate synthase subunit HisF	no	hisF	en_familia	42	1.0000	core	core	no	no	no
bin_1_54	bin-1-54	bin_1_54_04051	cds	contig_49	214483	0.4263	14273	14929	+	14272	218	hisIE	bifunctional phosphoribosyl-AMP cyclohydrolase/phosphoribosyl-ATP diphosphatase HisIE	no	hisIE	en_familia	42	1.0000	core	core	no	no	no
bin_1_54	bin-1-54	bin_1_54_04052	cds	contig_49	214483	0.4263	15139	16641	+	15138	500	ycf37	Tetratricopeptide repeat protein	no	ycf37	en_familia	42	1.0000	core	core	no	no	no
bin_1_54	bin-1-54	bin_1_54_04053	cds	contig_49	214483	0.4263	16745	17692	+	16744	315	trxB	thioredoxin-disulfide reductase	no	group_8896	en_familia	42	1.0000	core	core	no	no	no
bin_1_54	bin-1-54	bin_1_54_04054	cds	contig_49	214483	0.4263	18251	18709	+	18250	152	yjhB	8-oxo-dGTP diphosphatase	no	group_14547	en_familia	42	1.0000	core	core	no	no	no
bin_1_54	bin-1-54	bin_1_54_04055	cds	contig_49	214483	0.4263	18755	19654	+	18754	299	rapZ	RNase adapter RapZ	no	rapZ	en_familia	42	1.0000	core	core	no	no	no
bin_1_54	bin-1-54	bin_1_54_04056	cds	contig_49	214483	0.4263	19644	20630	+	19643	328	cofD	Gluconeogenesis factor	no	cofD	en_familia	42	1.0000	core	core	no	no	no
bin_1_54	bin-1-54	bin_1_54_04057	cds	contig_49	214483	0.4263	20698	21651	+	20697	317	whiA	DNA-binding protein WhiA	no	whiA	en_familia	42	1.0000	core	core	no	no	no
bin_1_54	bin-1-54	bin_1_54_04058	cds	contig_49	214483	0.4263	21672	21929	+	21671	85	ptsH	HPr family phosphocarrier protein	no	ptsH	en_familia	42	1.0000	core	core	no	no	no
bin_1_54	bin-1-54	bin_1_54_04059	cds	contig_49	214483	0.4263	22030	22635	-	22029	201	clpP	ATP-dependent Clp endopeptidase proteolytic subunit ClpP	no	group_12836	en_familia	42	1.0000	core	core	no	no	no
bin_1_54	bin-1-54	bin_1_54_04061	cds	contig_49	214483	0.4263	23311	24648	+	23310	445	rpoN	RNA polymerase factor sigma-54	no	group_2406	en_familia	42	1.0000	core	core	no	no	no
bin_1_54	bin-1-54	bin_1_54_04062	cds	contig_49	214483	0.4263	24664	24906	+	24663	80		NrdH-redoxin	no	group_1287	en_familia	42	1.0000	core	core	no	no	no
bin_1_54	bin-1-54	bin_1_54_04063	cds	contig_49	214483	0.4263	25046	26080	+	25045	344	deoR	Sugar-binding domain-containing protein	no	group_7518	en_familia	42	1.0000	core	core	no	no	no
bin_1_54	bin-1-54	bin_1_54_04064	cds	contig_49	214483	0.4263	26113	27120	+	26112	335	gap	type I glyceraldehyde-3-phosphate dehydrogenase	no	gap	en_familia	42	1.0000	core	core	no	no	no
bin_1_54	bin-1-54	bin_1_54_04065	cds	contig_49	214483	0.4263	27367	28551	+	27366	394	pgk	Phosphoglycerate kinase	no	pgk	en_familia	42	1.0000	core	core	no	no	no
bin_1_54	bin-1-54	bin_1_54_04066	cds	contig_49	214483	0.4263	28598	29359	+	28597	253	tpiA	triose-phosphate isomerase	no	tpiA	en_familia	42	1.0000	core	core	no	no	no
bin_1_54	bin-1-54	bin_1_54_04067	cds	contig_49	214483	0.4263	29352	30887	+	29351	511	gpmI	2,3-bisphosphoglycerate-independent phosphoglycerate mutase	no	gpmI	en_familia	42	1.0000	core	core	no	no	no
bin_1_54	bin-1-54	bin_1_54_04068	cds	contig_49	214483	0.4263	30918	32213	+	30917	431	eno	phosphopyruvate hydratase	no	eno	en_familia	42	1.0000	core	core	no	no	no
bin_1_54	bin-1-54	bin_1_54_04069	cds	contig_49	214483	0.4263	32517	32822	+	32516	101		hypothetical protein	no	group_4715	en_familia	1	0.0238	cloud	cloud	si	si	no
bin_1_54	bin-1-54	bin_1_54_04070	cds	contig_49	214483	0.4263	33041	33367	+	33040	108		hypothetical protein	no	group_2830	en_familia	4	0.0952	cloud	cloud	si	si	no
bin_1_54	bin-1-54	bin_1_54_04071	cds	contig_49	214483	0.4263	33388	33582	+	33387	64		hypothetical protein	no	group_14184	en_familia	3	0.0714	cloud	cloud	si	si	no
bin_1_54	bin-1-54	bin_1_54_04072	cds	contig_49	214483	0.4263	33642	33815	+	33641	57		DUF5659 domain-containing protein	no	group_5728	en_familia	2	0.0476	cloud	cloud	si	si	no
bin_1_54	bin-1-54	bin_1_54_04073	cds	contig_49	214483	0.4263	33812	33976	+	33811	54		hypothetical protein	no	group_4001	en_familia	4	0.0952	cloud	cloud	si	si	no
bin_1_54	bin-1-54	bin_1_54_04074	cds	contig_49	214483	0.4263	34037	34348	+	34036	103		hypothetical protein	no	group_202	en_familia	4	0.0952	cloud	cloud	si	si	no
bin_1_54	bin-1-54	bin_1_54_04075	cds	contig_49	214483	0.4263	34663	35493	-	34662	276	yodJ	Carboxypeptidase YodJ	no	yodJ	en_familia	42	1.0000	core	core	no	no	no
bin_1_54	bin-1-54	bin_1_54_04076	cds	contig_49	214483	0.4263	35549	36091	-	35548	180		DUF2232 domain-containing protein	no	group_13535	en_familia	42	1.0000	core	core	no	no	no
bin_1_54	bin-1-54	bin_1_54_04077	cds	contig_49	214483	0.4263	36268	36501	+	36267	77	secG	preprotein translocase subunit SecG	no	group_14314	en_familia	42	1.0000	core	core	no	no	no
bin_1_54	bin-1-54	bin_1_54_04078	cds	contig_49	214483	0.4263	36643	37389	+	36642	248	yvaK	Carboxylesterase	no	group_11316	en_familia	42	1.0000	core	core	no	no	no
bin_1_54	bin-1-54	bin_1_54_04079	cds	contig_49	214483	0.4263	37420	39777	+	37419	785	rnr	ribonuclease R	no	rnr	en_familia	42	1.0000	core	core	no	no	no
bin_1_54	bin-1-54	bin_1_54_04080	cds	contig_49	214483	0.4263	39844	40311	+	39843	155	smpB	SsrA-binding protein SmpB	no	smpB	en_familia	42	1.0000	core	core	no	no	no
bin_1_54	bin-1-54	bin_1_54_04082	cds	contig_49	214483	0.4263	40998	41972	+	40997	324		NERD domain-containing protein	no	group_2568	en_familia	40	0.9524	core	core	no	no	no
bin_1_54	bin-1-54	bin_1_54_04083	cds	contig_49	214483	0.4263	42235	42711	-	42234	158		DUF1641 domain-containing protein	no	group_14345	en_familia	42	1.0000	core	core	no	no	no
bin_1_54	bin-1-54	bin_1_54_04084	cds	contig_49	214483	0.4263	42730	45669	-	42729	979	fdhF	formate dehydrogenase subunit alpha	no	fdhF	en_familia	42	1.0000	core	core	no	no	no
bin_1_54	bin-1-54	bin_1_54_04085	cds	contig_49	214483	0.4263	46004	46366	+	46003	120	mpsC	Na+-translocating membrane putative-generating system MpsC domain-containing protein	no	mpsC	en_familia	42	1.0000	core	core	no	no	no
bin_1_54	bin-1-54	bin_1_54_04086	cds	contig_49	214483	0.4263	46421	47218	+	46420	265	fdhD	formate dehydrogenase accessory sulfurtransferase FdhD	no	fdhD	en_familia	42	1.0000	core	core	no	no	no
bin_1_54	bin-1-54	bin_1_54_04087	cds	contig_49	214483	0.4263	47365	48237	+	47364	290	cysB	HTH-type transcriptional regulator CysB	no	cysB	en_familia	42	1.0000	core	core	no	no	no
bin_1_54	bin-1-54	bin_1_54_04088	cds	contig_49	214483	0.4263	48386	49312	+	48385	308	yfdV	Transporter	no	yfdV	en_familia	42	1.0000	core	core	no	no	no
bin_1_54	bin-1-54	bin_1_54_04089	cds	contig_49	214483	0.4263	49634	50656	+	49633	340	tctC	Transporter	no	tctC	en_familia	42	1.0000	core	core	no	no	no
bin_1_54	bin-1-54	bin_1_54_04090	cds	contig_49	214483	0.4263	50714	51169	+	50713	151		DUF1468 domain-containing protein	no	tctB	en_familia	42	1.0000	core	core	no	no	no
bin_1_54	bin-1-54	bin_1_54_04091	cds	contig_49	214483	0.4263	51188	52714	+	51187	508		DUF112 domain-containing protein	no	group_1701	en_familia	42	1.0000	core	core	no	no	no
bin_1_54	bin-1-54	bin_1_54_04092	cds	contig_49	214483	0.4263	52794	54425	+	52793	543	citA	histidine kinase	no	citA	en_familia	42	1.0000	core	core	no	no	no
bin_1_54	bin-1-54	bin_1_54_04093	cds	contig_49	214483	0.4263	54382	55089	+	54381	235		Two-component response regulator	no	group_4478	en_familia	42	1.0000	core	core	no	no	no
bin_1_54	bin-1-54	bin_1_54_04094	cds	contig_49	214483	0.4263	55383	56435	+	55382	350	desA	Fatty acid desaturase	no	desA	en_familia	42	1.0000	core	core	no	no	no
bin_1_54	bin-1-54	bin_1_54_04095	cds	contig_49	214483	0.4263	56530	57651	+	56529	373	comP	histidine kinase	no	comP	en_familia	42	1.0000	core	core	no	no	no
bin_1_54	bin-1-54	bin_1_54_04096	cds	contig_49	214483	0.4263	57664	58272	+	57663	202	citB	Response regulator transcription factor	no	group_12808	en_familia	42	1.0000	core	core	no	no	no
bin_1_54	bin-1-54	bin_1_54_04097	cds	contig_49	214483	0.4263	58377	58898	+	58376	173	msrA	Peptide methionine sulfoxide reductase MsrA	no	msrA	en_familia	42	1.0000	core	core	no	no	no
bin_1_54	bin-1-54	bin_1_54_04098	cds	contig_49	214483	0.4263	59046	59741	+	59045	231	ompR	Response regulator	no	group_13011	en_familia	42	1.0000	core	core	no	no	no
bin_1_54	bin-1-54	bin_1_54_04099	cds	contig_49	214483	0.4263	59738	61093	+	59737	451		histidine kinase	no	group_3016	en_familia	42	1.0000	core	core	no	no	no
bin_1_54	bin-1-54	bin_1_54_04100	cds	contig_49	214483	0.4263	61158	61706	+	61157	182	ykoI	PepSY domain-containing protein	no	ykoI	en_familia	42	1.0000	core	core	no	no	no
bin_1_54	bin-1-54	bin_1_54_04101	cds	contig_49	214483	0.4263	61956	62438	+	61955	160		Tetratrico peptide repeat group 5 domain-containing protein	no	group_4472	en_familia	42	1.0000	core	core	no	no	no
bin_1_54	bin-1-54	bin_1_54_04102	cds	contig_49	214483	0.4263	62663	64558	-	62662	631	shc	squalene--hopene cyclase	no	shc	en_familia	42	1.0000	core	core	no	no	no
bin_1_54	bin-1-54	bin_1_54_04103	cds	contig_49	214483	0.4263	64727	66376	-	64726	549		Zinc carboxypeptidase	no	group_4474	en_familia	9	0.2143	shell	shell	si	no	no
bin_1_54	bin-1-54	bin_1_54_04104	cds	contig_49	214483	0.4263	66595	66936	-	66594	113		DUF1450 domain-containing protein	no	group_1871	en_familia	42	1.0000	core	core	no	no	no
bin_1_54	bin-1-54	bin_1_54_04105	cds	contig_49	214483	0.4263	67202	68152	+	67201	316	ceuB	Iron-uptake system permease protein FeuB	no	ceuB	en_familia	42	1.0000	core	core	no	no	no
bin_1_54	bin-1-54	bin_1_54_04106	cds	contig_49	214483	0.4263	68145	69092	+	68144	315	ceuC	Fe(3+) dicitrate transport system permease protein FecD	no	ceuC	en_familia	42	1.0000	core	core	no	no	no
bin_1_54	bin-1-54	bin_1_54_04107	cds	contig_49	214483	0.4263	69086	69844	+	69085	252	ceuD	Siderophore transport system ATP-binding protein YusV	no	ceuD	en_familia	42	1.0000	core	core	no	no	no
bin_1_54	bin-1-54	bin_1_54_04108	cds	contig_49	214483	0.4263	70053	71000	+	70052	315	ceuA	Periplasmic binding protein	no	ceuA	en_familia	42	1.0000	core	core	no	no	no
bin_1_54	bin-1-54	bin_1_54_04109	cds	contig_49	214483	0.4263	72068	74035	+	72067	655	mdoB	LTA synthase family protein	no	mdoB	en_familia	42	1.0000	core	core	no	no	no
bin_1_54	bin-1-54	bin_1_54_04110	cds	contig_49	214483	0.4263	74090	74710	-	74089	206		Regulator of ribonuclease activity-like protein	no	group_13711	en_familia	42	1.0000	core	core	no	no	no
bin_1_54	bin-1-54	bin_1_54_04111	cds	contig_49	214483	0.4263	74914	75138	+	74913	74		Group-specific protein	no	group_2961	en_familia	10	0.2381	shell	shell	si	no	no
bin_1_54	bin-1-54	bin_1_54_04112	cds	contig_49	214483	0.4263	75800	75979	-	75799	59		hypothetical protein	no	group_3629	en_familia	42	1.0000	core	core	no	no	no
bin_1_54	bin-1-54	bin_1_54_04113	cds	contig_49	214483	0.4263	76098	76427	+	76097	109		DUF948 domain-containing protein	no	group_2959	en_familia	42	1.0000	core	core	no	no	no
bin_1_54	bin-1-54	bin_1_54_04114	cds	contig_49	214483	0.4263	76615	76935	+	76614	106	sugE	quaternary ammonium compound efflux SMR transporter SugE	no	sugE	en_familia	41	0.9762	core	core	no	no	no
bin_1_54	bin-1-54	bin_1_54_04115	cds	contig_49	214483	0.4263	76990	77541	+	76989	183		YhcN/YlaJ family sporulation lipoprotein	no	yhcN	en_familia	42	1.0000	core	core	no	no	no
bin_1_54	bin-1-54	bin_1_54_04116	cds	contig_49	214483	0.4263	77681	79192	+	77680	503		Spore germination protein A1	no	group_4492	en_familia	42	1.0000	core	core	no	no	no
bin_1_54	bin-1-54	bin_1_54_04117	cds	contig_49	214483	0.4263	79217	80317	+	79216	366	yndE	Spore germination protein YndE	no	group_10090	en_familia	42	1.0000	core	core	no	no	no
bin_1_54	bin-1-54	bin_1_54_04118	cds	contig_49	214483	0.4263	80314	81396	+	80313	360		Spore germination GerAC-like C-terminal domain-containing protein	no	group_4822	en_familia	42	1.0000	core	core	no	no	no
bin_1_54	bin-1-54	bin_1_54_04119	cds	contig_49	214483	0.4263	81482	83161	+	81481	559		oligo-1,6-glucosidase	no	group_9440	en_familia	42	1.0000	core	core	no	no	no
bin_1_54	bin-1-54	bin_1_54_04120	cds	contig_49	214483	0.4263	83211	84662	-	83210	483	lysP	Lysine specific permease	no	group_2261	en_familia	42	1.0000	core	core	no	no	no
bin_1_54	bin-1-54	bin_1_54_04121	cds	contig_49	214483	0.4263	85208	86170	-	85207	320		HTH lacI-type domain-containing protein	no	group_8761	en_familia	42	1.0000	core	core	no	no	no
bin_1_54	bin-1-54	bin_1_54_04122	cds	contig_49	214483	0.4263	86329	86421	+	86328	30		Hydrophobic toxin	no	group_13397	en_familia	42	1.0000	core	core	no	no	no
bin_1_54	bin-1-54	bin_1_54_04123	cds	contig_49	214483	0.4263	86802	87725	+	86801	307	znuA	Manganese ABC transporter manganese binding lipoprotein	no	troA~~~znuA	en_familia	40	0.9524	core	core	no	no	no
bin_1_54	bin-1-54	bin_1_54_04124	cds	contig_49	214483	0.4263	87738	88493	+	87737	251	znuC	High-affinity zinc uptake system ATP-binding protein ZnuC	no	znuC	en_familia	40	0.9524	core	core	no	no	no
bin_1_54	bin-1-54	bin_1_54_04125	cds	contig_49	214483	0.4263	88504	89427	+	88503	307	znuB	Manganese transport system membrane protein MntB	no	group_9116	en_familia	40	0.9524	core	core	no	no	no
bin_1_54	bin-1-54	bin_1_54_04126	cds	contig_49	214483	0.4263	89424	90305	+	89423	293	znuB	Manganese transport system membrane protein MntB	no	znuB	en_familia	41	0.9762	core	core	no	no	no
bin_1_54	bin-1-54	bin_1_54_04127	cds	contig_49	214483	0.4263	90452	91624	+	90451	390	ftsW	Peptidoglycan glycosyltransferase RodA	no	group_3270	en_familia	42	1.0000	core	core	no	no	no
bin_1_54	bin-1-54	bin_1_54_04128	cds	contig_49	214483	0.4263	91706	92041	-	91705	111		Spore coat protein	no	group_13190	en_familia	42	1.0000	core	core	no	no	no
bin_1_54	bin-1-54	bin_1_54_04129	cds	contig_49	214483	0.4263	92055	92333	-	92054	92		Spore coat protein	no	group_14440	en_familia	42	1.0000	core	core	no	no	no
bin_1_54	bin-1-54	bin_1_54_04130	cds	contig_49	214483	0.4263	92481	93398	+	92480	305		proline dehydrogenase	no	group_4949	en_familia	42	1.0000	core	core	no	no	no
bin_1_54	bin-1-54	bin_1_54_04131	cds	contig_49	214483	0.4263	93448	93579	-	93447	43	yuzL	YuzL family protein	no	group_1927	en_familia	42	1.0000	core	core	no	no	no
bin_1_54	bin-1-54	bin_1_54_04132	cds	contig_49	214483	0.4263	93791	96175	+	93790	794	fadB	3-hydroxyacyl-CoA dehydrogenase	no	group_13178	en_familia	42	1.0000	core	core	no	no	no
bin_1_54	bin-1-54	bin_1_54_04133	cds	contig_49	214483	0.4263	96247	97425	+	96246	392	paaJ	acetyl-CoA C-acetyltransferase	no	group_5100	en_familia	42	1.0000	core	core	no	no	no
bin_1_54	bin-1-54	bin_1_54_04134	cds	contig_49	214483	0.4263	97495	99282	+	97494	595	caiA	Acyl-CoA dehydrogenase	no	group_14024	en_familia	42	1.0000	core	core	no	no	no
bin_1_54	bin-1-54	bin_1_54_04135	cds	contig_49	214483	0.4263	99424	99780	+	99423	118	arsC	Arsenate reductase	no	group_2788	en_familia	42	1.0000	core	core	no	no	no
bin_1_54	bin-1-54	bin_1_54_04136	cds	contig_49	214483	0.4263	99876	100259	+	99875	127	gcvH	glycine cleavage system protein GcvH	no	group_1836	en_familia	42	1.0000	core	core	no	no	no
bin_1_54	bin-1-54	bin_1_54_04137	cds	contig_49	214483	0.4263	100354	100719	+	100353	121	rnmV	Toprim domain-containing protein	no	group_14002	en_familia	42	1.0000	core	core	no	no	no
bin_1_54	bin-1-54	bin_1_54_04138	cds	contig_49	214483	0.4263	100723	101031	+	100722	102		Thioredoxin domain-containing protein	no	group_1332	en_familia	42	1.0000	core	core	no	no	no
bin_1_54	bin-1-54	bin_1_54_04139	cds	contig_49	214483	0.4263	101382	102692	+	101381	436	mET17	L-methionine gamma-lyase	no	mET17	en_familia	42	1.0000	core	core	no	no	no
bin_1_54	bin-1-54	bin_1_54_04140	cds	contig_49	214483	0.4263	103078	104112	+	103077	344	abcC	D-methionine transport system ATP-binding protein	no	abcC	en_familia	42	1.0000	core	core	no	no	no
bin_1_54	bin-1-54	bin_1_54_04141	cds	contig_49	214483	0.4263	104105	104773	+	104104	222	metP	Methionine import ABC transporter permease MetP	no	group_12192	en_familia	42	1.0000	core	core	no	no	no
bin_1_54	bin-1-54	bin_1_54_04142	cds	contig_49	214483	0.4263	104789	105625	+	104788	278	nlpA	Lipoprotein	no	nlpA	en_familia	42	1.0000	core	core	no	no	no
bin_1_54	bin-1-54	bin_1_54_04143	cds	contig_49	214483	0.4263	107026	107811	+	106672	261	sufC	Fe-S cluster assembly ATPase SufC	no	sufC	en_familia	42	1.0000	core	core	no	no	no
bin_1_54	bin-1-54	bin_1_54_04144	cds	contig_49	214483	0.4263	107827	109128	+	105355	433	sufD	Fe-S cluster assembly protein SufD	no	sufD	en_familia	42	1.0000	core	core	no	no	no
bin_1_54	bin-1-54	bin_1_54_04145	cds	contig_49	214483	0.4263	109128	110357	+	104126	409	csdA	Cysteine desulfurase	no	csdA	en_familia	42	1.0000	core	core	no	no	no
bin_1_54	bin-1-54	bin_1_54_04146	cds	contig_49	214483	0.4263	110347	110775	+	103708	142	sufU	Fe-S cluster assembly sulfur transfer protein SufU	no	group_439	en_familia	42	1.0000	core	core	no	no	no
bin_1_54	bin-1-54	bin_1_54_04147	cds	contig_49	214483	0.4263	110831	112228	+	102255	465	sufB	Fe-S cluster assembly protein SufB	no	sufB	en_familia	42	1.0000	core	core	no	no	no
bin_1_54	bin-1-54	bin_1_54_04148	cds	contig_49	214483	0.4263	112416	113267	+	101216	283	yecE	DUF72 domain-containing protein	no	yecE	en_familia	42	1.0000	core	core	no	no	no
bin_1_54	bin-1-54	bin_1_54_04149	cds	contig_49	214483	0.4263	113351	114178	+	100305	275	tauE	putative membrane transporter protein	no	group_12980	en_familia	42	1.0000	core	core	no	no	no
bin_1_54	bin-1-54	bin_1_54_04150	cds	contig_49	214483	0.4263	114195	115580	+	98903	461		Mannosylglucosyl-3-phosphoglycerate phosphatase	no	group_3197	en_familia	42	1.0000	core	core	no	no	no
bin_1_54	bin-1-54	bin_1_54_04151	cds	contig_49	214483	0.4263	115642	115944	+	98539	100	yunC	DUF1805 domain-containing protein	no	yunC	en_familia	42	1.0000	core	core	no	no	no
bin_1_54	bin-1-54	bin_1_54_04152	cds	contig_49	214483	0.4263	116120	117217	+	97266	365		HD-GYP domain-containing protein	no	rpfG	en_familia	42	1.0000	core	core	no	no	no
bin_1_54	bin-1-54	bin_1_54_04153	cds	contig_49	214483	0.4263	117240	117989	-	96494	249	yunB	sporulation protein YunB	no	yunB	en_familia	42	1.0000	core	core	no	no	no
bin_1_54	bin-1-54	bin_1_54_04154	cds	contig_49	214483	0.4263	118079	119062	-	95421	327		L-Ala--D-Glu endopeptidase	no	group_13447	en_familia	42	1.0000	core	core	no	no	no
bin_1_54	bin-1-54	bin_1_54_04155	cds	contig_49	214483	0.4263	119250	120164	+	94319	304	lipA	lipoyl synthase	no	group_9206	en_familia	42	1.0000	core	core	no	no	no
bin_1_54	bin-1-54	bin_1_54_04156	cds	contig_49	214483	0.4263	120204	120866	-	93617	220		Sporulation protein	no	group_1934	en_familia	42	1.0000	core	core	no	no	no
bin_1_54	bin-1-54	bin_1_54_04157	cds	contig_49	214483	0.4263	120980	121255	+	93228	91	yutD	DUF1027 domain-containing protein	no	yutD	en_familia	42	1.0000	core	core	no	no	no
bin_1_54	bin-1-54	bin_1_54_04158	cds	contig_49	214483	0.4263	121286	121573	-	92910	95		Cytosolic protein	no	group_13625	en_familia	42	1.0000	core	core	no	no	no
bin_1_54	bin-1-54	bin_1_54_04159	cds	contig_49	214483	0.4263	121644	121910	-	92573	88		Cytosolic protein	no	group_6578	en_familia	42	1.0000	core	core	no	no	no
bin_1_54	bin-1-54	bin_1_54_04160	cds	contig_49	214483	0.4263	122236	122673	+	91810	145	yutE	DUF86 domain-containing protein	no	yutE	en_familia	42	1.0000	core	core	no	no	no
bin_1_54	bin-1-54	bin_1_54_04161	cds	contig_49	214483	0.4263	122698	123465	+	91018	255	nagD	Acid sugar phosphatase	no	nagD	en_familia	42	1.0000	core	core	no	no	no
bin_1_54	bin-1-54	bin_1_54_04162	cds	contig_49	214483	0.4263	123428	123565	+	90918	45		hypothetical protein	no		no_en_pangenoma			no_en_pangenoma	no_en_pangenoma			no
bin_1_54	bin-1-54	bin_1_54_04163	cds	contig_49	214483	0.4263	123527	124024	-	90459	165	pgpA	YutG/PgpA domain-containing protein	no	group_13349	en_familia	42	1.0000	core	core	no	no	no
bin_1_54	bin-1-54	bin_1_54_04164	cds	contig_49	214483	0.4263	124231	125232	+	89251	333	yutH	spore coat putative kinase YutH	no	yutH	en_familia	42	1.0000	core	core	no	no	no
bin_1_54	bin-1-54	bin_1_54_04165	cds	contig_49	214483	0.4263	125338	126252	+	88231	304		L,D-TPase catalytic domain-containing protein	no	group_6015	en_familia	42	1.0000	core	core	no	no	no
bin_1_54	bin-1-54	bin_1_54_04166	cds	contig_49	214483	0.4263	126453	127751	+	86732	432	thrA	Homoserine dehydrogenase	no	thrA	en_familia	42	1.0000	core	core	no	no	no
bin_1_54	bin-1-54	bin_1_54_04167	cds	contig_49	214483	0.4263	127748	128809	+	85674	353	thrC	threonine synthase	no	thrC	en_familia	42	1.0000	core	core	no	no	no
bin_1_54	bin-1-54	bin_1_54_04168	cds	contig_49	214483	0.4263	128806	129750	+	84733	314	thrB	homoserine kinase	no	thrB	en_familia	42	1.0000	core	core	no	no	no
bin_1_54	bin-1-54	bin_1_54_04169	cds	contig_49	214483	0.4263	129946	130182	-	84301	78	nifU	NIF system FeS cluster assembly NifU C-terminal domain-containing protein	no	nifU	en_familia	42	1.0000	core	core	no	no	no
bin_1_54	bin-1-54	bin_1_54_04170	cds	contig_49	214483	0.4263	130347	130676	+	83807	109		Disulfide oxidoreductase	no	group_2881	en_familia	42	1.0000	core	core	no	no	no
bin_1_54	bin-1-54	bin_1_54_04171	cds	contig_49	214483	0.4263	130749	131816	-	82667	355	yjlD	NADH dehydrogenase-like protein YjlD	no	yjlD	en_familia	42	1.0000	core	core	no	no	no
bin_1_54	bin-1-54	bin_1_54_04172	cds	contig_49	214483	0.4263	132105	132341	+	82142	78	yuzB	UPF0349 protein ABE28_021590	no	group_13300	en_familia	42	1.0000	core	core	no	no	no
bin_1_54	bin-1-54	bin_1_54_04173	cds	contig_49	214483	0.4263	133312	133674	+	80809	120	iscA	FeS cluster biogenesis domain-containing protein	no	iscA	en_familia	42	1.0000	core	core	no	no	no
bin_1_54	bin-1-54	bin_1_54_04174	cds	contig_49	214483	0.4263	133932	134471	-	80012	179	yhfK	Sugar epimerase YhfK	no	yhfK	en_familia	35	0.8333	shell	shell	si	no	no
bin_1_54	bin-1-54	bin_1_54_04175	cds	contig_49	214483	0.4263	134698	135690	-	78793	330	trxB	Ferredoxin--NADP reductase	no	group_13984	en_familia	42	1.0000	core	core	no	no	no
bin_1_54	bin-1-54	bin_1_54_04176	cds	contig_49	214483	0.4263	136165	137379	+	77104	404	ndh	NAD(P)/FAD-dependent oxidoreductase	no	group_13361	en_familia	42	1.0000	core	core	no	no	no
bin_1_54	bin-1-54	bin_1_54_04177	cds	contig_49	214483	0.4263	137567	138049	+	76434	160	yjhB	Phosphatase NudJ	no	group_14247	en_familia	42	1.0000	core	core	no	no	no
bin_1_54	bin-1-54	bin_1_54_04178	cds	contig_49	214483	0.4263	138158	138475	+	76008	105	yuiB	Membrane protein YuiB	no	yuiB	en_familia	42	1.0000	core	core	no	no	no
bin_1_54	bin-1-54	bin_1_54_04179	cds	contig_49	214483	0.4263	138816	139517	+	74966	233		3D domain-containing protein	no	group_12222	en_familia	42	1.0000	core	core	no	no	no
bin_1_54	bin-1-54	bin_1_54_04180	cds	contig_49	214483	0.4263	139578	140366	-	74117	262		Vitamin B12-binding protein	no	group_2553	en_familia	42	1.0000	core	core	no	no	no
bin_1_54	bin-1-54	bin_1_54_04181	cds	contig_49	214483	0.4263	140376	140858	-	73625	160	yuiD	Divergent PAP2 family protein	no	yuiD	en_familia	42	1.0000	core	core	no	no	no
bin_1_54	bin-1-54	bin_1_54_04182	cds	contig_49	214483	0.4263	141130	142635	+	71848	501	pepB	leucyl aminopeptidase	no	pepB	en_familia	42	1.0000	core	core	no	no	no
bin_1_54	bin-1-54	bin_1_54_04183	cds	contig_49	214483	0.4263	142699	143070	-	71413	123		Inner spore coat protein	no	group_1012	en_familia	42	1.0000	core	core	no	no	no
bin_1_54	bin-1-54	bin_1_54_04184	cds	contig_49	214483	0.4263	143324	144073	+	70410	249	ribA	GTP cyclohydrolase II	no	ribA	en_familia	42	1.0000	core	core	no	no	no
bin_1_54	bin-1-54	bin_1_54_04185	cds	contig_49	214483	0.4263	144087	145181	+	69302	364	ribD	bifunctional diaminohydroxyphosphoribosylaminopyrimidine deaminase/5-amino-6-(5-phosphoribosylamino)uracil reductase RibD	no	ribD	en_familia	42	1.0000	core	core	no	no	no
bin_1_54	bin-1-54	bin_1_54_04186	cds	contig_49	214483	0.4263	145205	146302	+	68181	365	rdmE	Aklavinone 12-hydroxylase RdmE	no	group_3452	en_familia	42	1.0000	core	core	no	no	no
bin_1_54	bin-1-54	bin_1_54_04187	cds	contig_49	214483	0.4263	146318	146881	+	67602	187	yqfW	Nucleotidase	no	yqfW	en_familia	42	1.0000	core	core	no	no	no
bin_1_54	bin-1-54	bin_1_54_04188	cds	contig_49	214483	0.4263	146997	147395	+	67088	132		Esterase PA1618	no	group_2456	en_familia	42	1.0000	core	core	no	no	no
bin_1_54	bin-1-54	bin_1_54_04189	cds	contig_49	214483	0.4263	147491	148210	+	66273	239		MOSC domain-containing protein	no	group_3464	en_familia	42	1.0000	core	core	no	no	no
bin_1_54	bin-1-54	bin_1_54_04190	cds	contig_49	214483	0.4263	148264	148602	-	65881	112	mnhG	monovalent cation/H(+) antiporter subunit G	no	mnhG	en_familia	42	1.0000	core	core	no	no	no
bin_1_54	bin-1-54	bin_1_54_04191	cds	contig_49	214483	0.4263	148586	148870	-	65613	94	mnhF	Na(+)/H(+) antiporter subunit F1	no	mnhF	en_familia	42	1.0000	core	core	no	no	no
bin_1_54	bin-1-54	bin_1_54_04192	cds	contig_49	214483	0.4263	148870	149346	-	65137	158	mnhE	Na+/H+ antiporter subunit E	no	mnhE	en_familia	42	1.0000	core	core	no	no	no
bin_1_54	bin-1-54	bin_1_54_04193	cds	contig_49	214483	0.4263	149353	150834	-	63649	493	hyfB	Na+/H+ antiporter subunit D	no	hyfB	en_familia	42	1.0000	core	core	no	no	no
bin_1_54	bin-1-54	bin_1_54_04194	cds	contig_49	214483	0.4263	150827	151168	-	63315	113	mnhC	Na(+)/H(+) antiporter subunit C	no	mnhC	en_familia	42	1.0000	core	core	no	no	no
bin_1_54	bin-1-54	bin_1_54_04195	cds	contig_49	214483	0.4263	151168	151590	-	62893	140	mnhB	Na(+)/H(+) antiporter subunit B	no	mnhB	en_familia	42	1.0000	core	core	no	no	no
bin_1_54	bin-1-54	bin_1_54_04196	cds	contig_49	214483	0.4263	151587	153992	-	60491	801	mnhB	Na+/H+ antiporter subunit A	no	group_2658	en_familia	42	1.0000	core	core	no	no	no
bin_1_54	bin-1-54	bin_1_54_04197	cds	contig_49	214483	0.4263	154326	154883	+	59600	185		Yip1 domain-containing protein	no	group_8523	en_familia	32	0.7619	shell	shell	si	no	no
bin_1_54	bin-1-54	bin_1_54_04198	cds	contig_49	214483	0.4263	155398	157257	-	57226	619		peptidoglycan glycosyltransferase	no	group_11690	en_familia	42	1.0000	core	core	no	no	no
bin_1_54	bin-1-54	bin_1_54_04199	cds	contig_49	214483	0.4263	157516	158139	+	56344	207	kapD	3'-5' exonuclease KapD	no	kapD	en_familia	42	1.0000	core	core	no	no	no
bin_1_54	bin-1-54	bin_1_54_04200	cds	contig_49	214483	0.4263	158177	158563	-	55920	128		Kinase-associated lipoprotein B	no	group_13786	en_familia	42	1.0000	core	core	no	no	no
bin_1_54	bin-1-54	bin_1_54_04201	cds	contig_49	214483	0.4263	158742	159332	+	55151	196	ppiB	Peptidyl-prolyl cis-trans isomerase	no	group_12949	en_familia	42	1.0000	core	core	no	no	no
bin_1_54	bin-1-54	bin_1_54_04202	cds	contig_49	214483	0.4263	159466	159690	+	54793	74		hypothetical protein	no	group_8733	en_familia	42	1.0000	core	core	no	no	no
bin_1_54	bin-1-54	bin_1_54_04203	cds	contig_49	214483	0.4263	159853	160335	+	54148	160		N-acetyltransferase domain-containing protein	no	group_14246	en_familia	42	1.0000	core	core	no	no	no
bin_1_54	bin-1-54	bin_1_54_04204	cds	contig_49	214483	0.4263	160376	160990	+	53493	204		YvbH-like oligomerisation region	no	group_12742	en_familia	42	1.0000	core	core	no	no	no
bin_1_54	bin-1-54	bin_1_54_04205	cds	contig_49	214483	0.4263	161031	161888	-	52595	285		Manganese catalase	no	group_2401	en_familia	42	1.0000	core	core	no	no	no
bin_1_54	bin-1-54	bin_1_54_04206	cds	contig_49	214483	0.4263	162032	162787	+	51696	251		Zinc finger DksA/TraR C4-type domain-containing protein	no	group_5158	en_familia	42	1.0000	core	core	no	no	no
bin_1_54	bin-1-54	bin_1_54_04207	cds	contig_49	214483	0.4263	162827	164002	-	50481	391		cysteine-S-conjugate beta-lyase	no	group_3267	en_familia	42	1.0000	core	core	no	no	no
bin_1_54	bin-1-54	bin_1_54_04208	cds	contig_49	214483	0.4263	164106	164366	+	50117	86		DUF1871 domain-containing protein	no	group_5211	en_familia	42	1.0000	core	core	no	no	no
bin_1_54	bin-1-54	bin_1_54_04209	cds	contig_49	214483	0.4263	164905	165747	-	48736	280		4,5:9,10-diseco-3-hydroxy-5,9, 17-trioxoandrosta-1(10),2-diene-4-oate hydrolase	no	group_2520	en_familia	42	1.0000	core	core	no	no	no
bin_1_54	bin-1-54	bin_1_54_04210	cds	contig_49	214483	0.4263	166051	166551	+	47932	166	lrp	Transcription regulator AsnC/Lrp ligand binding domain-containing protein	no	group_13999	en_familia	42	1.0000	core	core	no	no	no
bin_1_54	bin-1-54	bin_1_54_04211	cds	contig_49	214483	0.4263	166548	167717	+	46766	389	aspB	aminotransferase	no	group_5273	en_familia	42	1.0000	core	core	no	no	no
bin_1_54	bin-1-54	bin_1_54_04212	cds	contig_49	214483	0.4263	167876	168229	-	46254	117		HTH cro/C1-type domain-containing protein	no	group_1275	en_familia	42	1.0000	core	core	no	no	no
bin_1_54	bin-1-54	bin_1_54_04213	cds	contig_49	214483	0.4263	168368	169711	-	44772	447		Sodium-dependent transporter	no	group_3150	en_familia	42	1.0000	core	core	no	no	no
bin_1_54	bin-1-54	bin_1_54_04214	cds	contig_49	214483	0.4263	170053	170457	+	44026	134	yugI	S1 domain-containing post-transcriptional regulator GSP13	no	yugI	en_familia	42	1.0000	core	core	no	no	no
bin_1_54	bin-1-54	bin_1_54_04215	cds	contig_49	214483	0.4263	170595	170828	-	43655	77	yuzA	DUF378 domain-containing protein	no	yuzA	en_familia	42	1.0000	core	core	no	no	no
bin_1_54	bin-1-54	bin_1_54_04216	cds	contig_49	214483	0.4263	171032	172195	+	42288	387	yqdH	Alcohol dehydrogenase iron-type/glycerol dehydrogenase GldA domain-containing protein	no	yqdH	en_familia	42	1.0000	core	core	no	no	no
bin_1_54	bin-1-54	bin_1_54_04217	cds	contig_49	214483	0.4263	172344	173690	+	40793	448	pgi	glucose-6-phosphate isomerase	no	pgi	en_familia	42	1.0000	core	core	no	no	no
bin_1_54	bin-1-54	bin_1_54_04218	cds	contig_49	214483	0.4263	173864	174268	+	40215	134		YugN-like family protein	no	group_3585	en_familia	42	1.0000	core	core	no	no	no
bin_1_54	bin-1-54	bin_1_54_04219	cds	contig_49	214483	0.4263	174265	175257	-	39226	330		Potassium channel protein	no	group_5581	en_familia	42	1.0000	core	core	no	no	no
bin_1_54	bin-1-54	bin_1_54_04220	cds	contig_49	214483	0.4263	175502	176788	-	37695	428	sleL	Spore germination protein YaaH	no	sleL	en_familia	42	1.0000	core	core	no	no	no
bin_1_54	bin-1-54	bin_1_54_04221	cds	contig_49	214483	0.4263	176954	177163	+	37320	69		Spore protein	no	group_1359	en_familia	42	1.0000	core	core	no	no	no
bin_1_54	bin-1-54	bin_1_54_04222	cds	contig_49	214483	0.4263	177224	177973	-	36510	249		GP-PDE domain-containing protein	no	group_3219	en_familia	42	1.0000	core	core	no	no	no
bin_1_54	bin-1-54	bin_1_54_04223	cds	contig_49	214483	0.4263	178121	178948	+	35535	275	uppP	undecaprenyl-diphosphate phosphatase	no	group_4747	en_familia	42	1.0000	core	core	no	no	no
bin_1_54	bin-1-54	bin_1_54_04224	cds	contig_49	214483	0.4263	179324	180646	+	33837	440		Serine/threonine protein kinase	no	group_1486	en_familia	42	1.0000	core	core	no	no	no
bin_1_54	bin-1-54	bin_1_54_04225	cds	contig_49	214483	0.4263	180792	181985	+	32498	397	araJ	Permease	no	group_3256	en_familia	42	1.0000	core	core	no	no	no
bin_1_54	bin-1-54	bin_1_54_04226	cds	contig_49	214483	0.4263	182085	182414	+	32069	109		DUF3139 domain-containing protein	no	group_13147	en_familia	42	1.0000	core	core	no	no	no
bin_1_54	bin-1-54	bin_1_54_04227	cds	contig_49	214483	0.4263	182523	182666	-	31817	47		hypothetical protein	no	group_3257	en_familia	42	1.0000	core	core	no	no	no
bin_1_54	bin-1-54	bin_1_54_04228	cds	contig_49	214483	0.4263	182812	183675	+	30808	287		STAS domain-containing protein	no	group_3096	en_familia	42	1.0000	core	core	no	no	no
bin_1_54	bin-1-54	bin_1_54_04229	cds	contig_49	214483	0.4263	183855	184292	+	30191	145		hypothetical protein	no	group_12692	en_familia	42	1.0000	core	core	no	no	no
bin_1_54	bin-1-54	bin_1_54_04230	cds	contig_49	214483	0.4263	184567	186933	+	27550	788	pvdQ	Penicillin acylase 2	no	pvdQ	en_familia	42	1.0000	core	core	no	no	no
bin_1_54	bin-1-54	bin_1_54_04231	cds	contig_49	214483	0.4263	186985	187203	-	27280	72	rsoA	Sigma-O factor regulatory protein RsoA	no	rsoA	en_familia	42	1.0000	core	core	no	no	no
bin_1_54	bin-1-54	bin_1_54_04232	cds	contig_49	214483	0.4263	187196	187819	-	26664	207		RNA polymerase sigma-70 region 4 domain-containing protein	no	group_3420	en_familia	42	1.0000	core	core	no	no	no
bin_1_54	bin-1-54	bin_1_54_04233	cds	contig_49	214483	0.4263	187976	188140	+	26343	54	yvrJ	YvrJ family protein	no	group_13568	en_familia	42	1.0000	core	core	no	no	no
bin_1_54	bin-1-54	bin_1_54_04234	cds	contig_49	214483	0.4263	188543	189361	+	25122	272		Ribosomal-protein-alanine acetyltransferase	no	group_46	en_familia	42	1.0000	core	core	no	no	no
bin_1_54	bin-1-54	bin_1_54_04235	cds	contig_49	214483	0.4263	189402	189860	+	24623	152	dinB	DinB family protein	no	group_5507	en_familia	42	1.0000	core	core	no	no	no
bin_1_54	bin-1-54	bin_1_54_04236	cds	contig_49	214483	0.4263	190178	193996	+	20487	1272	ushA	bifunctional 2',3'-cyclic-nucleotide 2'-phosphodiesterase/3'-nucleotidase	no	ushA	en_familia	42	1.0000	core	core	no	no	no
bin_1_54	bin-1-54	bin_1_54_04237	cds	contig_49	214483	0.4263	194242	194619	-	19864	125		TspO/MBR family protein	no	group_3886	en_familia	31	0.7381	shell	shell	si	no	no
bin_1_54	bin-1-54	bin_1_54_04238	cds	contig_49	214483	0.4263	194576	194674	-	19809	32		hypothetical protein	no	group_5704	en_familia	6	0.1429	cloud	cloud	si	si	no
bin_1_54	bin-1-54	bin_1_54_04239	cds	contig_49	214483	0.4263	194819	195682	+	18801	287		DUF4349 domain-containing protein	no	group_3932	en_familia	42	1.0000	core	core	no	no	no
bin_1_54	bin-1-54	bin_1_54_04240	cds	contig_49	214483	0.4263	195729	197096	-	17387	455	ansP	Transport protein YifK	no	ansP	en_familia	42	1.0000	core	core	no	no	no
bin_1_54	bin-1-54	bin_1_54_04241	cds	contig_49	214483	0.4263	197415	198572	-	15911	385		Extracellular ribonuclease	no	yhcR	en_familia	25	0.5952	shell	shell	si	no	no
bin_1_54	bin-1-54	bin_1_54_04242	cds	contig_49	214483	0.4263	198773	199120	-	15363	115	yvlD	Phage holin family protein	no	yvlD	en_familia	42	1.0000	core	core	no	no	no
bin_1_54	bin-1-54	bin_1_54_04243	cds	contig_49	214483	0.4263	199596	200486	-	13997	296		HTH tetR-type domain-containing protein	no	group_12922	en_familia	42	1.0000	core	core	no	no	no
bin_1_54	bin-1-54	bin_1_54_04244	cds	contig_49	214483	0.4263	201105	202559	+	11924	484	katA	catalase KatA	no	katA	en_familia	42	1.0000	core	core	no	no	no
bin_1_54	bin-1-54	bin_1_54_04245	cds	contig_49	214483	0.4263	203022	203654	+	10829	210		Glycosyl transferase, group 2 family protein	no	group_1113	en_familia	42	1.0000	core	core	no	no	no
bin_1_54	bin-1-54	bin_1_54_04246	cds	contig_49	214483	0.4263	203715	204908	+	9575	397		Gamma-D-glutamyl-L-diamino acid endopeptidase 1	no	group_5434	en_familia	41	0.9762	core	core	no	no	no
bin_1_54	bin-1-54	bin_1_54_04247	cds	contig_49	214483	0.4263	205349	205675	-	8808	108		Regulatory protein	no	group_3206	en_familia	27	0.6429	shell	shell	si	no	no
bin_1_54	bin-1-54	bin_1_54_04248	cds	contig_49	214483	0.4263	205952	207112	+	7371	386	purT	phosphoribosylglycinamide formyltransferase 2	no	purT	en_familia	42	1.0000	core	core	no	no	no
bin_1_54	bin-1-54	bin_1_54_04249	cds	contig_49	214483	0.4263	207790	209157	+	5326	455		Alkaline phosphatase 3	no	group_14356	en_familia	41	0.9762	core	core	no	no	no
bin_1_54	bin-1-54	bin_1_54_04250	cds	contig_49	214483	0.4263	209178	209825	+	4658	215		DUF4352 domain-containing protein	no	group_3002	en_familia	42	1.0000	core	core	no	no	no
bin_1_54	bin-1-54	bin_1_54_04251	cds	contig_49	214483	0.4263	210289	210663	+	3820	124	uvrC	GIY-YIG domain-containing protein	no	group_3001	en_familia	42	1.0000	core	core	no	no	no
bin_1_54	bin-1-54	bin_1_54_04252	cds	contig_49	214483	0.4263	210818	210988	+	3495	56		hypothetical protein	no	group_2724	en_familia	42	1.0000	core	core	no	no	no
bin_1_54	bin-1-54	bin_1_54_04253	cds	contig_49	214483	0.4263	211377	212570	+	1913	397	yciC	Metal chaperone YciC	no	yciC	en_familia	42	1.0000	core	core	no	no	no
bin_1_54	bin-1-54	bin_1_54_04254	cds	contig_49	214483	0.4263	212593	212742	+	1741	49	rpmG	50S ribosomal protein L33	no	rpmG	en_familia	41	0.9762	core	core	no	no	no
bin_1_54	bin-1-54	bin_1_54_04255	cds	contig_49	214483	0.4263	212809	213978	+	505	389		Lysine N(6)-hydroxylase/L-ornithine N(5)-oxygenase family protein	no	group_3929	en_familia	27	0.6429	shell	shell	si	no	no
bin_1_54	bin-1-54	bin_1_54_04256	cds	contig_49	214483	0.4263	214019	214288	+	195	89	rpsN	30S ribosomal protein S14	no	rpsN	en_familia	41	0.9762	core	core	no	no	no
