slug	linaje_id	id	accession	nivel	peso_drep	representante_gtdb	cepa_tipo	habitat	patron_habitat	isolation_source	pais	continente	latam	assembly_level	contigs	n50	completitud	contaminacion	genome_size	fuente
L14_Bacillus_licheniformis	L14	GCF_021045185_1	GCF_021045185.1	T2	0	no	no	desconocido		none	South Africa	Africa	no	Scaffold	191	36462	100.0	0.05	4110075	RefSeq
L14_Bacillus_licheniformis	L14	GCF_002271465_1	GCF_002271465.1	T2	0	no	no	alimento_industrial	\b(food|milk|buttermilk|cheese|dairy|meat|sausage|fermented|fermentation|kimchi|soy|natto|doenjang|cheonggukjang|bread|dough|soup|beverage|juice|wine|beer|liquor|maotai|daqu|pit mud|vinegar|tea|cocoa|coffee|honey|industrial|factory|probiotic|feed|silage|starter|brine|pickle|enzym|amylase|protease|product|heroin)	uncut heroin sample	desconocido	desconocido	no	Contig	112	145278	100.0	0.16	4288329	RefSeq
L14_Bacillus_licheniformis	L14	GCF_001587315_1	GCF_001587315.1	T2	0	no	no	alimento_industrial	\b(food|milk|buttermilk|cheese|dairy|meat|sausage|fermented|fermentation|kimchi|soy|natto|doenjang|cheonggukjang|bread|dough|soup|beverage|juice|wine|beer|liquor|maotai|daqu|pit mud|vinegar|tea|cocoa|coffee|honey|industrial|factory|probiotic|feed|silage|starter|brine|pickle|enzym|amylase|protease|product|heroin)	Mushroom soup (12h 60 C degree)	Netherlands	Europa	no	Scaffold	82	93448	100.0	0.04	4288014	RefSeq
L14_Bacillus_licheniformis	L14	GCF_001914255_1	GCF_001914255.1	T2	0	no	no	agua_sedimento	\b(water|freshwater|marine|sea|ocean|lake|river|creek|stream|sediment|estuar|wastewater|effluent|sewage|sludge|hot spring|spring|pond|lagoon|saline|salt|hypersaline|groundwater|aquifer|glacier|ice|snow|permafrost)	heated water in contact with grass/sediment layer	USA	America_del_Norte	no	Chromosome	39	253807	100.0	0.15	4275585	RefSeq
L14_Bacillus_licheniformis	L14	GCF_003583315_1	GCF_003583315.1	T2	0	no	no	agua_sedimento	\b(water|freshwater|marine|sea|ocean|lake|river|creek|stream|sediment|estuar|wastewater|effluent|sewage|sludge|hot spring|spring|pond|lagoon|saline|salt|hypersaline|groundwater|aquifer|glacier|ice|snow|permafrost)	Marine	India	Asia	no	Contig	24	662416	100.0	0.1	4265203	RefSeq
L14_Bacillus_licheniformis	L14	GCF_002272365_1	GCF_002272365.1	T2	0	no	no	alimento_industrial	\b(food|milk|buttermilk|cheese|dairy|meat|sausage|fermented|fermentation|kimchi|soy|natto|doenjang|cheonggukjang|bread|dough|soup|beverage|juice|wine|beer|liquor|maotai|daqu|pit mud|vinegar|tea|cocoa|coffee|honey|industrial|factory|probiotic|feed|silage|starter|brine|pickle|enzym|amylase|protease|product|heroin)	uncut heroin sample	desconocido	desconocido	no	Contig	99	133452	100.0	0.29	4350557	RefSeq
L14_Bacillus_licheniformis	L14	GCF_944993355_1	GCF_944993355.1	T2	0	no	no	alimento_industrial	\b(food|milk|buttermilk|cheese|dairy|meat|sausage|fermented|fermentation|kimchi|soy|natto|doenjang|cheonggukjang|bread|dough|soup|beverage|juice|wine|beer|liquor|maotai|daqu|pit mud|vinegar|tea|cocoa|coffee|honey|industrial|factory|probiotic|feed|silage|starter|brine|pickle|enzym|amylase|protease|product|heroin)	Alpha-amylase enzym 4g (Coobra)	desconocido	desconocido	no	Contig	42	182134	99.99	0.05	4122964	RefSeq
L14_Bacillus_licheniformis	L14	GCF_018274685_1	GCF_018274685.1	T2	0	no	no	agua_sedimento	\b(water|freshwater|marine|sea|ocean|lake|river|creek|stream|sediment|estuar|wastewater|effluent|sewage|sludge|hot spring|spring|pond|lagoon|saline|salt|hypersaline|groundwater|aquifer|glacier|ice|snow|permafrost)	geothermal lake	Philippines	Asia	no	Contig	38	744212	100.0	0.15	4342458	RefSeq
L14_Bacillus_licheniformis	L14	GCF_002271715_1	GCF_002271715.1	T2	0	no	no	alimento_industrial	\b(food|milk|buttermilk|cheese|dairy|meat|sausage|fermented|fermentation|kimchi|soy|natto|doenjang|cheonggukjang|bread|dough|soup|beverage|juice|wine|beer|liquor|maotai|daqu|pit mud|vinegar|tea|cocoa|coffee|honey|industrial|factory|probiotic|feed|silage|starter|brine|pickle|enzym|amylase|protease|product|heroin)	uncut heroin sample	desconocido	desconocido	no	Contig	127	115453	100.0	0.04	4220124	RefSeq
L14_Bacillus_licheniformis	L14	GCF_028857455_1	GCF_028857455.1	T2	0	no	no	alimento_industrial	\b(food|milk|buttermilk|cheese|dairy|meat|sausage|fermented|fermentation|kimchi|soy|natto|doenjang|cheonggukjang|bread|dough|soup|beverage|juice|wine|beer|liquor|maotai|daqu|pit mud|vinegar|tea|cocoa|coffee|honey|industrial|factory|probiotic|feed|silage|starter|brine|pickle|enzym|amylase|protease|product|heroin)	skim milk powder (medium heat)	Ireland	Europa	no	Contig	40	378984	100.0	0.03	4122687	RefSeq
L14_Bacillus_licheniformis	L14	GCF_019036885_1	GCF_019036885.1	T2	0	no	no	otro_ambiental	\b(environment|air|aerosol|clean ?room|spacecraft|space station|surface|elevator|button|indoor|oil|petroleum|hydrocarbon|contaminat|polluted|biofilm|pipeline|volcan|geothermal|radioactive)	cleanroom floor	USA	America_del_Norte	no	Contig	21	697462	100.0	0.08	4203797	RefSeq
L14_Bacillus_licheniformis	L14	GCF_030520185_1	GCF_030520185.1	T2	0	no	no	suelo	\b(soil|compost|biocompost|manure|humus|peat|farmland|arable|field|agricultural|greenhouse|plastic house|forest|garden|sand)	soil	Russia	Europa	no	Complete Genome	1	4296212	100.0	0.21	4296212	RefSeq
L14_Bacillus_licheniformis	L14	GCF_004119755_1	GCF_004119755.1	T2	0	no	no	alimento_industrial	\b(food|milk|buttermilk|cheese|dairy|meat|sausage|fermented|fermentation|kimchi|soy|natto|doenjang|cheonggukjang|bread|dough|soup|beverage|juice|wine|beer|liquor|maotai|daqu|pit mud|vinegar|tea|cocoa|coffee|honey|industrial|factory|probiotic|feed|silage|starter|brine|pickle|enzym|amylase|protease|product|heroin)	food	South Korea	Asia	no	Complete Genome	1	4419047	100.0	0.04	4419047	RefSeq
L14_Bacillus_licheniformis	L14	GCF_020686805_1	GCF_020686805.1	T2	0	no	no	planta	\b(plant|root|rhizosphere|leaf|leaves|phyllosphere|seed|endophyt|stem|flower|fruit|apple|tree|maize|corn|wheat|tomato|potato|cotton|tobacco|grass\b|moss|lichen|algae|alga)	leaf	Tunisia	Africa	no	Contig	43	392589	100.0	0.07	4173111	RefSeq
L14_Bacillus_licheniformis	L14	GCF_000186125_1	GCF_000186125.1	T2	0	no	no	clinico_humano	\b(human|homo sapiens|patient|clinical|hospital|blood|urine|feces|faeces|fecal|faecal|stool|sputum|gut\b|wound|abscess|catheter|endovascular|duodenum|conjunctiva|nasal|nasopharyn|oral|saliva|vagina|skin|kidney|pus|cerebrospinal|bronch|infant|neonat|biopsy|swab)	oral swab from a patient with Crohn s disease	desconocido	desconocido	no	Scaffold	49	348402	100.0	0.95	4369552	RefSeq
L14_Bacillus_licheniformis	L14	GCF_000011645_1	GCF_000011645.1	T0	1000	si	si	desconocido		none	desconocido	desconocido	no	Complete Genome	1	4222597	100.0	0.15	4222597	RefSeq
L14_Bacillus_licheniformis	L14	GCF_007831215_1	GCF_007831215.1	T2	0	no	no	desconocido		none	desconocido	desconocido	no	Scaffold	27	296546	100.0	0.15	4148986	RefSeq
L14_Bacillus_licheniformis	L14	GCF_007994285_1	GCF_007994285.1	T2	0	no	no	desconocido		none	Germany	Europa	no	Scaffold	30	291263	100.0	0.05	4386821	RefSeq
L14_Bacillus_licheniformis	L14	GCF_028857235_1	GCF_028857235.1	T2	0	no	no	alimento_industrial	\b(food|milk|buttermilk|cheese|dairy|meat|sausage|fermented|fermentation|kimchi|soy|natto|doenjang|cheonggukjang|bread|dough|soup|beverage|juice|wine|beer|liquor|maotai|daqu|pit mud|vinegar|tea|cocoa|coffee|honey|industrial|factory|probiotic|feed|silage|starter|brine|pickle|enzym|amylase|protease|product|heroin)	skim milk powder (medium heat)	Ireland	Europa	no	Contig	43	1097076	100.0	0.11	4293449	RefSeq
L14_Bacillus_licheniformis	L14	GCF_009905595_1	GCF_009905595.1	T2	0	no	no	agua_sedimento	\b(water|freshwater|marine|sea|ocean|lake|river|creek|stream|sediment|estuar|wastewater|effluent|sewage|sludge|hot spring|spring|pond|lagoon|saline|salt|hypersaline|groundwater|aquifer|glacier|ice|snow|permafrost)	sediment soil	China	Asia	no	Contig	35	605518	100.0	0.14	4171111	RefSeq
L14_Bacillus_licheniformis	L14	GCF_003474315_1	GCF_003474315.1	T2	0	no	no	clinico_humano	\b(human|homo sapiens|patient|clinical|hospital|blood|urine|feces|faeces|fecal|faecal|stool|sputum|gut\b|wound|abscess|catheter|endovascular|duodenum|conjunctiva|nasal|nasopharyn|oral|saliva|vagina|skin|kidney|pus|cerebrospinal|bronch|infant|neonat|biopsy|swab)	feces	China	Asia	no	Scaffold	25	430273	100.0	2.85	4566820	RefSeq
L14_Bacillus_licheniformis	L14	GCF_007832035_1	GCF_007832035.1	T2	0	no	no	desconocido		none	desconocido	desconocido	no	Scaffold	29	240443	100.0	0.16	4169128	RefSeq
L14_Bacillus_licheniformis	L14	GCF_007832345_1	GCF_007832345.1	T2	0	no	no	desconocido		none	Denmark	Europa	no	Contig	39	243153	100.0	0.03	4269373	RefSeq
L14_Bacillus_licheniformis	L14	GCF_004362235_1	GCF_004362235.1	T2	0	no	no	desconocido		none	USA	America_del_Norte	no	Scaffold	20	1002259	100.0	0.12	4115730	RefSeq
L14_Bacillus_licheniformis	L14	GCF_007832425_1	GCF_007832425.1	T2	0	no	no	desconocido		none	desconocido	desconocido	no	Scaffold	47	180482	100.0	0.12	4078218	RefSeq
L14_Bacillus_licheniformis	L14	GCF_023713045_1	GCF_023713045.1	T2	0	no	no	otro_ambiental	\b(environment|air|aerosol|clean ?room|spacecraft|space station|surface|elevator|button|indoor|oil|petroleum|hydrocarbon|contaminat|polluted|biofilm|pipeline|volcan|geothermal|radioactive)	Cleanroom	USA	America_del_Norte	no	Contig	80	583595	100.0	0.26	4368190	RefSeq
L14_Bacillus_licheniformis	L14	GCF_007831815_1	GCF_007831815.1	T2	0	no	no	desconocido		none	Denmark	Europa	no	Contig	31	262026	100.0	0.12	4202992	RefSeq
L14_Bacillus_licheniformis	L14	GCF_000603965_1	GCF_000603965.1	T2	0	no	no	alimento_industrial	\b(food|milk|buttermilk|cheese|dairy|meat|sausage|fermented|fermentation|kimchi|soy|natto|doenjang|cheonggukjang|bread|dough|soup|beverage|juice|wine|beer|liquor|maotai|daqu|pit mud|vinegar|tea|cocoa|coffee|honey|industrial|factory|probiotic|feed|silage|starter|brine|pickle|enzym|amylase|protease|product|heroin)	concentrated milk	Australia	Oceania	no	Scaffold	37	528145	100.0	0.11	4112350	RefSeq
L14_Bacillus_licheniformis	L14	GCF_020686845_1	GCF_020686845.1	T2	0	no	no	planta	\b(plant|root|rhizosphere|leaf|leaves|phyllosphere|seed|endophyt|stem|flower|fruit|apple|tree|maize|corn|wheat|tomato|potato|cotton|tobacco|grass\b|moss|lichen|algae|alga)	leaf	Tunisia	Africa	no	Contig	46	392589	100.0	0.07	4178715	RefSeq
L14_Bacillus_licheniformis	L14	GCF_903970875_1	GCF_903970875.1	T2	0	no	no	planta	\b(plant|root|rhizosphere|leaf|leaves|phyllosphere|seed|endophyt|stem|flower|fruit|apple|tree|maize|corn|wheat|tomato|potato|cotton|tobacco|grass\b|moss|lichen|algae|alga)	Terminalia bellirica leaf	desconocido	desconocido	no	Contig	80	238213	100.0	0.06	4252220	RefSeq
L14_Bacillus_licheniformis	L14	GCF_028857565_1	GCF_028857565.1	T2	0	no	no	alimento_industrial	\b(food|milk|buttermilk|cheese|dairy|meat|sausage|fermented|fermentation|kimchi|soy|natto|doenjang|cheonggukjang|bread|dough|soup|beverage|juice|wine|beer|liquor|maotai|daqu|pit mud|vinegar|tea|cocoa|coffee|honey|industrial|factory|probiotic|feed|silage|starter|brine|pickle|enzym|amylase|protease|product|heroin)	skim milk powder (medium heat)	Ireland	Europa	no	Contig	49	444109	100.0	0.03	4261254	RefSeq
L14_Bacillus_licheniformis	L14	GCF_029857595_1	GCF_029857595.1	T0	1000	no	si	desconocido		none	desconocido	desconocido	no	Contig	2	4229796	100.0	0.26	4235446	RefSeq
L14_Bacillus_licheniformis	L14	GCF_023713785_1	GCF_023713785.1	T2	0	no	no	otro_ambiental	\b(environment|air|aerosol|clean ?room|spacecraft|space station|surface|elevator|button|indoor|oil|petroleum|hydrocarbon|contaminat|polluted|biofilm|pipeline|volcan|geothermal|radioactive)	Cleanroom	USA	America_del_Norte	no	Contig	55	2240388	100.0	0.21	4282357	RefSeq
L14_Bacillus_licheniformis	L14	GCF_002504325_1	GCF_002504325.1	T2	0	no	no	alimento_industrial	\b(food|milk|buttermilk|cheese|dairy|meat|sausage|fermented|fermentation|kimchi|soy|natto|doenjang|cheonggukjang|bread|dough|soup|beverage|juice|wine|beer|liquor|maotai|daqu|pit mud|vinegar|tea|cocoa|coffee|honey|industrial|factory|probiotic|feed|silage|starter|brine|pickle|enzym|amylase|protease|product|heroin)	milk;soil	China	Asia	no	Complete Genome	1	4260287	100.0	0.02	4260287	RefSeq
L14_Bacillus_licheniformis	L14	GCF_019880595_1	GCF_019880595.1	T2	0	no	no	desconocido		none	Malaysia	Asia	no	Contig	80	106510	100.0	0.07	4208724	RefSeq
L14_Bacillus_licheniformis	L14	GCF_028857435_1	GCF_028857435.1	T2	0	no	no	alimento_industrial	\b(food|milk|buttermilk|cheese|dairy|meat|sausage|fermented|fermentation|kimchi|soy|natto|doenjang|cheonggukjang|bread|dough|soup|beverage|juice|wine|beer|liquor|maotai|daqu|pit mud|vinegar|tea|cocoa|coffee|honey|industrial|factory|probiotic|feed|silage|starter|brine|pickle|enzym|amylase|protease|product|heroin)	skim milk powder (medium heat)	Ireland	Europa	no	Contig	51	511798	100.0	0.1	4177733	RefSeq
L14_Bacillus_licheniformis	L14	GCF_001726125_1	GCF_001726125.1	T2	0	no	no	alimento_industrial	\b(food|milk|buttermilk|cheese|dairy|meat|sausage|fermented|fermentation|kimchi|soy|natto|doenjang|cheonggukjang|bread|dough|soup|beverage|juice|wine|beer|liquor|maotai|daqu|pit mud|vinegar|tea|cocoa|coffee|honey|industrial|factory|probiotic|feed|silage|starter|brine|pickle|enzym|amylase|protease|product|heroin)	soybean paste	South Korea	Asia	no	Complete Genome	1	4422181	100.0	0.03	4422181	RefSeq
L14_Bacillus_licheniformis	L14	GCF_026789185_1	GCF_026789185.1	T2	0	no	no	desconocido		none	desconocido	desconocido	no	Scaffold	19	998507	100.0	0.11	4132395	RefSeq
L14_Bacillus_licheniformis	L14	GCF_026796095_1	GCF_026796095.1	T2	0	no	no	desconocido		none	desconocido	desconocido	no	Scaffold	65	128196	99.99	0.14	4269737	RefSeq
L14_Bacillus_licheniformis	L14	GCF_015557885_1	GCF_015557885.1	T2	0	no	no	clinico_humano	\b(human|homo sapiens|patient|clinical|hospital|blood|urine|feces|faeces|fecal|faecal|stool|sputum|gut\b|wound|abscess|catheter|endovascular|duodenum|conjunctiva|nasal|nasopharyn|oral|saliva|vagina|skin|kidney|pus|cerebrospinal|bronch|infant|neonat|biopsy|swab)	stool	USA	America_del_Norte	no	Scaffold	53	215644	100.0	0.14	4389082	RefSeq
L14_Bacillus_licheniformis	L14	GCF_008368515_1	GCF_008368515.1	T2	0	no	no	alimento_industrial	\b(food|milk|buttermilk|cheese|dairy|meat|sausage|fermented|fermentation|kimchi|soy|natto|doenjang|cheonggukjang|bread|dough|soup|beverage|juice|wine|beer|liquor|maotai|daqu|pit mud|vinegar|tea|cocoa|coffee|honey|industrial|factory|probiotic|feed|silage|starter|brine|pickle|enzym|amylase|protease|product|heroin)	Gergoush (Sudanese Bread snack) primary fermentation step	Sudan	Africa	no	Scaffold	30	302781	100.0	0.1	4162590	RefSeq
L14_Bacillus_licheniformis	L14	GCF_944993295_1	GCF_944993295.1	T2	0	no	no	alimento_industrial	\b(food|milk|buttermilk|cheese|dairy|meat|sausage|fermented|fermentation|kimchi|soy|natto|doenjang|cheonggukjang|bread|dough|soup|beverage|juice|wine|beer|liquor|maotai|daqu|pit mud|vinegar|tea|cocoa|coffee|honey|industrial|factory|probiotic|feed|silage|starter|brine|pickle|enzym|amylase|protease|product|heroin)	Alpha-amylase enzym 4g (Coobra)	desconocido	desconocido	no	Contig	27	709205	100.0	0.06	4153584	RefSeq
L14_Bacillus_licheniformis	L14	GCF_026788135_1	GCF_026788135.1	T2	0	no	no	desconocido		none	USA	America_del_Norte	no	Scaffold	109	309364	100.0	0.19	4482229	RefSeq
L14_Bacillus_licheniformis	L14	GCF_001896025_1	GCF_001896025.1	T2	0	no	no	sin_clasificar		rusted steel wire rope	China	Asia	no	Complete Genome	1	4162101	100.0	0.06	4162101	RefSeq
L14_Bacillus_licheniformis	L14	GCF_002272455_1	GCF_002272455.1	T2	0	no	no	alimento_industrial	\b(food|milk|buttermilk|cheese|dairy|meat|sausage|fermented|fermentation|kimchi|soy|natto|doenjang|cheonggukjang|bread|dough|soup|beverage|juice|wine|beer|liquor|maotai|daqu|pit mud|vinegar|tea|cocoa|coffee|honey|industrial|factory|probiotic|feed|silage|starter|brine|pickle|enzym|amylase|protease|product|heroin)	uncut heroin sample	desconocido	desconocido	no	Contig	70	159644	100.0	0.05	4255145	RefSeq
L14_Bacillus_licheniformis	L14	GCF_009965255_1	GCF_009965255.1	T2	0	no	no	suelo	\b(soil|compost|biocompost|manure|humus|peat|farmland|arable|field|agricultural|greenhouse|plastic house|forest|garden|sand)	soil	Brazil	America_Latina_Caribe	si	Contig	34	317403	100.0	0.14	4292816	RefSeq
L14_Bacillus_licheniformis	L14	GCF_026793035_1	GCF_026793035.1	T2	0	no	no	desconocido		none	desconocido	desconocido	no	Scaffold	30	687461	100.0	0.31	4280557	RefSeq
L14_Bacillus_licheniformis	L14	GCF_007831795_1	GCF_007831795.1	T2	0	no	no	desconocido		none	Philippines	Asia	no	Scaffold	53	155032	100.0	0.28	4286588	RefSeq
L14_Bacillus_licheniformis	L14	GCF_945957275_1	GCF_945957275.1	T2	0	no	no	desconocido		none	desconocido	desconocido	no	Contig	38	382110	100.0	0.11	4256127	RefSeq
L14_Bacillus_licheniformis	L14	GCF_018332815_1	GCF_018332815.1	T2	0	no	no	alimento_industrial	\b(food|milk|buttermilk|cheese|dairy|meat|sausage|fermented|fermentation|kimchi|soy|natto|doenjang|cheonggukjang|bread|dough|soup|beverage|juice|wine|beer|liquor|maotai|daqu|pit mud|vinegar|tea|cocoa|coffee|honey|industrial|factory|probiotic|feed|silage|starter|brine|pickle|enzym|amylase|protease|product|heroin)	honey	Japan	Asia	no	Scaffold	98	605353	100.0	0.48	4389442	RefSeq
L14_Bacillus_licheniformis	L14	GCF_007831745_1	GCF_007831745.1	T2	0	no	no	desconocido		none	Sudan	Africa	no	Scaffold	36	193398	100.0	0.03	4130810	RefSeq
L14_Bacillus_licheniformis	L14	GCF_028857255_1	GCF_028857255.1	T2	0	no	no	alimento_industrial	\b(food|milk|buttermilk|cheese|dairy|meat|sausage|fermented|fermentation|kimchi|soy|natto|doenjang|cheonggukjang|bread|dough|soup|beverage|juice|wine|beer|liquor|maotai|daqu|pit mud|vinegar|tea|cocoa|coffee|honey|industrial|factory|probiotic|feed|silage|starter|brine|pickle|enzym|amylase|protease|product|heroin)	Skim milk powder (medium heat)	Ireland	Europa	no	Contig	48	405549	100.0	0.19	4623884	RefSeq
L14_Bacillus_licheniformis	L14	GCF_002074135_1	GCF_002074135.1	T2	0	no	no	alimento_industrial	\b(food|milk|buttermilk|cheese|dairy|meat|sausage|fermented|fermentation|kimchi|soy|natto|doenjang|cheonggukjang|bread|dough|soup|beverage|juice|wine|beer|liquor|maotai|daqu|pit mud|vinegar|tea|cocoa|coffee|honey|industrial|factory|probiotic|feed|silage|starter|brine|pickle|enzym|amylase|protease|product|heroin)	Korean soybean paste	South Korea	Asia	no	Complete Genome	1	4405338	100.0	0.18	4405338	RefSeq
L14_Bacillus_licheniformis	L14	GCF_007831615_1	GCF_007831615.1	T2	0	no	no	desconocido		none	Denmark	Europa	no	Scaffold	27	244055	100.0	0.28	4334832	RefSeq
L14_Bacillus_licheniformis	L14	GCF_016629635_1	GCF_016629635.1	T1	500	no	no	petreo_arido	\b(rock|stone|granite|marble|limestone|sandstone|basalt|monument|heritage|mural|fresco|painting|building|facade|masonry|cave|desert|arid|dust|mine|mining|mineral|weathered|ruin|sculpture|statue|tomb|temple|amphora|ceramic|pottery|archaeolog)	mining drainage	Peru	America_Latina_Caribe	si	Contig	5	3385269	100.0	0.07	4282796	RefSeq
L14_Bacillus_licheniformis	L14	GCF_030348625_1	GCF_030348625.1	T2	0	no	no	suelo	\b(soil|compost|biocompost|manure|humus|peat|farmland|arable|field|agricultural|greenhouse|plastic house|forest|garden|sand)	grassland soil	Denmark	Europa	no	Contig	9	4291760	100.0	0.14	4378208	RefSeq
L14_Bacillus_licheniformis	L14	GCF_007994275_1	GCF_007994275.1	T2	0	no	no	desconocido		none	desconocido	desconocido	no	Contig	31	310299	100.0	0.03	4195732	RefSeq
L14_Bacillus_licheniformis	L14	GCF_015689075_1	GCF_015689075.1	T2	0	no	no	sin_clasificar		ENVO:00010483	China	Asia	no	Complete Genome	1	4268296	100.0	0.29	4268296	RefSeq
L14_Bacillus_licheniformis	L14	GCF_944993385_1	GCF_944993385.1	T2	0	no	no	alimento_industrial	\b(food|milk|buttermilk|cheese|dairy|meat|sausage|fermented|fermentation|kimchi|soy|natto|doenjang|cheonggukjang|bread|dough|soup|beverage|juice|wine|beer|liquor|maotai|daqu|pit mud|vinegar|tea|cocoa|coffee|honey|industrial|factory|probiotic|feed|silage|starter|brine|pickle|enzym|amylase|protease|product|heroin)	Alpha-amylase enzym 4g (Coobra)	desconocido	desconocido	no	Contig	25	841559	100.0	0.06	4153936	RefSeq
L14_Bacillus_licheniformis	L14	GCF_028857445_1	GCF_028857445.1	T2	0	no	no	alimento_industrial	\b(food|milk|buttermilk|cheese|dairy|meat|sausage|fermented|fermentation|kimchi|soy|natto|doenjang|cheonggukjang|bread|dough|soup|beverage|juice|wine|beer|liquor|maotai|daqu|pit mud|vinegar|tea|cocoa|coffee|honey|industrial|factory|probiotic|feed|silage|starter|brine|pickle|enzym|amylase|protease|product|heroin)	skim milk powder (medium heat)	Ireland	Europa	no	Contig	41	989612	100.0	0.13	4262610	RefSeq
L14_Bacillus_licheniformis	L14	GCF_007831245_1	GCF_007831245.1	T2	0	no	no	desconocido		none	desconocido	desconocido	no	Scaffold	29	222916	100.0	0.31	4308622	RefSeq
L14_Bacillus_licheniformis	L14	GCF_007831835_1	GCF_007831835.1	T2	0	no	no	desconocido		none	Sudan	Africa	no	Scaffold	69	124830	100.0	0.21	4325136	RefSeq
L14_Bacillus_licheniformis	L14	GCF_000477395_2	GCF_000477395.2	T2	0	no	no	animal	\b(animal|cattle|bovine|cow|calf|herd|pig|swine|porcine|chicken|poultry|avian|bird|fish|shrimp|insect|bee|honeybee|mosquito|termite|larva|moth\b|meal moth|spider|rumen|caecum|cecum|excreta|mouse|mice|rat|horse|equine|dog|canine|sheep|ovine|goat|caprine|snail|oyster|coral|sponge|nematode|worm)	shrimp hemolymph from Caribbean coast	Colombia	America_Latina_Caribe	si	Contig	50	217730	100.0	0.18	4396552	RefSeq
L14_Bacillus_licheniformis	L14	GCF_003254235_1	GCF_003254235.1	T2	0	no	no	desconocido		none	Italy	Europa	no	Scaffold	23	303393	100.0	0.18	4321619	RefSeq
L14_Bacillus_licheniformis	L14	GCF_002953475_1	GCF_002953475.1	T2	0	no	no	animal	\b(animal|cattle|bovine|cow|calf|herd|pig|swine|porcine|chicken|poultry|avian|bird|fish|shrimp|insect|bee|honeybee|mosquito|termite|larva|moth\b|meal moth|spider|rumen|caecum|cecum|excreta|mouse|mice|rat|horse|equine|dog|canine|sheep|ovine|goat|caprine|snail|oyster|coral|sponge|nematode|worm)	Excreta	India	Asia	no	Chromosome	10	2269649	100.0	0.17	4223986	RefSeq
L14_Bacillus_licheniformis	L14	GCF_004103575_1	GCF_004103575.1	T2	0	no	no	alimento_industrial	\b(food|milk|buttermilk|cheese|dairy|meat|sausage|fermented|fermentation|kimchi|soy|natto|doenjang|cheonggukjang|bread|dough|soup|beverage|juice|wine|beer|liquor|maotai|daqu|pit mud|vinegar|tea|cocoa|coffee|honey|industrial|factory|probiotic|feed|silage|starter|brine|pickle|enzym|amylase|protease|product|heroin)	food	South Korea	Asia	no	Complete Genome	2	4420863	100.0	0.17	4516868	RefSeq
L14_Bacillus_licheniformis	L14	GCF_000603985_1	GCF_000603985.1	T2	0	no	no	alimento_industrial	\b(food|milk|buttermilk|cheese|dairy|meat|sausage|fermented|fermentation|kimchi|soy|natto|doenjang|cheonggukjang|bread|dough|soup|beverage|juice|wine|beer|liquor|maotai|daqu|pit mud|vinegar|tea|cocoa|coffee|honey|industrial|factory|probiotic|feed|silage|starter|brine|pickle|enzym|amylase|protease|product|heroin)	concentrated milk	Australia	Oceania	no	Scaffold	60	216474	100.0	0.22	4240430	RefSeq
L14_Bacillus_licheniformis	L14	GCF_019037225_1	GCF_019037225.1	T2	0	no	no	otro_ambiental	\b(environment|air|aerosol|clean ?room|spacecraft|space station|surface|elevator|button|indoor|oil|petroleum|hydrocarbon|contaminat|polluted|biofilm|pipeline|volcan|geothermal|radioactive)	cleanroom floor	USA	America_del_Norte	no	Scaffold	30	560056	100.0	0.23	4337844	RefSeq
L14_Bacillus_licheniformis	L14	GCF_008368505_1	GCF_008368505.1	T2	0	no	no	alimento_industrial	\b(food|milk|buttermilk|cheese|dairy|meat|sausage|fermented|fermentation|kimchi|soy|natto|doenjang|cheonggukjang|bread|dough|soup|beverage|juice|wine|beer|liquor|maotai|daqu|pit mud|vinegar|tea|cocoa|coffee|honey|industrial|factory|probiotic|feed|silage|starter|brine|pickle|enzym|amylase|protease|product|heroin)	Gergoush (Sudanese Bread snack) primary fermentation step	Sudan	Africa	no	Scaffold	30	603341	100.0	0.18	4338651	RefSeq
L14_Bacillus_licheniformis	L14	GCF_026241355_1	GCF_026241355.1	T2	0	no	no	planta	\b(plant|root|rhizosphere|leaf|leaves|phyllosphere|seed|endophyt|stem|flower|fruit|apple|tree|maize|corn|wheat|tomato|potato|cotton|tobacco|grass\b|moss|lichen|algae|alga)	Plant	Tunisia	Africa	no	Contig	44	392589	100.0	0.07	4175500	RefSeq
L14_Bacillus_licheniformis	L14	GCF_007831235_1	GCF_007831235.1	T2	0	no	no	desconocido		none	desconocido	desconocido	no	Scaffold	82	80176	100.0	0.06	4157748	RefSeq
L14_Bacillus_licheniformis	L14	GCF_000260555_1	GCF_000260555.1	T2	0	no	no	suelo	\b(soil|compost|biocompost|manure|humus|peat|farmland|arable|field|agricultural|greenhouse|plastic house|forest|garden|sand)	soil	China	Asia	no	Contig	31	508509	100.0	0.2	4317010	RefSeq
L14_Bacillus_licheniformis	L14	GCF_024134745_1	GCF_024134745.1	T2	0	no	no	otro_ambiental	\b(environment|air|aerosol|clean ?room|spacecraft|space station|surface|elevator|button|indoor|oil|petroleum|hydrocarbon|contaminat|polluted|biofilm|pipeline|volcan|geothermal|radioactive)	Clean room	USA	America_del_Norte	no	Chromosome	1	4180554	100.0	0.14	4180654	RefSeq
L14_Bacillus_licheniformis	L14	GCF_007831465_1	GCF_007831465.1	T2	0	no	no	desconocido		none	Germany	Europa	no	Scaffold	44	233241	100.0	0.18	4380962	RefSeq
L14_Bacillus_licheniformis	L14	GCF_944993445_1	GCF_944993445.1	T2	0	no	no	alimento_industrial	\b(food|milk|buttermilk|cheese|dairy|meat|sausage|fermented|fermentation|kimchi|soy|natto|doenjang|cheonggukjang|bread|dough|soup|beverage|juice|wine|beer|liquor|maotai|daqu|pit mud|vinegar|tea|cocoa|coffee|honey|industrial|factory|probiotic|feed|silage|starter|brine|pickle|enzym|amylase|protease|product|heroin)	Alpha-amylase enzym 4g (Coobra)	desconocido	desconocido	no	Contig	31	438717	100.0	0.06	4153669	RefSeq
L14_Bacillus_licheniformis	L14	GCF_007830935_1	GCF_007830935.1	T2	0	no	no	desconocido		none	desconocido	desconocido	no	Scaffold	35	352909	100.0	0.13	4149080	RefSeq
L14_Bacillus_licheniformis	L14	GCF_028857215_1	GCF_028857215.1	T2	0	no	no	alimento_industrial	\b(food|milk|buttermilk|cheese|dairy|meat|sausage|fermented|fermentation|kimchi|soy|natto|doenjang|cheonggukjang|bread|dough|soup|beverage|juice|wine|beer|liquor|maotai|daqu|pit mud|vinegar|tea|cocoa|coffee|honey|industrial|factory|probiotic|feed|silage|starter|brine|pickle|enzym|amylase|protease|product|heroin)	Skim milk powder (medium heat)	Ireland	Europa	no	Contig	98	252913	100.0	0.32	4451921	RefSeq
L14_Bacillus_licheniformis	L14	GCF_007994355_1	GCF_007994355.1	T2	0	no	no	desconocido		none	desconocido	desconocido	no	Contig	24	494595	100.0	0.16	4170638	RefSeq
L14_Bacillus_licheniformis	L14	GCF_024463755_1	GCF_024463755.1	T2	0	no	no	clinico_humano	\b(human|homo sapiens|patient|clinical|hospital|blood|urine|feces|faeces|fecal|faecal|stool|sputum|gut\b|wound|abscess|catheter|endovascular|duodenum|conjunctiva|nasal|nasopharyn|oral|saliva|vagina|skin|kidney|pus|cerebrospinal|bronch|infant|neonat|biopsy|swab)	fecal sample	USA	America_del_Norte	no	Contig	72	458910	100.0	0.19	4253209	RefSeq
L14_Bacillus_licheniformis	L14	GCF_023713085_1	GCF_023713085.1	T2	0	no	no	otro_ambiental	\b(environment|air|aerosol|clean ?room|spacecraft|space station|surface|elevator|button|indoor|oil|petroleum|hydrocarbon|contaminat|polluted|biofilm|pipeline|volcan|geothermal|radioactive)	Cleanroom	USA	America_del_Norte	no	Contig	142	612391	100.0	1.2	4398042	RefSeq
L14_Bacillus_licheniformis	L14	GCF_007830835_1	GCF_007830835.1	T2	0	no	no	desconocido		none	desconocido	desconocido	no	Scaffold	28	221313	100.0	0.11	4225452	RefSeq
L14_Bacillus_licheniformis	L14	GCF_030222455_1	GCF_030222455.1	T2	0	no	no	clinico_humano	\b(human|homo sapiens|patient|clinical|hospital|blood|urine|feces|faeces|fecal|faecal|stool|sputum|gut\b|wound|abscess|catheter|endovascular|duodenum|conjunctiva|nasal|nasopharyn|oral|saliva|vagina|skin|kidney|pus|cerebrospinal|bronch|infant|neonat|biopsy|swab)	Urine	USA	America_del_Norte	no	Contig	47	466554	100.0	0.09	4298210	RefSeq
L14_Bacillus_licheniformis	L14	GCF_007832195_1	GCF_007832195.1	T2	0	no	no	desconocido		none	desconocido	desconocido	no	Scaffold	75	84653	100.0	0.05	4276695	RefSeq
L14_Bacillus_licheniformis	L14	GCF_007831705_1	GCF_007831705.1	T2	0	no	no	desconocido		none	Denmark	Europa	no	Scaffold	40	241763	100.0	0.1	4280186	RefSeq
L14_Bacillus_licheniformis	L14	GCF_007831975_1	GCF_007831975.1	T2	0	no	no	desconocido		none	desconocido	desconocido	no	Scaffold	32	251160	100.0	0.12	4393159	RefSeq
L14_Bacillus_licheniformis	L14	GCF_008368405_1	GCF_008368405.1	T2	0	no	no	alimento_industrial	\b(food|milk|buttermilk|cheese|dairy|meat|sausage|fermented|fermentation|kimchi|soy|natto|doenjang|cheonggukjang|bread|dough|soup|beverage|juice|wine|beer|liquor|maotai|daqu|pit mud|vinegar|tea|cocoa|coffee|honey|industrial|factory|probiotic|feed|silage|starter|brine|pickle|enzym|amylase|protease|product|heroin)	Gergoush (Sudanese Bread snack) primary fermentation step	Sudan	Africa	no	Scaffold	28	1014958	100.0	0.19	4340335	RefSeq
L14_Bacillus_licheniformis	L14	GCF_008368415_1	GCF_008368415.1	T2	0	no	no	alimento_industrial	\b(food|milk|buttermilk|cheese|dairy|meat|sausage|fermented|fermentation|kimchi|soy|natto|doenjang|cheonggukjang|bread|dough|soup|beverage|juice|wine|beer|liquor|maotai|daqu|pit mud|vinegar|tea|cocoa|coffee|honey|industrial|factory|probiotic|feed|silage|starter|brine|pickle|enzym|amylase|protease|product|heroin)	Gergoush (Sudanese Bread snack) primary fermentation step	Sudan	Africa	no	Scaffold	34	302781	100.0	0.1	4161044	RefSeq
L14_Bacillus_licheniformis	L14	GCF_007832295_1	GCF_007832295.1	T2	0	no	no	desconocido		none	desconocido	desconocido	no	Scaffold	82	101896	100.0	0.03	4365374	RefSeq
L14_Bacillus_licheniformis	L14	GCF_016026835_1	GCF_016026835.1	T2	0	no	no	desconocido		none	desconocido	desconocido	no	Complete Genome	5	4534328	100.0	0.51	4693369	RefSeq
L14_Bacillus_licheniformis	L14	GCF_002173675_1	GCF_002173675.1	T2	0	no	no	alimento_industrial	\b(food|milk|buttermilk|cheese|dairy|meat|sausage|fermented|fermentation|kimchi|soy|natto|doenjang|cheonggukjang|bread|dough|soup|beverage|juice|wine|beer|liquor|maotai|daqu|pit mud|vinegar|tea|cocoa|coffee|honey|industrial|factory|probiotic|feed|silage|starter|brine|pickle|enzym|amylase|protease|product|heroin)	food	South Korea	Asia	no	Complete Genome	3	4544416	100.0	3.54	4824459	RefSeq
L14_Bacillus_licheniformis	L14	GCF_003339545_1	GCF_003339545.1	T2	0	no	no	alimento_industrial	\b(food|milk|buttermilk|cheese|dairy|meat|sausage|fermented|fermentation|kimchi|soy|natto|doenjang|cheonggukjang|bread|dough|soup|beverage|juice|wine|beer|liquor|maotai|daqu|pit mud|vinegar|tea|cocoa|coffee|honey|industrial|factory|probiotic|feed|silage|starter|brine|pickle|enzym|amylase|protease|product|heroin)	Doejnang; high-salt fermented food	South Korea	Asia	no	Complete Genome	1	4405373	100.0	0.18	4405373	RefSeq
L14_Bacillus_licheniformis	L14	GCF_002860295_1	GCF_002860295.1	T2	0	no	no	otro_ambiental	\b(environment|air|aerosol|clean ?room|spacecraft|space station|surface|elevator|button|indoor|oil|petroleum|hydrocarbon|contaminat|polluted|biofilm|pipeline|volcan|geothermal|radioactive)	spacecraft hardware	USA	America_del_Norte	no	Contig	27	404327	100.0	0.02	4160522	RefSeq
L14_Bacillus_licheniformis	L14	GCF_007832155_1	GCF_007832155.1	T2	0	no	no	desconocido		none	Germany	Europa	no	Scaffold	37	175292	100.0	0.08	4244353	RefSeq
L14_Bacillus_licheniformis	L14	GCF_022700915_1	GCF_022700915.1	T2	0	no	no	desconocido		none	China	Asia	no	Complete Genome	1	4294269	100.0	0.16	4294269	RefSeq
L14_Bacillus_licheniformis	L14	GCF_002933795_1	GCF_002933795.1	T2	0	no	no	alimento_industrial	\b(food|milk|buttermilk|cheese|dairy|meat|sausage|fermented|fermentation|kimchi|soy|natto|doenjang|cheonggukjang|bread|dough|soup|beverage|juice|wine|beer|liquor|maotai|daqu|pit mud|vinegar|tea|cocoa|coffee|honey|industrial|factory|probiotic|feed|silage|starter|brine|pickle|enzym|amylase|protease|product|heroin)	Fermented food	Japan	Asia	no	Contig	76	123759	100.0	0.11	4088978	RefSeq
L14_Bacillus_licheniformis	L14	GCF_001507775_1	GCF_001507775.1	T2	0	no	no	desconocido		none	desconocido	desconocido	no	Contig	53	654545	100.0	0.08	4138656	RefSeq
L14_Bacillus_licheniformis	L14	GCF_028857335_1	GCF_028857335.1	T2	0	no	no	alimento_industrial	\b(food|milk|buttermilk|cheese|dairy|meat|sausage|fermented|fermentation|kimchi|soy|natto|doenjang|cheonggukjang|bread|dough|soup|beverage|juice|wine|beer|liquor|maotai|daqu|pit mud|vinegar|tea|cocoa|coffee|honey|industrial|factory|probiotic|feed|silage|starter|brine|pickle|enzym|amylase|protease|product|heroin)	skim milk powder (medium heat)	Ireland	Europa	no	Contig	66	214880	100.0	0.12	4222732	RefSeq
L14_Bacillus_licheniformis	L14	GCF_944993205_1	GCF_944993205.1	T2	0	no	no	alimento_industrial	\b(food|milk|buttermilk|cheese|dairy|meat|sausage|fermented|fermentation|kimchi|soy|natto|doenjang|cheonggukjang|bread|dough|soup|beverage|juice|wine|beer|liquor|maotai|daqu|pit mud|vinegar|tea|cocoa|coffee|honey|industrial|factory|probiotic|feed|silage|starter|brine|pickle|enzym|amylase|protease|product|heroin)	Alpha-amylase enzym 4g (Coobra)	desconocido	desconocido	no	Contig	35	841559	100.0	0.07	4153950	RefSeq
L14_Bacillus_licheniformis	L14	GCF_019037245_1	GCF_019037245.1	T2	0	no	no	otro_ambiental	\b(environment|air|aerosol|clean ?room|spacecraft|space station|surface|elevator|button|indoor|oil|petroleum|hydrocarbon|contaminat|polluted|biofilm|pipeline|volcan|geothermal|radioactive)	cleanroom floor	USA	America_del_Norte	no	Scaffold	16	2232824	100.0	0.16	4251134	RefSeq
L14_Bacillus_licheniformis	L14	GCF_007832395_1	GCF_007832395.1	T2	0	no	no	desconocido		none	desconocido	desconocido	no	Scaffold	96	78967	100.0	0.68	4206559	RefSeq
L14_Bacillus_licheniformis	L14	GCF_001642595_1	GCF_001642595.1	T2	0	no	no	suelo	\b(soil|compost|biocompost|manure|humus|peat|farmland|arable|field|agricultural|greenhouse|plastic house|forest|garden|sand)	soil	Czech Republic	Europa	no	Scaffold	28	490745	100.0	0.06	4154962	RefSeq
L14_Bacillus_licheniformis	L14	GCA_900637645_1	GCA_900637645.1	T0	1000	no	si	desconocido		not available: to be reported later	desconocido	desconocido	no	Complete Genome	1	4226784	99.99	0.3	4226784	GenBank
L14_Bacillus_licheniformis	L14	GCF_024722355_1	GCF_024722355.1	T2	0	no	no	suelo	\b(soil|compost|biocompost|manure|humus|peat|farmland|arable|field|agricultural|greenhouse|plastic house|forest|garden|sand)	soil	China	Asia	no	Complete Genome	1	4226888	100.0	0.19	4226888	RefSeq
L14_Bacillus_licheniformis	L14	GCF_000008425_1	GCF_000008425.1	T0	1000	no	si	desconocido		none	desconocido	desconocido	no	Complete Genome	1	4222645	100.0	0.15	4222645	RefSeq
L14_Bacillus_licheniformis	L14	GCF_001925115_1	GCF_001925115.1	T2	0	no	no	desconocido		none	Netherlands	Europa	no	Scaffold	36	291869	100.0	0.05	4336988	RefSeq
L14_Bacillus_licheniformis	L14	GCF_013520855_1	GCF_013520855.1	T2	0	no	no	agua_sedimento	\b(water|freshwater|marine|sea|ocean|lake|river|creek|stream|sediment|estuar|wastewater|effluent|sewage|sludge|hot spring|spring|pond|lagoon|saline|salt|hypersaline|groundwater|aquifer|glacier|ice|snow|permafrost)	Waste water	India	Asia	no	Scaffold	32	1011978	100.0	0.19	4280093	RefSeq
L14_Bacillus_licheniformis	L14	GCF_000315975_1	GCF_000315975.1	T2	0	no	no	alimento_industrial	\b(food|milk|buttermilk|cheese|dairy|meat|sausage|fermented|fermentation|kimchi|soy|natto|doenjang|cheonggukjang|bread|dough|soup|beverage|juice|wine|beer|liquor|maotai|daqu|pit mud|vinegar|tea|cocoa|coffee|honey|industrial|factory|probiotic|feed|silage|starter|brine|pickle|enzym|amylase|protease|product|heroin)	Chinese Maotai-flavor liquor making process	China	Asia	no	Contig	152	221212	100.0	0.1	4514887	RefSeq
L14_Bacillus_licheniformis	L14	GCF_028857325_1	GCF_028857325.1	T2	0	no	no	alimento_industrial	\b(food|milk|buttermilk|cheese|dairy|meat|sausage|fermented|fermentation|kimchi|soy|natto|doenjang|cheonggukjang|bread|dough|soup|beverage|juice|wine|beer|liquor|maotai|daqu|pit mud|vinegar|tea|cocoa|coffee|honey|industrial|factory|probiotic|feed|silage|starter|brine|pickle|enzym|amylase|protease|product|heroin)	skim milk powder (medium heat)	Ireland	Europa	no	Contig	116	438762	100.0	0.44	4266218	RefSeq
L14_Bacillus_licheniformis	L14	GCF_004078545_1	GCF_004078545.1	T2	0	no	no	alimento_industrial	\b(food|milk|buttermilk|cheese|dairy|meat|sausage|fermented|fermentation|kimchi|soy|natto|doenjang|cheonggukjang|bread|dough|soup|beverage|juice|wine|beer|liquor|maotai|daqu|pit mud|vinegar|tea|cocoa|coffee|honey|industrial|factory|probiotic|feed|silage|starter|brine|pickle|enzym|amylase|protease|product|heroin)	food	South Korea	Asia	no	Contig	4	2627529	99.99	0.03	4350200	RefSeq
L14_Bacillus_licheniformis	L14	GCF_001896305_1	GCF_001896305.1	T2	0	no	no	agua_sedimento	\b(water|freshwater|marine|sea|ocean|lake|river|creek|stream|sediment|estuar|wastewater|effluent|sewage|sludge|hot spring|spring|pond|lagoon|saline|salt|hypersaline|groundwater|aquifer|glacier|ice|snow|permafrost)	imperial geyser; near vegetative/sediment and waters edge	USA	America_del_Norte	no	Contig	46	706022	100.0	0.61	4517330	RefSeq
L14_Bacillus_licheniformis	L14	GCF_006974025_1	GCF_006974025.1	T2	0	no	no	suelo	\b(soil|compost|biocompost|manure|humus|peat|farmland|arable|field|agricultural|greenhouse|plastic house|forest|garden|sand)	soil	desconocido	desconocido	no	Complete Genome	1	4341076	99.97	0.15	4341076	RefSeq
L14_Bacillus_licheniformis	L14	GCF_003952865_1	GCF_003952865.1	T2	0	no	no	clinico_humano	\b(human|homo sapiens|patient|clinical|hospital|blood|urine|feces|faeces|fecal|faecal|stool|sputum|gut\b|wound|abscess|catheter|endovascular|duodenum|conjunctiva|nasal|nasopharyn|oral|saliva|vagina|skin|kidney|pus|cerebrospinal|bronch|infant|neonat|biopsy|swab)	Korean adult feces	South Korea	Asia	no	Complete Genome	1	4193958	100.0	0.05	4193958	RefSeq
L14_Bacillus_licheniformis	L14	GCF_028857225_1	GCF_028857225.1	T2	0	no	no	alimento_industrial	\b(food|milk|buttermilk|cheese|dairy|meat|sausage|fermented|fermentation|kimchi|soy|natto|doenjang|cheonggukjang|bread|dough|soup|beverage|juice|wine|beer|liquor|maotai|daqu|pit mud|vinegar|tea|cocoa|coffee|honey|industrial|factory|probiotic|feed|silage|starter|brine|pickle|enzym|amylase|protease|product|heroin)	skim milk powder (medium heat)	Ireland	Europa	no	Contig	59	1084832	100.0	0.13	4204342	RefSeq
L14_Bacillus_licheniformis	L14	GCF_028857245_1	GCF_028857245.1	T2	0	no	no	alimento_industrial	\b(food|milk|buttermilk|cheese|dairy|meat|sausage|fermented|fermentation|kimchi|soy|natto|doenjang|cheonggukjang|bread|dough|soup|beverage|juice|wine|beer|liquor|maotai|daqu|pit mud|vinegar|tea|cocoa|coffee|honey|industrial|factory|probiotic|feed|silage|starter|brine|pickle|enzym|amylase|protease|product|heroin)	skim milk powder (medium heat)	Ireland	Europa	no	Contig	44	477115	100.0	0.06	4201136	RefSeq
L14_Bacillus_licheniformis	L14	GCF_000948275_1	GCF_000948275.1	T2	0	no	no	agua_sedimento	\b(water|freshwater|marine|sea|ocean|lake|river|creek|stream|sediment|estuar|wastewater|effluent|sewage|sludge|hot spring|spring|pond|lagoon|saline|salt|hypersaline|groundwater|aquifer|glacier|ice|snow|permafrost)	Water	Greece	Europa	no	Contig	4	2846116	100.0	0.03	4173713	RefSeq
L14_Bacillus_licheniformis	L14	GCF_001901555_1	GCF_001901555.1	T2	0	no	no	animal	\b(animal|cattle|bovine|cow|calf|herd|pig|swine|porcine|chicken|poultry|avian|bird|fish|shrimp|insect|bee|honeybee|mosquito|termite|larva|moth\b|meal moth|spider|rumen|caecum|cecum|excreta|mouse|mice|rat|horse|equine|dog|canine|sheep|ovine|goat|caprine|snail|oyster|coral|sponge|nematode|worm)	sheep	Israel	Asia	no	Contig	33	295756	100.0	0.16	4167083	RefSeq
L14_Bacillus_licheniformis	L14	GCF_944993405_1	GCF_944993405.1	T2	0	no	no	alimento_industrial	\b(food|milk|buttermilk|cheese|dairy|meat|sausage|fermented|fermentation|kimchi|soy|natto|doenjang|cheonggukjang|bread|dough|soup|beverage|juice|wine|beer|liquor|maotai|daqu|pit mud|vinegar|tea|cocoa|coffee|honey|industrial|factory|probiotic|feed|silage|starter|brine|pickle|enzym|amylase|protease|product|heroin)	Alpha-amylase enzym 4g (Coobra)	desconocido	desconocido	no	Contig	55	145031	99.99	0.12	4115715	RefSeq
L14_Bacillus_licheniformis	L14	GCF_007831965_1	GCF_007831965.1	T2	0	no	no	desconocido		none	Spain	Europa	no	Scaffold	48	216983	100.0	0.32	4247264	RefSeq
L14_Bacillus_licheniformis	L14	GCF_944993315_1	GCF_944993315.1	T2	0	no	no	alimento_industrial	\b(food|milk|buttermilk|cheese|dairy|meat|sausage|fermented|fermentation|kimchi|soy|natto|doenjang|cheonggukjang|bread|dough|soup|beverage|juice|wine|beer|liquor|maotai|daqu|pit mud|vinegar|tea|cocoa|coffee|honey|industrial|factory|probiotic|feed|silage|starter|brine|pickle|enzym|amylase|protease|product|heroin)	Alpha-amylase enzym 4g (Coobra)	desconocido	desconocido	no	Contig	40	221882	100.0	0.06	4134200	RefSeq
L14_Bacillus_licheniformis	L14	GCF_006094335_1	GCF_006094335.1	T0	1000	no	si	desconocido		none	desconocido	desconocido	no	Complete Genome	1	4239205	100.0	0.15	4239205	RefSeq
L14_Bacillus_licheniformis	L14	GCF_007832175_1	GCF_007832175.1	T2	0	no	no	desconocido		none	Germany	Europa	no	Scaffold	19	490677	100.0	0.09	4260596	RefSeq
L14_Bacillus_licheniformis	L14	GCF_031157615_1	GCF_031157615.1	T2	0	no	no	suelo	\b(soil|compost|biocompost|manure|humus|peat|farmland|arable|field|agricultural|greenhouse|plastic house|forest|garden|sand)	Garden soil	India	Asia	no	Contig	48	301539	100.0	0.24	4427478	RefSeq
L14_Bacillus_licheniformis	L14	GCF_004101525_1	GCF_004101525.1	T2	0	no	no	alimento_industrial	\b(food|milk|buttermilk|cheese|dairy|meat|sausage|fermented|fermentation|kimchi|soy|natto|doenjang|cheonggukjang|bread|dough|soup|beverage|juice|wine|beer|liquor|maotai|daqu|pit mud|vinegar|tea|cocoa|coffee|honey|industrial|factory|probiotic|feed|silage|starter|brine|pickle|enzym|amylase|protease|product|heroin)	food	South Korea	Asia	no	Complete Genome	3	4231149	100.0	0.11	4471280	RefSeq
L14_Bacillus_licheniformis	L14	GCF_007831385_1	GCF_007831385.1	T2	0	no	no	desconocido		none	desconocido	desconocido	no	Scaffold	56	153391	100.0	0.16	4161633	RefSeq
L14_Bacillus_licheniformis	L14	GCF_027685585_1	GCF_027685585.1	T2	0	no	no	clinico_humano	\b(human|homo sapiens|patient|clinical|hospital|blood|urine|feces|faeces|fecal|faecal|stool|sputum|gut\b|wound|abscess|catheter|endovascular|duodenum|conjunctiva|nasal|nasopharyn|oral|saliva|vagina|skin|kidney|pus|cerebrospinal|bronch|infant|neonat|biopsy|swab)	fecal material [ENVO:00002003]	China	Asia	no	Scaffold	24	310728	100.0	0.05	4350181	RefSeq
L14_Bacillus_licheniformis	L14	GCF_002272305_1	GCF_002272305.1	T2	0	no	no	alimento_industrial	\b(food|milk|buttermilk|cheese|dairy|meat|sausage|fermented|fermentation|kimchi|soy|natto|doenjang|cheonggukjang|bread|dough|soup|beverage|juice|wine|beer|liquor|maotai|daqu|pit mud|vinegar|tea|cocoa|coffee|honey|industrial|factory|probiotic|feed|silage|starter|brine|pickle|enzym|amylase|protease|product|heroin)	uncut heroin sample	desconocido	desconocido	no	Contig	110	71923	100.0	0.02	4135285	RefSeq
L14_Bacillus_licheniformis	L14	GCF_000260535_1	GCF_000260535.1	T2	0	no	no	suelo	\b(soil|compost|biocompost|manure|humus|peat|farmland|arable|field|agricultural|greenhouse|plastic house|forest|garden|sand)	soil	desconocido	desconocido	no	Contig	46	210776	100.0	0.15	4161258	RefSeq
L14_Bacillus_licheniformis	L14	GCF_001662975_1	GCF_001662975.1	T2	0	no	no	alimento_industrial	\b(food|milk|buttermilk|cheese|dairy|meat|sausage|fermented|fermentation|kimchi|soy|natto|doenjang|cheonggukjang|bread|dough|soup|beverage|juice|wine|beer|liquor|maotai|daqu|pit mud|vinegar|tea|cocoa|coffee|honey|industrial|factory|probiotic|feed|silage|starter|brine|pickle|enzym|amylase|protease|product|heroin)	cheonggukjang	South Korea	Asia	no	Contig	17	1051294	100.0	0.03	4129555	RefSeq
L14_Bacillus_licheniformis	L14	GCF_902386215_1	GCF_902386215.1	T2	0	no	no	clinico_humano	\b(human|homo sapiens|patient|clinical|hospital|blood|urine|feces|faeces|fecal|faecal|stool|sputum|gut\b|wound|abscess|catheter|endovascular|duodenum|conjunctiva|nasal|nasopharyn|oral|saliva|vagina|skin|kidney|pus|cerebrospinal|bronch|infant|neonat|biopsy|swab)	human gut	desconocido	desconocido	no	Complete Genome	1	4208157	100.0	0.07	4208157	RefSeq
L14_Bacillus_licheniformis	L14	GCF_007831115_1	GCF_007831115.1	T2	0	no	no	desconocido		none	Egypt	Africa	no	Scaffold	24	501477	100.0	0.26	4424246	RefSeq
L14_Bacillus_licheniformis	L14	GCF_002272395_1	GCF_002272395.1	T2	0	no	no	alimento_industrial	\b(food|milk|buttermilk|cheese|dairy|meat|sausage|fermented|fermentation|kimchi|soy|natto|doenjang|cheonggukjang|bread|dough|soup|beverage|juice|wine|beer|liquor|maotai|daqu|pit mud|vinegar|tea|cocoa|coffee|honey|industrial|factory|probiotic|feed|silage|starter|brine|pickle|enzym|amylase|protease|product|heroin)	uncut heroin sample	desconocido	desconocido	no	Contig	280	86621	100.0	0.04	4255506	RefSeq
L14_Bacillus_licheniformis	L14	GCF_028857645_1	GCF_028857645.1	T2	0	no	no	alimento_industrial	\b(food|milk|buttermilk|cheese|dairy|meat|sausage|fermented|fermentation|kimchi|soy|natto|doenjang|cheonggukjang|bread|dough|soup|beverage|juice|wine|beer|liquor|maotai|daqu|pit mud|vinegar|tea|cocoa|coffee|honey|industrial|factory|probiotic|feed|silage|starter|brine|pickle|enzym|amylase|protease|product|heroin)	Skim milk powder (medium heat)	Ireland	Europa	no	Contig	70	303315	100.0	0.37	4191660	RefSeq
L14_Bacillus_licheniformis	L14	GCF_002174255_1	GCF_002174255.1	T2	0	no	no	alimento_industrial	\b(food|milk|buttermilk|cheese|dairy|meat|sausage|fermented|fermentation|kimchi|soy|natto|doenjang|cheonggukjang|bread|dough|soup|beverage|juice|wine|beer|liquor|maotai|daqu|pit mud|vinegar|tea|cocoa|coffee|honey|industrial|factory|probiotic|feed|silage|starter|brine|pickle|enzym|amylase|protease|product|heroin)	food	South Korea	Asia	no	Complete Genome	3	4326347	100.0	1.08	4438492	RefSeq
L14_Bacillus_licheniformis	L14	GCF_001587195_1	GCF_001587195.1	T2	0	no	no	alimento_industrial	\b(food|milk|buttermilk|cheese|dairy|meat|sausage|fermented|fermentation|kimchi|soy|natto|doenjang|cheonggukjang|bread|dough|soup|beverage|juice|wine|beer|liquor|maotai|daqu|pit mud|vinegar|tea|cocoa|coffee|honey|industrial|factory|probiotic|feed|silage|starter|brine|pickle|enzym|amylase|protease|product|heroin)	Buttermilk powder	Netherlands	Europa	no	Scaffold	129	103073	100.0	0.09	4521337	RefSeq
L14_Bacillus_licheniformis	L14	GCF_017338795_1	GCF_017338795.1	T2	0	no	no	agua_sedimento	\b(water|freshwater|marine|sea|ocean|lake|river|creek|stream|sediment|estuar|wastewater|effluent|sewage|sludge|hot spring|spring|pond|lagoon|saline|salt|hypersaline|groundwater|aquifer|glacier|ice|snow|permafrost)	seawater	South Korea	Asia	no	Complete Genome	1	4316909	100.0	0.22	4316909	RefSeq
L14_Bacillus_licheniformis	L14	GCF_001596055_1	GCF_001596055.1	T2	0	no	no	alimento_industrial	\b(food|milk|buttermilk|cheese|dairy|meat|sausage|fermented|fermentation|kimchi|soy|natto|doenjang|cheonggukjang|bread|dough|soup|beverage|juice|wine|beer|liquor|maotai|daqu|pit mud|vinegar|tea|cocoa|coffee|honey|industrial|factory|probiotic|feed|silage|starter|brine|pickle|enzym|amylase|protease|product|heroin)	Doenjang	South Korea	Asia	no	Complete Genome	1	4252398	100.0	0.04	4252398	RefSeq
L14_Bacillus_licheniformis	L14	GCF_001876655_1	GCF_001876655.1	T2	0	no	no	planta	\b(plant|root|rhizosphere|leaf|leaves|phyllosphere|seed|endophyt|stem|flower|fruit|apple|tree|maize|corn|wheat|tomato|potato|cotton|tobacco|grass\b|moss|lichen|algae|alga)	Rice seed	India	Asia	no	Contig	209	76140	100.0	0.31	4441195	RefSeq
L14_Bacillus_licheniformis	L14	GCF_944993425_1	GCF_944993425.1	T2	0	no	no	alimento_industrial	\b(food|milk|buttermilk|cheese|dairy|meat|sausage|fermented|fermentation|kimchi|soy|natto|doenjang|cheonggukjang|bread|dough|soup|beverage|juice|wine|beer|liquor|maotai|daqu|pit mud|vinegar|tea|cocoa|coffee|honey|industrial|factory|probiotic|feed|silage|starter|brine|pickle|enzym|amylase|protease|product|heroin)	Alpha-amylase enzym 4g (Coobra)	desconocido	desconocido	no	Contig	29	449313	100.0	0.06	4153643	RefSeq
L14_Bacillus_licheniformis	L14	GCF_007831655_1	GCF_007831655.1	T2	0	no	no	desconocido		none	Denmark	Europa	no	Contig	16	581327	100.0	0.11	4266743	RefSeq
L14_Bacillus_licheniformis	L14	GCF_900445385_1	GCF_900445385.1	T2	0	no	no	desconocido		none	desconocido	desconocido	no	Contig	28	400154	99.99	0.26	4296091	RefSeq
L14_Bacillus_licheniformis	L14	GCF_007832465_1	GCF_007832465.1	T2	0	no	no	desconocido		none	desconocido	desconocido	no	Contig	34	237082	100.0	0.03	4186140	RefSeq
L14_Bacillus_licheniformis	L14	GCF_007832135_1	GCF_007832135.1	T2	0	no	no	desconocido		none	Germany	Europa	no	Scaffold	84	101534	100.0	0.17	4212436	RefSeq
L14_Bacillus_licheniformis	L14	GCF_028857665_1	GCF_028857665.1	T2	0	no	no	alimento_industrial	\b(food|milk|buttermilk|cheese|dairy|meat|sausage|fermented|fermentation|kimchi|soy|natto|doenjang|cheonggukjang|bread|dough|soup|beverage|juice|wine|beer|liquor|maotai|daqu|pit mud|vinegar|tea|cocoa|coffee|honey|industrial|factory|probiotic|feed|silage|starter|brine|pickle|enzym|amylase|protease|product|heroin)	skim milk powder (medium heat)	Ireland	Europa	no	Contig	56	424763	100.0	0.07	4212123	RefSeq
L14_Bacillus_licheniformis	L14	GCF_015552545_1	GCF_015552545.1	T2	0	no	no	clinico_humano	\b(human|homo sapiens|patient|clinical|hospital|blood|urine|feces|faeces|fecal|faecal|stool|sputum|gut\b|wound|abscess|catheter|endovascular|duodenum|conjunctiva|nasal|nasopharyn|oral|saliva|vagina|skin|kidney|pus|cerebrospinal|bronch|infant|neonat|biopsy|swab)	stool	USA	America_del_Norte	no	Scaffold	27	523648	100.0	0.27	4141358	RefSeq
L14_Bacillus_licheniformis	L14	GCF_007831015_1	GCF_007831015.1	T2	0	no	no	desconocido		none	desconocido	desconocido	no	Scaffold	27	271153	100.0	0.15	4280407	RefSeq
L14_Bacillus_licheniformis	L14	GCF_029958265_1	GCF_029958265.1	T2	0	no	no	planta	\b(plant|root|rhizosphere|leaf|leaves|phyllosphere|seed|endophyt|stem|flower|fruit|apple|tree|maize|corn|wheat|tomato|potato|cotton|tobacco|grass\b|moss|lichen|algae|alga)	root nodules	USA	America_del_Norte	no	Contig	17	1039846	100.0	0.12	4113603	RefSeq
L14_Bacillus_licheniformis	L14	GCF_003606405_1	GCF_003606405.1	T2	0	no	no	alimento_industrial	\b(food|milk|buttermilk|cheese|dairy|meat|sausage|fermented|fermentation|kimchi|soy|natto|doenjang|cheonggukjang|bread|dough|soup|beverage|juice|wine|beer|liquor|maotai|daqu|pit mud|vinegar|tea|cocoa|coffee|honey|industrial|factory|probiotic|feed|silage|starter|brine|pickle|enzym|amylase|protease|product|heroin)	Maotai Daqu	China	Asia	no	Complete Genome	2	4440765	100.0	0.03	4490546	RefSeq
L14_Bacillus_licheniformis	L14	GCF_007830995_1	GCF_007830995.1	T2	0	no	no	desconocido		none	desconocido	desconocido	no	Contig	35	463000	100.0	0.06	4404822	RefSeq
L14_Bacillus_licheniformis	L14	GCF_007994365_1	GCF_007994365.1	T2	0	no	no	desconocido		none	desconocido	desconocido	no	Scaffold	63	110520	99.99	0.19	4167381	RefSeq
L14_Bacillus_licheniformis	L14	GCF_007994485_1	GCF_007994485.1	T2	0	no	no	desconocido		none	desconocido	desconocido	no	Scaffold	103	58712	100.0	0.09	4084014	RefSeq
L14_Bacillus_licheniformis	L14	GCF_015559765_1	GCF_015559765.1	T2	0	no	no	clinico_humano	\b(human|homo sapiens|patient|clinical|hospital|blood|urine|feces|faeces|fecal|faecal|stool|sputum|gut\b|wound|abscess|catheter|endovascular|duodenum|conjunctiva|nasal|nasopharyn|oral|saliva|vagina|skin|kidney|pus|cerebrospinal|bronch|infant|neonat|biopsy|swab)	stool	USA	America_del_Norte	no	Scaffold	22	662475	100.0	0.08	4141631	RefSeq
L14_Bacillus_licheniformis	L14	GCF_007831695_1	GCF_007831695.1	T2	0	no	no	desconocido		none	Denmark	Europa	no	Scaffold	47	214604	100.0	0.09	4228250	RefSeq
L14_Bacillus_licheniformis	L14	GCF_007855455_1	GCF_007855455.1	T2	0	no	no	suelo	\b(soil|compost|biocompost|manure|humus|peat|farmland|arable|field|agricultural|greenhouse|plastic house|forest|garden|sand)	soil	South Korea	Asia	no	Complete Genome	1	4201713	100.0	0.1	4201713	RefSeq
L14_Bacillus_licheniformis	L14	GCF_007831575_1	GCF_007831575.1	T2	0	no	no	desconocido		none	Denmark	Europa	no	Scaffold	27	293029	100.0	0.07	4207781	RefSeq
L14_Bacillus_licheniformis	L14	GCF_020686825_1	GCF_020686825.1	T2	0	no	no	planta	\b(plant|root|rhizosphere|leaf|leaves|phyllosphere|seed|endophyt|stem|flower|fruit|apple|tree|maize|corn|wheat|tomato|potato|cotton|tobacco|grass\b|moss|lichen|algae|alga)	leaf	Tunisia	Africa	no	Contig	34	392589	100.0	0.07	4171409	RefSeq
L14_Bacillus_licheniformis	L14	GCF_008368435_1	GCF_008368435.1	T2	0	no	no	alimento_industrial	\b(food|milk|buttermilk|cheese|dairy|meat|sausage|fermented|fermentation|kimchi|soy|natto|doenjang|cheonggukjang|bread|dough|soup|beverage|juice|wine|beer|liquor|maotai|daqu|pit mud|vinegar|tea|cocoa|coffee|honey|industrial|factory|probiotic|feed|silage|starter|brine|pickle|enzym|amylase|protease|product|heroin)	Gergoush (Sudanese Bread snack) primary fermentation step	Sudan	Africa	no	Scaffold	36	861902	100.0	0.2	4337996	RefSeq
L14_Bacillus_licheniformis	L14	GCF_028857315_1	GCF_028857315.1	T2	0	no	no	alimento_industrial	\b(food|milk|buttermilk|cheese|dairy|meat|sausage|fermented|fermentation|kimchi|soy|natto|doenjang|cheonggukjang|bread|dough|soup|beverage|juice|wine|beer|liquor|maotai|daqu|pit mud|vinegar|tea|cocoa|coffee|honey|industrial|factory|probiotic|feed|silage|starter|brine|pickle|enzym|amylase|protease|product|heroin)	skim milk powder (medium heat)	Ireland	Europa	no	Contig	82	383392	100.0	0.17	4377533	RefSeq
L14_Bacillus_licheniformis	L14	GCF_007831295_1	GCF_007831295.1	T2	0	no	no	desconocido		none	desconocido	desconocido	no	Scaffold	68	105019	100.0	0.08	4095430	RefSeq
L14_Bacillus_licheniformis	L14	GCF_026791975_1	GCF_026791975.1	T2	0	no	no	desconocido		none	desconocido	desconocido	no	Scaffold	55	191887	100.0	0.17	4277835	RefSeq
L14_Bacillus_licheniformis	L14	GCF_007831455_1	GCF_007831455.1	T2	0	no	no	desconocido		none	USA	America_del_Norte	no	Scaffold	20	2333974	100.0	0.32	4362402	RefSeq
L14_Bacillus_licheniformis	L14	GCF_007830815_1	GCF_007830815.1	T2	0	no	no	desconocido		none	desconocido	desconocido	no	Scaffold	36	294295	100.0	0.22	4231855	RefSeq
L14_Bacillus_licheniformis	L14	GCF_001950175_1	GCF_001950175.1	T2	0	no	no	desconocido		none	desconocido	desconocido	no	Contig	2	4209959	100.0	0.07	4216931	RefSeq
L14_Bacillus_licheniformis	L14	GCF_945957445_1	GCF_945957445.1	T2	0	no	no	desconocido		none	desconocido	desconocido	no	Contig	18	2234065	100.0	0.17	4254074	RefSeq
L14_Bacillus_licheniformis	L14	GCF_007831495_1	GCF_007831495.1	T2	0	no	no	desconocido		none	Denmark	Europa	no	Scaffold	33	259728	100.0	0.07	4087367	RefSeq
L14_Bacillus_licheniformis	L14	GCF_007994255_1	GCF_007994255.1	T2	0	no	no	desconocido		none	Philippines	Asia	no	Scaffold	43	622805	100.0	0.38	4477636	RefSeq
L14_Bacillus_licheniformis	L14	GCF_020686785_1	GCF_020686785.1	T2	0	no	no	planta	\b(plant|root|rhizosphere|leaf|leaves|phyllosphere|seed|endophyt|stem|flower|fruit|apple|tree|maize|corn|wheat|tomato|potato|cotton|tobacco|grass\b|moss|lichen|algae|alga)	plant leaf	Tunisia	Africa	no	Contig	44	392587	100.0	0.07	4176915	RefSeq
L14_Bacillus_licheniformis	L14	GCF_021045125_1	GCF_021045125.1	T2	0	no	no	desconocido		none	South Africa	Africa	no	Scaffold	187	36931	100.0	0.04	4152826	RefSeq
L14_Bacillus_licheniformis	L14	GCF_001876575_1	GCF_001876575.1	T2	0	no	no	planta	\b(plant|root|rhizosphere|leaf|leaves|phyllosphere|seed|endophyt|stem|flower|fruit|apple|tree|maize|corn|wheat|tomato|potato|cotton|tobacco|grass\b|moss|lichen|algae|alga)	Rice seed	India	Asia	no	Contig	279	54920	100.0	0.51	4432724	RefSeq
L14_Bacillus_licheniformis	L14	GCF_000258125_2	GCF_000258125.2	T1	500	no	no	petreo_arido	\b(rock|stone|granite|marble|limestone|sandstone|basalt|monument|heritage|mural|fresco|painting|building|facade|masonry|cave|desert|arid|dust|mine|mining|mineral|weathered|ruin|sculpture|statue|tomb|temple|amphora|ceramic|pottery|archaeolog)	soil from Yingcheng Salt Mine	China	Asia	no	Chromosome	3	2735904	100.0	0.15	4286821	RefSeq
L14_Bacillus_licheniformis	L14	GCF_003595625_1	GCF_003595625.1	T2	0	no	no	suelo	\b(soil|compost|biocompost|manure|humus|peat|farmland|arable|field|agricultural|greenhouse|plastic house|forest|garden|sand)	Manure compost	Japan	Asia	no	Complete Genome	3	4367367	100.0	0.22	4440709	RefSeq
L14_Bacillus_licheniformis	L14	GCF_001876545_1	GCF_001876545.1	T2	0	no	no	planta	\b(plant|root|rhizosphere|leaf|leaves|phyllosphere|seed|endophyt|stem|flower|fruit|apple|tree|maize|corn|wheat|tomato|potato|cotton|tobacco|grass\b|moss|lichen|algae|alga)	Rice seed	India	Asia	no	Contig	228	60032	100.0	1.46	4445448	RefSeq
L14_Bacillus_licheniformis	L14	GCF_007832515_1	GCF_007832515.1	T2	0	no	no	desconocido		none	desconocido	desconocido	no	Scaffold	31	332971	100.0	0.16	4134951	RefSeq
L14_Bacillus_licheniformis	L14	GCF_007677765_1	GCF_007677765.1	T2	0	no	no	otro_ambiental	\b(environment|air|aerosol|clean ?room|spacecraft|space station|surface|elevator|button|indoor|oil|petroleum|hydrocarbon|contaminat|polluted|biofilm|pipeline|volcan|geothermal|radioactive)	environmental	USA	America_del_Norte	no	Contig	124	214451	100.0	0.22	4427232	RefSeq
L14_Bacillus_licheniformis	L14	GCF_007679605_1	GCF_007679605.1	T2	0	no	no	otro_ambiental	\b(environment|air|aerosol|clean ?room|spacecraft|space station|surface|elevator|button|indoor|oil|petroleum|hydrocarbon|contaminat|polluted|biofilm|pipeline|volcan|geothermal|radioactive)	environmental	USA	America_del_Norte	no	Scaffold	143	214734	100.0	0.3	4438742	RefSeq
L14_Bacillus_licheniformis	L14	GCF_007673855_1	GCF_007673855.1	T2	0	no	no	otro_ambiental	\b(environment|air|aerosol|clean ?room|spacecraft|space station|surface|elevator|button|indoor|oil|petroleum|hydrocarbon|contaminat|polluted|biofilm|pipeline|volcan|geothermal|radioactive)	environmental	USA	America_del_Norte	no	Contig	226	214472	100.0	0.22	4452774	RefSeq
L14_Bacillus_licheniformis	L14	GCF_001587355_1	GCF_001587355.1	T2	0	no	no	alimento_industrial	\b(food|milk|buttermilk|cheese|dairy|meat|sausage|fermented|fermentation|kimchi|soy|natto|doenjang|cheonggukjang|bread|dough|soup|beverage|juice|wine|beer|liquor|maotai|daqu|pit mud|vinegar|tea|cocoa|coffee|honey|industrial|factory|probiotic|feed|silage|starter|brine|pickle|enzym|amylase|protease|product|heroin)	dairy environment	Netherlands	Europa	no	Scaffold	46	224430	100.0	0.06	4094914	RefSeq
L14_Bacillus_licheniformis	L14	GCF_900110715_1	GCF_900110715.1	T2	0	no	no	desconocido		none	desconocido	desconocido	no	Scaffold	24	402560	100.0	0.03	4084064	RefSeq
L14_Bacillus_licheniformis	L14	GCF_007830795_1	GCF_007830795.1	T2	0	no	no	desconocido		none	desconocido	desconocido	no	Contig	19	593873	100.0	0.05	4142407	RefSeq
L14_Bacillus_licheniformis	L14	GCF_007994305_1	GCF_007994305.1	T2	0	no	no	desconocido		none	Germany	Europa	no	Scaffold	17	539449	100.0	0.1	4149201	RefSeq
L14_Bacillus_licheniformis	L14	GCF_026789605_1	GCF_026789605.1	T2	0	no	no	desconocido		none	desconocido	desconocido	no	Scaffold	29	293889	100.0	0.13	4165796	RefSeq
L14_Bacillus_licheniformis	L14	GCF_002966955_1	GCF_002966955.1	T2	0	no	no	alimento_industrial	\b(food|milk|buttermilk|cheese|dairy|meat|sausage|fermented|fermentation|kimchi|soy|natto|doenjang|cheonggukjang|bread|dough|soup|beverage|juice|wine|beer|liquor|maotai|daqu|pit mud|vinegar|tea|cocoa|coffee|honey|industrial|factory|probiotic|feed|silage|starter|brine|pickle|enzym|amylase|protease|product|heroin)	High-salt fermented soybean	South Korea	Asia	no	Complete Genome	1	4332232	100.0	0.04	4332232	RefSeq
L14_Bacillus_licheniformis	L14	GCF_007831035_1	GCF_007831035.1	T2	0	no	no	desconocido		none	desconocido	desconocido	no	Scaffold	28	205081	100.0	0.14	4221553	RefSeq
L14_Bacillus_licheniformis	L14	GCF_022630555_1	GCF_022630555.1	T0	1000	no	si	suelo	\b(soil|compost|biocompost|manure|humus|peat|farmland|arable|field|agricultural|greenhouse|plastic house|forest|garden|sand)	biocompost	Germany	Europa	no	Complete Genome	1	4243588	100.0	0.07	4243588	RefSeq
L14_Bacillus_licheniformis	L14	GCF_002269275_1	GCF_002269275.1	T2	0	no	no	agua_sedimento	\b(water|freshwater|marine|sea|ocean|lake|river|creek|stream|sediment|estuar|wastewater|effluent|sewage|sludge|hot spring|spring|pond|lagoon|saline|salt|hypersaline|groundwater|aquifer|glacier|ice|snow|permafrost)	sewage water	China	Asia	no	Complete Genome	1	4166290	100.0	0.04	4166290	RefSeq
L14_Bacillus_licheniformis	L14	GCF_014250415_1	GCF_014250415.1	T2	0	no	no	suelo	\b(soil|compost|biocompost|manure|humus|peat|farmland|arable|field|agricultural|greenhouse|plastic house|forest|garden|sand)	soil	Antarctica	Antartida	no	Complete Genome	1	4212838	100.0	0.04	4212838	RefSeq
L14_Bacillus_licheniformis	L14	GCF_001896295_1	GCF_001896295.1	T2	0	no	no	agua_sedimento	\b(water|freshwater|marine|sea|ocean|lake|river|creek|stream|sediment|estuar|wastewater|effluent|sewage|sludge|hot spring|spring|pond|lagoon|saline|salt|hypersaline|groundwater|aquifer|glacier|ice|snow|permafrost)	heated water in contact with grass/sediment layer	USA	America_del_Norte	no	Contig	60	747706	100.0	0.4	4536032	RefSeq
L14_Bacillus_licheniformis	L14	GCF_030501475_1	GCF_030501475.1	T0	1000	no	si	desconocido		none	China	Asia	no	Contig	45	269834	100.0	0.18	4194676	RefSeq
L14_Bacillus_licheniformis	L14	GCF_007831515_1	GCF_007831515.1	T2	0	no	no	desconocido		none	Germany	Europa	no	Scaffold	135	56622	100.0	0.14	4340407	RefSeq
L14_Bacillus_licheniformis	L14	GCF_028532465_1	GCF_028532465.1	T2	0	no	no	suelo	\b(soil|compost|biocompost|manure|humus|peat|farmland|arable|field|agricultural|greenhouse|plastic house|forest|garden|sand)	purple soil of Beibei District	China	Asia	no	Complete Genome	1	4252022	100.0	0.12	4252022	RefSeq
L14_Bacillus_licheniformis	L14	GCF_010578005_1	GCF_010578005.1	T2	0	no	no	desconocido		none	China	Asia	no	Scaffold	22	441837	100.0	0.46	4178202	RefSeq
L14_Bacillus_licheniformis	L14	GCF_003253815_1	GCF_003253815.1	T2	0	no	no	clinico_humano	\b(human|homo sapiens|patient|clinical|hospital|blood|urine|feces|faeces|fecal|faecal|stool|sputum|gut\b|wound|abscess|catheter|endovascular|duodenum|conjunctiva|nasal|nasopharyn|oral|saliva|vagina|skin|kidney|pus|cerebrospinal|bronch|infant|neonat|biopsy|swab)	adult feces	South Korea	Asia	no	Complete Genome	1	4208157	100.0	0.07	4208157	RefSeq
L14_Bacillus_licheniformis	L14	GCF_019037425_1	GCF_019037425.1	T2	0	no	no	otro_ambiental	\b(environment|air|aerosol|clean ?room|spacecraft|space station|surface|elevator|button|indoor|oil|petroleum|hydrocarbon|contaminat|polluted|biofilm|pipeline|volcan|geothermal|radioactive)	cleanroom floor	USA	America_del_Norte	no	Scaffold	32	493971	100.0	0.09	4142746	RefSeq
L14_Bacillus_licheniformis	L14	GCF_944993335_1	GCF_944993335.1	T2	0	no	no	alimento_industrial	\b(food|milk|buttermilk|cheese|dairy|meat|sausage|fermented|fermentation|kimchi|soy|natto|doenjang|cheonggukjang|bread|dough|soup|beverage|juice|wine|beer|liquor|maotai|daqu|pit mud|vinegar|tea|cocoa|coffee|honey|industrial|factory|probiotic|feed|silage|starter|brine|pickle|enzym|amylase|protease|product|heroin)	Alpha-amylase enzym 4g (Coobra)	desconocido	desconocido	no	Contig	72	132179	100.0	0.06	4106118	RefSeq
L14_Bacillus_licheniformis	L14	GCF_028857515_1	GCF_028857515.1	T2	0	no	no	alimento_industrial	\b(food|milk|buttermilk|cheese|dairy|meat|sausage|fermented|fermentation|kimchi|soy|natto|doenjang|cheonggukjang|bread|dough|soup|beverage|juice|wine|beer|liquor|maotai|daqu|pit mud|vinegar|tea|cocoa|coffee|honey|industrial|factory|probiotic|feed|silage|starter|brine|pickle|enzym|amylase|protease|product|heroin)	skim milk powder (medium heat)	Ireland	Europa	no	Contig	57	368842	100.0	0.18	4342493	RefSeq
L14_Bacillus_licheniformis	L14	GCF_002074115_1	GCF_002074115.1	T2	0	no	no	alimento_industrial	\b(food|milk|buttermilk|cheese|dairy|meat|sausage|fermented|fermentation|kimchi|soy|natto|doenjang|cheonggukjang|bread|dough|soup|beverage|juice|wine|beer|liquor|maotai|daqu|pit mud|vinegar|tea|cocoa|coffee|honey|industrial|factory|probiotic|feed|silage|starter|brine|pickle|enzym|amylase|protease|product|heroin)	Korean soybean paste	South Korea	Asia	no	Complete Genome	1	4475542	100.0	0.12	4475542	RefSeq
L14_Bacillus_licheniformis	L14	GCF_007994455_1	GCF_007994455.1	T2	0	no	no	desconocido		none	desconocido	desconocido	no	Scaffold	37	237082	100.0	0.04	4197541	RefSeq
L14_Bacillus_licheniformis	L14	GCF_004526275_1	GCF_004526275.1	T2	0	no	no	alimento_industrial	\b(food|milk|buttermilk|cheese|dairy|meat|sausage|fermented|fermentation|kimchi|soy|natto|doenjang|cheonggukjang|bread|dough|soup|beverage|juice|wine|beer|liquor|maotai|daqu|pit mud|vinegar|tea|cocoa|coffee|honey|industrial|factory|probiotic|feed|silage|starter|brine|pickle|enzym|amylase|protease|product|heroin)	Raw milk	India	Asia	no	Complete Genome	1	4230480	100.0	0.33	4230480	RefSeq
L14_Bacillus_licheniformis	L14	GCF_016126875_1	GCF_016126875.1	T2	0	no	no	sin_clasificar		ileum	China	Asia	no	Complete Genome	3	4180526	100.0	0.03	4232501	RefSeq
L14_Bacillus_licheniformis	L14	GCF_001925055_1	GCF_001925055.1	T2	0	no	no	desconocido		none	Netherlands	Europa	no	Scaffold	20	491944	100.0	0.17	4206468	RefSeq
L14_Bacillus_licheniformis	L14	GCF_008368425_1	GCF_008368425.1	T2	0	no	no	alimento_industrial	\b(food|milk|buttermilk|cheese|dairy|meat|sausage|fermented|fermentation|kimchi|soy|natto|doenjang|cheonggukjang|bread|dough|soup|beverage|juice|wine|beer|liquor|maotai|daqu|pit mud|vinegar|tea|cocoa|coffee|honey|industrial|factory|probiotic|feed|silage|starter|brine|pickle|enzym|amylase|protease|product|heroin)	Gergoush (Sudanese Bread snack) primary fermentation step	Sudan	Africa	no	Scaffold	34	302780	100.0	0.1	4163391	RefSeq
L14_Bacillus_licheniformis	L14	GCF_007830975_1	GCF_007830975.1	T2	0	no	no	desconocido		none	desconocido	desconocido	no	Scaffold	26	241623	100.0	0.21	4247818	RefSeq
L14_Bacillus_licheniformis	L14	GCF_002564325_1	GCF_002564325.1	T2	0	no	no	suelo	\b(soil|compost|biocompost|manure|humus|peat|farmland|arable|field|agricultural|greenhouse|plastic house|forest|garden|sand)	compost	China	Asia	no	Contig	146	171377	100.0	0.69	4600757	RefSeq
L14_Bacillus_licheniformis	L14	GCF_948330375_1	GCF_948330375.1	T1	500	no	no	petreo_arido	\b(rock|stone|granite|marble|limestone|sandstone|basalt|monument|heritage|mural|fresco|painting|building|facade|masonry|cave|desert|arid|dust|mine|mining|mineral|weathered|ruin|sculpture|statue|tomb|temple|amphora|ceramic|pottery|archaeolog)	desert sand	desconocido	desconocido	no	Contig	208	1050592	100.0	0.13	4188852	RefSeq
L14_Bacillus_licheniformis	L14	GCF_006494795_1	GCF_006494795.1	T2	0	no	no	sin_clasificar		silt	China	Asia	no	Complete Genome	1	4280457	100.0	0.1	4280457	RefSeq
L14_Bacillus_licheniformis	L14	GCF_002074075_1	GCF_002074075.1	T2	0	no	no	alimento_industrial	\b(food|milk|buttermilk|cheese|dairy|meat|sausage|fermented|fermentation|kimchi|soy|natto|doenjang|cheonggukjang|bread|dough|soup|beverage|juice|wine|beer|liquor|maotai|daqu|pit mud|vinegar|tea|cocoa|coffee|honey|industrial|factory|probiotic|feed|silage|starter|brine|pickle|enzym|amylase|protease|product|heroin)	Korean soybean paste	South Korea	Asia	no	Complete Genome	1	4300706	100.0	0.05	4300706	RefSeq
L14_Bacillus_licheniformis	L14	GCF_026796245_1	GCF_026796245.1	T2	0	no	no	desconocido		none	desconocido	desconocido	no	Scaffold	48	398391	100.0	0.04	4154634	RefSeq
L14_Bacillus_licheniformis	L14	GCF_024649545_1	GCF_024649545.1	T2	0	no	no	desconocido	\b(atcc|dsm|culture collection|cultivated from|cell culture|laboratory)	Cultivated from CCT190562S ATCC 14581	Brazil	America_Latina_Caribe	si	Contig	65	100163	99.99	0.13	4140688	RefSeq
L14_Bacillus_licheniformis	L14	GCF_028857415_1	GCF_028857415.1	T2	0	no	no	alimento_industrial	\b(food|milk|buttermilk|cheese|dairy|meat|sausage|fermented|fermentation|kimchi|soy|natto|doenjang|cheonggukjang|bread|dough|soup|beverage|juice|wine|beer|liquor|maotai|daqu|pit mud|vinegar|tea|cocoa|coffee|honey|industrial|factory|probiotic|feed|silage|starter|brine|pickle|enzym|amylase|protease|product|heroin)	skim milk powder (medium heat)	Ireland	Europa	no	Contig	48	303300	100.0	0.14	4146623	RefSeq
L14_Bacillus_licheniformis	L14	GCF_007832095_1	GCF_007832095.1	T2	0	no	no	desconocido		none	Germany	Europa	no	Scaffold	38	222810	100.0	0.03	4104231	RefSeq
L14_Bacillus_licheniformis	L14	GCF_019448535_1	GCF_019448535.1	T2	0	no	no	agua_sedimento	\b(water|freshwater|marine|sea|ocean|lake|river|creek|stream|sediment|estuar|wastewater|effluent|sewage|sludge|hot spring|spring|pond|lagoon|saline|salt|hypersaline|groundwater|aquifer|glacier|ice|snow|permafrost)	thermal water	Serbia	Europa	no	Contig	92	635816	100.0	0.3	4566963	RefSeq
L14_Bacillus_licheniformis	L14	GCF_030284405_1	GCF_030284405.1	T2	0	no	no	planta	\b(plant|root|rhizosphere|leaf|leaves|phyllosphere|seed|endophyt|stem|flower|fruit|apple|tree|maize|corn|wheat|tomato|potato|cotton|tobacco|grass\b|moss|lichen|algae|alga)	rhizosphere soil	China	Asia	no	Complete Genome	1	4238379	100.0	0.07	4238379	RefSeq
L14_Bacillus_licheniformis	L14	GCF_026799625_1	GCF_026799625.1	T2	0	no	no	alimento_industrial	\b(food|milk|buttermilk|cheese|dairy|meat|sausage|fermented|fermentation|kimchi|soy|natto|doenjang|cheonggukjang|bread|dough|soup|beverage|juice|wine|beer|liquor|maotai|daqu|pit mud|vinegar|tea|cocoa|coffee|honey|industrial|factory|probiotic|feed|silage|starter|brine|pickle|enzym|amylase|protease|product|heroin)	Honey	United Kingdom	Europa	no	Contig	9	1085504	100.0	0.06	4128885	RefSeq
L14_Bacillus_licheniformis	L14	GCF_007832275_1	GCF_007832275.1	T2	0	no	no	desconocido		none	desconocido	desconocido	no	Scaffold	13	2128494	100.0	0.09	4100500	RefSeq
L14_Bacillus_licheniformis	L14	GCF_944993375_1	GCF_944993375.1	T2	0	no	no	alimento_industrial	\b(food|milk|buttermilk|cheese|dairy|meat|sausage|fermented|fermentation|kimchi|soy|natto|doenjang|cheonggukjang|bread|dough|soup|beverage|juice|wine|beer|liquor|maotai|daqu|pit mud|vinegar|tea|cocoa|coffee|honey|industrial|factory|probiotic|feed|silage|starter|brine|pickle|enzym|amylase|protease|product|heroin)	Alpha-amylase enzym 4g (Coobra)	desconocido	desconocido	no	Contig	64	128657	100.0	0.06	4109150	RefSeq
L14_Bacillus_licheniformis	L14	GCF_004119795_1	GCF_004119795.1	T2	0	no	no	alimento_industrial	\b(food|milk|buttermilk|cheese|dairy|meat|sausage|fermented|fermentation|kimchi|soy|natto|doenjang|cheonggukjang|bread|dough|soup|beverage|juice|wine|beer|liquor|maotai|daqu|pit mud|vinegar|tea|cocoa|coffee|honey|industrial|factory|probiotic|feed|silage|starter|brine|pickle|enzym|amylase|protease|product|heroin)	food	South Korea	Asia	no	Complete Genome	1	4298206	100.0	0.07	4298206	RefSeq
L14_Bacillus_licheniformis	L14	GCF_945957455_1	GCF_945957455.1	T2	0	no	no	desconocido		none	desconocido	desconocido	no	Contig	31	438169	100.0	0.23	4145137	RefSeq
L14_Bacillus_licheniformis	L14	GCF_007832215_1	GCF_007832215.1	T2	0	no	no	desconocido		none	desconocido	desconocido	no	Scaffold	49	155462	100.0	0.35	4301832	RefSeq
L14_Bacillus_licheniformis	L14	GCF_910575305_1	GCF_910575305.1	T2	0	no	no	animal	\b(animal|cattle|bovine|cow|calf|herd|pig|swine|porcine|chicken|poultry|avian|bird|fish|shrimp|insect|bee|honeybee|mosquito|termite|larva|moth\b|meal moth|spider|rumen|caecum|cecum|excreta|mouse|mice|rat|horse|equine|dog|canine|sheep|ovine|goat|caprine|snail|oyster|coral|sponge|nematode|worm)	Mouse faeces	desconocido	desconocido	no	Contig	22	670290	100.0	0.11	4226020	RefSeq
L14_Bacillus_licheniformis	L14	GCF_900171545_1	GCF_900171545.1	T2	0	no	no	desconocido		none	desconocido	desconocido	no	Scaffold	26	720271	100.0	0.14	4253681	RefSeq
L14_Bacillus_licheniformis	L14	GCA_000952085_1	GCA_000952085.1	T2	0	no	no	suelo	\b(soil|compost|biocompost|manure|humus|peat|farmland|arable|field|agricultural|greenhouse|plastic house|forest|garden|sand)	diesel contaminated soil	Belgium	Europa	no	Contig	24	507764	99.53	1.28	4392282	GenBank
L14_Bacillus_licheniformis	L14	GCF_007994175_1	GCF_007994175.1	T2	0	no	no	desconocido		none	desconocido	desconocido	no	Scaffold	68	172450	100.0	0.33	4447729	RefSeq
L14_Bacillus_licheniformis	L14	GCF_002272005_1	GCF_002272005.1	T2	0	no	no	alimento_industrial	\b(food|milk|buttermilk|cheese|dairy|meat|sausage|fermented|fermentation|kimchi|soy|natto|doenjang|cheonggukjang|bread|dough|soup|beverage|juice|wine|beer|liquor|maotai|daqu|pit mud|vinegar|tea|cocoa|coffee|honey|industrial|factory|probiotic|feed|silage|starter|brine|pickle|enzym|amylase|protease|product|heroin)	uncut heroin sample	desconocido	desconocido	no	Contig	104	95006	100.0	0.29	4322140	RefSeq
L14_Bacillus_licheniformis	L14	GCF_007831255_1	GCF_007831255.1	T2	0	no	no	desconocido		none	desconocido	desconocido	no	Scaffold	45	217038	100.0	0.32	4410515	RefSeq
L14_Bacillus_licheniformis	L14	GCF_007832335_1	GCF_007832335.1	T2	0	no	no	desconocido		none	Germany	Europa	no	Scaffold	67	118869	100.0	0.24	4337340	RefSeq
L14_Bacillus_licheniformis	L14	GCF_007676795_1	GCF_007676795.1	T2	0	no	no	otro_ambiental	\b(environment|air|aerosol|clean ?room|spacecraft|space station|surface|elevator|button|indoor|oil|petroleum|hydrocarbon|contaminat|polluted|biofilm|pipeline|volcan|geothermal|radioactive)	environmental	USA	America_del_Norte	no	Scaffold	122	214706	100.0	0.22	4426824	RefSeq
L14_Bacillus_licheniformis	L14	GCF_009662395_1	GCF_009662395.1	T2	0	no	no	desconocido		none	Denmark	Europa	no	Complete Genome	2	4343379	100.0	0.04	4352529	RefSeq
L14_Bacillus_licheniformis	L14	GCF_002271725_1	GCF_002271725.1	T2	0	no	no	alimento_industrial	\b(food|milk|buttermilk|cheese|dairy|meat|sausage|fermented|fermentation|kimchi|soy|natto|doenjang|cheonggukjang|bread|dough|soup|beverage|juice|wine|beer|liquor|maotai|daqu|pit mud|vinegar|tea|cocoa|coffee|honey|industrial|factory|probiotic|feed|silage|starter|brine|pickle|enzym|amylase|protease|product|heroin)	uncut heroin sample	desconocido	desconocido	no	Contig	74	159630	100.0	0.11	4281041	RefSeq
L14_Bacillus_licheniformis	L14	GCF_023714845_1	GCF_023714845.1	T2	0	no	no	otro_ambiental	\b(environment|air|aerosol|clean ?room|spacecraft|space station|surface|elevator|button|indoor|oil|petroleum|hydrocarbon|contaminat|polluted|biofilm|pipeline|volcan|geothermal|radioactive)	Cleanroom	USA	America_del_Norte	no	Contig	62	387437	100.0	0.01	4098880	RefSeq
L14_Bacillus_licheniformis	L14	GCF_007832045_1	GCF_007832045.1	T2	0	no	no	desconocido		none	Spain	Europa	no	Scaffold	28	379188	100.0	0.1	4132129	RefSeq
L14_Bacillus_licheniformis	L14	GCF_028857345_1	GCF_028857345.1	T2	0	no	no	alimento_industrial	\b(food|milk|buttermilk|cheese|dairy|meat|sausage|fermented|fermentation|kimchi|soy|natto|doenjang|cheonggukjang|bread|dough|soup|beverage|juice|wine|beer|liquor|maotai|daqu|pit mud|vinegar|tea|cocoa|coffee|honey|industrial|factory|probiotic|feed|silage|starter|brine|pickle|enzym|amylase|protease|product|heroin)	skim milk powder (medium heat)	Ireland	Europa	no	Contig	49	424749	100.0	0.34	4468995	RefSeq
L14_Bacillus_licheniformis	L14	GCF_023713725_1	GCF_023713725.1	T2	0	no	no	otro_ambiental	\b(environment|air|aerosol|clean ?room|spacecraft|space station|surface|elevator|button|indoor|oil|petroleum|hydrocarbon|contaminat|polluted|biofilm|pipeline|volcan|geothermal|radioactive)	Cleanroom	USA	America_del_Norte	no	Contig	29	2240383	100.0	0.53	4271713	RefSeq
L14_Bacillus_licheniformis	L14	GCA_019873785_1	GCA_019873785.1	T2	0	no	no	suelo	\b(soil|compost|biocompost|manure|humus|peat|farmland|arable|field|agricultural|greenhouse|plastic house|forest|garden|sand)	compost	India	Asia	no	Contig	3	4149074	99.71	0.42	4167516	GenBank
L14_Bacillus_licheniformis	L14	GCF_001896285_1	GCF_001896285.1	T2	0	no	no	agua_sedimento	\b(water|freshwater|marine|sea|ocean|lake|river|creek|stream|sediment|estuar|wastewater|effluent|sewage|sludge|hot spring|spring|pond|lagoon|saline|salt|hypersaline|groundwater|aquifer|glacier|ice|snow|permafrost)	amphitheater springs near vegetative/sediment and waters edge	USA	America_del_Norte	no	Contig	81	521225	100.0	0.94	4763591	RefSeq
L14_Bacillus_licheniformis	L14	GCF_007831635_1	GCF_007831635.1	T2	0	no	no	desconocido		none	Denmark	Europa	no	Scaffold	27	287197	100.0	0.09	4240896	RefSeq
L14_Bacillus_licheniformis	L14	GCF_020177515_1	GCF_020177515.1	T2	0	no	no	desconocido		none	USA	America_del_Norte	no	Scaffold	95	345584	100.0	0.61	4645791	RefSeq
L14_Bacillus_licheniformis	L14	GCF_007994375_1	GCF_007994375.1	T2	0	no	no	desconocido		none	desconocido	desconocido	no	Scaffold	31	411820	100.0	0.27	4375193	RefSeq
L14_Bacillus_licheniformis	L14	GCF_007831665_1	GCF_007831665.1	T2	0	no	no	desconocido		none	Denmark	Europa	no	Scaffold	61	115341	100.0	0.13	4095353	RefSeq
L14_Bacillus_licheniformis	L14	GCF_018332835_1	GCF_018332835.1	T2	0	no	no	alimento_industrial	\b(food|milk|buttermilk|cheese|dairy|meat|sausage|fermented|fermentation|kimchi|soy|natto|doenjang|cheonggukjang|bread|dough|soup|beverage|juice|wine|beer|liquor|maotai|daqu|pit mud|vinegar|tea|cocoa|coffee|honey|industrial|factory|probiotic|feed|silage|starter|brine|pickle|enzym|amylase|protease|product|heroin)	honey	Japan	Asia	no	Scaffold	98	605353	100.0	0.48	4389016	RefSeq
L14_Bacillus_licheniformis	L14	GCF_007994435_1	GCF_007994435.1	T2	0	no	no	desconocido		none	desconocido	desconocido	no	Scaffold	230	36253	99.99	0.4	4112747	RefSeq
L14_Bacillus_licheniformis	L14	GCF_005502515_1	GCF_005502515.1	T2	0	no	no	agua_sedimento	\b(water|freshwater|marine|sea|ocean|lake|river|creek|stream|sediment|estuar|wastewater|effluent|sewage|sludge|hot spring|spring|pond|lagoon|saline|salt|hypersaline|groundwater|aquifer|glacier|ice|snow|permafrost)	alpine spring water	Italy	Europa	no	Contig	25	578641	100.0	0.13	4279216	RefSeq
L14_Bacillus_licheniformis	L14	GCF_000695465_1	GCF_000695465.1	T2	0	no	no	suelo	\b(soil|compost|biocompost|manure|humus|peat|farmland|arable|field|agricultural|greenhouse|plastic house|forest|garden|sand)	soil	China	Asia	no	Contig	40	490798	100.0	0.13	4194413	RefSeq
L14_Bacillus_licheniformis	L14	GCF_007831755_1	GCF_007831755.1	T2	0	no	no	desconocido		none	Sudan	Africa	no	Scaffold	97	86695	100.0	0.3	4325385	RefSeq
L14_Bacillus_licheniformis	L14	GCF_007831735_1	GCF_007831735.1	T2	0	no	no	desconocido		none	Sudan	Africa	no	Scaffold	62	168662	100.0	0.74	4244135	RefSeq
L14_Bacillus_licheniformis	L14	GCF_025685785_1	GCF_025685785.1	T2	0	no	no	suelo	\b(soil|compost|biocompost|manure|humus|peat|farmland|arable|field|agricultural|greenhouse|plastic house|forest|garden|sand)	compost	Malaysia	Asia	no	Contig	39	345732	100.0	0.32	4337697	RefSeq
L14_Bacillus_licheniformis	L14	GCF_026796135_1	GCF_026796135.1	T2	0	no	no	desconocido		none	desconocido	desconocido	no	Scaffold	36	618329	100.0	0.07	4177763	RefSeq
L14_Bacillus_licheniformis	L14	GCF_026795695_1	GCF_026795695.1	T2	0	no	no	desconocido		none	desconocido	desconocido	no	Scaffold	26	616434	99.99	0.05	4063869	RefSeq
L14_Bacillus_licheniformis	L14	GCF_007831875_1	GCF_007831875.1	T2	0	no	no	desconocido		none	Germany	Europa	no	Scaffold	53	186415	100.0	0.04	4134891	RefSeq
L14_Bacillus_licheniformis	L14	GCF_007832495_1	GCF_007832495.1	T2	0	no	no	desconocido		none	desconocido	desconocido	no	Scaffold	199	38345	99.99	0.27	4145955	RefSeq
L14_Bacillus_licheniformis	L14	GCF_007831325_1	GCF_007831325.1	T2	0	no	no	desconocido		none	desconocido	desconocido	no	Scaffold	28	372498	100.0	0.22	4326735	RefSeq
L14_Bacillus_licheniformis	L14	GCF_018332855_1	GCF_018332855.1	T2	0	no	no	alimento_industrial	\b(food|milk|buttermilk|cheese|dairy|meat|sausage|fermented|fermentation|kimchi|soy|natto|doenjang|cheonggukjang|bread|dough|soup|beverage|juice|wine|beer|liquor|maotai|daqu|pit mud|vinegar|tea|cocoa|coffee|honey|industrial|factory|probiotic|feed|silage|starter|brine|pickle|enzym|amylase|protease|product|heroin)	honey	Japan	Asia	no	Scaffold	28	689385	100.0	0.22	4372147	RefSeq
L14_Bacillus_licheniformis	L14	GCF_010578075_1	GCF_010578075.1	T2	0	no	no	desconocido		none	China	Asia	no	Scaffold	22	290497	100.0	0.25	4119640	RefSeq
L14_Bacillus_licheniformis	L14	GCF_015845325_1	GCF_015845325.1	T2	0	no	no	desconocido		none	USA	America_del_Norte	no	Contig	25	496207	100.0	0.24	4238094	RefSeq
L14_Bacillus_licheniformis	L14	GCA_002457815_1	GCA_002457815.1	T2	0	no	no	planta	\b(plant|root|rhizosphere|leaf|leaves|phyllosphere|seed|endophyt|stem|flower|fruit|apple|tree|maize|corn|wheat|tomato|potato|cotton|tobacco|grass\b|moss|lichen|algae|alga)	grape leaf	Italy	Europa	no	Contig	128	77942	100.0	1.47	4208275	GenBank
L14_Bacillus_licheniformis	L14	GCF_001876555_1	GCF_001876555.1	T2	0	no	no	planta	\b(plant|root|rhizosphere|leaf|leaves|phyllosphere|seed|endophyt|stem|flower|fruit|apple|tree|maize|corn|wheat|tomato|potato|cotton|tobacco|grass\b|moss|lichen|algae|alga)	Rice seed	India	Asia	no	Contig	143	88085	100.0	0.5	4448760	RefSeq
L14_Bacillus_licheniformis	L14	GCF_007831065_1	GCF_007831065.1	T2	0	no	no	desconocido		none	Japan	Asia	no	Scaffold	40	231728	100.0	0.21	4342592	RefSeq
L14_Bacillus_licheniformis	L14	GCF_002074095_1	GCF_002074095.1	T2	0	no	no	alimento_industrial	\b(food|milk|buttermilk|cheese|dairy|meat|sausage|fermented|fermentation|kimchi|soy|natto|doenjang|cheonggukjang|bread|dough|soup|beverage|juice|wine|beer|liquor|maotai|daqu|pit mud|vinegar|tea|cocoa|coffee|honey|industrial|factory|probiotic|feed|silage|starter|brine|pickle|enzym|amylase|protease|product|heroin)	Korean soybean paste	South Korea	Asia	no	Complete Genome	2	4136986	100.0	0.05	4342466	RefSeq
L14_Bacillus_licheniformis	L14	GCF_002271485_1	GCF_002271485.1	T2	0	no	no	alimento_industrial	\b(food|milk|buttermilk|cheese|dairy|meat|sausage|fermented|fermentation|kimchi|soy|natto|doenjang|cheonggukjang|bread|dough|soup|beverage|juice|wine|beer|liquor|maotai|daqu|pit mud|vinegar|tea|cocoa|coffee|honey|industrial|factory|probiotic|feed|silage|starter|brine|pickle|enzym|amylase|protease|product|heroin)	uncut heroin sample	desconocido	desconocido	no	Contig	69	172952	100.0	0.05	4132098	RefSeq
L14_Bacillus_licheniformis	L14	GCF_014673515_1	GCF_014673515.1	T2	0	no	no	agua_sedimento	\b(water|freshwater|marine|sea|ocean|lake|river|creek|stream|sediment|estuar|wastewater|effluent|sewage|sludge|hot spring|spring|pond|lagoon|saline|salt|hypersaline|groundwater|aquifer|glacier|ice|snow|permafrost)	Crude salt from Camalti Saltern	Turkey	Asia	no	Chromosome	126	210351	99.99	0.08	4222597	RefSeq
L14_Bacillus_licheniformis	L14	GCF_014489805_1	GCF_014489805.1	T2	0	no	no	agua_sedimento	\b(water|freshwater|marine|sea|ocean|lake|river|creek|stream|sediment|estuar|wastewater|effluent|sewage|sludge|hot spring|spring|pond|lagoon|saline|salt|hypersaline|groundwater|aquifer|glacier|ice|snow|permafrost)	sediment soil	China	Asia	no	Contig	35	605518	100.0	0.14	4171111	RefSeq
L14_Bacillus_licheniformis	L14	GCF_007830775_1	GCF_007830775.1	T2	0	no	no	desconocido		none	desconocido	desconocido	no	Contig	25	228328	100.0	0.13	4171293	RefSeq
L14_Bacillus_licheniformis	L14	GCF_001939525_1	GCF_001939525.1	T2	0	no	no	desconocido		none	Israel	Asia	no	Contig	26	409007	100.0	0.02	4299489	RefSeq
L14_Bacillus_licheniformis	L14	GCF_007832235_1	GCF_007832235.1	T2	0	no	no	desconocido		none	desconocido	desconocido	no	Contig	59	161703	100.0	0.03	4083723	RefSeq
L14_Bacillus_licheniformis	L14	GCF_030177855_1	GCF_030177855.1	T2	0	no	no	alimento_industrial	\b(food|milk|buttermilk|cheese|dairy|meat|sausage|fermented|fermentation|kimchi|soy|natto|doenjang|cheonggukjang|bread|dough|soup|beverage|juice|wine|beer|liquor|maotai|daqu|pit mud|vinegar|tea|cocoa|coffee|honey|industrial|factory|probiotic|feed|silage|starter|brine|pickle|enzym|amylase|protease|product|heroin)	tea	China	Asia	no	Complete Genome	1	4298205	100.0	0.1	4298205	RefSeq
L14_Bacillus_licheniformis	L14	GCF_007831145_1	GCF_007831145.1	T2	0	no	no	desconocido		none	Egypt	Africa	no	Scaffold	29	405238	100.0	0.35	4413589	RefSeq
L14_Bacillus_licheniformis	L14	GCF_002236895_1	GCF_002236895.1	T2	0	no	no	suelo	\b(soil|compost|biocompost|manure|humus|peat|farmland|arable|field|agricultural|greenhouse|plastic house|forest|garden|sand)	soil	China	Asia	no	Complete Genome	1	4287720	100.0	0.08	4287720	RefSeq
L14_Bacillus_licheniformis	L14	GCF_007673185_1	GCF_007673185.1	T2	0	no	no	otro_ambiental	\b(environment|air|aerosol|clean ?room|spacecraft|space station|surface|elevator|button|indoor|oil|petroleum|hydrocarbon|contaminat|polluted|biofilm|pipeline|volcan|geothermal|radioactive)	environmental	USA	America_del_Norte	no	Contig	129	214418	100.0	0.27	4427912	RefSeq
L14_Bacillus_licheniformis	L14	GCF_002272335_1	GCF_002272335.1	T2	0	no	no	alimento_industrial	\b(food|milk|buttermilk|cheese|dairy|meat|sausage|fermented|fermentation|kimchi|soy|natto|doenjang|cheonggukjang|bread|dough|soup|beverage|juice|wine|beer|liquor|maotai|daqu|pit mud|vinegar|tea|cocoa|coffee|honey|industrial|factory|probiotic|feed|silage|starter|brine|pickle|enzym|amylase|protease|product|heroin)	uncut heroin sample	desconocido	desconocido	no	Contig	76	182452	100.0	0.08	4162028	RefSeq
L14_Bacillus_licheniformis	L14	GCF_007831435_1	GCF_007831435.1	T2	0	no	no	desconocido		none	Germany	Europa	no	Scaffold	72	176255	100.0	0.23	4444941	RefSeq
L14_Bacillus_licheniformis	L14	GCF_024294685_1	GCF_024294685.1	T2	0	no	no	sin_clasificar		spice	China	Asia	no	Scaffold	27	439600	100.0	0.44	4294394	RefSeq
L14_Bacillus_licheniformis	L14	GCF_007832375_1	GCF_007832375.1	T2	0	no	no	desconocido		none	Denmark	Europa	no	Scaffold	37	221615	100.0	0.04	4141642	RefSeq
L14_Bacillus_licheniformis	L14	GCF_932751165_1	GCF_932751165.1	T2	0	no	no	clinico_humano	\b(human|homo sapiens|patient|clinical|hospital|blood|urine|feces|faeces|fecal|faecal|stool|sputum|gut\b|wound|abscess|catheter|endovascular|duodenum|conjunctiva|nasal|nasopharyn|oral|saliva|vagina|skin|kidney|pus|cerebrospinal|bronch|infant|neonat|biopsy|swab)	gut content	desconocido	desconocido	no	Contig	30	477505	100.0	0.15	4170450	RefSeq
L14_Bacillus_licheniformis	L14	GCF_007832255_1	GCF_007832255.1	T2	0	no	no	desconocido		none	Denmark	Europa	no	Scaffold	87	166050	100.0	0.27	4734703	RefSeq
L14_Bacillus_licheniformis	L14	GCF_002272315_1	GCF_002272315.1	T2	0	no	no	alimento_industrial	\b(food|milk|buttermilk|cheese|dairy|meat|sausage|fermented|fermentation|kimchi|soy|natto|doenjang|cheonggukjang|bread|dough|soup|beverage|juice|wine|beer|liquor|maotai|daqu|pit mud|vinegar|tea|cocoa|coffee|honey|industrial|factory|probiotic|feed|silage|starter|brine|pickle|enzym|amylase|protease|product|heroin)	uncut heroin sample	desconocido	desconocido	no	Contig	146	118775	100.0	0.14	4198297	RefSeq
L14_Bacillus_licheniformis	L14	GCF_003024435_1	GCF_003024435.1	T2	0	no	no	suelo	\b(soil|compost|biocompost|manure|humus|peat|farmland|arable|field|agricultural|greenhouse|plastic house|forest|garden|sand)	compost	Denmark	Europa	no	Scaffold	13	2369523	100.0	0.44	4388335	RefSeq
L14_Bacillus_licheniformis	L14	GCF_018587905_1	GCF_018587905.1	T2	0	no	no	planta	\b(plant|root|rhizosphere|leaf|leaves|phyllosphere|seed|endophyt|stem|flower|fruit|apple|tree|maize|corn|wheat|tomato|potato|cotton|tobacco|grass\b|moss|lichen|algae|alga)	leaves	Belgium	Europa	no	Contig	22	1027215	99.99	0.1	4098557	RefSeq
L14_Bacillus_licheniformis	L14	GCF_013421445_1	GCF_013421445.1	T2	0	no	no	otro_ambiental	\b(environment|air|aerosol|clean ?room|spacecraft|space station|surface|elevator|button|indoor|oil|petroleum|hydrocarbon|contaminat|polluted|biofilm|pipeline|volcan|geothermal|radioactive)	Integrated Science Center elevator button	USA	America_del_Norte	no	Contig	30	309949	99.99	0.21	4171909	RefSeq
L14_Bacillus_licheniformis	L14	GCF_007831885_1	GCF_007831885.1	T2	0	no	no	desconocido		none	Germany	Europa	no	Scaffold	62	141890	100.0	0.16	4363512	RefSeq
L14_Bacillus_licheniformis	L14	GCF_028857475_1	GCF_028857475.1	T2	0	no	no	alimento_industrial	\b(food|milk|buttermilk|cheese|dairy|meat|sausage|fermented|fermentation|kimchi|soy|natto|doenjang|cheonggukjang|bread|dough|soup|beverage|juice|wine|beer|liquor|maotai|daqu|pit mud|vinegar|tea|cocoa|coffee|honey|industrial|factory|probiotic|feed|silage|starter|brine|pickle|enzym|amylase|protease|product|heroin)	Skim milk powder (medium heat)	Ireland	Europa	no	Contig	126	81810	100.0	0.1	4197465	RefSeq
L14_Bacillus_licheniformis	L14	GCF_001587285_1	GCF_001587285.1	T2	0	no	no	alimento_industrial	\b(food|milk|buttermilk|cheese|dairy|meat|sausage|fermented|fermentation|kimchi|soy|natto|doenjang|cheonggukjang|bread|dough|soup|beverage|juice|wine|beer|liquor|maotai|daqu|pit mud|vinegar|tea|cocoa|coffee|honey|industrial|factory|probiotic|feed|silage|starter|brine|pickle|enzym|amylase|protease|product|heroin)	Pea soup (8h 40 C degree)	Netherlands	Europa	no	Scaffold	56	301930	100.0	0.31	4296935	RefSeq
L16_Bacillus_altitudinis	L16	GCF_030271235_1	GCF_030271235.1	T2	0	no	no	suelo	\b(soil|compost|biocompost|manure|humus|peat|farmland|arable|field|agricultural|greenhouse|plastic house|forest|garden|sand)	soil	Morocco	Africa	no	Scaffold	17	808791	100.0	0.02	3634564	RefSeq
L16_Bacillus_altitudinis	L16	GCF_901542325_1	GCF_901542325.1	T2	0	no	no	sin_clasificar		macroalgae	desconocido	desconocido	no	Contig	215	202201	100.0	0.01	3746007	RefSeq
L16_Bacillus_altitudinis	L16	GCF_016767855_1	GCF_016767855.1	T2	0	no	no	suelo	\b(soil|compost|biocompost|manure|humus|peat|farmland|arable|field|agricultural|greenhouse|plastic house|forest|garden|sand)	soil	China	Asia	no	Complete Genome	1	3741767	100.0	0.0	3741767	RefSeq
L16_Bacillus_altitudinis	L16	GCF_023502445_1	GCF_023502445.1	T2	0	no	no	clinico_humano	\b(human|homo sapiens|patient|clinical|hospital|blood|urine|feces|faeces|fecal|faecal|stool|sputum|gut\b|wound|abscess|catheter|endovascular|duodenum|conjunctiva|nasal|nasopharyn|oral|saliva|vagina|skin|kidney|pus|cerebrospinal|bronch|infant|neonat|biopsy|swab)	feces	China	Asia	no	Contig	17	958318	100.0	0.02	3788883	RefSeq
L16_Bacillus_altitudinis	L16	GCF_000789425_2	GCF_000789425.2	T2	0	no	no	animal	\b(animal|cattle|bovine|cow|calf|herd|pig|swine|porcine|chicken|poultry|avian|bird|fish|shrimp|insect|bee|honeybee|mosquito|termite|larva|moth\b|meal moth|spider|rumen|caecum|cecum|excreta|mouse|mice|rat|horse|equine|dog|canine|sheep|ovine|goat|caprine|snail|oyster|coral|sponge|nematode|worm)	Indian meal moth	USA	America_del_Norte	no	Scaffold	19	466626	100.0	0.05	3743699	RefSeq
L16_Bacillus_altitudinis	L16	GCF_026787805_1	GCF_026787805.1	T2	0	no	no	suelo	\b(soil|compost|biocompost|manure|humus|peat|farmland|arable|field|agricultural|greenhouse|plastic house|forest|garden|sand)	soil	Cote d Ivoire	Africa	no	Scaffold	84	90826	100.0	0.0	3702556	RefSeq
L16_Bacillus_altitudinis	L16	GCF_900119345_1	GCF_900119345.1	T2	0	no	no	desconocido		none	desconocido	desconocido	no	Scaffold	47	120603	100.0	0.0	3706009	RefSeq
L16_Bacillus_altitudinis	L16	GCF_029478555_1	GCF_029478555.1	T2	0	no	no	desconocido		none	Norway	Europa	no	Contig	41	982708	100.0	0.03	3756051	RefSeq
L16_Bacillus_altitudinis	L16	GCF_030016235_1	GCF_030016235.1	T2	0	no	no	desconocido		none	Slovenia	Europa	no	Contig	174	996873	100.0	0.04	3862186	RefSeq
L16_Bacillus_altitudinis	L16	GCF_016785155_1	GCF_016785155.1	T2	0	no	no	suelo	\b(soil|compost|biocompost|manure|humus|peat|farmland|arable|field|agricultural|greenhouse|plastic house|forest|garden|sand)	soil	China	Asia	no	Contig	14	1830586	100.0	0.01	3643183	RefSeq
L16_Bacillus_altitudinis	L16	GCF_023373945_1	GCF_023373945.1	T2	0	no	no	suelo	\b(soil|compost|biocompost|manure|humus|peat|farmland|arable|field|agricultural|greenhouse|plastic house|forest|garden|sand)	Compost	Malaysia	Asia	no	Contig	55	1039702	100.0	0.01	3700056	RefSeq
L16_Bacillus_altitudinis	L16	GCF_031199195_1	GCF_031199195.1	T2	0	no	no	desconocido	\b(atcc|dsm|culture collection|cultivated from|cell culture|laboratory)	cell culture	desconocido	desconocido	no	Complete Genome	1	3506943	99.96	0.03	3506943	RefSeq
L16_Bacillus_altitudinis	L16	GCF_019355135_1	GCF_019355135.1	T2	0	no	no	suelo	\b(soil|compost|biocompost|manure|humus|peat|farmland|arable|field|agricultural|greenhouse|plastic house|forest|garden|sand)	Soil for garbage dump	China	Asia	no	Complete Genome	1	3755290	100.0	0.02	3755290	RefSeq
L16_Bacillus_altitudinis	L16	GCF_030016265_1	GCF_030016265.1	T2	0	no	no	desconocido		none	Slovenia	Europa	no	Contig	110	996531	100.0	0.04	3844812	RefSeq
L16_Bacillus_altitudinis	L16	GCF_008180475_1	GCF_008180475.1	T2	0	no	no	agua_sedimento	\b(water|freshwater|marine|sea|ocean|lake|river|creek|stream|sediment|estuar|wastewater|effluent|sewage|sludge|hot spring|spring|pond|lagoon|saline|salt|hypersaline|groundwater|aquifer|glacier|ice|snow|permafrost)	sediment	Mexico	America_Latina_Caribe	si	Scaffold	57	161907	100.0	0.38	3826387	RefSeq
L16_Bacillus_altitudinis	L16	GCA_001420655_1	GCA_001420655.1	T2	0	no	no	suelo	\b(soil|compost|biocompost|manure|humus|peat|farmland|arable|field|agricultural|greenhouse|plastic house|forest|garden|sand)	soil	China	Asia	no	Contig	37	377802	100.0	0.08	3793858	GenBank
L16_Bacillus_altitudinis	L16	GCF_001548215_1	GCF_001548215.1	T2	0	no	no	suelo	\b(soil|compost|biocompost|manure|humus|peat|farmland|arable|field|agricultural|greenhouse|plastic house|forest|garden|sand)	Soil	Japan	Asia	no	Complete Genome	1	3723433	100.0	0.03	3723433	RefSeq
L16_Bacillus_altitudinis	L16	GCF_008764185_1	GCF_008764185.1	T2	0	no	no	otro_ambiental	\b(environment|air|aerosol|clean ?room|spacecraft|space station|surface|elevator|button|indoor|oil|petroleum|hydrocarbon|contaminat|polluted|biofilm|pipeline|volcan|geothermal|radioactive)	environmental	USA	America_del_Norte	no	Scaffold	28	604949	100.0	1.08	3703847	RefSeq
L16_Bacillus_altitudinis	L16	GCF_007676515_1	GCF_007676515.1	T2	0	no	no	otro_ambiental	\b(environment|air|aerosol|clean ?room|spacecraft|space station|surface|elevator|button|indoor|oil|petroleum|hydrocarbon|contaminat|polluted|biofilm|pipeline|volcan|geothermal|radioactive)	environmental	USA	America_del_Norte	no	Scaffold	112	514263	100.0	0.32	3731520	RefSeq
L16_Bacillus_altitudinis	L16	GCF_030433755_1	GCF_030433755.1	T2	0	no	no	planta	\b(plant|root|rhizosphere|leaf|leaves|phyllosphere|seed|endophyt|stem|flower|fruit|apple|tree|maize|corn|wheat|tomato|potato|cotton|tobacco|grass\b|moss|lichen|algae|alga)	leaf samples	USA	America_del_Norte	no	Contig	190	516346	100.0	0.0	3729660	RefSeq
L16_Bacillus_altitudinis	L16	GCF_001043535_1	GCF_001043535.1	T2	0	no	no	planta	\b(plant|root|rhizosphere|leaf|leaves|phyllosphere|seed|endophyt|stem|flower|fruit|apple|tree|maize|corn|wheat|tomato|potato|cotton|tobacco|grass\b|moss|lichen|algae|alga)	Plant	Malaysia	Asia	no	Contig	65	184419	100.0	0.02	3696916	RefSeq
L16_Bacillus_altitudinis	L16	GCA_020218135_1	GCA_020218135.1	T2	0	no	no	agua_sedimento	\b(water|freshwater|marine|sea|ocean|lake|river|creek|stream|sediment|estuar|wastewater|effluent|sewage|sludge|hot spring|spring|pond|lagoon|saline|salt|hypersaline|groundwater|aquifer|glacier|ice|snow|permafrost)	sediment	China	Asia	no	Contig	14	876881	100.0	0.04	3675078	GenBank
L16_Bacillus_altitudinis	L16	GCF_021654595_1	GCF_021654595.1	T2	0	no	no	animal	\b(animal|cattle|bovine|cow|calf|herd|pig|swine|porcine|chicken|poultry|avian|bird|fish|shrimp|insect|bee|honeybee|mosquito|termite|larva|moth\b|meal moth|spider|rumen|caecum|cecum|excreta|mouse|mice|rat|horse|equine|dog|canine|sheep|ovine|goat|caprine|snail|oyster|coral|sponge|nematode|worm)	spider	Japan	Asia	no	Complete Genome	2	3674367	100.0	0.02	3681563	RefSeq
L16_Bacillus_altitudinis	L16	GCF_015160895_1	GCF_015160895.1	T2	0	no	no	sin_clasificar		grapevine phylloplane	Belarus	Europa	no	Complete Genome	1	3763717	100.0	0.01	3763717	RefSeq
L16_Bacillus_altitudinis	L16	GCF_026787255_1	GCF_026787255.1	T2	0	no	no	suelo	\b(soil|compost|biocompost|manure|humus|peat|farmland|arable|field|agricultural|greenhouse|plastic house|forest|garden|sand)	soil	Greenland	America_del_Norte	no	Scaffold	112	94234	100.0	0.01	3701442	RefSeq
L16_Bacillus_altitudinis	L16	GCF_030014895_1	GCF_030014895.1	T2	0	no	no	desconocido		none	China	Asia	no	Contig	27	495855	100.0	0.04	3823198	RefSeq
L16_Bacillus_altitudinis	L16	GCF_019149285_1	GCF_019149285.1	T2	0	no	no	agua_sedimento	\b(water|freshwater|marine|sea|ocean|lake|river|creek|stream|sediment|estuar|wastewater|effluent|sewage|sludge|hot spring|spring|pond|lagoon|saline|salt|hypersaline|groundwater|aquifer|glacier|ice|snow|permafrost)	Dye pond	Nigeria	Africa	no	Contig	30	420856	100.0	0.03	3704300	RefSeq
L16_Bacillus_altitudinis	L16	GCF_003946835_1	GCF_003946835.1	T2	0	no	no	agua_sedimento	\b(water|freshwater|marine|sea|ocean|lake|river|creek|stream|sediment|estuar|wastewater|effluent|sewage|sludge|hot spring|spring|pond|lagoon|saline|salt|hypersaline|groundwater|aquifer|glacier|ice|snow|permafrost)	water	South Africa	Africa	no	Scaffold	27	347292	100.0	0.07	3729829	RefSeq
L16_Bacillus_altitudinis	L16	GCF_001444735_1	GCF_001444735.1	T2	0	no	no	suelo	\b(soil|compost|biocompost|manure|humus|peat|farmland|arable|field|agricultural|greenhouse|plastic house|forest|garden|sand)	soil	USA	America_del_Norte	no	Contig	19	734920	100.0	0.01	3687156	RefSeq
L16_Bacillus_altitudinis	L16	GCF_026786605_1	GCF_026786605.1	T2	0	no	no	desconocido		none	desconocido	desconocido	no	Scaffold	123	101824	100.0	0.0	3739203	RefSeq
L16_Bacillus_altitudinis	L16	GCF_026786615_1	GCF_026786615.1	T2	0	no	no	desconocido		none	New Zealand	Oceania	no	Scaffold	109	91859	100.0	0.5	3738788	RefSeq
L16_Bacillus_altitudinis	L16	GCF_002042895_1	GCF_002042895.1	T2	0	no	no	desconocido		none	Southern Ocean	Oceano	no	Contig	113	54515	100.0	0.04	3692443	RefSeq
L16_Bacillus_altitudinis	L16	GCF_010747395_1	GCF_010747395.1	T1	500	no	no	petreo_arido	\b(rock|stone|granite|marble|limestone|sandstone|basalt|monument|heritage|mural|fresco|painting|building|facade|masonry|cave|desert|arid|dust|mine|mining|mineral|weathered|ruin|sculpture|statue|tomb|temple|amphora|ceramic|pottery|archaeolog)	mining residue	Portugal	Europa	no	Contig	54	103203	100.0	0.0	3684860	RefSeq
L16_Bacillus_altitudinis	L16	GCF_015846075_1	GCF_015846075.1	T2	0	no	no	alimento_industrial	\b(food|milk|buttermilk|cheese|dairy|meat|sausage|fermented|fermentation|kimchi|soy|natto|doenjang|cheonggukjang|bread|dough|soup|beverage|juice|wine|beer|liquor|maotai|daqu|pit mud|vinegar|tea|cocoa|coffee|honey|industrial|factory|probiotic|feed|silage|starter|brine|pickle|enzym|amylase|protease|product|heroin)	Pit mud	China	Asia	no	Scaffold	17	938324	100.0	0.01	3738947	RefSeq
L16_Bacillus_altitudinis	L16	GCF_017161205_1	GCF_017161205.1	T2	0	no	no	suelo	\b(soil|compost|biocompost|manure|humus|peat|farmland|arable|field|agricultural|greenhouse|plastic house|forest|garden|sand)	Soil samples of chilli in Haidian Harbor Garden; Haikou city; Hainan Province; China	China	Asia	no	Complete Genome	1	3729040	100.0	0.02	3729040	RefSeq
L16_Bacillus_altitudinis	L16	GCF_000831655_1	GCF_000831655.1	T2	0	no	no	suelo	\b(soil|compost|biocompost|manure|humus|peat|farmland|arable|field|agricultural|greenhouse|plastic house|forest|garden|sand)	submerged soil sample from rice field	Portugal	Europa	no	Contig	17	981173	100.0	0.01	3753035	RefSeq
L16_Bacillus_altitudinis	L16	GCF_019037745_1	GCF_019037745.1	T2	0	no	no	otro_ambiental	\b(environment|air|aerosol|clean ?room|spacecraft|space station|surface|elevator|button|indoor|oil|petroleum|hydrocarbon|contaminat|polluted|biofilm|pipeline|volcan|geothermal|radioactive)	cleanroom floor	USA	America_del_Norte	no	Contig	27	388342	100.0	0.02	3754669	RefSeq
L16_Bacillus_altitudinis	L16	GCF_003217715_1	GCF_003217715.1	T2	0	no	no	suelo	\b(soil|compost|biocompost|manure|humus|peat|farmland|arable|field|agricultural|greenhouse|plastic house|forest|garden|sand)	soil	Netherlands	Europa	no	Contig	43	248107	100.0	0.03	3865054	RefSeq
L16_Bacillus_altitudinis	L16	GCA_021560155_1	GCA_021560155.1	T2	0	no	no	desconocido		none	China	Asia	no	Complete Genome	1	3754440	100.0	0.06	3754440	GenBank
L16_Bacillus_altitudinis	L16	GCF_007681435_1	GCF_007681435.1	T2	0	no	no	otro_ambiental	\b(environment|air|aerosol|clean ?room|spacecraft|space station|surface|elevator|button|indoor|oil|petroleum|hydrocarbon|contaminat|polluted|biofilm|pipeline|volcan|geothermal|radioactive)	environmental	USA	America_del_Norte	no	Scaffold	42	464020	100.0	0.02	3765631	RefSeq
L16_Bacillus_altitudinis	L16	GCF_004634445_1	GCF_004634445.1	T2	0	no	no	animal	\b(animal|cattle|bovine|cow|calf|herd|pig|swine|porcine|chicken|poultry|avian|bird|fish|shrimp|insect|bee|honeybee|mosquito|termite|larva|moth\b|meal moth|spider|rumen|caecum|cecum|excreta|mouse|mice|rat|horse|equine|dog|canine|sheep|ovine|goat|caprine|snail|oyster|coral|sponge|nematode|worm)	Subtidal Marine Sponge	Singapore	Asia	no	Scaffold	25	416645	100.0	0.01	3815265	RefSeq
L16_Bacillus_altitudinis	L16	GCF_008123875_1	GCF_008123875.1	T2	0	no	no	otro_ambiental	\b(environment|air|aerosol|clean ?room|spacecraft|space station|surface|elevator|button|indoor|oil|petroleum|hydrocarbon|contaminat|polluted|biofilm|pipeline|volcan|geothermal|radioactive)	environmental	China	Asia	no	Contig	22	878282	100.0	0.02	3671094	RefSeq
L16_Bacillus_altitudinis	L16	GCF_015689015_1	GCF_015689015.1	T2	0	no	no	planta	\b(plant|root|rhizosphere|leaf|leaves|phyllosphere|seed|endophyt|stem|flower|fruit|apple|tree|maize|corn|wheat|tomato|potato|cotton|tobacco|grass\b|moss|lichen|algae|alga)	rhizosphere	China	Asia	no	Complete Genome	1	3718493	100.0	0.01	3718493	RefSeq
L16_Bacillus_altitudinis	L16	GCF_023714595_1	GCF_023714595.1	T2	0	no	no	otro_ambiental	\b(environment|air|aerosol|clean ?room|spacecraft|space station|surface|elevator|button|indoor|oil|petroleum|hydrocarbon|contaminat|polluted|biofilm|pipeline|volcan|geothermal|radioactive)	Cleanroom	USA	America_del_Norte	no	Contig	33	483649	100.0	0.05	3712377	RefSeq
L16_Bacillus_altitudinis	L16	GCF_026787895_1	GCF_026787895.1	T2	0	no	no	suelo	\b(soil|compost|biocompost|manure|humus|peat|farmland|arable|field|agricultural|greenhouse|plastic house|forest|garden|sand)	soil	Cote d Ivoire	Africa	no	Scaffold	72	124061	100.0	0.0	3699463	RefSeq
L16_Bacillus_altitudinis	L16	GCF_020165915_1	GCF_020165915.1	T2	0	no	no	planta	\b(plant|root|rhizosphere|leaf|leaves|phyllosphere|seed|endophyt|stem|flower|fruit|apple|tree|maize|corn|wheat|tomato|potato|cotton|tobacco|grass\b|moss|lichen|algae|alga)	Mangrove plant	Viet Nam	Asia	no	Contig	6	2632493	100.0	0.01	3722692	RefSeq
L16_Bacillus_altitudinis	L16	GCF_023554815_1	GCF_023554815.1	T2	0	no	no	agua_sedimento	\b(water|freshwater|marine|sea|ocean|lake|river|creek|stream|sediment|estuar|wastewater|effluent|sewage|sludge|hot spring|spring|pond|lagoon|saline|salt|hypersaline|groundwater|aquifer|glacier|ice|snow|permafrost)	sediment	Malaysia	Asia	no	Contig	17	818136	100.0	0.04	3801811	RefSeq
L16_Bacillus_altitudinis	L16	GCF_018904675_1	GCF_018904675.1	T2	0	no	no	animal	\b(animal|cattle|bovine|cow|calf|herd|pig|swine|porcine|chicken|poultry|avian|bird|fish|shrimp|insect|bee|honeybee|mosquito|termite|larva|moth\b|meal moth|spider|rumen|caecum|cecum|excreta|mouse|mice|rat|horse|equine|dog|canine|sheep|ovine|goat|caprine|snail|oyster|coral|sponge|nematode|worm)	fish gut	India	Asia	no	Contig	47	371380	100.0	0.07	3713733	RefSeq
L16_Bacillus_altitudinis	L16	GCF_026065915_1	GCF_026065915.1	T2	0	no	no	suelo	\b(soil|compost|biocompost|manure|humus|peat|farmland|arable|field|agricultural|greenhouse|plastic house|forest|garden|sand)	Garden soil	India	Asia	no	Contig	51	217336	100.0	0.01	3806151	RefSeq
L16_Bacillus_altitudinis	L16	GCF_026787845_1	GCF_026787845.1	T2	0	no	no	suelo	\b(soil|compost|biocompost|manure|humus|peat|farmland|arable|field|agricultural|greenhouse|plastic house|forest|garden|sand)	soil	Cote d Ivoire	Africa	no	Scaffold	97	95183	100.0	0.13	3699278	RefSeq
L16_Bacillus_altitudinis	L16	GCF_023823755_1	GCF_023823755.1	T2	0	no	no	suelo	\b(soil|compost|biocompost|manure|humus|peat|farmland|arable|field|agricultural|greenhouse|plastic house|forest|garden|sand)	soil	China	Asia	no	Complete Genome	1	3762948	100.0	0.03	3762948	RefSeq
L16_Bacillus_altitudinis	L16	GCF_024398395_1	GCF_024398395.1	T2	0	no	no	suelo	\b(soil|compost|biocompost|manure|humus|peat|farmland|arable|field|agricultural|greenhouse|plastic house|forest|garden|sand)	Soil	India	Asia	no	Complete Genome	1	3773439	100.0	0.12	3773439	RefSeq
L16_Bacillus_altitudinis	L16	GCF_900156275_1	GCF_900156275.1	T2	0	no	no	desconocido		none	desconocido	desconocido	no	Contig	5	975148	100.0	0.02	3714837	RefSeq
L16_Bacillus_altitudinis	L16	GCF_028462265_1	GCF_028462265.1	T2	0	no	no	agua_sedimento	\b(water|freshwater|marine|sea|ocean|lake|river|creek|stream|sediment|estuar|wastewater|effluent|sewage|sludge|hot spring|spring|pond|lagoon|saline|salt|hypersaline|groundwater|aquifer|glacier|ice|snow|permafrost)	lake sediments	China	Asia	no	Contig	14	980975	100.0	0.04	3679170	RefSeq
L16_Bacillus_altitudinis	L16	GCF_003284495_1	GCF_003284495.1	T2	0	no	no	clinico_humano	\b(human|homo sapiens|patient|clinical|hospital|blood|urine|feces|faeces|fecal|faecal|stool|sputum|gut\b|wound|abscess|catheter|endovascular|duodenum|conjunctiva|nasal|nasopharyn|oral|saliva|vagina|skin|kidney|pus|cerebrospinal|bronch|infant|neonat|biopsy|swab)	saliva	Russia	Europa	no	Contig	28	378104	100.0	0.0	3746010	RefSeq
L16_Bacillus_altitudinis	L16	GCF_013283915_1	GCF_013283915.1	T2	0	no	no	planta	\b(plant|root|rhizosphere|leaf|leaves|phyllosphere|seed|endophyt|stem|flower|fruit|apple|tree|maize|corn|wheat|tomato|potato|cotton|tobacco|grass\b|moss|lichen|algae|alga)	potato plant	Belarus	Europa	no	Complete Genome	1	3879167	100.0	0.03	3879167	RefSeq
L16_Bacillus_altitudinis	L16	GCF_001543165_1	GCF_001543165.1	T2	0	no	no	animal	\b(animal|cattle|bovine|cow|calf|herd|pig|swine|porcine|chicken|poultry|avian|bird|fish|shrimp|insect|bee|honeybee|mosquito|termite|larva|moth\b|meal moth|spider|rumen|caecum|cecum|excreta|mouse|mice|rat|horse|equine|dog|canine|sheep|ovine|goat|caprine|snail|oyster|coral|sponge|nematode|worm)	wood borer insect	India	Asia	no	Chromosome	177	50458	100.0	0.0	3745118	RefSeq
L16_Bacillus_altitudinis	L16	GCF_026787125_1	GCF_026787125.1	T2	0	no	no	suelo	\b(soil|compost|biocompost|manure|humus|peat|farmland|arable|field|agricultural|greenhouse|plastic house|forest|garden|sand)	soil	India	Asia	no	Scaffold	92	81560	100.0	0.0	3703009	RefSeq
L16_Bacillus_altitudinis	L16	GCF_018361385_1	GCF_018361385.1	T2	0	no	no	suelo	\b(soil|compost|biocompost|manure|humus|peat|farmland|arable|field|agricultural|greenhouse|plastic house|forest|garden|sand)	Plastic house	South Korea	Asia	no	Contig	2	3864843	100.0	0.32	3898625	RefSeq
L16_Bacillus_altitudinis	L16	GCF_030122945_1	GCF_030122945.1	T2	0	no	no	agua_sedimento	\b(water|freshwater|marine|sea|ocean|lake|river|creek|stream|sediment|estuar|wastewater|effluent|sewage|sludge|hot spring|spring|pond|lagoon|saline|salt|hypersaline|groundwater|aquifer|glacier|ice|snow|permafrost)	marine or sediment	India	Asia	no	Complete Genome	1	3788886	100.0	0.13	3788886	RefSeq
L16_Bacillus_altitudinis	L16	GCF_030011555_1	GCF_030011555.1	T2	0	no	no	suelo	\b(soil|compost|biocompost|manure|humus|peat|farmland|arable|field|agricultural|greenhouse|plastic house|forest|garden|sand)	peat soil samples	Malaysia	Asia	no	Complete Genome	2	3909702	100.0	0.14	3950658	RefSeq
L16_Bacillus_altitudinis	L16	GCF_024134705_1	GCF_024134705.1	T2	0	no	no	otro_ambiental	\b(environment|air|aerosol|clean ?room|spacecraft|space station|surface|elevator|button|indoor|oil|petroleum|hydrocarbon|contaminat|polluted|biofilm|pipeline|volcan|geothermal|radioactive)	Clean room	USA	America_del_Norte	no	Chromosome	1	3749496	100.0	0.06	3749596	RefSeq
L16_Bacillus_altitudinis	L16	GCF_009830135_1	GCF_009830135.1	T2	0	no	no	desconocido		none	Brazil	America_Latina_Caribe	si	Contig	21	400560	100.0	0.0	3681081	RefSeq
L16_Bacillus_altitudinis	L16	GCF_003049175_1	GCF_003049175.1	T2	0	no	no	sin_clasificar		refinery	India	Asia	no	Contig	85	314998	100.0	0.01	3714673	RefSeq
L16_Bacillus_altitudinis	L16	GCF_020521575_1	GCF_020521575.1	T2	0	no	no	desconocido		none	desconocido	desconocido	no	Contig	32	905837	100.0	0.02	3778259	RefSeq
L16_Bacillus_altitudinis	L16	GCF_013205125_1	GCF_013205125.1	T2	0	no	no	planta	\b(plant|root|rhizosphere|leaf|leaves|phyllosphere|seed|endophyt|stem|flower|fruit|apple|tree|maize|corn|wheat|tomato|potato|cotton|tobacco|grass\b|moss|lichen|algae|alga)	stem from dragon fruit tree	Viet Nam	Asia	no	Contig	22	556510	100.0	0.01	3708421	RefSeq
L16_Bacillus_altitudinis	L16	GCF_013307105_1	GCF_013307105.1	T2	0	no	no	desconocido		none	China	Asia	no	Complete Genome	1	3755707	100.0	0.02	3755707	RefSeq
L16_Bacillus_altitudinis	L16	GCF_000353245_1	GCF_000353245.1	T2	0	no	no	agua_sedimento	\b(water|freshwater|marine|sea|ocean|lake|river|creek|stream|sediment|estuar|wastewater|effluent|sewage|sludge|hot spring|spring|pond|lagoon|saline|salt|hypersaline|groundwater|aquifer|glacier|ice|snow|permafrost)	marine sediments collected at 5;500m deep	Atlantic Ocean	Oceano	no	Contig	19	369435	100.0	0.03	3705643	RefSeq
L16_Bacillus_altitudinis	L16	GCF_030123125_1	GCF_030123125.1	T2	0	no	no	planta	\b(plant|root|rhizosphere|leaf|leaves|phyllosphere|seed|endophyt|stem|flower|fruit|apple|tree|maize|corn|wheat|tomato|potato|cotton|tobacco|grass\b|moss|lichen|algae|alga)	pine forrest soil between two spruce trees	Germany	Europa	no	Complete Genome	1	3797173	100.0	0.0	3797173	RefSeq
L16_Bacillus_altitudinis	L16	GCF_902500235_1	GCF_902500235.1	T2	0	no	no	alimento_industrial	\b(food|milk|buttermilk|cheese|dairy|meat|sausage|fermented|fermentation|kimchi|soy|natto|doenjang|cheonggukjang|bread|dough|soup|beverage|juice|wine|beer|liquor|maotai|daqu|pit mud|vinegar|tea|cocoa|coffee|honey|industrial|factory|probiotic|feed|silage|starter|brine|pickle|enzym|amylase|protease|product|heroin)	http://purl.obolibrary.org/obo/FOODON_0 0001055	desconocido	desconocido	no	Contig	63	123723	100.0	0.47	3727231	RefSeq
L16_Bacillus_altitudinis	L16	GCF_026787485_1	GCF_026787485.1	T2	0	no	no	suelo	\b(soil|compost|biocompost|manure|humus|peat|farmland|arable|field|agricultural|greenhouse|plastic house|forest|garden|sand)	soil	Greenland	America_del_Norte	no	Scaffold	187	107905	100.0	0.01	3667121	RefSeq
L16_Bacillus_altitudinis	L16	GCF_026787935_1	GCF_026787935.1	T2	0	no	no	desconocido		none	desconocido	desconocido	no	Scaffold	67	117713	100.0	0.01	3826067	RefSeq
L16_Bacillus_altitudinis	L16	GCA_020218125_1	GCA_020218125.1	T2	0	no	no	agua_sedimento	\b(water|freshwater|marine|sea|ocean|lake|river|creek|stream|sediment|estuar|wastewater|effluent|sewage|sludge|hot spring|spring|pond|lagoon|saline|salt|hypersaline|groundwater|aquifer|glacier|ice|snow|permafrost)	sediment	China	Asia	no	Contig	13	970327	100.0	0.04	3674613	GenBank
L16_Bacillus_altitudinis	L16	GCF_004563755_2	GCF_004563755.2	T2	0	no	no	planta	\b(plant|root|rhizosphere|leaf|leaves|phyllosphere|seed|endophyt|stem|flower|fruit|apple|tree|maize|corn|wheat|tomato|potato|cotton|tobacco|grass\b|moss|lichen|algae|alga)	rhizosphere soil	Malaysia	Asia	no	Complete Genome	1	3867833	100.0	0.12	3867833	RefSeq
L16_Bacillus_altitudinis	L16	GCF_949152375_1	GCF_949152375.1	T2	0	no	no	otro_ambiental	\b(environment|air|aerosol|clean ?room|spacecraft|space station|surface|elevator|button|indoor|oil|petroleum|hydrocarbon|contaminat|polluted|biofilm|pipeline|volcan|geothermal|radioactive)	Urban environment	desconocido	desconocido	no	Scaffold	143	73060	100.0	0.29	3789332	RefSeq
L16_Bacillus_altitudinis	L16	GCF_029894105_1	GCF_029894105.1	T0	1000	no	si	desconocido		none	USA	America_del_Norte	no	Contig	2	3887393	100.0	0.0	3899111	RefSeq
L16_Bacillus_altitudinis	L16	GCF_013391605_1	GCF_013391605.1	T2	0	no	no	planta	\b(plant|root|rhizosphere|leaf|leaves|phyllosphere|seed|endophyt|stem|flower|fruit|apple|tree|maize|corn|wheat|tomato|potato|cotton|tobacco|grass\b|moss|lichen|algae|alga)	roots	Argentina	America_Latina_Caribe	si	Scaffold	37	341754	100.0	0.01	3794141	RefSeq
L16_Bacillus_altitudinis	L16	GCF_006007905_1	GCF_006007905.1	T2	0	no	no	agua_sedimento	\b(water|freshwater|marine|sea|ocean|lake|river|creek|stream|sediment|estuar|wastewater|effluent|sewage|sludge|hot spring|spring|pond|lagoon|saline|salt|hypersaline|groundwater|aquifer|glacier|ice|snow|permafrost)	ocean sediment	desconocido	desconocido	no	Complete Genome	3	3701797	100.0	0.04	3716092	RefSeq
L16_Bacillus_altitudinis	L16	GCA_020172045_1	GCA_020172045.1	T2	0	no	no	agua_sedimento	\b(water|freshwater|marine|sea|ocean|lake|river|creek|stream|sediment|estuar|wastewater|effluent|sewage|sludge|hot spring|spring|pond|lagoon|saline|salt|hypersaline|groundwater|aquifer|glacier|ice|snow|permafrost)	sediment	China	Asia	no	Contig	13	898553	100.0	0.04	3674517	GenBank
L16_Bacillus_altitudinis	L16	GCF_003400325_1	GCF_003400325.1	T2	0	no	no	suelo	\b(soil|compost|biocompost|manure|humus|peat|farmland|arable|field|agricultural|greenhouse|plastic house|forest|garden|sand)	soil	USA	America_del_Norte	no	Contig	13	977686	100.0	0.03	3693643	RefSeq
L16_Bacillus_altitudinis	L16	GCF_001457015_1	GCF_001457015.1	T2	0	no	no	agua_sedimento	\b(water|freshwater|marine|sea|ocean|lake|river|creek|stream|sediment|estuar|wastewater|effluent|sewage|sludge|hot spring|spring|pond|lagoon|saline|salt|hypersaline|groundwater|aquifer|glacier|ice|snow|permafrost)	marine sediment	India	Asia	no	Scaffold	26	313698	100.0	0.02	3615064	RefSeq
L16_Bacillus_altitudinis	L16	GCF_023714945_1	GCF_023714945.1	T2	0	no	no	otro_ambiental	\b(environment|air|aerosol|clean ?room|spacecraft|space station|surface|elevator|button|indoor|oil|petroleum|hydrocarbon|contaminat|polluted|biofilm|pipeline|volcan|geothermal|radioactive)	Cleanroom	USA	America_del_Norte	no	Contig	46	844862	100.0	0.31	3714328	RefSeq
L16_Bacillus_altitudinis	L16	GCF_000508145_1	GCF_000508145.1	T2	0	no	no	desconocido		none	desconocido	desconocido	no	Contig	55	147762	100.0	0.01	3681709	RefSeq
L16_Bacillus_altitudinis	L16	GCF_019311265_1	GCF_019311265.1	T2	0	no	no	agua_sedimento	\b(water|freshwater|marine|sea|ocean|lake|river|creek|stream|sediment|estuar|wastewater|effluent|sewage|sludge|hot spring|spring|pond|lagoon|saline|salt|hypersaline|groundwater|aquifer|glacier|ice|snow|permafrost)	Dye pond	Nigeria	Africa	no	Contig	26	632576	100.0	0.07	3705556	RefSeq
L16_Bacillus_altitudinis	L16	GCF_026787695_1	GCF_026787695.1	T2	0	no	no	suelo	\b(soil|compost|biocompost|manure|humus|peat|farmland|arable|field|agricultural|greenhouse|plastic house|forest|garden|sand)	soil	Grenada	America_Latina_Caribe	si	Scaffold	244	54149	99.96	0.0	3627103	RefSeq
L16_Bacillus_altitudinis	L16	GCF_018128525_1	GCF_018128525.1	T2	0	no	no	agua_sedimento	\b(water|freshwater|marine|sea|ocean|lake|river|creek|stream|sediment|estuar|wastewater|effluent|sewage|sludge|hot spring|spring|pond|lagoon|saline|salt|hypersaline|groundwater|aquifer|glacier|ice|snow|permafrost)	Bottom water	Pacific Ocean	Oceano	no	Contig	49	500986	100.0	0.03	3675079	RefSeq
L16_Bacillus_altitudinis	L16	GCF_000949525_1	GCF_000949525.1	T2	0	no	no	alimento_industrial	\b(food|milk|buttermilk|cheese|dairy|meat|sausage|fermented|fermentation|kimchi|soy|natto|doenjang|cheonggukjang|bread|dough|soup|beverage|juice|wine|beer|liquor|maotai|daqu|pit mud|vinegar|tea|cocoa|coffee|honey|industrial|factory|probiotic|feed|silage|starter|brine|pickle|enzym|amylase|protease|product|heroin)	health products	Portugal	Europa	no	Contig	61	270279	100.0	0.01	3812514	RefSeq
L16_Bacillus_altitudinis	L16	GCF_005849435_1	GCF_005849435.1	T2	0	no	no	planta	\b(plant|root|rhizosphere|leaf|leaves|phyllosphere|seed|endophyt|stem|flower|fruit|apple|tree|maize|corn|wheat|tomato|potato|cotton|tobacco|grass\b|moss|lichen|algae|alga)	Lycium barbarum rhizosphere soil	China	Asia	no	Complete Genome	2	3880448	100.0	0.09	3891368	RefSeq
L16_Bacillus_altitudinis	L16	GCF_902506075_1	GCF_902506075.1	T2	0	no	no	desconocido		none	desconocido	desconocido	no	Scaffold	76	3741681	100.0	0.15	3837156	RefSeq
L16_Bacillus_altitudinis	L16	GCF_022700755_1	GCF_022700755.1	T2	0	no	no	suelo	\b(soil|compost|biocompost|manure|humus|peat|farmland|arable|field|agricultural|greenhouse|plastic house|forest|garden|sand)	Soil in tiger area of zoo	China	Asia	no	Complete Genome	1	3937910	100.0	0.3	3937910	RefSeq
L16_Bacillus_altitudinis	L16	GCF_030291995_1	GCF_030291995.1	T2	0	no	no	suelo	\b(soil|compost|biocompost|manure|humus|peat|farmland|arable|field|agricultural|greenhouse|plastic house|forest|garden|sand)	grassland soil	Denmark	Europa	no	Complete Genome	2	3912078	100.0	0.01	3919705	RefSeq
L16_Bacillus_altitudinis	L16	GCF_026786505_1	GCF_026786505.1	T2	0	no	no	desconocido		none	USA	America_del_Norte	no	Scaffold	119	114808	99.99	0.06	3731239	RefSeq
L16_Bacillus_altitudinis	L16	GCF_000986655_1	GCF_000986655.1	T2	0	no	no	agua_sedimento	\b(water|freshwater|marine|sea|ocean|lake|river|creek|stream|sediment|estuar|wastewater|effluent|sewage|sludge|hot spring|spring|pond|lagoon|saline|salt|hypersaline|groundwater|aquifer|glacier|ice|snow|permafrost)	man-made lake 220 cm below water surface	Malaysia	Asia	no	Contig	113	62808	100.0	0.03	3634690	RefSeq
L16_Bacillus_altitudinis	L16	GCF_024380035_1	GCF_024380035.1	T2	0	no	no	suelo	\b(soil|compost|biocompost|manure|humus|peat|farmland|arable|field|agricultural|greenhouse|plastic house|forest|garden|sand)	soil	USA	America_del_Norte	no	Complete Genome	2	3765315	100.0	0.62	3825696	RefSeq
L16_Bacillus_altitudinis	L16	GCF_024362715_1	GCF_024362715.1	T2	0	no	no	planta	\b(plant|root|rhizosphere|leaf|leaves|phyllosphere|seed|endophyt|stem|flower|fruit|apple|tree|maize|corn|wheat|tomato|potato|cotton|tobacco|grass\b|moss|lichen|algae|alga)	diseased muskmelon fruit	China	Asia	no	Complete Genome	1	3951520	100.0	0.4	3951520	RefSeq
L16_Bacillus_altitudinis	L16	GCF_900094985_1	GCF_900094985.1	T2	0	no	no	desconocido		none	desconocido	desconocido	no	Scaffold	26	313698	100.0	0.02	3615064	RefSeq
L16_Bacillus_altitudinis	L16	GCF_001265125_1	GCF_001265125.1	T2	0	no	no	agua_sedimento	\b(water|freshwater|marine|sea|ocean|lake|river|creek|stream|sediment|estuar|wastewater|effluent|sewage|sludge|hot spring|spring|pond|lagoon|saline|salt|hypersaline|groundwater|aquifer|glacier|ice|snow|permafrost)	hot spring	Malaysia	Asia	no	Contig	155	46033	100.0	0.03	3693329	RefSeq
L16_Bacillus_altitudinis	L16	GCF_026787405_1	GCF_026787405.1	T2	0	no	no	suelo	\b(soil|compost|biocompost|manure|humus|peat|farmland|arable|field|agricultural|greenhouse|plastic house|forest|garden|sand)	soil	Canada	America_del_Norte	no	Scaffold	62	132085	100.0	0.03	3711755	RefSeq
L16_Bacillus_altitudinis	L16	GCF_001039015_1	GCF_001039015.1	T2	0	no	no	planta	\b(plant|root|rhizosphere|leaf|leaves|phyllosphere|seed|endophyt|stem|flower|fruit|apple|tree|maize|corn|wheat|tomato|potato|cotton|tobacco|grass\b|moss|lichen|algae|alga)	Plant	Malaysia	Asia	no	Contig	70	94907	100.0	0.01	3689992	RefSeq
L16_Bacillus_altitudinis	L16	GCF_019036945_1	GCF_019036945.1	T2	0	no	no	otro_ambiental	\b(environment|air|aerosol|clean ?room|spacecraft|space station|surface|elevator|button|indoor|oil|petroleum|hydrocarbon|contaminat|polluted|biofilm|pipeline|volcan|geothermal|radioactive)	cleanroom floor	USA	America_del_Norte	no	Contig	23	381543	100.0	0.02	3703577	RefSeq
L16_Bacillus_altitudinis	L16	GCA_019039005_1	GCA_019039005.1	T2	0	no	no	agua_sedimento	\b(water|freshwater|marine|sea|ocean|lake|river|creek|stream|sediment|estuar|wastewater|effluent|sewage|sludge|hot spring|spring|pond|lagoon|saline|salt|hypersaline|groundwater|aquifer|glacier|ice|snow|permafrost)	Dye pond	Nigeria	Africa	no	Contig	24	465047	99.75	0.13	3639414	GenBank
L16_Bacillus_altitudinis	L16	GCF_001191605_1	GCF_001191605.1	T2	0	no	no	suelo	\b(soil|compost|biocompost|manure|humus|peat|farmland|arable|field|agricultural|greenhouse|plastic house|forest|garden|sand)	Soil	China	Asia	no	Complete Genome	2	3674849	100.0	0.02	3681784	RefSeq
L16_Bacillus_altitudinis	L16	GCA_019693775_1	GCA_019693775.1	T2	0	no	no	agua_sedimento	\b(water|freshwater|marine|sea|ocean|lake|river|creek|stream|sediment|estuar|wastewater|effluent|sewage|sludge|hot spring|spring|pond|lagoon|saline|salt|hypersaline|groundwater|aquifer|glacier|ice|snow|permafrost)	Final Effluent	South Africa	Africa	no	Contig	52	451297	100.0	0.04	3817687	GenBank
L16_Bacillus_altitudinis	L16	GCF_013391615_1	GCF_013391615.1	T2	0	no	no	planta	\b(plant|root|rhizosphere|leaf|leaves|phyllosphere|seed|endophyt|stem|flower|fruit|apple|tree|maize|corn|wheat|tomato|potato|cotton|tobacco|grass\b|moss|lichen|algae|alga)	roots	Argentina	America_Latina_Caribe	si	Scaffold	48	225099	100.0	0.05	3737950	RefSeq
L16_Bacillus_altitudinis	L16	GCF_014138805_1	GCF_014138805.1	T2	0	no	no	desconocido		none	USA	America_del_Norte	no	Scaffold	13	971790	100.0	0.03	3702275	RefSeq
L16_Bacillus_altitudinis	L16	GCF_024397295_1	GCF_024397295.1	T2	0	no	no	suelo	\b(soil|compost|biocompost|manure|humus|peat|farmland|arable|field|agricultural|greenhouse|plastic house|forest|garden|sand)	TNT red soil	China	Asia	no	Complete Genome	1	3811827	100.0	0.03	3811827	RefSeq
L16_Bacillus_altitudinis	L16	GCF_023525275_1	GCF_023525275.1	T2	0	no	no	planta	\b(plant|root|rhizosphere|leaf|leaves|phyllosphere|seed|endophyt|stem|flower|fruit|apple|tree|maize|corn|wheat|tomato|potato|cotton|tobacco|grass\b|moss|lichen|algae|alga)	Pear tree	Morocco	Africa	no	Contig	48	293183	100.0	0.02	3648564	RefSeq
L16_Bacillus_altitudinis	L16	GCF_017948365_1	GCF_017948365.1	T2	0	no	no	suelo	\b(soil|compost|biocompost|manure|humus|peat|farmland|arable|field|agricultural|greenhouse|plastic house|forest|garden|sand)	soil	China	Asia	no	Complete Genome	1	3804206	100.0	0.03	3804206	RefSeq
L16_Bacillus_altitudinis	L16	GCA_029953515_1	GCA_029953515.1	T2	0	no	no	desconocido		none	Malaysia	Asia	no	Complete Genome	1	3754982	100.0	0.04	3754982	GenBank
L16_Bacillus_altitudinis	L16	GCF_030016475_1	GCF_030016475.1	T2	0	no	no	desconocido		none	Slovenia	Europa	no	Contig	264	291365	100.0	0.26	3817728	RefSeq
L16_Bacillus_altitudinis	L16	GCF_001908475_1	GCF_001908475.1	T2	0	no	no	desconocido		none	China	Asia	no	Complete Genome	2	3733835	100.0	0.01	3740896	RefSeq
L16_Bacillus_altitudinis	L16	GCF_947497955_1	GCF_947497955.1	T2	0	no	no	desconocido		none	desconocido	desconocido	no	Contig	35	332165	100.0	0.01	3740041	RefSeq
L16_Bacillus_altitudinis	L16	GCA_020171425_1	GCA_020171425.1	T2	0	no	no	agua_sedimento	\b(water|freshwater|marine|sea|ocean|lake|river|creek|stream|sediment|estuar|wastewater|effluent|sewage|sludge|hot spring|spring|pond|lagoon|saline|salt|hypersaline|groundwater|aquifer|glacier|ice|snow|permafrost)	sediment	China	Asia	no	Contig	19	880538	100.0	0.03	3731201	GenBank
L16_Bacillus_altitudinis	L16	GCA_019748625_1	GCA_019748625.1	T2	0	no	no	otro_ambiental	\b(environment|air|aerosol|clean ?room|spacecraft|space station|surface|elevator|button|indoor|oil|petroleum|hydrocarbon|contaminat|polluted|biofilm|pipeline|volcan|geothermal|radioactive)	Air filter	USA	America_del_Norte	no	Contig	61	160583	100.0	0.0	3707186	GenBank
L16_Bacillus_altitudinis	L16	GCF_026787165_1	GCF_026787165.1	T2	0	no	no	suelo	\b(soil|compost|biocompost|manure|humus|peat|farmland|arable|field|agricultural|greenhouse|plastic house|forest|garden|sand)	soil	India	Asia	no	Scaffold	55	144642	100.0	0.03	3713340	RefSeq
L16_Bacillus_altitudinis	L16	GCF_947488875_1	GCF_947488875.1	T2	0	no	no	desconocido		none	desconocido	desconocido	no	Contig	68	194986	100.0	0.04	3749556	RefSeq
L16_Bacillus_altitudinis	L16	GCF_026787425_1	GCF_026787425.1	T2	0	no	no	suelo	\b(soil|compost|biocompost|manure|humus|peat|farmland|arable|field|agricultural|greenhouse|plastic house|forest|garden|sand)	sand	Greenland	America_del_Norte	no	Scaffold	59	136486	100.0	0.03	3712844	RefSeq
L16_Bacillus_altitudinis	L16	GCF_030062305_1	GCF_030062305.1	T2	0	no	no	alimento_industrial	\b(food|milk|buttermilk|cheese|dairy|meat|sausage|fermented|fermentation|kimchi|soy|natto|doenjang|cheonggukjang|bread|dough|soup|beverage|juice|wine|beer|liquor|maotai|daqu|pit mud|vinegar|tea|cocoa|coffee|honey|industrial|factory|probiotic|feed|silage|starter|brine|pickle|enzym|amylase|protease|product|heroin)	distribution water from treated drinking water production facilities	South Africa	Africa	no	Contig	81	375146	100.0	1.38	3762390	RefSeq
L16_Bacillus_altitudinis	L16	GCA_019693755_1	GCA_019693755.1	T2	0	no	no	agua_sedimento	\b(water|freshwater|marine|sea|ocean|lake|river|creek|stream|sediment|estuar|wastewater|effluent|sewage|sludge|hot spring|spring|pond|lagoon|saline|salt|hypersaline|groundwater|aquifer|glacier|ice|snow|permafrost)	Final Effluent	South Africa	Africa	no	Contig	45	343227	100.0	0.24	3817159	GenBank
L16_Bacillus_altitudinis	L16	GCF_001578165_1	GCF_001578165.1	T2	0	no	no	animal	\b(animal|cattle|bovine|cow|calf|herd|pig|swine|porcine|chicken|poultry|avian|bird|fish|shrimp|insect|bee|honeybee|mosquito|termite|larva|moth\b|meal moth|spider|rumen|caecum|cecum|excreta|mouse|mice|rat|horse|equine|dog|canine|sheep|ovine|goat|caprine|snail|oyster|coral|sponge|nematode|worm)	sugar beet rhizoshpere	Netherlands	Europa	no	Complete Genome	1	3860091	100.0	0.01	3860091	RefSeq
L16_Bacillus_altitudinis	L16	GCF_001431145_1	GCF_001431145.1	T2	0	no	no	suelo	\b(soil|compost|biocompost|manure|humus|peat|farmland|arable|field|agricultural|greenhouse|plastic house|forest|garden|sand)	soil	China	Asia	no	Complete Genome	1	3793419	100.0	0.09	3793419	RefSeq
L16_Bacillus_altitudinis	L16	GCF_002571755_1	GCF_002571755.1	T2	0	no	no	planta	\b(plant|root|rhizosphere|leaf|leaves|phyllosphere|seed|endophyt|stem|flower|fruit|apple|tree|maize|corn|wheat|tomato|potato|cotton|tobacco|grass\b|moss|lichen|algae|alga)	plant	USA	America_del_Norte	no	Contig	53	217303	100.0	0.06	3696995	RefSeq
L16_Bacillus_altitudinis	L16	GCF_026787505_1	GCF_026787505.1	T2	0	no	no	desconocido		none	France	Europa	no	Scaffold	173	104944	99.89	0.34	3721000	RefSeq
L16_Bacillus_altitudinis	L16	GCF_022819205_1	GCF_022819205.1	T2	0	no	no	planta	\b(plant|root|rhizosphere|leaf|leaves|phyllosphere|seed|endophyt|stem|flower|fruit|apple|tree|maize|corn|wheat|tomato|potato|cotton|tobacco|grass\b|moss|lichen|algae|alga)	paddy rhizosphere	Malaysia	Asia	no	Chromosome	91	115252	100.0	0.01	3767351	RefSeq
L16_Bacillus_altitudinis	L16	GCF_007671735_1	GCF_007671735.1	T2	0	no	no	otro_ambiental	\b(environment|air|aerosol|clean ?room|spacecraft|space station|surface|elevator|button|indoor|oil|petroleum|hydrocarbon|contaminat|polluted|biofilm|pipeline|volcan|geothermal|radioactive)	environmental	USA	America_del_Norte	no	Scaffold	25	606519	100.0	0.03	3691136	RefSeq
L16_Bacillus_altitudinis	L16	GCF_002443015_2	GCF_002443015.2	T2	0	no	no	otro_ambiental	\b(environment|air|aerosol|clean ?room|spacecraft|space station|surface|elevator|button|indoor|oil|petroleum|hydrocarbon|contaminat|polluted|biofilm|pipeline|volcan|geothermal|radioactive)	air	Singapore	Asia	no	Complete Genome	2	3812575	100.0	0.0	3844795	RefSeq
L16_Bacillus_altitudinis	L16	GCF_007682105_1	GCF_007682105.1	T2	0	no	no	otro_ambiental	\b(environment|air|aerosol|clean ?room|spacecraft|space station|surface|elevator|button|indoor|oil|petroleum|hydrocarbon|contaminat|polluted|biofilm|pipeline|volcan|geothermal|radioactive)	environmental	USA	America_del_Norte	no	Scaffold	42	297324	100.0	0.14	3916682	RefSeq
L16_Bacillus_altitudinis	L16	GCF_026787755_1	GCF_026787755.1	T2	0	no	no	suelo	\b(soil|compost|biocompost|manure|humus|peat|farmland|arable|field|agricultural|greenhouse|plastic house|forest|garden|sand)	soil	Trinidad and Tobago	America_Latina_Caribe	si	Scaffold	130	81998	100.0	0.09	3866019	RefSeq
L16_Bacillus_altitudinis	L16	GCF_012844145_1	GCF_012844145.1	T2	0	no	no	clinico_humano	\b(human|homo sapiens|patient|clinical|hospital|blood|urine|feces|faeces|fecal|faecal|stool|sputum|gut\b|wound|abscess|catheter|endovascular|duodenum|conjunctiva|nasal|nasopharyn|oral|saliva|vagina|skin|kidney|pus|cerebrospinal|bronch|infant|neonat|biopsy|swab)	feces	Germany	Europa	no	Contig	34	219153	100.0	0.27	3868742	RefSeq
L16_Bacillus_altitudinis	L16	GCF_022803025_1	GCF_022803025.1	T2	0	no	no	planta	\b(plant|root|rhizosphere|leaf|leaves|phyllosphere|seed|endophyt|stem|flower|fruit|apple|tree|maize|corn|wheat|tomato|potato|cotton|tobacco|grass\b|moss|lichen|algae|alga)	leaf	Germany	Europa	no	Contig	79	233237	100.0	0.02	3824497	RefSeq
L16_Bacillus_altitudinis	L16	GCF_000828455_1	GCF_000828455.1	T2	0	no	no	alimento_industrial	\b(food|milk|buttermilk|cheese|dairy|meat|sausage|fermented|fermentation|kimchi|soy|natto|doenjang|cheonggukjang|bread|dough|soup|beverage|juice|wine|beer|liquor|maotai|daqu|pit mud|vinegar|tea|cocoa|coffee|honey|industrial|factory|probiotic|feed|silage|starter|brine|pickle|enzym|amylase|protease|product|heroin)	cereals; cereal products; fermented breads; pasta and pastries	Netherlands	Europa	no	Scaffold	71	95446	100.0	0.01	3719496	RefSeq
L16_Bacillus_altitudinis	L16	GCA_019350915_1	GCA_019350915.1	T2	0	no	no	suelo	\b(soil|compost|biocompost|manure|humus|peat|farmland|arable|field|agricultural|greenhouse|plastic house|forest|garden|sand)	soil	India	Asia	no	Contig	49	483503	100.0	0.27	3861250	GenBank
L16_Bacillus_altitudinis	L16	GCF_023714965_1	GCF_023714965.1	T2	0	no	no	otro_ambiental	\b(environment|air|aerosol|clean ?room|spacecraft|space station|surface|elevator|button|indoor|oil|petroleum|hydrocarbon|contaminat|polluted|biofilm|pipeline|volcan|geothermal|radioactive)	Cleanroom	USA	America_del_Norte	no	Contig	75	844862	100.0	0.42	3727933	RefSeq
L16_Bacillus_altitudinis	L16	GCF_030645085_1	GCF_030645085.1	T2	0	no	no	sin_clasificar		ENVO:01001176	Atlantic Ocean	Oceano	no	Complete Genome	1	3892599	100.0	0.14	3892599	RefSeq
L16_Bacillus_altitudinis	L16	GCF_024507855_1	GCF_024507855.1	T2	0	no	no	desconocido		none	desconocido	desconocido	no	Complete Genome	2	3754572	100.0	0.01	3762968	RefSeq
L16_Bacillus_altitudinis	L16	GCF_001038845_1	GCF_001038845.1	T2	0	no	no	planta	\b(plant|root|rhizosphere|leaf|leaves|phyllosphere|seed|endophyt|stem|flower|fruit|apple|tree|maize|corn|wheat|tomato|potato|cotton|tobacco|grass\b|moss|lichen|algae|alga)	Plant	Malaysia	Asia	no	Contig	47	223161	100.0	0.0	3733110	RefSeq
L16_Bacillus_altitudinis	L16	GCF_028550655_1	GCF_028550655.1	T2	0	no	no	agua_sedimento	\b(water|freshwater|marine|sea|ocean|lake|river|creek|stream|sediment|estuar|wastewater|effluent|sewage|sludge|hot spring|spring|pond|lagoon|saline|salt|hypersaline|groundwater|aquifer|glacier|ice|snow|permafrost)	Water	USA	America_del_Norte	no	Contig	13	465005	100.0	0.01	3714140	RefSeq
L16_Bacillus_altitudinis	L16	GCF_026787465_1	GCF_026787465.1	T2	0	no	no	clinico_humano	\b(human|homo sapiens|patient|clinical|hospital|blood|urine|feces|faeces|fecal|faecal|stool|sputum|gut\b|wound|abscess|catheter|endovascular|duodenum|conjunctiva|nasal|nasopharyn|oral|saliva|vagina|skin|kidney|pus|cerebrospinal|bronch|infant|neonat|biopsy|swab)	gut	France	Europa	no	Scaffold	101	112614	100.0	0.05	3938180	RefSeq
L16_Bacillus_altitudinis	L16	GCF_018128575_1	GCF_018128575.1	T2	0	no	no	agua_sedimento	\b(water|freshwater|marine|sea|ocean|lake|river|creek|stream|sediment|estuar|wastewater|effluent|sewage|sludge|hot spring|spring|pond|lagoon|saline|salt|hypersaline|groundwater|aquifer|glacier|ice|snow|permafrost)	sediment	Arctic Ocean	Oceano	no	Contig	28	463032	100.0	0.02	3670386	RefSeq
L16_Bacillus_altitudinis	L16	GCF_023714045_1	GCF_023714045.1	T2	0	no	no	otro_ambiental	\b(environment|air|aerosol|clean ?room|spacecraft|space station|surface|elevator|button|indoor|oil|petroleum|hydrocarbon|contaminat|polluted|biofilm|pipeline|volcan|geothermal|radioactive)	Cleanroom	USA	America_del_Norte	no	Contig	79	535620	100.0	0.05	3705254	RefSeq
L16_Bacillus_altitudinis	L16	GCF_027568435_1	GCF_027568435.1	T2	0	no	no	clinico_humano	\b(human|homo sapiens|patient|clinical|hospital|blood|urine|feces|faeces|fecal|faecal|stool|sputum|gut\b|wound|abscess|catheter|endovascular|duodenum|conjunctiva|nasal|nasopharyn|oral|saliva|vagina|skin|kidney|pus|cerebrospinal|bronch|infant|neonat|biopsy|swab)	feces	China	Asia	no	Contig	17	958318	100.0	0.02	3788883	RefSeq
L16_Bacillus_altitudinis	L16	GCF_013131835_1	GCF_013131835.1	T2	0	no	no	agua_sedimento	\b(water|freshwater|marine|sea|ocean|lake|river|creek|stream|sediment|estuar|wastewater|effluent|sewage|sludge|hot spring|spring|pond|lagoon|saline|salt|hypersaline|groundwater|aquifer|glacier|ice|snow|permafrost)	jute-retting water	India	Asia	no	Contig	46	205868	100.0	0.01	3883973	RefSeq
L16_Bacillus_altitudinis	L16	GCA_002953695_1	GCA_002953695.1	T2	0	no	no	sin_clasificar		phylloplane	India	Asia	no	Chromosome	35	240120	100.0	0.06	3751533	GenBank
L16_Bacillus_altitudinis	L16	GCF_000590455_1	GCF_000590455.1	T2	0	no	no	desconocido		none	desconocido	desconocido	no	Complete Genome	1	3763493	100.0	0.25	3763493	RefSeq
L16_Bacillus_altitudinis	L16	GCF_003064485_1	GCF_003064485.1	T2	0	no	no	planta	\b(plant|root|rhizosphere|leaf|leaves|phyllosphere|seed|endophyt|stem|flower|fruit|apple|tree|maize|corn|wheat|tomato|potato|cotton|tobacco|grass\b|moss|lichen|algae|alga)	leaf	India	Asia	no	Contig	69	234390	100.0	0.01	3628062	RefSeq
L16_Bacillus_altitudinis	L16	GCF_019164215_1	GCF_019164215.1	T2	0	no	no	planta	\b(plant|root|rhizosphere|leaf|leaves|phyllosphere|seed|endophyt|stem|flower|fruit|apple|tree|maize|corn|wheat|tomato|potato|cotton|tobacco|grass\b|moss|lichen|algae|alga)	rice rhizosphere soil	China	Asia	no	Complete Genome	1	3763082	100.0	0.05	3763082	RefSeq
L16_Bacillus_altitudinis	L16	GCF_030166595_1	GCF_030166595.1	T2	0	no	no	planta	\b(plant|root|rhizosphere|leaf|leaves|phyllosphere|seed|endophyt|stem|flower|fruit|apple|tree|maize|corn|wheat|tomato|potato|cotton|tobacco|grass\b|moss|lichen|algae|alga)	seed of Verticillium wilt-resistant Gossypium hirsutum cultivar  Zhongzhimian No. 2	China	Asia	no	Complete Genome	1	3753708	100.0	0.01	3753708	RefSeq
L16_Bacillus_altitudinis	L16	GCF_001029865_1	GCF_001029865.1	T2	0	no	no	planta	\b(plant|root|rhizosphere|leaf|leaves|phyllosphere|seed|endophyt|stem|flower|fruit|apple|tree|maize|corn|wheat|tomato|potato|cotton|tobacco|grass\b|moss|lichen|algae|alga)	internal stem tissue	Puerto Rico	America_Latina_Caribe	si	Contig	85	98293	100.0	0.01	3972159	RefSeq
L16_Bacillus_altitudinis	L16	GCF_004101925_1	GCF_004101925.1	T2	0	no	no	otro_ambiental	\b(environment|air|aerosol|clean ?room|spacecraft|space station|surface|elevator|button|indoor|oil|petroleum|hydrocarbon|contaminat|polluted|biofilm|pipeline|volcan|geothermal|radioactive)	air	India	Asia	no	Complete Genome	1	3829464	100.0	0.09	3829464	RefSeq
L16_Bacillus_altitudinis	L16	GCF_018128625_1	GCF_018128625.1	T2	0	no	no	agua_sedimento	\b(water|freshwater|marine|sea|ocean|lake|river|creek|stream|sediment|estuar|wastewater|effluent|sewage|sludge|hot spring|spring|pond|lagoon|saline|salt|hypersaline|groundwater|aquifer|glacier|ice|snow|permafrost)	marine sediment	Pacific Ocean	Oceano	no	Contig	33	721566	100.0	0.04	3679259	RefSeq
L16_Bacillus_altitudinis	L16	GCF_001043795_1	GCF_001043795.1	T2	0	no	no	planta	\b(plant|root|rhizosphere|leaf|leaves|phyllosphere|seed|endophyt|stem|flower|fruit|apple|tree|maize|corn|wheat|tomato|potato|cotton|tobacco|grass\b|moss|lichen|algae|alga)	Plant	Malaysia	Asia	no	Contig	71	226127	100.0	0.02	3687890	RefSeq
L16_Bacillus_altitudinis	L16	GCF_026787325_1	GCF_026787325.1	T2	0	no	no	suelo	\b(soil|compost|biocompost|manure|humus|peat|farmland|arable|field|agricultural|greenhouse|plastic house|forest|garden|sand)	soil	Greenland	America_del_Norte	no	Scaffold	110	83220	100.0	0.01	3798571	RefSeq
L16_Bacillus_altitudinis	L16	GCF_026787185_1	GCF_026787185.1	T2	0	no	no	suelo	\b(soil|compost|biocompost|manure|humus|peat|farmland|arable|field|agricultural|greenhouse|plastic house|forest|garden|sand)	soil	France	Europa	no	Scaffold	54	197042	100.0	0.02	3702871	RefSeq
L16_Bacillus_altitudinis	L16	GCF_016807685_1	GCF_016807685.1	T2	0	no	no	planta	\b(plant|root|rhizosphere|leaf|leaves|phyllosphere|seed|endophyt|stem|flower|fruit|apple|tree|maize|corn|wheat|tomato|potato|cotton|tobacco|grass\b|moss|lichen|algae|alga)	rot potato tubers	Belarus	Europa	no	Complete Genome	2	3772571	100.0	0.02	3781168	RefSeq
L16_Bacillus_altitudinis	L16	GCF_026787385_1	GCF_026787385.1	T2	0	no	no	suelo	\b(soil|compost|biocompost|manure|humus|peat|farmland|arable|field|agricultural|greenhouse|plastic house|forest|garden|sand)	soil	Canada	America_del_Norte	no	Scaffold	252	26694	99.99	0.49	3695084	RefSeq
L16_Bacillus_altitudinis	L16	GCA_020172015_1	GCA_020172015.1	T2	0	no	no	agua_sedimento	\b(water|freshwater|marine|sea|ocean|lake|river|creek|stream|sediment|estuar|wastewater|effluent|sewage|sludge|hot spring|spring|pond|lagoon|saline|salt|hypersaline|groundwater|aquifer|glacier|ice|snow|permafrost)	sediment	China	Asia	no	Contig	13	964982	100.0	0.01	3717952	GenBank
L16_Bacillus_altitudinis	L16	GCF_001896335_1	GCF_001896335.1	T2	0	no	no	agua_sedimento	\b(water|freshwater|marine|sea|ocean|lake|river|creek|stream|sediment|estuar|wastewater|effluent|sewage|sludge|hot spring|spring|pond|lagoon|saline|salt|hypersaline|groundwater|aquifer|glacier|ice|snow|permafrost)	heated water in contact with grass/sediment layer	USA	America_del_Norte	no	Contig	54	172320	100.0	0.21	3747257	RefSeq
L16_Bacillus_altitudinis	L16	GCF_000701305_1	GCF_000701305.1	T2	0	no	no	desconocido		none	desconocido	desconocido	no	Scaffold	16	949037	100.0	0.02	3718149	RefSeq
L16_Bacillus_altitudinis	L16	GCA_030385675_1	GCA_030385675.1	T2	0	no	no	animal	\b(animal|cattle|bovine|cow|calf|herd|pig|swine|porcine|chicken|poultry|avian|bird|fish|shrimp|insect|bee|honeybee|mosquito|termite|larva|moth\b|meal moth|spider|rumen|caecum|cecum|excreta|mouse|mice|rat|horse|equine|dog|canine|sheep|ovine|goat|caprine|snail|oyster|coral|sponge|nematode|worm)	caecum	desconocido	desconocido	no	Contig	55	206761	100.0	0.01	3805603	GenBank
L16_Bacillus_altitudinis	L16	GCF_002797105_1	GCF_002797105.1	T2	0	no	no	agua_sedimento	\b(water|freshwater|marine|sea|ocean|lake|river|creek|stream|sediment|estuar|wastewater|effluent|sewage|sludge|hot spring|spring|pond|lagoon|saline|salt|hypersaline|groundwater|aquifer|glacier|ice|snow|permafrost)	Water sample and microbial mat on an anthropogenic pipe from caldera Uzon	Russia	Europa	no	Contig	33	471307	100.0	0.02	3739340	RefSeq
L16_Bacillus_altitudinis	L16	GCF_003160715_1	GCF_003160715.1	T2	0	no	no	planta	\b(plant|root|rhizosphere|leaf|leaves|phyllosphere|seed|endophyt|stem|flower|fruit|apple|tree|maize|corn|wheat|tomato|potato|cotton|tobacco|grass\b|moss|lichen|algae|alga)	leaf	India	Asia	no	Contig	130	128930	100.0	0.02	3688424	RefSeq
L16_Bacillus_altitudinis	L16	GCF_027594585_1	GCF_027594585.1	T2	0	no	no	planta	\b(plant|root|rhizosphere|leaf|leaves|phyllosphere|seed|endophyt|stem|flower|fruit|apple|tree|maize|corn|wheat|tomato|potato|cotton|tobacco|grass\b|moss|lichen|algae|alga)	Rice plant with soil	India	Asia	no	Chromosome	16	705911	100.0	0.01	3732726	RefSeq
L16_Bacillus_altitudinis	L16	GCF_007681095_1	GCF_007681095.1	T2	0	no	no	otro_ambiental	\b(environment|air|aerosol|clean ?room|spacecraft|space station|surface|elevator|button|indoor|oil|petroleum|hydrocarbon|contaminat|polluted|biofilm|pipeline|volcan|geothermal|radioactive)	environmental	USA	America_del_Norte	no	Contig	77	665807	100.0	0.04	3723350	RefSeq
L16_Bacillus_altitudinis	L16	GCF_005144805_1	GCF_005144805.1	T2	0	no	no	animal	\b(animal|cattle|bovine|cow|calf|herd|pig|swine|porcine|chicken|poultry|avian|bird|fish|shrimp|insect|bee|honeybee|mosquito|termite|larva|moth\b|meal moth|spider|rumen|caecum|cecum|excreta|mouse|mice|rat|horse|equine|dog|canine|sheep|ovine|goat|caprine|snail|oyster|coral|sponge|nematode|worm)	canine ocular discharge	USA	America_del_Norte	no	Contig	20	976729	100.0	0.03	3762691	RefSeq
L16_Bacillus_altitudinis	L16	GCF_000299555_2	GCF_000299555.2	T2	0	no	no	desconocido		none	China	Asia	no	Complete Genome	1	3755709	100.0	0.02	3755709	RefSeq
L16_Bacillus_altitudinis	L16	GCF_019037255_1	GCF_019037255.1	T2	0	no	no	otro_ambiental	\b(environment|air|aerosol|clean ?room|spacecraft|space station|surface|elevator|button|indoor|oil|petroleum|hydrocarbon|contaminat|polluted|biofilm|pipeline|volcan|geothermal|radioactive)	cleanroom floor	USA	America_del_Norte	no	Scaffold	33	279777	100.0	0.02	3754660	RefSeq
L16_Bacillus_altitudinis	L16	GCF_026786855_1	GCF_026786855.1	T2	0	no	no	suelo	\b(soil|compost|biocompost|manure|humus|peat|farmland|arable|field|agricultural|greenhouse|plastic house|forest|garden|sand)	soil	Canada	America_del_Norte	no	Scaffold	40	141623	100.0	0.03	3711784	RefSeq
L16_Bacillus_altitudinis	L16	GCF_011800395_1	GCF_011800395.1	T2	0	no	no	planta	\b(plant|root|rhizosphere|leaf|leaves|phyllosphere|seed|endophyt|stem|flower|fruit|apple|tree|maize|corn|wheat|tomato|potato|cotton|tobacco|grass\b|moss|lichen|algae|alga)	Dry seeds	Canada	America_del_Norte	no	Contig	30	564880	100.0	0.05	3722775	RefSeq
L16_Bacillus_altitudinis	L16	GCF_027215635_1	GCF_027215635.1	T2	0	no	no	suelo	\b(soil|compost|biocompost|manure|humus|peat|farmland|arable|field|agricultural|greenhouse|plastic house|forest|garden|sand)	soil	India	Asia	no	Contig	130	399014	100.0	0.01	3744885	RefSeq
L16_Bacillus_altitudinis	L16	GCF_002753875_2	GCF_002753875.2	T2	0	no	no	agua_sedimento	\b(water|freshwater|marine|sea|ocean|lake|river|creek|stream|sediment|estuar|wastewater|effluent|sewage|sludge|hot spring|spring|pond|lagoon|saline|salt|hypersaline|groundwater|aquifer|glacier|ice|snow|permafrost)	sediments	Russia	Europa	no	Contig	35	202489	100.0	0.02	3738419	RefSeq
L16_Bacillus_altitudinis	L16	GCF_028821655_1	GCF_028821655.1	T2	0	no	no	planta	\b(plant|root|rhizosphere|leaf|leaves|phyllosphere|seed|endophyt|stem|flower|fruit|apple|tree|maize|corn|wheat|tomato|potato|cotton|tobacco|grass\b|moss|lichen|algae|alga)	stem	Brazil	America_Latina_Caribe	si	Contig	21	667480	100.0	0.0	3695387	RefSeq
L16_Bacillus_altitudinis	L16	GCF_011067205_1	GCF_011067205.1	T2	0	no	no	agua_sedimento	\b(water|freshwater|marine|sea|ocean|lake|river|creek|stream|sediment|estuar|wastewater|effluent|sewage|sludge|hot spring|spring|pond|lagoon|saline|salt|hypersaline|groundwater|aquifer|glacier|ice|snow|permafrost)	Hot spring microbial mat	Mexico	America_Latina_Caribe	si	Chromosome	30	421415	100.0	0.44	4041532	RefSeq
L16_Bacillus_altitudinis	L16	GCF_900188195_1	GCF_900188195.1	T2	0	no	no	desconocido		none	desconocido	desconocido	no	Scaffold	47	149139	100.0	0.0	3717231	RefSeq
L16_Bacillus_altitudinis	L16	GCF_002741745_1	GCF_002741745.1	T2	0	no	no	planta	\b(plant|root|rhizosphere|leaf|leaves|phyllosphere|seed|endophyt|stem|flower|fruit|apple|tree|maize|corn|wheat|tomato|potato|cotton|tobacco|grass\b|moss|lichen|algae|alga)	rhizosphere of rice from organic rice farming	Indonesia	Asia	no	Complete Genome	1	3765752	100.0	0.06	3765752	RefSeq
L16_Bacillus_altitudinis	L16	GCF_029537175_1	GCF_029537175.1	T2	0	no	no	otro_ambiental	\b(environment|air|aerosol|clean ?room|spacecraft|space station|surface|elevator|button|indoor|oil|petroleum|hydrocarbon|contaminat|polluted|biofilm|pipeline|volcan|geothermal|radioactive)	cleanroom facility; TAS-I	Italy	Europa	no	Complete Genome	3	3794334	100.0	1.21	3853736	RefSeq
L16_Bacillus_altitudinis	L16	GCF_007676435_1	GCF_007676435.1	T2	0	no	no	otro_ambiental	\b(environment|air|aerosol|clean ?room|spacecraft|space station|surface|elevator|button|indoor|oil|petroleum|hydrocarbon|contaminat|polluted|biofilm|pipeline|volcan|geothermal|radioactive)	environmental	USA	America_del_Norte	no	Scaffold	136	397537	100.0	0.01	3778594	RefSeq
L16_Bacillus_altitudinis	L16	GCF_000972685_1	GCF_000972685.1	T2	0	no	no	alimento_industrial	\b(food|milk|buttermilk|cheese|dairy|meat|sausage|fermented|fermentation|kimchi|soy|natto|doenjang|cheonggukjang|bread|dough|soup|beverage|juice|wine|beer|liquor|maotai|daqu|pit mud|vinegar|tea|cocoa|coffee|honey|industrial|factory|probiotic|feed|silage|starter|brine|pickle|enzym|amylase|protease|product|heroin)	raw gallnut honey	China	Asia	no	Complete Genome	1	3745123	100.0	0.02	3745123	RefSeq
L16_Bacillus_altitudinis	L16	GCF_022570695_1	GCF_022570695.1	T2	0	no	no	suelo	\b(soil|compost|biocompost|manure|humus|peat|farmland|arable|field|agricultural|greenhouse|plastic house|forest|garden|sand)	Fertile soil	China	Asia	no	Complete Genome	1	3727518	100.0	0.02	3727518	RefSeq
L16_Bacillus_altitudinis	L16	GCF_026787965_1	GCF_026787965.1	T2	0	no	no	suelo	\b(soil|compost|biocompost|manure|humus|peat|farmland|arable|field|agricultural|greenhouse|plastic house|forest|garden|sand)	soil	France	Europa	no	Scaffold	45	157787	100.0	0.01	3695096	RefSeq
L16_Bacillus_altitudinis	L16	GCF_018128565_1	GCF_018128565.1	T2	0	no	no	agua_sedimento	\b(water|freshwater|marine|sea|ocean|lake|river|creek|stream|sediment|estuar|wastewater|effluent|sewage|sludge|hot spring|spring|pond|lagoon|saline|salt|hypersaline|groundwater|aquifer|glacier|ice|snow|permafrost)	marine surface water	Indian Ocean	Oceano	no	Contig	62	277159	100.0	0.02	3641582	RefSeq
L16_Bacillus_altitudinis	L16	GCA_031316515_1	GCA_031316515.1	T2	0	no	no	desconocido		none	desconocido	desconocido	no	Contig	80	321419	100.0	0.15	3702921	GenBank
L16_Bacillus_altitudinis	L16	GCF_000691145_1	GCF_000691145.1	T0	1000	si	si	otro_ambiental	\b(environment|air|aerosol|clean ?room|spacecraft|space station|surface|elevator|button|indoor|oil|petroleum|hydrocarbon|contaminat|polluted|biofilm|pipeline|volcan|geothermal|radioactive)	cryogenic tubes used for collecting air samples from high altitudes	India	Asia	no	Contig	39	348530	100.0	0.01	3678935	RefSeq
L16_Bacillus_altitudinis	L16	GCF_026787265_1	GCF_026787265.1	T2	0	no	no	suelo	\b(soil|compost|biocompost|manure|humus|peat|farmland|arable|field|agricultural|greenhouse|plastic house|forest|garden|sand)	soil	Greenland	America_del_Norte	no	Scaffold	150	75872	99.99	0.12	3677418	RefSeq
L16_Bacillus_altitudinis	L16	GCF_001038775_1	GCF_001038775.1	T2	0	no	no	planta	\b(plant|root|rhizosphere|leaf|leaves|phyllosphere|seed|endophyt|stem|flower|fruit|apple|tree|maize|corn|wheat|tomato|potato|cotton|tobacco|grass\b|moss|lichen|algae|alga)	Plant	Malaysia	Asia	no	Contig	53	196435	100.0	0.02	3702000	RefSeq
L16_Bacillus_altitudinis	L16	GCF_018128585_1	GCF_018128585.1	T2	0	no	no	agua_sedimento	\b(water|freshwater|marine|sea|ocean|lake|river|creek|stream|sediment|estuar|wastewater|effluent|sewage|sludge|hot spring|spring|pond|lagoon|saline|salt|hypersaline|groundwater|aquifer|glacier|ice|snow|permafrost)	Bottom water	China	Asia	no	Contig	86	68745	100.0	0.04	3673513	RefSeq
L16_Bacillus_altitudinis	L16	GCF_000264255_1	GCF_000264255.1	T2	0	no	no	sin_clasificar		ginseng with high-pressure treatment	South Korea	Asia	no	Contig	67	128603	100.0	0.19	3795647	RefSeq
L16_Bacillus_altitudinis	L16	GCF_030271195_1	GCF_030271195.1	T2	0	no	no	suelo	\b(soil|compost|biocompost|manure|humus|peat|farmland|arable|field|agricultural|greenhouse|plastic house|forest|garden|sand)	soil	Morocco	Africa	no	Contig	16	939846	100.0	0.02	3635805	RefSeq
L16_Bacillus_altitudinis	L16	GCF_001038915_1	GCF_001038915.1	T2	0	no	no	planta	\b(plant|root|rhizosphere|leaf|leaves|phyllosphere|seed|endophyt|stem|flower|fruit|apple|tree|maize|corn|wheat|tomato|potato|cotton|tobacco|grass\b|moss|lichen|algae|alga)	Plant	Malaysia	Asia	no	Contig	57	148096	100.0	0.03	3700415	RefSeq
L16_Bacillus_altitudinis	L16	GCF_026787145_1	GCF_026787145.1	T2	0	no	no	suelo	\b(soil|compost|biocompost|manure|humus|peat|farmland|arable|field|agricultural|greenhouse|plastic house|forest|garden|sand)	soil	India	Asia	no	Scaffold	37	202324	100.0	0.03	3721078	RefSeq
L16_Bacillus_altitudinis	L16	GCF_018128635_1	GCF_018128635.1	T2	0	no	no	agua_sedimento	\b(water|freshwater|marine|sea|ocean|lake|river|creek|stream|sediment|estuar|wastewater|effluent|sewage|sludge|hot spring|spring|pond|lagoon|saline|salt|hypersaline|groundwater|aquifer|glacier|ice|snow|permafrost)	marine sediment	Indian Ocean	Oceano	no	Contig	78	288988	100.0	0.06	3835941	RefSeq
L16_Bacillus_altitudinis	L16	GCF_000225935_1	GCF_000225935.1	T2	0	no	no	desconocido		none	desconocido	desconocido	no	Scaffold	161	50105	100.0	0.01	3692856	RefSeq
L16_Bacillus_altitudinis	L16	GCF_024807925_1	GCF_024807925.1	T2	0	no	no	desconocido		none	desconocido	desconocido	no	Contig	22	396303	100.0	0.01	3744822	RefSeq
L16_Bacillus_altitudinis	L16	GCF_001426125_1	GCF_001426125.1	T2	0	no	no	planta	\b(plant|root|rhizosphere|leaf|leaves|phyllosphere|seed|endophyt|stem|flower|fruit|apple|tree|maize|corn|wheat|tomato|potato|cotton|tobacco|grass\b|moss|lichen|algae|alga)	leaf	Switzerland	Europa	no	Contig	26	297105	100.0	0.3	3934505	RefSeq
L16_Bacillus_altitudinis	L16	GCF_021654615_1	GCF_021654615.1	T2	0	no	no	animal	\b(animal|cattle|bovine|cow|calf|herd|pig|swine|porcine|chicken|poultry|avian|bird|fish|shrimp|insect|bee|honeybee|mosquito|termite|larva|moth\b|meal moth|spider|rumen|caecum|cecum|excreta|mouse|mice|rat|horse|equine|dog|canine|sheep|ovine|goat|caprine|snail|oyster|coral|sponge|nematode|worm)	spider	Japan	Asia	no	Complete Genome	1	3715529	100.0	0.02	3715529	RefSeq
L16_Bacillus_altitudinis	L16	GCF_024262145_1	GCF_024262145.1	T2	0	no	no	suelo	\b(soil|compost|biocompost|manure|humus|peat|farmland|arable|field|agricultural|greenhouse|plastic house|forest|garden|sand)	mangrove soil	Philippines	Asia	no	Scaffold	13	669064	100.0	0.05	3714049	RefSeq
L16_Bacillus_altitudinis	L16	GCF_026787245_1	GCF_026787245.1	T2	0	no	no	suelo	\b(soil|compost|biocompost|manure|humus|peat|farmland|arable|field|agricultural|greenhouse|plastic house|forest|garden|sand)	soil	Greenland	America_del_Norte	no	Scaffold	91	83918	100.0	0.01	3808571	RefSeq
L16_Bacillus_altitudinis	L16	GCF_001700735_1	GCF_001700735.1	T2	0	no	no	suelo	\b(soil|compost|biocompost|manure|humus|peat|farmland|arable|field|agricultural|greenhouse|plastic house|forest|garden|sand)	soil	China	Asia	no	Complete Genome	1	3792999	100.0	0.09	3792999	RefSeq
L16_Bacillus_altitudinis	L16	GCF_007681315_1	GCF_007681315.1	T2	0	no	no	otro_ambiental	\b(environment|air|aerosol|clean ?room|spacecraft|space station|surface|elevator|button|indoor|oil|petroleum|hydrocarbon|contaminat|polluted|biofilm|pipeline|volcan|geothermal|radioactive)	environmental	USA	America_del_Norte	no	Scaffold	42	449426	100.0	0.01	3764965	RefSeq
L16_Bacillus_altitudinis	L16	GCF_030348255_1	GCF_030348255.1	T2	0	no	no	agua_sedimento	\b(water|freshwater|marine|sea|ocean|lake|river|creek|stream|sediment|estuar|wastewater|effluent|sewage|sludge|hot spring|spring|pond|lagoon|saline|salt|hypersaline|groundwater|aquifer|glacier|ice|snow|permafrost)	marine	Denmark	Europa	no	Contig	5	3860161	100.0	0.02	3871190	RefSeq
L16_Bacillus_altitudinis	L16	GCF_902506045_1	GCF_902506045.1	T2	0	no	no	desconocido		none	desconocido	desconocido	no	Scaffold	5	3588615	100.0	0.06	3846638	RefSeq
L16_Bacillus_altitudinis	L16	GCF_001431785_1	GCF_001431785.1	T2	0	no	no	suelo	\b(soil|compost|biocompost|manure|humus|peat|farmland|arable|field|agricultural|greenhouse|plastic house|forest|garden|sand)	soil	China	Asia	no	Complete Genome	1	3787818	100.0	0.09	3787818	RefSeq
L16_Bacillus_altitudinis	L16	GCF_007923025_1	GCF_007923025.1	T2	0	no	no	agua_sedimento	\b(water|freshwater|marine|sea|ocean|lake|river|creek|stream|sediment|estuar|wastewater|effluent|sewage|sludge|hot spring|spring|pond|lagoon|saline|salt|hypersaline|groundwater|aquifer|glacier|ice|snow|permafrost)	sludge	China	Asia	no	Chromosome	39	250745	100.0	0.08	3748650	RefSeq
L16_Bacillus_altitudinis	L16	GCF_001687085_1	GCF_001687085.1	T2	0	no	no	suelo	\b(soil|compost|biocompost|manure|humus|peat|farmland|arable|field|agricultural|greenhouse|plastic house|forest|garden|sand)	compost	Egypt	Africa	no	Chromosome	80	78094	100.0	0.01	3659360	RefSeq
L16_Bacillus_altitudinis	L16	GCF_020165935_1	GCF_020165935.1	T2	0	no	no	planta	\b(plant|root|rhizosphere|leaf|leaves|phyllosphere|seed|endophyt|stem|flower|fruit|apple|tree|maize|corn|wheat|tomato|potato|cotton|tobacco|grass\b|moss|lichen|algae|alga)	Mangrove plant	Viet Nam	Asia	no	Contig	5	2582281	100.0	0.01	3768026	RefSeq
L16_Bacillus_altitudinis	L16	GCF_007681425_1	GCF_007681425.1	T2	0	no	no	otro_ambiental	\b(environment|air|aerosol|clean ?room|spacecraft|space station|surface|elevator|button|indoor|oil|petroleum|hydrocarbon|contaminat|polluted|biofilm|pipeline|volcan|geothermal|radioactive)	environmental	USA	America_del_Norte	no	Scaffold	41	499520	100.0	0.01	3688696	RefSeq
L16_Bacillus_altitudinis	L16	GCF_026787745_1	GCF_026787745.1	T2	0	no	no	suelo	\b(soil|compost|biocompost|manure|humus|peat|farmland|arable|field|agricultural|greenhouse|plastic house|forest|garden|sand)	sand	France	Europa	no	Scaffold	37	154750	100.0	0.03	3719218	RefSeq
L16_Bacillus_altitudinis	L16	GCF_002077245_1	GCF_002077245.1	T2	0	no	no	desconocido		none	USA	America_del_Norte	no	Contig	159	106700	100.0	0.01	3628496	RefSeq
L16_Bacillus_altitudinis	L16	GCF_900411365_1	GCF_900411365.1	T2	0	no	no	desconocido		none	desconocido	desconocido	no	Contig	28	660289	100.0	0.04	3690614	RefSeq
L12_Peribacillus_frigoritolerans	L12	GCF_021537535_1	GCF_021537535.1	T2	0	no	no	agua_sedimento	\b(water|freshwater|marine|sea|ocean|lake|river|creek|stream|sediment|estuar|wastewater|effluent|sewage|sludge|hot spring|spring|pond|lagoon|saline|salt|hypersaline|groundwater|aquifer|glacier|ice|snow|permafrost)	snow	Antarctica	Antartida	no	Complete Genome	2	5586945	100.0	0.93	5892443	RefSeq
L12_Peribacillus_frigoritolerans	L12	GCA_002553175_1	GCA_002553175.1	T2	0	no	no	sin_clasificar		core	USA	America_del_Norte	no	Scaffold	159	123399	100.0	1.87	5402759	GenBank
L12_Peribacillus_frigoritolerans	L12	GCF_022394675_1	GCF_022394675.1	T2	0	no	no	planta	\b(plant|root|rhizosphere|leaf|leaves|phyllosphere|seed|endophyt|stem|flower|fruit|apple|tree|maize|corn|wheat|tomato|potato|cotton|tobacco|grass\b|moss|lichen|algae|alga)	soil from tomato plants	Germany	Europa	no	Complete Genome	2	5552463	100.0	0.58	5568581	RefSeq
L12_Peribacillus_frigoritolerans	L12	GCF_029222345_1	GCF_029222345.1	T2	0	no	no	suelo	\b(soil|compost|biocompost|manure|humus|peat|farmland|arable|field|agricultural|greenhouse|plastic house|forest|garden|sand)	soil	Greece	Europa	no	Contig	90	407114	100.0	0.87	5575529	RefSeq
L12_Peribacillus_frigoritolerans	L12	GCA_014841365_1	GCA_014841365.1	T2	0	no	no	planta	\b(plant|root|rhizosphere|leaf|leaves|phyllosphere|seed|endophyt|stem|flower|fruit|apple|tree|maize|corn|wheat|tomato|potato|cotton|tobacco|grass\b|moss|lichen|algae|alga)	Seed	France	Europa	no	Contig	187	80543	100.0	3.39	5965991	GenBank
L12_Peribacillus_frigoritolerans	L12	GCF_004525735_1	GCF_004525735.1	T2	0	no	no	desconocido		none	China	Asia	no	Contig	56	525480	100.0	0.56	5471331	RefSeq
L12_Peribacillus_frigoritolerans	L12	GCF_018613455_1	GCF_018613455.1	T2	0	no	no	suelo	\b(soil|compost|biocompost|manure|humus|peat|farmland|arable|field|agricultural|greenhouse|plastic house|forest|garden|sand)	steppe soil[ENVO:00005777]|soil organic matter[ENVO:04000008]	Chile	America_Latina_Caribe	si	Scaffold	64	249273	100.0	2.0	5670869	RefSeq
L12_Peribacillus_frigoritolerans	L12	GCF_023502825_1	GCF_023502825.1	T2	0	no	no	suelo	\b(soil|compost|biocompost|manure|humus|peat|farmland|arable|field|agricultural|greenhouse|plastic house|forest|garden|sand)	soil	Israel	Asia	no	Scaffold	231	144974	100.0	1.39	5820098	RefSeq
L12_Peribacillus_frigoritolerans	L12	GCF_026795095_1	GCF_026795095.1	T2	0	no	no	desconocido		none	desconocido	desconocido	no	Scaffold	264	65494	100.0	1.04	5339825	RefSeq
L12_Peribacillus_frigoritolerans	L12	GCA_001429835_1	GCA_001429835.1	T2	0	no	no	suelo	\b(soil|compost|biocompost|manure|humus|peat|farmland|arable|field|agricultural|greenhouse|plastic house|forest|garden|sand)	soil	Germany	Europa	no	Scaffold	60	300665	100.0	0.5	5433739	GenBank
L12_Peribacillus_frigoritolerans	L12	GCA_002351505_1	GCA_002351505.1	T2	0	no	no	suelo	\b(soil|compost|biocompost|manure|humus|peat|farmland|arable|field|agricultural|greenhouse|plastic house|forest|garden|sand)	soil	USA	America_del_Norte	no	Scaffold	91	266118	100.0	0.76	5516951	GenBank
L12_Peribacillus_frigoritolerans	L12	GCF_023714145_1	GCF_023714145.1	T2	0	no	no	otro_ambiental	\b(environment|air|aerosol|clean ?room|spacecraft|space station|surface|elevator|button|indoor|oil|petroleum|hydrocarbon|contaminat|polluted|biofilm|pipeline|volcan|geothermal|radioactive)	Cleanroom	USA	America_del_Norte	no	Contig	153	261737	100.0	2.52	5714308	RefSeq
L12_Peribacillus_frigoritolerans	L12	GCF_023502945_1	GCF_023502945.1	T2	0	no	no	suelo	\b(soil|compost|biocompost|manure|humus|peat|farmland|arable|field|agricultural|greenhouse|plastic house|forest|garden|sand)	soil	Israel	Asia	no	Scaffold	212	166428	100.0	2.07	5830871	RefSeq
L12_Peribacillus_frigoritolerans	L12	GCA_030804025_1	GCA_030804025.1	T2	0	no	no	desconocido		none	USA	America_del_Norte	no	Contig	1	5587248	100.0	0.55	5587248	GenBank
L12_Peribacillus_frigoritolerans	L12	GCA_016757415_1	GCA_016757415.1	T2	0	no	no	agua_sedimento	\b(water|freshwater|marine|sea|ocean|lake|river|creek|stream|sediment|estuar|wastewater|effluent|sewage|sludge|hot spring|spring|pond|lagoon|saline|salt|hypersaline|groundwater|aquifer|glacier|ice|snow|permafrost)	sea coast [ENVO:00000303]|shoreline [ENVO:00000486]	Spain	Europa	no	Contig	136	187761	100.0	0.45	5645431	GenBank
L12_Peribacillus_frigoritolerans	L12	GCF_004006475_1	GCF_004006475.1	T2	0	no	no	desconocido		none	China	Asia	no	Complete Genome	1	5475560	100.0	0.84	5475560	RefSeq
L12_Peribacillus_frigoritolerans	L12	GCF_001636405_1	GCF_001636405.1	T0	1000	si	no	suelo	\b(soil|compost|biocompost|manure|humus|peat|farmland|arable|field|agricultural|greenhouse|plastic house|forest|garden|sand)	soil	Germany	Europa	no	Scaffold	6	1809189	100.0	0.56	5460250	RefSeq
L12_Peribacillus_frigoritolerans	L12	GCF_024758165_1	GCF_024758165.1	T2	0	no	no	sin_clasificar		regolith	China	Asia	no	Complete Genome	1	5539937	100.0	1.23	5539937	RefSeq
L12_Peribacillus_frigoritolerans	L12	GCF_030292075_1	GCF_030292075.1	T2	0	no	no	planta	\b(plant|root|rhizosphere|leaf|leaves|phyllosphere|seed|endophyt|stem|flower|fruit|apple|tree|maize|corn|wheat|tomato|potato|cotton|tobacco|grass\b|moss|lichen|algae|alga)	rhizosphere soil	China	Asia	no	Complete Genome	2	5513809	100.0	0.36	5525235	RefSeq
L12_Peribacillus_frigoritolerans	L12	GCA_001277355_1	GCA_001277355.1	T2	0	no	no	suelo	\b(soil|compost|biocompost|manure|humus|peat|farmland|arable|field|agricultural|greenhouse|plastic house|forest|garden|sand)	soil	China	Asia	no	Scaffold	11	3704817	100.0	0.58	5537020	GenBank
L12_Peribacillus_frigoritolerans	L12	GCA_002998155_1	GCA_002998155.1	T2	0	no	no	suelo	\b(soil|compost|biocompost|manure|humus|peat|farmland|arable|field|agricultural|greenhouse|plastic house|forest|garden|sand)	Dandelian soil	China	Asia	no	Scaffold	65	228291	100.0	0.43	5459791	GenBank
L12_Peribacillus_frigoritolerans	L12	GCF_014876615_1	GCF_014876615.1	T2	0	no	no	desconocido		none	China	Asia	no	Scaffold	42	264146	100.0	0.57	5521524	RefSeq
L12_Peribacillus_frigoritolerans	L12	GCF_014876505_1	GCF_014876505.1	T2	0	no	no	desconocido		none	China	Asia	no	Scaffold	12	1217941	99.99	0.54	5479397	RefSeq
L12_Peribacillus_frigoritolerans	L12	GCF_024169475_1	GCF_024169475.1	T0	1000	no	si	desconocido		none	Morocco	Africa	no	Contig	2	5488220	100.0	0.2	5498187	RefSeq
L12_Peribacillus_frigoritolerans	L12	GCA_001636485_1	GCA_001636485.1	T2	0	no	no	suelo	\b(soil|compost|biocompost|manure|humus|peat|farmland|arable|field|agricultural|greenhouse|plastic house|forest|garden|sand)	soil	China	Asia	no	Scaffold	7	4413263	100.0	1.94	5713881	GenBank
L12_Peribacillus_frigoritolerans	L12	GCF_030348785_1	GCF_030348785.1	T2	0	no	no	planta	\b(plant|root|rhizosphere|leaf|leaves|phyllosphere|seed|endophyt|stem|flower|fruit|apple|tree|maize|corn|wheat|tomato|potato|cotton|tobacco|grass\b|moss|lichen|algae|alga)	rhizosphere soil	China	Asia	no	Contig	8	5448059	100.0	0.5	5623000	RefSeq
L12_Peribacillus_frigoritolerans	L12	GCF_025142885_1	GCF_025142885.1	T2	0	no	no	clinico_humano	\b(human|homo sapiens|patient|clinical|hospital|blood|urine|feces|faeces|fecal|faecal|stool|sputum|gut\b|wound|abscess|catheter|endovascular|duodenum|conjunctiva|nasal|nasopharyn|oral|saliva|vagina|skin|kidney|pus|cerebrospinal|bronch|infant|neonat|biopsy|swab)	Alar crease Swab	USA	America_del_Norte	no	Contig	201	97885	100.0	0.95	5771871	RefSeq
L12_Peribacillus_frigoritolerans	L12	GCA_021012855_1	GCA_021012855.1	T0	1000	no	si	clinico_humano	\b(human|homo sapiens|patient|clinical|hospital|blood|urine|feces|faeces|fecal|faecal|stool|sputum|gut\b|wound|abscess|catheter|endovascular|duodenum|conjunctiva|nasal|nasopharyn|oral|saliva|vagina|skin|kidney|pus|cerebrospinal|bronch|infant|neonat|biopsy|swab)	feces	Spain	Europa	no	Scaffold	91	246125	100.0	0.2	5743707	GenBank
L12_Peribacillus_frigoritolerans	L12	GCF_021728995_1	GCF_021728995.1	T2	0	no	no	suelo	\b(soil|compost|biocompost|manure|humus|peat|farmland|arable|field|agricultural|greenhouse|plastic house|forest|garden|sand)	arable land	Germany	Europa	no	Contig	123	99166	100.0	0.87	5798260	RefSeq
L12_Peribacillus_frigoritolerans	L12	GCF_018613475_1	GCF_018613475.1	T2	0	no	no	suelo	\b(soil|compost|biocompost|manure|humus|peat|farmland|arable|field|agricultural|greenhouse|plastic house|forest|garden|sand)	steppe soil[ENVO:00005777]|soil organic matter[ENVO:04000008]	Chile	America_Latina_Caribe	si	Scaffold	128	210643	100.0	2.3	5824562	RefSeq
L12_Peribacillus_frigoritolerans	L12	GCA_002581115_1	GCA_002581115.1	T2	0	no	no	planta	\b(plant|root|rhizosphere|leaf|leaves|phyllosphere|seed|endophyt|stem|flower|fruit|apple|tree|maize|corn|wheat|tomato|potato|cotton|tobacco|grass\b|moss|lichen|algae|alga)	Core; Corn	USA	America_del_Norte	no	Scaffold	92	101502	100.0	1.17	5358715	GenBank
L12_Peribacillus_frigoritolerans	L12	GCA_001277335_1	GCA_001277335.1	T2	0	no	no	suelo	\b(soil|compost|biocompost|manure|humus|peat|farmland|arable|field|agricultural|greenhouse|plastic house|forest|garden|sand)	soil	China	Asia	no	Scaffold	23	1643036	100.0	0.38	5479501	GenBank
L12_Peribacillus_frigoritolerans	L12	GCF_029625965_1	GCF_029625965.1	T2	0	no	no	animal	\b(animal|cattle|bovine|cow|calf|herd|pig|swine|porcine|chicken|poultry|avian|bird|fish|shrimp|insect|bee|honeybee|mosquito|termite|larva|moth\b|meal moth|spider|rumen|caecum|cecum|excreta|mouse|mice|rat|horse|equine|dog|canine|sheep|ovine|goat|caprine|snail|oyster|coral|sponge|nematode|worm)	chicken manure	Russia	Europa	no	Contig	288	54923	100.0	0.38	5501241	RefSeq
L12_Peribacillus_frigoritolerans	L12	GCF_023823995_1	GCF_023823995.1	T2	0	no	no	suelo	\b(soil|compost|biocompost|manure|humus|peat|farmland|arable|field|agricultural|greenhouse|plastic house|forest|garden|sand)	soil	China	Asia	no	Complete Genome	3	5339772	100.0	0.37	5517519	RefSeq
L12_Peribacillus_frigoritolerans	L12	GCF_030122905_1	GCF_030122905.1	T2	0	no	no	planta	\b(plant|root|rhizosphere|leaf|leaves|phyllosphere|seed|endophyt|stem|flower|fruit|apple|tree|maize|corn|wheat|tomato|potato|cotton|tobacco|grass\b|moss|lichen|algae|alga)	rhizosphere soil	China	Asia	no	Complete Genome	1	5501225	100.0	0.58	5501225	RefSeq
L12_Peribacillus_frigoritolerans	L12	GCF_025548515_1	GCF_025548515.1	T2	0	no	no	suelo	\b(soil|compost|biocompost|manure|humus|peat|farmland|arable|field|agricultural|greenhouse|plastic house|forest|garden|sand)	soil	Greece	Europa	no	Contig	66	232713	100.0	0.68	5609273	RefSeq
L12_Peribacillus_frigoritolerans	L12	GCA_002287755_1	GCA_002287755.1	T2	0	no	no	suelo	\b(soil|compost|biocompost|manure|humus|peat|farmland|arable|field|agricultural|greenhouse|plastic house|forest|garden|sand)	soil	Denmark	Europa	no	Contig	100	229249	100.0	0.59	5443754	GenBank
L12_Peribacillus_frigoritolerans	L12	GCA_900000145_1	GCA_900000145.1	T2	0	no	no	desconocido		none	desconocido	desconocido	no	Scaffold	9	3508438	100.0	1.32	5983568	GenBank
L12_Peribacillus_frigoritolerans	L12	GCF_018613135_1	GCF_018613135.1	T2	0	no	no	suelo	\b(soil|compost|biocompost|manure|humus|peat|farmland|arable|field|agricultural|greenhouse|plastic house|forest|garden|sand)	steppe soil[ENVO:00005777]|soil organic matter[ENVO:04000008]	Chile	America_Latina_Caribe	si	Scaffold	53	360426	100.0	0.5	5478944	RefSeq
L12_Peribacillus_frigoritolerans	L12	GCA_014839555_1	GCA_014839555.1	T2	0	no	no	planta	\b(plant|root|rhizosphere|leaf|leaves|phyllosphere|seed|endophyt|stem|flower|fruit|apple|tree|maize|corn|wheat|tomato|potato|cotton|tobacco|grass\b|moss|lichen|algae|alga)	Seed	France	Europa	no	Contig	63	260351	100.0	1.22	5441368	GenBank
L12_Peribacillus_frigoritolerans	L12	GCF_007828935_1	GCF_007828935.1	T2	0	no	no	desconocido		none	desconocido	desconocido	no	Scaffold	23	576253	100.0	0.82	5331395	RefSeq
L12_Peribacillus_frigoritolerans	L12	GCF_026013865_1	GCF_026013865.1	T2	0	no	no	desconocido		none	China	Asia	no	Complete Genome	1	5461205	100.0	0.57	5461205	RefSeq
L12_Peribacillus_frigoritolerans	L12	GCF_024733505_1	GCF_024733505.1	T2	0	no	no	planta	\b(plant|root|rhizosphere|leaf|leaves|phyllosphere|seed|endophyt|stem|flower|fruit|apple|tree|maize|corn|wheat|tomato|potato|cotton|tobacco|grass\b|moss|lichen|algae|alga)	frozen soil [ENVO_01001526]|leafy wood soil [ENVO_00005783]	USA	America_del_Norte	no	Scaffold	84	142460	100.0	0.4	5332774	RefSeq
L12_Peribacillus_frigoritolerans	L12	GCF_023502885_1	GCF_023502885.1	T2	0	no	no	suelo	\b(soil|compost|biocompost|manure|humus|peat|farmland|arable|field|agricultural|greenhouse|plastic house|forest|garden|sand)	soil	Israel	Asia	no	Scaffold	170	215258	100.0	0.15	5452963	RefSeq
L12_Peribacillus_frigoritolerans	L12	GCF_014876555_1	GCF_014876555.1	T2	0	no	no	desconocido		none	China	Asia	no	Scaffold	34	601314	100.0	0.55	5522377	RefSeq
L12_Peribacillus_frigoritolerans	L12	GCF_024159205_1	GCF_024159205.1	T2	0	no	no	otro_ambiental	\b(environment|air|aerosol|clean ?room|spacecraft|space station|surface|elevator|button|indoor|oil|petroleum|hydrocarbon|contaminat|polluted|biofilm|pipeline|volcan|geothermal|radioactive)	Clean room	USA	America_del_Norte	no	Contig	3	5505279	100.0	0.97	5795782	RefSeq
L12_Peribacillus_frigoritolerans	L12	GCA_001636475_1	GCA_001636475.1	T2	0	no	no	suelo	\b(soil|compost|biocompost|manure|humus|peat|farmland|arable|field|agricultural|greenhouse|plastic house|forest|garden|sand)	soil	Germany	Europa	no	Scaffold	129	110832	100.0	1.1	6494937	GenBank
L12_Peribacillus_frigoritolerans	L12	GCF_030122925_1	GCF_030122925.1	T2	0	no	no	planta	\b(plant|root|rhizosphere|leaf|leaves|phyllosphere|seed|endophyt|stem|flower|fruit|apple|tree|maize|corn|wheat|tomato|potato|cotton|tobacco|grass\b|moss|lichen|algae|alga)	rhizosphere soil	China	Asia	no	Complete Genome	1	5436505	100.0	0.49	5436505	RefSeq
L12_Peribacillus_frigoritolerans	L12	GCF_030348515_1	GCF_030348515.1	T2	0	no	no	planta	\b(plant|root|rhizosphere|leaf|leaves|phyllosphere|seed|endophyt|stem|flower|fruit|apple|tree|maize|corn|wheat|tomato|potato|cotton|tobacco|grass\b|moss|lichen|algae|alga)	pine forrest soil between two spruce trees	Germany	Europa	no	Contig	3	5767210	100.0	2.38	6015255	RefSeq
L12_Peribacillus_frigoritolerans	L12	GCA_002557105_1	GCA_002557105.1	T2	0	no	no	planta	\b(plant|root|rhizosphere|leaf|leaves|phyllosphere|seed|endophyt|stem|flower|fruit|apple|tree|maize|corn|wheat|tomato|potato|cotton|tobacco|grass\b|moss|lichen|algae|alga)	Core; Corn	USA	America_del_Norte	no	Scaffold	146	87041	100.0	1.35	5403429	GenBank
L12_Peribacillus_frigoritolerans	L12	GCF_030348775_1	GCF_030348775.1	T2	0	no	no	planta	\b(plant|root|rhizosphere|leaf|leaves|phyllosphere|seed|endophyt|stem|flower|fruit|apple|tree|maize|corn|wheat|tomato|potato|cotton|tobacco|grass\b|moss|lichen|algae|alga)	rhizosphere soil	China	Asia	no	Contig	3	5579326	100.0	0.74	5595385	RefSeq
L12_Peribacillus_frigoritolerans	L12	GCF_023823955_1	GCF_023823955.1	T2	0	no	no	suelo	\b(soil|compost|biocompost|manure|humus|peat|farmland|arable|field|agricultural|greenhouse|plastic house|forest|garden|sand)	soil	China	Asia	no	Complete Genome	1	5654626	100.0	0.35	5654626	RefSeq
L12_Peribacillus_frigoritolerans	L12	GCF_023502905_1	GCF_023502905.1	T2	0	no	no	suelo	\b(soil|compost|biocompost|manure|humus|peat|farmland|arable|field|agricultural|greenhouse|plastic house|forest|garden|sand)	soil	Israel	Asia	no	Scaffold	124	244345	100.0	0.2	5428478	RefSeq
L12_Peribacillus_frigoritolerans	L12	GCA_019748875_1	GCA_019748875.1	T2	0	no	no	otro_ambiental	\b(environment|air|aerosol|clean ?room|spacecraft|space station|surface|elevator|button|indoor|oil|petroleum|hydrocarbon|contaminat|polluted|biofilm|pipeline|volcan|geothermal|radioactive)	Air filter	USA	America_del_Norte	no	Contig	166	93834	100.0	0.54	5502680	GenBank
L12_Peribacillus_frigoritolerans	L12	GCF_026794285_1	GCF_026794285.1	T2	0	no	no	suelo	\b(soil|compost|biocompost|manure|humus|peat|farmland|arable|field|agricultural|greenhouse|plastic house|forest|garden|sand)	soil	desconocido	desconocido	no	Scaffold	206	65168	100.0	0.65	5457394	RefSeq
L12_Peribacillus_frigoritolerans	L12	GCF_022603155_1	GCF_022603155.1	T1	500	no	no	petreo_arido	\b(rock|stone|granite|marble|limestone|sandstone|basalt|monument|heritage|mural|fresco|painting|building|facade|masonry|cave|desert|arid|dust|mine|mining|mineral|weathered|ruin|sculpture|statue|tomb|temple|amphora|ceramic|pottery|archaeolog)	Roman amphora	Italy	Europa	no	Scaffold	54	405431	100.0	0.45	5521551	RefSeq
L12_Peribacillus_frigoritolerans	L12	GCA_002979275_1	GCA_002979275.1	T2	0	no	no	planta	\b(plant|root|rhizosphere|leaf|leaves|phyllosphere|seed|endophyt|stem|flower|fruit|apple|tree|maize|corn|wheat|tomato|potato|cotton|tobacco|grass\b|moss|lichen|algae|alga)	Rotting apple	Germany	Europa	no	Scaffold	155	83445	100.0	0.86	5863830	GenBank
L12_Peribacillus_frigoritolerans	L12	GCF_014876545_1	GCF_014876545.1	T2	0	no	no	desconocido		none	China	Asia	no	Scaffold	103	273205	100.0	0.56	5486174	RefSeq
L12_Peribacillus_frigoritolerans	L12	GCF_023823915_1	GCF_023823915.1	T2	0	no	no	suelo	\b(soil|compost|biocompost|manure|humus|peat|farmland|arable|field|agricultural|greenhouse|plastic house|forest|garden|sand)	soil	China	Asia	no	Complete Genome	2	6078688	100.0	1.61	6294968	RefSeq
L12_Peribacillus_frigoritolerans	L12	GCA_018613485_1	GCA_018613485.1	T2	0	no	no	suelo	\b(soil|compost|biocompost|manure|humus|peat|farmland|arable|field|agricultural|greenhouse|plastic house|forest|garden|sand)	steppe soil[ENVO:00005777]|soil organic matter[ENVO:04000008]	Chile	America_Latina_Caribe	si	Scaffold	166	56985	100.0	1.95	5629610	GenBank
L12_Peribacillus_frigoritolerans	L12	GCF_030123165_1	GCF_030123165.1	T2	0	no	no	planta	\b(plant|root|rhizosphere|leaf|leaves|phyllosphere|seed|endophyt|stem|flower|fruit|apple|tree|maize|corn|wheat|tomato|potato|cotton|tobacco|grass\b|moss|lichen|algae|alga)	rhizosphere soil	China	Asia	no	Complete Genome	1	5451292	100.0	0.23	5451292	RefSeq
L12_Peribacillus_frigoritolerans	L12	GCF_026891895_1	GCF_026891895.1	T2	0	no	no	planta	\b(plant|root|rhizosphere|leaf|leaves|phyllosphere|seed|endophyt|stem|flower|fruit|apple|tree|maize|corn|wheat|tomato|potato|cotton|tobacco|grass\b|moss|lichen|algae|alga)	medicinal plant	South Africa	Africa	no	Contig	43	360633	100.0	0.57	5482853	RefSeq
L12_Peribacillus_frigoritolerans	L12	GCF_025960625_1	GCF_025960625.1	T2	0	no	no	planta	\b(plant|root|rhizosphere|leaf|leaves|phyllosphere|seed|endophyt|stem|flower|fruit|apple|tree|maize|corn|wheat|tomato|potato|cotton|tobacco|grass\b|moss|lichen|algae|alga)	Three year continuous cropping of potato root	China	Asia	no	Complete Genome	4	5703943	100.0	0.19	5781076	RefSeq
L12_Peribacillus_frigoritolerans	L12	GCA_024160055_1	GCA_024160055.1	T2	0	no	no	suelo	\b(soil|compost|biocompost|manure|humus|peat|farmland|arable|field|agricultural|greenhouse|plastic house|forest|garden|sand)	soil	South Korea	Asia	no	Scaffold	81	117816	100.0	0.74	5490412	GenBank
L12_Peribacillus_frigoritolerans	L12	GCF_014876495_1	GCF_014876495.1	T2	0	no	no	desconocido		none	China	Asia	no	Scaffold	42	264146	100.0	0.57	5574407	RefSeq
L12_Peribacillus_frigoritolerans	L12	GCA_002276655_1	GCA_002276655.1	T2	0	no	no	sin_clasificar		kefir	Germany	Europa	no	Contig	215	113116	100.0	1.24	5852461	GenBank
L12_Peribacillus_frigoritolerans	L12	GCA_000785385_1	GCA_000785385.1	T2	0	no	no	planta	\b(plant|root|rhizosphere|leaf|leaves|phyllosphere|seed|endophyt|stem|flower|fruit|apple|tree|maize|corn|wheat|tomato|potato|cotton|tobacco|grass\b|moss|lichen|algae|alga)	potato rhizosphere	France	Europa	no	Scaffold	34	339104	100.0	2.53	5542549	GenBank
L12_Peribacillus_frigoritolerans	L12	GCF_026794655_1	GCF_026794655.1	T2	0	no	no	desconocido		none	desconocido	desconocido	no	Scaffold	123	124397	100.0	1.43	5554127	RefSeq
L12_Peribacillus_frigoritolerans	L12	GCF_014876535_1	GCF_014876535.1	T2	0	no	no	desconocido		none	China	Asia	no	Scaffold	96	539757	100.0	1.09	5513455	RefSeq
L8_Acinetobacter_schindleri	L8	GCF_025514435_1	GCF_025514435.1	T2	0	no	no	clinico_humano	\b(human|homo sapiens|patient|clinical|hospital|blood|urine|feces|faeces|fecal|faecal|stool|sputum|gut\b|wound|abscess|catheter|endovascular|duodenum|conjunctiva|nasal|nasopharyn|oral|saliva|vagina|skin|kidney|pus|cerebrospinal|bronch|infant|neonat|biopsy|swab)	Endovascular	USA	America_del_Norte	no	Contig	106	83787	99.99	1.48	3433592	RefSeq
L8_Acinetobacter_schindleri	L8	GCF_010919095_1	GCF_010919095.1	T2	0	no	no	clinico_humano	\b(human|homo sapiens|patient|clinical|hospital|blood|urine|feces|faeces|fecal|faecal|stool|sputum|gut\b|wound|abscess|catheter|endovascular|duodenum|conjunctiva|nasal|nasopharyn|oral|saliva|vagina|skin|kidney|pus|cerebrospinal|bronch|infant|neonat|biopsy|swab)	stool	China	Asia	no	Complete Genome	9	3131572	99.99	0.45	3320700	RefSeq
L8_Acinetobacter_schindleri	L8	GCF_010918895_1	GCF_010918895.1	T2	0	no	no	clinico_humano	\b(human|homo sapiens|patient|clinical|hospital|blood|urine|feces|faeces|fecal|faecal|stool|sputum|gut\b|wound|abscess|catheter|endovascular|duodenum|conjunctiva|nasal|nasopharyn|oral|saliva|vagina|skin|kidney|pus|cerebrospinal|bronch|infant|neonat|biopsy|swab)	stool	China	Asia	no	Complete Genome	9	3097067	99.98	0.19	3337186	RefSeq
L8_Acinetobacter_schindleri	L8	GCF_001077515_1	GCF_001077515.1	T2	0	no	no	sin_clasificar		stomach	Russia	Europa	no	Contig	121	141438	99.99	0.77	3416321	RefSeq
L8_Acinetobacter_schindleri	L8	GCF_007833615_1	GCF_007833615.1	T2	0	no	no	agua_sedimento	\b(water|freshwater|marine|sea|ocean|lake|river|creek|stream|sediment|estuar|wastewater|effluent|sewage|sludge|hot spring|spring|pond|lagoon|saline|salt|hypersaline|groundwater|aquifer|glacier|ice|snow|permafrost)	the condensate water of the Shenzhou-9 spacecraft	China	Asia	no	Complete Genome	5	2973544	100.0	0.19	3258703	RefSeq
L8_Acinetobacter_schindleri	L8	GCA_022832955_1	GCA_022832955.1	T2	0	no	no	animal	\b(animal|cattle|bovine|cow|calf|herd|pig|swine|porcine|chicken|poultry|avian|bird|fish|shrimp|insect|bee|honeybee|mosquito|termite|larva|moth\b|meal moth|spider|rumen|caecum|cecum|excreta|mouse|mice|rat|horse|equine|dog|canine|sheep|ovine|goat|caprine|snail|oyster|coral|sponge|nematode|worm)	chicken fecal	China	Asia	no	Complete Genome	7	3135005	99.93	1.2	3443157	GenBank
L8_Acinetobacter_schindleri	L8	GCF_000301815_1	GCF_000301815.1	T2	0	no	no	clinico_humano	\b(human|homo sapiens|patient|clinical|hospital|blood|urine|feces|faeces|fecal|faecal|stool|sputum|gut\b|wound|abscess|catheter|endovascular|duodenum|conjunctiva|nasal|nasopharyn|oral|saliva|vagina|skin|kidney|pus|cerebrospinal|bronch|infant|neonat|biopsy|swab)	urine	desconocido	desconocido	no	Contig	159	65440	99.99	0.09	3197027	RefSeq
L8_Acinetobacter_schindleri	L8	GCF_002919885_1	GCF_002919885.1	T2	0	no	no	desconocido		none	USA	America_del_Norte	no	Contig	197	46806	99.99	0.94	3446532	RefSeq
L8_Acinetobacter_schindleri	L8	GCF_000368465_1	GCF_000368465.1	T2	0	no	no	clinico_humano	\b(human|homo sapiens|patient|clinical|hospital|blood|urine|feces|faeces|fecal|faecal|stool|sputum|gut\b|wound|abscess|catheter|endovascular|duodenum|conjunctiva|nasal|nasopharyn|oral|saliva|vagina|skin|kidney|pus|cerebrospinal|bronch|infant|neonat|biopsy|swab)	Conjunctiva	Czech Republic	Europa	no	Scaffold	25	315976	99.98	0.57	3414896	RefSeq
L8_Acinetobacter_schindleri	L8	GCF_003289665_1	GCF_003289665.1	T2	0	no	no	planta	\b(plant|root|rhizosphere|leaf|leaves|phyllosphere|seed|endophyt|stem|flower|fruit|apple|tree|maize|corn|wheat|tomato|potato|cotton|tobacco|grass\b|moss|lichen|algae|alga)	Isolated as endophyte from capsules of field grown Papaver somniferum plants of cv. Sampada	India	Asia	no	Scaffold	118	71050	100.0	0.02	2969145	RefSeq
L8_Acinetobacter_schindleri	L8	GCF_000264725_1	GCF_000264725.1	T2	0	no	no	clinico_humano	\b(human|homo sapiens|patient|clinical|hospital|blood|urine|feces|faeces|fecal|faecal|stool|sputum|gut\b|wound|abscess|catheter|endovascular|duodenum|conjunctiva|nasal|nasopharyn|oral|saliva|vagina|skin|kidney|pus|cerebrospinal|bronch|infant|neonat|biopsy|swab)	gut	desconocido	desconocido	no	Contig	102	68401	99.46	3.29	3125085	RefSeq
L8_Acinetobacter_schindleri	L8	GCF_003069395_1	GCF_003069395.1	T2	0	no	no	agua_sedimento	\b(water|freshwater|marine|sea|ocean|lake|river|creek|stream|sediment|estuar|wastewater|effluent|sewage|sludge|hot spring|spring|pond|lagoon|saline|salt|hypersaline|groundwater|aquifer|glacier|ice|snow|permafrost)	Freshwater creek	USA	America_del_Norte	no	Contig	105	56503	99.99	0.28	3157970	RefSeq
L8_Acinetobacter_schindleri	L8	GCF_014204595_1	GCF_014204595.1	T2	0	no	no	desconocido		none	USA	America_del_Norte	no	Scaffold	66	113477	99.99	0.18	3171976	RefSeq
L8_Acinetobacter_schindleri	L8	GCF_028657965_1	GCF_028657965.1	T2	0	no	no	agua_sedimento	\b(water|freshwater|marine|sea|ocean|lake|river|creek|stream|sediment|estuar|wastewater|effluent|sewage|sludge|hot spring|spring|pond|lagoon|saline|salt|hypersaline|groundwater|aquifer|glacier|ice|snow|permafrost)	marine mud	China	Asia	no	Complete Genome	2	3165552	99.94	0.26	3332387	RefSeq
L8_Acinetobacter_schindleri	L8	GCF_002918965_1	GCF_002918965.1	T2	0	no	no	desconocido		none	USA	America_del_Norte	no	Contig	161	66687	99.99	0.88	3463366	RefSeq
L8_Acinetobacter_schindleri	L8	GCF_000368625_1	GCF_000368625.1	T0	1000	si	si	clinico_humano	\b(human|homo sapiens|patient|clinical|hospital|blood|urine|feces|faeces|fecal|faecal|stool|sputum|gut\b|wound|abscess|catheter|endovascular|duodenum|conjunctiva|nasal|nasopharyn|oral|saliva|vagina|skin|kidney|pus|cerebrospinal|bronch|infant|neonat|biopsy|swab)	urine	Czech Republic	Europa	no	Scaffold	33	547262	99.99	0.07	3394558	RefSeq
L8_Acinetobacter_schindleri	L8	GCF_030973565_1	GCF_030973565.1	T2	0	no	no	clinico_humano	\b(human|homo sapiens|patient|clinical|hospital|blood|urine|feces|faeces|fecal|faecal|stool|sputum|gut\b|wound|abscess|catheter|endovascular|duodenum|conjunctiva|nasal|nasopharyn|oral|saliva|vagina|skin|kidney|pus|cerebrospinal|bronch|infant|neonat|biopsy|swab)	sputum	Thailand	Asia	no	Scaffold	141	93667	99.99	0.3	3333112	RefSeq
L8_Acinetobacter_schindleri	L8	GCF_010918635_1	GCF_010918635.1	T2	0	no	no	clinico_humano	\b(human|homo sapiens|patient|clinical|hospital|blood|urine|feces|faeces|fecal|faecal|stool|sputum|gut\b|wound|abscess|catheter|endovascular|duodenum|conjunctiva|nasal|nasopharyn|oral|saliva|vagina|skin|kidney|pus|cerebrospinal|bronch|infant|neonat|biopsy|swab)	stool	China	Asia	no	Complete Genome	11	3135167	99.99	0.87	3376106	RefSeq
L8_Acinetobacter_schindleri	L8	GCF_003072585_2	GCF_003072585.2	T2	0	no	no	otro_ambiental	\b(environment|air|aerosol|clean ?room|spacecraft|space station|surface|elevator|button|indoor|oil|petroleum|hydrocarbon|contaminat|polluted|biofilm|pipeline|volcan|geothermal|radioactive)	air	Singapore	Asia	no	Complete Genome	2	3088433	100.0	0.09	3244663	RefSeq
L8_Acinetobacter_schindleri	L8	GCA_013420325_1	GCA_013420325.1	T2	0	no	no	clinico_humano	\b(human|homo sapiens|patient|clinical|hospital|blood|urine|feces|faeces|fecal|faecal|stool|sputum|gut\b|wound|abscess|catheter|endovascular|duodenum|conjunctiva|nasal|nasopharyn|oral|saliva|vagina|skin|kidney|pus|cerebrospinal|bronch|infant|neonat|biopsy|swab)	feces	China	Asia	no	Contig	70	247441	99.95	0.53	3419192	GenBank
L8_Acinetobacter_schindleri	L8	GCF_023218135_1	GCF_023218135.1	T2	0	no	no	agua_sedimento	\b(water|freshwater|marine|sea|ocean|lake|river|creek|stream|sediment|estuar|wastewater|effluent|sewage|sludge|hot spring|spring|pond|lagoon|saline|salt|hypersaline|groundwater|aquifer|glacier|ice|snow|permafrost)	lake	United Kingdom	Europa	no	Contig	101	117054	99.99	1.29	3262646	RefSeq
L8_Acinetobacter_schindleri	L8	GCF_000369585_1	GCF_000369585.1	T2	0	no	no	clinico_humano	\b(human|homo sapiens|patient|clinical|hospital|blood|urine|feces|faeces|fecal|faecal|stool|sputum|gut\b|wound|abscess|catheter|endovascular|duodenum|conjunctiva|nasal|nasopharyn|oral|saliva|vagina|skin|kidney|pus|cerebrospinal|bronch|infant|neonat|biopsy|swab)	blood	France	Europa	no	Scaffold	41	285287	99.98	0.15	3205996	RefSeq
L8_Acinetobacter_schindleri	L8	GCF_030678615_1	GCF_030678615.1	T2	0	no	no	otro_ambiental	\b(environment|air|aerosol|clean ?room|spacecraft|space station|surface|elevator|button|indoor|oil|petroleum|hydrocarbon|contaminat|polluted|biofilm|pipeline|volcan|geothermal|radioactive)	Environment	Portugal	Europa	no	Contig	138	90150	100.0	0.07	3117264	RefSeq
L8_Acinetobacter_schindleri	L8	GCF_025513595_1	GCF_025513595.1	T2	0	no	no	clinico_humano	\b(human|homo sapiens|patient|clinical|hospital|blood|urine|feces|faeces|fecal|faecal|stool|sputum|gut\b|wound|abscess|catheter|endovascular|duodenum|conjunctiva|nasal|nasopharyn|oral|saliva|vagina|skin|kidney|pus|cerebrospinal|bronch|infant|neonat|biopsy|swab)	Endovascular	USA	America_del_Norte	no	Contig	86	95813	99.99	0.93	3383251	RefSeq
L8_Acinetobacter_schindleri	L8	GCF_024129565_1	GCF_024129565.1	T2	0	no	no	desconocido		none	Czech Republic	Europa	no	Contig	39	281186	99.98	0.09	3140937	RefSeq
L8_Acinetobacter_schindleri	L8	GCF_001866125_1	GCF_001866125.1	T2	0	no	no	otro_ambiental	\b(environment|air|aerosol|clean ?room|spacecraft|space station|surface|elevator|button|indoor|oil|petroleum|hydrocarbon|contaminat|polluted|biofilm|pipeline|volcan|geothermal|radioactive)	Chinese spacecraft Shenzhou X	China	Asia	no	Scaffold	107	101119	100.0	0.03	3134118	RefSeq
L8_Acinetobacter_schindleri	L8	GCF_001485065_1	GCF_001485065.1	T2	0	no	no	desconocido		none	desconocido	desconocido	no	Contig	98	93578	99.99	0.08	3244085	RefSeq
L8_Acinetobacter_schindleri	L8	GCF_001971565_1	GCF_001971565.1	T2	0	no	no	desconocido		none	Mexico	America_Latina_Caribe	si	Complete Genome	7	3001209	100.0	0.29	3268053	RefSeq
L8_Acinetobacter_schindleri	L8	GCF_027942235_1	GCF_027942235.1	T2	0	no	no	agua_sedimento	\b(water|freshwater|marine|sea|ocean|lake|river|creek|stream|sediment|estuar|wastewater|effluent|sewage|sludge|hot spring|spring|pond|lagoon|saline|salt|hypersaline|groundwater|aquifer|glacier|ice|snow|permafrost)	estuarine mud [ENVO:00002160]	China	Asia	no	Complete Genome	1	3265024	99.99	3.17	3265024	RefSeq
L9_Priestia_flexa	L9	GCF_020176725_1	GCF_020176725.1	T2	0	no	no	agua_sedimento	\b(water|freshwater|marine|sea|ocean|lake|river|creek|stream|sediment|estuar|wastewater|effluent|sewage|sludge|hot spring|spring|pond|lagoon|saline|salt|hypersaline|groundwater|aquifer|glacier|ice|snow|permafrost)	sediment	China	Asia	no	Contig	63	206049	100.0	0.0	3963276	RefSeq
L9_Priestia_flexa	L9	GCF_030122985_1	GCF_030122985.1	T2	0	no	no	agua_sedimento	\b(water|freshwater|marine|sea|ocean|lake|river|creek|stream|sediment|estuar|wastewater|effluent|sewage|sludge|hot spring|spring|pond|lagoon|saline|salt|hypersaline|groundwater|aquifer|glacier|ice|snow|permafrost)	marine or sediment	India	Asia	no	Complete Genome	1	3817052	99.99	0.01	3817052	RefSeq
L9_Priestia_flexa	L9	GCF_000612165_1	GCF_000612165.1	T2	0	no	no	desconocido		none	China	Asia	no	Contig	206	42740	100.0	0.21	4254248	RefSeq
L9_Priestia_flexa	L9	GCF_900156115_1	GCF_900156115.1	T2	0	no	no	desconocido		none	desconocido	desconocido	no	Scaffold	54	210751	100.0	0.05	3903958	RefSeq
L9_Priestia_flexa	L9	GCF_021441905_1	GCF_021441905.1	T2	0	no	no	alimento_industrial	\b(food|milk|buttermilk|cheese|dairy|meat|sausage|fermented|fermentation|kimchi|soy|natto|doenjang|cheonggukjang|bread|dough|soup|beverage|juice|wine|beer|liquor|maotai|daqu|pit mud|vinegar|tea|cocoa|coffee|honey|industrial|factory|probiotic|feed|silage|starter|brine|pickle|enzym|amylase|protease|product|heroin)	kimchi	South Korea	Asia	no	Complete Genome	1	3999911	100.0	0.04	3999911	RefSeq
L9_Priestia_flexa	L9	GCF_020171645_1	GCF_020171645.1	T2	0	no	no	agua_sedimento	\b(water|freshwater|marine|sea|ocean|lake|river|creek|stream|sediment|estuar|wastewater|effluent|sewage|sludge|hot spring|spring|pond|lagoon|saline|salt|hypersaline|groundwater|aquifer|glacier|ice|snow|permafrost)	sediment	China	Asia	no	Contig	37	202373	100.0	0.01	3946942	RefSeq
L9_Priestia_flexa	L9	GCF_002024265_1	GCF_002024265.1	T2	0	no	no	sin_clasificar		local geographical source	China	Asia	no	Complete Genome	3	3960308	99.99	0.56	4104242	RefSeq
L9_Priestia_flexa	L9	GCF_947499335_1	GCF_947499335.1	T2	0	no	no	desconocido		none	desconocido	desconocido	no	Contig	165	58949	100.0	0.01	4078168	RefSeq
L9_Priestia_flexa	L9	GCF_022346455_1	GCF_022346455.1	T2	0	no	no	clinico_humano	\b(human|homo sapiens|patient|clinical|hospital|blood|urine|feces|faeces|fecal|faecal|stool|sputum|gut\b|wound|abscess|catheter|endovascular|duodenum|conjunctiva|nasal|nasopharyn|oral|saliva|vagina|skin|kidney|pus|cerebrospinal|bronch|infant|neonat|biopsy|swab)	skin	USA	America_del_Norte	no	Contig	53	210999	100.0	0.03	3977206	RefSeq
L9_Priestia_flexa	L9	GCF_010577965_1	GCF_010577965.1	T2	0	no	no	desconocido		none	China	Asia	no	Scaffold	112	50935	99.99	0.0	3696499	RefSeq
L9_Priestia_flexa	L9	GCF_003583265_1	GCF_003583265.1	T2	0	no	no	agua_sedimento	\b(water|freshwater|marine|sea|ocean|lake|river|creek|stream|sediment|estuar|wastewater|effluent|sewage|sludge|hot spring|spring|pond|lagoon|saline|salt|hypersaline|groundwater|aquifer|glacier|ice|snow|permafrost)	Marine	India	Asia	no	Contig	189	44375	99.99	0.57	3463842	RefSeq
L9_Priestia_flexa	L9	GCF_020524795_1	GCF_020524795.1	T2	0	no	no	agua_sedimento	\b(water|freshwater|marine|sea|ocean|lake|river|creek|stream|sediment|estuar|wastewater|effluent|sewage|sludge|hot spring|spring|pond|lagoon|saline|salt|hypersaline|groundwater|aquifer|glacier|ice|snow|permafrost)	sediment	China	Asia	no	Contig	43	221726	100.0	0.12	4015385	RefSeq
L9_Priestia_flexa	L9	GCF_007678225_1	GCF_007678225.1	T2	0	no	no	otro_ambiental	\b(environment|air|aerosol|clean ?room|spacecraft|space station|surface|elevator|button|indoor|oil|petroleum|hydrocarbon|contaminat|polluted|biofilm|pipeline|volcan|geothermal|radioactive)	environmental	USA	America_del_Norte	no	Scaffold	177	47815	100.0	0.44	3862788	RefSeq
L9_Priestia_flexa	L9	GCF_947503185_1	GCF_947503185.1	T2	0	no	no	desconocido		none	desconocido	desconocido	no	Contig	156	61016	100.0	0.0	4076396	RefSeq
L9_Priestia_flexa	L9	GCF_019801725_1	GCF_019801725.1	T2	0	no	no	agua_sedimento	\b(water|freshwater|marine|sea|ocean|lake|river|creek|stream|sediment|estuar|wastewater|effluent|sewage|sludge|hot spring|spring|pond|lagoon|saline|salt|hypersaline|groundwater|aquifer|glacier|ice|snow|permafrost)	sediment	China	Asia	no	Contig	65	159979	100.0	0.0	3994729	RefSeq
L9_Priestia_flexa	L9	GCF_007678245_1	GCF_007678245.1	T2	0	no	no	otro_ambiental	\b(environment|air|aerosol|clean ?room|spacecraft|space station|surface|elevator|button|indoor|oil|petroleum|hydrocarbon|contaminat|polluted|biofilm|pipeline|volcan|geothermal|radioactive)	environmental	USA	America_del_Norte	no	Scaffold	179	46991	100.0	0.43	3860945	RefSeq
L9_Priestia_flexa	L9	GCF_947495185_1	GCF_947495185.1	T2	0	no	no	desconocido		none	desconocido	desconocido	no	Contig	129	63057	100.0	0.05	3822694	RefSeq
L9_Priestia_flexa	L9	GCF_001614195_1	GCF_001614195.1	T2	0	no	no	clinico_humano	\b(human|homo sapiens|patient|clinical|hospital|blood|urine|feces|faeces|fecal|faecal|stool|sputum|gut\b|wound|abscess|catheter|endovascular|duodenum|conjunctiva|nasal|nasopharyn|oral|saliva|vagina|skin|kidney|pus|cerebrospinal|bronch|infant|neonat|biopsy|swab)	Duodenum	Russia	Europa	no	Contig	124	104893	99.98	0.05	3921583	RefSeq
L9_Priestia_flexa	L9	GCF_001457055_1	GCF_001457055.1	T0	1000	no	si	agua_sedimento	\b(water|freshwater|marine|sea|ocean|lake|river|creek|stream|sediment|estuar|wastewater|effluent|sewage|sludge|hot spring|spring|pond|lagoon|saline|salt|hypersaline|groundwater|aquifer|glacier|ice|snow|permafrost)	marine sediment	India	Asia	no	Scaffold	158	47093	100.0	0.04	4114189	RefSeq
L9_Priestia_flexa	L9	GCF_017303205_1	GCF_017303205.1	T2	0	no	no	agua_sedimento	\b(water|freshwater|marine|sea|ocean|lake|river|creek|stream|sediment|estuar|wastewater|effluent|sewage|sludge|hot spring|spring|pond|lagoon|saline|salt|hypersaline|groundwater|aquifer|glacier|ice|snow|permafrost)	sediment	China	Asia	no	Contig	36	357465	100.0	0.01	3949664	RefSeq
L9_Priestia_flexa	L9	GCF_017303255_1	GCF_017303255.1	T2	0	no	no	agua_sedimento	\b(water|freshwater|marine|sea|ocean|lake|river|creek|stream|sediment|estuar|wastewater|effluent|sewage|sludge|hot spring|spring|pond|lagoon|saline|salt|hypersaline|groundwater|aquifer|glacier|ice|snow|permafrost)	sediment	China	Asia	no	Contig	26	379402	100.0	0.0	4074398	RefSeq
L9_Priestia_flexa	L9	GCF_023714855_1	GCF_023714855.1	T2	0	no	no	otro_ambiental	\b(environment|air|aerosol|clean ?room|spacecraft|space station|surface|elevator|button|indoor|oil|petroleum|hydrocarbon|contaminat|polluted|biofilm|pipeline|volcan|geothermal|radioactive)	Cleanroom	USA	America_del_Norte	no	Contig	254	62929	100.0	0.0	3866902	RefSeq
L9_Priestia_flexa	L9	GCF_024159305_1	GCF_024159305.1	T2	0	no	no	otro_ambiental	\b(environment|air|aerosol|clean ?room|spacecraft|space station|surface|elevator|button|indoor|oil|petroleum|hydrocarbon|contaminat|polluted|biofilm|pipeline|volcan|geothermal|radioactive)	Clean room	USA	America_del_Norte	no	Contig	6	3935672	100.0	0.05	4111671	RefSeq
L9_Priestia_flexa	L9	GCF_005577315_1	GCF_005577315.1	T2	0	no	no	agua_sedimento	\b(water|freshwater|marine|sea|ocean|lake|river|creek|stream|sediment|estuar|wastewater|effluent|sewage|sludge|hot spring|spring|pond|lagoon|saline|salt|hypersaline|groundwater|aquifer|glacier|ice|snow|permafrost)	ocean sediment	Atlantic Ocean	Oceano	no	Complete Genome	4	3892082	100.0	0.07	4018990	RefSeq
L9_Priestia_flexa	L9	GCF_947496585_1	GCF_947496585.1	T2	0	no	no	desconocido		none	desconocido	desconocido	no	Contig	161	61702	100.0	0.0	4071111	RefSeq
L9_Priestia_flexa	L9	GCF_001591565_1	GCF_001591565.1	T0	1000	si	si	desconocido		none	desconocido	desconocido	no	Contig	259	25637	99.87	0.41	3906163	RefSeq
L9_Priestia_flexa	L9	GCF_022559225_1	GCF_022559225.1	T2	0	no	no	agua_sedimento	\b(water|freshwater|marine|sea|ocean|lake|river|creek|stream|sediment|estuar|wastewater|effluent|sewage|sludge|hot spring|spring|pond|lagoon|saline|salt|hypersaline|groundwater|aquifer|glacier|ice|snow|permafrost)	sediment sample	India	Asia	no	Chromosome	50	359131	100.0	0.0	4131040	RefSeq
L9_Priestia_flexa	L9	GCF_900094875_1	GCF_900094875.1	T2	0	no	no	desconocido		none	desconocido	desconocido	no	Scaffold	158	47093	100.0	0.04	4114189	RefSeq
L9_Priestia_flexa	L9	GCF_029536875_1	GCF_029536875.1	T2	0	no	no	sin_clasificar		Maari	Burkina Faso	Africa	no	Complete Genome	8	3913244	99.99	0.0	3993637	RefSeq
L11_Staphylococcus_warneri_A	L11	GCF_003578955_1	GCF_003578955.1	T2	0	no	no	animal	\b(animal|cattle|bovine|cow|calf|herd|pig|swine|porcine|chicken|poultry|avian|bird|fish|shrimp|insect|bee|honeybee|mosquito|termite|larva|moth\b|meal moth|spider|rumen|caecum|cecum|excreta|mouse|mice|rat|horse|equine|dog|canine|sheep|ovine|goat|caprine|snail|oyster|coral|sponge|nematode|worm)	Herd 220	Canada	America_del_Norte	no	Contig	194	24656	99.96	0.01	2444080	RefSeq
L11_Staphylococcus_warneri_A	L11	GCF_003850105_1	GCF_003850105.1	T2	0	no	no	clinico_humano	\b(human|homo sapiens|patient|clinical|hospital|blood|urine|feces|faeces|fecal|faecal|stool|sputum|gut\b|wound|abscess|catheter|endovascular|duodenum|conjunctiva|nasal|nasopharyn|oral|saliva|vagina|skin|kidney|pus|cerebrospinal|bronch|infant|neonat|biopsy|swab)	blood	Kenya	Africa	no	Contig	25	480873	100.0	1.56	2466813	RefSeq
L11_Staphylococcus_warneri_A	L11	GCF_003491325_1	GCF_003491325.1	T0	1000	si	no	desconocido		none	Switzerland	Europa	no	Complete Genome	1	2438350	99.99	0.05	2438350	RefSeq
L11_Staphylococcus_warneri_A	L11	GCF_022688765_1	GCF_022688765.1	T2	0	no	no	clinico_humano	\b(human|homo sapiens|patient|clinical|hospital|blood|urine|feces|faeces|fecal|faecal|stool|sputum|gut\b|wound|abscess|catheter|endovascular|duodenum|conjunctiva|nasal|nasopharyn|oral|saliva|vagina|skin|kidney|pus|cerebrospinal|bronch|infant|neonat|biopsy|swab)	skin	USA	America_del_Norte	no	Contig	27	479222	100.0	0.23	2523508	RefSeq
L11_Staphylococcus_warneri_A	L11	GCF_003041335_1	GCF_003041335.1	T2	0	no	no	animal	\b(animal|cattle|bovine|cow|calf|herd|pig|swine|porcine|chicken|poultry|avian|bird|fish|shrimp|insect|bee|honeybee|mosquito|termite|larva|moth\b|meal moth|spider|rumen|caecum|cecum|excreta|mouse|mice|rat|horse|equine|dog|canine|sheep|ovine|goat|caprine|snail|oyster|coral|sponge|nematode|worm)	Herd 408	Canada	America_del_Norte	no	Contig	70	75368	99.99	0.0	2386157	RefSeq
L11_Staphylococcus_warneri_A	L11	GCF_030177215_1	GCF_030177215.1	T2	0	no	no	agua_sedimento	\b(water|freshwater|marine|sea|ocean|lake|river|creek|stream|sediment|estuar|wastewater|effluent|sewage|sludge|hot spring|spring|pond|lagoon|saline|salt|hypersaline|groundwater|aquifer|glacier|ice|snow|permafrost)	water	India	Asia	no	Contig	44	417035	99.99	0.25	2433960	RefSeq
L11_Staphylococcus_warneri_A	L11	GCF_017315555_1	GCF_017315555.1	T2	0	no	no	clinico_humano	\b(human|homo sapiens|patient|clinical|hospital|blood|urine|feces|faeces|fecal|faecal|stool|sputum|gut\b|wound|abscess|catheter|endovascular|duodenum|conjunctiva|nasal|nasopharyn|oral|saliva|vagina|skin|kidney|pus|cerebrospinal|bronch|infant|neonat|biopsy|swab)	skin	Germany	Europa	no	Contig	54	113425	100.0	0.23	2506006	RefSeq
L11_Staphylococcus_warneri_A	L11	GCF_003041355_1	GCF_003041355.1	T2	0	no	no	animal	\b(animal|cattle|bovine|cow|calf|herd|pig|swine|porcine|chicken|poultry|avian|bird|fish|shrimp|insect|bee|honeybee|mosquito|termite|larva|moth\b|meal moth|spider|rumen|caecum|cecum|excreta|mouse|mice|rat|horse|equine|dog|canine|sheep|ovine|goat|caprine|snail|oyster|coral|sponge|nematode|worm)	Herd 321	Canada	America_del_Norte	no	Contig	128	45398	99.99	0.17	2603562	RefSeq
L11_Staphylococcus_warneri_A	L11	GCF_017086425_1	GCF_017086425.1	T2	0	no	no	clinico_humano	\b(human|homo sapiens|patient|clinical|hospital|blood|urine|feces|faeces|fecal|faecal|stool|sputum|gut\b|wound|abscess|catheter|endovascular|duodenum|conjunctiva|nasal|nasopharyn|oral|saliva|vagina|skin|kidney|pus|cerebrospinal|bronch|infant|neonat|biopsy|swab)	human skin	South Korea	Asia	no	Complete Genome	4	2384298	100.0	0.09	2438595	RefSeq
L11_Staphylococcus_warneri_A	L11	GCF_021189295_1	GCF_021189295.1	T2	0	no	no	clinico_humano	\b(human|homo sapiens|patient|clinical|hospital|blood|urine|feces|faeces|fecal|faecal|stool|sputum|gut\b|wound|abscess|catheter|endovascular|duodenum|conjunctiva|nasal|nasopharyn|oral|saliva|vagina|skin|kidney|pus|cerebrospinal|bronch|infant|neonat|biopsy|swab)	nasal swab	India	Asia	no	Contig	33	1252428	100.0	0.09	2446622	RefSeq
L11_Staphylococcus_warneri_A	L11	GCF_003850145_1	GCF_003850145.1	T2	0	no	no	clinico_humano	\b(human|homo sapiens|patient|clinical|hospital|blood|urine|feces|faeces|fecal|faecal|stool|sputum|gut\b|wound|abscess|catheter|endovascular|duodenum|conjunctiva|nasal|nasopharyn|oral|saliva|vagina|skin|kidney|pus|cerebrospinal|bronch|infant|neonat|biopsy|swab)	blood	Kenya	Africa	no	Contig	67	539436	100.0	0.32	2555201	RefSeq
L11_Staphylococcus_warneri_A	L11	GCA_001940625_1	GCA_001940625.1	T2	0	no	no	sin_clasificar		lechera	Colombia	America_Latina_Caribe	si	Contig	138	55607	99.98	0.34	2443396	GenBank
L11_Staphylococcus_warneri_A	L11	GCF_003043235_1	GCF_003043235.1	T2	0	no	no	animal	\b(animal|cattle|bovine|cow|calf|herd|pig|swine|porcine|chicken|poultry|avian|bird|fish|shrimp|insect|bee|honeybee|mosquito|termite|larva|moth\b|meal moth|spider|rumen|caecum|cecum|excreta|mouse|mice|rat|horse|equine|dog|canine|sheep|ovine|goat|caprine|snail|oyster|coral|sponge|nematode|worm)	Herd 321	Canada	America_del_Norte	no	Contig	162	31274	99.99	0.81	2599545	RefSeq
L11_Staphylococcus_warneri_A	L11	GCF_022815285_1	GCF_022815285.1	T2	0	no	no	clinico_humano	\b(human|homo sapiens|patient|clinical|hospital|blood|urine|feces|faeces|fecal|faecal|stool|sputum|gut\b|wound|abscess|catheter|endovascular|duodenum|conjunctiva|nasal|nasopharyn|oral|saliva|vagina|skin|kidney|pus|cerebrospinal|bronch|infant|neonat|biopsy|swab)	Blood culture medium	China	Asia	no	Contig	35	206179	100.0	0.03	2466249	RefSeq
L11_Staphylococcus_warneri_A	L11	GCF_003041575_1	GCF_003041575.1	T2	0	no	no	animal	\b(animal|cattle|bovine|cow|calf|herd|pig|swine|porcine|chicken|poultry|avian|bird|fish|shrimp|insect|bee|honeybee|mosquito|termite|larva|moth\b|meal moth|spider|rumen|caecum|cecum|excreta|mouse|mice|rat|horse|equine|dog|canine|sheep|ovine|goat|caprine|snail|oyster|coral|sponge|nematode|worm)	Herd 214	Canada	America_del_Norte	no	Contig	123	49515	99.99	0.04	2538016	RefSeq
L11_Staphylococcus_warneri_A	L11	GCF_001074135_1	GCF_001074135.1	T2	0	no	no	desconocido		none	USA	America_del_Norte	no	Contig	112	46840	99.99	0.04	2317616	RefSeq
L11_Staphylococcus_warneri_A	L11	GCF_021189315_1	GCF_021189315.1	T2	0	no	no	clinico_humano	\b(human|homo sapiens|patient|clinical|hospital|blood|urine|feces|faeces|fecal|faecal|stool|sputum|gut\b|wound|abscess|catheter|endovascular|duodenum|conjunctiva|nasal|nasopharyn|oral|saliva|vagina|skin|kidney|pus|cerebrospinal|bronch|infant|neonat|biopsy|swab)	nasal swab	India	Asia	no	Contig	28	1274971	100.0	0.09	2446223	RefSeq
L11_Staphylococcus_warneri_A	L11	GCF_003043215_1	GCF_003043215.1	T2	0	no	no	animal	\b(animal|cattle|bovine|cow|calf|herd|pig|swine|porcine|chicken|poultry|avian|bird|fish|shrimp|insect|bee|honeybee|mosquito|termite|larva|moth\b|meal moth|spider|rumen|caecum|cecum|excreta|mouse|mice|rat|horse|equine|dog|canine|sheep|ovine|goat|caprine|snail|oyster|coral|sponge|nematode|worm)	Herd 202	Canada	America_del_Norte	no	Contig	97	52467	99.99	0.01	2486626	RefSeq
L11_Staphylococcus_warneri_A	L11	GCF_003042745_1	GCF_003042745.1	T2	0	no	no	animal	\b(animal|cattle|bovine|cow|calf|herd|pig|swine|porcine|chicken|poultry|avian|bird|fish|shrimp|insect|bee|honeybee|mosquito|termite|larva|moth\b|meal moth|spider|rumen|caecum|cecum|excreta|mouse|mice|rat|horse|equine|dog|canine|sheep|ovine|goat|caprine|snail|oyster|coral|sponge|nematode|worm)	Herd 202	Canada	America_del_Norte	no	Contig	82	74392	99.99	0.01	2489181	RefSeq
L11_Staphylococcus_warneri_A	L11	GCF_000175175_1	GCF_000175175.1	T2	0	no	no	alimento_industrial	\b(food|milk|buttermilk|cheese|dairy|meat|sausage|fermented|fermentation|kimchi|soy|natto|doenjang|cheonggukjang|bread|dough|soup|beverage|juice|wine|beer|liquor|maotai|daqu|pit mud|vinegar|tea|cocoa|coffee|honey|industrial|factory|probiotic|feed|silage|starter|brine|pickle|enzym|amylase|protease|product|heroin)	biological product [ENVO:02000043]	desconocido	desconocido	no	Contig	77	120673	100.0	0.02	2425653	RefSeq
L11_Staphylococcus_warneri_A	L11	GCF_003041375_1	GCF_003041375.1	T2	0	no	no	animal	\b(animal|cattle|bovine|cow|calf|herd|pig|swine|porcine|chicken|poultry|avian|bird|fish|shrimp|insect|bee|honeybee|mosquito|termite|larva|moth\b|meal moth|spider|rumen|caecum|cecum|excreta|mouse|mice|rat|horse|equine|dog|canine|sheep|ovine|goat|caprine|snail|oyster|coral|sponge|nematode|worm)	Herd 417	Canada	America_del_Norte	no	Contig	99	46507	99.99	0.0	2382207	RefSeq
L11_Staphylococcus_warneri_A	L11	GCF_013267715_1	GCF_013267715.1	T2	0	no	no	clinico_humano	\b(human|homo sapiens|patient|clinical|hospital|blood|urine|feces|faeces|fecal|faecal|stool|sputum|gut\b|wound|abscess|catheter|endovascular|duodenum|conjunctiva|nasal|nasopharyn|oral|saliva|vagina|skin|kidney|pus|cerebrospinal|bronch|infant|neonat|biopsy|swab)	normal skin of the right arm	USA	America_del_Norte	no	Complete Genome	2	2417432	100.0	0.03	2460001	RefSeq
L11_Staphylococcus_warneri_A	L11	GCF_003579215_1	GCF_003579215.1	T2	0	no	no	animal	\b(animal|cattle|bovine|cow|calf|herd|pig|swine|porcine|chicken|poultry|avian|bird|fish|shrimp|insect|bee|honeybee|mosquito|termite|larva|moth\b|meal moth|spider|rumen|caecum|cecum|excreta|mouse|mice|rat|horse|equine|dog|canine|sheep|ovine|goat|caprine|snail|oyster|coral|sponge|nematode|worm)	Herd 321	Canada	America_del_Norte	no	Contig	185	31659	99.98	0.28	2597906	RefSeq
L11_Staphylococcus_warneri_A	L11	GCF_003579165_1	GCF_003579165.1	T2	0	no	no	animal	\b(animal|cattle|bovine|cow|calf|herd|pig|swine|porcine|chicken|poultry|avian|bird|fish|shrimp|insect|bee|honeybee|mosquito|termite|larva|moth\b|meal moth|spider|rumen|caecum|cecum|excreta|mouse|mice|rat|horse|equine|dog|canine|sheep|ovine|goat|caprine|snail|oyster|coral|sponge|nematode|worm)	Herd 321	Canada	America_del_Norte	no	Contig	96	49659	99.99	0.24	2603290	RefSeq
L18_Cytobacillus_firmus_B	L18	GCF_019801595_1	GCF_019801595.1	T2	0	no	no	agua_sedimento	\b(water|freshwater|marine|sea|ocean|lake|river|creek|stream|sediment|estuar|wastewater|effluent|sewage|sludge|hot spring|spring|pond|lagoon|saline|salt|hypersaline|groundwater|aquifer|glacier|ice|snow|permafrost)	sediment	China	Asia	no	Contig	54	190213	100.0	0.54	4889663	RefSeq
L18_Cytobacillus_firmus_B	L18	GCF_030123345_1	GCF_030123345.1	T2	0	no	no	planta	\b(plant|root|rhizosphere|leaf|leaves|phyllosphere|seed|endophyt|stem|flower|fruit|apple|tree|maize|corn|wheat|tomato|potato|cotton|tobacco|grass\b|moss|lichen|algae|alga)	rhizosphere soil	China	Asia	no	Complete Genome	1	5085204	100.0	0.24	5085204	RefSeq
L18_Cytobacillus_firmus_B	L18	GCF_020524225_1	GCF_020524225.1	T2	0	no	no	agua_sedimento	\b(water|freshwater|marine|sea|ocean|lake|river|creek|stream|sediment|estuar|wastewater|effluent|sewage|sludge|hot spring|spring|pond|lagoon|saline|salt|hypersaline|groundwater|aquifer|glacier|ice|snow|permafrost)	sediment	China	Asia	no	Contig	27	643300	100.0	0.13	5166491	RefSeq
L18_Cytobacillus_firmus_B	L18	GCF_030123225_1	GCF_030123225.1	T2	0	no	no	planta	\b(plant|root|rhizosphere|leaf|leaves|phyllosphere|seed|endophyt|stem|flower|fruit|apple|tree|maize|corn|wheat|tomato|potato|cotton|tobacco|grass\b|moss|lichen|algae|alga)	rhizosphere soil	China	Asia	no	Complete Genome	1	5004067	100.0	0.12	5004067	RefSeq
L18_Cytobacillus_firmus_B	L18	GCA_023197125_1	GCA_023197125.1	T2	0	no	no	desconocido		none	Indonesia	Asia	no	Contig	11	865454	99.73	4.52	4860704	GenBank
L18_Cytobacillus_firmus_B	L18	GCF_015844875_1	GCF_015844875.1	T2	0	no	no	desconocido		none	China	Asia	no	Contig	33	447519	100.0	1.61	5652295	RefSeq
L18_Cytobacillus_firmus_B	L18	GCF_023657595_1	GCF_023657595.1	T0	1000	si	no	suelo	\b(soil|compost|biocompost|manure|humus|peat|farmland|arable|field|agricultural|greenhouse|plastic house|forest|garden|sand)	soil	China	Asia	no	Complete Genome	1	4981461	100.0	0.26	4981461	RefSeq
L18_Cytobacillus_firmus_B	L18	GCF_025467715_1	GCF_025467715.1	T2	0	no	no	planta	\b(plant|root|rhizosphere|leaf|leaves|phyllosphere|seed|endophyt|stem|flower|fruit|apple|tree|maize|corn|wheat|tomato|potato|cotton|tobacco|grass\b|moss|lichen|algae|alga)	rhizosphere soil	Italy	Europa	no	Scaffold	22	635554	100.0	0.45	5137666	RefSeq
L18_Cytobacillus_firmus_B	L18	GCF_015880935_1	GCF_015880935.1	T2	0	no	no	suelo	\b(soil|compost|biocompost|manure|humus|peat|farmland|arable|field|agricultural|greenhouse|plastic house|forest|garden|sand)	soil	China	Asia	no	Scaffold	34	423826	100.0	0.03	5091941	RefSeq
L18_Cytobacillus_firmus_B	L18	GCF_947496675_1	GCF_947496675.1	T2	0	no	no	desconocido		none	desconocido	desconocido	no	Contig	54	513187	100.0	0.7	5123457	RefSeq
L18_Cytobacillus_firmus_B	L18	GCF_023823815_1	GCF_023823815.1	T2	0	no	no	suelo	\b(soil|compost|biocompost|manure|humus|peat|farmland|arable|field|agricultural|greenhouse|plastic house|forest|garden|sand)	soil	China	Asia	no	Complete Genome	2	4922036	100.0	1.95	5268767	RefSeq
L18_Cytobacillus_firmus_B	L18	GCF_025732135_1	GCF_025732135.1	T2	0	no	no	suelo	\b(soil|compost|biocompost|manure|humus|peat|farmland|arable|field|agricultural|greenhouse|plastic house|forest|garden|sand)	soil	China	Asia	no	Complete Genome	2	4970020	100.0	1.13	5353076	RefSeq
L18_Cytobacillus_firmus_B	L18	GCF_001038755_1	GCF_001038755.1	T2	0	no	no	planta	\b(plant|root|rhizosphere|leaf|leaves|phyllosphere|seed|endophyt|stem|flower|fruit|apple|tree|maize|corn|wheat|tomato|potato|cotton|tobacco|grass\b|moss|lichen|algae|alga)	Plant	Malaysia	Asia	no	Contig	136	82452	100.0	0.03	4717984	RefSeq
L18_Cytobacillus_firmus_B	L18	GCF_010628845_1	GCF_010628845.1	T2	0	no	no	desconocido		none	China	Asia	no	Scaffold	92	99115	100.0	0.09	4943639	RefSeq
L18_Cytobacillus_firmus_B	L18	GCF_020739485_1	GCF_020739485.1	T2	0	no	no	agua_sedimento	\b(water|freshwater|marine|sea|ocean|lake|river|creek|stream|sediment|estuar|wastewater|effluent|sewage|sludge|hot spring|spring|pond|lagoon|saline|salt|hypersaline|groundwater|aquifer|glacier|ice|snow|permafrost)	sediment	China	Asia	no	Contig	15	863059	100.0	0.51	4994267	RefSeq
L18_Cytobacillus_firmus_B	L18	GCF_020524945_1	GCF_020524945.1	T2	0	no	no	agua_sedimento	\b(water|freshwater|marine|sea|ocean|lake|river|creek|stream|sediment|estuar|wastewater|effluent|sewage|sludge|hot spring|spring|pond|lagoon|saline|salt|hypersaline|groundwater|aquifer|glacier|ice|snow|permafrost)	sediment	China	Asia	no	Contig	30	642902	100.0	0.13	5166060	RefSeq
L18_Cytobacillus_firmus_B	L18	GCF_015880905_1	GCF_015880905.1	T2	0	no	no	suelo	\b(soil|compost|biocompost|manure|humus|peat|farmland|arable|field|agricultural|greenhouse|plastic house|forest|garden|sand)	soil	China	Asia	no	Contig	17	857603	100.0	0.0	5009386	RefSeq
L18_Cytobacillus_firmus_B	L18	GCF_024753035_1	GCF_024753035.1	T2	0	no	no	suelo	\b(soil|compost|biocompost|manure|humus|peat|farmland|arable|field|agricultural|greenhouse|plastic house|forest|garden|sand)	agricultural environmental material	Italy	Europa	no	Scaffold	24	586325	100.0	0.09	4887464	RefSeq
