familia	categoria_95	n_ref	cog	genes_con_cog	genes
veg	core	3	sin_COG	0	4
pth	core	3	sin_COG	0	4
ispE	core	3	sin_COG	0	4
group_2895	core	3	sin_COG	0	4
rqcP	core	3	sin_COG	0	4
group_2894	core	3	D	4	4
ftsH	core	3	sin_COG	0	4
pabA	core	3	sin_COG	0	3
group_2893	core	3	sin_COG	0	4
group_2892	core	3	sin_COG	0	4
group_2891	core	3	sin_COG	0	4
rplY	core	3	sin_COG	0	4
spoIIE	core	3	sin_COG	0	4
group_2890	core	3	sin_COG	0	4
group_2889	core	3	sin_COG	0	4
hslO	core	3	sin_COG	0	4
group_2888	core	3	sin_COG	0	4
group_2887	core	3	sin_COG	0	4
group_2886	core	3	sin_COG	0	4
group_2885	core	3	sin_COG	0	4
metG	core	3	sin_COG	0	4
rsmA	core	3	sin_COG	0	4
group_2884	core	3	sin_COG	0	4
spoVG	core	3	D	4	4
group_2883	core	3	sin_COG	0	4
yabA	core	3	sin_COG	0	4
group_2882	core	3	sin_COG	0	4
mazG	core	3	sin_COG	0	4
rsmI	core	3	sin_COG	0	4
group_2881	core	3	sin_COG	0	4
group_2880	core	3	sin_COG	0	4
group_2879	core	3	sin_COG	0	4
yabQ	core	3	sin_COG	0	4
yaaT	core	3	T	4	4
tmk	core	3	sin_COG	0	4
group_2878	core	3	sin_COG	0	4
holB	core	3	sin_COG	0	4
yabG	core	3	sin_COG	0	4
mfd	core	3	sin_COG	0	4
group_2877	core	3	sin_COG	0	4
group_2876	core	3	sin_COG	0	4
group_2875	core	3	sin_COG	0	4
xpaC	core	3	sin_COG	0	4
group_2874	core	3	sin_COG	0	4
group_2873	core	3	sin_COG	0	4
spoVT	core	3	sin_COG	0	4
yabP	core	3	sin_COG	0	4
rnmV	core	3	sin_COG	0	4
purR	core	3	sin_COG	0	4
group_2872	core	3	sin_COG	0	4
hpt	core	3	sin_COG	0	4
glmU	core	3	sin_COG	0	4
group_2826	core	3	sin_COG	0	4
group_2779	core	3	sin_COG	0	4
group_2728	core	3	sin_COG	0	4
group_2726	core	3	sin_COG	0	4
group_2724	core	3	sin_COG	0	4
group_2722	core	3	sin_COG	0	4
group_2721	core	3	sin_COG	0	4
group_2720	core	3	sin_COG	0	4
lipA	core	3	H	4	4
group_2719	core	3	sin_COG	0	5
group_2717	core	3	sin_COG	0	4
group_2716	core	3	sin_COG	0	4
group_2712	core	3	sin_COG	0	4
group_2711	core	3	sin_COG	0	4
group_2710	core	3	sin_COG	0	4
mscL	core	3	sin_COG	0	4
rpiB	core	3	sin_COG	0	4
pgsC	core	3	sin_COG	0	4
group_2707	core	3	sin_COG	0	4
group_2706	core	3	sin_COG	0	4
yxlC	core	3	sin_COG	0	4
flgL	core	3	sin_COG	0	4
group_2705	core	3	sin_COG	0	4
rbsB	core	3	sin_COG	0	4
group_2703	core	3	sin_COG	0	4
group_2702	core	3	sin_COG	0	5
group_2701	core	3	sin_COG	0	4
group_2700	core	3	sin_COG	0	4
group_2699	core	3	sin_COG	0	4
liaI	core	3	sin_COG	0	4
ribZ	core	3	sin_COG	0	4
group_2698	core	3	sin_COG	0	4
group_2697	core	3	sin_COG	0	4
group_2696	core	3	sin_COG	0	4
rapZ	core	3	sin_COG	0	4
group_2693	core	3	sin_COG	0	4
hisA	core	3	sin_COG	0	4
group_2692	core	3	sin_COG	0	4
group_2691	core	3	sin_COG	0	4
group_2690	core	3	sin_COG	0	4
group_2689	core	3	sin_COG	0	4
group_2687	core	3	sin_COG	0	4
group_2686	core	3	sin_COG	0	5
group_2684	core	3	sin_COG	0	4
group_2683	core	3	sin_COG	0	4
group_2682	core	3	sin_COG	0	4
hprK	core	3	sin_COG	0	4
thrB	core	3	sin_COG	0	4
group_2680	core	3	sin_COG	0	4
yviE	core	3	sin_COG	0	4
group_2679	core	3	sin_COG	0	4
slrR	core	3	sin_COG	0	4
smpB	core	3	sin_COG	0	4
group_2678	core	3	sin_COG	0	4
group_2677	core	3	sin_COG	0	4
group_2676	core	3	sin_COG	0	4
group_2675	core	3	sin_COG	0	4
group_2674	core	3	sin_COG	0	4
group_2673	core	3	sin_COG	0	4
yvgO	core	3	sin_COG	0	4
group_2672	core	3	sin_COG	0	4
group_2671	core	3	sin_COG	0	4
group_2669	core	3	sin_COG	0	4
asnC	core	3	sin_COG	0	4
group_2668	core	3	sin_COG	0	4
group_2667	core	3	sin_COG	0	4
manA	core	3	sin_COG	0	4
group_2666	core	3	sin_COG	0	4
whiA	core	3	K	4	4
group_2665	core	3	sin_COG	0	4
group_2664	core	3	sin_COG	0	4
group_2662	core	3	sin_COG	0	4
group_2661	core	3	sin_COG	0	4
lrpC	core	3	sin_COG	0	4
group_2659	core	3	sin_COG	0	4
qoxA	core	3	sin_COG	0	4
group_2657	core	3	sin_COG	0	4
nagB	core	3	sin_COG	0	4
group_2656	core	3	sin_COG	0	4
group_2653	core	3	sin_COG	0	4
group_2652	core	3	sin_COG	0	4
flgN	core	3	sin_COG	0	4
uvsE	core	3	sin_COG	0	4
yuiA	core	3	sin_COG	0	4
rfbB	core	3	sin_COG	0	4
glpX	core	3	G	4	4
group_2650	core	3	sin_COG	0	4
group_2647	core	3	sin_COG	0	4
group_2646	core	3	sin_COG	0	4
group_2645	core	3	sin_COG	0	4
pta	core	3	C	4	4
lacF	core	3	sin_COG	0	4
group_2644	core	3	sin_COG	0	4
group_2642	core	3	sin_COG	0	4
group_2640	core	3	sin_COG	0	4
group_2639	core	3	sin_COG	0	4
cudC	core	3	sin_COG	0	4
group_2638	core	3	sin_COG	0	4
group_2637	core	3	sin_COG	0	4
group_2636	core	3	sin_COG	0	4
group_2635	core	3	sin_COG	0	4
ywnH	core	3	sin_COG	0	4
group_2634	core	3	sin_COG	0	4
prfB	core	3	J	4	4
group_2632	core	3	sin_COG	0	4
group_2631	core	3	sin_COG	0	4
trxB	core	3	sin_COG	0	4
isdF	core	3	sin_COG	0	4
ywgA	core	3	sin_COG	0	4
group_2630	core	3	sin_COG	0	4
group_2629	core	3	sin_COG	0	4
group_2627	core	3	sin_COG	0	4
iolU	core	3	sin_COG	0	4
group_2626	core	3	sin_COG	0	4
group_2624	core	3	sin_COG	0	4
galE	core	3	sin_COG	0	4
group_2623	core	3	sin_COG	0	4
group_2621	core	3	sin_COG	0	4
group_2620	core	3	sin_COG	0	4
group_2619	core	3	sin_COG	0	4
yumC	core	3	O	4	4
essA	core	3	sin_COG	0	4
group_2618	core	3	sin_COG	0	4
mbl	core	3	sin_COG	0	4
lacI	core	3	sin_COG	0	4
group_2617	core	3	sin_COG	0	4
group_2614	core	3	sin_COG	0	4
gap	core	3	G	4	4
kdgR	core	3	sin_COG	0	4
group_2613	core	3	sin_COG	0	4
group_2612	core	3	sin_COG	0	4
group_2611	core	3	sin_COG	0	4
rbsC	core	3	sin_COG	0	4
ywhD	core	3	sin_COG	0	4
group_2609	core	3	sin_COG	0	4
group_2608	core	3	sin_COG	0	4
cydB	core	3	sin_COG	0	4
yfiZ	core	3	sin_COG	0	4
atpF	core	3	sin_COG	0	4
yraA	core	3	sin_COG	0	4
group_2597	core	3	sin_COG	0	4
feuC	core	3	sin_COG	0	4
metN	core	3	sin_COG	0	4
group_2595	core	3	sin_COG	0	4
group_2594	core	3	sin_COG	0	4
group_2593	core	3	sin_COG	0	4
group_2592	core	3	sin_COG	0	4
group_2591	core	3	sin_COG	0	4
thiT	core	3	sin_COG	0	4
group_2588	core	3	sin_COG	0	4
yueE	core	3	sin_COG	0	4
group_2586	core	3	sin_COG	0	4
group_2585	core	3	sin_COG	0	4
rpoE	core	3	sin_COG	0	4
group_2584	core	3	sin_COG	0	4
yutH	core	3	sin_COG	0	4
group_2583	core	3	sin_COG	0	3
group_2582	core	3	sin_COG	0	4
group_2581	core	3	sin_COG	0	4
group_2580	core	3	sin_COG	0	4
feuB	core	3	sin_COG	0	4
group_2579	core	3	sin_COG	0	4
group_2576	core	3	sin_COG	0	4
group_2574	core	3	sin_COG	0	4
atpH	core	3	sin_COG	0	4
thrC	core	3	sin_COG	0	4
uxuA	core	3	sin_COG	0	4
group_2571	core	3	sin_COG	0	4
group_2570	core	3	sin_COG	0	4
group_2569	core	3	sin_COG	0	4
group_2568	core	3	sin_COG	0	4
group_2567	core	3	sin_COG	0	4
group_2566	core	3	sin_COG	0	4
yuzL	core	3	sin_COG	0	4
mntP	core	3	sin_COG	0	4
group_2565	core	3	sin_COG	0	4
group_2563	core	3	sin_COG	0	4
group_2561	core	3	sin_COG	0	4
group_2560	core	3	sin_COG	0	4
group_2559	core	3	sin_COG	0	4
xkdF	core	3	sin_COG	0	4
group_2558	core	3	sin_COG	0	4
sspJ	core	3	sin_COG	0	4
group_2556	core	3	sin_COG	0	4
group_2554	core	3	sin_COG	0	4
hpf	core	3	sin_COG	0	4
epsG	core	3	sin_COG	0	4
group_2551	core	3	sin_COG	0	4
group_2548	core	3	sin_COG	0	4
group_2547	core	3	sin_COG	0	4
group_2546	core	3	sin_COG	0	4
group_2543	core	3	sin_COG	0	4
group_2542	core	3	sin_COG	0	4
betI	core	3	sin_COG	0	4
group_2541	core	3	sin_COG	0	4
isdG	core	3	sin_COG	0	4
group_2540	core	3	sin_COG	0	4
group_2539	core	3	sin_COG	0	4
group_2536	core	3	sin_COG	0	4
group_2534	core	3	sin_COG	0	4
group_2531	core	3	sin_COG	0	4
group_2530	core	3	sin_COG	0	4
group_2529	core	3	sin_COG	0	4
group_2528	core	3	sin_COG	0	4
group_2527	core	3	sin_COG	0	4
ald	core	3	sin_COG	0	4
hisB	core	3	sin_COG	0	4
group_2524	core	3	sin_COG	0	4
group_2522	core	3	sin_COG	0	4
group_2520	core	3	sin_COG	0	4
group_2517	core	3	sin_COG	0	4
group_2516	core	3	sin_COG	0	4
group_2515	core	3	sin_COG	0	4
group_2511	core	3	sin_COG	0	4
clpP	core	3	O	4	4
oxdD	core	3	sin_COG	0	4
group_2509	core	3	sin_COG	0	4
group_2508	core	3	sin_COG	0	4
group_2507	core	3	sin_COG	0	4
group_2506	core	3	sin_COG	0	4
tdk	core	3	sin_COG	0	4
capA	core	3	sin_COG	0	4
bacA	core	3	sin_COG	0	4
pspC	core	3	sin_COG	0	4
group_2496	core	3	sin_COG	0	4
degS	core	3	sin_COG	0	4
hisZ	core	3	sin_COG	0	4
group_2495	core	3	sin_COG	0	4
group_2492	core	3	sin_COG	0	4
group_2490	core	3	sin_COG	0	4
group_2488	core	3	sin_COG	0	4
group_2487	core	3	sin_COG	0	4
group_2486	core	3	sin_COG	0	4
group_2485	core	3	sin_COG	0	4
pgsB	core	3	sin_COG	0	4
rpmE	core	3	J	4	4
pgk	core	3	G	4	4
qoxC	core	3	sin_COG	0	4
group_2483	core	3	sin_COG	0	4
yhhS	core	3	sin_COG	0	4
group_2481	core	3	sin_COG	0	4
minJ	core	3	sin_COG	0	4
nagA	core	3	sin_COG	0	4
group_2478	core	3	sin_COG	0	4
group_2477	core	3	sin_COG	0	4
group_2476	core	3	sin_COG	0	4
group_2473	core	3	sin_COG	0	4
group_2472	core	3	sin_COG	0	4
group_2470	core	3	sin_COG	0	1
atpE	core	3	C	4	4
group_2468	core	3	sin_COG	0	4
group_2467	core	3	sin_COG	0	4
tuaH	core	3	sin_COG	0	4
yvfG	core	3	sin_COG	0	4
upp	core	3	sin_COG	0	4
hisIE	core	3	sin_COG	0	4
group_2464	core	3	sin_COG	0	4
gbsB	core	3	C	4	4
group_2463	core	3	sin_COG	0	4
rodA	core	3	sin_COG	0	4
group_2461	core	3	sin_COG	0	4
group_2459	core	3	sin_COG	0	4
group_2457	core	3	sin_COG	0	4
yueG	core	3	sin_COG	0	4
group_2456	core	3	sin_COG	0	4
group_2455	core	3	sin_COG	0	4
group_2454	core	3	sin_COG	0	4
mepS	core	3	sin_COG	0	4
group_2453	core	3	sin_COG	0	4
cdgJ	core	3	sin_COG	0	4
ydgI	core	3	sin_COG	0	4
pepT	core	3	sin_COG	0	4
group_2452	core	3	sin_COG	0	4
group_2451	core	3	sin_COG	0	4
fsa	core	3	G	4	4
hisH	core	3	sin_COG	0	4
group_2450	core	3	sin_COG	0	4
csrA	core	3	sin_COG	0	4
group_2449	core	3	sin_COG	0	4
group_2446	core	3	sin_COG	0	4
group_2445	core	3	sin_COG	0	4
glyA	core	3	sin_COG	0	4
hisG	core	3	sin_COG	0	4
group_2443	core	3	sin_COG	0	4
yvkN	core	3	sin_COG	0	4
spoIIR	core	3	sin_COG	0	4
ppaX	core	3	sin_COG	0	4
secG	core	3	sin_COG	0	4
yvzC	core	3	sin_COG	0	4
group_2441	core	3	sin_COG	0	4
group_2440	core	3	sin_COG	0	4
hchA	core	3	sin_COG	0	4
group_2438	core	3	sin_COG	0	4
nifU	core	3	O	4	4
group_2437	core	3	sin_COG	0	4
group_2432	core	3	sin_COG	0	4
group_2431	core	3	sin_COG	0	4
group_2430	core	3	sin_COG	0	4
group_2428	core	3	sin_COG	0	4
group_2427	core	3	sin_COG	0	4
rho	core	3	K	4	4
modB	core	3	sin_COG	0	4
group_2426	core	3	sin_COG	0	4
liaH	core	3	sin_COG	0	4
group_2424	core	3	sin_COG	0	4
group_2423	core	3	sin_COG	0	4
eno	core	3	sin_COG	0	4
group_2421	core	3	sin_COG	0	4
yvyE	core	3	sin_COG	0	4
group_2420	core	3	sin_COG	0	4
group_2419	core	3	sin_COG	0	4
deoC	core	3	sin_COG	0	4
rpoN	core	3	sin_COG	0	4
group_2417	core	3	sin_COG	0	3
group_2416	core	3	sin_COG	0	4
group_2414	core	3	sin_COG	0	4
cssR	core	3	sin_COG	0	4
group_2413	core	3	sin_COG	0	4
group_2412	core	3	sin_COG	0	4
group_2411	core	3	sin_COG	0	4
group_2410	core	3	sin_COG	0	4
group_2409	core	3	sin_COG	0	4
tuaF	core	3	sin_COG	0	4
group_2407	core	3	sin_COG	0	4
group_2405	core	3	sin_COG	0	4
group_2403	core	3	sin_COG	0	4
group_2402	core	3	sin_COG	0	4
group_2401	core	3	sin_COG	0	4
group_2400	core	3	sin_COG	0	4
group_2399	core	3	sin_COG	0	4
group_2398	core	3	sin_COG	0	4
essB	core	3	sin_COG	0	4
group_2397	core	3	sin_COG	0	4
group_2396	core	3	sin_COG	0	4
group_2395	core	3	sin_COG	0	4
ung	core	3	sin_COG	0	4
group_2394	core	3	sin_COG	0	4
ftsE	core	3	sin_COG	0	4
group_2393	core	3	sin_COG	0	4
group_2392	core	3	sin_COG	0	4
group_2389	core	3	sin_COG	0	4
degU	core	3	K	4	4
group_2388	core	3	sin_COG	0	4
group_2387	core	3	sin_COG	0	4
flgM	core	3	sin_COG	0	4
group_2384	core	3	sin_COG	0	4
group_2383	core	3	sin_COG	0	4
group_2382	core	3	sin_COG	0	4
group_2379	core	3	sin_COG	0	4
group_2377	core	3	sin_COG	0	4
tuaD	core	3	sin_COG	0	4
group_2372	core	3	sin_COG	0	3
group_2370	core	3	sin_COG	0	4
group_2369	core	3	sin_COG	0	4
yvbW	core	3	sin_COG	0	4
yutD	core	3	sin_COG	0	4
group_2368	core	3	sin_COG	0	4
group_2365	core	3	sin_COG	0	4
group_2363	core	3	sin_COG	0	4
spoIIID	core	3	D	4	4
group_2359	core	3	sin_COG	0	4
gdhA	core	3	sin_COG	0	4
htrB	core	3	sin_COG	0	4
cwlO	core	3	sin_COG	0	4
yvrG	core	3	sin_COG	0	4
group_2357	core	3	sin_COG	0	4
yvoA	core	3	sin_COG	0	4
group_2355	core	3	sin_COG	0	4
group_2354	core	3	sin_COG	0	4
group_2353	core	3	sin_COG	0	4
group_2351	core	3	sin_COG	0	4
fumC	core	3	sin_COG	0	4
ycnE	core	3	sin_COG	0	4
group_2350	core	3	sin_COG	0	4
yukE	core	3	sin_COG	0	4
group_2349	core	3	sin_COG	0	4
ykoC	core	3	sin_COG	0	4
atpB	core	3	sin_COG	0	4
group_2344	core	3	sin_COG	0	4
ywmB	core	3	sin_COG	0	3
group_2343	core	3	sin_COG	0	4
group_2341	core	3	sin_COG	0	4
group_2340	core	3	sin_COG	0	5
group_2338	core	3	sin_COG	0	4
group_2337	core	3	sin_COG	0	4
group_2336	core	3	sin_COG	0	4
group_2335	core	3	sin_COG	0	4
group_2334	core	3	sin_COG	0	4
group_2333	core	3	sin_COG	0	4
group_2332	core	3	sin_COG	0	4
group_2331	core	3	sin_COG	0	4
group_2330	core	3	sin_COG	0	4
group_2329	core	3	sin_COG	0	4
tgl	core	3	sin_COG	0	4
group_2328	core	3	sin_COG	0	4
licB	core	3	sin_COG	0	4
group_2327	core	3	sin_COG	0	4
atpD	core	3	C	4	4
group_2326	core	3	sin_COG	0	4
rocC	core	3	sin_COG	0	4
group_2324	core	3	sin_COG	0	4
group_2323	core	3	sin_COG	0	4
group_2322	core	3	sin_COG	0	4
group_2320	core	3	sin_COG	0	4
group_2317	core	3	sin_COG	0	4
group_2316	core	3	sin_COG	0	4
ompR	core	3	sin_COG	0	4
group_2315	core	3	sin_COG	0	4
uxaC	core	3	sin_COG	0	4
srtB	core	3	sin_COG	0	4
nfsA	core	3	sin_COG	0	4
group_2311	core	3	sin_COG	0	4
group_2310	core	3	sin_COG	0	4
aspA	core	3	sin_COG	0	4
group_2308	core	3	sin_COG	0	4
group_2307	core	3	sin_COG	0	4
group_2305	core	3	sin_COG	0	4
group_2304	core	3	sin_COG	0	4
group_2302	core	3	sin_COG	0	4
tuaG	core	3	sin_COG	0	4
group_2301	core	3	sin_COG	0	4
group_2300	core	3	sin_COG	0	4
group_2299	core	3	sin_COG	0	4
group_2298	core	3	sin_COG	0	4
group_2297	core	3	sin_COG	0	4
group_2296	core	3	sin_COG	0	4
yuiB	core	3	sin_COG	0	4
group_2294	core	3	sin_COG	0	4
group_2293	core	3	sin_COG	0	4
gerA	core	3	sin_COG	0	4
lytA	core	3	sin_COG	0	4
hisF	core	3	sin_COG	0	4
group_2289	core	3	sin_COG	0	4
betB	core	3	sin_COG	0	4
group_2288	core	3	sin_COG	0	4
group_2286	core	3	sin_COG	0	4
group_2285	core	3	sin_COG	0	4
group_2284	core	3	sin_COG	0	4
group_2283	core	3	sin_COG	0	4
tpiA	core	3	sin_COG	0	4
group_2281	core	3	sin_COG	0	4
group_2280	core	3	sin_COG	0	4
ccmA	core	3	sin_COG	0	4
group_2279	core	3	sin_COG	0	4
group_2278	core	3	sin_COG	0	4
cccB	core	3	sin_COG	0	4
group_2277	core	3	sin_COG	0	4
group_2276	core	3	sin_COG	0	4
group_2275	core	3	sin_COG	0	4
group_2273	core	3	sin_COG	0	4
group_2271	core	3	sin_COG	0	4
pepA	core	3	sin_COG	0	4
group_2270	core	3	sin_COG	0	4
group_2269	core	3	sin_COG	0	4
ywdI	core	3	sin_COG	0	4
group_2267	core	3	sin_COG	0	4
group_2266	core	3	sin_COG	0	4
group_2265	core	3	sin_COG	0	4
group_2264	core	3	sin_COG	0	4
group_2263	core	3	sin_COG	0	4
fliW	core	3	sin_COG	0	4
group_2260	core	3	sin_COG	0	4
group_2259	core	3	sin_COG	0	4
group_2257	core	3	sin_COG	0	4
group_2256	core	3	sin_COG	0	4
group_2255	core	3	sin_COG	0	4
fhuC	core	3	sin_COG	0	4
atpA	core	3	C	4	4
hemQ	core	3	sin_COG	0	4
budA	core	3	sin_COG	0	4
yunB	core	3	sin_COG	0	4
group_2254	core	3	sin_COG	0	4
group_2253	core	3	sin_COG	0	4
galT	core	3	sin_COG	0	4
kduD	core	3	sin_COG	0	4
flgK	core	3	sin_COG	0	4
flaG	core	3	sin_COG	0	4
fliT	core	3	sin_COG	0	4
group_2250	core	3	sin_COG	0	4
group_2249	core	3	sin_COG	0	4
group_2247	core	3	sin_COG	0	4
group_2246	core	3	sin_COG	0	4
group_2245	core	3	sin_COG	0	4
group_2244	core	3	sin_COG	0	4
ywmA	core	3	sin_COG	0	4
group_2243	core	3	sin_COG	0	4
gpmI	core	3	sin_COG	0	4
group_2242	core	3	sin_COG	0	4
floT	core	3	sin_COG	0	4
bioB	core	3	sin_COG	0	5
group_2239	core	3	sin_COG	0	4
group_2238	core	3	sin_COG	0	4
group_2237	core	3	sin_COG	0	4
group_2236	core	3	sin_COG	0	4
group_2235	core	3	sin_COG	0	4
group_2234	core	3	sin_COG	0	4
group_2233	core	3	sin_COG	0	4
group_2232	core	3	sin_COG	0	4
group_2231	core	3	sin_COG	0	4
group_2229	core	3	sin_COG	0	4
group_2228	core	3	sin_COG	0	4
pyrG	core	3	sin_COG	0	4
group_2227	core	3	sin_COG	0	4
group_2225	core	3	sin_COG	0	4
group_2224	core	3	sin_COG	0	4
group_2223	core	3	sin_COG	0	4
group_2222	core	3	sin_COG	0	4
group_2220	core	3	sin_COG	0	4
erpA	core	3	sin_COG	0	4
group_2217	core	3	sin_COG	0	4
group_2216	core	3	sin_COG	0	4
tuaB	core	3	sin_COG	0	4
group_2215	core	3	sin_COG	0	4
group_2211	core	3	sin_COG	0	4
strF	core	3	sin_COG	0	4
group_2210	core	3	sin_COG	0	4
argS	core	3	sin_COG	0	4
group_2209	core	3	sin_COG	0	4
group_2208	core	3	sin_COG	0	4
group_2207	core	3	sin_COG	0	4
group_2204	core	3	sin_COG	0	4
group_2203	core	3	sin_COG	0	4
alsS	core	3	sin_COG	0	4
group_2202	core	3	sin_COG	0	4
group_2201	core	3	sin_COG	0	4
group_2200	core	3	sin_COG	0	4
group_2199	core	3	sin_COG	0	4
group_2198	core	3	sin_COG	0	4
yidA	core	3	sin_COG	0	4
group_2196	core	3	sin_COG	0	4
group_2195	core	3	sin_COG	0	4
group_2192	core	3	sin_COG	0	4
spo0F	core	3	D	4	4
group_2191	core	3	sin_COG	0	4
group_2190	core	3	sin_COG	0	4
cydD	core	3	sin_COG	0	4
group_2189	core	3	sin_COG	0	4
group_2188	core	3	sin_COG	0	4
group_2187	core	3	sin_COG	0	4
group_2186	core	3	sin_COG	0	4
group_2185	core	3	sin_COG	0	4
group_2183	core	3	sin_COG	0	4
group_2182	core	3	sin_COG	0	4
group_2181	core	3	sin_COG	0	4
group_2179	core	3	sin_COG	0	4
tagH	core	3	sin_COG	0	4
wecB	core	3	sin_COG	0	4
group_2178	core	3	sin_COG	0	4
metQ	core	3	sin_COG	0	4
group_2177	core	3	sin_COG	0	4
thiM	core	3	sin_COG	0	4
qoxD	core	3	sin_COG	0	4
group_2176	core	3	sin_COG	0	4
group_2175	core	3	sin_COG	0	4
group_2174	core	3	sin_COG	0	4
group_2173	core	3	sin_COG	0	4
tuaE	core	3	sin_COG	0	4
group_2171	core	3	sin_COG	0	4
lgt	core	3	sin_COG	0	4
gcvH	core	3	sin_COG	0	4
group_2168	core	3	sin_COG	0	4
yqbG	core	3	sin_COG	0	4
group_2167	core	3	sin_COG	0	4
group_2166	core	3	sin_COG	0	4
kduI	core	3	sin_COG	0	4
oatA	core	3	sin_COG	0	4
group_2163	core	3	sin_COG	0	4
speE	core	3	E	3	4
group_2161	core	3	sin_COG	0	4
group_2160	core	3	sin_COG	0	4
rbsK	core	3	sin_COG	0	4
group_2159	core	3	sin_COG	0	4
group_2158	core	3	sin_COG	0	4
tagD	core	3	M	4	4
group_2157	core	3	sin_COG	0	4
group_2156	core	3	sin_COG	0	4
group_2154	core	3	sin_COG	0	4
rbsD	core	3	sin_COG	0	4
metP	core	3	sin_COG	0	4
group_2152	core	3	sin_COG	0	4
group_2151	core	3	sin_COG	0	4
group_2149	core	3	sin_COG	0	4
group_2148	core	3	sin_COG	0	4
group_2146	core	3	sin_COG	0	4
group_2145	core	3	sin_COG	0	4
group_2143	core	3	sin_COG	0	3
group_2142	core	3	sin_COG	0	4
group_2141	core	3	sin_COG	0	4
group_2140	core	3	sin_COG	0	4
atpC	core	3	sin_COG	0	4
group_2137	core	3	sin_COG	0	4
group_2136	core	3	sin_COG	0	4
spxO	core	3	sin_COG	0	4
group_2135	core	3	sin_COG	0	4
lytR	core	3	sin_COG	0	4
doxX	core	3	sin_COG	0	4
group_2134	core	3	sin_COG	0	4
group_2133	core	3	sin_COG	0	4
group_2131	core	3	sin_COG	0	4
group_2130	core	3	sin_COG	0	4
group_2129	core	3	sin_COG	0	4
group_2128	core	3	sin_COG	0	4
group_2127	core	3	sin_COG	0	4
qoxB	core	3	sin_COG	0	4
group_2125	core	3	sin_COG	0	4
group_2124	core	3	sin_COG	0	4
mcpA	core	3	sin_COG	0	4
group_2123	core	3	sin_COG	0	4
uvrB	core	3	sin_COG	0	4
group_2121	core	3	sin_COG	0	4
group_2120	core	3	sin_COG	0	4
mcpB	core	3	sin_COG	0	4
group_2118	core	3	sin_COG	0	4
nhaK	core	3	sin_COG	0	4
fliS	core	3	sin_COG	0	4
rghR	core	3	sin_COG	0	4
group_2117	core	3	sin_COG	0	4
rfbD	core	3	sin_COG	0	4
dapF	core	3	sin_COG	0	4
group_2116	core	3	sin_COG	0	4
group_2115	core	3	sin_COG	0	4
group_2114	core	3	sin_COG	0	4
group_2113	core	3	sin_COG	0	4
group_2112	core	3	sin_COG	0	4
group_2111	core	3	sin_COG	0	4
fbaA	core	3	G	4	4
tuaC	core	3	sin_COG	0	4
group_2108	core	3	sin_COG	0	4
group_2107	core	3	sin_COG	0	4
group_2106	core	3	sin_COG	0	4
group_2105	core	3	sin_COG	0	4
group_2104	core	3	sin_COG	0	4
yxlD	core	3	sin_COG	0	4
group_2103	core	3	sin_COG	0	4
group_2102	core	3	sin_COG	0	4
group_2101	core	3	sin_COG	0	4
group_2100	core	3	sin_COG	0	4
nhaC	core	3	sin_COG	0	4
group_2099	core	3	sin_COG	0	4
group_2097	core	3	sin_COG	0	4
atpG	core	3	sin_COG	0	4
group_2096	core	3	sin_COG	0	4
lytC	core	3	sin_COG	0	4
ywpJ	core	3	sin_COG	0	4
group_2094	core	3	sin_COG	0	4
group_2093	core	3	sin_COG	0	4
group_2092	core	3	sin_COG	0	4
group_2089	core	3	sin_COG	0	4
rnr	core	3	sin_COG	0	4
group_2088	core	3	sin_COG	0	4
prtV	core	3	sin_COG	0	4
group_2083	core	3	sin_COG	0	4
speB	core	3	sin_COG	0	4
group_2080	core	3	sin_COG	0	4
copZ	core	3	sin_COG	0	4
group_2078	core	3	sin_COG	0	4
cydC	core	3	sin_COG	0	4
group_2077	core	3	sin_COG	0	4
isdC	core	3	sin_COG	0	4
group_2076	core	3	sin_COG	0	4
secA	core	3	U	3	4
group_2074	core	3	sin_COG	0	4
group_2073	core	3	sin_COG	0	4
modA	core	3	sin_COG	0	4
group_2072	core	3	sin_COG	0	4
group_2071	core	3	sin_COG	0	4
group_2070	core	3	sin_COG	0	4
group_2069	core	3	sin_COG	0	4
group_2065	core	3	sin_COG	0	4
group_2064	core	3	sin_COG	0	4
group_2063	core	3	sin_COG	0	4
group_2062	core	3	sin_COG	0	4
uvrA	core	3	sin_COG	0	4
group_2061	core	3	sin_COG	0	4
group_2060	core	3	sin_COG	0	4
esaA	core	3	sin_COG	0	4
group_2058	core	3	sin_COG	0	4
group_2057	core	3	sin_COG	0	4
isdE	core	3	sin_COG	0	4
cidR	core	3	sin_COG	0	4
fabZ	core	3	sin_COG	0	4
alsR	core	3	sin_COG	0	4
comF	core	3	sin_COG	0	4
group_2052	core	3	sin_COG	0	4
group_2049	core	3	sin_COG	0	4
ftsX	core	3	sin_COG	0	4
sigY	core	3	sin_COG	0	4
group_2047	core	3	sin_COG	0	5
essC	core	3	sin_COG	0	4
group_2046	core	3	sin_COG	0	4
garR	core	3	sin_COG	0	4
yhcX	core	3	R	4	4
group_2042	core	3	sin_COG	0	4
group_2041	core	3	sin_COG	0	4
group_2040	core	3	sin_COG	0	4
group_2039	core	3	sin_COG	0	4
group_2038	core	3	sin_COG	0	4
group_2037	core	3	sin_COG	0	4
group_2036	core	3	sin_COG	0	4
group_2035	core	3	sin_COG	0	4
group_2034	core	3	sin_COG	0	4
group_2033	core	3	sin_COG	0	4
yhdB	core	3	sin_COG	0	4
group_2032	core	3	sin_COG	0	4
group_2031	core	3	sin_COG	0	4
group_2030	core	3	sin_COG	0	4
group_2029	core	3	sin_COG	0	4
glpD	core	3	sin_COG	0	4
group_2027	core	3	sin_COG	0	4
group_2024	core	3	sin_COG	0	4
group_2023	core	3	sin_COG	0	4
group_2022	core	3	sin_COG	0	4
group_2021	core	3	sin_COG	0	4
trmL	core	3	sin_COG	0	4
group_2019	core	3	sin_COG	0	4
group_2015	core	3	sin_COG	0	4
group_2014	core	3	sin_COG	0	4
group_2013	core	3	sin_COG	0	4
group_2011	core	3	sin_COG	0	4
queG	core	3	sin_COG	0	4
group_2009	core	3	sin_COG	0	4
yhbH	core	3	sin_COG	0	4
dat	core	3	sin_COG	0	4
group_2003	core	3	sin_COG	0	4
senS	core	3	sin_COG	0	4
group_2001	core	3	sin_COG	0	4
cspB	core	3	K	4	4
yhcN	core	3	sin_COG	0	4
group_1996	core	3	sin_COG	0	4
ecsA	core	3	sin_COG	0	4
group_1995	core	3	sin_COG	0	4
group_1994	core	3	sin_COG	0	4
group_1993	core	3	sin_COG	0	4
group_1992	core	3	sin_COG	0	4
group_1991	core	3	sin_COG	0	4
group_1990	core	3	sin_COG	0	4
group_1987	core	3	sin_COG	0	4
yhcR	core	3	sin_COG	0	4
gerQ	core	3	sin_COG	0	4
group_1986	core	3	sin_COG	0	4
group_1985	core	3	sin_COG	0	4
group_1980	core	3	sin_COG	0	4
nsrR	core	3	sin_COG	0	4
glpK	core	3	sin_COG	0	4
yhdX	core	3	sin_COG	0	2
group_1961	core	3	sin_COG	0	4
group_1958	core	3	sin_COG	0	4
group_1957	core	3	sin_COG	0	4
ywnA	core	3	sin_COG	0	4
group_1956	core	3	sin_COG	0	4
group_1955	core	3	sin_COG	0	4
group_1953	core	3	sin_COG	0	4
rsoA	core	3	sin_COG	0	4
group_1952	core	3	sin_COG	0	4
group_1946	core	3	sin_COG	0	6
cgeC	core	3	sin_COG	0	3
group_1943	core	3	sin_COG	0	4
group_1942	core	3	sin_COG	0	4
group_1940	core	3	sin_COG	0	4
group_1939	core	3	sin_COG	0	4
group_1938	core	3	sin_COG	0	5
sigV	core	3	sin_COG	0	4
group_1935	core	3	sin_COG	0	4
sigO	core	3	sin_COG	0	5
group_1933	core	3	sin_COG	0	4
group_1932	core	3	sin_COG	0	4
cgeA	core	3	sin_COG	0	4
group_1930	core	3	sin_COG	0	4
group_1928	core	3	sin_COG	0	4
group_1925	core	3	sin_COG	0	4
group_1921	core	3	sin_COG	0	4
group_1917	core	3	sin_COG	0	4
pbuE	core	3	sin_COG	0	4
group_1914	core	3	sin_COG	0	4
group_1912	core	3	sin_COG	0	4
group_1911	core	3	sin_COG	0	4
group_1908	core	3	sin_COG	0	4
group_1905	core	3	sin_COG	0	4
group_1904	core	3	sin_COG	0	4
group_1903	core	3	sin_COG	0	4
group_1902	core	3	sin_COG	0	4
flgG	core	3	sin_COG	0	4
yodF	core	3	sin_COG	0	4
group_1899	core	3	sin_COG	0	4
group_1897	core	3	sin_COG	0	4
group_1896	core	3	sin_COG	0	4
group_1893	core	3	sin_COG	0	4
tetR~~~yvdT	core	3	sin_COG	0	4
group_1892	core	3	sin_COG	0	4
group_1890	core	3	sin_COG	0	4
group_1889	core	3	sin_COG	0	5
group_1887	core	3	sin_COG	0	4
yneQ	core	3	sin_COG	0	4
group_1886	core	3	sin_COG	0	4
vanZ	core	3	sin_COG	0	4
group_1881	core	3	sin_COG	0	4
ydfB	core	3	sin_COG	0	4
tsaB	core	3	sin_COG	0	4
group_1880	core	3	sin_COG	0	4
group_1879	core	3	sin_COG	0	4
group_1878	core	3	sin_COG	0	4
mobB	core	3	sin_COG	0	4
group_1876	core	3	sin_COG	0	4
group_1875	core	3	sin_COG	0	4
group_1874	core	3	sin_COG	0	5
group_1873	core	3	sin_COG	0	4
group_1872	core	3	sin_COG	0	4
group_1871	core	3	sin_COG	0	4
group_1870	core	3	sin_COG	0	4
group_1869	core	3	sin_COG	0	4
group_1866	core	3	sin_COG	0	4
group_1865	core	3	sin_COG	0	4
group_1864	core	3	sin_COG	0	4
group_1863	core	3	sin_COG	0	4
group_1862	core	3	sin_COG	0	4
group_1861	core	3	sin_COG	0	4
group_1860	core	3	sin_COG	0	4
group_1859	core	3	sin_COG	0	4
group_1857	core	3	sin_COG	0	4
ygaY	core	3	sin_COG	0	4
group_1855	core	3	sin_COG	0	4
group_1852	core	3	sin_COG	0	4
group_1850	core	3	sin_COG	0	4
mhqR	core	3	sin_COG	0	4
acuA	core	3	sin_COG	0	4
group_1848	core	3	sin_COG	0	4
group_1845	core	3	sin_COG	0	4
group_1844	core	3	sin_COG	0	4
putP	core	3	sin_COG	0	4
group_1843	core	3	sin_COG	0	4
group_1840	core	3	sin_COG	0	4
azlD	core	3	sin_COG	0	4
queD	core	3	sin_COG	0	4
group_1838	core	3	sin_COG	0	4
yrdN	core	3	sin_COG	0	4
group_1836	core	3	sin_COG	0	4
group_1835	core	3	sin_COG	0	4
group_1834	core	3	sin_COG	0	5
group_1833	core	3	sin_COG	0	4
flgD	core	3	sin_COG	0	4
group_1831	core	3	sin_COG	0	4
group_1830	core	3	sin_COG	0	4
group_1829	core	3	sin_COG	0	4
mgsA	core	3	sin_COG	0	4
group_1828	core	3	sin_COG	0	4
group_1825	core	3	sin_COG	0	4
yodI	core	3	sin_COG	0	4
group_1823	core	3	sin_COG	0	4
group_1822	core	3	sin_COG	0	4
panB	core	3	sin_COG	0	5
group_1819	core	3	sin_COG	0	4
group_1818	core	3	sin_COG	0	3
group_1817	core	3	sin_COG	0	4
group_1814	core	3	sin_COG	0	4
group_1813	core	3	sin_COG	0	4
yojE	core	3	sin_COG	0	4
group_1812	core	3	sin_COG	0	4
yclQ	core	3	sin_COG	0	4
thpR	core	3	sin_COG	0	4
group_1811	core	3	sin_COG	0	4
htrA	core	3	sin_COG	0	4
group_1810	core	3	sin_COG	0	4
group_1809	core	3	sin_COG	0	4
group_1808	core	3	sin_COG	0	4
group_1807	core	3	sin_COG	0	4
group_1806	core	3	sin_COG	0	4
group_1803	core	3	sin_COG	0	4
group_1802	core	3	sin_COG	0	4
group_1801	core	3	sin_COG	0	4
coaE	core	3	sin_COG	0	4
trpC	core	3	sin_COG	0	4
group_1800	core	3	sin_COG	0	4
group_1799	core	3	sin_COG	0	4
group_1798	core	3	sin_COG	0	4
group_1796	core	3	sin_COG	0	4
group_1795	core	3	sin_COG	0	4
group_1793	core	3	sin_COG	0	4
group_1792	core	3	sin_COG	0	4
ypzI	core	3	sin_COG	0	4
cotG	core	3	sin_COG	0	4
group_1787	core	3	sin_COG	0	4
group_1786	core	3	sin_COG	0	4
group_1785	core	3	sin_COG	0	5
group_1782	core	3	sin_COG	0	4
group_1781	core	3	sin_COG	0	4
aprX	core	3	sin_COG	0	4
group_1779	core	3	sin_COG	0	4
group_1778	core	3	sin_COG	0	4
group_1777	core	3	sin_COG	0	4
dltC	core	3	sin_COG	0	4
group_1772	core	3	sin_COG	0	4
cmpR	core	3	sin_COG	0	4
group_1770	core	3	sin_COG	0	4
fadH	core	3	sin_COG	0	4
group_1769	core	3	sin_COG	0	4
group_1768	core	3	sin_COG	0	4
group_1767	core	3	sin_COG	0	4
group_1763	core	3	sin_COG	0	4
group_1762	core	3	sin_COG	0	4
group_1761	core	3	sin_COG	0	4
yfmH	core	3	sin_COG	0	4
tseB	core	3	sin_COG	0	4
group_1760	core	3	sin_COG	0	4
group_1759	core	3	sin_COG	0	4
group_1758	core	3	sin_COG	0	4
group_1757	core	3	sin_COG	0	4
group_1755	core	3	sin_COG	0	4
group_1753	core	3	sin_COG	0	4
group_1751	core	3	sin_COG	0	4
group_1749	core	3	sin_COG	0	4
group_1748	core	3	sin_COG	0	4
group_1747	core	3	sin_COG	0	4
group_1746	core	3	sin_COG	0	4
lutA	core	3	sin_COG	0	4
group_1744	core	3	sin_COG	0	4
mce	core	3	sin_COG	0	4
group_1743	core	3	sin_COG	0	4
group_1742	core	3	sin_COG	0	4
group_1741	core	3	sin_COG	0	4
group_1739	core	3	sin_COG	0	4
group_1737	core	3	sin_COG	0	4
group_1736	core	3	sin_COG	0	4
group_1735	core	3	sin_COG	0	4
group_1734	core	3	sin_COG	0	3
ablB	core	3	sin_COG	0	4
group_1731	core	3	sin_COG	0	4
group_1730	core	3	sin_COG	0	4
group_1728	core	3	sin_COG	0	4
group_1727	core	3	sin_COG	0	4
group_1726	core	3	sin_COG	0	4
xynA	core	3	sin_COG	0	4
group_1725	core	3	sin_COG	0	4
group_1723	core	3	sin_COG	0	4
group_1721	core	3	sin_COG	0	4
ymfI	core	3	sin_COG	0	4
rihB	core	3	sin_COG	0	4
group_1720	core	3	sin_COG	0	4
group_1719	core	3	sin_COG	0	4
group_1718	core	3	sin_COG	0	4
group_1714	core	3	sin_COG	0	4
group_1710	core	3	sin_COG	0	4
group_1709	core	3	sin_COG	0	4
group_1708	core	3	sin_COG	0	4
group_1707	core	3	sin_COG	0	4
group_1705	core	3	sin_COG	0	5
group_1703	core	3	sin_COG	0	4
group_1702	core	3	sin_COG	0	5
group_1701	core	3	sin_COG	0	3
yodN	core	3	sin_COG	0	4
group_1697	core	3	sin_COG	0	4
group_1696	core	3	sin_COG	0	4
group_1694	core	3	sin_COG	0	4
group_1693	core	3	sin_COG	0	4
group_1691	core	3	sin_COG	0	4
ybeY	core	3	sin_COG	0	4
group_1689	core	3	sin_COG	0	5
group_1688	core	3	sin_COG	0	4
group_1687	core	3	sin_COG	0	4
lipM	core	3	sin_COG	0	4
group_1686	core	3	sin_COG	0	4
group_1685	core	3	sin_COG	0	4
group_1684	core	3	sin_COG	0	4
group_1683	core	3	sin_COG	0	4
thiL	core	3	sin_COG	0	4
group_1681	core	3	sin_COG	0	4
group_1680	core	3	sin_COG	0	4
spoIIIAA	core	3	sin_COG	0	4
group_1678	core	3	sin_COG	0	4
group_1677	core	3	sin_COG	0	4
group_1676	core	3	sin_COG	0	4
group_1675	core	3	sin_COG	0	4
group_1674	core	3	sin_COG	0	4
group_1673	core	3	sin_COG	0	4
group_1672	core	3	sin_COG	0	4
nadD	core	3	sin_COG	0	4
group_1671	core	3	sin_COG	0	4
group_1670	core	3	sin_COG	0	4
group_1668	core	3	sin_COG	0	4
group_1666	core	3	sin_COG	0	4
group_1665	core	3	sin_COG	0	4
group_1664	core	3	sin_COG	0	4
group_1663	core	3	sin_COG	0	4
group_1662	core	3	sin_COG	0	4
group_1661	core	3	sin_COG	0	4
group_1660	core	3	sin_COG	0	4
group_1659	core	3	sin_COG	0	4
pgeF	core	3	sin_COG	0	4
tcyK	core	3	sin_COG	0	4
group_1657	core	3	sin_COG	0	4
group_1650	core	3	sin_COG	0	4
group_1649	core	3	sin_COG	0	4
group_1648	core	3	sin_COG	0	4
group_1646	core	3	sin_COG	0	4
ymfM	core	3	sin_COG	0	4
group_1645	core	3	sin_COG	0	4
group_1644	core	3	sin_COG	0	4
nadB	core	3	sin_COG	0	4
group_1641	core	3	sin_COG	0	4
group_1640	core	3	sin_COG	0	4
group_1638	core	3	sin_COG	0	4
group_1637	core	3	sin_COG	0	4
group_1636	core	3	sin_COG	0	4
mtnN	core	3	sin_COG	0	4
group_1634	core	3	sin_COG	0	4
pyrF	core	3	sin_COG	0	4
group_1633	core	3	sin_COG	0	4
group_1631	core	3	sin_COG	0	4
gudB	core	3	sin_COG	0	4
group_1630	core	3	sin_COG	0	4
acuC	core	3	sin_COG	0	4
group_1628	core	3	sin_COG	0	4
rimI	core	3	sin_COG	0	4
group_1627	core	3	sin_COG	0	4
group_1626	core	3	sin_COG	0	4
spoVE	core	3	D	4	4
group_1624	core	3	sin_COG	0	4
yqkK	core	3	sin_COG	0	4
group_1618	core	3	sin_COG	0	4
mtnW	core	3	sin_COG	0	4
yknY	core	3	sin_COG	0	4
group_1616	core	3	sin_COG	0	4
group_1615	core	3	sin_COG	0	4
group_1613	core	3	sin_COG	0	4
group_1612	core	3	sin_COG	0	4
group_1611	core	3	sin_COG	0	4
spoVID	core	3	sin_COG	0	4
group_1610	core	3	sin_COG	0	4
group_1608	core	3	sin_COG	0	4
fliH	core	3	sin_COG	0	4
yheN	core	3	sin_COG	0	4
yvbU	core	3	sin_COG	0	4
xylB	core	3	sin_COG	0	4
group_1607	core	3	sin_COG	0	4
group_1606	core	3	sin_COG	0	4
rocR	core	3	sin_COG	0	4
glcU	core	3	sin_COG	0	4
group_1603	core	3	sin_COG	0	4
group_1601	core	3	sin_COG	0	4
group_1600	core	3	sin_COG	0	4
gltB	core	3	sin_COG	0	4
group_1599	core	3	sin_COG	0	3
leuB	core	3	sin_COG	0	4
group_1595	core	3	sin_COG	0	4
mraZ	core	3	J	4	4
ytnP	core	3	sin_COG	0	4
mutS2	core	3	sin_COG	0	4
group_1594	core	3	sin_COG	0	4
group_1593	core	3	sin_COG	0	4
group_1591	core	3	sin_COG	0	4
group_1590	core	3	sin_COG	0	4
group_1589	core	3	sin_COG	0	4
group_1588	core	3	sin_COG	0	4
group_1585	core	3	sin_COG	0	4
group_1584	core	3	sin_COG	0	4
group_1583	core	3	sin_COG	0	4
yprB	core	3	sin_COG	0	4
group_1582	core	3	sin_COG	0	4
group_1581	core	3	sin_COG	0	4
sspO	core	3	sin_COG	0	4
dksA	core	3	sin_COG	0	3
group_1580	core	3	sin_COG	0	4
group_1543	core	3	sin_COG	0	4
sspM	core	3	sin_COG	0	4
group_1536	core	3	sin_COG	0	4
group_1535	core	3	sin_COG	0	4
group_1534	core	3	sin_COG	0	1
group_1531	core	3	sin_COG	0	4
group_1527	core	3	sin_COG	0	1
group_1525	core	3	sin_COG	0	4
group_1524	core	3	sin_COG	0	4
group_1523	core	3	sin_COG	0	4
group_1521	core	3	sin_COG	0	4
ykpC	core	3	sin_COG	0	4
group_1518	core	3	sin_COG	0	4
group_1513	core	3	sin_COG	0	3
yqzL	core	3	sin_COG	0	4
sspN	core	3	sin_COG	0	4
yjcZ	core	3	sin_COG	0	4
sspP	core	3	sin_COG	0	4
sspK	core	3	sin_COG	0	4
group_1502	core	3	sin_COG	0	3
group_1497	core	3	sin_COG	0	4
group_1493	core	3	sin_COG	0	4
yisI	core	3	sin_COG	0	4
group_1487	core	3	sin_COG	0	3
fbpA	core	3	sin_COG	0	4
yvrJ	core	3	sin_COG	0	4
group_1483	core	3	sin_COG	0	1
group_1481	core	3	sin_COG	0	4
group_1479	core	3	sin_COG	0	4
group_1478	core	3	sin_COG	0	4
yozD	core	3	sin_COG	0	4
group_1477	core	3	sin_COG	0	3
rpsU	core	3	J	4	4
rpmF	core	3	sin_COG	0	4
group_1472	core	3	sin_COG	0	4
ypzG	core	3	sin_COG	0	4
group_1469	core	3	sin_COG	0	4
group_1468	core	3	sin_COG	0	4
group_1463	core	3	sin_COG	0	4
yjzC	core	3	sin_COG	0	4
tatA	core	3	sin_COG	0	4
group_1462	core	3	sin_COG	0	4
ypfB	core	3	sin_COG	0	4
group_1461	core	3	sin_COG	0	4
degR	core	3	sin_COG	0	4
group_1460	core	3	sin_COG	0	4
ytzJ	core	3	sin_COG	0	4
group_1456	core	3	sin_COG	0	4
yszA	core	3	sin_COG	0	4
ykvS	core	3	S	4	4
group_1446	core	3	sin_COG	0	4
abbA	core	3	sin_COG	0	4
group_1445	core	3	sin_COG	0	4
yfjT	core	3	sin_COG	0	4
group_1443	core	3	sin_COG	0	1
ypzH	core	3	sin_COG	0	4
group_1441	core	3	sin_COG	0	4
group_1440	core	3	sin_COG	0	4
group_1439	core	3	sin_COG	0	4
group_1438	core	3	sin_COG	0	4
ypmT	core	3	sin_COG	0	4
group_1437	core	3	sin_COG	0	4
rpmI	core	3	J	4	4
group_1434	core	3	sin_COG	0	4
cspD	core	3	K	4	4
group_1433	core	3	sin_COG	0	4
group_1432	core	3	sin_COG	0	4
group_1431	core	3	sin_COG	0	4
spoIIIAC	core	3	D	4	4
rpoY	core	3	sin_COG	0	4
yheE	core	3	sin_COG	0	4
group_1422	core	3	sin_COG	0	4
group_1421	core	3	sin_COG	0	4
flbD	core	3	sin_COG	0	4
group_1419	core	3	sin_COG	0	4
group_1418	core	3	sin_COG	0	4
yneF	core	3	sin_COG	0	4
group_1417	core	3	sin_COG	0	4
ytzE	core	3	G	4	4
sspI	core	3	sin_COG	0	4
group_1412	core	3	sin_COG	0	4
group_1411	core	3	sin_COG	0	4
group_1408	core	3	sin_COG	0	4
group_1407	core	3	sin_COG	0	4
yfhS	core	3	sin_COG	0	4
group_1405	core	3	sin_COG	0	2
group_1403	core	3	sin_COG	0	4
group_1402	core	3	sin_COG	0	4
group_1401	core	3	sin_COG	0	1
mtrB	core	3	sin_COG	0	4
group_1400	core	3	sin_COG	0	4
group_1399	core	3	sin_COG	0	4
ybyB	core	3	sin_COG	0	4
moaD	core	3	sin_COG	0	4
group_1396	core	3	sin_COG	0	4
group_1395	core	3	sin_COG	0	4
group_1393	core	3	sin_COG	0	4
group_1392	core	3	sin_COG	0	4
cotD	core	3	sin_COG	0	4
group_1391	core	3	sin_COG	0	4
group_1390	core	3	sin_COG	0	4
group_1387	core	3	sin_COG	0	4
group_1385	core	3	sin_COG	0	4
group_1384	core	3	sin_COG	0	4
ykuJ	core	3	S	4	4
group_1383	core	3	sin_COG	0	4
tlp	core	3	sin_COG	0	4
fer	core	3	C	4	4
purS	core	3	F	2	4
zapA	core	3	sin_COG	0	4
group_1371	core	3	sin_COG	0	4
xseB	core	3	sin_COG	0	4
group_1370	core	3	sin_COG	0	4
spoVS	core	3	S	4	4
group_1363	core	3	sin_COG	0	4
yajC	core	3	sin_COG	0	4
yrzL	core	3	S	4	4
rpsT	core	3	sin_COG	0	4
ptsH	core	3	G	3	4
rpsO	core	3	J	4	4
fliQ	core	3	sin_COG	0	4
group_1360	core	3	sin_COG	0	4
group_1358	core	3	sin_COG	0	4
group_1357	core	3	sin_COG	0	4
group_1356	core	3	sin_COG	0	4
group_1354	core	3	sin_COG	0	4
hbs	core	3	B	4	4
group_1353	core	3	sin_COG	0	4
group_1352	core	3	sin_COG	0	4
group_1351	core	3	sin_COG	0	4
yqfC	core	3	sin_COG	0	4
group_1349	core	3	sin_COG	0	4
yokU	core	3	sin_COG	0	4
ylaN	core	3	S	4	4
group_1348	core	3	sin_COG	0	4
rpmA	core	3	sin_COG	0	4
group_1347	core	3	sin_COG	0	4
rnpM	core	3	sin_COG	0	4
groES	core	3	O	4	4
group_1344	core	3	sin_COG	0	4
yhbY	core	3	sin_COG	0	4
gatC	core	3	sin_COG	0	4
group_1339	core	3	sin_COG	0	4
group_1338	core	3	sin_COG	0	4
comN	core	3	sin_COG	0	4
ytpI	core	3	sin_COG	0	4
ylxQ	core	3	sin_COG	0	4
gpsB	core	3	sin_COG	0	4
group_1330	core	3	sin_COG	0	4
rplU	core	3	sin_COG	0	4
spoIIIAD	core	3	sin_COG	0	4
group_1328	core	3	sin_COG	0	4
group_1325	core	3	sin_COG	0	4
yneA	core	3	sin_COG	0	4
group_1322	core	3	sin_COG	0	4
group_1321	core	3	sin_COG	0	4
group_1320	core	3	sin_COG	0	4
group_1319	core	3	sin_COG	0	4
group_1318	core	3	sin_COG	0	4
ytxJ	core	3	sin_COG	0	4
group_1314	core	3	sin_COG	0	4
group_1310	core	3	sin_COG	0	4
ynfA	core	3	sin_COG	0	4
group_1309	core	3	sin_COG	0	4
ctaF	core	3	sin_COG	0	4
group_1308	core	3	sin_COG	0	4
group_1307	core	3	sin_COG	0	4
group_1306	core	3	sin_COG	0	4
group_1303	core	3	sin_COG	0	4
yodB	core	3	sin_COG	0	4
csaA	core	3	sin_COG	0	4
group_1300	core	3	sin_COG	0	4
group_1297	core	3	sin_COG	0	4
group_1295	core	3	sin_COG	0	4
ytrH	core	3	sin_COG	0	4
group_1291	core	3	sin_COG	0	4
ykkC	core	3	sin_COG	0	4
group_1286	core	3	sin_COG	0	4
ftsL	core	3	sin_COG	0	4
group_1285	core	3	sin_COG	0	4
spoVAE	core	3	sin_COG	0	4
group_1282	core	3	sin_COG	0	4
rbfA	core	3	sin_COG	0	4
group_1280	core	3	sin_COG	0	4
spoIIAA	core	3	sin_COG	0	4
ribT	core	3	sin_COG	0	4
rsfS	core	3	sin_COG	0	4
group_1276	core	3	sin_COG	0	4
rplT	core	3	J	4	4
cccA	core	3	sin_COG	0	4
group_1270	core	3	sin_COG	0	4
cheY	core	3	sin_COG	0	4
yhjD	core	3	sin_COG	0	4
group_1266	core	3	sin_COG	0	4
group_1265	core	3	sin_COG	0	4
group_1264	core	3	sin_COG	0	4
group_1263	core	3	sin_COG	0	4
hxlR	core	3	sin_COG	0	4
group_1259	core	3	sin_COG	0	4
group_1258	core	3	sin_COG	0	4
group_1257	core	3	sin_COG	0	4
group_1251	core	3	sin_COG	0	4
speD	core	3	sin_COG	0	4
aroH	core	3	sin_COG	0	4
group_1247	core	3	sin_COG	0	4
group_1245	core	3	sin_COG	0	4
group_1241	core	3	sin_COG	0	4
group_1239	core	3	sin_COG	0	4
group_1238	core	3	sin_COG	0	4
yqhP	core	3	sin_COG	0	4
nusB	core	3	sin_COG	0	4
group_1236	core	3	sin_COG	0	4
spxA	core	3	sin_COG	0	4
group_1234	core	3	sin_COG	0	4
group_1231	core	3	sin_COG	0	4
yjbI	core	3	sin_COG	0	4
group_1222	core	3	sin_COG	0	4
ysdB	core	3	sin_COG	0	4
group_1220	core	3	sin_COG	0	4
panD	core	3	sin_COG	0	4
group_1219	core	3	sin_COG	0	4
catD	core	3	sin_COG	0	4
group_1214	core	3	sin_COG	0	4
ytxG	core	3	sin_COG	0	4
ruvX	core	3	sin_COG	0	4
group_1213	core	3	sin_COG	0	4
group_1212	core	3	sin_COG	0	4
group_1208	core	3	sin_COG	0	4
group_1207	core	3	sin_COG	0	4
cymR	core	3	sin_COG	0	4
group_1206	core	3	sin_COG	0	4
group_1204	core	3	sin_COG	0	4
group_1203	core	3	sin_COG	0	4
group_1200	core	3	sin_COG	0	4
group_1199	core	3	sin_COG	0	4
fliL	core	3	sin_COG	0	4
group_1198	core	3	sin_COG	0	4
group_1197	core	3	sin_COG	0	4
group_1193	core	3	sin_COG	0	4
msrB	core	3	sin_COG	0	4
group_1192	core	3	sin_COG	0	4
mntR	core	3	K	4	4
group_1191	core	3	sin_COG	0	4
group_1190	core	3	sin_COG	0	4
group_1189	core	3	sin_COG	0	4
group_1185	core	3	sin_COG	0	4
ppiB	core	3	O	4	4
group_1183	core	3	sin_COG	0	4
spoIIAB	core	3	sin_COG	0	4
yszB	core	3	sin_COG	0	4
dtd	core	3	sin_COG	0	4
aroQ	core	3	sin_COG	0	4
fliJ	core	3	sin_COG	0	4
cbpB	core	3	sin_COG	0	4
group_1178	core	3	sin_COG	0	4
ytoQ	core	3	sin_COG	0	4
ndk	core	3	sin_COG	0	4
sirA	core	3	sin_COG	0	4
group_1177	core	3	sin_COG	0	4
group_1176	core	3	sin_COG	0	4
group_1174	core	3	sin_COG	0	4
ahrC	core	3	sin_COG	0	4
yfmQ	core	3	sin_COG	0	4
group_1173	core	3	sin_COG	0	4
ytfJ	core	3	sin_COG	0	4
group_1172	core	3	sin_COG	0	4
fur	core	3	P	4	4
spoVAC	core	3	sin_COG	0	4
group_1168	core	3	sin_COG	0	4
group_1163	core	3	sin_COG	0	4
nrdR	core	3	K	3	4
sepF	core	3	sin_COG	0	4
group_1159	core	3	sin_COG	0	4
group_1158	core	3	sin_COG	0	4
group_1157	core	3	sin_COG	0	4
group_1155	core	3	sin_COG	0	4
group_1154	core	3	sin_COG	0	4
group_1153	core	3	sin_COG	0	4
group_1152	core	3	sin_COG	0	4
infC	core	3	J	4	4
cheW	core	3	sin_COG	0	4
group_1151	core	3	sin_COG	0	4
lspA	core	3	sin_COG	0	4
group_1148	core	3	sin_COG	0	4
bcp	core	3	sin_COG	0	4
group_1147	core	3	sin_COG	0	4
ytxH	core	3	sin_COG	0	4
group_1145	core	3	sin_COG	0	4
group_1144	core	3	sin_COG	0	4
greA	core	3	sin_COG	0	4
gerT	core	3	sin_COG	0	4
group_1143	core	3	sin_COG	0	4
rimP	core	3	sin_COG	0	4
yjgM	core	3	sin_COG	0	4
ytkD	core	3	sin_COG	0	4
group_1140	core	3	sin_COG	0	4
hosA	core	3	sin_COG	0	4
group_1139	core	3	sin_COG	0	4
tsaE	core	3	sin_COG	0	4
group_1136	core	3	sin_COG	0	4
group_1135	core	3	sin_COG	0	4
group_1134	core	3	sin_COG	0	4
group_1133	core	3	sin_COG	0	4
marR	core	3	sin_COG	0	4
ybaK	core	3	sin_COG	0	4
accB	core	3	sin_COG	0	4
group_1130	core	3	sin_COG	0	4
coaD	core	3	sin_COG	0	4
group_1128	core	3	sin_COG	0	4
group_1124	core	3	sin_COG	0	4
group_1123	core	3	sin_COG	0	4
group_1119	core	3	sin_COG	0	4
group_1118	core	3	sin_COG	0	4
folA	core	3	sin_COG	0	4
group_1117	core	3	sin_COG	0	4
group_1116	core	3	sin_COG	0	4
group_1114	core	3	sin_COG	0	4
group_1113	core	3	sin_COG	0	4
yajQ	core	3	sin_COG	0	4
moaC	core	3	sin_COG	0	4
divIVA	core	3	D	4	4
stoA	core	3	sin_COG	0	4
group_1110	core	3	sin_COG	0	4
queF	core	3	sin_COG	0	4
tpx	core	3	sin_COG	0	4
group_1109	core	3	sin_COG	0	4
group_1108	core	3	sin_COG	0	4
cheD	core	3	sin_COG	0	4
ytrI	core	3	sin_COG	0	4
group_1104	core	3	sin_COG	0	4
group_1103	core	3	sin_COG	0	4
group_1102	core	3	sin_COG	0	4
group_1101	core	3	sin_COG	0	4
group_1099	core	3	sin_COG	0	4
ykuD	core	3	sin_COG	0	4
group_1098	core	3	sin_COG	0	4
group_1097	core	3	sin_COG	0	4
apt	core	3	F	4	4
group_1096	core	3	sin_COG	0	4
yrdA	core	3	sin_COG	0	4
spoIIIAB	core	3	sin_COG	0	4
group_1094	core	3	sin_COG	0	4
ilvN	core	3	sin_COG	0	4
mreD	core	3	sin_COG	0	4
group_1091	core	3	sin_COG	0	4
group_1087	core	3	sin_COG	0	4
group_1084	core	3	sin_COG	0	4
perR	core	3	sin_COG	0	4
group_1083	core	3	sin_COG	0	4
group_1081	core	3	sin_COG	0	4
group_1079	core	3	sin_COG	0	4
yqhR	core	3	sin_COG	0	4
group_1078	core	3	sin_COG	0	4
bstA	core	3	sin_COG	0	4
group_1077	core	3	sin_COG	0	4
resA	core	3	sin_COG	0	4
group_1075	core	3	sin_COG	0	4
group_1074	core	3	sin_COG	0	4
cvpA	core	3	sin_COG	0	4
msrA	core	3	sin_COG	0	4
group_1071	core	3	sin_COG	0	4
bslA	core	3	sin_COG	0	4
group_1070	core	3	sin_COG	0	4
nadR	core	3	sin_COG	0	4
reoY	core	3	sin_COG	0	4
group_1067	core	3	sin_COG	0	4
group_1066	core	3	sin_COG	0	4
gerR	core	3	sin_COG	0	4
group_1063	core	3	sin_COG	0	4
iseA	core	3	sin_COG	0	4
pyrR	core	3	sin_COG	0	4
ahpA	core	3	V	4	4
cotE	core	3	D	4	4
group_1055	core	3	sin_COG	0	4
rsmD	core	3	sin_COG	0	4
group_1053	core	3	sin_COG	0	4
group_1051	core	3	sin_COG	0	4
group_1050	core	3	sin_COG	0	4
grpE	core	3	sin_COG	0	4
efp	core	3	sin_COG	0	4
group_1049	core	3	sin_COG	0	4
frr	core	3	sin_COG	0	4
def	core	3	sin_COG	0	4
sigX	core	3	sin_COG	0	4
group_1047	core	3	sin_COG	0	4
yqeK	core	3	sin_COG	0	4
group_1040	core	3	sin_COG	0	4
group_1039	core	3	sin_COG	0	4
group_1038	core	3	sin_COG	0	4
maf	core	3	sin_COG	0	4
comE	core	3	sin_COG	0	4
folE	core	3	sin_COG	0	4
purN	core	3	sin_COG	0	4
yjbC	core	3	sin_COG	0	4
group_1029	core	3	sin_COG	0	4
comR	core	3	sin_COG	0	4
group_1027	core	3	sin_COG	0	4
plsY	core	3	sin_COG	0	4
cypB	core	3	sin_COG	0	4
pgsA	core	3	sin_COG	0	4
group_1026	core	3	sin_COG	0	4
xpt	core	3	sin_COG	0	4
group_1023	core	3	sin_COG	0	4
group_1022	core	3	sin_COG	0	4
yihA	core	3	sin_COG	0	4
group_1019	core	3	sin_COG	0	4
group_1013	core	3	sin_COG	0	4
scpB	core	3	sin_COG	0	4
dpaB	core	3	sin_COG	0	4
leuD	core	3	sin_COG	0	4
group_1009	core	3	sin_COG	0	4
ytpR	core	3	sin_COG	0	4
ruvA	core	3	sin_COG	0	4
lepB	core	3	sin_COG	0	4
qacR	core	3	sin_COG	0	4
group_1005	core	3	sin_COG	0	4
group_1003	core	3	sin_COG	0	4
group_998	core	3	sin_COG	0	4
group_996	core	3	sin_COG	0	4
group_995	core	3	sin_COG	0	4
yodC	core	3	sin_COG	0	4
group_993	core	3	sin_COG	0	4
ykaA	core	3	P	4	4
group_992	core	3	sin_COG	0	4
group_991	core	3	sin_COG	0	4
coxA	core	3	sin_COG	0	4
group_988	core	3	sin_COG	0	4
group_987	core	3	sin_COG	0	4
lexA	core	3	sin_COG	0	4
ctaE	core	3	sin_COG	0	4
group_984	core	3	sin_COG	0	4
group_983	core	3	sin_COG	0	4
group_982	core	3	sin_COG	0	4
group_981	core	3	sin_COG	0	4
mhqN	core	3	sin_COG	0	4
cdaS	core	3	sin_COG	0	4
cheC	core	3	sin_COG	0	4
yjbM	core	3	sin_COG	0	4
ytaF	core	3	sin_COG	0	4
lysE	core	3	sin_COG	0	4
udk	core	3	sin_COG	0	4
spoIIIAF	core	3	sin_COG	0	4
group_977	core	3	sin_COG	0	4
tenI	core	3	sin_COG	0	4
group_976	core	3	sin_COG	0	4
recU	core	3	sin_COG	0	4
group_975	core	3	sin_COG	0	4
group_972	core	3	sin_COG	0	4
pyrE	core	3	sin_COG	0	4
trmB	core	3	sin_COG	0	4
group_970	core	3	sin_COG	0	4
yrrT	core	3	sin_COG	0	4
group_967	core	3	sin_COG	0	4
spoIIM	core	3	sin_COG	0	4
pilZ	core	3	sin_COG	0	4
yhfK	core	3	sin_COG	0	4
group_964	core	3	sin_COG	0	4
glnP	core	3	sin_COG	0	4
ribE	core	3	sin_COG	0	4
group_962	core	3	sin_COG	0	4
group_961	core	3	sin_COG	0	4
group_960	core	3	sin_COG	0	4
group_959	core	3	sin_COG	0	4
rex	core	3	sin_COG	0	4
artQ	core	3	sin_COG	0	4
prsW	core	3	sin_COG	0	4
queC	core	3	sin_COG	0	4
fliZ	core	3	sin_COG	0	4
yetF	core	3	sin_COG	0	4
nth	core	3	sin_COG	0	4
group_953	core	3	sin_COG	0	4
group_951	core	3	sin_COG	0	4
bshB2	core	3	sin_COG	0	4
fliP	core	3	sin_COG	0	4
mecA	core	3	sin_COG	0	4
group_950	core	3	sin_COG	0	4
group_949	core	3	sin_COG	0	4
group_948	core	3	sin_COG	0	4
group_945	core	3	sin_COG	0	4
group_944	core	3	sin_COG	0	4
spoIIIAG	core	3	sin_COG	0	4
group_942	core	3	sin_COG	0	4
qcrB	core	3	C	4	4
cmk	core	3	sin_COG	0	4
yesL	core	3	sin_COG	0	4
group_941	core	3	sin_COG	0	4
minC	core	3	sin_COG	0	4
purQ	core	3	sin_COG	0	4
group_939	core	3	sin_COG	0	4
group_938	core	3	sin_COG	0	3
group_937	core	3	sin_COG	0	4
radC	core	3	sin_COG	0	4
group_936	core	3	sin_COG	0	4
group_935	core	3	sin_COG	0	4
group_932	core	3	sin_COG	0	4
group_931	core	3	sin_COG	0	4
group_930	core	3	sin_COG	0	4
deoD	core	3	sin_COG	0	4
group_928	core	3	sin_COG	0	4
mtnX	core	3	sin_COG	0	4
group_927	core	3	sin_COG	0	4
ytrE	core	3	sin_COG	0	4
group_926	core	3	sin_COG	0	4
group_925	core	3	sin_COG	0	4
group_922	core	3	sin_COG	0	4
menG	core	3	sin_COG	0	4
bshB1	core	3	sin_COG	0	4
dnaD	core	3	sin_COG	0	4
trmK	core	3	sin_COG	0	4
group_920	core	3	sin_COG	0	4
ccpN	core	3	T	4	4
dapD	core	3	sin_COG	0	4
tenA	core	3	sin_COG	0	4
group_917	core	3	sin_COG	0	4
treR	core	3	sin_COG	0	4
sigE	core	3	D	4	4
group_914	core	3	sin_COG	0	4
group_913	core	3	sin_COG	0	4
artM	core	3	sin_COG	0	4
group_912	core	3	sin_COG	0	4
resD	core	3	K	4	4
group_911	core	3	sin_COG	0	4
pyrH	core	3	F	4	4
purC	core	3	sin_COG	0	4
sigK	core	3	D	4	4
yphF	core	3	sin_COG	0	4
group_908	core	3	sin_COG	0	4
group_907	core	3	sin_COG	0	4
group_904	core	3	sin_COG	0	4
group_902	core	3	sin_COG	0	4
phoP	core	3	sin_COG	0	4
glnQ	core	3	sin_COG	0	4
group_901	core	3	sin_COG	0	4
group_899	core	3	sin_COG	0	4
queE	core	3	sin_COG	0	4
group_897	core	3	sin_COG	0	4
rpiR	core	3	sin_COG	0	4
group_894	core	3	sin_COG	0	4
rpsB	core	3	J	4	4
bagdpd	core	3	sin_COG	0	4
group_891	core	3	sin_COG	0	4
group_889	core	3	sin_COG	0	4
group_887	core	3	sin_COG	0	4
group_885	core	3	sin_COG	0	4
group_883	core	3	sin_COG	0	4
group_882	core	3	sin_COG	0	4
ydjF	core	3	sin_COG	0	4
group_879	core	3	sin_COG	0	4
fabL	core	3	sin_COG	0	4
group_875	core	3	sin_COG	0	4
tatC	core	3	sin_COG	0	4
scpA	core	3	sin_COG	0	4
fecE	core	3	sin_COG	0	4
group_872	core	3	sin_COG	0	4
group_870	core	3	sin_COG	0	4
tcdA	core	3	J	4	4
group_868	core	3	sin_COG	0	4
group_866	core	3	sin_COG	0	4
rfbF	core	3	sin_COG	0	4
sigF	core	3	sin_COG	0	4
group_865	core	3	sin_COG	0	4
group_864	core	3	sin_COG	0	4
fliA	core	3	K	4	4
motB	core	3	sin_COG	0	4
thiG	core	3	sin_COG	0	4
cmpC	core	3	sin_COG	0	4
group_862	core	3	sin_COG	0	4
recO	core	3	sin_COG	0	4
group_860	core	3	sin_COG	0	4
group_857	core	3	sin_COG	0	4
group_856	core	3	sin_COG	0	4
group_855	core	3	sin_COG	0	4
glvR	core	3	sin_COG	0	4
pyrK	core	3	sin_COG	0	4
group_854	core	3	sin_COG	0	4
ylmA	core	3	sin_COG	0	4
fabI	core	3	sin_COG	0	4
argB	core	3	sin_COG	0	4
group_853	core	3	sin_COG	0	4
yjjG	core	3	sin_COG	0	4
fliR	core	3	sin_COG	0	4
sigG	core	3	sin_COG	0	4
group_851	core	3	sin_COG	0	4
group_850	core	3	sin_COG	0	4
group_849	core	3	sin_COG	0	4
group_848	core	3	sin_COG	0	4
group_846	core	3	sin_COG	0	4
group_844	core	3	sin_COG	0	4
group_842	core	3	sin_COG	0	4
group_841	core	3	sin_COG	0	4
group_840	core	3	sin_COG	0	4
group_838	core	3	sin_COG	0	4
group_837	core	3	sin_COG	0	4
ymfK	core	3	sin_COG	0	4
recX	core	3	sin_COG	0	4
pdaA	core	3	sin_COG	0	4
ssuC	core	3	sin_COG	0	4
group_836	core	3	sin_COG	0	4
thyA	core	3	sin_COG	0	4
group_835	core	3	sin_COG	0	4
group_834	core	3	sin_COG	0	4
motA	core	3	sin_COG	0	4
group_833	core	3	sin_COG	0	4
group_832	core	3	sin_COG	0	4
group_831	core	3	sin_COG	0	4
group_830	core	3	sin_COG	0	4
group_829	core	3	sin_COG	0	4
group_828	core	3	sin_COG	0	4
yfkD	core	3	sin_COG	0	4
group_827	core	3	sin_COG	0	4
group_826	core	3	sin_COG	0	4
minD	core	3	sin_COG	0	4
spo0A	core	3	sin_COG	0	4
trpA	core	3	sin_COG	0	4
dapB	core	3	sin_COG	0	4
ypjB	core	3	sin_COG	0	4
group_821	core	3	sin_COG	0	4
glnH	core	3	sin_COG	0	4
group_820	core	3	sin_COG	0	4
group_819	core	3	sin_COG	0	4
yitU	core	3	sin_COG	0	4
yidC	core	3	sin_COG	0	4
group_816	core	3	sin_COG	0	4
group_813	core	3	sin_COG	0	4
group_812	core	3	sin_COG	0	4
group_811	core	3	sin_COG	0	4
proG	core	3	sin_COG	0	4
proC	core	3	sin_COG	0	4
group_809	core	3	sin_COG	0	4
yodJ	core	3	sin_COG	0	4
mutM	core	3	sin_COG	0	4
yfkC	core	3	sin_COG	0	4
ytbE	core	3	sin_COG	0	4
group_804	core	3	sin_COG	0	4
group_801	core	3	sin_COG	0	4
group_800	core	3	sin_COG	0	4
cysT	core	3	sin_COG	0	4
group_798	core	3	sin_COG	0	4
comER	core	3	sin_COG	0	4
group_796	core	3	sin_COG	0	4
folD	core	3	sin_COG	0	4
group_793	core	3	sin_COG	0	4
glcT	core	3	sin_COG	0	4
yitS	core	3	sin_COG	0	4
group_790	core	3	sin_COG	0	4
group_789	core	3	sin_COG	0	4
group_788	core	3	sin_COG	0	4
nadC	core	3	sin_COG	0	4
panC	core	3	sin_COG	0	4
dapA	core	3	sin_COG	0	4
ytxC	core	3	sin_COG	0	4
gatY	core	3	sin_COG	0	4
cysW	core	3	sin_COG	0	4
group_785	core	3	sin_COG	0	4
group_783	core	3	sin_COG	0	4
group_781	core	3	sin_COG	0	4
accD	core	3	sin_COG	0	4
group_779	core	3	sin_COG	0	4
group_778	core	3	sin_COG	0	4
group_777	core	3	sin_COG	0	4
group_776	core	3	sin_COG	0	4
araQ	core	3	sin_COG	0	4
pheA	core	3	sin_COG	0	4
group_775	core	3	sin_COG	0	4
ctaG	core	3	sin_COG	0	4
group_774	core	3	sin_COG	0	4
group_773	core	3	sin_COG	0	4
yndG	core	3	sin_COG	0	4
galU	core	3	sin_COG	0	4
tsf	core	3	sin_COG	0	4
cysB	core	3	sin_COG	0	4
group_770	core	3	sin_COG	0	4
group_769	core	3	sin_COG	0	4
group_768	core	3	sin_COG	0	4
glyQ	core	3	J	4	4
group_767	core	3	sin_COG	0	4
group_766	core	3	sin_COG	0	4
xerD	core	3	sin_COG	0	4
group_764	core	3	sin_COG	0	4
yqiS	core	3	sin_COG	0	4
bmrU	core	3	sin_COG	0	4
group_763	core	3	sin_COG	0	4
group_762	core	3	sin_COG	0	4
group_761	core	3	sin_COG	0	4
gsiD	core	3	sin_COG	0	4
mreC	core	3	sin_COG	0	4
group_760	core	3	sin_COG	0	4
group_758	core	3	sin_COG	0	4
rarD	core	3	sin_COG	0	4
group_757	core	3	sin_COG	0	4
dpaA	core	3	sin_COG	0	4
purU	core	3	sin_COG	0	4
era	core	3	J	4	4
group_754	core	3	sin_COG	0	4
ylxH	core	3	sin_COG	0	4
group_753	core	3	sin_COG	0	4
metA	core	3	sin_COG	0	4
group_752	core	3	sin_COG	0	4
group_751	core	3	sin_COG	0	4
group_750	core	3	sin_COG	0	4
group_749	core	3	sin_COG	0	4
murB	core	3	sin_COG	0	4
group_748	core	3	sin_COG	0	4
spxH	core	3	sin_COG	0	4
group_747	core	3	sin_COG	0	4
ilvE	core	3	sin_COG	0	4
pfkB	core	3	sin_COG	0	4
group_745	core	3	sin_COG	0	4
opp4C	core	3	sin_COG	0	4
tagT	core	3	sin_COG	0	4
group_744	core	3	sin_COG	0	4
prpB	core	3	sin_COG	0	4
cyoE	core	3	sin_COG	0	4
group_742	core	3	sin_COG	0	4
group_741	core	3	sin_COG	0	4
oppC	core	3	sin_COG	0	4
sleB	core	3	sin_COG	0	4
rnhC	core	3	sin_COG	0	4
group_738	core	3	sin_COG	0	4
pyrB	core	3	sin_COG	0	4
ctaA	core	3	sin_COG	0	4
iolS	core	3	sin_COG	0	4
group_735	core	3	sin_COG	0	4
group_733	core	3	sin_COG	0	4
dnaI	core	3	sin_COG	0	4
group_732	core	3	sin_COG	0	4
group_731	core	3	sin_COG	0	4
rnz	core	3	sin_COG	0	4
rutD	core	3	sin_COG	0	4
truB	core	3	sin_COG	0	4
spoIIGA	core	3	sin_COG	0	4
group_730	core	3	sin_COG	0	4
cysK	core	3	sin_COG	0	4
pyrD	core	3	sin_COG	0	4
rsmH	core	3	sin_COG	0	4
group_726	core	3	sin_COG	0	4
hemC	core	3	sin_COG	0	4
prmA	core	3	sin_COG	0	4
group_725	core	3	sin_COG	0	4
group_724	core	3	sin_COG	0	4
mdh	core	3	C	4	4
group_722	core	3	sin_COG	0	4
fabH	core	3	sin_COG	0	4
group_720	core	3	sin_COG	0	4
ispH	core	3	sin_COG	0	4
oppB	core	3	sin_COG	0	4
group_719	core	3	sin_COG	0	4
ribF	core	3	sin_COG	0	4
group_718	core	3	sin_COG	0	4
gsiC	core	3	sin_COG	0	4
argF	core	3	sin_COG	0	4
fatC	core	3	sin_COG	0	4
group_717	core	3	sin_COG	0	4
group_715	core	3	sin_COG	0	4
group_714	core	3	sin_COG	0	4
group_713	core	3	sin_COG	0	4
group_712	core	3	sin_COG	0	4
group_711	core	3	sin_COG	0	4
pfkA	core	3	G	4	4
group_710	core	3	sin_COG	0	4
coaA	core	3	sin_COG	0	4
group_709	core	3	sin_COG	0	4
corA	core	3	sin_COG	0	4
group_708	core	3	sin_COG	0	4
hepT	core	3	sin_COG	0	4
group_707	core	3	sin_COG	0	4
group_705	core	3	sin_COG	0	4
yteP	core	3	sin_COG	0	4
comK	core	3	sin_COG	0	4
group_704	core	3	sin_COG	0	4
oppF	core	3	sin_COG	0	4
hemB	core	3	sin_COG	0	4
ypdA	core	3	sin_COG	0	4
group_703	core	3	sin_COG	0	4
group_702	core	3	sin_COG	0	4
mraY	core	3	sin_COG	0	4
group_699	core	3	sin_COG	0	4
accA	core	3	sin_COG	0	4
group_697	core	3	sin_COG	0	4
group_696	core	3	sin_COG	0	4
group_695	core	3	sin_COG	0	4
group_694	core	3	sin_COG	0	4
acoB	core	3	C	4	4
birA	core	3	sin_COG	0	4
group_692	core	3	sin_COG	0	4
group_691	core	3	sin_COG	0	4
floA	core	3	M	4	4
group_687	core	3	sin_COG	0	4
group_685	core	3	sin_COG	0	4
trpS	core	3	sin_COG	0	4
fliM	core	3	sin_COG	0	4
group_683	core	3	sin_COG	0	4
group_682	core	3	sin_COG	0	4
ccpA	core	3	sin_COG	0	4
sppA	core	3	sin_COG	0	4
dppB	core	3	sin_COG	0	4
ruvB	core	3	sin_COG	0	4
ddcA	core	3	sin_COG	0	4
mreBH	core	3	sin_COG	0	4
group_680	core	3	sin_COG	0	4
group_679	core	3	sin_COG	0	4
group_678	core	3	sin_COG	0	4
group_676	core	3	sin_COG	0	4
thiS	core	3	sin_COG	0	4
namA	core	3	sin_COG	0	4
spoVAD	core	3	sin_COG	0	4
mreB	core	3	sin_COG	0	4
holA	core	3	sin_COG	0	4
group_674	core	3	sin_COG	0	4
asd	core	3	sin_COG	0	4
group_672	core	3	sin_COG	0	4
trpD	core	3	sin_COG	0	4
group_671	core	3	sin_COG	0	4
group_670	core	3	sin_COG	0	4
group_668	core	3	sin_COG	0	4
ilvC	core	3	E	4	4
queA	core	3	sin_COG	0	4
group_667	core	3	sin_COG	0	4
sepM	core	3	sin_COG	0	4
splB	core	3	sin_COG	0	4
tsaD	core	3	sin_COG	0	4
ysxE	core	3	sin_COG	0	4
hrcA	core	3	sin_COG	0	4
group_666	core	3	sin_COG	0	4
group_665	core	3	sin_COG	0	4
pheS	core	3	sin_COG	0	4
gpsA	core	3	sin_COG	0	4
group_661	core	3	sin_COG	0	4
group_659	core	3	sin_COG	0	4
purM	core	3	sin_COG	0	4
group_658	core	3	sin_COG	0	4
recA	core	3	L	4	4
group_657	core	3	sin_COG	0	4
group_656	core	3	sin_COG	0	4
argC	core	3	sin_COG	0	4
group_649	core	3	sin_COG	0	4
group_648	core	3	sin_COG	0	4
ypdF	core	3	sin_COG	0	4
mtnA	core	3	sin_COG	0	4
group_644	core	3	sin_COG	0	4
group_643	core	3	sin_COG	0	4
tdh	core	3	sin_COG	0	4
fni	core	3	sin_COG	0	4
coxB	core	3	sin_COG	0	4
cax	core	3	sin_COG	0	4
ysdC	core	3	sin_COG	0	4
group_640	core	3	sin_COG	0	4
oppD	core	3	sin_COG	0	4
group_638	core	3	sin_COG	0	4
group_637	core	3	sin_COG	0	4
group_634	core	3	sin_COG	0	4
group_632	core	3	sin_COG	0	4
group_631	core	3	sin_COG	0	4
flhB	core	3	sin_COG	0	4
aroB	core	3	sin_COG	0	4
bcd	core	3	E	4	4
group_627	core	3	sin_COG	0	4
murG	core	3	sin_COG	0	4
group_626	core	3	sin_COG	0	4
group_625	core	3	sin_COG	0	4
hisC	core	3	sin_COG	0	4
group_624	core	3	sin_COG	0	4
yqeH	core	3	sin_COG	0	4
group_623	core	3	sin_COG	0	4
group_622	core	3	sin_COG	0	4
group_621	core	3	sin_COG	0	4
mutY	core	3	sin_COG	0	4
group_619	core	3	sin_COG	0	4
sugC	core	3	sin_COG	0	4
nadA	core	3	sin_COG	0	4
yteR	core	3	sin_COG	0	4
thiO	core	3	sin_COG	0	4
gpr	core	3	sin_COG	0	4
group_611	core	3	sin_COG	0	4
nusA	core	3	K	4	4
pdhA	core	3	C	3	3
ytvI	core	3	sin_COG	0	4
citZ	core	3	sin_COG	0	4
mnmA	core	3	sin_COG	0	4
group_609	core	3	sin_COG	0	4
flhF	core	3	sin_COG	0	4
group_606	core	3	sin_COG	0	4
rpoD	core	3	K	4	4
group_605	core	3	sin_COG	0	4
buk	core	3	sin_COG	0	4
group_603	core	3	sin_COG	0	4
fliY	core	3	sin_COG	0	4
yfkAB	core	3	sin_COG	0	4
group_602	core	3	sin_COG	0	4
group_600	core	3	sin_COG	0	4
group_598	core	3	sin_COG	0	4
dnaJ	core	3	O	4	4
group_594	core	3	sin_COG	0	4
hemW	core	3	sin_COG	0	4
group_593	core	3	sin_COG	0	4
group_592	core	3	sin_COG	0	4
mmgD	core	3	sin_COG	0	4
group_591	core	3	sin_COG	0	4
abrB	core	3	sin_COG	0	4
purK	core	3	sin_COG	0	4
tgt	core	3	J	4	4
bshA	core	3	sin_COG	0	4
ftsZ	core	3	sin_COG	0	4
group_589	core	3	sin_COG	0	4
rpsA	core	3	sin_COG	0	4
ugtP	core	3	sin_COG	0	4
dxr	core	3	sin_COG	0	4
group_585	core	3	sin_COG	0	4
group_584	core	3	sin_COG	0	4
group_581	core	3	sin_COG	0	4
group_580	core	3	sin_COG	0	4
group_579	core	3	sin_COG	0	4
group_578	core	3	sin_COG	0	4
oxdC	core	3	sin_COG	0	4
ycaD	core	3	sin_COG	0	4
dltD	core	3	sin_COG	0	4
group_575	core	3	sin_COG	0	4
aroC	core	3	E	3	4
group_574	core	3	sin_COG	0	4
group_573	core	3	sin_COG	0	4
sbcD	core	3	sin_COG	0	4
group_572	core	3	sin_COG	0	4
group_570	core	3	sin_COG	0	4
group_568	core	3	sin_COG	0	4
deoB	core	3	sin_COG	0	4
group_567	core	3	sin_COG	0	4
camS	core	3	sin_COG	0	4
group_564	core	3	sin_COG	0	4
yqfD	core	3	sin_COG	0	4
group_563	core	3	sin_COG	0	4
spoIIIAE	core	3	sin_COG	0	4
yknZ	core	3	sin_COG	0	4
mtnK	core	3	sin_COG	0	4
group_559	core	3	sin_COG	0	4
trpB	core	3	sin_COG	0	4
group_558	core	3	sin_COG	0	4
metK	core	3	H	4	4
group_557	core	3	sin_COG	0	4
group_556	core	3	sin_COG	0	4
group_555	core	3	sin_COG	0	4
group_554	core	3	sin_COG	0	4
ylbJ	core	3	sin_COG	0	4
argG	core	3	sin_COG	0	4
group_553	core	3	sin_COG	0	4
dapG	core	3	sin_COG	0	4
group_551	core	3	sin_COG	0	4
ykuI	core	3	sin_COG	0	4
argJ	core	3	sin_COG	0	4
group_548	core	3	sin_COG	0	4
ytsJ	core	3	sin_COG	0	4
group_547	core	3	sin_COG	0	4
group_545	core	3	sin_COG	0	4
group_542	core	3	sin_COG	0	3
group_539	core	3	sin_COG	0	4
group_538	core	3	sin_COG	0	4
group_537	core	3	sin_COG	0	4
cinA	core	3	sin_COG	0	4
gltP	core	3	sin_COG	0	4
group_534	core	3	sin_COG	0	4
odhB	core	3	sin_COG	0	4
nprA	core	3	sin_COG	0	4
rseP	core	3	sin_COG	0	4
group_531	core	3	sin_COG	0	4
clpX	core	3	sin_COG	0	4
group_528	core	3	sin_COG	0	4
group_527	core	3	sin_COG	0	4
group_526	core	3	sin_COG	0	4
tyrS	core	3	sin_COG	0	4
group_525	core	3	sin_COG	0	4
ilvA	core	3	sin_COG	0	3
group_524	core	3	sin_COG	0	4
ytrF	core	3	sin_COG	0	4
icd	core	3	C	4	4
group_522	core	3	sin_COG	0	4
glp	core	3	sin_COG	0	3
tig	core	3	sin_COG	0	4
hisS	core	3	sin_COG	0	4
spoIVB	core	3	sin_COG	0	4
group_520	core	3	sin_COG	0	4
group_519	core	3	sin_COG	0	4
yfmF	core	3	sin_COG	0	4
obgE	core	3	sin_COG	0	4
aroA	core	3	sin_COG	0	4
pyrC	core	3	sin_COG	0	4
group_515	core	3	sin_COG	0	4
hemL	core	3	sin_COG	0	4
group_512	core	3	sin_COG	0	4
asnS	core	3	J	4	4
group_510	core	3	sin_COG	0	4
hemL1	core	3	sin_COG	0	4
purB	core	3	sin_COG	0	4
pbuO	core	3	sin_COG	0	4
murC	core	3	sin_COG	0	4
group_508	core	3	sin_COG	0	4
group_506	core	3	sin_COG	0	4
der	core	3	J	4	4
group_503	core	3	sin_COG	0	4
group_502	core	3	sin_COG	0	4
fliI	core	3	sin_COG	0	4
group_501	core	3	sin_COG	0	4
cshB	core	3	sin_COG	0	4
group_500	core	3	sin_COG	0	4
group_499	core	3	sin_COG	0	4
ftsA	core	3	sin_COG	0	4
group_498	core	3	sin_COG	0	4
group_497	core	3	sin_COG	0	4
pbuG	core	3	sin_COG	0	4
group_496	core	3	sin_COG	0	4
group_495	core	3	sin_COG	0	4
licH	core	3	sin_COG	0	4
lysA	core	3	sin_COG	0	4
xylA	core	3	sin_COG	0	4
group_489	core	3	sin_COG	0	4
murD	core	3	sin_COG	0	4
celB	core	3	sin_COG	0	4
group_486	core	3	sin_COG	0	4
accC	core	3	sin_COG	0	4
ypeB	core	3	sin_COG	0	4
group_485	core	3	sin_COG	0	4
group_483	core	3	sin_COG	0	4
cwlS	core	3	sin_COG	0	4
xseA	core	3	sin_COG	0	4
mtaB	core	3	sin_COG	0	4
group_480	core	3	sin_COG	0	4
group_479	core	3	sin_COG	0	4
group_477	core	3	sin_COG	0	4
norM	core	3	sin_COG	0	4
argH	core	3	sin_COG	0	4
group_476	core	3	sin_COG	0	4
yeeO	core	3	sin_COG	0	4
hemA	core	3	sin_COG	0	4
group_474	core	3	sin_COG	0	4
group_473	core	3	sin_COG	0	4
rlmD	core	3	sin_COG	0	4
group_472	core	3	sin_COG	0	4
pepV	core	3	sin_COG	0	4
ablA	core	3	sin_COG	0	4
group_470	core	3	sin_COG	0	4
gndA	core	3	G	4	4
glcD	core	3	sin_COG	0	4
leuC	core	3	sin_COG	0	4
group_468	core	3	sin_COG	0	4
group_466	core	3	sin_COG	0	4
group_465	core	3	sin_COG	0	4
lutB	core	3	sin_COG	0	4
gatB	core	3	J	4	4
purF	core	3	F	4	4
treB	core	3	sin_COG	0	4
group_461	core	3	sin_COG	0	4
gntR	core	3	sin_COG	0	4
group_460	core	3	sin_COG	0	4
gatA	core	3	J	4	4
group_456	core	3	sin_COG	0	4
group_455	core	3	sin_COG	0	4
zwf	core	3	sin_COG	0	4
group_454	core	3	sin_COG	0	4
group_453	core	3	sin_COG	0	4
spoIVA	core	3	D	4	4
group_451	core	3	sin_COG	0	4
group_449	core	3	sin_COG	0	4
group_448	core	3	sin_COG	0	4
dacB	core	3	sin_COG	0	4
group_444	core	3	sin_COG	0	4
lipO	core	3	sin_COG	0	4
group_441	core	3	sin_COG	0	4
group_440	core	3	sin_COG	0	3
group_439	core	3	sin_COG	0	4
cls	core	3	sin_COG	0	4
group_436	core	3	sin_COG	0	4
miaB	core	3	J	4	4
group_435	core	3	sin_COG	0	4
group_434	core	3	sin_COG	0	4
purH	core	3	sin_COG	0	4
trpE	core	3	sin_COG	0	4
group_431	core	3	sin_COG	0	4
rny	core	3	J	4	4
spoVB	core	3	sin_COG	0	4
serA	core	3	sin_COG	0	4
pckA	core	3	sin_COG	0	4
group_429	core	3	sin_COG	0	4
xynB	core	3	sin_COG	0	4
group_426	core	3	sin_COG	0	4
bshC	core	3	sin_COG	0	4
group_425	core	3	sin_COG	0	4
group_424	core	3	sin_COG	0	4
group_421	core	3	sin_COG	0	4
appA	core	3	sin_COG	0	4
groL	core	3	O	4	4
group_419	core	3	sin_COG	0	4
group_418	core	3	sin_COG	0	4
group_417	core	3	sin_COG	0	4
lonB	core	3	sin_COG	0	4
group_416	core	3	sin_COG	0	4
rnjA	core	3	J	4	4
ilvD	core	3	E	4	4
ccsB	core	3	sin_COG	0	4
fhs	core	3	sin_COG	0	4
group_414	core	3	sin_COG	0	4
group_413	core	3	sin_COG	0	4
treC	core	3	sin_COG	0	4
polX	core	3	sin_COG	0	4
group_409	core	3	sin_COG	0	4
cysI	core	3	sin_COG	0	4
group_408	core	3	sin_COG	0	4
ilvB	core	3	sin_COG	0	4
group_407	core	3	sin_COG	0	4
ade	core	3	sin_COG	0	4
recN	core	3	sin_COG	0	4
group_406	core	3	sin_COG	0	4
pnpS	core	3	sin_COG	0	4
group_404	core	3	sin_COG	0	4
group_403	core	3	sin_COG	0	4
group_402	core	3	sin_COG	0	4
ggt	core	3	sin_COG	0	4
yheI	core	3	sin_COG	0	4
pyk	core	3	sin_COG	0	4
thiC	core	3	sin_COG	0	4
group_396	core	3	sin_COG	0	4
recQ	core	3	sin_COG	0	4
group_395	core	3	sin_COG	0	4
aspS	core	3	sin_COG	0	4
cstA	core	3	sin_COG	0	4
group_394	core	3	sin_COG	0	4
group_393	core	3	sin_COG	0	4
group_391	core	3	sin_COG	0	4
group_390	core	3	sin_COG	0	4
lepA	core	3	J	4	4
dnaK	core	3	O	4	4
group_389	core	3	sin_COG	0	4
group_388	core	3	sin_COG	0	4
group_387	core	3	sin_COG	0	4
eglA	core	3	sin_COG	0	4
ctaD	core	3	sin_COG	0	4
group_381	core	3	sin_COG	0	4
dxs	core	3	sin_COG	0	4
mutL	core	3	sin_COG	0	4
group_380	core	3	sin_COG	0	4
group_378	core	3	sin_COG	0	4
group_376	core	3	sin_COG	0	4
group_375	core	3	sin_COG	0	4
abcf	core	3	sin_COG	0	4
group_373	core	3	sin_COG	0	4
thrS	core	3	sin_COG	0	4
group_372	core	3	sin_COG	0	4
parE	core	3	L	4	4
group_371	core	3	sin_COG	0	4
pepF	core	3	sin_COG	0	4
tkt	core	3	sin_COG	0	4
ligA	core	3	sin_COG	0	4
yheH	core	3	sin_COG	0	4
cheA	core	3	sin_COG	0	4
flhA	core	3	sin_COG	0	4
dmsA	core	3	sin_COG	0	4
group_368	core	3	sin_COG	0	4
group_367	core	3	sin_COG	0	4
group_365	core	3	sin_COG	0	4
group_364	core	3	sin_COG	0	4
group_363	core	3	sin_COG	0	4
pnp	core	3	sin_COG	0	4
infB	core	3	sin_COG	0	4
group_362	core	3	sin_COG	0	4
nasC	core	3	sin_COG	0	4
group_359	core	3	sin_COG	0	4
group_358	core	3	sin_COG	0	4
relA	core	3	K	4	4
prpE	core	3	sin_COG	0	4
pcrA	core	3	sin_COG	0	4
secDF	core	3	sin_COG	0	4
purL	core	3	sin_COG	0	4
crhR	core	3	sin_COG	0	4
metE	core	3	sin_COG	0	4
group_354	core	3	sin_COG	0	4
lon	core	3	sin_COG	0	4
recJ	core	3	sin_COG	0	4
recD2	core	3	sin_COG	0	4
group_351	core	3	sin_COG	0	4
leuS	core	3	sin_COG	0	4
pheT	core	3	sin_COG	0	4
parC	core	3	sin_COG	0	4
group_349	core	3	sin_COG	0	4
mutS	core	3	sin_COG	0	4
yfhO	core	3	sin_COG	0	4
mprF	core	3	sin_COG	0	4
alaS	core	3	sin_COG	0	4
polA	core	3	sin_COG	0	4
group_348	core	3	sin_COG	0	4
acnA	core	3	sin_COG	0	4
ileS	core	3	sin_COG	0	4
dinG	core	3	sin_COG	0	4
sucA	core	3	sin_COG	0	4
swrC	core	3	sin_COG	0	4
group_343	core	3	sin_COG	0	4
group_342	core	3	sin_COG	0	4
group_341	core	3	sin_COG	0	4
group_340	core	3	sin_COG	0	4
carB	core	3	sin_COG	0	4
group_338	core	3	sin_COG	0	4
dnaE	core	3	sin_COG	0	4
sbcC	core	3	sin_COG	0	4
metH	core	3	sin_COG	0	4
pyc	core	3	sin_COG	0	4
addB	core	3	sin_COG	0	4
addA	core	3	sin_COG	0	4
group_336	core	3	sin_COG	0	4
group_335	core	3	sin_COG	0	4
group_333	core	3	sin_COG	0	4
fbpB	core	3	sin_COG	0	4
kipR	core	3	sin_COG	0	4
group_332	core	3	sin_COG	0	4
rsbU	core	3	sin_COG	0	4
dctP	core	3	sin_COG	0	4
group_330	core	3	sin_COG	0	4
ridA	core	3	sin_COG	0	4
group_329	core	3	sin_COG	0	4
group_327	core	3	sin_COG	0	4
group_324	core	3	sin_COG	0	4
group_323	core	3	sin_COG	0	4
group_322	core	3	sin_COG	0	4
ndoA	core	3	V	4	4
sigB	core	3	sin_COG	0	4
ddl	core	3	sin_COG	0	4
group_321	core	3	sin_COG	0	4
group_318	core	3	sin_COG	0	4
group_317	core	3	sin_COG	0	4
group_316	core	3	sin_COG	0	4
ycnJ	core	3	sin_COG	0	4
yxeN	core	3	sin_COG	0	4
group_315	core	3	sin_COG	0	4
group_314	core	3	sin_COG	0	4
dcuR	core	3	sin_COG	0	4
group_313	core	3	sin_COG	0	4
group_312	core	3	sin_COG	0	4
pxpB	core	3	sin_COG	0	4
group_311	core	3	sin_COG	0	4
group_310	core	3	sin_COG	0	4
rsbS	core	3	T	4	4
group_308	core	3	sin_COG	0	4
group_307	core	3	sin_COG	0	4
gabT	core	3	sin_COG	0	4
group_306	core	3	sin_COG	0	4
group_305	core	3	sin_COG	0	4
ydaF	core	3	sin_COG	0	4
ydzK	core	3	sin_COG	0	4
group_302	core	3	sin_COG	0	4
tcyA	core	3	sin_COG	0	4
group_301	core	3	sin_COG	0	4
group_300	core	3	sin_COG	0	4
srrA	core	3	sin_COG	0	4
mtlD	core	3	sin_COG	0	4
group_298	core	3	sin_COG	0	4
group_297	core	3	sin_COG	0	4
rapH	core	3	sin_COG	0	4
group_296	core	3	sin_COG	0	4
alr	core	3	sin_COG	0	4
group_295	core	3	sin_COG	0	4
ecsC	core	3	sin_COG	0	4
group_294	core	3	sin_COG	0	4
group_293	core	3	sin_COG	0	4
group_292	core	3	sin_COG	0	4
group_291	core	3	sin_COG	0	4
group_290	core	3	sin_COG	0	4
group_287	core	3	sin_COG	0	4
group_286	core	3	sin_COG	0	4
group_285	core	3	sin_COG	0	4
rsbW	core	3	sin_COG	0	4
group_284	core	3	sin_COG	0	4
rsbX	core	3	sin_COG	0	4
group_283	core	3	sin_COG	0	4
group_281	core	3	sin_COG	0	4
group_280	core	3	sin_COG	0	4
group_279	core	3	sin_COG	0	4
group_277	core	3	sin_COG	0	4
group_276	core	3	sin_COG	0	4
group_275	core	3	sin_COG	0	4
group_274	core	3	sin_COG	0	4
group_273	core	3	sin_COG	0	4
group_271	core	3	sin_COG	0	4
group_269	core	3	sin_COG	0	4
group_268	core	3	sin_COG	0	4
group_266	core	3	sin_COG	0	4
group_265	core	3	sin_COG	0	4
group_264	core	3	sin_COG	0	4
group_263	core	3	sin_COG	0	4
group_262	core	3	sin_COG	0	4
group_261	core	3	sin_COG	0	4
group_260	core	3	sin_COG	0	4
tcyC	core	3	sin_COG	0	4
group_259	core	3	sin_COG	0	4
group_257	core	3	sin_COG	0	4
yxeO	core	3	sin_COG	0	4
emrY	core	3	sin_COG	0	4
group_256	core	3	sin_COG	0	4
ycnC	core	3	sin_COG	0	4
group_255	core	3	sin_COG	0	4
group_254	core	3	sin_COG	0	4
ydcC	core	3	sin_COG	0	4
group_253	core	3	sin_COG	0	4
group_252	core	3	sin_COG	0	4
sdpR	core	3	sin_COG	0	4
lpdA	core	3	sin_COG	0	4
group_250	core	3	sin_COG	0	5
group_249	core	3	sin_COG	0	4
ydbP	core	3	sin_COG	0	4
group_248	core	3	sin_COG	0	4
group_247	core	3	sin_COG	0	4
sprT	core	3	sin_COG	0	4
pxpA	core	3	sin_COG	0	4
group_245	core	3	sin_COG	0	4
group_244	core	3	sin_COG	0	4
group_243	core	3	sin_COG	0	4
group_242	core	3	sin_COG	0	4
azoR	core	3	sin_COG	0	4
cshA	core	3	sin_COG	0	4
group_238	core	3	sin_COG	0	4
group_237	core	3	sin_COG	0	4
group_236	core	3	sin_COG	0	4
group_235	core	3	sin_COG	0	4
group_234	core	3	sin_COG	0	4
group_233	core	3	sin_COG	0	4
group_232	core	3	sin_COG	0	4
ywhA	core	3	sin_COG	0	4
group_228	core	3	sin_COG	0	4
iclR	core	3	sin_COG	0	4
group_226	core	3	sin_COG	0	4
group_224	core	3	sin_COG	0	4
pruA	core	3	sin_COG	0	4
group_213	core	3	sin_COG	0	4
potA	core	3	sin_COG	0	4
aroK	core	3	sin_COG	0	4
group_205	core	3	sin_COG	0	4
group_204	core	3	sin_COG	0	4
group_200	core	3	sin_COG	0	4
group_199	core	3	sin_COG	0	4
group_197	core	3	sin_COG	0	4
yecS	core	3	sin_COG	0	4
group_193	core	3	sin_COG	0	4
group_192	core	3	sin_COG	0	4
group_191	core	3	sin_COG	0	4
group_190	core	3	sin_COG	0	4
group_187	core	3	sin_COG	0	4
group_185	core	3	sin_COG	0	4
yoaH	core	3	sin_COG	0	4
group_184	core	3	sin_COG	0	4
group_183	core	3	sin_COG	0	4
deoR	core	3	sin_COG	0	3
group_179	core	3	sin_COG	0	4
murQ	core	3	sin_COG	0	4
group_171	core	3	sin_COG	0	4
group_168	core	3	sin_COG	0	4
group_166	core	3	sin_COG	0	4
group_165	core	3	sin_COG	0	4
group_164	core	3	sin_COG	0	4
group_163	core	3	sin_COG	0	4
group_162	core	3	sin_COG	0	4
group_159	core	3	sin_COG	0	4
nadE	core	3	sin_COG	0	4
psf1	core	3	sin_COG	0	4
natR	core	3	sin_COG	0	4
group_157	core	3	sin_COG	0	4
group_156	core	3	sin_COG	0	4
group_155	core	3	sin_COG	0	4
yafV	core	3	sin_COG	0	4
group_151	core	3	sin_COG	0	4
group_150	core	3	sin_COG	0	4
pbp4b	core	3	sin_COG	0	4
alsT	core	3	sin_COG	0	4
nucA	core	3	sin_COG	0	4
group_147	core	3	sin_COG	0	4
group_146	core	3	sin_COG	0	4
group_145	core	3	sin_COG	0	4
group_144	core	3	sin_COG	0	4
licT	core	3	sin_COG	0	4
group_137	core	3	sin_COG	0	4
group_135	core	3	sin_COG	0	4
group_134	core	3	sin_COG	0	4
murP	core	3	sin_COG	0	4
group_133	core	3	sin_COG	0	4
group_129	core	3	sin_COG	0	4
trhO	core	3	sin_COG	0	4
group_126	core	3	sin_COG	0	4
group_122	core	3	sin_COG	0	4
mmuP	core	3	sin_COG	0	4
group_115	core	3	sin_COG	0	4
group_111	core	3	sin_COG	0	4
pucR	core	3	sin_COG	0	4
group_105	core	3	sin_COG	0	4
natA	core	3	sin_COG	0	4
natB	core	3	sin_COG	0	4
bglC	core	3	sin_COG	0	4
group_98	core	3	sin_COG	0	4
group_95	core	3	sin_COG	0	4
mmuM	core	3	sin_COG	0	4
group_89	core	3	sin_COG	0	4
group_81	core	3	sin_COG	0	4
group_79	core	3	sin_COG	0	4
dauA	core	3	sin_COG	0	4
group_75	core	3	sin_COG	0	4
ybbH	core	3	sin_COG	0	4
group_73	core	3	sin_COG	0	4
group_70	core	3	sin_COG	0	4
group_69	core	3	sin_COG	0	4
group_67	core	3	sin_COG	0	4
group_66	core	3	sin_COG	0	4
group_64	core	3	sin_COG	0	4
group_62	core	3	sin_COG	0	4
group_60	core	3	sin_COG	0	4
group_59	core	3	sin_COG	0	4
mngB	core	3	sin_COG	0	4
group_54	core	3	sin_COG	0	4
dltA	core	3	sin_COG	0	4
group_50	core	3	sin_COG	0	4
group_49	core	3	sin_COG	0	4
group_47	core	3	sin_COG	0	4
group_46	core	3	sin_COG	0	4
group_43	core	3	sin_COG	0	4
group_37	core	3	sin_COG	0	4
group_34	core	3	sin_COG	0	4
group_32	core	3	sin_COG	0	4
group_31	core	3	sin_COG	0	4
group_30	core	3	sin_COG	0	4
yitT	core	3	sin_COG	0	4
aaaT	core	3	sin_COG	0	4
group_21	core	3	sin_COG	0	4
group_20	core	3	sin_COG	0	4
group_19	core	3	sin_COG	0	4
arr	core	3	sin_COG	0	4
sinR	core	3	sin_COG	0	3
pabC	core	3	sin_COG	0	3
folP	core	3	sin_COG	0	3
folK	core	3	sin_COG	0	3
lysS	core	3	sin_COG	0	3
dusB	core	3	sin_COG	0	3
folB	core	3	sin_COG	0	3
recR	core	3	sin_COG	0	3
norG	core	3	sin_COG	0	3
bofA	core	3	sin_COG	0	3
group_2871	core	3	sin_COG	0	3
group_2870	core	3	sin_COG	0	3
pdxT	core	3	sin_COG	0	3
group_2869	core	3	sin_COG	0	3
group_2868	core	3	sin_COG	0	3
serS	core	3	sin_COG	0	3
guaB	core	3	T	3	3
yaaK	core	3	K	3	3
group_2867	core	3	sin_COG	0	3
dnaX	core	3	sin_COG	0	3
tadA	core	3	sin_COG	0	3
group_2866	core	3	sin_COG	0	3
pdxS	core	3	H	3	3
group_2865	core	3	sin_COG	0	3
yaaC	core	3	sin_COG	0	3
group_2864	core	3	sin_COG	0	3
gntK	core	3	sin_COG	0	3
ykvI	core	3	sin_COG	0	3
group_2863	core	3	sin_COG	0	3
group_2862	core	3	sin_COG	0	3
spoIIIJ	core	3	sin_COG	0	3
group_2859	core	3	sin_COG	0	3
group_2858	core	3	sin_COG	0	3
group_2857	core	3	sin_COG	0	3
group_2856	core	3	sin_COG	0	3
group_2854	core	3	sin_COG	0	3
group_2853	core	3	sin_COG	0	3
rpsR	core	3	sin_COG	0	3
group_2852	core	3	sin_COG	0	3
group_2847	core	3	sin_COG	0	3
group_2846	core	3	sin_COG	0	3
katX	core	3	sin_COG	0	3
rplI	core	3	sin_COG	0	3
remB	core	3	sin_COG	0	3
group_2845	core	3	sin_COG	0	3
group_2843	core	3	sin_COG	0	3
yycJ	core	3	sin_COG	0	3
purA	core	3	F	3	3
rnpA	core	3	sin_COG	0	3
soj	core	3	D	3	3
malF	core	3	sin_COG	0	3
ychF	core	3	J	3	3
group_2840	core	3	sin_COG	0	3
group_2837	core	3	sin_COG	0	3
ppaC	core	3	sin_COG	0	3
group_2836	core	3	sin_COG	0	3
group_2835	core	3	sin_COG	0	3
group_2834	core	3	sin_COG	0	3
recF	core	3	sin_COG	0	3
group_2833	core	3	sin_COG	0	3
group_2832	core	3	sin_COG	0	3
dsdX	core	3	sin_COG	0	3
group_2830	core	3	sin_COG	0	3
group_2829	core	3	sin_COG	0	3
group_2827	core	3	sin_COG	0	3
group_2825	core	3	L	3	3
group_2824	core	3	sin_COG	0	3
group_2823	core	3	sin_COG	0	3
group_2822	core	3	sin_COG	0	3
group_2821	core	3	sin_COG	0	3
group_2820	core	3	sin_COG	0	3
mhqO	core	3	sin_COG	0	3
yycF	core	3	K	3	3
group_2817	core	3	sin_COG	0	3
group_2816	core	3	sin_COG	0	3
group_2815	core	3	sin_COG	0	3
dnaN	core	3	sin_COG	0	3
group_2812	core	3	sin_COG	0	3
walK	core	3	sin_COG	0	3
group_2811	core	3	sin_COG	0	3
group_2810	core	3	sin_COG	0	3
rsmG	core	3	sin_COG	0	3
mnmG	core	3	sin_COG	0	3
mnmE	core	3	sin_COG	0	3
yycH	core	3	sin_COG	0	3
group_2807	core	3	sin_COG	0	3
group_2806	core	3	sin_COG	0	3
group_2805	core	3	sin_COG	0	3
group_2804	core	3	sin_COG	0	3
gyrB	core	3	L	3	3
rpsF	core	3	sin_COG	0	3
group_2803	core	3	sin_COG	0	3
jag	core	3	sin_COG	0	3
group_2802	core	3	sin_COG	0	4
group_2801	core	3	sin_COG	0	3
group_2799	core	3	sin_COG	0	3
group_2797	core	3	sin_COG	0	3
group_2796	core	3	sin_COG	0	3
group_2794	core	3	sin_COG	0	3
besA	core	3	sin_COG	0	3
wrbA	core	3	sin_COG	0	3
group_2791	core	3	sin_COG	0	3
group_2790	core	3	sin_COG	0	3
mhqD	core	3	sin_COG	0	3
group_2788	core	3	sin_COG	0	3
group_2787	core	3	sin_COG	0	3
group_2785	core	3	sin_COG	0	3
group_2784	core	3	sin_COG	0	3
group_2783	core	3	sin_COG	0	3
group_2782	core	3	sin_COG	0	3
group_2781	core	3	sin_COG	0	3
group_2780	core	3	sin_COG	0	3
group_2778	core	3	sin_COG	0	3
group_2776	core	3	sin_COG	0	3
group_2775	core	3	sin_COG	0	3
group_2773	core	3	sin_COG	0	3
group_2772	core	3	sin_COG	0	3
group_2771	core	3	sin_COG	0	3
lacR	core	3	sin_COG	0	3
group_2770	core	3	sin_COG	0	3
bceA	core	3	sin_COG	0	3
yycI	core	3	sin_COG	0	3
group_2768	core	3	sin_COG	0	3
group_2766	core	3	sin_COG	0	3
group_2765	core	3	sin_COG	0	3
phzF	core	3	sin_COG	0	3
group_2763	core	3	sin_COG	0	3
group_2762	core	3	sin_COG	0	3
bglA	core	3	sin_COG	0	3
ydzA	core	3	sin_COG	0	3
group_2761	core	3	sin_COG	0	3
group_2760	core	3	sin_COG	0	3
group_2759	core	3	sin_COG	0	3
group_2758	core	3	sin_COG	0	3
group_2757	core	3	sin_COG	0	3
group_2756	core	3	sin_COG	0	3
yyaC	core	3	sin_COG	0	3
group_2753	core	3	sin_COG	0	3
gyrA	core	3	sin_COG	0	3
noc	core	3	sin_COG	0	3
group_2752	core	3	sin_COG	0	3
bglB	core	3	G	3	3
group_2751	core	3	sin_COG	0	3
group_2750	core	3	sin_COG	0	3
group_2747	core	3	sin_COG	0	3
group_2746	core	3	sin_COG	0	3
yycB	core	3	sin_COG	0	3
group_2742	core	3	sin_COG	0	3
group_2739	core	3	sin_COG	0	3
rlmH	core	3	sin_COG	0	3
group_2734	core	3	sin_COG	0	4
group_2732	core	3	sin_COG	0	3
group_2718	shell	2	sin_COG	0	3
sufU	shell	2	sin_COG	0	3
mntA	core	3	sin_COG	0	3
nikB	shell	2	sin_COG	0	3
racA	core	3	sin_COG	0	3
group_2663	shell	2	sin_COG	0	3
group_2660	core	3	sin_COG	0	3
group_2658	core	3	sin_COG	0	3
group_2655	core	3	sin_COG	0	3
group_2654	core	3	sin_COG	0	3
group_2651	shell	2	sin_COG	0	3
group_2649	shell	2	sin_COG	0	3
yugG	core	3	sin_COG	0	3
moaA	core	3	sin_COG	0	3
spoIID	core	3	sin_COG	0	3
group_2587	shell	2	sin_COG	0	0
prfA	core	3	J	3	3
ymcC	core	3	sin_COG	0	3
degQ	core	3	sin_COG	0	3
group_2562	core	3	sin_COG	0	3
group_2553	core	3	J	3	3
group_2552	shell	2	sin_COG	0	3
group_2537	shell	2	sin_COG	0	3
group_2535	core	3	sin_COG	0	3
group_2525	core	3	sin_COG	0	3
ydhP	shell	2	sin_COG	0	3
group_2505	core	3	sin_COG	0	3
group_2501	core	3	sin_COG	0	3
group_2494	core	3	sin_COG	0	3
group_2493	core	3	sin_COG	0	3
group_2484	shell	2	sin_COG	0	3
group_2479	core	3	sin_COG	0	3
group_2474	core	3	sin_COG	0	3
group_2471	core	3	sin_COG	0	3
yciC	core	3	sin_COG	0	3
group_2458	shell	2	sin_COG	0	3
group_2448	core	3	sin_COG	0	3
kapD	core	3	sin_COG	0	3
group_2439	core	3	sin_COG	0	3
group_2436	core	3	sin_COG	0	3
group_2422	core	3	sin_COG	0	3
group_2415	core	3	sin_COG	0	3
murA	core	3	M	3	3
sufD	shell	2	sin_COG	0	3
group_2390	shell	2	sin_COG	0	3
group_2375	core	3	sin_COG	0	3
group_2374	core	3	sin_COG	0	3
group_2373	core	3	sin_COG	0	3
group_2367	core	3	sin_COG	0	3
pgi	core	3	sin_COG	0	3
group_2358	core	3	sin_COG	0	3
sufB	shell	2	O	3	3
group_2347	shell	2	sin_COG	0	3
group_2346	shell	2	sin_COG	0	3
group_2342	shell	2	sin_COG	0	3
csbC	shell	2	sin_COG	0	3
group_2325	shell	2	sin_COG	0	3
group_2321	core	3	sin_COG	0	3
opp1B	shell	2	sin_COG	0	3
yndE	shell	2	sin_COG	0	3
group_2295	shell	2	sin_COG	0	3
group_2291	shell	2	sin_COG	0	3
group_2282	core	3	sin_COG	0	3
group_2252	shell	2	sin_COG	0	3
group_2248	core	3	sin_COG	0	3
mglA	core	3	sin_COG	0	3
group_2241	shell	2	sin_COG	0	3
sufC	shell	2	sin_COG	0	3
fdhD	core	3	sin_COG	0	3
group_2230	core	3	sin_COG	0	3
malK	core	3	sin_COG	0	3
nikA	shell	2	sin_COG	0	3
group_2218	core	3	sin_COG	0	3
group_2206	shell	2	sin_COG	0	3
group_2193	shell	2	sin_COG	0	3
nikD	shell	2	sin_COG	0	3
mnhG	core	3	sin_COG	0	3
group_2170	core	3	sin_COG	0	3
opp1C	shell	2	sin_COG	0	3
group_2155	core	3	sin_COG	0	3
nikC	shell	2	sin_COG	0	3
group_2150	core	3	sin_COG	0	3
group_2147	core	3	sin_COG	0	3
yugI	core	3	sin_COG	0	3
group_2126	shell	2	sin_COG	0	3
group_2122	shell	2	sin_COG	0	3
group_2109	core	3	sin_COG	0	3
group_2098	shell	2	sin_COG	0	3
group_2091	core	3	sin_COG	0	3
group_2090	core	3	sin_COG	0	3
ydeP	core	3	sin_COG	0	3
group_2087	shell	2	sin_COG	0	3
group_2082	core	3	sin_COG	0	3
group_2081	core	3	sin_COG	0	3
fosM	shell	2	sin_COG	0	3
group_2075	core	3	sin_COG	0	3
psiE	shell	2	sin_COG	0	3
group_2055	core	3	sin_COG	0	3
group_2054	shell	2	sin_COG	0	3
prmC	core	3	sin_COG	0	3
group_2044	shell	2	sin_COG	0	3
tipA	core	3	sin_COG	0	3
group_2043	core	3	sin_COG	0	3
fluC	core	3	sin_COG	0	3
group_2025	core	3	sin_COG	0	3
group_2020	core	3	sin_COG	0	3
group_2018	core	3	sin_COG	0	3
group_2017	shell	2	sin_COG	0	3
ssuD	shell	2	sin_COG	0	3
group_2016	core	3	sin_COG	0	3
group_2012	core	3	sin_COG	0	3
group_2010	core	3	sin_COG	0	3
group_2008	core	3	sin_COG	0	3
group_2007	core	3	sin_COG	0	3
sigM	core	3	K	3	3
group_2005	core	3	sin_COG	0	3
crcB	core	3	sin_COG	0	3
group_2004	core	3	sin_COG	0	3
group_2002	core	3	sin_COG	0	3
group_2000	shell	2	sin_COG	0	3
group_1999	core	3	sin_COG	0	3
group_1998	core	3	sin_COG	0	3
group_1997	core	3	sin_COG	0	3
group_1988	core	3	sin_COG	0	3
group_1979	core	3	sin_COG	0	3
group_1978	shell	2	sin_COG	0	3
group_1977	shell	2	sin_COG	0	3
group_1976	core	3	sin_COG	0	3
group_1973	core	3	sin_COG	0	3
group_1971	core	3	sin_COG	0	3
group_1970	core	3	sin_COG	0	3
group_1967	core	3	sin_COG	0	3
group_1964	core	3	sin_COG	0	3
group_1963	core	3	sin_COG	0	3
group_1954	core	3	sin_COG	0	4
group_1951	core	3	sin_COG	0	3
group_1950	core	3	sin_COG	0	3
group_1949	core	3	sin_COG	0	3
group_1948	core	3	sin_COG	0	3
group_1937	core	3	sin_COG	0	3
group_1936	core	3	sin_COG	0	3
group_1931	core	3	sin_COG	0	3
group_1929	core	3	sin_COG	0	3
group_1926	core	3	sin_COG	0	3
group_1924	core	3	sin_COG	0	3
group_1923	core	3	sin_COG	0	3
group_1920	shell	2	sin_COG	0	3
group_1919	core	3	sin_COG	0	3
group_1916	core	3	sin_COG	0	3
yqzE	core	3	sin_COG	0	3
group_1915	core	3	sin_COG	0	3
group_1910	core	3	sin_COG	0	3
yxiJ	core	3	sin_COG	0	3
group_1906	core	3	sin_COG	0	3
group_1901	core	3	sin_COG	0	3
group_1900	core	3	sin_COG	0	3
group_1898	shell	2	sin_COG	0	3
yjcN	core	3	sin_COG	0	3
group_1895	core	3	sin_COG	0	3
group_1894	core	3	sin_COG	0	3
group_1891	core	3	sin_COG	0	3
group_1885	core	3	sin_COG	0	3
cdiI	core	3	sin_COG	0	3
group_1884	core	3	sin_COG	0	3
group_1883	core	3	sin_COG	0	3
group_1882	core	3	sin_COG	0	3
yoyB	core	3	sin_COG	0	3
yeeF	core	3	sin_COG	0	3
comGE	core	3	sin_COG	0	3
group_1877	core	3	sin_COG	0	3
yjcF	core	3	sin_COG	0	3
group_1868	core	3	sin_COG	0	3
group_1867	core	3	sin_COG	0	3
tapA	core	3	sin_COG	0	3
group_1858	core	3	sin_COG	0	3
group_1856	core	3	sin_COG	0	3
group_1854	core	3	sin_COG	0	3
group_1849	core	3	sin_COG	0	3
group_1847	core	3	sin_COG	0	3
group_1846	core	3	sin_COG	0	3
group_1842	core	3	sin_COG	0	3
group_1841	core	3	sin_COG	0	3
group_1839	core	3	sin_COG	0	3
group_1837	core	3	sin_COG	0	3
group_1832	shell	2	sin_COG	0	3
group_1827	core	3	sin_COG	0	3
group_1826	core	3	sin_COG	0	3
group_1821	core	3	sin_COG	0	4
group_1816	core	3	sin_COG	0	3
group_1815	core	3	sin_COG	0	3
group_1804	shell	2	sin_COG	0	3
yfhD	core	3	sin_COG	0	3
group_1797	core	3	sin_COG	0	3
group_1794	shell	2	sin_COG	0	3
yhdG	core	3	sin_COG	0	3
group_1791	core	3	sin_COG	0	3
rsmB	core	3	sin_COG	0	3
group_1788	shell	2	sin_COG	0	3
group_1784	core	3	sin_COG	0	3
blaBPU	core	3	sin_COG	0	3
group_1773	core	3	sin_COG	0	3
group_1771	core	3	sin_COG	0	3
group_1766	core	3	sin_COG	0	3
group_1764	core	3	sin_COG	0	3
arsC	core	3	sin_COG	0	3
group_1756	core	3	sin_COG	0	3
bceB	core	3	sin_COG	0	3
group_1754	core	3	sin_COG	0	3
group_1745	core	3	sin_COG	0	3
group_1740	core	3	sin_COG	0	3
yfmL	core	3	sin_COG	0	3
group_1738	core	3	sin_COG	0	3
chbR	shell	2	sin_COG	0	3
group_1733	core	3	sin_COG	0	3
group_1732	core	3	sin_COG	0	3
group_1729	core	3	sin_COG	0	3
folE2	core	3	sin_COG	0	3
group_1724	core	3	sin_COG	0	3
group_1722	core	3	sin_COG	0	3
group_1717	core	3	sin_COG	0	3
group_1716	core	3	sin_COG	0	3
group_1712	core	3	sin_COG	0	3
group_1706	core	3	sin_COG	0	3
group_1704	shell	2	sin_COG	0	3
group_1695	core	3	sin_COG	0	3
comGD	core	3	sin_COG	0	3
group_1692	core	3	sin_COG	0	3
yfmJ	core	3	sin_COG	0	4
miaA	core	3	sin_COG	0	3
gerE	core	3	D	2	2
group_1679	core	3	sin_COG	0	3
bglS	shell	2	sin_COG	0	3
group_1669	core	3	sin_COG	0	3
cysL	core	3	sin_COG	0	3
group_1658	core	3	sin_COG	0	3
group_1656	shell	2	sin_COG	0	4
group_1655	core	3	sin_COG	0	3
group_1653	core	3	sin_COG	0	3
osmC	core	3	sin_COG	0	3
group_1652	core	3	sin_COG	0	3
group_1651	core	3	sin_COG	0	3
group_1647	shell	2	sin_COG	0	3
group_1642	core	3	sin_COG	0	3
group_1639	core	3	sin_COG	0	3
group_1635	core	3	sin_COG	0	3
group_1632	core	3	sin_COG	0	3
group_1629	core	3	sin_COG	0	3
comGB	core	3	sin_COG	0	3
group_1625	core	3	sin_COG	0	3
group_1623	core	3	sin_COG	0	3
group_1622	core	3	sin_COG	0	3
group_1621	core	3	sin_COG	0	3
group_1620	core	3	sin_COG	0	3
group_1619	core	3	sin_COG	0	3
group_1617	core	3	sin_COG	0	3
group_1609	core	3	sin_COG	0	3
rpsP	core	3	J	3	3
group_1605	shell	2	sin_COG	0	2
group_1604	core	3	sin_COG	0	3
group_1602	core	3	sin_COG	0	3
group_1598	core	3	sin_COG	0	3
group_1597	core	3	sin_COG	0	3
group_1596	core	3	sin_COG	0	3
sdaAB	core	3	sin_COG	0	3
hisJ	core	3	sin_COG	0	3
group_1592	core	3	sin_COG	0	3
ribD	core	3	sin_COG	0	3
group_1586	core	3	sin_COG	0	3
spoVM	core	3	sin_COG	0	0
group_1547	core	3	sin_COG	0	0
group_1545	core	3	sin_COG	0	3
group_1542	shell	2	sin_COG	0	3
group_1526	shell	2	sin_COG	0	3
yrzI	shell	2	sin_COG	0	3
group_1515	core	3	sin_COG	0	3
group_1514	core	3	sin_COG	0	3
group_1508	core	3	sin_COG	0	3
group_1507	core	3	sin_COG	0	3
ytzI	core	3	sin_COG	0	3
rpmG	core	3	sin_COG	0	3
group_1498	core	3	sin_COG	0	1
group_1492	core	3	sin_COG	0	3
group_1488	shell	2	sin_COG	0	3
group_1485	shell	2	sin_COG	0	2
group_1484	core	3	sin_COG	0	3
yqgO	core	3	sin_COG	0	3
group_1475	core	3	sin_COG	0	3
group_1454	core	3	sin_COG	0	3
rpmB	core	3	sin_COG	0	3
group_1453	core	3	sin_COG	0	3
group_1450	core	3	sin_COG	0	3
yozE	core	3	sin_COG	0	3
group_1447	core	3	sin_COG	0	3
group_1444	core	3	sin_COG	0	3
rpoZ	core	3	sin_COG	0	3
cspC	shell	2	K	3	3
group_1424	core	3	sin_COG	0	3
group_1423	core	3	sin_COG	0	3
ymzA	core	3	sin_COG	0	3
group_1414	core	3	sin_COG	0	3
hfq	core	3	sin_COG	0	3
yidD	core	3	sin_COG	0	3
group_1398	core	3	sin_COG	0	3
acpP	core	3	I	3	3
group_1397	core	3	sin_COG	0	3
group_1394	core	3	sin_COG	0	3
group_1386	core	3	sin_COG	0	3
yqgY	core	3	sin_COG	0	3
khpA	core	3	sin_COG	0	3
group_1375	core	3	sin_COG	0	3
group_1373	core	3	sin_COG	0	3
group_1372	core	3	sin_COG	0	3
yozN	core	3	sin_COG	0	3
group_1362	core	3	sin_COG	0	3
remA	core	3	sin_COG	0	3
group_1361	core	3	sin_COG	0	3
group_1355	core	3	sin_COG	0	3
group_1340	core	3	sin_COG	0	3
comGC	core	3	sin_COG	0	3
group_1334	core	3	sin_COG	0	3
group_1333	shell	2	sin_COG	0	3
group_1329	core	3	sin_COG	0	3
trxA	core	3	O	3	3
fliE	core	3	sin_COG	0	3
group_1317	core	3	sin_COG	0	3
group_1313	core	3	sin_COG	0	3
group_1311	core	3	sin_COG	0	3
czrA	core	3	sin_COG	0	3
tnrA	core	3	sin_COG	0	3
group_1302	core	3	sin_COG	0	3
group_1301	core	3	sin_COG	0	3
group_1299	core	3	sin_COG	0	3
group_1293	core	3	sin_COG	0	3
group_1289	core	3	sin_COG	0	3
group_1287	core	3	sin_COG	0	3
rplS	core	3	sin_COG	0	3
group_1284	core	3	sin_COG	0	3
group_1283	core	3	sin_COG	0	3
group_1275	core	3	sin_COG	0	3
group_1274	core	3	sin_COG	0	3
group_1273	core	3	sin_COG	0	3
group_1271	core	3	sin_COG	0	3
group_1269	core	3	sin_COG	0	3
group_1268	core	3	sin_COG	0	3
group_1262	core	3	sin_COG	0	3
group_1255	core	3	sin_COG	0	3
group_1250	core	3	sin_COG	0	3
mgsR	core	3	sin_COG	0	3
group_1246	core	3	sin_COG	0	3
ylqD	core	3	sin_COG	0	3
flgB	core	3	sin_COG	0	3
nrdI	core	3	sin_COG	0	3
group_1229	core	3	sin_COG	0	3
ymaF	core	3	sin_COG	0	3
group_1226	shell	2	sin_COG	0	3
group_1221	core	3	sin_COG	0	3
group_1218	core	3	sin_COG	0	3
group_1201	shell	2	sin_COG	0	3
yfmP	core	3	sin_COG	0	3
group_1196	core	3	sin_COG	0	3
group_1187	core	3	sin_COG	0	3
group_1186	core	3	sin_COG	0	3
group_1181	core	3	sin_COG	0	3
group_1180	core	3	sin_COG	0	3
group_1171	core	3	sin_COG	0	3
flgC	core	3	sin_COG	0	3
group_1164	core	3	sin_COG	0	3
group_1160	core	3	sin_COG	0	3
ykoM	core	3	sin_COG	0	3
group_1146	core	3	sin_COG	0	3
luxS	core	3	sin_COG	0	3
group_1142	core	3	sin_COG	0	3
group_1132	core	3	sin_COG	0	3
group_1129	core	3	sin_COG	0	3
group_1125	shell	2	sin_COG	0	3
hmoB	core	3	sin_COG	0	3
group_1121	core	3	sin_COG	0	3
yezG	core	3	sin_COG	0	3
comGF	core	3	sin_COG	0	3
khtT	core	3	sin_COG	0	3
mltG	core	3	sin_COG	0	3
group_1093	core	3	sin_COG	0	3
ylaC	core	3	sin_COG	0	3
group_1090	core	3	sin_COG	0	3
group_1089	core	3	sin_COG	0	3
group_1088	core	3	sin_COG	0	3
cbrC	core	3	sin_COG	0	3
group_1082	core	3	sin_COG	0	3
group_1080	core	3	sin_COG	0	3
rimM	core	3	sin_COG	0	3
group_1062	core	3	sin_COG	0	3
hslV	core	3	sin_COG	0	3
group_1043	core	3	sin_COG	0	3
group_1042	core	3	sin_COG	0	3
fapR	core	3	sin_COG	0	3
sipW	core	3	sin_COG	0	3
group_1031	core	3	sin_COG	0	3
group_1030	core	3	sin_COG	0	3
group_1028	core	3	sin_COG	0	3
group_1024	core	3	sin_COG	0	3
group_1020	core	3	sin_COG	0	3
group_1017	core	3	sin_COG	0	3
group_1014	core	3	sin_COG	0	3
cysC	core	3	sin_COG	0	3
group_1011	core	3	sin_COG	0	3
rpsD	core	3	J	3	3
yrhH	shell	2	sin_COG	0	3
group_1007	core	3	sin_COG	0	3
group_1006	core	3	sin_COG	0	3
group_1002	core	3	sin_COG	0	3
gmk	core	3	sin_COG	0	3
group_999	core	3	sin_COG	0	3
hpr	core	3	sin_COG	0	3
group_994	core	3	sin_COG	0	3
group_978	core	3	sin_COG	0	3
group_974	core	3	sin_COG	0	3
group_971	core	3	sin_COG	0	3
group_969	core	3	sin_COG	0	3
group_968	core	3	sin_COG	0	3
group_965	core	3	sin_COG	0	3
rpe	core	3	sin_COG	0	3
group_957	core	3	sin_COG	0	3
group_955	core	3	sin_COG	0	3
refZ	core	3	sin_COG	0	3
group_947	core	3	sin_COG	0	3
group_940	shell	2	sin_COG	0	3
graR	core	3	sin_COG	0	3
group_934	core	3	sin_COG	0	3
alsE	core	3	sin_COG	0	3
group_929	core	3	sin_COG	0	3
group_924	core	3	sin_COG	0	3
group_923	core	3	sin_COG	0	3
cysH	core	3	sin_COG	0	3
group_921	core	3	sin_COG	0	3
yvrH	core	3	sin_COG	0	3
group_919	core	3	sin_COG	0	3
group_915	core	3	sin_COG	0	3
group_909	core	3	sin_COG	0	3
group_906	core	3	sin_COG	0	3
rph	core	3	sin_COG	0	3
group_895	core	3	sin_COG	0	3
group_893	core	3	sin_COG	0	3
trmD	core	3	sin_COG	0	3
group_890	core	3	sin_COG	0	3
group_888	core	3	sin_COG	0	3
rnc	core	3	sin_COG	0	3
group_886	core	3	sin_COG	0	3
sigI	core	3	sin_COG	0	3
group_880	core	3	sin_COG	0	3
group_876	core	3	sin_COG	0	3
group_874	core	3	sin_COG	0	3
group_873	core	3	sin_COG	0	3
sdhB	core	3	sin_COG	0	3
group_869	core	3	sin_COG	0	3
group_867	core	3	sin_COG	0	3
group_861	core	3	sin_COG	0	3
group_859	core	3	sin_COG	0	3
group_852	core	3	sin_COG	0	3
codY	core	3	K	3	3
group_847	core	3	sin_COG	0	3
group_843	core	3	sin_COG	0	3
group_839	core	3	sin_COG	0	3
terC	core	3	sin_COG	0	3
yqhG	core	3	sin_COG	0	3
tasA	core	3	sin_COG	0	3
group_825	core	3	sin_COG	0	3
group_822	core	3	sin_COG	0	3
pstB	core	3	sin_COG	0	3
racE	core	3	sin_COG	0	3
group_817	core	3	sin_COG	0	3
menB	core	3	H	3	3
menH	core	3	sin_COG	0	3
group_808	core	3	sin_COG	0	3
degV	core	3	sin_COG	0	3
group_797	core	3	sin_COG	0	3
ylqF	core	3	sin_COG	0	3
yofA	core	3	sin_COG	0	3
czcR	core	3	sin_COG	0	3
yhaX	core	3	sin_COG	0	3
rsbT	core	3	sin_COG	0	3
yicC	core	3	sin_COG	0	3
prsA	core	3	sin_COG	0	3
pstA	core	3	sin_COG	0	3
lysR	core	3	sin_COG	0	3
ywqM	core	3	sin_COG	0	3
rsgA	core	3	sin_COG	0	3
htpX	core	3	sin_COG	0	3
group_759	core	3	sin_COG	0	3
dprA	core	3	sin_COG	0	3
sucD	core	3	C	3	3
sdaAA	core	3	sin_COG	0	3
group_743	core	3	sin_COG	0	3
xerC	core	3	sin_COG	0	3
group_740	shell	2	sin_COG	0	3
group_739	core	3	sin_COG	0	3
hemH	core	3	sin_COG	0	3
pstC	core	3	sin_COG	0	3
group_736	core	3	sin_COG	0	3
group_728	core	3	sin_COG	0	3
group_723	core	3	sin_COG	0	3
fabD	core	3	sin_COG	0	3
group_716	core	3	sin_COG	0	3
fmt	core	3	sin_COG	0	3
yhaM	core	3	sin_COG	0	3
spoVK	core	3	sin_COG	0	3
group_706	core	3	sin_COG	0	3
group_698	core	3	sin_COG	0	3
pdhB	core	3	C	3	3
nrdF	core	3	F	3	3
ftsY	core	3	sin_COG	0	3
group_689	core	3	sin_COG	0	3
group_688	core	3	sin_COG	0	3
plsX	core	3	sin_COG	0	3
group_681	core	3	sin_COG	0	3
fliG	core	3	sin_COG	0	3
group_673	core	3	sin_COG	0	3
group_660	core	3	sin_COG	0	3
group_652	core	3	sin_COG	0	3
ydjN	core	3	sin_COG	0	3
group_651	shell	2	sin_COG	0	3
group_650	core	3	sin_COG	0	3
group_647	core	3	sin_COG	0	3
hemE	core	3	sin_COG	0	3
group_645	core	3	sin_COG	0	3
group_642	core	3	sin_COG	0	3
comGA	core	3	sin_COG	0	3
sunS	core	3	sin_COG	0	3
serC	core	3	sin_COG	0	3
group_630	core	3	sin_COG	0	3
rlmN	core	3	sin_COG	0	3
gcvT	core	3	sin_COG	0	3
group_618	core	3	sin_COG	0	3
group_617	core	3	sin_COG	0	3
group_614	core	3	sin_COG	0	3
group_613	core	3	sin_COG	0	3
ispG	core	3	I	3	3
group_604	core	3	sin_COG	0	3
menC	core	3	sin_COG	0	3
group_601	core	3	sin_COG	0	3
group_596	core	3	sin_COG	0	3
sat	core	3	sin_COG	0	3
nifS	core	3	sin_COG	0	3
group_588	core	3	sin_COG	0	3
group_586	core	3	sin_COG	0	3
sucC	core	3	sin_COG	0	3
ydbM	core	3	sin_COG	0	3
metC	core	3	sin_COG	0	3
group_569	core	3	sin_COG	0	3
dltB	core	3	sin_COG	0	3
group_566	core	3	sin_COG	0	3
group_562	core	3	sin_COG	0	3
thiI	core	3	sin_COG	0	3
fdhA	shell	2	sin_COG	0	3
group_552	core	3	sin_COG	0	3
coaBC	core	3	sin_COG	0	3
ecsB	core	3	sin_COG	0	3
group_550	core	3	sin_COG	0	3
group_546	core	3	sin_COG	0	3
group_543	core	3	sin_COG	0	3
group_541	core	3	sin_COG	0	3
group_536	core	3	sin_COG	0	3
group_530	core	3	sin_COG	0	3
group_529	core	3	sin_COG	0	3
hflX	core	3	sin_COG	0	3
group_523	core	3	sin_COG	0	3
group_521	core	3	sin_COG	0	3
group_517	core	3	sin_COG	0	3
group_516	core	3	sin_COG	0	3
group_514	core	3	sin_COG	0	3
group_507	core	3	sin_COG	0	3
trmFO	core	3	sin_COG	0	3
puuP	core	3	sin_COG	0	3
group_494	core	3	sin_COG	0	3
group_493	core	3	sin_COG	0	3
glnA	core	3	E	3	3
group_490	core	3	sin_COG	0	3
group_488	core	3	sin_COG	0	3
brnQ	core	3	sin_COG	0	3
ffh	core	3	sin_COG	0	3
aceF	core	3	C	3	3
gcvPA	core	3	sin_COG	0	3
group_487	core	3	sin_COG	0	3
group_484	core	3	sin_COG	0	3
group_482	core	3	sin_COG	0	3
mgtE	core	3	sin_COG	0	3
gabP	core	3	sin_COG	0	3
hslU	core	3	sin_COG	0	3
group_469	core	3	C	3	3
hemY	core	3	sin_COG	0	3
group_467	shell	2	sin_COG	0	3
menF	core	3	sin_COG	0	3
araA	core	3	sin_COG	0	3
group_464	shell	2	sin_COG	0	3
sdcS	core	3	sin_COG	0	3
group_462	core	3	sin_COG	0	3
dbpA	core	3	sin_COG	0	3
group_457	core	3	sin_COG	0	3
iolA	core	3	sin_COG	0	3
gcvPB	core	3	sin_COG	0	3
group_452	core	3	sin_COG	0	3
group_446	core	3	sin_COG	0	3
group_443	core	3	sin_COG	0	3
cotA	core	3	sin_COG	0	3
opuD	core	3	sin_COG	0	3
group_433	core	3	sin_COG	0	3
guaA	core	3	F	3	3
group_432	core	3	sin_COG	0	3
group_430	core	3	R	3	3
mbcS	core	3	sin_COG	0	3
fliF	core	3	sin_COG	0	3
citS	core	3	sin_COG	0	3
group_423	core	3	sin_COG	0	3
group_420	core	3	sin_COG	0	3
leuA	shell	2	sin_COG	0	3
rapA	core	3	sin_COG	0	3
dhaL	core	3	sin_COG	0	3
ezrA	core	3	sin_COG	0	3
group_411	core	3	sin_COG	0	3
rqcH	core	3	sin_COG	0	3
group_405	core	3	sin_COG	0	3
menD	core	3	sin_COG	0	3
group_398	core	3	sin_COG	0	3
sdhA	core	3	C	3	3
uvrC	core	3	sin_COG	0	3
typA	core	3	T	3	3
group_382	core	3	sin_COG	0	3
group_377	core	3	sin_COG	0	3
pknB	core	3	sin_COG	0	3
group_369	core	3	sin_COG	0	3
recG	core	3	sin_COG	0	3
topA	core	3	sin_COG	0	3
nrdE	core	3	sin_COG	0	3
group_361	core	3	sin_COG	0	3
group_360	core	3	sin_COG	0	3
group_356	core	3	sin_COG	0	3
group_355	core	3	sin_COG	0	3
group_353	core	3	sin_COG	0	3
group_352	core	3	sin_COG	0	3
priA	core	3	sin_COG	0	3
group_350	core	3	sin_COG	0	3
group_347	core	3	sin_COG	0	3
group_346	core	3	sin_COG	0	3
smc	core	3	sin_COG	0	3
group_309	shell	2	sin_COG	0	3
group_278	shell	2	sin_COG	0	3
group_270	shell	2	sin_COG	0	3
group_267	shell	2	sin_COG	0	3
group_230	core	3	sin_COG	0	3
group_227	core	3	sin_COG	0	3
group_223	core	3	sin_COG	0	3
group_221	core	3	sin_COG	0	3
opuAA	core	3	sin_COG	0	3
group_220	core	3	sin_COG	0	3
group_218	core	3	sin_COG	0	3
rocF	core	3	sin_COG	0	3
group_212	core	3	sin_COG	0	3
group_209	core	3	sin_COG	0	3
group_208	core	3	sin_COG	0	3
group_206	core	3	sin_COG	0	3
group_201	core	3	sin_COG	0	3
group_198	core	3	sin_COG	0	3
telA	core	3	sin_COG	0	3
sigW	core	3	K	3	3
zitR	core	3	sin_COG	0	3
group_189	core	3	sin_COG	0	3
group_188	core	3	sin_COG	0	3
group_182	core	3	sin_COG	0	3
stiP	core	3	sin_COG	0	3
ricR	core	3	sin_COG	0	3
group_181	core	3	sin_COG	0	3
group_178	core	3	sin_COG	0	3
ytrA	core	3	sin_COG	0	3
group_177	core	3	sin_COG	0	3
group_176	core	3	sin_COG	0	3
group_172	core	3	sin_COG	0	3
glpT	core	3	sin_COG	0	3
group_161	core	3	sin_COG	0	3
cdaA	core	3	T	3	3
yxeP	core	3	sin_COG	0	3
group_158	core	3	sin_COG	0	3
ldh	core	3	sin_COG	0	3
glmS	core	3	sin_COG	0	3
glmM	core	3	G	3	3
group_154	core	3	sin_COG	0	3
group_153	core	3	sin_COG	0	3
group_148	core	3	sin_COG	0	3
group_143	core	3	sin_COG	0	3
group_141	core	3	sin_COG	0	3
group_139	core	3	sin_COG	0	3
group_136	core	3	sin_COG	0	3
fabG	core	3	sin_COG	0	3
group_130	core	3	sin_COG	0	3
group_128	core	3	sin_COG	0	3
group_127	core	3	sin_COG	0	3
group_121	core	3	sin_COG	0	3
ybbR	core	3	sin_COG	0	3
group_113	core	3	sin_COG	0	3
group_112	core	3	sin_COG	0	3
group_110	core	3	sin_COG	0	3
opuAB	core	3	sin_COG	0	3
group_104	core	3	sin_COG	0	3
group_103	core	3	sin_COG	0	3
group_102	core	3	sin_COG	0	3
group_101	core	3	sin_COG	0	3
group_96	core	3	sin_COG	0	3
proS	core	3	sin_COG	0	5
group_93	shell	2	sin_COG	0	3
group_92	shell	2	sin_COG	0	2
yfcC	core	3	sin_COG	0	3
group_86	core	3	sin_COG	0	3
group_85	core	3	sin_COG	0	3
group_77	core	3	sin_COG	0	3
group_76	core	3	sin_COG	0	3
yxlF	core	3	sin_COG	0	3
group_72	core	3	sin_COG	0	5
padR	shell	2	sin_COG	0	3
rsiW	core	3	sin_COG	0	3
group_58	core	3	sin_COG	0	3
group_57	core	3	sin_COG	0	3
drrA	core	3	sin_COG	0	3
group_48	core	3	sin_COG	0	3
group_44	core	3	sin_COG	0	3
group_40	core	3	sin_COG	0	3
group_29	core	3	sin_COG	0	3
group_28	core	3	sin_COG	0	3
group_27	shell	2	sin_COG	0	3
group_18	shell	2	sin_COG	0	3
rplM	core	3	J	3	3
rplE	core	3	sin_COG	0	3
group_17	core	3	sin_COG	0	3
rplV	core	3	J	3	3
rpmJ	core	3	J	3	3
rplO	core	3	J	3	3
adk	core	3	sin_COG	0	3
group_16	core	3	sin_COG	0	3
group_15	core	3	sin_COG	0	3
rpsC	core	3	J	3	3
sigH	core	3	K	3	3
group_14	core	3	sin_COG	0	3
disA	core	3	sin_COG	0	3
secY	core	3	sin_COG	0	3
group_12	core	3	sin_COG	0	3
mcsB	core	3	sin_COG	0	3
ecfT	core	3	sin_COG	0	3
rplQ	core	3	J	3	3
rplR	core	3	sin_COG	0	3
rpsM	core	3	J	3	3
rplL	core	3	J	3	3
rplN	core	3	J	3	3
truA	core	3	sin_COG	0	3
ispD	core	3	sin_COG	0	3
ctsR	core	3	sin_COG	0	3
rpsQ	core	3	sin_COG	0	3
rpsG	core	3	J	3	3
rplA	core	3	sin_COG	0	3
group_10	core	3	sin_COG	0	3
rpoA	core	3	K	3	3
gerD	core	3	sin_COG	0	3
ispF	core	3	sin_COG	0	3
cwlD	core	3	sin_COG	0	3
secE	core	3	sin_COG	0	3
rpsS	core	3	J	3	3
rplB	core	3	J	3	3
group_9	core	3	sin_COG	0	3
rpsI	core	3	sin_COG	0	3
group_8	core	3	sin_COG	0	3
rpmD	core	3	J	1	3
rpsK	core	3	J	3	3
rpsN	core	3	J	3	3
group_7	core	3	sin_COG	0	3
cysE	core	3	sin_COG	0	3
rplW	core	3	sin_COG	0	3
rpsH	core	3	J	3	3
cysS	core	3	sin_COG	0	3
group_6	core	3	sin_COG	0	3
group_5	core	3	sin_COG	0	3
fusA	core	3	J	3	3
rpsE	core	3	J	3	3
rplJ	core	3	sin_COG	0	3
rpmC	core	3	J	3	3
radA	core	3	sin_COG	0	3
group_3	core	3	sin_COG	0	3
rpsJ	core	3	J	3	3
group_2	core	3	sin_COG	0	3
map	core	3	J	3	3
rplX	core	3	J	3	3
tuf	core	3	J	3	3
rlmB	core	3	sin_COG	0	3
rae1	core	3	sin_COG	0	3
group_1	core	3	sin_COG	0	3
gltX	core	3	sin_COG	0	3
rpsL	core	3	J	3	3
rplD	core	3	J	3	3
clpC	core	3	O	3	3
rplC	core	3	J	3	3
rplK	core	3	J	3	3
infA	core	3	J	3	3
pdaB	core	3	sin_COG	0	3
group_0	core	3	sin_COG	0	3
rpoB	core	3	K	3	3
rpoC	core	3	K	3	3
nusG	core	3	K	3	3
rplF	core	3	sin_COG	0	3
rplP	core	3	J	3	3
phrA1	shell	2	sin_COG	0	2
group_2904	shell	2	sin_COG	0	2
group_2903	shell	2	sin_COG	0	2
group_2902	shell	2	sin_COG	0	2
group_2901	shell	1	sin_COG	0	2
group_2898	shell	2	sin_COG	0	2
group_2897	shell	2	sin_COG	0	2
group_2896	shell	2	sin_COG	0	2
group_2828	shell	2	sin_COG	0	2
group_2809	shell	2	sin_COG	0	2
group_2800	shell	2	sin_COG	0	2
group_2792	shell	2	sin_COG	0	2
group_2789	shell	2	sin_COG	0	2
group_2769	shell	2	sin_COG	0	2
group_2764	shell	2	sin_COG	0	2
group_2754	shell	2	sin_COG	0	2
group_2735	shell	2	sin_COG	0	2
group_2715	shell	1	sin_COG	0	2
group_2714	shell	1	sin_COG	0	2
group_2713	shell	1	sin_COG	0	2
msbA	shell	1	sin_COG	0	2
group_2704	shell	2	sin_COG	0	2
group_2688	shell	2	sin_COG	0	2
group_2681	shell	2	sin_COG	0	2
group_2670	shell	1	sin_COG	0	2
jmjC	shell	2	sin_COG	0	2
group_2641	shell	2	sin_COG	0	2
group_2628	shell	2	sin_COG	0	2
pdxA	shell	1	sin_COG	0	2
group_2596	shell	1	sin_COG	0	2
group_2590	shell	1	sin_COG	0	2
ssuE	shell	1	sin_COG	0	2
ytmI	shell	1	sin_COG	0	2
mauE	shell	1	sin_COG	0	2
group_2533	shell	2	sin_COG	0	2
group_2502	shell	1	sin_COG	0	2
group_2499	shell	1	sin_COG	0	2
group_2386	shell	1	sin_COG	0	2
group_2381	shell	2	sin_COG	0	2
group_2371	shell	1	sin_COG	0	2
tcyM	shell	1	sin_COG	0	2
group_2348	shell	1	sin_COG	0	2
group_2339	shell	2	sin_COG	0	2
tcyN	shell	1	sin_COG	0	2
group_2318	shell	1	sin_COG	0	2
group_2292	shell	2	sin_COG	0	2
tcyL	shell	1	sin_COG	0	2
group_2274	shell	1	sin_COG	0	3
group_2262	shell	1	sin_COG	0	2
group_2261	shell	1	sin_COG	0	3
group_2258	shell	2	sin_COG	0	2
group_2213	shell	1	sin_COG	0	2
group_2184	shell	2	sin_COG	0	2
group_2172	shell	1	sin_COG	0	2
group_2164	shell	2	sin_COG	0	2
group_2162	shell	2	sin_COG	0	2
group_2138	shell	1	sin_COG	0	2
murR	shell	2	sin_COG	0	2
group_2095	shell	1	sin_COG	0	2
group_2085	shell	2	sin_COG	0	2
group_2079	shell	2	sin_COG	0	2
group_2067	shell	2	sin_COG	0	2
group_2066	shell	1	sin_COG	0	2
cynR	shell	1	sin_COG	0	2
group_2026	shell	2	sin_COG	0	2
group_2006	shell	2	sin_COG	0	2
group_1989	shell	2	sin_COG	0	2
group_1975	shell	2	sin_COG	0	1
group_1974	shell	2	sin_COG	0	2
group_1972	shell	2	sin_COG	0	2
group_1969	shell	2	sin_COG	0	2
group_1968	shell	2	sin_COG	0	2
araC	shell	1	sin_COG	0	2
group_1966	shell	2	sin_COG	0	2
group_1965	shell	2	sin_COG	0	2
group_1962	shell	1	sin_COG	0	2
group_1960	shell	2	sin_COG	0	2
group_1959	shell	2	sin_COG	0	2
group_1947	shell	2	sin_COG	0	2
group_1945	shell	2	sin_COG	0	2
group_1944	shell	2	sin_COG	0	2
group_1941	shell	2	sin_COG	0	2
group_1934	shell	2	sin_COG	0	2
group_1927	shell	2	sin_COG	0	3
group_1922	shell	1	sin_COG	0	2
group_1918	shell	2	sin_COG	0	2
group_1913	shell	2	sin_COG	0	2
group_1909	shell	2	sin_COG	0	2
group_1907	shell	2	sin_COG	0	2
group_1888	shell	2	sin_COG	0	2
group_1853	shell	2	sin_COG	0	2
group_1851	shell	2	sin_COG	0	2
group_1824	shell	1	sin_COG	0	2
cmr5	shell	2	sin_COG	0	2
group_1820	shell	2	sin_COG	0	2
group_1805	shell	2	sin_COG	0	2
cmr6	shell	2	sin_COG	0	2
group_1790	shell	2	sin_COG	0	2
group_1789	shell	2	sin_COG	0	2
group_1783	shell	2	sin_COG	0	2
group_1780	shell	2	sin_COG	0	2
group_1776	shell	2	sin_COG	0	2
group_1775	shell	2	sin_COG	0	2
group_1774	shell	2	sin_COG	0	2
cas10	shell	2	sin_COG	0	2
group_1765	shell	2	sin_COG	0	2
group_1752	shell	1	sin_COG	0	2
group_1750	shell	2	sin_COG	0	3
dinB	shell	2	sin_COG	0	2
group_1715	shell	2	sin_COG	0	2
group_1713	shell	2	sin_COG	0	2
group_1711	shell	1	sin_COG	0	2
group_1700	shell	2	sin_COG	0	2
group_1699	shell	2	sin_COG	0	2
group_1698	shell	2	sin_COG	0	2
group_1690	shell	2	sin_COG	0	2
group_1682	shell	2	sin_COG	0	2
group_1667	shell	2	sin_COG	0	2
group_1654	shell	1	sin_COG	0	2
group_1643	shell	2	sin_COG	0	2
group_1614	shell	1	sin_COG	0	2
group_1587	shell	2	sin_COG	0	2
group_1579	shell	1	sin_COG	0	2
group_1539	shell	2	sin_COG	0	2
group_1510	shell	2	sin_COG	0	2
group_1489	shell	2	sin_COG	0	2
group_1486	shell	1	sin_COG	0	1
group_1420	shell	1	sin_COG	0	1
group_1369	shell	2	sin_COG	0	2
group_1368	shell	2	sin_COG	0	2
ywzG	shell	2	sin_COG	0	2
group_1290	shell	2	sin_COG	0	2
group_1256	shell	2	sin_COG	0	1
group_1230	shell	1	sin_COG	0	2
group_1228	shell	2	sin_COG	0	2
group_1216	shell	2	sin_COG	0	2
group_1170	shell	2	sin_COG	0	2
group_1169	shell	2	sin_COG	0	2
group_1122	shell	2	sin_COG	0	2
group_1092	shell	1	sin_COG	0	2
group_1085	shell	2	sin_COG	0	2
group_1056	shell	2	sin_COG	0	2
group_1054	shell	2	sin_COG	0	2
group_1052	shell	2	sin_COG	0	2
group_1048	shell	2	sin_COG	0	2
group_1037	shell	1	sin_COG	0	2
group_1036	shell	1	sin_COG	0	2
group_1018	shell	2	sin_COG	0	2
group_1001	shell	2	sin_COG	0	2
group_986	shell	2	sin_COG	0	2
group_966	shell	2	sin_COG	0	2
group_963	shell	1	sin_COG	0	2
group_958	shell	2	sin_COG	0	2
group_898	shell	2	sin_COG	0	2
group_858	shell	2	sin_COG	0	2
group_823	shell	2	sin_COG	0	2
group_795	shell	2	sin_COG	0	2
cmr4	shell	2	sin_COG	0	2
group_772	shell	2	sin_COG	0	2
group_693	shell	1	sin_COG	0	2
group_690	shell	2	sin_COG	0	2
group_686	shell	2	sin_COG	0	2
yfiQ	shell	1	sin_COG	0	2
group_655	shell	2	sin_COG	0	2
group_653	shell	2	sin_COG	0	2
group_636	shell	2	sin_COG	0	2
group_635	shell	2	sin_COG	0	2
group_628	shell	2	sin_COG	0	2
group_599	shell	2	sin_COG	0	2
group_597	shell	2	sin_COG	0	2
group_595	shell	2	sin_COG	0	2
group_590	shell	2	sin_COG	0	2
group_577	shell	2	sin_COG	0	2
group_576	shell	2	sin_COG	0	2
group_561	shell	2	sin_COG	0	2
group_560	shell	1	sin_COG	0	2
cmr3	shell	2	sin_COG	0	2
group_544	shell	2	sin_COG	0	2
ftsW	shell	2	sin_COG	0	2
bacE	shell	1	sin_COG	0	2
group_533	shell	2	sin_COG	0	2
group_532	shell	2	sin_COG	0	2
group_504	shell	2	sin_COG	0	2
group_478	shell	1	sin_COG	0	2
group_475	shell	2	sin_COG	0	2
group_459	shell	2	sin_COG	0	2
group_410	shell	2	sin_COG	0	2
group_386	shell	2	sin_COG	0	2
asnB	shell	2	sin_COG	0	2
group_357	shell	1	sin_COG	0	2
group_325	shell	2	sin_COG	0	2
ydhC	shell	1	sin_COG	0	2
adaA~~~araC	shell	1	sin_COG	0	2
group_288	shell	2	sin_COG	0	2
group_282	shell	2	sin_COG	0	2
group_258	shell	2	sin_COG	0	2
eamA	shell	1	sin_COG	0	2
group_246	shell	1	sin_COG	0	2
asbA	shell	2	sin_COG	0	2
group_229	shell	1	sin_COG	0	2
group_219	shell	2	sin_COG	0	2
group_216	shell	2	sin_COG	0	2
group_202	shell	2	sin_COG	0	2
skfF	shell	2	sin_COG	0	2
group_173	shell	2	sin_COG	0	2
group_167	shell	2	sin_COG	0	2
skfE	shell	2	sin_COG	0	2
group_123	shell	2	sin_COG	0	2
group_118	shell	2	sin_COG	0	3
group_117	shell	1	sin_COG	0	2
group_106	shell	2	sin_COG	0	2
group_99	shell	1	sin_COG	0	2
group_84	shell	2	sin_COG	0	2
group_83	shell	2	sin_COG	0	2
group_71	shell	2	sin_COG	0	2
group_56	shell	2	sin_COG	0	2
tetR	shell	2	sin_COG	0	2
group_51	shell	2	sin_COG	0	2
fabF	shell	2	sin_COG	0	2
tnp	shell	1	sin_COG	0	1
group_2900	exclusivo	0	sin_COG	0	1
group_2899	exclusivo	0	sin_COG	0	1
group_2861	shell	1	sin_COG	0	1
group_2860	shell	1	sin_COG	0	1
group_2855	shell	1	sin_COG	0	1
fokI	shell	1	sin_COG	0	1
group_2851	shell	1	sin_COG	0	1
group_2850	shell	1	sin_COG	0	1
group_2849	shell	1	sin_COG	0	1
group_2848	shell	1	sin_COG	0	1
group_2844	shell	1	sin_COG	0	1
hssR	shell	1	sin_COG	0	1
group_2842	shell	1	sin_COG	0	1
group_2841	shell	1	sin_COG	0	1
group_2839	shell	1	sin_COG	0	1
group_2838	shell	1	sin_COG	0	1
group_2831	shell	1	sin_COG	0	1
group_2819	shell	1	sin_COG	0	1
group_2818	shell	1	sin_COG	0	1
group_2814	shell	1	sin_COG	0	1
group_2813	shell	1	sin_COG	0	1
hssS	shell	1	sin_COG	0	1
group_2808	shell	1	sin_COG	0	1
group_2798	shell	1	sin_COG	0	1
group_2795	shell	1	sin_COG	0	1
group_2793	shell	1	sin_COG	0	1
group_2786	shell	1	sin_COG	0	1
dhbC	shell	1	sin_COG	0	1
group_2777	shell	1	sin_COG	0	1
group_2774	shell	1	sin_COG	0	1
group_2767	shell	1	sin_COG	0	1
group_2755	shell	1	sin_COG	0	1
group_2749	shell	1	sin_COG	0	1
group_2748	shell	1	sin_COG	0	1
group_2745	shell	1	sin_COG	0	1
group_2744	shell	1	sin_COG	0	1
htpG	shell	1	O	1	1
group_2743	shell	1	sin_COG	0	1
group_2741	shell	1	sin_COG	0	1
group_2740	shell	1	sin_COG	0	1
group_2738	shell	1	sin_COG	0	1
group_2737	shell	1	sin_COG	0	1
mbtH	shell	1	sin_COG	0	1
group_2736	shell	1	sin_COG	0	1
group_2733	shell	1	sin_COG	0	1
group_2731	shell	1	sin_COG	0	1
group_2730	shell	1	sin_COG	0	1
group_2729	shell	1	sin_COG	0	1
group_2727	exclusivo	0	sin_COG	0	1
group_2725	shell	1	sin_COG	0	1
group_2723	shell	1	sin_COG	0	1
group_2709	shell	1	sin_COG	0	1
secB	shell	1	sin_COG	0	1
group_2708	exclusivo	0	sin_COG	0	1
group_2695	shell	1	sin_COG	0	1
group_2694	shell	1	sin_COG	0	1
group_2685	shell	1	sin_COG	0	1
group_2648	shell	1	sin_COG	0	1
group_2643	exclusivo	0	sin_COG	0	1
group_2633	shell	1	sin_COG	0	1
group_2625	shell	1	sin_COG	0	1
group_2622	shell	1	sin_COG	0	1
group_2616	shell	1	sin_COG	0	1
group_2615	shell	1	sin_COG	0	1
group_2610	shell	1	sin_COG	0	1
group_2607	shell	1	sin_COG	0	1
group_2606	shell	1	sin_COG	0	1
group_2605	shell	1	sin_COG	0	1
group_2604	shell	1	sin_COG	0	1
group_2603	shell	1	sin_COG	0	1
group_2602	shell	1	sin_COG	0	1
group_2601	shell	1	sin_COG	0	1
group_2600	shell	1	sin_COG	0	1
group_2599	shell	1	sin_COG	0	1
group_2598	exclusivo	0	sin_COG	0	1
group_2589	shell	1	sin_COG	0	0
group_2578	shell	1	sin_COG	0	1
group_2577	shell	1	sin_COG	0	1
group_2575	shell	1	sin_COG	0	1
group_2573	shell	1	sin_COG	0	1
group_2572	shell	1	sin_COG	0	1
group_2564	shell	1	sin_COG	0	1
group_2557	shell	1	sin_COG	0	1
group_2555	shell	1	sin_COG	0	1
bppU	shell	1	sin_COG	0	1
group_2550	exclusivo	0	sin_COG	0	1
group_2549	shell	1	sin_COG	0	1
group_2545	shell	1	sin_COG	0	1
group_2544	exclusivo	0	sin_COG	0	1
group_2538	shell	1	sin_COG	0	1
group_2532	shell	1	sin_COG	0	1
comX	shell	1	sin_COG	0	1
group_2526	shell	1	sin_COG	0	1
group_2523	exclusivo	0	sin_COG	0	1
group_2521	shell	1	sin_COG	0	1
group_2519	shell	1	sin_COG	0	1
group_2518	shell	1	sin_COG	0	1
group_2514	shell	1	sin_COG	0	1
group_2513	shell	1	sin_COG	0	1
group_2512	shell	1	sin_COG	0	1
group_2510	shell	1	sin_COG	0	1
group_2504	shell	1	sin_COG	0	1
group_2503	shell	1	sin_COG	0	1
group_2500	shell	1	sin_COG	0	1
group_2498	shell	1	sin_COG	0	1
group_2497	exclusivo	0	sin_COG	0	1
group_2491	shell	1	sin_COG	0	1
group_2489	shell	1	sin_COG	0	1
group_2482	exclusivo	0	sin_COG	0	1
group_2480	shell	1	sin_COG	0	1
group_2475	shell	1	sin_COG	0	1
group_2469	shell	1	sin_COG	0	1
group_2466	shell	1	sin_COG	0	1
group_2465	shell	1	sin_COG	0	1
group_2462	shell	1	sin_COG	0	1
group_2460	shell	1	sin_COG	0	1
group_2447	shell	1	sin_COG	0	1
group_2444	shell	1	sin_COG	0	1
group_2442	shell	1	sin_COG	0	1
group_2435	shell	1	sin_COG	0	1
group_2434	shell	1	sin_COG	0	1
group_2433	shell	1	sin_COG	0	1
group_2429	shell	1	sin_COG	0	1
group_2425	shell	1	sin_COG	0	1
group_2418	shell	1	sin_COG	0	1
group_2408	exclusivo	0	sin_COG	0	1
group_2406	shell	1	sin_COG	0	1
group_2404	shell	1	sin_COG	0	1
pqqD	shell	1	sin_COG	0	1
group_2391	shell	1	sin_COG	0	1
dnaB	shell	1	sin_COG	0	1
group_2385	shell	1	sin_COG	0	1
group_2380	shell	1	sin_COG	0	1
group_2378	shell	1	sin_COG	0	1
group_2376	exclusivo	0	sin_COG	0	1
group_2366	shell	1	sin_COG	0	1
group_2364	shell	1	sin_COG	0	1
group_2362	exclusivo	0	sin_COG	0	1
group_2361	shell	1	sin_COG	0	1
group_2360	shell	1	sin_COG	0	1
rapA2	shell	1	sin_COG	0	1
group_2356	shell	1	sin_COG	0	1
group_2352	shell	1	sin_COG	0	1
group_2345	shell	1	sin_COG	0	1
group_2319	exclusivo	0	sin_COG	0	1
group_2314	shell	1	sin_COG	0	1
group_2313	shell	1	sin_COG	0	1
group_2312	shell	1	sin_COG	0	1
group_2309	shell	1	sin_COG	0	1
group_2306	shell	1	sin_COG	0	1
group_2303	shell	1	sin_COG	0	1
group_2290	shell	1	sin_COG	0	1
group_2287	shell	1	sin_COG	0	1
group_2272	shell	1	sin_COG	0	1
group_2268	shell	1	sin_COG	0	1
group_2251	shell	1	sin_COG	0	1
group_2240	shell	1	sin_COG	0	1
group_2226	shell	1	sin_COG	0	1
group_2221	exclusivo	0	sin_COG	0	1
group_2219	shell	1	sin_COG	0	1
group_2214	shell	1	sin_COG	0	1
group_2212	shell	1	sin_COG	0	1
group_2205	shell	1	sin_COG	0	1
group_2197	shell	1	sin_COG	0	1
group_2194	shell	1	sin_COG	0	1
group_2180	shell	1	sin_COG	0	1
group_2169	shell	1	sin_COG	0	1
group_2165	shell	1	sin_COG	0	1
group_2153	shell	1	sin_COG	0	1
group_2144	shell	1	sin_COG	0	1
group_2139	shell	1	sin_COG	0	1
group_2132	shell	1	sin_COG	0	1
group_2119	shell	1	sin_COG	0	1
hsdM	shell	1	V	1	1
group_2110	shell	1	sin_COG	0	1
group_2086	shell	1	sin_COG	0	1
group_2084	shell	1	sin_COG	0	1
group_2068	shell	1	sin_COG	0	1
group_2059	shell	1	V	1	1
group_2056	shell	1	sin_COG	0	1
group_2053	shell	1	sin_COG	0	1
group_2051	shell	1	sin_COG	0	1
group_2050	shell	1	sin_COG	0	1
group_2048	shell	1	sin_COG	0	1
group_2045	shell	1	sin_COG	0	1
group_2028	shell	1	sin_COG	0	1
group_1984	shell	1	sin_COG	0	1
group_1983	shell	1	sin_COG	0	1
group_1982	shell	1	sin_COG	0	1
group_1981	shell	1	sin_COG	0	1
group_1578	shell	1	sin_COG	0	1
group_1577	shell	1	sin_COG	0	1
group_1576	shell	1	sin_COG	0	1
group_1575	shell	1	sin_COG	0	1
group_1574	shell	1	sin_COG	0	1
group_1573	shell	1	sin_COG	0	1
group_1572	shell	1	sin_COG	0	1
group_1571	shell	1	sin_COG	0	1
group_1570	shell	1	sin_COG	0	1
group_1569	shell	1	sin_COG	0	1
group_1568	shell	1	sin_COG	0	1
group_1567	shell	1	sin_COG	0	1
group_1566	shell	1	sin_COG	0	1
group_1565	shell	1	sin_COG	0	1
group_1564	shell	1	sin_COG	0	1
group_1563	shell	1	sin_COG	0	1
group_1562	shell	1	sin_COG	0	1
group_1561	shell	1	sin_COG	0	1
group_1560	shell	1	sin_COG	0	1
group_1559	shell	1	sin_COG	0	1
group_1558	shell	1	sin_COG	0	1
group_1557	shell	1	sin_COG	0	1
group_1556	shell	1	sin_COG	0	1
group_1555	shell	1	sin_COG	0	1
group_1554	shell	1	sin_COG	0	1
group_1553	shell	1	sin_COG	0	1
group_1552	shell	1	sin_COG	0	1
group_1551	shell	1	sin_COG	0	1
group_1550	shell	1	sin_COG	0	1
group_1549	shell	1	sin_COG	0	1
group_1548	shell	1	sin_COG	0	1
group_1546	exclusivo	0	sin_COG	0	1
group_1544	exclusivo	0	sin_COG	0	1
group_1541	shell	1	sin_COG	0	1
group_1540	shell	1	sin_COG	0	1
group_1538	shell	1	sin_COG	0	1
group_1537	shell	1	sin_COG	0	1
group_1533	shell	1	sin_COG	0	1
group_1532	shell	1	sin_COG	0	1
group_1530	shell	1	sin_COG	0	1
group_1529	shell	1	sin_COG	0	1
group_1528	shell	1	sin_COG	0	1
group_1522	shell	1	sin_COG	0	1
group_1520	shell	1	sin_COG	0	1
group_1519	shell	1	sin_COG	0	1
group_1517	shell	1	sin_COG	0	1
group_1516	shell	1	sin_COG	0	1
group_1512	exclusivo	0	sin_COG	0	1
group_1511	shell	1	sin_COG	0	1
group_1509	shell	1	sin_COG	0	1
group_1506	exclusivo	0	sin_COG	0	1
group_1505	shell	1	sin_COG	0	1
group_1504	shell	1	sin_COG	0	1
group_1503	shell	1	sin_COG	0	1
group_1501	shell	1	sin_COG	0	1
group_1500	shell	1	sin_COG	0	1
group_1499	shell	1	sin_COG	0	1
group_1496	shell	1	sin_COG	0	1
group_1495	shell	1	sin_COG	0	1
group_1494	shell	1	sin_COG	0	1
group_1491	shell	1	sin_COG	0	1
group_1490	shell	1	sin_COG	0	1
group_1482	shell	1	sin_COG	0	1
group_1480	shell	1	sin_COG	0	1
group_1476	shell	1	sin_COG	0	1
group_1474	shell	1	sin_COG	0	1
group_1473	shell	1	sin_COG	0	1
group_1471	shell	1	sin_COG	0	1
group_1470	shell	1	sin_COG	0	1
group_1467	shell	1	sin_COG	0	1
group_1466	shell	1	sin_COG	0	1
group_1465	shell	1	sin_COG	0	1
group_1464	shell	1	sin_COG	0	1
group_1459	shell	1	sin_COG	0	1
group_1458	shell	1	sin_COG	0	1
group_1457	shell	1	sin_COG	0	1
group_1455	shell	1	sin_COG	0	1
group_1452	shell	1	sin_COG	0	1
group_1451	shell	1	sin_COG	0	1
group_1449	shell	1	sin_COG	0	1
group_1448	shell	1	sin_COG	0	1
xkdX	shell	1	sin_COG	0	1
group_1442	shell	1	sin_COG	0	1
group_1436	shell	1	sin_COG	0	1
group_1435	shell	1	sin_COG	0	1
group_1430	shell	1	sin_COG	0	1
group_1429	shell	1	sin_COG	0	1
group_1428	shell	1	sin_COG	0	1
group_1427	shell	1	sin_COG	0	1
group_1426	shell	1	sin_COG	0	1
group_1425	shell	1	sin_COG	0	1
group_1416	shell	1	sin_COG	0	1
group_1415	exclusivo	0	sin_COG	0	1
group_1413	shell	1	sin_COG	0	1
group_1410	shell	1	sin_COG	0	1
group_1409	shell	1	sin_COG	0	1
group_1406	shell	1	sin_COG	0	1
group_1404	shell	1	sin_COG	0	1
group_1389	shell	1	sin_COG	0	1
group_1388	shell	1	sin_COG	0	1
group_1382	shell	1	sin_COG	0	1
group_1381	shell	1	sin_COG	0	1
group_1380	shell	1	sin_COG	0	1
group_1379	shell	1	sin_COG	0	1
group_1378	shell	1	sin_COG	0	1
group_1377	shell	1	sin_COG	0	1
group_1376	shell	1	sin_COG	0	1
group_1374	shell	1	sin_COG	0	1
group_1367	shell	1	sin_COG	0	1
group_1366	shell	1	sin_COG	0	1
group_1365	shell	1	sin_COG	0	1
group_1364	shell	1	sin_COG	0	1
group_1359	shell	1	sin_COG	0	1
xhlA	shell	1	sin_COG	0	1
yqaH	shell	1	sin_COG	0	1
group_1350	shell	1	sin_COG	0	1
group_1346	exclusivo	0	sin_COG	0	1
group_1345	shell	1	sin_COG	0	1
group_1343	shell	1	sin_COG	0	1
group_1342	shell	1	sin_COG	0	1
group_1341	shell	1	sin_COG	0	1
group_1337	shell	1	sin_COG	0	1
group_1336	shell	1	sin_COG	0	1
group_1335	shell	1	sin_COG	0	1
group_1332	shell	1	sin_COG	0	1
group_1331	shell	1	sin_COG	0	1
group_1327	shell	1	sin_COG	0	1
group_1326	shell	1	sin_COG	0	1
group_1324	shell	1	sin_COG	0	1
group_1323	shell	1	sin_COG	0	1
group_1316	shell	1	sin_COG	0	1
group_1315	shell	1	sin_COG	0	1
group_1312	shell	1	sin_COG	0	1
group_1305	shell	1	sin_COG	0	1
group_1304	shell	1	sin_COG	0	1
group_1298	shell	1	sin_COG	0	1
group_1296	shell	1	sin_COG	0	1
group_1294	shell	1	sin_COG	0	1
group_1292	shell	1	sin_COG	0	1
group_1288	shell	1	sin_COG	0	1
yorD	shell	1	sin_COG	0	1
group_1281	shell	1	sin_COG	0	1
group_1279	shell	1	sin_COG	0	1
group_1278	shell	1	sin_COG	0	1
group_1277	shell	1	sin_COG	0	1
group_1272	shell	1	sin_COG	0	1
gpG	shell	1	sin_COG	0	1
group_1267	shell	1	sin_COG	0	1
group_1261	shell	1	sin_COG	0	1
group_1260	shell	1	sin_COG	0	1
group_1254	shell	1	sin_COG	0	1
group_1253	exclusivo	0	sin_COG	0	1
group_1252	shell	1	sin_COG	0	1
group_1249	shell	1	sin_COG	0	1
group_1248	shell	1	sin_COG	0	1
group_1244	shell	1	sin_COG	0	1
group_1243	shell	1	sin_COG	0	1
group_1242	shell	1	sin_COG	0	1
group_1240	shell	1	sin_COG	0	1
group_1237	shell	1	sin_COG	0	1
group_1235	shell	1	sin_COG	0	1
group_1233	shell	1	sin_COG	0	1
group_1232	shell	1	sin_COG	0	1
group_1227	shell	1	sin_COG	0	1
group_1225	shell	1	sin_COG	0	1
group_1224	shell	1	sin_COG	0	1
group_1223	shell	1	sin_COG	0	1
group_1217	shell	1	sin_COG	0	1
group_1215	shell	1	sin_COG	0	1
group_1211	shell	1	sin_COG	0	1
group_1210	shell	1	sin_COG	0	1
group_1209	shell	1	sin_COG	0	1
group_1205	shell	1	sin_COG	0	1
group_1202	shell	1	sin_COG	0	1
group_1195	shell	1	sin_COG	0	1
group_1194	shell	1	sin_COG	0	1
group_1188	shell	1	sin_COG	0	1
group_1184	shell	1	sin_COG	0	1
group_1182	shell	1	sin_COG	0	1
lrgA	shell	1	sin_COG	0	1
group_1179	shell	1	sin_COG	0	1
yopX	shell	1	sin_COG	0	1
group_1175	shell	1	sin_COG	0	1
group_1167	shell	1	sin_COG	0	1
group_1166	shell	1	sin_COG	0	1
group_1165	shell	1	sin_COG	0	1
group_1162	shell	1	sin_COG	0	1
group_1161	shell	1	sin_COG	0	1
yosT	shell	1	sin_COG	0	1
group_1156	shell	1	sin_COG	0	1
group_1150	shell	1	sin_COG	0	1
group_1149	shell	1	sin_COG	0	1
group_1141	shell	1	sin_COG	0	1
group_1138	shell	1	sin_COG	0	1
group_1137	shell	1	sin_COG	0	1
group_1131	shell	1	sin_COG	0	1
group_1127	exclusivo	0	sin_COG	0	1
group_1126	shell	1	sin_COG	0	1
group_1120	shell	1	sin_COG	0	1
group_1115	shell	1	sin_COG	0	1
group_1112	shell	1	sin_COG	0	1
group_1111	shell	1	sin_COG	0	1
group_1107	shell	1	sin_COG	0	1
group_1106	shell	1	sin_COG	0	1
group_1105	shell	1	sin_COG	0	1
group_1100	shell	1	sin_COG	0	1
group_1095	shell	1	sin_COG	0	1
group_1086	shell	1	sin_COG	0	1
group_1076	shell	1	sin_COG	0	1
group_1073	shell	1	sin_COG	0	1
group_1072	shell	1	sin_COG	0	1
group_1069	shell	1	sin_COG	0	1
group_1068	shell	1	sin_COG	0	1
group_1065	shell	1	sin_COG	0	1
group_1064	shell	1	sin_COG	0	1
group_1061	shell	1	sin_COG	0	1
group_1060	shell	1	sin_COG	0	1
group_1059	shell	1	sin_COG	0	1
group_1058	shell	1	sin_COG	0	1
lysM	shell	1	sin_COG	0	1
group_1057	shell	1	sin_COG	0	1
group_1046	shell	1	sin_COG	0	1
group_1045	shell	1	sin_COG	0	1
group_1044	shell	1	sin_COG	0	1
group_1041	shell	1	sin_COG	0	1
group_1035	shell	1	sin_COG	0	1
group_1034	shell	1	sin_COG	0	1
group_1033	shell	1	sin_COG	0	1
group_1032	shell	1	sin_COG	0	1
group_1025	shell	1	sin_COG	0	1
group_1021	shell	1	sin_COG	0	1
group_1016	shell	1	sin_COG	0	1
group_1015	shell	1	sin_COG	0	1
group_1012	shell	1	sin_COG	0	1
group_1010	shell	1	sin_COG	0	1
group_1008	shell	1	sin_COG	0	1
group_1004	shell	1	sin_COG	0	1
group_1000	shell	1	sin_COG	0	1
group_997	shell	1	sin_COG	0	1
group_990	shell	1	sin_COG	0	1
group_989	shell	1	sin_COG	0	1
group_985	shell	1	sin_COG	0	1
group_980	shell	1	sin_COG	0	1
group_979	shell	1	sin_COG	0	1
group_973	shell	1	sin_COG	0	1
cat86	shell	1	sin_COG	0	1
group_956	shell	1	sin_COG	0	1
catA	shell	1	sin_COG	0	1
group_954	shell	1	sin_COG	0	1
group_952	shell	1	sin_COG	0	1
group_946	shell	1	sin_COG	0	1
group_943	shell	1	sin_COG	0	1
group_933	shell	1	sin_COG	0	1
lrgB	shell	1	sin_COG	0	1
group_918	shell	1	sin_COG	0	1
group_916	shell	1	sin_COG	0	1
group_910	shell	1	sin_COG	0	1
group_905	shell	1	sin_COG	0	1
group_903	shell	1	sin_COG	0	1
group_900	shell	1	sin_COG	0	1
group_896	shell	1	sin_COG	0	1
group_892	shell	1	sin_COG	0	1
group_884	shell	1	sin_COG	0	1
group_881	shell	1	sin_COG	0	1
group_878	shell	1	sin_COG	0	1
group_877	shell	1	sin_COG	0	1
terS	shell	1	sin_COG	0	1
group_871	shell	1	sin_COG	0	1
group_863	shell	1	sin_COG	0	1
group_845	shell	1	sin_COG	0	1
dnaA	shell	1	sin_COG	0	1
group_824	shell	1	sin_COG	0	1
group_818	shell	1	sin_COG	0	1
group_815	shell	1	sin_COG	0	1
group_814	shell	1	sin_COG	0	1
group_810	shell	1	sin_COG	0	1
group_807	shell	1	sin_COG	0	1
group_806	shell	1	sin_COG	0	1
group_805	shell	1	sin_COG	0	1
group_803	shell	1	sin_COG	0	1
group_802	shell	1	sin_COG	0	1
group_799	shell	1	sin_COG	0	1
bpoC	shell	1	sin_COG	0	1
group_794	shell	1	sin_COG	0	1
group_792	shell	1	sin_COG	0	1
group_791	shell	1	sin_COG	0	1
group_787	shell	1	sin_COG	0	1
group_786	shell	1	sin_COG	0	1
group_784	shell	1	sin_COG	0	1
group_782	shell	1	sin_COG	0	1
group_780	shell	1	sin_COG	0	1
recT	shell	1	sin_COG	0	1
group_771	shell	1	sin_COG	0	1
group_765	shell	1	sin_COG	0	1
group_756	shell	1	sin_COG	0	1
group_755	shell	1	sin_COG	0	1
group_746	shell	1	sin_COG	0	1
group_737	shell	1	sin_COG	0	1
group_734	shell	1	sin_COG	0	1
group_729	shell	1	sin_COG	0	1
group_727	shell	1	sin_COG	0	1
group_721	shell	1	sin_COG	0	1
yqaJ	shell	1	sin_COG	0	1
group_701	shell	1	sin_COG	0	1
group_700	exclusivo	0	sin_COG	0	1
group_684	shell	1	sin_COG	0	1
group_677	shell	1	sin_COG	0	1
group_675	shell	1	sin_COG	0	1
group_669	shell	1	sin_COG	0	1
group_664	shell	1	sin_COG	0	1
group_663	shell	1	sin_COG	0	1
group_662	shell	1	sin_COG	0	1
group_654	shell	1	sin_COG	0	1
group_646	shell	1	sin_COG	0	1
group_641	shell	1	sin_COG	0	1
group_639	shell	1	sin_COG	0	1
group_633	shell	1	sin_COG	0	1
group_629	shell	1	sin_COG	0	1
group_620	shell	1	sin_COG	0	1
group_616	shell	1	sin_COG	0	1
group_615	shell	1	sin_COG	0	1
group_612	exclusivo	0	sin_COG	0	1
group_610	shell	1	sin_COG	0	1
group_608	shell	1	sin_COG	0	1
group_607	shell	1	sin_COG	0	1
group_587	shell	1	sin_COG	0	1
group_583	shell	1	sin_COG	0	1
group_582	shell	1	sin_COG	0	1
aimR	shell	1	sin_COG	0	1
group_571	shell	1	sin_COG	0	1
group_565	shell	1	sin_COG	0	1
group_549	shell	1	sin_COG	0	1
group_540	exclusivo	0	sin_COG	0	1
group_535	shell	1	sin_COG	0	1
group_518	shell	1	sin_COG	0	1
group_513	exclusivo	0	sin_COG	0	1
group_511	shell	1	sin_COG	0	1
group_509	shell	1	sin_COG	0	1
group_505	shell	1	sin_COG	0	1
group_492	shell	1	sin_COG	0	1
group_491	shell	1	sin_COG	0	1
group_481	shell	1	sin_COG	0	1
group_471	shell	1	sin_COG	0	1
group_463	shell	1	sin_COG	0	1
group_458	shell	1	sin_COG	0	1
bglH	shell	1	sin_COG	0	1
group_450	shell	1	sin_COG	0	1
group_447	shell	1	sin_COG	0	1
group_445	shell	1	sin_COG	0	1
group_442	shell	1	sin_COG	0	1
group_438	shell	1	sin_COG	0	1
group_437	shell	1	sin_COG	0	1
yqcG	shell	1	sin_COG	0	1
group_428	shell	1	sin_COG	0	1
group_427	shell	1	sin_COG	0	1
group_422	exclusivo	0	sin_COG	0	1
group_415	shell	1	sin_COG	0	1
group_412	shell	1	sin_COG	0	1
group_401	shell	1	sin_COG	0	1
group_400	shell	1	sin_COG	0	1
group_399	shell	1	sin_COG	0	1
group_397	exclusivo	0	sin_COG	0	1
group_392	shell	1	sin_COG	0	1
group_385	shell	1	sin_COG	0	1
group_384	shell	1	sin_COG	0	1
group_383	shell	1	sin_COG	0	1
group_379	exclusivo	0	sin_COG	0	1
group_374	shell	1	sin_COG	0	1
group_370	shell	1	sin_COG	0	1
group_366	shell	1	sin_COG	0	1
group_345	shell	1	sin_COG	0	1
group_344	shell	1	sin_COG	0	1
group_339	shell	1	sin_COG	0	1
hsdR	shell	1	sin_COG	0	1
group_337	shell	1	sin_COG	0	1
group_334	shell	1	sin_COG	0	1
arpU	shell	1	sin_COG	0	1
group_331	shell	1	sin_COG	0	1
group_328	shell	1	sin_COG	0	1
group_326	shell	1	sin_COG	0	1
group_320	shell	1	sin_COG	0	1
group_319	exclusivo	0	sin_COG	0	1
group_304	exclusivo	0	sin_COG	0	1
group_303	shell	1	sin_COG	0	1
group_299	shell	1	sin_COG	0	1
group_289	shell	1	sin_COG	0	1
group_272	shell	1	sin_COG	0	1
mafI	exclusivo	0	sin_COG	0	1
group_251	exclusivo	0	sin_COG	0	1
group_241	shell	1	sin_COG	0	1
group_240	shell	1	sin_COG	0	1
group_239	shell	1	sin_COG	0	1
group_231	shell	1	sin_COG	0	1
group_225	shell	1	sin_COG	0	1
group_222	shell	1	sin_COG	0	1
group_217	shell	1	sin_COG	0	1
group_215	shell	1	sin_COG	0	1
group_214	shell	1	sin_COG	0	1
group_211	shell	1	sin_COG	0	1
group_210	shell	1	sin_COG	0	1
group_207	shell	1	sin_COG	0	1
group_203	shell	1	sin_COG	0	1
group_196	shell	1	sin_COG	0	1
group_195	shell	1	sin_COG	0	1
group_194	shell	1	sin_COG	0	1
group_186	shell	1	sin_COG	0	1
group_180	shell	1	sin_COG	0	1
group_175	shell	1	sin_COG	0	1
group_174	shell	1	sin_COG	0	1
group_170	shell	1	sin_COG	0	1
group_169	shell	1	sin_COG	0	1
parB	shell	1	sin_COG	0	1
group_160	shell	1	sin_COG	0	1
ydcP	shell	1	sin_COG	0	1
group_152	shell	1	sin_COG	0	1
group_149	shell	1	sin_COG	0	1
group_142	shell	1	sin_COG	0	1
comG	shell	1	sin_COG	0	1
group_140	shell	1	sin_COG	0	1
group_138	shell	1	sin_COG	0	1
group_132	shell	1	sin_COG	0	1
group_131	shell	1	sin_COG	0	1
group_125	shell	1	sin_COG	0	1
group_124	shell	1	sin_COG	0	1
group_120	shell	1	sin_COG	0	1
group_119	shell	1	sin_COG	0	1
group_116	shell	1	sin_COG	0	1
group_114	shell	1	sin_COG	0	1
group_109	shell	1	sin_COG	0	1
group_108	shell	1	sin_COG	0	1
group_107	shell	1	sin_COG	0	1
merR	shell	1	sin_COG	0	1
group_100	shell	1	sin_COG	0	1
group_97	shell	1	sin_COG	0	1
group_94	shell	1	sin_COG	0	1
group_91	shell	1	sin_COG	0	1
group_90	shell	1	sin_COG	0	1
group_88	shell	1	sin_COG	0	1
group_87	shell	1	sin_COG	0	1
group_82	shell	1	sin_COG	0	1
group_80	shell	1	sin_COG	0	1
group_78	shell	1	sin_COG	0	1
group_74	shell	1	sin_COG	0	1
group_68	shell	1	sin_COG	0	1
group_65	shell	1	sin_COG	0	1
group_63	shell	1	sin_COG	0	1
gspF	shell	1	sin_COG	0	1
group_61	shell	1	sin_COG	0	1
arsR	shell	1	K	1	1
group_55	shell	1	sin_COG	0	1
group_53	shell	1	sin_COG	0	1
group_52	shell	1	sin_COG	0	1
group_45	shell	1	sin_COG	0	1
group_42	shell	1	sin_COG	0	1
group_41	shell	1	sin_COG	0	1
group_39	shell	1	sin_COG	0	1
group_38	shell	1	sin_COG	0	1
group_36	shell	1	sin_COG	0	1
group_35	shell	1	sin_COG	0	1
group_33	shell	1	sin_COG	0	1
group_26	shell	1	sin_COG	0	1
group_25	shell	1	sin_COG	0	1
group_24	shell	1	sin_COG	0	1
group_23	shell	1	sin_COG	0	1
group_22	shell	1	sin_COG	0	1
group_13	shell	1	sin_COG	0	1
group_11	shell	1	sin_COG	0	1
group_4	shell	1	sin_COG	0	1
