familia	categoria_95	n_ref	cog	genes_con_cog	genes
group_5684	core	23	sin_COG	0	25
group_5669	core	23	sin_COG	0	24
group_5646	core	23	sin_COG	0	24
group_5645	core	23	sin_COG	0	24
group_5631	core	23	sin_COG	0	24
guaA	core	23	F	22	24
group_5605	core	23	sin_COG	0	24
group_5474	core	23	sin_COG	0	25
group_5445	core	23	P	1	24
group_5427	core	23	sin_COG	0	24
yaaA	core	23	sin_COG	0	24
cpsG	core	23	sin_COG	0	24
group_5423	core	23	sin_COG	0	24
group_5417	core	23	sin_COG	0	25
group_5414	core	23	sin_COG	0	24
group_5398	core	23	sin_COG	0	25
group_5395	core	23	sin_COG	0	24
group_5357	core	23	sin_COG	0	24
group_5354	core	23	sin_COG	0	24
group_5349	core	23	sin_COG	0	24
dedA	core	23	sin_COG	0	24
group_5345	core	23	sin_COG	0	24
group_5342	core	23	sin_COG	0	24
group_5340	core	23	sin_COG	0	26
dut	core	23	sin_COG	0	24
group_5338	core	23	sin_COG	0	24
group_5336	core	23	sin_COG	0	24
mutY	core	23	sin_COG	0	24
group_5331	core	23	sin_COG	0	24
group_5327	core	23	sin_COG	0	24
group_5325	core	23	sin_COG	0	24
group_5324	core	23	sin_COG	0	24
coaD	core	23	H	5	24
group_5321	core	23	J	4	27
group_5311	core	23	sin_COG	0	24
group_5308	core	23	sin_COG	0	31
group_5307	core	23	sin_COG	0	24
group_5298	core	23	sin_COG	0	24
group_5292	core	23	sin_COG	0	24
purC	core	23	F	24	24
group_5289	core	23	sin_COG	0	26
group_5287	core	23	sin_COG	0	25
group_5285	core	23	sin_COG	0	31
group_5284	core	23	sin_COG	0	24
smpB	core	23	sin_COG	0	24
group_5276	core	23	sin_COG	0	24
pilQ	core	23	sin_COG	0	24
group_5268	core	23	sin_COG	0	24
group_5267	core	23	sin_COG	0	24
group_5262	core	23	sin_COG	0	25
rocC	core	23	sin_COG	0	24
group_5260	core	23	sin_COG	0	24
group_5253	core	23	sin_COG	0	24
group_5251	core	23	sin_COG	0	24
metH	core	23	sin_COG	0	26
rlmH	core	23	J	1	24
rarD	core	23	sin_COG	0	25
cstA	core	23	sin_COG	0	27
group_5243	core	23	sin_COG	0	24
group_5242	core	23	sin_COG	0	24
group_5241	core	23	sin_COG	0	24
group_5237	core	23	sin_COG	0	47
group_5233	core	23	sin_COG	0	25
rarA	core	23	L	23	24
acpP	core	23	I	24	24
group_5226	core	23	sin_COG	0	25
rutD	core	23	sin_COG	0	25
ycdM~~~rutA	core	23	sin_COG	0	25
group_5218	core	23	sin_COG	0	24
atzF	core	23	sin_COG	0	24
group_5211	core	23	sin_COG	0	24
group_5204	core	23	sin_COG	0	24
group_5199	core	23	sin_COG	0	24
group_5198	core	23	sin_COG	0	24
group_5194	core	23	sin_COG	0	26
group_5191	core	23	sin_COG	0	24
group_5190	core	23	sin_COG	0	26
rimM	core	23	J	22	24
group_5188	core	23	sin_COG	0	24
fahA	core	23	sin_COG	0	24
group_5185	core	23	sin_COG	0	24
group_5183	core	23	sin_COG	0	25
group_5180	core	23	sin_COG	0	24
group_5179	core	23	sin_COG	0	24
uca	core	23	sin_COG	0	25
ppk1	core	23	P	22	27
group_5173	core	23	sin_COG	0	24
group_5171	core	23	sin_COG	0	24
group_5164	core	23	sin_COG	0	24
group_5163	core	23	sin_COG	0	25
bamE	core	23	sin_COG	0	24
group_5161	core	23	sin_COG	0	24
aroK	core	23	sin_COG	0	24
group_5158	core	23	sin_COG	0	24
ung	core	23	sin_COG	0	24
group_5148	core	23	sin_COG	0	25
ubiA	core	23	sin_COG	0	26
group_5146	core	23	sin_COG	0	24
group_5145	core	23	sin_COG	0	25
group_5144	core	23	sin_COG	0	24
group_5143	core	23	sin_COG	0	24
group_5141	core	23	sin_COG	0	24
group_5135	core	23	sin_COG	0	24
group_5132	core	23	sin_COG	0	24
group_5130	core	23	sin_COG	0	25
group_5129	core	23	sin_COG	0	24
cgtA~~~obgE	core	23	sin_COG	0	25
upp	core	23	sin_COG	0	24
group_5117	core	23	sin_COG	0	24
group_5116	core	23	V	24	24
group_5112	core	23	sin_COG	0	24
group_5110	core	23	sin_COG	0	24
group_5109	core	23	sin_COG	0	24
nuoH	core	23	C	24	24
group_5105	core	23	sin_COG	0	24
group_5103	core	23	sin_COG	0	24
adeK	core	23	sin_COG	0	24
group_5102	core	23	sin_COG	0	24
clpB	core	23	sin_COG	0	26
group_5099	core	23	sin_COG	0	38
group_5098	core	23	sin_COG	0	24
group_5097	core	23	sin_COG	0	25
group_5093	core	23	sin_COG	0	26
sthA	core	23	sin_COG	0	25
oprB	core	23	sin_COG	0	25
group_5089	core	23	sin_COG	0	24
group_5086	core	23	sin_COG	0	26
group_5085	core	23	sin_COG	0	24
tmk	core	23	sin_COG	0	24
group_5083	core	23	sin_COG	0	26
group_5081	core	23	sin_COG	0	32
group_5078	core	23	sin_COG	0	24
group_5076	core	23	sin_COG	0	24
group_5075	core	23	sin_COG	0	24
group_5074	core	23	sin_COG	0	24
group_5073	core	23	sin_COG	0	37
group_5072	core	23	E	19	24
group_5071	core	23	sin_COG	0	24
group_5069	core	23	sin_COG	0	26
group_5068	core	23	sin_COG	0	26
group_5067	core	23	sin_COG	0	24
ylbF	core	23	sin_COG	0	24
rpsP	core	23	J	24	24
group_5064	core	23	sin_COG	0	24
group_5063	core	23	sin_COG	0	25
group_5060	core	23	sin_COG	0	24
group_5058	core	23	sin_COG	0	27
group_5057	core	23	sin_COG	0	24
lysR~~~metR	core	23	sin_COG	0	25
pstB	core	23	sin_COG	0	25
group_5051	core	23	sin_COG	0	26
group_5050	core	23	sin_COG	0	31
group_5049	core	23	sin_COG	0	25
group_5046	core	23	sin_COG	0	28
dld	core	23	sin_COG	0	25
yncD	core	23	sin_COG	0	25
group_5045	core	23	sin_COG	0	25
group_5040	core	23	sin_COG	0	24
group_5038	core	23	sin_COG	0	28
ampD	core	23	sin_COG	0	24
group_5037	core	23	sin_COG	0	25
group_5036	core	23	sin_COG	0	26
fabG	core	23	I	3	24
group_5034	core	23	sin_COG	0	25
group_5031	core	23	sin_COG	0	24
group_5029	core	23	sin_COG	0	24
moaCB~~~moaC	core	23	sin_COG	0	25
group_5028	core	23	sin_COG	0	24
group_5027	core	23	sin_COG	0	24
group_5026	core	23	sin_COG	0	24
ispH	core	23	I	14	24
ureC	core	23	E	22	25
group_5021	core	23	sin_COG	0	24
nuoI	core	23	C	3	24
group_5020	core	23	sin_COG	0	25
group_5016	core	23	sin_COG	0	24
group_5013	core	23	sin_COG	0	24
group_5012	core	23	sin_COG	0	24
rutG	core	23	sin_COG	0	24
rutC	core	23	sin_COG	0	24
panD	core	23	H	23	24
group_5008	core	23	sin_COG	0	24
yurZ	core	23	R	24	24
group_5001	core	23	sin_COG	0	24
nikR	core	23	sin_COG	0	24
group_5000	core	23	sin_COG	0	26
group_4998	core	23	sin_COG	0	24
group_4996	core	23	sin_COG	0	24
group_4991	core	23	sin_COG	0	24
tehB	core	23	sin_COG	0	24
purE	core	23	F	19	25
group_4989	core	23	sin_COG	0	25
group_4988	core	23	sin_COG	0	24
group_4987	core	23	sin_COG	0	24
group_4985	core	23	sin_COG	0	24
group_4984	core	23	sin_COG	0	24
group_4982	core	23	V	22	24
group_4978	core	23	sin_COG	0	24
group_4977	core	23	sin_COG	0	24
group_4976	core	23	sin_COG	0	24
group_4973	core	23	sin_COG	0	24
group_4972	core	23	sin_COG	0	24
group_4971	core	23	sin_COG	0	24
group_4970	core	23	sin_COG	0	24
group_4967	core	23	sin_COG	0	24
dapA	core	23	sin_COG	0	24
group_4965	core	23	sin_COG	0	24
group_4964	core	23	sin_COG	0	24
group_4960	core	23	sin_COG	0	24
group_4959	core	23	sin_COG	0	24
odhB	core	23	sin_COG	0	24
group_4955	core	23	sin_COG	0	24
group_4953	core	23	sin_COG	0	24
group_4952	core	23	sin_COG	0	24
pdxJ	core	23	sin_COG	0	24
phzF	core	23	sin_COG	0	24
group_4950	core	23	sin_COG	0	24
group_4948	core	23	sin_COG	0	31
trmD	core	23	sin_COG	0	24
group_4937	core	23	sin_COG	0	25
murU	core	23	sin_COG	0	24
group_4936	core	23	sin_COG	0	24
group_4935	core	23	sin_COG	0	24
group_4933	core	23	sin_COG	0	24
group_4931	core	23	sin_COG	0	24
znuB	core	23	sin_COG	0	24
group_4930	core	23	sin_COG	0	24
group_4929	core	23	sin_COG	0	25
dhaK	core	23	sin_COG	0	24
group_4928	core	23	sin_COG	0	24
group_4927	core	23	sin_COG	0	24
hcaD	core	23	sin_COG	0	24
hcaB	core	23	sin_COG	0	24
group_4926	core	23	sin_COG	0	24
group_4924	core	23	sin_COG	0	24
mutM	core	23	sin_COG	0	24
rpoH	core	23	K	23	25
znuA	core	23	sin_COG	0	24
group_4918	core	23	sin_COG	0	24
group_4913	core	23	sin_COG	0	25
yciA	core	23	I	24	24
group_4912	core	23	sin_COG	0	28
group_4911	core	23	sin_COG	0	25
truB	core	23	sin_COG	0	24
group_4910	core	23	sin_COG	0	24
group_4909	core	23	sin_COG	0	24
group_4906	core	23	sin_COG	0	24
benB~~~benA	core	23	P	7	47
group_4905	core	23	sin_COG	0	27
group_4904	core	23	sin_COG	0	24
group_4903	core	23	sin_COG	0	25
pth	core	23	sin_COG	0	24
group_4901	core	23	sin_COG	0	25
sohB	core	23	sin_COG	0	24
group_4900	core	23	sin_COG	0	24
group_4896	core	23	sin_COG	0	24
group_4895	core	23	sin_COG	0	24
pgeF	core	23	sin_COG	0	24
group_4886	core	23	sin_COG	0	24
group_4885	core	23	sin_COG	0	25
pabC	core	23	sin_COG	0	24
benE	core	23	sin_COG	0	24
benC	core	23	C	19	24
group_4879	core	23	sin_COG	0	24
yetF	core	23	sin_COG	0	24
fur	core	23	sin_COG	0	24
group_4874	core	23	sin_COG	0	24
group_4872	core	23	sin_COG	0	25
pilP	core	23	sin_COG	0	24
group_4871	core	23	sin_COG	0	24
lpxD	core	23	sin_COG	0	24
group_4868	core	23	sin_COG	0	25
aroB	core	23	E	16	24
group_4867	core	23	sin_COG	0	24
group_4865	core	23	sin_COG	0	24
group_4864	core	23	sin_COG	0	26
queG	core	23	sin_COG	0	24
group_4862	core	23	sin_COG	0	24
yjgN	core	23	sin_COG	0	25
group_4859	core	23	sin_COG	0	24
group_4857	core	23	sin_COG	0	24
eamA~~~yddG	core	23	sin_COG	0	24
rodA	core	23	sin_COG	0	24
group_4853	core	23	sin_COG	0	24
omp38	core	23	sin_COG	0	24
group_4849	core	23	sin_COG	0	24
group_4848	core	23	sin_COG	0	24
group_4847	core	23	sin_COG	0	24
prfC	core	23	J	20	24
group_4846	core	23	sin_COG	0	24
group_4845	core	23	sin_COG	0	25
group_4844	core	23	sin_COG	0	28
group_4840	core	23	sin_COG	0	24
ygaH	core	23	sin_COG	0	24
group_4837	core	23	sin_COG	0	39
group_4834	core	23	sin_COG	0	24
group_4833	core	23	sin_COG	0	24
group_4830	core	23	sin_COG	0	24
group_4827	core	23	sin_COG	0	24
ilvE	core	23	E	1	24
rnhB	core	23	sin_COG	0	24
group_4826	core	23	sin_COG	0	24
group_4825	core	23	sin_COG	0	24
folC	core	23	sin_COG	0	24
group_4824	core	23	sin_COG	0	24
pabB	core	23	sin_COG	0	24
group_4822	core	23	sin_COG	0	24
group_4820	core	23	sin_COG	0	24
group_4819	core	23	sin_COG	0	24
group_4818	core	23	sin_COG	0	24
group_4816	core	23	sin_COG	0	24
nth	core	23	sin_COG	0	24
gdhA	core	23	sin_COG	0	24
group_4807	core	23	sin_COG	0	24
group_4806	core	23	sin_COG	0	24
mpl	core	23	M	17	24
tenA	core	23	sin_COG	0	24
group_4805	core	23	sin_COG	0	24
hcaE	core	23	sin_COG	0	25
group_4803	core	23	sin_COG	0	24
group_4802	core	23	sin_COG	0	24
group_4801	core	23	sin_COG	0	24
group_4799	core	23	sin_COG	0	24
group_4798	core	23	sin_COG	0	25
cdiI	core	23	sin_COG	0	24
sfnG	core	23	sin_COG	0	25
group_4796	core	23	sin_COG	0	24
group_4795	core	23	sin_COG	0	24
cysS	core	23	sin_COG	0	24
mdfA	core	23	sin_COG	0	24
group_4793	core	23	sin_COG	0	25
group_4792	core	23	sin_COG	0	24
group_4790	core	23	sin_COG	0	25
group_4788	core	23	sin_COG	0	26
group_4786	core	23	sin_COG	0	24
mazG	core	23	sin_COG	0	24
glpK	core	23	sin_COG	0	25
rbfA	core	23	sin_COG	0	24
torF	core	23	sin_COG	0	24
group_4782	core	23	sin_COG	0	25
group_4777	core	23	sin_COG	0	24
group_4776	core	23	sin_COG	0	24
group_4772	core	23	sin_COG	0	24
nuoN	core	23	sin_COG	0	24
group_4771	core	23	sin_COG	0	25
group_4769	core	23	sin_COG	0	26
group_4768	core	23	sin_COG	0	33
group_4767	core	23	sin_COG	0	24
znuD	core	23	sin_COG	0	24
group_4765	core	23	sin_COG	0	24
eptA	core	23	sin_COG	0	25
group_4764	core	23	sin_COG	0	25
group_4763	core	23	sin_COG	0	26
group_4761	core	23	sin_COG	0	25
group_4760	core	23	sin_COG	0	24
group_4759	core	23	sin_COG	0	24
aspS	core	23	J	22	24
group_4754	core	23	sin_COG	0	24
group_4752	core	23	sin_COG	0	24
group_4751	core	23	sin_COG	0	25
group_4750	core	23	sin_COG	0	24
group_4749	core	23	sin_COG	0	25
group_4746	core	23	sin_COG	0	24
group_4745	core	23	sin_COG	0	24
parE	core	23	sin_COG	0	24
group_4741	core	23	sin_COG	0	24
mnmC	core	23	sin_COG	0	24
group_4739	core	23	sin_COG	0	24
group_4738	core	23	O	24	24
group_4737	core	23	sin_COG	0	24
phrB	core	23	sin_COG	0	24
group_4736	core	23	sin_COG	0	25
group_4734	core	23	sin_COG	0	27
group_4733	core	23	sin_COG	0	24
group_4731	core	23	sin_COG	0	25
betT	core	23	sin_COG	0	25
group_4730	core	23	sin_COG	0	24
group_4729	core	23	sin_COG	0	24
group_4727	core	23	sin_COG	0	24
group_4726	core	23	sin_COG	0	25
mtlD	core	23	sin_COG	0	25
group_4725	core	23	sin_COG	0	24
group_4724	core	23	sin_COG	0	24
group_4723	core	23	sin_COG	0	24
betA	core	23	sin_COG	0	24
tyrA	core	23	E	9	26
clpA	core	23	O	23	24
group_4718	core	23	sin_COG	0	25
mrcB	core	23	sin_COG	0	25
lptC~~~lptD	core	23	sin_COG	0	25
mraY	core	23	sin_COG	0	25
group_4713	core	23	sin_COG	0	24
group_4712	core	23	sin_COG	0	29
holA	core	23	sin_COG	0	24
group_4711	core	23	sin_COG	0	39
alaS	core	23	sin_COG	0	25
group_4707	core	23	sin_COG	0	24
group_4706	core	23	sin_COG	0	25
nuoG	core	23	sin_COG	0	24
gloA	core	23	sin_COG	0	24
group_4705	core	23	sin_COG	0	24
group_4704	core	23	sin_COG	0	24
group_4703	core	23	sin_COG	0	24
group_4701	core	23	sin_COG	0	24
tetR	core	23	sin_COG	0	25
group_4700	core	23	sin_COG	0	24
group_4699	core	23	sin_COG	0	24
group_4698	core	23	sin_COG	0	24
group_4697	core	23	sin_COG	0	24
group_4695	core	23	sin_COG	0	24
group_4694	core	23	sin_COG	0	24
group_4693	core	23	sin_COG	0	24
ligA	core	23	sin_COG	0	26
metN	core	23	sin_COG	0	24
putA	core	23	sin_COG	0	26
group_4692	core	23	sin_COG	0	24
group_4690	core	23	sin_COG	0	25
crp	core	23	T	23	24
trpG	core	23	E	23	25
group_4689	core	23	sin_COG	0	26
yncE	core	23	sin_COG	0	30
group_4683	core	23	sin_COG	0	24
pgaD	core	23	sin_COG	0	24
group_4681	core	23	H	24	24
group_4679	core	23	sin_COG	0	25
group_4677	core	23	sin_COG	0	24
group_4675	core	23	sin_COG	0	24
group_4674	core	23	sin_COG	0	26
group_4673	core	23	sin_COG	0	25
uvrB	core	23	sin_COG	0	25
group_4672	core	23	sin_COG	0	24
group_4671	core	23	sin_COG	0	24
gshB	core	23	E	23	24
group_4668	core	23	sin_COG	0	24
group_4667	core	23	sin_COG	0	25
group_4666	core	23	sin_COG	0	25
group_4665	core	23	sin_COG	0	24
tolC	core	23	sin_COG	0	25
group_4663	core	23	sin_COG	0	24
group_4661	core	23	sin_COG	0	24
group_4660	core	23	sin_COG	0	24
group_4658	core	23	sin_COG	0	24
group_4657	core	23	sin_COG	0	24
group_4656	core	23	sin_COG	0	25
group_4655	core	23	sin_COG	0	24
group_4654	core	23	sin_COG	0	24
group_4653	core	23	sin_COG	0	24
rimI	core	23	sin_COG	0	24
group_4651	core	23	sin_COG	0	25
group_4650	core	23	C	23	25
sucD	core	23	C	1	24
group_4649	core	23	sin_COG	0	24
group_4646	core	23	sin_COG	0	24
group_4645	core	23	sin_COG	0	24
group_4644	core	23	sin_COG	0	24
dusA	core	23	sin_COG	0	25
mdtD	core	23	sin_COG	0	28
group_4641	core	23	sin_COG	0	24
group_4640	core	23	sin_COG	0	25
group_4639	core	23	sin_COG	0	24
gltA	core	23	sin_COG	0	25
group_4637	core	23	sin_COG	0	24
group_4636	core	23	sin_COG	0	25
group_4634	core	23	sin_COG	0	24
lemA	core	23	sin_COG	0	24
group_4628	core	23	sin_COG	0	26
group_4626	core	23	sin_COG	0	24
group_4625	core	23	sin_COG	0	25
gloB	core	23	sin_COG	0	24
rhlB	core	23	sin_COG	0	25
group_4616	core	23	sin_COG	0	24
group_4614	core	23	sin_COG	0	25
group_4613	core	23	sin_COG	0	25
group_4612	core	23	sin_COG	0	24
group_4611	core	23	sin_COG	0	24
group_4609	core	23	sin_COG	0	24
group_4608	core	23	sin_COG	0	25
group_4607	core	23	sin_COG	0	24
group_4604	core	23	sin_COG	0	24
group_4603	core	23	sin_COG	0	24
group_4601	core	23	sin_COG	0	24
group_4599	core	23	sin_COG	0	24
group_4597	core	23	sin_COG	0	24
group_4596	core	23	sin_COG	0	25
group_4595	core	23	sin_COG	0	26
group_4594	core	23	sin_COG	0	28
purF	core	23	sin_COG	0	25
group_4591	core	23	sin_COG	0	24
group_4590	core	23	sin_COG	0	24
group_4589	core	23	sin_COG	0	24
group_4586	core	23	sin_COG	0	24
group_4585	core	23	sin_COG	0	24
group_4584	core	23	sin_COG	0	24
group_4581	core	23	sin_COG	0	24
group_4580	core	23	sin_COG	0	24
group_4579	core	23	sin_COG	0	24
group_4575	core	23	sin_COG	0	26
group_4574	core	23	sin_COG	0	24
rluB	core	23	sin_COG	0	24
group_4573	core	23	sin_COG	0	24
group_4572	core	23	sin_COG	0	25
group_4570	core	23	sin_COG	0	24
group_4569	core	23	sin_COG	0	30
group_4568	core	23	sin_COG	0	25
group_4567	core	23	sin_COG	0	24
nadC	core	23	H	20	24
group_4566	core	23	sin_COG	0	25
group_4562	core	23	sin_COG	0	24
group_4561	core	23	sin_COG	0	25
group_4560	core	23	sin_COG	0	25
group_4559	core	23	sin_COG	0	24
group_4556	core	23	sin_COG	0	24
group_4555	core	23	sin_COG	0	24
group_4554	core	23	sin_COG	0	23
nagZ	core	23	sin_COG	0	24
group_4553	core	23	sin_COG	0	24
group_4552	core	23	sin_COG	0	25
group_4551	core	23	sin_COG	0	24
group_4549	core	23	sin_COG	0	24
purB	core	23	sin_COG	0	24
group_4547	core	23	sin_COG	0	24
murB	core	23	sin_COG	0	24
group_4545	core	23	sin_COG	0	24
group_4543	core	23	I	20	25
group_4542	core	23	sin_COG	0	24
group_4539	core	23	sin_COG	0	24
pcaT	core	23	sin_COG	0	24
group_4538	core	23	sin_COG	0	24
purL	core	23	sin_COG	0	25
group_4536	core	23	sin_COG	0	24
yegQ	core	23	sin_COG	0	24
group_4535	core	23	sin_COG	0	24
group_4532	core	23	sin_COG	0	25
ettA	core	23	R	24	24
group_4528	core	23	sin_COG	0	24
leuS	core	23	J	1	24
group_4527	core	23	sin_COG	0	24
pckG	core	23	C	14	25
group_4525	core	23	sin_COG	0	24
group_4524	core	23	sin_COG	0	24
group_4523	core	23	sin_COG	0	24
dnaX	core	23	sin_COG	0	24
nlpE	core	23	sin_COG	0	25
group_4522	core	23	sin_COG	0	24
group_4521	core	23	sin_COG	0	24
group_4520	core	23	sin_COG	0	25
group_4519	core	23	sin_COG	0	25
group_4518	core	23	sin_COG	0	25
group_4517	core	23	sin_COG	0	24
acnB	core	23	C	24	24
aat	core	23	sin_COG	0	24
mfd	core	23	sin_COG	0	25
group_4503	core	23	sin_COG	0	24
group_4495	core	23	sin_COG	0	24
group_4494	core	23	sin_COG	0	25
group_4491	core	23	sin_COG	0	24
group_4490	core	23	sin_COG	0	25
group_4489	core	23	sin_COG	0	24
group_4487	core	23	sin_COG	0	24
group_4486	core	23	sin_COG	0	24
group_4485	core	23	sin_COG	0	24
group_4484	core	23	sin_COG	0	24
group_4480	core	23	sin_COG	0	24
group_4479	core	23	sin_COG	0	25
group_4477	core	23	sin_COG	0	24
murJ	core	23	sin_COG	0	24
ycgN	core	23	sin_COG	0	24
group_4475	core	23	sin_COG	0	25
group_4474	core	23	sin_COG	0	24
group_4473	core	23	H	24	24
fabD	core	23	sin_COG	0	24
yceD	core	23	sin_COG	0	24
group_4470	core	23	sin_COG	0	24
group_4468	core	23	sin_COG	0	24
group_4467	core	23	sin_COG	0	24
group_4466	core	23	sin_COG	0	23
group_4465	core	23	sin_COG	0	26
rsmD	core	23	sin_COG	0	24
group_4464	core	23	sin_COG	0	24
group_4462	core	23	sin_COG	0	24
group_4461	core	23	sin_COG	0	24
group_4460	core	23	sin_COG	0	32
tsaD	core	23	J	24	24
nfsB	core	23	sin_COG	0	24
group_4448	core	23	sin_COG	0	24
yifB	core	23	sin_COG	0	24
group_4442	core	23	sin_COG	0	25
virS	core	23	sin_COG	0	25
group_4438	core	23	sin_COG	0	24
rsmI	core	23	sin_COG	0	24
secB	core	23	U	24	24
group_4436	core	23	sin_COG	0	24
group_4435	core	23	sin_COG	0	24
group_4432	core	23	sin_COG	0	24
moaA	core	23	sin_COG	0	24
recD	core	23	sin_COG	0	24
purH	core	23	F	24	24
argH	core	23	sin_COG	0	24
group_4429	core	23	sin_COG	0	24
gmk	core	23	sin_COG	0	24
group_4424	core	23	sin_COG	0	25
group_4423	core	23	sin_COG	0	24
pheT	core	23	sin_COG	0	25
group_4420	core	23	sin_COG	0	24
nuoL	core	23	sin_COG	0	24
nuoJ	core	23	sin_COG	0	24
group_4419	core	23	sin_COG	0	24
group_4416	core	23	sin_COG	0	24
folP	core	23	sin_COG	0	24
group_4414	core	23	sin_COG	0	25
group_4413	core	23	sin_COG	0	24
mutS	core	23	sin_COG	0	24
group_4411	core	23	sin_COG	0	24
cyoC	core	23	sin_COG	0	24
group_4409	core	23	sin_COG	0	24
group_4406	core	23	sin_COG	0	24
group_4402	core	23	sin_COG	0	24
group_4401	core	23	sin_COG	0	25
mnmG	core	23	J	23	24
group_4392	core	23	sin_COG	0	24
group_4391	core	23	sin_COG	0	24
group_4390	core	23	sin_COG	0	24
group_4389	core	23	sin_COG	0	24
pyrF	core	23	sin_COG	0	24
ethA	core	23	sin_COG	0	25
group_4384	core	23	sin_COG	0	25
rutF	core	23	sin_COG	0	24
rutB	core	23	sin_COG	0	25
group_4381	core	23	sin_COG	0	25
hopJ	core	23	sin_COG	0	24
pgk	core	23	G	22	24
group_4379	core	23	sin_COG	0	25
cyoE	core	23	sin_COG	0	24
group_4378	core	23	sin_COG	0	24
group_4374	core	23	sin_COG	0	24
group_4373	core	23	sin_COG	0	24
group_4372	core	23	sin_COG	0	25
dosC	core	23	sin_COG	0	25
eat	core	23	sin_COG	0	28
group_4366	core	23	sin_COG	0	24
pdxA	core	23	sin_COG	0	24
group_4363	core	23	E	24	24
group_4362	core	23	sin_COG	0	24
group_4360	core	23	sin_COG	0	24
group_4359	core	23	sin_COG	0	24
group_4356	core	23	sin_COG	0	24
group_4353	core	23	sin_COG	0	27
hemW	core	23	sin_COG	0	24
group_4352	core	23	sin_COG	0	24
group_4351	core	23	sin_COG	0	24
group_4350	core	23	sin_COG	0	26
group_4348	core	23	sin_COG	0	24
elsL	core	23	sin_COG	0	24
group_4347	core	23	sin_COG	0	24
group_4346	core	23	sin_COG	0	24
fusA	core	23	J	22	24
group_4344	core	23	sin_COG	0	24
group_4343	core	23	sin_COG	0	24
group_4342	core	23	sin_COG	0	24
group_4341	core	23	sin_COG	0	24
gspL	core	23	sin_COG	0	24
group_4333	core	23	sin_COG	0	24
group_4331	core	23	sin_COG	0	24
group_4330	core	23	sin_COG	0	24
group_4328	core	23	sin_COG	0	24
group_4327	core	23	sin_COG	0	24
group_4326	core	23	sin_COG	0	24
group_4320	core	23	sin_COG	0	24
group_4319	core	23	sin_COG	0	24
group_4317	core	23	sin_COG	0	24
nuoC	core	23	C	24	24
group_4314	core	23	sin_COG	0	24
group_4313	core	23	sin_COG	0	24
group_4311	core	23	sin_COG	0	24
pheA	core	23	sin_COG	0	24
group_4309	core	23	sin_COG	0	25
gluQRS	core	23	sin_COG	0	24
ileS	core	23	sin_COG	0	25
group_4306	core	23	sin_COG	0	24
group_4305	core	23	sin_COG	0	24
group_4304	core	23	sin_COG	0	24
group_4303	core	23	sin_COG	0	24
lipB	core	23	sin_COG	0	24
group_4300	core	23	sin_COG	0	24
group_4299	core	23	sin_COG	0	24
group_4298	core	23	sin_COG	0	24
lptC	core	23	sin_COG	0	24
group_4297	core	23	sin_COG	0	24
group_4296	core	23	sin_COG	0	24
group_4295	core	23	sin_COG	0	24
group_4294	core	23	sin_COG	0	24
group_4292	core	23	sin_COG	0	24
group_4291	core	23	sin_COG	0	24
rsgA	core	23	sin_COG	0	24
group_4288	core	23	sin_COG	0	24
group_4286	core	23	sin_COG	0	24
group_4284	core	23	sin_COG	0	25
group_4283	core	23	sin_COG	0	24
hrpA	core	23	sin_COG	0	25
group_4282	core	23	sin_COG	0	24
group_4280	core	23	sin_COG	0	24
group_4275	core	23	sin_COG	0	24
pyrD	core	23	sin_COG	0	25
group_4274	core	23	sin_COG	0	24
group_4271	core	23	sin_COG	0	24
group_4270	core	23	sin_COG	0	24
rdgB	core	23	sin_COG	0	24
hisH	core	23	sin_COG	0	24
group_4267	core	23	sin_COG	0	24
group_4266	core	23	sin_COG	0	24
apbC	core	23	sin_COG	0	24
group_4265	core	23	sin_COG	0	24
ruvB	core	23	L	24	24
group_4263	core	23	sin_COG	0	24
group_4262	core	23	sin_COG	0	24
group_4260	core	23	sin_COG	0	24
group_4259	core	23	sin_COG	0	24
group_4257	core	23	sin_COG	0	24
ureD	core	23	sin_COG	0	24
group_4256	core	23	sin_COG	0	24
group_4255	core	23	sin_COG	0	24
group_4254	core	23	sin_COG	0	24
group_4252	core	23	sin_COG	0	24
group_4251	core	23	sin_COG	0	24
group_4250	core	23	sin_COG	0	24
yaeQ	core	23	sin_COG	0	24
group_4249	core	23	sin_COG	0	24
group_4248	core	23	sin_COG	0	24
group_4247	core	23	sin_COG	0	24
group_4246	core	23	sin_COG	0	25
group_4244	core	23	sin_COG	0	27
group_4241	core	23	sin_COG	0	25
group_4240	core	23	sin_COG	0	26
gspI	core	23	sin_COG	0	24
gspK	core	23	sin_COG	0	24
group_4239	core	23	sin_COG	0	24
group_4237	core	23	sin_COG	0	25
group_4236	core	23	sin_COG	0	27
pyrC	core	23	sin_COG	0	25
group_4234	core	23	sin_COG	0	24
hpaI	core	23	sin_COG	0	34
group_4232	core	23	sin_COG	0	24
group_4227	core	23	sin_COG	0	24
group_4226	core	23	sin_COG	0	24
yfcF	core	23	sin_COG	0	24
group_4223	core	23	sin_COG	0	24
trpC	core	23	sin_COG	0	24
folE	core	23	H	24	24
modA	core	23	sin_COG	0	24
group_4220	core	23	sin_COG	0	24
group_4219	core	23	sin_COG	0	24
katE	core	23	sin_COG	0	24
group_4218	core	23	sin_COG	0	24
smc	core	23	sin_COG	0	24
group_4217	core	23	sin_COG	0	24
group_4216	core	23	sin_COG	0	24
phoR	core	23	sin_COG	0	24
group_4215	core	23	sin_COG	0	24
group_4214	core	23	sin_COG	0	24
group_4213	core	23	sin_COG	0	24
bfmS	core	23	sin_COG	0	24
group_4212	core	23	sin_COG	0	24
group_4211	core	23	sin_COG	0	26
cysQ	core	23	sin_COG	0	24
recO	core	23	sin_COG	0	24
group_4210	core	23	sin_COG	0	25
group_4209	core	23	sin_COG	0	24
group_4208	core	23	sin_COG	0	24
hemC	core	23	sin_COG	0	24
lptA	core	23	sin_COG	0	24
rplS	core	23	J	24	24
clpS	core	23	sin_COG	0	24
group_4204	core	23	sin_COG	0	24
group_4203	core	23	sin_COG	0	24
group_4199	core	23	sin_COG	0	24
sfnB	core	23	sin_COG	0	24
group_4196	core	23	sin_COG	0	24
group_4193	core	23	sin_COG	0	25
yrdA	core	23	sin_COG	0	24
rraA	core	23	sin_COG	0	24
jmjC	core	23	sin_COG	0	24
group_4192	core	23	sin_COG	0	24
group_4189	core	23	sin_COG	0	24
rsmG	core	23	sin_COG	0	24
pilB	core	23	sin_COG	0	24
brnQ	core	23	sin_COG	0	24
group_4187	core	23	sin_COG	0	24
znuC	core	23	sin_COG	0	24
group_4186	core	23	sin_COG	0	24
group_4185	core	23	sin_COG	0	24
group_4184	core	23	sin_COG	0	24
group_4181	core	23	sin_COG	0	24
group_4180	core	23	sin_COG	0	24
group_4179	core	23	sin_COG	0	24
ffh	core	23	U	23	24
group_4176	core	23	sin_COG	0	24
cynS	core	23	sin_COG	0	25
prpC	core	23	sin_COG	0	25
minE	core	23	D	24	24
minC	core	23	sin_COG	0	24
hcaC	core	23	sin_COG	0	24
group_4175	core	23	sin_COG	0	24
group_4174	core	23	sin_COG	0	24
group_4173	core	23	sin_COG	0	25
group_4172	core	23	sin_COG	0	25
carO	core	23	sin_COG	0	24
group_4169	core	23	sin_COG	0	24
group_4168	core	23	sin_COG	0	24
tsaB	core	23	sin_COG	0	24
dxs	core	23	sin_COG	0	24
group_4167	core	23	sin_COG	0	25
group_4164	core	23	sin_COG	0	24
group_4163	core	23	sin_COG	0	24
xerA	core	23	sin_COG	0	24
group_4162	core	23	sin_COG	0	24
nnt1	core	23	O	21	24
group_4161	core	23	sin_COG	0	24
panC	core	23	sin_COG	0	24
group_4158	core	23	sin_COG	0	24
coaE	core	23	sin_COG	0	24
group_4154	core	23	sin_COG	0	24
group_4152	core	23	sin_COG	0	24
group_4151	core	23	sin_COG	0	24
group_4149	core	23	sin_COG	0	24
group_4148	core	23	sin_COG	0	24
group_4147	core	23	sin_COG	0	24
group_4145	core	23	sin_COG	0	24
group_4144	core	23	sin_COG	0	25
ureA	core	23	sin_COG	0	24
group_4141	core	23	sin_COG	0	24
mET17	core	23	E	22	24
pgaA	core	23	sin_COG	0	26
group_4140	core	23	sin_COG	0	24
group_4139	core	23	sin_COG	0	24
mhpD	core	23	sin_COG	0	24
dmpG	core	23	sin_COG	0	24
trxC	core	23	sin_COG	0	24
group_4136	core	23	sin_COG	0	24
group_4135	core	23	sin_COG	0	24
group_4134	core	23	sin_COG	0	24
group_4133	core	23	sin_COG	0	24
group_4132	core	23	sin_COG	0	24
group_4131	core	23	sin_COG	0	24
prpF	core	23	sin_COG	0	24
group_4128	core	23	sin_COG	0	24
group_4125	core	23	Q	23	24
group_4124	core	23	sin_COG	0	24
group_4122	core	23	sin_COG	0	24
group_4121	core	23	sin_COG	0	25
group_4112	core	23	sin_COG	0	24
yihA	core	23	sin_COG	0	24
hemN	core	23	sin_COG	0	24
group_4111	core	23	sin_COG	0	24
group_4109	core	23	sin_COG	0	24
group_4108	core	23	sin_COG	0	24
group_4107	core	23	sin_COG	0	24
rplY	core	23	sin_COG	0	24
lolB	core	23	sin_COG	0	24
group_4101	core	23	sin_COG	0	24
group_4100	core	23	sin_COG	0	24
guaD	core	23	sin_COG	0	24
group_4099	core	23	sin_COG	0	24
rsmA	core	23	sin_COG	0	24
vacJ	core	23	sin_COG	0	24
group_4098	core	23	sin_COG	0	24
group_4097	core	23	sin_COG	0	24
group_4095	core	23	sin_COG	0	24
group_4093	core	23	sin_COG	0	24
group_4092	core	23	sin_COG	0	24
group_4091	core	23	sin_COG	0	24
group_4090	core	23	sin_COG	0	25
group_4089	core	23	sin_COG	0	24
kdsB	core	23	sin_COG	0	24
group_4087	core	23	sin_COG	0	24
rluD	core	23	sin_COG	0	24
group_4086	core	23	sin_COG	0	24
copZ	core	23	sin_COG	0	24
esvE2	core	23	sin_COG	0	24
group_4077	core	23	sin_COG	0	24
truA	core	23	sin_COG	0	24
tusD	core	23	sin_COG	0	24
group_4076	core	23	sin_COG	0	24
thiO	core	23	sin_COG	0	24
group_4074	core	23	sin_COG	0	24
group_4073	core	23	sin_COG	0	24
group_4072	core	23	sin_COG	0	24
group_4071	core	23	sin_COG	0	24
group_4070	core	23	sin_COG	0	24
benD	core	23	sin_COG	0	24
group_4067	core	23	sin_COG	0	24
group_4065	core	23	sin_COG	0	24
murI	core	23	sin_COG	0	24
group_4064	core	23	sin_COG	0	24
group_4063	core	23	sin_COG	0	24
group_4062	core	23	sin_COG	0	24
group_4060	core	23	sin_COG	0	24
yggS	core	23	sin_COG	0	24
group_4059	core	23	sin_COG	0	24
group_4056	core	23	sin_COG	0	24
group_4055	core	23	sin_COG	0	24
group_4054	core	23	sin_COG	0	24
group_4053	core	23	J	24	24
group_4052	core	23	sin_COG	0	24
group_4051	core	23	sin_COG	0	24
group_4050	core	23	sin_COG	0	24
group_4048	core	23	sin_COG	0	26
group_4046	core	23	sin_COG	0	25
pilN	core	23	sin_COG	0	24
group_4045	core	23	sin_COG	0	24
group_4044	core	23	sin_COG	0	24
group_4041	core	23	sin_COG	0	24
fabZ	core	23	sin_COG	0	24
purN	core	23	sin_COG	0	24
ybeY	core	23	sin_COG	0	24
cydP	core	23	sin_COG	0	24
group_4039	core	23	sin_COG	0	24
group_4038	core	23	sin_COG	0	25
group_4037	core	23	sin_COG	0	24
group_4036	core	23	sin_COG	0	24
prmC	core	23	sin_COG	0	24
group_4031	core	23	sin_COG	0	24
group_4030	core	23	sin_COG	0	24
group_4029	core	23	sin_COG	0	24
group_4028	core	23	sin_COG	0	24
group_4027	core	23	sin_COG	0	25
group_4026	core	23	sin_COG	0	24
group_4025	core	23	sin_COG	0	24
group_4023	core	23	sin_COG	0	24
group_4020	core	23	sin_COG	0	24
group_4017	core	23	sin_COG	0	24
group_4016	core	23	sin_COG	0	24
group_4015	core	23	sin_COG	0	24
group_4014	core	23	sin_COG	0	24
tadA	core	23	sin_COG	0	24
group_4011	core	23	sin_COG	0	25
group_4010	core	23	sin_COG	0	24
group_4009	core	23	sin_COG	0	25
group_4008	core	23	C	1	24
group_4006	core	23	sin_COG	0	25
group_4003	core	23	sin_COG	0	24
group_4002	core	23	sin_COG	0	24
sixA	core	23	sin_COG	0	24
carB	core	23	E	22	24
group_4001	core	23	sin_COG	0	24
group_4000	core	23	sin_COG	0	24
group_3997	core	23	sin_COG	0	24
thiM	core	23	sin_COG	0	24
urtD	core	23	sin_COG	0	25
selO	core	23	sin_COG	0	24
leuE	core	23	sin_COG	0	24
group_3995	core	23	sin_COG	0	24
group_3994	core	23	sin_COG	0	25
gpmI	core	23	G	24	24
group_3993	core	23	sin_COG	0	24
group_3992	core	23	sin_COG	0	24
group_3991	core	23	sin_COG	0	24
group_3990	core	23	sin_COG	0	24
group_3989	core	23	sin_COG	0	24
group_3988	core	23	sin_COG	0	24
group_3987	core	23	sin_COG	0	24
group_3986	core	23	sin_COG	0	24
group_3985	core	23	sin_COG	0	24
group_3984	core	23	sin_COG	0	24
group_3983	core	23	sin_COG	0	24
group_3982	core	23	sin_COG	0	24
group_3980	core	23	sin_COG	0	24
group_3979	core	23	sin_COG	0	24
group_3978	core	23	sin_COG	0	24
murD	core	23	sin_COG	0	24
group_3977	core	23	sin_COG	0	24
group_3976	core	23	sin_COG	0	25
group_3974	core	23	sin_COG	0	24
group_3973	core	23	sin_COG	0	24
group_3972	core	23	sin_COG	0	24
group_3971	core	23	sin_COG	0	24
group_3970	core	23	sin_COG	0	24
group_3968	core	23	sin_COG	0	24
group_3967	core	23	sin_COG	0	24
group_3964	core	23	sin_COG	0	24
group_3963	core	23	sin_COG	0	24
hda	core	23	sin_COG	0	24
group_3961	core	23	sin_COG	0	24
group_3959	core	23	sin_COG	0	24
group_3958	core	23	sin_COG	0	24
ecsC	core	23	sin_COG	0	24
group_3957	core	23	sin_COG	0	24
group_3955	core	23	sin_COG	0	24
group_3954	core	23	sin_COG	0	24
group_3953	core	23	sin_COG	0	24
group_3951	core	23	sin_COG	0	24
proC	core	23	sin_COG	0	24
cntF	core	23	sin_COG	0	25
group_3948	core	23	sin_COG	0	24
group_3947	core	23	sin_COG	0	24
group_3946	core	23	sin_COG	0	24
group_3945	core	23	sin_COG	0	24
group_3944	core	23	sin_COG	0	24
group_3941	core	23	sin_COG	0	24
group_3940	core	23	sin_COG	0	24
ibaG	core	23	sin_COG	0	24
group_3939	core	23	sin_COG	0	24
group_3936	core	23	sin_COG	0	24
tsaA	core	23	sin_COG	0	24
ftsZ	core	23	sin_COG	0	24
group_3934	core	23	sin_COG	0	24
group_3933	core	23	sin_COG	0	24
group_3932	core	23	sin_COG	0	24
cysG	core	23	sin_COG	0	24
radC	core	23	sin_COG	0	24
glnE	core	23	sin_COG	0	26
csrA	core	23	sin_COG	0	24
group_3931	core	23	sin_COG	0	24
group_3930	core	23	sin_COG	0	24
group_3929	core	23	sin_COG	0	24
group_3928	core	23	sin_COG	0	24
accD	core	23	sin_COG	0	24
group_3927	core	23	sin_COG	0	24
group_3926	core	23	sin_COG	0	24
hisC	core	23	sin_COG	0	24
ribC	core	23	H	21	24
ribD	core	23	sin_COG	0	24
ispG	core	23	I	24	24
group_3922	core	23	sin_COG	0	24
group_3921	core	23	sin_COG	0	24
group_3920	core	23	sin_COG	0	25
group_3918	core	23	sin_COG	0	24
group_3914	core	23	sin_COG	0	24
group_3913	core	23	sin_COG	0	24
hfq	core	23	sin_COG	0	24
group_3911	core	23	sin_COG	0	24
group_3909	core	23	sin_COG	0	24
group_3908	core	23	sin_COG	0	24
group_3907	core	23	sin_COG	0	24
group_3906	core	23	sin_COG	0	24
group_3903	core	23	sin_COG	0	25
group_3900	core	23	sin_COG	0	24
group_3898	core	23	sin_COG	0	25
group_3897	core	23	sin_COG	0	24
group_3896	core	23	sin_COG	0	24
group_3891	core	23	sin_COG	0	24
group_3890	core	23	sin_COG	0	31
bamA	core	23	sin_COG	0	24
uraH	core	23	sin_COG	0	24
ompK	core	23	sin_COG	0	24
group_3887	core	23	sin_COG	0	24
group_3886	core	23	sin_COG	0	36
group_3885	core	23	sin_COG	0	24
group_3884	core	23	sin_COG	0	24
hcaR	core	23	sin_COG	0	24
hcaF	core	23	sin_COG	0	24
group_3883	core	23	sin_COG	0	24
group_3882	core	23	sin_COG	0	25
group_3881	core	23	sin_COG	0	24
pstA	core	23	sin_COG	0	25
nudJ	core	23	sin_COG	0	24
group_3880	core	23	sin_COG	0	24
metF	core	23	sin_COG	0	24
group_3879	core	23	sin_COG	0	24
eutC	core	23	sin_COG	0	24
group_3878	core	23	sin_COG	0	25
group_3877	core	23	sin_COG	0	24
group_3876	core	23	sin_COG	0	24
group_3875	core	23	sin_COG	0	24
group_3872	core	23	sin_COG	0	24
group_3871	core	23	sin_COG	0	24
group_3869	core	23	sin_COG	0	24
group_3868	core	23	sin_COG	0	24
group_3865	core	23	sin_COG	0	24
ridA	core	23	sin_COG	0	24
group_3864	core	23	sin_COG	0	24
serA	core	23	H	23	24
group_3863	core	23	sin_COG	0	24
cydB	core	23	sin_COG	0	24
alr	core	23	sin_COG	0	24
group_3859	core	23	sin_COG	0	24
group_3858	core	23	sin_COG	0	24
group_3856	core	23	sin_COG	0	24
group_3855	core	23	sin_COG	0	24
group_3854	core	23	sin_COG	0	24
group_3852	core	23	sin_COG	0	24
glmM	core	23	sin_COG	0	24
group_3851	core	23	sin_COG	0	24
group_3850	core	23	sin_COG	0	24
group_3849	core	23	sin_COG	0	24
infB	core	23	sin_COG	0	24
group_3847	core	23	sin_COG	0	25
hisIE	core	23	sin_COG	0	24
dtd	core	23	sin_COG	0	24
group_3841	core	23	sin_COG	0	24
aceI	core	23	sin_COG	0	24
group_3840	core	23	sin_COG	0	24
rpiA	core	23	sin_COG	0	24
nuoM	core	23	sin_COG	0	24
group_3834	core	23	sin_COG	0	24
group_3833	core	23	sin_COG	0	24
ychJ	core	23	sin_COG	0	24
group_3831	core	23	sin_COG	0	24
group_3830	core	23	sin_COG	0	24
cysD	core	23	E	23	25
ubiJ	core	23	sin_COG	0	24
group_3822	core	23	sin_COG	0	24
dnaQ	core	23	sin_COG	0	25
nudC	core	23	sin_COG	0	24
group_3821	core	23	sin_COG	0	24
betB	core	23	sin_COG	0	24
group_3820	core	23	sin_COG	0	24
group_3819	core	23	sin_COG	0	24
group_3818	core	23	sin_COG	0	24
ppnP	core	23	F	20	24
group_3815	core	23	sin_COG	0	24
cmk	core	23	sin_COG	0	24
group_3814	core	23	sin_COG	0	24
pdxH	core	23	sin_COG	0	24
omp3336	core	23	sin_COG	0	24
group_3811	core	23	sin_COG	0	25
group_3810	core	23	sin_COG	0	24
lpxK	core	23	sin_COG	0	24
group_3809	core	23	sin_COG	0	24
group_3808	core	23	sin_COG	0	24
mnmE	core	23	sin_COG	0	24
sstT	core	23	sin_COG	0	24
group_3804	core	23	sin_COG	0	24
nuoB	core	23	C	24	24
group_3800	core	23	sin_COG	0	24
aroE	core	23	sin_COG	0	24
group_3798	core	23	sin_COG	0	24
group_3797	core	23	sin_COG	0	24
group_3796	core	23	sin_COG	0	24
group_3794	core	23	sin_COG	0	24
mscL	core	23	sin_COG	0	24
group_3793	core	23	sin_COG	0	24
group_3792	core	23	sin_COG	0	24
group_3791	core	23	sin_COG	0	24
lysM	core	23	sin_COG	0	26
group_3790	core	23	sin_COG	0	24
hscB	core	23	sin_COG	0	24
group_3788	core	23	sin_COG	0	24
fmdB	core	23	sin_COG	0	24
group_3786	core	23	sin_COG	0	24
group_3784	core	23	sin_COG	0	24
group_3783	core	23	sin_COG	0	24
sdhD	core	23	sin_COG	0	24
group_3782	core	23	sin_COG	0	24
slyX	core	23	sin_COG	0	24
group_3781	core	23	sin_COG	0	24
group_3780	core	23	sin_COG	0	24
group_3779	core	23	sin_COG	0	34
hemA	core	23	sin_COG	0	24
blaOXA~~~blaOXA1005~~~blaOXA278~~~blaOXA360~~~blaOXA277~~~blaOXA276	core	23	sin_COG	0	24
group_3778	core	23	sin_COG	0	28
group_3777	core	23	sin_COG	0	25
group_3776	core	23	sin_COG	0	24
group_3775	core	23	sin_COG	0	24
group_3774	core	23	sin_COG	0	24
group_3772	core	23	sin_COG	0	24
group_3771	core	23	sin_COG	0	24
tsaE	core	23	sin_COG	0	24
group_3769	core	23	sin_COG	0	24
betI	core	23	sin_COG	0	24
rlmF	core	23	sin_COG	0	24
group_3768	core	23	sin_COG	0	24
group_3767	core	23	sin_COG	0	25
group_3766	core	23	sin_COG	0	24
group_3765	core	23	sin_COG	0	24
group_3764	core	23	sin_COG	0	24
group_3761	core	23	sin_COG	0	24
group_3760	core	23	sin_COG	0	24
group_3759	core	23	sin_COG	0	24
group_3758	core	23	sin_COG	0	24
group_3757	core	23	sin_COG	0	24
fadA	core	23	I	24	24
group_3755	core	23	sin_COG	0	24
group_3754	core	23	sin_COG	0	24
group_3752	core	23	sin_COG	0	24
group_3750	core	23	sin_COG	0	24
group_3749	core	23	sin_COG	0	24
group_3748	core	23	sin_COG	0	24
group_3747	core	23	sin_COG	0	25
group_3746	core	23	sin_COG	0	24
group_3745	core	23	sin_COG	0	24
group_3744	core	23	sin_COG	0	24
ynfA	core	23	sin_COG	0	24
group_3739	core	23	sin_COG	0	24
group_3735	core	23	sin_COG	0	24
group_3731	core	23	sin_COG	0	24
group_3728	core	23	sin_COG	0	24
group_3727	core	23	sin_COG	0	24
group_3726	core	23	sin_COG	0	24
group_3725	core	23	sin_COG	0	24
group_3724	core	23	sin_COG	0	24
group_3723	core	23	sin_COG	0	24
group_3722	core	23	sin_COG	0	24
lptE	core	23	sin_COG	0	24
dapC	core	23	E	10	24
nuoF	core	23	C	24	24
group_3718	core	23	sin_COG	0	25
cueR	core	23	sin_COG	0	24
aceF	core	23	sin_COG	0	24
group_3715	core	23	sin_COG	0	24
group_3714	core	23	sin_COG	0	25
group_3711	core	23	sin_COG	0	24
group_3710	core	23	sin_COG	0	24
group_3709	core	23	sin_COG	0	24
aceA	core	23	C	23	25
group_3707	core	23	sin_COG	0	24
proS	core	23	sin_COG	0	24
group_3703	core	23	sin_COG	0	24
zipA	core	23	sin_COG	0	24
group_3702	core	23	sin_COG	0	24
yjcH	core	23	sin_COG	0	24
trmJ	core	23	sin_COG	0	24
group_3701	core	23	sin_COG	0	24
recB	core	23	sin_COG	0	24
trmA	core	23	sin_COG	0	24
gltD	core	23	E	6	24
glgD	core	23	sin_COG	0	24
group_3696	core	23	sin_COG	0	25
group_3695	core	23	sin_COG	0	24
lon	core	23	O	22	26
group_3693	core	23	sin_COG	0	24
glnA	core	23	E	23	26
pgaC	core	23	sin_COG	0	24
pgaB	core	23	sin_COG	0	26
group_3672	core	23	sin_COG	0	26
group_3667	core	23	sin_COG	0	26
group_3660	core	23	sin_COG	0	24
group_3658	core	23	sin_COG	0	24
group_3655	core	23	sin_COG	0	29
lolD	core	23	sin_COG	0	25
group_3653	core	23	sin_COG	0	26
yraN	core	23	sin_COG	0	25
group_3652	core	23	sin_COG	0	25
group_3650	core	23	sin_COG	0	25
group_3648	core	23	sin_COG	0	25
group_3645	core	23	sin_COG	0	26
group_3644	core	23	sin_COG	0	25
mrdA	core	23	sin_COG	0	26
group_3638	core	23	sin_COG	0	24
group_3637	core	23	sin_COG	0	24
group_3636	core	23	sin_COG	0	25
group_3634	core	23	sin_COG	0	25
group_3628	core	23	sin_COG	0	25
group_3626	core	23	sin_COG	0	25
group_3625	core	23	sin_COG	0	25
group_3624	core	23	sin_COG	0	26
group_3623	core	23	sin_COG	0	24
group_3620	core	23	sin_COG	0	25
group_3619	core	23	sin_COG	0	24
glyA	core	23	E	20	25
group_3618	core	23	sin_COG	0	25
sucC	core	23	C	22	25
group_3614	core	23	sin_COG	0	25
group_3612	core	23	sin_COG	0	25
group_3611	core	23	sin_COG	0	24
group_3610	core	23	sin_COG	0	25
lpxB	core	23	sin_COG	0	24
group_3609	core	23	sin_COG	0	24
ubiH	core	23	sin_COG	0	25
ahpC	core	23	V	13	24
group_3607	core	23	sin_COG	0	25
group_3606	core	23	sin_COG	0	25
group_3604	core	23	sin_COG	0	25
group_3598	core	23	sin_COG	0	25
group_3597	core	23	sin_COG	0	29
argS	core	23	sin_COG	0	25
group_3596	core	23	sin_COG	0	25
group_3595	core	23	sin_COG	0	23
group_3594	core	23	sin_COG	0	24
group_3588	core	23	sin_COG	0	25
group_3580	core	23	sin_COG	0	24
group_3579	core	23	sin_COG	0	24
group_3562	core	23	sin_COG	0	24
group_3559	core	23	sin_COG	0	24
group_3555	core	23	sin_COG	0	25
rplB	core	23	J	23	25
group_3546	core	23	O	24	25
group_3541	core	23	sin_COG	0	24
group_3539	core	23	sin_COG	0	25
group_3538	core	23	sin_COG	0	25
group_3537	core	23	sin_COG	0	24
group_3536	core	23	sin_COG	0	25
rsmH	core	23	sin_COG	0	25
group_3532	core	23	sin_COG	0	24
pilG	core	23	sin_COG	0	24
surE	core	23	sin_COG	0	25
group_3529	core	23	sin_COG	0	24
dacC	core	23	M	19	25
group_3527	core	23	sin_COG	0	24
group_3526	core	23	sin_COG	0	25
aroQ	core	23	sin_COG	0	24
hemY	core	23	sin_COG	0	24
group_3523	core	23	sin_COG	0	24
group_3521	core	23	sin_COG	0	24
secY	core	23	U	24	24
mtgA	core	23	sin_COG	0	25
ybaK	core	23	sin_COG	0	24
group_3517	core	23	sin_COG	0	24
group_3516	core	23	sin_COG	0	26
group_3513	core	23	sin_COG	0	24
group_3512	core	23	sin_COG	0	24
group_3511	core	23	sin_COG	0	25
group_3505	core	23	sin_COG	0	24
ispF	core	23	I	20	24
group_3501	core	23	sin_COG	0	25
group_3499	core	23	sin_COG	0	24
polA	core	23	sin_COG	0	25
epmB	core	23	sin_COG	0	25
group_3494	core	23	sin_COG	0	25
ruvX	core	23	sin_COG	0	24
group_3493	core	23	sin_COG	0	24
group_3491	core	23	sin_COG	0	24
msuE	core	23	sin_COG	0	24
tal	core	23	sin_COG	0	25
group_3489	core	23	sin_COG	0	24
group_3485	core	23	sin_COG	0	24
sugE	core	23	sin_COG	0	24
group_3483	core	23	sin_COG	0	24
group_3482	core	23	sin_COG	0	24
group_3481	core	23	sin_COG	0	24
group_3478	core	23	sin_COG	0	24
group_3477	core	23	sin_COG	0	24
group_3474	core	23	sin_COG	0	24
group_3473	core	23	sin_COG	0	24
scpB	core	23	sin_COG	0	25
queF	core	23	sin_COG	0	24
gstA	core	23	sin_COG	0	25
group_3471	core	23	sin_COG	0	26
group_3470	core	23	sin_COG	0	24
rnk	core	23	sin_COG	0	24
uvrC	core	23	sin_COG	0	24
pgsA	core	23	I	23	24
group_3467	core	23	sin_COG	0	25
group_3466	core	23	sin_COG	0	24
sppA	core	23	sin_COG	0	25
group_3464	core	23	sin_COG	0	24
gspE	core	23	sin_COG	0	24
group_3457	core	23	sin_COG	0	24
estB	core	23	sin_COG	0	24
group_3455	core	23	sin_COG	0	24
group_3454	core	23	sin_COG	0	24
group_3453	core	23	sin_COG	0	24
group_3452	core	23	sin_COG	0	24
group_3451	core	23	sin_COG	0	24
group_3450	core	23	sin_COG	0	24
group_3448	core	23	sin_COG	0	32
group_3447	core	23	sin_COG	0	25
group_3444	core	23	sin_COG	0	24
group_3442	core	23	sin_COG	0	25
group_3440	core	23	sin_COG	0	24
group_3439	core	23	sin_COG	0	24
group_3436	core	23	sin_COG	0	24
group_3435	core	23	sin_COG	0	24
group_3434	core	23	sin_COG	0	24
group_3433	core	23	sin_COG	0	24
group_3431	core	23	sin_COG	0	25
group_3430	core	23	sin_COG	0	24
group_3429	core	23	sin_COG	0	24
group_3428	core	23	sin_COG	0	24
dfrA44	core	23	sin_COG	0	24
group_3427	core	23	sin_COG	0	24
group_3426	core	23	sin_COG	0	24
cyoB	core	23	sin_COG	0	24
group_3422	core	23	sin_COG	0	24
group_3420	core	23	sin_COG	0	24
hflD	core	23	sin_COG	0	25
group_3418	core	23	sin_COG	0	24
ycgL	core	23	sin_COG	0	24
dnaA	core	23	L	19	24
group_3417	core	23	sin_COG	0	24
group_3416	core	23	sin_COG	0	24
group_3415	core	23	sin_COG	0	24
group_3414	core	23	sin_COG	0	24
group_3412	core	23	sin_COG	0	24
group_3411	core	23	sin_COG	0	24
group_3410	core	23	sin_COG	0	24
group_3408	core	23	sin_COG	0	24
group_3406	core	23	sin_COG	0	24
group_3403	core	23	sin_COG	0	24
group_3401	core	23	sin_COG	0	24
wrbA	core	23	sin_COG	0	24
dacD	core	23	sin_COG	0	25
group_3397	core	23	sin_COG	0	24
folB	core	23	sin_COG	0	24
group_3396	core	23	sin_COG	0	24
group_3394	core	23	sin_COG	0	24
group_3393	core	23	sin_COG	0	24
group_3392	core	23	sin_COG	0	24
glnL	core	23	sin_COG	0	25
rcnB	core	23	sin_COG	0	24
group_3391	core	23	sin_COG	0	24
lptM	core	23	sin_COG	0	24
yfhL	core	23	sin_COG	0	24
group_3390	core	23	sin_COG	0	24
trmB	core	23	sin_COG	0	25
otsB	core	23	sin_COG	0	24
folK	core	23	sin_COG	0	24
group_3389	core	23	sin_COG	0	24
group_3386	core	23	sin_COG	0	24
group_3384	core	23	sin_COG	0	24
group_3382	core	23	sin_COG	0	24
group_3381	core	23	sin_COG	0	24
group_3379	core	23	sin_COG	0	24
group_3376	core	23	sin_COG	0	24
group_3375	core	23	sin_COG	0	24
group_3374	core	23	sin_COG	0	24
group_3372	core	23	sin_COG	0	24
ribB	core	23	H	22	24
group_3370	core	23	sin_COG	0	24
group_3369	core	23	sin_COG	0	24
group_3367	core	23	sin_COG	0	24
group_3365	core	23	sin_COG	0	24
group_3364	core	23	sin_COG	0	24
miaA	core	23	sin_COG	0	24
group_3363	core	23	sin_COG	0	24
group_3362	core	23	sin_COG	0	24
group_3359	core	23	sin_COG	0	24
group_3357	core	23	sin_COG	0	24
group_3355	core	23	sin_COG	0	24
group_3353	core	23	sin_COG	0	24
group_3351	core	23	sin_COG	0	24
group_3348	core	23	sin_COG	0	24
trxB	core	23	sin_COG	0	24
group_3340	core	23	sin_COG	0	24
group_3339	core	23	sin_COG	0	24
group_3299	core	23	sin_COG	0	24
group_3298	core	23	sin_COG	0	24
group_3258	core	23	H	24	24
group_3257	core	23	K	24	24
group_3255	core	23	sin_COG	0	24
group_3254	core	23	sin_COG	0	24
group_3253	core	23	O	23	24
group_3252	core	23	sin_COG	0	24
group_3251	core	23	sin_COG	0	24
group_3250	core	23	sin_COG	0	24
group_3249	core	23	sin_COG	0	24
group_3248	core	23	sin_COG	0	24
group_3247	core	23	sin_COG	0	24
group_3246	core	23	sin_COG	0	24
group_3245	core	23	sin_COG	0	24
group_3244	core	23	sin_COG	0	24
group_3243	core	23	sin_COG	0	24
group_3242	core	23	sin_COG	0	24
cydX	core	23	sin_COG	0	24
group_3036	core	23	sin_COG	0	9
rpmJ	core	23	J	24	24
group_3005	core	23	sin_COG	0	2
group_3001	core	23	sin_COG	0	2
rpmH	core	23	J	24	24
group_2967	core	23	sin_COG	0	24
rpmG	core	23	J	24	24
group_2962	core	23	sin_COG	0	24
group_2947	core	23	sin_COG	0	24
hemP	core	23	sin_COG	0	24
rpmD	core	23	J	23	24
group_2896	core	23	sin_COG	0	23
rpmF	core	23	J	24	24
yacG	core	23	sin_COG	0	24
group_2885	core	23	sin_COG	0	24
rpmI	core	23	sin_COG	0	24
ccmD	core	23	sin_COG	0	24
thiS	core	23	sin_COG	0	24
xseB	core	23	sin_COG	0	24
rpmC	core	23	J	24	24
group_2844	core	23	sin_COG	0	24
iscX	core	23	sin_COG	0	24
group_2837	core	23	sin_COG	0	24
group_2836	core	23	sin_COG	0	24
group_2823	core	23	sin_COG	0	24
yheV	core	23	sin_COG	0	24
group_2811	core	23	sin_COG	0	24
cspC	core	23	K	24	24
rpsU	core	23	J	24	24
tatA	core	23	sin_COG	0	24
infA	core	23	J	24	24
group_2754	core	23	sin_COG	0	24
rpmE	core	23	J	24	24
group_2735	core	23	sin_COG	0	24
group_2734	core	23	sin_COG	0	24
rpsR	core	23	J	24	24
group_2732	core	23	sin_COG	0	24
rpmB	core	23	J	24	24
group_2660	core	23	sin_COG	0	24
atpE	core	23	C	24	24
group_2649	core	23	sin_COG	0	24
group_2636	core	23	sin_COG	0	24
group_2616	core	23	sin_COG	0	3
group_2615	core	23	sin_COG	0	24
rpmA	core	23	sin_COG	0	24
group_2614	core	23	sin_COG	0	24
group_2605	core	23	sin_COG	0	24
tusA	core	23	sin_COG	0	24
group_2604	core	23	sin_COG	0	24
rpsQ	core	23	J	24	24
group_2593	core	23	sin_COG	0	24
group_2574	core	23	sin_COG	0	24
rpsO	core	23	J	24	24
fis	core	23	K	24	24
rpsT	core	23	sin_COG	0	24
group_2563	core	23	sin_COG	0	24
group_2553	core	23	sin_COG	0	24
group_2552	core	23	sin_COG	0	24
rpsS	core	23	J	24	24
group_2532	core	23	sin_COG	0	24
rpoZ	core	23	K	24	24
sdhE	core	23	sin_COG	0	24
zapA	core	23	sin_COG	0	24
groES	core	23	O	24	24
ihfA	core	23	B	24	24
group_2446	core	23	sin_COG	0	24
group_2435	core	23	sin_COG	0	24
group_2424	core	23	sin_COG	0	24
group_2423	core	23	sin_COG	0	24
group_2409	core	23	sin_COG	0	24
group_2408	core	23	sin_COG	0	24
nuoK	core	23	C	24	24
group_2395	core	23	sin_COG	0	24
group_2394	core	23	sin_COG	0	24
arsR	core	23	sin_COG	0	24
rplU	core	23	J	24	24
rpsJ	core	23	J	24	24
group_2381	core	23	sin_COG	0	24
group_2380	core	23	sin_COG	0	24
rplX	core	23	sin_COG	0	24
yidD	core	23	sin_COG	0	24
iscA	core	23	O	24	24
rplW	core	23	sin_COG	0	24
group_2362	core	23	sin_COG	0	24
group_2353	core	23	sin_COG	0	24
fdxA	core	23	F	24	24
group_2352	core	23	sin_COG	0	24
yhbY	core	23	sin_COG	0	24
trxA	core	23	sin_COG	0	24
group_2336	core	23	sin_COG	0	24
group_2335	core	23	sin_COG	0	24
group_2334	core	23	sin_COG	0	24
group_2325	core	23	sin_COG	0	24
group_2324	core	23	sin_COG	0	24
yajC	core	23	sin_COG	0	24
rplV	core	23	J	24	24
group_2323	core	23	sin_COG	0	24
secG	core	23	sin_COG	0	24
hpf	core	23	sin_COG	0	24
ftsL	core	23	sin_COG	0	24
group_2303	core	23	sin_COG	0	24
group_2302	core	23	sin_COG	0	24
erpA	core	23	O	24	24
fdx	core	23	C	24	24
glnK	core	23	E	24	24
grxD	core	23	sin_COG	0	24
group_2280	core	23	sin_COG	0	24
group_2267	core	23	sin_COG	0	24
rplR	core	23	J	24	24
rpsM	core	23	J	24	24
rplT	core	23	J	24	24
group_2197	core	23	sin_COG	0	24
group_2196	core	23	sin_COG	0	24
rplQ	core	23	J	24	24
group_2185	core	23	sin_COG	0	24
rplN	core	23	J	24	24
group_2170	core	23	sin_COG	0	24
rpsL	core	23	J	24	24
group_2158	core	23	sin_COG	0	24
gcvH	core	23	sin_COG	0	24
group_2157	core	23	sin_COG	0	24
crcB	core	23	sin_COG	0	24
group_2135	core	23	sin_COG	0	24
group_2134	core	23	sin_COG	0	24
group_2133	core	23	sin_COG	0	24
group_2132	core	23	sin_COG	0	24
rpsI	core	23	J	24	24
iscU	core	23	sin_COG	0	24
group_2121	core	23	sin_COG	0	24
rpsF	core	23	sin_COG	0	24
rpsK	core	23	J	24	24
rnpA	core	23	sin_COG	0	24
rpsH	core	23	sin_COG	0	24
group_2084	core	23	sin_COG	0	24
group_2079	core	23	sin_COG	0	24
exbD	core	23	sin_COG	0	24
rsfS	core	23	sin_COG	0	24
group_2065	core	23	sin_COG	0	24
ybgC	core	23	sin_COG	0	24
group_2056	core	23	sin_COG	0	24
rplP	core	23	sin_COG	0	24
group_2043	core	23	sin_COG	0	24
accB	core	23	sin_COG	0	24
group_2034	core	23	sin_COG	0	24
group_2033	core	23	sin_COG	0	24
group_2032	core	23	sin_COG	0	24
group_2025	core	23	sin_COG	0	24
rplM	core	23	J	24	24
group_2007	core	23	sin_COG	0	24
ndk	core	23	F	1	24
group_1994	core	23	sin_COG	0	24
hinT	core	23	F	24	24
group_1983	core	23	sin_COG	0	24
group_1976	core	23	sin_COG	0	24
rplO	core	23	sin_COG	0	24
group_1964	core	23	sin_COG	0	24
group_1963	core	23	sin_COG	0	24
rplI	core	23	sin_COG	0	24
group_1953	core	23	sin_COG	0	24
group_1946	core	23	sin_COG	0	24
tolR	core	23	sin_COG	0	24
hemJ	core	23	H	24	24
group_1934	core	23	sin_COG	0	24
group_1930	core	23	sin_COG	0	24
group_1922	core	23	sin_COG	0	24
group_1912	core	23	sin_COG	0	24
group_1911	core	23	sin_COG	0	24
group_1910	core	23	sin_COG	0	24
bfr	core	23	sin_COG	0	24
group_1895	core	23	sin_COG	0	24
group_1894	core	23	sin_COG	0	24
group_1882	core	23	sin_COG	0	24
group_1881	core	23	sin_COG	0	24
nrdR	core	23	K	24	24
gspG	core	23	sin_COG	0	24
rpsG	core	23	J	24	24
group_1872	core	23	sin_COG	0	24
group_1871	core	23	sin_COG	0	24
atpF	core	23	C	24	24
iscR	core	23	K	24	24
group_1862	core	23	sin_COG	0	24
group_1855	core	23	sin_COG	0	24
greA	core	23	K	24	24
group_1854	core	23	sin_COG	0	24
group_1853	core	23	sin_COG	0	24
group_1842	core	23	sin_COG	0	24
group_1841	core	23	sin_COG	0	24
group_1831	core	23	sin_COG	0	24
rppH	core	23	V	24	24
cutF	core	23	sin_COG	0	24
slpA	core	23	O	24	24
group_1816	core	23	sin_COG	0	24
group_1815	core	23	sin_COG	0	24
group_1801	core	23	sin_COG	0	24
yajQ	core	23	sin_COG	0	24
ilvN	core	23	E	24	24
group_1792	core	23	sin_COG	0	24
group_1791	core	23	sin_COG	0	24
group_1785	core	23	sin_COG	0	24
greB	core	23	sin_COG	0	24
psiE	core	23	sin_COG	0	24
infC	core	23	J	20	24
rpsE	core	23	J	24	24
group_1748	core	23	sin_COG	0	24
group_1747	core	23	sin_COG	0	24
pasA	core	23	sin_COG	0	24
ppiB	core	23	O	24	24
nuoE	core	23	C	24	24
ureE	core	23	sin_COG	0	24
group_1721	core	23	sin_COG	0	24
gigB	core	23	sin_COG	0	24
group_1706	core	23	sin_COG	0	24
group_1699	core	23	sin_COG	0	24
yecA	core	23	sin_COG	0	24
rimP	core	23	sin_COG	0	24
hpt	core	23	sin_COG	0	24
dksA	core	23	sin_COG	0	24
lspA	core	23	sin_COG	0	24
group_1669	core	23	sin_COG	0	24
def	core	23	sin_COG	0	24
yjgA	core	23	sin_COG	0	24
group_1658	core	23	sin_COG	0	24
rplF	core	23	sin_COG	0	24
group_1648	core	23	sin_COG	0	24
group_1647	core	23	sin_COG	0	24
rplE	core	23	J	24	24
ppa	core	23	sin_COG	0	24
group_1646	core	23	sin_COG	0	24
group_1639	core	23	sin_COG	0	24
kdsC	core	23	sin_COG	0	24
group_1630	core	23	sin_COG	0	24
group_1629	core	23	sin_COG	0	24
group_1628	core	23	sin_COG	0	24
ruvC	core	23	sin_COG	0	24
group_1620	core	23	sin_COG	0	24
group_1619	core	23	sin_COG	0	24
group_1618	core	23	sin_COG	0	24
group_1607	core	23	sin_COG	0	24
padR	core	23	sin_COG	0	24
orn	core	23	sin_COG	0	24
frr	core	23	J	24	24
algH	core	23	K	24	24
ycxB	core	23	sin_COG	0	24
group_1586	core	23	sin_COG	0	24
sodC	core	23	sin_COG	0	24
fxsA	core	23	sin_COG	0	24
pilZ	core	23	sin_COG	0	24
yggT	core	23	sin_COG	0	24
efp	core	23	J	24	24
dcd	core	23	sin_COG	0	24
pal	core	23	sin_COG	0	24
group_1565	core	23	sin_COG	0	24
group_1564	core	23	sin_COG	0	24
rrtA	core	23	sin_COG	0	24
group_1549	core	23	sin_COG	0	24
group_1548	core	23	sin_COG	0	24
group_1536	core	23	sin_COG	0	24
hisB	core	23	E	24	24
metW	core	23	H	24	24
group_1533	core	23	sin_COG	0	24
matE	core	23	sin_COG	0	24
recR	core	23	sin_COG	0	24
group_1510	core	23	sin_COG	0	24
ruvA	core	23	sin_COG	0	24
rplD	core	23	J	24	24
group_1508	core	23	sin_COG	0	24
clpP	core	23	O	24	24
lysE	core	23	sin_COG	0	24
group_1503	core	23	sin_COG	0	24
group_1501	core	23	sin_COG	0	24
rlpA	core	23	sin_COG	0	24
group_1500	core	23	sin_COG	0	24
group_1499	core	23	sin_COG	0	24
yciB	core	23	sin_COG	0	24
group_1492	core	23	sin_COG	0	24
group_1491	core	23	sin_COG	0	24
group_1490	core	23	sin_COG	0	24
ureG	core	23	sin_COG	0	24
group_1489	core	23	sin_COG	0	24
group_1481	core	23	sin_COG	0	24
exbB	core	23	sin_COG	0	24
group_1472	core	23	sin_COG	0	24
group_1471	core	23	sin_COG	0	24
rhtB	core	23	sin_COG	0	24
group_1464	core	23	sin_COG	0	24
rpsD	core	23	J	24	24
pncA	core	23	sin_COG	0	24
yqiJ	core	23	sin_COG	0	24
coq7	core	23	sin_COG	0	24
gspJ	core	23	sin_COG	0	24
group_1454	core	23	sin_COG	0	24
group_1453	core	23	K	24	24
group_1447	core	23	sin_COG	0	24
nfuA	core	23	sin_COG	0	24
rplC	core	23	J	24	24
group_1437	core	23	sin_COG	0	24
group_1430	core	23	sin_COG	0	24
group_1429	core	23	sin_COG	0	24
group_1428	core	23	sin_COG	0	24
yadS	core	23	P	23	24
rnt	core	23	sin_COG	0	24
citB	core	23	K	24	24
group_1411	core	23	sin_COG	0	24
group_1410	core	23	sin_COG	0	24
rlmE	core	23	J	24	24
group_1403	core	23	sin_COG	0	24
dotU	core	23	sin_COG	0	24
yitT	core	23	sin_COG	0	24
group_1396	core	23	sin_COG	0	24
adk	core	23	F	24	24
group_1385	core	23	sin_COG	0	24
group_1380	core	23	sin_COG	0	24
group_1379	core	23	sin_COG	0	24
ureF	core	23	sin_COG	0	24
group_1378	core	23	sin_COG	0	24
group_1374	core	23	sin_COG	0	24
group_1369	core	23	sin_COG	0	24
group_1368	core	23	sin_COG	0	24
mlaD	core	23	sin_COG	0	24
group_1361	core	23	sin_COG	0	24
group_1350	core	23	sin_COG	0	24
group_1346	core	23	sin_COG	0	24
rpe	core	23	G	24	24
modB	core	23	sin_COG	0	24
group_1345	core	23	K	24	24
group_1339	core	23	sin_COG	0	24
lolA	core	23	sin_COG	0	24
group_1331	core	23	sin_COG	0	24
group_1330	core	23	sin_COG	0	24
urtE	core	23	sin_COG	0	24
group_1326	core	23	sin_COG	0	24
rnc	core	23	sin_COG	0	24
tolQ	core	23	sin_COG	0	24
group_1320	core	23	sin_COG	0	24
hisG	core	23	E	24	24
group_1315	core	23	sin_COG	0	24
group_1309	core	23	sin_COG	0	24
sdhB	core	23	C	24	24
phoB	core	23	K	24	24
group_1297	core	23	sin_COG	0	24
group_1296	core	23	sin_COG	0	24
rph	core	23	J	24	24
bfmR	core	23	K	24	24
hisA	core	23	E	1	24
group_1281	core	23	sin_COG	0	24
group_1269	core	23	sin_COG	0	24
pyrH	core	23	sin_COG	0	24
group_1256	core	23	sin_COG	0	24
group_1244	core	23	sin_COG	0	24
lptB	core	23	M	24	24
yciK	core	23	sin_COG	0	24
rpsB	core	23	J	24	24
group_1222	core	23	sin_COG	0	24
tACO1	core	23	J	24	24
rlmB	core	23	sin_COG	0	24
uppS	core	23	sin_COG	0	24
group_1215	core	23	sin_COG	0	24
rpsC	core	23	J	24	24
hisF	core	23	E	24	24
group_1198	core	23	sin_COG	0	24
ompR	core	23	K	24	24
group_1191	core	23	sin_COG	0	24
group_1182	core	23	sin_COG	0	24
tatD	core	23	sin_COG	0	24
group_1175	core	23	sin_COG	0	24
group_1171	core	23	sin_COG	0	24
group_1164	core	23	sin_COG	0	24
fpr	core	23	C	24	24
mlaE	core	23	sin_COG	0	24
thiG	core	23	H	24	24
group_1156	core	23	sin_COG	0	24
parA	core	23	D	24	24
group_1155	core	23	sin_COG	0	24
lpxA	core	23	sin_COG	0	24
tpiA	core	23	sin_COG	0	24
group_1141	core	23	sin_COG	0	24
group_1140	core	23	sin_COG	0	24
fprA1	core	23	sin_COG	0	24
group_1136	core	23	sin_COG	0	24
trpA	core	23	sin_COG	0	24
group_1131	core	23	sin_COG	0	24
group_1126	core	23	sin_COG	0	24
lgt	core	23	sin_COG	0	24
panB	core	23	sin_COG	0	24
group_1121	core	23	sin_COG	0	24
cysE	core	23	sin_COG	0	24
group_1120	core	23	sin_COG	0	24
minD	core	23	D	24	24
cpdA	core	23	sin_COG	0	24
ssuC	core	23	sin_COG	0	24
group_1110	core	23	sin_COG	0	24
group_1107	core	23	sin_COG	0	24
pssA	core	23	sin_COG	0	24
group_1106	core	23	sin_COG	0	24
ybgF	core	23	sin_COG	0	24
group_1100	core	23	sin_COG	0	24
group_1099	core	23	sin_COG	0	24
group_1098	core	23	sin_COG	0	24
map	core	23	sin_COG	0	24
lepB	core	23	sin_COG	0	24
group_1091	core	23	sin_COG	0	24
cysT	core	23	sin_COG	0	24
group_1080	core	23	sin_COG	0	24
corC	core	23	sin_COG	0	24
uspA	core	23	sin_COG	0	24
dapF	core	23	sin_COG	0	24
group_1067	core	23	sin_COG	0	24
rapZ	core	23	sin_COG	0	24
group_1066	core	23	sin_COG	0	24
ftsQ	core	23	sin_COG	0	24
mreC	core	23	sin_COG	0	24
kdsA	core	23	M	24	24
group_1060	core	23	sin_COG	0	24
group_1054	core	23	sin_COG	0	24
purU	core	23	sin_COG	0	24
atpG	core	23	C	24	24
group_1035	core	23	sin_COG	0	24
group_1034	core	23	sin_COG	0	24
hslO	core	23	sin_COG	0	24
atpB	core	23	sin_COG	0	24
tsf	core	23	sin_COG	0	24
gigC	core	23	K	24	24
group_1024	core	23	sin_COG	0	24
group_1009	core	23	sin_COG	0	24
group_999	core	23	sin_COG	0	24
cysW	core	23	sin_COG	0	24
group_996	core	23	sin_COG	0	24
group_989	core	23	sin_COG	0	24
group_987	core	23	sin_COG	0	24
lpxC	core	23	sin_COG	0	24
prmA	core	23	sin_COG	0	24
group_980	core	23	sin_COG	0	24
eamA	core	23	sin_COG	0	24
htpX	core	23	O	24	24
group_971	core	23	sin_COG	0	24
group_970	core	23	sin_COG	0	24
group_965	core	23	sin_COG	0	24
group_960	core	23	sin_COG	0	24
group_954	core	23	sin_COG	0	24
xerD	core	23	sin_COG	0	24
urtB	core	23	sin_COG	0	24
group_937	core	23	sin_COG	0	24
group_936	core	23	sin_COG	0	24
group_935	core	23	sin_COG	0	24
ttcA	core	23	sin_COG	0	24
group_927	core	23	sin_COG	0	24
group_925	core	23	sin_COG	0	24
cysM	core	23	sin_COG	0	24
group_919	core	23	sin_COG	0	24
trhO	core	23	J	24	24
group_916	core	23	sin_COG	0	24
group_915	core	23	sin_COG	0	24
ubiE	core	23	sin_COG	0	24
hemF	core	23	sin_COG	0	24
group_890	core	23	sin_COG	0	24
prsA	core	23	F	24	24
group_861	core	23	sin_COG	0	24
gigA	core	23	sin_COG	0	24
group_853	core	23	sin_COG	0	24
secF	core	23	sin_COG	0	24
group_848	core	23	sin_COG	0	24
group_847	core	23	sin_COG	0	24
epmA	core	23	sin_COG	0	24
group_846	core	23	sin_COG	0	24
group_838	core	23	sin_COG	0	24
pheS	core	23	J	24	24
group_836	core	23	sin_COG	0	24
mdh	core	23	C	24	24
group_827	core	23	K	24	24
bamD	core	23	sin_COG	0	24
group_819	core	23	sin_COG	0	24
group_818	core	23	sin_COG	0	24
cysK	core	23	sin_COG	0	24
group_812	core	23	sin_COG	0	24
ribF	core	23	sin_COG	0	24
group_804	core	23	sin_COG	0	24
mltB	core	23	sin_COG	0	24
pfkB	core	23	sin_COG	0	24
group_799	core	23	sin_COG	0	24
alc	core	23	sin_COG	0	24
hemH	core	23	sin_COG	0	24
araC	core	23	K	15	24
group_795	core	23	sin_COG	0	24
rpoA	core	23	K	24	24
prmB	core	23	sin_COG	0	24
group_793	core	23	K	1	24
group_792	core	23	sin_COG	0	24
group_791	core	23	sin_COG	0	24
hemB	core	23	H	4	24
group_781	core	23	sin_COG	0	24
group_779	core	23	sin_COG	0	24
corA	core	23	P	24	24
ilvC	core	23	E	24	24
group_773	core	23	sin_COG	0	24
group_760	core	23	sin_COG	0	24
group_759	core	23	sin_COG	0	24
era	core	23	sin_COG	0	24
fba	core	23	G	24	24
group_753	core	23	sin_COG	0	24
pilT	core	23	N	24	24
group_743	core	23	sin_COG	0	24
group_738	core	23	sin_COG	0	24
recA	core	23	L	23	24
group_737	core	23	E	16	24
group_736	core	23	sin_COG	0	24
mreB	core	23	D	24	24
prfB	core	23	J	24	24
argC	core	23	sin_COG	0	24
dinB	core	23	sin_COG	0	24
group_724	core	23	sin_COG	0	24
hppD	core	23	sin_COG	0	24
cysA	core	23	sin_COG	0	24
nadA	core	23	H	22	24
hemE	core	23	H	4	24
purM	core	23	F	24	24
lptG	core	23	sin_COG	0	24
group_704	core	23	sin_COG	0	24
apaG	core	23	sin_COG	0	24
group_696	core	23	sin_COG	0	24
leuB	core	23	C	24	24
serC	core	23	E	24	24
recF	core	23	sin_COG	0	24
group_690	core	23	sin_COG	0	24
prfA	core	23	J	24	24
cyoA	core	23	sin_COG	0	24
group_683	core	23	sin_COG	0	24
ychF	core	23	J	24	24
aroC	core	23	E	24	24
murG	core	23	sin_COG	0	24
group_672	core	23	sin_COG	0	24
group_671	core	23	sin_COG	0	24
lptF	core	23	sin_COG	0	24
group_653	core	23	sin_COG	0	24
frmA	core	23	C	24	24
group_645	core	23	sin_COG	0	24
group_639	core	23	sin_COG	0	24
group_637	core	23	sin_COG	0	24
asd	core	23	E	23	24
group_624	core	23	sin_COG	0	24
pntA	core	23	C	22	24
tgt	core	23	sin_COG	0	24
mnmA	core	23	sin_COG	0	24
group_612	core	23	sin_COG	0	24
thrC	core	23	E	24	24
group_610	core	23	sin_COG	0	24
group_609	core	23	sin_COG	0	24
carA	core	23	E	23	24
bamB	core	23	sin_COG	0	24
dnaN	core	23	sin_COG	0	24
zapE	core	23	sin_COG	0	24
dapE	core	23	sin_COG	0	24
group_585	core	23	E	3	24
group_584	core	23	sin_COG	0	24
urtC	core	23	sin_COG	0	24
group_578	core	23	sin_COG	0	24
group_575	core	23	sin_COG	0	24
group_561	core	23	sin_COG	0	24
mbtN	core	23	sin_COG	0	24
group_560	core	23	sin_COG	0	24
hpxO	core	23	sin_COG	0	24
group_556	core	23	sin_COG	0	24
group_555	core	23	sin_COG	0	24
fmdA	core	23	sin_COG	0	24
group_552	core	23	sin_COG	0	24
group_548	core	23	sin_COG	0	24
gldA	core	23	sin_COG	0	24
group_542	core	23	sin_COG	0	24
group_541	core	23	sin_COG	0	24
sbmA	core	23	sin_COG	0	24
ispC	core	23	sin_COG	0	24
group_534	core	23	sin_COG	0	24
ftsW	core	23	sin_COG	0	24
group_522	core	23	sin_COG	0	24
gspF	core	23	sin_COG	0	24
purT	core	23	sin_COG	0	24
hmpA	core	23	sin_COG	0	24
pncB	core	23	sin_COG	0	24
iscS	core	23	sin_COG	0	24
cxpE	core	23	sin_COG	0	24
argJ	core	23	sin_COG	0	24
group_499	core	23	sin_COG	0	24
serB	core	23	sin_COG	0	24
fabB	core	23	I	22	24
trpB	core	23	E	24	24
tyrS	core	23	sin_COG	0	24
group_491	core	23	sin_COG	0	24
rlmN	core	23	J	22	24
group_487	core	23	E	24	24
urtA	core	23	sin_COG	0	24
gltS	core	23	sin_COG	0	24
group_477	core	23	sin_COG	0	24
lysA	core	23	sin_COG	0	24
group_475	core	23	sin_COG	0	24
group_468	core	23	sin_COG	0	24
group_461	core	23	sin_COG	0	24
murA	core	23	M	24	24
mgtC	core	23	sin_COG	0	24
ftsA	core	23	sin_COG	0	24
group_455	core	23	sin_COG	0	24
rho	core	23	K	24	24
group_442	core	23	sin_COG	0	24
serS	core	23	J	24	24
coaBC	core	23	sin_COG	0	24
metL1	core	23	E	24	24
group_429	core	23	sin_COG	0	24
group_426	core	23	sin_COG	0	24
tolB	core	23	sin_COG	0	24
eno	core	23	G	24	24
group_423	core	23	sin_COG	0	24
group_417	core	23	L	24	24
hisS	core	23	sin_COG	0	24
group_413	core	23	sin_COG	0	24
shiA	core	23	sin_COG	0	24
group_410	core	23	sin_COG	0	24
group_409	core	23	sin_COG	0	24
group_406	core	23	sin_COG	0	24
surA	core	23	sin_COG	0	24
group_403	core	23	sin_COG	0	24
group_402	core	23	sin_COG	0	24
group_401	core	23	sin_COG	0	24
clpX	core	23	sin_COG	0	24
mgtE	core	23	sin_COG	0	24
group_380	core	23	sin_COG	0	24
tig	core	23	sin_COG	0	24
pepP	core	23	sin_COG	0	24
group_378	core	23	sin_COG	0	24
group_377	core	23	sin_COG	0	24
trkH	core	23	sin_COG	0	24
hflX	core	23	sin_COG	0	24
argG	core	23	E	24	24
group_375	core	23	sin_COG	0	24
rimO	core	23	J	24	24
group_372	core	23	sin_COG	0	24
group_368	core	23	sin_COG	0	24
argA	core	23	sin_COG	0	24
rseP	core	23	sin_COG	0	24
group_357	core	23	sin_COG	0	24
accC	core	23	I	24	24
group_354	core	23	sin_COG	0	24
xanP	core	23	sin_COG	0	24
dat	core	23	E	24	24
pstC	core	23	sin_COG	0	24
rlmD	core	23	sin_COG	0	24
ahcY	core	23	H	24	24
group_343	core	23	sin_COG	0	24
radA	core	23	L	24	24
group_337	core	23	sin_COG	0	24
fumC	core	23	sin_COG	0	24
atpD	core	23	C	24	24
group_331	core	23	sin_COG	0	24
group_329	core	23	sin_COG	0	24
der	core	23	sin_COG	0	24
group_325	core	23	sin_COG	0	24
group_318	core	23	sin_COG	0	24
group_317	core	23	sin_COG	0	24
glcD	core	23	C	24	24
group_315	core	23	sin_COG	0	24
aspB	core	23	E	22	24
group_314	core	23	sin_COG	0	24
leuC	core	23	E	24	24
dnaB	core	23	sin_COG	0	24
murC	core	23	sin_COG	0	24
group_310	core	23	sin_COG	0	24
gapA	core	23	G	24	24
miaB	core	23	sin_COG	0	24
guaB	core	23	F	24	24
group_300	core	23	sin_COG	0	24
group_297	core	23	sin_COG	0	24
glnG	core	23	sin_COG	0	24
nusA	core	23	K	24	24
trpE	core	23	sin_COG	0	24
group_283	core	23	sin_COG	0	24
gltX	core	23	sin_COG	0	24
putP	core	23	sin_COG	0	24
group_277	core	23	sin_COG	0	24
group_275	core	23	sin_COG	0	24
ppx	core	23	sin_COG	0	24
ttdA	core	23	C	24	24
group_270	core	23	sin_COG	0	24
lysS	core	23	J	12	24
ilvA	core	23	sin_COG	0	24
atpA	core	23	C	24	24
group_260	core	23	sin_COG	0	24
lnt	core	23	sin_COG	0	24
group_257	core	23	sin_COG	0	24
group_254	core	23	sin_COG	0	24
gshA	core	23	sin_COG	0	24
group_248	core	23	sin_COG	0	24
cysN	core	23	sin_COG	0	24
nadB	core	23	sin_COG	0	24
group_236	core	23	sin_COG	0	24
group_234	core	23	sin_COG	0	24
group_233	core	23	sin_COG	0	24
baeS	core	23	sin_COG	0	24
pyrG	core	23	sin_COG	0	24
recN	core	23	sin_COG	0	24
group_227	core	23	sin_COG	0	24
rpsA	core	23	J	24	24
leuA	core	23	E	13	24
group_217	core	23	sin_COG	0	24
recJ	core	23	sin_COG	0	24
group_216	core	23	sin_COG	0	24
group_213	core	23	sin_COG	0	24
group_212	core	23	sin_COG	0	24
group_211	core	23	sin_COG	0	24
msbA	core	23	sin_COG	0	24
group_204	core	23	sin_COG	0	24
yidC	core	23	sin_COG	0	24
group_196	core	23	sin_COG	0	24
group_194	core	23	sin_COG	0	24
lepA	core	23	sin_COG	0	24
group_186	core	23	sin_COG	0	24
ftsI	core	23	sin_COG	0	24
group_185	core	23	sin_COG	0	24
typA	core	23	T	24	24
group_181	core	23	sin_COG	0	24
group_179	core	23	sin_COG	0	24
feoB	core	23	sin_COG	0	24
hscA	core	23	sin_COG	0	24
ppiD	core	23	sin_COG	0	24
group_174	core	23	sin_COG	0	24
rpoD	core	23	sin_COG	0	24
ftsH	core	23	sin_COG	0	24
thiC	core	23	sin_COG	0	24
sdhA	core	23	sin_COG	0	24
secD	core	23	U	24	24
group_168	core	23	sin_COG	0	24
htpG	core	23	O	20	24
thrS	core	23	J	1	24
acs	core	23	sin_COG	0	24
group_153	core	23	sin_COG	0	24
pvdT	core	23	sin_COG	0	24
group_150	core	23	sin_COG	0	24
mutL	core	23	sin_COG	0	24
group_146	core	23	sin_COG	0	24
recG	core	23	sin_COG	0	24
metG	core	23	J	22	24
group_137	core	23	sin_COG	0	24
pnp	core	23	J	24	24
pta	core	23	sin_COG	0	24
fadB	core	23	I	24	24
group_121	core	23	sin_COG	0	24
group_120	core	23	sin_COG	0	24
dctM	core	23	sin_COG	0	24
osmC	core	23	sin_COG	0	24
parC	core	23	sin_COG	0	24
group_111	core	23	sin_COG	0	24
icdM	core	23	C	23	24
gspD	core	23	sin_COG	0	24
group_108	core	23	sin_COG	0	24
ptsP	core	23	sin_COG	0	24
group_104	core	23	sin_COG	0	24
group_100	core	23	sin_COG	0	24
ppsA	core	23	G	24	24
rnr	core	23	sin_COG	0	24
ponA	core	23	sin_COG	0	24
ygiQ	core	23	sin_COG	0	24
gyrB	core	23	sin_COG	0	24
plsB	core	23	sin_COG	0	24
pepN	core	23	sin_COG	0	24
acnD	core	23	C	22	24
glnD	core	23	sin_COG	0	24
aceE	core	23	C	23	24
secA	core	23	sin_COG	0	24
tamA	core	23	sin_COG	0	24
group_62	core	23	sin_COG	0	24
group_57	core	23	sin_COG	0	24
gyrA	core	23	sin_COG	0	24
group_48	core	23	sin_COG	0	24
group_37	core	23	sin_COG	0	24
group_34	core	23	sin_COG	0	24
dnaE	core	23	sin_COG	0	24
recC	core	23	sin_COG	0	24
gltB	core	23	E	24	24
group_8	core	23	sin_COG	0	24
group_7	core	23	sin_COG	0	24
group_5387	core	22	sin_COG	0	35
group_5288	core	22	sin_COG	0	23
group_5282	core	22	sin_COG	0	23
group_5252	core	22	sin_COG	0	23
group_5244	core	23	sin_COG	0	23
sirB	core	22	sin_COG	0	23
group_5196	core	22	sin_COG	0	23
group_5175	core	22	sin_COG	0	23
group_5140	core	22	sin_COG	0	23
group_5124	core	22	C	20	23
group_5114	core	22	sin_COG	0	23
group_5101	core	22	sin_COG	0	23
group_5066	core	22	sin_COG	0	24
bolA	core	22	sin_COG	0	23
group_5014	core	23	sin_COG	0	23
tssF~~~tssG	core	22	sin_COG	0	45
group_4979	core	22	sin_COG	0	23
group_4963	core	22	sin_COG	0	23
group_4961	core	22	sin_COG	0	23
dusB	core	22	sin_COG	0	23
queC	core	22	J	2	23
group_4919	core	22	sin_COG	0	24
group_4875	core	22	sin_COG	0	23
rbtA	core	22	sin_COG	0	25
group_4838	core	22	sin_COG	0	24
tagF	core	22	sin_COG	0	23
group_4829	core	22	sin_COG	0	23
hemL	core	22	H	23	23
group_4814	core	22	sin_COG	0	23
tssH	core	22	sin_COG	0	25
tssK	core	22	sin_COG	0	23
group_4804	core	23	sin_COG	0	23
group_4784	core	22	sin_COG	0	23
phoU	core	23	sin_COG	0	28
group_4722	core	22	sin_COG	0	23
group_4717	core	22	sin_COG	0	23
group_4702	core	22	sin_COG	0	26
tssM~~~icmF	core	22	sin_COG	0	24
group_4686	core	22	sin_COG	0	24
group_4682	core	22	sin_COG	0	23
vgrG	core	22	sin_COG	0	27
group_4652	core	22	sin_COG	0	24
group_4647	core	22	sin_COG	0	23
cinA	core	22	sin_COG	0	23
group_4598	core	22	sin_COG	0	23
group_4583	core	22	sin_COG	0	23
group_4548	core	22	sin_COG	0	24
group_4544	core	22	sin_COG	0	24
group_4541	core	22	sin_COG	0	23
group_4533	core	22	sin_COG	0	23
group_4505	core	22	sin_COG	0	23
doxX	core	22	sin_COG	0	23
group_4488	core	22	sin_COG	0	23
group_4472	core	22	sin_COG	0	23
group_4454	core	22	sin_COG	0	23
group_4412	core	22	sin_COG	0	23
group_4405	core	23	sin_COG	0	23
group_4394	core	23	sin_COG	0	24
group_4393	core	23	sin_COG	0	26
group_4357	core	22	sin_COG	0	23
group_4349	core	22	sin_COG	0	23
group_4332	core	22	sin_COG	0	23
tssE	core	22	sin_COG	0	23
group_4318	core	22	sin_COG	0	26
group_4302	core	22	sin_COG	0	24
group_4242	core	22	sin_COG	0	23
icmH	core	22	sin_COG	0	23
group_4233	core	22	sin_COG	0	23
group_4229	core	22	sin_COG	0	23
group_4228	core	22	sin_COG	0	23
csgF	core	22	sin_COG	0	25
group_4221	core	22	sin_COG	0	23
rplJ	core	23	J	23	23
group_4197	core	22	sin_COG	0	23
group_4182	core	22	sin_COG	0	23
group_4171	core	22	sin_COG	0	23
group_4165	core	22	sin_COG	0	23
group_4137	core	22	sin_COG	0	23
group_4130	core	22	sin_COG	0	23
group_4123	core	22	sin_COG	0	23
group_4075	core	22	sin_COG	0	23
group_3962	core	22	sin_COG	0	23
group_3960	core	22	sin_COG	0	23
group_3938	core	22	sin_COG	0	23
group_3937	core	22	sin_COG	0	23
group_3916	core	22	sin_COG	0	23
group_3912	core	22	sin_COG	0	23
group_3899	core	22	sin_COG	0	23
tssA	core	22	sin_COG	0	23
group_3870	core	22	sin_COG	0	23
tssB	core	22	sin_COG	0	23
group_3846	core	22	sin_COG	0	23
group_3839	core	22	sin_COG	0	24
filF	core	22	sin_COG	0	23
group_3827	core	22	sin_COG	0	23
group_3826	core	22	sin_COG	0	23
group_3770	core	23	sin_COG	0	23
group_3756	core	22	sin_COG	0	23
group_3751	core	22	sin_COG	0	23
arfA	core	22	sin_COG	0	23
group_3738	core	22	sin_COG	0	23
group_3733	core	22	sin_COG	0	23
rluA	core	22	sin_COG	0	23
group_3698	core	23	sin_COG	0	23
rpoB	core	23	K	21	23
group_3685	core	22	sin_COG	0	23
group_3674	core	22	sin_COG	0	24
group_3659	core	22	sin_COG	0	28
group_3558	core	22	sin_COG	0	21
group_3535	core	22	sin_COG	0	24
group_3510	core	22	sin_COG	0	23
group_3498	core	22	sin_COG	0	23
group_3496	core	22	sin_COG	0	25
group_3488	core	22	sin_COG	0	23
group_3475	core	22	sin_COG	0	23
group_3469	core	22	sin_COG	0	23
group_3438	core	22	sin_COG	0	23
group_3424	core	22	sin_COG	0	23
group_3399	core	22	sin_COG	0	23
group_3387	core	22	sin_COG	0	23
group_3385	core	22	sin_COG	0	23
group_3358	core	22	sin_COG	0	23
tuf	core	22	J	15	23
group_3349	core	22	sin_COG	0	23
prpB	core	22	sin_COG	0	23
group_3297	core	22	sin_COG	0	23
group_2985	core	22	sin_COG	0	2
group_2901	core	22	sin_COG	0	23
group_2781	core	22	sin_COG	0	23
group_2733	core	22	sin_COG	0	23
group_2351	core	22	sin_COG	0	23
phnA	core	22	sin_COG	0	23
group_2268	core	22	sin_COG	0	23
group_2224	core	23	sin_COG	0	23
rplL	core	23	J	23	23
group_2131	core	22	sin_COG	0	23
rplK	core	23	J	23	23
secE	core	23	sin_COG	0	23
group_1954	core	22	sin_COG	0	23
group_1774	core	22	sin_COG	0	23
hcp	core	22	U	23	23
group_1728	core	22	sin_COG	0	23
nusG	core	23	K	23	23
group_1550	core	22	sin_COG	0	23
fabR	core	22	sin_COG	0	23
rplA	core	23	J	22	23
group_1132	core	22	sin_COG	0	23
dapD	core	22	E	23	23
group_1078	core	22	sin_COG	0	23
argF	core	22	sin_COG	0	23
trpS	core	22	J	23	23
group_684	core	22	sin_COG	0	23
group_677	core	22	sin_COG	0	23
ftsY	core	22	sin_COG	0	23
metK	core	22	H	23	23
group_459	core	22	sin_COG	0	23
group_404	core	22	sin_COG	0	23
group_355	core	22	sin_COG	0	23
tssC	core	22	sin_COG	0	23
group_241	core	22	sin_COG	0	23
group_214	core	22	sin_COG	0	23
tkt	core	22	sin_COG	0	23
katG	core	22	sin_COG	0	23
rapA	core	22	sin_COG	0	23
rpoC	core	23	sin_COG	0	23
group_5489	shell	21	sin_COG	0	22
group_5210	shell	21	sin_COG	0	22
group_5137	shell	21	sin_COG	0	24
group_5136	shell	21	sin_COG	0	23
group_5095	shell	21	sin_COG	0	22
group_4949	shell	21	sin_COG	0	31
group_4914	shell	21	sin_COG	0	22
group_4877	shell	21	sin_COG	0	23
group_4812	core	22	sin_COG	0	22
group_4744	shell	21	sin_COG	0	37
dsbG	shell	21	sin_COG	0	23
group_4606	shell	21	sin_COG	0	22
group_4605	shell	21	sin_COG	0	22
group_4403	shell	21	sin_COG	0	22
group_4370	core	22	sin_COG	0	22
group_3975	shell	21	sin_COG	0	22
group_3895	core	22	sin_COG	0	22
group_3888	shell	21	sin_COG	0	22
group_3862	shell	21	sin_COG	0	22
group_3664	shell	21	sin_COG	0	22
group_3522	core	22	J	17	22
group_2225	core	22	sin_COG	0	22
group_5868	shell	20	sin_COG	0	1
group_5047	shell	20	sin_COG	0	23
group_4934	shell	20	sin_COG	0	21
group_4892	shell	20	sin_COG	0	22
group_4783	shell	20	sin_COG	0	21
group_4627	shell	21	sin_COG	0	21
group_4623	shell	21	sin_COG	0	21
group_4324	shell	20	sin_COG	0	21
group_4276	shell	20	sin_COG	0	21
group_4160	shell	20	sin_COG	0	26
group_4157	shell	20	sin_COG	0	21
group_4033	shell	20	sin_COG	0	21
group_3816	shell	20	sin_COG	0	21
group_3688	shell	20	sin_COG	0	31
group_3570	shell	21	sin_COG	0	21
group_3051	shell	20	sin_COG	0	4
group_2917	shell	20	sin_COG	0	15
group_694	shell	20	sin_COG	0	21
group_5479	shell	19	sin_COG	0	20
group_5197	shell	19	sin_COG	0	20
group_5121	shell	19	sin_COG	0	20
group_5100	shell	19	sin_COG	0	20
group_5039	shell	20	sin_COG	0	20
group_4946	shell	19	sin_COG	0	20
group_4841	shell	20	sin_COG	0	20
group_4817	shell	19	sin_COG	0	20
group_4624	shell	20	sin_COG	0	20
group_4618	shell	20	sin_COG	0	22
group_4531	shell	19	sin_COG	0	11
group_4526	shell	19	sin_COG	0	20
group_4323	shell	19	sin_COG	0	20
group_4268	shell	19	sin_COG	0	20
group_4096	shell	20	sin_COG	0	21
group_3651	shell	19	sin_COG	0	10
group_3616	shell	19	sin_COG	0	20
ahpF	shell	19	sin_COG	0	20
group_3578	shell	20	sin_COG	0	20
group_3460	shell	19	sin_COG	0	20
group_3361	shell	20	sin_COG	0	7
group_5461	shell	18	sin_COG	0	19
group_5430	shell	18	sin_COG	0	19
group_5359	shell	18	sin_COG	0	19
group_4945	shell	18	sin_COG	0	19
group_4821	shell	18	sin_COG	0	24
group_4687	shell	18	sin_COG	0	20
group_4478	shell	19	sin_COG	0	18
group_4177	shell	18	sin_COG	0	19
group_3910	shell	18	sin_COG	0	17
ompW	shell	19	sin_COG	0	19
group_3686	shell	18	sin_COG	0	19
group_3402	shell	18	sin_COG	0	19
group_3368	shell	18	sin_COG	0	19
yrbL	shell	18	sin_COG	0	19
group_770	shell	18	sin_COG	0	19
group_5665	shell	17	sin_COG	0	18
group_5401	shell	17	sin_COG	0	19
group_5195	shell	17	sin_COG	0	22
group_5187	shell	17	sin_COG	0	33
group_5048	shell	17	sin_COG	0	18
group_4962	shell	17	sin_COG	0	18
group_4902	shell	17	sin_COG	0	18
group_4891	shell	17	sin_COG	0	18
group_4882	shell	17	sin_COG	0	18
group_4662	shell	17	sin_COG	0	18
group_4451	shell	17	sin_COG	0	18
group_4441	shell	17	sin_COG	0	20
group_3017	shell	17	sin_COG	0	2
group_1075	shell	18	F	17	18
group_855	shell	17	sin_COG	0	18
group_794	shell	17	sin_COG	0	18
group_5663	shell	16	sin_COG	0	17
group_5628	shell	16	sin_COG	0	18
group_5544	shell	17	X	1	17
tviB	shell	17	sin_COG	0	17
group_5454	shell	16	sin_COG	0	17
group_5425	shell	17	sin_COG	0	17
group_5378	shell	16	sin_COG	0	18
group_5367	shell	16	sin_COG	0	18
group_5234	shell	17	sin_COG	0	16
group_5215	shell	17	sin_COG	0	17
group_5213	shell	16	sin_COG	0	17
group_5094	shell	16	sin_COG	0	17
group_5091	shell	16	sin_COG	0	17
group_5084	shell	16	sin_COG	0	17
group_5019	shell	17	sin_COG	0	17
group_5018	shell	17	sin_COG	0	17
group_5007	shell	16	sin_COG	0	17
group_4808	shell	16	sin_COG	0	14
group_4800	shell	16	sin_COG	0	17
group_4565	shell	16	sin_COG	0	17
group_4407	shell	17	sin_COG	0	17
group_4377	shell	16	sin_COG	0	16
group_4258	shell	16	sin_COG	0	17
group_4153	shell	16	sin_COG	0	6
group_3789	shell	17	sin_COG	0	2
group_3565	shell	16	sin_COG	0	17
group_3456	shell	16	sin_COG	0	18
group_2973	shell	16	sin_COG	0	2
group_2142	shell	16	sin_COG	0	17
uvrA	shell	16	sin_COG	0	17
group_5688	shell	15	sin_COG	0	18
group_5635	shell	15	sin_COG	0	18
group_5082	shell	15	sin_COG	0	16
group_5054	shell	16	sin_COG	0	16
copA	shell	15	sin_COG	0	17
group_4762	shell	15	sin_COG	0	23
group_4676	shell	15	sin_COG	0	17
group_4632	shell	15	sin_COG	0	14
group_4225	shell	15	sin_COG	0	16
group_4224	shell	15	sin_COG	0	16
fghA	shell	15	sin_COG	0	16
group_3622	shell	15	sin_COG	0	20
group_3352	shell	16	sin_COG	0	16
frmR	shell	15	sin_COG	0	16
group_2214	shell	15	sin_COG	0	16
cadR	shell	15	sin_COG	0	16
group_1355	shell	15	K	16	16
group_646	shell	15	C	15	16
group_5562	shell	14	X	2	12
group_5561	shell	15	X	2	16
tviC~~~wbpP	shell	15	sin_COG	0	15
group_5418	shell	15	sin_COG	0	15
moxC	shell	14	sin_COG	0	15
group_5246	shell	14	sin_COG	0	15
group_5232	shell	15	sin_COG	0	15
group_5042	shell	14	sin_COG	0	15
group_5017	shell	15	sin_COG	0	15
group_4789	shell	15	sin_COG	0	15
group_4716	shell	15	sin_COG	0	15
group_4659	shell	14	sin_COG	0	15
group_4440	shell	14	sin_COG	0	17
group_4382	shell	15	sin_COG	0	15
group_4364	shell	15	sin_COG	0	15
group_4281	shell	15	sin_COG	0	16
group_4120	shell	14	sin_COG	0	16
group_3853	shell	14	sin_COG	0	16
group_3736	shell	15	sin_COG	0	19
group_3311	shell	14	sin_COG	0	15
group_5690	shell	14	sin_COG	0	16
group_5590	shell	13	sin_COG	0	16
group_5200	shell	14	sin_COG	0	14
group_5052	shell	14	sin_COG	0	14
group_4974	shell	14	sin_COG	0	14
group_4940	shell	13	sin_COG	0	14
repB	shell	14	sin_COG	0	15
group_4908	shell	14	sin_COG	0	14
group_4870	shell	13	sin_COG	0	14
group_4866	shell	13	sin_COG	0	13
group_4506	shell	13	sin_COG	0	14
group_4453	shell	14	sin_COG	0	16
group_4261	shell	14	sin_COG	0	15
group_4129	shell	14	sin_COG	0	14
group_3902	shell	14	sin_COG	0	14
group_3873	shell	14	sin_COG	0	16
group_3737	shell	14	sin_COG	0	13
group_3646	shell	13	sin_COG	0	14
group_3549	shell	14	sin_COG	0	15
group_3404	shell	13	sin_COG	0	14
group_2677	shell	13	sin_COG	0	14
group_2448	shell	13	sin_COG	0	14
group_1275	shell	14	sin_COG	0	14
group_5693	shell	12	sin_COG	0	14
group_5640	shell	12	sin_COG	0	14
group_5569	shell	13	sin_COG	0	13
group_5557	shell	13	sin_COG	0	12
group_5482	shell	13	sin_COG	0	13
group_5411	shell	13	sin_COG	0	13
group_5192	shell	12	sin_COG	0	13
copR	shell	12	sin_COG	0	13
group_5053	shell	13	sin_COG	0	13
group_4995	shell	12	sin_COG	0	19
group_4994	shell	12	sin_COG	0	13
group_4860	shell	12	sin_COG	0	13
group_4770	shell	13	sin_COG	0	13
group_4643	shell	12	sin_COG	0	12
group_4582	shell	12	sin_COG	0	13
group_3832	shell	13	sin_COG	0	13
group_3633	shell	13	sin_COG	0	13
group_3530	shell	13	sin_COG	0	13
group_3042	shell	12	sin_COG	0	1
group_3039	shell	13	sin_COG	0	1
group_1858	shell	12	sin_COG	0	13
group_492	shell	13	sin_COG	0	13
group_5702	shell	12	X	2	13
group_5624	shell	11	sin_COG	0	12
group_5621	shell	11	sin_COG	0	12
group_5572	shell	12	sin_COG	0	12
group_5566	shell	12	sin_COG	0	14
group_5456	shell	12	sin_COG	0	12
group_5393	shell	11	sin_COG	0	12
group_5391	shell	12	sin_COG	0	9
group_5389	shell	11	sin_COG	0	11
group_5334	shell	11	sin_COG	0	12
group_5319	shell	11	sin_COG	0	12
group_5314	shell	11	sin_COG	0	12
group_5270	shell	11	sin_COG	0	13
group_5256	shell	11	sin_COG	0	12
group_5255	shell	11	sin_COG	0	12
group_5150	shell	11	sin_COG	0	12
group_5119	shell	11	sin_COG	0	12
group_4839	shell	11	sin_COG	0	12
group_4685	shell	12	sin_COG	0	12
group_4433	shell	12	sin_COG	0	13
group_4230	shell	11	sin_COG	0	12
group_4166	shell	11	sin_COG	0	12
group_3981	shell	11	sin_COG	0	12
group_3966	shell	11	sin_COG	0	12
group_3965	shell	11	sin_COG	0	12
group_3919	shell	11	sin_COG	0	12
caiA	shell	11	I	11	12
group_3905	shell	12	sin_COG	0	12
group_3812	shell	12	sin_COG	0	18
group_3708	shell	11	sin_COG	0	12
group_3590	shell	11	sin_COG	0	9
group_3354	shell	12	sin_COG	0	12
group_3059	shell	11	sin_COG	0	5
group_2949	shell	11	sin_COG	0	1
group_1671	shell	11	sin_COG	0	12
group_1375	shell	11	sin_COG	0	12
group_1176	shell	11	sin_COG	0	12
group_1081	shell	11	sin_COG	0	12
group_535	shell	11	sin_COG	0	12
group_514	shell	11	sin_COG	0	12
group_411	shell	11	sin_COG	0	12
group_6331	shell	10	sin_COG	0	7
group_5686	shell	11	sin_COG	0	11
group_5634	shell	10	sin_COG	0	12
group_5599	shell	10	sin_COG	0	11
tnp~~~tnpC	shell	10	sin_COG	0	11
group_5533	shell	11	sin_COG	0	11
group_5522	shell	11	sin_COG	0	11
group_5458	shell	10	sin_COG	0	10
group_5444	shell	10	sin_COG	0	11
group_5316	shell	11	sin_COG	0	11
group_5271	shell	11	sin_COG	0	12
group_5261	shell	11	sin_COG	0	11
group_5259	shell	11	sin_COG	0	11
group_5235	shell	11	sin_COG	0	11
group_5230	shell	10	sin_COG	0	11
pcaU	shell	11	sin_COG	0	11
group_5125	shell	11	sin_COG	0	11
group_5056	shell	11	sin_COG	0	12
group_5041	shell	11	sin_COG	0	8
lytM~~~lysM	shell	10	sin_COG	0	13
group_4843	shell	10	sin_COG	0	11
pobA	shell	11	sin_COG	0	11
pcaB	shell	11	sin_COG	0	11
group_4778	shell	10	sin_COG	0	11
filE	shell	11	sin_COG	0	11
group_4558	shell	11	sin_COG	0	12
yigI	shell	11	sin_COG	0	11
group_4301	shell	11	sin_COG	0	11
pcaG	shell	11	sin_COG	0	11
pcaC	shell	11	sin_COG	0	11
group_4040	shell	11	sin_COG	0	11
group_3892	shell	11	sin_COG	0	11
group_3889	shell	11	sin_COG	0	11
group_3866	shell	10	sin_COG	0	11
group_3857	shell	11	sin_COG	0	11
group_3842	shell	10	sin_COG	0	11
group_3787	shell	11	sin_COG	0	11
group_3613	shell	10	sin_COG	0	11
group_3484	shell	10	sin_COG	0	11
group_3465	shell	11	X	10	10
group_3446	shell	11	sin_COG	0	11
group_3366	shell	11	sin_COG	0	11
group_3058	shell	10	sin_COG	0	3
group_2595	shell	11	sin_COG	0	11
group_1955	shell	11	sin_COG	0	11
group_1649	shell	11	sin_COG	0	11
group_1340	shell	11	sin_COG	0	11
pcaH	shell	11	Q	1	11
group_1087	shell	11	sin_COG	0	11
group_706	shell	11	sin_COG	0	11
group_562	shell	10	sin_COG	0	11
mhpT	shell	11	sin_COG	0	11
group_447	shell	11	sin_COG	0	11
group_365	shell	11	sin_COG	0	11
group_309	shell	11	sin_COG	0	11
group_6328	shell	10	sin_COG	0	5
group_5620	shell	10	sin_COG	0	10
group_5611	shell	9	sin_COG	0	9
group_5595	shell	9	sin_COG	0	7
group_5584	shell	9	sin_COG	0	10
group_5580	shell	9	sin_COG	0	12
group_5577	shell	10	sin_COG	0	10
tnp~~~insA	shell	9	sin_COG	0	9
group_5469	shell	9	sin_COG	0	11
group_5422	shell	10	sin_COG	0	10
group_5412	shell	9	sin_COG	0	10
group_5410	shell	9	sin_COG	0	11
group_5392	shell	10	sin_COG	0	10
arsO	shell	10	sin_COG	0	11
group_5376	shell	10	sin_COG	0	12
group_5362	shell	9	sin_COG	0	10
group_5310	shell	10	sin_COG	0	11
group_5303	shell	10	sin_COG	0	10
group_5240	shell	9	sin_COG	0	10
group_5229	shell	9	sin_COG	0	10
group_5184	shell	10	sin_COG	0	10
etfD	shell	9	C	8	10
group_4969	shell	9	sin_COG	0	10
group_4842	shell	9	sin_COG	0	12
group_4499	shell	10	sin_COG	0	10
group_4493	shell	10	sin_COG	0	10
group_4492	shell	9	sin_COG	0	10
dmeF	shell	9	sin_COG	0	10
dkgB	shell	9	sin_COG	0	10
group_3848	shell	10	sin_COG	0	10
group_3823	shell	10	sin_COG	0	10
group_3763	shell	9	sin_COG	0	11
group_3732	shell	9	sin_COG	0	10
ubiC	shell	10	sin_COG	0	10
group_3647	shell	10	sin_COG	0	11
group_3630	shell	10	sin_COG	0	10
group_3592	shell	9	sin_COG	0	10
group_3584	shell	9	sin_COG	0	9
group_3566	shell	9	sin_COG	0	9
group_3515	shell	9	sin_COG	0	9
group_3514	shell	10	sin_COG	0	11
group_3378	shell	10	sin_COG	0	10
group_3019	shell	10	sin_COG	0	6
group_1749	shell	9	sin_COG	0	10
dsbA	shell	9	sin_COG	0	10
group_1308	shell	9	sin_COG	0	10
group_1006	shell	9	sin_COG	0	10
group_182	shell	9	sin_COG	0	9
kup	shell	9	sin_COG	0	9
group_112	shell	9	sin_COG	0	10
group_6342	shell	8	sin_COG	0	9
group_6332	shell	9	H	7	8
group_5685	shell	9	sin_COG	0	10
group_5598	shell	8	sin_COG	0	9
group_5593	shell	9	sin_COG	0	6
group_5581	shell	8	sin_COG	0	9
group_5574	shell	9	sin_COG	0	10
group_5524	shell	8	sin_COG	0	9
group_5521	shell	9	sin_COG	0	9
group_5516	shell	9	sin_COG	0	9
group_5515	shell	9	sin_COG	0	9
pglD~~~epsM	shell	9	sin_COG	0	9
epsL	shell	9	sin_COG	0	9
group_5513	shell	9	sin_COG	0	9
group_5512	shell	9	sin_COG	0	9
group_5506	shell	9	sin_COG	0	9
group_5505	shell	9	sin_COG	0	9
group_5499	shell	9	sin_COG	0	9
group_5498	shell	9	sin_COG	0	9
group_5488	shell	9	sin_COG	0	9
group_5419	shell	9	sin_COG	0	10
group_5388	shell	9	sin_COG	0	7
group_5380	shell	8	sin_COG	0	9
tnp~~~tnpA	shell	9	sin_COG	0	9
group_5248	shell	9	sin_COG	0	11
group_5152	shell	8	sin_COG	0	9
group_5127	shell	9	sin_COG	0	9
group_5079	shell	8	sin_COG	0	9
group_4884	shell	9	sin_COG	0	9
group_4873	shell	8	sin_COG	0	8
actC	shell	9	sin_COG	0	9
group_4810	shell	9	sin_COG	0	8
group_4781	shell	9	sin_COG	0	9
group_4780	shell	9	sin_COG	0	9
group_4680	shell	8	sin_COG	0	8
group_4648	shell	9	sin_COG	0	9
rcnR	shell	9	sin_COG	0	9
group_4537	shell	9	sin_COG	0	7
group_4483	shell	9	sin_COG	0	9
group_4404	shell	8	sin_COG	0	9
group_4293	shell	9	sin_COG	0	9
group_4081	shell	9	sin_COG	0	9
group_4080	shell	9	sin_COG	0	9
group_4069	shell	9	sin_COG	0	9
group_4068	shell	9	sin_COG	0	9
actB	shell	9	sin_COG	0	9
group_3893	shell	9	sin_COG	0	9
pnuC	shell	9	sin_COG	0	9
acbB	shell	9	sin_COG	0	9
actD	shell	9	sin_COG	0	9
group_3640	shell	9	sin_COG	0	7
aph3Ib	shell	9	J	8	9
group_3533	shell	8	sin_COG	0	8
group_3525	shell	8	sin_COG	0	9
group_3508	shell	9	sin_COG	0	4
group_3480	shell	8	sin_COG	0	9
group_3432	shell	8	sin_COG	0	10
group_3310	shell	9	V	8	8
group_3035	shell	8	sin_COG	0	3
group_2250	shell	9	sin_COG	0	9
group_2051	shell	8	sin_COG	0	9
group_1595	shell	9	sin_COG	0	9
group_1473	shell	8	sin_COG	0	9
acbD	shell	9	sin_COG	0	9
group_813	shell	9	sin_COG	0	9
group_366	shell	9	sin_COG	0	9
acbA	shell	9	sin_COG	0	9
acbC	shell	9	sin_COG	0	9
group_156	shell	8	sin_COG	0	9
group_6375	shell	8	X	5	6
group_6343	shell	7	sin_COG	0	8
manB~~~sul2	shell	8	G	7	8
group_6326	shell	8	sin_COG	0	8
group_6013	shell	8	sin_COG	0	1
group_5683	shell	7	sin_COG	0	9
group_5674	shell	7	sin_COG	0	8
group_5673	shell	7	sin_COG	0	8
group_5672	shell	7	sin_COG	0	8
group_5662	shell	8	sin_COG	0	9
group_5658	shell	8	sin_COG	0	8
group_5651	shell	8	sin_COG	0	8
group_5637	shell	8	sin_COG	0	8
group_5615	shell	8	sin_COG	0	9
group_5608	shell	7	sin_COG	0	9
group_5602	shell	7	sin_COG	0	7
group_5564	shell	8	sin_COG	0	9
group_5560	shell	8	sin_COG	0	8
group_5547	shell	7	sin_COG	0	8
group_5545	shell	8	sin_COG	0	8
group_5541	shell	8	sin_COG	0	8
group_5531	shell	8	sin_COG	0	8
group_5523	shell	8	sin_COG	0	8
group_5518	shell	8	sin_COG	0	9
nadS	shell	8	sin_COG	0	8
group_5483	shell	8	sin_COG	0	8
group_5470	shell	8	sin_COG	0	8
group_5462	shell	8	sin_COG	0	5
group_5435	shell	8	sin_COG	0	8
group_5415	shell	7	sin_COG	0	8
group_5390	shell	8	sin_COG	0	8
group_5309	shell	8	sin_COG	0	8
group_5245	shell	8	sin_COG	0	8
group_5162	shell	7	sin_COG	0	8
abrB	shell	7	sin_COG	0	8
group_5087	shell	8	sin_COG	0	8
group_5080	shell	8	sin_COG	0	9
group_4954	shell	8	sin_COG	0	6
blp2	shell	8	sin_COG	0	3
tctA	shell	7	sin_COG	0	9
group_4858	shell	8	sin_COG	0	8
group_4797	shell	7	sin_COG	0	8
bapA	shell	7	sin_COG	0	8
group_4669	shell	8	sin_COG	0	9
group_4631	shell	8	sin_COG	0	8
group_4593	shell	8	sin_COG	0	8
group_4592	shell	8	sin_COG	0	8
group_4500	shell	8	sin_COG	0	9
tcuA	shell	7	sin_COG	0	8
group_4058	shell	8	sin_COG	0	8
group_4057	shell	8	sin_COG	0	8
tctB	shell	7	sin_COG	0	8
ompH	shell	7	sin_COG	0	8
group_4035	shell	8	sin_COG	0	8
group_4013	shell	8	sin_COG	0	8
group_4012	shell	8	sin_COG	0	8
tcuB	shell	7	sin_COG	0	8
group_3817	shell	8	sin_COG	0	8
group_3721	shell	8	sin_COG	0	6
group_3679	shell	7	sin_COG	0	9
group_3678	shell	8	sin_COG	0	8
group_3677	shell	8	sin_COG	0	7
orfB~~~tnp	shell	8	sin_COG	0	8
group_3661	shell	8	sin_COG	0	9
group_3600	shell	7	sin_COG	0	8
group_3495	shell	8	sin_COG	0	8
group_3487	shell	8	sin_COG	0	8
group_3486	shell	8	sin_COG	0	8
group_3459	shell	8	P	7	8
group_3054	shell	8	sin_COG	0	6
group_2918	shell	8	sin_COG	0	8
group_2902	shell	8	sin_COG	0	8
group_2247	shell	7	sin_COG	0	8
queH	shell	8	sin_COG	0	8
group_1056	shell	7	sin_COG	0	8
chrB	shell	7	sin_COG	0	8
group_921	shell	7	sin_COG	0	8
group_740	shell	8	sin_COG	0	8
group_364	shell	7	sin_COG	0	8
group_230	shell	8	sin_COG	0	8
group_113	shell	7	sin_COG	0	8
group_6370	shell	7	X	6	6
group_6329	shell	7	sin_COG	0	6
group_6325	shell	7	sin_COG	0	5
tnpB~~~tnpA	shell	7	sin_COG	0	6
group_5586	shell	7	sin_COG	0	7
group_5579	shell	7	sin_COG	0	7
group_5571	shell	7	sin_COG	0	7
group_5540	shell	7	sin_COG	0	7
group_5536	shell	7	sin_COG	0	7
group_5517	shell	7	sin_COG	0	7
group_5508	shell	7	sin_COG	0	7
group_5507	shell	7	sin_COG	0	7
group_5481	shell	7	sin_COG	0	7
group_5382	shell	6	sin_COG	0	7
group_5377	shell	7	sin_COG	0	5
group_5360	shell	7	sin_COG	0	7
group_5352	shell	7	sin_COG	0	8
group_5280	shell	6	sin_COG	0	7
group_5254	shell	7	sin_COG	0	8
group_5214	shell	7	sin_COG	0	7
group_5181	shell	6	sin_COG	0	7
group_5176	shell	7	sin_COG	0	7
group_5155	shell	6	sin_COG	0	7
group_5133	shell	7	sin_COG	0	7
group_5118	shell	6	sin_COG	0	7
group_5096	shell	7	sin_COG	0	7
istB~~~dnaC	shell	6	sin_COG	0	8
group_5033	shell	6	sin_COG	0	7
group_4968	shell	7	sin_COG	0	8
group_4951	shell	7	sin_COG	0	7
group_4920	shell	7	sin_COG	0	7
group_4887	shell	7	sin_COG	0	7
group_4876	shell	7	sin_COG	0	7
group_4779	shell	7	sin_COG	0	7
group_4774	shell	6	sin_COG	0	7
group_4773	shell	6	sin_COG	0	7
group_4721	shell	7	sin_COG	0	7
group_4633	shell	7	sin_COG	0	7
tnp~~~istA	shell	6	sin_COG	0	7
group_4540	shell	7	sin_COG	0	7
group_4534	shell	7	sin_COG	0	7
group_4516	shell	7	sin_COG	0	7
group_4510	shell	7	sin_COG	0	7
group_4476	shell	7	sin_COG	0	6
group_4408	shell	7	sin_COG	0	7
group_4339	shell	7	sin_COG	0	7
group_4334	shell	7	sin_COG	0	7
group_4315	shell	7	sin_COG	0	6
group_4170	shell	6	sin_COG	0	7
group_4155	shell	7	sin_COG	0	7
group_4146	shell	6	sin_COG	0	2
group_4078	shell	7	sin_COG	0	8
group_4021	shell	7	sin_COG	0	7
group_3843	shell	7	sin_COG	0	7
group_3835	shell	6	sin_COG	0	7
group_3713	shell	7	sin_COG	0	7
group_3691	shell	7	sin_COG	0	7
group_3689	shell	6	sin_COG	0	7
czcC	shell	7	sin_COG	0	9
group_3615	shell	7	sin_COG	0	7
group_3581	shell	7	sin_COG	0	6
group_3572	shell	7	sin_COG	0	7
tnpB	shell	7	sin_COG	0	7
group_3571	shell	7	sin_COG	0	7
group_3553	shell	6	sin_COG	0	7
group_3462	shell	6	sin_COG	0	7
group_3443	shell	7	sin_COG	0	7
group_3437	shell	6	sin_COG	0	7
group_3398	shell	7	sin_COG	0	7
group_3380	shell	7	sin_COG	0	7
group_3347	shell	7	sin_COG	0	7
group_3343	shell	7	sin_COG	0	7
group_3305	shell	7	sin_COG	0	6
group_3281	shell	7	sin_COG	0	5
group_3280	shell	7	sin_COG	0	5
group_3278	shell	7	sin_COG	0	5
group_3264	shell	7	sin_COG	0	7
group_3050	shell	7	sin_COG	0	6
group_2993	shell	6	sin_COG	0	7
group_2965	shell	7	sin_COG	0	2
group_2908	shell	7	sin_COG	0	6
group_2858	shell	7	sin_COG	0	6
group_2845	shell	7	sin_COG	0	3
group_2662	shell	6	sin_COG	0	7
group_2329	shell	7	sin_COG	0	7
qacE	shell	6	sin_COG	0	7
group_2186	shell	7	sin_COG	0	7
group_2162	shell	7	sin_COG	0	6
group_2050	shell	7	sin_COG	0	7
lrgA	shell	7	sin_COG	0	6
group_1830	shell	7	sin_COG	0	7
group_1561	shell	7	sin_COG	0	7
group_1353	shell	7	sin_COG	0	7
group_1103	shell	6	sin_COG	0	7
group_988	shell	6	sin_COG	0	7
bioB	shell	7	sin_COG	0	7
group_780	shell	6	sin_COG	0	7
group_764	shell	6	sin_COG	0	7
group_725	shell	7	sin_COG	0	7
group_697	shell	6	sin_COG	0	7
group_658	shell	7	sin_COG	0	6
group_444	shell	6	sin_COG	0	7
group_427	shell	7	sin_COG	0	7
group_221	shell	7	sin_COG	0	7
fruB	shell	7	sin_COG	0	7
group_6371	shell	5	X	4	6
group_6367	shell	6	sin_COG	0	6
group_6361	shell	6	X	5	5
group_6358	shell	6	sin_COG	0	6
group_5664	shell	6	sin_COG	0	6
group_5632	shell	6	sin_COG	0	6
group_5627	shell	5	sin_COG	0	5
group_5609	shell	6	sin_COG	0	9
group_5596	shell	5	sin_COG	0	6
group_5582	shell	6	sin_COG	0	6
group_5556	shell	6	sin_COG	0	6
group_5548	shell	6	sin_COG	0	6
group_5539	shell	6	sin_COG	0	6
group_5534	shell	6	sin_COG	0	6
group_5530	shell	6	sin_COG	0	6
group_5519	shell	6	sin_COG	0	6
group_5484	shell	6	sin_COG	0	6
group_5464	shell	6	sin_COG	0	6
group_5448	shell	5	sin_COG	0	6
group_5443	shell	6	sin_COG	0	6
group_5416	shell	5	sin_COG	0	6
group_5397	shell	6	sin_COG	0	6
sulP	shell	5	sin_COG	0	7
group_5328	shell	6	sin_COG	0	6
group_5306	shell	6	sin_COG	0	6
group_5279	shell	6	sin_COG	0	6
group_5278	shell	6	sin_COG	0	6
yaiO	shell	6	sin_COG	0	6
group_5167	shell	5	sin_COG	0	6
group_5166	shell	6	sin_COG	0	6
group_5151	shell	5	sin_COG	0	6
group_5147	shell	6	sin_COG	0	6
group_5122	shell	6	sin_COG	0	6
group_4880	shell	5	sin_COG	0	6
group_4863	shell	6	sin_COG	0	6
group_4855	shell	6	sin_COG	0	6
group_4832	shell	6	sin_COG	0	6
group_4831	shell	6	sin_COG	0	6
group_4785	shell	6	sin_COG	0	6
group_4748	shell	6	sin_COG	0	5
group_4732	shell	6	sin_COG	0	6
group_4602	shell	6	sin_COG	0	6
group_4564	shell	6	sin_COG	0	7
group_4501	shell	5	sin_COG	0	6
group_4497	shell	6	sin_COG	0	5
group_4496	shell	6	sin_COG	0	6
group_4482	shell	6	sin_COG	0	6
group_4385	shell	6	sin_COG	0	6
group_4361	shell	5	sin_COG	0	6
group_4289	shell	5	sin_COG	0	6
group_4188	shell	5	sin_COG	0	6
group_3956	shell	6	sin_COG	0	6
group_3943	shell	6	sin_COG	0	6
group_3942	shell	6	sin_COG	0	6
group_3917	shell	6	sin_COG	0	6
group_3700	shell	6	sin_COG	0	6
group_3627	shell	6	sin_COG	0	5
group_3608	shell	5	sin_COG	0	6
group_3583	shell	6	G	5	6
group_3545	shell	6	sin_COG	0	6
group_3520	shell	5	sin_COG	0	6
group_3519	shell	6	L	6	6
group_3506	shell	6	sin_COG	0	4
group_3490	shell	6	E	6	6
group_3423	shell	5	sin_COG	0	6
group_3400	shell	5	sin_COG	0	6
group_3395	shell	5	sin_COG	0	6
group_3360	shell	6	sin_COG	0	6
group_3344	shell	6	sin_COG	0	6
group_3333	shell	6	sin_COG	0	5
group_3308	shell	6	K	4	4
group_3303	shell	6	sin_COG	0	6
group_3301	shell	6	sin_COG	0	6
group_3291	shell	5	sin_COG	0	6
group_3287	shell	6	sin_COG	0	5
group_3265	shell	6	sin_COG	0	5
group_3053	shell	6	sin_COG	0	6
group_3003	shell	5	sin_COG	0	6
group_2919	shell	6	sin_COG	0	4
group_2841	shell	6	sin_COG	0	1
group_2802	shell	6	sin_COG	0	6
group_2637	shell	6	sin_COG	0	6
group_2601	shell	6	sin_COG	0	2
grxC	shell	6	sin_COG	0	6
group_2524	shell	6	sin_COG	0	5
group_2518	shell	6	sin_COG	0	6
group_2484	shell	6	sin_COG	0	6
group_2405	shell	5	sin_COG	0	6
iacB	shell	5	sin_COG	0	6
sdhC	shell	6	sin_COG	0	6
group_2122	shell	6	sin_COG	0	6
group_1998	shell	6	sin_COG	0	6
efgA	shell	6	T	6	6
group_1975	shell	5	sin_COG	0	6
msrB	shell	6	O	6	6
group_1886	shell	5	sin_COG	0	6
group_1868	shell	6	sin_COG	0	6
group_1819	shell	5	sin_COG	0	6
tgpA	shell	6	sin_COG	0	6
group_1732	shell	6	sin_COG	0	6
group_1637	shell	6	sin_COG	0	6
group_1509	shell	6	sin_COG	0	6
msrA	shell	5	sin_COG	0	6
group_1314	shell	6	sin_COG	0	6
group_1251	shell	5	sin_COG	0	6
group_1231	shell	5	sin_COG	0	6
group_1228	shell	6	sin_COG	0	6
group_1167	shell	5	sin_COG	0	6
thyA	shell	5	F	6	6
yibB	shell	6	sin_COG	0	6
group_992	shell	5	sin_COG	0	6
group_949	shell	6	sin_COG	0	6
catA	shell	5	sin_COG	0	6
group_930	shell	6	sin_COG	0	6
group_886	shell	5	sin_COG	0	6
group_878	shell	5	sin_COG	0	6
group_858	shell	6	sin_COG	0	6
terC	shell	5	sin_COG	0	6
group_809	shell	5	sin_COG	0	6
group_796	shell	5	sin_COG	0	6
qor	shell	6	C	6	6
group_749	shell	6	sin_COG	0	6
group_748	shell	5	sin_COG	0	6
group_685	shell	6	sin_COG	0	6
group_657	shell	5	sin_COG	0	6
group_619	shell	5	sin_COG	0	6
group_611	shell	5	sin_COG	0	6
group_587	shell	5	sin_COG	0	6
group_579	shell	5	sin_COG	0	6
group_464	shell	6	sin_COG	0	6
group_448	shell	5	sin_COG	0	6
group_437	shell	6	sin_COG	0	6
group_436	shell	5	sin_COG	0	6
group_434	shell	5	sin_COG	0	6
group_374	shell	5	sin_COG	0	6
gorA	shell	5	sin_COG	0	6
mqo	shell	6	sin_COG	0	6
group_189	shell	5	sin_COG	0	6
group_138	shell	6	sin_COG	0	6
group_6372	shell	5	X	2	5
group_6359	shell	5	sin_COG	0	1
group_6339	shell	5	sin_COG	0	5
group_6335	shell	5	sin_COG	0	5
group_6330	shell	5	sin_COG	0	5
group_5889	shell	5	sin_COG	0	1
group_5776	shell	4	sin_COG	0	5
group_5770	shell	4	sin_COG	0	5
group_5769	shell	4	sin_COG	0	5
group_5700	shell	5	sin_COG	0	5
group_5661	shell	5	sin_COG	0	4
korB	shell	5	sin_COG	0	5
group_5653	shell	5	sin_COG	0	5
group_5647	shell	5	sin_COG	0	5
group_5643	shell	5	sin_COG	0	5
group_5641	shell	5	sin_COG	0	5
group_5619	shell	5	sin_COG	0	5
ydaT	shell	5	sin_COG	0	5
group_5604	shell	5	sin_COG	0	5
group_5601	shell	5	sin_COG	0	6
group_5587	shell	5	sin_COG	0	5
group_5558	shell	5	X	3	5
group_5553	shell	5	sin_COG	0	5
group_5549	shell	5	sin_COG	0	5
group_5538	shell	5	sin_COG	0	5
group_5487	shell	5	sin_COG	0	5
group_5486	shell	5	sin_COG	0	2
group_5466	shell	4	sin_COG	0	5
group_5451	shell	5	sin_COG	0	5
group_5409	shell	5	sin_COG	0	5
group_5406	shell	5	sin_COG	0	5
group_5400	shell	5	sin_COG	0	5
group_5369	shell	5	sin_COG	0	5
group_5350	shell	5	sin_COG	0	5
group_5346	shell	5	sin_COG	0	5
group_5339	shell	5	sin_COG	0	5
group_5335	shell	5	sin_COG	0	5
group_5326	shell	5	sin_COG	0	5
sseB	shell	5	sin_COG	0	5
group_5317	shell	5	sin_COG	0	5
mobS	shell	5	sin_COG	0	5
group_5300	shell	4	sin_COG	0	5
group_5272	shell	5	sin_COG	0	5
group_5269	shell	5	sin_COG	0	5
group_5264	shell	5	sin_COG	0	5
group_5263	shell	5	sin_COG	0	5
group_5216	shell	5	sin_COG	0	5
group_5212	shell	5	sin_COG	0	5
group_5186	shell	5	sin_COG	0	5
group_5160	shell	5	sin_COG	0	5
group_5149	shell	5	sin_COG	0	5
group_5139	shell	5	sin_COG	0	5
group_5134	shell	5	sin_COG	0	5
group_5126	shell	5	sin_COG	0	5
group_5115	shell	5	sin_COG	0	7
group_5111	shell	5	sin_COG	0	5
group_5065	shell	5	sin_COG	0	3
group_5005	shell	5	sin_COG	0	3
group_5002	shell	5	sin_COG	0	5
group_4993	shell	5	sin_COG	0	5
group_4898	shell	5	sin_COG	0	5
group_4897	shell	5	sin_COG	0	5
group_4893	shell	5	sin_COG	0	6
group_4869	shell	5	sin_COG	0	5
group_4856	shell	5	sin_COG	0	5
group_4791	shell	4	sin_COG	0	5
group_4775	shell	5	sin_COG	0	5
group_4758	shell	4	sin_COG	0	5
group_4755	shell	5	M	1	5
group_4743	shell	5	sin_COG	0	5
group_4742	shell	5	sin_COG	0	5
group_4740	shell	4	sin_COG	0	5
group_4714	shell	5	sin_COG	0	5
group_4629	shell	5	sin_COG	0	5
group_4587	shell	5	sin_COG	0	5
group_4577	shell	5	sin_COG	0	5
group_4557	shell	5	sin_COG	0	5
group_4530	shell	5	sin_COG	0	7
group_4457	shell	5	sin_COG	0	5
group_4449	shell	5	sin_COG	0	5
group_4431	shell	5	sin_COG	0	4
group_4368	shell	5	sin_COG	0	5
group_4325	shell	5	sin_COG	0	5
czcD	shell	5	P	1	5
group_4312	shell	5	sin_COG	0	5
group_4285	shell	5	sin_COG	0	4
group_4278	shell	5	sin_COG	0	5
group_4094	shell	5	sin_COG	0	5
group_4088	shell	5	sin_COG	0	5
group_4047	shell	5	sin_COG	0	5
group_4007	shell	5	sin_COG	0	5
group_3829	shell	5	sin_COG	0	5
group_3803	shell	5	X	3	7
group_3795	shell	5	sin_COG	0	5
group_3785	shell	5	sin_COG	0	5
group_3699	shell	4	sin_COG	0	5
group_3682	shell	5	sin_COG	0	4
group_3681	shell	4	sin_COG	0	5
group_3675	shell	5	sin_COG	0	4
group_3670	shell	5	sin_COG	0	6
group_3662	shell	4	sin_COG	0	5
group_3657	shell	5	sin_COG	0	7
group_3649	shell	5	sin_COG	0	7
merR~~~cadR	shell	5	sin_COG	0	5
aadA1	shell	5	sin_COG	0	6
group_3617	shell	5	sin_COG	0	5
group_3605	shell	5	sin_COG	0	5
lpdA	shell	5	sin_COG	0	6
group_3582	shell	5	sin_COG	0	5
group_3556	shell	4	sin_COG	0	5
group_3552	shell	5	sin_COG	0	5
group_3548	shell	5	sin_COG	0	5
group_3468	shell	4	sin_COG	0	5
estT	shell	5	sin_COG	0	5
group_3419	shell	5	sin_COG	0	5
group_3388	shell	4	sin_COG	0	5
group_3342	shell	5	sin_COG	0	5
group_3335	shell	5	sin_COG	0	4
tetX3	shell	5	sin_COG	0	5
group_3326	shell	5	L	5	5
group_3325	shell	5	sin_COG	0	5
group_3318	shell	5	X	4	4
group_3316	shell	5	X	5	5
group_3300	shell	5	sin_COG	0	4
group_3293	shell	5	sin_COG	0	4
group_3037	shell	5	sin_COG	0	1
group_3024	shell	4	sin_COG	0	5
group_3006	shell	4	sin_COG	0	1
group_2946	shell	5	sin_COG	0	5
group_2810	shell	5	sin_COG	0	5
group_2626	shell	5	sin_COG	0	5
group_2496	shell	5	sin_COG	0	5
group_2467	shell	5	sin_COG	0	5
group_2293	shell	5	sin_COG	0	5
group_2271	shell	5	sin_COG	0	5
group_2046	shell	5	sin_COG	0	5
group_1806	shell	4	sin_COG	0	5
ykgB	shell	4	sin_COG	0	5
group_1613	shell	5	sin_COG	0	4
group_1601	shell	4	sin_COG	0	5
group_1521	shell	5	sin_COG	0	5
allR	shell	5	sin_COG	0	5
group_1001	shell	5	sin_COG	0	5
group_993	shell	5	sin_COG	0	5
acoA	shell	5	C	5	5
lipA	shell	5	sin_COG	0	5
group_841	shell	5	sin_COG	0	5
acoB	shell	5	C	5	5
tetX5	shell	5	C	5	5
group_597	shell	5	sin_COG	0	5
dnaJ	shell	4	sin_COG	0	5
group_341	shell	5	sin_COG	0	5
group_285	shell	5	sin_COG	0	5
group_266	shell	5	sin_COG	0	5
group_149	shell	5	sin_COG	0	5
group_144	shell	5	sin_COG	0	1
group_60	shell	5	sin_COG	0	5
group_6368	shell	4	sin_COG	0	4
group_6365	shell	4	sin_COG	0	4
group_6360	shell	4	X	4	4
group_6352	shell	4	J	4	4
group_6351	shell	4	sin_COG	0	4
group_6349	shell	4	sin_COG	0	4
group_6340	shell	4	sin_COG	0	4
group_6299	shell	4	sin_COG	0	4
group_5992	cloud	3	sin_COG	0	4
group_5942	shell	4	sin_COG	0	4
group_5941	shell	4	sin_COG	0	4
group_5939	shell	4	sin_COG	0	4
group_5938	shell	4	sin_COG	0	4
group_5937	shell	4	sin_COG	0	4
group_5935	shell	4	sin_COG	0	4
group_5902	shell	4	sin_COG	0	4
group_5901	shell	4	sin_COG	0	4
group_5877	shell	4	sin_COG	0	1
group_5695	cloud	3	sin_COG	0	4
group_5694	shell	4	sin_COG	0	4
group_5660	shell	4	sin_COG	0	4
group_5656	cloud	3	sin_COG	0	4
group_5654	cloud	3	sin_COG	0	4
group_5650	shell	4	sin_COG	0	4
group_5649	shell	4	sin_COG	0	4
group_5642	shell	4	sin_COG	0	4
group_5638	cloud	3	sin_COG	0	4
group_5636	shell	4	sin_COG	0	4
group_5626	shell	4	sin_COG	0	4
group_5623	shell	4	sin_COG	0	4
group_5600	shell	4	sin_COG	0	3
group_5597	shell	4	sin_COG	0	5
group_5591	shell	4	sin_COG	0	4
group_5585	shell	4	sin_COG	0	4
group_5578	shell	4	sin_COG	0	4
group_5575	shell	4	sin_COG	0	6
group_5573	shell	4	sin_COG	0	4
group_5552	cloud	3	sin_COG	0	4
group_5551	cloud	3	sin_COG	0	4
group_5543	shell	4	sin_COG	0	4
group_5528	shell	4	sin_COG	0	5
group_5527	shell	4	sin_COG	0	4
group_5520	shell	4	sin_COG	0	4
group_5511	shell	4	sin_COG	0	4
group_5510	cloud	3	sin_COG	0	4
rfbA	shell	4	sin_COG	0	4
group_5502	cloud	3	sin_COG	0	4
group_5501	shell	4	sin_COG	0	4
group_5500	shell	4	sin_COG	0	4
rfbB	shell	4	sin_COG	0	4
group_5493	cloud	3	sin_COG	0	4
group_5485	shell	4	sin_COG	0	4
group_5477	cloud	3	sin_COG	0	4
group_5476	cloud	3	sin_COG	0	4
group_5472	shell	4	sin_COG	0	4
merP	shell	4	P	4	4
group_5467	shell	4	sin_COG	0	4
group_5465	shell	4	sin_COG	0	4
group_5455	cloud	3	sin_COG	0	4
group_5446	shell	4	sin_COG	0	4
group_5442	shell	4	sin_COG	0	4
group_5439	shell	4	sin_COG	0	4
group_5436	cloud	3	sin_COG	0	4
group_5434	cloud	3	sin_COG	0	5
group_5432	shell	4	sin_COG	0	4
merT	shell	4	sin_COG	0	4
group_5407	cloud	3	sin_COG	0	4
group_5405	shell	4	sin_COG	0	4
group_5403	shell	4	sin_COG	0	4
group_5399	cloud	3	sin_COG	0	4
group_5384	shell	4	sin_COG	0	4
group_5381	shell	4	sin_COG	0	4
group_5366	cloud	3	sin_COG	0	4
group_5364	shell	4	sin_COG	0	4
group_5361	cloud	3	sin_COG	0	4
group_5322	shell	4	sin_COG	0	4
group_5320	shell	4	sin_COG	0	4
group_5305	shell	4	sin_COG	0	4
group_5301	shell	4	sin_COG	0	4
group_5296	shell	4	sin_COG	0	4
group_5286	shell	4	sin_COG	0	5
group_5283	shell	4	sin_COG	0	4
group_5274	shell	4	sin_COG	0	4
group_5266	cloud	3	sin_COG	0	4
group_5239	shell	4	sin_COG	0	3
group_5238	shell	4	sin_COG	0	4
group_5225	shell	4	sin_COG	0	5
group_5224	shell	4	sin_COG	0	4
comB	shell	4	sin_COG	0	4
group_5174	shell	4	sin_COG	0	4
group_5172	shell	4	sin_COG	0	4
group_5157	shell	4	sin_COG	0	4
group_5142	cloud	3	sin_COG	0	4
group_5128	shell	4	sin_COG	0	5
group_5123	cloud	3	sin_COG	0	4
group_5090	shell	4	sin_COG	0	4
group_5070	cloud	3	sin_COG	0	4
group_5043	cloud	3	sin_COG	0	4
group_5025	shell	4	sin_COG	0	4
group_5024	shell	4	sin_COG	0	4
group_4956	shell	4	sin_COG	0	4
group_4938	shell	4	sin_COG	0	3
group_4925	shell	4	sin_COG	0	4
virB5	shell	4	sin_COG	0	4
group_4907	shell	4	sin_COG	0	4
group_4899	shell	4	sin_COG	0	4
group_4861	shell	4	sin_COG	0	4
virB9	shell	4	sin_COG	0	4
group_4850	shell	4	sin_COG	0	4
group_4828	shell	4	sin_COG	0	4
group_4823	cloud	3	sin_COG	0	4
group_4756	shell	4	sin_COG	0	4
group_4719	cloud	3	sin_COG	0	4
trbE	shell	4	sin_COG	0	4
group_4715	shell	4	sin_COG	0	4
group_4635	shell	4	sin_COG	0	4
group_4622	cloud	3	sin_COG	0	4
group_4610	cloud	3	sin_COG	0	4
group_4588	shell	4	sin_COG	0	4
group_4563	shell	4	sin_COG	0	4
group_4515	cloud	3	sin_COG	0	4
group_4511	shell	4	sin_COG	0	4
group_4509	cloud	3	sin_COG	0	6
group_4508	shell	4	sin_COG	0	4
group_4507	shell	4	sin_COG	0	4
group_4504	cloud	3	sin_COG	0	4
group_4502	shell	4	sin_COG	0	4
group_4456	shell	4	sin_COG	0	4
group_4444	shell	4	K	3	4
group_4427	shell	4	sin_COG	0	4
group_4426	shell	4	sin_COG	0	4
azlD	shell	4	sin_COG	0	4
group_4400	shell	4	sin_COG	0	4
group_4397	cloud	3	sin_COG	0	4
group_4376	shell	4	sin_COG	0	7
group_4369	shell	4	sin_COG	0	4
group_4340	cloud	3	sin_COG	0	4
group_4287	shell	4	sin_COG	0	5
group_4269	shell	4	sin_COG	0	4
group_4198	shell	4	sin_COG	0	4
group_4194	shell	4	sin_COG	0	4
group_4178	shell	4	sin_COG	0	4
group_4142	shell	4	sin_COG	0	4
group_4138	shell	4	sin_COG	0	4
group_4115	shell	4	sin_COG	0	2
group_4019	shell	4	sin_COG	0	4
group_4018	shell	4	sin_COG	0	4
group_3996	shell	4	sin_COG	0	4
group_3935	shell	4	sin_COG	0	4
group_3925	cloud	3	sin_COG	0	4
group_3924	cloud	3	sin_COG	0	4
group_3861	cloud	3	sin_COG	0	4
group_3836	shell	4	sin_COG	0	4
group_3807	shell	4	sin_COG	0	4
group_3740	cloud	3	sin_COG	0	4
group_3734	shell	4	sin_COG	0	2
virB2	shell	4	sin_COG	0	4
group_3729	shell	4	sin_COG	0	4
group_3694	shell	4	X	3	5
group_3690	shell	4	sin_COG	0	4
group_3684	shell	4	sin_COG	0	4
group_3669	shell	4	sin_COG	0	7
group_3665	shell	4	sin_COG	0	3
ant3IId	shell	4	sin_COG	0	5
group_3635	shell	4	sin_COG	0	5
group_3629	shell	4	sin_COG	0	5
topA	shell	4	sin_COG	0	5
group_3589	cloud	3	sin_COG	0	4
group_3586	shell	4	sin_COG	0	4
yjjK~~~msrE	shell	4	R	3	4
group_3575	shell	4	sin_COG	0	3
group_3569	shell	4	sin_COG	0	5
group_3568	cloud	3	sin_COG	0	4
group_3561	shell	4	sin_COG	0	4
group_3554	shell	4	sin_COG	0	4
group_3544	shell	4	sin_COG	0	4
group_3497	shell	4	sin_COG	0	4
ble	shell	4	sin_COG	0	3
group_3449	shell	4	sin_COG	0	4
group_3445	shell	4	sin_COG	0	4
group_3407	shell	4	sin_COG	0	4
group_3346	shell	4	sin_COG	0	4
group_3337	cloud	3	sin_COG	0	4
mphE	shell	4	R	4	4
group_3317	shell	4	X	4	4
group_3288	shell	4	sin_COG	0	4
group_3286	shell	4	sin_COG	0	4
group_3275	shell	4	sin_COG	0	4
group_3272	shell	4	sin_COG	0	4
group_3256	shell	4	sin_COG	0	4
group_3063	shell	4	sin_COG	0	0
group_3057	shell	4	sin_COG	0	1
group_3032	shell	4	sin_COG	0	4
group_3010	shell	4	sin_COG	0	4
group_2995	shell	4	sin_COG	0	3
group_2895	shell	4	sin_COG	0	4
group_2871	shell	4	sin_COG	0	4
group_2817	cloud	3	sin_COG	0	4
group_2787	shell	4	sin_COG	0	4
group_2764	cloud	3	sin_COG	0	4
merE	shell	4	sin_COG	0	4
parD	shell	4	sin_COG	0	4
group_2679	shell	4	sin_COG	0	4
group_2628	shell	4	sin_COG	0	4
group_2562	shell	4	sin_COG	0	4
group_2538	shell	4	sin_COG	0	4
group_2480	shell	4	sin_COG	0	4
group_2479	shell	4	sin_COG	0	4
group_2465	shell	4	sin_COG	0	4
group_2450	shell	4	sin_COG	0	4
group_2444	shell	4	sin_COG	0	4
group_2438	shell	4	sin_COG	0	4
group_2417	shell	4	sin_COG	0	4
group_2413	shell	4	sin_COG	0	4
group_2386	shell	4	sin_COG	0	3
group_2266	shell	4	sin_COG	0	4
group_2230	cloud	3	sin_COG	0	4
relE	shell	4	sin_COG	0	4
group_2161	shell	4	sin_COG	0	4
group_2147	cloud	3	sin_COG	0	4
group_2052	shell	4	sin_COG	0	4
group_2044	shell	4	sin_COG	0	4
group_2020	shell	4	sin_COG	0	4
group_2019	shell	4	sin_COG	0	4
merR	shell	4	K	4	4
group_1849	cloud	3	sin_COG	0	4
group_1812	shell	4	sin_COG	0	4
group_1739	shell	4	sin_COG	0	4
group_1711	shell	4	sin_COG	0	4
group_1695	cloud	3	sin_COG	0	4
group_1677	shell	4	sin_COG	0	2
group_1632	shell	4	sin_COG	0	4
kfrA	shell	4	sin_COG	0	4
group_1596	shell	4	sin_COG	0	4
group_1574	shell	4	sin_COG	0	4
group_1497	shell	4	sin_COG	0	4
group_1438	shell	4	sin_COG	0	4
group_1419	shell	4	sin_COG	0	4
group_1383	shell	4	sin_COG	0	4
group_1371	shell	4	sin_COG	0	4
group_1359	cloud	3	sin_COG	0	4
lrgB	shell	4	sin_COG	0	4
group_1266	shell	4	sin_COG	0	4
group_1172	shell	4	sin_COG	0	3
group_1138	shell	4	sin_COG	0	4
blaNDM1	shell	4	R	4	4
group_1057	cloud	3	sin_COG	0	4
group_1022	shell	4	sin_COG	0	4
group_981	shell	4	sin_COG	0	4
group_976	shell	4	sin_COG	0	4
metR	shell	4	sin_COG	0	4
group_885	shell	4	sin_COG	0	4
group_673	shell	4	sin_COG	0	4
virB11	shell	4	sin_COG	0	4
group_531	shell	4	sin_COG	0	4
group_473	shell	4	sin_COG	0	4
group_431	shell	4	sin_COG	0	4
group_418	cloud	3	sin_COG	0	4
group_298	shell	4	sin_COG	0	4
group_267	shell	4	sin_COG	0	4
group_229	shell	4	sin_COG	0	4
group_199	shell	4	sin_COG	0	4
group_171	shell	4	sin_COG	0	4
group_106	cloud	3	sin_COG	0	4
hsdR	shell	4	sin_COG	0	4
group_95	shell	4	sin_COG	0	4
group_10	shell	4	sin_COG	0	4
group_6366	cloud	3	sin_COG	0	3
group_6356	cloud	3	sin_COG	0	3
group_6353	cloud	2	sin_COG	0	2
group_6348	cloud	3	sin_COG	0	3
group_6347	cloud	3	sin_COG	0	3
group_6336	cloud	3	sin_COG	0	2
group_6304	cloud	3	sin_COG	0	4
group_6303	cloud	3	sin_COG	0	3
group_6301	cloud	3	sin_COG	0	3
group_6211	cloud	3	sin_COG	0	1
group_6171	cloud	2	sin_COG	0	3
group_6170	cloud	2	sin_COG	0	4
group_6088	cloud	2	sin_COG	0	3
group_6079	cloud	2	sin_COG	0	3
group_5934	cloud	3	sin_COG	0	3
group_5898	cloud	3	sin_COG	0	3
group_5894	cloud	3	sin_COG	0	3
group_5893	cloud	3	sin_COG	0	3
group_5856	cloud	3	sin_COG	0	1
group_5773	cloud	3	sin_COG	0	3
group_5766	cloud	3	sin_COG	0	3
group_5749	cloud	3	sin_COG	0	3
group_5748	cloud	3	sin_COG	0	3
group_5747	cloud	3	sin_COG	0	3
group_5746	cloud	3	sin_COG	0	3
group_5745	cloud	3	sin_COG	0	3
group_5739	cloud	3	sin_COG	0	3
group_5697	cloud	3	sin_COG	0	3
group_5696	cloud	2	sin_COG	0	3
group_5687	cloud	2	sin_COG	0	3
group_5667	cloud	3	sin_COG	0	3
mobL~~~mobQ	cloud	3	sin_COG	0	3
group_5633	cloud	3	sin_COG	0	3
group_5630	cloud	3	sin_COG	0	3
group_5625	cloud	3	sin_COG	0	3
group_5622	cloud	2	sin_COG	0	3
group_5616	cloud	3	sin_COG	0	3
group_5612	cloud	3	sin_COG	0	3
group_5610	cloud	3	sin_COG	0	2
group_5603	cloud	3	sin_COG	0	3
group_5589	cloud	3	sin_COG	0	3
group_5583	cloud	3	sin_COG	0	3
group_5568	cloud	3	sin_COG	0	3
group_5567	cloud	3	sin_COG	0	3
group_5563	cloud	3	sin_COG	0	3
group_5555	cloud	3	sin_COG	0	3
group_5546	cloud	3	sin_COG	0	3
group_5542	cloud	3	sin_COG	0	4
group_5537	cloud	3	sin_COG	0	3
group_5532	cloud	3	sin_COG	0	3
group_5526	cloud	3	sin_COG	0	3
group_5525	cloud	3	sin_COG	0	3
group_5514	cloud	3	sin_COG	0	3
group_5509	cloud	3	sin_COG	0	3
group_5504	cloud	3	sin_COG	0	3
group_5497	cloud	3	sin_COG	0	3
group_5463	cloud	3	sin_COG	0	3
group_5449	cloud	3	sin_COG	0	3
group_5447	cloud	3	sin_COG	0	3
group_5438	cloud	2	sin_COG	0	4
group_5433	cloud	3	sin_COG	0	3
group_5428	cloud	3	sin_COG	0	3
group_5426	cloud	3	sin_COG	0	3
group_5420	cloud	3	sin_COG	0	3
group_5408	cloud	3	sin_COG	0	3
group_5404	cloud	2	sin_COG	0	4
group_5396	cloud	3	sin_COG	0	3
group_5394	cloud	3	sin_COG	0	3
group_5386	cloud	3	sin_COG	0	3
group_5385	cloud	3	sin_COG	0	3
group_5383	cloud	3	sin_COG	0	3
group_5379	cloud	3	sin_COG	0	3
mmeI	cloud	3	sin_COG	0	4
group_5372	cloud	3	sin_COG	0	3
group_5370	cloud	3	sin_COG	0	4
group_5365	cloud	3	sin_COG	0	3
group_5341	cloud	3	sin_COG	0	3
group_5329	cloud	3	sin_COG	0	3
group_5318	cloud	2	sin_COG	0	3
group_5295	cloud	3	sin_COG	0	3
group_5275	cloud	3	sin_COG	0	3
group_5265	cloud	2	sin_COG	0	3
group_5257	cloud	3	sin_COG	0	3
group_5249	cloud	3	sin_COG	0	3
umuD	cloud	3	sin_COG	0	3
group_5231	cloud	3	sin_COG	0	3
group_5228	cloud	2	sin_COG	0	4
group_5220	cloud	3	sin_COG	0	3
group_5219	cloud	3	sin_COG	0	3
group_5202	cloud	3	sin_COG	0	3
group_5201	cloud	3	sin_COG	0	3
group_5193	cloud	3	sin_COG	0	3
darT	cloud	3	sin_COG	0	3
group_5182	cloud	3	sin_COG	0	3
group_5178	cloud	3	sin_COG	0	3
group_5177	cloud	3	sin_COG	0	3
group_5169	cloud	3	sin_COG	0	3
group_5159	cloud	3	sin_COG	0	3
group_5153	cloud	3	sin_COG	0	3
glnT	cloud	2	sin_COG	0	3
group_5131	cloud	2	sin_COG	0	3
group_5120	cloud	3	sin_COG	0	3
group_5107	cloud	3	sin_COG	0	3
group_5106	cloud	3	sin_COG	0	3
group_5092	cloud	3	sin_COG	0	3
group_5035	cloud	3	sin_COG	0	3
group_5015	cloud	3	sin_COG	0	3
group_5011	cloud	2	sin_COG	0	3
group_5009	cloud	3	sin_COG	0	3
group_5004	cloud	3	sin_COG	0	3
group_4999	cloud	3	sin_COG	0	3
group_4992	cloud	3	sin_COG	0	3
group_4983	cloud	3	sin_COG	0	3
group_4981	cloud	3	sin_COG	0	4
group_4975	cloud	3	sin_COG	0	3
group_4966	cloud	3	sin_COG	0	3
group_4957	cloud	3	sin_COG	0	3
group_4944	cloud	2	sin_COG	0	3
group_4943	cloud	3	sin_COG	0	3
group_4942	cloud	3	sin_COG	0	3
drt2	cloud	3	sin_COG	0	3
group_4941	cloud	3	sin_COG	0	3
group_4932	cloud	3	sin_COG	0	3
group_4923	cloud	3	sin_COG	0	3
group_4922	cloud	3	sin_COG	0	3
group_4921	cloud	3	sin_COG	0	3
group_4917	cloud	2	sin_COG	0	4
group_4915	cloud	3	sin_COG	0	3
group_4894	cloud	3	sin_COG	0	3
group_4888	cloud	3	sin_COG	0	3
group_4836	cloud	2	sin_COG	0	3
group_4835	cloud	2	sin_COG	0	3
group_4813	cloud	2	sin_COG	0	3
hsdA	cloud	2	sin_COG	0	3
group_4787	cloud	3	sin_COG	0	3
group_4757	cloud	3	sin_COG	0	3
group_4753	cloud	3	sin_COG	0	3
group_4747	cloud	3	sin_COG	0	2
group_4735	cloud	3	sin_COG	0	3
hdeD	cloud	3	sin_COG	0	3
group_4728	cloud	3	sin_COG	0	3
group_4709	cloud	3	sin_COG	0	3
group_4708	cloud	3	sin_COG	0	3
group_4691	cloud	2	sin_COG	0	3
group_4688	cloud	3	sin_COG	0	3
group_4684	cloud	3	sin_COG	0	3
group_4664	cloud	3	sin_COG	0	3
group_4630	cloud	3	sin_COG	0	3
group_4621	cloud	3	sin_COG	0	6
group_4619	cloud	2	sin_COG	0	3
group_4578	cloud	3	sin_COG	0	3
group_4576	cloud	3	sin_COG	0	3
group_4529	cloud	2	sin_COG	0	3
group_4463	cloud	2	sin_COG	0	3
group_4450	cloud	3	sin_COG	0	3
group_4425	cloud	3	sin_COG	0	3
group_4421	cloud	3	sin_COG	0	3
group_4415	cloud	3	sin_COG	0	3
group_4396	cloud	3	sin_COG	0	3
group_4395	cloud	3	sin_COG	0	3
group_4380	cloud	3	sin_COG	0	3
group_4367	cloud	2	sin_COG	0	3
group_4365	cloud	3	P	3	3
group_4355	cloud	3	sin_COG	0	3
group_4354	cloud	3	sin_COG	0	3
group_4337	cloud	3	sin_COG	0	3
group_4336	cloud	3	sin_COG	0	3
group_4290	cloud	3	sin_COG	0	3
group_4272	cloud	3	sin_COG	0	3
group_4264	cloud	2	sin_COG	0	3
group_4245	cloud	3	sin_COG	0	3
group_4231	cloud	3	sin_COG	0	3
group_4222	cloud	3	sin_COG	0	3
group_4205	cloud	3	sin_COG	0	3
group_4202	cloud	3	sin_COG	0	3
group_4200	cloud	3	sin_COG	0	3
group_4195	cloud	3	sin_COG	0	3
group_4190	cloud	3	sin_COG	0	3
group_4159	cloud	3	sin_COG	0	3
group_4156	cloud	3	sin_COG	0	2
group_4150	cloud	2	sin_COG	0	3
group_4143	cloud	2	sin_COG	0	3
group_4119	cloud	3	sin_COG	0	3
group_4104	cloud	3	sin_COG	0	3
group_4103	cloud	3	sin_COG	0	3
group_4102	cloud	3	sin_COG	0	3
group_4079	cloud	3	sin_COG	0	3
group_4034	cloud	3	sin_COG	0	3
group_4024	cloud	3	sin_COG	0	3
aliA	cloud	3	sin_COG	0	3
badI	cloud	3	H	3	3
group_3998	cloud	3	sin_COG	0	3
herA	cloud	2	sin_COG	0	3
folD	cloud	2	sin_COG	0	3
group_3952	cloud	2	sin_COG	0	3
group_3901	cloud	2	sin_COG	0	3
group_3874	cloud	2	sin_COG	0	3
group_3845	cloud	3	sin_COG	0	3
group_3844	cloud	3	sin_COG	0	3
group_3838	cloud	3	sin_COG	0	3
group_3813	cloud	3	sin_COG	0	3
group_3806	cloud	3	sin_COG	0	3
group_3805	cloud	3	sin_COG	0	3
group_3802	cloud	3	sin_COG	0	3
group_3801	cloud	3	sin_COG	0	3
group_3773	cloud	3	sin_COG	0	3
group_3762	cloud	2	sin_COG	0	3
group_3719	cloud	3	sin_COG	0	3
group_3717	cloud	3	sin_COG	0	3
group_3716	cloud	3	sin_COG	0	3
group_3712	cloud	3	sin_COG	0	3
group_3697	cloud	2	sin_COG	0	3
group_3692	cloud	3	sin_COG	0	3
group_3683	cloud	2	sin_COG	0	3
group_3680	cloud	3	sin_COG	0	3
group_3673	cloud	3	sin_COG	0	3
group_3666	cloud	3	sin_COG	0	3
group_3656	cloud	2	sin_COG	0	3
orfB~~~tnpB	cloud	3	sin_COG	0	5
group_3643	cloud	3	sin_COG	0	4
group_3641	cloud	3	sin_COG	0	3
group_3632	cloud	2	sin_COG	0	3
group_3599	cloud	3	sin_COG	0	3
group_3591	cloud	3	sin_COG	0	4
group_3587	cloud	3	sin_COG	0	3
group_3585	cloud	3	sin_COG	0	3
group_3577	cloud	3	sin_COG	0	3
group_3573	cloud	3	sin_COG	0	3
group_3567	cloud	3	sin_COG	0	3
group_3563	cloud	3	sin_COG	0	3
group_3560	cloud	2	sin_COG	0	3
group_3551	cloud	3	sin_COG	0	4
group_3550	cloud	3	sin_COG	0	3
group_3542	cloud	3	sin_COG	0	2
group_3540	cloud	3	sin_COG	0	3
group_3534	cloud	3	sin_COG	0	3
group_3509	cloud	3	sin_COG	0	3
irrE	cloud	3	sin_COG	0	3
group_3476	cloud	3	sin_COG	0	3
group_3463	cloud	3	sin_COG	0	3
trpF	cloud	3	E	2	3
group_3413	cloud	3	sin_COG	0	3
group_3409	cloud	3	sin_COG	0	3
qatD	cloud	3	sin_COG	0	3
group_3383	cloud	3	sin_COG	0	3
ftsK	cloud	3	sin_COG	0	3
group_3377	cloud	2	sin_COG	0	3
group_3373	cloud	3	sin_COG	0	3
group_3371	cloud	3	sin_COG	0	3
group_3350	cloud	3	sin_COG	0	2
group_3345	cloud	3	L	2	3
group_3341	cloud	3	sin_COG	0	2
group_3338	cloud	3	sin_COG	0	3
group_3331	cloud	3	sin_COG	0	3
group_3313	cloud	3	sin_COG	0	2
group_3312	cloud	3	sin_COG	0	2
aph6Id	cloud	3	V	3	3
group_3309	cloud	3	G	3	3
sul2	cloud	3	H	3	3
group_3302	cloud	3	sin_COG	0	3
group_3279	cloud	3	sin_COG	0	3
group_3277	cloud	3	sin_COG	0	3
group_3273	cloud	3	sin_COG	0	3
group_3271	cloud	3	sin_COG	0	3
group_3268	cloud	3	sin_COG	0	3
group_3267	cloud	3	sin_COG	0	3
group_3266	cloud	3	sin_COG	0	3
group_3262	cloud	3	sin_COG	0	3
group_3261	cloud	3	sin_COG	0	3
group_3259	cloud	3	sin_COG	0	3
group_3014	cloud	3	sin_COG	0	2
group_2992	cloud	3	sin_COG	0	2
group_2983	cloud	3	sin_COG	0	3
group_2976	cloud	3	sin_COG	0	2
group_2914	cloud	2	sin_COG	0	3
group_2889	cloud	3	sin_COG	0	2
group_2879	cloud	3	sin_COG	0	3
group_2877	cloud	3	sin_COG	0	3
group_2824	cloud	3	sin_COG	0	3
group_2819	cloud	3	sin_COG	0	3
group_2812	cloud	2	sin_COG	0	3
group_2806	cloud	3	sin_COG	0	3
recX	cloud	2	sin_COG	0	2
group_2759	cloud	3	sin_COG	0	3
group_2755	cloud	3	sin_COG	0	3
group_2749	cloud	3	sin_COG	0	3
group_2736	cloud	3	sin_COG	0	3
group_2688	cloud	3	sin_COG	0	3
group_2687	cloud	3	sin_COG	0	3
group_2674	cloud	3	sin_COG	0	2
group_2672	cloud	2	sin_COG	0	3
group_2648	cloud	3	sin_COG	0	3
group_2638	cloud	3	sin_COG	0	3
group_2581	cloud	3	sin_COG	0	3
group_2579	cloud	3	sin_COG	0	3
group_2556	cloud	3	sin_COG	0	3
group_2554	cloud	3	sin_COG	0	3
group_2546	cloud	2	sin_COG	0	3
group_2529	cloud	3	sin_COG	0	3
yafQ	cloud	3	sin_COG	0	3
group_2516	cloud	2	sin_COG	0	3
group_2512	cloud	3	sin_COG	0	3
group_2494	cloud	3	sin_COG	0	3
group_2490	cloud	3	sin_COG	0	3
group_2447	cloud	3	sin_COG	0	3
group_2439	cloud	3	sin_COG	0	3
group_2421	cloud	3	sin_COG	0	3
group_2418	cloud	2	sin_COG	0	3
group_2367	cloud	3	sin_COG	0	3
group_2341	cloud	3	sin_COG	0	3
group_2226	cloud	3	sin_COG	0	3
group_2223	cloud	3	sin_COG	0	3
group_2171	cloud	3	sin_COG	0	3
group_2146	cloud	2	sin_COG	0	3
group_2138	cloud	3	sin_COG	0	3
group_2137	cloud	3	sin_COG	0	3
group_2125	cloud	3	sin_COG	0	3
merC	cloud	3	sin_COG	0	3
group_1967	cloud	3	sin_COG	0	3
group_1956	cloud	3	sin_COG	0	3
group_1931	cloud	3	sin_COG	0	3
group_1926	cloud	3	sin_COG	0	3
group_1924	cloud	3	sin_COG	0	3
group_1883	cloud	3	sin_COG	0	3
dfrA1	cloud	3	H	3	3
group_1834	cloud	3	sin_COG	0	3
group_1825	cloud	3	sin_COG	0	3
group_1804	cloud	3	sin_COG	0	3
group_1786	cloud	3	sin_COG	0	3
group_1780	cloud	3	sin_COG	0	3
group_1778	cloud	3	sin_COG	0	3
group_1766	cloud	3	sin_COG	0	3
rusA	cloud	3	sin_COG	0	3
group_1714	cloud	3	sin_COG	0	3
sat2	cloud	3	J	3	3
group_1653	cloud	3	sin_COG	0	3
group_1644	cloud	3	sin_COG	0	3
group_1643	cloud	3	sin_COG	0	3
group_1640	cloud	3	sin_COG	0	3
group_1623	cloud	3	sin_COG	0	3
group_1593	cloud	3	sin_COG	0	3
group_1591	cloud	3	sin_COG	0	3
group_1537	cloud	3	sin_COG	0	3
group_1518	cloud	2	sin_COG	0	3
group_1511	cloud	3	sin_COG	0	3
maiA	cloud	2	sin_COG	0	3
group_1446	cloud	3	sin_COG	0	3
group_1400	cloud	2	sin_COG	0	3
group_1372	cloud	3	sin_COG	0	3
aqpZ	cloud	2	sin_COG	0	3
group_1318	cloud	2	sin_COG	0	3
group_1303	cloud	3	sin_COG	0	3
group_1302	cloud	2	sin_COG	0	3
group_1267	cloud	3	sin_COG	0	3
group_1259	cloud	3	sin_COG	0	3
group_1229	cloud	3	sin_COG	0	3
tonB	cloud	3	sin_COG	0	3
group_1200	cloud	3	sin_COG	0	3
group_1199	cloud	3	sin_COG	0	3
group_1177	cloud	3	sin_COG	0	3
group_1168	cloud	2	sin_COG	0	3
aph3VIa	cloud	3	J	3	3
aph3VI	cloud	3	J	3	3
group_1150	cloud	3	sin_COG	0	3
group_1079	cloud	3	sin_COG	0	3
group_1076	cloud	3	sin_COG	0	3
erm	cloud	3	sin_COG	0	3
group_1031	cloud	2	sin_COG	0	3
group_1005	cloud	3	sin_COG	0	3
lysO	cloud	3	sin_COG	0	3
group_997	cloud	3	sin_COG	0	3
group_995	cloud	2	sin_COG	0	3
group_950	cloud	3	sin_COG	0	3
group_931	cloud	3	sin_COG	0	3
group_892	cloud	3	sin_COG	0	3
hrgA	cloud	2	sin_COG	0	3
group_889	cloud	2	sin_COG	0	3
group_877	cloud	3	sin_COG	0	3
mobQ	cloud	3	sin_COG	0	3
repM	cloud	3	sin_COG	0	3
group_835	cloud	3	sin_COG	0	3
group_808	cloud	3	sin_COG	0	3
group_800	cloud	3	sin_COG	0	3
group_782	cloud	3	sin_COG	0	3
group_766	cloud	3	sin_COG	0	3
dsbD	cloud	3	sin_COG	0	3
group_750	cloud	2	sin_COG	0	3
group_731	cloud	3	sin_COG	0	3
group_705	cloud	3	sin_COG	0	3
group_649	cloud	3	sin_COG	0	3
group_618	cloud	3	sin_COG	0	3
filA	cloud	3	sin_COG	0	3
group_603	cloud	3	sin_COG	0	3
aliB	cloud	3	sin_COG	0	3
group_588	cloud	3	sin_COG	0	3
group_586	cloud	3	sin_COG	0	3
group_549	cloud	2	sin_COG	0	3
group_530	cloud	3	sin_COG	0	3
group_528	cloud	3	sin_COG	0	3
group_515	cloud	3	sin_COG	0	3
group_505	cloud	2	sin_COG	0	3
group_486	cloud	2	sin_COG	0	3
cml	cloud	3	sin_COG	0	3
qatC	cloud	3	sin_COG	0	3
gltB2	cloud	2	E	3	3
group_359	cloud	2	sin_COG	0	3
group_342	cloud	3	sin_COG	0	3
group_293	cloud	3	sin_COG	0	3
group_288	cloud	3	sin_COG	0	3
group_281	cloud	3	sin_COG	0	3
group_272	cloud	3	sin_COG	0	3
group_265	cloud	3	sin_COG	0	3
group_235	cloud	3	sin_COG	0	3
group_191	cloud	3	sin_COG	0	3
group_183	cloud	3	sin_COG	0	2
group_169	cloud	3	sin_COG	0	3
group_130	cloud	3	sin_COG	0	3
group_77	cloud	2	sin_COG	0	3
group_73	cloud	3	sin_COG	0	3
group_63	cloud	3	sin_COG	0	3
group_6374	cloud	2	sin_COG	0	2
group_6373	cloud	2	sin_COG	0	2
group_6369	cloud	2	X	2	2
group_6364	cloud	2	sin_COG	0	2
group_6363	cloud	2	sin_COG	0	2
group_6357	cloud	2	sin_COG	0	2
group_6355	cloud	2	sin_COG	0	2
group_6354	cloud	2	sin_COG	0	2
group_6350	cloud	2	sin_COG	0	2
group_6346	cloud	2	sin_COG	0	2
group_6345	cloud	2	sin_COG	0	2
group_6344	cloud	2	sin_COG	0	2
group_6341	cloud	2	sin_COG	0	1
group_6338	cloud	2	sin_COG	0	2
group_6337	cloud	2	sin_COG	0	2
group_6334	cloud	2	sin_COG	0	2
group_6333	cloud	2	sin_COG	0	2
group_6327	cloud	2	sin_COG	0	2
group_6311	cloud	1	sin_COG	0	1
group_6307	cloud	2	sin_COG	0	2
group_6306	cloud	2	sin_COG	0	2
group_6305	cloud	2	sin_COG	0	2
group_6302	cloud	2	sin_COG	0	2
group_6300	cloud	2	sin_COG	0	2
group_6269	cloud	2	sin_COG	0	2
group_6265	cloud	2	sin_COG	0	1
group_6239	cloud	2	sin_COG	0	2
group_6238	cloud	2	sin_COG	0	2
group_6237	cloud	2	sin_COG	0	2
group_6236	cloud	2	sin_COG	0	2
group_6235	cloud	2	sin_COG	0	2
group_6234	cloud	2	sin_COG	0	2
group_6233	cloud	2	sin_COG	0	2
group_6232	cloud	2	sin_COG	0	2
group_6231	cloud	2	sin_COG	0	2
group_6229	cloud	2	sin_COG	0	1
group_6218	cloud	2	sin_COG	0	1
group_6204	cloud	2	sin_COG	0	2
group_6203	cloud	2	sin_COG	0	2
group_6196	cloud	2	sin_COG	0	2
group_6195	cloud	2	sin_COG	0	2
group_6178	cloud	1	sin_COG	0	2
group_6177	cloud	1	sin_COG	0	2
group_6176	cloud	1	sin_COG	0	2
group_6175	cloud	1	sin_COG	0	2
group_6174	cloud	1	sin_COG	0	2
group_6173	cloud	1	sin_COG	0	2
group_6169	cloud	1	sin_COG	0	2
group_6168	cloud	1	sin_COG	0	2
group_6167	cloud	1	sin_COG	0	2
group_6166	cloud	1	sin_COG	0	2
group_6165	cloud	1	sin_COG	0	2
group_6164	cloud	1	sin_COG	0	2
group_6163	cloud	1	sin_COG	0	2
group_6162	cloud	1	sin_COG	0	2
group_6161	cloud	1	sin_COG	0	2
group_6160	cloud	1	sin_COG	0	2
group_6159	cloud	1	sin_COG	0	2
group_6157	cloud	1	sin_COG	0	2
group_6156	cloud	1	sin_COG	0	2
group_6155	cloud	1	sin_COG	0	2
group_6154	cloud	1	sin_COG	0	2
group_6153	cloud	1	sin_COG	0	2
yubB	cloud	1	sin_COG	0	2
group_6152	cloud	1	sin_COG	0	2
group_6151	cloud	1	sin_COG	0	2
group_6150	cloud	1	sin_COG	0	2
group_6149	cloud	1	sin_COG	0	2
group_6148	cloud	1	sin_COG	0	2
group_6147	cloud	1	sin_COG	0	2
group_6146	cloud	1	sin_COG	0	2
group_6145	cloud	1	sin_COG	0	2
group_6144	cloud	1	sin_COG	0	2
group_6143	cloud	1	sin_COG	0	2
group_6142	cloud	1	sin_COG	0	2
group_6141	cloud	1	sin_COG	0	2
group_6140	cloud	1	sin_COG	0	2
group_6139	cloud	1	sin_COG	0	2
group_6138	cloud	1	sin_COG	0	2
group_6137	cloud	1	sin_COG	0	2
group_6136	cloud	1	sin_COG	0	2
group_6135	cloud	1	sin_COG	0	2
group_6134	cloud	1	sin_COG	0	2
group_6132	cloud	1	sin_COG	0	2
group_6131	cloud	1	sin_COG	0	2
group_6130	cloud	1	sin_COG	0	3
group_6129	cloud	1	sin_COG	0	2
group_6128	cloud	1	sin_COG	0	2
group_6127	cloud	1	X	2	2
group_6125	cloud	1	sin_COG	0	2
group_6124	cloud	1	V	2	2
group_6123	cloud	1	sin_COG	0	2
hsdM	cloud	1	V	2	2
group_6122	cloud	1	sin_COG	0	2
group_6121	cloud	1	sin_COG	0	2
group_6120	cloud	1	sin_COG	0	2
group_6119	cloud	1	sin_COG	0	2
group_6118	cloud	1	sin_COG	0	2
group_6117	cloud	1	sin_COG	0	2
group_6116	cloud	1	sin_COG	0	2
group_6115	cloud	1	sin_COG	0	2
group_6114	cloud	1	sin_COG	0	2
group_6113	cloud	1	sin_COG	0	2
group_6112	cloud	1	sin_COG	0	2
group_6111	cloud	1	sin_COG	0	2
group_6110	cloud	1	sin_COG	0	2
group_6109	cloud	1	sin_COG	0	2
group_6108	cloud	1	sin_COG	0	2
group_6107	cloud	1	sin_COG	0	2
group_6106	cloud	1	sin_COG	0	2
group_6105	cloud	1	sin_COG	0	2
group_6104	cloud	1	sin_COG	0	2
group_6103	cloud	1	sin_COG	0	2
group_6102	cloud	1	sin_COG	0	2
group_6101	cloud	1	sin_COG	0	2
group_6100	cloud	1	sin_COG	0	2
group_6099	cloud	1	sin_COG	0	2
group_6098	cloud	1	sin_COG	0	2
group_6097	cloud	1	sin_COG	0	2
group_6096	cloud	1	sin_COG	0	2
group_6095	cloud	1	sin_COG	0	2
group_6094	cloud	1	sin_COG	0	2
group_6093	cloud	1	sin_COG	0	2
group_6092	cloud	1	sin_COG	0	2
group_6091	cloud	1	sin_COG	0	2
group_6090	cloud	1	sin_COG	0	2
group_6089	cloud	1	sin_COG	0	3
group_6087	cloud	1	sin_COG	0	2
group_6086	cloud	1	sin_COG	0	2
group_6085	cloud	1	sin_COG	0	2
group_6084	cloud	1	sin_COG	0	2
group_6083	cloud	1	sin_COG	0	2
group_6082	cloud	1	sin_COG	0	2
group_6081	cloud	1	sin_COG	0	2
group_6080	cloud	1	sin_COG	0	2
group_6078	cloud	1	sin_COG	0	2
group_6077	cloud	1	sin_COG	0	2
group_6076	cloud	1	sin_COG	0	2
group_6075	cloud	1	sin_COG	0	2
group_6074	cloud	1	sin_COG	0	2
group_6073	cloud	1	sin_COG	0	2
group_6072	cloud	1	sin_COG	0	2
group_6071	cloud	1	sin_COG	0	2
group_6070	cloud	1	sin_COG	0	2
group_6069	cloud	1	sin_COG	0	2
dotH	cloud	1	sin_COG	0	2
group_6068	cloud	1	sin_COG	0	2
group_6067	cloud	1	sin_COG	0	2
group_6066	cloud	1	sin_COG	0	2
group_6065	cloud	1	sin_COG	0	2
group_6064	cloud	1	sin_COG	0	2
group_6063	cloud	1	sin_COG	0	2
group_6062	cloud	1	sin_COG	0	2
group_6061	cloud	1	sin_COG	0	2
group_6060	cloud	1	sin_COG	0	2
dotC	cloud	1	sin_COG	0	2
group_6059	cloud	1	sin_COG	0	2
group_6058	cloud	1	sin_COG	0	2
group_6057	cloud	1	sin_COG	0	2
group_6056	cloud	1	sin_COG	0	2
icmC	cloud	1	sin_COG	0	2
group_6055	cloud	1	sin_COG	0	2
phaE	cloud	1	sin_COG	0	2
group_6054	cloud	1	sin_COG	0	2
group_6053	cloud	1	sin_COG	0	2
group_6052	cloud	1	sin_COG	0	3
group_6051	cloud	1	sin_COG	0	2
group_6050	cloud	1	sin_COG	0	2
group_6049	cloud	1	sin_COG	0	2
group_6048	cloud	1	sin_COG	0	2
group_6047	cloud	1	sin_COG	0	2
group_6046	cloud	1	sin_COG	0	2
group_6045	cloud	1	sin_COG	0	2
group_6044	cloud	1	sin_COG	0	2
group_6043	cloud	1	sin_COG	0	2
group_6042	cloud	1	sin_COG	0	2
group_6041	cloud	1	sin_COG	0	2
group_6040	cloud	1	sin_COG	0	2
group_6039	cloud	1	sin_COG	0	2
group_6038	cloud	1	sin_COG	0	2
group_6037	cloud	1	sin_COG	0	2
group_6036	cloud	1	sin_COG	0	2
group_6034	cloud	2	sin_COG	0	2
group_6033	cloud	2	sin_COG	0	2
group_6032	cloud	2	sin_COG	0	2
group_6031	cloud	2	sin_COG	0	2
group_6029	cloud	2	sin_COG	0	2
group_6009	cloud	2	sin_COG	0	2
cas6f	cloud	2	sin_COG	0	2
group_5993	cloud	2	sin_COG	0	2
group_5991	cloud	2	sin_COG	0	2
group_5990	cloud	2	sin_COG	0	2
group_5989	cloud	2	sin_COG	0	2
cas1f	cloud	2	sin_COG	0	2
group_5988	cloud	2	sin_COG	0	2
group_5987	cloud	2	sin_COG	0	2
cas3f	cloud	2	sin_COG	0	2
group_5985	cloud	2	sin_COG	0	2
group_5984	cloud	2	sin_COG	0	2
group_5983	cloud	2	sin_COG	0	2
group_5982	cloud	2	sin_COG	0	2
csy3	cloud	2	sin_COG	0	2
group_5981	cloud	2	sin_COG	0	2
csy2	cloud	2	sin_COG	0	2
group_5950	cloud	2	sin_COG	0	2
group_5949	cloud	2	sin_COG	0	2
group_5947	cloud	2	sin_COG	0	1
group_5940	cloud	2	sin_COG	0	2
group_5936	cloud	2	sin_COG	0	2
group_5931	cloud	2	sin_COG	0	2
group_5917	cloud	2	sin_COG	0	2
group_5916	cloud	2	sin_COG	0	2
istA	cloud	2	sin_COG	0	2
group_5915	cloud	2	sin_COG	0	2
group_5914	cloud	2	sin_COG	0	2
group_5912	cloud	2	sin_COG	0	2
group_5911	cloud	2	sin_COG	0	2
group_5905	cloud	2	sin_COG	0	2
group_5904	cloud	2	sin_COG	0	2
group_5903	cloud	2	sin_COG	0	2
group_5900	cloud	2	sin_COG	0	2
group_5899	cloud	2	sin_COG	0	2
group_5897	cloud	2	sin_COG	0	2
group_5896	cloud	2	sin_COG	0	2
group_5892	cloud	2	sin_COG	0	2
group_5876	cloud	2	sin_COG	0	2
group_5874	cloud	2	sin_COG	0	2
group_5861	cloud	2	sin_COG	0	1
group_5854	cloud	2	sin_COG	0	3
group_5853	cloud	2	sin_COG	0	2
group_5851	cloud	2	sin_COG	0	2
group_5850	cloud	2	sin_COG	0	2
group_5849	cloud	2	sin_COG	0	2
group_5848	cloud	2	sin_COG	0	2
group_5847	cloud	2	sin_COG	0	2
group_5846	cloud	2	sin_COG	0	2
group_5845	cloud	2	sin_COG	0	2
group_5843	cloud	2	sin_COG	0	3
virD4	cloud	2	sin_COG	0	2
traJ	cloud	2	sin_COG	0	2
group_5839	cloud	2	sin_COG	0	2
group_5838	cloud	2	sin_COG	0	2
group_5835	cloud	2	sin_COG	0	2
group_5834	cloud	2	sin_COG	0	2
traL	cloud	2	sin_COG	0	3
traI	cloud	2	sin_COG	0	3
group_5833	cloud	2	sin_COG	0	2
group_5829	cloud	2	sin_COG	0	2
group_5828	cloud	2	sin_COG	0	2
group_5827	cloud	2	sin_COG	0	3
trbF	cloud	2	sin_COG	0	2
group_5826	cloud	2	sin_COG	0	2
group_5825	cloud	2	sin_COG	0	2
group_5824	cloud	2	sin_COG	0	2
blaOXA	cloud	2	sin_COG	0	2
trfB	cloud	2	sin_COG	0	2
trbJ	cloud	2	sin_COG	0	2
group_5823	cloud	2	sin_COG	0	2
traG~~~trbE	cloud	2	sin_COG	0	5
group_5822	cloud	2	sin_COG	0	4
group_5821	cloud	2	sin_COG	0	2
trbL	cloud	2	sin_COG	0	2
group_5820	cloud	2	sin_COG	0	2
group_5819	cloud	2	sin_COG	0	4
trbB	cloud	2	sin_COG	0	4
group_5818	cloud	2	sin_COG	0	2
trbG	cloud	2	sin_COG	0	3
trbH	cloud	2	sin_COG	0	2
trbD	cloud	2	sin_COG	0	2
group_5817	cloud	2	sin_COG	0	3
group_5816	cloud	2	sin_COG	0	2
group_5815	cloud	2	sin_COG	0	2
group_5814	cloud	2	sin_COG	0	2
group_5813	cloud	2	sin_COG	0	2
group_5792	cloud	2	sin_COG	0	2
traC	cloud	2	sin_COG	0	2
group_5787	cloud	2	sin_COG	0	2
group_5783	cloud	2	sin_COG	0	2
group_5780	cloud	1	sin_COG	0	2
group_5779	cloud	1	sin_COG	0	2
group_5778	cloud	1	sin_COG	0	2
arsC2	cloud	1	sin_COG	0	2
group_5777	cloud	1	sin_COG	0	2
group_5775	cloud	1	sin_COG	0	2
group_5774	cloud	1	sin_COG	0	2
group_5772	cloud	1	sin_COG	0	2
group_5771	cloud	1	sin_COG	0	2
group_5768	cloud	1	sin_COG	0	2
group_5767	cloud	1	sin_COG	0	2
group_5765	cloud	1	sin_COG	0	0
group_5764	cloud	1	sin_COG	0	2
group_5761	cloud	2	sin_COG	0	2
group_5736	cloud	2	sin_COG	0	2
group_5735	cloud	2	sin_COG	0	2
group_5701	cloud	2	sin_COG	0	2
group_5699	cloud	2	sin_COG	0	2
group_5698	cloud	2	sin_COG	0	2
group_5692	cloud	2	sin_COG	0	2
group_5691	cloud	2	sin_COG	0	2
group_5689	cloud	2	sin_COG	0	2
group_5682	cloud	2	sin_COG	0	2
group_5681	cloud	2	sin_COG	0	2
group_5680	cloud	2	sin_COG	0	2
group_5679	cloud	2	sin_COG	0	2
group_5678	cloud	2	sin_COG	0	2
group_5677	cloud	2	sin_COG	0	2
group_5676	cloud	2	sin_COG	0	2
group_5675	cloud	2	sin_COG	0	2
group_5671	cloud	2	sin_COG	0	2
group_5670	cloud	2	sin_COG	0	2
group_5668	cloud	2	sin_COG	0	2
group_5666	cloud	2	sin_COG	0	2
group_5659	cloud	1	sin_COG	0	2
group_5657	cloud	1	sin_COG	0	2
group_5655	cloud	2	sin_COG	0	2
group_5652	cloud	2	sin_COG	0	2
group_5648	cloud	2	sin_COG	0	2
group_5644	cloud	2	sin_COG	0	2
group_5639	cloud	2	sin_COG	0	2
group_5629	cloud	2	sin_COG	0	2
group_5618	cloud	2	sin_COG	0	2
group_5617	cloud	2	sin_COG	0	2
group_5614	cloud	2	sin_COG	0	2
group_5613	cloud	2	sin_COG	0	2
group_5607	cloud	2	sin_COG	0	2
group_5606	cloud	2	sin_COG	0	2
group_5594	cloud	2	sin_COG	0	2
group_5592	cloud	2	sin_COG	0	2
group_5588	cloud	2	sin_COG	0	2
group_5576	cloud	2	sin_COG	0	2
group_5570	cloud	2	sin_COG	0	2
group_5565	cloud	2	sin_COG	0	6
group_5554	cloud	2	sin_COG	0	2
group_5550	cloud	2	sin_COG	0	2
group_5535	cloud	2	sin_COG	0	2
group_5529	cloud	2	sin_COG	0	2
group_5503	cloud	2	sin_COG	0	2
group_5496	cloud	2	sin_COG	0	2
group_5495	cloud	2	sin_COG	0	2
group_5494	cloud	1	sin_COG	0	2
group_5492	cloud	2	sin_COG	0	2
group_5491	cloud	2	sin_COG	0	2
group_5490	cloud	2	sin_COG	0	2
group_5480	cloud	2	sin_COG	0	2
group_5478	cloud	2	sin_COG	0	2
group_5475	cloud	2	sin_COG	0	2
group_5473	cloud	2	sin_COG	0	2
group_5471	cloud	2	sin_COG	0	2
group_5468	cloud	2	sin_COG	0	2
group_5460	cloud	2	sin_COG	0	2
group_5459	cloud	2	sin_COG	0	2
group_5457	cloud	2	sin_COG	0	2
group_5453	cloud	2	sin_COG	0	2
group_5452	cloud	2	sin_COG	0	2
group_5450	cloud	2	sin_COG	0	2
group_5441	cloud	2	sin_COG	0	2
group_5440	cloud	2	sin_COG	0	2
group_5437	cloud	2	sin_COG	0	2
group_5431	cloud	2	sin_COG	0	2
group_5429	cloud	1	sin_COG	0	2
group_5424	cloud	2	sin_COG	0	2
group_5421	cloud	2	sin_COG	0	2
group_5413	cloud	2	sin_COG	0	2
group_5402	cloud	2	sin_COG	0	2
group_5375	cloud	2	sin_COG	0	2
group_5374	cloud	1	sin_COG	0	2
group_5373	cloud	2	sin_COG	0	2
group_5371	cloud	2	sin_COG	0	2
group_5368	cloud	2	sin_COG	0	2
group_5363	cloud	2	sin_COG	0	2
group_5358	cloud	2	sin_COG	0	2
group_5356	cloud	2	sin_COG	0	2
group_5355	cloud	2	sin_COG	0	2
group_5353	cloud	2	sin_COG	0	2
group_5351	cloud	2	sin_COG	0	2
group_5348	cloud	2	sin_COG	0	2
group_5347	cloud	2	sin_COG	0	2
group_5344	cloud	2	sin_COG	0	3
group_5343	cloud	2	sin_COG	0	2
group_5337	cloud	2	sin_COG	0	2
group_5333	cloud	2	sin_COG	0	2
group_5332	cloud	2	sin_COG	0	2
group_5330	cloud	2	sin_COG	0	2
group_5323	cloud	2	sin_COG	0	2
group_5315	cloud	2	sin_COG	0	2
group_5313	cloud	2	sin_COG	0	2
group_5312	cloud	2	sin_COG	0	2
group_5304	cloud	2	sin_COG	0	2
group_5302	cloud	2	sin_COG	0	2
group_5299	cloud	1	sin_COG	0	2
group_5297	cloud	2	sin_COG	0	2
group_5294	cloud	2	sin_COG	0	2
group_5293	cloud	2	sin_COG	0	2
group_5291	cloud	2	sin_COG	0	2
group_5290	cloud	2	sin_COG	0	2
group_5281	cloud	2	sin_COG	0	2
group_5277	cloud	2	sin_COG	0	2
group_5273	cloud	2	sin_COG	0	2
group_5258	cloud	2	sin_COG	0	2
mzaE	cloud	2	sin_COG	0	2
group_5250	cloud	2	sin_COG	0	2
group_5247	cloud	1	sin_COG	0	2
group_5236	cloud	2	sin_COG	0	2
group_5227	cloud	2	sin_COG	0	2
group_5223	cloud	2	sin_COG	0	2
group_5222	cloud	2	sin_COG	0	4
group_5221	cloud	2	sin_COG	0	2
group_5217	cloud	2	sin_COG	0	2
group_5209	cloud	2	sin_COG	0	2
group_5208	cloud	2	sin_COG	0	2
group_5207	cloud	2	sin_COG	0	3
group_5206	cloud	2	sin_COG	0	2
group_5205	cloud	2	sin_COG	0	2
group_5203	cloud	2	sin_COG	0	2
group_5189	cloud	2	sin_COG	0	2
group_5170	cloud	2	sin_COG	0	2
group_5168	cloud	2	sin_COG	0	2
group_5165	cloud	2	sin_COG	0	2
group_5156	cloud	2	sin_COG	0	2
group_5154	cloud	2	sin_COG	0	2
group_5138	cloud	2	sin_COG	0	2
group_5113	cloud	2	sin_COG	0	2
group_5108	cloud	2	sin_COG	0	2
group_5104	cloud	2	sin_COG	0	2
group_5088	cloud	1	sin_COG	0	2
group_5077	cloud	2	sin_COG	0	2
group_5062	cloud	2	sin_COG	0	2
group_5061	cloud	1	sin_COG	0	2
group_5059	cloud	2	sin_COG	0	2
group_5055	cloud	2	sin_COG	0	2
group_5044	cloud	2	sin_COG	0	2
group_5032	cloud	2	sin_COG	0	2
group_5030	cloud	2	sin_COG	0	2
group_5023	cloud	2	sin_COG	0	2
group_5022	cloud	2	sin_COG	0	2
group_5010	cloud	1	sin_COG	0	2
group_5006	cloud	2	sin_COG	0	2
group_5003	cloud	2	sin_COG	0	2
group_4997	cloud	1	sin_COG	0	2
group_4990	cloud	2	sin_COG	0	2
group_4986	cloud	2	sin_COG	0	2
group_4980	cloud	2	sin_COG	0	2
group_4958	cloud	2	sin_COG	0	2
group_4947	cloud	2	sin_COG	0	2
group_4939	cloud	2	sin_COG	0	2
group_4916	cloud	2	sin_COG	0	2
rffA	cloud	2	sin_COG	0	2
group_4890	cloud	2	sin_COG	0	2
group_4889	cloud	2	sin_COG	0	2
group_4883	cloud	2	sin_COG	0	2
group_4881	cloud	1	sin_COG	0	2
group_4878	cloud	2	sin_COG	0	2
group_4854	cloud	2	sin_COG	0	2
group_4852	cloud	2	sin_COG	0	2
group_4851	cloud	2	sin_COG	0	2
group_4815	cloud	2	sin_COG	0	2
group_4811	cloud	2	sin_COG	0	3
group_4809	cloud	2	sin_COG	0	2
group_4794	cloud	2	sin_COG	0	2
group_4766	cloud	1	sin_COG	0	2
group_4720	cloud	2	sin_COG	0	2
group_4710	cloud	2	sin_COG	0	2
group_4696	cloud	2	sin_COG	0	2
group_4678	cloud	2	sin_COG	0	2
group_4670	cloud	1	sin_COG	0	2
orfX	cloud	2	sin_COG	0	2
group_4642	cloud	2	sin_COG	0	2
group_4638	cloud	2	sin_COG	0	2
group_4620	cloud	2	sin_COG	0	3
group_4617	cloud	2	sin_COG	0	3
group_4615	cloud	2	sin_COG	0	2
group_4600	cloud	2	sin_COG	0	2
group_4571	cloud	1	sin_COG	0	2
group_4550	cloud	2	sin_COG	0	2
group_4546	cloud	2	sin_COG	0	3
group_4514	cloud	2	sin_COG	0	2
group_4513	cloud	2	sin_COG	0	2
group_4512	cloud	2	sin_COG	0	2
group_4498	cloud	2	sin_COG	0	2
group_4481	cloud	2	sin_COG	0	2
group_4471	cloud	2	sin_COG	0	2
group_4469	cloud	1	sin_COG	0	2
group_4459	cloud	2	sin_COG	0	2
group_4458	cloud	2	sin_COG	0	2
group_4455	cloud	2	sin_COG	0	2
group_4452	cloud	2	sin_COG	0	2
group_4447	cloud	2	sin_COG	0	2
group_4446	cloud	2	sin_COG	0	2
group_4445	cloud	1	sin_COG	0	2
group_4443	cloud	2	sin_COG	0	2
group_4439	cloud	2	sin_COG	0	2
group_4437	cloud	2	sin_COG	0	2
group_4434	cloud	1	sin_COG	0	2
group_4430	cloud	1	sin_COG	0	2
group_4428	cloud	1	sin_COG	0	2
group_4422	cloud	2	sin_COG	0	2
mobB	cloud	2	sin_COG	0	2
group_4418	cloud	2	sin_COG	0	2
group_4417	cloud	2	sin_COG	0	2
group_4410	cloud	2	sin_COG	0	2
group_4399	cloud	1	sin_COG	0	2
group_4398	cloud	2	sin_COG	0	2
group_4388	cloud	1	sin_COG	0	2
group_4387	cloud	1	sin_COG	0	2
group_4386	cloud	1	sin_COG	0	2
group_4383	cloud	1	sin_COG	0	3
group_4375	cloud	2	sin_COG	0	2
group_4371	cloud	2	sin_COG	0	2
group_4358	cloud	2	sin_COG	0	2
group_4345	cloud	2	sin_COG	0	3
group_4338	cloud	2	sin_COG	0	2
group_4335	cloud	2	sin_COG	0	2
group_4329	cloud	2	sin_COG	0	2
group_4322	cloud	2	sin_COG	0	2
group_4321	cloud	2	sin_COG	0	2
group_4316	cloud	2	sin_COG	0	2
group_4310	cloud	2	sin_COG	0	2
group_4308	cloud	2	sin_COG	0	2
group_4307	cloud	2	sin_COG	0	2
group_4279	cloud	2	sin_COG	0	2
group_4277	cloud	2	sin_COG	0	2
group_4273	cloud	2	sin_COG	0	2
group_4253	cloud	2	sin_COG	0	2
group_4243	cloud	2	sin_COG	0	2
group_4238	cloud	2	sin_COG	0	2
group_4235	cloud	2	sin_COG	0	2
group_4207	cloud	2	sin_COG	0	2
group_4206	cloud	2	sin_COG	0	2
group_4201	cloud	2	sin_COG	0	2
group_4191	cloud	1	sin_COG	0	2
group_4183	cloud	1	sin_COG	0	2
group_4127	cloud	2	sin_COG	0	2
group_4126	cloud	2	sin_COG	0	2
group_4118	cloud	2	sin_COG	0	2
group_4117	cloud	2	sin_COG	0	2
group_4116	cloud	2	sin_COG	0	2
group_4114	cloud	2	sin_COG	0	2
group_4113	cloud	2	sin_COG	0	2
group_4110	cloud	2	sin_COG	0	2
group_4106	cloud	2	sin_COG	0	2
group_4105	cloud	2	sin_COG	0	2
group_4085	cloud	2	sin_COG	0	2
group_4084	cloud	2	sin_COG	0	2
group_4083	cloud	2	sin_COG	0	2
group_4082	cloud	2	sin_COG	0	2
group_4066	cloud	2	sin_COG	0	2
group_4061	cloud	2	sin_COG	0	2
group_4049	cloud	2	sin_COG	0	2
group_4043	cloud	2	sin_COG	0	2
group_4042	cloud	2	sin_COG	0	2
group_4032	cloud	2	sin_COG	0	2
group_4022	cloud	2	sin_COG	0	2
group_4005	cloud	2	sin_COG	0	2
group_4004	cloud	1	sin_COG	0	2
group_3999	cloud	2	sin_COG	0	2
group_3969	cloud	2	sin_COG	0	2
group_3950	cloud	2	sin_COG	0	2
group_3949	cloud	2	sin_COG	0	2
aadA2	cloud	2	sin_COG	0	2
pucR	cloud	2	sin_COG	0	2
group_3923	cloud	2	sin_COG	0	2
group_3915	cloud	2	sin_COG	0	2
group_3904	cloud	2	sin_COG	0	2
group_3894	cloud	2	sin_COG	0	2
group_3867	cloud	2	sin_COG	0	2
group_3860	cloud	2	sin_COG	0	2
group_3837	cloud	2	sin_COG	0	2
group_3828	cloud	2	sin_COG	0	2
group_3825	cloud	1	sin_COG	0	2
group_3824	cloud	1	sin_COG	0	2
group_3799	cloud	2	sin_COG	0	3
group_3753	cloud	2	sin_COG	0	2
group_3743	cloud	2	sin_COG	0	2
group_3742	cloud	2	sin_COG	0	2
group_3741	cloud	2	sin_COG	0	2
group_3730	cloud	2	sin_COG	0	2
group_3720	cloud	2	sin_COG	0	2
group_3706	cloud	2	sin_COG	0	2
group_3705	cloud	2	sin_COG	0	2
group_3704	cloud	2	sin_COG	0	2
group_3687	cloud	2	sin_COG	0	2
group_3676	cloud	2	sin_COG	0	2
group_3671	cloud	2	sin_COG	0	2
group_3668	cloud	2	sin_COG	0	2
group_3663	cloud	1	sin_COG	0	2
group_3654	cloud	1	sin_COG	0	2
group_3642	cloud	2	sin_COG	0	2
group_3639	cloud	2	sin_COG	0	2
group_3631	cloud	2	X	1	3
group_3621	cloud	1	sin_COG	0	3
group_3603	cloud	2	sin_COG	0	3
group_3602	cloud	2	sin_COG	0	2
group_3601	cloud	2	sin_COG	0	3
group_3593	cloud	2	sin_COG	0	3
aac3IVa	cloud	2	sin_COG	0	2
group_3576	cloud	2	sin_COG	0	2
group_3574	cloud	1	sin_COG	0	2
group_3564	cloud	2	sin_COG	0	2
group_3557	cloud	2	sin_COG	0	2
group_3547	cloud	2	sin_COG	0	2
group_3543	cloud	2	sin_COG	0	2
group_3531	cloud	2	sin_COG	0	2
group_3528	cloud	2	sin_COG	0	3
group_3524	cloud	2	sin_COG	0	2
group_3518	cloud	2	sin_COG	0	2
group_3507	cloud	1	sin_COG	0	2
group_3504	cloud	2	sin_COG	0	2
group_3503	cloud	2	sin_COG	0	2
group_3502	cloud	2	sin_COG	0	2
group_3500	cloud	2	sin_COG	0	2
fimV	cloud	2	sin_COG	0	2
group_3492	cloud	1	sin_COG	0	2
group_3479	cloud	2	sin_COG	0	2
group_3472	cloud	1	sin_COG	0	2
group_3461	cloud	2	sin_COG	0	2
group_3458	cloud	1	sin_COG	0	2
dfrA16	cloud	2	sin_COG	0	2
group_3441	cloud	2	sin_COG	0	2
group_3425	cloud	2	sin_COG	0	2
group_3421	cloud	2	sin_COG	0	2
bioA	cloud	2	sin_COG	0	2
group_3405	cloud	2	sin_COG	0	2
group_3356	cloud	2	sin_COG	0	2
group_3336	cloud	2	sin_COG	0	2
group_3334	cloud	2	sin_COG	0	2
group_3332	cloud	2	sin_COG	0	2
group_3330	cloud	2	sin_COG	0	2
group_3329	cloud	2	sin_COG	0	2
group_3328	cloud	2	sin_COG	0	2
group_3327	cloud	2	sin_COG	0	2
group_3324	cloud	2	sin_COG	0	2
group_3323	cloud	2	sin_COG	0	2
group_3322	cloud	2	sin_COG	0	2
group_3321	cloud	2	R	2	2
msrE	cloud	2	R	2	2
group_3320	cloud	2	X	2	2
group_3319	cloud	2	X	2	2
group_3315	cloud	2	X	2	2
group_3314	cloud	2	X	2	2
group_3307	cloud	2	sin_COG	0	2
group_3306	cloud	2	sin_COG	0	2
group_3296	cloud	2	sin_COG	0	2
group_3295	cloud	2	sin_COG	0	2
group_3294	cloud	2	sin_COG	0	2
group_3292	cloud	2	sin_COG	0	2
group_3290	cloud	2	sin_COG	0	2
group_3289	cloud	2	sin_COG	0	2
group_3285	cloud	2	sin_COG	0	2
group_3284	cloud	2	sin_COG	0	2
group_3283	cloud	2	sin_COG	0	2
group_3282	cloud	2	sin_COG	0	2
group_3276	cloud	2	sin_COG	0	2
group_3274	cloud	2	sin_COG	0	2
group_3270	cloud	2	sin_COG	0	2
group_3269	cloud	2	sin_COG	0	2
group_3263	cloud	2	X	2	2
group_3166	cloud	2	sin_COG	0	1
group_3064	cloud	2	sin_COG	0	0
group_3052	cloud	2	sin_COG	0	2
group_3048	cloud	2	sin_COG	0	2
group_3044	cloud	2	sin_COG	0	2
group_3031	cloud	2	sin_COG	0	1
group_3029	cloud	1	sin_COG	0	2
group_3013	cloud	2	sin_COG	0	2
group_2997	cloud	2	sin_COG	0	2
group_2989	cloud	2	sin_COG	0	2
group_2977	cloud	2	sin_COG	0	2
group_2968	cloud	2	sin_COG	0	2
group_2943	cloud	2	sin_COG	0	2
group_2940	cloud	2	sin_COG	0	2
group_2912	cloud	2	sin_COG	0	1
group_2883	cloud	1	sin_COG	0	2
group_2880	cloud	2	sin_COG	0	2
group_2876	cloud	2	sin_COG	0	2
group_2875	cloud	2	sin_COG	0	2
group_2867	cloud	2	sin_COG	0	2
group_2866	cloud	2	sin_COG	0	1
group_2864	cloud	2	sin_COG	0	1
group_2861	cloud	2	sin_COG	0	2
group_2848	cloud	2	sin_COG	0	2
group_2846	cloud	2	sin_COG	0	2
group_2818	cloud	2	sin_COG	0	2
group_2814	cloud	2	sin_COG	0	1
group_2804	cloud	2	sin_COG	0	2
group_2803	cloud	2	sin_COG	0	2
group_2796	cloud	2	sin_COG	0	2
group_2786	cloud	2	sin_COG	0	2
group_2756	cloud	2	sin_COG	0	2
group_2752	cloud	2	sin_COG	0	2
group_2750	cloud	2	sin_COG	0	2
group_2748	cloud	2	sin_COG	0	2
group_2747	cloud	2	sin_COG	0	2
group_2738	cloud	2	sin_COG	0	1
group_2725	cloud	2	sin_COG	0	2
group_2722	cloud	2	sin_COG	0	2
group_2721	cloud	2	sin_COG	0	2
group_2718	cloud	2	sin_COG	0	2
fliI	cloud	2	sin_COG	0	2
group_2699	cloud	2	sin_COG	0	1
group_2689	cloud	2	sin_COG	0	2
copB	cloud	2	sin_COG	0	2
group_2684	cloud	2	sin_COG	0	2
group_2676	cloud	2	sin_COG	0	2
group_2671	cloud	2	sin_COG	0	2
group_2664	cloud	2	sin_COG	0	2
rli1	cloud	2	J	2	2
group_2655	cloud	2	sin_COG	0	2
group_2654	cloud	2	sin_COG	0	2
group_2641	cloud	2	sin_COG	0	2
group_2625	cloud	2	sin_COG	0	2
group_2618	cloud	2	sin_COG	0	1
group_2612	cloud	2	sin_COG	0	2
group_2602	cloud	2	sin_COG	0	2
group_2599	cloud	1	sin_COG	0	2
group_2591	cloud	2	sin_COG	0	2
group_2590	cloud	2	sin_COG	0	2
group_2586	cloud	2	sin_COG	0	2
group_2585	cloud	2	V	2	2
group_2584	cloud	2	sin_COG	0	2
lipA3	cloud	2	sin_COG	0	2
group_2570	cloud	2	sin_COG	0	2
group_2569	cloud	1	sin_COG	0	2
group_2560	cloud	2	sin_COG	0	2
group_2559	cloud	2	sin_COG	0	2
group_2558	cloud	2	sin_COG	0	2
group_2557	cloud	2	sin_COG	0	2
group_2548	cloud	2	sin_COG	0	2
group_2539	cloud	1	sin_COG	0	2
group_2536	cloud	2	sin_COG	0	1
group_2535	cloud	2	sin_COG	0	2
group_2531	cloud	2	sin_COG	0	2
group_2525	cloud	2	sin_COG	0	2
group_2507	cloud	2	sin_COG	0	2
group_2503	cloud	2	sin_COG	0	2
group_2492	cloud	2	sin_COG	0	2
group_2487	cloud	2	sin_COG	0	2
group_2486	cloud	1	sin_COG	0	2
trbC	cloud	2	sin_COG	0	2
group_2464	cloud	2	sin_COG	0	2
group_2461	cloud	2	sin_COG	0	2
group_2460	cloud	2	sin_COG	0	2
alpA	cloud	2	sin_COG	0	2
group_2445	cloud	2	sin_COG	0	2
group_2443	cloud	2	sin_COG	0	2
group_2442	cloud	2	sin_COG	0	2
group_2430	cloud	2	sin_COG	0	2
group_2425	cloud	2	sin_COG	0	2
group_2422	cloud	1	sin_COG	0	2
group_2419	cloud	2	sin_COG	0	2
group_2404	cloud	2	sin_COG	0	2
group_2401	cloud	2	sin_COG	0	2
group_2397	cloud	2	sin_COG	0	2
group_2391	cloud	2	sin_COG	0	2
group_2390	cloud	2	sin_COG	0	2
group_2384	cloud	2	sin_COG	0	2
group_2375	cloud	1	sin_COG	0	2
aseR	cloud	2	sin_COG	0	2
wbqC	cloud	2	sin_COG	0	2
group_2361	cloud	2	sin_COG	0	2
group_2357	cloud	2	sin_COG	0	2
group_2345	cloud	1	sin_COG	0	2
group_2342	cloud	2	sin_COG	0	2
group_2339	cloud	2	sin_COG	0	2
group_2327	cloud	2	sin_COG	0	2
group_2326	cloud	2	sin_COG	0	2
group_2317	cloud	2	sin_COG	0	2
group_2315	cloud	2	sin_COG	0	2
group_2301	cloud	2	sin_COG	0	2
group_2299	cloud	2	sin_COG	0	2
group_2288	cloud	2	sin_COG	0	2
group_2279	cloud	2	sin_COG	0	2
group_2276	cloud	1	sin_COG	0	2
group_2270	cloud	2	sin_COG	0	2
group_2255	cloud	1	sin_COG	0	2
group_2254	cloud	2	sin_COG	0	2
group_2235	cloud	1	sin_COG	0	2
group_2232	cloud	2	sin_COG	0	2
group_2231	cloud	2	sin_COG	0	2
group_2216	cloud	2	sin_COG	0	2
group_2209	cloud	2	sin_COG	0	2
group_2204	cloud	2	sin_COG	0	2
group_2202	cloud	2	sin_COG	0	2
group_2192	cloud	1	sin_COG	0	2
group_2191	cloud	1	sin_COG	0	2
group_2180	cloud	1	sin_COG	0	2
group_2174	cloud	2	sin_COG	0	2
group_2151	cloud	1	sin_COG	0	2
group_2113	cloud	2	sin_COG	0	2
group_2109	cloud	2	sin_COG	0	2
group_2096	cloud	2	sin_COG	0	2
group_2092	cloud	2	sin_COG	0	2
qdtA	cloud	2	sin_COG	0	2
group_2072	cloud	2	sin_COG	0	2
copG	cloud	2	sin_COG	0	2
group_2049	cloud	2	sin_COG	0	2
group_2042	cloud	2	sin_COG	0	2
group_2039	cloud	2	sin_COG	0	2
group_2038	cloud	2	sin_COG	0	2
group_2036	cloud	2	sin_COG	0	2
group_2035	cloud	2	sin_COG	0	2
group_2030	cloud	1	sin_COG	0	2
group_2026	cloud	2	sin_COG	0	2
group_2016	cloud	1	sin_COG	0	2
group_2015	cloud	1	sin_COG	0	2
group_2014	cloud	1	sin_COG	0	2
group_2001	cloud	2	sin_COG	0	2
group_2000	cloud	2	sin_COG	0	2
traM	cloud	2	sin_COG	0	2
group_1989	cloud	2	sin_COG	0	2
arsC	cloud	2	sin_COG	0	2
group_1986	cloud	2	sin_COG	0	2
yezG	cloud	2	sin_COG	0	2
group_1969	cloud	2	sin_COG	0	2
group_1959	cloud	2	sin_COG	0	2
group_1952	cloud	1	sin_COG	0	2
group_1950	cloud	1	sin_COG	0	2
group_1949	cloud	2	sin_COG	0	2
group_1948	cloud	2	sin_COG	0	2
group_1937	cloud	2	sin_COG	0	2
group_1935	cloud	2	sin_COG	0	2
group_1932	cloud	2	sin_COG	0	2
group_1879	cloud	2	sin_COG	0	2
group_1878	cloud	2	sin_COG	0	2
group_1870	cloud	2	sin_COG	0	2
group_1848	cloud	2	sin_COG	0	2
group_1836	cloud	2	sin_COG	0	2
group_1833	cloud	2	sin_COG	0	2
group_1803	cloud	2	sin_COG	0	2
group_1793	cloud	2	sin_COG	0	2
group_1781	cloud	2	sin_COG	0	2
group_1770	cloud	2	sin_COG	0	2
group_1769	cloud	2	sin_COG	0	2
yqhA	cloud	2	sin_COG	0	2
group_1759	cloud	2	sin_COG	0	2
group_1758	cloud	2	sin_COG	0	2
group_1753	cloud	2	sin_COG	0	2
group_1750	cloud	2	sin_COG	0	2
group_1723	cloud	1	sin_COG	0	2
group_1704	cloud	2	sin_COG	0	2
dmmA	cloud	2	sin_COG	0	2
group_1673	cloud	2	sin_COG	0	2
group_1663	cloud	1	sin_COG	0	2
group_1651	cloud	2	sin_COG	0	2
group_1645	cloud	2	sin_COG	0	2
group_1636	cloud	1	sin_COG	0	2
group_1634	cloud	2	sin_COG	0	2
group_1627	cloud	1	sin_COG	0	2
group_1626	cloud	1	sin_COG	0	2
group_1609	cloud	2	sin_COG	0	2
group_1604	cloud	2	sin_COG	0	2
group_1602	cloud	2	sin_COG	0	2
group_1598	cloud	2	sin_COG	0	2
group_1584	cloud	2	sin_COG	0	2
group_1583	cloud	2	sin_COG	0	2
group_1577	cloud	1	sin_COG	0	2
group_1572	cloud	1	sin_COG	0	2
group_1563	cloud	2	sin_COG	0	2
marR	cloud	2	sin_COG	0	2
group_1554	cloud	2	sin_COG	0	2
group_1553	cloud	2	sin_COG	0	2
group_1544	cloud	2	sin_COG	0	2
group_1542	cloud	2	sin_COG	0	2
group_1541	cloud	2	sin_COG	0	2
group_1534	cloud	2	sin_COG	0	2
group_1504	cloud	2	sin_COG	0	2
ttdB	cloud	2	C	2	2
group_1477	cloud	2	sin_COG	0	2
group_1474	cloud	2	sin_COG	0	2
group_1469	cloud	2	sin_COG	0	2
group_1463	cloud	2	sin_COG	0	2
group_1462	cloud	2	sin_COG	0	2
group_1461	cloud	2	sin_COG	0	2
group_1456	cloud	2	sin_COG	0	2
group_1450	cloud	2	sin_COG	0	2
group_1448	cloud	2	sin_COG	0	2
group_1445	cloud	1	sin_COG	0	2
group_1443	cloud	2	sin_COG	0	2
group_1440	cloud	2	sin_COG	0	2
group_1435	cloud	2	sin_COG	0	2
group_1433	cloud	1	sin_COG	0	2
group_1432	cloud	2	sin_COG	0	2
group_1424	cloud	2	sin_COG	0	2
group_1414	cloud	1	sin_COG	0	2
group_1412	cloud	2	sin_COG	0	2
group_1409	cloud	2	sin_COG	0	2
group_1407	cloud	2	sin_COG	0	2
group_1395	cloud	2	sin_COG	0	2
bioD	cloud	2	sin_COG	0	2
qseB	cloud	2	sin_COG	0	2
group_1341	cloud	2	sin_COG	0	2
group_1338	cloud	2	sin_COG	0	2
group_1328	cloud	2	sin_COG	0	2
group_1327	cloud	1	sin_COG	0	2
group_1317	cloud	2	sin_COG	0	2
arsH	cloud	2	sin_COG	0	2
azlC	cloud	2	sin_COG	0	2
group_1307	cloud	2	sin_COG	0	2
virB1	cloud	2	sin_COG	0	2
group_1304	cloud	2	sin_COG	0	2
group_1300	cloud	2	sin_COG	0	2
group_1299	cloud	2	sin_COG	0	2
group_1285	cloud	2	sin_COG	0	2
group_1283	cloud	2	sin_COG	0	2
group_1279	cloud	2	sin_COG	0	2
group_1278	cloud	2	sin_COG	0	2
group_1277	cloud	2	sin_COG	0	2
group_1272	cloud	2	sin_COG	0	2
group_1271	cloud	2	sin_COG	0	2
group_1265	cloud	2	sin_COG	0	2
group_1250	cloud	2	sin_COG	0	2
group_1247	cloud	1	sin_COG	0	2
gntR	cloud	2	sin_COG	0	2
lldR	cloud	2	sin_COG	0	2
group_1243	cloud	2	sin_COG	0	2
group_1232	cloud	1	sin_COG	0	2
group_1230	cloud	2	sin_COG	0	2
group_1223	cloud	2	sin_COG	0	2
group_1220	cloud	1	sin_COG	0	2
group_1212	cloud	2	sin_COG	0	2
group_1194	cloud	2	sin_COG	0	2
group_1184	cloud	2	sin_COG	0	2
istB	cloud	2	sin_COG	0	2
group_1162	cloud	1	sin_COG	0	2
group_1161	cloud	2	sin_COG	0	2
group_1159	cloud	2	sin_COG	0	2
bioC	cloud	2	sin_COG	0	2
virB8	cloud	2	sin_COG	0	2
traX	cloud	1	sin_COG	0	2
group_1130	cloud	1	sin_COG	0	2
group_1128	cloud	2	sin_COG	0	2
group_1127	cloud	2	sin_COG	0	2
group_1124	cloud	2	sin_COG	0	2
group_1104	cloud	2	sin_COG	0	2
group_1089	cloud	2	sin_COG	0	2
group_1084	cloud	2	sin_COG	0	2
group_1082	cloud	2	sin_COG	0	2
sul1	cloud	2	H	2	2
group_1074	cloud	1	sin_COG	0	2
group_1073	cloud	2	sin_COG	0	2
group_1062	cloud	1	sin_COG	0	2
group_1059	cloud	2	sin_COG	0	2
aac3IId	cloud	2	sin_COG	0	2
group_1055	cloud	2	sin_COG	0	2
group_1052	cloud	2	sin_COG	0	2
group_1047	cloud	2	sin_COG	0	2
group_1044	cloud	2	sin_COG	0	2
group_1020	cloud	1	sin_COG	0	2
rfaZ	cloud	2	sin_COG	0	2
group_1000	cloud	2	sin_COG	0	2
group_991	cloud	2	sin_COG	0	2
group_967	cloud	2	sin_COG	0	2
group_966	cloud	1	sin_COG	0	2
group_964	cloud	2	sin_COG	0	2
blaPSE	cloud	2	sin_COG	0	2
group_961	cloud	2	sin_COG	0	2
group_955	cloud	2	sin_COG	0	2
group_944	cloud	2	sin_COG	0	2
group_934	cloud	2	sin_COG	0	2
xerC	cloud	1	sin_COG	0	2
group_923	cloud	2	sin_COG	0	2
group_909	cloud	2	sin_COG	0	2
group_908	cloud	2	sin_COG	0	2
group_905	cloud	2	sin_COG	0	2
group_897	cloud	2	sin_COG	0	2
group_891	cloud	2	sin_COG	0	2
group_881	cloud	2	sin_COG	0	2
group_871	cloud	2	sin_COG	0	2
group_866	cloud	2	sin_COG	0	2
group_863	cloud	2	sin_COG	0	2
group_862	cloud	2	sin_COG	0	2
group_837	cloud	2	sin_COG	0	2
group_830	cloud	2	sin_COG	0	2
group_822	cloud	2	sin_COG	0	2
group_821	cloud	2	sin_COG	0	2
group_817	cloud	2	sin_COG	0	2
group_814	cloud	2	sin_COG	0	2
group_798	cloud	2	sin_COG	0	2
group_788	cloud	2	sin_COG	0	2
group_769	cloud	2	sin_COG	0	2
group_765	cloud	2	sin_COG	0	2
finQ	cloud	2	sin_COG	0	2
group_756	cloud	2	sin_COG	0	2
group_752	cloud	2	sin_COG	0	2
group_751	cloud	1	sin_COG	0	2
group_747	cloud	2	sin_COG	0	2
group_732	cloud	2	sin_COG	0	2
ndmA	cloud	2	sin_COG	0	2
group_726	cloud	2	sin_COG	0	2
group_718	cloud	2	sin_COG	0	2
group_714	cloud	2	sin_COG	0	2
group_698	cloud	2	sin_COG	0	2
group_693	cloud	1	sin_COG	0	2
group_692	cloud	2	sin_COG	0	2
virB6	cloud	2	sin_COG	0	2
group_687	cloud	2	sin_COG	0	2
group_663	cloud	2	sin_COG	0	2
group_642	cloud	2	sin_COG	0	2
group_640	cloud	2	sin_COG	0	2
group_623	cloud	2	sin_COG	0	2
group_620	cloud	2	sin_COG	0	2
lldD	cloud	2	sin_COG	0	2
group_599	cloud	2	sin_COG	0	2
group_590	cloud	2	sin_COG	0	2
group_581	cloud	2	sin_COG	0	2
group_572	cloud	2	sin_COG	0	2
group_571	cloud	2	sin_COG	0	2
group_570	cloud	2	sin_COG	0	2
group_546	cloud	2	sin_COG	0	2
tet39	cloud	2	sin_COG	0	2
group_533	cloud	2	sin_COG	0	2
lysR	cloud	2	sin_COG	0	2
group_498	cloud	2	sin_COG	0	2
group_480	cloud	2	sin_COG	0	2
group_479	cloud	2	sin_COG	0	2
group_478	cloud	2	sin_COG	0	2
group_471	cloud	2	sin_COG	0	2
group_467	cloud	2	sin_COG	0	2
cmlA6	cloud	2	G	2	2
group_460	cloud	2	sin_COG	0	2
group_458	cloud	2	sin_COG	0	2
oprD	cloud	2	sin_COG	0	2
group_443	cloud	2	sin_COG	0	2
codB	cloud	2	sin_COG	0	2
group_428	cloud	2	sin_COG	0	2
group_425	cloud	2	sin_COG	0	2
group_416	cloud	2	sin_COG	0	2
group_415	cloud	2	sin_COG	0	2
group_412	cloud	2	sin_COG	0	2
group_407	cloud	2	sin_COG	0	2
group_400	cloud	2	sin_COG	0	2
group_399	cloud	2	sin_COG	0	2
group_397	cloud	2	sin_COG	0	2
group_394	cloud	2	sin_COG	0	2
group_385	cloud	2	sin_COG	0	2
group_384	cloud	2	sin_COG	0	2
group_370	cloud	2	sin_COG	0	2
group_360	cloud	2	sin_COG	0	2
group_356	cloud	2	sin_COG	0	2
trbI	cloud	2	sin_COG	0	2
group_345	cloud	2	sin_COG	0	2
group_330	cloud	2	sin_COG	0	2
group_311	cloud	2	sin_COG	0	2
group_303	cloud	2	sin_COG	0	2
group_302	cloud	2	sin_COG	0	2
group_289	cloud	2	sin_COG	0	2
tnp	cloud	2	X	2	2
traD	cloud	2	sin_COG	0	2
group_258	cloud	2	sin_COG	0	2
group_249	cloud	2	sin_COG	0	2
group_238	cloud	1	sin_COG	0	2
group_231	cloud	2	sin_COG	0	2
lldP	cloud	2	sin_COG	0	2
group_224	cloud	2	sin_COG	0	2
group_223	cloud	2	sin_COG	0	2
group_218	cloud	2	sin_COG	0	2
group_207	cloud	2	sin_COG	0	2
group_205	cloud	2	sin_COG	0	2
group_187	cloud	2	sin_COG	0	2
group_178	cloud	2	sin_COG	0	2
group_176	cloud	2	sin_COG	0	1
group_173	cloud	2	sin_COG	0	1
group_166	cloud	1	sin_COG	0	2
abcf	cloud	2	sin_COG	0	2
group_119	cloud	2	sin_COG	0	2
group_117	cloud	2	sin_COG	0	2
group_114	cloud	2	sin_COG	0	2
group_110	cloud	2	sin_COG	0	1
group_109	cloud	2	sin_COG	0	2
group_103	cloud	2	sin_COG	0	2
group_99	cloud	2	sin_COG	0	2
group_98	cloud	2	sin_COG	0	2
group_91	cloud	2	sin_COG	0	2
group_82	cloud	2	sin_COG	0	2
group_80	cloud	2	sin_COG	0	2
virB4	cloud	2	sin_COG	0	2
acnA	cloud	2	sin_COG	0	2
group_54	cloud	2	sin_COG	0	2
traA	cloud	2	sin_COG	0	2
group_51	cloud	2	sin_COG	0	2
czcA	cloud	2	sin_COG	0	2
group_43	cloud	2	sin_COG	0	2
group_40	cloud	2	sin_COG	0	2
group_38	cloud	2	sin_COG	0	2
group_30	cloud	2	sin_COG	0	2
group_24	cloud	2	sin_COG	0	2
group_0	cloud	1	sin_COG	0	2
group_6362	cloud	1	sin_COG	0	1
group_6324	exclusivo	0	sin_COG	0	1
group_6323	exclusivo	0	sin_COG	0	1
group_6322	exclusivo	0	sin_COG	0	1
group_6321	exclusivo	0	sin_COG	0	1
group_6320	exclusivo	0	sin_COG	0	1
rbbA	exclusivo	0	sin_COG	0	1
group_6319	exclusivo	0	sin_COG	0	1
group_6318	exclusivo	0	sin_COG	0	1
group_6317	exclusivo	0	sin_COG	0	1
group_6316	exclusivo	0	sin_COG	0	1
group_6315	exclusivo	0	sin_COG	0	1
group_6314	exclusivo	0	sin_COG	0	1
group_6313	exclusivo	0	sin_COG	0	1
group_6312	exclusivo	0	sin_COG	0	1
group_6310	exclusivo	0	sin_COG	0	1
group_6309	cloud	1	sin_COG	0	1
group_6308	cloud	1	sin_COG	0	1
group_6298	cloud	1	sin_COG	0	1
group_6297	cloud	1	sin_COG	0	1
group_6296	cloud	1	sin_COG	0	1
group_6295	cloud	1	sin_COG	0	1
group_6294	cloud	1	sin_COG	0	1
group_6293	cloud	1	sin_COG	0	1
group_6292	cloud	1	sin_COG	0	1
group_6291	cloud	1	sin_COG	0	1
group_6290	cloud	1	sin_COG	0	1
group_6289	cloud	1	sin_COG	0	1
group_6288	cloud	1	sin_COG	0	1
group_6287	cloud	1	sin_COG	0	1
group_6286	cloud	1	sin_COG	0	1
group_6285	cloud	1	sin_COG	0	1
group_6284	cloud	1	sin_COG	0	1
group_6283	cloud	1	sin_COG	0	1
group_6282	cloud	1	sin_COG	0	1
group_6281	cloud	1	sin_COG	0	1
group_6280	cloud	1	sin_COG	0	1
group_6279	cloud	1	sin_COG	0	1
group_6278	cloud	1	sin_COG	0	1
group_6277	cloud	1	sin_COG	0	1
group_6276	cloud	1	sin_COG	0	1
group_6275	cloud	1	sin_COG	0	1
group_6274	cloud	1	sin_COG	0	1
group_6273	cloud	1	sin_COG	0	1
group_6272	cloud	1	sin_COG	0	1
group_6271	cloud	1	sin_COG	0	1
group_6270	cloud	1	sin_COG	0	1
group_6268	cloud	1	sin_COG	0	1
group_6267	cloud	1	sin_COG	0	1
group_6266	cloud	1	sin_COG	0	1
group_6264	cloud	1	sin_COG	0	1
group_6263	cloud	1	sin_COG	0	1
group_6262	cloud	1	sin_COG	0	1
group_6261	cloud	1	sin_COG	0	1
group_6260	cloud	1	sin_COG	0	1
group_6259	cloud	1	sin_COG	0	1
group_6258	cloud	1	sin_COG	0	1
group_6257	cloud	1	sin_COG	0	1
group_6256	cloud	1	sin_COG	0	1
group_6255	cloud	1	sin_COG	0	1
group_6254	cloud	1	sin_COG	0	1
group_6253	cloud	1	sin_COG	0	1
group_6252	cloud	1	sin_COG	0	1
group_6251	cloud	1	sin_COG	0	1
group_6250	cloud	1	sin_COG	0	1
group_6249	cloud	1	sin_COG	0	1
group_6248	cloud	1	sin_COG	0	1
group_6247	cloud	1	sin_COG	0	1
group_6246	cloud	1	sin_COG	0	1
group_6245	cloud	1	sin_COG	0	1
group_6244	cloud	1	sin_COG	0	1
group_6243	cloud	1	sin_COG	0	1
group_6242	cloud	1	sin_COG	0	1
group_6241	cloud	1	sin_COG	0	1
group_6240	cloud	1	sin_COG	0	1
group_6230	cloud	1	sin_COG	0	1
group_6228	cloud	1	sin_COG	0	1
group_6227	cloud	1	sin_COG	0	1
group_6226	cloud	1	sin_COG	0	1
group_6225	cloud	1	sin_COG	0	1
group_6224	cloud	1	sin_COG	0	1
group_6223	cloud	1	sin_COG	0	1
group_6222	cloud	1	sin_COG	0	1
group_6221	cloud	1	sin_COG	0	1
group_6220	cloud	1	sin_COG	0	1
group_6219	cloud	1	sin_COG	0	1
group_6217	cloud	1	sin_COG	0	1
group_6216	cloud	1	sin_COG	0	1
traK	cloud	1	sin_COG	0	1
group_6215	cloud	1	sin_COG	0	1
group_6214	cloud	1	sin_COG	0	0
group_6213	cloud	1	sin_COG	0	1
group_6212	cloud	1	sin_COG	0	1
group_6210	cloud	1	sin_COG	0	1
group_6209	cloud	1	sin_COG	0	1
group_6208	cloud	1	sin_COG	0	1
group_6207	cloud	1	sin_COG	0	1
group_6206	cloud	1	sin_COG	0	1
group_6205	cloud	1	sin_COG	0	1
group_6202	cloud	1	sin_COG	0	1
group_6201	cloud	1	sin_COG	0	1
group_6200	cloud	1	sin_COG	0	1
group_6199	cloud	1	sin_COG	0	1
group_6198	cloud	1	sin_COG	0	1
group_6197	cloud	1	sin_COG	0	1
group_6194	cloud	1	sin_COG	0	1
group_6193	cloud	1	sin_COG	0	1
group_6192	cloud	1	sin_COG	0	1
group_6191	cloud	1	sin_COG	0	1
dmlR	cloud	1	sin_COG	0	1
group_6190	cloud	1	sin_COG	0	1
group_6189	cloud	1	sin_COG	0	1
group_6188	cloud	1	sin_COG	0	1
group_6187	cloud	1	sin_COG	0	1
group_6186	cloud	1	sin_COG	0	1
group_6185	cloud	1	sin_COG	0	1
group_6184	cloud	1	sin_COG	0	1
group_6183	cloud	1	sin_COG	0	1
group_6182	cloud	1	sin_COG	0	1
group_6181	cloud	1	sin_COG	0	1
group_6180	cloud	1	sin_COG	0	1
group_6179	cloud	1	sin_COG	0	1
group_6172	cloud	1	sin_COG	0	1
group_6158	cloud	1	sin_COG	0	1
group_6133	exclusivo	0	sin_COG	0	1
group_6126	cloud	1	sin_COG	0	1
group_6035	cloud	1	sin_COG	0	1
group_6030	cloud	1	sin_COG	0	1
group_6028	cloud	1	sin_COG	0	1
group_6027	cloud	1	sin_COG	0	1
group_6026	cloud	1	sin_COG	0	1
group_6025	cloud	1	sin_COG	0	1
group_6024	cloud	1	sin_COG	0	1
group_6023	cloud	1	sin_COG	0	1
group_6022	cloud	1	sin_COG	0	1
group_6021	cloud	1	sin_COG	0	1
group_6020	cloud	1	sin_COG	0	1
group_6019	cloud	1	sin_COG	0	1
group_6018	cloud	1	sin_COG	0	1
group_6017	cloud	1	sin_COG	0	1
group_6016	cloud	1	sin_COG	0	1
group_6015	cloud	1	sin_COG	0	1
group_6014	exclusivo	0	sin_COG	0	1
group_6012	cloud	1	sin_COG	0	1
group_6011	cloud	1	sin_COG	0	1
group_6010	cloud	1	sin_COG	0	1
group_6008	cloud	1	sin_COG	0	1
group_6007	cloud	1	sin_COG	0	1
group_6006	cloud	1	sin_COG	0	1
group_6005	cloud	1	sin_COG	0	1
group_6004	cloud	1	sin_COG	0	1
group_6003	cloud	1	sin_COG	0	1
group_6002	cloud	1	sin_COG	0	1
group_6001	cloud	1	sin_COG	0	1
group_6000	cloud	1	sin_COG	0	1
group_5999	cloud	1	sin_COG	0	1
group_5998	cloud	1	sin_COG	0	1
group_5997	cloud	1	sin_COG	0	1
group_5996	cloud	1	sin_COG	0	1
group_5995	cloud	1	sin_COG	0	1
group_5994	cloud	1	sin_COG	0	1
group_5986	cloud	1	sin_COG	0	1
group_5980	cloud	1	sin_COG	0	1
group_5979	cloud	1	sin_COG	0	1
group_5978	cloud	1	sin_COG	0	1
nodT	cloud	1	sin_COG	0	1
group_5977	cloud	1	sin_COG	0	1
group_5976	cloud	1	sin_COG	0	1
group_5975	cloud	1	sin_COG	0	1
group_5974	cloud	1	sin_COG	0	1
group_5973	cloud	1	sin_COG	0	1
group_5972	cloud	1	sin_COG	0	1
group_5971	cloud	1	sin_COG	0	1
group_5970	cloud	1	sin_COG	0	1
group_5969	cloud	1	sin_COG	0	1
group_5968	cloud	1	sin_COG	0	1
group_5967	cloud	1	sin_COG	0	1
group_5966	cloud	1	sin_COG	0	1
group_5965	cloud	1	sin_COG	0	1
group_5964	cloud	1	sin_COG	0	1
group_5963	cloud	1	sin_COG	0	1
group_5962	cloud	1	sin_COG	0	1
group_5961	cloud	1	sin_COG	0	1
group_5960	cloud	1	sin_COG	0	1
group_5959	cloud	1	sin_COG	0	1
group_5958	cloud	1	sin_COG	0	1
group_5957	cloud	1	sin_COG	0	1
group_5956	cloud	1	sin_COG	0	1
group_5955	cloud	1	sin_COG	0	1
group_5954	cloud	1	sin_COG	0	1
group_5953	cloud	1	sin_COG	0	1
group_5952	cloud	1	sin_COG	0	1
group_5951	cloud	1	sin_COG	0	1
group_5948	cloud	1	sin_COG	0	1
group_5946	cloud	1	sin_COG	0	1
group_5945	cloud	1	sin_COG	0	1
group_5944	cloud	1	sin_COG	0	1
group_5943	cloud	1	sin_COG	0	1
group_5933	cloud	1	sin_COG	0	1
group_5932	cloud	1	sin_COG	0	1
group_5930	cloud	1	sin_COG	0	1
group_5929	cloud	1	sin_COG	0	1
group_5928	cloud	1	sin_COG	0	1
group_5927	cloud	1	sin_COG	0	1
group_5926	cloud	1	sin_COG	0	1
group_5925	cloud	1	sin_COG	0	1
group_5924	cloud	1	sin_COG	0	1
group_5923	cloud	1	sin_COG	0	1
group_5922	cloud	1	sin_COG	0	1
group_5921	cloud	1	sin_COG	0	1
group_5920	cloud	1	sin_COG	0	1
group_5919	cloud	1	sin_COG	0	1
group_5918	cloud	1	sin_COG	0	1
group_5913	cloud	1	sin_COG	0	1
group_5910	cloud	1	sin_COG	0	1
group_5909	cloud	1	sin_COG	0	1
group_5908	cloud	1	sin_COG	0	1
group_5907	cloud	1	sin_COG	0	1
group_5906	cloud	1	sin_COG	0	1
group_5895	cloud	1	sin_COG	0	1
group_5891	cloud	1	sin_COG	0	1
group_5890	cloud	1	sin_COG	0	1
group_5888	cloud	1	sin_COG	0	1
group_5887	cloud	1	sin_COG	0	1
group_5886	cloud	1	sin_COG	0	1
group_5885	cloud	1	sin_COG	0	1
group_5884	cloud	1	sin_COG	0	1
group_5883	cloud	1	sin_COG	0	1
group_5882	cloud	1	sin_COG	0	1
group_5881	cloud	1	sin_COG	0	1
group_5880	cloud	1	sin_COG	0	1
group_5879	cloud	1	sin_COG	0	1
group_5878	cloud	1	sin_COG	0	1
group_5875	cloud	1	sin_COG	0	1
group_5873	cloud	1	sin_COG	0	1
group_5872	cloud	1	sin_COG	0	1
group_5871	cloud	1	sin_COG	0	1
group_5870	cloud	1	sin_COG	0	1
group_5869	cloud	1	sin_COG	0	1
group_5867	cloud	1	sin_COG	0	1
group_5866	cloud	1	sin_COG	0	1
group_5865	cloud	1	sin_COG	0	1
group_5864	cloud	1	sin_COG	0	1
group_5863	cloud	1	sin_COG	0	1
group_5862	cloud	1	sin_COG	0	1
group_5860	cloud	1	sin_COG	0	1
group_5859	cloud	1	sin_COG	0	1
group_5858	cloud	1	sin_COG	0	1
group_5857	cloud	1	sin_COG	0	1
group_5855	cloud	1	sin_COG	0	1
group_5852	cloud	1	sin_COG	0	1
group_5844	cloud	1	sin_COG	0	1
group_5842	cloud	1	sin_COG	0	1
group_5841	cloud	1	sin_COG	0	1
group_5840	cloud	1	sin_COG	0	1
group_5837	cloud	1	sin_COG	0	1
group_5836	cloud	1	sin_COG	0	1
group_5832	cloud	1	sin_COG	0	1
group_5831	cloud	1	sin_COG	0	1
group_5830	cloud	1	sin_COG	0	1
group_5812	cloud	1	sin_COG	0	1
group_5811	cloud	1	sin_COG	0	1
group_5810	cloud	1	sin_COG	0	1
group_5809	cloud	1	sin_COG	0	1
group_5808	cloud	1	sin_COG	0	1
group_5807	cloud	1	sin_COG	0	1
group_5806	cloud	1	sin_COG	0	1
group_5805	cloud	1	sin_COG	0	1
group_5804	cloud	1	sin_COG	0	1
group_5803	cloud	1	sin_COG	0	1
group_5802	cloud	1	sin_COG	0	1
group_5801	cloud	1	sin_COG	0	1
group_5800	cloud	1	sin_COG	0	1
group_5799	cloud	1	sin_COG	0	1
group_5798	cloud	1	sin_COG	0	1
group_5797	cloud	1	sin_COG	0	1
group_5796	cloud	1	sin_COG	0	1
group_5795	cloud	1	sin_COG	0	1
group_5794	cloud	1	sin_COG	0	1
yadA	cloud	1	sin_COG	0	1
group_5793	cloud	1	sin_COG	0	1
group_5791	cloud	1	sin_COG	0	1
group_5790	cloud	1	sin_COG	0	1
group_5789	cloud	1	sin_COG	0	1
group_5788	cloud	1	sin_COG	0	1
group_5786	cloud	1	sin_COG	0	1
group_5785	cloud	1	sin_COG	0	1
group_5784	cloud	1	sin_COG	0	1
group_5782	cloud	1	sin_COG	0	1
group_5781	cloud	1	sin_COG	0	1
group_5763	cloud	1	sin_COG	0	1
group_5762	cloud	1	sin_COG	0	1
group_5760	cloud	1	sin_COG	0	1
group_5759	cloud	1	sin_COG	0	1
group_5758	cloud	1	sin_COG	0	1
group_5757	cloud	1	sin_COG	0	1
group_5756	cloud	1	sin_COG	0	1
group_5755	cloud	1	sin_COG	0	1
group_5754	cloud	1	sin_COG	0	1
group_5753	cloud	1	sin_COG	0	1
group_5752	cloud	1	sin_COG	0	1
group_5751	cloud	1	sin_COG	0	1
group_5750	cloud	1	sin_COG	0	1
group_5744	cloud	1	sin_COG	0	1
group_5743	cloud	1	sin_COG	0	1
group_5742	cloud	1	sin_COG	0	1
group_5741	cloud	1	sin_COG	0	1
group_5740	cloud	1	sin_COG	0	1
group_5738	cloud	1	sin_COG	0	1
group_5737	cloud	1	sin_COG	0	1
group_5734	cloud	1	sin_COG	0	1
group_5733	cloud	1	sin_COG	0	1
group_5732	cloud	1	sin_COG	0	1
group_5731	cloud	1	sin_COG	0	1
group_5730	cloud	1	sin_COG	0	1
group_5729	cloud	1	sin_COG	0	1
group_5728	cloud	1	sin_COG	0	1
group_5727	cloud	1	sin_COG	0	1
group_5726	cloud	1	sin_COG	0	1
group_5725	cloud	1	sin_COG	0	1
group_5724	cloud	1	sin_COG	0	1
group_5723	cloud	1	sin_COG	0	1
group_5722	cloud	1	sin_COG	0	1
group_5721	cloud	1	sin_COG	0	1
group_5720	cloud	1	sin_COG	0	1
thsB	cloud	1	sin_COG	0	1
group_5719	cloud	1	sin_COG	0	1
group_5718	cloud	1	sin_COG	0	1
group_5717	cloud	1	sin_COG	0	1
group_5716	cloud	1	sin_COG	0	1
group_5715	cloud	1	sin_COG	0	1
group_5714	cloud	1	sin_COG	0	1
group_5713	cloud	1	sin_COG	0	1
group_5712	cloud	1	sin_COG	0	1
ybcC	cloud	1	sin_COG	0	1
group_5711	cloud	1	sin_COG	0	1
group_5710	cloud	1	sin_COG	0	1
group_5709	cloud	1	sin_COG	0	1
group_5708	cloud	1	sin_COG	0	1
group_5707	cloud	1	sin_COG	0	1
group_5706	cloud	1	sin_COG	0	1
group_5705	cloud	1	sin_COG	0	1
group_5704	cloud	1	sin_COG	0	1
group_5703	cloud	1	sin_COG	0	1
group_5559	cloud	1	sin_COG	0	1
group_3304	cloud	1	sin_COG	0	1
group_3260	cloud	1	sin_COG	0	1
group_3241	cloud	1	sin_COG	0	1
group_3240	cloud	1	sin_COG	0	1
group_3239	cloud	1	sin_COG	0	1
group_3238	cloud	1	sin_COG	0	1
dapB	cloud	1	sin_COG	0	1
group_3237	cloud	1	sin_COG	0	1
group_3236	cloud	1	O	1	1
group_3235	cloud	1	sin_COG	0	1
group_3234	cloud	1	sin_COG	0	1
group_3233	cloud	1	sin_COG	0	1
group_3232	cloud	1	sin_COG	0	1
ppc	cloud	1	sin_COG	0	1
group_3231	cloud	1	sin_COG	0	1
group_3230	cloud	1	sin_COG	0	1
group_3229	cloud	1	sin_COG	0	1
group_3228	cloud	1	sin_COG	0	1
group_3227	cloud	1	sin_COG	0	1
group_3226	cloud	1	sin_COG	0	1
group_3225	cloud	1	sin_COG	0	1
group_3224	cloud	1	sin_COG	0	1
group_3223	cloud	1	sin_COG	0	1
group_3222	cloud	1	sin_COG	0	1
ilvD	cloud	1	sin_COG	0	1
fmt	cloud	1	sin_COG	0	1
rsmB	cloud	1	sin_COG	0	1
zupT	cloud	1	sin_COG	0	1
group_3221	cloud	1	sin_COG	0	1
group_3220	cloud	1	sin_COG	0	1
group_3219	cloud	1	sin_COG	0	1
group_3218	cloud	1	sin_COG	0	1
group_3217	cloud	1	sin_COG	0	1
group_3216	cloud	1	sin_COG	0	1
group_3215	cloud	1	sin_COG	0	1
group_3214	cloud	1	sin_COG	0	1
group_3213	cloud	1	sin_COG	0	1
group_3212	cloud	1	sin_COG	0	1
group_3211	cloud	1	sin_COG	0	1
group_3210	cloud	1	sin_COG	0	1
group_3209	cloud	1	sin_COG	0	1
ribBA	cloud	1	sin_COG	0	1
ribE	cloud	1	H	1	1
nusB	cloud	1	K	1	1
thiL	cloud	1	sin_COG	0	1
group_3208	cloud	1	sin_COG	0	1
glmU	cloud	1	sin_COG	0	1
glmS	cloud	1	sin_COG	0	1
group_3207	cloud	1	sin_COG	0	1
galE	cloud	1	sin_COG	0	1
pgi	cloud	1	sin_COG	0	1
group_3206	cloud	1	sin_COG	0	1
galU	cloud	1	sin_COG	0	1
group_3205	cloud	1	sin_COG	0	1
pglD	cloud	1	sin_COG	0	1
group_3204	cloud	1	sin_COG	0	1
group_3203	cloud	1	sin_COG	0	1
group_3202	cloud	1	sin_COG	0	1
group_3201	cloud	1	sin_COG	0	1
group_3200	cloud	1	sin_COG	0	1
group_3199	cloud	1	sin_COG	0	1
group_3198	cloud	1	sin_COG	0	1
group_3197	cloud	1	sin_COG	0	1
group_3196	cloud	1	sin_COG	0	1
group_3195	cloud	1	sin_COG	0	1
queA	cloud	1	sin_COG	0	1
group_3194	cloud	1	sin_COG	0	1
group_3193	cloud	1	sin_COG	0	1
group_3192	cloud	1	sin_COG	0	1
group_3191	cloud	1	sin_COG	0	1
group_3190	cloud	1	sin_COG	0	1
group_3189	cloud	1	sin_COG	0	1
group_3188	cloud	1	sin_COG	0	1
group_3187	cloud	1	sin_COG	0	1
group_3186	cloud	1	sin_COG	0	1
group_3185	cloud	1	sin_COG	0	1
group_3184	cloud	1	sin_COG	0	1
group_3183	cloud	1	sin_COG	0	1
group_3182	cloud	1	sin_COG	0	1
group_3181	cloud	1	sin_COG	0	1
group_3180	cloud	1	sin_COG	0	1
group_3179	cloud	1	sin_COG	0	1
group_3178	cloud	1	sin_COG	0	1
group_3177	cloud	1	sin_COG	0	1
group_3176	cloud	1	sin_COG	0	1
group_3175	cloud	1	sin_COG	0	1
group_3174	cloud	1	sin_COG	0	1
group_3173	cloud	1	sin_COG	0	1
group_3172	cloud	1	sin_COG	0	1
group_3171	cloud	1	sin_COG	0	1
group_3170	cloud	1	sin_COG	0	1
group_3169	cloud	1	sin_COG	0	1
ltrA	cloud	1	sin_COG	0	1
group_3168	cloud	1	sin_COG	0	1
group_3167	cloud	1	sin_COG	0	1
group_3165	cloud	1	sin_COG	0	1
group_3164	cloud	1	sin_COG	0	1
group_3163	cloud	1	sin_COG	0	1
group_3162	cloud	1	sin_COG	0	1
group_3161	cloud	1	sin_COG	0	1
group_3160	cloud	1	sin_COG	0	1
group_3159	cloud	1	sin_COG	0	1
group_3158	cloud	1	sin_COG	0	1
group_3157	cloud	1	sin_COG	0	1
group_3156	cloud	1	sin_COG	0	1
group_3155	cloud	1	sin_COG	0	1
group_3154	cloud	1	sin_COG	0	1
group_3153	cloud	1	sin_COG	0	1
group_3152	cloud	1	sin_COG	0	1
group_3151	cloud	1	sin_COG	0	1
group_3150	cloud	1	sin_COG	0	1
group_3149	cloud	1	sin_COG	0	1
group_3148	cloud	1	sin_COG	0	1
group_3147	cloud	1	sin_COG	0	1
group_3146	cloud	1	sin_COG	0	1
group_3145	cloud	1	sin_COG	0	1
group_3144	cloud	1	sin_COG	0	1
group_3143	cloud	1	sin_COG	0	1
group_3142	cloud	1	sin_COG	0	1
group_3141	cloud	1	sin_COG	0	1
group_3140	cloud	1	sin_COG	0	1
group_3139	cloud	1	sin_COG	0	1
group_3138	cloud	1	sin_COG	0	1
group_3137	cloud	1	sin_COG	0	1
group_3136	cloud	1	sin_COG	0	1
group_3135	cloud	1	K	1	1
group_3134	cloud	1	sin_COG	0	1
group_3133	cloud	1	sin_COG	0	1
group_3132	cloud	1	X	1	1
aph4Ia	cloud	1	sin_COG	0	1
group_3131	cloud	1	sin_COG	0	1
group_3130	cloud	1	sin_COG	0	1
group_3129	cloud	1	sin_COG	0	1
group_3128	cloud	1	X	1	1
group_3127	cloud	1	sin_COG	0	1
spoIVCA	cloud	1	L	1	1
group_3126	cloud	1	sin_COG	0	1
group_3125	cloud	1	sin_COG	0	1
group_3124	cloud	1	sin_COG	0	1
floR	cloud	1	sin_COG	0	1
group_3123	cloud	1	K	1	1
group_3122	cloud	1	sin_COG	0	1
group_3121	cloud	1	sin_COG	0	1
group_3120	cloud	1	sin_COG	0	1
group_3119	cloud	1	sin_COG	0	1
group_3118	cloud	1	sin_COG	0	1
group_3117	cloud	1	sin_COG	0	1
group_3116	cloud	1	sin_COG	0	1
group_3115	cloud	1	sin_COG	0	1
group_3114	cloud	1	sin_COG	0	1
group_3113	cloud	1	sin_COG	0	1
group_3112	cloud	1	sin_COG	0	1
group_3111	cloud	1	sin_COG	0	1
group_3110	cloud	1	sin_COG	0	1
gatB	cloud	1	sin_COG	0	1
mreD	cloud	1	sin_COG	0	1
group_3109	cloud	1	sin_COG	0	1
group_3108	cloud	1	sin_COG	0	1
group_3107	cloud	1	sin_COG	0	1
group_3106	cloud	1	sin_COG	0	1
group_3105	cloud	1	sin_COG	0	1
group_3104	cloud	1	sin_COG	0	1
group_3103	cloud	1	sin_COG	0	1
group_3102	cloud	1	sin_COG	0	1
group_3101	cloud	1	sin_COG	0	1
group_3100	cloud	1	sin_COG	0	1
group_3099	cloud	1	sin_COG	0	1
group_3098	cloud	1	sin_COG	0	1
group_3097	cloud	1	sin_COG	0	1
group_3096	cloud	1	sin_COG	0	1
group_3095	cloud	1	sin_COG	0	1
group_3094	cloud	1	sin_COG	0	1
group_3093	cloud	1	sin_COG	0	1
group_3092	cloud	1	sin_COG	0	1
group_3091	cloud	1	sin_COG	0	1
group_3090	cloud	1	sin_COG	0	1
group_3089	cloud	1	sin_COG	0	1
group_3088	cloud	1	sin_COG	0	1
group_3087	cloud	1	sin_COG	0	1
group_3086	cloud	1	sin_COG	0	1
group_3085	cloud	1	sin_COG	0	1
group_3084	cloud	1	sin_COG	0	1
group_3083	cloud	1	sin_COG	0	1
group_3082	cloud	1	sin_COG	0	1
group_3081	cloud	1	sin_COG	0	1
group_3080	cloud	1	sin_COG	0	1
group_3079	cloud	1	sin_COG	0	1
group_3078	cloud	1	sin_COG	0	1
group_3077	cloud	1	sin_COG	0	1
group_3076	cloud	1	sin_COG	0	1
group_3075	cloud	1	sin_COG	0	1
group_3074	cloud	1	sin_COG	0	1
group_3073	cloud	1	sin_COG	0	1
group_3072	cloud	1	sin_COG	0	1
group_3071	cloud	1	sin_COG	0	1
group_3070	cloud	1	sin_COG	0	1
group_3069	cloud	1	sin_COG	0	1
group_3068	cloud	1	sin_COG	0	1
group_3067	cloud	1	sin_COG	0	1
group_3066	cloud	1	sin_COG	0	1
group_3065	cloud	1	sin_COG	0	1
group_3062	cloud	1	sin_COG	0	0
group_3061	cloud	1	sin_COG	0	1
group_3060	cloud	1	sin_COG	0	1
group_3056	cloud	1	sin_COG	0	1
group_3055	cloud	1	sin_COG	0	1
group_3049	cloud	1	sin_COG	0	1
group_3047	cloud	1	sin_COG	0	1
group_3046	cloud	1	sin_COG	0	1
group_3045	cloud	1	sin_COG	0	1
group_3043	cloud	1	sin_COG	0	1
group_3041	cloud	1	sin_COG	0	1
group_3040	cloud	1	sin_COG	0	1
group_3038	cloud	1	sin_COG	0	1
group_3034	cloud	1	sin_COG	0	1
group_3033	cloud	1	sin_COG	0	1
group_3030	cloud	1	sin_COG	0	1
group_3028	cloud	1	sin_COG	0	1
group_3027	cloud	1	sin_COG	0	1
group_3026	cloud	1	sin_COG	0	1
group_3025	cloud	1	sin_COG	0	1
group_3023	cloud	1	sin_COG	0	1
group_3022	cloud	1	sin_COG	0	1
group_3021	cloud	1	sin_COG	0	1
group_3020	cloud	1	sin_COG	0	1
group_3018	cloud	1	sin_COG	0	1
group_3016	cloud	1	sin_COG	0	1
group_3015	cloud	1	sin_COG	0	1
group_3012	cloud	1	sin_COG	0	1
group_3011	cloud	1	sin_COG	0	1
group_3009	cloud	1	sin_COG	0	1
group_3008	cloud	1	sin_COG	0	1
group_3007	cloud	1	sin_COG	0	1
group_3004	cloud	1	sin_COG	0	1
group_3002	cloud	1	sin_COG	0	1
group_3000	cloud	1	sin_COG	0	1
group_2999	exclusivo	0	sin_COG	0	1
group_2998	cloud	1	sin_COG	0	1
group_2996	cloud	1	sin_COG	0	1
group_2994	cloud	1	sin_COG	0	1
group_2991	cloud	1	sin_COG	0	1
group_2990	cloud	1	sin_COG	0	1
group_2988	cloud	1	sin_COG	0	1
group_2987	cloud	1	sin_COG	0	1
group_2986	cloud	1	sin_COG	0	1
group_2984	cloud	1	sin_COG	0	1
group_2982	cloud	1	sin_COG	0	1
group_2981	cloud	1	sin_COG	0	1
group_2980	cloud	1	sin_COG	0	1
group_2979	cloud	1	sin_COG	0	1
group_2978	cloud	1	sin_COG	0	1
group_2975	cloud	1	sin_COG	0	1
group_2974	cloud	1	sin_COG	0	1
group_2972	cloud	1	sin_COG	0	1
group_2971	cloud	1	sin_COG	0	1
group_2970	cloud	1	sin_COG	0	1
group_2969	cloud	1	sin_COG	0	1
group_2966	cloud	1	sin_COG	0	1
group_2964	cloud	1	sin_COG	0	1
group_2963	cloud	1	sin_COG	0	1
group_2961	cloud	1	sin_COG	0	1
group_2960	cloud	1	sin_COG	0	1
group_2959	cloud	1	sin_COG	0	1
group_2958	cloud	1	sin_COG	0	1
group_2957	cloud	1	sin_COG	0	1
group_2956	cloud	1	sin_COG	0	1
group_2955	cloud	1	sin_COG	0	1
group_2954	cloud	1	sin_COG	0	1
group_2953	cloud	1	sin_COG	0	1
group_2952	cloud	1	sin_COG	0	1
group_2951	cloud	1	sin_COG	0	1
group_2950	cloud	1	sin_COG	0	1
group_2948	cloud	1	sin_COG	0	1
group_2945	cloud	1	sin_COG	0	1
group_2944	cloud	1	sin_COG	0	1
group_2942	cloud	1	sin_COG	0	1
group_2941	cloud	1	sin_COG	0	1
group_2939	exclusivo	0	sin_COG	0	1
group_2938	cloud	1	sin_COG	0	1
group_2937	cloud	1	sin_COG	0	1
group_2936	cloud	1	sin_COG	0	1
group_2935	cloud	1	sin_COG	0	1
group_2934	cloud	1	sin_COG	0	1
group_2933	cloud	1	sin_COG	0	1
group_2932	cloud	1	sin_COG	0	1
group_2931	cloud	1	sin_COG	0	1
group_2930	cloud	1	sin_COG	0	1
group_2929	cloud	1	sin_COG	0	1
group_2928	exclusivo	0	sin_COG	0	1
group_2927	cloud	1	sin_COG	0	1
group_2926	cloud	1	sin_COG	0	1
group_2925	cloud	1	sin_COG	0	1
group_2924	cloud	1	sin_COG	0	1
group_2923	cloud	1	sin_COG	0	1
group_2922	cloud	1	sin_COG	0	1
group_2921	cloud	1	sin_COG	0	1
group_2920	cloud	1	sin_COG	0	1
group_2916	cloud	1	sin_COG	0	1
group_2915	cloud	1	sin_COG	0	1
group_2913	cloud	1	sin_COG	0	1
group_2911	cloud	1	sin_COG	0	1
group_2910	cloud	1	sin_COG	0	1
group_2909	cloud	1	sin_COG	0	1
group_2907	cloud	1	sin_COG	0	1
group_2906	cloud	1	sin_COG	0	1
group_2905	cloud	1	sin_COG	0	1
group_2904	cloud	1	sin_COG	0	1
group_2903	cloud	1	sin_COG	0	1
group_2900	cloud	1	sin_COG	0	1
group_2899	cloud	1	sin_COG	0	1
group_2898	cloud	1	sin_COG	0	1
group_2897	cloud	1	sin_COG	0	1
vbhA	cloud	1	sin_COG	0	1
group_2894	cloud	1	sin_COG	0	1
group_2893	cloud	1	sin_COG	0	1
group_2892	cloud	1	sin_COG	0	1
group_2891	cloud	1	sin_COG	0	1
group_2890	cloud	1	sin_COG	0	1
group_2888	cloud	1	sin_COG	0	1
group_2887	cloud	1	sin_COG	0	1
group_2886	cloud	1	sin_COG	0	1
group_2884	cloud	1	sin_COG	0	1
group_2882	cloud	1	sin_COG	0	1
group_2881	cloud	1	sin_COG	0	1
group_2878	cloud	1	sin_COG	0	1
group_2874	cloud	1	sin_COG	0	1
group_2873	cloud	1	sin_COG	0	1
group_2872	cloud	1	sin_COG	0	1
group_2870	cloud	1	sin_COG	0	1
group_2869	cloud	1	sin_COG	0	1
group_2868	cloud	1	sin_COG	0	1
hicA	cloud	1	sin_COG	0	1
group_2865	exclusivo	0	sin_COG	0	1
group_2863	cloud	1	sin_COG	0	1
group_2862	cloud	1	sin_COG	0	1
group_2860	cloud	1	sin_COG	0	1
group_2859	cloud	1	sin_COG	0	1
group_2857	cloud	1	sin_COG	0	1
group_2856	cloud	1	sin_COG	0	1
group_2855	cloud	1	sin_COG	0	1
group_2854	cloud	1	sin_COG	0	1
group_2853	cloud	1	sin_COG	0	1
group_2852	cloud	1	sin_COG	0	1
group_2851	cloud	1	sin_COG	0	1
group_2850	cloud	1	sin_COG	0	1
group_2849	cloud	1	sin_COG	0	1
group_2847	cloud	1	sin_COG	0	1
group_2843	exclusivo	0	sin_COG	0	1
group_2842	cloud	1	sin_COG	0	1
group_2840	cloud	1	sin_COG	0	1
group_2839	cloud	1	sin_COG	0	1
group_2838	cloud	1	sin_COG	0	1
group_2835	exclusivo	0	sin_COG	0	1
group_2834	cloud	1	sin_COG	0	1
group_2833	cloud	1	sin_COG	0	1
group_2832	cloud	1	sin_COG	0	1
group_2831	cloud	1	sin_COG	0	1
group_2830	cloud	1	sin_COG	0	1
group_2829	cloud	1	sin_COG	0	1
group_2828	cloud	1	sin_COG	0	1
group_2827	cloud	1	sin_COG	0	1
tniQ	cloud	1	sin_COG	0	1
group_2826	cloud	1	sin_COG	0	1
group_2825	cloud	1	sin_COG	0	1
group_2822	cloud	1	sin_COG	0	1
group_2821	cloud	1	sin_COG	0	1
group_2820	cloud	1	sin_COG	0	1
group_2816	cloud	1	sin_COG	0	1
group_2815	cloud	1	sin_COG	0	1
group_2813	cloud	1	sin_COG	0	1
group_2809	cloud	1	sin_COG	0	1
group_2808	cloud	1	sin_COG	0	1
group_2807	cloud	1	sin_COG	0	1
group_2805	cloud	1	sin_COG	0	1
group_2801	cloud	1	sin_COG	0	1
group_2800	cloud	1	sin_COG	0	1
group_2799	cloud	1	sin_COG	0	1
group_2798	cloud	1	sin_COG	0	1
group_2797	cloud	1	sin_COG	0	1
group_2795	cloud	1	sin_COG	0	1
group_2794	cloud	1	sin_COG	0	1
group_2793	cloud	1	sin_COG	0	1
group_2792	cloud	1	sin_COG	0	1
group_2791	cloud	1	sin_COG	0	1
group_2790	cloud	1	sin_COG	0	1
group_2789	cloud	1	sin_COG	0	1
group_2788	cloud	1	sin_COG	0	1
group_2785	cloud	1	sin_COG	0	1
group_2784	cloud	1	sin_COG	0	1
group_2783	cloud	1	sin_COG	0	1
group_2782	cloud	1	sin_COG	0	1
group_2780	exclusivo	0	sin_COG	0	1
group_2779	exclusivo	0	sin_COG	0	1
group_2778	cloud	1	sin_COG	0	1
group_2777	cloud	1	sin_COG	0	1
group_2776	cloud	1	sin_COG	0	1
group_2775	cloud	1	sin_COG	0	1
group_2774	cloud	1	sin_COG	0	1
group_2773	cloud	1	sin_COG	0	1
group_2772	cloud	1	sin_COG	0	1
group_2771	cloud	1	sin_COG	0	1
group_2770	cloud	1	sin_COG	0	1
group_2769	cloud	1	sin_COG	0	1
group_2768	cloud	1	sin_COG	0	1
group_2767	cloud	1	sin_COG	0	1
group_2766	cloud	1	sin_COG	0	1
group_2765	cloud	1	sin_COG	0	1
group_2763	cloud	1	sin_COG	0	1
group_2762	cloud	1	sin_COG	0	1
group_2761	cloud	1	sin_COG	0	1
group_2760	cloud	1	sin_COG	0	1
group_2758	cloud	1	sin_COG	0	1
group_2757	cloud	1	sin_COG	0	1
group_2753	cloud	1	sin_COG	0	1
group_2751	cloud	1	sin_COG	0	1
gatC	cloud	1	sin_COG	0	1
group_2746	cloud	1	sin_COG	0	1
group_2745	cloud	1	sin_COG	0	1
group_2744	cloud	1	sin_COG	0	1
group_2743	cloud	1	sin_COG	0	1
group_2742	cloud	1	sin_COG	0	1
group_2741	cloud	1	sin_COG	0	1
group_2740	cloud	1	sin_COG	0	1
group_2739	cloud	1	sin_COG	0	1
group_2737	cloud	1	sin_COG	0	1
group_2731	exclusivo	0	sin_COG	0	1
group_2730	cloud	1	sin_COG	0	1
group_2729	cloud	1	sin_COG	0	1
group_2728	cloud	1	sin_COG	0	1
group_2727	cloud	1	sin_COG	0	1
group_2726	cloud	1	sin_COG	0	1
group_2724	cloud	1	sin_COG	0	1
group_2723	cloud	1	sin_COG	0	1
group_2720	cloud	1	sin_COG	0	1
group_2719	cloud	1	sin_COG	0	1
group_2717	cloud	1	sin_COG	0	1
group_2716	cloud	1	sin_COG	0	1
group_2715	cloud	1	sin_COG	0	1
group_2714	cloud	1	sin_COG	0	1
group_2713	cloud	1	sin_COG	0	1
group_2712	cloud	1	sin_COG	0	1
group_2711	cloud	1	sin_COG	0	1
group_2710	cloud	1	sin_COG	0	1
group_2709	cloud	1	sin_COG	0	1
group_2708	cloud	1	sin_COG	0	1
group_2707	cloud	1	sin_COG	0	1
group_2706	cloud	1	sin_COG	0	1
group_2705	cloud	1	sin_COG	0	1
group_2704	cloud	1	sin_COG	0	1
group_2703	cloud	1	sin_COG	0	1
group_2702	cloud	1	sin_COG	0	1
group_2701	cloud	1	sin_COG	0	1
group_2700	cloud	1	sin_COG	0	1
group_2698	cloud	1	sin_COG	0	1
group_2697	cloud	1	sin_COG	0	1
group_2696	cloud	1	sin_COG	0	1
group_2695	cloud	1	sin_COG	0	1
group_2694	cloud	1	sin_COG	0	1
group_2693	cloud	1	sin_COG	0	1
group_2692	cloud	1	sin_COG	0	1
group_2691	cloud	1	sin_COG	0	1
group_2690	cloud	1	sin_COG	0	1
group_2686	cloud	1	sin_COG	0	1
group_2685	cloud	1	sin_COG	0	1
group_2683	cloud	1	sin_COG	0	1
group_2682	cloud	1	sin_COG	0	1
group_2681	cloud	1	sin_COG	0	1
group_2680	cloud	1	sin_COG	0	1
group_2678	cloud	1	sin_COG	0	1
group_2675	cloud	1	sin_COG	0	1
group_2673	cloud	1	sin_COG	0	1
group_2670	cloud	1	sin_COG	0	1
group_2669	cloud	1	sin_COG	0	1
group_2668	cloud	1	sin_COG	0	1
group_2667	cloud	1	sin_COG	0	1
group_2666	cloud	1	sin_COG	0	1
group_2665	cloud	1	sin_COG	0	1
group_2663	cloud	1	sin_COG	0	1
group_2661	cloud	1	sin_COG	0	1
group_2659	cloud	1	sin_COG	0	1
group_2658	cloud	1	sin_COG	0	1
group_2657	cloud	1	sin_COG	0	1
group_2656	cloud	1	sin_COG	0	1
group_2653	cloud	1	sin_COG	0	1
group_2652	cloud	1	sin_COG	0	1
group_2651	cloud	1	sin_COG	0	1
group_2650	cloud	1	sin_COG	0	1
group_2647	cloud	1	sin_COG	0	1
group_2646	cloud	1	sin_COG	0	1
group_2645	cloud	1	sin_COG	0	1
group_2644	cloud	1	sin_COG	0	1
group_2643	cloud	1	sin_COG	0	1
group_2642	cloud	1	sin_COG	0	1
group_2640	cloud	1	sin_COG	0	1
group_2639	cloud	1	sin_COG	0	1
group_2635	exclusivo	0	sin_COG	0	1
group_2634	cloud	1	sin_COG	0	1
group_2633	cloud	1	sin_COG	0	1
group_2632	cloud	1	sin_COG	0	1
group_2631	cloud	1	sin_COG	0	1
group_2630	cloud	1	sin_COG	0	1
group_2629	cloud	1	sin_COG	0	1
group_2627	cloud	1	sin_COG	0	1
group_2624	cloud	1	sin_COG	0	1
group_2623	cloud	1	sin_COG	0	1
group_2622	cloud	1	sin_COG	0	1
group_2621	cloud	1	sin_COG	0	1
group_2620	cloud	1	sin_COG	0	1
group_2619	cloud	1	sin_COG	0	1
group_2617	cloud	1	sin_COG	0	1
group_2613	cloud	1	sin_COG	0	1
group_2611	cloud	1	sin_COG	0	1
group_2610	cloud	1	sin_COG	0	1
group_2609	cloud	1	sin_COG	0	1
group_2608	cloud	1	sin_COG	0	1
group_2607	cloud	1	sin_COG	0	1
group_2606	cloud	1	sin_COG	0	1
group_2603	exclusivo	0	sin_COG	0	1
group_2600	cloud	1	sin_COG	0	1
group_2598	cloud	1	sin_COG	0	1
group_2597	cloud	1	sin_COG	0	1
group_2596	cloud	1	sin_COG	0	1
group_2594	cloud	1	sin_COG	0	1
group_2592	cloud	1	sin_COG	0	1
group_2589	cloud	1	sin_COG	0	1
merD	cloud	1	sin_COG	0	1
group_2588	cloud	1	sin_COG	0	1
group_2587	cloud	1	sin_COG	0	1
group_2583	cloud	1	sin_COG	0	1
group_2582	cloud	1	sin_COG	0	1
group_2580	cloud	1	sin_COG	0	1
group_2578	cloud	1	sin_COG	0	1
group_2577	cloud	1	sin_COG	0	1
group_2576	cloud	1	sin_COG	0	1
group_2575	cloud	1	sin_COG	0	1
group_2573	cloud	1	sin_COG	0	1
group_2572	cloud	1	sin_COG	0	1
group_2571	cloud	1	sin_COG	0	1
group_2568	cloud	1	sin_COG	0	1
group_2567	cloud	1	sin_COG	0	1
group_2566	cloud	1	sin_COG	0	1
group_2565	cloud	1	sin_COG	0	1
group_2564	cloud	1	sin_COG	0	1
group_2561	cloud	1	sin_COG	0	1
group_2555	cloud	1	sin_COG	0	1
group_2551	exclusivo	0	sin_COG	0	1
group_2550	cloud	1	sin_COG	0	1
group_2549	cloud	1	sin_COG	0	1
group_2547	cloud	1	sin_COG	0	1
group_2545	cloud	1	sin_COG	0	1
hicB	cloud	1	sin_COG	0	1
sinR	cloud	1	sin_COG	0	1
group_2544	cloud	1	sin_COG	0	1
group_2543	cloud	1	sin_COG	0	1
group_2542	cloud	1	sin_COG	0	1
group_2541	cloud	1	sin_COG	0	1
group_2540	cloud	1	sin_COG	0	1
group_2537	cloud	1	sin_COG	0	1
group_2534	cloud	1	sin_COG	0	1
group_2533	cloud	1	sin_COG	0	1
group_2530	cloud	1	sin_COG	0	1
group_2528	cloud	1	sin_COG	0	1
group_2527	cloud	1	sin_COG	0	1
group_2526	cloud	1	sin_COG	0	1
group_2523	cloud	1	sin_COG	0	1
group_2522	cloud	1	sin_COG	0	1
group_2521	cloud	1	sin_COG	0	1
group_2520	cloud	1	sin_COG	0	1
group_2519	cloud	1	sin_COG	0	1
group_2517	cloud	1	sin_COG	0	1
group_2515	cloud	1	sin_COG	0	1
group_2514	cloud	1	sin_COG	0	1
group_2513	cloud	1	sin_COG	0	1
group_2511	cloud	1	sin_COG	0	1
group_2510	cloud	1	sin_COG	0	1
group_2509	cloud	1	sin_COG	0	1
group_2508	cloud	1	sin_COG	0	1
group_2506	cloud	1	sin_COG	0	1
group_2505	cloud	1	sin_COG	0	1
group_2504	cloud	1	sin_COG	0	1
group_2502	cloud	1	sin_COG	0	1
group_2501	cloud	1	sin_COG	0	1
group_2500	cloud	1	sin_COG	0	1
group_2499	cloud	1	sin_COG	0	1
group_2498	cloud	1	sin_COG	0	1
group_2497	cloud	1	sin_COG	0	1
group_2495	cloud	1	sin_COG	0	1
group_2493	cloud	1	sin_COG	0	1
group_2491	cloud	1	sin_COG	0	1
group_2489	cloud	1	sin_COG	0	1
group_2488	cloud	1	sin_COG	0	1
catC	cloud	1	sin_COG	0	1
group_2485	cloud	1	sin_COG	0	1
group_2483	cloud	1	sin_COG	0	1
group_2482	cloud	1	sin_COG	0	1
group_2481	cloud	1	sin_COG	0	1
group_2478	cloud	1	sin_COG	0	1
group_2477	cloud	1	sin_COG	0	1
group_2476	cloud	1	sin_COG	0	1
group_2475	cloud	1	sin_COG	0	1
group_2474	cloud	1	sin_COG	0	1
group_2473	exclusivo	0	sin_COG	0	1
group_2472	cloud	1	sin_COG	0	1
group_2471	cloud	1	sin_COG	0	1
group_2470	cloud	1	sin_COG	0	1
group_2469	cloud	1	sin_COG	0	1
group_2468	cloud	1	sin_COG	0	1
group_2466	cloud	1	sin_COG	0	1
group_2463	cloud	1	sin_COG	0	1
group_2462	cloud	1	sin_COG	0	1
group_2459	cloud	1	sin_COG	0	1
group_2458	cloud	1	sin_COG	0	1
group_2457	cloud	1	sin_COG	0	1
group_2456	cloud	1	sin_COG	0	1
group_2455	cloud	1	sin_COG	0	1
group_2454	cloud	1	sin_COG	0	1
group_2453	cloud	1	sin_COG	0	1
prtN	cloud	1	sin_COG	0	1
group_2452	cloud	1	sin_COG	0	1
group_2451	cloud	1	sin_COG	0	1
group_2449	cloud	1	sin_COG	0	1
group_2441	cloud	1	sin_COG	0	1
group_2440	cloud	1	sin_COG	0	1
group_2437	cloud	1	sin_COG	0	1
group_2436	cloud	1	sin_COG	0	1
group_2434	exclusivo	0	sin_COG	0	1
group_2433	cloud	1	sin_COG	0	1
group_2432	cloud	1	sin_COG	0	1
group_2431	cloud	1	sin_COG	0	1
group_2429	cloud	1	sin_COG	0	1
group_2428	cloud	1	sin_COG	0	1
group_2427	cloud	1	sin_COG	0	1
group_2426	cloud	1	sin_COG	0	1
group_2420	cloud	1	sin_COG	0	1
group_2416	cloud	1	sin_COG	0	1
group_2415	cloud	1	sin_COG	0	1
group_2414	cloud	1	sin_COG	0	1
group_2412	cloud	1	sin_COG	0	1
group_2411	cloud	1	sin_COG	0	1
group_2410	cloud	1	sin_COG	0	1
group_2407	cloud	1	sin_COG	0	1
group_2406	cloud	1	sin_COG	0	1
group_2403	exclusivo	0	sin_COG	0	1
group_2402	cloud	1	sin_COG	0	1
brnT	cloud	1	sin_COG	0	1
group_2400	cloud	1	sin_COG	0	1
group_2399	cloud	1	sin_COG	0	1
group_2398	cloud	1	sin_COG	0	1
group_2396	cloud	1	sin_COG	0	1
group_2393	cloud	1	sin_COG	0	1
group_2392	cloud	1	sin_COG	0	1
group_2389	cloud	1	sin_COG	0	1
group_2388	cloud	1	sin_COG	0	1
group_2387	cloud	1	sin_COG	0	1
group_2385	cloud	1	sin_COG	0	1
group_2383	cloud	1	sin_COG	0	1
group_2382	cloud	1	sin_COG	0	1
group_2379	exclusivo	0	sin_COG	0	1
group_2378	cloud	1	sin_COG	0	1
group_2377	cloud	1	sin_COG	0	1
group_2376	cloud	1	sin_COG	0	1
group_2374	cloud	1	sin_COG	0	1
group_2373	cloud	1	sin_COG	0	1
group_2372	cloud	1	sin_COG	0	1
group_2371	exclusivo	0	sin_COG	0	1
group_2370	exclusivo	0	sin_COG	0	1
group_2369	cloud	1	sin_COG	0	1
group_2368	cloud	1	sin_COG	0	1
group_2366	cloud	1	sin_COG	0	1
group_2365	cloud	1	sin_COG	0	1
group_2364	cloud	1	sin_COG	0	1
group_2363	cloud	1	sin_COG	0	1
group_2360	cloud	1	sin_COG	0	1
group_2359	cloud	1	sin_COG	0	1
group_2358	cloud	1	sin_COG	0	1
group_2356	cloud	1	sin_COG	0	1
group_2355	cloud	1	sin_COG	0	1
group_2354	cloud	1	sin_COG	0	1
group_2350	exclusivo	0	sin_COG	0	1
group_2349	cloud	1	sin_COG	0	1
group_2348	cloud	1	sin_COG	0	1
group_2347	cloud	1	sin_COG	0	1
group_2346	cloud	1	sin_COG	0	1
group_2344	cloud	1	sin_COG	0	1
group_2343	cloud	1	sin_COG	0	1
group_2340	cloud	1	sin_COG	0	1
group_2338	cloud	1	sin_COG	0	1
group_2337	cloud	1	sin_COG	0	1
group_2333	cloud	1	sin_COG	0	1
group_2332	cloud	1	sin_COG	0	1
group_2331	cloud	1	sin_COG	0	1
group_2330	cloud	1	sin_COG	0	1
group_2328	cloud	1	sin_COG	0	1
group_2322	cloud	1	sin_COG	0	1
group_2321	cloud	1	sin_COG	0	1
group_2320	cloud	1	sin_COG	0	1
group_2319	cloud	1	sin_COG	0	1
group_2318	cloud	1	sin_COG	0	1
group_2316	cloud	1	sin_COG	0	1
group_2314	cloud	1	sin_COG	0	1
group_2313	cloud	1	sin_COG	0	1
group_2312	cloud	1	sin_COG	0	1
group_2311	cloud	1	sin_COG	0	1
group_2310	cloud	1	sin_COG	0	1
group_2309	cloud	1	sin_COG	0	1
group_2308	cloud	1	sin_COG	0	1
group_2307	cloud	1	sin_COG	0	1
group_2306	cloud	1	sin_COG	0	1
group_2305	cloud	1	sin_COG	0	1
group_2304	cloud	1	sin_COG	0	1
group_2300	cloud	1	sin_COG	0	1
group_2298	cloud	1	sin_COG	0	1
group_2297	cloud	1	sin_COG	0	1
group_2296	cloud	1	sin_COG	0	1
group_2295	cloud	1	sin_COG	0	1
group_2294	cloud	1	sin_COG	0	1
group_2292	cloud	1	sin_COG	0	1
group_2291	cloud	1	sin_COG	0	1
group_2290	cloud	1	sin_COG	0	1
group_2289	cloud	1	sin_COG	0	1
group_2287	cloud	1	sin_COG	0	1
group_2286	cloud	1	sin_COG	0	1
group_2285	cloud	1	sin_COG	0	1
group_2284	cloud	1	sin_COG	0	1
group_2283	cloud	1	sin_COG	0	1
group_2282	cloud	1	sin_COG	0	1
group_2281	cloud	1	sin_COG	0	1
group_2278	cloud	1	sin_COG	0	1
group_2277	cloud	1	sin_COG	0	1
group_2275	cloud	1	sin_COG	0	1
group_2274	cloud	1	sin_COG	0	1
group_2273	cloud	1	sin_COG	0	1
group_2272	cloud	1	sin_COG	0	1
group_2269	cloud	1	sin_COG	0	1
avd	cloud	1	sin_COG	0	1
group_2265	cloud	1	sin_COG	0	1
group_2264	cloud	1	sin_COG	0	1
group_2263	cloud	1	sin_COG	0	1
group_2262	cloud	1	sin_COG	0	1
group_2261	cloud	1	sin_COG	0	1
group_2260	cloud	1	sin_COG	0	1
group_2259	cloud	1	sin_COG	0	1
group_2258	cloud	1	sin_COG	0	1
group_2257	cloud	1	sin_COG	0	1
group_2256	cloud	1	sin_COG	0	1
group_2253	cloud	1	sin_COG	0	1
group_2252	cloud	1	sin_COG	0	1
group_2251	cloud	1	sin_COG	0	1
group_2249	cloud	1	sin_COG	0	1
group_2248	cloud	1	sin_COG	0	1
group_2246	cloud	1	sin_COG	0	1
group_2245	exclusivo	0	sin_COG	0	1
group_2244	cloud	1	sin_COG	0	1
group_2243	cloud	1	sin_COG	0	1
group_2242	cloud	1	sin_COG	0	1
group_2241	cloud	1	sin_COG	0	1
group_2240	cloud	1	sin_COG	0	1
group_2239	cloud	1	sin_COG	0	1
group_2238	exclusivo	0	sin_COG	0	1
group_2237	exclusivo	0	sin_COG	0	1
group_2236	exclusivo	0	sin_COG	0	1
group_2234	cloud	1	sin_COG	0	1
group_2233	cloud	1	sin_COG	0	1
group_2229	cloud	1	sin_COG	0	1
group_2228	cloud	1	sin_COG	0	1
group_2227	cloud	1	sin_COG	0	1
group_2222	cloud	1	sin_COG	0	1
group_2221	cloud	1	sin_COG	0	1
group_2220	cloud	1	sin_COG	0	1
group_2219	cloud	1	sin_COG	0	1
group_2218	cloud	1	sin_COG	0	1
group_2217	cloud	1	sin_COG	0	1
group_2215	cloud	1	sin_COG	0	1
group_2213	exclusivo	0	sin_COG	0	1
group_2212	exclusivo	0	sin_COG	0	1
group_2211	cloud	1	sin_COG	0	1
group_2210	cloud	1	sin_COG	0	1
group_2208	cloud	1	sin_COG	0	1
group_2207	cloud	1	sin_COG	0	1
group_2206	cloud	1	sin_COG	0	1
thrH	cloud	1	sin_COG	0	1
group_2205	cloud	1	sin_COG	0	1
group_2203	cloud	1	sin_COG	0	1
group_2201	cloud	1	sin_COG	0	1
group_2200	cloud	1	sin_COG	0	1
group_2199	cloud	1	sin_COG	0	1
group_2198	cloud	1	sin_COG	0	1
group_2195	cloud	1	sin_COG	0	1
group_2194	cloud	1	sin_COG	0	1
group_2193	cloud	1	sin_COG	0	1
group_2190	cloud	1	sin_COG	0	1
group_2189	cloud	1	sin_COG	0	1
group_2188	cloud	1	sin_COG	0	1
group_2187	cloud	1	sin_COG	0	1
group_2184	cloud	1	sin_COG	0	1
group_2183	cloud	1	sin_COG	0	1
group_2182	cloud	1	sin_COG	0	1
group_2181	cloud	1	sin_COG	0	1
group_2179	cloud	1	sin_COG	0	1
group_2178	cloud	1	sin_COG	0	1
group_2177	cloud	1	sin_COG	0	1
group_2176	cloud	1	sin_COG	0	1
group_2175	cloud	1	sin_COG	0	1
group_2173	cloud	1	sin_COG	0	1
group_2172	cloud	1	sin_COG	0	1
group_2169	exclusivo	0	sin_COG	0	1
group_2168	cloud	1	sin_COG	0	1
group_2167	cloud	1	sin_COG	0	1
group_2166	cloud	1	sin_COG	0	1
group_2165	cloud	1	sin_COG	0	1
group_2164	cloud	1	sin_COG	0	1
group_2163	cloud	1	sin_COG	0	1
group_2160	cloud	1	sin_COG	0	1
group_2159	cloud	1	sin_COG	0	1
group_2156	cloud	1	sin_COG	0	1
group_2155	cloud	1	sin_COG	0	1
group_2154	cloud	1	sin_COG	0	1
group_2153	cloud	1	sin_COG	0	1
group_2152	cloud	1	sin_COG	0	1
group_2150	cloud	1	sin_COG	0	1
group_2149	cloud	1	sin_COG	0	1
group_2148	cloud	1	sin_COG	0	1
lprI	cloud	1	sin_COG	0	1
group_2145	cloud	1	sin_COG	0	1
group_2144	cloud	1	sin_COG	0	1
group_2143	cloud	1	sin_COG	0	1
group_2141	cloud	1	sin_COG	0	1
group_2140	cloud	1	sin_COG	0	1
group_2139	cloud	1	sin_COG	0	1
paaI	cloud	1	sin_COG	0	1
group_2136	cloud	1	sin_COG	0	1
group_2130	cloud	1	sin_COG	0	1
group_2129	cloud	1	sin_COG	0	1
group_2128	cloud	1	sin_COG	0	1
group_2127	cloud	1	sin_COG	0	1
group_2126	cloud	1	sin_COG	0	1
group_2124	cloud	1	sin_COG	0	1
group_2123	cloud	1	sin_COG	0	1
group_2120	cloud	1	sin_COG	0	1
group_2119	cloud	1	sin_COG	0	1
group_2118	cloud	1	sin_COG	0	1
group_2117	cloud	1	sin_COG	0	1
group_2116	cloud	1	sin_COG	0	1
group_2115	cloud	1	sin_COG	0	1
group_2114	cloud	1	sin_COG	0	1
group_2112	cloud	1	sin_COG	0	1
group_2111	cloud	1	sin_COG	0	1
group_2110	cloud	1	sin_COG	0	1
group_2108	cloud	1	sin_COG	0	1
group_2107	cloud	1	sin_COG	0	1
group_2106	cloud	1	sin_COG	0	1
group_2105	cloud	1	sin_COG	0	1
group_2104	cloud	1	sin_COG	0	1
group_2103	cloud	1	sin_COG	0	1
group_2102	cloud	1	sin_COG	0	1
group_2101	cloud	1	sin_COG	0	1
group_2100	cloud	1	sin_COG	0	1
group_2099	cloud	1	sin_COG	0	1
group_2098	cloud	1	sin_COG	0	1
group_2097	cloud	1	sin_COG	0	1
group_2095	exclusivo	0	sin_COG	0	1
group_2094	cloud	1	sin_COG	0	1
group_2093	cloud	1	sin_COG	0	1
group_2091	cloud	1	sin_COG	0	1
group_2090	cloud	1	sin_COG	0	1
group_2089	cloud	1	sin_COG	0	1
group_2088	cloud	1	sin_COG	0	1
group_2087	cloud	1	sin_COG	0	1
group_2086	cloud	1	sin_COG	0	1
group_2085	cloud	1	sin_COG	0	1
group_2083	cloud	1	sin_COG	0	1
group_2082	cloud	1	sin_COG	0	1
group_2081	cloud	1	sin_COG	0	1
group_2080	cloud	1	sin_COG	0	1
tnpC	cloud	1	sin_COG	0	1
group_2078	cloud	1	sin_COG	0	1
group_2077	cloud	1	sin_COG	0	1
group_2076	cloud	1	sin_COG	0	1
group_2075	cloud	1	sin_COG	0	1
group_2074	cloud	1	sin_COG	0	1
group_2073	cloud	1	sin_COG	0	1
group_2071	cloud	1	sin_COG	0	1
group_2070	cloud	1	sin_COG	0	1
group_2069	cloud	1	sin_COG	0	1
group_2068	cloud	1	sin_COG	0	1
group_2067	cloud	1	sin_COG	0	1
group_2066	cloud	1	sin_COG	0	1
group_2064	cloud	1	sin_COG	0	1
group_2063	cloud	1	sin_COG	0	1
group_2062	cloud	1	sin_COG	0	1
group_2061	cloud	1	sin_COG	0	1
group_2060	cloud	1	sin_COG	0	1
group_2059	cloud	1	sin_COG	0	1
group_2058	cloud	1	sin_COG	0	1
group_2057	cloud	1	sin_COG	0	1
group_2055	cloud	1	sin_COG	0	1
group_2054	cloud	1	sin_COG	0	1
group_2053	cloud	1	sin_COG	0	1
group_2048	cloud	1	sin_COG	0	1
group_2047	cloud	1	sin_COG	0	1
group_2045	cloud	1	sin_COG	0	1
group_2041	cloud	1	sin_COG	0	1
group_2040	cloud	1	sin_COG	0	1
group_2037	cloud	1	sin_COG	0	1
group_2031	cloud	1	sin_COG	0	1
tatB	cloud	1	sin_COG	0	1
group_2029	cloud	1	sin_COG	0	1
group_2028	cloud	1	sin_COG	0	1
group_2027	cloud	1	sin_COG	0	1
group_2024	cloud	1	sin_COG	0	1
group_2023	cloud	1	sin_COG	0	1
group_2022	cloud	1	sin_COG	0	1
group_2021	cloud	1	sin_COG	0	1
group_2018	cloud	1	sin_COG	0	1
group_2017	cloud	1	sin_COG	0	1
group_2013	cloud	1	sin_COG	0	1
group_2012	cloud	1	sin_COG	0	1
group_2011	cloud	1	sin_COG	0	1
group_2010	cloud	1	sin_COG	0	1
group_2009	cloud	1	sin_COG	0	1
group_2008	cloud	1	sin_COG	0	1
group_2006	cloud	1	sin_COG	0	1
group_2005	cloud	1	sin_COG	0	1
group_2004	cloud	1	sin_COG	0	1
group_2003	cloud	1	sin_COG	0	1
group_2002	cloud	1	sin_COG	0	1
group_1999	cloud	1	sin_COG	0	1
group_1997	cloud	1	sin_COG	0	1
group_1996	cloud	1	sin_COG	0	1
group_1995	cloud	1	sin_COG	0	1
ppaX	cloud	1	sin_COG	0	1
group_1993	cloud	1	sin_COG	0	1
group_1992	cloud	1	sin_COG	0	1
group_1991	cloud	1	sin_COG	0	1
group_1990	cloud	1	sin_COG	0	1
group_1988	cloud	1	sin_COG	0	1
group_1987	cloud	1	sin_COG	0	1
group_1985	cloud	1	sin_COG	0	1
group_1984	cloud	1	sin_COG	0	1
group_1982	cloud	1	sin_COG	0	1
group_1981	cloud	1	sin_COG	0	1
group_1980	cloud	1	sin_COG	0	1
group_1979	cloud	1	sin_COG	0	1
group_1978	cloud	1	sin_COG	0	1
group_1977	cloud	1	sin_COG	0	1
group_1974	cloud	1	sin_COG	0	1
group_1973	cloud	1	sin_COG	0	1
group_1972	cloud	1	sin_COG	0	1
group_1971	cloud	1	sin_COG	0	1
group_1970	cloud	1	sin_COG	0	1
group_1968	cloud	1	sin_COG	0	1
group_1966	cloud	1	sin_COG	0	1
group_1965	cloud	1	sin_COG	0	1
sutA	cloud	1	sin_COG	0	1
group_1962	cloud	1	sin_COG	0	1
group_1961	cloud	1	sin_COG	0	1
group_1960	cloud	1	sin_COG	0	1
group_1958	cloud	1	sin_COG	0	1
group_1957	cloud	1	sin_COG	0	1
gspH	cloud	1	sin_COG	0	1
group_1951	cloud	1	sin_COG	0	1
group_1947	cloud	1	sin_COG	0	1
ftsB	cloud	1	sin_COG	0	1
group_1945	cloud	1	sin_COG	0	1
group_1944	cloud	1	sin_COG	0	1
group_1943	cloud	1	sin_COG	0	1
group_1942	cloud	1	sin_COG	0	1
group_1941	cloud	1	sin_COG	0	1
group_1940	cloud	1	sin_COG	0	1
group_1939	cloud	1	sin_COG	0	1
group_1938	cloud	1	sin_COG	0	1
vapC	cloud	1	sin_COG	0	1
group_1936	cloud	1	sin_COG	0	1
group_1933	cloud	1	sin_COG	0	1
group_1929	cloud	1	sin_COG	0	1
group_1928	cloud	1	sin_COG	0	1
group_1927	cloud	1	sin_COG	0	1
group_1925	cloud	1	sin_COG	0	1
group_1923	cloud	1	sin_COG	0	1
tnpA	cloud	1	sin_COG	0	1
group_1921	cloud	1	sin_COG	0	1
group_1920	cloud	1	sin_COG	0	1
group_1919	cloud	1	sin_COG	0	1
group_1918	cloud	1	sin_COG	0	1
group_1917	cloud	1	sin_COG	0	1
group_1916	cloud	1	sin_COG	0	1
group_1915	cloud	1	sin_COG	0	1
group_1914	cloud	1	sin_COG	0	1
group_1913	cloud	1	sin_COG	0	1
group_1909	cloud	1	sin_COG	0	1
group_1908	cloud	1	sin_COG	0	1
group_1907	cloud	1	sin_COG	0	1
group_1906	cloud	1	sin_COG	0	1
group_1905	cloud	1	sin_COG	0	1
group_1904	cloud	1	sin_COG	0	1
group_1903	cloud	1	sin_COG	0	1
group_1902	cloud	1	sin_COG	0	1
group_1901	cloud	1	sin_COG	0	1
group_1900	cloud	1	sin_COG	0	1
group_1899	cloud	1	sin_COG	0	1
group_1898	cloud	1	sin_COG	0	1
group_1897	cloud	1	sin_COG	0	1
group_1896	cloud	1	sin_COG	0	1
group_1893	cloud	1	sin_COG	0	1
group_1892	cloud	1	sin_COG	0	1
group_1891	cloud	1	sin_COG	0	1
group_1890	cloud	1	sin_COG	0	1
group_1889	cloud	1	sin_COG	0	1
group_1888	cloud	1	sin_COG	0	1
group_1887	cloud	1	sin_COG	0	1
group_1885	cloud	1	sin_COG	0	1
group_1884	cloud	1	sin_COG	0	1
group_1880	cloud	1	sin_COG	0	1
pilA	cloud	1	sin_COG	0	1
group_1877	cloud	1	sin_COG	0	1
group_1876	cloud	1	sin_COG	0	1
group_1875	cloud	1	sin_COG	0	1
group_1874	cloud	1	sin_COG	0	1
group_1873	cloud	1	sin_COG	0	1
group_1869	cloud	1	sin_COG	0	1
group_1867	cloud	1	sin_COG	0	1
group_1866	cloud	1	sin_COG	0	1
group_1865	cloud	1	sin_COG	0	1
group_1864	cloud	1	sin_COG	0	1
group_1863	cloud	1	sin_COG	0	1
group_1861	cloud	1	sin_COG	0	1
group_1860	cloud	1	sin_COG	0	1
group_1859	cloud	1	sin_COG	0	1
group_1857	cloud	1	sin_COG	0	1
group_1856	cloud	1	sin_COG	0	1
group_1852	cloud	1	sin_COG	0	1
group_1851	cloud	1	sin_COG	0	1
group_1850	cloud	1	sin_COG	0	1
group_1847	cloud	1	sin_COG	0	1
group_1846	cloud	1	sin_COG	0	1
group_1845	cloud	1	sin_COG	0	1
group_1844	cloud	1	sin_COG	0	1
group_1843	cloud	1	sin_COG	0	1
group_1840	exclusivo	0	sin_COG	0	1
group_1839	cloud	1	sin_COG	0	1
group_1838	cloud	1	sin_COG	0	1
group_1837	cloud	1	sin_COG	0	1
group_1835	cloud	1	sin_COG	0	1
group_1832	cloud	1	sin_COG	0	1
group_1829	cloud	1	sin_COG	0	1
group_1828	cloud	1	sin_COG	0	1
group_1827	cloud	1	sin_COG	0	1
group_1826	cloud	1	sin_COG	0	1
group_1824	cloud	1	sin_COG	0	1
group_1823	cloud	1	sin_COG	0	1
group_1822	cloud	1	sin_COG	0	1
group_1821	cloud	1	sin_COG	0	1
group_1820	cloud	1	sin_COG	0	1
group_1818	cloud	1	sin_COG	0	1
group_1817	cloud	1	sin_COG	0	1
group_1814	cloud	1	sin_COG	0	1
pilE	cloud	1	sin_COG	0	1
group_1813	cloud	1	sin_COG	0	1
group_1811	cloud	1	sin_COG	0	1
group_1810	cloud	1	sin_COG	0	1
group_1809	cloud	1	sin_COG	0	1
group_1808	cloud	1	sin_COG	0	1
group_1807	cloud	1	sin_COG	0	1
group_1805	cloud	1	sin_COG	0	1
group_1802	cloud	1	sin_COG	0	1
group_1800	cloud	1	sin_COG	0	1
group_1799	cloud	1	sin_COG	0	1
group_1798	cloud	1	sin_COG	0	1
group_1797	cloud	1	sin_COG	0	1
group_1796	cloud	1	sin_COG	0	1
group_1795	cloud	1	sin_COG	0	1
group_1794	cloud	1	sin_COG	0	1
group_1790	cloud	1	sin_COG	0	1
group_1789	cloud	1	sin_COG	0	1
group_1788	cloud	1	sin_COG	0	1
group_1787	cloud	1	sin_COG	0	1
group_1784	cloud	1	sin_COG	0	1
group_1783	cloud	1	sin_COG	0	1
group_1782	cloud	1	sin_COG	0	1
group_1779	cloud	1	sin_COG	0	1
group_1777	cloud	1	sin_COG	0	1
brxE	cloud	1	sin_COG	0	1
group_1776	cloud	1	sin_COG	0	1
group_1775	cloud	1	sin_COG	0	1
group_1773	cloud	1	sin_COG	0	1
group_1772	cloud	1	sin_COG	0	1
group_1771	cloud	1	sin_COG	0	1
group_1768	cloud	1	sin_COG	0	1
group_1767	cloud	1	sin_COG	0	1
group_1765	cloud	1	sin_COG	0	1
group_1764	cloud	1	sin_COG	0	1
group_1763	cloud	1	sin_COG	0	1
group_1762	cloud	1	sin_COG	0	1
group_1761	cloud	1	sin_COG	0	1
group_1760	cloud	1	sin_COG	0	1
group_1757	cloud	1	sin_COG	0	1
group_1756	cloud	1	sin_COG	0	1
group_1755	cloud	1	sin_COG	0	1
group_1754	cloud	1	sin_COG	0	1
group_1752	cloud	1	sin_COG	0	1
group_1751	cloud	1	sin_COG	0	1
group_1746	exclusivo	0	sin_COG	0	1
group_1745	cloud	1	sin_COG	0	1
group_1744	cloud	1	sin_COG	0	1
group_1743	cloud	1	sin_COG	0	1
group_1742	cloud	1	sin_COG	0	1
group_1741	cloud	1	sin_COG	0	1
group_1740	cloud	1	sin_COG	0	1
group_1738	cloud	1	sin_COG	0	1
group_1737	cloud	1	sin_COG	0	1
group_1736	cloud	1	sin_COG	0	1
group_1735	cloud	1	sin_COG	0	1
group_1734	cloud	1	sin_COG	0	1
group_1733	cloud	1	sin_COG	0	1
group_1731	cloud	1	sin_COG	0	1
group_1730	cloud	1	sin_COG	0	1
group_1729	cloud	1	sin_COG	0	1
group_1727	cloud	1	sin_COG	0	1
group_1726	cloud	1	sin_COG	0	1
group_1725	cloud	1	sin_COG	0	1
group_1724	cloud	1	sin_COG	0	1
group_1722	cloud	1	sin_COG	0	1
group_1720	cloud	1	sin_COG	0	1
group_1719	cloud	1	sin_COG	0	1
group_1718	cloud	1	sin_COG	0	1
group_1717	cloud	1	sin_COG	0	1
group_1716	cloud	1	sin_COG	0	1
group_1715	cloud	1	sin_COG	0	1
group_1713	cloud	1	sin_COG	0	1
mobC	cloud	1	sin_COG	0	1
group_1712	cloud	1	sin_COG	0	1
group_1710	cloud	1	sin_COG	0	1
group_1709	cloud	1	sin_COG	0	1
group_1708	cloud	1	sin_COG	0	1
group_1707	cloud	1	sin_COG	0	1
group_1705	cloud	1	sin_COG	0	1
group_1703	cloud	1	sin_COG	0	1
group_1702	cloud	1	sin_COG	0	1
group_1701	cloud	1	sin_COG	0	1
group_1700	cloud	1	sin_COG	0	1
group_1698	cloud	1	sin_COG	0	1
ninB	cloud	1	sin_COG	0	1
group_1697	cloud	1	sin_COG	0	1
group_1696	cloud	1	sin_COG	0	1
group_1694	cloud	1	sin_COG	0	1
group_1693	cloud	1	sin_COG	0	1
group_1692	cloud	1	sin_COG	0	1
group_1691	cloud	1	sin_COG	0	1
group_1690	cloud	1	sin_COG	0	1
group_1689	cloud	1	sin_COG	0	1
group_1688	cloud	1	sin_COG	0	1
group_1687	cloud	1	sin_COG	0	1
group_1686	cloud	1	sin_COG	0	1
group_1685	cloud	1	sin_COG	0	1
group_1684	cloud	1	sin_COG	0	1
group_1683	cloud	1	sin_COG	0	1
group_1682	cloud	1	sin_COG	0	1
group_1681	cloud	1	sin_COG	0	1
group_1680	cloud	1	sin_COG	0	1
group_1679	cloud	1	sin_COG	0	1
group_1678	cloud	1	sin_COG	0	1
group_1676	cloud	1	sin_COG	0	1
group_1675	cloud	1	sin_COG	0	1
group_1674	cloud	1	sin_COG	0	1
group_1672	cloud	1	sin_COG	0	1
group_1670	cloud	1	sin_COG	0	1
group_1668	cloud	1	sin_COG	0	1
group_1667	cloud	1	sin_COG	0	1
group_1666	cloud	1	sin_COG	0	1
group_1665	cloud	1	sin_COG	0	1
group_1664	cloud	1	sin_COG	0	1
group_1662	cloud	1	sin_COG	0	1
group_1661	cloud	1	sin_COG	0	1
group_1660	cloud	1	sin_COG	0	1
group_1659	cloud	1	sin_COG	0	1
group_1657	cloud	1	sin_COG	0	1
group_1656	cloud	1	sin_COG	0	1
group_1655	cloud	1	sin_COG	0	1
group_1654	cloud	1	sin_COG	0	1
group_1652	cloud	1	sin_COG	0	1
group_1650	cloud	1	sin_COG	0	1
group_1642	cloud	1	sin_COG	0	1
group_1641	cloud	1	sin_COG	0	1
group_1638	cloud	1	sin_COG	0	1
group_1635	cloud	1	sin_COG	0	1
group_1633	cloud	1	sin_COG	0	1
group_1631	cloud	1	sin_COG	0	1
group_1625	cloud	1	sin_COG	0	1
group_1624	cloud	1	sin_COG	0	1
group_1622	cloud	1	sin_COG	0	1
group_1621	cloud	1	sin_COG	0	1
group_1617	cloud	1	sin_COG	0	1
group_1616	cloud	1	sin_COG	0	1
pilV	cloud	1	sin_COG	0	1
group_1615	cloud	1	sin_COG	0	1
group_1614	cloud	1	sin_COG	0	1
group_1612	cloud	1	sin_COG	0	1
group_1611	cloud	1	sin_COG	0	1
group_1610	cloud	1	sin_COG	0	1
group_1608	cloud	1	sin_COG	0	1
wcaF	cloud	1	sin_COG	0	1
group_1606	cloud	1	sin_COG	0	1
group_1605	cloud	1	sin_COG	0	1
group_1603	cloud	1	sin_COG	0	1
group_1600	cloud	1	sin_COG	0	1
group_1599	cloud	1	sin_COG	0	1
group_1597	cloud	1	sin_COG	0	1
group_1594	cloud	1	sin_COG	0	1
group_1592	cloud	1	sin_COG	0	1
group_1590	cloud	1	sin_COG	0	1
group_1589	cloud	1	sin_COG	0	1
group_1588	cloud	1	sin_COG	0	1
group_1587	cloud	1	sin_COG	0	1
group_1585	cloud	1	sin_COG	0	1
group_1582	cloud	1	sin_COG	0	1
group_1581	cloud	1	sin_COG	0	1
group_1580	cloud	1	sin_COG	0	1
group_1579	cloud	1	sin_COG	0	1
group_1578	cloud	1	sin_COG	0	1
group_1576	cloud	1	sin_COG	0	1
group_1575	cloud	1	sin_COG	0	1
group_1573	cloud	1	sin_COG	0	1
group_1571	cloud	1	sin_COG	0	1
group_1570	cloud	1	sin_COG	0	1
group_1569	cloud	1	sin_COG	0	1
group_1568	cloud	1	sin_COG	0	1
group_1567	cloud	1	sin_COG	0	1
group_1566	cloud	1	sin_COG	0	1
group_1562	cloud	1	sin_COG	0	1
group_1560	cloud	1	sin_COG	0	1
nhaA	cloud	1	sin_COG	0	1
group_1559	cloud	1	sin_COG	0	1
rfbC	cloud	1	sin_COG	0	1
group_1558	cloud	1	sin_COG	0	1
group_1557	cloud	1	sin_COG	0	1
group_1556	cloud	1	sin_COG	0	1
group_1555	cloud	1	sin_COG	0	1
group_1552	cloud	1	sin_COG	0	1
group_1551	cloud	1	sin_COG	0	1
group_1547	cloud	1	sin_COG	0	1
group_1546	cloud	1	sin_COG	0	1
group_1545	cloud	1	sin_COG	0	1
group_1543	cloud	1	sin_COG	0	1
group_1540	cloud	1	sin_COG	0	1
yajD	cloud	1	sin_COG	0	1
group_1539	cloud	1	sin_COG	0	1
group_1538	cloud	1	sin_COG	0	1
group_1535	cloud	1	sin_COG	0	1
group_1532	cloud	1	sin_COG	0	1
group_1531	cloud	1	sin_COG	0	1
group_1530	cloud	1	sin_COG	0	1
group_1529	cloud	1	sin_COG	0	1
group_1528	exclusivo	0	sin_COG	0	1
group_1527	cloud	1	sin_COG	0	1
group_1526	cloud	1	sin_COG	0	1
group_1525	cloud	1	sin_COG	0	1
group_1524	cloud	1	sin_COG	0	1
group_1523	cloud	1	sin_COG	0	1
group_1522	cloud	1	sin_COG	0	1
group_1520	cloud	1	sin_COG	0	1
group_1519	cloud	1	sin_COG	0	1
group_1517	cloud	1	sin_COG	0	1
group_1516	cloud	1	sin_COG	0	1
group_1515	cloud	1	sin_COG	0	1
group_1514	cloud	1	sin_COG	0	1
group_1513	cloud	1	sin_COG	0	1
group_1512	cloud	1	sin_COG	0	1
group_1507	cloud	1	sin_COG	0	1
group_1506	cloud	1	sin_COG	0	1
group_1505	cloud	1	sin_COG	0	1
group_1502	cloud	1	sin_COG	0	1
group_1498	cloud	1	sin_COG	0	1
group_1496	cloud	1	sin_COG	0	1
group_1495	cloud	1	sin_COG	0	1
group_1494	cloud	1	sin_COG	0	1
group_1493	cloud	1	sin_COG	0	1
group_1488	exclusivo	0	sin_COG	0	1
group_1487	cloud	1	sin_COG	0	1
group_1486	cloud	1	sin_COG	0	1
group_1485	cloud	1	sin_COG	0	1
group_1484	cloud	1	sin_COG	0	1
group_1483	cloud	1	sin_COG	0	1
group_1482	cloud	1	sin_COG	0	1
group_1480	cloud	1	sin_COG	0	1
group_1479	cloud	1	sin_COG	0	1
group_1478	cloud	1	sin_COG	0	1
group_1476	cloud	1	sin_COG	0	1
group_1475	cloud	1	sin_COG	0	1
group_1470	cloud	1	sin_COG	0	1
group_1468	cloud	1	sin_COG	0	1
group_1467	cloud	1	sin_COG	0	1
group_1466	cloud	1	sin_COG	0	1
kdpC	cloud	1	sin_COG	0	1
group_1465	cloud	1	sin_COG	0	1
mksE	cloud	1	sin_COG	0	1
group_1460	cloud	1	sin_COG	0	1
group_1459	cloud	1	sin_COG	0	1
aph3Ia	cloud	1	sin_COG	0	1
group_1458	cloud	1	sin_COG	0	1
group_1457	cloud	1	sin_COG	0	1
group_1455	cloud	1	sin_COG	0	1
group_1452	cloud	1	sin_COG	0	1
group_1451	cloud	1	sin_COG	0	1
merB	cloud	1	sin_COG	0	1
group_1449	cloud	1	sin_COG	0	1
group_1444	cloud	1	sin_COG	0	1
group_1442	cloud	1	sin_COG	0	1
group_1441	cloud	1	sin_COG	0	1
group_1439	cloud	1	sin_COG	0	1
group_1436	cloud	1	sin_COG	0	1
group_1434	cloud	1	sin_COG	0	1
group_1431	cloud	1	sin_COG	0	1
group_1427	cloud	1	sin_COG	0	1
group_1426	cloud	1	sin_COG	0	1
group_1425	cloud	1	sin_COG	0	1
lgaI	cloud	1	sin_COG	0	1
group_1423	cloud	1	sin_COG	0	1
group_1422	cloud	1	sin_COG	0	1
group_1421	cloud	1	sin_COG	0	1
yheS	cloud	1	sin_COG	0	1
group_1420	cloud	1	sin_COG	0	1
group_1418	cloud	1	sin_COG	0	1
group_1417	cloud	1	sin_COG	0	1
group_1416	cloud	1	sin_COG	0	1
group_1415	cloud	1	sin_COG	0	1
group_1413	cloud	1	sin_COG	0	1
merG	cloud	1	sin_COG	0	1
lexA	cloud	1	sin_COG	0	1
group_1408	cloud	1	sin_COG	0	1
group_1406	cloud	1	sin_COG	0	1
group_1405	cloud	1	sin_COG	0	1
group_1404	cloud	1	sin_COG	0	1
group_1402	cloud	1	sin_COG	0	1
group_1401	cloud	1	sin_COG	0	1
group_1399	cloud	1	sin_COG	0	1
group_1398	cloud	1	sin_COG	0	1
group_1397	cloud	1	sin_COG	0	1
group_1394	cloud	1	sin_COG	0	1
group_1393	cloud	1	sin_COG	0	1
group_1392	exclusivo	0	sin_COG	0	1
group_1391	cloud	1	sin_COG	0	1
group_1390	cloud	1	sin_COG	0	1
group_1389	cloud	1	sin_COG	0	1
group_1388	cloud	1	sin_COG	0	1
group_1387	cloud	1	sin_COG	0	1
group_1386	cloud	1	sin_COG	0	1
ybhI	cloud	1	sin_COG	0	1
tagO	cloud	1	sin_COG	0	1
group_1384	cloud	1	sin_COG	0	1
group_1382	cloud	1	sin_COG	0	1
group_1381	cloud	1	sin_COG	0	1
group_1377	cloud	1	sin_COG	0	1
group_1376	cloud	1	sin_COG	0	1
group_1373	cloud	1	sin_COG	0	1
group_1370	cloud	1	sin_COG	0	1
group_1367	cloud	1	sin_COG	0	1
group_1366	cloud	1	sin_COG	0	1
group_1365	cloud	1	sin_COG	0	1
group_1364	cloud	1	sin_COG	0	1
group_1363	cloud	1	sin_COG	0	1
group_1362	cloud	1	sin_COG	0	1
group_1360	cloud	1	sin_COG	0	1
group_1358	cloud	1	sin_COG	0	1
group_1357	cloud	1	sin_COG	0	1
group_1356	cloud	1	sin_COG	0	1
group_1354	cloud	1	sin_COG	0	1
group_1352	cloud	1	sin_COG	0	1
group_1351	cloud	1	sin_COG	0	1
group_1349	exclusivo	0	sin_COG	0	1
group_1348	cloud	1	sin_COG	0	1
group_1347	cloud	1	sin_COG	0	1
group_1344	cloud	1	sin_COG	0	1
group_1343	cloud	1	sin_COG	0	1
group_1342	cloud	1	sin_COG	0	1
group_1337	cloud	1	sin_COG	0	1
group_1336	cloud	1	sin_COG	0	1
group_1335	cloud	1	sin_COG	0	1
group_1334	exclusivo	0	sin_COG	0	1
group_1333	cloud	1	sin_COG	0	1
group_1332	cloud	1	sin_COG	0	1
group_1329	cloud	1	sin_COG	0	1
group_1325	cloud	1	sin_COG	0	1
group_1324	cloud	1	sin_COG	0	1
group_1323	cloud	1	sin_COG	0	1
group_1322	cloud	1	sin_COG	0	1
group_1321	cloud	1	sin_COG	0	1
group_1319	cloud	1	sin_COG	0	1
group_1316	cloud	1	sin_COG	0	1
group_1313	cloud	1	sin_COG	0	1
group_1312	cloud	1	sin_COG	0	1
group_1311	cloud	1	sin_COG	0	1
group_1310	cloud	1	sin_COG	0	1
group_1306	cloud	1	sin_COG	0	1
acuD	cloud	1	sin_COG	0	1
group_1305	cloud	1	sin_COG	0	1
group_1301	cloud	1	sin_COG	0	1
group_1298	cloud	1	sin_COG	0	1
group_1295	cloud	1	sin_COG	0	1
group_1294	cloud	1	sin_COG	0	1
group_1293	cloud	1	sin_COG	0	1
group_1292	cloud	1	sin_COG	0	1
group_1291	cloud	1	sin_COG	0	1
group_1290	cloud	1	sin_COG	0	1
group_1289	cloud	1	sin_COG	0	1
group_1288	cloud	1	sin_COG	0	1
group_1287	cloud	1	sin_COG	0	1
group_1286	cloud	1	sin_COG	0	1
group_1284	cloud	1	sin_COG	0	1
group_1282	cloud	1	sin_COG	0	1
group_1280	cloud	1	sin_COG	0	1
group_1276	cloud	1	sin_COG	0	1
group_1274	exclusivo	0	sin_COG	0	1
group_1273	cloud	1	sin_COG	0	1
alkB	cloud	1	sin_COG	0	1
group_1270	cloud	1	sin_COG	0	1
group_1268	cloud	1	sin_COG	0	1
zorB1	cloud	1	sin_COG	0	1
group_1264	cloud	1	sin_COG	0	1
group_1263	cloud	1	sin_COG	0	1
ibpA	cloud	1	sin_COG	0	1
group_1262	cloud	1	sin_COG	0	1
group_1261	cloud	1	sin_COG	0	1
group_1260	cloud	1	sin_COG	0	1
group_1258	cloud	1	sin_COG	0	1
group_1257	cloud	1	sin_COG	0	1
group_1255	cloud	1	sin_COG	0	1
group_1254	cloud	1	sin_COG	0	1
group_1253	cloud	1	sin_COG	0	1
pspC	cloud	1	sin_COG	0	1
group_1252	cloud	1	sin_COG	0	1
group_1249	cloud	1	sin_COG	0	1
group_1248	cloud	1	sin_COG	0	1
group_1246	cloud	1	sin_COG	0	1
group_1245	cloud	1	sin_COG	0	1
group_1242	cloud	1	sin_COG	0	1
group_1241	cloud	1	sin_COG	0	1
group_1240	cloud	1	sin_COG	0	1
group_1239	cloud	1	sin_COG	0	1
group_1238	cloud	1	sin_COG	0	1
group_1237	cloud	1	sin_COG	0	1
group_1236	cloud	1	sin_COG	0	1
group_1235	cloud	1	sin_COG	0	1
group_1234	cloud	1	sin_COG	0	1
group_1233	cloud	1	sin_COG	0	1
group_1227	cloud	1	sin_COG	0	1
group_1226	cloud	1	sin_COG	0	1
group_1225	cloud	1	sin_COG	0	1
group_1224	cloud	1	sin_COG	0	1
group_1221	cloud	1	sin_COG	0	1
group_1219	cloud	1	sin_COG	0	1
group_1218	cloud	1	sin_COG	0	1
group_1217	cloud	1	sin_COG	0	1
group_1216	cloud	1	sin_COG	0	1
group_1214	cloud	1	sin_COG	0	1
group_1213	cloud	1	sin_COG	0	1
group_1211	cloud	1	sin_COG	0	1
group_1210	cloud	1	sin_COG	0	1
group_1209	cloud	1	sin_COG	0	1
group_1208	cloud	1	sin_COG	0	1
tatC	cloud	1	sin_COG	0	1
group_1207	cloud	1	sin_COG	0	1
group_1206	cloud	1	sin_COG	0	1
group_1205	cloud	1	sin_COG	0	1
group_1204	cloud	1	sin_COG	0	1
group_1203	cloud	1	sin_COG	0	1
group_1202	cloud	1	sin_COG	0	1
group_1201	cloud	1	sin_COG	0	1
group_1197	cloud	1	sin_COG	0	1
group_1196	cloud	1	sin_COG	0	1
group_1195	cloud	1	sin_COG	0	1
group_1193	cloud	1	sin_COG	0	1
group_1192	cloud	1	sin_COG	0	1
group_1190	cloud	1	sin_COG	0	1
group_1189	cloud	1	sin_COG	0	1
group_1188	cloud	1	sin_COG	0	1
group_1187	cloud	1	sin_COG	0	1
group_1186	cloud	1	sin_COG	0	1
group_1185	cloud	1	sin_COG	0	1
group_1183	cloud	1	sin_COG	0	1
group_1181	cloud	1	sin_COG	0	1
group_1180	cloud	1	sin_COG	0	1
group_1179	cloud	1	sin_COG	0	1
group_1178	cloud	1	sin_COG	0	1
ubiG	cloud	1	sin_COG	0	1
group_1174	cloud	1	sin_COG	0	1
group_1173	cloud	1	sin_COG	0	1
group_1170	cloud	1	sin_COG	0	1
group_1169	cloud	1	sin_COG	0	1
group_1166	cloud	1	sin_COG	0	1
group_1165	cloud	1	sin_COG	0	1
group_1163	cloud	1	sin_COG	0	1
group_1160	cloud	1	sin_COG	0	1
group_1158	cloud	1	sin_COG	0	1
group_1157	cloud	1	sin_COG	0	1
group_1154	cloud	1	sin_COG	0	1
group_1153	cloud	1	sin_COG	0	1
group_1152	cloud	1	sin_COG	0	1
group_1151	exclusivo	0	sin_COG	0	1
bet	cloud	1	sin_COG	0	1
group_1149	cloud	1	sin_COG	0	1
group_1148	cloud	1	sin_COG	0	1
group_1147	cloud	1	sin_COG	0	1
pcaD	cloud	1	sin_COG	0	1
group_1146	cloud	1	sin_COG	0	1
group_1145	cloud	1	sin_COG	0	1
group_1144	cloud	1	sin_COG	0	1
group_1143	cloud	1	sin_COG	0	1
group_1142	cloud	1	sin_COG	0	1
group_1139	cloud	1	sin_COG	0	1
group_1137	cloud	1	sin_COG	0	1
group_1135	cloud	1	sin_COG	0	1
group_1134	cloud	1	sin_COG	0	1
lnuG	cloud	1	sin_COG	0	1
group_1133	cloud	1	sin_COG	0	1
group_1129	cloud	1	sin_COG	0	1
group_1125	cloud	1	sin_COG	0	1
group_1123	cloud	1	sin_COG	0	1
group_1122	cloud	1	sin_COG	0	1
group_1119	cloud	1	sin_COG	0	1
group_1118	cloud	1	sin_COG	0	1
group_1117	cloud	1	sin_COG	0	1
group_1116	cloud	1	sin_COG	0	1
group_1115	cloud	1	sin_COG	0	1
group_1114	cloud	1	sin_COG	0	1
group_1113	cloud	1	sin_COG	0	1
group_1112	cloud	1	sin_COG	0	1
group_1111	cloud	1	sin_COG	0	1
group_1109	cloud	1	sin_COG	0	1
group_1108	cloud	1	sin_COG	0	1
group_1105	cloud	1	sin_COG	0	1
tnsA	cloud	1	sin_COG	0	1
group_1102	cloud	1	sin_COG	0	1
group_1101	cloud	1	sin_COG	0	1
group_1097	cloud	1	sin_COG	0	1
group_1096	cloud	1	sin_COG	0	1
group_1095	cloud	1	sin_COG	0	1
group_1094	cloud	1	sin_COG	0	1
group_1093	cloud	1	sin_COG	0	1
group_1092	cloud	1	sin_COG	0	1
group_1090	cloud	1	sin_COG	0	1
group_1088	cloud	1	sin_COG	0	1
group_1086	cloud	1	sin_COG	0	1
group_1085	cloud	1	sin_COG	0	1
group_1083	cloud	1	sin_COG	0	1
group_1077	cloud	1	sin_COG	0	1
group_1072	cloud	1	sin_COG	0	1
group_1071	cloud	1	sin_COG	0	1
group_1070	cloud	1	sin_COG	0	1
group_1069	cloud	1	sin_COG	0	1
group_1068	cloud	1	sin_COG	0	1
group_1065	cloud	1	sin_COG	0	1
group_1064	cloud	1	sin_COG	0	1
group_1063	cloud	1	sin_COG	0	1
group_1061	cloud	1	sin_COG	0	1
group_1058	cloud	1	sin_COG	0	1
group_1053	cloud	1	sin_COG	0	1
jetD	cloud	1	sin_COG	0	1
group_1051	cloud	1	sin_COG	0	1
group_1050	cloud	1	sin_COG	0	1
group_1049	cloud	1	sin_COG	0	1
group_1048	cloud	1	sin_COG	0	1
group_1046	cloud	1	sin_COG	0	1
group_1045	cloud	1	sin_COG	0	1
group_1043	cloud	1	sin_COG	0	1
group_1042	cloud	1	sin_COG	0	1
group_1041	cloud	1	sin_COG	0	1
group_1040	cloud	1	sin_COG	0	1
group_1039	cloud	1	sin_COG	0	1
group_1038	cloud	1	sin_COG	0	1
group_1037	cloud	1	sin_COG	0	1
group_1036	cloud	1	sin_COG	0	1
group_1033	cloud	1	sin_COG	0	1
group_1032	cloud	1	sin_COG	0	1
group_1030	cloud	1	sin_COG	0	1
group_1029	cloud	1	sin_COG	0	1
group_1028	cloud	1	sin_COG	0	1
group_1027	cloud	1	sin_COG	0	1
group_1026	cloud	1	sin_COG	0	1
group_1025	cloud	1	sin_COG	0	1
group_1023	cloud	1	sin_COG	0	1
group_1021	cloud	1	sin_COG	0	1
group_1019	cloud	1	sin_COG	0	1
group_1018	cloud	1	sin_COG	0	1
group_1017	cloud	1	sin_COG	0	1
group_1016	cloud	1	sin_COG	0	1
group_1015	cloud	1	sin_COG	0	1
group_1014	cloud	1	sin_COG	0	1
group_1013	cloud	1	sin_COG	0	1
group_1012	cloud	1	sin_COG	0	1
group_1011	cloud	1	sin_COG	0	1
flgA	cloud	1	sin_COG	0	1
group_1010	cloud	1	sin_COG	0	1
group_1008	cloud	1	sin_COG	0	1
group_1007	cloud	1	sin_COG	0	1
group_1004	cloud	1	sin_COG	0	1
group_1003	cloud	1	sin_COG	0	1
group_1002	cloud	1	sin_COG	0	1
group_998	exclusivo	0	sin_COG	0	1
group_994	cloud	1	sin_COG	0	1
coiA	cloud	1	sin_COG	0	1
group_990	cloud	1	sin_COG	0	1
group_986	cloud	1	sin_COG	0	1
group_985	cloud	1	sin_COG	0	1
group_984	cloud	1	sin_COG	0	1
group_983	cloud	1	sin_COG	0	1
group_982	cloud	1	sin_COG	0	1
group_979	cloud	1	sin_COG	0	1
group_978	cloud	1	sin_COG	0	1
group_977	cloud	1	sin_COG	0	1
group_975	cloud	1	sin_COG	0	1
group_974	cloud	1	sin_COG	0	1
gatA	cloud	1	sin_COG	0	1
group_973	cloud	1	sin_COG	0	1
group_972	cloud	1	sin_COG	0	1
rfbD	cloud	1	sin_COG	0	1
group_969	cloud	1	sin_COG	0	1
group_968	cloud	1	sin_COG	0	1
group_963	cloud	1	sin_COG	0	1
group_962	cloud	1	sin_COG	0	1
group_959	cloud	1	sin_COG	0	1
group_958	cloud	1	sin_COG	0	1
group_957	cloud	1	sin_COG	0	1
group_956	cloud	1	sin_COG	0	1
group_953	cloud	1	sin_COG	0	1
group_952	cloud	1	sin_COG	0	1
group_951	cloud	1	sin_COG	0	1
group_948	cloud	1	sin_COG	0	1
group_947	cloud	1	sin_COG	0	1
group_946	cloud	1	sin_COG	0	1
group_945	cloud	1	sin_COG	0	1
group_943	cloud	1	sin_COG	0	1
group_942	cloud	1	sin_COG	0	1
group_941	cloud	1	sin_COG	0	1
group_940	cloud	1	sin_COG	0	1
group_939	cloud	1	sin_COG	0	1
group_938	cloud	1	sin_COG	0	1
group_933	cloud	1	sin_COG	0	1
group_932	cloud	1	sin_COG	0	1
group_929	cloud	1	sin_COG	0	1
recT	cloud	1	sin_COG	0	1
group_928	cloud	1	sin_COG	0	1
group_926	cloud	1	sin_COG	0	1
group_924	cloud	1	sin_COG	0	1
group_922	cloud	1	sin_COG	0	1
group_920	cloud	1	sin_COG	0	1
group_918	cloud	1	sin_COG	0	1
group_917	cloud	1	sin_COG	0	1
group_914	cloud	1	sin_COG	0	1
group_913	cloud	1	sin_COG	0	1
group_912	cloud	1	sin_COG	0	1
group_911	cloud	1	sin_COG	0	1
group_910	cloud	1	sin_COG	0	1
group_907	cloud	1	sin_COG	0	1
group_906	cloud	1	sin_COG	0	1
group_904	cloud	1	sin_COG	0	1
group_903	cloud	1	sin_COG	0	1
group_902	cloud	1	sin_COG	0	1
group_901	cloud	1	sin_COG	0	1
group_900	cloud	1	sin_COG	0	1
group_899	cloud	1	sin_COG	0	1
group_898	cloud	1	sin_COG	0	1
group_896	cloud	1	sin_COG	0	1
group_895	cloud	1	sin_COG	0	1
group_894	cloud	1	sin_COG	0	1
group_893	cloud	1	sin_COG	0	1
mviM	cloud	1	R	1	1
group_888	cloud	1	sin_COG	0	1
group_887	cloud	1	sin_COG	0	1
rlmL	cloud	1	sin_COG	0	1
gmd	cloud	1	sin_COG	0	1
group_884	cloud	1	sin_COG	0	1
group_883	cloud	1	sin_COG	0	1
group_882	cloud	1	sin_COG	0	1
group_880	cloud	1	sin_COG	0	1
group_879	cloud	1	sin_COG	0	1
group_876	cloud	1	sin_COG	0	1
group_875	cloud	1	sin_COG	0	1
group_874	cloud	1	sin_COG	0	1
group_873	cloud	1	sin_COG	0	1
group_872	cloud	1	sin_COG	0	1
group_870	cloud	1	sin_COG	0	1
group_869	cloud	1	sin_COG	0	1
group_868	cloud	1	sin_COG	0	1
group_867	cloud	1	sin_COG	0	1
group_865	exclusivo	0	sin_COG	0	1
grpE	cloud	1	sin_COG	0	1
group_864	cloud	1	sin_COG	0	1
iolG	cloud	1	sin_COG	0	1
group_860	cloud	1	sin_COG	0	1
group_859	cloud	1	sin_COG	0	1
group_857	exclusivo	0	sin_COG	0	1
group_856	cloud	1	sin_COG	0	1
elaA	cloud	1	sin_COG	0	1
group_854	cloud	1	sin_COG	0	1
group_852	cloud	1	sin_COG	0	1
group_851	cloud	1	sin_COG	0	1
group_850	cloud	1	sin_COG	0	1
group_849	cloud	1	sin_COG	0	1
group_845	cloud	1	sin_COG	0	1
group_844	cloud	1	sin_COG	0	1
group_843	cloud	1	sin_COG	0	1
group_842	cloud	1	sin_COG	0	1
group_840	cloud	1	sin_COG	0	1
group_839	cloud	1	sin_COG	0	1
group_834	cloud	1	sin_COG	0	1
group_833	cloud	1	sin_COG	0	1
group_832	cloud	1	sin_COG	0	1
group_831	cloud	1	sin_COG	0	1
group_829	cloud	1	sin_COG	0	1
group_828	cloud	1	sin_COG	0	1
group_826	cloud	1	sin_COG	0	1
group_825	cloud	1	sin_COG	0	1
group_824	cloud	1	sin_COG	0	1
group_823	cloud	1	sin_COG	0	1
group_820	cloud	1	sin_COG	0	1
group_816	cloud	1	sin_COG	0	1
group_815	cloud	1	sin_COG	0	1
parB	cloud	1	sin_COG	0	1
rimK	cloud	1	sin_COG	0	1
group_811	cloud	1	sin_COG	0	1
group_810	cloud	1	sin_COG	0	1
group_807	cloud	1	sin_COG	0	1
group_806	cloud	1	sin_COG	0	1
group_805	cloud	1	sin_COG	0	1
group_803	cloud	1	sin_COG	0	1
group_802	cloud	1	sin_COG	0	1
group_801	cloud	1	sin_COG	0	1
dnaT	cloud	1	sin_COG	0	1
group_797	cloud	1	sin_COG	0	1
group_790	cloud	1	sin_COG	0	1
group_789	cloud	1	sin_COG	0	1
group_787	cloud	1	sin_COG	0	1
group_786	cloud	1	sin_COG	0	1
group_785	cloud	1	sin_COG	0	1
group_784	cloud	1	sin_COG	0	1
group_783	cloud	1	sin_COG	0	1
group_778	cloud	1	sin_COG	0	1
group_777	cloud	1	sin_COG	0	1
group_776	cloud	1	sin_COG	0	1
group_775	cloud	1	sin_COG	0	1
group_774	cloud	1	sin_COG	0	1
group_772	cloud	1	sin_COG	0	1
group_771	cloud	1	sin_COG	0	1
group_768	cloud	1	sin_COG	0	1
group_767	cloud	1	sin_COG	0	1
group_763	cloud	1	sin_COG	0	1
group_762	cloud	1	sin_COG	0	1
group_761	cloud	1	sin_COG	0	1
group_758	exclusivo	0	sin_COG	0	1
group_757	cloud	1	sin_COG	0	1
group_755	cloud	1	sin_COG	0	1
arsB	cloud	1	sin_COG	0	1
group_754	cloud	1	sin_COG	0	1
group_746	cloud	1	sin_COG	0	1
group_745	cloud	1	sin_COG	0	1
group_744	cloud	1	sin_COG	0	1
group_742	cloud	1	sin_COG	0	1
group_741	cloud	1	sin_COG	0	1
group_739	cloud	1	sin_COG	0	1
group_735	cloud	1	sin_COG	0	1
group_734	cloud	1	sin_COG	0	1
yhcG	cloud	1	sin_COG	0	1
group_733	cloud	1	sin_COG	0	1
group_730	cloud	1	sin_COG	0	1
group_729	cloud	1	sin_COG	0	1
group_728	cloud	1	sin_COG	0	1
group_727	cloud	1	sin_COG	0	1
orfB	cloud	1	sin_COG	0	1
group_723	cloud	1	sin_COG	0	1
group_722	cloud	1	sin_COG	0	1
group_721	cloud	1	sin_COG	0	1
group_720	cloud	1	sin_COG	0	1
group_719	cloud	1	sin_COG	0	1
group_717	cloud	1	sin_COG	0	1
yqaJ	cloud	1	sin_COG	0	1
group_716	cloud	1	sin_COG	0	1
group_715	cloud	1	sin_COG	0	1
group_713	cloud	1	sin_COG	0	1
group_712	cloud	1	sin_COG	0	1
group_711	cloud	1	sin_COG	0	1
relA	cloud	1	sin_COG	0	1
group_710	cloud	1	sin_COG	0	1
group_709	cloud	1	sin_COG	0	1
group_708	cloud	1	sin_COG	0	1
group_707	cloud	1	sin_COG	0	1
group_703	cloud	1	sin_COG	0	1
group_702	cloud	1	sin_COG	0	1
group_701	cloud	1	sin_COG	0	1
group_700	cloud	1	sin_COG	0	1
group_699	cloud	1	sin_COG	0	1
rng	cloud	1	sin_COG	0	1
group_695	cloud	1	sin_COG	0	1
mcrC	cloud	1	sin_COG	0	1
group_691	cloud	1	sin_COG	0	1
degT	cloud	1	sin_COG	0	1
group_689	cloud	1	sin_COG	0	1
group_688	cloud	1	sin_COG	0	1
group_686	cloud	1	sin_COG	0	1
group_682	cloud	1	sin_COG	0	1
neuB	cloud	1	sin_COG	0	1
group_681	cloud	1	sin_COG	0	1
group_680	cloud	1	sin_COG	0	1
group_679	cloud	1	sin_COG	0	1
group_678	cloud	1	sin_COG	0	1
tspB	cloud	1	sin_COG	0	1
group_676	cloud	1	sin_COG	0	1
group_675	cloud	1	sin_COG	0	1
group_674	cloud	1	sin_COG	0	1
group_670	cloud	1	sin_COG	0	1
group_669	cloud	1	sin_COG	0	1
group_668	cloud	1	sin_COG	0	1
group_667	cloud	1	sin_COG	0	1
group_666	cloud	1	sin_COG	0	1
group_665	cloud	1	sin_COG	0	1
group_664	cloud	1	sin_COG	0	1
group_662	cloud	1	sin_COG	0	1
group_661	cloud	1	sin_COG	0	1
group_660	cloud	1	sin_COG	0	1
group_659	cloud	1	sin_COG	0	1
group_656	cloud	1	sin_COG	0	1
group_655	cloud	1	sin_COG	0	1
group_654	cloud	1	sin_COG	0	1
group_652	cloud	1	sin_COG	0	1
group_651	cloud	1	sin_COG	0	1
group_650	cloud	1	sin_COG	0	1
group_648	cloud	1	sin_COG	0	1
group_647	cloud	1	sin_COG	0	1
wbjC	cloud	1	sin_COG	0	1
group_644	cloud	1	sin_COG	0	1
group_643	cloud	1	sin_COG	0	1
group_641	cloud	1	sin_COG	0	1
pilW	cloud	1	sin_COG	0	1
group_638	cloud	1	sin_COG	0	1
group_636	cloud	1	sin_COG	0	1
group_635	cloud	1	sin_COG	0	1
group_634	cloud	1	sin_COG	0	1
group_633	cloud	1	sin_COG	0	1
group_632	cloud	1	sin_COG	0	1
group_631	cloud	1	sin_COG	0	1
epsG	cloud	1	sin_COG	0	1
group_630	cloud	1	sin_COG	0	1
group_629	cloud	1	sin_COG	0	1
group_628	cloud	1	sin_COG	0	1
group_627	cloud	1	sin_COG	0	1
group_626	cloud	1	sin_COG	0	1
group_625	cloud	1	sin_COG	0	1
group_622	cloud	1	sin_COG	0	1
group_621	cloud	1	sin_COG	0	1
wecB	cloud	1	sin_COG	0	1
group_617	exclusivo	0	sin_COG	0	1
group_616	cloud	1	sin_COG	0	1
neuC	cloud	1	sin_COG	0	1
group_615	cloud	1	sin_COG	0	1
group_614	cloud	1	sin_COG	0	1
group_613	cloud	1	sin_COG	0	1
group_608	cloud	1	sin_COG	0	1
ycaO	cloud	1	sin_COG	0	1
group_607	cloud	1	sin_COG	0	1
group_606	cloud	1	sin_COG	0	1
group_605	cloud	1	sin_COG	0	1
group_604	cloud	1	sin_COG	0	1
legC	cloud	1	sin_COG	0	1
glf	cloud	1	sin_COG	0	1
group_602	cloud	1	sin_COG	0	1
group_601	cloud	1	sin_COG	0	1
group_600	cloud	1	sin_COG	0	1
luxR	cloud	1	sin_COG	0	1
group_598	cloud	1	sin_COG	0	1
group_596	cloud	1	sin_COG	0	1
group_595	exclusivo	0	sin_COG	0	1
group_594	cloud	1	sin_COG	0	1
group_593	cloud	1	sin_COG	0	1
group_592	cloud	1	sin_COG	0	1
group_591	cloud	1	sin_COG	0	1
group_589	cloud	1	sin_COG	0	1
group_583	cloud	1	sin_COG	0	1
group_582	cloud	1	sin_COG	0	1
group_580	cloud	1	sin_COG	0	1
group_577	cloud	1	sin_COG	0	1
group_576	cloud	1	sin_COG	0	1
group_574	cloud	1	sin_COG	0	1
group_573	cloud	1	sin_COG	0	1
group_569	cloud	1	sin_COG	0	1
group_568	cloud	1	R	1	1
group_567	cloud	1	sin_COG	0	1
group_566	cloud	1	sin_COG	0	1
group_565	cloud	1	sin_COG	0	1
group_564	cloud	1	sin_COG	0	1
group_563	cloud	1	sin_COG	0	1
pilX	cloud	1	sin_COG	0	1
group_559	cloud	1	sin_COG	0	1
group_558	cloud	1	sin_COG	0	1
group_557	cloud	1	sin_COG	0	1
group_554	cloud	1	sin_COG	0	1
group_553	cloud	1	sin_COG	0	1
group_551	exclusivo	0	sin_COG	0	1
group_550	cloud	1	sin_COG	0	1
group_547	cloud	1	sin_COG	0	1
group_545	cloud	1	sin_COG	0	1
group_544	cloud	1	sin_COG	0	1
group_543	cloud	1	sin_COG	0	1
group_540	cloud	1	sin_COG	0	1
lgaA	cloud	1	sin_COG	0	1
group_539	cloud	1	sin_COG	0	1
group_538	cloud	1	sin_COG	0	1
group_537	cloud	1	sin_COG	0	1
group_536	cloud	1	sin_COG	0	1
wbuB	cloud	1	sin_COG	0	1
group_532	cloud	1	sin_COG	0	1
group_529	cloud	1	sin_COG	0	1
group_527	cloud	1	sin_COG	0	1
group_526	cloud	1	sin_COG	0	1
group_525	cloud	1	sin_COG	0	1
group_524	cloud	1	sin_COG	0	1
group_523	cloud	1	sin_COG	0	1
pcaF	cloud	1	sin_COG	0	1
ssuD	cloud	1	sin_COG	0	1
group_521	cloud	1	sin_COG	0	1
group_520	cloud	1	sin_COG	0	1
group_519	cloud	1	sin_COG	0	1
group_518	cloud	1	sin_COG	0	1
group_517	cloud	1	sin_COG	0	1
group_516	cloud	1	sin_COG	0	1
group_513	cloud	1	sin_COG	0	1
group_512	cloud	1	sin_COG	0	1
group_511	cloud	1	sin_COG	0	1
group_510	cloud	1	sin_COG	0	1
mmsB	cloud	1	sin_COG	0	1
group_509	cloud	1	sin_COG	0	1
group_508	cloud	1	sin_COG	0	1
group_507	cloud	1	sin_COG	0	1
group_506	exclusivo	0	sin_COG	0	1
group_504	cloud	1	sin_COG	0	1
group_503	cloud	1	sin_COG	0	1
group_502	cloud	1	sin_COG	0	1
group_501	cloud	1	sin_COG	0	1
group_500	cloud	1	sin_COG	0	1
group_497	cloud	1	sin_COG	0	1
group_496	exclusivo	0	sin_COG	0	1
group_495	cloud	1	sin_COG	0	1
group_494	cloud	1	sin_COG	0	1
group_493	cloud	1	sin_COG	0	1
group_490	exclusivo	0	sin_COG	0	1
group_489	cloud	1	sin_COG	0	1
group_488	cloud	1	sin_COG	0	1
group_485	cloud	1	sin_COG	0	1
group_484	cloud	1	sin_COG	0	1
group_483	cloud	1	sin_COG	0	1
group_482	cloud	1	sin_COG	0	1
group_481	cloud	1	sin_COG	0	1
group_476	cloud	1	sin_COG	0	1
group_474	cloud	1	sin_COG	0	1
group_472	cloud	1	sin_COG	0	1
group_470	cloud	1	sin_COG	0	1
group_469	cloud	1	sin_COG	0	1
group_466	cloud	1	sin_COG	0	1
group_465	cloud	1	sin_COG	0	1
xseA	cloud	1	sin_COG	0	1
group_463	cloud	1	sin_COG	0	1
group_462	cloud	1	sin_COG	0	1
group_457	cloud	1	sin_COG	0	1
group_456	cloud	1	sin_COG	0	1
group_454	cloud	1	sin_COG	0	1
group_453	cloud	1	sin_COG	0	1
group_452	cloud	1	sin_COG	0	1
group_451	cloud	1	sin_COG	0	1
group_450	cloud	1	sin_COG	0	1
group_449	cloud	1	sin_COG	0	1
group_446	cloud	1	sin_COG	0	1
styA	cloud	1	sin_COG	0	1
group_445	cloud	1	sin_COG	0	1
group_441	cloud	1	sin_COG	0	1
group_440	cloud	1	sin_COG	0	1
group_439	cloud	1	sin_COG	0	1
group_438	cloud	1	sin_COG	0	1
group_435	cloud	1	sin_COG	0	1
group_433	cloud	1	sin_COG	0	1
group_432	cloud	1	sin_COG	0	1
group_430	cloud	1	sin_COG	0	1
group_424	cloud	1	sin_COG	0	1
group_422	cloud	1	sin_COG	0	1
group_421	cloud	1	sin_COG	0	1
group_420	cloud	1	sin_COG	0	1
group_419	cloud	1	sin_COG	0	1
group_414	cloud	1	sin_COG	0	1
hipA	cloud	1	sin_COG	0	1
group_408	cloud	1	sin_COG	0	1
group_405	cloud	1	sin_COG	0	1
group_398	cloud	1	sin_COG	0	1
group_396	cloud	1	sin_COG	0	1
group_395	cloud	1	sin_COG	0	1
group_393	cloud	1	sin_COG	0	1
group_392	cloud	1	sin_COG	0	1
group_391	cloud	1	sin_COG	0	1
umuC	cloud	1	sin_COG	0	1
group_390	cloud	1	sin_COG	0	1
group_389	cloud	1	sin_COG	0	1
group_388	cloud	1	sin_COG	0	1
group_387	cloud	1	sin_COG	0	1
group_386	cloud	1	sin_COG	0	1
group_383	cloud	1	sin_COG	0	1
group_382	cloud	1	sin_COG	0	1
group_381	cloud	1	sin_COG	0	1
group_379	cloud	1	sin_COG	0	1
group_376	cloud	1	sin_COG	0	1
group_373	cloud	1	sin_COG	0	1
group_371	cloud	1	sin_COG	0	1
group_369	cloud	1	sin_COG	0	1
group_367	cloud	1	sin_COG	0	1
group_363	cloud	1	sin_COG	0	1
group_362	cloud	1	sin_COG	0	1
group_361	exclusivo	0	sin_COG	0	1
group_358	cloud	1	sin_COG	0	1
group_353	cloud	1	sin_COG	0	1
group_352	cloud	1	sin_COG	0	1
group_351	cloud	1	sin_COG	0	1
group_350	cloud	1	sin_COG	0	1
group_349	cloud	1	sin_COG	0	1
group_348	cloud	1	sin_COG	0	1
group_347	cloud	1	sin_COG	0	1
group_346	cloud	1	sin_COG	0	1
group_344	cloud	1	sin_COG	0	1
group_340	cloud	1	sin_COG	0	1
group_339	cloud	1	sin_COG	0	1
group_338	cloud	1	sin_COG	0	1
zorC	cloud	1	sin_COG	0	1
group_336	cloud	1	sin_COG	0	1
group_335	cloud	1	sin_COG	0	1
group_334	cloud	1	sin_COG	0	1
group_333	cloud	1	sin_COG	0	1
group_332	cloud	1	sin_COG	0	1
group_328	cloud	1	sin_COG	0	1
group_327	cloud	1	sin_COG	0	1
group_326	cloud	1	sin_COG	0	1
group_324	cloud	1	sin_COG	0	1
group_323	cloud	1	sin_COG	0	1
group_322	exclusivo	0	sin_COG	0	1
group_321	cloud	1	sin_COG	0	1
group_320	cloud	1	sin_COG	0	1
group_319	cloud	1	sin_COG	0	1
group_316	cloud	1	sin_COG	0	1
group_313	cloud	1	sin_COG	0	1
group_312	cloud	1	sin_COG	0	1
group_308	cloud	1	sin_COG	0	1
group_307	cloud	1	sin_COG	0	1
group_306	cloud	1	sin_COG	0	1
group_305	cloud	1	sin_COG	0	1
group_304	cloud	1	sin_COG	0	1
group_301	cloud	1	sin_COG	0	1
group_299	cloud	1	sin_COG	0	1
dprA	cloud	1	sin_COG	0	1
tolA	cloud	1	sin_COG	0	1
group_296	cloud	1	sin_COG	0	1
group_295	cloud	1	sin_COG	0	1
group_294	cloud	1	sin_COG	0	1
group_292	cloud	1	sin_COG	0	1
group_291	cloud	1	sin_COG	0	1
group_290	cloud	1	sin_COG	0	1
group_287	cloud	1	sin_COG	0	1
group_286	cloud	1	sin_COG	0	1
group_284	cloud	1	sin_COG	0	1
group_282	cloud	1	sin_COG	0	1
group_280	cloud	1	sin_COG	0	1
group_279	cloud	1	sin_COG	0	1
group_278	cloud	1	sin_COG	0	1
group_276	cloud	1	O	1	1
group_274	cloud	1	sin_COG	0	1
group_273	cloud	1	sin_COG	0	1
group_271	cloud	1	sin_COG	0	1
group_269	cloud	1	sin_COG	0	1
group_268	cloud	1	sin_COG	0	1
tnsD	cloud	1	sin_COG	0	1
group_264	cloud	1	sin_COG	0	1
group_263	cloud	1	sin_COG	0	1
group_262	cloud	1	sin_COG	0	1
group_261	cloud	1	sin_COG	0	1
group_259	cloud	1	sin_COG	0	1
group_256	cloud	1	sin_COG	0	1
group_255	cloud	1	sin_COG	0	1
group_253	cloud	1	sin_COG	0	1
group_252	cloud	1	sin_COG	0	1
group_251	cloud	1	sin_COG	0	1
group_250	cloud	1	sin_COG	0	1
group_247	cloud	1	sin_COG	0	1
group_246	cloud	1	sin_COG	0	1
group_245	cloud	1	sin_COG	0	1
group_244	cloud	1	sin_COG	0	1
group_243	cloud	1	sin_COG	0	1
tnsE	cloud	1	sin_COG	0	1
group_242	cloud	1	sin_COG	0	1
group_240	cloud	1	sin_COG	0	1
group_239	cloud	1	sin_COG	0	1
group_237	cloud	1	sin_COG	0	1
groL	cloud	1	O	1	1
actP	cloud	1	sin_COG	0	1
group_232	cloud	1	sin_COG	0	1
pglL	cloud	1	sin_COG	0	1
group_228	cloud	1	sin_COG	0	1
group_226	cloud	1	sin_COG	0	1
group_225	cloud	1	sin_COG	0	1
group_222	cloud	1	sin_COG	0	1
group_220	cloud	1	sin_COG	0	1
group_219	cloud	1	sin_COG	0	1
group_215	cloud	1	sin_COG	0	1
merA	cloud	1	P	1	1
kdpA	cloud	1	sin_COG	0	1
group_210	cloud	1	sin_COG	0	1
group_209	cloud	1	sin_COG	0	1
group_208	cloud	1	sin_COG	0	1
group_206	cloud	1	sin_COG	0	1
group_203	exclusivo	0	sin_COG	0	1
group_202	cloud	1	sin_COG	0	1
group_201	cloud	1	sin_COG	0	1
group_200	cloud	1	sin_COG	0	1
group_198	cloud	1	sin_COG	0	1
group_197	cloud	1	sin_COG	0	1
group_195	cloud	1	sin_COG	0	1
group_193	cloud	1	sin_COG	0	1
group_192	cloud	1	sin_COG	0	1
group_190	cloud	1	sin_COG	0	1
gmrSD	cloud	1	V	1	1
group_188	cloud	1	sin_COG	0	1
vapE	cloud	1	sin_COG	0	1
terL	cloud	1	sin_COG	0	1
group_184	cloud	1	sin_COG	0	1
group_180	cloud	1	sin_COG	0	1
group_177	cloud	1	sin_COG	0	1
group_175	cloud	1	sin_COG	0	1
group_172	cloud	1	sin_COG	0	1
group_170	cloud	1	sin_COG	0	1
group_167	cloud	1	sin_COG	0	1
tetM	cloud	1	J	1	1
group_165	cloud	1	sin_COG	0	1
group_164	cloud	1	sin_COG	0	1
group_163	cloud	1	sin_COG	0	1
group_162	cloud	1	sin_COG	0	1
group_161	exclusivo	0	sin_COG	0	1
group_160	cloud	1	sin_COG	0	1
group_159	cloud	1	sin_COG	0	1
group_158	cloud	1	sin_COG	0	1
group_157	cloud	1	sin_COG	0	1
group_155	cloud	1	sin_COG	0	1
group_154	cloud	1	sin_COG	0	1
group_152	cloud	1	sin_COG	0	1
group_151	cloud	1	sin_COG	0	1
group_148	cloud	1	sin_COG	0	1
group_147	cloud	1	sin_COG	0	1
group_145	cloud	1	sin_COG	0	1
group_143	cloud	1	sin_COG	0	1
group_142	cloud	1	sin_COG	0	1
group_141	cloud	1	sin_COG	0	1
group_140	cloud	1	sin_COG	0	1
kdpB	cloud	1	sin_COG	0	1
group_139	cloud	1	sin_COG	0	1
group_136	cloud	1	sin_COG	0	1
csgG	cloud	1	sin_COG	0	1
group_135	cloud	1	sin_COG	0	1
group_134	cloud	1	sin_COG	0	1
group_133	cloud	1	sin_COG	0	1
brxL	cloud	1	O	1	1
group_132	cloud	1	sin_COG	0	1
recQ	cloud	1	sin_COG	0	1
group_131	cloud	1	sin_COG	0	1
group_129	cloud	1	sin_COG	0	1
yfjI	cloud	1	sin_COG	0	1
group_128	cloud	1	sin_COG	0	1
group_127	cloud	1	sin_COG	0	1
group_126	cloud	1	sin_COG	0	1
group_125	cloud	1	sin_COG	0	1
mcrB	cloud	1	sin_COG	0	1
group_124	cloud	1	sin_COG	0	1
group_123	exclusivo	0	sin_COG	0	1
group_122	cloud	1	sin_COG	0	1
group_118	cloud	1	sin_COG	0	1
phoX	cloud	1	sin_COG	0	1
group_116	cloud	1	sin_COG	0	1
group_115	cloud	1	sin_COG	0	1
actA	cloud	1	sin_COG	0	1
group_107	cloud	1	sin_COG	0	1
group_105	cloud	1	sin_COG	0	1
group_102	cloud	1	sin_COG	0	1
group_101	cloud	1	sin_COG	0	1
group_97	cloud	1	sin_COG	0	1
group_96	cloud	1	sin_COG	0	1
group_94	cloud	1	sin_COG	0	1
group_93	cloud	1	sin_COG	0	1
group_92	cloud	1	sin_COG	0	1
group_90	cloud	1	sin_COG	0	1
group_89	cloud	1	sin_COG	0	1
group_88	cloud	1	sin_COG	0	1
dnaK	cloud	1	sin_COG	0	1
porX	cloud	1	U	1	1
group_87	cloud	1	sin_COG	0	1
group_86	cloud	1	sin_COG	0	1
acuC	cloud	1	sin_COG	0	1
group_85	cloud	1	sin_COG	0	1
group_84	exclusivo	0	sin_COG	0	1
group_83	cloud	1	sin_COG	0	1
group_81	cloud	1	sin_COG	0	1
group_79	cloud	1	sin_COG	0	1
group_78	cloud	1	sin_COG	0	1
group_76	cloud	1	sin_COG	0	1
group_75	cloud	1	sin_COG	0	1
group_74	cloud	1	sin_COG	0	1
pglZ	cloud	1	U	1	1
group_72	cloud	1	sin_COG	0	1
group_71	cloud	1	sin_COG	0	1
group_70	cloud	1	sin_COG	0	1
group_69	cloud	1	sin_COG	0	1
group_68	cloud	1	sin_COG	0	1
group_67	cloud	1	sin_COG	0	1
group_66	cloud	1	sin_COG	0	1
group_65	cloud	1	sin_COG	0	1
group_64	cloud	1	sin_COG	0	1
group_61	cloud	1	sin_COG	0	1
group_59	cloud	1	sin_COG	0	1
group_58	exclusivo	0	sin_COG	0	1
group_56	cloud	1	sin_COG	0	1
group_55	cloud	1	sin_COG	0	1
group_53	cloud	1	sin_COG	0	1
group_52	cloud	1	sin_COG	0	1
group_50	cloud	1	sin_COG	0	1
group_49	cloud	1	sin_COG	0	1
group_47	cloud	1	sin_COG	0	1
group_46	cloud	1	sin_COG	0	1
group_45	cloud	1	sin_COG	0	1
group_44	cloud	1	sin_COG	0	1
group_42	cloud	1	sin_COG	0	1
group_41	cloud	1	sin_COG	0	1
group_39	cloud	1	sin_COG	0	1
group_36	cloud	1	sin_COG	0	1
group_35	cloud	1	sin_COG	0	1
group_33	cloud	1	sin_COG	0	1
group_32	cloud	1	sin_COG	0	1
group_31	cloud	1	sin_COG	0	1
group_29	cloud	1	sin_COG	0	1
group_28	cloud	1	sin_COG	0	1
group_27	cloud	1	sin_COG	0	1
group_26	cloud	1	sin_COG	0	1
group_25	cloud	1	sin_COG	0	1
brxC	cloud	1	sin_COG	0	1
pglX	cloud	1	sin_COG	0	1
group_23	cloud	1	sin_COG	0	1
group_22	cloud	1	sin_COG	0	1
group_21	cloud	1	sin_COG	0	1
group_20	cloud	1	sin_COG	0	1
group_19	cloud	1	sin_COG	0	1
group_18	cloud	1	sin_COG	0	1
group_17	cloud	1	sin_COG	0	1
group_16	cloud	1	sin_COG	0	1
pilC	cloud	1	sin_COG	0	1
pilY	cloud	1	sin_COG	0	1
group_15	cloud	1	sin_COG	0	1
group_14	cloud	1	sin_COG	0	1
group_13	cloud	1	sin_COG	0	1
pilY1	cloud	1	sin_COG	0	1
group_12	cloud	1	sin_COG	0	1
group_11	cloud	1	sin_COG	0	1
group_9	cloud	1	sin_COG	0	1
group_6	cloud	1	sin_COG	0	1
group_5	cloud	1	sin_COG	0	1
group_4	cloud	1	sin_COG	0	1
group_3	cloud	1	sin_COG	0	1
group_2	cloud	1	sin_COG	0	1
group_1	cloud	1	sin_COG	0	1
