bin	genoma_original	locus_tag	tipo_feature	contig	largo_contig	gc_contig	inicio	fin	hebra	dist_borde_pb	largo_aa	gen	producto	pseudo	familia	estado_panaroo	n_ref	f_ref	categoria_95	categoria_90	accesorio	solo_cloud	exclusivo_candidato
bin_4_52	bin-4-52	bin_4_52_00001	cds	contig_1	4433	0.3519	189	698	+	188	169		hypothetical protein	no		no_en_pangenoma			no_en_pangenoma	no_en_pangenoma			no
bin_4_52	bin-4-52	bin_4_52_00002	cds	contig_1	4433	0.3519	706	3198	+	705	830		AAA family ATPase	no		no_en_pangenoma			no_en_pangenoma	no_en_pangenoma			no
bin_4_52	bin-4-52	bin_4_52_00003	cds	contig_1	4433	0.3519	3195	4331	+	102	378		hypothetical protein	no		no_en_pangenoma			no_en_pangenoma	no_en_pangenoma			no
bin_4_52	bin-4-52	bin_4_52_00004	cds	contig_2	14524	0.4118	766	2781	-	765	671		TonB-dependent copper receptor	no	group_4985	en_familia	23	1.0000	core	core	no	no	no
bin_4_52	bin-4-52	bin_4_52_00005	cds	contig_2	14524	0.4118	2853	3272	-	2852	139		DUF2946 domain-containing protein	no	group_4305	en_familia	23	1.0000	core	core	no	no	no
bin_4_52	bin-4-52	bin_4_52_00006	cds	contig_2	14524	0.4118	3365	3895	-	3364	176	def	peptide deformylase	no	def	en_familia	23	1.0000	core	core	no	no	no
bin_4_52	bin-4-52	bin_4_52_00007	cds	contig_2	14524	0.4118	4016	5170	+	4015	384	lysM	LysM domain-containing protein	no	group_4304	en_familia	23	1.0000	core	core	no	no	no
bin_4_52	bin-4-52	bin_4_52_00008	cds	contig_2	14524	0.4118	5263	6402	+	5262	379	dprA	DNA-processing protein DprA	no	group_4000	en_familia	23	1.0000	core	core	no	no	no
bin_4_52	bin-4-52	bin_4_52_00009	cds	contig_2	14524	0.4118	6443	7018	+	6442	191		Threonylcarbamoyl-AMP synthase	no	group_4649	en_familia	23	1.0000	core	core	no	no	no
bin_4_52	bin-4-52	bin_4_52_00010	cds	contig_2	14524	0.4118	7416	8327	-	6197	303		DMT family transporter	no	group_3616	en_familia	19	0.8261	shell	shell	si	no	no
bin_4_52	bin-4-52	bin_4_52_00011	cds	contig_2	14524	0.4118	8550	9095	+	5429	181		Glutathione peroxidase	no	group_3453	en_familia	23	1.0000	core	core	no	no	no
bin_4_52	bin-4-52	bin_4_52_00012	cds	contig_2	14524	0.4118	9309	9689	+	4835	126	rcnB	RcnB family protein	no	group_4263	en_familia	23	1.0000	core	core	no	no	no
bin_4_52	bin-4-52	bin_4_52_00013	cds	contig_2	14524	0.4118	9850	10458	+	4066	202		Lipoprotein	no	group_4976	en_familia	23	1.0000	core	core	no	no	no
bin_4_52	bin-4-52	bin_4_52_00014	cds	contig_2	14524	0.4118	10593	11969	-	2555	458		Aldehyde dehydrogenase domain-containing protein	no	group_4262	en_familia	23	1.0000	core	core	no	no	no
bin_4_52	bin-4-52	bin_4_52_00015	cds	contig_2	14524	0.4118	12329	13501	+	1023	390		SIR2 family protein	no	group_549	en_familia	2	0.0870	cloud	cloud	si	si	no
bin_4_52	bin-4-52	bin_4_52_00016	cds	contig_2	14524	0.4118	13501	14394	+	130	297	herA	helicase HerA domain-containing protein	no	herA	en_familia	2	0.0870	cloud	cloud	si	si	no
bin_4_52	bin-4-52	bin_4_52_00018	cds	contig_3	20080	0.4240	283	909	-	282	208		Superoxide dismutase	no	group_4644	en_familia	23	1.0000	core	core	no	no	no
bin_4_52	bin-4-52	bin_4_52_00019	cds	contig_3	20080	0.4240	1064	1822	-	1063	252		Nif3-like dinuclear metal center hexameric protein	no	group_5078	en_familia	23	1.0000	core	core	no	no	no
bin_4_52	bin-4-52	bin_4_52_00020	cds	contig_3	20080	0.4240	1995	3176	+	1994	393		Serine protease	no	group_5226	en_familia	23	1.0000	core	core	no	no	no
bin_4_52	bin-4-52	bin_4_52_00021	cds	contig_3	20080	0.4240	3317	3574	+	3316	85		DUF2249 domain-containing protein	no	group_5029	en_familia	23	1.0000	core	core	no	no	no
bin_4_52	bin-4-52	bin_4_52_00022	cds	contig_3	20080	0.4240	3655	4446	+	3654	263	rutD	pyrimidine utilization protein D	no	rutD	en_familia	23	1.0000	core	core	no	no	no
bin_4_52	bin-4-52	bin_4_52_00023	cds	contig_3	20080	0.4240	4795	5901	+	4794	368	rutA	pyrimidine utilization protein A	no	ycdM~~~rutA	en_familia	23	1.0000	core	core	no	no	no
bin_4_52	bin-4-52	bin_4_52_00024	cds	contig_3	20080	0.4240	5898	6659	+	5897	253	rutB	pyrimidine utilization protein B	no	rutB	en_familia	23	1.0000	core	core	no	no	no
bin_4_52	bin-4-52	bin_4_52_00025	cds	contig_3	20080	0.4240	6693	7073	+	6692	126	rutC	pyrimidine utilization protein C	no	rutC	en_familia	23	1.0000	core	core	no	no	no
bin_4_52	bin-4-52	bin_4_52_00026	cds	contig_3	20080	0.4240	7153	7734	+	7152	193	rutF	NADH-dependent FMN reductase RutF	no	rutF	en_familia	23	1.0000	core	core	no	no	no
bin_4_52	bin-4-52	bin_4_52_00027	cds	contig_3	20080	0.4240	7768	9129	+	7767	453	rutG	pyrimidine utilization transport protein G	no	rutG	en_familia	23	1.0000	core	core	no	no	no
bin_4_52	bin-4-52	bin_4_52_00028	cds	contig_3	20080	0.4240	9181	10020	+	9180	279		3-hydroxyisobutyrate dehydrogenase	no	group_5218	en_familia	23	1.0000	core	core	no	no	no
bin_4_52	bin-4-52	bin_4_52_00029	cds	contig_3	20080	0.4240	10155	10547	-	9533	130	yurZ	4-carboxymuconolactone decarboxylase	no	yurZ	en_familia	23	1.0000	core	core	no	no	no
bin_4_52	bin-4-52	bin_4_52_00030	cds	contig_3	20080	0.4240	10714	13218	-	6862	834		Acyl-coenzyme A dehydrogenase	no	group_5093	en_familia	23	1.0000	core	core	no	no	no
bin_4_52	bin-4-52	bin_4_52_00031	cds	contig_3	20080	0.4240	13570	14583	-	5497	337	lipA	lipoyl synthase	no	group_4681	en_familia	23	1.0000	core	core	no	no	no
bin_4_52	bin-4-52	bin_4_52_00032	cds	contig_3	20080	0.4240	14801	16216	+	3864	471	sthA	Si-specific NAD(P)(+) transhydrogenase	no	sthA	en_familia	23	1.0000	core	core	no	no	no
bin_4_52	bin-4-52	bin_4_52_00033	cds	contig_3	20080	0.4240	16357	16686	-	3394	109		Four-helix bundle copper-binding protein	no	group_3868	en_familia	23	1.0000	core	core	no	no	no
bin_4_52	bin-4-52	bin_4_52_00034	cds	contig_3	20080	0.4240	17290	17424	-	2656	44		Signal pepetide	no	group_3664	en_familia	21	0.9130	shell	core	si	no	no
bin_4_52	bin-4-52	bin_4_52_00035	cds	contig_3	20080	0.4240	17417	18625	-	1455	402		Major facilitator superfamily (MFS) profile domain-containing protein	no	group_5398	en_familia	23	1.0000	core	core	no	no	no
bin_4_52	bin-4-52	bin_4_52_00036	cds	contig_3	20080	0.4240	18779	19849	-	231	356	ompW	OmpW family protein	no	group_5387	en_familia	22	0.9565	core	core	no	no	no
bin_4_52	bin-4-52	bin_4_52_00037	cds	contig_4	18372	0.3996	267	1145	+	266	292		SMODS and SLOG-associating 2TM effector domain-containing protein	no		no_en_pangenoma			no_en_pangenoma	no_en_pangenoma			no
bin_4_52	bin-4-52	bin_4_52_00038	cds	contig_4	18372	0.3996	1166	2176	+	1165	336		Nucleotidyltransferase	no		no_en_pangenoma			no_en_pangenoma	no_en_pangenoma			no
bin_4_52	bin-4-52	bin_4_52_00039	cds	contig_4	18372	0.3996	2373	2897	+	2372	174		hypothetical protein	no		no_en_pangenoma			no_en_pangenoma	no_en_pangenoma			no
bin_4_52	bin-4-52	bin_4_52_00040	cds	contig_4	18372	0.3996	3441	4307	+	3440	288	purU	formyltetrahydrofolate deformylase	no	group_4836	en_familia	2	0.0870	cloud	cloud	si	si	no
bin_4_52	bin-4-52	bin_4_52_00041	cds	contig_4	18372	0.3996	4304	5200	+	4303	298	folD	Bifunctional protein FolD	no	folD	en_familia	2	0.0870	cloud	cloud	si	si	no
bin_4_52	bin-4-52	bin_4_52_00042	cds	contig_4	18372	0.3996	5242	6480	+	5241	412		Sarcosine oxidase beta subunit	no	group_486	en_familia	2	0.0870	cloud	cloud	si	si	no
bin_4_52	bin-4-52	bin_4_52_00043	cds	contig_4	18372	0.3996	6492	6821	+	6491	109		Sarcosine oxidase, delta subunit	no	group_3952	en_familia	2	0.0870	cloud	cloud	si	si	no
bin_4_52	bin-4-52	bin_4_52_00044	cds	contig_4	18372	0.3996	6818	9733	+	6817	971		Glycine cleavage system T protein	no	group_4835	en_familia	2	0.0870	cloud	cloud	si	si	no
bin_4_52	bin-4-52	bin_4_52_00045	cds	contig_4	18372	0.3996	9736	10398	+	7974	220		Aminomethyltransferase folate-binding domain-containing protein	no	group_1392	en_familia	0	0.0000	exclusivo	exclusivo	no	no	si
bin_4_52	bin-4-52	bin_4_52_00046	cds	contig_4	18372	0.3996	10907	12223	-	6149	438		Ammonium transporter	no	group_5318	en_familia	2	0.0870	cloud	cloud	si	si	no
bin_4_52	bin-4-52	bin_4_52_00047	cds	contig_4	18372	0.3996	12436	13035	-	5337	199		HTH cro/C1-type domain-containing protein	no	group_5265	en_familia	2	0.0870	cloud	cloud	si	si	no
bin_4_52	bin-4-52	bin_4_52_00048	cds	contig_4	18372	0.3996	13324	14712	+	3660	462	glnT	type III glutamate--ammonia ligase	no	glnT	en_familia	2	0.0870	cloud	cloud	si	si	no
bin_4_52	bin-4-52	bin_4_52_00049	cds	contig_4	18372	0.3996	14759	15670	+	2702	303		Glutamine amidotransferase type-2 domain-containing protein	no	group_4813	en_familia	2	0.0870	cloud	cloud	si	si	no
bin_4_52	bin-4-52	bin_4_52_00050	cds	contig_4	18372	0.3996	15699	16424	+	1948	241		Glutamate synthase alpha subunit C-terminal domain-containing protein	no	group_3901	en_familia	2	0.0870	cloud	cloud	si	si	no
bin_4_52	bin-4-52	bin_4_52_00051	cds	contig_4	18372	0.3996	16452	17786	+	586	444	gltB2	N-methylglutamate synthase subunit C	no	gltB2	en_familia	2	0.0870	cloud	cloud	si	si	no
bin_4_52	bin-4-52	bin_4_52_00052	cds	contig_4	18372	0.3996	17983	18180	-	192	65		hypothetical protein	no		no_en_pangenoma			no_en_pangenoma	no_en_pangenoma			no
bin_4_52	bin-4-52	bin_4_52_00053	cds	contig_5	26545	0.4471	61	2214	-	60	717	fadB	fatty acid oxidation complex subunit alpha FadB	no	fadB	en_familia	23	1.0000	core	core	no	no	no
bin_4_52	bin-4-52	bin_4_52_00054	cds	contig_5	26545	0.4471	2728	3789	+	2727	353	dosC	Diguanylate cyclase DosC	no	dosC	en_familia	23	1.0000	core	core	no	no	no
bin_4_52	bin-4-52	bin_4_52_00055	cds	contig_5	26545	0.4471	3922	4338	+	3921	138		PH domain-containing protein	no	group_2043	en_familia	23	1.0000	core	core	no	no	no
bin_4_52	bin-4-52	bin_4_52_00056	cds	contig_5	26545	0.4471	4359	5408	-	4358	349		AAA family ATPase	no	group_4569	en_familia	23	1.0000	core	core	no	no	no
bin_4_52	bin-4-52	bin_4_52_00057	cds	contig_5	26545	0.4471	5617	7434	+	5616	605	uvrC	excinuclease ABC subunit UvrC	no	uvrC	en_familia	23	1.0000	core	core	no	no	no
bin_4_52	bin-4-52	bin_4_52_00058	cds	contig_5	26545	0.4471	7551	8345	+	7550	264		Acyl-CoA thioesterase II	no	group_1141	en_familia	23	1.0000	core	core	no	no	no
bin_4_52	bin-4-52	bin_4_52_00059	cds	contig_5	26545	0.4471	8453	9040	+	8452	195	pgsA	CDP-diacylglycerol--glycerol-3-phosphate 3-phosphatidyltransferase	no	pgsA	en_familia	23	1.0000	core	core	no	no	no
bin_4_52	bin-4-52	bin_4_52_00060	cds	contig_5	26545	0.4471	10144	10413	-	10143	89		oxidative damage protection protein	no	group_2553	en_familia	23	1.0000	core	core	no	no	no
bin_4_52	bin-4-52	bin_4_52_00061	cds	contig_5	26545	0.4471	10443	11822	-	10442	459	argH	argininosuccinate lyase	no	argH	en_familia	23	1.0000	core	core	no	no	no
bin_4_52	bin-4-52	bin_4_52_00062	cds	contig_5	26545	0.4471	11864	13018	+	11863	384		Signal transduction histidine kinase internal region domain-containing protein	no	group_3477	en_familia	23	1.0000	core	core	no	no	no
bin_4_52	bin-4-52	bin_4_52_00063	cds	contig_5	26545	0.4471	13075	13815	+	12730	246		Response regulatory domain-containing protein	no	group_1244	en_familia	23	1.0000	core	core	no	no	no
bin_4_52	bin-4-52	bin_4_52_00064	cds	contig_5	26545	0.4471	13922	14842	+	11703	306	hemC	hydroxymethylbilane synthase	no	hemC	en_familia	23	1.0000	core	core	no	no	no
bin_4_52	bin-4-52	bin_4_52_00065	cds	contig_5	26545	0.4471	14848	15627	+	10918	259		Uroporphyrinogen-III synthase	no	group_4124	en_familia	23	1.0000	core	core	no	no	no
bin_4_52	bin-4-52	bin_4_52_00066	cds	contig_5	26545	0.4471	15624	16451	+	10094	275		Uroporphyrin-III methyltransferase	no	group_3414	en_familia	23	1.0000	core	core	no	no	no
bin_4_52	bin-4-52	bin_4_52_00067	cds	contig_5	26545	0.4471	16458	17651	+	8894	397	hemY	HemY N-terminal domain-containing protein	no	hemY	en_familia	23	1.0000	core	core	no	no	no
bin_4_52	bin-4-52	bin_4_52_00068	cds	contig_5	26545	0.4471	17662	18090	+	8455	142		Thioesterase domain-containing protein	no	group_4413	en_familia	23	1.0000	core	core	no	no	no
bin_4_52	bin-4-52	bin_4_52_00069	cds	contig_5	26545	0.4471	18236	18559	+	7986	107		DNA-binding protein H-NS-like C-terminal domain-containing protein	no	group_2353	en_familia	23	1.0000	core	core	no	no	no
bin_4_52	bin-4-52	bin_4_52_00070	cds	contig_5	26545	0.4471	18744	19487	+	7058	247		Type II secretion system protein N	no	group_4414	en_familia	23	1.0000	core	core	no	no	no
bin_4_52	bin-4-52	bin_4_52_00071	cds	contig_5	26545	0.4471	19487	20353	+	6192	288		Type II secretion system protein C	no	group_3744	en_familia	23	1.0000	core	core	no	no	no
bin_4_52	bin-4-52	bin_4_52_00072	cds	contig_5	26545	0.4471	20392	22644	+	3901	750	gspD	type II secretion system secretin GspD	no	gspD	en_familia	23	1.0000	core	core	no	no	no
bin_4_52	bin-4-52	bin_4_52_00073	cds	contig_5	26545	0.4471	22709	23362	+	3183	217		FHA domain-containing protein	no	group_1403	en_familia	23	1.0000	core	core	no	no	no
bin_4_52	bin-4-52	bin_4_52_00074	cds	contig_5	26545	0.4471	23445	24113	+	2432	222		phosphoglycolate phosphatase	no	group_1374	en_familia	23	1.0000	core	core	no	no	no
bin_4_52	bin-4-52	bin_4_52_00075	cds	contig_5	26545	0.4471	24222	25715	+	830	497	trpE	anthranilate synthase component I	no	trpE	en_familia	23	1.0000	core	core	no	no	no
bin_4_52	bin-4-52	bin_4_52_00080	cds	contig_6	12939	0.3711	132	1973	-	131	613		TerB-C domain-containing protein	no		no_en_pangenoma			no_en_pangenoma	no_en_pangenoma			no
bin_4_52	bin-4-52	bin_4_52_00081	cds	contig_6	12939	0.3711	1973	3139	-	1972	388		DNA 3'-5' helicase II	no		no_en_pangenoma			no_en_pangenoma	no_en_pangenoma			no
bin_4_52	bin-4-52	bin_4_52_00082	cds	contig_6	12939	0.3711	3142	5559	-	3141	805		Hsp70 family protein	no		no_en_pangenoma			no_en_pangenoma	no_en_pangenoma			no
bin_4_52	bin-4-52	bin_4_52_00083	cds	contig_6	12939	0.3711	5669	6193	-	5668	174		IS3 family transposase	no		no_en_pangenoma			no_en_pangenoma	no_en_pangenoma			no
bin_4_52	bin-4-52	bin_4_52_00084	cds	contig_6	12939	0.3711	6207	6542	-	6206	111		(pseudo) transposase	si		no_en_pangenoma			no_en_pangenoma	no_en_pangenoma			no
bin_4_52	bin-4-52	bin_4_52_00085	cds	contig_6	12939	0.3711	6582	6929	-	6010	115		(pseudo) transposase	si		no_en_pangenoma			no_en_pangenoma	no_en_pangenoma			no
bin_4_52	bin-4-52	bin_4_52_00086	cds	contig_6	12939	0.3711	7139	7576	-	5363	145		HTH-like domain protein	no		no_en_pangenoma			no_en_pangenoma	no_en_pangenoma			no
bin_4_52	bin-4-52	bin_4_52_00087	cds	contig_6	12939	0.3711	7576	7893	-	5046	105	tnp	IS3 family transposase ORF A	no		no_en_pangenoma			no_en_pangenoma	no_en_pangenoma			no
bin_4_52	bin-4-52	bin_4_52_00088	cds	contig_6	12939	0.3711	8090	8686	+	4253	198		transposase	no		no_en_pangenoma			no_en_pangenoma	no_en_pangenoma			no
bin_4_52	bin-4-52	bin_4_52_00089	cds	contig_6	12939	0.3711	8925	9806	-	3133	293		IS982 family transposase	no		no_en_pangenoma			no_en_pangenoma	no_en_pangenoma			no
bin_4_52	bin-4-52	bin_4_52_00090	cds	contig_6	12939	0.3711	9940	10803	+	2136	287		OmpA-like domain-containing protein	no	group_1057	en_familia	3	0.1304	cloud	cloud	si	si	no
bin_4_52	bin-4-52	bin_4_52_00091	cds	contig_6	12939	0.3711	10821	11366	-	1573	181		hypothetical protein	no	group_6014	en_familia	0	0.0000	exclusivo	exclusivo	no	no	si
bin_4_52	bin-4-52	bin_4_52_00092	cds	contig_7	27040	0.3864	202	708	+	201	168		TNase-like domain-containing protein	no	group_6129	en_familia	1	0.0435	cloud	cloud	si	si	no
bin_4_52	bin-4-52	bin_4_52_00093	cds	contig_7	27040	0.3864	714	1022	+	713	102		hypothetical protein	no	group_6123	en_familia	1	0.0435	cloud	cloud	si	si	no
bin_4_52	bin-4-52	bin_4_52_00094	cds	contig_7	27040	0.3864	1328	2677	-	1327	449		ISL3 family transposase	no	group_6127	en_familia	1	0.0435	cloud	cloud	si	si	no
bin_4_52	bin-4-52	bin_4_52_00095	cds	contig_7	27040	0.3864	2690	5974	-	2689	1094		type I site-specific deoxyribonuclease	no	group_6124	en_familia	1	0.0435	cloud	cloud	si	si	no
bin_4_52	bin-4-52	bin_4_52_00096	cds	contig_7	27040	0.3864	5985	7028	-	5984	347		Abi-like protein	no	group_6131	en_familia	1	0.0435	cloud	cloud	si	si	no
bin_4_52	bin-4-52	bin_4_52_00097	cds	contig_7	27040	0.3864	7172	8446	-	7171	424		restriction endonuclease subunit S	no	group_6133	en_familia	0	0.0000	exclusivo	exclusivo	no	no	si
bin_4_52	bin-4-52	bin_4_52_00098	cds	contig_7	27040	0.3864	8449	10452	-	8448	667	hsdM	site-specific DNA-methyltransferase (adenine-specific)	no	hsdM	en_familia	1	0.0435	cloud	cloud	si	si	no
bin_4_52	bin-4-52	bin_4_52_00099	cds	contig_7	27040	0.3864	10621	11100	+	10620	159		hypothetical protein	no	group_6137	en_familia	1	0.0435	cloud	cloud	si	si	no
bin_4_52	bin-4-52	bin_4_52_00100	cds	contig_7	27040	0.3864	11160	14003	-	11159	947		Toprim domain-containing protein	no	group_6122	en_familia	1	0.0435	cloud	cloud	si	si	no
bin_4_52	bin-4-52	bin_4_52_00101	cds	contig_7	27040	0.3864	14301	14963	+	12077	220		Putative auto-transporter adhesin head GIN domain-containing protein	no	group_6132	en_familia	1	0.0435	cloud	cloud	si	si	no
bin_4_52	bin-4-52	bin_4_52_00102	cds	contig_7	27040	0.3864	15108	16787	-	10253	559		Virulence-associated e family protein	no	group_6120	en_familia	1	0.0435	cloud	cloud	si	si	no
bin_4_52	bin-4-52	bin_4_52_00103	cds	contig_7	27040	0.3864	16804	17712	-	9328	302		DUF4868 domain-containing protein	no	group_6118	en_familia	1	0.0435	cloud	cloud	si	si	no
bin_4_52	bin-4-52	bin_4_52_00104	cds	contig_7	27040	0.3864	17781	18980	-	8060	399		FRG domain-containing protein	no	group_6135	en_familia	1	0.0435	cloud	cloud	si	si	no
bin_4_52	bin-4-52	bin_4_52_00105	cds	contig_7	27040	0.3864	19645	19875	+	7165	76		hypothetical protein	no	group_6121	en_familia	1	0.0435	cloud	cloud	si	si	no
bin_4_52	bin-4-52	bin_4_52_00106	cds	contig_7	27040	0.3864	20077	20598	-	6442	173		Lipoprotein	no	group_6136	en_familia	1	0.0435	cloud	cloud	si	si	no
bin_4_52	bin-4-52	bin_4_52_00107	cds	contig_7	27040	0.3864	20954	23617	+	3423	887		DNA topoisomerase	no	group_6119	en_familia	1	0.0435	cloud	cloud	si	si	no
bin_4_52	bin-4-52	bin_4_52_00108	cds	contig_7	27040	0.3864	23634	24641	+	2399	335		hypothetical protein	no	group_6128	en_familia	1	0.0435	cloud	cloud	si	si	no
bin_4_52	bin-4-52	bin_4_52_00109	cds	contig_7	27040	0.3864	24837	25070	+	1970	77		Phage protein	no	group_6134	en_familia	1	0.0435	cloud	cloud	si	si	no
bin_4_52	bin-4-52	bin_4_52_00110	cds	contig_7	27040	0.3864	25151	26857	-	183	568		Zinc-ribbon domain-containing protein	no	group_6130	en_familia	1	0.0435	cloud	cloud	si	si	no
bin_4_52	bin-4-52	bin_4_52_00111	cds	contig_7	27040	0.3864	26814	26945	-	95	43		hypothetical protein	no		no_en_pangenoma			no_en_pangenoma	no_en_pangenoma			no
bin_4_52	bin-4-52	bin_4_52_00112	cds	contig_8	20990	0.4127	226	1677	+	225	483		Lipoprotein	no	group_4791	en_familia	4	0.1739	shell	shell	si	no	no
bin_4_52	bin-4-52	bin_4_52_00113	cds	contig_8	20990	0.4127	1743	2843	+	1742	366		DUF3570 domain-containing protein	no	group_3861	en_familia	3	0.1304	cloud	cloud	si	si	no
bin_4_52	bin-4-52	bin_4_52_00114	cds	contig_8	20990	0.4127	2989	4065	+	2988	358		PNPLA domain-containing protein	no	group_4717	en_familia	22	0.9565	core	core	no	no	no
bin_4_52	bin-4-52	bin_4_52_00115	cds	contig_8	20990	0.4127	4126	4443	+	4125	105		TRAP transporter small permease subunit	no	group_3738	en_familia	22	0.9565	core	core	no	no	no
bin_4_52	bin-4-52	bin_4_52_00116	cds	contig_8	20990	0.4127	4500	6854	-	4499	784		S1 motif domain-containing protein	no	group_4199	en_familia	23	1.0000	core	core	no	no	no
bin_4_52	bin-4-52	bin_4_52_00117	cds	contig_8	20990	0.4127	7181	7945	+	7180	254	ompR	two-component system response regulator OmpR	no	ompR	en_familia	23	1.0000	core	core	no	no	no
bin_4_52	bin-4-52	bin_4_52_00118	cds	contig_8	20990	0.4127	8385	9845	+	8384	486		histidine kinase	no	group_3840	en_familia	23	1.0000	core	core	no	no	no
bin_4_52	bin-4-52	bin_4_52_00119	cds	contig_8	20990	0.4127	10051	11568	+	9422	505		Acetyl-CoA hydrolase/transferase	no	group_275	en_familia	23	1.0000	core	core	no	no	no
bin_4_52	bin-4-52	bin_4_52_00120	cds	contig_8	20990	0.4127	11617	11952	-	9038	111	csgF	Curli production assembly/transport component CsgF	no	csgF	en_familia	22	0.9565	core	core	no	no	no
bin_4_52	bin-4-52	bin_4_52_00121	cds	contig_8	20990	0.4127	12304	12990	+	8000	228		DSBA-like thioredoxin domain-containing protein	no	group_1346	en_familia	23	1.0000	core	core	no	no	no
bin_4_52	bin-4-52	bin_4_52_00122	cds	contig_8	20990	0.4127	13045	13245	-	7745	66		Dodecin	no	group_2844	en_familia	23	1.0000	core	core	no	no	no
bin_4_52	bin-4-52	bin_4_52_00123	cds	contig_8	20990	0.4127	13649	13804	+	7186	51		hypothetical protein	no	group_4466	en_familia	23	1.0000	core	core	no	no	no
bin_4_52	bin-4-52	bin_4_52_00124	cds	contig_8	20990	0.4127	14077	14256	+	6734	59		DUF2496 domain-containing protein	no	group_3390	en_familia	23	1.0000	core	core	no	no	no
bin_4_52	bin-4-52	bin_4_52_00125	cds	contig_8	20990	0.4127	14269	15684	+	5306	471		WYL domain-containing protein	no	group_3604	en_familia	23	1.0000	core	core	no	no	no
bin_4_52	bin-4-52	bin_4_52_00126	cds	contig_8	20990	0.4127	15768	16898	+	4092	376		Selenocysteine synthase	no	group_3781	en_familia	23	1.0000	core	core	no	no	no
bin_4_52	bin-4-52	bin_4_52_00127	cds	contig_8	20990	0.4127	17428	19347	-	1643	639	htpG	molecular chaperone HtpG	no	htpG	en_familia	23	1.0000	core	core	no	no	no
bin_4_52	bin-4-52	bin_4_52_00128	cds	contig_8	20990	0.4127	19460	19804	-	1186	114		Lysozyme inhibitor LprI-like N-terminal domain-containing protein	no	group_3780	en_familia	23	1.0000	core	core	no	no	no
bin_4_52	bin-4-52	bin_4_52_00129	cds	contig_8	20990	0.4127	19972	20607	-	383	211		Outer membrane protein W	no	group_4740	en_familia	4	0.1739	shell	shell	si	no	no
bin_4_52	bin-4-52	bin_4_52_00130	cds	contig_9	103541	0.4410	750	1361	+	749	203		DUF1285 domain-containing protein	no	group_3580	en_familia	23	1.0000	core	core	no	no	no
bin_4_52	bin-4-52	bin_4_52_00131	cds	contig_9	103541	0.4410	1410	2273	+	1409	287	murI	glutamate racemase	no	murI	en_familia	23	1.0000	core	core	no	no	no
bin_4_52	bin-4-52	bin_4_52_00132	cds	contig_9	103541	0.4410	2402	3430	+	2401	342		DUF4062 domain-containing protein	no	group_760	en_familia	23	1.0000	core	core	no	no	no
bin_4_52	bin-4-52	bin_4_52_00133	cds	contig_9	103541	0.4410	3498	4505	+	3497	335	hemH	ferrochelatase	no	hemH	en_familia	23	1.0000	core	core	no	no	no
bin_4_52	bin-4-52	bin_4_52_00134	cds	contig_9	103541	0.4410	4527	5171	+	4526	214		Metallo-beta-lactamase domain-containing protein	no	group_3435	en_familia	23	1.0000	core	core	no	no	no
bin_4_52	bin-4-52	bin_4_52_00135	cds	contig_9	103541	0.4410	5273	5452	-	5272	59		Phosphatidate cytidylyltransferase	no	group_4554	en_familia	23	1.0000	core	core	no	no	no
bin_4_52	bin-4-52	bin_4_52_00136	cds	contig_9	103541	0.4410	5686	5865	-	5685	59		Phosphatidate cytidylyltransferase	no	group_4472	en_familia	22	0.9565	core	core	no	no	no
bin_4_52	bin-4-52	bin_4_52_00137	cds	contig_9	103541	0.4410	6010	6195	-	6009	61	yacG	DNA gyrase inhibitor YacG	no	yacG	en_familia	23	1.0000	core	core	no	no	no
bin_4_52	bin-4-52	bin_4_52_00138	cds	contig_9	103541	0.4410	6285	6923	+	6284	212		tRNA (guanine(46)-N(7))-methyltransferase	no	group_1447	en_familia	23	1.0000	core	core	no	no	no
bin_4_52	bin-4-52	bin_4_52_00139	cds	contig_9	103541	0.4410	6927	8129	+	6926	400		BaiN-like insert domain-containing protein	no	group_4237	en_familia	23	1.0000	core	core	no	no	no
bin_4_52	bin-4-52	bin_4_52_00140	cds	contig_9	103541	0.4410	8212	8622	+	8211	136		CENP-V/GFA domain-containing protein	no	group_4283	en_familia	23	1.0000	core	core	no	no	no
bin_4_52	bin-4-52	bin_4_52_00141	cds	contig_9	103541	0.4410	8640	9203	-	8639	187		hypothetical protein	no	group_4827	en_familia	23	1.0000	core	core	no	no	no
bin_4_52	bin-4-52	bin_4_52_00142	cds	contig_9	103541	0.4410	9227	10009	-	9226	260		Methyltransferase type 11 domain-containing protein	no	group_3933	en_familia	23	1.0000	core	core	no	no	no
bin_4_52	bin-4-52	bin_4_52_00143	cds	contig_9	103541	0.4410	10123	11394	+	10122	423		Alpha/beta hydrolase	no	group_442	en_familia	23	1.0000	core	core	no	no	no
bin_4_52	bin-4-52	bin_4_52_00144	cds	contig_9	103541	0.4410	11516	11713	+	11515	65	ccmD	CcmD family protein	no	ccmD	en_familia	23	1.0000	core	core	no	no	no
bin_4_52	bin-4-52	bin_4_52_00145	cds	contig_9	103541	0.4410	11809	12762	+	11808	317		2-hydroxyacid dehydrogenase	no	group_4468	en_familia	23	1.0000	core	core	no	no	no
bin_4_52	bin-4-52	bin_4_52_00146	cds	contig_9	103541	0.4410	12840	13346	-	12839	168		hypothetical protein	no	group_4378	en_familia	23	1.0000	core	core	no	no	no
bin_4_52	bin-4-52	bin_4_52_00147	cds	contig_9	103541	0.4410	13570	13959	-	13569	129		Orphan lipoprotein	no	group_5008	en_familia	23	1.0000	core	core	no	no	no
bin_4_52	bin-4-52	bin_4_52_00148	cds	contig_9	103541	0.4410	14032	14982	-	14031	316	hrgA	HrgA protein	no	hrgA	en_familia	2	0.0870	cloud	cloud	si	si	no
bin_4_52	bin-4-52	bin_4_52_00149	cds	contig_9	103541	0.4410	15053	17122	-	15052	689		Glycine--tRNA ligase beta subunit	no	group_5158	en_familia	23	1.0000	core	core	no	no	no
bin_4_52	bin-4-52	bin_4_52_00150	cds	contig_9	103541	0.4410	17122	18105	-	17121	327		glycine--tRNA ligase subunit alpha	no	group_4862	en_familia	23	1.0000	core	core	no	no	no
bin_4_52	bin-4-52	bin_4_52_00151	cds	contig_9	103541	0.4410	18201	18659	-	18200	152		SSD domain-containing protein	no	group_4020	en_familia	23	1.0000	core	core	no	no	no
bin_4_52	bin-4-52	bin_4_52_00152	cds	contig_9	103541	0.4410	18845	19954	+	18844	369		CBS domain-containing protein	no	group_653	en_familia	23	1.0000	core	core	no	no	no
bin_4_52	bin-4-52	bin_4_52_00153	cds	contig_9	103541	0.4410	20027	21439	-	20026	470		Citrate transporter-like domain-containing protein	no	group_3471	en_familia	23	1.0000	core	core	no	no	no
bin_4_52	bin-4-52	bin_4_52_00154	cds	contig_9	103541	0.4410	21519	22304	-	21518	261		putative membrane transporter protein	no	group_4570	en_familia	23	1.0000	core	core	no	no	no
bin_4_52	bin-4-52	bin_4_52_00155	cds	contig_9	103541	0.4410	22485	22754	-	22484	89	pspC	Phage shock protein PspC N-terminal domain-containing protein	no	group_3470	en_familia	23	1.0000	core	core	no	no	no
bin_4_52	bin-4-52	bin_4_52_00156	cds	contig_9	103541	0.4410	22989	23675	+	22988	228		Lipoprotein	no	group_3791	en_familia	23	1.0000	core	core	no	no	no
bin_4_52	bin-4-52	bin_4_52_00160	cds	contig_9	103541	0.4410	24440	26281	-	24439	613		long-chain-acyl-CoA synthetase	no	group_181	en_familia	23	1.0000	core	core	no	no	no
bin_4_52	bin-4-52	bin_4_52_00161	cds	contig_9	103541	0.4410	26454	29888	-	26453	1144		Ribonuclease E	no	group_37	en_familia	23	1.0000	core	core	no	no	no
bin_4_52	bin-4-52	bin_4_52_00162	cds	contig_9	103541	0.4410	30660	31628	+	30659	322		Pseudouridine synthase	no	group_3703	en_familia	23	1.0000	core	core	no	no	no
bin_4_52	bin-4-52	bin_4_52_00163	cds	contig_9	103541	0.4410	32004	32672	+	32003	222		HAD family hydrolase	no	group_4693	en_familia	23	1.0000	core	core	no	no	no
bin_4_52	bin-4-52	bin_4_52_00164	cds	contig_9	103541	0.4410	33080	33877	+	33079	265	mhpD	2-keto-4-pentenoate hydratase	no	mhpD	en_familia	23	1.0000	core	core	no	no	no
bin_4_52	bin-4-52	bin_4_52_00165	cds	contig_9	103541	0.4410	33899	34792	+	33898	297		acetaldehyde dehydrogenase (acetylating)	no	group_996	en_familia	23	1.0000	core	core	no	no	no
bin_4_52	bin-4-52	bin_4_52_00166	cds	contig_9	103541	0.4410	34804	35823	+	34803	339	dmpG	4-hydroxy-2-oxovalerate aldolase	no	dmpG	en_familia	23	1.0000	core	core	no	no	no
bin_4_52	bin-4-52	bin_4_52_00167	cds	contig_9	103541	0.4410	36315	37604	+	36314	429		Porin	no	group_4157	en_familia	20	0.8696	shell	shell	si	no	no
bin_4_52	bin-4-52	bin_4_52_00168	cds	contig_9	103541	0.4410	37883	38743	+	37882	286		AB hydrolase-1 domain-containing protein	no	group_4803	en_familia	23	1.0000	core	core	no	no	no
bin_4_52	bin-4-52	bin_4_52_00169	cds	contig_9	103541	0.4410	39138	40040	-	39137	300	hcaR	DNA-binding transcriptional regulator HcaR	no	hcaR	en_familia	23	1.0000	core	core	no	no	no
bin_4_52	bin-4-52	bin_4_52_00170	cds	contig_9	103541	0.4410	40320	41687	+	40319	455	hcaE	3-phenylpropionate/cinnamic acid dioxygenase subunit alpha	no	hcaE	en_familia	23	1.0000	core	core	no	no	no
bin_4_52	bin-4-52	bin_4_52_00171	cds	contig_9	103541	0.4410	41684	42202	+	41683	172	hcaF	3-phenylpropionate/cinnamic acid dioxygenase subunit beta	no	hcaF	en_familia	23	1.0000	core	core	no	no	no
bin_4_52	bin-4-52	bin_4_52_00172	cds	contig_9	103541	0.4410	42202	42528	+	42201	108	hcaC	3-phenylpropionate/cinnamic acid dioxygenase ferredoxin subunit	no	hcaC	en_familia	23	1.0000	core	core	no	no	no
bin_4_52	bin-4-52	bin_4_52_00173	cds	contig_9	103541	0.4410	42531	43346	+	42530	271	hcaB	3-phenylpropionate-dihydrodiol/cinnamic acid-dihydrodiol dehydrogenase	no	hcaB	en_familia	23	1.0000	core	core	no	no	no
bin_4_52	bin-4-52	bin_4_52_00174	cds	contig_9	103541	0.4410	43414	44379	+	43413	321		3-carboxyethylcatechol 2,3-dioxygenase	no	group_4175	en_familia	23	1.0000	core	core	no	no	no
bin_4_52	bin-4-52	bin_4_52_00175	cds	contig_9	103541	0.4410	44384	45613	+	44383	409	hcaD	3-phenylpropionate/cinnamic acid dioxygenase ferredoxin--NAD(+) reductase subunit	no	hcaD	en_familia	23	1.0000	core	core	no	no	no
bin_4_52	bin-4-52	bin_4_52_00176	cds	contig_9	103541	0.4410	45701	45826	-	45700	41		Transposase DDE domain-containing protein	no	group_3404	en_familia	13	0.5652	shell	shell	si	no	no
bin_4_52	bin-4-52	bin_4_52_00177	cds	contig_9	103541	0.4410	45911	46822	+	45910	303	eamA	EamA domain-containing protein	no	group_5179	en_familia	23	1.0000	core	core	no	no	no
bin_4_52	bin-4-52	bin_4_52_00178	cds	contig_9	103541	0.4410	47346	48284	+	47345	312		Cation transporter	no	group_3751	en_familia	22	0.9565	core	core	no	no	no
bin_4_52	bin-4-52	bin_4_52_00179	cds	contig_9	103541	0.4410	48788	50986	+	48787	732	katG	catalase/peroxidase HPI	no	katG	en_familia	22	0.9565	core	core	no	no	no
bin_4_52	bin-4-52	bin_4_52_00180	cds	contig_9	103541	0.4410	51182	52843	+	50698	553		Acyl-CoA dehydrogenase	no	group_4718	en_familia	23	1.0000	core	core	no	no	no
bin_4_52	bin-4-52	bin_4_52_00181	cds	contig_9	103541	0.4410	52990	53181	+	50360	63	arfA	Ribosome alternative rescue factor ArfA	no	arfA	en_familia	22	0.9565	core	core	no	no	no
bin_4_52	bin-4-52	bin_4_52_00182	cds	contig_9	103541	0.4410	53178	55475	-	48066	765	ptsP	phosphoenolpyruvate--protein phosphotransferase	no	ptsP	en_familia	23	1.0000	core	core	no	no	no
bin_4_52	bin-4-52	bin_4_52_00183	cds	contig_9	103541	0.4410	55563	56045	-	47496	160	rppH	RNA pyrophosphohydrolase	no	rppH	en_familia	23	1.0000	core	core	no	no	no
bin_4_52	bin-4-52	bin_4_52_00184	cds	contig_9	103541	0.4410	56226	56876	+	46665	216		HAD hydrolase, family IB	no	group_3512	en_familia	23	1.0000	core	core	no	no	no
bin_4_52	bin-4-52	bin_4_52_00185	cds	contig_9	103541	0.4410	57037	57285	+	46256	82		DUF2789 domain-containing protein	no	group_3357	en_familia	23	1.0000	core	core	no	no	no
bin_4_52	bin-4-52	bin_4_52_00186	cds	contig_9	103541	0.4410	57344	59539	-	44002	731		5-histidylcysteine sulfoxide synthase	no	group_4521	en_familia	23	1.0000	core	core	no	no	no
bin_4_52	bin-4-52	bin_4_52_00187	cds	contig_9	103541	0.4410	59700	60569	-	42972	289		HTH lysR-type domain-containing protein	no	group_3555	en_familia	23	1.0000	core	core	no	no	no
bin_4_52	bin-4-52	bin_4_52_00188	cds	contig_9	103541	0.4410	60812	61051	-	42490	79		DUF2061 domain-containing protein	no	group_4265	en_familia	23	1.0000	core	core	no	no	no
bin_4_52	bin-4-52	bin_4_52_00189	cds	contig_9	103541	0.4410	61319	62752	+	40789	477	leuC	3-isopropylmalate dehydratase large subunit	no	leuC	en_familia	23	1.0000	core	core	no	no	no
bin_4_52	bin-4-52	bin_4_52_00190	cds	contig_9	103541	0.4410	62774	63424	+	40117	216		3-isopropylmalate dehydratase small subunit	no	group_1411	en_familia	23	1.0000	core	core	no	no	no
bin_4_52	bin-4-52	bin_4_52_00191	cds	contig_9	103541	0.4410	63511	64074	+	39467	187		Lipoprotein	no	group_1586	en_familia	23	1.0000	core	core	no	no	no
bin_4_52	bin-4-52	bin_4_52_00192	cds	contig_9	103541	0.4410	64115	65194	+	38347	359	leuB	3-isopropylmalate dehydrogenase	no	leuB	en_familia	23	1.0000	core	core	no	no	no
bin_4_52	bin-4-52	bin_4_52_00193	cds	contig_9	103541	0.4410	65259	65669	-	37872	136		Lipoprotein	no	group_4039	en_familia	23	1.0000	core	core	no	no	no
bin_4_52	bin-4-52	bin_4_52_00194	cds	contig_9	103541	0.4410	65820	66200	-	37341	126		Lipoprotein	no	group_3558	en_familia	22	0.9565	core	core	no	no	no
bin_4_52	bin-4-52	bin_4_52_00195	cds	contig_9	103541	0.4410	66349	66570	-	36971	73	infA	translation initiation factor IF-1	no	infA	en_familia	23	1.0000	core	core	no	no	no
bin_4_52	bin-4-52	bin_4_52_00196	cds	contig_9	103541	0.4410	66802	67809	+	35732	335		HTH araC/xylS-type domain-containing protein	no	araC	en_familia	23	1.0000	core	core	no	no	no
bin_4_52	bin-4-52	bin_4_52_00197	cds	contig_9	103541	0.4410	67899	68696	-	34845	265	truA	tRNA pseudouridine(38-40) synthase TruA	no	truA	en_familia	23	1.0000	core	core	no	no	no
bin_4_52	bin-4-52	bin_4_52_00198	cds	contig_9	103541	0.4410	68715	69698	-	33843	327		L-asparaginase N-terminal domain-containing protein	no	group_4886	en_familia	23	1.0000	core	core	no	no	no
bin_4_52	bin-4-52	bin_4_52_00199	cds	contig_9	103541	0.4410	69729	71138	-	32403	469	fimV	FimV domain-containing protein	no	group_4091	en_familia	23	1.0000	core	core	no	no	no
bin_4_52	bin-4-52	bin_4_52_00200	cds	contig_9	103541	0.4410	71212	72792	-	30749	526	lysM	LysM domain-containing protein	no	group_4015	en_familia	23	1.0000	core	core	no	no	no
bin_4_52	bin-4-52	bin_4_52_00201	cds	contig_9	103541	0.4410	72934	74052	-	29489	372	asd	aspartate-semialdehyde dehydrogenase	no	asd	en_familia	23	1.0000	core	core	no	no	no
bin_4_52	bin-4-52	bin_4_52_00202	cds	contig_9	103541	0.4410	74241	75368	+	28173	375		Endonuclease/exonuclease/phosphatase domain-containing protein	no	group_4014	en_familia	23	1.0000	core	core	no	no	no
bin_4_52	bin-4-52	bin_4_52_00203	cds	contig_9	103541	0.4410	75394	75513	+	28028	39		hypothetical protein	no	group_4860	en_familia	12	0.5217	shell	shell	si	no	no
bin_4_52	bin-4-52	bin_4_52_00204	cds	contig_9	103541	0.4410	76142	77077	-	26464	311		Lipid A biosynthesis acyltransferase	no	group_916	en_familia	23	1.0000	core	core	no	no	no
bin_4_52	bin-4-52	bin_4_52_00205	cds	contig_9	103541	0.4410	77200	79110	-	24431	636	abc-f	ribosomal protection-like ABC-F family protein	no	group_168	en_familia	23	1.0000	core	core	no	no	no
bin_4_52	bin-4-52	bin_4_52_00206	cds	contig_9	103541	0.4410	79146	79391	+	24150	81	slyX	SlyX protein	no	slyX	en_familia	23	1.0000	core	core	no	no	no
bin_4_52	bin-4-52	bin_4_52_00207	cds	contig_9	103541	0.4410	79570	80568	+	22973	332		PIN-like domain-containing protein	no	group_4356	en_familia	23	1.0000	core	core	no	no	no
bin_4_52	bin-4-52	bin_4_52_00208	cds	contig_9	103541	0.4410	80639	81088	+	22453	149		Ammonium transporter AmtB-like domain-containing protein	no	group_4930	en_familia	23	1.0000	core	core	no	no	no
bin_4_52	bin-4-52	bin_4_52_00209	cds	contig_9	103541	0.4410	81121	83763	+	19778	880	topA	type I DNA topoisomerase	no	group_4185	en_familia	23	1.0000	core	core	no	no	no
bin_4_52	bin-4-52	bin_4_52_00210	cds	contig_9	103541	0.4410	83856	84659	+	18882	267		HTH OST-type domain-containing protein	no	group_1132	en_familia	22	0.9565	core	core	no	no	no
bin_4_52	bin-4-52	bin_4_52_00211	cds	contig_9	103541	0.4410	84663	85421	+	18120	252		Signal peptide protein	no	group_5117	en_familia	23	1.0000	core	core	no	no	no
bin_4_52	bin-4-52	bin_4_52_00212	cds	contig_9	103541	0.4410	85544	86686	+	16855	380		Glycerate kinase	no	group_3771	en_familia	23	1.0000	core	core	no	no	no
bin_4_52	bin-4-52	bin_4_52_00213	cds	contig_9	103541	0.4410	86977	88965	+	14576	662		DNA 3'-5' helicase	no	group_150	en_familia	23	1.0000	core	core	no	no	no
bin_4_52	bin-4-52	bin_4_52_00214	cds	contig_9	103541	0.4410	89049	89300	+	14241	83		RRM domain-containing protein	no	group_3364	en_familia	23	1.0000	core	core	no	no	no
bin_4_52	bin-4-52	bin_4_52_00215	cds	contig_9	103541	0.4410	89712	90215	+	13326	167	pasA	PasA protein	no	pasA	en_familia	23	1.0000	core	core	no	no	no
bin_4_52	bin-4-52	bin_4_52_00216	cds	contig_9	103541	0.4410	90319	90597	+	12944	92		DUF3509 domain-containing protein	no	group_2532	en_familia	23	1.0000	core	core	no	no	no
bin_4_52	bin-4-52	bin_4_52_00217	cds	contig_9	103541	0.4410	90658	92373	-	11168	571		RCK N-terminal domain-containing protein	no	group_213	en_familia	23	1.0000	core	core	no	no	no
bin_4_52	bin-4-52	bin_4_52_00218	cds	contig_9	103541	0.4410	92527	92682	-	10859	51	rpmG	50S ribosomal protein L33	no	rpmG	en_familia	23	1.0000	core	core	no	no	no
bin_4_52	bin-4-52	bin_4_52_00219	cds	contig_9	103541	0.4410	92699	92935	-	10606	78	rpmB	50S ribosomal protein L28	no	rpmB	en_familia	23	1.0000	core	core	no	no	no
bin_4_52	bin-4-52	bin_4_52_00220	cds	contig_9	103541	0.4410	93101	94549	-	8992	482		Aldehyde dehydrogenase	no	group_310	en_familia	23	1.0000	core	core	no	no	no
bin_4_52	bin-4-52	bin_4_52_00221	cds	contig_9	103541	0.4410	94638	95405	+	8136	255		HTH tetR-type domain-containing protein	no	group_3859	en_familia	23	1.0000	core	core	no	no	no
bin_4_52	bin-4-52	bin_4_52_00222	cds	contig_9	103541	0.4410	95466	96332	+	7209	288	purU	formyltetrahydrofolate deformylase	no	purU	en_familia	23	1.0000	core	core	no	no	no
bin_4_52	bin-4-52	bin_4_52_00223	cds	contig_9	103541	0.4410	96369	96530	+	7011	53		hypothetical protein	no	group_4153	en_familia	16	0.6957	shell	shell	si	no	no
bin_4_52	bin-4-52	bin_4_52_00224	cds	contig_9	103541	0.4410	96539	97312	+	6229	257		TonB-dependent receptor	no	group_4154	en_familia	23	1.0000	core	core	no	no	no
bin_4_52	bin-4-52	bin_4_52_00225	cds	contig_9	103541	0.4410	97338	97958	+	5583	206	exbB	Biopolymer transport protein ExbB	no	exbB	en_familia	23	1.0000	core	core	no	no	no
bin_4_52	bin-4-52	bin_4_52_00226	cds	contig_9	103541	0.4410	97958	98362	+	5179	134	exbD	Biopolymer transporter ExbD	no	exbD	en_familia	23	1.0000	core	core	no	no	no
bin_4_52	bin-4-52	bin_4_52_00227	cds	contig_9	103541	0.4410	98421	98939	-	4602	172	msrA	Peptide methionine sulfoxide reductase MsrA	no	group_4352	en_familia	23	1.0000	core	core	no	no	no
bin_4_52	bin-4-52	bin_4_52_00228	cds	contig_9	103541	0.4410	99033	99494	-	4047	153		DUF306 domain-containing protein	no	group_1912	en_familia	23	1.0000	core	core	no	no	no
bin_4_52	bin-4-52	bin_4_52_00229	cds	contig_9	103541	0.4410	99595	100641	-	2900	348		DUF4105 domain-containing protein	no	group_4351	en_familia	23	1.0000	core	core	no	no	no
bin_4_52	bin-4-52	bin_4_52_00230	cds	contig_9	103541	0.4410	100670	101182	-	2359	170	dfrA44	trimethoprim-resistant dihydrofolate reductase DfrA44	no	dfrA44	en_familia	23	1.0000	core	core	no	no	no
bin_4_52	bin-4-52	bin_4_52_00231	cds	contig_9	103541	0.4410	101463	102239	-	1302	258	pcaD	3-oxoadipate enol-lactonase	no	group_5151	en_familia	5	0.2174	shell	shell	si	no	no
bin_4_52	bin-4-52	bin_4_52_00232	cds	contig_9	103541	0.4410	102308	103402	-	139	364	pcaF	3-oxoadipyl-CoA thiolase	no	group_4842	en_familia	9	0.3913	shell	shell	si	no	no
bin_4_52	bin-4-52	bin_4_52_00233	cds	contig_10	4131	0.4115	135	548	-	134	137		DUF6176 domain-containing protein	no	group_2051	en_familia	8	0.3478	shell	shell	si	no	no
bin_4_52	bin-4-52	bin_4_52_00234	cds	contig_10	4131	0.4115	538	1410	-	537	290		ATP-binding protein	no	group_5233	en_familia	23	1.0000	core	core	no	no	no
bin_4_52	bin-4-52	bin_4_52_00235	cds	contig_10	4131	0.4115	1602	3119	+	1012	505		PNPLA domain-containing protein	no	group_5049	en_familia	23	1.0000	core	core	no	no	no
bin_4_52	bin-4-52	bin_4_52_00236	cds	contig_10	4131	0.4115	3073	3912	+	219	279		Protein kinase domain-containing protein	no	group_4660	en_familia	23	1.0000	core	core	no	no	no
bin_4_52	bin-4-52	bin_4_52_00238	cds	contig_11	1992	0.4051	218	1264	+	217	348		Lipoprotein	no	group_3525	en_familia	8	0.3478	shell	shell	si	no	no
bin_4_52	bin-4-52	bin_4_52_00239	cds	contig_12	8799	0.3591	117	302	-	116	61		hypothetical protein	no	group_4383	en_familia	1	0.0435	cloud	cloud	si	si	no
bin_4_52	bin-4-52	bin_4_52_00240	cds	contig_12	8799	0.3591	323	700	-	322	125		hypothetical protein	no	group_2151	en_familia	1	0.0435	cloud	cloud	si	si	no
bin_4_52	bin-4-52	bin_4_52_00241	cds	contig_12	8799	0.3591	776	1708	-	775	310	xerC	Tyrosine recombinase XerC	no	xerC	en_familia	1	0.0435	cloud	cloud	si	si	no
bin_4_52	bin-4-52	bin_4_52_00242	cds	contig_12	8799	0.3591	1735	2307	-	1734	190		Lipoprotein	no	group_1572	en_familia	1	0.0435	cloud	cloud	si	si	no
bin_4_52	bin-4-52	bin_4_52_00243	cds	contig_12	8799	0.3591	2421	3266	-	2420	281		DUF4852 domain-containing protein	no	group_1074	en_familia	1	0.0435	cloud	cloud	si	si	no
bin_4_52	bin-4-52	bin_4_52_00244	cds	contig_12	8799	0.3591	3385	5301	-	3384	638		hypothetical protein	no	group_166	en_familia	1	0.0435	cloud	cloud	si	si	no
bin_4_52	bin-4-52	bin_4_52_00245	cds	contig_12	8799	0.3591	5413	6450	+	2349	345		hypothetical protein	no	group_751	en_familia	1	0.0435	cloud	cloud	si	si	no
bin_4_52	bin-4-52	bin_4_52_00246	cds	contig_12	8799	0.3591	6552	7388	-	1411	278		NERD domain-containing protein	no	group_4399	en_familia	1	0.0435	cloud	cloud	si	si	no
bin_4_52	bin-4-52	bin_4_52_00247	cds	contig_12	8799	0.3591	7391	7741	-	1058	116		hypothetical protein	no	group_2255	en_familia	1	0.0435	cloud	cloud	si	si	no
bin_4_52	bin-4-52	bin_4_52_00248	cds	contig_12	8799	0.3591	8092	8400	-	399	102		hypothetical protein	no	group_2422	en_familia	1	0.0435	cloud	cloud	si	si	no
bin_4_52	bin-4-52	bin_4_52_00249	cds	contig_13	3702	0.3917	791	1627	-	790	278		HTH iclR-type domain-containing protein	no	group_1081	en_familia	11	0.4783	shell	shell	si	no	no
bin_4_52	bin-4-52	bin_4_52_00250	cds	contig_13	3702	0.3917	2213	3367	+	335	384		Acyl-CoA dehydrogenase	no	group_4166	en_familia	11	0.4783	shell	shell	si	no	no
bin_4_52	bin-4-52	bin_4_52_00251	cds	contig_14	8917	0.4196	389	2674	+	388	761		TonB-dependent siderophore receptor	no	group_4814	en_familia	22	0.9565	core	core	no	no	no
bin_4_52	bin-4-52	bin_4_52_00252	cds	contig_14	8917	0.4196	3057	5312	+	3056	751		catecholate siderophore receptor Fiu	no	group_5140	en_familia	22	0.9565	core	core	no	no	no
bin_4_52	bin-4-52	bin_4_52_00253	cds	contig_14	8917	0.4196	5392	6075	+	2842	227		Fe2+-dependent dioxygenase	no	group_5251	en_familia	23	1.0000	core	core	no	no	no
bin_4_52	bin-4-52	bin_4_52_00254	cds	contig_14	8917	0.4196	6075	7181	+	1736	368		FMN hydroxy acid dehydrogenase domain-containing protein	no	group_5112	en_familia	23	1.0000	core	core	no	no	no
bin_4_52	bin-4-52	bin_4_52_00255	cds	contig_14	8917	0.4196	7495	8376	+	541	293		TonB-dependent siderophore receptor	no	group_4763	en_familia	23	1.0000	core	core	no	no	no
bin_4_52	bin-4-52	bin_4_52_00256	cds	contig_14	8917	0.4196	8406	8816	-	101	136		IS5 family transposase	no	group_5416	en_familia	5	0.2174	shell	shell	si	no	no
bin_4_52	bin-4-52	bin_4_52_00260	cds	contig_15	21356	0.4331	2594	2893	-	2593	99		hypothetical protein	no	group_3955	en_familia	23	1.0000	core	core	no	no	no
bin_4_52	bin-4-52	bin_4_52_00261	cds	contig_15	21356	0.4331	3422	4654	-	3421	410	tyrS	tyrosine--tRNA ligase	no	tyrS	en_familia	23	1.0000	core	core	no	no	no
bin_4_52	bin-4-52	bin_4_52_00262	cds	contig_15	21356	0.4331	4718	5845	+	4717	375		anhydro-N-acetylmuramic acid kinase	no	group_3927	en_familia	23	1.0000	core	core	no	no	no
bin_4_52	bin-4-52	bin_4_52_00263	cds	contig_15	21356	0.4331	5921	7210	-	5920	429		Lytic murein transglycosylase	no	group_4824	en_familia	23	1.0000	core	core	no	no	no
bin_4_52	bin-4-52	bin_4_52_00264	cds	contig_15	21356	0.4331	7898	9019	-	7897	373		5-(carboxyamino)imidazole ribonucleotide synthase	no	group_3926	en_familia	23	1.0000	core	core	no	no	no
bin_4_52	bin-4-52	bin_4_52_00265	cds	contig_15	21356	0.4331	9035	9547	-	9034	170		N5-carboxyaminoimidazole ribonucleotide mutase	no	purE	en_familia	23	1.0000	core	core	no	no	no
bin_4_52	bin-4-52	bin_4_52_00266	cds	contig_15	21356	0.4331	9746	10087	-	9745	113	eamA	EamA domain-containing protein	no	group_4314	en_familia	23	1.0000	core	core	no	no	no
bin_4_52	bin-4-52	bin_4_52_00267	cds	contig_15	21356	0.4331	10318	11679	+	9677	453	mpl	UDP-N-acetylmuramate:L-alanyl-gamma-D-glutamyl-meso-diaminopimelate ligase	no	mpl	en_familia	23	1.0000	core	core	no	no	no
bin_4_52	bin-4-52	bin_4_52_00268	cds	contig_15	21356	0.4331	11924	13009	+	8347	361		Enoyl reductase (ER) domain-containing protein	no	group_3886	en_familia	23	1.0000	core	core	no	no	no
bin_4_52	bin-4-52	bin_4_52_00269	cds	contig_15	21356	0.4331	13075	13545	-	7811	156		BLUF domain-containing protein	no	group_4806	en_familia	23	1.0000	core	core	no	no	no
bin_4_52	bin-4-52	bin_4_52_00270	cds	contig_15	21356	0.4331	13736	14119	+	7237	127		Prepilin type IV endopeptidase peptidase domain-containing protein	no	group_4346	en_familia	23	1.0000	core	core	no	no	no
bin_4_52	bin-4-52	bin_4_52_00271	cds	contig_15	21356	0.4331	14073	14366	-	6990	97		N-acetyltransferase domain-containing protein	no	group_3529	en_familia	23	1.0000	core	core	no	no	no
bin_4_52	bin-4-52	bin_4_52_00272	cds	contig_15	21356	0.4331	14473	14754	-	6602	93		N-acetyltransferase domain-containing protein	no	group_3990	en_familia	23	1.0000	core	core	no	no	no
bin_4_52	bin-4-52	bin_4_52_00273	cds	contig_15	21356	0.4331	14909	16102	+	5254	397		sugar transporter	no	group_4099	en_familia	23	1.0000	core	core	no	no	no
bin_4_52	bin-4-52	bin_4_52_00274	cds	contig_15	21356	0.4331	16435	17400	+	3956	321	terC	TerC family integral membrane protein	no	group_861	en_familia	23	1.0000	core	core	no	no	no
bin_4_52	bin-4-52	bin_4_52_00275	cds	contig_15	21356	0.4331	17599	18933	+	2423	444	guaD	guanine deaminase	no	guaD	en_familia	23	1.0000	core	core	no	no	no
bin_4_52	bin-4-52	bin_4_52_00276	cds	contig_15	21356	0.4331	19152	19679	+	1677	175	hpt	hypoxanthine phosphoribosyltransferase	no	hpt	en_familia	23	1.0000	core	core	no	no	no
bin_4_52	bin-4-52	bin_4_52_00277	cds	contig_15	21356	0.4331	19850	20107	+	1249	85		Transglycosylase	no	group_2605	en_familia	23	1.0000	core	core	no	no	no
bin_4_52	bin-4-52	bin_4_52_00278	cds	contig_16	40826	0.3586	185	634	-	184	149		hypothetical protein	no	group_1950	en_familia	1	0.0435	cloud	cloud	si	si	no
bin_4_52	bin-4-52	bin_4_52_00279	cds	contig_16	40826	0.3586	929	1246	+	928	105		XRE family transcriptional regulator	no	group_2375	en_familia	1	0.0435	cloud	cloud	si	si	no
bin_4_52	bin-4-52	bin_4_52_00280	cds	contig_16	40826	0.3586	1621	2532	-	1620	303		hypothetical protein	no	group_966	en_familia	1	0.0435	cloud	cloud	si	si	no
bin_4_52	bin-4-52	bin_4_52_00281	cds	contig_16	40826	0.3586	2644	2853	+	2643	69		DNA-binding protein	no	group_2812	en_familia	2	0.0870	cloud	cloud	si	si	no
bin_4_52	bin-4-52	bin_4_52_00282	cds	contig_16	40826	0.3586	2905	3357	+	2904	150		Transporter	no	group_4463	en_familia	2	0.0870	cloud	cloud	si	si	no
bin_4_52	bin-4-52	bin_4_52_00283	cds	contig_16	40826	0.3586	3362	5686	+	3361	774		Hemolysin	no	group_5228	en_familia	2	0.0870	cloud	cloud	si	si	no
bin_4_52	bin-4-52	bin_4_52_00284	cds	contig_16	40826	0.3586	5698	9171	+	5697	1157		Site-specific integrase	no	group_5299	en_familia	1	0.0435	cloud	cloud	si	si	no
bin_4_52	bin-4-52	bin_4_52_00285	cds	contig_16	40826	0.3586	10416	10706	+	10415	96		hypothetical protein	no	group_5247	en_familia	1	0.0435	cloud	cloud	si	si	no
bin_4_52	bin-4-52	bin_4_52_00286	cds	contig_16	40826	0.3586	10802	11101	+	10801	99	ftsL	Cell division protein FtsL	no	group_5088	en_familia	1	0.0435	cloud	cloud	si	si	no
bin_4_52	bin-4-52	bin_4_52_00287	cds	contig_16	40826	0.3586	11423	11698	+	11422	91		hypothetical protein	no	group_4670	en_familia	1	0.0435	cloud	cloud	si	si	no
bin_4_52	bin-4-52	bin_4_52_00288	cds	contig_16	40826	0.3586	11741	11923	-	11740	60		hypothetical protein	no	group_3663	en_familia	1	0.0435	cloud	cloud	si	si	no
bin_4_52	bin-4-52	bin_4_52_00289	cds	contig_16	40826	0.3586	12023	12772	-	12022	249		Calcineurin-like phosphoesterase domain-containing protein	no	group_3825	en_familia	1	0.0435	cloud	cloud	si	si	no
bin_4_52	bin-4-52	bin_4_52_00292	cds	contig_16	40826	0.3586	13354	14988	+	13353	544		HNH domain-containing protein	no	group_238	en_familia	1	0.0435	cloud	cloud	si	si	no
bin_4_52	bin-4-52	bin_4_52_00293	cds	contig_16	40826	0.3586	15065	15646	+	15064	193		Class I SAM-dependent methyltransferase	no	group_3824	en_familia	1	0.0435	cloud	cloud	si	si	no
bin_4_52	bin-4-52	bin_4_52_00294	cds	contig_16	40826	0.3586	15639	16646	+	15638	335		HNH nuclease domain-containing protein	no	group_4766	en_familia	1	0.0435	cloud	cloud	si	si	no
bin_4_52	bin-4-52	bin_4_52_00295	cds	contig_16	40826	0.3586	16800	17399	+	16799	199		Restriction endonuclease subunit S	no		no_en_pangenoma			no_en_pangenoma	no_en_pangenoma			no
bin_4_52	bin-4-52	bin_4_52_00296	cds	contig_16	40826	0.3586	17410	18684	+	17409	424		site-specific DNA-methyltransferase (adenine-specific)	no		no_en_pangenoma			no_en_pangenoma	no_en_pangenoma			no
bin_4_52	bin-4-52	bin_4_52_00297	cds	contig_16	40826	0.3586	18697	18960	+	18696	87		DUF4258 domain-containing protein	no		no_en_pangenoma			no_en_pangenoma	no_en_pangenoma			no
bin_4_52	bin-4-52	bin_4_52_00298	cds	contig_16	40826	0.3586	19127	19411	+	19126	94		site-specific DNA-methyltransferase (adenine-specific)	no		no_en_pangenoma			no_en_pangenoma	no_en_pangenoma			no
bin_4_52	bin-4-52	bin_4_52_00299	cds	contig_16	40826	0.3586	19532	21493	+	19333	653		site-specific DNA-methyltransferase (adenine-specific)	no		no_en_pangenoma			no_en_pangenoma	no_en_pangenoma			no
bin_4_52	bin-4-52	bin_4_52_00300	cds	contig_16	40826	0.3586	21502	22827	+	17999	441		Type I restriction modification DNA specificity domain-containing protein	no		no_en_pangenoma			no_en_pangenoma	no_en_pangenoma			no
bin_4_52	bin-4-52	bin_4_52_00301	cds	contig_16	40826	0.3586	22884	24062	+	16764	392		DUF4268 domain-containing protein	no		no_en_pangenoma			no_en_pangenoma	no_en_pangenoma			no
bin_4_52	bin-4-52	bin_4_52_00302	cds	contig_16	40826	0.3586	24090	26015	+	14811	641		GmrSD restriction endonucleases N-terminal domain-containing protein	no		no_en_pangenoma			no_en_pangenoma	no_en_pangenoma			no
bin_4_52	bin-4-52	bin_4_52_00303	cds	contig_16	40826	0.3586	26021	28285	+	12541	754		DUF262 domain-containing protein	no		no_en_pangenoma			no_en_pangenoma	no_en_pangenoma			no
bin_4_52	bin-4-52	bin_4_52_00304	cds	contig_16	40826	0.3586	28285	31347	+	9479	1020		type I site-specific deoxyribonuclease	no		no_en_pangenoma			no_en_pangenoma	no_en_pangenoma			no
bin_4_52	bin-4-52	bin_4_52_00305	cds	contig_16	40826	0.3586	31479	34847	+	5979	1122		Baseplate protein J-like domain-containing protein	no		no_en_pangenoma			no_en_pangenoma	no_en_pangenoma			no
bin_4_52	bin-4-52	bin_4_52_00306	cds	contig_16	40826	0.3586	34849	40770	+	56	1973		DEAD/DEAH box helicase	no		no_en_pangenoma			no_en_pangenoma	no_en_pangenoma			no
bin_4_52	bin-4-52	bin_4_52_00307	cds	contig_17	15898	0.4261	1003	1422	-	1002	139		F0F1 ATP synthase subunit epsilon	no	group_2032	en_familia	23	1.0000	core	core	no	no	no
bin_4_52	bin-4-52	bin_4_52_00308	cds	contig_17	15898	0.4261	1449	2843	-	1448	464	atpD	F0F1 ATP synthase subunit beta	no	atpD	en_familia	23	1.0000	core	core	no	no	no
bin_4_52	bin-4-52	bin_4_52_00309	cds	contig_17	15898	0.4261	2874	3743	-	2873	289	atpG	F0F1 ATP synthase subunit gamma	no	atpG	en_familia	23	1.0000	core	core	no	no	no
bin_4_52	bin-4-52	bin_4_52_00310	cds	contig_17	15898	0.4261	3831	5375	-	3830	514	atpA	F0F1 ATP synthase subunit alpha	no	atpA	en_familia	23	1.0000	core	core	no	no	no
bin_4_52	bin-4-52	bin_4_52_00311	cds	contig_17	15898	0.4261	5419	5955	-	5418	178		F0F1 ATP synthase subunit delta	no	group_1646	en_familia	23	1.0000	core	core	no	no	no
bin_4_52	bin-4-52	bin_4_52_00312	cds	contig_17	15898	0.4261	5968	6438	-	5967	156	atpF	F0F1 ATP synthase subunit B	no	atpF	en_familia	23	1.0000	core	core	no	no	no
bin_4_52	bin-4-52	bin_4_52_00313	cds	contig_17	15898	0.4261	6478	6723	-	6477	81	atpE	F0F1 ATP synthase subunit C	no	atpE	en_familia	23	1.0000	core	core	no	no	no
bin_4_52	bin-4-52	bin_4_52_00314	cds	contig_17	15898	0.4261	6807	7682	-	6806	291	atpB	F0F1 ATP synthase subunit A	no	atpB	en_familia	23	1.0000	core	core	no	no	no
bin_4_52	bin-4-52	bin_4_52_00315	cds	contig_17	15898	0.4261	7786	8184	-	7714	132		ATP synthase I	no	group_4148	en_familia	23	1.0000	core	core	no	no	no
bin_4_52	bin-4-52	bin_4_52_00316	cds	contig_17	15898	0.4261	8358	9194	-	6704	278	znuA	High-affinity zinc uptake system protein ZnuA	no	znuA	en_familia	23	1.0000	core	core	no	no	no
bin_4_52	bin-4-52	bin_4_52_00317	cds	contig_17	15898	0.4261	9333	9830	+	6068	165		Fur family transcriptional regulator	no	group_4931	en_familia	23	1.0000	core	core	no	no	no
bin_4_52	bin-4-52	bin_4_52_00318	cds	contig_17	15898	0.4261	9812	10594	+	5304	260	znuC	zinc ABC transporter ATP-binding protein ZnuC	no	znuC	en_familia	23	1.0000	core	core	no	no	no
bin_4_52	bin-4-52	bin_4_52_00319	cds	contig_17	15898	0.4261	10598	11398	+	4500	266	znuB	zinc ABC transporter permease subunit ZnuB	no	znuB	en_familia	23	1.0000	core	core	no	no	no
bin_4_52	bin-4-52	bin_4_52_00320	cds	contig_17	15898	0.4261	11402	11884	+	4014	160		DUF523 domain-containing protein	no	group_4186	en_familia	23	1.0000	core	core	no	no	no
bin_4_52	bin-4-52	bin_4_52_00321	cds	contig_17	15898	0.4261	11895	12215	-	3683	106		DUF1255 domain-containing protein	no	group_2362	en_familia	23	1.0000	core	core	no	no	no
bin_4_52	bin-4-52	bin_4_52_00322	cds	contig_17	15898	0.4261	12305	12928	-	2970	207	rhtB	Threonine transporter RhtB	no	rhtB	en_familia	23	1.0000	core	core	no	no	no
bin_4_52	bin-4-52	bin_4_52_00323	cds	contig_17	15898	0.4261	13087	14007	+	1891	306		Peroxidase	no	group_4249	en_familia	23	1.0000	core	core	no	no	no
bin_4_52	bin-4-52	bin_4_52_00324	cds	contig_17	15898	0.4261	14059	14748	-	1150	229		Lipoprotein	no	group_4969	en_familia	9	0.3913	shell	shell	si	no	no
bin_4_52	bin-4-52	bin_4_52_00325	cds	contig_17	15898	0.4261	14760	15560	-	338	266	lytM	Glycyl-glycine endopeptidase LytM	no	lytM~~~lysM	en_familia	10	0.4348	shell	shell	si	no	no
bin_4_52	bin-4-52	bin_4_52_00326	cds	contig_18	98376	0.4230	670	954	-	669	94		1,4-beta-xylanase	no	group_4605	en_familia	21	0.9130	shell	core	si	no	no
bin_4_52	bin-4-52	bin_4_52_00327	cds	contig_18	98376	0.4230	1865	2095	-	1864	76		Phage protein	no	group_3510	en_familia	22	0.9565	core	core	no	no	no
bin_4_52	bin-4-52	bin_4_52_00328	cds	contig_18	98376	0.4230	2348	2884	+	2347	178	cinA	CinA C-terminal domain-containing protein	no	cinA	en_familia	22	0.9565	core	core	no	no	no
bin_4_52	bin-4-52	bin_4_52_00329	cds	contig_18	98376	0.4230	2924	3538	+	2923	204		Aminotransferase	no	group_4332	en_familia	22	0.9565	core	core	no	no	no
bin_4_52	bin-4-52	bin_4_52_00330	cds	contig_18	98376	0.4230	3619	4761	-	3618	380		Citrate synthase	no	group_3297	en_familia	22	0.9565	core	core	no	no	no
bin_4_52	bin-4-52	bin_4_52_00331	cds	contig_18	98376	0.4230	4766	5650	-	4765	294	prpB	methylisocitrate lyase	no	prpB	en_familia	22	0.9565	core	core	no	no	no
bin_4_52	bin-4-52	bin_4_52_00332	cds	contig_18	98376	0.4230	5883	6536	+	5882	217		HTH tetR-type domain-containing protein	no	group_4123	en_familia	22	0.9565	core	core	no	no	no
bin_4_52	bin-4-52	bin_4_52_00333	cds	contig_18	98376	0.4230	6647	7567	+	6646	306	argF	ornithine carbamoyltransferase	no	argF	en_familia	22	0.9565	core	core	no	no	no
bin_4_52	bin-4-52	bin_4_52_00334	cds	contig_18	98376	0.4230	7621	8913	-	7620	430		Major facilitator superfamily (MFS) profile domain-containing protein	no	pcaT	en_familia	23	1.0000	core	core	no	no	no
bin_4_52	bin-4-52	bin_4_52_00335	cds	contig_18	98376	0.4230	9254	9730	+	9253	158		POTRA domain-containing protein	no	group_3397	en_familia	23	1.0000	core	core	no	no	no
bin_4_52	bin-4-52	bin_4_52_00336	cds	contig_18	98376	0.4230	9749	10102	-	9748	117	ynfA	YnfA family protein	no	ynfA	en_familia	23	1.0000	core	core	no	no	no
bin_4_52	bin-4-52	bin_4_52_00337	cds	contig_18	98376	0.4230	10205	12481	-	10204	758	clpA	ATP-dependent Clp protease ATP-binding subunit ClpA	no	clpA	en_familia	23	1.0000	core	core	no	no	no
bin_4_52	bin-4-52	bin_4_52_00338	cds	contig_18	98376	0.4230	12491	12904	-	12490	137	clpS	ATP-dependent Clp protease adapter ClpS	no	clpS	en_familia	23	1.0000	core	core	no	no	no
bin_4_52	bin-4-52	bin_4_52_00339	cds	contig_18	98376	0.4230	12924	13673	-	12923	249		DUF6776 domain-containing protein	no	group_1222	en_familia	23	1.0000	core	core	no	no	no
bin_4_52	bin-4-52	bin_4_52_00340	cds	contig_18	98376	0.4230	13749	14798	-	13748	349	argC	N-acetyl-gamma-glutamyl-phosphate reductase	no	argC	en_familia	23	1.0000	core	core	no	no	no
bin_4_52	bin-4-52	bin_4_52_00341	cds	contig_18	98376	0.4230	14938	15141	-	14937	67		hypothetical protein	no	group_4051	en_familia	23	1.0000	core	core	no	no	no
bin_4_52	bin-4-52	bin_4_52_00342	cds	contig_18	98376	0.4230	15488	15802	+	15487	104	tnp	IS5 family transposase ORF A	no	group_3613	en_familia	10	0.4348	shell	shell	si	no	no
bin_4_52	bin-4-52	bin_4_52_00343	cds	contig_18	98376	0.4230	15750	16076	+	15749	108		Transposase IS4-like domain-containing protein	no	group_3484	en_familia	10	0.4348	shell	shell	si	no	no
bin_4_52	bin-4-52	bin_4_52_00344	cds	contig_18	98376	0.4230	16251	16937	-	16250	228		YgjP-like metallopeptidase domain-containing protein	no	group_4772	en_familia	23	1.0000	core	core	no	no	no
bin_4_52	bin-4-52	bin_4_52_00345	cds	contig_18	98376	0.4230	17084	17755	-	17083	223	rpiA	ribose-5-phosphate isomerase RpiA	no	rpiA	en_familia	23	1.0000	core	core	no	no	no
bin_4_52	bin-4-52	bin_4_52_00346	cds	contig_18	98376	0.4230	17860	19398	+	17859	512	ilvA	threonine ammonia-lyase, biosynthetic	no	ilvA	en_familia	23	1.0000	core	core	no	no	no
bin_4_52	bin-4-52	bin_4_52_00347	cds	contig_18	98376	0.4230	19588	20244	+	19587	218		RCK N-terminal domain-containing protein	no	group_1396	en_familia	23	1.0000	core	core	no	no	no
bin_4_52	bin-4-52	bin_4_52_00348	cds	contig_18	98376	0.4230	20241	21578	+	20240	445	trkH	Potassium transporter TrkH	no	trkH	en_familia	23	1.0000	core	core	no	no	no
bin_4_52	bin-4-52	bin_4_52_00349	cds	contig_18	98376	0.4230	21637	22785	-	21636	382		Phospholipase A1	no	group_3710	en_familia	23	1.0000	core	core	no	no	no
bin_4_52	bin-4-52	bin_4_52_00350	cds	contig_18	98376	0.4230	22805	25744	-	22804	979		insulinase family protein	no	group_57	en_familia	23	1.0000	core	core	no	no	no
bin_4_52	bin-4-52	bin_4_52_00351	cds	contig_18	98376	0.4230	25910	26359	-	25909	149		Acetyltransferase	no	group_1946	en_familia	23	1.0000	core	core	no	no	no
bin_4_52	bin-4-52	bin_4_52_00352	cds	contig_18	98376	0.4230	26635	27639	+	26634	334	pfkB	Carbohydrate kinase PfkB domain-containing protein	no	pfkB	en_familia	23	1.0000	core	core	no	no	no
bin_4_52	bin-4-52	bin_4_52_00353	cds	contig_18	98376	0.4230	27639	27962	+	27638	107		Rieske domain-containing protein	no	group_2352	en_familia	23	1.0000	core	core	no	no	no
bin_4_52	bin-4-52	bin_4_52_00354	cds	contig_18	98376	0.4230	27983	28603	+	27982	206	yqiJ	Inner membrane protein YqiJ OB-fold domain-containing protein	no	group_1471	en_familia	23	1.0000	core	core	no	no	no
bin_4_52	bin-4-52	bin_4_52_00355	cds	contig_18	98376	0.4230	28664	29356	-	28663	230		DUF937 domain-containing protein	no	group_4250	en_familia	23	1.0000	core	core	no	no	no
bin_4_52	bin-4-52	bin_4_52_00356	cds	contig_18	98376	0.4230	29459	29929	-	29458	156		Oxidoreductase	no	group_1872	en_familia	23	1.0000	core	core	no	no	no
bin_4_52	bin-4-52	bin_4_52_00357	cds	contig_18	98376	0.4230	29964	30836	+	29963	290		DUF2797 domain-containing protein	no	group_1035	en_familia	23	1.0000	core	core	no	no	no
bin_4_52	bin-4-52	bin_4_52_00358	cds	contig_18	98376	0.4230	31035	32900	-	31034	621	ppiD	Periplasmic chaperone PpiD	no	ppiD	en_familia	23	1.0000	core	core	no	no	no
bin_4_52	bin-4-52	bin_4_52_00359	cds	contig_18	98376	0.4230	33032	33304	-	33031	90		DNA-binding protein HU-beta	no	group_2552	en_familia	23	1.0000	core	core	no	no	no
bin_4_52	bin-4-52	bin_4_52_00360	cds	contig_18	98376	0.4230	33462	33941	-	33461	159		Poly(Hydroxyalcanoate) granule associated protein	no	group_3491	en_familia	23	1.0000	core	core	no	no	no
bin_4_52	bin-4-52	bin_4_52_00361	cds	contig_18	98376	0.4230	34145	34789	+	34144	214		Membrane protein	no	group_1430	en_familia	23	1.0000	core	core	no	no	no
bin_4_52	bin-4-52	bin_4_52_00362	cds	contig_18	98376	0.4230	34905	35378	+	34904	157	iscR	Rrf2 family transcriptional regulator	no	iscR	en_familia	23	1.0000	core	core	no	no	no
bin_4_52	bin-4-52	bin_4_52_00363	cds	contig_18	98376	0.4230	35380	36597	+	35379	405	iscS	IscS subfamily cysteine desulfurase	no	iscS	en_familia	23	1.0000	core	core	no	no	no
bin_4_52	bin-4-52	bin_4_52_00364	cds	contig_18	98376	0.4230	36701	37087	+	36700	128	iscU	Iron-sulfur cluster assembly scaffold protein IscU	no	iscU	en_familia	23	1.0000	core	core	no	no	no
bin_4_52	bin-4-52	bin_4_52_00365	cds	contig_18	98376	0.4230	37129	37449	+	37128	106	iscA	iron-sulfur cluster assembly protein IscA	no	iscA	en_familia	23	1.0000	core	core	no	no	no
bin_4_52	bin-4-52	bin_4_52_00366	cds	contig_18	98376	0.4230	37585	38100	+	37584	171	hscB	Fe-S protein assembly co-chaperone HscB	no	hscB	en_familia	23	1.0000	core	core	no	no	no
bin_4_52	bin-4-52	bin_4_52_00367	cds	contig_18	98376	0.4230	38141	40000	+	38140	619	hscA	Fe-S protein assembly chaperone HscA	no	hscA	en_familia	23	1.0000	core	core	no	no	no
bin_4_52	bin-4-52	bin_4_52_00368	cds	contig_18	98376	0.4230	40016	40354	+	40015	112	fdx	ISC system 2Fe-2S type ferredoxin	no	fdx	en_familia	23	1.0000	core	core	no	no	no
bin_4_52	bin-4-52	bin_4_52_00369	cds	contig_18	98376	0.4230	40495	41973	-	40494	492		Guanylate cyclase domain-containing protein	no	group_4362	en_familia	23	1.0000	core	core	no	no	no
bin_4_52	bin-4-52	bin_4_52_00370	cds	contig_18	98376	0.4230	42032	42466	-	42031	144	hinT	HIT domain-containing protein	no	hinT	en_familia	23	1.0000	core	core	no	no	no
bin_4_52	bin-4-52	bin_4_52_00371	cds	contig_18	98376	0.4230	42708	46166	-	42707	1152	mfd	transcription-repair coupling factor	no	mfd	en_familia	23	1.0000	core	core	no	no	no
bin_4_52	bin-4-52	bin_4_52_00372	cds	contig_18	98376	0.4230	46289	46648	-	46288	119		CRISPR type III-B/RAMP module-associated protein Cmr5	no	group_4776	en_familia	23	1.0000	core	core	no	no	no
bin_4_52	bin-4-52	bin_4_52_00373	cds	contig_18	98376	0.4230	46779	48230	-	46778	483		Aspartate ammonia-lyase	no	group_3841	en_familia	23	1.0000	core	core	no	no	no
bin_4_52	bin-4-52	bin_4_52_00374	cds	contig_18	98376	0.4230	48640	50154	+	48222	504	putP	sodium/proline symporter PutP	no	putP	en_familia	23	1.0000	core	core	no	no	no
bin_4_52	bin-4-52	bin_4_52_00375	cds	contig_18	98376	0.4230	50211	50708	-	47668	165		Leucine-responsive regulatory protein	no	group_3340	en_familia	23	1.0000	core	core	no	no	no
bin_4_52	bin-4-52	bin_4_52_00376	cds	contig_18	98376	0.4230	50827	54579	+	43797	1250	putA	trifunctional transcriptional regulator/proline dehydrogenase/L-glutamate gamma-semialdehyde dehydrogenase	no	putA	en_familia	23	1.0000	core	core	no	no	no
bin_4_52	bin-4-52	bin_4_52_00377	cds	contig_18	98376	0.4230	54759	55841	+	42535	360	trmA	tRNA (uridine(54)-C5)-methyltransferase TrmA	no	trmA	en_familia	23	1.0000	core	core	no	no	no
bin_4_52	bin-4-52	bin_4_52_00378	cds	contig_18	98376	0.4230	56069	56308	+	42068	79	recX	Regulatory protein RecX	no	group_3426	en_familia	23	1.0000	core	core	no	no	no
bin_4_52	bin-4-52	bin_4_52_00379	cds	contig_18	98376	0.4230	56611	57192	+	41184	193		LRAT domain-containing protein	no	group_4551	en_familia	23	1.0000	core	core	no	no	no
bin_4_52	bin-4-52	bin_4_52_00380	cds	contig_18	98376	0.4230	57213	58124	-	40252	303		Bestrophin	no	group_3810	en_familia	23	1.0000	core	core	no	no	no
bin_4_52	bin-4-52	bin_4_52_00381	cds	contig_18	98376	0.4230	58273	60000	-	38376	575		glutamine--tRNA ligase/YqeY domain fusion protein	no	group_211	en_familia	23	1.0000	core	core	no	no	no
bin_4_52	bin-4-52	bin_4_52_00382	cds	contig_18	98376	0.4230	60478	60987	+	37389	169	ppiB	Peptidyl-prolyl cis-trans isomerase	no	ppiB	en_familia	23	1.0000	core	core	no	no	no
bin_4_52	bin-4-52	bin_4_52_00383	cds	contig_18	98376	0.4230	61098	61814	+	36562	238		UDP-2,3-diacylglucosamine diphosphatase	no	group_4317	en_familia	23	1.0000	core	core	no	no	no
bin_4_52	bin-4-52	bin_4_52_00384	cds	contig_18	98376	0.4230	61940	62821	-	35555	293	hpaI	4-hydroxy-2-oxoheptanedioate aldolase	no	hpaI	en_familia	23	1.0000	core	core	no	no	no
bin_4_52	bin-4-52	bin_4_52_00385	cds	contig_18	98376	0.4230	62978	63631	+	34745	217	nfsB	oxygen-insensitive NAD(P)H nitroreductase	no	nfsB	en_familia	23	1.0000	core	core	no	no	no
bin_4_52	bin-4-52	bin_4_52_00386	cds	contig_18	98376	0.4230	63740	63961	+	34415	73		C2H2-type domain-containing protein	no	group_2754	en_familia	23	1.0000	core	core	no	no	no
bin_4_52	bin-4-52	bin_4_52_00387	cds	contig_18	98376	0.4230	63930	64784	-	33592	284	eamA	EamA domain-containing protein	no	group_4063	en_familia	23	1.0000	core	core	no	no	no
bin_4_52	bin-4-52	bin_4_52_00388	cds	contig_18	98376	0.4230	64879	65913	-	32463	344	fba	class II fructose-bisphosphate aldolase	no	fba	en_familia	23	1.0000	core	core	no	no	no
bin_4_52	bin-4-52	bin_4_52_00389	cds	contig_18	98376	0.4230	66033	66311	-	32065	92		Lipoprotein	no	group_3989	en_familia	23	1.0000	core	core	no	no	no
bin_4_52	bin-4-52	bin_4_52_00390	cds	contig_18	98376	0.4230	66466	67653	-	30723	395	pgk	Phosphoglycerate kinase	no	pgk	en_familia	23	1.0000	core	core	no	no	no
bin_4_52	bin-4-52	bin_4_52_00391	cds	contig_18	98376	0.4230	67794	68177	+	30199	127		DUF2237 domain-containing protein	no	group_2134	en_familia	23	1.0000	core	core	no	no	no
bin_4_52	bin-4-52	bin_4_52_00392	cds	contig_18	98376	0.4230	68177	68770	+	29606	197		Nucleoside triphosphate pyrophosphatase	no	group_1533	en_familia	23	1.0000	core	core	no	no	no
bin_4_52	bin-4-52	bin_4_52_00393	cds	contig_18	98376	0.4230	68830	70152	-	28224	440		BapA/Bap/LapF family prefix-like domain-containing protein	no	group_4266	en_familia	23	1.0000	core	core	no	no	no
bin_4_52	bin-4-52	bin_4_52_00394	cds	contig_18	98376	0.4230	70525	71694	+	26682	389	jmjC	JmjC domain-containing protein	no	jmjC	en_familia	23	1.0000	core	core	no	no	no
bin_4_52	bin-4-52	bin_4_52_00395	cds	contig_18	98376	0.4230	71775	72554	-	25822	259		GST N-terminal domain-containing protein	no	group_1164	en_familia	23	1.0000	core	core	no	no	no
bin_4_52	bin-4-52	bin_4_52_00396	cds	contig_18	98376	0.4230	72656	73165	-	25211	169	rraA	ribonuclease E activity regulator RraA	no	rraA	en_familia	23	1.0000	core	core	no	no	no
bin_4_52	bin-4-52	bin_4_52_00397	cds	contig_18	98376	0.4230	73177	73842	-	24534	221		Semialdehyde dehydrogenase NAD-binding domain-containing protein	no	group_1379	en_familia	23	1.0000	core	core	no	no	no
bin_4_52	bin-4-52	bin_4_52_00398	cds	contig_18	98376	0.4230	74057	74326	+	24050	89	rpsT	30S ribosomal protein S20	no	rpsT	en_familia	23	1.0000	core	core	no	no	no
bin_4_52	bin-4-52	bin_4_52_00399	cds	contig_18	98376	0.4230	74575	74700	-	23676	41		Lipoprotein	no	group_3478	en_familia	23	1.0000	core	core	no	no	no
bin_4_52	bin-4-52	bin_4_52_00400	cds	contig_18	98376	0.4230	74821	75543	-	22833	240		Phosphoglycerate mutase	no	group_1281	en_familia	23	1.0000	core	core	no	no	no
bin_4_52	bin-4-52	bin_4_52_00401	cds	contig_18	98376	0.4230	75631	76482	-	21894	283	cysQ	3'(2'),5'-bisphosphate nucleotidase CysQ	no	cysQ	en_familia	23	1.0000	core	core	no	no	no
bin_4_52	bin-4-52	bin_4_52_00402	cds	contig_18	98376	0.4230	76495	77181	+	21195	228		Haloacid dehalogenase, type II	no	group_4161	en_familia	23	1.0000	core	core	no	no	no
bin_4_52	bin-4-52	bin_4_52_00403	cds	contig_18	98376	0.4230	77174	77614	+	20762	146		Heat shock protein 15	no	group_1976	en_familia	23	1.0000	core	core	no	no	no
bin_4_52	bin-4-52	bin_4_52_00404	cds	contig_18	98376	0.4230	77761	78804	+	19572	347	recA	recombinase RecA	no	recA	en_familia	23	1.0000	core	core	no	no	no
bin_4_52	bin-4-52	bin_4_52_00405	cds	contig_18	98376	0.4230	78882	79499	+	18877	205	recX	Regulatory protein RecX	no	group_4056	en_familia	23	1.0000	core	core	no	no	no
bin_4_52	bin-4-52	bin_4_52_00407	cds	contig_18	98376	0.4230	80091	80912	+	17464	273	ybgF	YbgF trimerisation domain-containing protein	no	ybgF	en_familia	23	1.0000	core	core	no	no	no
bin_4_52	bin-4-52	bin_4_52_00408	cds	contig_18	98376	0.4230	80970	81758	-	16618	262	lpxA	acyl-ACP--UDP-N-acetylglucosamine O-acyltransferase	no	lpxA	en_familia	23	1.0000	core	core	no	no	no
bin_4_52	bin-4-52	bin_4_52_00409	cds	contig_18	98376	0.4230	81755	82243	-	16133	162	fabZ	3-hydroxyacyl-ACP dehydratase FabZ	no	fabZ	en_familia	23	1.0000	core	core	no	no	no
bin_4_52	bin-4-52	bin_4_52_00410	cds	contig_18	98376	0.4230	82246	83316	-	15060	356	lpxD	UDP-3-O-(3-hydroxymyristoyl)glucosamine N-acyltransferase	no	lpxD	en_familia	23	1.0000	core	core	no	no	no
bin_4_52	bin-4-52	bin_4_52_00411	cds	contig_18	98376	0.4230	83320	83823	-	14553	167	ompH	OmpH family outer membrane protein	no	ompH	en_familia	7	0.3043	shell	shell	si	no	no
bin_4_52	bin-4-52	bin_4_52_00412	cds	contig_18	98376	0.4230	83892	86399	-	11977	835	bamA	outer membrane protein assembly factor BamA	no	bamA	en_familia	23	1.0000	core	core	no	no	no
bin_4_52	bin-4-52	bin_4_52_00413	cds	contig_18	98376	0.4230	86440	87795	-	10581	451	rseP	RIP metalloprotease RseP	no	rseP	en_familia	23	1.0000	core	core	no	no	no
bin_4_52	bin-4-52	bin_4_52_00414	cds	contig_18	98376	0.4230	87799	88995	-	9381	398	ispC	1-deoxy-D-xylulose-5-phosphate reductoisomerase	no	ispC	en_familia	23	1.0000	core	core	no	no	no
bin_4_52	bin-4-52	bin_4_52_00415	cds	contig_18	98376	0.4230	88996	89820	-	8556	274		Phosphatidate cytidylyltransferase	no	group_1098	en_familia	23	1.0000	core	core	no	no	no
bin_4_52	bin-4-52	bin_4_52_00416	cds	contig_18	98376	0.4230	89824	90576	-	7800	250	uppS	polyprenyl diphosphate synthase	no	uppS	en_familia	23	1.0000	core	core	no	no	no
bin_4_52	bin-4-52	bin_4_52_00417	cds	contig_18	98376	0.4230	90584	91138	-	7238	184	frr	ribosome recycling factor	no	frr	en_familia	23	1.0000	core	core	no	no	no
bin_4_52	bin-4-52	bin_4_52_00418	cds	contig_18	98376	0.4230	91216	91944	-	6432	242	pyrH	UMP kinase	no	pyrH	en_familia	23	1.0000	core	core	no	no	no
bin_4_52	bin-4-52	bin_4_52_00419	cds	contig_18	98376	0.4230	91985	93328	-	5048	447	rimO	30S ribosomal protein S12 methylthiotransferase RimO	no	rimO	en_familia	23	1.0000	core	core	no	no	no
bin_4_52	bin-4-52	bin_4_52_00420	cds	contig_18	98376	0.4230	93680	94789	+	3587	369	glnL	nitrogen regulation protein NR(II)	no	glnL	en_familia	23	1.0000	core	core	no	no	no
bin_4_52	bin-4-52	bin_4_52_00421	cds	contig_18	98376	0.4230	94776	96248	+	2128	490	glnG	nitrogen regulation protein NR(I)	no	glnG	en_familia	23	1.0000	core	core	no	no	no
bin_4_52	bin-4-52	bin_4_52_00422	cds	contig_18	98376	0.4230	96309	96635	-	1741	108		hypothetical protein	no	group_3849	en_familia	23	1.0000	core	core	no	no	no
bin_4_52	bin-4-52	bin_4_52_00423	cds	contig_18	98376	0.4230	96764	97975	-	401	403	mhpT	3-(3-hydroxy-phenyl)propionate transporter MhpT	no	group_4744	en_familia	21	0.9130	shell	core	si	no	no
bin_4_52	bin-4-52	bin_4_52_00424	cds	contig_19	14338	0.3457	927	1223	-	926	98		DUF4258 domain-containing protein	no		no_en_pangenoma			no_en_pangenoma	no_en_pangenoma			no
bin_4_52	bin-4-52	bin_4_52_00425	cds	contig_19	14338	0.3457	1476	2036	+	1475	186		hypothetical protein	no		no_en_pangenoma			no_en_pangenoma	no_en_pangenoma			no
bin_4_52	bin-4-52	bin_4_52_00426	cds	contig_19	14338	0.3457	2049	3188	+	2048	379	csm6	CRISPR-associated ring nuclease Csm6	no		no_en_pangenoma			no_en_pangenoma	no_en_pangenoma			no
bin_4_52	bin-4-52	bin_4_52_00427	cds	contig_19	14338	0.3457	3234	4535	-	3233	433		hypothetical protein	no		no_en_pangenoma			no_en_pangenoma	no_en_pangenoma			no
bin_4_52	bin-4-52	bin_4_52_00428	cds	contig_19	14338	0.3457	4628	5170	-	4627	180		Endonuclease YncB, thermonuclease family	no		no_en_pangenoma			no_en_pangenoma	no_en_pangenoma			no
bin_4_52	bin-4-52	bin_4_52_00429	cds	contig_19	14338	0.3457	5413	6210	+	5412	265		methyltransferase domain-containing protein	no		no_en_pangenoma			no_en_pangenoma	no_en_pangenoma			no
bin_4_52	bin-4-52	bin_4_52_00430	cds	contig_19	14338	0.3457	6212	6973	+	6211	253	alkB	alpha-ketoglutarate-dependent dioxygenase AlkB	no		no_en_pangenoma			no_en_pangenoma	no_en_pangenoma			no
bin_4_52	bin-4-52	bin_4_52_00431	cds	contig_19	14338	0.3457	7111	7791	+	6547	226		VWFA domain-containing protein	no		no_en_pangenoma			no_en_pangenoma	no_en_pangenoma			no
bin_4_52	bin-4-52	bin_4_52_00432	cds	contig_19	14338	0.3457	7821	8495	+	5843	224		PP2C family serine/threonine-protein phosphatase	no		no_en_pangenoma			no_en_pangenoma	no_en_pangenoma			no
bin_4_52	bin-4-52	bin_4_52_00433	cds	contig_19	14338	0.3457	8498	9910	+	4428	470		protein kinase domain-containing protein	no		no_en_pangenoma			no_en_pangenoma	no_en_pangenoma			no
bin_4_52	bin-4-52	bin_4_52_00434	cds	contig_19	14338	0.3457	9915	13253	+	1085	1112		DEAD/DEAH box helicase	no		no_en_pangenoma			no_en_pangenoma	no_en_pangenoma			no
bin_4_52	bin-4-52	bin_4_52_00435	cds	contig_19	14338	0.3457	13237	14229	+	109	330		hypothetical protein	no		no_en_pangenoma			no_en_pangenoma	no_en_pangenoma			no
bin_4_52	bin-4-52	bin_4_52_00436	cds	contig_20	6144	0.3973	131	508	-	130	125		lipocalin family protein	no	group_4674	en_familia	23	1.0000	core	core	no	no	no
bin_4_52	bin-4-52	bin_4_52_00437	cds	contig_20	6144	0.3973	661	2682	-	660	673	uvrB	excinuclease ABC subunit UvrB	no	uvrB	en_familia	23	1.0000	core	core	no	no	no
bin_4_52	bin-4-52	bin_4_52_00438	cds	contig_20	6144	0.3973	3067	3855	+	2289	262		Alpha/beta hydrolase	no	group_4673	en_familia	23	1.0000	core	core	no	no	no
bin_4_52	bin-4-52	bin_4_52_00439	cds	contig_20	6144	0.3973	4042	5493	+	651	483		GGDEF domain-containing protein	no	group_5036	en_familia	23	1.0000	core	core	no	no	no
bin_4_52	bin-4-52	bin_4_52_00440	cds	contig_20	6144	0.3973	5561	5740	-	404	59		DEAD/DEAH box helicase	no	group_2901	en_familia	22	0.9565	core	core	no	no	no
bin_4_52	bin-4-52	bin_4_52_00441	cds	contig_20	6144	0.3973	5973	6110	-	34	45		IS4 family transposase	no	group_3566	en_familia	9	0.3913	shell	shell	si	no	no
bin_4_52	bin-4-52	bin_4_52_00442	cds	contig_21	134523	0.4236	544	1275	+	543	243		GNAT family N-acetyltransferase	no	group_3389	en_familia	23	1.0000	core	core	no	no	no
bin_4_52	bin-4-52	bin_4_52_00443	cds	contig_21	134523	0.4236	1302	2129	-	1301	275	thiM	hydroxyethylthiazole kinase	no	thiM	en_familia	23	1.0000	core	core	no	no	no
bin_4_52	bin-4-52	bin_4_52_00444	cds	contig_21	134523	0.4236	2163	3323	-	2162	386		C2H2-type domain-containing protein	no	group_584	en_familia	23	1.0000	core	core	no	no	no
bin_4_52	bin-4-52	bin_4_52_00445	cds	contig_21	134523	0.4236	3478	3735	-	3477	85		hypothetical protein	no	group_3416	en_familia	23	1.0000	core	core	no	no	no
bin_4_52	bin-4-52	bin_4_52_00446	cds	contig_21	134523	0.4236	3989	4435	-	3988	148		DUF4426 domain-containing protein	no	group_3722	en_familia	23	1.0000	core	core	no	no	no
bin_4_52	bin-4-52	bin_4_52_00447	cds	contig_21	134523	0.4236	4659	7265	+	4658	868	pepN	aminopeptidase N	no	pepN	en_familia	23	1.0000	core	core	no	no	no
bin_4_52	bin-4-52	bin_4_52_00448	cds	contig_21	134523	0.4236	7465	7674	+	7464	69		hypothetical protein	no	group_3351	en_familia	23	1.0000	core	core	no	no	no
bin_4_52	bin-4-52	bin_4_52_00449	cds	contig_21	134523	0.4236	7732	8178	-	7731	148		Universal stress protein	no	group_1953	en_familia	23	1.0000	core	core	no	no	no
bin_4_52	bin-4-52	bin_4_52_00450	cds	contig_21	134523	0.4236	8302	8745	-	8301	147		Universal stress protein	no	group_1964	en_familia	23	1.0000	core	core	no	no	no
bin_4_52	bin-4-52	bin_4_52_00451	cds	contig_21	134523	0.4236	9011	10036	+	9010	341		BD-FAE-like domain-containing protein	no	group_3995	en_familia	23	1.0000	core	core	no	no	no
bin_4_52	bin-4-52	bin_4_52_00452	cds	contig_21	134523	0.4236	10047	11219	-	10046	390		Benzoate transporter	no	group_561	en_familia	23	1.0000	core	core	no	no	no
bin_4_52	bin-4-52	bin_4_52_00453	cds	contig_21	134523	0.4236	11344	11994	-	11343	216	leuE	leucine efflux protein LeuE	no	leuE	en_familia	23	1.0000	core	core	no	no	no
bin_4_52	bin-4-52	bin_4_52_00454	cds	contig_21	134523	0.4236	12062	13045	-	12061	327	tal	transaldolase	no	tal	en_familia	23	1.0000	core	core	no	no	no
bin_4_52	bin-4-52	bin_4_52_00455	cds	contig_21	134523	0.4236	13134	14000	-	13133	288		HTH lysR-type domain-containing protein	no	group_4586	en_familia	23	1.0000	core	core	no	no	no
bin_4_52	bin-4-52	bin_4_52_00456	cds	contig_21	134523	0.4236	14123	14554	+	14122	143	aceI	chlorhexidine efflux PACE transporter AceI	no	aceI	en_familia	23	1.0000	core	core	no	no	no
bin_4_52	bin-4-52	bin_4_52_00457	cds	contig_21	134523	0.4236	14628	16142	-	14627	504		acetyl-CoA C-acetyltransferase	no	group_277	en_familia	23	1.0000	core	core	no	no	no
bin_4_52	bin-4-52	bin_4_52_00458	cds	contig_21	134523	0.4236	16383	17774	+	16382	463		3-oxoacyl-ACP reductase	no	group_337	en_familia	23	1.0000	core	core	no	no	no
bin_4_52	bin-4-52	bin_4_52_00459	cds	contig_21	134523	0.4236	17966	18820	+	17965	284		MaoC-like domain-containing protein	no	group_3876	en_familia	23	1.0000	core	core	no	no	no
bin_4_52	bin-4-52	bin_4_52_00460	cds	contig_21	134523	0.4236	18914	20164	+	18913	416		Beta-lactamase-related domain-containing protein	no	group_4523	en_familia	23	1.0000	core	core	no	no	no
bin_4_52	bin-4-52	bin_4_52_00461	cds	contig_21	134523	0.4236	20212	20697	+	20211	161	nlpE	Copper resistance protein NlpE	no	nlpE	en_familia	23	1.0000	core	core	no	no	no
bin_4_52	bin-4-52	bin_4_52_00462	cds	contig_21	134523	0.4236	20826	22919	+	20825	697	dnaX	DNA polymerase III subunit gamma/tau	no	dnaX	en_familia	23	1.0000	core	core	no	no	no
bin_4_52	bin-4-52	bin_4_52_00463	cds	contig_21	134523	0.4236	22923	23372	-	22922	149		Thioesterase domain-containing protein	no	group_3997	en_familia	23	1.0000	core	core	no	no	no
bin_4_52	bin-4-52	bin_4_52_00464	cds	contig_21	134523	0.4236	23425	24585	-	23424	386	gldA	Alcohol dehydrogenase iron-type/glycerol dehydrogenase GldA domain-containing protein	no	group_4547	en_familia	23	1.0000	core	core	no	no	no
bin_4_52	bin-4-52	bin_4_52_00465	cds	contig_21	134523	0.4236	24702	25214	+	24701	170		protein-tyrosine-phosphatase	no	group_3417	en_familia	23	1.0000	core	core	no	no	no
bin_4_52	bin-4-52	bin_4_52_00466	cds	contig_21	134523	0.4236	25218	26252	+	25217	344	murB	UDP-N-acetylmuramate dehydrogenase	no	murB	en_familia	23	1.0000	core	core	no	no	no
bin_4_52	bin-4-52	bin_4_52_00467	cds	contig_21	134523	0.4236	26264	27394	+	26263	376		DUF218 domain-containing protein	no	group_3428	en_familia	23	1.0000	core	core	no	no	no
bin_4_52	bin-4-52	bin_4_52_00468	cds	contig_21	134523	0.4236	27394	28437	+	27393	347		Serine aminopeptidase S33 domain-containing protein	no	group_736	en_familia	23	1.0000	core	core	no	no	no
bin_4_52	bin-4-52	bin_4_52_00469	cds	contig_21	134523	0.4236	28500	30170	-	28499	556		Glutamate synthase domain-containing protein	no	group_227	en_familia	23	1.0000	core	core	no	no	no
bin_4_52	bin-4-52	bin_4_52_00470	cds	contig_21	134523	0.4236	30630	31631	-	30629	333		WYL domain-containing protein	no	group_804	en_familia	23	1.0000	core	core	no	no	no
bin_4_52	bin-4-52	bin_4_52_00471	cds	contig_21	134523	0.4236	31865	33424	+	31864	519		Circularly permuted ATP-grasp type 2 domain-containing protein	no	group_260	en_familia	23	1.0000	core	core	no	no	no
bin_4_52	bin-4-52	bin_4_52_00472	cds	contig_21	134523	0.4236	33448	34050	+	33447	200		DUF403 domain-containing protein	no	group_1510	en_familia	23	1.0000	core	core	no	no	no
bin_4_52	bin-4-52	bin_4_52_00473	cds	contig_21	134523	0.4236	34047	34829	+	34046	260		Transglutaminase-like domain-containing protein	no	group_1156	en_familia	23	1.0000	core	core	no	no	no
bin_4_52	bin-4-52	bin_4_52_00474	cds	contig_21	134523	0.4236	34842	35576	+	34841	244		Proteasome endopeptidase complex	no	group_1256	en_familia	23	1.0000	core	core	no	no	no
bin_4_52	bin-4-52	bin_4_52_00475	cds	contig_21	134523	0.4236	35650	36078	+	35649	142		BLUF domain-containing protein	no	group_4209	en_familia	23	1.0000	core	core	no	no	no
bin_4_52	bin-4-52	bin_4_52_00476	cds	contig_21	134523	0.4236	36123	37193	-	36122	356	alr	alanine racemase	no	alr	en_familia	23	1.0000	core	core	no	no	no
bin_4_52	bin-4-52	bin_4_52_00477	cds	contig_21	134523	0.4236	37424	38863	-	37423	479	dnaB	replicative DNA helicase	no	dnaB	en_familia	23	1.0000	core	core	no	no	no
bin_4_52	bin-4-52	bin_4_52_00478	cds	contig_21	134523	0.4236	39081	39527	-	39080	148	rplI	50S ribosomal protein L9	no	rplI	en_familia	23	1.0000	core	core	no	no	no
bin_4_52	bin-4-52	bin_4_52_00479	cds	contig_21	134523	0.4236	39537	39764	-	39536	75	rpsR	30S ribosomal protein S18	no	rpsR	en_familia	23	1.0000	core	core	no	no	no
bin_4_52	bin-4-52	bin_4_52_00480	cds	contig_21	134523	0.4236	39777	40163	-	39776	128	rpsF	30S ribosomal protein S6	no	rpsF	en_familia	23	1.0000	core	core	no	no	no
bin_4_52	bin-4-52	bin_4_52_00481	cds	contig_21	134523	0.4236	40646	41524	-	40645	292	cyoE	heme o synthase	no	cyoE	en_familia	23	1.0000	core	core	no	no	no
bin_4_52	bin-4-52	bin_4_52_00482	cds	contig_21	134523	0.4236	41535	41861	-	41534	108		cytochrome o ubiquinol oxidase subunit IV	no	group_2335	en_familia	23	1.0000	core	core	no	no	no
bin_4_52	bin-4-52	bin_4_52_00483	cds	contig_21	134523	0.4236	41861	42481	-	41860	206	cyoC	cytochrome o ubiquinol oxidase subunit III	no	cyoC	en_familia	23	1.0000	core	core	no	no	no
bin_4_52	bin-4-52	bin_4_52_00484	cds	contig_21	134523	0.4236	42486	44474	-	42485	662	cyoB	cytochrome o ubiquinol oxidase subunit I	no	cyoB	en_familia	23	1.0000	core	core	no	no	no
bin_4_52	bin-4-52	bin_4_52_00485	cds	contig_21	134523	0.4236	44478	45566	-	44477	362	cyoA	ubiquinol oxidase subunit II	no	cyoA	en_familia	23	1.0000	core	core	no	no	no
bin_4_52	bin-4-52	bin_4_52_00487	cds	contig_21	134523	0.4236	45869	46663	-	45868	264		RDD domain-containing protein	no	group_1136	en_familia	23	1.0000	core	core	no	no	no
bin_4_52	bin-4-52	bin_4_52_00488	cds	contig_21	134523	0.4236	47045	49417	-	47044	790	ppsA	phosphoenolpyruvate synthase	no	ppsA	en_familia	23	1.0000	core	core	no	no	no
bin_4_52	bin-4-52	bin_4_52_00489	cds	contig_21	134523	0.4236	49572	50408	+	49571	278		Putative phosphoenolpyruvate synthase regulatory protein	no	group_1080	en_familia	23	1.0000	core	core	no	no	no
bin_4_52	bin-4-52	bin_4_52_00490	cds	contig_21	134523	0.4236	50670	51224	-	50669	184		Flavoprotein	no	group_4077	en_familia	23	1.0000	core	core	no	no	no
bin_4_52	bin-4-52	bin_4_52_00491	cds	contig_21	134523	0.4236	51645	52649	-	51644	334		Luciferase-like domain-containing protein	no	group_799	en_familia	23	1.0000	core	core	no	no	no
bin_4_52	bin-4-52	bin_4_52_00492	cds	contig_21	134523	0.4236	52820	53284	-	52819	154		Glycine zipper 2TM domain-containing protein	no	group_1895	en_familia	23	1.0000	core	core	no	no	no
bin_4_52	bin-4-52	bin_4_52_00493	cds	contig_21	134523	0.4236	53530	53958	-	53529	142		Glycine zipper domain-containing protein	no	group_2007	en_familia	23	1.0000	core	core	no	no	no
bin_4_52	bin-4-52	bin_4_52_00494	cds	contig_21	134523	0.4236	54300	55388	+	54299	362	prfA	peptide chain release factor 1	no	prfA	en_familia	23	1.0000	core	core	no	no	no
bin_4_52	bin-4-52	bin_4_52_00495	cds	contig_21	134523	0.4236	55388	56206	+	55387	272	prmC	peptide chain release factor N(5)-glutamine methyltransferase	no	prmC	en_familia	23	1.0000	core	core	no	no	no
bin_4_52	bin-4-52	bin_4_52_00496	cds	contig_21	134523	0.4236	56262	57089	-	56261	275		ABC transmembrane type-1 domain-containing protein	no	group_3444	en_familia	23	1.0000	core	core	no	no	no
bin_4_52	bin-4-52	bin_4_52_00497	cds	contig_21	134523	0.4236	57089	58060	-	57088	323		Solute-binding protein family 3/N-terminal domain-containing protein	no	group_853	en_familia	23	1.0000	core	core	no	no	no
bin_4_52	bin-4-52	bin_4_52_00498	cds	contig_21	134523	0.4236	58362	58715	-	58361	117		Transcriptional regulator	no	group_4098	en_familia	23	1.0000	core	core	no	no	no
bin_4_52	bin-4-52	bin_4_52_00499	cds	contig_21	134523	0.4236	59028	59798	+	59027	256		3-hydroxyacyl-CoA dehydrogenase type-2	no	group_4313	en_familia	23	1.0000	core	core	no	no	no
bin_4_52	bin-4-52	bin_4_52_00500	cds	contig_21	134523	0.4236	59985	60497	-	59984	170		General stress protein	no	group_1721	en_familia	23	1.0000	core	core	no	no	no
bin_4_52	bin-4-52	bin_4_52_00501	cds	contig_21	134523	0.4236	61008	61286	-	61007	92		hypothetical protein	no	group_4821	en_familia	18	0.7826	shell	shell	si	no	no
bin_4_52	bin-4-52	bin_4_52_00502	cds	contig_21	134523	0.4236	61397	62170	+	61396	257		THIF-type NAD/FAD binding fold domain-containing protein	no	group_3918	en_familia	23	1.0000	core	core	no	no	no
bin_4_52	bin-4-52	bin_4_52_00503	cds	contig_21	134523	0.4236	62228	63526	+	62227	432		ABC1 atypical kinase-like domain-containing protein	no	group_410	en_familia	23	1.0000	core	core	no	no	no
bin_4_52	bin-4-52	bin_4_52_00504	cds	contig_21	134523	0.4236	63675	64055	+	63674	126	folB	dihydroneopterin aldolase	no	folB	en_familia	23	1.0000	core	core	no	no	no
bin_4_52	bin-4-52	bin_4_52_00505	cds	contig_21	134523	0.4236	64012	64458	+	64011	148		2-amino-4-hydroxy-6-hydroxymethyldihydropteridine pyrophosphokinase	no	group_4538	en_familia	23	1.0000	core	core	no	no	no
bin_4_52	bin-4-52	bin_4_52_00506	cds	contig_21	134523	0.4236	65295	65996	+	65294	233		DUF1003 domain-containing protein	no	group_4241	en_familia	23	1.0000	core	core	no	no	no
bin_4_52	bin-4-52	bin_4_52_00507	cds	contig_21	134523	0.4236	66086	66721	-	66085	211	coq7	2-polyprenyl-3-methyl-6-methoxy-1,4-benzoquinone monooxygenase	no	coq7	en_familia	23	1.0000	core	core	no	no	no
bin_4_52	bin-4-52	bin_4_52_00508	cds	contig_21	134523	0.4236	66725	68041	-	66482	438		Major facilitator superfamily (MFS) profile domain-containing protein	no	group_4240	en_familia	23	1.0000	core	core	no	no	no
bin_4_52	bin-4-52	bin_4_52_00509	cds	contig_21	134523	0.4236	68218	70971	+	63552	917	tamA	Translocation and assembly module subunit TamA	no	tamA	en_familia	23	1.0000	core	core	no	no	no
bin_4_52	bin-4-52	bin_4_52_00510	cds	contig_21	134523	0.4236	71010	75527	+	58996	1505		DUF490 domain-containing protein	no	group_7	en_familia	23	1.0000	core	core	no	no	no
bin_4_52	bin-4-52	bin_4_52_00511	cds	contig_21	134523	0.4236	75686	75835	+	58688	49	glgD	Glycogen biosynthesis protein GlgD	no	glgD	en_familia	23	1.0000	core	core	no	no	no
bin_4_52	bin-4-52	bin_4_52_00512	cds	contig_21	134523	0.4236	75961	76158	-	58365	65	xseB	Exodeoxyribonuclease VII	no	xseB	en_familia	23	1.0000	core	core	no	no	no
bin_4_52	bin-4-52	bin_4_52_00513	cds	contig_21	134523	0.4236	76151	77410	-	57113	419	xseA	exodeoxyribonuclease VII large subunit	no	group_4467	en_familia	23	1.0000	core	core	no	no	no
bin_4_52	bin-4-52	bin_4_52_00514	cds	contig_21	134523	0.4236	77638	78066	+	56457	142		Hemolysin	no	group_3936	en_familia	23	1.0000	core	core	no	no	no
bin_4_52	bin-4-52	bin_4_52_00515	cds	contig_21	134523	0.4236	78179	78538	+	55985	119		Lipoprotein	no	group_4517	en_familia	23	1.0000	core	core	no	no	no
bin_4_52	bin-4-52	bin_4_52_00516	cds	contig_21	134523	0.4236	78742	79011	+	55512	89		PLD phosphodiesterase domain-containing protein	no	group_3349	en_familia	22	0.9565	core	core	no	no	no
bin_4_52	bin-4-52	bin_4_52_00517	cds	contig_21	134523	0.4236	79306	81945	+	52578	879	acnB	bifunctional aconitate hydratase 2/2-methylisocitrate dehydratase	no	acnB	en_familia	23	1.0000	core	core	no	no	no
bin_4_52	bin-4-52	bin_4_52_00518	cds	contig_21	134523	0.4236	82075	83412	+	51111	445		Endonuclease GajA/Old nuclease/RecF-like AAA domain-containing protein	no	group_3662	en_familia	4	0.1739	shell	shell	si	no	no
bin_4_52	bin-4-52	bin_4_52_00519	cds	contig_21	134523	0.4236	83425	84042	+	50481	205		hypothetical protein	no	group_3681	en_familia	4	0.1739	shell	shell	si	no	no
bin_4_52	bin-4-52	bin_4_52_00520	cds	contig_21	134523	0.4236	84583	85806	+	48717	407	gltS	sodium/glutamate symporter	no	group_4544	en_familia	22	0.9565	core	core	no	no	no
bin_4_52	bin-4-52	bin_4_52_00521	cds	contig_21	134523	0.4236	86394	88616	+	45907	740		DUF6351 domain-containing protein	no	group_113	en_familia	7	0.3043	shell	shell	si	no	no
bin_4_52	bin-4-52	bin_4_52_00522	cds	contig_21	134523	0.4236	89012	89497	+	45026	161		hypothetical protein	no	group_5185	en_familia	23	1.0000	core	core	no	no	no
bin_4_52	bin-4-52	bin_4_52_00523	cds	contig_21	134523	0.4236	89607	89822	-	44701	71		Membrane protein	no	group_4935	en_familia	23	1.0000	core	core	no	no	no
bin_4_52	bin-4-52	bin_4_52_00524	cds	contig_21	134523	0.4236	90408	91694	-	42829	428	brnQ	branched-chain amino acid transport system II carrier protein	no	brnQ	en_familia	23	1.0000	core	core	no	no	no
bin_4_52	bin-4-52	bin_4_52_00525	cds	contig_21	134523	0.4236	92044	92838	+	41685	264	map	type I methionyl aminopeptidase	no	group_1140	en_familia	23	1.0000	core	core	no	no	no
bin_4_52	bin-4-52	bin_4_52_00526	cds	contig_21	134523	0.4236	93204	94103	-	40420	299		HTH lysR-type domain-containing protein	no	group_987	en_familia	23	1.0000	core	core	no	no	no
bin_4_52	bin-4-52	bin_4_52_00527	cds	contig_21	134523	0.4236	94187	94894	-	39629	235		NAD-dependent protein deacylase	no	group_4136	en_familia	23	1.0000	core	core	no	no	no
bin_4_52	bin-4-52	bin_4_52_00528	cds	contig_21	134523	0.4236	94912	95841	-	38682	309		AB hydrolase-1 domain-containing protein	no	group_4912	en_familia	23	1.0000	core	core	no	no	no
bin_4_52	bin-4-52	bin_4_52_00529	cds	contig_21	134523	0.4236	95866	96417	-	38106	183	padR	PadR family transcriptional regulator	no	padR	en_familia	23	1.0000	core	core	no	no	no
bin_4_52	bin-4-52	bin_4_52_00530	cds	contig_21	134523	0.4236	96585	98609	+	35914	674		NADPH-dependent 2,4-dienoyl-CoA reductase	no	group_146	en_familia	23	1.0000	core	core	no	no	no
bin_4_52	bin-4-52	bin_4_52_00531	cds	contig_21	134523	0.4236	98886	99290	+	35233	134		SnoaL-like domain-containing protein	no	group_3769	en_familia	23	1.0000	core	core	no	no	no
bin_4_52	bin-4-52	bin_4_52_00532	cds	contig_21	134523	0.4236	99353	100513	+	34010	386		AB hydrolase-1 domain-containing protein	no	group_4731	en_familia	23	1.0000	core	core	no	no	no
bin_4_52	bin-4-52	bin_4_52_00533	cds	contig_21	134523	0.4236	100541	100978	-	33545	145		internalin	no	group_3382	en_familia	23	1.0000	core	core	no	no	no
bin_4_52	bin-4-52	bin_4_52_00534	cds	contig_21	134523	0.4236	101203	102843	+	31680	546	pyrG	CTP synthase	no	pyrG	en_familia	23	1.0000	core	core	no	no	no
bin_4_52	bin-4-52	bin_4_52_00535	cds	contig_21	134523	0.4236	102876	103733	+	30790	285	kdsA	3-deoxy-8-phosphooctulonate synthase	no	kdsA	en_familia	23	1.0000	core	core	no	no	no
bin_4_52	bin-4-52	bin_4_52_00536	cds	contig_21	134523	0.4236	103798	105087	+	29436	429	eno	phosphopyruvate hydratase	no	eno	en_familia	23	1.0000	core	core	no	no	no
bin_4_52	bin-4-52	bin_4_52_00537	cds	contig_21	134523	0.4236	105101	105487	+	29036	128	ftsB	cell division protein FtsB	no	group_2121	en_familia	23	1.0000	core	core	no	no	no
bin_4_52	bin-4-52	bin_4_52_00538	cds	contig_21	134523	0.4236	105456	106169	+	28354	237		2-C-methyl-D-erythritol 4-phosphate cytidylyltransferase	no	group_4002	en_familia	23	1.0000	core	core	no	no	no
bin_4_52	bin-4-52	bin_4_52_00539	cds	contig_21	134523	0.4236	106271	107407	+	27116	378	rodA	rod shape-determining protein RodA	no	rodA	en_familia	23	1.0000	core	core	no	no	no
bin_4_52	bin-4-52	bin_4_52_00540	cds	contig_21	134523	0.4236	107523	107876	+	26647	117		hypothetical protein	no	group_4003	en_familia	23	1.0000	core	core	no	no	no
bin_4_52	bin-4-52	bin_4_52_00541	cds	contig_21	134523	0.4236	107983	108867	-	25656	294	yddG	aromatic amino acid DMT transporter YddG	no	eamA~~~yddG	en_familia	23	1.0000	core	core	no	no	no
bin_4_52	bin-4-52	bin_4_52_00542	cds	contig_21	134523	0.4236	109012	109314	-	25209	100		Cytochrome bd biosynthesis protein	no	group_4141	en_familia	23	1.0000	core	core	no	no	no
bin_4_52	bin-4-52	bin_4_52_00543	cds	contig_21	134523	0.4236	109318	109419	-	25104	33	cydX	cytochrome bd-I oxidase subunit CydX	no	cydX	en_familia	23	1.0000	core	core	no	no	no
bin_4_52	bin-4-52	bin_4_52_00544	cds	contig_21	134523	0.4236	109445	110590	-	23933	381	cydB	cytochrome d ubiquinol oxidase subunit II	no	group_4480	en_familia	23	1.0000	core	core	no	no	no
bin_4_52	bin-4-52	bin_4_52_00545	cds	contig_21	134523	0.4236	110587	112212	-	22311	541		Cytochrome D ubiquinol oxidase, subunit I	no	group_4868	en_familia	23	1.0000	core	core	no	no	no
bin_4_52	bin-4-52	bin_4_52_00546	cds	contig_21	134523	0.4236	112212	112403	-	22120	63	cydP	cytochrome oxidase putative small subunit CydP	no	cydP	en_familia	23	1.0000	core	core	no	no	no
bin_4_52	bin-4-52	bin_4_52_00547	cds	contig_21	134523	0.4236	112860	113939	-	20584	359		Porin domain-containing protein	no	group_694	en_familia	20	0.8696	shell	shell	si	no	no
bin_4_52	bin-4-52	bin_4_52_00548	cds	contig_21	134523	0.4236	114256	114669	-	19854	137		HIT domain-containing protein	no	group_3427	en_familia	23	1.0000	core	core	no	no	no
bin_4_52	bin-4-52	bin_4_52_00549	cds	contig_21	134523	0.4236	114701	114970	-	19553	89		YARHG domain-containing protein	no	group_2563	en_familia	23	1.0000	core	core	no	no	no
bin_4_52	bin-4-52	bin_4_52_00550	cds	contig_21	134523	0.4236	115053	115925	-	18598	290		3-hydroxyisobutyrate dehydrogenase	no	group_4025	en_familia	23	1.0000	core	core	no	no	no
bin_4_52	bin-4-52	bin_4_52_00551	cds	contig_21	134523	0.4236	115981	117078	-	17445	365		AB hydrolase-1 domain-containing protein	no	group_671	en_familia	23	1.0000	core	core	no	no	no
bin_4_52	bin-4-52	bin_4_52_00552	cds	contig_21	134523	0.4236	117222	118403	+	16120	393		O-succinylhomoserine sulfhydrylase	no	group_548	en_familia	23	1.0000	core	core	no	no	no
bin_4_52	bin-4-52	bin_4_52_00553	cds	contig_21	134523	0.4236	118433	118762	+	15761	109		YbaB/EbfC family nucleoid-associated protein	no	group_2324	en_familia	23	1.0000	core	core	no	no	no
bin_4_52	bin-4-52	bin_4_52_00554	cds	contig_21	134523	0.4236	118776	119372	+	15151	198	recR	recombination mediator RecR	no	recR	en_familia	23	1.0000	core	core	no	no	no
bin_4_52	bin-4-52	bin_4_52_00555	cds	contig_21	134523	0.4236	119564	120706	+	13817	380		Ribonuclease D	no	group_610	en_familia	23	1.0000	core	core	no	no	no
bin_4_52	bin-4-52	bin_4_52_00556	cds	contig_21	134523	0.4236	120897	121163	+	13360	88	ycgL	YcgL domain-containing protein F897-02278	no	ycgL	en_familia	23	1.0000	core	core	no	no	no
bin_4_52	bin-4-52	bin_4_52_00557	cds	contig_21	134523	0.4236	121185	121568	+	12955	127		Membrane protein	no	group_2133	en_familia	23	1.0000	core	core	no	no	no
bin_4_52	bin-4-52	bin_4_52_00558	cds	contig_21	134523	0.4236	121590	122441	+	12082	283		AAA+ ATPase domain-containing protein	no	group_1066	en_familia	23	1.0000	core	core	no	no	no
bin_4_52	bin-4-52	bin_4_52_00559	cds	contig_21	134523	0.4236	122455	123642	+	10881	395		VWA domain-containing protein	no	group_3968	en_familia	23	1.0000	core	core	no	no	no
bin_4_52	bin-4-52	bin_4_52_00560	cds	contig_21	134523	0.4236	123751	124959	+	9564	402	trpB	tryptophan synthase subunit beta	no	group_4363	en_familia	23	1.0000	core	core	no	no	no
bin_4_52	bin-4-52	bin_4_52_00561	cds	contig_21	134523	0.4236	125067	125498	-	9025	143		CBS domain-containing protein	no	group_1994	en_familia	23	1.0000	core	core	no	no	no
bin_4_52	bin-4-52	bin_4_52_00562	cds	contig_21	134523	0.4236	125586	126002	-	8521	138		DUF2750 domain-containing protein	no	group_3523	en_familia	23	1.0000	core	core	no	no	no
bin_4_52	bin-4-52	bin_4_52_00563	cds	contig_21	134523	0.4236	126120	126353	-	8170	77		Sel1 repeat protein	no	group_4389	en_familia	23	1.0000	core	core	no	no	no
bin_4_52	bin-4-52	bin_4_52_00564	cds	contig_21	134523	0.4236	126573	126932	+	7591	119		Cyclic nucleotide-binding domain-containing protein	no	group_5012	en_familia	23	1.0000	core	core	no	no	no
bin_4_52	bin-4-52	bin_4_52_00565	cds	contig_21	134523	0.4236	127044	127367	+	7156	107		Polysaccharide chain length determinant N-terminal domain-containing protein	no	group_2351	en_familia	22	0.9565	core	core	no	no	no
bin_4_52	bin-4-52	bin_4_52_00566	cds	contig_21	134523	0.4236	127371	128888	-	5635	505		Peptidase M16 C-terminal domain-containing protein	no	group_4412	en_familia	22	0.9565	core	core	no	no	no
bin_4_52	bin-4-52	bin_4_52_00567	cds	contig_21	134523	0.4236	128885	130237	-	4286	450		Peptidase M16 N-terminal domain-containing protein	no	group_3839	en_familia	22	0.9565	core	core	no	no	no
bin_4_52	bin-4-52	bin_4_52_00568	cds	contig_21	134523	0.4236	130469	131575	+	2948	368	ftsY	signal recognition particle-docking protein FtsY	no	ftsY	en_familia	22	0.9565	core	core	no	no	no
bin_4_52	bin-4-52	bin_4_52_00569	cds	contig_21	134523	0.4236	131751	132308	+	2215	185		Nitroreductase domain-containing protein	no	group_4548	en_familia	22	0.9565	core	core	no	no	no
bin_4_52	bin-4-52	bin_4_52_00570	cds	contig_21	134523	0.4236	132631	133224	+	1299	197		Nitroreductase domain-containing protein	no	group_4549	en_familia	23	1.0000	core	core	no	no	no
bin_4_52	bin-4-52	bin_4_52_00571	cds	contig_21	134523	0.4236	133433	134095	+	428	220		DUF2057 domain-containing protein	no	group_3619	en_familia	23	1.0000	core	core	no	no	no
bin_4_52	bin-4-52	bin_4_52_00572	cds	contig_22	27544	0.4246	235	936	-	234	233		Thiol:disulfide interchange protein	no	group_4436	en_familia	23	1.0000	core	core	no	no	no
bin_4_52	bin-4-52	bin_4_52_00573	cds	contig_22	27544	0.4246	1060	2007	-	1059	315	dmeF	CDF family Co(II)/Ni(II) efflux transporter DmeF	no	group_4903	en_familia	23	1.0000	core	core	no	no	no
bin_4_52	bin-4-52	bin_4_52_00574	cds	contig_22	27544	0.4246	2064	2330	+	2063	88		Metal/formaldehyde-sensitive transcriptional repressor	no	group_4109	en_familia	23	1.0000	core	core	no	no	no
bin_4_52	bin-4-52	bin_4_52_00575	cds	contig_22	27544	0.4246	2449	3651	+	2448	400		Major facilitator superfamily (MFS) profile domain-containing protein	no	group_4904	en_familia	23	1.0000	core	core	no	no	no
bin_4_52	bin-4-52	bin_4_52_00576	cds	contig_22	27544	0.4246	4700	4978	+	4699	92		Phage protein	no	group_2539	en_familia	1	0.0435	cloud	cloud	si	si	no
bin_4_52	bin-4-52	bin_4_52_00577	cds	contig_22	27544	0.4246	4975	5163	+	4974	62		Phage protein	no	group_4428	en_familia	1	0.0435	cloud	cloud	si	si	no
bin_4_52	bin-4-52	bin_4_52_00578	cds	contig_22	27544	0.4246	6428	6754	-	6427	108		Single-stranded DNA-binding protein	no	group_5010	en_familia	1	0.0435	cloud	cloud	si	si	no
bin_4_52	bin-4-52	bin_4_52_00579	cds	contig_22	27544	0.4246	7019	9505	-	7018	828		DUF927 domain-containing protein	no	group_4387	en_familia	1	0.0435	cloud	cloud	si	si	no
bin_4_52	bin-4-52	bin_4_52_00580	cds	contig_22	27544	0.4246	9515	9883	-	9514	122		XRE family transcriptional regulator	no	group_2191	en_familia	1	0.0435	cloud	cloud	si	si	no
bin_4_52	bin-4-52	bin_4_52_00581	cds	contig_22	27544	0.4246	9876	10382	-	9875	168		Bro-N domain-containing protein	no	group_4388	en_familia	1	0.0435	cloud	cloud	si	si	no
bin_4_52	bin-4-52	bin_4_52_00582	cds	contig_22	27544	0.4246	10379	10597	-	10378	72		Winged helix-turn-helix domain-containing protein	no	group_5011	en_familia	2	0.0870	cloud	cloud	si	si	no
bin_4_52	bin-4-52	bin_4_52_00583	cds	contig_22	27544	0.4246	10602	11198	-	10601	198		hypothetical protein	no	group_4445	en_familia	1	0.0435	cloud	cloud	si	si	no
bin_4_52	bin-4-52	bin_4_52_00584	cds	contig_22	27544	0.4246	11202	11438	-	11201	78	alpA	AlpA family transcriptional regulator	no	group_5123	en_familia	3	0.1304	cloud	cloud	si	si	no
bin_4_52	bin-4-52	bin_4_52_00585	cds	contig_22	27544	0.4246	12192	13424	-	12191	410		Tyrosine-type recombinase/integrase	no	group_4758	en_familia	4	0.1739	shell	shell	si	no	no
bin_4_52	bin-4-52	bin_4_52_00586	cds	contig_22	27544	0.4246	13630	14988	-	12556	452	mnmE	tRNA uridine-5-carboxymethylaminomethyl(34) synthesis GTPase MnmE	no	mnmE	en_familia	23	1.0000	core	core	no	no	no
bin_4_52	bin-4-52	bin_4_52_00587	cds	contig_22	27544	0.4246	15082	16845	-	10699	587	yidC	membrane protein insertase YidC	no	yidC	en_familia	23	1.0000	core	core	no	no	no
bin_4_52	bin-4-52	bin_4_52_00588	cds	contig_22	27544	0.4246	16851	17171	-	10373	106	yidD	membrane protein insertion efficiency factor YidD	no	yidD	en_familia	23	1.0000	core	core	no	no	no
bin_4_52	bin-4-52	bin_4_52_00589	cds	contig_22	27544	0.4246	17181	17573	-	9971	130	rnpA	ribonuclease P protein component	no	rnpA	en_familia	23	1.0000	core	core	no	no	no
bin_4_52	bin-4-52	bin_4_52_00590	cds	contig_22	27544	0.4246	17603	17737	-	9807	44	rpmH	50S ribosomal protein L34	no	rpmH	en_familia	23	1.0000	core	core	no	no	no
bin_4_52	bin-4-52	bin_4_52_00591	cds	contig_22	27544	0.4246	18399	19781	+	7763	460	dnaA	chromosomal replication initiator protein DnaA	no	dnaA	en_familia	23	1.0000	core	core	no	no	no
bin_4_52	bin-4-52	bin_4_52_00592	cds	contig_22	27544	0.4246	19891	21039	+	6505	382	dnaN	DNA polymerase III subunit beta	no	dnaN	en_familia	23	1.0000	core	core	no	no	no
bin_4_52	bin-4-52	bin_4_52_00593	cds	contig_22	27544	0.4246	21067	22149	+	5395	360	recF	DNA replication/repair protein RecF	no	recF	en_familia	23	1.0000	core	core	no	no	no
bin_4_52	bin-4-52	bin_4_52_00594	cds	contig_22	27544	0.4246	22205	24673	+	2871	822	gyrB	DNA topoisomerase (ATP-hydrolyzing) subunit B	no	gyrB	en_familia	23	1.0000	core	core	no	no	no
bin_4_52	bin-4-52	bin_4_52_00595	cds	contig_22	27544	0.4246	24863	25210	+	2334	115		DUF4440 domain-containing protein	no	group_3353	en_familia	23	1.0000	core	core	no	no	no
bin_4_52	bin-4-52	bin_4_52_00596	cds	contig_22	27544	0.4246	25947	27110	-	434	387		Enoyl reductase (ER) domain-containing protein	no	group_4518	en_familia	23	1.0000	core	core	no	no	no
bin_4_52	bin-4-52	bin_4_52_00597	cds	contig_23	10290	0.3966	143	1423	-	142	426		HMA domain-containing protein	no	group_4662	en_familia	17	0.7391	shell	shell	si	no	no
bin_4_52	bin-4-52	bin_4_52_00598	cds	contig_23	10290	0.3966	1513	1905	+	1512	130	cadR	Cd(II)/Pb(II)-responsive transcriptional regulator	no	cadR	en_familia	15	0.6522	shell	shell	si	no	no
bin_4_52	bin-4-52	bin_4_52_00599	cds	contig_23	10290	0.3966	2048	2458	+	2047	136		DUF2946 domain-containing protein	no	group_4377	en_familia	16	0.6957	shell	shell	si	no	no
bin_4_52	bin-4-52	bin_4_52_00600	cds	contig_23	10290	0.3966	2508	3875	+	2507	455	czcC	Cobalt-zinc-cadmium resistance protein CzcC	no	group_5007	en_familia	16	0.6957	shell	shell	si	no	no
bin_4_52	bin-4-52	bin_4_52_00601	cds	contig_23	10290	0.3966	3877	5112	+	3876	411		RND efflux pump membrane fusion protein barrel-sandwich domain-containing protein	no	group_4565	en_familia	16	0.6957	shell	shell	si	no	no
bin_4_52	bin-4-52	bin_4_52_00602	cds	contig_23	10290	0.3966	5102	8260	+	2030	1052	czcA	Cation efflux system protein CzcA	no	group_3456	en_familia	16	0.6957	shell	shell	si	no	no
bin_4_52	bin-4-52	bin_4_52_00603	cds	contig_23	10290	0.3966	8346	9245	+	1045	299		Cation transporter	no	group_3686	en_familia	18	0.7826	shell	shell	si	no	no
bin_4_52	bin-4-52	bin_4_52_00604	cds	contig_23	10290	0.3966	9449	9631	+	659	60		hypothetical protein	no	group_4680	en_familia	8	0.3478	shell	shell	si	no	no
bin_4_52	bin-4-52	bin_4_52_00605	cds	contig_24	3951	0.3877	180	482	-	179	100		ABM domain-containing protein	no	group_4582	en_familia	12	0.5217	shell	shell	si	no	no
bin_4_52	bin-4-52	bin_4_52_00606	cds	contig_24	3951	0.3877	816	1646	-	815	276	fghA	S-formylglutathione hydrolase	no	fghA	en_familia	15	0.6522	shell	shell	si	no	no
bin_4_52	bin-4-52	bin_4_52_00607	cds	contig_24	3951	0.3877	1875	2987	-	964	370	frmA	S-(hydroxymethyl)glutathione dehydrogenase/class III alcohol dehydrogenase	no	group_646	en_familia	15	0.6522	shell	shell	si	no	no
bin_4_52	bin-4-52	bin_4_52_00608	cds	contig_24	3951	0.3877	3009	3284	-	667	91	frmR	Transcriptional repressor frmR	no	frmR	en_familia	15	0.6522	shell	shell	si	no	no
bin_4_52	bin-4-52	bin_4_52_00609	cds	contig_25	3542	0.4077	376	489	-	375	37	tnp	IS3 family transposase	no	group_5562	en_familia	14	0.6087	shell	shell	si	no	no
bin_4_52	bin-4-52	bin_4_52_00610	cds	contig_25	3542	0.4077	622	1323	+	621	233	tnp	IS1 family ISAlw3 transposase	no	group_5611	en_familia	9	0.3913	shell	shell	si	no	no
bin_4_52	bin-4-52	bin_4_52_00611	cds	contig_25	3542	0.4077	1734	2897	+	645	387		Enoyl reductase (ER) domain-containing protein	no	group_579	en_familia	5	0.2174	shell	shell	si	no	no
bin_4_52	bin-4-52	bin_4_52_00612	cds	contig_25	3542	0.4077	3031	3441	-	101	136		IS5 family transposase	no	group_5401	en_familia	17	0.7391	shell	shell	si	no	no
bin_4_52	bin-4-52	bin_4_52_00614	cds	contig_26	190795	0.4260	171	506	+	170	111		DUF2726 domain-containing protein	no	group_3609	en_familia	23	1.0000	core	core	no	no	no
bin_4_52	bin-4-52	bin_4_52_00615	cds	contig_26	190795	0.4260	662	928	-	661	88		hypothetical protein	no	group_4645	en_familia	23	1.0000	core	core	no	no	no
bin_4_52	bin-4-52	bin_4_52_00616	cds	contig_26	190795	0.4260	1048	2274	-	1047	408		AB hydrolase-1 domain-containing protein	no	group_5079	en_familia	8	0.3478	shell	shell	si	no	no
bin_4_52	bin-4-52	bin_4_52_00617	cds	contig_26	190795	0.4260	2382	3260	-	2381	292	ubiA	4-hydroxybenzoate octaprenyltransferase	no	ubiA	en_familia	23	1.0000	core	core	no	no	no
bin_4_52	bin-4-52	bin_4_52_00618	cds	contig_26	190795	0.4260	3267	3788	-	3266	173		putative chorismate pyruvate-lyase	no	group_4833	en_familia	23	1.0000	core	core	no	no	no
bin_4_52	bin-4-52	bin_4_52_00619	cds	contig_26	190795	0.4260	3781	4056	-	3780	91		Rhamnogalacturonan lyase domain-containing protein	no	group_4683	en_familia	23	1.0000	core	core	no	no	no
bin_4_52	bin-4-52	bin_4_52_00620	cds	contig_26	190795	0.4260	4143	5552	-	4142	469	glnA	type I glutamate--ammonia ligase	no	glnA	en_familia	23	1.0000	core	core	no	no	no
bin_4_52	bin-4-52	bin_4_52_00621	cds	contig_26	190795	0.4260	6359	6943	+	6358	194	trpG	Anthranilate synthase component 2	no	trpG	en_familia	23	1.0000	core	core	no	no	no
bin_4_52	bin-4-52	bin_4_52_00622	cds	contig_26	190795	0.4260	6947	7996	+	6946	349		Anthranilate phosphoribosyltransferase	no	group_3695	en_familia	23	1.0000	core	core	no	no	no
bin_4_52	bin-4-52	bin_4_52_00623	cds	contig_26	190795	0.4260	8017	8823	+	8016	268	trpC	indole-3-glycerol phosphate synthase TrpC	no	trpC	en_familia	23	1.0000	core	core	no	no	no
bin_4_52	bin-4-52	bin_4_52_00624	cds	contig_26	190795	0.4260	9190	9873	+	9189	227		Smr domain-containing protein	no	group_5289	en_familia	23	1.0000	core	core	no	no	no
bin_4_52	bin-4-52	bin_4_52_00625	cds	contig_26	190795	0.4260	9961	10515	+	9960	184	folE	GTP cyclohydrolase I FolE	no	folE	en_familia	23	1.0000	core	core	no	no	no
bin_4_52	bin-4-52	bin_4_52_00626	cds	contig_26	190795	0.4260	10611	10970	+	10610	119		(S)-ureidoglycine aminohydrolase cupin domain-containing protein	no	group_4959	en_familia	23	1.0000	core	core	no	no	no
bin_4_52	bin-4-52	bin_4_52_00627	cds	contig_26	190795	0.4260	11226	11789	+	11225	187		Cytoplasmic protein	no	group_5191	en_familia	23	1.0000	core	core	no	no	no
bin_4_52	bin-4-52	bin_4_52_00628	cds	contig_26	190795	0.4260	11791	13179	-	11790	462	dosC	Diguanylate cyclase DosC	no	group_5060	en_familia	23	1.0000	core	core	no	no	no
bin_4_52	bin-4-52	bin_4_52_00629	cds	contig_26	190795	0.4260	13373	15259	-	13372	628		DUF4105 domain-containing protein	no	group_4568	en_familia	23	1.0000	core	core	no	no	no
bin_4_52	bin-4-52	bin_4_52_00630	cds	contig_26	190795	0.4260	15332	15802	-	15331	156		DUF3015 domain-containing protein	no	group_3466	en_familia	23	1.0000	core	core	no	no	no
bin_4_52	bin-4-52	bin_4_52_00631	cds	contig_26	190795	0.4260	15941	16747	-	15940	268		Integral membrane protein	no	group_4041	en_familia	23	1.0000	core	core	no	no	no
bin_4_52	bin-4-52	bin_4_52_00632	cds	contig_26	190795	0.4260	16758	17828	-	16757	356	hemE	uroporphyrinogen decarboxylase	no	hemE	en_familia	23	1.0000	core	core	no	no	no
bin_4_52	bin-4-52	bin_4_52_00633	cds	contig_26	190795	0.4260	18027	19250	+	18026	407		L,D-TPase catalytic domain-containing protein	no	group_4552	en_familia	23	1.0000	core	core	no	no	no
bin_4_52	bin-4-52	bin_4_52_00634	cds	contig_26	190795	0.4260	19414	20112	+	19413	232		Pirin N-terminal domain-containing protein	no	group_3685	en_familia	22	0.9565	core	core	no	no	no
bin_4_52	bin-4-52	bin_4_52_00635	cds	contig_26	190795	0.4260	20427	21398	+	20426	323		Methyltransferase small domain-containing protein	no	group_4686	en_familia	22	0.9565	core	core	no	no	no
bin_4_52	bin-4-52	bin_4_52_00636	cds	contig_26	190795	0.4260	21562	21912	-	21561	116		Autotransporter domain-containing protein	no	group_3688	en_familia	20	0.8696	shell	shell	si	no	no
bin_4_52	bin-4-52	bin_4_52_00637	cds	contig_26	190795	0.4260	22127	22216	+	22126	29		hypothetical protein	no	group_4687	en_familia	18	0.7826	shell	shell	si	no	no
bin_4_52	bin-4-52	bin_4_52_00638	cds	contig_26	190795	0.4260	22419	23315	-	22418	298		Metallo-beta-lactamase domain-containing protein	no	group_5282	en_familia	22	0.9565	core	core	no	no	no
bin_4_52	bin-4-52	bin_4_52_00639	cds	contig_26	190795	0.4260	23318	23734	-	23317	138		Sulphur transport domain-containing protein	no	group_5175	en_familia	22	0.9565	core	core	no	no	no
bin_4_52	bin-4-52	bin_4_52_00640	cds	contig_26	190795	0.4260	23736	24152	-	23735	138		YeeE/YedE family protein	no	group_4919	en_familia	22	0.9565	core	core	no	no	no
bin_4_52	bin-4-52	bin_4_52_00641	cds	contig_26	190795	0.4260	24273	24593	+	24272	106		HTH arsR-type domain-containing protein	no	group_4682	en_familia	22	0.9565	core	core	no	no	no
bin_4_52	bin-4-52	bin_4_52_00642	cds	contig_26	190795	0.4260	24590	24952	-	24589	120		DUF202 domain-containing protein	no	group_5094	en_familia	16	0.6957	shell	shell	si	no	no
bin_4_52	bin-4-52	bin_4_52_00643	cds	contig_26	190795	0.4260	25060	25800	-	25059	246	dsbG	thiol:disulfide interchange protein DsbG	no	dsbG	en_familia	21	0.9130	shell	core	si	no	no
bin_4_52	bin-4-52	bin_4_52_00644	cds	contig_26	190795	0.4260	25819	26667	-	25818	282		Thioredoxin domain-containing protein	no	group_5095	en_familia	21	0.9130	shell	core	si	no	no
bin_4_52	bin-4-52	bin_4_52_00645	cds	contig_26	190795	0.4260	26664	28601	-	26663	645		Protein-disulfide reductase	no	group_5137	en_familia	21	0.9130	shell	core	si	no	no
bin_4_52	bin-4-52	bin_4_52_00646	cds	contig_26	190795	0.4260	28710	29384	+	28709	224		Response regulatory domain-containing protein	no	group_5136	en_familia	21	0.9130	shell	core	si	no	no
bin_4_52	bin-4-52	bin_4_52_00647	cds	contig_26	190795	0.4260	29444	30184	+	29443	246		histidine kinase	no	group_4949	en_familia	21	0.9130	shell	core	si	no	no
bin_4_52	bin-4-52	bin_4_52_00648	cds	contig_26	190795	0.4260	30440	30742	+	30439	100		histidine kinase	no	group_4949	en_familia	21	0.9130	shell	core	si	no	no
bin_4_52	bin-4-52	bin_4_52_00650	cds	contig_26	190795	0.4260	31545	33581	-	31544	678		NADPH-dependent 2,4-dienoyl-CoA reductase	no	group_5046	en_familia	23	1.0000	core	core	no	no	no
bin_4_52	bin-4-52	bin_4_52_00651	cds	contig_26	190795	0.4260	33689	34042	-	33688	117		DUF202 domain-containing protein	no	group_3362	en_familia	23	1.0000	core	core	no	no	no
bin_4_52	bin-4-52	bin_4_52_00652	cds	contig_26	190795	0.4260	34277	35971	-	34276	564	dld	D-lactate dehydrogenase	no	dld	en_familia	23	1.0000	core	core	no	no	no
bin_4_52	bin-4-52	bin_4_52_00653	cds	contig_26	190795	0.4260	36128	37282	-	36127	384	lldD	FMN-dependent L-lactate dehydrogenase LldD	no	group_5086	en_familia	23	1.0000	core	core	no	no	no
bin_4_52	bin-4-52	bin_4_52_00654	cds	contig_26	190795	0.4260	37286	38029	-	37285	247	lldR	transcriptional regulator LldR	no	group_3648	en_familia	23	1.0000	core	core	no	no	no
bin_4_52	bin-4-52	bin_4_52_00655	cds	contig_26	190795	0.4260	38051	39712	-	38050	553	lldP	L-lactate permease	no	group_3392	en_familia	23	1.0000	core	core	no	no	no
bin_4_52	bin-4-52	bin_4_52_00656	cds	contig_26	190795	0.4260	40216	41556	+	40215	446	argG	argininosuccinate synthase	no	argG	en_familia	23	1.0000	core	core	no	no	no
bin_4_52	bin-4-52	bin_4_52_00657	cds	contig_26	190795	0.4260	41623	42891	-	41622	422		diguanylate cyclase	no	group_3898	en_familia	23	1.0000	core	core	no	no	no
bin_4_52	bin-4-52	bin_4_52_00658	cds	contig_26	190795	0.4260	43043	44077	+	43042	344	pyrC	dihydroorotase	no	pyrC	en_familia	23	1.0000	core	core	no	no	no
bin_4_52	bin-4-52	bin_4_52_00659	cds	contig_26	190795	0.4260	44074	44721	+	44073	215	rnt	ribonuclease T	no	rnt	en_familia	23	1.0000	core	core	no	no	no
bin_4_52	bin-4-52	bin_4_52_00661	cds	contig_26	190795	0.4260	44983	47529	+	44982	848		TonB-dependent receptor plug domain-containing protein	no	group_3659	en_familia	22	0.9565	core	core	no	no	no
bin_4_52	bin-4-52	bin_4_52_00662	cds	contig_26	190795	0.4260	47533	47760	+	47532	75		hypothetical protein	no	group_3870	en_familia	22	0.9565	core	core	no	no	no
bin_4_52	bin-4-52	bin_4_52_00664	cds	contig_26	190795	0.4260	48162	49574	+	48161	470		Amino acid permease/ SLC12A domain-containing protein	no	rocC	en_familia	23	1.0000	core	core	no	no	no
bin_4_52	bin-4-52	bin_4_52_00665	cds	contig_26	190795	0.4260	49896	50552	+	49895	218		Alpha/beta hydrolase	no	group_5130	en_familia	23	1.0000	core	core	no	no	no
bin_4_52	bin-4-52	bin_4_52_00666	cds	contig_26	190795	0.4260	50796	51707	+	50795	303		AB hydrolase-1 domain-containing protein	no	group_4796	en_familia	23	1.0000	core	core	no	no	no
bin_4_52	bin-4-52	bin_4_52_00669	cds	contig_26	190795	0.4260	52280	53692	+	52279	470		Iron-containing redox enzyme family protein	no	group_3948	en_familia	23	1.0000	core	core	no	no	no
bin_4_52	bin-4-52	bin_4_52_00670	cds	contig_26	190795	0.4260	53746	54990	-	53745	414		NADH:flavin oxidoreductase/NADH oxidase N-terminal domain-containing protein	no	group_477	en_familia	23	1.0000	core	core	no	no	no
bin_4_52	bin-4-52	bin_4_52_00671	cds	contig_26	190795	0.4260	55094	56680	-	55093	528	cntF	staphylopine uptake ABC transporter ATP-binding protein CntF	no	cntF	en_familia	23	1.0000	core	core	no	no	no
bin_4_52	bin-4-52	bin_4_52_00672	cds	contig_26	190795	0.4260	56655	57668	-	56654	337		ABC transmembrane type-1 domain-containing protein	no	group_781	en_familia	23	1.0000	core	core	no	no	no
bin_4_52	bin-4-52	bin_4_52_00673	cds	contig_26	190795	0.4260	57668	58735	-	57667	355		ABC transmembrane type-1 domain-containing protein	no	group_4074	en_familia	23	1.0000	core	core	no	no	no
bin_4_52	bin-4-52	bin_4_52_00674	cds	contig_26	190795	0.4260	58754	60595	-	58753	613		Solute-binding protein family 5 domain-containing protein	no	group_4885	en_familia	23	1.0000	core	core	no	no	no
bin_4_52	bin-4-52	bin_4_52_00675	cds	contig_26	190795	0.4260	60623	63943	-	60622	1106		SAG1386/EF1546 family surface-associated protein	no	lysM	en_familia	23	1.0000	core	core	no	no	no
bin_4_52	bin-4-52	bin_4_52_00676	cds	contig_26	190795	0.4260	64003	65553	+	64002	516	dnaQ	DNA polymerase III subunit epsilon	no	dnaQ	en_familia	23	1.0000	core	core	no	no	no
bin_4_52	bin-4-52	bin_4_52_00677	cds	contig_26	190795	0.4260	65681	67324	+	65680	547		Chemotaxis protein	no	group_234	en_familia	23	1.0000	core	core	no	no	no
bin_4_52	bin-4-52	bin_4_52_00678	cds	contig_26	190795	0.4260	67324	68100	+	67323	258	nudC	NAD(+) diphosphatase	no	nudC	en_familia	23	1.0000	core	core	no	no	no
bin_4_52	bin-4-52	bin_4_52_00679	cds	contig_26	190795	0.4260	68162	69043	-	68161	293		BD-FAE-like domain-containing protein	no	group_4572	en_familia	23	1.0000	core	core	no	no	no
bin_4_52	bin-4-52	bin_4_52_00680	cds	contig_26	190795	0.4260	69033	69716	-	69032	227		BON domain-containing protein	no	group_3660	en_familia	23	1.0000	core	core	no	no	no
bin_4_52	bin-4-52	bin_4_52_00681	cds	contig_26	190795	0.4260	69856	70275	-	69855	139	yraN	YraN family protein	no	yraN	en_familia	23	1.0000	core	core	no	no	no
bin_4_52	bin-4-52	bin_4_52_00682	cds	contig_26	190795	0.4260	70281	71240	-	70280	319		Penicillin-binding protein activator	no	group_4665	en_familia	23	1.0000	core	core	no	no	no
bin_4_52	bin-4-52	bin_4_52_00683	cds	contig_26	190795	0.4260	71251	72093	+	71250	280	rsmI	16S rRNA (cytidine(1402)-2'-O)-methyltransferase	no	rsmI	en_familia	23	1.0000	core	core	no	no	no
bin_4_52	bin-4-52	bin_4_52_00684	cds	contig_26	190795	0.4260	72176	72424	-	72175	82	sutA	Transcriptional regulator SutA RNAP-binding domain-containing protein	no	group_2649	en_familia	23	1.0000	core	core	no	no	no
bin_4_52	bin-4-52	bin_4_52_00685	cds	contig_26	190795	0.4260	72599	73840	-	72598	413		FAD-binding domain-containing protein	no	group_4438	en_familia	23	1.0000	core	core	no	no	no
bin_4_52	bin-4-52	bin_4_52_00686	cds	contig_26	190795	0.4260	73837	75045	-	73836	402	ubiH	2-octaprenyl-6-methoxyphenyl hydroxylase	no	ubiH	en_familia	23	1.0000	core	core	no	no	no
bin_4_52	bin-4-52	bin_4_52_00687	cds	contig_26	190795	0.4260	75278	75541	+	75277	87		hypothetical protein	no	group_4643	en_familia	12	0.5217	shell	shell	si	no	no
bin_4_52	bin-4-52	bin_4_52_00688	cds	contig_26	190795	0.4260	76140	76730	-	76139	196		DUF4142 domain-containing protein	no	group_4441	en_familia	17	0.7391	shell	shell	si	no	no
bin_4_52	bin-4-52	bin_4_52_00689	cds	contig_26	190795	0.4260	77101	77343	-	77100	80		DUF378 domain-containing protein	no	group_5414	en_familia	23	1.0000	core	core	no	no	no
bin_4_52	bin-4-52	bin_4_52_00690	cds	contig_26	190795	0.4260	77922	78878	-	77921	318		diguanylate cyclase	no	group_4442	en_familia	23	1.0000	core	core	no	no	no
bin_4_52	bin-4-52	bin_4_52_00691	cds	contig_26	190795	0.4260	79090	80424	-	79089	444	pepP	Xaa-Pro aminopeptidase	no	pepP	en_familia	23	1.0000	core	core	no	no	no
bin_4_52	bin-4-52	bin_4_52_00692	cds	contig_26	190795	0.4260	80534	81169	-	80533	211	yecA	YecA family protein	no	group_3900	en_familia	23	1.0000	core	core	no	no	no
bin_4_52	bin-4-52	bin_4_52_00693	cds	contig_26	190795	0.4260	81234	81791	+	81233	185		Chromosome partition protein Smc	no	group_3636	en_familia	23	1.0000	core	core	no	no	no
bin_4_52	bin-4-52	bin_4_52_00694	cds	contig_26	190795	0.4260	81788	82075	+	81787	95	zapA	Cell division protein ZapA	no	zapA	en_familia	23	1.0000	core	core	no	no	no
bin_4_52	bin-4-52	bin_4_52_00696	cds	contig_26	190795	0.4260	82453	82905	-	82452	150		Zinc resistance-associated protein	no	group_4423	en_familia	23	1.0000	core	core	no	no	no
bin_4_52	bin-4-52	bin_4_52_00697	cds	contig_26	190795	0.4260	82975	84225	-	82974	416		Serine/threonine protein kinase	no	yncE	en_familia	23	1.0000	core	core	no	no	no
bin_4_52	bin-4-52	bin_4_52_00698	cds	contig_26	190795	0.4260	84525	85115	+	84524	196		5-formyltetrahydrofolate cyclo-ligase	no	group_3693	en_familia	23	1.0000	core	core	no	no	no
bin_4_52	bin-4-52	bin_4_52_00699	cds	contig_26	190795	0.4260	85258	87684	+	85257	808	lon	endopeptidase La	no	lon	en_familia	23	1.0000	core	core	no	no	no
bin_4_52	bin-4-52	bin_4_52_00700	cds	contig_26	190795	0.4260	87745	88692	-	87744	315		Peptidase M28 domain-containing protein	no	group_5097	en_familia	23	1.0000	core	core	no	no	no
bin_4_52	bin-4-52	bin_4_52_00701	cds	contig_26	190795	0.4260	88817	89329	+	88816	170	rlmH	23S rRNA (pseudouridine(1915)-N(3))-methyltransferase RlmH	no	rlmH	en_familia	23	1.0000	core	core	no	no	no
bin_4_52	bin-4-52	bin_4_52_00702	cds	contig_26	190795	0.4260	89443	90219	+	89442	258		Extradiol ring-cleavage dioxygenase class III enzyme subunit B domain-containing protein	no	group_5311	en_familia	23	1.0000	core	core	no	no	no
bin_4_52	bin-4-52	bin_4_52_00703	cds	contig_26	190795	0.4260	90389	91174	+	90388	261		DUF4377 domain-containing protein	no	group_5262	en_familia	23	1.0000	core	core	no	no	no
bin_4_52	bin-4-52	bin_4_52_00704	cds	contig_26	190795	0.4260	91249	92592	-	91248	447	gdhA	NADP-specific glutamate dehydrogenase	no	gdhA	en_familia	23	1.0000	core	core	no	no	no
bin_4_52	bin-4-52	bin_4_52_00705	cds	contig_26	190795	0.4260	92940	93731	+	92939	263		Iron-sulfur protein	no	group_3897	en_familia	23	1.0000	core	core	no	no	no
bin_4_52	bin-4-52	bin_4_52_00706	cds	contig_26	190795	0.4260	93733	94440	+	93732	235	nth	endonuclease III	no	nth	en_familia	23	1.0000	core	core	no	no	no
bin_4_52	bin-4-52	bin_4_52_00707	cds	contig_26	190795	0.4260	94506	94718	-	94505	70		DUF2897 domain-containing protein	no	group_4217	en_familia	23	1.0000	core	core	no	no	no
bin_4_52	bin-4-52	bin_4_52_00708	cds	contig_26	190795	0.4260	94805	95464	-	94804	219	adk	adenylate kinase	no	adk	en_familia	23	1.0000	core	core	no	no	no
bin_4_52	bin-4-52	bin_4_52_00709	cds	contig_26	190795	0.4260	95549	96865	-	93930	438		DUF445 domain-containing protein	no	group_3620	en_familia	23	1.0000	core	core	no	no	no
bin_4_52	bin-4-52	bin_4_52_00710	cds	contig_26	190795	0.4260	96932	97450	-	93345	172		Outer membrane protein beta-barrel domain-containing protein	no	group_4653	en_familia	23	1.0000	core	core	no	no	no
bin_4_52	bin-4-52	bin_4_52_00711	cds	contig_26	190795	0.4260	97592	99739	+	91056	715	mrdA	penicillin-binding protein 2	no	mrdA	en_familia	23	1.0000	core	core	no	no	no
bin_4_52	bin-4-52	bin_4_52_00712	cds	contig_26	190795	0.4260	99743	100294	+	90501	183	rsmD	16S rRNA (guanine(966)-N(2))-methyltransferase RsmD	no	rsmD	en_familia	23	1.0000	core	core	no	no	no
bin_4_52	bin-4-52	bin_4_52_00713	cds	contig_26	190795	0.4260	100380	100583	-	90212	67		Lipoprotein	no	group_2837	en_familia	23	1.0000	core	core	no	no	no
bin_4_52	bin-4-52	bin_4_52_00714	cds	contig_26	190795	0.4260	100829	101032	+	89763	67		putative membrane transporter protein	no	group_4465	en_familia	23	1.0000	core	core	no	no	no
bin_4_52	bin-4-52	bin_4_52_00715	cds	contig_26	190795	0.4260	101004	101567	+	89228	187		putative membrane transporter protein	no	group_4465	en_familia	23	1.0000	core	core	no	no	no
bin_4_52	bin-4-52	bin_4_52_00716	cds	contig_26	190795	0.4260	101660	102421	+	88374	253		3-oxoacyl-ACP reductase	no	group_4574	en_familia	23	1.0000	core	core	no	no	no
bin_4_52	bin-4-52	bin_4_52_00717	cds	contig_26	190795	0.4260	102573	102827	+	87968	84		(pseudo) Lipoprotein	si	group_3473	en_familia	23	1.0000	core	core	no	no	no
bin_4_52	bin-4-52	bin_4_52_00718	cds	contig_26	190795	0.4260	102961	103548	-	87247	195		Phospholipid/glycerol acyltransferase domain-containing protein	no	group_3903	en_familia	23	1.0000	core	core	no	no	no
bin_4_52	bin-4-52	bin_4_52_00719	cds	contig_26	190795	0.4260	103740	105071	+	85724	443		Lipocalin-like domain-containing protein	no	group_4606	en_familia	21	0.9130	shell	core	si	no	no
bin_4_52	bin-4-52	bin_4_52_00720	cds	contig_26	190795	0.4260	105118	106272	-	84523	384		HTH luxR-type domain-containing protein	no	group_3511	en_familia	23	1.0000	core	core	no	no	no
bin_4_52	bin-4-52	bin_4_52_00721	cds	contig_26	190795	0.4260	106486	106968	+	83827	160	cutF	Copper homeostasis protein CutF	no	cutF	en_familia	23	1.0000	core	core	no	no	no
bin_4_52	bin-4-52	bin_4_52_00722	cds	contig_26	190795	0.4260	107044	108678	-	82117	544	groL	chaperonin GroEL	no	group_3546	en_familia	23	1.0000	core	core	no	no	no
bin_4_52	bin-4-52	bin_4_52_00723	cds	contig_26	190795	0.4260	108750	109040	-	81755	96	groES	Co-chaperonin GroES	no	groES	en_familia	23	1.0000	core	core	no	no	no
bin_4_52	bin-4-52	bin_4_52_00724	cds	contig_26	190795	0.4260	110265	112094	+	78701	609		phosphoenolpyruvate carboxykinase (GTP)	no	pckG	en_familia	23	1.0000	core	core	no	no	no
bin_4_52	bin-4-52	bin_4_52_00725	cds	contig_26	190795	0.4260	112667	113221	+	77574	184		hypothetical protein	no	group_3370	en_familia	23	1.0000	core	core	no	no	no
bin_4_52	bin-4-52	bin_4_52_00726	cds	contig_26	190795	0.4260	113271	113939	-	76856	222	nnt1	Methyltransferase	no	nnt1	en_familia	23	1.0000	core	core	no	no	no
bin_4_52	bin-4-52	bin_4_52_00727	cds	contig_26	190795	0.4260	114201	115049	-	75746	282	folD	bifunctional methylenetetrahydrofolate dehydrogenase/methenyltetrahydrofolate cyclohydrolase FolD	no	group_4473	en_familia	23	1.0000	core	core	no	no	no
bin_4_52	bin-4-52	bin_4_52_00730	cds	contig_26	190795	0.4260	115515	115694	-	75101	59		Transposase	no	group_2896	en_familia	23	1.0000	core	core	no	no	no
bin_4_52	bin-4-52	bin_4_52_00731	cds	contig_26	190795	0.4260	116051	117043	-	73752	330		Enoyl reductase (ER) domain-containing protein	no	group_4575	en_familia	23	1.0000	core	core	no	no	no
bin_4_52	bin-4-52	bin_4_52_00732	cds	contig_26	190795	0.4260	117300	119696	+	71099	798		GP-PDE domain-containing protein	no	group_4989	en_familia	23	1.0000	core	core	no	no	no
bin_4_52	bin-4-52	bin_4_52_00733	cds	contig_26	190795	0.4260	119743	120000	-	70795	85		DUF2798 domain-containing protein	no	group_4311	en_familia	23	1.0000	core	core	no	no	no
bin_4_52	bin-4-52	bin_4_52_00734	cds	contig_26	190795	0.4260	120033	120551	-	70244	172	padR	Transcription regulator PadR N-terminal domain-containing protein	no	group_4988	en_familia	23	1.0000	core	core	no	no	no
bin_4_52	bin-4-52	bin_4_52_00735	cds	contig_26	190795	0.4260	120648	120758	+	70037	36		hypothetical protein	no	group_4531	en_familia	19	0.8261	shell	shell	si	no	no
bin_4_52	bin-4-52	bin_4_52_00736	cds	contig_26	190795	0.4260	120793	121059	-	69736	88		Thyroglobulin type-1 domain-containing protein	no	group_3385	en_familia	22	0.9565	core	core	no	no	no
bin_4_52	bin-4-52	bin_4_52_00737	cds	contig_26	190795	0.4260	121204	122817	-	67978	537	cysN	sulfate adenylyltransferase subunit CysN	no	cysN	en_familia	23	1.0000	core	core	no	no	no
bin_4_52	bin-4-52	bin_4_52_00738	cds	contig_26	190795	0.4260	122962	123876	-	66919	304	cysD	sulfate adenylyltransferase subunit CysD	no	cysD	en_familia	23	1.0000	core	core	no	no	no
bin_4_52	bin-4-52	bin_4_52_00739	cds	contig_26	190795	0.4260	124180	124740	+	66055	186		hypothetical protein	no	group_4242	en_familia	22	0.9565	core	core	no	no	no
bin_4_52	bin-4-52	bin_4_52_00740	cds	contig_26	190795	0.4260	125327	125962	+	64833	211	yqiJ	Inner membrane protein yqiJ	no	yqiJ	en_familia	23	1.0000	core	core	no	no	no
bin_4_52	bin-4-52	bin_4_52_00741	cds	contig_26	190795	0.4260	126042	127748	+	63047	568		Band 7 domain-containing protein	no	group_216	en_familia	23	1.0000	core	core	no	no	no
bin_4_52	bin-4-52	bin_4_52_00742	cds	contig_26	190795	0.4260	127927	129129	+	61666	400	pgaB	poly-beta-1,6-N-acetyl-D-glucosamine N-deacetylase PgaB	no	group_4761	en_familia	23	1.0000	core	core	no	no	no
bin_4_52	bin-4-52	bin_4_52_00743	cds	contig_26	190795	0.4260	129107	129688	-	61107	193	pgaD	poly-beta-1,6-N-acetyl-D-glucosamine biosynthesis protein PgaD	no	pgaD	en_familia	23	1.0000	core	core	no	no	no
bin_4_52	bin-4-52	bin_4_52_00744	cds	contig_26	190795	0.4260	129690	130952	-	59843	420	pgaC	poly-beta-1,6-N-acetyl-D-glucosamine synthase	no	pgaC	en_familia	23	1.0000	core	core	no	no	no
bin_4_52	bin-4-52	bin_4_52_00745	cds	contig_26	190795	0.4260	130949	132754	-	58041	601	pgaB	poly-beta-1,6-N-acetyl-D-glucosamine N-deacetylase PgaB	no	pgaB	en_familia	23	1.0000	core	core	no	no	no
bin_4_52	bin-4-52	bin_4_52_00746	cds	contig_26	190795	0.4260	132754	135207	-	55588	817	pgaA	Poly-beta-1,6 N-acetyl-D-glucosamine export porin PgaA	no	pgaA	en_familia	23	1.0000	core	core	no	no	no
bin_4_52	bin-4-52	bin_4_52_00747	cds	contig_26	190795	0.4260	135357	136247	-	54548	296	sucD	succinate--CoA ligase subunit alpha	no	sucD	en_familia	23	1.0000	core	core	no	no	no
bin_4_52	bin-4-52	bin_4_52_00748	cds	contig_26	190795	0.4260	136259	137425	-	53370	388	sucC	ADP-forming succinate--CoA ligase subunit beta	no	sucC	en_familia	23	1.0000	core	core	no	no	no
bin_4_52	bin-4-52	bin_4_52_00749	cds	contig_26	190795	0.4260	137608	139038	-	51757	476	lpdA	dihydrolipoyl dehydrogenase	no	group_4650	en_familia	23	1.0000	core	core	no	no	no
bin_4_52	bin-4-52	bin_4_52_00750	cds	contig_26	190795	0.4260	139106	140320	-	50475	404	odhB	2-oxoglutarate dehydrogenase complex dihydrolipoyllysine-residue succinyltransferase	no	odhB	en_familia	23	1.0000	core	core	no	no	no
bin_4_52	bin-4-52	bin_4_52_00751	cds	contig_26	190795	0.4260	140339	143161	-	47634	940		2-oxoglutarate dehydrogenase E1 component	no	group_4216	en_familia	23	1.0000	core	core	no	no	no
bin_4_52	bin-4-52	bin_4_52_00752	cds	contig_26	190795	0.4260	143998	144708	-	46087	236	sdhB	succinate dehydrogenase	no	sdhB	en_familia	23	1.0000	core	core	no	no	no
bin_4_52	bin-4-52	bin_4_52_00753	cds	contig_26	190795	0.4260	144723	146621	-	44174	632	sdhA	succinate dehydrogenase flavoprotein subunit	no	sdhA	en_familia	23	1.0000	core	core	no	no	no
bin_4_52	bin-4-52	bin_4_52_00754	cds	contig_26	190795	0.4260	146634	146996	-	43799	120	sdhD	succinate dehydrogenase, hydrophobic membrane anchor protein	no	sdhD	en_familia	23	1.0000	core	core	no	no	no
bin_4_52	bin-4-52	bin_4_52_00755	cds	contig_26	190795	0.4260	146996	147385	-	43410	129	sdhC	succinate dehydrogenase, cytochrome b556 subunit	no	group_4741	en_familia	23	1.0000	core	core	no	no	no
bin_4_52	bin-4-52	bin_4_52_00756	cds	contig_26	190795	0.4260	148397	149671	+	41124	424	gltA	citrate synthase	no	gltA	en_familia	23	1.0000	core	core	no	no	no
bin_4_52	bin-4-52	bin_4_52_00757	cds	contig_26	190795	0.4260	149947	150354	+	40441	135		DUF4157 domain-containing protein	no	group_3827	en_familia	22	0.9565	core	core	no	no	no
bin_4_52	bin-4-52	bin_4_52_00758	cds	contig_26	190795	0.4260	150696	152321	+	38474	541		NAD+ synthase	no	group_241	en_familia	22	0.9565	core	core	no	no	no
bin_4_52	bin-4-52	bin_4_52_00760	cds	contig_26	190795	0.4260	152686	153186	+	37609	166		Lipoprotein	no	group_3826	en_familia	22	0.9565	core	core	no	no	no
bin_4_52	bin-4-52	bin_4_52_00761	cds	contig_26	190795	0.4260	153446	153892	+	36903	148		Universal stress protein	no	group_1954	en_familia	22	0.9565	core	core	no	no	no
bin_4_52	bin-4-52	bin_4_52_00762	cds	contig_26	190795	0.4260	153942	154274	-	36521	110		Methylated-DNA-[protein]-cysteine S-methyltransferase DNA binding domain-containing protein	no	group_4357	en_familia	22	0.9565	core	core	no	no	no
bin_4_52	bin-4-52	bin_4_52_00763	cds	contig_26	190795	0.4260	154396	155895	-	34900	499		Cation/H+ exchanger transmembrane domain-containing protein	no	group_3535	en_familia	22	0.9565	core	core	no	no	no
bin_4_52	bin-4-52	bin_4_52_00764	cds	contig_26	190795	0.4260	156118	156672	+	34123	184		Transmembrane protein	no	group_4598	en_familia	22	0.9565	core	core	no	no	no
bin_4_52	bin-4-52	bin_4_52_00765	cds	contig_26	190795	0.4260	156758	157660	-	33135	300		Neutral zinc metallopeptidase	no	group_3498	en_familia	22	0.9565	core	core	no	no	no
bin_4_52	bin-4-52	bin_4_52_00766	cds	contig_26	190795	0.4260	157710	158636	-	32159	308		DUF808 domain-containing protein	no	group_4075	en_familia	22	0.9565	core	core	no	no	no
bin_4_52	bin-4-52	bin_4_52_00767	cds	contig_26	190795	0.4260	158826	159839	+	30956	337	trpS	tryptophan--tRNA ligase	no	trpS	en_familia	22	0.9565	core	core	no	no	no
bin_4_52	bin-4-52	bin_4_52_00768	cds	contig_26	190795	0.4260	160234	161763	-	29032	509	lysS	lysine--tRNA ligase	no	lysS	en_familia	23	1.0000	core	core	no	no	no
bin_4_52	bin-4-52	bin_4_52_00769	cds	contig_26	190795	0.4260	162140	162646	+	28149	168		Esterase	no	group_3501	en_familia	23	1.0000	core	core	no	no	no
bin_4_52	bin-4-52	bin_4_52_00770	cds	contig_26	190795	0.4260	162715	163257	-	27538	180		adenine phosphoribosyltransferase	no	group_1628	en_familia	23	1.0000	core	core	no	no	no
bin_4_52	bin-4-52	bin_4_52_00771	cds	contig_26	190795	0.4260	163755	163919	+	26876	54		Rubredoxin	no	group_2947	en_familia	23	1.0000	core	core	no	no	no
bin_4_52	bin-4-52	bin_4_52_00772	cds	contig_26	190795	0.4260	163998	165176	+	25619	392		Rubredoxin-NAD(+) reductase	no	group_552	en_familia	23	1.0000	core	core	no	no	no
bin_4_52	bin-4-52	bin_4_52_00773	cds	contig_26	190795	0.4260	165233	166177	+	24618	314		AB hydrolase-1 domain-containing protein	no	estB	en_familia	23	1.0000	core	core	no	no	no
bin_4_52	bin-4-52	bin_4_52_00774	cds	contig_26	190795	0.4260	166190	167089	+	23706	299		HTH lysR-type domain-containing protein	no	group_989	en_familia	23	1.0000	core	core	no	no	no
bin_4_52	bin-4-52	bin_4_52_00775	cds	contig_26	190795	0.4260	167203	169284	-	21511	693	ppk1	polyphosphate kinase 1	no	ppk1	en_familia	23	1.0000	core	core	no	no	no
bin_4_52	bin-4-52	bin_4_52_00776	cds	contig_26	190795	0.4260	169412	170086	-	20709	224	mtgA	monofunctional biosynthetic peptidoglycan transglycosylase	no	mtgA	en_familia	23	1.0000	core	core	no	no	no
bin_4_52	bin-4-52	bin_4_52_00777	cds	contig_26	190795	0.4260	170164	170982	+	19813	272		Peptidase S54 rhomboid domain-containing protein	no	group_4611	en_familia	23	1.0000	core	core	no	no	no
bin_4_52	bin-4-52	bin_4_52_00778	cds	contig_26	190795	0.4260	171001	173475	-	17320	824		ABC3 transporter permease C-terminal domain-containing protein	no	group_4172	en_familia	23	1.0000	core	core	no	no	no
bin_4_52	bin-4-52	bin_4_52_00779	cds	contig_26	190795	0.4260	173477	174202	-	16593	241		ABC transporter domain-containing protein	no	group_4591	en_familia	23	1.0000	core	core	no	no	no
bin_4_52	bin-4-52	bin_4_52_00780	cds	contig_26	190795	0.4260	174212	174847	+	15948	211		GDSL family lipase	no	group_3494	en_familia	23	1.0000	core	core	no	no	no
bin_4_52	bin-4-52	bin_4_52_00781	cds	contig_26	190795	0.4260	174883	175497	-	15298	204		carbonic anhydrase	no	group_3623	en_familia	23	1.0000	core	core	no	no	no
bin_4_52	bin-4-52	bin_4_52_00782	cds	contig_26	190795	0.4260	175803	176840	+	13955	345		AB hydrolase-1 domain-containing protein	no	group_3624	en_familia	23	1.0000	core	core	no	no	no
bin_4_52	bin-4-52	bin_4_52_00783	cds	contig_26	190795	0.4260	176855	177862	+	12933	335		HDOD domain-containing protein	no	group_4654	en_familia	23	1.0000	core	core	no	no	no
bin_4_52	bin-4-52	bin_4_52_00784	cds	contig_26	190795	0.4260	177902	179494	-	11301	530		TonB-dependent receptor-like beta-barrel domain-containing protein	no	group_3622	en_familia	15	0.6522	shell	shell	si	no	no
bin_4_52	bin-4-52	bin_4_52_00785	cds	contig_26	190795	0.4260	179537	179965	-	10830	142		Colicin I receptor	no	group_3622	en_familia	15	0.6522	shell	shell	si	no	no
bin_4_52	bin-4-52	bin_4_52_00786	cds	contig_26	190795	0.4260	180143	180781	-	10014	212	nfuA	Fe/S biogenesis protein NfuA	no	nfuA	en_familia	23	1.0000	core	core	no	no	no
bin_4_52	bin-4-52	bin_4_52_00787	cds	contig_26	190795	0.4260	180897	181559	+	9236	220		Peptidase S54 rhomboid domain-containing protein	no	group_1385	en_familia	23	1.0000	core	core	no	no	no
bin_4_52	bin-4-52	bin_4_52_00788	cds	contig_26	190795	0.4260	181760	183301	+	7494	513		Class I SAM-dependent methyltransferase	no	group_5194	en_familia	23	1.0000	core	core	no	no	no
bin_4_52	bin-4-52	bin_4_52_00789	cds	contig_26	190795	0.4260	183676	185328	-	5467	550		Phosphate transporter	no	group_5340	en_familia	23	1.0000	core	core	no	no	no
bin_4_52	bin-4-52	bin_4_52_00790	cds	contig_26	190795	0.4260	185812	189498	+	1297	1228	metH	methionine synthase	no	metH	en_familia	23	1.0000	core	core	no	no	no
bin_4_52	bin-4-52	bin_4_52_00791	cds	contig_26	190795	0.4260	189753	190583	+	212	276		TIGR02391 family protein	no	group_3699	en_familia	4	0.1739	shell	shell	si	no	no
bin_4_52	bin-4-52	bin_4_52_00792	cds	contig_27	20625	0.4136	313	1389	-	312	358	apaG	ApaG domain-containing protein	no	apaG	en_familia	23	1.0000	core	core	no	no	no
bin_4_52	bin-4-52	bin_4_52_00793	cds	contig_27	20625	0.4136	1408	2226	-	1407	272	pssA	CDP-diacylglycerol--serine O-phosphatidyltransferase	no	pssA	en_familia	23	1.0000	core	core	no	no	no
bin_4_52	bin-4-52	bin_4_52_00794	cds	contig_27	20625	0.4136	2264	3121	-	2263	285		Ribosomal RNA large subunit methyltransferase J	no	group_1060	en_familia	23	1.0000	core	core	no	no	no
bin_4_52	bin-4-52	bin_4_52_00795	cds	contig_27	20625	0.4136	3236	3838	+	3235	200		Fe2OG dioxygenase domain-containing protein	no	group_3457	en_familia	23	1.0000	core	core	no	no	no
bin_4_52	bin-4-52	bin_4_52_00796	cds	contig_27	20625	0.4136	3898	4425	+	3897	175		Transcriptional regulator	no	group_4435	en_familia	23	1.0000	core	core	no	no	no
bin_4_52	bin-4-52	bin_4_52_00797	cds	contig_27	20625	0.4136	4494	4751	-	4493	85		DUF2789 domain-containing protein	no	group_2604	en_familia	23	1.0000	core	core	no	no	no
bin_4_52	bin-4-52	bin_4_52_00798	cds	contig_27	20625	0.4136	4869	5123	-	4868	84		DUF2789 domain-containing protein	no	group_2614	en_familia	23	1.0000	core	core	no	no	no
bin_4_52	bin-4-52	bin_4_52_00799	cds	contig_27	20625	0.4136	5177	5455	-	5176	92		DUF2789 domain-containing protein	no	group_3440	en_familia	23	1.0000	core	core	no	no	no
bin_4_52	bin-4-52	bin_4_52_00800	cds	contig_27	20625	0.4136	5625	6611	-	5624	328	mdh	malate dehydrogenase	no	mdh	en_familia	23	1.0000	core	core	no	no	no
bin_4_52	bin-4-52	bin_4_52_00801	cds	contig_27	20625	0.4136	6785	7423	-	6784	212		Ribonuclease I	no	group_3365	en_familia	23	1.0000	core	core	no	no	no
bin_4_52	bin-4-52	bin_4_52_00802	cds	contig_27	20625	0.4136	7455	9410	-	7454	651		Transglycosylase SLT domain-containing protein	no	group_153	en_familia	23	1.0000	core	core	no	no	no
bin_4_52	bin-4-52	bin_4_52_00803	cds	contig_27	20625	0.4136	9723	11180	+	9445	485	miaB	tRNA (N6-isopentenyl adenosine(37)-C2)-methylthiotransferase MiaB	no	miaB	en_familia	23	1.0000	core	core	no	no	no
bin_4_52	bin-4-52	bin_4_52_00804	cds	contig_27	20625	0.4136	11220	12296	+	8329	358		PhoH-like protein	no	group_696	en_familia	23	1.0000	core	core	no	no	no
bin_4_52	bin-4-52	bin_4_52_00805	cds	contig_27	20625	0.4136	12319	12801	+	7824	160	ybeY	rRNA maturation RNase YbeY	no	ybeY	en_familia	23	1.0000	core	core	no	no	no
bin_4_52	bin-4-52	bin_4_52_00806	cds	contig_27	20625	0.4136	12945	13343	+	7282	132		Signal peptide-containing protein	no	group_4870	en_familia	13	0.5652	shell	shell	si	no	no
bin_4_52	bin-4-52	bin_4_52_00807	cds	contig_27	20625	0.4136	13375	13674	+	6951	99		ABM domain-containing protein	no	group_2448	en_familia	13	0.5652	shell	shell	si	no	no
bin_4_52	bin-4-52	bin_4_52_00808	cds	contig_27	20625	0.4136	13671	14543	-	6082	290	tonB	TonB C-terminal domain-containing protein	no	group_4220	en_familia	23	1.0000	core	core	no	no	no
bin_4_52	bin-4-52	bin_4_52_00809	cds	contig_27	20625	0.4136	14802	15491	+	5134	229		DUF4194 domain-containing protein	no	group_1339	en_familia	23	1.0000	core	core	no	no	no
bin_4_52	bin-4-52	bin_4_52_00810	cds	contig_27	20625	0.4136	15643	16356	+	4269	237		DUF3108 domain-containing protein	no	group_4219	en_familia	23	1.0000	core	core	no	no	no
bin_4_52	bin-4-52	bin_4_52_00811	cds	contig_27	20625	0.4136	16447	17022	+	3603	191		xanthine phosphoribosyltransferase	no	group_1564	en_familia	23	1.0000	core	core	no	no	no
bin_4_52	bin-4-52	bin_4_52_00812	cds	contig_27	20625	0.4136	17283	17960	-	2665	225		Trimeric autotransporter adhesin YadA-like stalk domain-containing protein	no	group_4280	en_familia	23	1.0000	core	core	no	no	no
bin_4_52	bin-4-52	bin_4_52_00813	cds	contig_27	20625	0.4136	18044	19246	-	1379	400	csgG	Curli production assembly/transport component CsgG	no	group_5417	en_familia	23	1.0000	core	core	no	no	no
bin_4_52	bin-4-52	bin_4_52_00814	cds	contig_27	20625	0.4136	19240	19623	-	1002	127		Secreted protein	no	group_3975	en_familia	21	0.9130	shell	core	si	no	no
bin_4_52	bin-4-52	bin_4_52_00815	cds	contig_27	20625	0.4136	20248	20574	-	51	108		Transposase family protein	no	group_3679	en_familia	7	0.3043	shell	shell	si	no	no
bin_4_52	bin-4-52	bin_4_52_00816	cds	contig_28	24108	0.3985	441	1244	+	440	267		DUF4942 domain-containing protein	no		no_en_pangenoma			no_en_pangenoma	no_en_pangenoma			no
bin_4_52	bin-4-52	bin_4_52_00817	cds	contig_28	24108	0.3985	1440	1733	-	1439	97		hypothetical protein	no		no_en_pangenoma			no_en_pangenoma	no_en_pangenoma			no
bin_4_52	bin-4-52	bin_4_52_00818	cds	contig_28	24108	0.3985	1955	2362	+	1954	135		hypothetical protein	no	group_6165	en_familia	1	0.0435	cloud	cloud	si	si	no
bin_4_52	bin-4-52	bin_4_52_00819	cds	contig_28	24108	0.3985	2428	2898	+	2427	156		hypothetical protein	no	group_6167	en_familia	1	0.0435	cloud	cloud	si	si	no
bin_4_52	bin-4-52	bin_4_52_00820	cds	contig_28	24108	0.3985	2910	3860	+	2909	316		hypothetical protein	no	group_6163	en_familia	1	0.0435	cloud	cloud	si	si	no
bin_4_52	bin-4-52	bin_4_52_00821	cds	contig_28	24108	0.3985	4392	4751	+	4391	119		hypothetical protein	no	group_6169	en_familia	1	0.0435	cloud	cloud	si	si	no
bin_4_52	bin-4-52	bin_4_52_00822	cds	contig_28	24108	0.3985	4765	5142	+	4764	125		hypothetical protein	no	group_6168	en_familia	1	0.0435	cloud	cloud	si	si	no
bin_4_52	bin-4-52	bin_4_52_00823	cds	contig_28	24108	0.3985	5198	6184	-	5197	328		Peptidase M48 domain-containing protein	no	group_6166	en_familia	1	0.0435	cloud	cloud	si	si	no
bin_4_52	bin-4-52	bin_4_52_00824	cds	contig_28	24108	0.3985	6323	6832	-	6322	169		hypothetical protein	no	group_6164	en_familia	1	0.0435	cloud	cloud	si	si	no
bin_4_52	bin-4-52	bin_4_52_00825	cds	contig_28	24108	0.3985	6854	7288	-	6853	144	tnp	IS4 family transposase	no		no_en_pangenoma			no_en_pangenoma	no_en_pangenoma			no
bin_4_52	bin-4-52	bin_4_52_00826	cds	contig_28	24108	0.3985	7375	7860	-	7374	161	tnp	IS4 family ISAba1 transposase	no	group_3574	en_familia	1	0.0435	cloud	cloud	si	si	no
bin_4_52	bin-4-52	bin_4_52_00827	cds	contig_28	24108	0.3985	8437	9456	-	8436	339		HTH araC/xylS-type domain-containing protein	no	group_5769	en_familia	4	0.1739	shell	shell	si	no	no
bin_4_52	bin-4-52	bin_4_52_00828	cds	contig_28	24108	0.3985	9609	11054	+	9608	481		Aldehyde dehydrogenase	no	group_5776	en_familia	4	0.1739	shell	shell	si	no	no
bin_4_52	bin-4-52	bin_4_52_00829	cds	contig_28	24108	0.3985	11169	12887	+	11168	572		Cholesterol oxidase	no	group_5770	en_familia	4	0.1739	shell	shell	si	no	no
bin_4_52	bin-4-52	bin_4_52_00830	sorf	contig_28	24108	0.3985	13132	13209	-	10899	25		LPXTG cell wall anchor domain-containing protein	no	group_5765	en_familia	1	0.0435	cloud	cloud	si	si	no
bin_4_52	bin-4-52	bin_4_52_00831	cds	contig_28	24108	0.3985	13368	13802	+	10306	144	arsC	arsenate reductase (glutaredoxin)	no	group_5767	en_familia	1	0.0435	cloud	cloud	si	si	no
bin_4_52	bin-4-52	bin_4_52_00832	cds	contig_28	24108	0.3985	13860	14180	+	9928	106		HTH arsR-type domain-containing protein	no	group_5775	en_familia	1	0.0435	cloud	cloud	si	si	no
bin_4_52	bin-4-52	bin_4_52_00833	cds	contig_28	24108	0.3985	14187	14660	+	9448	157	arsC2	Arsenate-mycothiol transferase ArsC2	no	arsC2	en_familia	1	0.0435	cloud	cloud	si	si	no
bin_4_52	bin-4-52	bin_4_52_00834	cds	contig_28	24108	0.3985	14668	15711	+	8397	347	arsB	ACR3 family arsenite efflux transporter	no	group_5772	en_familia	1	0.0435	cloud	cloud	si	si	no
bin_4_52	bin-4-52	bin_4_52_00835	cds	contig_28	24108	0.3985	15717	16421	+	7687	234	arsH	arsenical resistance protein ArsH	no	group_5774	en_familia	1	0.0435	cloud	cloud	si	si	no
bin_4_52	bin-4-52	bin_4_52_00836	cds	contig_28	24108	0.3985	16577	17641	+	6467	354	arsO	ArsO family NAD(P)H-dependent flavin-containing monooxygenase	no	group_5771	en_familia	1	0.0435	cloud	cloud	si	si	no
bin_4_52	bin-4-52	bin_4_52_00837	cds	contig_28	24108	0.3985	17916	18491	-	5617	191		VOC domain-containing protein	no	group_5764	en_familia	1	0.0435	cloud	cloud	si	si	no
bin_4_52	bin-4-52	bin_4_52_00838	cds	contig_28	24108	0.3985	18513	19151	-	4957	212	maiA	maleylacetoacetate isomerase	no	group_5780	en_familia	1	0.0435	cloud	cloud	si	si	no
bin_4_52	bin-4-52	bin_4_52_00839	cds	contig_28	24108	0.3985	19173	20456	-	3652	427	fahA	fumarylacetoacetase	no	group_5777	en_familia	1	0.0435	cloud	cloud	si	si	no
bin_4_52	bin-4-52	bin_4_52_00840	cds	contig_28	24108	0.3985	20642	21463	+	2645	273		HTH iclR-type domain-containing protein	no	group_5768	en_familia	1	0.0435	cloud	cloud	si	si	no
bin_4_52	bin-4-52	bin_4_52_00841	cds	contig_28	24108	0.3985	21717	22943	-	1165	408		Aminotransferase	no	group_5779	en_familia	1	0.0435	cloud	cloud	si	si	no
bin_4_52	bin-4-52	bin_4_52_00842	cds	contig_28	24108	0.3985	22973	23977	-	131	334		amino acid permease	no	group_5778	en_familia	1	0.0435	cloud	cloud	si	si	no
bin_4_52	bin-4-52	bin_4_52_00843	cds	contig_29	10272	0.4019	485	1141	+	484	218		ENPP1-3/EXOG-like endonuclease/phosphodiesterase domain-containing protein	no	group_1400	en_familia	2	0.0870	cloud	cloud	si	si	no
bin_4_52	bin-4-52	bin_4_52_00844	cds	contig_29	10272	0.4019	1218	1463	+	1217	81		Condensation domain-containing protein	no	group_2672	en_familia	2	0.0870	cloud	cloud	si	si	no
bin_4_52	bin-4-52	bin_4_52_00845	cds	contig_29	10272	0.4019	1546	2232	-	1545	228	aqpZ	aquaporin Z	no	aqpZ	en_familia	2	0.0870	cloud	cloud	si	si	no
bin_4_52	bin-4-52	bin_4_52_00846	cds	contig_29	10272	0.4019	2364	3362	-	2363	332		HTH araC/xylS-type domain-containing protein	no	group_5581	en_familia	8	0.3478	shell	shell	si	no	no
bin_4_52	bin-4-52	bin_4_52_00847	cds	contig_29	10272	0.4019	3477	4121	+	3476	214		Fatty acid hydroxylase domain-containing protein	no	group_5598	en_familia	8	0.3478	shell	shell	si	no	no
bin_4_52	bin-4-52	bin_4_52_00848	cds	contig_29	10272	0.4019	4371	4976	-	4370	201		IS6 family transposase	no	group_5461	en_familia	18	0.7826	shell	shell	si	no	no
bin_4_52	bin-4-52	bin_4_52_00849	cds	contig_29	10272	0.4019	5461	6450	-	3822	329		Copper resistance protein B	no	group_5410	en_familia	9	0.3913	shell	shell	si	no	no
bin_4_52	bin-4-52	bin_4_52_00850	cds	contig_29	10272	0.4019	6437	8179	-	2093	580		Copper resistance protein A	no	group_4404	en_familia	8	0.3478	shell	shell	si	no	no
bin_4_52	bin-4-52	bin_4_52_00851	cds	contig_29	10272	0.4019	8788	9102	-	1170	104		Toxin-antitoxin system, antitoxin component	no	group_5547	en_familia	7	0.3043	shell	shell	si	no	no
bin_4_52	bin-4-52	bin_4_52_00852	cds	contig_29	10272	0.4019	9089	9376	-	896	95	brnT	BrnT family toxin	no	group_5551	en_familia	3	0.1304	cloud	cloud	si	si	no
bin_4_52	bin-4-52	bin_4_52_00853	cds	contig_29	10272	0.4019	9505	10209	-	63	234	tnp	IS6 family ISOur1 transposase	no	group_5461	en_familia	18	0.7826	shell	shell	si	no	no
bin_4_52	bin-4-52	bin_4_52_00854	cds	contig_30	100634	0.4341	96	617	-	95	173		Flavin reductase like domain-containing protein	no	group_4055	en_familia	23	1.0000	core	core	no	no	no
bin_4_52	bin-4-52	bin_4_52_00855	cds	contig_30	100634	0.4341	715	1758	-	714	347	metE	methionine synthase	no	group_737	en_familia	23	1.0000	core	core	no	no	no
bin_4_52	bin-4-52	bin_4_52_00856	cds	contig_30	100634	0.4341	1801	2799	-	1800	332		DUF1852 domain-containing protein	no	group_4054	en_familia	23	1.0000	core	core	no	no	no
bin_4_52	bin-4-52	bin_4_52_00857	cds	contig_30	100634	0.4341	3042	3740	+	3041	232		DUF1826 domain-containing protein	no	group_4528	en_familia	23	1.0000	core	core	no	no	no
bin_4_52	bin-4-52	bin_4_52_00858	cds	contig_30	100634	0.4341	4242	5567	-	4241	441		Glucose/Sorbosone dehydrogenase domain-containing protein	no	group_3376	en_familia	23	1.0000	core	core	no	no	no
bin_4_52	bin-4-52	bin_4_52_00859	cds	contig_30	100634	0.4341	5755	7479	-	5754	574		Bifunctional protein-serine/threonine kinase/phosphatase	no	prpC	en_familia	23	1.0000	core	core	no	no	no
bin_4_52	bin-4-52	bin_4_52_00860	cds	contig_30	100634	0.4341	7530	8339	-	7529	269		Formate/nitrite transporter	no	group_1120	en_familia	23	1.0000	core	core	no	no	no
bin_4_52	bin-4-52	bin_4_52_00861	cds	contig_30	100634	0.4341	8624	9073	+	8623	149	cynS	cyanase	no	cynS	en_familia	23	1.0000	core	core	no	no	no
bin_4_52	bin-4-52	bin_4_52_00862	cds	contig_30	100634	0.4341	9153	9869	-	9152	238		Serine/threonine specific protein phosphatases domain-containing protein	no	group_3879	en_familia	23	1.0000	core	core	no	no	no
bin_4_52	bin-4-52	bin_4_52_00863	cds	contig_30	100634	0.4341	9989	11374	-	9988	461		Amidohydrolase-related domain-containing protein	no	group_4799	en_familia	23	1.0000	core	core	no	no	no
bin_4_52	bin-4-52	bin_4_52_00864	cds	contig_30	100634	0.4341	11407	12327	-	11406	306		ABC transporter permease	no	group_4027	en_familia	23	1.0000	core	core	no	no	no
bin_4_52	bin-4-52	bin_4_52_00865	cds	contig_30	100634	0.4341	12349	13446	-	12348	365		Sugar ABC transporter permease	no	group_672	en_familia	23	1.0000	core	core	no	no	no
bin_4_52	bin-4-52	bin_4_52_00866	cds	contig_30	100634	0.4341	13488	15089	-	13487	533		ABC transporter domain-containing protein	no	group_4026	en_familia	23	1.0000	core	core	no	no	no
bin_4_52	bin-4-52	bin_4_52_00867	cds	contig_30	100634	0.4341	15198	16289	-	15197	363		ABC transporter substrate-binding protein PnrA-like domain-containing protein	no	group_3386	en_familia	23	1.0000	core	core	no	no	no
bin_4_52	bin-4-52	bin_4_52_00868	cds	contig_30	100634	0.4341	16629	16997	-	16628	122		nucleoside deaminase	no	group_4532	en_familia	23	1.0000	core	core	no	no	no
bin_4_52	bin-4-52	bin_4_52_00869	cds	contig_30	100634	0.4341	17220	18275	-	17219	351		Rieske domain-containing protein	no	group_3612	en_familia	23	1.0000	core	core	no	no	no
bin_4_52	bin-4-52	bin_4_52_00870	cds	contig_30	100634	0.4341	18533	19474	+	18532	313		HTH lysR-type domain-containing protein	no	group_4559	en_familia	23	1.0000	core	core	no	no	no
bin_4_52	bin-4-52	bin_4_52_00871	cds	contig_30	100634	0.4341	19667	20719	+	19666	350		Rieske domain-containing protein	no	group_3447	en_familia	23	1.0000	core	core	no	no	no
bin_4_52	bin-4-52	bin_4_52_00872	cds	contig_30	100634	0.4341	20832	21749	-	20831	305	metR	HTH-type transcriptional regulator MetR	no	lysR~~~metR	en_familia	23	1.0000	core	core	no	no	no
bin_4_52	bin-4-52	bin_4_52_00873	cds	contig_30	100634	0.4341	21910	22701	-	21909	263		Xaa-Pro dipeptidyl-peptidase-like domain-containing protein	no	group_5050	en_familia	23	1.0000	core	core	no	no	no
bin_4_52	bin-4-52	bin_4_52_00874	cds	contig_30	100634	0.4341	23228	24115	+	23227	295	otsB	trehalose-phosphatase	no	otsB	en_familia	23	1.0000	core	core	no	no	no
bin_4_52	bin-4-52	bin_4_52_00875	cds	contig_30	100634	0.4341	24082	25512	+	24081	476		Trehalose-6-phosphate synthase	no	group_315	en_familia	23	1.0000	core	core	no	no	no
bin_4_52	bin-4-52	bin_4_52_00876	cds	contig_30	100634	0.4341	25544	26839	-	25543	431		Major facilitator superfamily (MFS) profile domain-containing protein	no	group_413	en_familia	23	1.0000	core	core	no	no	no
bin_4_52	bin-4-52	bin_4_52_00877	cds	contig_30	100634	0.4341	26987	27709	-	26986	240		Glycosyltransferase 2-like domain-containing protein	no	group_3921	en_familia	23	1.0000	core	core	no	no	no
bin_4_52	bin-4-52	bin_4_52_00878	cds	contig_30	100634	0.4341	27706	28314	-	27705	202		Methyltransferase domain-containing protein	no	group_4556	en_familia	23	1.0000	core	core	no	no	no
bin_4_52	bin-4-52	bin_4_52_00879	cds	contig_30	100634	0.4341	28295	29089	-	28294	264		N-acetylglucosaminylphosphatidylinositol deacetylase	no	group_3439	en_familia	23	1.0000	core	core	no	no	no
bin_4_52	bin-4-52	bin_4_52_00880	cds	contig_30	100634	0.4341	29077	30075	-	29076	332		Acyl-CoA dehydrogenase/oxidase C-terminal domain-containing protein	no	group_3750	en_familia	23	1.0000	core	core	no	no	no
bin_4_52	bin-4-52	bin_4_52_00881	cds	contig_30	100634	0.4341	30318	32519	-	30317	733	osmC	OsmC domain/YcaO domain-containing protein	no	osmC	en_familia	23	1.0000	core	core	no	no	no
bin_4_52	bin-4-52	bin_4_52_00882	cds	contig_30	100634	0.4341	32854	33624	-	32853	256		Porin domain-containing protein	no	group_3749	en_familia	23	1.0000	core	core	no	no	no
bin_4_52	bin-4-52	bin_4_52_00883	cds	contig_30	100634	0.4341	33754	35409	-	33753	551	betA	choline dehydrogenase	no	betA	en_familia	23	1.0000	core	core	no	no	no
bin_4_52	bin-4-52	bin_4_52_00884	cds	contig_30	100634	0.4341	35421	36896	-	35420	491	betB	betaine-aldehyde dehydrogenase	no	betB	en_familia	23	1.0000	core	core	no	no	no
bin_4_52	bin-4-52	bin_4_52_00885	cds	contig_30	100634	0.4341	36893	37498	-	36892	201	betI	transcriptional regulator BetI	no	betI	en_familia	23	1.0000	core	core	no	no	no
bin_4_52	bin-4-52	bin_4_52_00886	cds	contig_30	100634	0.4341	37769	39805	+	37768	678		Choline transporter	no	betT	en_familia	23	1.0000	core	core	no	no	no
bin_4_52	bin-4-52	bin_4_52_00887	cds	contig_30	100634	0.4341	39834	40442	+	39833	202		UPF0056 membrane protein	no	group_1503	en_familia	23	1.0000	core	core	no	no	no
bin_4_52	bin-4-52	bin_4_52_00888	cds	contig_30	100634	0.4341	40451	40654	-	40450	67		Acyl-CoA thioesterase	no	group_2836	en_familia	23	1.0000	core	core	no	no	no
bin_4_52	bin-4-52	bin_4_52_00889	cds	contig_30	100634	0.4341	40745	41758	-	40744	337		Peptidase M48 domain-containing protein	no	group_4464	en_familia	23	1.0000	core	core	no	no	no
bin_4_52	bin-4-52	bin_4_52_00890	cds	contig_30	100634	0.4341	42165	42389	+	42164	74		Nitrogen regulatory protein P-II 2	no	group_4844	en_familia	23	1.0000	core	core	no	no	no
bin_4_52	bin-4-52	bin_4_52_00891	cds	contig_30	100634	0.4341	42364	42504	+	42363	46		Nitrogen regulatory protein P-II	no	group_4844	en_familia	23	1.0000	core	core	no	no	no
bin_4_52	bin-4-52	bin_4_52_00892	cds	contig_30	100634	0.4341	42655	42858	-	42654	67		hypothetical protein	no	group_3973	en_familia	23	1.0000	core	core	no	no	no
bin_4_52	bin-4-52	bin_4_52_00893	cds	contig_30	100634	0.4341	43132	44334	-	43131	400		Major facilitator superfamily (MFS) profile domain-containing protein	no	group_4845	en_familia	23	1.0000	core	core	no	no	no
bin_4_52	bin-4-52	bin_4_52_00894	cds	contig_30	100634	0.4341	44429	45076	-	44428	215		ABC transporter domain-containing protein	no	group_3972	en_familia	23	1.0000	core	core	no	no	no
bin_4_52	bin-4-52	bin_4_52_00895	cds	contig_30	100634	0.4341	45076	45762	-	45075	228	modB	molybdate ABC transporter permease subunit	no	modB	en_familia	23	1.0000	core	core	no	no	no
bin_4_52	bin-4-52	bin_4_52_00896	cds	contig_30	100634	0.4341	45775	46530	-	45774	251	modA	molybdate ABC transporter substrate-binding protein	no	modA	en_familia	23	1.0000	core	core	no	no	no
bin_4_52	bin-4-52	bin_4_52_00897	cds	contig_30	100634	0.4341	46545	47792	-	46544	415		Molybdopterin molybdenumtransferase	no	group_4597	en_familia	23	1.0000	core	core	no	no	no
bin_4_52	bin-4-52	bin_4_52_00898	cds	contig_30	100634	0.4341	47789	48712	-	47788	307	moaCB	bifunctional molybdenum cofactor biosynthesis protein MoaC/MoaB	no	moaCB~~~moaC	en_familia	23	1.0000	core	core	no	no	no
bin_4_52	bin-4-52	bin_4_52_00899	cds	contig_30	100634	0.4341	48758	49324	-	48757	188		Molybdopterin synthase catalytic subunit	no	group_4432	en_familia	23	1.0000	core	core	no	no	no
bin_4_52	bin-4-52	bin_4_52_00900	cds	contig_30	100634	0.4341	49326	49592	-	49325	88		Molybdopterin synthase sulfur carrier subunit	no	group_2574	en_familia	23	1.0000	core	core	no	no	no
bin_4_52	bin-4-52	bin_4_52_00901	cds	contig_30	100634	0.4341	49594	50655	-	49593	353	moaA	GTP 3',8-cyclase MoaA	no	moaA	en_familia	23	1.0000	core	core	no	no	no
bin_4_52	bin-4-52	bin_4_52_00902	cds	contig_30	100634	0.4341	50882	51505	-	49129	207		Molybdenum cofactor guanylyltransferase	no	group_3715	en_familia	23	1.0000	core	core	no	no	no
bin_4_52	bin-4-52	bin_4_52_00903	cds	contig_30	100634	0.4341	51505	54282	-	46352	925		4Fe-4S Mo/W bis-MGD-type domain-containing protein	no	group_4703	en_familia	23	1.0000	core	core	no	no	no
bin_4_52	bin-4-52	bin_4_52_00904	cds	contig_30	100634	0.4341	54557	56167	-	44467	536		Nitrite reductase [NAD(P)H], small subunit	no	group_3724	en_familia	23	1.0000	core	core	no	no	no
bin_4_52	bin-4-52	bin_4_52_00905	cds	contig_30	100634	0.4341	56192	58738	-	41896	848		Nitrite reductase large subunit	no	group_4713	en_familia	23	1.0000	core	core	no	no	no
bin_4_52	bin-4-52	bin_4_52_00906	cds	contig_30	100634	0.4341	58774	60123	-	40511	449		Major facilitator superfamily (MFS) profile domain-containing protein	no	group_5109	en_familia	23	1.0000	core	core	no	no	no
bin_4_52	bin-4-52	bin_4_52_00907	cds	contig_30	100634	0.4341	60525	61103	+	39531	192		ANTAR domain-containing protein	no	group_3891	en_familia	23	1.0000	core	core	no	no	no
bin_4_52	bin-4-52	bin_4_52_00908	cds	contig_30	100634	0.4341	61114	62118	+	38516	334		SsuA/THI5-like domain-containing protein	no	group_3761	en_familia	23	1.0000	core	core	no	no	no
bin_4_52	bin-4-52	bin_4_52_00909	cds	contig_30	100634	0.4341	62184	64310	-	36324	708	mtlD	bifunctional mannitol-1-phosphate dehydrogenase/phosphatase	no	mtlD	en_familia	23	1.0000	core	core	no	no	no
bin_4_52	bin-4-52	bin_4_52_00910	cds	contig_30	100634	0.4341	64622	65566	+	35068	314		ABC transmembrane type-1 domain-containing protein	no	group_3760	en_familia	23	1.0000	core	core	no	no	no
bin_4_52	bin-4-52	bin_4_52_00911	cds	contig_30	100634	0.4341	65566	66459	+	34175	297		ABC transporter domain-containing protein	no	group_4725	en_familia	23	1.0000	core	core	no	no	no
bin_4_52	bin-4-52	bin_4_52_00912	cds	contig_30	100634	0.4341	66471	66800	+	33834	109	qacE	Quaternary ammonium compound-resistance protein qacE	no	qacE	en_familia	6	0.2609	shell	shell	si	no	no
bin_4_52	bin-4-52	bin_4_52_00913	cds	contig_30	100634	0.4341	66869	67945	+	32689	358		Fe2OG dioxygenase domain-containing protein	no	group_697	en_familia	6	0.2609	shell	shell	si	no	no
bin_4_52	bin-4-52	bin_4_52_00914	cds	contig_30	100634	0.4341	67949	68962	+	31672	337		Enoyl reductase (ER) domain-containing protein	no	group_780	en_familia	6	0.2609	shell	shell	si	no	no
bin_4_52	bin-4-52	bin_4_52_00915	cds	contig_30	100634	0.4341	68959	69858	+	30776	299		SMP-30/Gluconolactonase/LRE-like region domain-containing protein	no	group_988	en_familia	6	0.2609	shell	shell	si	no	no
bin_4_52	bin-4-52	bin_4_52_00916	cds	contig_30	100634	0.4341	69924	70949	-	29685	341		SsuA/THI5-like domain-containing protein	no	group_764	en_familia	6	0.2609	shell	shell	si	no	no
bin_4_52	bin-4-52	bin_4_52_00917	cds	contig_30	100634	0.4341	71005	72027	-	28607	340		SsuA/THI5-like domain-containing protein	no	group_5001	en_familia	23	1.0000	core	core	no	no	no
bin_4_52	bin-4-52	bin_4_52_00918	cds	contig_30	100634	0.4341	72024	73832	-	26802	602	atzF	allophanate hydrolase	no	atzF	en_familia	23	1.0000	core	core	no	no	no
bin_4_52	bin-4-52	bin_4_52_00919	cds	contig_30	100634	0.4341	73844	74287	-	26347	147	nikR	Transcription factor NikR nickel binding C-terminal domain-containing protein	no	nikR	en_familia	23	1.0000	core	core	no	no	no
bin_4_52	bin-4-52	bin_4_52_00920	cds	contig_30	100634	0.4341	74292	74405	-	26229	37		hypothetical protein	no	group_3024	en_familia	4	0.1739	shell	shell	si	no	no
bin_4_52	bin-4-52	bin_4_52_00921	cds	contig_30	100634	0.4341	75106	75327	-	25307	73		hypothetical protein	no	group_2764	en_familia	3	0.1304	cloud	cloud	si	si	no
bin_4_52	bin-4-52	bin_4_52_00922	cds	contig_30	100634	0.4341	75487	76758	-	23876	423		Major facilitator superfamily (MFS) profile domain-containing protein	no	group_444	en_familia	6	0.2609	shell	shell	si	no	no
bin_4_52	bin-4-52	bin_4_52_00923	cds	contig_30	100634	0.4341	77117	78340	+	22294	407		CoA transferase	no	group_5255	en_familia	11	0.4783	shell	shell	si	no	no
bin_4_52	bin-4-52	bin_4_52_00924	cds	contig_30	100634	0.4341	78411	80093	-	20541	560		Long-chain-fatty-acid--CoA ligase	no	group_5119	en_familia	11	0.4783	shell	shell	si	no	no
bin_4_52	bin-4-52	bin_4_52_00925	cds	contig_30	100634	0.4341	80170	81666	-	18968	498		NAD(P)/FAD-dependent oxidoreductase	no	group_5256	en_familia	11	0.4783	shell	shell	si	no	no
bin_4_52	bin-4-52	bin_4_52_00926	cds	contig_30	100634	0.4341	81682	82521	-	18113	279		AB hydrolase-1 domain-containing protein	no	group_5314	en_familia	11	0.4783	shell	shell	si	no	no
bin_4_52	bin-4-52	bin_4_52_00927	cds	contig_30	100634	0.4341	82651	84453	-	16181	600		Acyl-CoA dehydrogenase	no	group_5334	en_familia	11	0.4783	shell	shell	si	no	no
bin_4_52	bin-4-52	bin_4_52_00928	cds	contig_30	100634	0.4341	84661	85641	-	14993	326		Nitronate monooxygenase domain-containing protein	no	group_5319	en_familia	11	0.4783	shell	shell	si	no	no
bin_4_52	bin-4-52	bin_4_52_00929	cds	contig_30	100634	0.4341	85653	86441	-	14193	262		2-(1,2-epoxy-1,2-dihydrophenyl)acetyl-CoA isomerase	no	group_5270	en_familia	11	0.4783	shell	shell	si	no	no
bin_4_52	bin-4-52	bin_4_52_00930	cds	contig_30	100634	0.4341	86478	87401	-	13233	307		D-isomer specific 2-hydroxyacid dehydrogenase NAD-binding domain-containing protein	no	group_5150	en_familia	11	0.4783	shell	shell	si	no	no
bin_4_52	bin-4-52	bin_4_52_00931	cds	contig_30	100634	0.4341	87398	88153	-	12481	251		Class II aldolase/adducin N-terminal domain-containing protein	no	group_4839	en_familia	11	0.4783	shell	shell	si	no	no
bin_4_52	bin-4-52	bin_4_52_00932	cds	contig_30	100634	0.4341	88264	88701	+	11933	145		Thioesterase domain-containing protein	no	group_3966	en_familia	11	0.4783	shell	shell	si	no	no
bin_4_52	bin-4-52	bin_4_52_00933	cds	contig_30	100634	0.4341	88821	90032	-	10602	403		3-oxoadipyl-CoA thiolase	no	group_514	en_familia	11	0.4783	shell	shell	si	no	no
bin_4_52	bin-4-52	bin_4_52_00934	cds	contig_30	100634	0.4341	90058	91578	-	9056	506		3-hydroxyacyl-CoA dehydrogenase	no	group_3965	en_familia	11	0.4783	shell	shell	si	no	no
bin_4_52	bin-4-52	bin_4_52_00935	cds	contig_30	100634	0.4341	91581	92354	-	8280	257		Enoyl-CoA hydratase	no	group_1176	en_familia	11	0.4783	shell	shell	si	no	no
bin_4_52	bin-4-52	bin_4_52_00936	cds	contig_30	100634	0.4341	92807	94105	+	6529	432		Major facilitator superfamily (MFS) profile domain-containing protein	no	group_411	en_familia	11	0.4783	shell	shell	si	no	no
bin_4_52	bin-4-52	bin_4_52_00937	cds	contig_30	100634	0.4341	94328	95593	+	5041	421		Porin	no	group_3919	en_familia	11	0.4783	shell	shell	si	no	no
bin_4_52	bin-4-52	bin_4_52_00938	cds	contig_30	100634	0.4341	95611	96804	+	3830	397		Major facilitator superfamily (MFS) profile domain-containing protein	no	group_535	en_familia	11	0.4783	shell	shell	si	no	no
bin_4_52	bin-4-52	bin_4_52_00939	cds	contig_30	100634	0.4341	97338	98012	-	2622	224		3-oxoadipate CoA-transferase	no	group_3981	en_familia	11	0.4783	shell	shell	si	no	no
bin_4_52	bin-4-52	bin_4_52_00940	cds	contig_30	100634	0.4341	98012	98680	-	1954	222		3-oxoadipate CoA-transferase	no	group_1375	en_familia	11	0.4783	shell	shell	si	no	no
bin_4_52	bin-4-52	bin_4_52_00941	cds	contig_30	100634	0.4341	98732	100036	-	598	434		Major facilitator superfamily (MFS) profile domain-containing protein	no	group_4230	en_familia	11	0.4783	shell	shell	si	no	no
bin_4_52	bin-4-52	bin_4_52_00942	cds	contig_30	100634	0.4341	100229	100591	-	43	120		Glutaryl-CoA dehydrogenase	no	caiA	en_familia	11	0.4783	shell	shell	si	no	no
bin_4_52	bin-4-52	bin_4_52_00943	cds	contig_31	48357	0.3670	95	781	-	94	228		hypothetical protein	no	group_6089	en_familia	1	0.0435	cloud	cloud	si	si	no
bin_4_52	bin-4-52	bin_4_52_00944	cds	contig_31	48357	0.3670	991	2232	-	990	413		hypothetical protein	no	group_6082	en_familia	1	0.0435	cloud	cloud	si	si	no
bin_4_52	bin-4-52	bin_4_52_00945	cds	contig_31	48357	0.3670	2245	3435	-	2244	396		hypothetical protein	no	group_6093	en_familia	1	0.0435	cloud	cloud	si	si	no
bin_4_52	bin-4-52	bin_4_52_00946	cds	contig_31	48357	0.3670	3441	4277	-	3440	278		Pilus assembly protein	no	group_6084	en_familia	1	0.0435	cloud	cloud	si	si	no
bin_4_52	bin-4-52	bin_4_52_00947	cds	contig_31	48357	0.3670	4290	5252	-	4289	320		hypothetical protein	no	group_6102	en_familia	1	0.0435	cloud	cloud	si	si	no
bin_4_52	bin-4-52	bin_4_52_00948	cds	contig_31	48357	0.3670	5278	6084	-	5277	268		hypothetical protein	no	group_6108	en_familia	1	0.0435	cloud	cloud	si	si	no
bin_4_52	bin-4-52	bin_4_52_00949	cds	contig_31	48357	0.3670	6088	6516	-	6087	142		Hsp20/alpha crystallin family protein	no	group_6110	en_familia	1	0.0435	cloud	cloud	si	si	no
bin_4_52	bin-4-52	bin_4_52_00950	cds	contig_31	48357	0.3670	6585	7478	-	6584	297		hypothetical protein	no	group_6094	en_familia	1	0.0435	cloud	cloud	si	si	no
bin_4_52	bin-4-52	bin_4_52_00951	cds	contig_31	48357	0.3670	7481	11914	-	7480	1477		Large polyvalent protein-associated domain-containing protein	no	group_6092	en_familia	1	0.0435	cloud	cloud	si	si	no
bin_4_52	bin-4-52	bin_4_52_00952	cds	contig_31	48357	0.3670	11948	12097	-	11947	49		hypothetical protein	no	group_6096	en_familia	1	0.0435	cloud	cloud	si	si	no
bin_4_52	bin-4-52	bin_4_52_00953	cds	contig_31	48357	0.3670	12227	18853	-	12226	2208		Helicase ATP-binding domain-containing protein	no	group_6076	en_familia	1	0.0435	cloud	cloud	si	si	no
bin_4_52	bin-4-52	bin_4_52_00954	cds	contig_31	48357	0.3670	18885	20519	-	18884	544		Phage portal protein	no	group_6073	en_familia	1	0.0435	cloud	cloud	si	si	no
bin_4_52	bin-4-52	bin_4_52_00955	cds	contig_31	48357	0.3670	22137	22613	+	22136	158		DUF4868 domain-containing protein	no	group_6087	en_familia	1	0.0435	cloud	cloud	si	si	no
bin_4_52	bin-4-52	bin_4_52_00956	cds	contig_31	48357	0.3670	22781	24571	+	22780	596		Initiator Rep protein domain-containing protein	no	group_6103	en_familia	1	0.0435	cloud	cloud	si	si	no
bin_4_52	bin-4-52	bin_4_52_00957	cds	contig_31	48357	0.3670	24564	25166	+	23191	200		Transporter	no	group_6095	en_familia	1	0.0435	cloud	cloud	si	si	no
bin_4_52	bin-4-52	bin_4_52_00958	cds	contig_31	48357	0.3670	25268	26137	+	22220	289		RDD family protein	no	group_6107	en_familia	1	0.0435	cloud	cloud	si	si	no
bin_4_52	bin-4-52	bin_4_52_00959	cds	contig_31	48357	0.3670	26269	26640	+	21717	123		hypothetical protein	no	group_6113	en_familia	1	0.0435	cloud	cloud	si	si	no
bin_4_52	bin-4-52	bin_4_52_00960	cds	contig_31	48357	0.3670	26823	27953	+	20404	376		DUF4868 domain-containing protein	no	group_6112	en_familia	1	0.0435	cloud	cloud	si	si	no
bin_4_52	bin-4-52	bin_4_52_00961	cds	contig_31	48357	0.3670	27961	28473	+	19884	170		hypothetical protein	no	group_6115	en_familia	1	0.0435	cloud	cloud	si	si	no
bin_4_52	bin-4-52	bin_4_52_00962	cds	contig_31	48357	0.3670	28539	29192	-	19165	217		hypothetical protein	no	group_6111	en_familia	1	0.0435	cloud	cloud	si	si	no
bin_4_52	bin-4-52	bin_4_52_00963	cds	contig_31	48357	0.3670	29357	29779	+	18578	140		hypothetical protein	no	group_6105	en_familia	1	0.0435	cloud	cloud	si	si	no
bin_4_52	bin-4-52	bin_4_52_00964	cds	contig_31	48357	0.3670	29785	30294	+	18063	169		hypothetical protein	no	group_6080	en_familia	1	0.0435	cloud	cloud	si	si	no
bin_4_52	bin-4-52	bin_4_52_00965	cds	contig_31	48357	0.3670	30304	30792	+	17565	162		hypothetical protein	no	group_6104	en_familia	1	0.0435	cloud	cloud	si	si	no
bin_4_52	bin-4-52	bin_4_52_00966	cds	contig_31	48357	0.3670	30785	31564	+	16793	259		Peptidase M48 domain-containing protein	no	group_6083	en_familia	1	0.0435	cloud	cloud	si	si	no
bin_4_52	bin-4-52	bin_4_52_00967	cds	contig_31	48357	0.3670	31580	32479	+	15878	299		hypothetical protein	no	group_6114	en_familia	1	0.0435	cloud	cloud	si	si	no
bin_4_52	bin-4-52	bin_4_52_00968	cds	contig_31	48357	0.3670	32667	32966	+	15391	99		DUF4282 domain-containing protein	no	group_6090	en_familia	1	0.0435	cloud	cloud	si	si	no
bin_4_52	bin-4-52	bin_4_52_00969	cds	contig_31	48357	0.3670	33142	33504	-	14853	120		Lipoprotein	no	group_6074	en_familia	1	0.0435	cloud	cloud	si	si	no
bin_4_52	bin-4-52	bin_4_52_00970	cds	contig_31	48357	0.3670	33565	34311	+	14046	248		SMODS and SLOG-associating 2TM effector domain-containing protein	no	group_6097	en_familia	1	0.0435	cloud	cloud	si	si	no
bin_4_52	bin-4-52	bin_4_52_00971	cds	contig_31	48357	0.3670	34411	34764	-	13593	117		hypothetical protein	no	group_6078	en_familia	1	0.0435	cloud	cloud	si	si	no
bin_4_52	bin-4-52	bin_4_52_00972	cds	contig_31	48357	0.3670	34839	35357	+	13000	172		DUF1833 domain-containing protein	no	group_6085	en_familia	1	0.0435	cloud	cloud	si	si	no
bin_4_52	bin-4-52	bin_4_52_00973	cds	contig_31	48357	0.3670	35448	36770	+	11587	440		Lipoprotein	no	group_6098	en_familia	1	0.0435	cloud	cloud	si	si	no
bin_4_52	bin-4-52	bin_4_52_00974	cds	contig_31	48357	0.3670	36772	37539	+	10818	255		Nuclease	no	group_6099	en_familia	1	0.0435	cloud	cloud	si	si	no
bin_4_52	bin-4-52	bin_4_52_00975	cds	contig_31	48357	0.3670	37546	37929	+	10428	127		hypothetical protein	no	group_6086	en_familia	1	0.0435	cloud	cloud	si	si	no
bin_4_52	bin-4-52	bin_4_52_00976	cds	contig_31	48357	0.3670	37948	39588	+	8769	546		Large polyvalent protein-associated domain-containing protein	no	group_6109	en_familia	1	0.0435	cloud	cloud	si	si	no
bin_4_52	bin-4-52	bin_4_52_00977	cds	contig_31	48357	0.3670	39847	40623	+	7734	258		hypothetical protein	no	group_6101	en_familia	1	0.0435	cloud	cloud	si	si	no
bin_4_52	bin-4-52	bin_4_52_00978	cds	contig_31	48357	0.3670	41557	46743	+	1614	1728		ATP-dependent RecD-like DNA helicase	no	group_6079	en_familia	2	0.0870	cloud	cloud	si	si	no
bin_4_52	bin-4-52	bin_4_52_00979	cds	contig_31	48357	0.3670	46747	48123	+	234	458		hypothetical protein	no	group_6088	en_familia	2	0.0870	cloud	cloud	si	si	no
bin_4_52	bin-4-52	bin_4_52_00980	cds	contig_32	2389	0.3407	310	771	-	309	153		Histone-like protein H-NS C-terminal domain-containing protein	no	group_6117	en_familia	1	0.0435	cloud	cloud	si	si	no
bin_4_52	bin-4-52	bin_4_52_00981	cds	contig_32	2389	0.3407	883	1401	-	882	172		DUF2726 domain-containing protein	no	group_6116	en_familia	1	0.0435	cloud	cloud	si	si	no
bin_4_52	bin-4-52	bin_4_52_00982	cds	contig_32	2389	0.3407	1620	2285	+	104	221		hypothetical protein	no		no_en_pangenoma			no_en_pangenoma	no_en_pangenoma			no
bin_4_52	bin-4-52	bin_4_52_00983	cds	contig_33	101937	0.4219	379	1230	+	378	283	tnp	IS3 family ISAlw26 transposase ORF B	no	group_5584	en_familia	9	0.3913	shell	shell	si	no	no
bin_4_52	bin-4-52	bin_4_52_00984	cds	contig_33	101937	0.4219	1687	1914	-	1686	75		Transposase	no	group_2733	en_familia	22	0.9565	core	core	no	no	no
bin_4_52	bin-4-52	bin_4_52_00985	cds	contig_33	101937	0.4219	2029	2238	-	2028	69		Cold-shock protein	no	group_3358	en_familia	22	0.9565	core	core	no	no	no
bin_4_52	bin-4-52	bin_4_52_00986	cds	contig_33	101937	0.4219	2766	4886	+	2765	706	katE	catalase HPII	no	katE	en_familia	23	1.0000	core	core	no	no	no
bin_4_52	bin-4-52	bin_4_52_00987	cds	contig_33	101937	0.4219	5101	5646	-	5100	181		Serine acetyltransferase	no	group_4475	en_familia	23	1.0000	core	core	no	no	no
bin_4_52	bin-4-52	bin_4_52_00988	cds	contig_33	101937	0.4219	5624	5794	-	5623	56		hypothetical protein	no	group_4659	en_familia	14	0.6087	shell	shell	si	no	no
bin_4_52	bin-4-52	bin_4_52_00989	cds	contig_33	101937	0.4219	6156	6380	+	6155	74		hypothetical protein	no	group_3637	en_familia	23	1.0000	core	core	no	no	no
bin_4_52	bin-4-52	bin_4_52_00990	cds	contig_33	101937	0.4219	6463	6735	-	6462	90		hypothetical protein	no	group_3658	en_familia	23	1.0000	core	core	no	no	no
bin_4_52	bin-4-52	bin_4_52_00991	cds	contig_33	101937	0.4219	6853	7203	-	6852	116		DUF3630 domain-containing protein	no	group_4668	en_familia	23	1.0000	core	core	no	no	no
bin_4_52	bin-4-52	bin_4_52_00992	cds	contig_33	101937	0.4219	7410	8063	-	7409	217		hypothetical protein	no	group_5085	en_familia	23	1.0000	core	core	no	no	no
bin_4_52	bin-4-52	bin_4_52_00993	cds	contig_33	101937	0.4219	8151	8849	-	8150	232		Exonuclease domain-containing protein	no	group_3958	en_familia	23	1.0000	core	core	no	no	no
bin_4_52	bin-4-52	bin_4_52_00994	cds	contig_33	101937	0.4219	9195	9848	+	9194	217		Peptidase S9 prolyl oligopeptidase catalytic domain-containing protein	no	group_4652	en_familia	22	0.9565	core	core	no	no	no
bin_4_52	bin-4-52	bin_4_52_00995	cds	contig_33	101937	0.4219	9869	10423	+	9868	184		(pseudo) Serine aminopeptidase S33 domain-containing protein	si	group_4652	en_familia	22	0.9565	core	core	no	no	no
bin_4_52	bin-4-52	bin_4_52_00996	cds	contig_33	101937	0.4219	10578	11831	+	10577	417	glyA	Serine hydroxymethyltransferase	no	glyA	en_familia	23	1.0000	core	core	no	no	no
bin_4_52	bin-4-52	bin_4_52_00997	cds	contig_33	101937	0.4219	11967	12515	-	11966	182		hypothetical protein	no	group_3618	en_familia	23	1.0000	core	core	no	no	no
bin_4_52	bin-4-52	bin_4_52_00998	cds	contig_33	101937	0.4219	12638	13036	+	12637	132	rnk	nucleoside diphosphate kinase regulator	no	rnk	en_familia	23	1.0000	core	core	no	no	no
bin_4_52	bin-4-52	bin_4_52_00999	cds	contig_33	101937	0.4219	13265	14056	+	13264	263		Tellurium resistance protein	no	group_4010	en_familia	23	1.0000	core	core	no	no	no
bin_4_52	bin-4-52	bin_4_52_01000	cds	contig_33	101937	0.4219	14073	15200	+	14072	375		Toxic anion resistance protein	no	group_624	en_familia	23	1.0000	core	core	no	no	no
bin_4_52	bin-4-52	bin_4_52_01001	cds	contig_33	101937	0.4219	15241	16161	+	15240	306		Histidine kinase	no	group_4011	en_familia	23	1.0000	core	core	no	no	no
bin_4_52	bin-4-52	bin_4_52_01002	cds	contig_33	101937	0.4219	16400	17965	+	16399	521	ahpF	alkyl hydroperoxide reductase subunit F	no	ahpF	en_familia	19	0.8261	shell	shell	si	no	no
bin_4_52	bin-4-52	bin_4_52_01003	cds	contig_33	101937	0.4219	18234	18488	-	18233	84	yfhL	YfhL family 4Fe-4S dicluster ferredoxin	no	yfhL	en_familia	23	1.0000	core	core	no	no	no
bin_4_52	bin-4-52	bin_4_52_01004	cds	contig_33	101937	0.4219	18491	19900	-	18490	469	yegQ	tRNA 5-hydroxyuridine modification protein YegQ	no	yegQ	en_familia	23	1.0000	core	core	no	no	no
bin_4_52	bin-4-52	bin_4_52_01005	cds	contig_33	101937	0.4219	20029	20445	-	20028	138		HTH merR-type domain-containing protein	no	group_3871	en_familia	23	1.0000	core	core	no	no	no
bin_4_52	bin-4-52	bin_4_52_01006	cds	contig_33	101937	0.4219	20531	21145	+	20530	204		Cation efflux protein cytoplasmic domain-containing protein	no	group_4192	en_familia	23	1.0000	core	core	no	no	no
bin_4_52	bin-4-52	bin_4_52_01007	cds	contig_33	101937	0.4219	21209	21988	-	21208	259	fpr	ferredoxin--NADP(+) reductase	no	fpr	en_familia	23	1.0000	core	core	no	no	no
bin_4_52	bin-4-52	bin_4_52_01008	cds	contig_33	101937	0.4219	22094	22801	+	22093	235	tsaA	tRNA (N6-threonylcarbamoyladenosine(37)-N6)-methyltransferase TrmO	no	tsaA	en_familia	23	1.0000	core	core	no	no	no
bin_4_52	bin-4-52	bin_4_52_01009	cds	contig_33	101937	0.4219	22845	24104	-	22844	419	mgtC	Mg2+ transporter-C, MgtC family protein	no	mgtC	en_familia	23	1.0000	core	core	no	no	no
bin_4_52	bin-4-52	bin_4_52_01010	cds	contig_33	101937	0.4219	24333	26090	+	24332	585		Bacterial type II secretion system protein E domain-containing protein	no	group_204	en_familia	23	1.0000	core	core	no	no	no
bin_4_52	bin-4-52	bin_4_52_01011	cds	contig_33	101937	0.4219	26194	26556	+	26193	120		Bacterial OB-fold domain-containing protein	no	group_3808	en_familia	23	1.0000	core	core	no	no	no
bin_4_52	bin-4-52	bin_4_52_01012	cds	contig_33	101937	0.4219	26676	27341	+	26675	221		DNA-binding response regulator	no	group_1378	en_familia	23	1.0000	core	core	no	no	no
bin_4_52	bin-4-52	bin_4_52_01013	cds	contig_33	101937	0.4219	27349	28659	+	27348	436		histidine kinase	no	group_4232	en_familia	23	1.0000	core	core	no	no	no
bin_4_52	bin-4-52	bin_4_52_01014	cds	contig_33	101937	0.4219	28755	28925	-	28754	56	hemP	Hemin uptake protein HemP	no	hemP	en_familia	23	1.0000	core	core	no	no	no
bin_4_52	bin-4-52	bin_4_52_01015	cds	contig_33	101937	0.4219	29068	29967	+	29067	299		8-oxo-dGTP diphosphatase	no	group_4474	en_familia	23	1.0000	core	core	no	no	no
bin_4_52	bin-4-52	bin_4_52_01016	cds	contig_33	101937	0.4219	29997	30536	-	29996	179		tetratricopeptide repeat protein	no	group_3735	en_familia	23	1.0000	core	core	no	no	no
bin_4_52	bin-4-52	bin_4_52_01017	cds	contig_33	101937	0.4219	30550	32943	-	30549	797	mrcB	penicillin-binding protein 1B	no	mrcB	en_familia	23	1.0000	core	core	no	no	no
bin_4_52	bin-4-52	bin_4_52_01018	cds	contig_33	101937	0.4219	33170	34072	+	33169	300		NAD(+) kinase	no	group_980	en_familia	23	1.0000	core	core	no	no	no
bin_4_52	bin-4-52	bin_4_52_01019	cds	contig_33	101937	0.4219	34076	34348	+	34075	90		PA-phosphatase	no	group_4135	en_familia	23	1.0000	core	core	no	no	no
bin_4_52	bin-4-52	bin_4_52_01020	cds	contig_33	101937	0.4219	34408	35409	-	34407	333		glycosyl transferase family protein	no	group_3896	en_familia	23	1.0000	core	core	no	no	no
bin_4_52	bin-4-52	bin_4_52_01021	cds	contig_33	101937	0.4219	35824	37167	+	35823	447		C4-dicarboxylate transport protein	no	group_372	en_familia	23	1.0000	core	core	no	no	no
bin_4_52	bin-4-52	bin_4_52_01022	cds	contig_33	101937	0.4219	37335	38477	+	37334	380		Acyl-CoA dehydrogenase	no	group_609	en_familia	23	1.0000	core	core	no	no	no
bin_4_52	bin-4-52	bin_4_52_01023	cds	contig_33	101937	0.4219	38560	39078	-	38559	172		DJ-1/PfpI domain-containing protein	no	group_1706	en_familia	23	1.0000	core	core	no	no	no
bin_4_52	bin-4-52	bin_4_52_01024	cds	contig_33	101937	0.4219	39564	40673	+	39563	369	pheA	prephenate dehydratase	no	pheA	en_familia	23	1.0000	core	core	no	no	no
bin_4_52	bin-4-52	bin_4_52_01025	cds	contig_33	101937	0.4219	40739	41830	+	40738	363	hisC	histidinol-phosphate transaminase	no	group_4671	en_familia	23	1.0000	core	core	no	no	no
bin_4_52	bin-4-52	bin_4_52_01026	cds	contig_33	101937	0.4219	41834	44080	+	41833	748		bifunctional prephenate dehydrogenase/3-phosphoshikimate 1-carboxyvinyltransferase	no	tyrA	en_familia	23	1.0000	core	core	no	no	no
bin_4_52	bin-4-52	bin_4_52_01027	cds	contig_33	101937	0.4219	44181	44546	+	44180	121		hypothetical protein	no	group_3745	en_familia	23	1.0000	core	core	no	no	no
bin_4_52	bin-4-52	bin_4_52_01028	cds	contig_33	101937	0.4219	44590	45219	-	44589	209		Serine aminopeptidase S33 domain-containing protein	no	group_5395	en_familia	23	1.0000	core	core	no	no	no
bin_4_52	bin-4-52	bin_4_52_01029	cds	contig_33	101937	0.4219	45344	46126	+	45343	260	yaaA	peroxide stress protein YaaA	no	yaaA	en_familia	23	1.0000	core	core	no	no	no
bin_4_52	bin-4-52	bin_4_52_01030	cds	contig_33	101937	0.4219	47515	48837	+	47514	440		Major facilitator superfamily (MFS) profile domain-containing protein	no	group_4816	en_familia	23	1.0000	core	core	no	no	no
bin_4_52	bin-4-52	bin_4_52_01031	cds	contig_33	101937	0.4219	48915	49916	+	48914	333		adenosine deaminase	no	group_3906	en_familia	23	1.0000	core	core	no	no	no
bin_4_52	bin-4-52	bin_4_52_01032	cds	contig_33	101937	0.4219	49977	50324	+	49976	115		Lipoprotein	no	group_4817	en_familia	19	0.8261	shell	shell	si	no	no
bin_4_52	bin-4-52	bin_4_52_01033	cds	contig_33	101937	0.4219	50448	50831	+	50447	127		Lipoprotein	no	group_4268	en_familia	19	0.8261	shell	shell	si	no	no
bin_4_52	bin-4-52	bin_4_52_01034	cds	contig_33	101937	0.4219	50903	51496	+	50441	197	rnhB	ribonuclease HII	no	rnhB	en_familia	23	1.0000	core	core	no	no	no
bin_4_52	bin-4-52	bin_4_52_01035	cds	contig_33	101937	0.4219	51606	51860	-	50077	84	csrA	carbon storage regulator CsrA	no	csrA	en_familia	23	1.0000	core	core	no	no	no
bin_4_52	bin-4-52	bin_4_52_01036	cds	contig_33	101937	0.4219	52114	53394	-	48543	426	metL1	aspartate kinase	no	metL1	en_familia	23	1.0000	core	core	no	no	no
bin_4_52	bin-4-52	bin_4_52_01037	cds	contig_33	101937	0.4219	53459	56137	-	45800	892	alaS	alanine--tRNA ligase	no	alaS	en_familia	23	1.0000	core	core	no	no	no
bin_4_52	bin-4-52	bin_4_52_01038	cds	contig_33	101937	0.4219	56562	57587	+	44350	341		Erythrose 4-phosphate dehydrogenase	no	group_4706	en_familia	23	1.0000	core	core	no	no	no
bin_4_52	bin-4-52	bin_4_52_01039	cds	contig_33	101937	0.4219	57764	58060	+	43877	98		DUF2730 domain-containing protein	no	group_4707	en_familia	23	1.0000	core	core	no	no	no
bin_4_52	bin-4-52	bin_4_52_01040	cds	contig_33	101937	0.4219	58651	59817	+	42120	388		ATP phosphoribosyltransferase regulatory subunit	no	group_5141	en_familia	23	1.0000	core	core	no	no	no
bin_4_52	bin-4-52	bin_4_52_01041	cds	contig_33	101937	0.4219	59889	61208	+	40729	439		adenylosuccinate synthase	no	group_4818	en_familia	23	1.0000	core	core	no	no	no
bin_4_52	bin-4-52	bin_4_52_01042	cds	contig_33	101937	0.4219	61373	61681	+	40256	102		Phosphoethanolamine transferase N-terminal domain-containing protein	no	group_4996	en_familia	23	1.0000	core	core	no	no	no
bin_4_52	bin-4-52	bin_4_52_01043	cds	contig_33	101937	0.4219	61795	62565	+	39372	256		Peptidase M48 domain-containing protein	no	group_4333	en_familia	23	1.0000	core	core	no	no	no
bin_4_52	bin-4-52	bin_4_52_01044	cds	contig_33	101937	0.4219	62691	63173	-	38764	160	slpA	Peptidyl-prolyl cis-trans isomerase	no	slpA	en_familia	23	1.0000	core	core	no	no	no
bin_4_52	bin-4-52	bin_4_52_01045	cds	contig_33	101937	0.4219	63312	64598	-	37339	428		FAD/NAD(P)-binding domain-containing protein	no	group_426	en_familia	23	1.0000	core	core	no	no	no
bin_4_52	bin-4-52	bin_4_52_01046	cds	contig_33	101937	0.4219	64831	66135	-	35802	434		D-alanyl-D-alanine carboxypeptidase PBP6B	no	dacD	en_familia	23	1.0000	core	core	no	no	no
bin_4_52	bin-4-52	bin_4_52_01047	cds	contig_33	101937	0.4219	66311	68014	+	33923	567		PDZ domain-containing protein	no	group_4539	en_familia	23	1.0000	core	core	no	no	no
bin_4_52	bin-4-52	bin_4_52_01048	cds	contig_33	101937	0.4219	68066	68686	-	33251	206		DUF4760 domain-containing protein	no	group_1473	en_familia	8	0.3478	shell	shell	si	no	no
bin_4_52	bin-4-52	bin_4_52_01049	cds	contig_33	101937	0.4219	68769	69173	-	32764	134	uraH	hydroxyisourate hydrolase	no	group_4612	en_familia	23	1.0000	core	core	no	no	no
bin_4_52	bin-4-52	bin_4_52_01050	cds	contig_33	101937	0.4219	69284	70075	-	31862	263		Pseudouridine synthase	no	group_3526	en_familia	23	1.0000	core	core	no	no	no
bin_4_52	bin-4-52	bin_4_52_01051	cds	contig_33	101937	0.4219	70309	70854	-	31083	181		Exonuclease	no	group_4599	en_familia	23	1.0000	core	core	no	no	no
bin_4_52	bin-4-52	bin_4_52_01052	cds	contig_33	101937	0.4219	71289	71423	+	30514	44		hypothetical protein	no	group_3499	en_familia	23	1.0000	core	core	no	no	no
bin_4_52	bin-4-52	bin_4_52_01053	cds	contig_33	101937	0.4219	71599	72150	+	29787	183		Peptidase M23 domain-containing protein	no	group_3772	en_familia	23	1.0000	core	core	no	no	no
bin_4_52	bin-4-52	bin_4_52_01054	cds	contig_33	101937	0.4219	72237	73544	+	28393	435		acyltransferase	no	group_4734	en_familia	23	1.0000	core	core	no	no	no
bin_4_52	bin-4-52	bin_4_52_01055	cds	contig_33	101937	0.4219	73541	74041	+	27896	166		SGNH hydrolase domain-containing protein	no	group_4734	en_familia	23	1.0000	core	core	no	no	no
bin_4_52	bin-4-52	bin_4_52_01056	cds	contig_33	101937	0.4219	74089	75519	-	26418	476	aspB	alanine transaminase	no	aspB	en_familia	23	1.0000	core	core	no	no	no
bin_4_52	bin-4-52	bin_4_52_01057	cds	contig_33	101937	0.4219	75749	76168	+	25769	139	msrB	Peptide methionine sulfoxide reductase MsrB	no	group_2033	en_familia	23	1.0000	core	core	no	no	no
bin_4_52	bin-4-52	bin_4_52_01058	cds	contig_33	101937	0.4219	76165	76641	+	25296	158		Glutathione peroxidase	no	group_1855	en_familia	23	1.0000	core	core	no	no	no
bin_4_52	bin-4-52	bin_4_52_01059	cds	contig_33	101937	0.4219	76682	77134	+	24803	150	tonB	Energy transducer TonB	no	group_4344	en_familia	23	1.0000	core	core	no	no	no
bin_4_52	bin-4-52	bin_4_52_01060	cds	contig_33	101937	0.4219	77165	78334	-	23603	389	dapC	succinyldiaminopimelate transaminase	no	dapC	en_familia	23	1.0000	core	core	no	no	no
bin_4_52	bin-4-52	bin_4_52_01061	cds	contig_33	101937	0.4219	78352	81024	-	20913	890	glnD	[protein-PII] uridylyltransferase	no	glnD	en_familia	23	1.0000	core	core	no	no	no
bin_4_52	bin-4-52	bin_4_52_01062	cds	contig_33	101937	0.4219	81052	82257	-	19680	401	purT	formate-dependent phosphoribosylglycinamide formyltransferase	no	purT	en_familia	23	1.0000	core	core	no	no	no
bin_4_52	bin-4-52	bin_4_52_01063	cds	contig_33	101937	0.4219	82774	83121	-	18816	115	ygaH	L-valine transporter subunit YgaH	no	ygaH	en_familia	23	1.0000	core	core	no	no	no
bin_4_52	bin-4-52	bin_4_52_01064	cds	contig_33	101937	0.4219	83118	83870	-	18067	250		Branched-chain amino acid ABC transporter permease	no	group_4331	en_familia	23	1.0000	core	core	no	no	no
bin_4_52	bin-4-52	bin_4_52_01065	cds	contig_33	101937	0.4219	83976	84461	+	17476	161		Imelysin-like domain-containing protein	no	group_1816	en_familia	23	1.0000	core	core	no	no	no
bin_4_52	bin-4-52	bin_4_52_01066	cds	contig_33	101937	0.4219	84530	85225	-	16712	231		Cyclic nucleotide-binding domain-containing protein	no	group_1330	en_familia	23	1.0000	core	core	no	no	no
bin_4_52	bin-4-52	bin_4_52_01067	cds	contig_33	101937	0.4219	85328	85873	+	16064	181		DUF962 domain-containing protein	no	group_1619	en_familia	23	1.0000	core	core	no	no	no
bin_4_52	bin-4-52	bin_4_52_01068	cds	contig_33	101937	0.4219	85931	87022	-	14915	363	ychF	redox-regulated ATPase YchF	no	ychF	en_familia	23	1.0000	core	core	no	no	no
bin_4_52	bin-4-52	bin_4_52_01069	cds	contig_33	101937	0.4219	87135	87794	-	14143	219		ABC transmembrane type-1 domain-containing protein	no	group_4030	en_familia	23	1.0000	core	core	no	no	no
bin_4_52	bin-4-52	bin_4_52_01070	cds	contig_33	101937	0.4219	87775	88899	-	13038	374	metN	Methionine import ATP-binding protein MetN 1	no	group_4865	en_familia	23	1.0000	core	core	no	no	no
bin_4_52	bin-4-52	bin_4_52_01071	cds	contig_33	101937	0.4219	88856	89686	-	12251	276		Methionine transporter	no	group_5288	en_familia	22	0.9565	core	core	no	no	no
bin_4_52	bin-4-52	bin_4_52_01072	cds	contig_33	101937	0.4219	89706	91130	-	10807	474		Luciferase-like domain-containing protein	no	group_5327	en_familia	23	1.0000	core	core	no	no	no
bin_4_52	bin-4-52	bin_4_52_01073	cds	contig_33	101937	0.4219	91130	92353	-	9584	407	sfnB	SfnB family sulfur acquisition oxidoreductase	no	group_5287	en_familia	23	1.0000	core	core	no	no	no
bin_4_52	bin-4-52	bin_4_52_01074	cds	contig_33	101937	0.4219	92365	93567	-	8370	400	sfnB	SfnB family sulfur acquisition oxidoreductase	no	sfnB	en_familia	23	1.0000	core	core	no	no	no
bin_4_52	bin-4-52	bin_4_52_01075	cds	contig_33	101937	0.4219	94103	94867	+	7070	254		GST N-terminal domain-containing protein	no	group_1191	en_familia	23	1.0000	core	core	no	no	no
bin_4_52	bin-4-52	bin_4_52_01076	cds	contig_33	101937	0.4219	94921	96252	-	5685	443		Bacterial collagen-like protein middle domain-containing protein	no	group_5038	en_familia	23	1.0000	core	core	no	no	no
bin_4_52	bin-4-52	bin_4_52_01077	cds	contig_33	101937	0.4219	96612	97082	+	4855	156		HTH asnC-type domain-containing protein	no	group_1871	en_familia	23	1.0000	core	core	no	no	no
bin_4_52	bin-4-52	bin_4_52_01078	cds	contig_33	101937	0.4219	97218	97967	-	3970	249	tACO1	YebC/PmpR family DNA-binding transcriptional regulator	no	tACO1	en_familia	23	1.0000	core	core	no	no	no
bin_4_52	bin-4-52	bin_4_52_01079	cds	contig_33	101937	0.4219	98224	98784	-	3153	186		Phospholipid/glycerol acyltransferase domain-containing protein	no	group_4204	en_familia	23	1.0000	core	core	no	no	no
bin_4_52	bin-4-52	bin_4_52_01080	cds	contig_33	101937	0.4219	99100	99219	+	2718	39		hypothetical protein	no	group_4945	en_familia	18	0.7826	shell	shell	si	no	no
bin_4_52	bin-4-52	bin_4_52_01082	cds	contig_33	101937	0.4219	99883	100173	-	1764	96		hypothetical protein	no	group_2486	en_familia	1	0.0435	cloud	cloud	si	si	no
bin_4_52	bin-4-52	bin_4_52_01083	cds	contig_33	101937	0.4219	100757	100999	+	938	80		Transposase	no	group_3507	en_familia	1	0.0435	cloud	cloud	si	si	no
bin_4_52	bin-4-52	bin_4_52_01084	cds	contig_33	101937	0.4219	101275	101787	-	150	170		hypothetical protein	no	group_1723	en_familia	1	0.0435	cloud	cloud	si	si	no
bin_4_52	bin-4-52	bin_4_52_01085	cds	contig_34	90924	0.4149	162	1688	-	161	508		CBS domain-containing protein	no	group_270	en_familia	23	1.0000	core	core	no	no	no
bin_4_52	bin-4-52	bin_4_52_01086	cds	contig_34	90924	0.4149	2510	2974	+	2509	154		HTH marR-type domain-containing protein	no	group_1894	en_familia	23	1.0000	core	core	no	no	no
bin_4_52	bin-4-52	bin_4_52_01087	cds	contig_34	90924	0.4149	3068	3727	-	3067	219		Abasic site processing protein	no	group_4348	en_familia	23	1.0000	core	core	no	no	no
bin_4_52	bin-4-52	bin_4_52_01088	cds	contig_34	90924	0.4149	3807	5252	-	3806	481		Aldehyde dehydrogenase domain-containing protein	no	group_3755	en_familia	23	1.0000	core	core	no	no	no
bin_4_52	bin-4-52	bin_4_52_01089	cds	contig_34	90924	0.4149	5436	7601	-	5435	721		malate synthase G	no	group_121	en_familia	23	1.0000	core	core	no	no	no
bin_4_52	bin-4-52	bin_4_52_01090	cds	contig_34	90924	0.4149	7961	9112	-	7960	383	zapE	cell division protein ZapE	no	zapE	en_familia	23	1.0000	core	core	no	no	no
bin_4_52	bin-4-52	bin_4_52_01091	cds	contig_34	90924	0.4149	9198	10181	-	9197	327		HTH araC/xylS-type domain-containing protein	no	group_836	en_familia	23	1.0000	core	core	no	no	no
bin_4_52	bin-4-52	bin_4_52_01092	cds	contig_34	90924	0.4149	10360	11844	+	10359	494		FAD/NAD(P)-binding domain-containing protein	no	group_4090	en_familia	23	1.0000	core	core	no	no	no
bin_4_52	bin-4-52	bin_4_52_01093	cds	contig_34	90924	0.4149	11905	12813	+	11904	302	lysO	Lysine exporter LysO family protein	no	group_4896	en_familia	23	1.0000	core	core	no	no	no
bin_4_52	bin-4-52	bin_4_52_01094	cds	contig_34	90924	0.4149	12968	13165	-	12967	65		hypothetical protein	no	group_4223	en_familia	23	1.0000	core	core	no	no	no
bin_4_52	bin-4-52	bin_4_52_01095	cds	contig_34	90924	0.4149	13253	13933	-	13252	226	pyrF	orotidine-5'-phosphate decarboxylase	no	pyrF	en_familia	23	1.0000	core	core	no	no	no
bin_4_52	bin-4-52	bin_4_52_01096	cds	contig_34	90924	0.4149	13986	14162	+	13985	58		hypothetical protein	no	group_2914	en_familia	2	0.0870	cloud	cloud	si	si	no
bin_4_52	bin-4-52	bin_4_52_01097	cds	contig_34	90924	0.4149	14185	14550	-	14184	121		DUF1049 domain-containing protein	no	group_2196	en_familia	23	1.0000	core	core	no	no	no
bin_4_52	bin-4-52	bin_4_52_01098	cds	contig_34	90924	0.4149	14566	14871	-	14565	101		integration host factor subunit beta	no	group_2424	en_familia	23	1.0000	core	core	no	no	no
bin_4_52	bin-4-52	bin_4_52_01099	cds	contig_34	90924	0.4149	15035	16711	-	15034	558	rpsA	30S ribosomal protein S1	no	rpsA	en_familia	23	1.0000	core	core	no	no	no
bin_4_52	bin-4-52	bin_4_52_01100	cds	contig_34	90924	0.4149	16827	17510	-	16826	227	cmk	(d)CMP kinase	no	cmk	en_familia	23	1.0000	core	core	no	no	no
bin_4_52	bin-4-52	bin_4_52_01101	cds	contig_34	90924	0.4149	17528	17959	-	17527	143		Polyketide cyclase / dehydrase and lipid transport	no	group_3485	en_familia	23	1.0000	core	core	no	no	no
bin_4_52	bin-4-52	bin_4_52_01102	cds	contig_34	90924	0.4149	18011	18532	-	18010	173	tadA	tRNA adenosine(34) deaminase TadA	no	tadA	en_familia	23	1.0000	core	core	no	no	no
bin_4_52	bin-4-52	bin_4_52_01103	cds	contig_34	90924	0.4149	18536	19660	-	18535	374		3-hydroxyisobutyryl-CoA hydrolase	no	group_4859	en_familia	23	1.0000	core	core	no	no	no
bin_4_52	bin-4-52	bin_4_52_01104	cds	contig_34	90924	0.4149	19657	20373	-	19656	238	ung	uracil-DNA glycosylase	no	ung	en_familia	23	1.0000	core	core	no	no	no
bin_4_52	bin-4-52	bin_4_52_01105	cds	contig_34	90924	0.4149	20419	21015	-	20418	198		6-carboxy-5,6,7,8-tetrahydropterin synthase	no	group_4965	en_familia	23	1.0000	core	core	no	no	no
bin_4_52	bin-4-52	bin_4_52_01106	cds	contig_34	90924	0.4149	21163	22110	-	21162	315	gspK	type II secretion system minor pseudopilin GspK	no	gspK	en_familia	23	1.0000	core	core	no	no	no
bin_4_52	bin-4-52	bin_4_52_01107	cds	contig_34	90924	0.4149	22120	22755	-	22119	211	gspJ	type II secretion system minor pseudopilin GspJ	no	gspJ	en_familia	23	1.0000	core	core	no	no	no
bin_4_52	bin-4-52	bin_4_52_01108	cds	contig_34	90924	0.4149	22752	23102	-	22751	116	gspI	type II secretion system minor pseudopilin GspI	no	gspI	en_familia	23	1.0000	core	core	no	no	no
bin_4_52	bin-4-52	bin_4_52_01109	cds	contig_34	90924	0.4149	23470	24027	-	23469	185		Type II secretion system protein H	no	group_4256	en_familia	23	1.0000	core	core	no	no	no
bin_4_52	bin-4-52	bin_4_52_01110	cds	contig_34	90924	0.4149	24037	24651	-	24036	204		HTH tetR-type domain-containing protein	no	group_1489	en_familia	23	1.0000	core	core	no	no	no
bin_4_52	bin-4-52	bin_4_52_01111	cds	contig_34	90924	0.4149	24692	25465	-	24691	257	tatD	TatD family hydrolase	no	tatD	en_familia	23	1.0000	core	core	no	no	no
bin_4_52	bin-4-52	bin_4_52_01112	cds	contig_34	90924	0.4149	25492	25833	-	25491	113	pilZ	PilZ domain-containing protein	no	group_4089	en_familia	23	1.0000	core	core	no	no	no
bin_4_52	bin-4-52	bin_4_52_01113	cds	contig_34	90924	0.4149	25851	26834	-	25850	327		DNA-directed DNA polymerase	no	group_4895	en_familia	23	1.0000	core	core	no	no	no
bin_4_52	bin-4-52	bin_4_52_01114	cds	contig_34	90924	0.4149	26849	27610	-	26848	253	kdsB	3-deoxy-manno-octulosonate cytidylyltransferase	no	kdsB	en_familia	23	1.0000	core	core	no	no	no
bin_4_52	bin-4-52	bin_4_52_01115	cds	contig_34	90924	0.4149	27623	28627	-	27622	334	lpxK	tetraacyldisaccharide 4'-kinase	no	lpxK	en_familia	23	1.0000	core	core	no	no	no
bin_4_52	bin-4-52	bin_4_52_01116	cds	contig_34	90924	0.4149	28630	30357	-	28629	575	msbA	lipid A export permease/ATP-binding protein MsbA	no	msbA	en_familia	23	1.0000	core	core	no	no	no
bin_4_52	bin-4-52	bin_4_52_01117	cds	contig_34	90924	0.4149	30357	30779	-	30356	140	exbD	Biopolymer transporter ExbD	no	group_3809	en_familia	23	1.0000	core	core	no	no	no
bin_4_52	bin-4-52	bin_4_52_01118	cds	contig_34	90924	0.4149	30788	31426	-	30787	212		MotA/TolQ/ExbB proton channel domain-containing protein	no	group_4759	en_familia	23	1.0000	core	core	no	no	no
bin_4_52	bin-4-52	bin_4_52_01119	cds	contig_34	90924	0.4149	31456	32343	-	31455	295	parB	putative chromosome-partitioning protein ParB	no	group_4189	en_familia	23	1.0000	core	core	no	no	no
bin_4_52	bin-4-52	bin_4_52_01120	cds	contig_34	90924	0.4149	32340	33122	-	32339	260	parA	Sporulation initiation inhibitor protein Soj	no	parA	en_familia	23	1.0000	core	core	no	no	no
bin_4_52	bin-4-52	bin_4_52_01121	cds	contig_34	90924	0.4149	33148	33780	-	33147	210	rsmG	16S rRNA (guanine(527)-N(7))-methyltransferase RsmG	no	rsmG	en_familia	23	1.0000	core	core	no	no	no
bin_4_52	bin-4-52	bin_4_52_01122	cds	contig_34	90924	0.4149	33866	34555	-	33865	229	murU	N-acetylmuramate alpha-1-phosphate uridylyltransferase MurU	no	murU	en_familia	23	1.0000	core	core	no	no	no
bin_4_52	bin-4-52	bin_4_52_01123	cds	contig_34	90924	0.4149	34556	35569	-	34555	337		Aminoglycoside phosphotransferase domain-containing protein	no	group_5110	en_familia	23	1.0000	core	core	no	no	no
bin_4_52	bin-4-52	bin_4_52_01124	cds	contig_34	90924	0.4149	35682	38150	+	35681	822	lptC	LPS export ABC transporter periplasmic protein LptC	no	lptC~~~lptD	en_familia	23	1.0000	core	core	no	no	no
bin_4_52	bin-4-52	bin_4_52_01125	cds	contig_34	90924	0.4149	38150	39454	+	38149	434	surA	Chaperone SurA	no	surA	en_familia	23	1.0000	core	core	no	no	no
bin_4_52	bin-4-52	bin_4_52_01126	cds	contig_34	90924	0.4149	39570	40085	-	39569	171	hfq	RNA chaperone Hfq	no	hfq	en_familia	23	1.0000	core	core	no	no	no
bin_4_52	bin-4-52	bin_4_52_01127	cds	contig_34	90924	0.4149	40178	41122	-	40177	314	miaA	tRNA (adenosine(37)-N6)-dimethylallyltransferase MiaA	no	miaA	en_familia	23	1.0000	core	core	no	no	no
bin_4_52	bin-4-52	bin_4_52_01128	cds	contig_34	90924	0.4149	41129	43120	-	41128	663	mutL	DNA mismatch repair endonuclease MutL	no	mutL	en_familia	23	1.0000	core	core	no	no	no
bin_4_52	bin-4-52	bin_4_52_01129	cds	contig_34	90924	0.4149	43110	43661	-	43109	183	tsaE	tRNA (adenosine(37)-N6)-threonylcarbamoyltransferase complex ATPase subunit type 1 TsaE	no	tsaE	en_familia	23	1.0000	core	core	no	no	no
bin_4_52	bin-4-52	bin_4_52_01130	cds	contig_34	90924	0.4149	43717	44619	+	43716	300		Pseudouridine synthase RsuA/RluA-like domain-containing protein	no	group_4733	en_familia	23	1.0000	core	core	no	no	no
bin_4_52	bin-4-52	bin_4_52_01131	cds	contig_34	90924	0.4149	44734	45078	+	44733	114		RelB/DinJ family addiction module antitoxin	no	group_4360	en_familia	23	1.0000	core	core	no	no	no
bin_4_52	bin-4-52	bin_4_52_01132	cds	contig_34	90924	0.4149	45172	45615	+	45171	147		N-acetyltransferase domain-containing protein	no	group_1963	en_familia	23	1.0000	core	core	no	no	no
bin_4_52	bin-4-52	bin_4_52_01133	cds	contig_34	90924	0.4149	45626	46333	-	44591	235		Pseudouridine synthase	no	group_4359	en_familia	23	1.0000	core	core	no	no	no
bin_4_52	bin-4-52	bin_4_52_01134	cds	contig_34	90924	0.4149	46474	46926	+	43998	150		UPF0756 membrane protein F897_02445	no	group_4730	en_familia	23	1.0000	core	core	no	no	no
bin_4_52	bin-4-52	bin_4_52_01135	cds	contig_34	90924	0.4149	47284	48999	-	41925	571		AAA+ ATPase domain-containing protein	no	group_3766	en_familia	23	1.0000	core	core	no	no	no
bin_4_52	bin-4-52	bin_4_52_01136	cds	contig_34	90924	0.4149	49053	51098	-	39826	681		DUF2357 domain-containing protein	no	group_4729	en_familia	23	1.0000	core	core	no	no	no
bin_4_52	bin-4-52	bin_4_52_01137	cds	contig_34	90924	0.4149	51248	52015	-	38909	255		Phospholipid/glycerol acyltransferase domain-containing protein	no	group_3767	en_familia	23	1.0000	core	core	no	no	no
bin_4_52	bin-4-52	bin_4_52_01138	cds	contig_34	90924	0.4149	52031	53143	-	37781	370		beta-ketoacyl-ACP synthase III	no	group_645	en_familia	23	1.0000	core	core	no	no	no
bin_4_52	bin-4-52	bin_4_52_01139	cds	contig_34	90924	0.4149	53174	57031	-	33893	1285	hrpA	ATP-dependent RNA helicase HrpA	no	hrpA	en_familia	23	1.0000	core	core	no	no	no
bin_4_52	bin-4-52	bin_4_52_01140	cds	contig_34	90924	0.4149	57711	58274	+	32650	187	ahpC	alkyl hydroperoxide reductase subunit C	no	group_4982	en_familia	23	1.0000	core	core	no	no	no
bin_4_52	bin-4-52	bin_4_52_01141	cds	contig_34	90924	0.4149	58340	59431	-	31493	363		Zinc-ribbon domain-containing protein	no	group_4977	en_familia	23	1.0000	core	core	no	no	no
bin_4_52	bin-4-52	bin_4_52_01142	cds	contig_34	90924	0.4149	59743	59949	+	30975	68		KTSC domain-containing protein	no	group_4270	en_familia	23	1.0000	core	core	no	no	no
bin_4_52	bin-4-52	bin_4_52_01143	cds	contig_34	90924	0.4149	59973	60563	-	30361	196		Methyltransferase domain-containing protein	no	group_4978	en_familia	23	1.0000	core	core	no	no	no
bin_4_52	bin-4-52	bin_4_52_01144	cds	contig_34	90924	0.4149	60591	60809	-	30115	72		DUF1653 domain-containing protein	no	group_5204	en_familia	23	1.0000	core	core	no	no	no
bin_4_52	bin-4-52	bin_4_52_01145	cds	contig_34	90924	0.4149	61045	62610	+	28314	521	ahpF	alkyl hydroperoxide reductase subunit F	no	group_5197	en_familia	19	0.8261	shell	shell	si	no	no
bin_4_52	bin-4-52	bin_4_52_01146	cds	contig_34	90924	0.4149	62910	63158	+	27766	82		Zinc ribbon domain-containing protein	no	group_4964	en_familia	23	1.0000	core	core	no	no	no
bin_4_52	bin-4-52	bin_4_52_01147	cds	contig_34	90924	0.4149	63333	63524	+	27400	63		Transposase	no	group_4239	en_familia	23	1.0000	core	core	no	no	no
bin_4_52	bin-4-52	bin_4_52_01148	cds	contig_34	90924	0.4149	63530	64168	-	26756	212		Threonine efflux protein	no	group_4282	en_familia	23	1.0000	core	core	no	no	no
bin_4_52	bin-4-52	bin_4_52_01149	cds	contig_34	90924	0.4149	64301	64867	-	26057	188	fxsA	FxsA protein	no	fxsA	en_familia	23	1.0000	core	core	no	no	no
bin_4_52	bin-4-52	bin_4_52_01150	cds	contig_34	90924	0.4149	64988	65530	+	25394	180	ruvC	crossover junction endodeoxyribonuclease RuvC	no	ruvC	en_familia	23	1.0000	core	core	no	no	no
bin_4_52	bin-4-52	bin_4_52_01151	cds	contig_34	90924	0.4149	65527	65817	-	25107	96		acylphosphatase	no	group_4864	en_familia	23	1.0000	core	core	no	no	no
bin_4_52	bin-4-52	bin_4_52_01152	cds	contig_34	90924	0.4149	65825	67297	-	23627	490		ADP-dependent (S)-NAD(P)H-hydrate dehydratase	no	group_4028	en_familia	23	1.0000	core	core	no	no	no
bin_4_52	bin-4-52	bin_4_52_01153	cds	contig_34	90924	0.4149	67321	68415	+	22509	364	queG	tRNA epoxyqueuosine(34) reductase QueG	no	queG	en_familia	23	1.0000	core	core	no	no	no
bin_4_52	bin-4-52	bin_4_52_01154	cds	contig_34	90924	0.4149	68522	68731	+	22193	69		Lana protein	no	group_4029	en_familia	23	1.0000	core	core	no	no	no
bin_4_52	bin-4-52	bin_4_52_01155	cds	contig_34	90924	0.4149	68890	69129	-	21795	79		DUF5615 domain-containing protein	no	group_4677	en_familia	23	1.0000	core	core	no	no	no
bin_4_52	bin-4-52	bin_4_52_01156	cds	contig_34	90924	0.4149	69624	71135	-	19789	503		Acetaldehyde dehydrogenase 2	no	group_4778	en_familia	10	0.4348	shell	shell	si	no	no
bin_4_52	bin-4-52	bin_4_52_01157	cds	contig_34	90924	0.4149	71342	72523	+	18401	393		OmpR/PhoB-type domain-containing protein	no	group_3842	en_familia	10	0.4348	shell	shell	si	no	no
bin_4_52	bin-4-52	bin_4_52_01158	cds	contig_34	90924	0.4149	72964	74136	-	16788	390		Iron-containing alcohol dehydrogenase	no	group_562	en_familia	10	0.4348	shell	shell	si	no	no
bin_4_52	bin-4-52	bin_4_52_01160	cds	contig_34	90924	0.4149	74536	75804	+	15120	422		Tyr recombinase domain-containing protein	no		no_en_pangenoma			no_en_pangenoma	no_en_pangenoma			no
bin_4_52	bin-4-52	bin_4_52_01161	cds	contig_34	90924	0.4149	76611	77222	+	13702	203		WYL domain-containing protein	no		no_en_pangenoma			no_en_pangenoma	no_en_pangenoma			no
bin_4_52	bin-4-52	bin_4_52_01162	cds	contig_34	90924	0.4149	77386	79026	+	11898	546		Dynamin N-terminal domain-containing protein	no		no_en_pangenoma			no_en_pangenoma	no_en_pangenoma			no
bin_4_52	bin-4-52	bin_4_52_01163	cds	contig_34	90924	0.4149	79117	80766	+	10158	549		Dynamin N-terminal domain-containing protein	no		no_en_pangenoma			no_en_pangenoma	no_en_pangenoma			no
bin_4_52	bin-4-52	bin_4_52_01164	cds	contig_34	90924	0.4149	80877	81281	-	9643	134	vapC	Ribonuclease VapC	no		no_en_pangenoma			no_en_pangenoma	no_en_pangenoma			no
bin_4_52	bin-4-52	bin_4_52_01165	cds	contig_34	90924	0.4149	81282	81509	-	9415	75		AbrB/MazE/SpoVT family DNA-binding domain-containing protein	no		no_en_pangenoma			no_en_pangenoma	no_en_pangenoma			no
bin_4_52	bin-4-52	bin_4_52_01166	cds	contig_34	90924	0.4149	81690	84896	-	6028	1068		hypothetical protein	no		no_en_pangenoma			no_en_pangenoma	no_en_pangenoma			no
bin_4_52	bin-4-52	bin_4_52_01167	cds	contig_34	90924	0.4149	85076	87172	+	3752	698		Dynamin N-terminal domain-containing protein	no		no_en_pangenoma			no_en_pangenoma	no_en_pangenoma			no
bin_4_52	bin-4-52	bin_4_52_01168	cds	contig_34	90924	0.4149	87236	87517	+	3407	93		hypothetical protein	no		no_en_pangenoma			no_en_pangenoma	no_en_pangenoma			no
bin_4_52	bin-4-52	bin_4_52_01169	cds	contig_34	90924	0.4149	87627	88934	+	1990	435		AAA+ ATPase domain-containing protein	no		no_en_pangenoma			no_en_pangenoma	no_en_pangenoma			no
bin_4_52	bin-4-52	bin_4_52_01170	cds	contig_34	90924	0.4149	88982	89569	+	1355	195		hypothetical protein	no		no_en_pangenoma			no_en_pangenoma	no_en_pangenoma			no
bin_4_52	bin-4-52	bin_4_52_01171	cds	contig_34	90924	0.4149	89584	90801	+	123	405		VWFA domain-containing protein	no		no_en_pangenoma			no_en_pangenoma	no_en_pangenoma			no
bin_4_52	bin-4-52	bin_4_52_01172	cds	contig_35	3872	0.3574	175	693	+	174	172		hypothetical protein	no	group_6170	en_familia	2	0.0870	cloud	cloud	si	si	no
bin_4_52	bin-4-52	bin_4_52_01173	cds	contig_35	3872	0.3574	764	1057	+	763	97	tnp	IS3 family transposase ORF A	no	group_3458	en_familia	1	0.0435	cloud	cloud	si	si	no
bin_4_52	bin-4-52	bin_4_52_01174	cds	contig_35	3872	0.3574	1066	1923	+	1065	285	tnp	IS3 family transposase ORF B	no	group_1062	en_familia	1	0.0435	cloud	cloud	si	si	no
bin_4_52	bin-4-52	bin_4_52_01175	cds	contig_35	3872	0.3574	2112	2882	+	990	256		(pseudo) SAVED domain-containing protein	si	group_6170	en_familia	2	0.0870	cloud	cloud	si	si	no
bin_4_52	bin-4-52	bin_4_52_01176	cds	contig_35	3872	0.3574	3029	3355	-	517	108		Adenosine deaminase domain-containing protein	no	group_6171	en_familia	2	0.0870	cloud	cloud	si	si	no
bin_4_52	bin-4-52	bin_4_52_01177	cds	contig_36	9285	0.3696	26	331	+	25	101	tnp	IS3 family ISAba14 transposase ORF A	no	group_6342	en_familia	8	0.3478	shell	shell	si	no	no
bin_4_52	bin-4-52	bin_4_52_01178	cds	contig_36	9285	0.3696	442	1158	+	441	238	tnp	IS3 family transposase	no	group_6343	en_familia	7	0.3043	shell	shell	si	no	no
bin_4_52	bin-4-52	bin_4_52_01179	cds	contig_36	9285	0.3696	1206	1463	+	1205	85		hypothetical protein	no		no_en_pangenoma			no_en_pangenoma	no_en_pangenoma			no
bin_4_52	bin-4-52	bin_4_52_01180	cds	contig_36	9285	0.3696	1497	2159	+	1496	220		Apea-like HEPN domain-containing protein	no		no_en_pangenoma			no_en_pangenoma	no_en_pangenoma			no
bin_4_52	bin-4-52	bin_4_52_01181	cds	contig_36	9285	0.3696	2526	3224	-	2525	232	tnpC	IS66 family transposase	no		no_en_pangenoma			no_en_pangenoma	no_en_pangenoma			no
bin_4_52	bin-4-52	bin_4_52_01182	cds	contig_36	9285	0.3696	3281	3784	-	3280	167		GreA/GreB family elongation factor	no		no_en_pangenoma			no_en_pangenoma	no_en_pangenoma			no
bin_4_52	bin-4-52	bin_4_52_01183	cds	contig_36	9285	0.3696	3777	4358	-	3776	193		AAA family ATPase	no		no_en_pangenoma			no_en_pangenoma	no_en_pangenoma			no
bin_4_52	bin-4-52	bin_4_52_01184	cds	contig_36	9285	0.3696	4355	6178	-	3107	607		hypothetical protein	no		no_en_pangenoma			no_en_pangenoma	no_en_pangenoma			no
bin_4_52	bin-4-52	bin_4_52_01185	cds	contig_36	9285	0.3696	6242	7108	+	2177	288		WYL domain-containing protein	no		no_en_pangenoma			no_en_pangenoma	no_en_pangenoma			no
bin_4_52	bin-4-52	bin_4_52_01186	cds	contig_36	9285	0.3696	7115	8113	+	1172	332		SIS domain-containing protein	no		no_en_pangenoma			no_en_pangenoma	no_en_pangenoma			no
bin_4_52	bin-4-52	bin_4_52_01187	cds	contig_36	9285	0.3696	8227	8814	-	471	195		Anaerobic ribonucleoside-triphosphate reductase-activating protein	no		no_en_pangenoma			no_en_pangenoma	no_en_pangenoma			no
bin_4_52	bin-4-52	bin_4_52_01188	cds	contig_36	9285	0.3696	8841	9194	-	91	117		hypothetical protein	no		no_en_pangenoma			no_en_pangenoma	no_en_pangenoma			no
bin_4_52	bin-4-52	bin_4_52_01189	cds	contig_37	14143	0.3723	126	575	+	125	149		hypothetical protein	no	group_4150	en_familia	2	0.0870	cloud	cloud	si	si	no
bin_4_52	bin-4-52	bin_4_52_01190	cds	contig_37	14143	0.3723	822	1697	+	821	291		hypothetical protein	no	group_1031	en_familia	2	0.0870	cloud	cloud	si	si	no
bin_4_52	bin-4-52	bin_4_52_01191	cds	contig_37	14143	0.3723	1835	1978	+	1834	47		Rubredoxin-like domain-containing protein	no	group_4276	en_familia	20	0.8696	shell	shell	si	no	no
bin_4_52	bin-4-52	bin_4_52_01192	cds	contig_37	14143	0.3723	2104	2682	+	2103	192		DUF4126 domain-containing protein	no	group_4580	en_familia	23	1.0000	core	core	no	no	no
bin_4_52	bin-4-52	bin_4_52_01193	cds	contig_37	14143	0.3723	2870	3082	+	2869	70		hypothetical protein	no	group_3483	en_familia	23	1.0000	core	core	no	no	no
bin_4_52	bin-4-52	bin_4_52_01194	cds	contig_37	14143	0.3723	3228	3926	+	3227	232		VCBS repeat-containing protein	no	group_4579	en_familia	23	1.0000	core	core	no	no	no
bin_4_52	bin-4-52	bin_4_52_01195	cds	contig_37	14143	0.3723	4056	4313	+	4055	85		hypothetical protein	no	group_3482	en_familia	23	1.0000	core	core	no	no	no
bin_4_52	bin-4-52	bin_4_52_01196	cds	contig_37	14143	0.3723	4838	5077	+	4837	79		DUF6868 domain-containing protein	no	group_4214	en_familia	23	1.0000	core	core	no	no	no
bin_4_52	bin-4-52	bin_4_52_01197	cds	contig_37	14143	0.3723	5218	5931	+	5217	237		SIMPL domain-containing protein	no	group_4953	en_familia	23	1.0000	core	core	no	no	no
bin_4_52	bin-4-52	bin_4_52_01198	cds	contig_37	14143	0.3723	6097	6762	+	6096	221		Pseudouridine synthase RsuA/RluA-like domain-containing protein	no	group_4215	en_familia	23	1.0000	core	core	no	no	no
bin_4_52	bin-4-52	bin_4_52_01199	cds	contig_37	14143	0.3723	7360	8295	+	5848	311		DUF4041 domain-containing protein	no	group_4379	en_familia	23	1.0000	core	core	no	no	no
bin_4_52	bin-4-52	bin_4_52_01200	cds	contig_37	14143	0.3723	8535	8918	+	5225	127		Regulator of ribonuclease activity B domain-containing protein	no	group_2131	en_familia	22	0.9565	core	core	no	no	no
bin_4_52	bin-4-52	bin_4_52_01201	cds	contig_37	14143	0.3723	9147	9485	+	4658	112	phnA	Alkylphosphonate utilization operon protein PhnA	no	phnA	en_familia	22	0.9565	core	core	no	no	no
bin_4_52	bin-4-52	bin_4_52_01202	cds	contig_37	14143	0.3723	9683	9988	+	4155	101		5-carboxymethyl-2-hydroxymuconate isomerase	no	group_4403	en_familia	21	0.9130	shell	core	si	no	no
bin_4_52	bin-4-52	bin_4_52_01203	cds	contig_37	14143	0.3723	10315	10764	+	3379	149		SnoaL-like domain-containing protein	no	group_4197	en_familia	22	0.9565	core	core	no	no	no
bin_4_52	bin-4-52	bin_4_52_01204	cds	contig_37	14143	0.3723	10897	11667	-	2476	256		hydroxymethylpyrimidine kinase	no	group_1182	en_familia	23	1.0000	core	core	no	no	no
bin_4_52	bin-4-52	bin_4_52_01205	cds	contig_37	14143	0.3723	11761	12411	+	1732	216		HAD hydrolase, family IA	no	group_4196	en_familia	23	1.0000	core	core	no	no	no
bin_4_52	bin-4-52	bin_4_52_01206	cds	contig_38	49703	0.4232	86	5350	+	85	1754		BapA/Bap/LapF family large adhesin	no	bapA	en_familia	7	0.3043	shell	shell	si	no	no
bin_4_52	bin-4-52	bin_4_52_01207	cds	contig_38	49703	0.4232	5420	5830	+	5419	136		hypothetical protein	no	group_3866	en_familia	10	0.4348	shell	shell	si	no	no
bin_4_52	bin-4-52	bin_4_52_01208	cds	contig_38	49703	0.4232	6007	7428	+	6006	473	cysS	cysteine--tRNA ligase	no	cysS	en_familia	23	1.0000	core	core	no	no	no
bin_4_52	bin-4-52	bin_4_52_01210	cds	contig_38	49703	0.4232	7845	8822	+	7844	325		Arabinose 5-phosphate isomerase	no	group_3865	en_familia	23	1.0000	core	core	no	no	no
bin_4_52	bin-4-52	bin_4_52_01211	cds	contig_38	49703	0.4232	8826	9365	+	8825	179	kdsC	3-deoxy-D-manno-octulosonate 8-phosphate phosphatase KdsC	no	kdsC	en_familia	23	1.0000	core	core	no	no	no
bin_4_52	bin-4-52	bin_4_52_01212	cds	contig_38	49703	0.4232	9399	9947	+	9398	182	lptC	LPS export ABC transporter periplasmic protein LptC	no	lptC	en_familia	23	1.0000	core	core	no	no	no
bin_4_52	bin-4-52	bin_4_52_01213	cds	contig_38	49703	0.4232	9931	10497	+	9930	188	lptA	lipopolysaccharide transport periplasmic protein LptA	no	lptA	en_familia	23	1.0000	core	core	no	no	no
bin_4_52	bin-4-52	bin_4_52_01214	cds	contig_38	49703	0.4232	10497	11237	+	10496	246	lptB	LPS export ABC transporter ATP-binding protein	no	lptB	en_familia	23	1.0000	core	core	no	no	no
bin_4_52	bin-4-52	bin_4_52_01215	cds	contig_38	49703	0.4232	11378	12925	+	11377	515		RND transporter	no	group_4948	en_familia	23	1.0000	core	core	no	no	no
bin_4_52	bin-4-52	bin_4_52_01216	cds	contig_38	49703	0.4232	12922	15060	+	12921	712		Type I secretion system ATPase	no	group_3987	en_familia	23	1.0000	core	core	no	no	no
bin_4_52	bin-4-52	bin_4_52_01217	cds	contig_38	49703	0.4232	15057	16244	+	15056	395		Membrane fusion protein biotin-lipoyl like domain-containing protein	no	group_542	en_familia	23	1.0000	core	core	no	no	no
bin_4_52	bin-4-52	bin_4_52_01218	cds	contig_38	49703	0.4232	16352	16951	+	16351	199		Impact N-terminal domain-containing protein	no	group_3986	en_familia	23	1.0000	core	core	no	no	no
bin_4_52	bin-4-52	bin_4_52_01219	cds	contig_38	49703	0.4232	16944	17564	+	16943	206		Acyltransferase	no	group_1472	en_familia	23	1.0000	core	core	no	no	no
bin_4_52	bin-4-52	bin_4_52_01220	cds	contig_38	49703	0.4232	17752	18594	+	17751	280	uspA	UspA domain-containing protein	no	uspA	en_familia	23	1.0000	core	core	no	no	no
bin_4_52	bin-4-52	bin_4_52_01221	cds	contig_38	49703	0.4232	18796	19461	-	18795	221		O-methyltransferase	no	group_1380	en_familia	23	1.0000	core	core	no	no	no
bin_4_52	bin-4-52	bin_4_52_01222	cds	contig_38	49703	0.4232	19594	20307	-	19593	237		Peptidase M15A C-terminal domain-containing protein	no	group_1297	en_familia	23	1.0000	core	core	no	no	no
bin_4_52	bin-4-52	bin_4_52_01223	cds	contig_38	49703	0.4232	20447	20770	-	20446	107	fdxA	ferredoxin FdxA	no	fdxA	en_familia	23	1.0000	core	core	no	no	no
bin_4_52	bin-4-52	bin_4_52_01224	cds	contig_38	49703	0.4232	20973	23606	-	20972	877	mutS	DNA mismatch repair protein MutS	no	mutS	en_familia	23	1.0000	core	core	no	no	no
bin_4_52	bin-4-52	bin_4_52_01225	cds	contig_38	49703	0.4232	23841	24659	-	23840	272		diguanylate cyclase	no	group_4711	en_familia	23	1.0000	core	core	no	no	no
bin_4_52	bin-4-52	bin_4_52_01226	cds	contig_38	49703	0.4232	24656	25081	-	24622	141		hypothetical protein	no	group_4711	en_familia	23	1.0000	core	core	no	no	no
bin_4_52	bin-4-52	bin_4_52_01227	cds	contig_38	49703	0.4232	25378	27396	-	22307	672		DUF676 domain-containing protein	no	group_4525	en_familia	23	1.0000	core	core	no	no	no
bin_4_52	bin-4-52	bin_4_52_01228	cds	contig_38	49703	0.4232	27515	28423	-	21280	302		ABUW_2363 family tetratricopeptide repeat lipoprotein	no	group_3363	en_familia	23	1.0000	core	core	no	no	no
bin_4_52	bin-4-52	bin_4_52_01229	cds	contig_38	49703	0.4232	28529	29338	-	20365	269	cysE	serine O-acetyltransferase	no	cysE	en_familia	23	1.0000	core	core	no	no	no
bin_4_52	bin-4-52	bin_4_52_01230	cds	contig_38	49703	0.4232	29338	30186	-	19517	282	trmJ	tRNA (cytidine/uridine-2'-O-)-methyltransferase TrmJ	no	trmJ	en_familia	23	1.0000	core	core	no	no	no
bin_4_52	bin-4-52	bin_4_52_01231	cds	contig_38	49703	0.4232	30222	33794	-	15909	1190	dnaE	DNA polymerase III subunit alpha	no	dnaE	en_familia	23	1.0000	core	core	no	no	no
bin_4_52	bin-4-52	bin_4_52_01232	cds	contig_38	49703	0.4232	34454	35149	-	14554	231		ABC transporter permease	no	group_3701	en_familia	23	1.0000	core	core	no	no	no
bin_4_52	bin-4-52	bin_4_52_01233	cds	contig_38	49703	0.4232	35146	36171	-	13532	341	metN	Methionine import ATP-binding protein MetN 2	no	metN	en_familia	23	1.0000	core	core	no	no	no
bin_4_52	bin-4-52	bin_4_52_01234	cds	contig_38	49703	0.4232	36245	37120	-	12583	291		NLPA lipoprotein	no	group_4065	en_familia	23	1.0000	core	core	no	no	no
bin_4_52	bin-4-52	bin_4_52_01235	cds	contig_38	49703	0.4232	37711	38265	-	11438	184		N-acetyltransferase domain-containing protein	no	group_4882	en_familia	17	0.7391	shell	shell	si	no	no
bin_4_52	bin-4-52	bin_4_52_01236	cds	contig_38	49703	0.4232	38358	39308	+	10395	316		DUF4062 domain-containing protein	no	group_889	en_familia	2	0.0870	cloud	cloud	si	si	no
bin_4_52	bin-4-52	bin_4_52_01237	cds	contig_38	49703	0.4232	39356	40639	-	9064	427		Phosphoribosylamine--glycine ligase	no	group_5028	en_familia	23	1.0000	core	core	no	no	no
bin_4_52	bin-4-52	bin_4_52_01238	cds	contig_38	49703	0.4232	40767	42341	-	7362	524	purH	bifunctional phosphoribosylaminoimidazolecarboxamide formyltransferase/IMP cyclohydrolase	no	purH	en_familia	23	1.0000	core	core	no	no	no
bin_4_52	bin-4-52	bin_4_52_01239	cds	contig_38	49703	0.4232	42436	42705	-	6998	89	fis	DNA-binding transcriptional regulator Fis	no	fis	en_familia	23	1.0000	core	core	no	no	no
bin_4_52	bin-4-52	bin_4_52_01240	cds	contig_38	49703	0.4232	43106	43984	-	5719	292		Zinc finger/thioredoxin putative domain-containing protein	no	group_3454	en_familia	23	1.0000	core	core	no	no	no
bin_4_52	bin-4-52	bin_4_52_01241	cds	contig_38	49703	0.4232	43999	44901	-	4802	300	prmA	50S ribosomal protein L11 methyltransferase	no	prmA	en_familia	23	1.0000	core	core	no	no	no
bin_4_52	bin-4-52	bin_4_52_01242	cds	contig_38	49703	0.4232	45036	45923	-	3780	295		Bile acid transporter	no	group_5016	en_familia	23	1.0000	core	core	no	no	no
bin_4_52	bin-4-52	bin_4_52_01243	cds	contig_38	49703	0.4232	46005	46895	-	2808	296		Bile acid transporter	no	group_4401	en_familia	23	1.0000	core	core	no	no	no
bin_4_52	bin-4-52	bin_4_52_01244	cds	contig_38	49703	0.4232	47022	47366	-	2337	114		Signal peptide-containing protein	no	group_2267	en_familia	23	1.0000	core	core	no	no	no
bin_4_52	bin-4-52	bin_4_52_01245	cds	contig_38	49703	0.4232	47632	49512	+	191	626	mnmG	tRNA uridine-5-carboxymethylaminomethyl(34) synthesis enzyme MnmG	no	mnmG	en_familia	23	1.0000	core	core	no	no	no
bin_4_52	bin-4-52	bin_4_52_01246	cds	contig_39	42683	0.4380	274	1893	-	273	539		ABC1 atypical kinase-like domain-containing protein	no	group_4767	en_familia	23	1.0000	core	core	no	no	no
bin_4_52	bin-4-52	bin_4_52_01247	cds	contig_39	42683	0.4380	1906	2583	-	1905	225	ubiJ	Ubiquinone biosynthesis accessory factor UbiJ	no	ubiJ	en_familia	23	1.0000	core	core	no	no	no
bin_4_52	bin-4-52	bin_4_52_01248	cds	contig_39	42683	0.4380	2595	3539	-	2594	314	ubiE	bifunctional demethylmenaquinone methyltransferase/2-methoxy-6-polyprenyl-1,4-benzoquinol methylase UbiE	no	ubiE	en_familia	23	1.0000	core	core	no	no	no
bin_4_52	bin-4-52	bin_4_52_01249	cds	contig_39	42683	0.4380	4023	4346	-	4022	107		Transposase	no	group_4112	en_familia	23	1.0000	core	core	no	no	no
bin_4_52	bin-4-52	bin_4_52_01250	cds	contig_39	42683	0.4380	4685	5389	-	4684	234		FFLEELY motif protein	no	group_1315	en_familia	23	1.0000	core	core	no	no	no
bin_4_52	bin-4-52	bin_4_52_01251	cds	contig_39	42683	0.4380	5597	7015	+	5596	472		Polyphosphate kinase-2-related domain-containing protein	no	group_325	en_familia	23	1.0000	core	core	no	no	no
bin_4_52	bin-4-52	bin_4_52_01252	cds	contig_39	42683	0.4380	7058	7561	-	7057	167		DUF697 domain-containing protein	no	group_1747	en_familia	23	1.0000	core	core	no	no	no
bin_4_52	bin-4-52	bin_4_52_01253	cds	contig_39	42683	0.4380	7738	11445	+	7737	1235	recC	RecBCD enzyme subunit RecC	no	recC	en_familia	23	1.0000	core	core	no	no	no
bin_4_52	bin-4-52	bin_4_52_01254	cds	contig_39	42683	0.4380	11446	15555	+	11445	1369	recB	RecBCD enzyme subunit RecB	no	recB	en_familia	23	1.0000	core	core	no	no	no
bin_4_52	bin-4-52	bin_4_52_01255	cds	contig_39	42683	0.4380	15627	17399	+	15626	590	recD	exodeoxyribonuclease V subunit alpha	no	recD	en_familia	23	1.0000	core	core	no	no	no
bin_4_52	bin-4-52	bin_4_52_01256	cds	contig_39	42683	0.4380	18314	18583	+	18313	89	rpsO	30S ribosomal protein S15	no	rpsO	en_familia	23	1.0000	core	core	no	no	no
bin_4_52	bin-4-52	bin_4_52_01257	cds	contig_39	42683	0.4380	18839	20932	+	18838	697	pnp	polyribonucleotide nucleotidyltransferase	no	pnp	en_familia	23	1.0000	core	core	no	no	no
bin_4_52	bin-4-52	bin_4_52_01258	cds	contig_39	42683	0.4380	21379	21606	-	21077	75		DUF465 domain-containing protein	no	group_2734	en_familia	23	1.0000	core	core	no	no	no
bin_4_52	bin-4-52	bin_4_52_01259	cds	contig_39	42683	0.4380	21725	22054	-	20629	109		HTH merR-type domain-containing protein	no	group_2325	en_familia	23	1.0000	core	core	no	no	no
bin_4_52	bin-4-52	bin_4_52_01260	cds	contig_39	42683	0.4380	22561	23022	-	19661	153		DUF2147 domain-containing protein	no	group_3517	en_familia	23	1.0000	core	core	no	no	no
bin_4_52	bin-4-52	bin_4_52_01261	cds	contig_39	42683	0.4380	23217	23681	-	19002	154		DUF2147 domain-containing protein	no	group_4149	en_familia	23	1.0000	core	core	no	no	no
bin_4_52	bin-4-52	bin_4_52_01262	cds	contig_39	42683	0.4380	24143	25018	-	17665	291	hslO	Hsp33 family molecular chaperone HslO	no	hslO	en_familia	23	1.0000	core	core	no	no	no
bin_4_52	bin-4-52	bin_4_52_01263	cds	contig_39	42683	0.4380	25069	26922	-	15761	617		RCK N-terminal domain-containing protein	no	group_3747	en_familia	23	1.0000	core	core	no	no	no
bin_4_52	bin-4-52	bin_4_52_01264	cds	contig_39	42683	0.4380	26964	29192	-	13491	742		primosomal protein N'	no	group_111	en_familia	23	1.0000	core	core	no	no	no
bin_4_52	bin-4-52	bin_4_52_01265	cds	contig_39	42683	0.4380	29337	30542	+	12141	401	gspF	type II secretion system inner membrane protein GspF	no	gspF	en_familia	23	1.0000	core	core	no	no	no
bin_4_52	bin-4-52	bin_4_52_01266	cds	contig_39	42683	0.4380	30628	31098	+	11585	156	gspG	type II secretion system major pseudopilin GspG	no	gspG	en_familia	23	1.0000	core	core	no	no	no
bin_4_52	bin-4-52	bin_4_52_01267	cds	contig_39	42683	0.4380	31383	31718	+	10965	111		Yip1 domain-containing protein	no	group_3833	en_familia	23	1.0000	core	core	no	no	no
bin_4_52	bin-4-52	bin_4_52_01268	cds	contig_39	42683	0.4380	31921	33483	-	9200	520	lnt	apolipoprotein N-acyltransferase	no	lnt	en_familia	23	1.0000	core	core	no	no	no
bin_4_52	bin-4-52	bin_4_52_01269	cds	contig_39	42683	0.4380	33480	34319	-	8364	279	corC	Magnesium and cobalt efflux protein CorC	no	corC	en_familia	23	1.0000	core	core	no	no	no
bin_4_52	bin-4-52	bin_4_52_01270	cds	contig_39	42683	0.4380	34521	34778	+	7905	85	tusA	sulfurtransferase TusA	no	tusA	en_familia	23	1.0000	core	core	no	no	no
bin_4_52	bin-4-52	bin_4_52_01271	cds	contig_39	42683	0.4380	35028	37667	+	5016	879		Gp5/Type VI secretion system Vgr protein OB-fold domain-containing protein	no	vgrG	en_familia	22	0.9565	core	core	no	no	no
bin_4_52	bin-4-52	bin_4_52_01272	cds	contig_39	42683	0.4380	37668	38582	+	4101	304		DUF4123 domain-containing protein	no	group_5084	en_familia	16	0.6957	shell	shell	si	no	no
bin_4_52	bin-4-52	bin_4_52_01273	cds	contig_39	42683	0.4380	38684	39130	+	3553	148		DUF3304 domain-containing protein	no	group_5246	en_familia	14	0.6087	shell	shell	si	no	no
bin_4_52	bin-4-52	bin_4_52_01274	cds	contig_39	42683	0.4380	39253	39708	+	2975	151		DUF3304 domain-containing protein	no	group_5380	en_familia	8	0.3478	shell	shell	si	no	no
bin_4_52	bin-4-52	bin_4_52_01275	cds	contig_39	42683	0.4380	39713	41416	+	1267	567		T6SS Phospholipase effector Tle1-like catalytic domain-containing protein	no	group_5378	en_familia	16	0.6957	shell	shell	si	no	no
bin_4_52	bin-4-52	bin_4_52_01276	cds	contig_39	42683	0.4380	42081	42641	-	42	186		4Fe-4S dicluster domain-containing protein	no	group_5124	en_familia	22	0.9565	core	core	no	no	no
bin_4_52	bin-4-52	bin_4_52_01277	cds	contig_40	63355	0.4263	8	304	+	7	98		hypothetical protein	no	group_4622	en_familia	3	0.1304	cloud	cloud	si	si	no
bin_4_52	bin-4-52	bin_4_52_01278	cds	contig_40	63355	0.4263	398	664	-	397	88		Helix-turn-helix domain-containing protein	no	group_3568	en_familia	3	0.1304	cloud	cloud	si	si	no
bin_4_52	bin-4-52	bin_4_52_01279	cds	contig_40	63355	0.4263	745	900	-	744	51		DUF2934 domain-containing protein	no	group_4397	en_familia	3	0.1304	cloud	cloud	si	si	no
bin_4_52	bin-4-52	bin_4_52_01280	cds	contig_40	63355	0.4263	897	1253	-	896	118		hypothetical protein	no	group_2230	en_familia	3	0.1304	cloud	cloud	si	si	no
bin_4_52	bin-4-52	bin_4_52_01281	cds	contig_40	63355	0.4263	1255	1530	-	1254	91		Phage tail assembly protein	no	group_2546	en_familia	2	0.0870	cloud	cloud	si	si	no
bin_4_52	bin-4-52	bin_4_52_01282	cds	contig_40	63355	0.4263	1523	2098	-	1522	191		Rubredoxin-like domain-containing protein	no	group_4430	en_familia	1	0.0435	cloud	cloud	si	si	no
bin_4_52	bin-4-52	bin_4_52_01283	cds	contig_40	63355	0.4263	2325	3221	-	2324	298		HTH iclR-type domain-containing protein	no	group_5552	en_familia	3	0.1304	cloud	cloud	si	si	no
bin_4_52	bin-4-52	bin_4_52_01284	cds	contig_40	63355	0.4263	3245	3469	-	3244	74		DNA binding HTH domain-containing protein	no	group_5656	en_familia	3	0.1304	cloud	cloud	si	si	no
bin_4_52	bin-4-52	bin_4_52_01285	cds	contig_40	63355	0.4263	3487	3819	-	3486	110		hypothetical protein	no	group_5654	en_familia	3	0.1304	cloud	cloud	si	si	no
bin_4_52	bin-4-52	bin_4_52_01286	cds	contig_40	63355	0.4263	3829	4533	-	3828	234		Essential recombination function protein	no	group_5659	en_familia	1	0.0435	cloud	cloud	si	si	no
bin_4_52	bin-4-52	bin_4_52_01287	cds	contig_40	63355	0.4263	4561	4947	-	4560	128		hypothetical protein	no	group_5695	en_familia	3	0.1304	cloud	cloud	si	si	no
bin_4_52	bin-4-52	bin_4_52_01288	cds	contig_40	63355	0.4263	4944	5117	-	4943	57		hypothetical protein	no	group_2928	en_familia	0	0.0000	exclusivo	exclusivo	no	no	si
bin_4_52	bin-4-52	bin_4_52_01289	cds	contig_40	63355	0.4263	5117	5356	-	5116	79		hypothetical protein	no	group_5696	en_familia	2	0.0870	cloud	cloud	si	si	no
bin_4_52	bin-4-52	bin_4_52_01290	cds	contig_40	63355	0.4263	5598	7358	-	5597	586		AAA family ATPase	no	group_203	en_familia	0	0.0000	exclusivo	exclusivo	no	no	si
bin_4_52	bin-4-52	bin_4_52_01291	cds	contig_40	63355	0.4263	7349	7579	-	7348	76		ABC-three component system middle component 6	no	group_2731	en_familia	0	0.0000	exclusivo	exclusivo	no	no	si
bin_4_52	bin-4-52	bin_4_52_01292	cds	contig_40	63355	0.4263	7567	8538	-	7566	323		SMEK domain-containing protein	no	group_857	en_familia	0	0.0000	exclusivo	exclusivo	no	no	si
bin_4_52	bin-4-52	bin_4_52_01293	cds	contig_40	63355	0.4263	8608	9303	-	8607	231		Peptidase S24	no	group_1334	en_familia	0	0.0000	exclusivo	exclusivo	no	no	si
bin_4_52	bin-4-52	bin_4_52_01294	cds	contig_40	63355	0.4263	9439	9657	+	9438	72		helix-turn-helix domain-containing protein	no	group_2779	en_familia	0	0.0000	exclusivo	exclusivo	no	no	si
bin_4_52	bin-4-52	bin_4_52_01295	cds	contig_40	63355	0.4263	9667	10023	+	9666	118		transcriptional regulator	no	group_2236	en_familia	0	0.0000	exclusivo	exclusivo	no	no	si
bin_4_52	bin-4-52	bin_4_52_01296	cds	contig_40	63355	0.4263	10082	10855	+	10081	257		phage antirepressor KilAC domain-containing protein	no	group_5407	en_familia	3	0.1304	cloud	cloud	si	si	no
bin_4_52	bin-4-52	bin_4_52_01297	cds	contig_40	63355	0.4263	10852	11019	+	10851	55		hypothetical protein	no	group_4997	en_familia	1	0.0435	cloud	cloud	si	si	no
bin_4_52	bin-4-52	bin_4_52_01298	cds	contig_40	63355	0.4263	11016	11960	+	11015	314		Helix-turn-helix domain-containing protein	no	group_4340	en_familia	3	0.1304	cloud	cloud	si	si	no
bin_4_52	bin-4-52	bin_4_52_01299	cds	contig_40	63355	0.4263	12019	12498	+	12018	159		hypothetical protein	no	group_1849	en_familia	3	0.1304	cloud	cloud	si	si	no
bin_4_52	bin-4-52	bin_4_52_01300	cds	contig_40	63355	0.4263	12495	12866	+	12494	123		Phage protein	no	group_2180	en_familia	1	0.0435	cloud	cloud	si	si	no
bin_4_52	bin-4-52	bin_4_52_01301	cds	contig_40	63355	0.4263	12863	13546	+	12862	227		Adenylosuccinate synthase	no	group_4386	en_familia	1	0.0435	cloud	cloud	si	si	no
bin_4_52	bin-4-52	bin_4_52_01302	cds	contig_40	63355	0.4263	13554	13931	+	13553	125		hypothetical protein	no	group_5510	en_familia	3	0.1304	cloud	cloud	si	si	no
bin_4_52	bin-4-52	bin_4_52_01303	cds	contig_40	63355	0.4263	13909	14640	+	13908	243		hypothetical protein	no	group_5502	en_familia	3	0.1304	cloud	cloud	si	si	no
bin_4_52	bin-4-52	bin_4_52_01304	cds	contig_40	63355	0.4263	14630	14824	+	14629	64		hypothetical protein	no	group_5494	en_familia	1	0.0435	cloud	cloud	si	si	no
bin_4_52	bin-4-52	bin_4_52_01305	cds	contig_40	63355	0.4263	14824	15018	+	14823	64		hypothetical protein	no	group_5493	en_familia	3	0.1304	cloud	cloud	si	si	no
bin_4_52	bin-4-52	bin_4_52_01306	cds	contig_40	63355	0.4263	15026	15451	+	15025	141		DUF1064 domain-containing protein	no	group_5477	en_familia	3	0.1304	cloud	cloud	si	si	no
bin_4_52	bin-4-52	bin_4_52_01307	cds	contig_40	63355	0.4263	15452	16129	+	15451	225		Serine/threonine specific protein phosphatases domain-containing protein	no	group_4367	en_familia	2	0.0870	cloud	cloud	si	si	no
bin_4_52	bin-4-52	bin_4_52_01308	cds	contig_40	63355	0.4263	16140	16661	+	16139	173		Transcriptional regulator	no	group_5436	en_familia	3	0.1304	cloud	cloud	si	si	no
bin_4_52	bin-4-52	bin_4_52_01309	cds	contig_40	63355	0.4263	16778	17809	-	16777	343		CHAT domain-containing protein	no	group_758	en_familia	0	0.0000	exclusivo	exclusivo	no	no	si
bin_4_52	bin-4-52	bin_4_52_01310	cds	contig_40	63355	0.4263	17992	18678	+	17991	228		HTH psq-type domain-containing protein	no	group_4719	en_familia	3	0.1304	cloud	cloud	si	si	no
bin_4_52	bin-4-52	bin_4_52_01311	cds	contig_40	63355	0.4263	18770	20437	+	18769	555		Terminase large subunit gp17-like C-terminal domain-containing protein	no	group_3740	en_familia	3	0.1304	cloud	cloud	si	si	no
bin_4_52	bin-4-52	bin_4_52_01312	cds	contig_40	63355	0.4263	20451	22748	+	20450	765		Portal protein	no	group_106	en_familia	3	0.1304	cloud	cloud	si	si	no
bin_4_52	bin-4-52	bin_4_52_01313	cds	contig_40	63355	0.4263	22814	23041	+	22813	75		hypothetical protein	no	group_5361	en_familia	3	0.1304	cloud	cloud	si	si	no
bin_4_52	bin-4-52	bin_4_52_01314	cds	contig_40	63355	0.4263	23044	23553	+	23043	169		hypothetical protein	no	group_5374	en_familia	1	0.0435	cloud	cloud	si	si	no
bin_4_52	bin-4-52	bin_4_52_01315	cds	contig_40	63355	0.4263	23632	23829	+	23631	65		hypothetical protein	no	group_5455	en_familia	3	0.1304	cloud	cloud	si	si	no
bin_4_52	bin-4-52	bin_4_52_01316	cds	contig_40	63355	0.4263	23847	24677	+	23846	276		hypothetical protein	no	group_4469	en_familia	1	0.0435	cloud	cloud	si	si	no
bin_4_52	bin-4-52	bin_4_52_01317	cds	contig_40	63355	0.4263	24662	25042	+	24661	126		hypothetical protein	no	group_5399	en_familia	3	0.1304	cloud	cloud	si	si	no
bin_4_52	bin-4-52	bin_4_52_01318	cds	contig_40	63355	0.4263	26477	26833	+	26476	118		DUF5615 domain-containing protein	no	group_2235	en_familia	1	0.0435	cloud	cloud	si	si	no
bin_4_52	bin-4-52	bin_4_52_01319	cds	contig_40	63355	0.4263	27026	28060	+	27025	344		Scaffolding protein	no	group_3924	en_familia	3	0.1304	cloud	cloud	si	si	no
bin_4_52	bin-4-52	bin_4_52_01320	cds	contig_40	63355	0.4263	28081	29373	+	28080	430		N4-gp56 family major capsid protein	no	group_418	en_familia	3	0.1304	cloud	cloud	si	si	no
bin_4_52	bin-4-52	bin_4_52_01321	cds	contig_40	63355	0.4263	29430	29906	+	29429	158		Head decoration protein	no	group_3925	en_familia	3	0.1304	cloud	cloud	si	si	no
bin_4_52	bin-4-52	bin_4_52_01322	cds	contig_40	63355	0.4263	29994	30863	+	29993	289		Ryanodine receptor Ryr domain-containing protein	no	group_4823	en_familia	3	0.1304	cloud	cloud	si	si	no
bin_4_52	bin-4-52	bin_4_52_01323	cds	contig_40	63355	0.4263	30866	31537	+	30865	223		structural protein	no	group_5142	en_familia	3	0.1304	cloud	cloud	si	si	no
bin_4_52	bin-4-52	bin_4_52_01324	cds	contig_40	63355	0.4263	31622	32029	+	31326	135		Bacteriophage protein	no	group_5266	en_familia	3	0.1304	cloud	cloud	si	si	no
bin_4_52	bin-4-52	bin_4_52_01325	cds	contig_40	63355	0.4263	32099	32473	+	30882	124		hypothetical protein	no	group_2169	en_familia	0	0.0000	exclusivo	exclusivo	no	no	si
bin_4_52	bin-4-52	bin_4_52_01326	cds	contig_40	63355	0.4263	32454	33683	+	29672	409		hypothetical protein	no	group_496	en_familia	0	0.0000	exclusivo	exclusivo	no	no	si
bin_4_52	bin-4-52	bin_4_52_01327	cds	contig_40	63355	0.4263	33673	34029	+	29326	118		carboxypeptidase regulatory-like domain-containing protein	no	group_2237	en_familia	0	0.0000	exclusivo	exclusivo	no	no	si
bin_4_52	bin-4-52	bin_4_52_01328	cds	contig_40	63355	0.4263	34031	36952	+	26403	973		hypothetical protein	no	group_58	en_familia	0	0.0000	exclusivo	exclusivo	no	no	si
bin_4_52	bin-4-52	bin_4_52_01329	cds	contig_40	63355	0.4263	36939	39503	+	23852	854		hypothetical protein	no	group_84	en_familia	0	0.0000	exclusivo	exclusivo	no	no	si
bin_4_52	bin-4-52	bin_4_52_01330	cds	contig_40	63355	0.4263	39512	40702	+	22653	396		hypothetical protein	no	group_5687	en_familia	2	0.0870	cloud	cloud	si	si	no
bin_4_52	bin-4-52	bin_4_52_01331	cds	contig_40	63355	0.4263	40730	41314	+	22041	194		Phage tail protein	no	group_5622	en_familia	2	0.0870	cloud	cloud	si	si	no
bin_4_52	bin-4-52	bin_4_52_01332	cds	contig_40	63355	0.4263	41364	42524	+	20831	386		hypothetical protein	no	group_595	en_familia	0	0.0000	exclusivo	exclusivo	no	no	si
bin_4_52	bin-4-52	bin_4_52_01333	cds	contig_40	63355	0.4263	42524	44434	+	18921	636	ligA	LigA	no	group_5404	en_familia	2	0.0870	cloud	cloud	si	si	no
bin_4_52	bin-4-52	bin_4_52_01334	cds	contig_40	63355	0.4263	44509	46545	+	16810	678		Phage tail lysozyme domain-containing protein	no	group_4143	en_familia	2	0.0870	cloud	cloud	si	si	no
bin_4_52	bin-4-52	bin_4_52_01335	cds	contig_40	63355	0.4263	46636	47517	-	15838	293		DUF805 domain-containing protein	no	group_1020	en_familia	1	0.0435	cloud	cloud	si	si	no
bin_4_52	bin-4-52	bin_4_52_01336	cds	contig_40	63355	0.4263	47708	57205	+	6150	3165		PLxRFG domain-containing protein	no	group_0	en_familia	1	0.0435	cloud	cloud	si	si	no
bin_4_52	bin-4-52	bin_4_52_01337	cds	contig_40	63355	0.4263	57258	57356	-	5999	32		hypothetical protein	no	group_3697	en_familia	2	0.0870	cloud	cloud	si	si	no
bin_4_52	bin-4-52	bin_4_52_01338	cds	contig_40	63355	0.4263	57471	57797	-	5558	108		DUF4212 domain-containing protein	no	group_4691	en_familia	2	0.0870	cloud	cloud	si	si	no
bin_4_52	bin-4-52	bin_4_52_01339	cds	contig_40	63355	0.4263	57902	58012	-	5343	36		hypothetical protein	no	group_3029	en_familia	1	0.0435	cloud	cloud	si	si	no
bin_4_52	bin-4-52	bin_4_52_01340	cds	contig_40	63355	0.4263	57999	58541	-	4814	180		AntA/AntB antirepressor domain-containing protein	no	group_1636	en_familia	1	0.0435	cloud	cloud	si	si	no
bin_4_52	bin-4-52	bin_4_52_01341	cds	contig_40	63355	0.4263	58699	59070	+	4285	123		Holin	no	group_5476	en_familia	3	0.1304	cloud	cloud	si	si	no
bin_4_52	bin-4-52	bin_4_52_01342	cds	contig_40	63355	0.4263	59067	59612	+	3743	181		glycoside hydrolase family 108 protein	no	group_1627	en_familia	1	0.0435	cloud	cloud	si	si	no
bin_4_52	bin-4-52	bin_4_52_01343	cds	contig_40	63355	0.4263	59613	60119	+	3236	168		DUF2514 domain-containing protein	no	group_5434	en_familia	3	0.1304	cloud	cloud	si	si	no
bin_4_52	bin-4-52	bin_4_52_01344	cds	contig_40	63355	0.4263	60154	60699	-	2656	181		hypothetical protein	no	group_1626	en_familia	1	0.0435	cloud	cloud	si	si	no
bin_4_52	bin-4-52	bin_4_52_01345	cds	contig_40	63355	0.4263	60807	61568	-	1787	253		hypothetical protein	no	group_4944	en_familia	2	0.0870	cloud	cloud	si	si	no
bin_4_52	bin-4-52	bin_4_52_01346	cds	contig_40	63355	0.4263	61574	61819	-	1536	81		ParB/Sulfiredoxin domain-containing protein	no	group_5070	en_familia	3	0.1304	cloud	cloud	si	si	no
bin_4_52	bin-4-52	bin_4_52_01347	cds	contig_40	63355	0.4263	61821	63038	-	317	405		Tyr recombinase domain-containing protein	no	group_4610	en_familia	3	0.1304	cloud	cloud	si	si	no
bin_4_52	bin-4-52	bin_4_52_01348	cds	contig_41	37336	0.4044	128	1585	+	127	485		TonB-dependent receptor domain-containing protein	no	group_4763	en_familia	23	1.0000	core	core	no	no	no
bin_4_52	bin-4-52	bin_4_52_01349	cds	contig_41	37336	0.4044	2053	3747	+	2052	564	leuA	2-isopropylmalate synthase	no	leuA	en_familia	23	1.0000	core	core	no	no	no
bin_4_52	bin-4-52	bin_4_52_01350	cds	contig_41	37336	0.4044	3860	5020	+	3859	386		homoserine O-acetyltransferase	no	group_585	en_familia	23	1.0000	core	core	no	no	no
bin_4_52	bin-4-52	bin_4_52_01351	cds	contig_41	37336	0.4044	5020	5613	+	5019	197	metW	methionine biosynthesis protein MetW	no	metW	en_familia	23	1.0000	core	core	no	no	no
bin_4_52	bin-4-52	bin_4_52_01352	cds	contig_41	37336	0.4044	5610	6200	+	5609	196		Sel1 repeat family protein	no	group_1536	en_familia	23	1.0000	core	core	no	no	no
bin_4_52	bin-4-52	bin_4_52_01353	cds	contig_41	37336	0.4044	6303	6929	+	6302	208	rdgB	RdgB/HAM1 family non-canonical purine NTP pyrophosphatase	no	rdgB	en_familia	23	1.0000	core	core	no	no	no
bin_4_52	bin-4-52	bin_4_52_01354	cds	contig_41	37336	0.4044	7032	7913	-	7031	293		Permease	no	group_4248	en_familia	23	1.0000	core	core	no	no	no
bin_4_52	bin-4-52	bin_4_52_01355	cds	contig_41	37336	0.4044	8028	8810	-	8027	260		NRDE family protein	no	group_4180	en_familia	23	1.0000	core	core	no	no	no
bin_4_52	bin-4-52	bin_4_52_01356	cds	contig_41	37336	0.4044	8905	9714	+	8904	269	lgt	prolipoprotein diacylglyceryl transferase	no	lgt	en_familia	23	1.0000	core	core	no	no	no
bin_4_52	bin-4-52	bin_4_52_01357	cds	contig_41	37336	0.4044	9810	10199	+	9809	129	eamA	EamA domain-containing protein	no	group_4179	en_familia	23	1.0000	core	core	no	no	no
bin_4_52	bin-4-52	bin_4_52_01358	cds	contig_41	37336	0.4044	10192	10566	+	10191	124		ATP synthase subunit I	no	group_4292	en_familia	23	1.0000	core	core	no	no	no
bin_4_52	bin-4-52	bin_4_52_01359	cds	contig_41	37336	0.4044	10600	11145	-	10599	181		Peptidase C51 domain-containing protein	no	group_1620	en_familia	23	1.0000	core	core	no	no	no
bin_4_52	bin-4-52	bin_4_52_01360	cds	contig_41	37336	0.4044	11564	12055	+	11563	163		Outer membrane lipoprotein Blc	no	group_4164	en_familia	23	1.0000	core	core	no	no	no
bin_4_52	bin-4-52	bin_4_52_01361	cds	contig_41	37336	0.4044	12448	13299	-	12447	283	thyA	thymidylate synthase	no	thyA	en_familia	5	0.2174	shell	shell	si	no	no
bin_4_52	bin-4-52	bin_4_52_01362	cds	contig_41	37336	0.4044	14150	15151	-	14149	333		TauD/TfdA-like domain-containing protein	no	group_809	en_familia	5	0.2174	shell	shell	si	no	no
bin_4_52	bin-4-52	bin_4_52_01363	cds	contig_41	37336	0.4044	15172	15918	-	15171	248		Class II aldolase/adducin N-terminal domain-containing protein	no	group_1231	en_familia	5	0.2174	shell	shell	si	no	no
bin_4_52	bin-4-52	bin_4_52_01364	cds	contig_41	37336	0.4044	15915	16922	-	15914	335		2-dehydropantoate 2-reductase	no	group_796	en_familia	5	0.2174	shell	shell	si	no	no
bin_4_52	bin-4-52	bin_4_52_01365	cds	contig_41	37336	0.4044	16964	17743	-	16963	259		ABC transporter domain-containing protein	no	group_1167	en_familia	5	0.2174	shell	shell	si	no	no
bin_4_52	bin-4-52	bin_4_52_01366	cds	contig_41	37336	0.4044	17740	19542	-	17739	600		ABC transporter domain-containing protein	no	group_189	en_familia	5	0.2174	shell	shell	si	no	no
bin_4_52	bin-4-52	bin_4_52_01367	cds	contig_41	37336	0.4044	19539	20576	-	16760	345		Branched-chain amino acid ABC transporter permease	no	group_748	en_familia	5	0.2174	shell	shell	si	no	no
bin_4_52	bin-4-52	bin_4_52_01368	cds	contig_41	37336	0.4044	20675	21817	-	15519	380		Leucine-binding protein domain-containing protein	no	group_611	en_familia	5	0.2174	shell	shell	si	no	no
bin_4_52	bin-4-52	bin_4_52_01369	cds	contig_41	37336	0.4044	21859	23127	-	14209	422		Porin	no	group_448	en_familia	5	0.2174	shell	shell	si	no	no
bin_4_52	bin-4-52	bin_4_52_01370	cds	contig_41	37336	0.4044	23474	24424	-	12912	316		p-hydroxyphenylacetate 3-hydroxylase reductase component	no	group_886	en_familia	5	0.2174	shell	shell	si	no	no
bin_4_52	bin-4-52	bin_4_52_01371	cds	contig_41	37336	0.4044	24459	25412	-	11924	317		Vanillate O-demethylase oxidoreductase	no	group_878	en_familia	5	0.2174	shell	shell	si	no	no
bin_4_52	bin-4-52	bin_4_52_01372	cds	contig_41	37336	0.4044	25432	26169	-	11167	245		3-oxoacyl-[acyl-carrier-protein] reductase	no	group_1251	en_familia	5	0.2174	shell	shell	si	no	no
bin_4_52	bin-4-52	bin_4_52_01373	cds	contig_41	37336	0.4044	26180	26665	-	10671	161		aromatic-ring-hydroxylating dioxygenase subunit beta	no	group_1819	en_familia	5	0.2174	shell	shell	si	no	no
bin_4_52	bin-4-52	bin_4_52_01374	cds	contig_41	37336	0.4044	26676	27953	-	9383	425		Rieske domain-containing protein	no	group_434	en_familia	5	0.2174	shell	shell	si	no	no
bin_4_52	bin-4-52	bin_4_52_01375	cds	contig_41	37336	0.4044	27982	28530	-	8806	182		SnoaL-like domain-containing protein	no	group_3400	en_familia	5	0.2174	shell	shell	si	no	no
bin_4_52	bin-4-52	bin_4_52_01376	cds	contig_41	37336	0.4044	28556	28915	-	8421	119	iacB	IacB protein	no	iacB	en_familia	5	0.2174	shell	shell	si	no	no
bin_4_52	bin-4-52	bin_4_52_01377	cds	contig_41	37336	0.4044	28968	30128	-	7208	386		acyl-CoA dehydrogenase family protein	no	group_587	en_familia	5	0.2174	shell	shell	si	no	no
bin_4_52	bin-4-52	bin_4_52_01378	cds	contig_41	37336	0.4044	30125	31258	-	6078	377		Amidase domain-containing protein	no	group_619	en_familia	5	0.2174	shell	shell	si	no	no
bin_4_52	bin-4-52	bin_4_52_01379	cds	contig_41	37336	0.4044	31401	31868	+	5468	155		HTH marR-type domain-containing protein	no	group_1886	en_familia	5	0.2174	shell	shell	si	no	no
bin_4_52	bin-4-52	bin_4_52_01380	cds	contig_41	37336	0.4044	31977	32876	-	4460	299		HTH lysR-type domain-containing protein	no	group_992	en_familia	5	0.2174	shell	shell	si	no	no
bin_4_52	bin-4-52	bin_4_52_01381	cds	contig_41	37336	0.4044	32990	34099	+	3237	369		Muconate cycloisomerase 1	no	group_657	en_familia	5	0.2174	shell	shell	si	no	no
bin_4_52	bin-4-52	bin_4_52_01382	cds	contig_41	37336	0.4044	34129	34419	+	2917	96	catC	muconolactone Delta-isomerase	no	group_3423	en_familia	5	0.2174	shell	shell	si	no	no
bin_4_52	bin-4-52	bin_4_52_01383	cds	contig_41	37336	0.4044	34550	35470	+	1866	306	catA	catechol 1,2-dioxygenase	no	catA	en_familia	5	0.2174	shell	shell	si	no	no
bin_4_52	bin-4-52	bin_4_52_01384	cds	contig_41	37336	0.4044	35608	36276	+	1060	222		3-oxoadipate CoA-transferase subunit A	no	group_4501	en_familia	5	0.2174	shell	shell	si	no	no
bin_4_52	bin-4-52	bin_4_52_01385	cds	contig_41	37336	0.4044	36296	36949	+	387	217		3-oxoacid CoA-transferase subunit B	no	group_3291	en_familia	5	0.2174	shell	shell	si	no	no
bin_4_52	bin-4-52	bin_4_52_01386	cds	contig_41	37336	0.4044	37027	37245	+	91	72		hypothetical protein	no	group_4842	en_familia	9	0.3913	shell	shell	si	no	no
bin_4_52	bin-4-52	bin_4_52_01387	cds	contig_42	9729	0.4137	53	922	-	52	289	tnp	IS5 family transposase	no	group_5415	en_familia	7	0.3043	shell	shell	si	no	no
bin_4_52	bin-4-52	bin_4_52_01388	cds	contig_42	9729	0.4137	1404	2498	+	1403	364		Major facilitator superfamily (MFS) profile domain-containing protein	no	group_3846	en_familia	22	0.9565	core	core	no	no	no
bin_4_52	bin-4-52	bin_4_52_01389	cds	contig_42	9729	0.4137	2518	4008	-	2517	496		Amidase domain-containing protein	no	group_4782	en_familia	23	1.0000	core	core	no	no	no
bin_4_52	bin-4-52	bin_4_52_01390	cds	contig_42	9729	0.4137	4045	5472	-	4044	475		diguanylate cyclase	no	group_317	en_familia	23	1.0000	core	core	no	no	no
bin_4_52	bin-4-52	bin_4_52_01391	cds	contig_42	9729	0.4137	5775	6227	+	3502	150		hypothetical protein	no	group_1934	en_familia	23	1.0000	core	core	no	no	no
bin_4_52	bin-4-52	bin_4_52_01392	cds	contig_42	9729	0.4137	6296	7660	-	2069	454	accC	acetyl-CoA carboxylase biotin carboxylase subunit	no	accC	en_familia	23	1.0000	core	core	no	no	no
bin_4_52	bin-4-52	bin_4_52_01393	cds	contig_42	9729	0.4137	7682	8098	-	1631	138	accB	acetyl-CoA carboxylase biotin carboxyl carrier protein	no	accB	en_familia	23	1.0000	core	core	no	no	no
bin_4_52	bin-4-52	bin_4_52_01394	cds	contig_42	9729	0.4137	8115	8570	-	1159	151	aroQ	type II 3-dehydroquinate dehydratase	no	aroQ	en_familia	23	1.0000	core	core	no	no	no
bin_4_52	bin-4-52	bin_4_52_01395	cds	contig_43	16107	0.4149	195	2129	-	194	644	abc-f	ribosomal protection-like ABC-F family protein	no	group_5045	en_familia	23	1.0000	core	core	no	no	no
bin_4_52	bin-4-52	bin_4_52_01396	cds	contig_43	16107	0.4149	2360	3364	+	2359	334		RND transporter	no	group_3778	en_familia	23	1.0000	core	core	no	no	no
bin_4_52	bin-4-52	bin_4_52_01397	cds	contig_43	16107	0.4149	3619	4629	+	3618	336		RND transporter	no	group_791	en_familia	23	1.0000	core	core	no	no	no
bin_4_52	bin-4-52	bin_4_52_01398	cds	contig_43	16107	0.4149	4817	5830	+	4816	337		RND type efflux pump	no	group_3434	en_familia	23	1.0000	core	core	no	no	no
bin_4_52	bin-4-52	bin_4_52_01399	cds	contig_43	16107	0.4149	5947	6282	+	5946	111	erpA	iron-sulfur cluster insertion protein ErpA	no	erpA	en_familia	23	1.0000	core	core	no	no	no
bin_4_52	bin-4-52	bin_4_52_01400	cds	contig_43	16107	0.4149	6358	6723	-	6357	121		Phosphatase	no	group_4128	en_familia	23	1.0000	core	core	no	no	no
bin_4_52	bin-4-52	bin_4_52_01401	cds	contig_43	16107	0.4149	6840	7754	-	6839	304		Peptidase metallopeptidase domain-containing protein	no	group_4737	en_familia	23	1.0000	core	core	no	no	no
bin_4_52	bin-4-52	bin_4_52_01402	cds	contig_43	16107	0.4149	7824	8654	-	7453	276	blaOXA-276	OXA-134 family carbapenem-hydrolyzing class D beta-lactamase OXA-276	no	blaOXA~~~blaOXA1005~~~blaOXA278~~~blaOXA360~~~blaOXA277~~~blaOXA276	en_familia	23	1.0000	core	core	no	no	no
bin_4_52	bin-4-52	bin_4_52_01403	cds	contig_43	16107	0.4149	8804	10744	-	5363	646	dnaK	molecular chaperone DnaK	no	group_4738	en_familia	23	1.0000	core	core	no	no	no
bin_4_52	bin-4-52	bin_4_52_01404	cds	contig_43	16107	0.4149	10863	11405	-	4702	180	grpE	nucleotide exchange factor GrpE	no	group_4984	en_familia	23	1.0000	core	core	no	no	no
bin_4_52	bin-4-52	bin_4_52_01405	cds	contig_43	16107	0.4149	12516	13010	-	3097	164		Lipoprotein	no	group_4294	en_familia	23	1.0000	core	core	no	no	no
bin_4_52	bin-4-52	bin_4_52_01406	cds	contig_43	16107	0.4149	13217	14287	+	1820	356		Alpha/beta hydrolase fold-3 domain-containing protein	no	group_3650	en_familia	23	1.0000	core	core	no	no	no
bin_4_52	bin-4-52	bin_4_52_01407	cds	contig_43	16107	0.4149	14359	15030	-	1077	223		Acetoacetate decarboxylase	no	group_4656	en_familia	23	1.0000	core	core	no	no	no
bin_4_52	bin-4-52	bin_4_52_01408	cds	contig_43	16107	0.4149	15135	15719	+	388	194		Peptidyl-prolyl cis-trans isomerase	no	group_3628	en_familia	23	1.0000	core	core	no	no	no
bin_4_52	bin-4-52	bin_4_52_01409	cds	contig_44	1829	0.3630	193	1545	+	192	450	gorA	glutathione-disulfide reductase	no	gorA	en_familia	5	0.2174	shell	shell	si	no	no
bin_4_52	bin-4-52	bin_4_52_01410	cds	contig_45	20996	0.4498	293	1021	+	292	242	ubiG	bifunctional 2-polyprenyl-6-hydroxyphenol methylase/3-demethylubiquinol 3-O-methyltransferase UbiG	no	group_1269	en_familia	23	1.0000	core	core	no	no	no
bin_4_52	bin-4-52	bin_4_52_01411	cds	contig_45	20996	0.4498	1018	1701	+	1017	227		Phosphoglycolate phosphatase, bacterial	no	group_1350	en_familia	23	1.0000	core	core	no	no	no
bin_4_52	bin-4-52	bin_4_52_01412	cds	contig_45	20996	0.4498	1765	2511	+	1764	248	yciK	YciK family oxidoreductase	no	yciK	en_familia	23	1.0000	core	core	no	no	no
bin_4_52	bin-4-52	bin_4_52_01413	cds	contig_45	20996	0.4498	2680	3099	+	2679	139		DUF1795 domain-containing protein	no	group_2034	en_familia	23	1.0000	core	core	no	no	no
bin_4_52	bin-4-52	bin_4_52_01414	cds	contig_45	20996	0.4498	3284	3439	+	3283	51		hypothetical protein	no	group_2967	en_familia	23	1.0000	core	core	no	no	no
bin_4_52	bin-4-52	bin_4_52_01415	cds	contig_45	20996	0.4498	3723	4106	+	3722	127	rcnB	RcnB family protein	no	group_4477	en_familia	23	1.0000	core	core	no	no	no
bin_4_52	bin-4-52	bin_4_52_01416	cds	contig_45	20996	0.4498	4326	4712	+	4325	128	rcnB	RcnB family protein	no	rcnB	en_familia	23	1.0000	core	core	no	no	no
bin_4_52	bin-4-52	bin_4_52_01417	cds	contig_45	20996	0.4498	4846	6195	+	4845	449	argA	amino-acid N-acetyltransferase	no	argA	en_familia	23	1.0000	core	core	no	no	no
bin_4_52	bin-4-52	bin_4_52_01418	cds	contig_45	20996	0.4498	6530	7129	+	6529	199		Solute-binding protein family 3/N-terminal domain-containing protein	no	group_3890	en_familia	23	1.0000	core	core	no	no	no
bin_4_52	bin-4-52	bin_4_52_01419	cds	contig_45	20996	0.4498	7148	7489	+	7147	113		SsuA/THI5-like domain-containing protein	no	group_3890	en_familia	23	1.0000	core	core	no	no	no
bin_4_52	bin-4-52	bin_4_52_01420	cds	contig_45	20996	0.4498	7519	8511	+	7518	330		Solute-binding protein family 3/N-terminal domain-containing protein	no	group_819	en_familia	23	1.0000	core	core	no	no	no
bin_4_52	bin-4-52	bin_4_52_01421	cds	contig_45	20996	0.4498	8528	9703	+	8527	391	ssuD	FMNH2-dependent alkanesulfonate monooxygenase	no	group_556	en_familia	23	1.0000	core	core	no	no	no
bin_4_52	bin-4-52	bin_4_52_01422	cds	contig_45	20996	0.4498	9703	10518	+	9702	271	ssuC	aliphatic sulfonate ABC transporter permease SsuC	no	ssuC	en_familia	23	1.0000	core	core	no	no	no
bin_4_52	bin-4-52	bin_4_52_01423	cds	contig_45	20996	0.4498	10543	11349	+	9647	268		Aliphatic sulfonate ABC transporter ATP-binding protein	no	group_3464	en_familia	23	1.0000	core	core	no	no	no
bin_4_52	bin-4-52	bin_4_52_01424	cds	contig_45	20996	0.4498	11691	12317	+	8679	208		HTH tetR-type domain-containing protein	no	group_1464	en_familia	23	1.0000	core	core	no	no	no
bin_4_52	bin-4-52	bin_4_52_01425	cds	contig_45	20996	0.4498	12378	12941	-	8055	187		Nucleoside phosphorylase domain-containing protein	no	group_4246	en_familia	23	1.0000	core	core	no	no	no
bin_4_52	bin-4-52	bin_4_52_01426	cds	contig_45	20996	0.4498	13272	14273	+	6723	333	ribF	bifunctional riboflavin kinase/FAD synthetase	no	ribF	en_familia	23	1.0000	core	core	no	no	no
bin_4_52	bin-4-52	bin_4_52_01427	cds	contig_45	20996	0.4498	14338	17184	+	3812	948	ileS	isoleucine--tRNA ligase	no	ileS	en_familia	23	1.0000	core	core	no	no	no
bin_4_52	bin-4-52	bin_4_52_01428	cds	contig_45	20996	0.4498	17177	17707	+	3289	176	lspA	signal peptidase II	no	lspA	en_familia	23	1.0000	core	core	no	no	no
bin_4_52	bin-4-52	bin_4_52_01429	cds	contig_45	20996	0.4498	17709	18191	+	2805	160		Peptidyl-prolyl cis-trans isomerase	no	group_1831	en_familia	23	1.0000	core	core	no	no	no
bin_4_52	bin-4-52	bin_4_52_01430	cds	contig_45	20996	0.4498	18322	18864	+	2132	180		NADPH-dependent FMN reductase-like domain-containing protein	no	group_1630	en_familia	23	1.0000	core	core	no	no	no
bin_4_52	bin-4-52	bin_4_52_01431	cds	contig_45	20996	0.4498	19429	20625	-	371	398		Glucose/Sorbosone dehydrogenase domain-containing protein	no	group_4296	en_familia	23	1.0000	core	core	no	no	no
bin_4_52	bin-4-52	bin_4_52_01433	cds	contig_46	18677	0.3735	169	6786	+	168	2205		Large polyvalent protein-associated domain-containing protein	no	group_6089	en_familia	1	0.0435	cloud	cloud	si	si	no
bin_4_52	bin-4-52	bin_4_52_01434	cds	contig_46	18677	0.3735	7074	14300	+	4377	2408		Large polyvalent protein-associated domain-containing protein	no	group_6075	en_familia	1	0.0435	cloud	cloud	si	si	no
bin_4_52	bin-4-52	bin_4_52_01435	cds	contig_46	18677	0.3735	14310	14741	+	3936	143		hypothetical protein	no	group_6081	en_familia	1	0.0435	cloud	cloud	si	si	no
bin_4_52	bin-4-52	bin_4_52_01436	cds	contig_46	18677	0.3735	15014	15586	+	3091	190		hypothetical protein	no	group_6106	en_familia	1	0.0435	cloud	cloud	si	si	no
bin_4_52	bin-4-52	bin_4_52_01437	cds	contig_46	18677	0.3735	15540	16328	+	2349	262		hypothetical protein	no	group_6077	en_familia	1	0.0435	cloud	cloud	si	si	no
bin_4_52	bin-4-52	bin_4_52_01438	cds	contig_46	18677	0.3735	16337	16819	+	1858	160		Lon N-terminal domain-containing protein	no	group_6100	en_familia	1	0.0435	cloud	cloud	si	si	no
bin_4_52	bin-4-52	bin_4_52_01439	cds	contig_46	18677	0.3735	16917	18572	+	105	551		Dilute domain-containing protein	no	group_6091	en_familia	1	0.0435	cloud	cloud	si	si	no
bin_4_52	bin-4-52	bin_4_52_01440	cds	contig_47	11192	0.3801	297	1394	-	296	365		Phosphoadenosine phosphosulphate reductase domain-containing protein	no	group_6162	en_familia	1	0.0435	cloud	cloud	si	si	no
bin_4_52	bin-4-52	bin_4_52_01441	cds	contig_47	11192	0.3801	1571	2047	-	1570	158		DUF4375 domain-containing protein	no	group_6159	en_familia	1	0.0435	cloud	cloud	si	si	no
bin_4_52	bin-4-52	bin_4_52_01442	cds	contig_47	11192	0.3801	2120	2434	-	2119	104		hypothetical protein	no	group_6161	en_familia	1	0.0435	cloud	cloud	si	si	no
bin_4_52	bin-4-52	bin_4_52_01443	cds	contig_47	11192	0.3801	2447	3289	-	2446	280		hypothetical protein	no	group_6160	en_familia	1	0.0435	cloud	cloud	si	si	no
bin_4_52	bin-4-52	bin_4_52_01444	cds	contig_47	11192	0.3801	3540	4070	-	3539	176		hypothetical protein	no	group_6145	en_familia	1	0.0435	cloud	cloud	si	si	no
bin_4_52	bin-4-52	bin_4_52_01445	cds	contig_47	11192	0.3801	4114	4677	-	4113	187		hypothetical protein	no	group_6146	en_familia	1	0.0435	cloud	cloud	si	si	no
bin_4_52	bin-4-52	bin_4_52_01446	cds	contig_47	11192	0.3801	4824	5582	-	4823	252		protein adenylyltransferase	no	group_6148	en_familia	1	0.0435	cloud	cloud	si	si	no
bin_4_52	bin-4-52	bin_4_52_01447	cds	contig_47	11192	0.3801	5652	5864	-	5328	70		hypothetical protein	no	group_6141	en_familia	1	0.0435	cloud	cloud	si	si	no
bin_4_52	bin-4-52	bin_4_52_01448	cds	contig_47	11192	0.3801	6062	6517	+	4675	151		hypothetical protein	no	group_6144	en_familia	1	0.0435	cloud	cloud	si	si	no
bin_4_52	bin-4-52	bin_4_52_01449	cds	contig_47	11192	0.3801	6621	7157	-	4035	178		CYTH domain-containing protein	no	group_6142	en_familia	1	0.0435	cloud	cloud	si	si	no
bin_4_52	bin-4-52	bin_4_52_01450	cds	contig_47	11192	0.3801	7768	8262	-	2930	164		Integral membrane protein	no	group_6140	en_familia	1	0.0435	cloud	cloud	si	si	no
bin_4_52	bin-4-52	bin_4_52_01451	cds	contig_47	11192	0.3801	8356	8781	-	2411	141		hypothetical protein	no	group_6138	en_familia	1	0.0435	cloud	cloud	si	si	no
bin_4_52	bin-4-52	bin_4_52_01452	cds	contig_47	11192	0.3801	8823	9716	-	1476	297		DUF4123 domain-containing protein	no	group_6147	en_familia	1	0.0435	cloud	cloud	si	si	no
bin_4_52	bin-4-52	bin_4_52_01453	cds	contig_47	11192	0.3801	9716	10144	-	1048	142		T6SS immunity protein Tdi1 C-terminal domain-containing protein	no	group_6143	en_familia	1	0.0435	cloud	cloud	si	si	no
bin_4_52	bin-4-52	bin_4_52_01454	cds	contig_47	11192	0.3801	10372	11064	-	128	230		hypothetical protein	no	group_6139	en_familia	1	0.0435	cloud	cloud	si	si	no
bin_4_52	bin-4-52	bin_4_52_01455	cds	contig_48	6941	0.4174	232	489	+	231	85		Major facilitator superfamily (MFS) profile domain-containing protein	no	group_4837	en_familia	23	1.0000	core	core	no	no	no
bin_4_52	bin-4-52	bin_4_52_01456	cds	contig_48	6941	0.4174	802	2151	+	801	449		Major facilitator superfamily (MFS) profile domain-containing protein	no	group_4625	en_familia	23	1.0000	core	core	no	no	no
bin_4_52	bin-4-52	bin_4_52_01457	cds	contig_48	6941	0.4174	2328	2831	+	2327	167		DUF4145 domain-containing protein	no	group_1749	en_familia	9	0.3913	shell	shell	si	no	no
bin_4_52	bin-4-52	bin_4_52_01458	cds	contig_48	6941	0.4174	2919	3248	+	2918	109		Ankyrin repeat domain-containing protein	no	group_4485	en_familia	23	1.0000	core	core	no	no	no
bin_4_52	bin-4-52	bin_4_52_01459	cds	contig_48	6941	0.4174	3306	3866	-	3075	186		DJ-1/PfpI domain-containing protein	no	group_3242	en_familia	23	1.0000	core	core	no	no	no
bin_4_52	bin-4-52	bin_4_52_01460	cds	contig_48	6941	0.4174	4241	4933	-	2008	230		TIGR04219 family outer membrane beta-barrel protein	no	group_4484	en_familia	23	1.0000	core	core	no	no	no
bin_4_52	bin-4-52	bin_4_52_01461	cds	contig_48	6941	0.4174	5236	6678	+	263	480		Aldehyde dehydrogenase domain-containing protein	no	group_3243	en_familia	23	1.0000	core	core	no	no	no
bin_4_52	bin-4-52	bin_4_52_01462	cds	contig_49	15233	0.4381	8	373	+	7	121	tnpA	IS200/IS605 family transposase	no	group_3515	en_familia	9	0.3913	shell	shell	si	no	no
bin_4_52	bin-4-52	bin_4_52_01463	cds	contig_49	15233	0.4381	391	861	-	390	156		FCP1-like y domain-containing protein	no	group_4324	en_familia	20	0.8696	shell	shell	si	no	no
bin_4_52	bin-4-52	bin_4_52_01464	cds	contig_49	15233	0.4381	1105	1602	-	1104	165	infC	translation initiation factor IF-3	no	infC	en_familia	23	1.0000	core	core	no	no	no
bin_4_52	bin-4-52	bin_4_52_01465	cds	contig_49	15233	0.4381	1662	3584	-	1661	640	thrS	threonine--tRNA ligase	no	thrS	en_familia	23	1.0000	core	core	no	no	no
bin_4_52	bin-4-52	bin_4_52_01466	cds	contig_49	15233	0.4381	3822	4490	-	3821	222		Alanine racemase N-terminal domain-containing protein	no	group_3779	en_familia	23	1.0000	core	core	no	no	no
bin_4_52	bin-4-52	bin_4_52_01467	cds	contig_49	15233	0.4381	4620	4979	-	4619	119		Alanine racemase N-terminal domain-containing protein	no	group_3779	en_familia	23	1.0000	core	core	no	no	no
bin_4_52	bin-4-52	bin_4_52_01468	cds	contig_49	15233	0.4381	5002	6282	-	5001	426		FAD-binding PCMH-type domain-containing protein	no	group_3384	en_familia	23	1.0000	core	core	no	no	no
bin_4_52	bin-4-52	bin_4_52_01469	cds	contig_49	15233	0.4381	6764	8404	+	6763	546		Acyl-CoA synthetase	no	group_236	en_familia	23	1.0000	core	core	no	no	no
bin_4_52	bin-4-52	bin_4_52_01470	cds	contig_49	15233	0.4381	8461	9924	-	5309	487		phospholipase D	no	group_3822	en_familia	23	1.0000	core	core	no	no	no
bin_4_52	bin-4-52	bin_4_52_01471	cds	contig_49	15233	0.4381	10031	12169	-	3064	712	znuD	zinc piracy TonB-dependent receptor ZnuD	no	znuD	en_familia	23	1.0000	core	core	no	no	no
bin_4_52	bin-4-52	bin_4_52_01472	cds	contig_49	15233	0.4381	12311	13075	+	2158	254		Phospholipase C/D domain-containing protein	no	group_5121	en_familia	19	0.8261	shell	shell	si	no	no
bin_4_52	bin-4-52	bin_4_52_01473	cds	contig_49	15233	0.4381	13238	15022	+	211	594	aspS	aspartate--tRNA ligase	no	aspS	en_familia	23	1.0000	core	core	no	no	no
bin_4_52	bin-4-52	bin_4_52_01474	cds	contig_50	25494	0.4231	157	1251	-	156	364		Acyl-CoA desaturase	no	group_677	en_familia	22	0.9565	core	core	no	no	no
bin_4_52	bin-4-52	bin_4_52_01475	cds	contig_50	25494	0.4231	1266	2339	-	1265	357		FAD-binding FR-type domain-containing protein	no	group_3424	en_familia	22	0.9565	core	core	no	no	no
bin_4_52	bin-4-52	bin_4_52_01476	cds	contig_50	25494	0.4231	2483	3163	+	2482	226	fabR	HTH-type transcriptional repressor FabR	no	fabR	en_familia	22	0.9565	core	core	no	no	no
bin_4_52	bin-4-52	bin_4_52_01477	cds	contig_50	25494	0.4231	3221	4060	-	3220	279		AB hydrolase-1 domain-containing protein	no	group_1078	en_familia	22	0.9565	core	core	no	no	no
bin_4_52	bin-4-52	bin_4_52_01478	cds	contig_50	25494	0.4231	4149	4415	-	4148	88		PAAR domain-containing protein	no	group_4165	en_familia	22	0.9565	core	core	no	no	no
bin_4_52	bin-4-52	bin_4_52_01479	cds	contig_50	25494	0.4231	4627	7455	-	4626	942	rapA	RNA polymerase-associated protein RapA	no	rapA	en_familia	22	0.9565	core	core	no	no	no
bin_4_52	bin-4-52	bin_4_52_01480	cds	contig_50	25494	0.4231	7607	8251	-	7606	214	rluA	Dual-specificity RNA pseudouridine synthase RluA	no	rluA	en_familia	22	0.9565	core	core	no	no	no
bin_4_52	bin-4-52	bin_4_52_01481	cds	contig_50	25494	0.4231	8382	9092	-	8381	236		Carrier domain-containing protein	no	group_4702	en_familia	22	0.9565	core	core	no	no	no
bin_4_52	bin-4-52	bin_4_52_01482	cds	contig_50	25494	0.4231	9373	9570	+	9372	65	recX	Regulatory protein RecX	no	group_4258	en_familia	16	0.6957	shell	shell	si	no	no
bin_4_52	bin-4-52	bin_4_52_01483	cds	contig_50	25494	0.4231	9739	10155	-	9738	138		Heme-binding protein	no	group_3916	en_familia	22	0.9565	core	core	no	no	no
bin_4_52	bin-4-52	bin_4_52_01484	cds	contig_50	25494	0.4231	10322	11623	-	10321	433	hemL	glutamate-1-semialdehyde 2,1-aminomutase	no	hemL	en_familia	22	0.9565	core	core	no	no	no
bin_4_52	bin-4-52	bin_4_52_01485	cds	contig_50	25494	0.4231	11666	12286	-	11665	206		Thiamine-phosphate synthase	no	group_3912	en_familia	22	0.9565	core	core	no	no	no
bin_4_52	bin-4-52	bin_4_52_01486	cds	contig_50	25494	0.4231	12786	13169	-	12325	127		DUF962 domain-containing protein	no	group_4820	en_familia	23	1.0000	core	core	no	no	no
bin_4_52	bin-4-52	bin_4_52_01487	cds	contig_50	25494	0.4231	13504	14961	+	10533	485		CYTH domain-containing protein	no	group_4589	en_familia	23	1.0000	core	core	no	no	no
bin_4_52	bin-4-52	bin_4_52_01488	cds	contig_50	25494	0.4231	15123	16580	+	8914	485		CYTH domain-containing protein	no	group_4790	en_familia	23	1.0000	core	core	no	no	no
bin_4_52	bin-4-52	bin_4_52_01489	cds	contig_50	25494	0.4231	16593	17225	-	8269	210		SnoaL-like domain-containing protein	no	group_3855	en_familia	23	1.0000	core	core	no	no	no
bin_4_52	bin-4-52	bin_4_52_01490	cds	contig_50	25494	0.4231	17336	17737	+	7757	133		DUF3144 domain-containing protein	no	group_2079	en_familia	23	1.0000	core	core	no	no	no
bin_4_52	bin-4-52	bin_4_52_01491	cds	contig_50	25494	0.4231	17860	18921	+	6573	353		Amidohydrolase-related domain-containing protein	no	group_4372	en_familia	23	1.0000	core	core	no	no	no
bin_4_52	bin-4-52	bin_4_52_01492	cds	contig_50	25494	0.4231	19078	21864	-	3630	928		Peptidase M16 C-terminal domain-containing protein	no	group_5190	en_familia	23	1.0000	core	core	no	no	no
bin_4_52	bin-4-52	bin_4_52_01493	cds	contig_50	25494	0.4231	21991	22812	-	2682	273	phzF	Phenazine biosynthesis protein PhzF family protein	no	phzF	en_familia	23	1.0000	core	core	no	no	no
bin_4_52	bin-4-52	bin_4_52_01494	cds	contig_50	25494	0.4231	22939	23523	+	1971	194		Flavin reductase like domain-containing protein	no	group_4210	en_familia	23	1.0000	core	core	no	no	no
bin_4_52	bin-4-52	bin_4_52_01495	cds	contig_50	25494	0.4231	23645	24379	+	1115	244	gloB	hydroxyacylglutathione hydrolase	no	gloB	en_familia	23	1.0000	core	core	no	no	no
bin_4_52	bin-4-52	bin_4_52_01496	cds	contig_50	25494	0.4231	24389	24661	-	833	90		Creatinase N-terminal domain-containing protein	no	group_3562	en_familia	23	1.0000	core	core	no	no	no
bin_4_52	bin-4-52	bin_4_52_01497	cds	contig_50	25494	0.4231	25060	25263	+	231	67	hicA	Type II toxin-antitoxin system HicA family toxin	no	group_3638	en_familia	23	1.0000	core	core	no	no	no
bin_4_52	bin-4-52	bin_4_52_01499	cds	contig_51	157643	0.4449	188	802	+	187	204		Thiol:disulfide interchange protein	no	group_1492	en_familia	23	1.0000	core	core	no	no	no
bin_4_52	bin-4-52	bin_4_52_01500	cds	contig_51	157643	0.4449	886	1515	-	885	209		HTH tetR-type domain-containing protein	no	group_4213	en_familia	23	1.0000	core	core	no	no	no
bin_4_52	bin-4-52	bin_4_52_01501	cds	contig_51	157643	0.4449	1714	2430	+	1713	238	rph	ribonuclease PH	no	rph	en_familia	23	1.0000	core	core	no	no	no
bin_4_52	bin-4-52	bin_4_52_01502	cds	contig_51	157643	0.4449	2588	2710	+	2587	40		Lipoprotein	no	group_3460	en_familia	19	0.8261	shell	shell	si	no	no
bin_4_52	bin-4-52	bin_4_52_01503	cds	contig_51	157643	0.4449	2847	3692	-	2846	281	nadC	carboxylating nicotinate-nucleotide diphosphorylase	no	nadC	en_familia	23	1.0000	core	core	no	no	no
bin_4_52	bin-4-52	bin_4_52_01504	cds	contig_51	157643	0.4449	3873	4457	+	3872	194	ampD	1,6-anhydro-N-acetylmuramyl-L-alanine amidase AmpD	no	ampD	en_familia	23	1.0000	core	core	no	no	no
bin_4_52	bin-4-52	bin_4_52_01505	cds	contig_51	157643	0.4449	4532	6073	+	4531	513	murJ	murein biosynthesis integral membrane protein MurJ	no	murJ	en_familia	23	1.0000	core	core	no	no	no
bin_4_52	bin-4-52	bin_4_52_01506	cds	contig_51	157643	0.4449	6167	6325	-	6166	52		UPF0391 membrane protein F889_00603	no	group_2962	en_familia	23	1.0000	core	core	no	no	no
bin_4_52	bin-4-52	bin_4_52_01507	cds	contig_51	157643	0.4449	6519	6971	+	6518	150	ycgN	YcgN family cysteine cluster protein	no	ycgN	en_familia	23	1.0000	core	core	no	no	no
bin_4_52	bin-4-52	bin_4_52_01508	cds	contig_51	157643	0.4449	6982	9117	-	6981	711		Diguanylate cyclase (GGDEF) domain-containing protein	no	group_5037	en_familia	23	1.0000	core	core	no	no	no
bin_4_52	bin-4-52	bin_4_52_01509	cds	contig_51	157643	0.4449	9382	10656	+	9381	424	rarA	Replication-associated recombination protein A	no	rarA	en_familia	23	1.0000	core	core	no	no	no
bin_4_52	bin-4-52	bin_4_52_01510	cds	contig_51	157643	0.4449	11029	11694	-	11028	221	yrbL	PhoP regulatory network protein YrbL	no	group_3402	en_familia	18	0.7826	shell	shell	si	no	no
bin_4_52	bin-4-52	bin_4_52_01511	cds	contig_51	157643	0.4449	11853	12485	-	11852	210	yrbL	PhoP regulatory network protein YrbL	no	yrbL	en_familia	18	0.7826	shell	shell	si	no	no
bin_4_52	bin-4-52	bin_4_52_01512	cds	contig_51	157643	0.4449	12679	13398	-	12678	239	purC	phosphoribosylaminoimidazolesuccinocarboxamide synthase	no	purC	en_familia	23	1.0000	core	core	no	no	no
bin_4_52	bin-4-52	bin_4_52_01513	cds	contig_51	157643	0.4449	13437	14042	-	13436	201		Lipoprotein-34 (NlpB)	no	group_5198	en_familia	23	1.0000	core	core	no	no	no
bin_4_52	bin-4-52	bin_4_52_01514	cds	contig_51	157643	0.4449	14055	14954	-	14054	299	dapA	4-hydroxy-tetrahydrodipicolinate synthase	no	dapA	en_familia	23	1.0000	core	core	no	no	no
bin_4_52	bin-4-52	bin_4_52_01515	cds	contig_51	157643	0.4449	15673	16887	+	15672	404	mhpT	3-(3-hydroxy-phenyl)propionate transporter MhpT	no	group_4244	en_familia	23	1.0000	core	core	no	no	no
bin_4_52	bin-4-52	bin_4_52_01516	cds	contig_51	157643	0.4449	17496	18125	+	17495	209	pncA	bifunctional nicotinamidase/pyrazinamidase	no	pncA	en_familia	23	1.0000	core	core	no	no	no
bin_4_52	bin-4-52	bin_4_52_01517	cds	contig_51	157643	0.4449	18240	19193	+	18239	317		Bile acid:sodium symporter family protein	no	group_3941	en_familia	23	1.0000	core	core	no	no	no
bin_4_52	bin-4-52	bin_4_52_01518	cds	contig_51	157643	0.4449	19261	20514	-	19260	417		DUF4175 domain-containing protein	no	group_3961	en_familia	23	1.0000	core	core	no	no	no
bin_4_52	bin-4-52	bin_4_52_01519	cds	contig_51	157643	0.4449	20592	21818	+	20591	408	serB	phosphoserine phosphatase SerB	no	serB	en_familia	23	1.0000	core	core	no	no	no
bin_4_52	bin-4-52	bin_4_52_01520	cds	contig_51	157643	0.4449	22230	22565	+	22229	111		Ciprofloxacin tolerance protein	no	group_2303	en_familia	23	1.0000	core	core	no	no	no
bin_4_52	bin-4-52	bin_4_52_01521	cds	contig_51	157643	0.4449	22709	23188	+	22708	159		SCP2 domain-containing protein	no	group_1842	en_familia	23	1.0000	core	core	no	no	no
bin_4_52	bin-4-52	bin_4_52_01522	cds	contig_51	157643	0.4449	23506	23946	-	23505	146	dtd	D-aminoacyl-tRNA deacylase	no	dtd	en_familia	23	1.0000	core	core	no	no	no
bin_4_52	bin-4-52	bin_4_52_01523	cds	contig_51	157643	0.4449	24169	25683	+	24168	504		Catalase	no	group_4777	en_familia	23	1.0000	core	core	no	no	no
bin_4_52	bin-4-52	bin_4_52_01524	cds	contig_51	157643	0.4449	25869	26399	+	25868	176		Ankryin	no	group_3964	en_familia	23	1.0000	core	core	no	no	no
bin_4_52	bin-4-52	bin_4_52_01525	cds	contig_51	157643	0.4449	26518	27729	+	26517	403	pncB	nicotinate phosphoribosyltransferase	no	pncB	en_familia	23	1.0000	core	core	no	no	no
bin_4_52	bin-4-52	bin_4_52_01526	cds	contig_51	157643	0.4449	27894	28742	+	27893	282		Sulfurtransferase	no	group_3963	en_familia	23	1.0000	core	core	no	no	no
bin_4_52	bin-4-52	bin_4_52_01527	cds	contig_51	157643	0.4449	28739	29590	+	28738	283	asd	archaetidylserine decarboxylase	no	group_1067	en_familia	23	1.0000	core	core	no	no	no
bin_4_52	bin-4-52	bin_4_52_01528	cds	contig_51	157643	0.4449	29683	30297	-	29682	204		SPOR domain-containing protein	no	group_1491	en_familia	23	1.0000	core	core	no	no	no
bin_4_52	bin-4-52	bin_4_52_01529	cds	contig_51	157643	0.4449	30574	32409	-	30573	611	argS	arginine--tRNA ligase	no	argS	en_familia	23	1.0000	core	core	no	no	no
bin_4_52	bin-4-52	bin_4_52_01530	cds	contig_51	157643	0.4449	32620	32907	+	32619	95		DUF2798 domain-containing protein	no	group_3914	en_familia	23	1.0000	core	core	no	no	no
bin_4_52	bin-4-52	bin_4_52_01531	cds	contig_51	157643	0.4449	33207	34508	-	33206	433		DUF445 domain-containing protein	no	group_406	en_familia	23	1.0000	core	core	no	no	no
bin_4_52	bin-4-52	bin_4_52_01532	cds	contig_51	157643	0.4449	34517	35071	-	34516	184		Lipoprotein	no	group_3913	en_familia	23	1.0000	core	core	no	no	no
bin_4_52	bin-4-52	bin_4_52_01533	cds	contig_51	157643	0.4449	35121	35660	-	35120	179		DUF924 domain-containing protein	no	group_1639	en_familia	23	1.0000	core	core	no	no	no
bin_4_52	bin-4-52	bin_4_52_01534	cds	contig_51	157643	0.4449	35870	37447	+	35869	525	gshA	glutamate--cysteine ligase	no	gshA	en_familia	23	1.0000	core	core	no	no	no
bin_4_52	bin-4-52	bin_4_52_01535	cds	contig_51	157643	0.4449	37466	37993	+	37465	175		Disulfide bond formation protein B	no	group_3831	en_familia	23	1.0000	core	core	no	no	no
bin_4_52	bin-4-52	bin_4_52_01536	cds	contig_51	157643	0.4449	38037	39368	-	38036	443		PGAP1-like protein	no	group_380	en_familia	23	1.0000	core	core	no	no	no
bin_4_52	bin-4-52	bin_4_52_01537	cds	contig_51	157643	0.4449	39616	40209	+	39615	197		Esterase	no	group_3788	en_familia	23	1.0000	core	core	no	no	no
bin_4_52	bin-4-52	bin_4_52_01538	cds	contig_51	157643	0.4449	40211	42091	+	40210	626	parE	DNA topoisomerase IV subunit B	no	parE	en_familia	23	1.0000	core	core	no	no	no
bin_4_52	bin-4-52	bin_4_52_01539	cds	contig_51	157643	0.4449	42152	42448	-	42151	98	fmdB	Putative regulatory protein FmdB zinc ribbon domain-containing protein	no	fmdB	en_familia	23	1.0000	core	core	no	no	no
bin_4_52	bin-4-52	bin_4_52_01540	cds	contig_51	157643	0.4449	42558	43736	-	42557	392	fmdA	formamidase	no	fmdA	en_familia	23	1.0000	core	core	no	no	no
bin_4_52	bin-4-52	bin_4_52_01541	cds	contig_51	157643	0.4449	43768	44892	-	43767	374		AAA+ ATPase domain-containing protein	no	group_3991	en_familia	23	1.0000	core	core	no	no	no
bin_4_52	bin-4-52	bin_4_52_01542	cds	contig_51	157643	0.4449	44919	45962	-	44918	347		aliphatic amidase	no	group_738	en_familia	23	1.0000	core	core	no	no	no
bin_4_52	bin-4-52	bin_4_52_01543	cds	contig_51	157643	0.4449	46205	46903	-	46204	232	urtE	urea ABC transporter ATP-binding subunit UrtE	no	urtE	en_familia	23	1.0000	core	core	no	no	no
bin_4_52	bin-4-52	bin_4_52_01544	cds	contig_51	157643	0.4449	46914	47672	-	46913	252	urtD	urea ABC transporter ATP-binding protein UrtD	no	urtD	en_familia	23	1.0000	core	core	no	no	no
bin_4_52	bin-4-52	bin_4_52_01545	cds	contig_51	157643	0.4449	47669	48832	-	47668	387	urtC	urea ABC transporter permease subunit UrtC	no	urtC	en_familia	23	1.0000	core	core	no	no	no
bin_4_52	bin-4-52	bin_4_52_01546	cds	contig_51	157643	0.4449	48851	49771	-	48850	306	urtB	urea ABC transporter permease subunit UrtB	no	urtB	en_familia	23	1.0000	core	core	no	no	no
bin_4_52	bin-4-52	bin_4_52_01547	cds	contig_51	157643	0.4449	49854	51092	-	49853	412	urtA	urea ABC transporter substrate-binding protein	no	urtA	en_familia	23	1.0000	core	core	no	no	no
bin_4_52	bin-4-52	bin_4_52_01548	cds	contig_51	157643	0.4449	51297	54758	+	51296	1153		histidine kinase	no	group_4121	en_familia	23	1.0000	core	core	no	no	no
bin_4_52	bin-4-52	bin_4_52_01549	cds	contig_51	157643	0.4449	54772	55692	+	54771	306		Response regulatory domain-containing protein	no	group_935	en_familia	23	1.0000	core	core	no	no	no
bin_4_52	bin-4-52	bin_4_52_01550	cds	contig_51	157643	0.4449	55778	56482	-	55777	234		Phospholipase D-like domain-containing protein	no	group_4120	en_familia	14	0.6087	shell	shell	si	no	no
bin_4_52	bin-4-52	bin_4_52_01551	cds	contig_51	157643	0.4449	56550	57272	-	56549	240		Tetratricopeptide repeat protein	no	group_4555	en_familia	23	1.0000	core	core	no	no	no
bin_4_52	bin-4-52	bin_4_52_01552	cds	contig_51	157643	0.4449	57345	57854	-	57344	169		ureidoglycolate lyase	no	group_3436	en_familia	23	1.0000	core	core	no	no	no
bin_4_52	bin-4-52	bin_4_52_01553	cds	contig_51	157643	0.4449	58108	59115	-	58107	335	alc	allantoicase	no	alc	en_familia	23	1.0000	core	core	no	no	no
bin_4_52	bin-4-52	bin_4_52_01554	cds	contig_51	157643	0.4449	59333	60490	+	59332	385	hpxO	FAD-dependent urate hydroxylase HpxO	no	hpxO	en_familia	23	1.0000	core	core	no	no	no
bin_4_52	bin-4-52	bin_4_52_01555	cds	contig_51	157643	0.4449	60618	61136	-	60617	172		N-acetyltransferase domain-containing protein	no	group_3993	en_familia	23	1.0000	core	core	no	no	no
bin_4_52	bin-4-52	bin_4_52_01556	cds	contig_51	157643	0.4449	61214	61951	-	61213	245		Ion channel protein Tsx	no	ompK	en_familia	23	1.0000	core	core	no	no	no
bin_4_52	bin-4-52	bin_4_52_01557	cds	contig_51	157643	0.4449	62072	63430	-	62071	452		Uracil permease	no	group_4807	en_familia	23	1.0000	core	core	no	no	no
bin_4_52	bin-4-52	bin_4_52_01558	cds	contig_51	157643	0.4449	63470	63796	-	63469	108	uraH	hydroxyisourate hydrolase	no	uraH	en_familia	23	1.0000	core	core	no	no	no
bin_4_52	bin-4-52	bin_4_52_01559	cds	contig_51	157643	0.4449	63793	64296	-	63792	167		2-oxo-4-hydroxy-4-carboxy-5-ureidoimidazoline decarboxylase	no	group_4097	en_familia	23	1.0000	core	core	no	no	no
bin_4_52	bin-4-52	bin_4_52_01560	cds	contig_51	157643	0.4449	64442	65416	-	64441	324		NodB-like y domain-containing protein	no	group_848	en_familia	23	1.0000	core	core	no	no	no
bin_4_52	bin-4-52	bin_4_52_01561	cds	contig_51	157643	0.4449	65656	66021	+	65655	121		Ribosomal subunit interface protein	no	group_2197	en_familia	23	1.0000	core	core	no	no	no
bin_4_52	bin-4-52	bin_4_52_01562	cds	contig_51	157643	0.4449	66150	66692	+	66149	180		Ankyrin	no	group_1629	en_familia	23	1.0000	core	core	no	no	no
bin_4_52	bin-4-52	bin_4_52_01563	cds	contig_51	157643	0.4449	66719	67474	+	66718	251		Transporter	no	group_4295	en_familia	23	1.0000	core	core	no	no	no
bin_4_52	bin-4-52	bin_4_52_01564	cds	contig_51	157643	0.4449	67493	69316	+	67492	607		Thioredoxin domain-containing protein	no	group_3976	en_familia	23	1.0000	core	core	no	no	no
bin_4_52	bin-4-52	bin_4_52_01565	cds	contig_51	157643	0.4449	69359	70561	-	69358	400		diguanylate cyclase	no	group_4846	en_familia	23	1.0000	core	core	no	no	no
bin_4_52	bin-4-52	bin_4_52_01566	cds	contig_51	157643	0.4449	70845	71756	-	70844	303		Alpha/beta hydrolase fold-3 domain-containing protein	no	group_3974	en_familia	23	1.0000	core	core	no	no	no
bin_4_52	bin-4-52	bin_4_52_01567	cds	contig_51	157643	0.4449	71915	72352	+	71914	145		DUF2147 domain-containing protein	no	group_1983	en_familia	23	1.0000	core	core	no	no	no
bin_4_52	bin-4-52	bin_4_52_01568	cds	contig_51	157643	0.4449	72445	72795	-	72444	116		Spx/MgsR family transcriptional regulator	no	group_4174	en_familia	23	1.0000	core	core	no	no	no
bin_4_52	bin-4-52	bin_4_52_01569	cds	contig_51	157643	0.4449	73281	74099	-	73280	272		exodeoxyribonuclease III	no	group_4926	en_familia	23	1.0000	core	core	no	no	no
bin_4_52	bin-4-52	bin_4_52_01570	cds	contig_51	157643	0.4449	74140	74790	+	74139	216		Orotate phosphoribosyltransferase	no	group_4173	en_familia	23	1.0000	core	core	no	no	no
bin_4_52	bin-4-52	bin_4_52_01571	cds	contig_51	157643	0.4449	75162	76364	+	75161	400		Serine aminopeptidase S33 domain-containing protein	no	group_4994	en_familia	12	0.5217	shell	shell	si	no	no
bin_4_52	bin-4-52	bin_4_52_01572	cds	contig_51	157643	0.4449	76459	77235	+	76458	258		7-alpha-hydroxysteroid dehydrogenase (EC)	no	group_4995	en_familia	12	0.5217	shell	shell	si	no	no
bin_4_52	bin-4-52	bin_4_52_01573	cds	contig_51	157643	0.4449	77464	78342	-	77463	292		Copper resistance protein B	no	group_5082	en_familia	15	0.6522	shell	shell	si	no	no
bin_4_52	bin-4-52	bin_4_52_01574	cds	contig_51	157643	0.4449	78329	79498	-	78145	389		Plastocyanin-like domain-containing protein	no	group_5081	en_familia	23	1.0000	core	core	no	no	no
bin_4_52	bin-4-52	bin_4_52_01575	cds	contig_51	157643	0.4449	79503	80072	-	77571	189		Plastocyanin-like domain-containing protein	no	group_5081	en_familia	23	1.0000	core	core	no	no	no
bin_4_52	bin-4-52	bin_4_52_01576	cds	contig_51	157643	0.4449	80115	80531	-	77112	138		DUF2946 domain-containing protein	no	group_4902	en_familia	17	0.7391	shell	shell	si	no	no
bin_4_52	bin-4-52	bin_4_52_01577	cds	contig_51	157643	0.4449	80703	80912	-	76731	69		DUF3565 domain-containing protein	no	group_4108	en_familia	23	1.0000	core	core	no	no	no
bin_4_52	bin-4-52	bin_4_52_01578	cds	contig_51	157643	0.4449	81031	81978	+	75665	315	gshB	glutathione synthase	no	gshB	en_familia	23	1.0000	core	core	no	no	no
bin_4_52	bin-4-52	bin_4_52_01579	cds	contig_51	157643	0.4449	82022	83221	-	74422	399		Major facilitator superfamily (MFS) profile domain-containing protein	no	group_3667	en_familia	23	1.0000	core	core	no	no	no
bin_4_52	bin-4-52	bin_4_52_01580	cds	contig_51	157643	0.4449	83634	84731	+	72912	365	murG	undecaprenyldiphospho-muramoylpentapeptide beta-N-acetylglucosaminyltransferase	no	murG	en_familia	23	1.0000	core	core	no	no	no
bin_4_52	bin-4-52	bin_4_52_01581	cds	contig_51	157643	0.4449	84744	86192	+	71451	482	murC	UDP-N-acetylmuramate--L-alanine ligase	no	murC	en_familia	23	1.0000	core	core	no	no	no
bin_4_52	bin-4-52	bin_4_52_01582	cds	contig_51	157643	0.4449	86249	87178	+	70465	309		D-alanine--D-alanine ligase	no	group_927	en_familia	23	1.0000	core	core	no	no	no
bin_4_52	bin-4-52	bin_4_52_01583	cds	contig_51	157643	0.4449	87182	88036	+	69607	284	ftsQ	Cell division protein FtsQ	no	ftsQ	en_familia	23	1.0000	core	core	no	no	no
bin_4_52	bin-4-52	bin_4_52_01584	cds	contig_51	157643	0.4449	88103	89365	+	68278	420	ftsA	cell division protein FtsA	no	ftsA	en_familia	23	1.0000	core	core	no	no	no
bin_4_52	bin-4-52	bin_4_52_01585	cds	contig_51	157643	0.4449	89526	90713	+	66930	395	ftsZ	cell division protein FtsZ	no	ftsZ	en_familia	23	1.0000	core	core	no	no	no
bin_4_52	bin-4-52	bin_4_52_01586	cds	contig_51	157643	0.4449	90840	91742	+	65901	300	lpxC	UDP-3-O-acyl-N-acetylglucosamine deacetylase	no	lpxC	en_familia	23	1.0000	core	core	no	no	no
bin_4_52	bin-4-52	bin_4_52_01587	cds	contig_51	157643	0.4449	91841	92281	-	65362	146		DUF721 domain-containing protein	no	group_3455	en_familia	23	1.0000	core	core	no	no	no
bin_4_52	bin-4-52	bin_4_52_01588	cds	contig_51	157643	0.4449	92390	93088	+	64555	232		Peptidase M23 domain-containing protein	no	group_1326	en_familia	23	1.0000	core	core	no	no	no
bin_4_52	bin-4-52	bin_4_52_01589	cds	contig_51	157643	0.4449	93420	96122	+	61521	900	aceE	pyruvate dehydrogenase (acetyl-transferring), homodimeric type	no	aceE	en_familia	23	1.0000	core	core	no	no	no
bin_4_52	bin-4-52	bin_4_52_01590	cds	contig_51	157643	0.4449	96125	98155	+	59488	676		Acetyltransferase component of pyruvate dehydrogenase complex	no	aceF	en_familia	23	1.0000	core	core	no	no	no
bin_4_52	bin-4-52	bin_4_52_01591	cds	contig_51	157643	0.4449	98459	99034	+	58609	191		GDT1 family protein	no	group_1565	en_familia	23	1.0000	core	core	no	no	no
bin_4_52	bin-4-52	bin_4_52_01592	cds	contig_51	157643	0.4449	99218	100015	+	57628	265	fprA1	Flavo-diiron protein FprA1	no	fprA1	en_familia	23	1.0000	core	core	no	no	no
bin_4_52	bin-4-52	bin_4_52_01593	cds	contig_51	157643	0.4449	100206	100475	+	57168	89		Ferredoxin	no	group_3852	en_familia	23	1.0000	core	core	no	no	no
bin_4_52	bin-4-52	bin_4_52_01594	cds	contig_51	157643	0.4449	100826	102292	+	55351	488	guaB	IMP dehydrogenase	no	guaB	en_familia	23	1.0000	core	core	no	no	no
bin_4_52	bin-4-52	bin_4_52_01595	cds	contig_51	157643	0.4449	102416	103747	+	53896	443	glmM	phosphoglucosamine mutase	no	glmM	en_familia	23	1.0000	core	core	no	no	no
bin_4_52	bin-4-52	bin_4_52_01596	cds	contig_51	157643	0.4449	103776	104432	+	53211	218	pdxH	pyridoxamine 5'-phosphate oxidase	no	pdxH	en_familia	23	1.0000	core	core	no	no	no
bin_4_52	bin-4-52	bin_4_52_01597	cds	contig_51	157643	0.4449	104433	106136	+	51507	567	recJ	single-stranded-DNA-specific exonuclease RecJ	no	recJ	en_familia	23	1.0000	core	core	no	no	no
bin_4_52	bin-4-52	bin_4_52_01598	cds	contig_51	157643	0.4449	106188	107051	-	50592	287		Porin domain-containing protein	no	group_1056	en_familia	7	0.3043	shell	shell	si	no	no
bin_4_52	bin-4-52	bin_4_52_01599	cds	contig_51	157643	0.4449	107106	107885	-	49758	259		Porin	no	group_3614	en_familia	23	1.0000	core	core	no	no	no
bin_4_52	bin-4-52	bin_4_52_01600	cds	contig_51	157643	0.4449	108420	109469	+	48174	349	prfB	peptide chain release factor 2	no	prfB	en_familia	23	1.0000	core	core	no	no	no
bin_4_52	bin-4-52	bin_4_52_01601	cds	contig_51	157643	0.4449	109616	109915	+	47728	99		HTH arsR-type domain-containing protein	no	group_2446	en_familia	23	1.0000	core	core	no	no	no
bin_4_52	bin-4-52	bin_4_52_01602	cds	contig_51	157643	0.4449	109941	111026	+	46617	361		NADH:flavin oxidoreductase/NADH oxidase N-terminal domain-containing protein	no	group_690	en_familia	23	1.0000	core	core	no	no	no
bin_4_52	bin-4-52	bin_4_52_01603	cds	contig_51	157643	0.4449	111053	112387	+	45256	444		3-deoxy-D-manno-octulosonic acid transferase	no	group_4037	en_familia	23	1.0000	core	core	no	no	no
bin_4_52	bin-4-52	bin_4_52_01604	cds	contig_51	157643	0.4449	112668	113381	+	44262	237		16S rRNA (uracil(1498)-N(3))-methyltransferase	no	group_4093	en_familia	23	1.0000	core	core	no	no	no
bin_4_52	bin-4-52	bin_4_52_01605	cds	contig_51	157643	0.4449	113355	114335	-	43308	326		Small-conductance mechanosensitive channel	no	group_838	en_familia	23	1.0000	core	core	no	no	no
bin_4_52	bin-4-52	bin_4_52_01606	cds	contig_51	157643	0.4449	114442	115065	-	42578	207		DUF805 domain-containing protein	no	group_3442	en_familia	23	1.0000	core	core	no	no	no
bin_4_52	bin-4-52	bin_4_52_01607	cds	contig_51	157643	0.4449	115318	117261	+	40382	647	acs	acetate--CoA ligase	no	acs	en_familia	23	1.0000	core	core	no	no	no
bin_4_52	bin-4-52	bin_4_52_01608	cds	contig_51	157643	0.4449	117408	118589	+	39054	393		Acyl-CoA dehydrogenase C-terminal domain-containing protein	no	group_3777	en_familia	23	1.0000	core	core	no	no	no
bin_4_52	bin-4-52	bin_4_52_01609	cds	contig_51	157643	0.4449	118644	120059	-	37584	471	phrB	deoxyribodipyrimidine photo-lyase	no	phrB	en_familia	23	1.0000	core	core	no	no	no
bin_4_52	bin-4-52	bin_4_52_01610	cds	contig_51	157643	0.4449	120177	120797	-	36846	206		riboflavin synthase subunit alpha	no	group_3872	en_familia	23	1.0000	core	core	no	no	no
bin_4_52	bin-4-52	bin_4_52_01611	cds	contig_51	157643	0.4449	120958	122070	-	35573	370	sfnG	dimethylsulfone monooxygenase SfnG	no	sfnG	en_familia	23	1.0000	core	core	no	no	no
bin_4_52	bin-4-52	bin_4_52_01612	cds	contig_51	157643	0.4449	122099	122833	-	34810	244	msuE	FMN reductase	no	msuE	en_familia	23	1.0000	core	core	no	no	no
bin_4_52	bin-4-52	bin_4_52_01613	cds	contig_51	157643	0.4449	123208	123858	+	33785	216	citB	DNA-binding response regulator	no	citB	en_familia	23	1.0000	core	core	no	no	no
bin_4_52	bin-4-52	bin_4_52_01614	cds	contig_51	157643	0.4449	123922	124683	-	32960	253		DUF2063 domain-containing protein	no	group_3702	en_familia	23	1.0000	core	core	no	no	no
bin_4_52	bin-4-52	bin_4_52_01615	cds	contig_51	157643	0.4449	125098	128589	-	29054	1163		histidine kinase	no	group_34	en_familia	23	1.0000	core	core	no	no	no
bin_4_52	bin-4-52	bin_4_52_01616	cds	contig_51	157643	0.4449	128774	129106	+	28537	110		DUF485 domain-containing protein	no	yjcH	en_familia	23	1.0000	core	core	no	no	no
bin_4_52	bin-4-52	bin_4_52_01617	cds	contig_51	157643	0.4449	129108	130817	+	26826	569	actP	Cation/acetate symporter ActP	no	group_3776	en_familia	23	1.0000	core	core	no	no	no
bin_4_52	bin-4-52	bin_4_52_01618	cds	contig_51	157643	0.4449	131146	133107	+	24536	653		High-affinity choline transporter	no	group_4736	en_familia	23	1.0000	core	core	no	no	no
bin_4_52	bin-4-52	bin_4_52_01619	cds	contig_51	157643	0.4449	133603	134310	+	23333	235		Potassium channel domain-containing protein	no	group_1309	en_familia	23	1.0000	core	core	no	no	no
bin_4_52	bin-4-52	bin_4_52_01620	cds	contig_51	157643	0.4449	134347	135267	-	22376	306	omp33-36	porin Omp33-36	no	omp3336	en_familia	23	1.0000	core	core	no	no	no
bin_4_52	bin-4-52	bin_4_52_01621	cds	contig_51	157643	0.4449	136397	138100	+	19543	567		diguanylate cyclase	no	group_214	en_familia	22	0.9565	core	core	no	no	no
bin_4_52	bin-4-52	bin_4_52_01622	cds	contig_51	157643	0.4449	138244	141075	-	16568	943	uvrA	excinuclease ABC subunit UvrA	no	group_5135	en_familia	23	1.0000	core	core	no	no	no
bin_4_52	bin-4-52	bin_4_52_01623	cds	contig_51	157643	0.4449	141421	142089	-	15554	222	tenA	thiaminase II	no	tenA	en_familia	23	1.0000	core	core	no	no	no
bin_4_52	bin-4-52	bin_4_52_01624	cds	contig_51	157643	0.4449	142312	143400	+	14243	362		DUF475 domain-containing protein	no	group_3885	en_familia	23	1.0000	core	core	no	no	no
bin_4_52	bin-4-52	bin_4_52_01625	cds	contig_51	157643	0.4449	143555	144919	+	12724	454		Major facilitator superfamily (MFS) profile domain-containing protein	no	group_355	en_familia	22	0.9565	core	core	no	no	no
bin_4_52	bin-4-52	bin_4_52_01626	cds	contig_51	157643	0.4449	144971	145552	+	12091	193		Single-stranded DNA-binding protein	no	group_1550	en_familia	22	0.9565	core	core	no	no	no
bin_4_52	bin-4-52	bin_4_52_01627	cds	contig_51	157643	0.4449	145607	146092	-	11551	161		DUF4442 domain-containing protein	no	group_3496	en_familia	22	0.9565	core	core	no	no	no
bin_4_52	bin-4-52	bin_4_52_01628	cds	contig_51	157643	0.4449	146237	146851	+	10792	204		HTH tetR-type domain-containing protein	no	group_4594	en_familia	23	1.0000	core	core	no	no	no
bin_4_52	bin-4-52	bin_4_52_01629	cds	contig_51	157643	0.4449	147020	147583	+	10060	187	ahpC	alkyl hydroperoxide reductase subunit C	no	ahpC	en_familia	23	1.0000	core	core	no	no	no
bin_4_52	bin-4-52	bin_4_52_01630	cds	contig_51	157643	0.4449	147909	148787	+	8856	292		Pirin N-terminal domain-containing protein	no	group_3396	en_familia	23	1.0000	core	core	no	no	no
bin_4_52	bin-4-52	bin_4_52_01631	cds	contig_51	157643	0.4449	148904	149077	+	8566	57		hypothetical protein	no	group_3910	en_familia	18	0.7826	shell	shell	si	no	no
bin_4_52	bin-4-52	bin_4_52_01632	cds	contig_51	157643	0.4449	149202	150509	+	7134	435		Amine oxidase domain-containing protein	no	group_402	en_familia	23	1.0000	core	core	no	no	no
bin_4_52	bin-4-52	bin_4_52_01633	cds	contig_51	157643	0.4449	150512	151360	+	6283	282		Methyltransferase domain-containing protein	no	group_3911	en_familia	23	1.0000	core	core	no	no	no
bin_4_52	bin-4-52	bin_4_52_01635	cds	contig_51	157643	0.4449	151740	151967	-	5676	75	kfrA	KfrA N-terminal DNA-binding domain-containing protein	no	group_2735	en_familia	23	1.0000	core	core	no	no	no
bin_4_52	bin-4-52	bin_4_52_01636	cds	contig_51	157643	0.4449	152229	152579	-	5064	116		Lipoprotein	no	group_4448	en_familia	23	1.0000	core	core	no	no	no
bin_4_52	bin-4-52	bin_4_52_01638	cds	contig_51	157643	0.4449	153260	155140	+	2503	626	kup	potassium uptake protein	no	group_3596	en_familia	23	1.0000	core	core	no	no	no
bin_4_52	bin-4-52	bin_4_52_01639	cds	contig_51	157643	0.4449	155207	155668	-	1975	153		hypothetical protein	no	group_4016	en_familia	23	1.0000	core	core	no	no	no
bin_4_52	bin-4-52	bin_4_52_01640	cds	contig_51	157643	0.4449	155935	157053	+	590	372		Endonuclease	no	group_637	en_familia	23	1.0000	core	core	no	no	no
bin_4_52	bin-4-52	bin_4_52_01641	cds	contig_51	157643	0.4449	157134	157379	+	264	81		Condensation domain-containing protein	no	group_2660	en_familia	23	1.0000	core	core	no	no	no
bin_4_52	bin-4-52	bin_4_52_01642	cds	contig_52	11110	0.4394	71	1243	+	70	390	fadA	acetyl-CoA C-acyltransferase FadA	no		no_en_pangenoma			no_en_pangenoma	no_en_pangenoma			no
bin_4_52	bin-4-52	bin_4_52_01643	cds	contig_52	11110	0.4394	2104	2619	-	2103	171	ykgB	Inner membrane protein ykgB	no	ykgB	en_familia	4	0.1739	shell	shell	si	no	no
bin_4_52	bin-4-52	bin_4_52_01644	cds	contig_52	11110	0.4394	2757	3311	-	2756	184		Carboxymuconolactone decarboxylase-like domain-containing protein	no	group_1601	en_familia	4	0.1739	shell	shell	si	no	no
bin_4_52	bin-4-52	bin_4_52_01645	cds	contig_52	11110	0.4394	4086	5360	+	4085	424		GAF domain-containing protein	no	group_4289	en_familia	5	0.2174	shell	shell	si	no	no
bin_4_52	bin-4-52	bin_4_52_01646	cds	contig_52	11110	0.4394	5405	6340	-	4770	311		HTH araC/xylS-type domain-containing protein	no	group_4619	en_familia	2	0.0870	cloud	cloud	si	si	no
bin_4_52	bin-4-52	bin_4_52_01647	cds	contig_52	11110	0.4394	6463	6951	+	4159	162	msrA	Peptide methionine sulfoxide reductase MsrA	no	group_3556	en_familia	4	0.1739	shell	shell	si	no	no
bin_4_52	bin-4-52	bin_4_52_01648	cds	contig_52	11110	0.4394	6979	7215	+	3895	78		Glutaredoxin-3	no	group_4361	en_familia	5	0.2174	shell	shell	si	no	no
bin_4_52	bin-4-52	bin_4_52_01649	cds	contig_52	11110	0.4394	7247	7687	+	3423	146		peptide-methionine (R)-S-oxide reductase	no	group_1975	en_familia	5	0.2174	shell	shell	si	no	no
bin_4_52	bin-4-52	bin_4_52_01650	cds	contig_52	11110	0.4394	8005	8313	+	2797	102		ABM domain-containing protein	no	group_2405	en_familia	5	0.2174	shell	shell	si	no	no
bin_4_52	bin-4-52	bin_4_52_01651	cds	contig_52	11110	0.4394	8310	9584	+	1526	424		acetyl-CoA C-acetyltransferase	no	group_436	en_familia	5	0.2174	shell	shell	si	no	no
bin_4_52	bin-4-52	bin_4_52_01652	cds	contig_52	11110	0.4394	9594	10256	+	854	220	msrA	Peptide methionine sulfoxide reductase MsrA	no	msrA	en_familia	5	0.2174	shell	shell	si	no	no
bin_4_52	bin-4-52	bin_4_52_01653	cds	contig_52	11110	0.4394	10870	11058	+	52	62		hypothetical protein	no	group_5992	en_familia	3	0.1304	cloud	cloud	si	si	no
bin_4_52	bin-4-52	bin_4_52_01654	cds	contig_53	46595	0.4177	405	812	+	404	135	ybgC	tol-pal system-associated acyl-CoA thioesterase	no	ybgC	en_familia	23	1.0000	core	core	no	no	no
bin_4_52	bin-4-52	bin_4_52_01655	cds	contig_53	46595	0.4177	840	1538	+	839	232	tolQ	protein TolQ	no	tolQ	en_familia	23	1.0000	core	core	no	no	no
bin_4_52	bin-4-52	bin_4_52_01656	cds	contig_53	46595	0.4177	1538	1987	+	1537	149	tolR	protein TolR	no	tolR	en_familia	23	1.0000	core	core	no	no	no
bin_4_52	bin-4-52	bin_4_52_01657	cds	contig_53	46595	0.4177	1991	3229	+	1990	412	tolA	cell envelope integrity protein TolA	no	group_3929	en_familia	23	1.0000	core	core	no	no	no
bin_4_52	bin-4-52	bin_4_52_01658	cds	contig_53	46595	0.4177	3431	4717	+	3430	428	tolB	Tol-Pal system beta propeller repeat protein TolB	no	tolB	en_familia	23	1.0000	core	core	no	no	no
bin_4_52	bin-4-52	bin_4_52_01659	cds	contig_53	46595	0.4177	4758	5330	+	4757	190	pal	peptidoglycan-associated lipoprotein Pal	no	pal	en_familia	23	1.0000	core	core	no	no	no
bin_4_52	bin-4-52	bin_4_52_01660	cds	contig_53	46595	0.4177	5409	5594	-	5408	61		NF038105 family protein	no	group_2885	en_familia	23	1.0000	core	core	no	no	no
bin_4_52	bin-4-52	bin_4_52_01661	cds	contig_53	46595	0.4177	5776	6750	+	5775	324		class 1 fructose-bisphosphatase	no	group_847	en_familia	23	1.0000	core	core	no	no	no
bin_4_52	bin-4-52	bin_4_52_01662	cds	contig_53	46595	0.4177	6802	7578	+	6801	258	spoU	SpoU rRNA Methylase family	no	group_1171	en_familia	23	1.0000	core	core	no	no	no
bin_4_52	bin-4-52	bin_4_52_01663	cds	contig_53	46595	0.4177	7747	8361	+	7746	204		RNA polymerase sigma factor	no	group_4193	en_familia	23	1.0000	core	core	no	no	no
bin_4_52	bin-4-52	bin_4_52_01664	cds	contig_53	46595	0.4177	8358	8675	+	8357	105		Tat pathway signal protein	no	group_3527	en_familia	23	1.0000	core	core	no	no	no
bin_4_52	bin-4-52	bin_4_52_01665	cds	contig_53	46595	0.4177	8665	9063	+	8664	132		Restriction endonuclease	no	group_2084	en_familia	23	1.0000	core	core	no	no	no
bin_4_52	bin-4-52	bin_4_52_01666	cds	contig_53	46595	0.4177	9154	11604	-	9153	816		CSLREA domain-containing protein	no	group_4374	en_familia	23	1.0000	core	core	no	no	no
bin_4_52	bin-4-52	bin_4_52_01667	cds	contig_53	46595	0.4177	11616	13484	-	11615	622	rbtA	rhombotarget A	no	rbtA	en_familia	22	0.9565	core	core	no	no	no
bin_4_52	bin-4-52	bin_4_52_01668	cds	contig_53	46595	0.4177	13608	14312	-	13607	234	hda	DnaA regulatory inactivator Hda	no	hda	en_familia	23	1.0000	core	core	no	no	no
bin_4_52	bin-4-52	bin_4_52_01669	cds	contig_53	46595	0.4177	14327	15547	-	14326	406	cxpE	chloramphenicol efflux transporter CxpE	no	cxpE	en_familia	23	1.0000	core	core	no	no	no
bin_4_52	bin-4-52	bin_4_52_01670	cds	contig_53	46595	0.4177	15682	16752	+	15681	356	purM	Phosphoribosylformylglycinamidine cyclo-ligase	no	purM	en_familia	23	1.0000	core	core	no	no	no
bin_4_52	bin-4-52	bin_4_52_01671	cds	contig_53	46595	0.4177	16757	17386	+	16756	209	purN	phosphoribosylglycinamide formyltransferase	no	purN	en_familia	23	1.0000	core	core	no	no	no
bin_4_52	bin-4-52	bin_4_52_01672	cds	contig_53	46595	0.4177	17443	18249	-	17442	268		AB hydrolase-1 domain-containing protein	no	group_4567	en_familia	23	1.0000	core	core	no	no	no
bin_4_52	bin-4-52	bin_4_52_01673	cds	contig_53	46595	0.4177	18246	19268	-	18245	340	sppA	Signal peptide peptidase SppA	no	sppA	en_familia	23	1.0000	core	core	no	no	no
bin_4_52	bin-4-52	bin_4_52_01674	cds	contig_53	46595	0.4177	19397	20407	+	19396	336		Lipid A biosynthesis acyltransferase	no	group_3731	en_familia	23	1.0000	core	core	no	no	no
bin_4_52	bin-4-52	bin_4_52_01675	cds	contig_53	46595	0.4177	20394	22847	-	20393	817		DNA internalization-related competence protein ComEC/Rec2	no	group_4666	en_familia	23	1.0000	core	core	no	no	no
bin_4_52	bin-4-52	bin_4_52_01676	cds	contig_53	46595	0.4177	22944	23627	-	22943	227	lolD	lipoprotein-releasing ABC transporter ATP-binding protein LolD	no	lolD	en_familia	23	1.0000	core	core	no	no	no
bin_4_52	bin-4-52	bin_4_52_01677	cds	contig_53	46595	0.4177	23620	24855	-	21740	411		lipoprotein-releasing ABC transporter permease subunit	no	group_3625	en_familia	23	1.0000	core	core	no	no	no
bin_4_52	bin-4-52	bin_4_52_01678	cds	contig_53	46595	0.4177	24882	25448	+	21147	188	pilZ	PilZ domain-containing protein	no	pilZ	en_familia	23	1.0000	core	core	no	no	no
bin_4_52	bin-4-52	bin_4_52_01679	cds	contig_53	46595	0.4177	25459	26361	-	20234	300	eamA	EamA domain-containing protein	no	eamA	en_familia	23	1.0000	core	core	no	no	no
bin_4_52	bin-4-52	bin_4_52_01680	cds	contig_53	46595	0.4177	26377	26850	-	19745	157		YaiI/YqxD family protein	no	group_1862	en_familia	23	1.0000	core	core	no	no	no
bin_4_52	bin-4-52	bin_4_52_01681	cds	contig_53	46595	0.4177	27110	28039	+	18556	309		DUF1963 domain-containing protein	no	group_925	en_familia	23	1.0000	core	core	no	no	no
bin_4_52	bin-4-52	bin_4_52_01682	cds	contig_53	46595	0.4177	28646	29728	-	16867	360	serC	3-phosphoserine/phosphohydroxythreonine transaminase	no	serC	en_familia	23	1.0000	core	core	no	no	no
bin_4_52	bin-4-52	bin_4_52_01683	cds	contig_53	46595	0.4177	29874	30428	-	16167	184		hypothetical protein	no	group_3853	en_familia	14	0.6087	shell	shell	si	no	no
bin_4_52	bin-4-52	bin_4_52_01684	cds	contig_53	46595	0.4177	30915	32378	+	14217	487		Outer membrane efflux protein	no	group_4786	en_familia	23	1.0000	core	core	no	no	no
bin_4_52	bin-4-52	bin_4_52_01685	cds	contig_53	46595	0.4177	32390	33475	+	13120	361		Membrane fusion protein biotin-lipoyl like domain-containing protein	no	group_4867	en_familia	23	1.0000	core	core	no	no	no
bin_4_52	bin-4-52	bin_4_52_01686	cds	contig_53	46595	0.4177	33475	34605	+	11990	376		ABC-2 type transporter transmembrane domain-containing protein	no	group_4036	en_familia	23	1.0000	core	core	no	no	no
bin_4_52	bin-4-52	bin_4_52_01687	cds	contig_53	46595	0.4177	34602	35696	+	10899	364		ABC-2 type transporter transmembrane domain-containing protein	no	group_4699	en_familia	23	1.0000	core	core	no	no	no
bin_4_52	bin-4-52	bin_4_52_01688	cds	contig_53	46595	0.4177	35722	36243	-	10352	173		DUF4878 domain-containing protein	no	group_3709	en_familia	23	1.0000	core	core	no	no	no
bin_4_52	bin-4-52	bin_4_52_01689	cds	contig_53	46595	0.4177	36206	39181	-	7414	991	gyrA	DNA gyrase subunit A	no	gyrA	en_familia	23	1.0000	core	core	no	no	no
bin_4_52	bin-4-52	bin_4_52_01690	cds	contig_53	46595	0.4177	39770	40144	-	6451	124		hypothetical protein	no	group_3708	en_familia	11	0.4783	shell	shell	si	no	no
bin_4_52	bin-4-52	bin_4_52_01691	cds	contig_53	46595	0.4177	40251	41183	-	5412	310		Electron transfer flavoprotein subunit alpha	no	group_919	en_familia	23	1.0000	core	core	no	no	no
bin_4_52	bin-4-52	bin_4_52_01692	cds	contig_53	46595	0.4177	41202	41954	-	4641	250		Electron transfer flavoprotein subunit beta	no	group_1215	en_familia	23	1.0000	core	core	no	no	no
bin_4_52	bin-4-52	bin_4_52_01693	cds	contig_53	46595	0.4177	42507	43112	-	3483	201	lysE	LysE family translocator	no	lysE	en_familia	23	1.0000	core	core	no	no	no
bin_4_52	bin-4-52	bin_4_52_01694	cds	contig_53	46595	0.4177	43227	43721	+	2874	164		HTH asnC-type domain-containing protein	no	group_1785	en_familia	23	1.0000	core	core	no	no	no
bin_4_52	bin-4-52	bin_4_52_01695	cds	contig_53	46595	0.4177	43778	44158	-	2437	126		Transposase	no	group_4327	en_familia	23	1.0000	core	core	no	no	no
bin_4_52	bin-4-52	bin_4_52_01696	cds	contig_53	46595	0.4177	44775	46499	+	96	574		Amidase domain-containing protein	no	group_3600	en_familia	7	0.3043	shell	shell	si	no	no
bin_4_52	bin-4-52	bin_4_52_01697	cds	contig_54	52125	0.4297	522	2249	+	521	575		NAD-dependent malic enzyme	no	group_5047	en_familia	20	0.8696	shell	shell	si	no	no
bin_4_52	bin-4-52	bin_4_52_01698	cds	contig_54	52125	0.4297	2534	3787	+	2533	417		RND efflux pump membrane fusion protein barrel-sandwich domain-containing protein	no	group_5048	en_familia	17	0.7391	shell	shell	si	no	no
bin_4_52	bin-4-52	bin_4_52_01699	cds	contig_54	52125	0.4297	3784	5007	+	3783	407		ABC3 transporter permease protein domain-containing protein	no	group_5195	en_familia	17	0.7391	shell	shell	si	no	no
bin_4_52	bin-4-52	bin_4_52_01700	cds	contig_54	52125	0.4297	5000	5731	+	4999	243		ABC transporter domain-containing protein	no	group_4962	en_familia	17	0.7391	shell	shell	si	no	no
bin_4_52	bin-4-52	bin_4_52_01701	cds	contig_54	52125	0.4297	5925	6116	-	5924	63		hypothetical protein	no	group_4233	en_familia	22	0.9565	core	core	no	no	no
bin_4_52	bin-4-52	bin_4_52_01702	cds	contig_54	52125	0.4297	6541	7194	+	6540	217	yitT	YitT family protein	no	yitT	en_familia	23	1.0000	core	core	no	no	no
bin_4_52	bin-4-52	bin_4_52_01703	cds	contig_54	52125	0.4297	8183	10420	+	8182	745	icdM	NADP-dependent isocitrate dehydrogenase	no	icdM	en_familia	23	1.0000	core	core	no	no	no
bin_4_52	bin-4-52	bin_4_52_01704	cds	contig_54	52125	0.4297	10727	11767	+	10726	346		Calcineurin-like phosphoesterase domain-containing protein	no	group_3746	en_familia	23	1.0000	core	core	no	no	no
bin_4_52	bin-4-52	bin_4_52_01705	cds	contig_54	52125	0.4297	11846	12268	-	11845	140	osmC	OsmC family protein	no	group_4636	en_familia	23	1.0000	core	core	no	no	no
bin_4_52	bin-4-52	bin_4_52_01706	cds	contig_54	52125	0.4297	12416	13120	+	12415	234	crp	cAMP-activated global transcriptional regulator CRP	no	crp	en_familia	23	1.0000	core	core	no	no	no
bin_4_52	bin-4-52	bin_4_52_01707	cds	contig_54	52125	0.4297	13303	14352	+	13302	349		NADP(H)-dependent aldo-keto reductase	no	group_3696	en_familia	23	1.0000	core	core	no	no	no
bin_4_52	bin-4-52	bin_4_52_01708	cds	contig_54	52125	0.4297	14601	17180	+	14600	859	clpB	ATP-dependent chaperone ClpB	no	clpB	en_familia	23	1.0000	core	core	no	no	no
bin_4_52	bin-4-52	bin_4_52_01709	cds	contig_54	52125	0.4297	17332	19536	-	17331	734	rlmL	bifunctional 23S rRNA (guanine(2069)-N(7))-methyltransferase RlmK/23S rRNA (guanine(2445)-N(2))-methyltransferase RlmL	no	group_3538	en_familia	23	1.0000	core	core	no	no	no
bin_4_52	bin-4-52	bin_4_52_01710	cds	contig_54	52125	0.4297	19785	20111	+	19784	108		ACT domain-containing protein	no	group_2336	en_familia	23	1.0000	core	core	no	no	no
bin_4_52	bin-4-52	bin_4_52_01711	cds	contig_54	52125	0.4297	20337	21353	+	20336	338		aspartate carbamoyltransferase catalytic subunit	no	group_5020	en_familia	23	1.0000	core	core	no	no	no
bin_4_52	bin-4-52	bin_4_52_01712	cds	contig_54	52125	0.4297	21364	22602	+	21363	412		Aspartate carbamoyltransferase	no	group_4690	en_familia	23	1.0000	core	core	no	no	no
bin_4_52	bin-4-52	bin_4_52_01713	cds	contig_54	52125	0.4297	22787	24280	+	22786	497		OmpA-like domain-containing protein	no	group_4689	en_familia	23	1.0000	core	core	no	no	no
bin_4_52	bin-4-52	bin_4_52_01714	cds	contig_54	52125	0.4297	24407	25186	+	24406	259		DUF2520 domain-containing protein	no	group_5098	en_familia	23	1.0000	core	core	no	no	no
bin_4_52	bin-4-52	bin_4_52_01715	cds	contig_54	52125	0.4297	25324	25455	+	25323	43		hypothetical protein	no	group_5099	en_familia	23	1.0000	core	core	no	no	no
bin_4_52	bin-4-52	bin_4_52_01716	cds	contig_54	52125	0.4297	25476	26933	+	25192	485		Glucose-methanol-choline oxidoreductase N-terminal domain-containing protein	no	group_5099	en_familia	23	1.0000	core	core	no	no	no
bin_4_52	bin-4-52	bin_4_52_01717	cds	contig_54	52125	0.4297	26976	28403	+	23722	475		Aldehyde dehydrogenase	no	group_5051	en_familia	23	1.0000	core	core	no	no	no
bin_4_52	bin-4-52	bin_4_52_01718	cds	contig_54	52125	0.4297	28570	29286	-	22839	238	trmB	tRNA (guanosine(46)-N7)-methyltransferase TrmB	no	trmB	en_familia	23	1.0000	core	core	no	no	no
bin_4_52	bin-4-52	bin_4_52_01719	cds	contig_54	52125	0.4297	29446	30891	-	21234	481		STAS domain-containing protein	no	group_4535	en_familia	23	1.0000	core	core	no	no	no
bin_4_52	bin-4-52	bin_4_52_01720	cds	contig_54	52125	0.4297	31110	31721	+	20404	203	gstA	glutathione transferase GstA	no	gstA	en_familia	23	1.0000	core	core	no	no	no
bin_4_52	bin-4-52	bin_4_52_01721	cds	contig_54	52125	0.4297	31794	32576	-	19549	260	thiG	Thiazole synthase	no	thiG	en_familia	23	1.0000	core	core	no	no	no
bin_4_52	bin-4-52	bin_4_52_01722	cds	contig_54	52125	0.4297	32591	32788	-	19337	65	thiS	sulfur carrier protein ThiS	no	thiS	en_familia	23	1.0000	core	core	no	no	no
bin_4_52	bin-4-52	bin_4_52_01723	cds	contig_54	52125	0.4297	32817	33182	-	18943	121		DUF423 domain-containing protein	no	group_4151	en_familia	23	1.0000	core	core	no	no	no
bin_4_52	bin-4-52	bin_4_52_01724	cds	contig_54	52125	0.4297	33304	34173	-	17952	289	rpoH	RNA polymerase sigma factor RpoH	no	rpoH	en_familia	23	1.0000	core	core	no	no	no
bin_4_52	bin-4-52	bin_4_52_01725	cds	contig_54	52125	0.4297	34315	34563	-	17562	82		UPF0033 domain-containing protein	no	group_4152	en_familia	23	1.0000	core	core	no	no	no
bin_4_52	bin-4-52	bin_4_52_01726	cds	contig_54	52125	0.4297	34932	35147	+	16978	71	cspC	CSD domain-containing protein	no	cspC	en_familia	23	1.0000	core	core	no	no	no
bin_4_52	bin-4-52	bin_4_52_01727	cds	contig_54	52125	0.4297	35246	36397	+	15728	383	rhlB	ATP-dependent RNA helicase RhlB	no	rhlB	en_familia	23	1.0000	core	core	no	no	no
bin_4_52	bin-4-52	bin_4_52_01728	cds	contig_54	52125	0.4297	36456	36836	-	15289	126		DUF4156 domain-containing protein	no	group_4275	en_familia	23	1.0000	core	core	no	no	no
bin_4_52	bin-4-52	bin_4_52_01729	cds	contig_54	52125	0.4297	37096	37677	+	14448	193		Putative NAD(P)H nitroreductase	no	group_1549	en_familia	23	1.0000	core	core	no	no	no
bin_4_52	bin-4-52	bin_4_52_01730	cds	contig_54	52125	0.4297	37706	38779	+	13346	357		NAD(P)H-dependent glycerol-3-phosphate dehydrogenase	no	group_704	en_familia	23	1.0000	core	core	no	no	no
bin_4_52	bin-4-52	bin_4_52_01731	cds	contig_54	52125	0.4297	38859	39314	+	12811	151	sixA	phosphohistidine phosphatase SixA	no	sixA	en_familia	23	1.0000	core	core	no	no	no
bin_4_52	bin-4-52	bin_4_52_01732	cds	contig_54	52125	0.4297	39344	40483	+	11642	379	gspL	type II secretion system protein GspL	no	gspL	en_familia	23	1.0000	core	core	no	no	no
bin_4_52	bin-4-52	bin_4_52_01733	cds	contig_54	52125	0.4297	40483	40962	+	11163	159		Type II secretion system protein M	no	group_1841	en_familia	23	1.0000	core	core	no	no	no
bin_4_52	bin-4-52	bin_4_52_01734	cds	contig_54	52125	0.4297	41053	42054	+	10071	333		quinone-dependent dihydroorotate dehydrogenase	no	pyrD	en_familia	23	1.0000	core	core	no	no	no
bin_4_52	bin-4-52	bin_4_52_01735	cds	contig_54	52125	0.4297	42060	42641	+	9484	193		Colicin V synthesis protein	no	group_1548	en_familia	23	1.0000	core	core	no	no	no
bin_4_52	bin-4-52	bin_4_52_01736	cds	contig_54	52125	0.4297	42666	44201	+	7924	511	purF	amidophosphoribosyltransferase	no	purF	en_familia	23	1.0000	core	core	no	no	no
bin_4_52	bin-4-52	bin_4_52_01737	cds	contig_54	52125	0.4297	44329	46179	+	5946	616		Peptidase M48 domain-containing protein	no	group_3653	en_familia	23	1.0000	core	core	no	no	no
bin_4_52	bin-4-52	bin_4_52_01738	cds	contig_54	52125	0.4297	46380	47030	+	5095	216	tonB	Energy transducer TonB	no	group_4657	en_familia	23	1.0000	core	core	no	no	no
bin_4_52	bin-4-52	bin_4_52_01739	cds	contig_54	52125	0.4297	47037	48005	+	4120	322		Bifunctional glyoxylate/hydroxypyruvate reductase B	no	group_3634	en_familia	23	1.0000	core	core	no	no	no
bin_4_52	bin-4-52	bin_4_52_01740	cds	contig_54	52125	0.4297	48131	49534	+	2591	467		Putative beta-barrel assembly-enhancing protease	no	group_4658	en_familia	23	1.0000	core	core	no	no	no
bin_4_52	bin-4-52	bin_4_52_01741	cds	contig_54	52125	0.4297	49649	50005	+	2120	118		DUF5339 domain-containing protein	no	group_5013	en_familia	23	1.0000	core	core	no	no	no
bin_4_52	bin-4-52	bin_4_52_01742	cds	contig_54	52125	0.4297	50095	50541	-	1584	148		GatB/YqeY domain-containing protein	no	group_4392	en_familia	23	1.0000	core	core	no	no	no
bin_4_52	bin-4-52	bin_4_52_01743	cds	contig_54	52125	0.4297	50576	50791	-	1334	71	rpsU	30S ribosomal protein S21	no	rpsU	en_familia	23	1.0000	core	core	no	no	no
bin_4_52	bin-4-52	bin_4_52_01744	cds	contig_54	52125	0.4297	50938	51954	+	171	338	tsaD	tRNA (adenosine(37)-N6)-threonylcarbamoyltransferase complex transferase subunit TsaD	no	tsaD	en_familia	23	1.0000	core	core	no	no	no
bin_4_52	bin-4-52	bin_4_52_01745	cds	contig_55	9174	0.4056	368	1699	+	367	443	pabB	aminodeoxychorismate synthase component I	no	pabB	en_familia	23	1.0000	core	core	no	no	no
bin_4_52	bin-4-52	bin_4_52_01746	cds	contig_55	9174	0.4056	1780	2868	-	1779	362	hisC	histidinol-phosphate transaminase	no	hisC	en_familia	23	1.0000	core	core	no	no	no
bin_4_52	bin-4-52	bin_4_52_01747	cds	contig_55	9174	0.4056	2996	4285	-	2995	429		Histidinol dehydrogenase	no	group_423	en_familia	23	1.0000	core	core	no	no	no
bin_4_52	bin-4-52	bin_4_52_01748	cds	contig_55	9174	0.4056	4483	5184	-	3990	233	hisG	ATP phosphoribosyltransferase	no	hisG	en_familia	23	1.0000	core	core	no	no	no
bin_4_52	bin-4-52	bin_4_52_01749	cds	contig_55	9174	0.4056	5184	6440	-	2734	418	murA	UDP-N-acetylglucosamine 1-carboxyvinyltransferase	no	murA	en_familia	23	1.0000	core	core	no	no	no
bin_4_52	bin-4-52	bin_4_52_01750	cds	contig_55	9174	0.4056	6448	6699	-	2475	83	ibaG	BolA family iron metabolism protein IbaG	no	ibaG	en_familia	23	1.0000	core	core	no	no	no
bin_4_52	bin-4-52	bin_4_52_01751	cds	contig_55	9174	0.4056	6834	7166	-	2008	110	hpf	ribosome hibernation-promoting factor, HPF/YfiA family	no	hpf	en_familia	23	1.0000	core	core	no	no	no
bin_4_52	bin-4-52	bin_4_52_01752	cds	contig_55	9174	0.4056	7344	8795	-	379	483		RNA polymerase factor sigma-54	no	group_4614	en_familia	23	1.0000	core	core	no	no	no
bin_4_52	bin-4-52	bin_4_52_01754	cds	contig_56	9485	0.4293	123	497	-	122	124		hypothetical protein	no	group_5438	en_familia	2	0.0870	cloud	cloud	si	si	no
bin_4_52	bin-4-52	bin_4_52_01755	cds	contig_56	9485	0.4293	555	3449	-	554	964		valine--tRNA ligase	no	group_5034	en_familia	23	1.0000	core	core	no	no	no
bin_4_52	bin-4-52	bin_4_52_01756	cds	contig_56	9485	0.4293	3642	4316	+	3641	224	tetR	TetR family transcriptional regulator	no	tetR	en_familia	23	1.0000	core	core	no	no	no
bin_4_52	bin-4-52	bin_4_52_01757	cds	contig_56	9485	0.4293	4334	5140	+	4333	268		SDR family oxidoreductase	no	group_4700	en_familia	23	1.0000	core	core	no	no	no
bin_4_52	bin-4-52	bin_4_52_01758	cds	contig_56	9485	0.4293	5563	6837	+	2648	424		glutaminase	no	group_4929	en_familia	23	1.0000	core	core	no	no	no
bin_4_52	bin-4-52	bin_4_52_01759	cds	contig_56	9485	0.4293	6935	8683	-	802	582	dhaK	dihydroxyacetone kinase subunit DhaK	no	dhaK	en_familia	23	1.0000	core	core	no	no	no
bin_4_52	bin-4-52	bin_4_52_01760	cds	contig_56	9485	0.4293	8942	9316	+	169	124		DUF559 domain-containing protein	no	group_5181	en_familia	6	0.2609	shell	shell	si	no	no
bin_4_52	bin-4-52	bin_4_52_01762	cds	contig_57	5122	0.3518	860	1270	-	859	136		Roadblock/LAMTOR2 domain-containing protein	no	group_3488	en_familia	22	0.9565	core	core	no	no	no
bin_4_52	bin-4-52	bin_4_52_01763	cds	contig_57	5122	0.3518	1281	1817	-	1280	178		GTP-binding protein	no	group_4583	en_familia	22	0.9565	core	core	no	no	no
bin_4_52	bin-4-52	bin_4_52_01764	cds	contig_57	5122	0.3518	1830	2801	-	1829	323		HTH araC/xylS-type domain-containing protein	no	group_4302	en_familia	22	0.9565	core	core	no	no	no
bin_4_52	bin-4-52	bin_4_52_01765	cds	contig_57	5122	0.3518	2856	3215	-	1907	119		Roadblock/LAMTOR2 domain-containing protein	no	group_2214	en_familia	15	0.6522	shell	shell	si	no	no
bin_4_52	bin-4-52	bin_4_52_01766	cds	contig_57	5122	0.3518	3701	4282	-	840	193		Transglycosylase SLT domain-containing protein	no	group_4391	en_familia	23	1.0000	core	core	no	no	no
bin_4_52	bin-4-52	bin_4_52_01767	cds	contig_57	5122	0.3518	4417	4902	-	220	161		N-acetyltransferase domain-containing protein	no	group_3412	en_familia	23	1.0000	core	core	no	no	no
bin_4_52	bin-4-52	bin_4_52_01768	cds	contig_58	4873	0.3368	337	651	+	336	104		hypothetical protein	no	group_4383	en_familia	1	0.0435	cloud	cloud	si	si	no
bin_4_52	bin-4-52	bin_4_52_01769	cds	contig_58	4873	0.3368	727	1155	-	726	142		hypothetical protein	no	group_2014	en_familia	1	0.0435	cloud	cloud	si	si	no
bin_4_52	bin-4-52	bin_4_52_01770	cds	contig_58	4873	0.3368	1345	1878	+	1344	177		Knr4/Smi1-like domain-containing protein	no	group_1663	en_familia	1	0.0435	cloud	cloud	si	si	no
bin_4_52	bin-4-52	bin_4_52_01771	cds	contig_58	4873	0.3368	1917	2558	-	1916	213		N-acetylmuramoyl-L-alanine amidase	no	group_1445	en_familia	1	0.0435	cloud	cloud	si	si	no
bin_4_52	bin-4-52	bin_4_52_01772	cds	contig_58	4873	0.3368	2717	3469	+	1404	250		Transcriptional regulator	no	group_1220	en_familia	1	0.0435	cloud	cloud	si	si	no
bin_4_52	bin-4-52	bin_4_52_01773	cds	contig_58	4873	0.3368	3746	4762	+	111	338		Tyr recombinase domain-containing protein	no	group_5638	en_familia	3	0.1304	cloud	cloud	si	si	no
bin_4_52	bin-4-52	bin_4_52_01774	cds	contig_59	13233	0.3682	129	1481	-	128	450		SIR2-like domain-containing protein	no		no_en_pangenoma			no_en_pangenoma	no_en_pangenoma			no
bin_4_52	bin-4-52	bin_4_52_01775	cds	contig_59	13233	0.3682	1632	2192	+	1631	186		Translesion error-prone DNA polymerase V autoproteolytic subunit	no	group_6175	en_familia	1	0.0435	cloud	cloud	si	si	no
bin_4_52	bin-4-52	bin_4_52_01776	cds	contig_59	13233	0.3682	2189	3478	+	2188	429	umuC	UmuC domain-containing protein	no	group_6174	en_familia	1	0.0435	cloud	cloud	si	si	no
bin_4_52	bin-4-52	bin_4_52_01777	cds	contig_59	13233	0.3682	3613	3900	-	3612	95		hypothetical protein	no	group_6177	en_familia	1	0.0435	cloud	cloud	si	si	no
bin_4_52	bin-4-52	bin_4_52_01778	cds	contig_59	13233	0.3682	3913	4374	-	3912	153		hypothetical protein	no	group_6176	en_familia	1	0.0435	cloud	cloud	si	si	no
bin_4_52	bin-4-52	bin_4_52_01779	cds	contig_59	13233	0.3682	4397	5353	-	4396	318		hypothetical protein	no	group_6178	en_familia	1	0.0435	cloud	cloud	si	si	no
bin_4_52	bin-4-52	bin_4_52_01780	cds	contig_59	13233	0.3682	5684	6109	-	5683	141		DUF4376 domain-containing protein	no	group_6173	en_familia	1	0.0435	cloud	cloud	si	si	no
bin_4_52	bin-4-52	bin_4_52_01781	cds	contig_59	13233	0.3682	6148	6303	-	6147	51		(pseudo) hypothetical protein	si	group_6149	en_familia	1	0.0435	cloud	cloud	si	si	no
bin_4_52	bin-4-52	bin_4_52_01782	cds	contig_59	13233	0.3682	6500	7648	-	5585	382	yubB	YubB ferredoxin-like domain-containing protein	no	yubB	en_familia	1	0.0435	cloud	cloud	si	si	no
bin_4_52	bin-4-52	bin_4_52_01783	cds	contig_59	13233	0.3682	7956	8564	-	4669	202		hypothetical protein	no	group_6157	en_familia	1	0.0435	cloud	cloud	si	si	no
bin_4_52	bin-4-52	bin_4_52_01784	cds	contig_59	13233	0.3682	8596	9429	-	3804	277		hypothetical protein	no	group_6152	en_familia	1	0.0435	cloud	cloud	si	si	no
bin_4_52	bin-4-52	bin_4_52_01785	cds	contig_59	13233	0.3682	9442	10083	-	3150	213		hypothetical protein	no	group_6153	en_familia	1	0.0435	cloud	cloud	si	si	no
bin_4_52	bin-4-52	bin_4_52_01786	cds	contig_59	13233	0.3682	10304	10834	-	2399	176		hypothetical protein	no	group_6154	en_familia	1	0.0435	cloud	cloud	si	si	no
bin_4_52	bin-4-52	bin_4_52_01787	cds	contig_59	13233	0.3682	11035	11517	-	1716	160		GIY-YIG nuclease family protein	no	group_6155	en_familia	1	0.0435	cloud	cloud	si	si	no
bin_4_52	bin-4-52	bin_4_52_01788	cds	contig_59	13233	0.3682	11597	12031	-	1202	144		DUF6573 domain-containing protein	no	group_6150	en_familia	1	0.0435	cloud	cloud	si	si	no
bin_4_52	bin-4-52	bin_4_52_01789	cds	contig_59	13233	0.3682	12184	12681	+	552	165		CSD domain-containing protein	no	group_6156	en_familia	1	0.0435	cloud	cloud	si	si	no
bin_4_52	bin-4-52	bin_4_52_01790	cds	contig_59	13233	0.3682	12751	13089	-	144	112		hypothetical protein	no	group_6151	en_familia	1	0.0435	cloud	cloud	si	si	no
bin_4_52	bin-4-52	bin_4_52_01791	cds	contig_60	5110	0.4115	393	1280	+	392	295	vacJ	VacJ family lipoprotein	no	vacJ	en_familia	23	1.0000	core	core	no	no	no
bin_4_52	bin-4-52	bin_4_52_01792	cds	contig_60	5110	0.4115	1383	2351	+	1382	322	gigA	RsbU family protein phosphatase GigA	no	gigA	en_familia	23	1.0000	core	core	no	no	no
bin_4_52	bin-4-52	bin_4_52_01793	cds	contig_60	5110	0.4115	2464	2982	+	2128	172	gigB	anti-anti-sigma factor GigB	no	gigB	en_familia	23	1.0000	core	core	no	no	no
bin_4_52	bin-4-52	bin_4_52_01794	cds	contig_60	5110	0.4115	3007	3831	+	1279	274		CN hydrolase domain-containing protein	no	group_3505	en_familia	23	1.0000	core	core	no	no	no
bin_4_52	bin-4-52	bin_4_52_01795	cds	contig_60	5110	0.4115	3934	4359	+	751	141		Organic hydroperoxide resistance protein	no	group_4603	en_familia	23	1.0000	core	core	no	no	no
bin_4_52	bin-4-52	bin_4_52_01796	cds	contig_60	5110	0.4115	4553	4945	+	165	130		DUF4951 domain-containing protein	no	group_4366	en_familia	23	1.0000	core	core	no	no	no
bin_4_52	bin-4-52	bin_4_52_01797	cds	contig_61	2922	0.3604	476	1453	-	475	325	terC	TerC family integral membrane protein	no	terC	en_familia	5	0.2174	shell	shell	si	no	no
bin_4_52	bin-4-52	bin_4_52_01798	cds	contig_61	2922	0.3604	2089	2445	+	477	118		Type II toxin-antitoxin system RelE/ParE family toxin	no	group_4506	en_familia	13	0.5652	shell	shell	si	no	no
bin_4_52	bin-4-52	bin_4_52_01799	cds	contig_61	2922	0.3604	2438	2740	+	182	100		HTH cro/C1-type domain-containing protein	no	group_3311	en_familia	14	0.6087	shell	shell	si	no	no
bin_4_52	bin-4-52	bin_4_52_01800	cds	contig_62	47940	0.3989	566	934	+	565	122		Antitoxin Xre/MbcA/ParS-like toxin-binding domain-containing protein	no	group_4434	en_familia	1	0.0435	cloud	cloud	si	si	no
bin_4_52	bin-4-52	bin_4_52_01801	cds	contig_62	47940	0.3989	1219	1479	+	1218	86		HTH cro/C1-type domain-containing protein	no	group_2599	en_familia	1	0.0435	cloud	cloud	si	si	no
bin_4_52	bin-4-52	bin_4_52_01802	cds	contig_62	47940	0.3989	1349	1675	-	1348	108		Aconitate hydratase 1	no	group_2350	en_familia	0	0.0000	exclusivo	exclusivo	no	no	si
bin_4_52	bin-4-52	bin_4_52_01803	cds	contig_62	47940	0.3989	1691	1945	-	1690	84		Aconitate hydratase 1	no	group_2635	en_familia	0	0.0000	exclusivo	exclusivo	no	no	si
bin_4_52	bin-4-52	bin_4_52_01804	cds	contig_62	47940	0.3989	2075	2311	+	2074	78		DUF2132 domain-containing protein	no	group_3683	en_familia	2	0.0870	cloud	cloud	si	si	no
bin_4_52	bin-4-52	bin_4_52_01805	cds	contig_62	47940	0.3989	2951	4309	-	2950	452		Major facilitator superfamily (MFS) profile domain-containing protein	no	group_359	en_familia	2	0.0870	cloud	cloud	si	si	no
bin_4_52	bin-4-52	bin_4_52_01806	cds	contig_62	47940	0.3989	4412	5116	-	4411	234		Fumarylacetoacetase-like C-terminal domain-containing protein	no	group_1318	en_familia	2	0.0870	cloud	cloud	si	si	no
bin_4_52	bin-4-52	bin_4_52_01807	cds	contig_62	47940	0.3989	5153	5791	-	5152	212	maiA	maleylacetoacetate isomerase	no	maiA	en_familia	2	0.0870	cloud	cloud	si	si	no
bin_4_52	bin-4-52	bin_4_52_01808	cds	contig_62	47940	0.3989	5788	7008	-	5787	406		3-hydroxybenzoate 6-monooxygenase	no	group_505	en_familia	2	0.0870	cloud	cloud	si	si	no
bin_4_52	bin-4-52	bin_4_52_01809	cds	contig_62	47940	0.3989	7030	8067	-	7029	345		Gentisate 1,2-dioxygenase	no	group_750	en_familia	2	0.0870	cloud	cloud	si	si	no
bin_4_52	bin-4-52	bin_4_52_01810	cds	contig_62	47940	0.3989	8218	9117	+	8217	299		HTH lysR-type domain-containing protein	no	group_995	en_familia	2	0.0870	cloud	cloud	si	si	no
bin_4_52	bin-4-52	bin_4_52_01811	cds	contig_62	47940	0.3989	9517	10482	+	9516	321		Serine aminopeptidase S33 domain-containing protein	no	group_4137	en_familia	22	0.9565	core	core	no	no	no
bin_4_52	bin-4-52	bin_4_52_01812	cds	contig_62	47940	0.3989	10852	12363	+	10851	503		Acetaldehyde dehydrogenase 2	no	group_5040	en_familia	23	1.0000	core	core	no	no	no
bin_4_52	bin-4-52	bin_4_52_01813	cds	contig_62	47940	0.3989	12724	13839	+	12723	371	ribBA	bifunctional 3,4-dihydroxy-2-butanone-4-phosphate synthase/GTP cyclohydrolase II	no	group_4495	en_familia	23	1.0000	core	core	no	no	no
bin_4_52	bin-4-52	bin_4_52_01814	cds	contig_62	47940	0.3989	13859	14329	+	13858	156	ribE	6,7-dimethyl-8-ribityllumazine synthase	no	group_3258	en_familia	23	1.0000	core	core	no	no	no
bin_4_52	bin-4-52	bin_4_52_01815	cds	contig_62	47940	0.3989	14334	14783	+	14333	149	nusB	transcription antitermination factor NusB	no	group_3257	en_familia	23	1.0000	core	core	no	no	no
bin_4_52	bin-4-52	bin_4_52_01816	cds	contig_62	47940	0.3989	14804	15721	+	14803	305	thiL	thiamine-phosphate kinase	no	group_4494	en_familia	23	1.0000	core	core	no	no	no
bin_4_52	bin-4-52	bin_4_52_01817	cds	contig_62	47940	0.3989	15699	16220	+	15698	173		Phosphatidylglycerophosphatase A	no	group_4746	en_familia	23	1.0000	core	core	no	no	no
bin_4_52	bin-4-52	bin_4_52_01818	cds	contig_62	47940	0.3989	16241	17605	+	16240	454	glmU	bifunctional UDP-N-acetylglucosamine diphosphorylase/glucosamine-1-phosphate N-acetyltransferase GlmU	no	group_3792	en_familia	23	1.0000	core	core	no	no	no
bin_4_52	bin-4-52	bin_4_52_01819	cds	contig_62	47940	0.3989	17617	19455	+	17616	612	glmS	glutamine--fructose-6-phosphate transaminase (isomerizing)	no	group_4745	en_familia	23	1.0000	core	core	no	no	no
bin_4_52	bin-4-52	bin_4_52_01820	cds	contig_62	47940	0.3989	20093	20431	+	20092	112		IS481 family transposase	no	group_4509	en_familia	3	0.1304	cloud	cloud	si	si	no
bin_4_52	bin-4-52	bin_4_52_01821	cds	contig_62	47940	0.3989	20448	21044	+	20447	198		Integrase catalytic domain-containing protein	no	group_4509	en_familia	3	0.1304	cloud	cloud	si	si	no
bin_4_52	bin-4-52	bin_4_52_01822	cds	contig_62	47940	0.3989	21054	21542	-	21053	162		N-acetyltransferase domain-containing protein	no	group_1806	en_familia	4	0.1739	shell	shell	si	no	no
bin_4_52	bin-4-52	bin_4_52_01823	cds	contig_62	47940	0.3989	21532	21822	-	21531	96		DUF1778 domain-containing protein	no	group_3468	en_familia	4	0.1739	shell	shell	si	no	no
bin_4_52	bin-4-52	bin_4_52_01824	cds	contig_62	47940	0.3989	22227	23030	+	22226	267	tnsA	Heteromeric transposase endonuclease subunit TnsA	no	group_5118	en_familia	6	0.2609	shell	shell	si	no	no
bin_4_52	bin-4-52	bin_4_52_01825	cds	contig_62	47940	0.3989	23017	25137	+	22803	706		Integrase catalytic domain-containing protein	no	group_4773	en_familia	6	0.2609	shell	shell	si	no	no
bin_4_52	bin-4-52	bin_4_52_01826	cds	contig_62	47940	0.3989	25134	26816	+	21124	560		AAA family ATPase	no	group_3835	en_familia	6	0.2609	shell	shell	si	no	no
bin_4_52	bin-4-52	bin_4_52_01827	cds	contig_62	47940	0.3989	26843	28375	+	19565	510		Transposase	no	group_4774	en_familia	6	0.2609	shell	shell	si	no	no
bin_4_52	bin-4-52	bin_4_52_01828	cds	contig_62	47940	0.3989	28375	29988	+	17952	537	tnsE	TnsE C-terminal domain-containing protein	no	group_3388	en_familia	4	0.1739	shell	shell	si	no	no
bin_4_52	bin-4-52	bin_4_52_01829	cds	contig_62	47940	0.3989	30175	31548	+	16392	457		phosphomannomutase	no	cpsG	en_familia	23	1.0000	core	core	no	no	no
bin_4_52	bin-4-52	bin_4_52_01830	cds	contig_62	47940	0.3989	31614	32633	-	15307	339	galE	UDP-glucose 4-epimerase GalE	no	group_5631	en_familia	23	1.0000	core	core	no	no	no
bin_4_52	bin-4-52	bin_4_52_01831	cds	contig_62	47940	0.3989	32626	34299	-	13641	557	pgi	glucose-6-phosphate isomerase	no	group_5645	en_familia	23	1.0000	core	core	no	no	no
bin_4_52	bin-4-52	bin_4_52_01832	cds	contig_62	47940	0.3989	34299	35555	-	12385	418		UDP-glucose 6-dehydrogenase	no	group_5489	en_familia	21	0.9130	shell	core	si	no	no
bin_4_52	bin-4-52	bin_4_52_01833	cds	contig_62	47940	0.3989	35586	36461	-	11479	291	galU	UTP--glucose-1-phosphate uridylyltransferase GalU	no	group_5646	en_familia	23	1.0000	core	core	no	no	no
bin_4_52	bin-4-52	bin_4_52_01834	cds	contig_62	47940	0.3989	36475	38349	-	9591	624		Polysaccharide biosynthesis protein	no	group_5042	en_familia	14	0.6087	shell	shell	si	no	no
bin_4_52	bin-4-52	bin_4_52_01835	cds	contig_62	47940	0.3989	38465	39640	-	8300	391		DegT/DnrJ/EryC1/StrS aminotransferase family protein	no	group_5230	en_familia	10	0.4348	shell	shell	si	no	no
bin_4_52	bin-4-52	bin_4_52_01836	cds	contig_62	47940	0.3989	39672	40328	-	7612	218	pglD	PglD N-terminal domain-containing protein	no	group_5300	en_familia	4	0.1739	shell	shell	si	no	no
bin_4_52	bin-4-52	bin_4_52_01837	cds	contig_62	47940	0.3989	40321	40932	-	7008	203		Sugar transferase	no	group_5444	en_familia	10	0.4348	shell	shell	si	no	no
bin_4_52	bin-4-52	bin_4_52_01838	cds	contig_62	47940	0.3989	40933	42063	-	5877	376		Glycosyl transferase family 1 domain-containing protein	no	group_5448	en_familia	5	0.2174	shell	shell	si	no	no
bin_4_52	bin-4-52	bin_4_52_01839	cds	contig_62	47940	0.3989	42152	43249	-	4691	365		O-antigen ligase-related domain-containing protein	no		no_en_pangenoma			no_en_pangenoma	no_en_pangenoma			no
bin_4_52	bin-4-52	bin_4_52_01840	cds	contig_62	47940	0.3989	43367	44245	-	3695	292		glycosyltransferase	no		no_en_pangenoma			no_en_pangenoma	no_en_pangenoma			no
bin_4_52	bin-4-52	bin_4_52_01841	cds	contig_62	47940	0.3989	44248	45417	-	2523	389		UDP-glucose 6-dehydrogenase	no		no_en_pangenoma			no_en_pangenoma	no_en_pangenoma			no
bin_4_52	bin-4-52	bin_4_52_01842	cds	contig_62	47940	0.3989	45414	46280	-	1660	288		ATP-grasp domain-containing protein	no		no_en_pangenoma			no_en_pangenoma	no_en_pangenoma			no
bin_4_52	bin-4-52	bin_4_52_01843	cds	contig_62	47940	0.3989	46282	47556	-	384	424		Polysaccharide biosynthesis protein C-terminal domain-containing protein	no		no_en_pangenoma			no_en_pangenoma	no_en_pangenoma			no
bin_4_52	bin-4-52	bin_4_52_01844	cds	contig_62	47940	0.3989	47546	47635	-	305	29		hypothetical protein	no		no_en_pangenoma			no_en_pangenoma	no_en_pangenoma			no
bin_4_52	bin-4-52	bin_4_52_01846	cds	contig_63	271873	0.4348	271	1485	+	270	404		Major facilitator superfamily (MFS) profile domain-containing protein	no	group_3725	en_familia	23	1.0000	core	core	no	no	no
bin_4_52	bin-4-52	bin_4_52_01847	cds	contig_63	271873	0.4348	1557	4025	+	1556	822	ygiQ	YgiQ family radical SAM protein	no	ygiQ	en_familia	23	1.0000	core	core	no	no	no
bin_4_52	bin-4-52	bin_4_52_01848	cds	contig_63	271873	0.4348	4423	4971	+	4422	182		DUF2726 domain-containing protein	no	group_3726	en_familia	23	1.0000	core	core	no	no	no
bin_4_52	bin-4-52	bin_4_52_01849	cds	contig_63	271873	0.4348	5039	5395	-	5038	118	ridA	RidA family protein	no	group_3920	en_familia	23	1.0000	core	core	no	no	no
bin_4_52	bin-4-52	bin_4_52_01850	cds	contig_63	271873	0.4348	5406	6695	-	5405	429	shiA	shikimate transporter	no	shiA	en_familia	23	1.0000	core	core	no	no	no
bin_4_52	bin-4-52	bin_4_52_01851	cds	contig_63	271873	0.4348	6917	7972	-	6916	351	dinB	DNA polymerase IV	no	dinB	en_familia	23	1.0000	core	core	no	no	no
bin_4_52	bin-4-52	bin_4_52_01852	cds	contig_63	271873	0.4348	8522	9007	-	8521	161		Metallo-beta-lactamase domain-containing protein	no	group_4048	en_familia	23	1.0000	core	core	no	no	no
bin_4_52	bin-4-52	bin_4_52_01853	cds	contig_63	271873	0.4348	9051	9824	-	9050	257		Lysozyme	no	group_4872	en_familia	23	1.0000	core	core	no	no	no
bin_4_52	bin-4-52	bin_4_52_01854	cds	contig_63	271873	0.4348	9887	11278	-	9886	463		Major facilitator superfamily (MFS) profile domain-containing protein	no	mdtD	en_familia	23	1.0000	core	core	no	no	no
bin_4_52	bin-4-52	bin_4_52_01855	cds	contig_63	271873	0.4348	11589	12563	+	11588	324		Phosphate/sulfate permease	no	group_846	en_familia	23	1.0000	core	core	no	no	no
bin_4_52	bin-4-52	bin_4_52_01856	cds	contig_63	271873	0.4348	12621	13238	-	12620	205		Cytokinin riboside 5'-monophosphate phosphoribohydrolase	no	group_1481	en_familia	23	1.0000	core	core	no	no	no
bin_4_52	bin-4-52	bin_4_52_01857	cds	contig_63	271873	0.4348	13559	15139	+	13558	526		CBS domain-containing protein	no	group_254	en_familia	23	1.0000	core	core	no	no	no
bin_4_52	bin-4-52	bin_4_52_01858	cds	contig_63	271873	0.4348	15214	15690	+	15213	158	ychJ	YchJ family protein	no	ychJ	en_familia	23	1.0000	core	core	no	no	no
bin_4_52	bin-4-52	bin_4_52_01859	cds	contig_63	271873	0.4348	15752	16396	+	15751	214		Glycine transporter domain-containing protein	no	yadS	en_familia	23	1.0000	core	core	no	no	no
bin_4_52	bin-4-52	bin_4_52_01860	cds	contig_63	271873	0.4348	16522	17841	+	16521	439		Major facilitator superfamily (MFS) profile domain-containing protein	no	group_3748	en_familia	23	1.0000	core	core	no	no	no
bin_4_52	bin-4-52	bin_4_52_01861	cds	contig_63	271873	0.4348	18007	20226	+	18006	739	parC	DNA topoisomerase IV subunit A	no	parC	en_familia	23	1.0000	core	core	no	no	no
bin_4_52	bin-4-52	bin_4_52_01862	cds	contig_63	271873	0.4348	20355	22052	+	20354	565		Long-chain-fatty-acid--CoA ligase	no	group_217	en_familia	23	1.0000	core	core	no	no	no
bin_4_52	bin-4-52	bin_4_52_01863	cds	contig_63	271873	0.4348	22105	22503	-	22104	132		Histidine kinase	no	group_3379	en_familia	23	1.0000	core	core	no	no	no
bin_4_52	bin-4-52	bin_4_52_01864	cds	contig_63	271873	0.4348	22603	23001	+	22602	132		MAPEG family protein	no	group_4299	en_familia	23	1.0000	core	core	no	no	no
bin_4_52	bin-4-52	bin_4_52_01865	cds	contig_63	271873	0.4348	23123	23659	+	23122	178	ppa	inorganic diphosphatase	no	ppa	en_familia	23	1.0000	core	core	no	no	no
bin_4_52	bin-4-52	bin_4_52_01866	cds	contig_63	271873	0.4348	23759	25084	-	23758	441		Porin D	no	group_4298	en_familia	23	1.0000	core	core	no	no	no
bin_4_52	bin-4-52	bin_4_52_01867	cds	contig_63	271873	0.4348	25594	25911	+	25593	105		Outer membrane protein beta-barrel domain-containing protein	no	torF	en_familia	23	1.0000	core	core	no	no	no
bin_4_52	bin-4-52	bin_4_52_01868	cds	contig_63	271873	0.4348	26055	26357	+	26054	100		Porin domain-containing protein	no	group_4783	en_familia	20	0.8696	shell	shell	si	no	no
bin_4_52	bin-4-52	bin_4_52_01869	cds	contig_63	271873	0.4348	26729	27463	+	26728	244		Outer membrane protein beta-barrel domain-containing protein	no	group_3847	en_familia	23	1.0000	core	core	no	no	no
bin_4_52	bin-4-52	bin_4_52_01870	cds	contig_63	271873	0.4348	27522	29009	-	27521	495	yifB	YifB family Mg chelatase-like AAA ATPase	no	yifB	en_familia	23	1.0000	core	core	no	no	no
bin_4_52	bin-4-52	bin_4_52_01871	cds	contig_63	271873	0.4348	29074	29301	-	29073	75		Membrane fusogenic activity	no	group_2732	en_familia	23	1.0000	core	core	no	no	no
bin_4_52	bin-4-52	bin_4_52_01872	cds	contig_63	271873	0.4348	29578	29916	+	29577	112	glnK	P-II family nitrogen regulator	no	glnK	en_familia	23	1.0000	core	core	no	no	no
bin_4_52	bin-4-52	bin_4_52_01873	cds	contig_63	271873	0.4348	29976	31385	+	29975	469		ammonium transporter	no	group_329	en_familia	23	1.0000	core	core	no	no	no
bin_4_52	bin-4-52	bin_4_52_01874	cds	contig_63	271873	0.4348	31525	31992	+	31524	155	nrdR	transcriptional regulator NrdR	no	nrdR	en_familia	23	1.0000	core	core	no	no	no
bin_4_52	bin-4-52	bin_4_52_01875	cds	contig_63	271873	0.4348	31995	33083	+	31994	362	ribD	bifunctional diaminohydroxyphosphoribosylaminopyrimidine deaminase/5-amino-6-(5-phosphoribosylamino)uracil reductase RibD	no	ribD	en_familia	23	1.0000	core	core	no	no	no
bin_4_52	bin-4-52	bin_4_52_01876	cds	contig_63	271873	0.4348	33080	34372	+	33079	430		site-specific DNA-methyltransferase (adenine-specific)	no	group_417	en_familia	23	1.0000	core	core	no	no	no
bin_4_52	bin-4-52	bin_4_52_01877	cds	contig_63	271873	0.4348	34395	35054	+	34394	219		riboflavin synthase	no	ribC	en_familia	23	1.0000	core	core	no	no	no
bin_4_52	bin-4-52	bin_4_52_01878	cds	contig_63	271873	0.4348	35164	35709	+	35163	181		VTT domain-containing protein	no	group_1618	en_familia	23	1.0000	core	core	no	no	no
bin_4_52	bin-4-52	bin_4_52_01879	cds	contig_63	271873	0.4348	35769	36359	-	35768	196		ATPase	no	group_4291	en_familia	23	1.0000	core	core	no	no	no
bin_4_52	bin-4-52	bin_4_52_01880	cds	contig_63	271873	0.4348	36389	36796	-	36388	135		DNA polymerase III subunit chi	no	group_3858	en_familia	23	1.0000	core	core	no	no	no
bin_4_52	bin-4-52	bin_4_52_01881	cds	contig_63	271873	0.4348	36789	38237	-	36788	482		leucyl aminopeptidase	no	group_4023	en_familia	23	1.0000	core	core	no	no	no
bin_4_52	bin-4-52	bin_4_52_01882	cds	contig_63	271873	0.4348	38400	39500	+	38399	366	lptF	LPS export ABC transporter permease LptF	no	lptF	en_familia	23	1.0000	core	core	no	no	no
bin_4_52	bin-4-52	bin_4_52_01883	cds	contig_63	271873	0.4348	39503	40573	+	39502	356	lptG	LPS export ABC transporter permease LptG	no	lptG	en_familia	23	1.0000	core	core	no	no	no
bin_4_52	bin-4-52	bin_4_52_01884	cds	contig_63	271873	0.4348	40620	42248	+	40619	542	gpmI	2,3-bisphosphoglycerate-independent phosphoglycerate mutase	no	gpmI	en_familia	23	1.0000	core	core	no	no	no
bin_4_52	bin-4-52	bin_4_52_01885	cds	contig_63	271873	0.4348	42269	43441	+	42268	390		Tail specific protease domain-containing protein	no	group_560	en_familia	23	1.0000	core	core	no	no	no
bin_4_52	bin-4-52	bin_4_52_01886	cds	contig_63	271873	0.4348	43468	44886	-	43467	472		Sigma-54-dependent Fis family transcriptional regulator	no	group_3994	en_familia	23	1.0000	core	core	no	no	no
bin_4_52	bin-4-52	bin_4_52_01887	cds	contig_63	271873	0.4348	44910	46475	-	44909	521		histidine kinase	no	group_257	en_familia	23	1.0000	core	core	no	no	no
bin_4_52	bin-4-52	bin_4_52_01888	cds	contig_63	271873	0.4348	46525	47160	-	46524	211	citB	DNA-binding response regulator	no	group_1453	en_familia	23	1.0000	core	core	no	no	no
bin_4_52	bin-4-52	bin_4_52_01889	cds	contig_63	271873	0.4348	47408	48439	+	47407	343		D-alanyl-D-alanine endopeptidase	no	group_3418	en_familia	23	1.0000	core	core	no	no	no
bin_4_52	bin-4-52	bin_4_52_01890	cds	contig_63	271873	0.4348	48504	49643	-	48503	379	thrC	threonine synthase	no	thrC	en_familia	23	1.0000	core	core	no	no	no
bin_4_52	bin-4-52	bin_4_52_01891	cds	contig_63	271873	0.4348	49700	51004	-	49699	434		Homoserine dehydrogenase	no	group_403	en_familia	23	1.0000	core	core	no	no	no
bin_4_52	bin-4-52	bin_4_52_01892	cds	contig_63	271873	0.4348	51132	51947	-	51131	271		Thiol:disulfide interchange protein	no	group_1110	en_familia	23	1.0000	core	core	no	no	no
bin_4_52	bin-4-52	bin_4_52_01893	cds	contig_63	271873	0.4348	52045	52962	-	52044	305	xerD	site-specific tyrosine recombinase XerD	no	xerD	en_familia	23	1.0000	core	core	no	no	no
bin_4_52	bin-4-52	bin_4_52_01894	cds	contig_63	271873	0.4348	53137	53397	+	53136	86		Ferrous iron transporter FeoA-like domain-containing protein	no	group_2593	en_familia	23	1.0000	core	core	no	no	no
bin_4_52	bin-4-52	bin_4_52_01895	cds	contig_63	271873	0.4348	53394	55250	+	53393	618	feoB	ferrous iron transport protein B	no	feoB	en_familia	23	1.0000	core	core	no	no	no
bin_4_52	bin-4-52	bin_4_52_01896	cds	contig_63	271873	0.4348	55287	55538	+	55286	83		FeoB-associated Cys-rich membrane protein	no	group_3790	en_familia	23	1.0000	core	core	no	no	no
bin_4_52	bin-4-52	bin_4_52_01897	cds	contig_63	271873	0.4348	55700	57046	+	55699	448	murD	UDP-N-acetylmuramoyl-L-alanine--D-glutamate ligase	no	murD	en_familia	23	1.0000	core	core	no	no	no
bin_4_52	bin-4-52	bin_4_52_01898	cds	contig_63	271873	0.4348	57067	58263	+	57066	398	ftsW	putative lipid II flippase FtsW	no	ftsW	en_familia	23	1.0000	core	core	no	no	no
bin_4_52	bin-4-52	bin_4_52_01899	cds	contig_63	271873	0.4348	58252	58512	-	58251	86		Zinc-ribbon 15 domain-containing protein	no	group_3978	en_familia	23	1.0000	core	core	no	no	no
bin_4_52	bin-4-52	bin_4_52_01900	cds	contig_63	271873	0.4348	58562	59509	-	58561	315	gluQRS	tRNA glutamyl-Q(34) synthetase GluQRS	no	gluQRS	en_familia	23	1.0000	core	core	no	no	no
bin_4_52	bin-4-52	bin_4_52_01901	cds	contig_63	271873	0.4348	59512	60039	-	59511	175	dksA	RNA polymerase-binding protein DksA	no	dksA	en_familia	23	1.0000	core	core	no	no	no
bin_4_52	bin-4-52	bin_4_52_01902	cds	contig_63	271873	0.4348	60250	61062	-	60249	270	cpdA	3',5'-cyclic-AMP phosphodiesterase	no	cpdA	en_familia	23	1.0000	core	core	no	no	no
bin_4_52	bin-4-52	bin_4_52_01903	cds	contig_63	271873	0.4348	61068	61691	-	61067	207		ADP-ribose pyrophosphatase	no	group_3367	en_familia	23	1.0000	core	core	no	no	no
bin_4_52	bin-4-52	bin_4_52_01904	cds	contig_63	271873	0.4348	61767	63662	-	61766	631	thiC	phosphomethylpyrimidine synthase ThiC	no	thiC	en_familia	23	1.0000	core	core	no	no	no
bin_4_52	bin-4-52	bin_4_52_01905	cds	contig_63	271873	0.4348	63971	65011	-	63970	346		DUF3829 domain-containing protein	no	group_3783	en_familia	23	1.0000	core	core	no	no	no
bin_4_52	bin-4-52	bin_4_52_01906	cds	contig_63	271873	0.4348	65305	66648	+	65304	447		RND transporter	no	tolC	en_familia	23	1.0000	core	core	no	no	no
bin_4_52	bin-4-52	bin_4_52_01907	cds	contig_63	271873	0.4348	67131	68468	+	67130	445		Glycosyltransferase 2-like domain-containing protein	no	group_3597	en_familia	23	1.0000	core	core	no	no	no
bin_4_52	bin-4-52	bin_4_52_01908	cds	contig_63	271873	0.4348	68428	69426	+	68427	332		Porin	no	group_4639	en_familia	23	1.0000	core	core	no	no	no
bin_4_52	bin-4-52	bin_4_52_01909	cds	contig_63	271873	0.4348	69515	71317	-	69514	600		ABC transporter ATP-binding protein	no	group_3598	en_familia	23	1.0000	core	core	no	no	no
bin_4_52	bin-4-52	bin_4_52_01910	cds	contig_63	271873	0.4348	71468	72091	+	71467	207		Fe2OG dioxygenase domain-containing protein	no	group_4590	en_familia	23	1.0000	core	core	no	no	no
bin_4_52	bin-4-52	bin_4_52_01911	cds	contig_63	271873	0.4348	72185	72628	-	72184	147	ruvX	Holliday junction resolvase RuvX	no	ruvX	en_familia	23	1.0000	core	core	no	no	no
bin_4_52	bin-4-52	bin_4_52_01912	cds	contig_63	271873	0.4348	72621	73175	-	72620	184	algH	YqgE/AlgH family protein	no	algH	en_familia	23	1.0000	core	core	no	no	no
bin_4_52	bin-4-52	bin_4_52_01913	cds	contig_63	271873	0.4348	73291	74952	-	73290	553	recN	DNA repair protein RecN	no	recN	en_familia	23	1.0000	core	core	no	no	no
bin_4_52	bin-4-52	bin_4_52_01914	cds	contig_63	271873	0.4348	75371	75694	+	75370	107	ppnP	Pyrimidine/purine nucleoside phosphorylase	no	ppnP	en_familia	23	1.0000	core	core	no	no	no
bin_4_52	bin-4-52	bin_4_52_01915	cds	contig_63	271873	0.4348	75847	76596	+	75846	249	rlmB	23S rRNA (guanosine(2251)-2'-O)-methyltransferase RlmB	no	rlmB	en_familia	23	1.0000	core	core	no	no	no
bin_4_52	bin-4-52	bin_4_52_01916	cds	contig_63	271873	0.4348	76603	77526	+	76602	307	eamA	EamA domain-containing protein	no	group_3475	en_familia	22	0.9565	core	core	no	no	no
bin_4_52	bin-4-52	bin_4_52_01917	cds	contig_63	271873	0.4348	77547	78143	-	77546	198	coaE	dephospho-CoA kinase	no	coaE	en_familia	23	1.0000	core	core	no	no	no
bin_4_52	bin-4-52	bin_4_52_01918	cds	contig_63	271873	0.4348	78145	79005	-	78144	286		Prepilin leader peptidase/N-methyltransferase	no	group_4760	en_familia	23	1.0000	core	core	no	no	no
bin_4_52	bin-4-52	bin_4_52_01919	cds	contig_63	271873	0.4348	79005	80234	-	79004	409	gspF	Type II secretion system protein GspF domain-containing protein	no	group_3811	en_familia	23	1.0000	core	core	no	no	no
bin_4_52	bin-4-52	bin_4_52_01920	cds	contig_63	271873	0.4348	80266	81975	-	80265	569	pilB	type IV-A pilus assembly ATPase PilB	no	pilB	en_familia	23	1.0000	core	core	no	no	no
bin_4_52	bin-4-52	bin_4_52_01921	cds	contig_63	271873	0.4348	82258	83049	+	82257	263	tpiA	triose-phosphate isomerase	no	tpiA	en_familia	23	1.0000	core	core	no	no	no
bin_4_52	bin-4-52	bin_4_52_01922	cds	contig_63	271873	0.4348	83063	83392	+	83062	109	secG	preprotein translocase subunit SecG	no	secG	en_familia	23	1.0000	core	core	no	no	no
bin_4_52	bin-4-52	bin_4_52_01928	cds	contig_63	271873	0.4348	84454	84978	+	84453	174	rimP	ribosome maturation factor RimP	no	rimP	en_familia	23	1.0000	core	core	no	no	no
bin_4_52	bin-4-52	bin_4_52_01929	cds	contig_63	271873	0.4348	85014	86498	+	85013	494	nusA	Transcription termination/antitermination protein NusA	no	nusA	en_familia	23	1.0000	core	core	no	no	no
bin_4_52	bin-4-52	bin_4_52_01930	cds	contig_63	271873	0.4348	86509	89217	+	86508	902	infB	translation initiation factor IF-2	no	infB	en_familia	23	1.0000	core	core	no	no	no
bin_4_52	bin-4-52	bin_4_52_01931	cds	contig_63	271873	0.4348	89217	89621	+	89216	134	rbfA	ribosome-binding factor A	no	rbfA	en_familia	23	1.0000	core	core	no	no	no
bin_4_52	bin-4-52	bin_4_52_01932	cds	contig_63	271873	0.4348	89764	90162	-	89763	132		Na+/H+ antiporter subunit G	no	group_4704	en_familia	23	1.0000	core	core	no	no	no
bin_4_52	bin-4-52	bin_4_52_01933	cds	contig_63	271873	0.4348	90173	90448	-	90172	91		monovalent cation/H+ antiporter subunit F	no	group_5027	en_familia	23	1.0000	core	core	no	no	no
bin_4_52	bin-4-52	bin_4_52_01934	cds	contig_63	271873	0.4348	90445	90963	-	90444	172		Na+/H+ antiporter subunit E	no	group_4429	en_familia	23	1.0000	core	core	no	no	no
bin_4_52	bin-4-52	bin_4_52_01935	cds	contig_63	271873	0.4348	90963	92774	-	90962	603		monovalent cation/H+ antiporter subunit D	no	group_5026	en_familia	23	1.0000	core	core	no	no	no
bin_4_52	bin-4-52	bin_4_52_01936	cds	contig_63	271873	0.4348	92774	93139	-	92773	121		Na+/H+ antiporter subunit C	no	group_5105	en_familia	23	1.0000	core	core	no	no	no
bin_4_52	bin-4-52	bin_4_52_01937	cds	contig_63	271873	0.4348	93144	95981	-	93143	945		monovalent cation/H+ antiporter subunit A	no	group_4701	en_familia	23	1.0000	core	core	no	no	no
bin_4_52	bin-4-52	bin_4_52_01938	cds	contig_63	271873	0.4348	96405	97787	-	96404	460		Rad50/SbcC-type AAA domain-containing protein	no	group_3714	en_familia	23	1.0000	core	core	no	no	no
bin_4_52	bin-4-52	bin_4_52_01939	cds	contig_63	271873	0.4348	97825	99327	-	97824	500		UvrD-like helicase C-terminal domain-containing protein	no	group_283	en_familia	23	1.0000	core	core	no	no	no
bin_4_52	bin-4-52	bin_4_52_01940	cds	contig_63	271873	0.4348	99343	100125	-	99342	260	hisIE	bifunctional phosphoribosyl-AMP cyclohydrolase/phosphoribosyl-ATP diphosphatase HisIE	no	hisIE	en_familia	23	1.0000	core	core	no	no	no
bin_4_52	bin-4-52	bin_4_52_01941	cds	contig_63	271873	0.4348	100343	101230	-	100342	295		Fatty acyl-CoA reductase	no	group_1009	en_familia	23	1.0000	core	core	no	no	no
bin_4_52	bin-4-52	bin_4_52_01942	cds	contig_63	271873	0.4348	101525	102802	-	101524	425	mET17	Aminotransferase class I/II-fold pyridoxal phosphate-dependent enzyme	no	mET17	en_familia	23	1.0000	core	core	no	no	no
bin_4_52	bin-4-52	bin_4_52_01943	cds	contig_63	271873	0.4348	103121	104782	+	103120	553	ettA	energy-dependent translational throttle protein EttA	no	ettA	en_familia	23	1.0000	core	core	no	no	no
bin_4_52	bin-4-52	bin_4_52_01944	cds	contig_63	271873	0.4348	104841	105227	-	104840	128		Sel1 repeat protein	no	group_3381	en_familia	23	1.0000	core	core	no	no	no
bin_4_52	bin-4-52	bin_4_52_01945	cds	contig_63	271873	0.4348	105403	105744	-	105402	113		Zinc ribbon domain-containing protein	no	group_2280	en_familia	23	1.0000	core	core	no	no	no
bin_4_52	bin-4-52	bin_4_52_01948	cds	contig_63	271873	0.4348	106153	107661	-	106152	502	gltX	glutamate--tRNA ligase	no	gltX	en_familia	23	1.0000	core	core	no	no	no
bin_4_52	bin-4-52	bin_4_52_01949	cds	contig_63	271873	0.4348	107797	108126	-	107796	109		DUF4179 domain-containing protein	no	group_2323	en_familia	23	1.0000	core	core	no	no	no
bin_4_52	bin-4-52	bin_4_52_01950	cds	contig_63	271873	0.4348	108515	109516	+	108514	333		Sulfate-binding protein	no	group_3536	en_familia	23	1.0000	core	core	no	no	no
bin_4_52	bin-4-52	bin_4_52_01951	cds	contig_63	271873	0.4348	109773	110792	+	109772	339		ABC transporter permease	no	group_773	en_familia	23	1.0000	core	core	no	no	no
bin_4_52	bin-4-52	bin_4_52_01952	cds	contig_63	271873	0.4348	110983	111894	+	110982	303	rsmH	16S rRNA (cytosine(1402)-N(4))-methyltransferase RsmH	no	rsmH	en_familia	23	1.0000	core	core	no	no	no
bin_4_52	bin-4-52	bin_4_52_01953	cds	contig_63	271873	0.4348	111905	112237	+	111904	110	ftsL	Cell division protein FtsL	no	ftsL	en_familia	23	1.0000	core	core	no	no	no
bin_4_52	bin-4-52	bin_4_52_01954	cds	contig_63	271873	0.4348	112253	114076	+	112252	607	ftsI	penicillin-binding protein PBP3	no	ftsI	en_familia	23	1.0000	core	core	no	no	no
bin_4_52	bin-4-52	bin_4_52_01955	cds	contig_63	271873	0.4348	114088	115584	+	114087	498		UDP-N-acetylmuramoyl-L-alanyl-D-glutamate--2,6-diaminopimelate ligase	no	group_3798	en_familia	23	1.0000	core	core	no	no	no
bin_4_52	bin-4-52	bin_4_52_01956	cds	contig_63	271873	0.4348	115597	117000	+	115596	467		UDP-N-acetylmuramoyl-tripeptide--D-alanyl-D-alanine ligase	no	group_4752	en_familia	23	1.0000	core	core	no	no	no
bin_4_52	bin-4-52	bin_4_52_01957	cds	contig_63	271873	0.4348	117001	118119	+	117000	372	mraY	phospho-N-acetylmuramoyl-pentapeptide-transferase	no	mraY	en_familia	23	1.0000	core	core	no	no	no
bin_4_52	bin-4-52	bin_4_52_01958	cds	contig_63	271873	0.4348	118178	118981	+	118177	267		putative RNA methyltransferase	no	group_3727	en_familia	23	1.0000	core	core	no	no	no
bin_4_52	bin-4-52	bin_4_52_01959	cds	contig_63	271873	0.4348	119053	121521	-	119052	822	ponA	penicillin-binding protein PBP1a	no	ponA	en_familia	23	1.0000	core	core	no	no	no
bin_4_52	bin-4-52	bin_4_52_01960	cds	contig_63	271873	0.4348	121751	122809	+	121750	352		SHS2 domain-containing protein	no	group_724	en_familia	23	1.0000	core	core	no	no	no
bin_4_52	bin-4-52	bin_4_52_01961	cds	contig_63	271873	0.4348	122809	123450	+	122808	213	pilN	Type IV pilus assembly protein PilN	no	pilN	en_familia	23	1.0000	core	core	no	no	no
bin_4_52	bin-4-52	bin_4_52_01962	cds	contig_63	271873	0.4348	123447	124163	+	123446	238	pilP	Pilus assembly protein PilP	no	pilP	en_familia	23	1.0000	core	core	no	no	no
bin_4_52	bin-4-52	bin_4_52_01963	cds	contig_63	271873	0.4348	124163	124690	+	124162	175	pilP	Pilus assembly protein PilP	no	group_5161	en_familia	23	1.0000	core	core	no	no	no
bin_4_52	bin-4-52	bin_4_52_01964	cds	contig_63	271873	0.4348	124707	126884	+	124706	725		Secretin/TonB short N-terminal domain-containing protein	no	pilQ	en_familia	23	1.0000	core	core	no	no	no
bin_4_52	bin-4-52	bin_4_52_01965	cds	contig_63	271873	0.4348	126921	127457	+	126920	178	aroK	shikimate kinase AroK	no	aroK	en_familia	23	1.0000	core	core	no	no	no
bin_4_52	bin-4-52	bin_4_52_01966	cds	contig_63	271873	0.4348	127485	128564	+	127484	359	aroB	3-dehydroquinate synthase	no	aroB	en_familia	23	1.0000	core	core	no	no	no
bin_4_52	bin-4-52	bin_4_52_01967	cds	contig_63	271873	0.4348	128578	129420	+	128577	280		SPOR domain-containing protein	no	group_4038	en_familia	23	1.0000	core	core	no	no	no
bin_4_52	bin-4-52	bin_4_52_01968	cds	contig_63	271873	0.4348	129876	134357	+	129875	1493	gltB	glutamate synthase large subunit	no	gltB	en_familia	23	1.0000	core	core	no	no	no
bin_4_52	bin-4-52	bin_4_52_01969	cds	contig_63	271873	0.4348	134430	135851	+	134429	473		4Fe-4S ferredoxin-type domain-containing protein	no	gltD	en_familia	23	1.0000	core	core	no	no	no
bin_4_52	bin-4-52	bin_4_52_01970	cds	contig_63	271873	0.4348	136037	136627	+	135246	196	lemA	LemA family protein	no	group_4692	en_familia	23	1.0000	core	core	no	no	no
bin_4_52	bin-4-52	bin_4_52_01971	cds	contig_63	271873	0.4348	136657	137691	+	134182	344		TPM domain-containing protein	no	group_5100	en_familia	19	0.8261	shell	shell	si	no	no
bin_4_52	bin-4-52	bin_4_52_01972	cds	contig_63	271873	0.4348	137685	138245	+	133628	186		TPM domain-containing protein	no	group_5423	en_familia	23	1.0000	core	core	no	no	no
bin_4_52	bin-4-52	bin_4_52_01973	cds	contig_63	271873	0.4348	138373	138684	-	133189	103		prepilin-type cleavage/methylation domain-containing protein	no	group_2403	en_familia	0	0.0000	exclusivo	exclusivo	no	no	si
bin_4_52	bin-4-52	bin_4_52_01974	cds	contig_63	271873	0.4348	138928	139098	-	132775	56		Arc family DNA-binding protein	no	group_2939	en_familia	0	0.0000	exclusivo	exclusivo	no	no	si
bin_4_52	bin-4-52	bin_4_52_01975	cds	contig_63	271873	0.4348	139456	139818	+	132055	120		hypothetical protein	no	group_2212	en_familia	0	0.0000	exclusivo	exclusivo	no	no	si
bin_4_52	bin-4-52	bin_4_52_01976	cds	contig_63	271873	0.4348	139860	140216	-	131657	118		Transposase	no	group_2238	en_familia	0	0.0000	exclusivo	exclusivo	no	no	si
bin_4_52	bin-4-52	bin_4_52_01977	cds	contig_63	271873	0.4348	140220	141401	-	130472	393		Tyr recombinase domain-containing protein	no	group_551	en_familia	0	0.0000	exclusivo	exclusivo	no	no	si
bin_4_52	bin-4-52	bin_4_52_01978	cds	contig_63	271873	0.4348	141488	142276	-	129597	262		hypothetical protein	no	group_1151	en_familia	0	0.0000	exclusivo	exclusivo	no	no	si
bin_4_52	bin-4-52	bin_4_52_01979	cds	contig_63	271873	0.4348	142273	144210	-	127663	645		Tyr recombinase domain-containing protein	no	group_161	en_familia	0	0.0000	exclusivo	exclusivo	no	no	si
bin_4_52	bin-4-52	bin_4_52_01980	cds	contig_63	271873	0.4348	144207	145634	-	126239	475		site-specific integrase	no	group_322	en_familia	0	0.0000	exclusivo	exclusivo	no	no	si
bin_4_52	bin-4-52	bin_4_52_01981	cds	contig_63	271873	0.4348	145808	146002	-	125871	64		DNA-binding protein	no	group_2865	en_familia	0	0.0000	exclusivo	exclusivo	no	no	si
bin_4_52	bin-4-52	bin_4_52_01982	cds	contig_63	271873	0.4348	146127	146609	-	125264	160		hypothetical protein	no	group_1840	en_familia	0	0.0000	exclusivo	exclusivo	no	no	si
bin_4_52	bin-4-52	bin_4_52_01983	cds	contig_63	271873	0.4348	146707	146913	+	124960	68		helix-turn-helix domain-containing protein	no	group_2835	en_familia	0	0.0000	exclusivo	exclusivo	no	no	si
bin_4_52	bin-4-52	bin_4_52_01984	cds	contig_63	271873	0.4348	147137	147397	+	124476	86		(pseudo) helix-turn-helix transcriptional regulator	si	group_2603	en_familia	0	0.0000	exclusivo	exclusivo	no	no	si
bin_4_52	bin-4-52	bin_4_52_01985	cds	contig_63	271873	0.4348	148017	149654	+	122219	545		Virulence factor membrane-bound polymerase C-terminal domain-containing protein	no	group_5479	en_familia	19	0.8261	shell	shell	si	no	no
bin_4_52	bin-4-52	bin_4_52_01986	cds	contig_63	271873	0.4348	149710	150174	-	121699	154	bfr	bacterioferritin	no	group_5445	en_familia	23	1.0000	core	core	no	no	no
bin_4_52	bin-4-52	bin_4_52_01987	cds	contig_63	271873	0.4348	150416	150610	-	121263	64		Bacterioferritin-associated ferredoxin	no	group_5253	en_familia	23	1.0000	core	core	no	no	no
bin_4_52	bin-4-52	bin_4_52_01988	cds	contig_63	271873	0.4348	150831	151214	-	120659	127	ridA	Reactive intermediate/imine deaminase	no	group_5116	en_familia	23	1.0000	core	core	no	no	no
bin_4_52	bin-4-52	bin_4_52_01989	cds	contig_63	271873	0.4348	151347	152408	+	119465	353		Transposase	no	group_3763	en_familia	9	0.3913	shell	shell	si	no	no
bin_4_52	bin-4-52	bin_4_52_01990	cds	contig_63	271873	0.4348	152561	153631	+	118242	356		Tyr recombinase domain-containing protein	no	group_3632	en_familia	2	0.0870	cloud	cloud	si	si	no
bin_4_52	bin-4-52	bin_4_52_01991	cds	contig_63	271873	0.4348	153631	155076	+	116797	481		Tyr recombinase domain-containing protein	no	group_3656	en_familia	2	0.0870	cloud	cloud	si	si	no
bin_4_52	bin-4-52	bin_4_52_01992	cds	contig_63	271873	0.4348	155066	155446	+	116427	126		Transposase	no	group_3762	en_familia	2	0.0870	cloud	cloud	si	si	no
bin_4_52	bin-4-52	bin_4_52_01993	cds	contig_63	271873	0.4348	155606	157711	-	114162	701		RelA/SpoT family protein	no	group_4726	en_familia	23	1.0000	core	core	no	no	no
bin_4_52	bin-4-52	bin_4_52_01994	cds	contig_63	271873	0.4348	157929	158210	-	113663	93	rpoZ	DNA-directed RNA polymerase subunit omega	no	rpoZ	en_familia	23	1.0000	core	core	no	no	no
bin_4_52	bin-4-52	bin_4_52_01995	cds	contig_63	271873	0.4348	158285	158908	-	112965	207	gmk	guanylate kinase	no	gmk	en_familia	23	1.0000	core	core	no	no	no
bin_4_52	bin-4-52	bin_4_52_01996	cds	contig_63	271873	0.4348	159043	159993	+	111880	316	ispH	4-hydroxy-3-methylbut-2-enyl diphosphate reductase	no	ispH	en_familia	23	1.0000	core	core	no	no	no
bin_4_52	bin-4-52	bin_4_52_01997	cds	contig_63	271873	0.4348	160153	160638	+	111235	161		Type II secretion system protein H	no	group_5061	en_familia	1	0.0435	cloud	cloud	si	si	no
bin_4_52	bin-4-52	bin_4_52_01998	cds	contig_63	271873	0.4348	160635	161180	+	110693	181	pilV	type IV pilus modification protein PilV	no	group_4571	en_familia	1	0.0435	cloud	cloud	si	si	no
bin_4_52	bin-4-52	bin_4_52_01999	cds	contig_63	271873	0.4348	161180	162130	+	109743	316		Prepilin-type N-terminal cleavage/methylation domain-containing protein	no	group_3472	en_familia	1	0.0435	cloud	cloud	si	si	no
bin_4_52	bin-4-52	bin_4_52_02000	cds	contig_63	271873	0.4348	162130	162912	+	108961	260	pilX	Type 4 fimbrial biogenesis protein PilX N-terminal domain-containing protein	no	group_1162	en_familia	1	0.0435	cloud	cloud	si	si	no
bin_4_52	bin-4-52	bin_4_52_02001	cds	contig_63	271873	0.4348	162909	166463	+	105410	1184	pilY1	PilY1 beta-propeller domain-containing protein	no	group_4191	en_familia	1	0.0435	cloud	cloud	si	si	no
bin_4_52	bin-4-52	bin_4_52_02002	cds	contig_63	271873	0.4348	166473	166901	+	104972	142		Prepilin-type N-terminal cleavage/methylation domain-containing protein	no	group_2015	en_familia	1	0.0435	cloud	cloud	si	si	no
bin_4_52	bin-4-52	bin_4_52_02003	cds	contig_63	271873	0.4348	166895	167344	+	104529	149		Prepilin-type N-terminal cleavage/methylation domain-containing protein	no	group_1952	en_familia	1	0.0435	cloud	cloud	si	si	no
bin_4_52	bin-4-52	bin_4_52_02004	cds	contig_63	271873	0.4348	167498	167755	+	104118	85	rpsP	30S ribosomal protein S16	no	rpsP	en_familia	23	1.0000	core	core	no	no	no
bin_4_52	bin-4-52	bin_4_52_02005	cds	contig_63	271873	0.4348	167786	168334	+	103539	182	rimM	ribosome maturation factor RimM	no	rimM	en_familia	23	1.0000	core	core	no	no	no
bin_4_52	bin-4-52	bin_4_52_02006	cds	contig_63	271873	0.4348	168361	169110	+	102763	249	trmD	tRNA (guanosine(37)-N1)-methyltransferase TrmD	no	trmD	en_familia	23	1.0000	core	core	no	no	no
bin_4_52	bin-4-52	bin_4_52_02007	cds	contig_63	271873	0.4348	169285	169656	+	102217	123	rplS	50S ribosomal protein L19	no	rplS	en_familia	23	1.0000	core	core	no	no	no
bin_4_52	bin-4-52	bin_4_52_02008	cds	contig_63	271873	0.4348	169724	169948	-	101925	74		hypothetical protein	no	group_4946	en_familia	19	0.8261	shell	shell	si	no	no
bin_4_52	bin-4-52	bin_4_52_02009	cds	contig_63	271873	0.4348	170059	170670	-	101203	203		hypothetical protein	no	group_5187	en_familia	17	0.7391	shell	shell	si	no	no
bin_4_52	bin-4-52	bin_4_52_02010	cds	contig_63	271873	0.4348	170761	171729	-	100144	322		AB hydrolase-1 domain-containing protein	no	group_855	en_familia	17	0.7391	shell	shell	si	no	no
bin_4_52	bin-4-52	bin_4_52_02011	cds	contig_63	271873	0.4348	171996	173006	-	98867	336		AB hydrolase-1 domain-containing protein	no	group_794	en_familia	17	0.7391	shell	shell	si	no	no
bin_4_52	bin-4-52	bin_4_52_02012	cds	contig_63	271873	0.4348	173403	174434	-	97439	343		Lipase chaperone	no	group_5188	en_familia	23	1.0000	core	core	no	no	no
bin_4_52	bin-4-52	bin_4_52_02013	cds	contig_63	271873	0.4348	174591	175496	+	96377	301	truB	tRNA pseudouridine(55) synthase TruB	no	truB	en_familia	23	1.0000	core	core	no	no	no
bin_4_52	bin-4-52	bin_4_52_02014	cds	contig_63	271873	0.4348	175519	176286	+	95587	255		putative membrane transporter protein	no	group_4133	en_familia	23	1.0000	core	core	no	no	no
bin_4_52	bin-4-52	bin_4_52_02015	cds	contig_63	271873	0.4348	176412	176879	+	94994	155		Hemerythrin-like domain-containing protein	no	group_1881	en_familia	23	1.0000	core	core	no	no	no
bin_4_52	bin-4-52	bin_4_52_02016	cds	contig_63	271873	0.4348	176946	177824	-	94049	292	eamA	EamA domain-containing protein	no	group_4347	en_familia	23	1.0000	core	core	no	no	no
bin_4_52	bin-4-52	bin_4_52_02017	cds	contig_63	271873	0.4348	178070	178945	-	92928	291	eamA	EamA domain-containing protein	no	group_4147	en_familia	23	1.0000	core	core	no	no	no
bin_4_52	bin-4-52	bin_4_52_02018	cds	contig_63	271873	0.4348	179069	180301	-	91572	410	serA	phosphoglycerate dehydrogenase	no	serA	en_familia	23	1.0000	core	core	no	no	no
bin_4_52	bin-4-52	bin_4_52_02019	cds	contig_63	271873	0.4348	180638	182065	+	89808	475	glcD	FAD-binding PCMH-type domain-containing protein	no	glcD	en_familia	23	1.0000	core	core	no	no	no
bin_4_52	bin-4-52	bin_4_52_02020	cds	contig_63	271873	0.4348	182208	182585	+	89288	125		Lipoprotein	no	group_3864	en_familia	23	1.0000	core	core	no	no	no
bin_4_52	bin-4-52	bin_4_52_02021	cds	contig_63	271873	0.4348	182837	184066	+	87807	409	mdfA	Multidrug transporter MdfA	no	mdfA	en_familia	23	1.0000	core	core	no	no	no
bin_4_52	bin-4-52	bin_4_52_02022	cds	contig_63	271873	0.4348	184277	184573	-	87300	98		DUF3817 domain-containing protein	no	group_3959	en_familia	23	1.0000	core	core	no	no	no
bin_4_52	bin-4-52	bin_4_52_02023	cds	contig_63	271873	0.4348	184787	185350	-	86523	187	sodC	superoxide dismutase [Cu-Zn] SodC	no	sodC	en_familia	23	1.0000	core	core	no	no	no
bin_4_52	bin-4-52	bin_4_52_02024	cds	contig_63	271873	0.4348	185479	186618	-	85255	379		Permease	no	group_612	en_familia	23	1.0000	core	core	no	no	no
bin_4_52	bin-4-52	bin_4_52_02025	cds	contig_63	271873	0.4348	186735	187379	-	84494	214		CobQ/CobB/MinD/ParA nucleotide binding domain-containing protein	no	group_1428	en_familia	23	1.0000	core	core	no	no	no
bin_4_52	bin-4-52	bin_4_52_02026	cds	contig_63	271873	0.4348	187503	187979	+	83894	158		Endonuclease	no	group_1853	en_familia	23	1.0000	core	core	no	no	no
bin_4_52	bin-4-52	bin_4_52_02027	cds	contig_63	271873	0.4348	187991	188569	+	83304	192	lptC	LPS export ABC transporter periplasmic protein LptC	no	group_4341	en_familia	23	1.0000	core	core	no	no	no
bin_4_52	bin-4-52	bin_4_52_02028	cds	contig_63	271873	0.4348	188584	189210	-	82663	208		Methyltransferase type 11 domain-containing protein	no	group_4967	en_familia	23	1.0000	core	core	no	no	no
bin_4_52	bin-4-52	bin_4_52_02029	cds	contig_63	271873	0.4348	189406	189957	+	81916	183		hypothetical protein	no	group_4247	en_familia	23	1.0000	core	core	no	no	no
bin_4_52	bin-4-52	bin_4_52_02030	cds	contig_63	271873	0.4348	190038	190370	-	81503	110	hopJ	HopJ type III effector protein	no	hopJ	en_familia	23	1.0000	core	core	no	no	no
bin_4_52	bin-4-52	bin_4_52_02031	cds	contig_63	271873	0.4348	190538	190918	+	80955	126	crcB	fluoride efflux transporter CrcB	no	crcB	en_familia	23	1.0000	core	core	no	no	no
bin_4_52	bin-4-52	bin_4_52_02032	cds	contig_63	271873	0.4348	190981	191232	-	80641	83		type B 50S ribosomal protein L31	no	group_2636	en_familia	23	1.0000	core	core	no	no	no
bin_4_52	bin-4-52	bin_4_52_02033	cds	contig_63	271873	0.4348	191350	192648	-	79225	432		ABC1 atypical kinase-like domain-containing protein	no	group_409	en_familia	23	1.0000	core	core	no	no	no
bin_4_52	bin-4-52	bin_4_52_02034	cds	contig_63	271873	0.4348	192904	193113	+	78760	69		DUF1737 domain-containing protein	no	group_3887	en_familia	23	1.0000	core	core	no	no	no
bin_4_52	bin-4-52	bin_4_52_02035	cds	contig_63	271873	0.4348	193352	194710	-	77163	452		Multidrug-efflux transporter	no	group_357	en_familia	23	1.0000	core	core	no	no	no
bin_4_52	bin-4-52	bin_4_52_02036	cds	contig_63	271873	0.4348	194751	195209	-	76664	152		Integral membrane protein	no	group_1922	en_familia	23	1.0000	core	core	no	no	no
bin_4_52	bin-4-52	bin_4_52_02037	cds	contig_63	271873	0.4348	195334	196488	+	75385	384	hemW	radical SAM family heme chaperone HemW	no	hemW	en_familia	23	1.0000	core	core	no	no	no
bin_4_52	bin-4-52	bin_4_52_02038	cds	contig_63	271873	0.4348	196608	196964	+	74909	118		EVE domain-containing protein	no	group_4460	en_familia	23	1.0000	core	core	no	no	no
bin_4_52	bin-4-52	bin_4_52_02039	cds	contig_63	271873	0.4348	197019	197570	+	74303	183		HNH nuclease domain-containing protein	no	group_4460	en_familia	23	1.0000	core	core	no	no	no
bin_4_52	bin-4-52	bin_4_52_02040	cds	contig_63	271873	0.4348	197910	198119	-	73754	69		Cold-shock protein	no	group_2811	en_familia	23	1.0000	core	core	no	no	no
bin_4_52	bin-4-52	bin_4_52_02041	cds	contig_63	271873	0.4348	198476	200299	-	71574	607		Acyl-CoA dehydrogenase	no	group_186	en_familia	23	1.0000	core	core	no	no	no
bin_4_52	bin-4-52	bin_4_52_02042	cds	contig_63	271873	0.4348	200691	201479	-	70394	262	aroE	shikimate dehydrogenase	no	aroE	en_familia	23	1.0000	core	core	no	no	no
bin_4_52	bin-4-52	bin_4_52_02043	cds	contig_63	271873	0.4348	201571	201777	-	70096	68		hypothetical protein	no	group_4111	en_familia	23	1.0000	core	core	no	no	no
bin_4_52	bin-4-52	bin_4_52_02044	cds	contig_63	271873	0.4348	202058	203002	-	68871	314	hemF	oxygen-dependent coproporphyrinogen oxidase	no	hemF	en_familia	23	1.0000	core	core	no	no	no
bin_4_52	bin-4-52	bin_4_52_02045	cds	contig_63	271873	0.4348	203241	204614	+	67259	457	hemN	oxygen-independent coproporphyrinogen III oxidase	no	hemN	en_familia	23	1.0000	core	core	no	no	no
bin_4_52	bin-4-52	bin_4_52_02046	cds	contig_63	271873	0.4348	204754	205356	-	66517	200		GTP cyclohydrolase-2	no	group_1508	en_familia	23	1.0000	core	core	no	no	no
bin_4_52	bin-4-52	bin_4_52_02047	cds	contig_63	271873	0.4348	205667	207571	+	64302	634	dxs	1-deoxy-D-xylulose-5-phosphate synthase	no	dxs	en_familia	23	1.0000	core	core	no	no	no
bin_4_52	bin-4-52	bin_4_52_02048	cds	contig_63	271873	0.4348	207692	208522	+	63351	276		Inositol-1-monophosphatase	no	group_1091	en_familia	23	1.0000	core	core	no	no	no
bin_4_52	bin-4-52	bin_4_52_02049	cds	contig_63	271873	0.4348	208972	210843	+	61030	623		DEAD/DEAH box helicase	no	group_174	en_familia	23	1.0000	core	core	no	no	no
bin_4_52	bin-4-52	bin_4_52_02050	cds	contig_63	271873	0.4348	211246	212064	+	59809	272		ABC transporter domain-containing protein	no	group_1106	en_familia	23	1.0000	core	core	no	no	no
bin_4_52	bin-4-52	bin_4_52_02051	cds	contig_63	271873	0.4348	212061	212840	+	59033	259	mlaE	lipid asymmetry maintenance ABC transporter permease subunit MlaE	no	mlaE	en_familia	23	1.0000	core	core	no	no	no
bin_4_52	bin-4-52	bin_4_52_02052	cds	contig_63	271873	0.4348	212840	213517	+	58356	225	mlaD	outer membrane lipid asymmetry maintenance protein MlaD	no	mlaD	en_familia	23	1.0000	core	core	no	no	no
bin_4_52	bin-4-52	bin_4_52_02053	cds	contig_63	271873	0.4348	213535	214170	+	57703	211		Toluene tolerance protein	no	group_1454	en_familia	23	1.0000	core	core	no	no	no
bin_4_52	bin-4-52	bin_4_52_02054	cds	contig_63	271873	0.4348	214183	214473	+	57400	96		STAS domain-containing protein	no	group_4070	en_familia	23	1.0000	core	core	no	no	no
bin_4_52	bin-4-52	bin_4_52_02055	cds	contig_63	271873	0.4348	214743	215756	-	56117	337	corA	Magnesium transport protein CorA	no	corA	en_familia	23	1.0000	core	core	no	no	no
bin_4_52	bin-4-52	bin_4_52_02056	cds	contig_63	271873	0.4348	215907	216500	+	55373	197		Cytokinin riboside 5'-monophosphate phosphoribohydrolase	no	group_4071	en_familia	23	1.0000	core	core	no	no	no
bin_4_52	bin-4-52	bin_4_52_02057	cds	contig_63	271873	0.4348	216532	216933	+	54940	133		Nudix hydrolase domain-containing protein	no	group_4727	en_familia	23	1.0000	core	core	no	no	no
bin_4_52	bin-4-52	bin_4_52_02058	cds	contig_63	271873	0.4348	216935	217570	-	54303	211		Phosphoribosyltransferase domain-containing protein	no	group_3765	en_familia	23	1.0000	core	core	no	no	no
bin_4_52	bin-4-52	bin_4_52_02059	cds	contig_63	271873	0.4348	217557	219602	-	52271	681	recG	ATP-dependent DNA helicase RecG	no	recG	en_familia	23	1.0000	core	core	no	no	no
bin_4_52	bin-4-52	bin_4_52_02060	cds	contig_63	271873	0.4348	219637	220455	+	51418	272		NAD-dependent epimerase/dehydratase domain-containing protein	no	group_3723	en_familia	23	1.0000	core	core	no	no	no
bin_4_52	bin-4-52	bin_4_52_02061	cds	contig_63	271873	0.4348	220576	223137	-	48736	853	plsB	glycerol-3-phosphate 1-O-acyltransferase PlsB	no	plsB	en_familia	23	1.0000	core	core	no	no	no
bin_4_52	bin-4-52	bin_4_52_02062	cds	contig_63	271873	0.4348	223423	224295	+	47578	290		Palmitoyl-CoA hydrolase	no	group_1034	en_familia	23	1.0000	core	core	no	no	no
bin_4_52	bin-4-52	bin_4_52_02063	cds	contig_63	271873	0.4348	224681	225931	+	45942	416		Dicarboxylate/amino acid:cation symporter	no	group_468	en_familia	23	1.0000	core	core	no	no	no
bin_4_52	bin-4-52	bin_4_52_02064	cds	contig_63	271873	0.4348	225913	226332	-	45541	139		VOC domain-containing protein	no	group_3403	en_familia	23	1.0000	core	core	no	no	no
bin_4_52	bin-4-52	bin_4_52_02065	cds	contig_63	271873	0.4348	226531	227373	-	44500	280		Metal-dependent hydrolase	no	group_4905	en_familia	23	1.0000	core	core	no	no	no
bin_4_52	bin-4-52	bin_4_52_02066	cds	contig_63	271873	0.4348	227475	228398	-	43475	307	yihA	ribosome biogenesis GTP-binding protein YihA/YsxC	no	yihA	en_familia	23	1.0000	core	core	no	no	no
bin_4_52	bin-4-52	bin_4_52_02067	cds	contig_63	271873	0.4348	228498	228896	-	42977	132		Rrf2 family protein	no	group_3410	en_familia	23	1.0000	core	core	no	no	no
bin_4_52	bin-4-52	bin_4_52_02068	cds	contig_63	271873	0.4348	229024	230232	-	41641	402	hmpA	NO-inducible flavohemoprotein	no	hmpA	en_familia	23	1.0000	core	core	no	no	no
bin_4_52	bin-4-52	bin_4_52_02069	cds	contig_63	271873	0.4348	230385	231968	-	39905	527		AAA+ ATPase domain-containing protein	no	group_3967	en_familia	23	1.0000	core	core	no	no	no
bin_4_52	bin-4-52	bin_4_52_02070	cds	contig_63	271873	0.4348	231987	233189	-	38684	400		Cystathionine beta-lyase	no	group_522	en_familia	23	1.0000	core	core	no	no	no
bin_4_52	bin-4-52	bin_4_52_02071	cds	contig_63	271873	0.4348	233352	234086	+	37787	244		Glutamine amidotransferase domain-containing protein	no	group_3971	en_familia	23	1.0000	core	core	no	no	no
bin_4_52	bin-4-52	bin_4_52_02072	cds	contig_63	271873	0.4348	234361	234672	+	37201	103	rpsJ	30S ribosomal protein S10	no	rpsJ	en_familia	23	1.0000	core	core	no	no	no
bin_4_52	bin-4-52	bin_4_52_02073	cds	contig_63	271873	0.4348	234733	235371	+	36502	212	rplC	50S ribosomal protein L3	no	rplC	en_familia	23	1.0000	core	core	no	no	no
bin_4_52	bin-4-52	bin_4_52_02074	cds	contig_63	271873	0.4348	235383	235985	+	35888	200	rplD	50S ribosomal protein L4	no	rplD	en_familia	23	1.0000	core	core	no	no	no
bin_4_52	bin-4-52	bin_4_52_02075	cds	contig_63	271873	0.4348	235982	236302	+	35571	106	rplW	50S ribosomal protein L23	no	rplW	en_familia	23	1.0000	core	core	no	no	no
bin_4_52	bin-4-52	bin_4_52_02076	cds	contig_63	271873	0.4348	236314	237138	+	34735	274	rplB	50S ribosomal protein L2	no	rplB	en_familia	23	1.0000	core	core	no	no	no
bin_4_52	bin-4-52	bin_4_52_02077	cds	contig_63	271873	0.4348	237158	237433	+	34440	91	rpsS	30S ribosomal protein S19	no	rpsS	en_familia	23	1.0000	core	core	no	no	no
bin_4_52	bin-4-52	bin_4_52_02078	cds	contig_63	271873	0.4348	237445	237774	+	34099	109	rplV	50S ribosomal protein L22	no	rplV	en_familia	23	1.0000	core	core	no	no	no
bin_4_52	bin-4-52	bin_4_52_02079	cds	contig_63	271873	0.4348	237776	238528	+	33345	250	rpsC	30S ribosomal protein S3	no	rpsC	en_familia	23	1.0000	core	core	no	no	no
bin_4_52	bin-4-52	bin_4_52_02080	cds	contig_63	271873	0.4348	238532	238945	+	32928	137	rplP	50S ribosomal protein L16	no	rplP	en_familia	23	1.0000	core	core	no	no	no
bin_4_52	bin-4-52	bin_4_52_02081	cds	contig_63	271873	0.4348	238945	239142	+	32731	65	rpmC	50S ribosomal protein L29	no	rpmC	en_familia	23	1.0000	core	core	no	no	no
bin_4_52	bin-4-52	bin_4_52_02082	cds	contig_63	271873	0.4348	239139	239396	+	32477	85	rpsQ	30S ribosomal protein S17	no	rpsQ	en_familia	23	1.0000	core	core	no	no	no
bin_4_52	bin-4-52	bin_4_52_02083	cds	contig_63	271873	0.4348	239488	239856	+	32017	122	rplN	50S ribosomal protein L14	no	rplN	en_familia	23	1.0000	core	core	no	no	no
bin_4_52	bin-4-52	bin_4_52_02084	cds	contig_63	271873	0.4348	239866	240183	+	31690	105	rplX	50S ribosomal protein L24	no	rplX	en_familia	23	1.0000	core	core	no	no	no
bin_4_52	bin-4-52	bin_4_52_02085	cds	contig_63	271873	0.4348	240200	240736	+	31137	178	rplE	50S ribosomal protein L5	no	rplE	en_familia	23	1.0000	core	core	no	no	no
bin_4_52	bin-4-52	bin_4_52_02086	cds	contig_63	271873	0.4348	240746	241051	+	30822	101		Small ribosomal subunit protein uS14	no	group_2423	en_familia	23	1.0000	core	core	no	no	no
bin_4_52	bin-4-52	bin_4_52_02087	cds	contig_63	271873	0.4348	241064	241459	+	30414	131	rpsH	30S ribosomal protein S8	no	rpsH	en_familia	23	1.0000	core	core	no	no	no
bin_4_52	bin-4-52	bin_4_52_02088	cds	contig_63	271873	0.4348	241473	242006	+	29867	177	rplF	50S ribosomal protein L6	no	rplF	en_familia	23	1.0000	core	core	no	no	no
bin_4_52	bin-4-52	bin_4_52_02089	cds	contig_63	271873	0.4348	242021	242371	+	29502	116	rplR	50S ribosomal protein L18	no	rplR	en_familia	23	1.0000	core	core	no	no	no
bin_4_52	bin-4-52	bin_4_52_02090	cds	contig_63	271873	0.4348	242374	242871	+	29002	165	rpsE	30S ribosomal protein S5	no	rpsE	en_familia	23	1.0000	core	core	no	no	no
bin_4_52	bin-4-52	bin_4_52_02091	cds	contig_63	271873	0.4348	242877	243053	+	28820	58	rpmD	50S ribosomal protein L30	no	rpmD	en_familia	23	1.0000	core	core	no	no	no
bin_4_52	bin-4-52	bin_4_52_02092	cds	contig_63	271873	0.4348	243057	243497	+	28376	146	rplO	50S ribosomal protein L15	no	rplO	en_familia	23	1.0000	core	core	no	no	no
bin_4_52	bin-4-52	bin_4_52_02093	cds	contig_63	271873	0.4348	243504	244862	+	27011	452	secY	preprotein translocase subunit SecY	no	secY	en_familia	23	1.0000	core	core	no	no	no
bin_4_52	bin-4-52	bin_4_52_02094	cds	contig_63	271873	0.4348	244882	244998	+	26875	38	rpmJ	50S ribosomal protein L36	no	rpmJ	en_familia	23	1.0000	core	core	no	no	no
bin_4_52	bin-4-52	bin_4_52_02095	cds	contig_63	271873	0.4348	245106	245462	+	26411	118	rpsM	30S ribosomal protein S13	no	rpsM	en_familia	23	1.0000	core	core	no	no	no
bin_4_52	bin-4-52	bin_4_52_02096	cds	contig_63	271873	0.4348	245482	245868	+	26005	128	rpsK	30S ribosomal protein S11	no	rpsK	en_familia	23	1.0000	core	core	no	no	no
bin_4_52	bin-4-52	bin_4_52_02097	cds	contig_63	271873	0.4348	245881	246507	+	25366	208	rpsD	30S ribosomal protein S4	no	rpsD	en_familia	23	1.0000	core	core	no	no	no
bin_4_52	bin-4-52	bin_4_52_02098	cds	contig_63	271873	0.4348	246524	247531	+	24342	335	rpoA	DNA-directed RNA polymerase subunit alpha	no	rpoA	en_familia	23	1.0000	core	core	no	no	no
bin_4_52	bin-4-52	bin_4_52_02099	cds	contig_63	271873	0.4348	247550	247915	+	23958	121	rplQ	50S ribosomal protein L17	no	rplQ	en_familia	23	1.0000	core	core	no	no	no
bin_4_52	bin-4-52	bin_4_52_02100	cds	contig_63	271873	0.4348	248135	249640	+	22233	501	ethA	FAD-containing monooxygenase EthA	no	ethA	en_familia	23	1.0000	core	core	no	no	no
bin_4_52	bin-4-52	bin_4_52_02101	cds	contig_63	271873	0.4348	249703	250875	-	20998	390	mbtN	Acyl-[acyl-carrier-protein] dehydrogenase MbtN	no	mbtN	en_familia	23	1.0000	core	core	no	no	no
bin_4_52	bin-4-52	bin_4_52_02102	cds	contig_63	271873	0.4348	251025	251309	+	20564	94	sdhE	FAD assembly factor SdhE	no	sdhE	en_familia	23	1.0000	core	core	no	no	no
bin_4_52	bin-4-52	bin_4_52_02103	cds	contig_63	271873	0.4348	251302	251688	+	20185	128		YcxB-like protein domain-containing protein	no	group_4059	en_familia	23	1.0000	core	core	no	no	no
bin_4_52	bin-4-52	bin_4_52_02104	cds	contig_63	271873	0.4348	252224	253264	+	18609	346		Lipoprotein	no	group_743	en_familia	23	1.0000	core	core	no	no	no
bin_4_52	bin-4-52	bin_4_52_02105	cds	contig_63	271873	0.4348	253324	253902	+	17971	192	rrtA	rhombosortase	no	rrtA	en_familia	23	1.0000	core	core	no	no	no
bin_4_52	bin-4-52	bin_4_52_02106	cds	contig_63	271873	0.4348	254079	256274	+	15599	731	dctM	TRAP C4-dicarboxylate transport system permease DctM subunit domain-containing protein	no	dctM	en_familia	23	1.0000	core	core	no	no	no
bin_4_52	bin-4-52	bin_4_52_02107	cds	contig_63	271873	0.4348	256322	257209	-	14664	295	eamA	EamA domain-containing protein	no	group_3752	en_familia	23	1.0000	core	core	no	no	no
bin_4_52	bin-4-52	bin_4_52_02108	cds	contig_63	271873	0.4348	257266	257697	-	14176	143		hypothetical protein	no	group_4462	en_familia	23	1.0000	core	core	no	no	no
bin_4_52	bin-4-52	bin_4_52_02109	cds	contig_63	271873	0.4348	257726	257935	-	13938	69	yheV	YheV family putative zinc ribbon protein	no	yheV	en_familia	23	1.0000	core	core	no	no	no
bin_4_52	bin-4-52	bin_4_52_02110	cds	contig_63	271873	0.4348	257967	260006	-	11867	679		oligopeptidase A	no	group_4461	en_familia	23	1.0000	core	core	no	no	no
bin_4_52	bin-4-52	bin_4_52_02111	cds	contig_63	271873	0.4348	260188	260628	-	11245	146		hypothetical protein	no	group_3732	en_familia	9	0.3913	shell	shell	si	no	no
bin_4_52	bin-4-52	bin_4_52_02112	cds	contig_63	271873	0.4348	260708	263155	-	8718	815	rnr	ribonuclease R	no	rnr	en_familia	23	1.0000	core	core	no	no	no
bin_4_52	bin-4-52	bin_4_52_02117	cds	contig_63	271873	0.4348	264200	265501	-	6372	433		SRPBCC family protein	no	group_3733	en_familia	22	0.9565	core	core	no	no	no
bin_4_52	bin-4-52	bin_4_52_02118	cds	contig_63	271873	0.4348	265673	266170	+	5703	165		YcxB-like C-terminal domain-containing protein	no	group_1774	en_familia	22	0.9565	core	core	no	no	no
bin_4_52	bin-4-52	bin_4_52_02119	cds	contig_63	271873	0.4348	266202	266843	+	5030	213		fumarylacetoacetate hydrolase family protein	no	group_3469	en_familia	22	0.9565	core	core	no	no	no
bin_4_52	bin-4-52	bin_4_52_02120	cds	contig_63	271873	0.4348	266904	267704	-	4169	266		HTH araC/xylS-type domain-containing protein	no	group_4541	en_familia	22	0.9565	core	core	no	no	no
bin_4_52	bin-4-52	bin_4_52_02121	cds	contig_63	271873	0.4348	267811	268737	+	3136	308	eamA	EamA domain-containing protein	no	group_3399	en_familia	22	0.9565	core	core	no	no	no
bin_4_52	bin-4-52	bin_4_52_02122	cds	contig_63	271873	0.4348	268861	270144	-	1729	427		UPF0761 membrane protein ACS72_08535	no	group_429	en_familia	23	1.0000	core	core	no	no	no
bin_4_52	bin-4-52	bin_4_52_02123	cds	contig_63	271873	0.4348	270255	270851	+	1022	198	wrbA	NAD(P)H:quinone oxidoreductase	no	wrbA	en_familia	23	1.0000	core	core	no	no	no
bin_4_52	bin-4-52	bin_4_52_02124	cds	contig_63	271873	0.4348	270877	271293	-	580	138		Glycine zipper domain-containing protein	no	group_4542	en_familia	23	1.0000	core	core	no	no	no
bin_4_52	bin-4-52	bin_4_52_02125	cds	contig_64	26581	0.4576	512	1987	+	511	491		Transporter	no	group_3244	en_familia	23	1.0000	core	core	no	no	no
bin_4_52	bin-4-52	bin_4_52_02126	cds	contig_64	26581	0.4576	1998	2108	+	1997	36		Methionine/alanine importer small subunit	no	group_4486	en_familia	23	1.0000	core	core	no	no	no
bin_4_52	bin-4-52	bin_4_52_02127	cds	contig_64	26581	0.4576	2192	3007	+	2191	271	zupT	zinc transporter ZupT	no	group_3245	en_familia	23	1.0000	core	core	no	no	no
bin_4_52	bin-4-52	bin_4_52_02128	cds	contig_64	26581	0.4576	3059	4363	-	3058	434	rsmB	16S rRNA (cytosine(967)-C(5))-methyltransferase RsmB	no	group_4487	en_familia	23	1.0000	core	core	no	no	no
bin_4_52	bin-4-52	bin_4_52_02129	cds	contig_64	26581	0.4576	4360	5322	-	4359	320	fmt	methionyl-tRNA formyltransferase	no	group_4489	en_familia	23	1.0000	core	core	no	no	no
bin_4_52	bin-4-52	bin_4_52_02130	cds	contig_64	26581	0.4576	5768	7555	+	5767	595	ilvD	dihydroxy-acid dehydratase	no	group_3246	en_familia	23	1.0000	core	core	no	no	no
bin_4_52	bin-4-52	bin_4_52_02131	cds	contig_64	26581	0.4576	7754	7957	+	7753	67		Major facilitator superfamily (MFS) profile domain-containing protein	no	group_4488	en_familia	22	0.9565	core	core	no	no	no
bin_4_52	bin-4-52	bin_4_52_02132	cds	contig_64	26581	0.4576	8452	10137	+	8451	561	ilvD	dihydroxy-acid dehydratase	no	group_3247	en_familia	23	1.0000	core	core	no	no	no
bin_4_52	bin-4-52	bin_4_52_02133	cds	contig_64	26581	0.4576	10293	11615	+	10292	440		DSBA-like thioredoxin domain-containing protein	no	group_3248	en_familia	23	1.0000	core	core	no	no	no
bin_4_52	bin-4-52	bin_4_52_02134	cds	contig_64	26581	0.4576	11596	11883	+	11595	95		chorismate mutase	no	group_3249	en_familia	23	1.0000	core	core	no	no	no
bin_4_52	bin-4-52	bin_4_52_02135	cds	contig_64	26581	0.4576	12055	12210	+	12054	51		hypothetical protein	no	group_4132	en_familia	23	1.0000	core	core	no	no	no
bin_4_52	bin-4-52	bin_4_52_02136	cds	contig_64	26581	0.4576	12207	12761	-	12206	184	lysR	LysR substrate-binding domain-containing protein	no	group_4910	en_familia	23	1.0000	core	core	no	no	no
bin_4_52	bin-4-52	bin_4_52_02137	cds	contig_64	26581	0.4576	12807	13421	+	12806	204		IS607 family transposase	no	group_3589	en_familia	3	0.1304	cloud	cloud	si	si	no
bin_4_52	bin-4-52	bin_4_52_02138	cds	contig_64	26581	0.4576	13418	14572	+	12009	384		Transposase	no	group_3337	en_familia	3	0.1304	cloud	cloud	si	si	no
bin_4_52	bin-4-52	bin_4_52_02139	cds	contig_64	26581	0.4576	14673	15080	-	11501	135	lysR	LysR family transcriptional regulator	no	group_4515	en_familia	3	0.1304	cloud	cloud	si	si	no
bin_4_52	bin-4-52	bin_4_52_02140	cds	contig_64	26581	0.4576	15181	16476	-	10105	431		Pyrimidine utilization transport protein G	no	group_4134	en_familia	23	1.0000	core	core	no	no	no
bin_4_52	bin-4-52	bin_4_52_02141	cds	contig_64	26581	0.4576	16776	19460	-	7121	894	ppc	phosphoenolpyruvate carboxylase	no	group_4911	en_familia	23	1.0000	core	core	no	no	no
bin_4_52	bin-4-52	bin_4_52_02142	cds	contig_64	26581	0.4576	19606	20256	-	6325	216		HTH tetR-type domain-containing protein	no	group_4490	en_familia	23	1.0000	core	core	no	no	no
bin_4_52	bin-4-52	bin_4_52_02143	cds	contig_64	26581	0.4576	20377	21480	+	5101	367		RND efflux pump membrane fusion protein barrel-sandwich domain-containing protein	no	group_3250	en_familia	23	1.0000	core	core	no	no	no
bin_4_52	bin-4-52	bin_4_52_02144	cds	contig_64	26581	0.4576	21483	24620	+	1961	1045		SSD domain-containing protein	no	group_3251	en_familia	23	1.0000	core	core	no	no	no
bin_4_52	bin-4-52	bin_4_52_02145	cds	contig_64	26581	0.4576	24753	25130	+	1451	125		Sodium/proton-translocating pyrophosphatase	no	group_3252	en_familia	23	1.0000	core	core	no	no	no
bin_4_52	bin-4-52	bin_4_52_02146	cds	contig_64	26581	0.4576	25236	26348	+	233	370	dnaJ	Chaperone protein DnaJ	no	group_3253	en_familia	23	1.0000	core	core	no	no	no
bin_4_52	bin-4-52	bin_4_52_02147	cds	contig_65	5185	0.3992	540	3206	-	539	888	uvrA	excinuclease ABC subunit UvrA	no	uvrA	en_familia	16	0.6957	shell	shell	si	no	no
bin_4_52	bin-4-52	bin_4_52_02148	cds	contig_65	5185	0.3992	3249	4094	-	1091	281	tnp	IS256 family transposase	no	group_4632	en_familia	15	0.6522	shell	shell	si	no	no
bin_4_52	bin-4-52	bin_4_52_02149	cds	contig_65	5185	0.3992	4052	4471	-	714	139		Mutator family transposase	no	group_3592	en_familia	9	0.3913	shell	shell	si	no	no
bin_4_52	bin-4-52	bin_4_52_02150	cds	contig_65	5185	0.3992	4565	5071	-	114	168		Alcohol dehydrogenase-like C-terminal domain-containing protein	no	group_3646	en_familia	13	0.5652	shell	shell	si	no	no
bin_4_52	bin-4-52	bin_4_52_02151	cds	contig_66	16670	0.4178	200	403	-	199	67		hypothetical protein	no	group_4866	en_familia	13	0.5652	shell	shell	si	no	no
bin_4_52	bin-4-52	bin_4_52_02152	cds	contig_66	16670	0.4178	664	1323	-	663	219		HAD hydrolase, family IB	no	group_4033	en_familia	20	0.8696	shell	shell	si	no	no
bin_4_52	bin-4-52	bin_4_52_02153	cds	contig_66	16670	0.4178	1290	2381	-	1289	363		DUF1615 domain-containing protein	no	group_684	en_familia	22	0.9565	core	core	no	no	no
bin_4_52	bin-4-52	bin_4_52_02154	cds	contig_66	16670	0.4178	2577	3602	+	2576	341	dusB	tRNA dihydrouridine synthase DusB	no	dusB	en_familia	22	0.9565	core	core	no	no	no
bin_4_52	bin-4-52	bin_4_52_02155	cds	contig_66	16670	0.4178	3847	4503	+	3846	218		Glycine zipper domain-containing protein	no	group_4228	en_familia	22	0.9565	core	core	no	no	no
bin_4_52	bin-4-52	bin_4_52_02156	cds	contig_66	16670	0.4178	4960	5631	+	4959	223		Glycine zipper domain-containing protein	no	group_4829	en_familia	22	0.9565	core	core	no	no	no
bin_4_52	bin-4-52	bin_4_52_02157	cds	contig_66	16670	0.4178	5701	6747	-	5700	348		Propionate 3-nitronate monooxygenase	no	group_3938	en_familia	22	0.9565	core	core	no	no	no
bin_4_52	bin-4-52	bin_4_52_02158	cds	contig_66	16670	0.4178	6953	8212	+	6952	419		Radical SAM core domain-containing protein	no	group_459	en_familia	22	0.9565	core	core	no	no	no
bin_4_52	bin-4-52	bin_4_52_02159	cds	contig_66	16670	0.4178	8212	8991	+	7679	259		DUF4130 domain-containing protein	no	group_3937	en_familia	22	0.9565	core	core	no	no	no
bin_4_52	bin-4-52	bin_4_52_02160	cds	contig_66	16670	0.4178	9058	9567	+	7103	169		DUF3347 domain-containing protein	no	group_1728	en_familia	22	0.9565	core	core	no	no	no
bin_4_52	bin-4-52	bin_4_52_02161	cds	contig_66	16670	0.4178	9633	10844	-	5826	403		Sulphur transport	no	group_4318	en_familia	22	0.9565	core	core	no	no	no
bin_4_52	bin-4-52	bin_4_52_02162	cds	contig_66	16670	0.4178	11499	11843	-	4827	114	tolA	Protein tolA	no	group_2268	en_familia	22	0.9565	core	core	no	no	no
bin_4_52	bin-4-52	bin_4_52_02163	cds	contig_66	16670	0.4178	12012	13178	-	3492	388	metK	methionine adenosyltransferase	no	metK	en_familia	22	0.9565	core	core	no	no	no
bin_4_52	bin-4-52	bin_4_52_02164	cds	contig_66	16670	0.4178	14037	16025	+	645	662	tkt	transketolase	no	tkt	en_familia	22	0.9565	core	core	no	no	no
bin_4_52	bin-4-52	bin_4_52_02165	cds	contig_66	16670	0.4178	16159	16374	+	296	71		hypothetical protein	no	group_2781	en_familia	22	0.9565	core	core	no	no	no
bin_4_52	bin-4-52	bin_4_52_02166	cds	contig_67	43779	0.3735	160	321	-	159	53		hypothetical protein	no	group_6064	en_familia	1	0.0435	cloud	cloud	si	si	no
bin_4_52	bin-4-52	bin_4_52_02167	cds	contig_67	43779	0.3735	424	876	-	423	150		hypothetical protein	no	group_6055	en_familia	1	0.0435	cloud	cloud	si	si	no
bin_4_52	bin-4-52	bin_4_52_02168	cds	contig_67	43779	0.3735	882	1301	-	881	139		hypothetical protein	no	group_6047	en_familia	1	0.0435	cloud	cloud	si	si	no
bin_4_52	bin-4-52	bin_4_52_02169	cds	contig_67	43779	0.3735	1311	1682	-	1310	123		hypothetical protein	no	group_6071	en_familia	1	0.0435	cloud	cloud	si	si	no
bin_4_52	bin-4-52	bin_4_52_02170	cds	contig_67	43779	0.3735	1679	2221	-	1678	180	phaE	Poly(3-hydroxyalkanoate) polymerase subunit PhaE	no	phaE	en_familia	1	0.0435	cloud	cloud	si	si	no
bin_4_52	bin-4-52	bin_4_52_02171	cds	contig_67	43779	0.3735	2214	2720	-	2213	168	ycaO	YcaO domain-containing protein	no	group_6065	en_familia	1	0.0435	cloud	cloud	si	si	no
bin_4_52	bin-4-52	bin_4_52_02172	cds	contig_67	43779	0.3735	2733	3821	-	2732	362	ycaO	YcaO domain-containing protein	no	group_6054	en_familia	1	0.0435	cloud	cloud	si	si	no
bin_4_52	bin-4-52	bin_4_52_02173	cds	contig_67	43779	0.3735	3908	4081	-	3907	57		DUF4224 domain-containing protein	no	group_6066	en_familia	1	0.0435	cloud	cloud	si	si	no
bin_4_52	bin-4-52	bin_4_52_02174	cds	contig_67	43779	0.3735	4716	7508	-	4715	930	traM	TraD/TraG TraM recognition site domain-containing protein	no	group_6051	en_familia	1	0.0435	cloud	cloud	si	si	no
bin_4_52	bin-4-52	bin_4_52_02175	cds	contig_67	43779	0.3735	7631	10813	-	7630	1060		ATP-binding protein	no	group_6058	en_familia	1	0.0435	cloud	cloud	si	si	no
bin_4_52	bin-4-52	bin_4_52_02176	cds	contig_67	43779	0.3735	10875	12074	-	10874	399		hypothetical protein	no	group_6072	en_familia	1	0.0435	cloud	cloud	si	si	no
bin_4_52	bin-4-52	bin_4_52_02177	cds	contig_67	43779	0.3735	12085	12972	-	12084	295		HNH nuclease domain-containing protein	no	group_6067	en_familia	1	0.0435	cloud	cloud	si	si	no
bin_4_52	bin-4-52	bin_4_52_02178	cds	contig_67	43779	0.3735	13083	13496	-	13082	137		DUF2976 domain-containing protein	no	group_6041	en_familia	1	0.0435	cloud	cloud	si	si	no
bin_4_52	bin-4-52	bin_4_52_02179	cds	contig_67	43779	0.3735	13664	14239	-	13663	191	icmC	Type IV secretion protein IcmC	no	icmC	en_familia	1	0.0435	cloud	cloud	si	si	no
bin_4_52	bin-4-52	bin_4_52_02180	cds	contig_67	43779	0.3735	14250	15131	-	14249	293		hypothetical protein	no	group_6063	en_familia	1	0.0435	cloud	cloud	si	si	no
bin_4_52	bin-4-52	bin_4_52_02181	cds	contig_67	43779	0.3735	15137	16660	-	15136	507		Bacterial conjugation TrbI-like protein	no	group_6052	en_familia	1	0.0435	cloud	cloud	si	si	no
bin_4_52	bin-4-52	bin_4_52_02182	cds	contig_67	43779	0.3735	16682	17629	-	16681	315	dotH	Type IV secretion protein DotH	no	dotH	en_familia	1	0.0435	cloud	cloud	si	si	no
bin_4_52	bin-4-52	bin_4_52_02183	cds	contig_67	43779	0.3735	17643	18326	-	17642	227	virB8	Bacterial virulence protein VirB8 domain-containing protein	no	group_6070	en_familia	1	0.0435	cloud	cloud	si	si	no
bin_4_52	bin-4-52	bin_4_52_02184	cds	contig_67	43779	0.3735	18625	19854	-	18624	409		Tyr recombinase domain-containing protein	no	group_6068	en_familia	1	0.0435	cloud	cloud	si	si	no
bin_4_52	bin-4-52	bin_4_52_02185	cds	contig_67	43779	0.3735	20931	21377	+	20930	148		Toxin co-regulated pilus biosynthesis protein Q C-terminal domain-containing protein	no	group_6048	en_familia	1	0.0435	cloud	cloud	si	si	no
bin_4_52	bin-4-52	bin_4_52_02186	cds	contig_67	43779	0.3735	21415	22224	+	21414	269	dotC	Type IV secretion system protein DotC	no	dotC	en_familia	1	0.0435	cloud	cloud	si	si	no
bin_4_52	bin-4-52	bin_4_52_02187	cds	contig_67	43779	0.3735	22252	23547	+	20232	431		Bacterial type II secretion system protein E domain-containing protein	no	group_6056	en_familia	1	0.0435	cloud	cloud	si	si	no
bin_4_52	bin-4-52	bin_4_52_02188	cds	contig_67	43779	0.3735	23557	23826	+	19953	89	traL	Type IV conjugative transfer system protein TraL	no	group_6040	en_familia	1	0.0435	cloud	cloud	si	si	no
bin_4_52	bin-4-52	bin_4_52_02189	cds	contig_67	43779	0.3735	23853	24959	+	18820	368		Actin-like protein N-terminal domain-containing protein	no	group_6053	en_familia	1	0.0435	cloud	cloud	si	si	no
bin_4_52	bin-4-52	bin_4_52_02190	cds	contig_67	43779	0.3735	24956	25783	+	17996	275		DUF4194 domain-containing protein	no	group_6038	en_familia	1	0.0435	cloud	cloud	si	si	no
bin_4_52	bin-4-52	bin_4_52_02191	cds	contig_67	43779	0.3735	25829	26890	-	16889	353		ParB/Sulfiredoxin domain-containing protein	no	group_6042	en_familia	1	0.0435	cloud	cloud	si	si	no
bin_4_52	bin-4-52	bin_4_52_02192	cds	contig_67	43779	0.3735	26900	27736	-	16043	278		Sporulation initiation inhibitor protein Soj	no	group_6050	en_familia	1	0.0435	cloud	cloud	si	si	no
bin_4_52	bin-4-52	bin_4_52_02193	cds	contig_67	43779	0.3735	28906	30435	+	13344	509		hypothetical protein	no	group_6061	en_familia	1	0.0435	cloud	cloud	si	si	no
bin_4_52	bin-4-52	bin_4_52_02194	cds	contig_67	43779	0.3735	30558	31463	+	12316	301	dsbG	Thiol:disulfide interchange protein DsbG	no	group_6044	en_familia	1	0.0435	cloud	cloud	si	si	no
bin_4_52	bin-4-52	bin_4_52_02195	cds	contig_67	43779	0.3735	31476	32150	+	11629	224		hypothetical protein	no	group_6062	en_familia	1	0.0435	cloud	cloud	si	si	no
bin_4_52	bin-4-52	bin_4_52_02196	cds	contig_67	43779	0.3735	32163	32732	+	11047	189		hypothetical protein	no	group_6036	en_familia	1	0.0435	cloud	cloud	si	si	no
bin_4_52	bin-4-52	bin_4_52_02197	cds	contig_67	43779	0.3735	32732	33289	+	10490	185		hypothetical protein	no	group_6057	en_familia	1	0.0435	cloud	cloud	si	si	no
bin_4_52	bin-4-52	bin_4_52_02198	cds	contig_67	43779	0.3735	33293	34849	+	8930	518		DNA 3'-5' helicase	no	group_6049	en_familia	1	0.0435	cloud	cloud	si	si	no
bin_4_52	bin-4-52	bin_4_52_02199	cds	contig_67	43779	0.3735	34842	35486	+	8293	214		DUF4238 domain-containing protein	no	group_6045	en_familia	1	0.0435	cloud	cloud	si	si	no
bin_4_52	bin-4-52	bin_4_52_02200	cds	contig_67	43779	0.3735	35539	35964	-	7815	141		DUF1311 domain-containing protein	no	group_6046	en_familia	1	0.0435	cloud	cloud	si	si	no
bin_4_52	bin-4-52	bin_4_52_02201	cds	contig_67	43779	0.3735	35979	36389	-	7390	136	lprI	Lysozyme inhibitor LprI N-terminal domain-containing protein	no	group_6059	en_familia	1	0.0435	cloud	cloud	si	si	no
bin_4_52	bin-4-52	bin_4_52_02202	cds	contig_67	43779	0.3735	36412	38424	-	5355	670		Peptidase M23 domain-containing protein	no	group_6039	en_familia	1	0.0435	cloud	cloud	si	si	no
bin_4_52	bin-4-52	bin_4_52_02203	cds	contig_67	43779	0.3735	38668	39162	+	4617	164		hypothetical protein	no	group_6037	en_familia	1	0.0435	cloud	cloud	si	si	no
bin_4_52	bin-4-52	bin_4_52_02204	cds	contig_67	43779	0.3735	39224	42229	-	1550	1001		DotA/TraY family protein	no	group_6069	en_familia	1	0.0435	cloud	cloud	si	si	no
bin_4_52	bin-4-52	bin_4_52_02205	cds	contig_67	43779	0.3735	42496	42909	+	870	137		hypothetical protein	no	group_6043	en_familia	1	0.0435	cloud	cloud	si	si	no
bin_4_52	bin-4-52	bin_4_52_02206	cds	contig_67	43779	0.3735	42959	43360	+	419	133		hypothetical protein	no	group_6060	en_familia	1	0.0435	cloud	cloud	si	si	no
bin_4_52	bin-4-52	bin_4_52_02207	cds	contig_68	2128	0.3473	359	670	+	358	103		hypothetical protein	no		no_en_pangenoma			no_en_pangenoma	no_en_pangenoma			no
bin_4_52	bin-4-52	bin_4_52_02208	cds	contig_68	2128	0.3473	879	1229	-	878	116		hypothetical protein	no		no_en_pangenoma			no_en_pangenoma	no_en_pangenoma			no
bin_4_52	bin-4-52	bin_4_52_02209	cds	contig_68	2128	0.3473	1240	1977	-	151	245		DUF1173 domain-containing protein	no		no_en_pangenoma			no_en_pangenoma	no_en_pangenoma			no
bin_4_52	bin-4-52	bin_4_52_02210	cds	contig_69	133718	0.4265	347	793	+	346	148		hypothetical protein	no	group_3560	en_familia	2	0.0870	cloud	cloud	si	si	no
bin_4_52	bin-4-52	bin_4_52_02211	cds	contig_69	133718	0.4265	804	1019	+	803	71	recX	Regulatory protein RecX	no	recX	en_familia	2	0.0870	cloud	cloud	si	si	no
bin_4_52	bin-4-52	bin_4_52_02212	cds	contig_69	133718	0.4265	1065	1844	-	1064	259		Porin	no	group_1168	en_familia	2	0.0870	cloud	cloud	si	si	no
bin_4_52	bin-4-52	bin_4_52_02213	cds	contig_69	133718	0.4265	2010	2495	+	2009	161		Recombination directionality factor-like	no	group_5131	en_familia	2	0.0870	cloud	cloud	si	si	no
bin_4_52	bin-4-52	bin_4_52_02214	cds	contig_69	133718	0.4265	2737	4467	+	2736	576		site-specific DNA-methyltransferase (adenine-specific)	no	group_5366	en_familia	3	0.1304	cloud	cloud	si	si	no
bin_4_52	bin-4-52	bin_4_52_02215	cds	contig_69	133718	0.4265	4457	5860	+	4456	467	lexA	LexA DNA binding domain protein	no	group_3874	en_familia	2	0.0870	cloud	cloud	si	si	no
bin_4_52	bin-4-52	bin_4_52_02216	cds	contig_69	133718	0.4265	5857	7257	+	5856	466	hsdA	Protein HsdA	no	hsdA	en_familia	2	0.0870	cloud	cloud	si	si	no
bin_4_52	bin-4-52	bin_4_52_02217	cds	contig_69	133718	0.4265	7260	7958	+	7259	232		DUF3800 domain-containing protein	no	group_1327	en_familia	1	0.0435	cloud	cloud	si	si	no
bin_4_52	bin-4-52	bin_4_52_02218	cds	contig_69	133718	0.4265	7955	8461	+	7954	168		Phage P1-related protein	no	group_1746	en_familia	0	0.0000	exclusivo	exclusivo	no	no	si
bin_4_52	bin-4-52	bin_4_52_02219	cds	contig_69	133718	0.4265	8646	11750	+	8645	1034		Type I restriction enzyme endonuclease subunit	no	group_5429	en_familia	1	0.0435	cloud	cloud	si	si	no
bin_4_52	bin-4-52	bin_4_52_02220	cds	contig_69	133718	0.4265	11970	12587	+	11969	205		DUF805 domain-containing protein	no	group_1488	en_familia	0	0.0000	exclusivo	exclusivo	no	no	si
bin_4_52	bin-4-52	bin_4_52_02221	cds	contig_69	133718	0.4265	13249	13893	+	13248	214		Apea-like HEPN domain-containing protein	no	group_4857	en_familia	23	1.0000	core	core	no	no	no
bin_4_52	bin-4-52	bin_4_52_02222	cds	contig_69	133718	0.4265	13901	15091	-	13900	396		Major facilitator superfamily (MFS) profile domain-containing protein	no	group_4009	en_familia	23	1.0000	core	core	no	no	no
bin_4_52	bin-4-52	bin_4_52_02223	cds	contig_69	133718	0.4265	16045	17172	+	16044	375		proton-translocating NAD(P)(+) transhydrogenase	no	pntA	en_familia	23	1.0000	core	core	no	no	no
bin_4_52	bin-4-52	bin_4_52_02224	cds	contig_69	133718	0.4265	17184	17507	+	17183	107		proton-translocating NAD(P)(+) transhydrogenase	no	group_4008	en_familia	23	1.0000	core	core	no	no	no
bin_4_52	bin-4-52	bin_4_52_02225	cds	contig_69	133718	0.4265	17511	18956	+	17510	481		NAD(P) transhydrogenase subunit beta	no	group_3539	en_familia	23	1.0000	core	core	no	no	no
bin_4_52	bin-4-52	bin_4_52_02226	cds	contig_69	133718	0.4265	19248	20582	+	19247	444		Ammonium transporter	no	group_377	en_familia	23	1.0000	core	core	no	no	no
bin_4_52	bin-4-52	bin_4_52_02227	cds	contig_69	133718	0.4265	20601	21212	+	20600	203		hypothetical protein	no	group_1499	en_familia	23	1.0000	core	core	no	no	no
bin_4_52	bin-4-52	bin_4_52_02228	cds	contig_69	133718	0.4265	21288	21692	-	21287	134	rsfS	ribosome silencing factor	no	rsfS	en_familia	23	1.0000	core	core	no	no	no
bin_4_52	bin-4-52	bin_4_52_02229	cds	contig_69	133718	0.4265	21781	22563	-	21780	260		Xylose isomerase-like TIM barrel domain-containing protein	no	group_1155	en_familia	23	1.0000	core	core	no	no	no
bin_4_52	bin-4-52	bin_4_52_02230	cds	contig_69	133718	0.4265	22609	23472	-	22608	287		3-hydroxyisobutyrate dehydrogenase	no	group_4184	en_familia	23	1.0000	core	core	no	no	no
bin_4_52	bin-4-52	bin_4_52_02231	cds	contig_69	133718	0.4265	23502	24305	-	23501	267		crotonase/enoyl-CoA hydratase family protein	no	group_1131	en_familia	23	1.0000	core	core	no	no	no
bin_4_52	bin-4-52	bin_4_52_02232	cds	contig_69	133718	0.4265	24390	27200	-	24389	936		histidine kinase	no	group_3467	en_familia	23	1.0000	core	core	no	no	no
bin_4_52	bin-4-52	bin_4_52_02233	cds	contig_69	133718	0.4265	27570	28499	+	27569	309	cysM	cysteine synthase CysM	no	cysM	en_familia	23	1.0000	core	core	no	no	no
bin_4_52	bin-4-52	bin_4_52_02234	cds	contig_69	133718	0.4265	28518	29336	+	28517	272		putative 3'-5' exonuclease PolB-like domain-containing protein	no	group_1107	en_familia	23	1.0000	core	core	no	no	no
bin_4_52	bin-4-52	bin_4_52_02235	cds	contig_69	133718	0.4265	29343	30719	+	29342	458	rlmD	23S rRNA (uracil(1939)-C(5))-methyltransferase RlmD	no	rlmD	en_familia	23	1.0000	core	core	no	no	no
bin_4_52	bin-4-52	bin_4_52_02236	cds	contig_69	133718	0.4265	30764	33073	+	30763	769		GTP pyrophosphokinase	no	group_104	en_familia	23	1.0000	core	core	no	no	no
bin_4_52	bin-4-52	bin_4_52_02237	cds	contig_69	133718	0.4265	33177	33827	+	33176	216		Peptidase S24/S26A/S26B/S26C domain-containing protein	no	group_3739	en_familia	23	1.0000	core	core	no	no	no
bin_4_52	bin-4-52	bin_4_52_02238	cds	contig_69	133718	0.4265	33877	34848	-	33876	323	secF	Protein-export membrane protein SecF	no	secF	en_familia	23	1.0000	core	core	no	no	no
bin_4_52	bin-4-52	bin_4_52_02239	cds	contig_69	133718	0.4265	34860	36758	-	34859	632	secD	Protein translocase subunit SecD	no	secD	en_familia	23	1.0000	core	core	no	no	no
bin_4_52	bin-4-52	bin_4_52_02240	cds	contig_69	133718	0.4265	36811	37140	-	36810	109	yajC	preprotein translocase subunit YajC	no	yajC	en_familia	23	1.0000	core	core	no	no	no
bin_4_52	bin-4-52	bin_4_52_02241	cds	contig_69	133718	0.4265	37243	38373	-	37242	376	tgt	tRNA guanosine(34) transglycosylase Tgt	no	tgt	en_familia	23	1.0000	core	core	no	no	no
bin_4_52	bin-4-52	bin_4_52_02242	cds	contig_69	133718	0.4265	38532	39347	-	38531	271		DUF4303 domain-containing protein	no	group_4006	en_familia	23	1.0000	core	core	no	no	no
bin_4_52	bin-4-52	bin_4_52_02243	cds	contig_69	133718	0.4265	39459	40025	-	39458	188	lemA	LemA family protein	no	lemA	en_familia	23	1.0000	core	core	no	no	no
bin_4_52	bin-4-52	bin_4_52_02244	cds	contig_69	133718	0.4265	40050	40301	-	40049	83		(pseudo) DUF3137 domain-containing protein	si	group_3588	en_familia	23	1.0000	core	core	no	no	no
bin_4_52	bin-4-52	bin_4_52_02245	cds	contig_69	133718	0.4265	40413	41078	-	40412	221		(pseudo) DUF3137 domain-containing protein	si	group_3588	en_familia	23	1.0000	core	core	no	no	no
bin_4_52	bin-4-52	bin_4_52_02246	cds	contig_69	133718	0.4265	41094	42128	-	41093	344	queA	tRNA preQ1(34) S-adenosylmethionine ribosyltransferase-isomerase QueA	no	group_4553	en_familia	23	1.0000	core	core	no	no	no
bin_4_52	bin-4-52	bin_4_52_02248	cds	contig_69	133718	0.4265	42550	43059	-	42549	169		hypothetical protein	no	group_3430	en_familia	23	1.0000	core	core	no	no	no
bin_4_52	bin-4-52	bin_4_52_02249	cds	contig_69	133718	0.4265	43184	43606	+	43183	140	rcnB	RcnB family protein	no	group_4326	en_familia	23	1.0000	core	core	no	no	no
bin_4_52	bin-4-52	bin_4_52_02250	cds	contig_69	133718	0.4265	43820	44554	+	43819	244		IS5 family transposase	no	group_5627	en_familia	5	0.2174	shell	shell	si	no	no
bin_4_52	bin-4-52	bin_4_52_02251	cds	contig_69	133718	0.4265	44841	46172	+	44840	443	tig	trigger factor	no	tig	en_familia	23	1.0000	core	core	no	no	no
bin_4_52	bin-4-52	bin_4_52_02252	cds	contig_69	133718	0.4265	46368	46973	+	46367	201	clpP	ATP-dependent Clp endopeptidase proteolytic subunit ClpP	no	clpP	en_familia	23	1.0000	core	core	no	no	no
bin_4_52	bin-4-52	bin_4_52_02253	cds	contig_69	133718	0.4265	47003	48313	+	47002	436	clpX	ATP-dependent protease ATP-binding subunit ClpX	no	clpX	en_familia	23	1.0000	core	core	no	no	no
bin_4_52	bin-4-52	bin_4_52_02254	cds	contig_69	133718	0.4265	48478	49191	+	48477	237		DUF2846 domain-containing protein	no	group_3908	en_familia	23	1.0000	core	core	no	no	no
bin_4_52	bin-4-52	bin_4_52_02255	cds	contig_69	133718	0.4265	49259	50785	-	49258	508	ttdA	fumarate hydratase	no	ttdA	en_familia	23	1.0000	core	core	no	no	no
bin_4_52	bin-4-52	bin_4_52_02256	cds	contig_69	133718	0.4265	51432	51671	+	51431	79		DUF2171 domain-containing protein	no	group_3757	en_familia	23	1.0000	core	core	no	no	no
bin_4_52	bin-4-52	bin_4_52_02257	cds	contig_69	133718	0.4265	51860	54001	-	51859	713	pta	phosphate acetyltransferase	no	pta	en_familia	23	1.0000	core	core	no	no	no
bin_4_52	bin-4-52	bin_4_52_02258	cds	contig_69	133718	0.4265	54055	55278	-	54054	407		Acetate kinase	no	group_499	en_familia	23	1.0000	core	core	no	no	no
bin_4_52	bin-4-52	bin_4_52_02259	cds	contig_69	133718	0.4265	55740	57002	-	55739	420		glutamate-5-semialdehyde dehydrogenase	no	group_455	en_familia	23	1.0000	core	core	no	no	no
bin_4_52	bin-4-52	bin_4_52_02260	cds	contig_69	133718	0.4265	57328	58665	+	57327	445		AB hydrolase-1 domain-containing protein	no	group_3607	en_familia	23	1.0000	core	core	no	no	no
bin_4_52	bin-4-52	bin_4_52_02261	cds	contig_69	133718	0.4265	58720	59586	-	58719	288		Leucine carboxyl methyltransferase	no	group_4067	en_familia	23	1.0000	core	core	no	no	no
bin_4_52	bin-4-52	bin_4_52_02262	cds	contig_69	133718	0.4265	59702	60727	-	59701	341	nagZ	beta-N-acetylhexosaminidase	no	nagZ	en_familia	23	1.0000	core	core	no	no	no
bin_4_52	bin-4-52	bin_4_52_02263	cds	contig_69	133718	0.4265	60927	63116	+	60926	729		PDZ domain-containing protein	no	group_3431	en_familia	23	1.0000	core	core	no	no	no
bin_4_52	bin-4-52	bin_4_52_02264	cds	contig_69	133718	0.4265	63565	65625	+	63564	686		Diguanylate cyclase (GGDEF) domain-containing protein	no	group_5068	en_familia	23	1.0000	core	core	no	no	no
bin_4_52	bin-4-52	bin_4_52_02265	cds	contig_69	133718	0.4265	65664	66128	-	65663	154		Acyl-coenzyme A thioesterase THEM4	no	group_3977	en_familia	23	1.0000	core	core	no	no	no
bin_4_52	bin-4-52	bin_4_52_02266	cds	contig_69	133718	0.4265	66433	68025	+	65693	530	prfC	peptide chain release factor 3	no	prfC	en_familia	23	1.0000	core	core	no	no	no
bin_4_52	bin-4-52	bin_4_52_02267	cds	contig_69	133718	0.4265	68117	68953	+	64765	278		DUF3298 domain-containing protein	no	group_3387	en_familia	22	0.9565	core	core	no	no	no
bin_4_52	bin-4-52	bin_4_52_02268	cds	contig_69	133718	0.4265	69005	69958	+	63760	317		DUF3298 domain-containing protein	no	group_4533	en_familia	22	0.9565	core	core	no	no	no
bin_4_52	bin-4-52	bin_4_52_02269	cds	contig_69	133718	0.4265	69955	70776	+	62942	273	tatD	TatD family hydrolase	no	group_4181	en_familia	23	1.0000	core	core	no	no	no
bin_4_52	bin-4-52	bin_4_52_02270	cds	contig_69	133718	0.4265	70906	71712	+	62006	268		Enoyl-[acyl-carrier-protein] reductase [NADH]	no	group_1126	en_familia	23	1.0000	core	core	no	no	no
bin_4_52	bin-4-52	bin_4_52_02271	cds	contig_69	133718	0.4265	71893	72288	+	61430	131		Cytochrome b562	no	group_4182	en_familia	22	0.9565	core	core	no	no	no
bin_4_52	bin-4-52	bin_4_52_02272	cds	contig_69	133718	0.4265	72350	72808	-	60910	152	secB	protein-export chaperone SecB	no	secB	en_familia	23	1.0000	core	core	no	no	no
bin_4_52	bin-4-52	bin_4_52_02273	cds	contig_69	133718	0.4265	72847	73101	-	60617	84	grxC	glutaredoxin 3	no	group_2615	en_familia	23	1.0000	core	core	no	no	no
bin_4_52	bin-4-52	bin_4_52_02274	cds	contig_69	133718	0.4265	73124	73531	-	60187	135		Rhodanese domain-containing protein	no	group_2065	en_familia	23	1.0000	core	core	no	no	no
bin_4_52	bin-4-52	bin_4_52_02275	cds	contig_69	133718	0.4265	73625	74683	-	59035	352	rsgA	small ribosomal subunit biogenesis GTPase RsgA	no	rsgA	en_familia	23	1.0000	core	core	no	no	no
bin_4_52	bin-4-52	bin_4_52_02276	cds	contig_69	133718	0.4265	74808	75362	+	58356	184	orn	oligoribonuclease	no	orn	en_familia	23	1.0000	core	core	no	no	no
bin_4_52	bin-4-52	bin_4_52_02277	cds	contig_69	133718	0.4265	75398	75646	-	58072	82		Holin	no	group_4288	en_familia	23	1.0000	core	core	no	no	no
bin_4_52	bin-4-52	bin_4_52_02278	cds	contig_69	133718	0.4265	76073	76843	+	56875	256		tRNA threonylcarbamoyladenosine dehydratase	no	group_3797	en_familia	23	1.0000	core	core	no	no	no
bin_4_52	bin-4-52	bin_4_52_02279	cds	contig_69	133718	0.4265	76943	78775	+	54943	610		Sel1 repeat family protein	no	group_4751	en_familia	23	1.0000	core	core	no	no	no
bin_4_52	bin-4-52	bin_4_52_02280	cds	contig_69	133718	0.4265	78815	80233	-	53485	472		RND transporter	no	group_3774	en_familia	23	1.0000	core	core	no	no	no
bin_4_52	bin-4-52	bin_4_52_02281	cds	contig_69	133718	0.4265	80244	82220	-	51498	658	pvdT	Pyoverdine export ATP-binding/permease protein PvdT	no	pvdT	en_familia	23	1.0000	core	core	no	no	no
bin_4_52	bin-4-52	bin_4_52_02282	cds	contig_69	133718	0.4265	82223	83566	-	50152	447		RND efflux pump membrane fusion protein barrel-sandwich domain-containing protein	no	group_3775	en_familia	23	1.0000	core	core	no	no	no
bin_4_52	bin-4-52	bin_4_52_02283	cds	contig_69	133718	0.4265	83714	84700	-	49018	328	holA	DNA polymerase III subunit delta	no	holA	en_familia	23	1.0000	core	core	no	no	no
bin_4_52	bin-4-52	bin_4_52_02284	cds	contig_69	133718	0.4265	84710	85243	-	48475	177	lptE	LPS-assembly lipoprotein LptE	no	lptE	en_familia	23	1.0000	core	core	no	no	no
bin_4_52	bin-4-52	bin_4_52_02285	cds	contig_69	133718	0.4265	85456	88077	-	45641	873	leuS	leucine--tRNA ligase	no	leuS	en_familia	23	1.0000	core	core	no	no	no
bin_4_52	bin-4-52	bin_4_52_02286	cds	contig_69	133718	0.4265	88200	88547	-	45171	115		DUF4124 domain-containing protein	no	group_3375	en_familia	23	1.0000	core	core	no	no	no
bin_4_52	bin-4-52	bin_4_52_02287	cds	contig_69	133718	0.4265	89217	90944	+	42774	575		Acetolactate synthase	no	group_212	en_familia	23	1.0000	core	core	no	no	no
bin_4_52	bin-4-52	bin_4_52_02288	cds	contig_69	133718	0.4265	90941	91432	+	42286	163	ilvN	acetolactate synthase small subunit	no	ilvN	en_familia	23	1.0000	core	core	no	no	no
bin_4_52	bin-4-52	bin_4_52_02289	cds	contig_69	133718	0.4265	91538	92554	+	41164	338	ilvC	ketol-acid reductoisomerase	no	ilvC	en_familia	23	1.0000	core	core	no	no	no
bin_4_52	bin-4-52	bin_4_52_02290	cds	contig_69	133718	0.4265	93776	94297	+	39421	173		DUF4402 domain-containing protein	no	group_3433	en_familia	23	1.0000	core	core	no	no	no
bin_4_52	bin-4-52	bin_4_52_02291	cds	contig_69	133718	0.4265	94411	95112	+	38606	233		Pili assembly chaperone N-terminal domain-containing protein	no	group_1320	en_familia	23	1.0000	core	core	no	no	no
bin_4_52	bin-4-52	bin_4_52_02292	cds	contig_69	133718	0.4265	95157	97490	+	36228	777		Fimbrial protein	no	group_100	en_familia	23	1.0000	core	core	no	no	no
bin_4_52	bin-4-52	bin_4_52_02293	cds	contig_69	133718	0.4265	97503	97913	+	35805	136		Spore coat protein U domain-containing protein	no	group_2056	en_familia	23	1.0000	core	core	no	no	no
bin_4_52	bin-4-52	bin_4_52_02294	cds	contig_69	133718	0.4265	97983	98534	+	35184	183		undecaprenyl-diphosphate phosphatase	no	group_1607	en_familia	23	1.0000	core	core	no	no	no
bin_4_52	bin-4-52	bin_4_52_02295	cds	contig_69	133718	0.4265	98624	98824	+	34894	66	iscX	Fe-S cluster assembly protein IscX	no	iscX	en_familia	23	1.0000	core	core	no	no	no
bin_4_52	bin-4-52	bin_4_52_02296	cds	contig_69	133718	0.4265	98935	99366	+	34352	143	ndk	nucleoside-diphosphate kinase	no	ndk	en_familia	23	1.0000	core	core	no	no	no
bin_4_52	bin-4-52	bin_4_52_02297	cds	contig_69	133718	0.4265	99489	100724	+	32994	411	rlmN	23S rRNA (adenine(2503)-C(2))-methyltransferase RlmN	no	rlmN	en_familia	23	1.0000	core	core	no	no	no
bin_4_52	bin-4-52	bin_4_52_02298	cds	contig_69	133718	0.4265	100739	101539	+	32179	266	pilW	type IV pilus biogenesis/stability protein PilW	no	group_3954	en_familia	23	1.0000	core	core	no	no	no
bin_4_52	bin-4-52	bin_4_52_02299	cds	contig_69	133718	0.4265	101530	102321	+	31397	263		Cytoskeleton protein RodZ-like C-terminal domain-containing protein	no	group_4822	en_familia	23	1.0000	core	core	no	no	no
bin_4_52	bin-4-52	bin_4_52_02300	cds	contig_69	133718	0.4265	102345	103466	+	30252	373	ispG	flavodoxin-dependent (E)-4-hydroxy-3-methylbut-2-enyl-diphosphate synthase	no	ispG	en_familia	23	1.0000	core	core	no	no	no
bin_4_52	bin-4-52	bin_4_52_02301	cds	contig_69	133718	0.4265	103470	104765	+	28953	431	hisS	histidine--tRNA ligase	no	hisS	en_familia	23	1.0000	core	core	no	no	no
bin_4_52	bin-4-52	bin_4_52_02302	cds	contig_69	133718	0.4265	104796	105494	+	28224	232		Ancillary SecYEG translocon subunit	no	group_3922	en_familia	23	1.0000	core	core	no	no	no
bin_4_52	bin-4-52	bin_4_52_02303	cds	contig_69	133718	0.4265	105491	106639	+	27079	382	bamB	outer membrane protein assembly factor BamB	no	bamB	en_familia	23	1.0000	core	core	no	no	no
bin_4_52	bin-4-52	bin_4_52_02304	cds	contig_69	133718	0.4265	106816	108228	+	25490	470	der	ribosome biogenesis GTPase Der	no	der	en_familia	23	1.0000	core	core	no	no	no
bin_4_52	bin-4-52	bin_4_52_02305	cds	contig_69	133718	0.4265	108336	108983	+	24735	215		4'-phosphopantetheinyl transferase domain-containing protein	no	group_5076	en_familia	23	1.0000	core	core	no	no	no
bin_4_52	bin-4-52	bin_4_52_02306	cds	contig_69	133718	0.4265	109001	109774	-	23944	257		SDR family oxidoreductase	no	group_4641	en_familia	23	1.0000	core	core	no	no	no
bin_4_52	bin-4-52	bin_4_52_02307	cds	contig_69	133718	0.4265	109865	110680	+	23038	271	mazG	nucleoside triphosphate pyrophosphohydrolase	no	mazG	en_familia	23	1.0000	core	core	no	no	no
bin_4_52	bin-4-52	bin_4_52_02308	cds	contig_69	133718	0.4265	110637	111062	+	22656	141		ComEA family DNA-binding protein	no	group_3851	en_familia	23	1.0000	core	core	no	no	no
bin_4_52	bin-4-52	bin_4_52_02309	cds	contig_69	133718	0.4265	111199	112665	+	21053	488		Poly(A) polymerase I	no	group_300	en_familia	23	1.0000	core	core	no	no	no
bin_4_52	bin-4-52	bin_4_52_02310	cds	contig_69	133718	0.4265	112662	113147	+	20571	161	folK	2-amino-4-hydroxy-6-hydroxymethyldihydropteridine diphosphokinase	no	folK	en_familia	23	1.0000	core	core	no	no	no
bin_4_52	bin-4-52	bin_4_52_02311	cds	contig_69	133718	0.4265	113200	114009	+	19709	269	panB	3-methyl-2-oxobutanoate hydroxymethyltransferase	no	panB	en_familia	23	1.0000	core	core	no	no	no
bin_4_52	bin-4-52	bin_4_52_02312	cds	contig_69	133718	0.4265	114011	114862	+	18856	283	panC	pantoate--beta-alanine ligase	no	panC	en_familia	23	1.0000	core	core	no	no	no
bin_4_52	bin-4-52	bin_4_52_02313	cds	contig_69	133718	0.4265	114877	115728	+	17990	283	rapZ	RNase adapter RapZ	no	rapZ	en_familia	23	1.0000	core	core	no	no	no
bin_4_52	bin-4-52	bin_4_52_02314	cds	contig_69	133718	0.4265	115683	115994	+	17724	103		Phosphocarrier protein (HPr-like) NPr, nitrogen related, exchanges phosphate with enzyme I	no	group_2395	en_familia	23	1.0000	core	core	no	no	no
bin_4_52	bin-4-52	bin_4_52_02315	cds	contig_69	133718	0.4265	115997	116530	+	17188	177	yjgA	ribosome biogenesis factor YjgA	no	yjgA	en_familia	23	1.0000	core	core	no	no	no
bin_4_52	bin-4-52	bin_4_52_02316	cds	contig_69	133718	0.4265	117225	118502	+	15216	425		histidine kinase	no	group_4303	en_familia	23	1.0000	core	core	no	no	no
bin_4_52	bin-4-52	bin_4_52_02317	cds	contig_69	133718	0.4265	118581	121331	+	12387	916	glnE	bifunctional [glutamate--ammonia ligase]-adenylyl-L-tyrosine phosphorylase/[glutamate--ammonia-ligase] adenylyltransferase	no	glnE	en_familia	23	1.0000	core	core	no	no	no
bin_4_52	bin-4-52	bin_4_52_02318	cds	contig_69	133718	0.4265	121356	122282	+	11436	308		branched-chain amino acid transaminase	no	ilvE	en_familia	23	1.0000	core	core	no	no	no
bin_4_52	bin-4-52	bin_4_52_02319	cds	contig_69	133718	0.4265	122340	123362	-	10356	340		NAD-dependent epimerase/dehydratase domain-containing protein	no	group_770	en_familia	18	0.7826	shell	shell	si	no	no
bin_4_52	bin-4-52	bin_4_52_02320	cds	contig_69	133718	0.4265	123359	124528	-	9190	389		UDP-glucose 6-dehydrogenase	no	group_4892	en_familia	20	0.8696	shell	shell	si	no	no
bin_4_52	bin-4-52	bin_4_52_02321	cds	contig_69	133718	0.4265	124676	125485	+	8233	269		Glycosyltransferase	no	group_5427	en_familia	23	1.0000	core	core	no	no	no
bin_4_52	bin-4-52	bin_4_52_02322	cds	contig_69	133718	0.4265	125540	126514	+	7204	324		Capsular polysaccharide biosynthesis protein	no	group_4891	en_familia	17	0.7391	shell	shell	si	no	no
bin_4_52	bin-4-52	bin_4_52_02323	cds	contig_69	133718	0.4265	126524	127288	+	6430	254		Glycosyl transferase	no	group_5474	en_familia	23	1.0000	core	core	no	no	no
bin_4_52	bin-4-52	bin_4_52_02324	cds	contig_69	133718	0.4265	127299	128069	+	5649	256		Glycosyl transferase	no	group_4940	en_familia	13	0.5652	shell	shell	si	no	no
bin_4_52	bin-4-52	bin_4_52_02325	cds	contig_69	133718	0.4265	128156	129214	+	4504	352	rfbB	dTDP-glucose 4,6-dehydratase	no	group_5640	en_familia	12	0.5217	shell	shell	si	no	no
bin_4_52	bin-4-52	bin_4_52_02326	cds	contig_69	133718	0.4265	129214	130098	+	3620	294	rfbA	glucose-1-phosphate thymidylyltransferase RfbA	no	group_5693	en_familia	12	0.5217	shell	shell	si	no	no
bin_4_52	bin-4-52	bin_4_52_02327	cds	contig_69	133718	0.4265	130095	130955	+	2763	286	qdtA	Sugar 3,4-ketoisomerase QdtA cupin domain-containing protein	no	group_5155	en_familia	6	0.2609	shell	shell	si	no	no
bin_4_52	bin-4-52	bin_4_52_02328	cds	contig_69	133718	0.4265	130952	132067	+	1651	371		Aminotransferase class I/classII domain-containing protein	no	group_4170	en_familia	6	0.2609	shell	shell	si	no	no
bin_4_52	bin-4-52	bin_4_52_02329	cds	contig_69	133718	0.4265	132067	132891	+	827	274		Hyaluronan synthase	no	group_1103	en_familia	6	0.2609	shell	shell	si	no	no
bin_4_52	bin-4-52	bin_4_52_02330	cds	contig_69	133718	0.4265	132896	133462	-	256	188		Maltose/galactoside acetyltransferase domain-containing protein	no	group_3462	en_familia	6	0.2609	shell	shell	si	no	no
bin_4_52	bin-4-52	bin_4_52_02331	cds	contig_70	37537	0.4291	569	1528	+	568	319		HTH lysR-type domain-containing protein	no	group_3406	en_familia	23	1.0000	core	core	no	no	no
bin_4_52	bin-4-52	bin_4_52_02334	cds	contig_70	37537	0.4291	2078	2572	-	2077	164	greB	transcription elongation factor GreB	no	greB	en_familia	23	1.0000	core	core	no	no	no
bin_4_52	bin-4-52	bin_4_52_02335	cds	contig_70	37537	0.4291	2940	4055	+	2939	371		Transglycosylase SLT domain-containing protein	no	group_639	en_familia	23	1.0000	core	core	no	no	no
bin_4_52	bin-4-52	bin_4_52_02336	cds	contig_70	37537	0.4291	4118	4501	-	4117	127		SCP2 domain-containing protein	no	group_2132	en_familia	23	1.0000	core	core	no	no	no
bin_4_52	bin-4-52	bin_4_52_02337	cds	contig_70	37537	0.4291	4728	5654	-	4727	308	ttcA	tRNA 2-thiocytidine(32) synthetase TtcA	no	ttcA	en_familia	23	1.0000	core	core	no	no	no
bin_4_52	bin-4-52	bin_4_52_02338	cds	contig_70	37537	0.4291	5822	5926	+	5821	34		hypothetical protein	no	group_3036	en_familia	23	1.0000	core	core	no	no	no
bin_4_52	bin-4-52	bin_4_52_02339	cds	contig_70	37537	0.4291	6157	7020	+	6156	287		Transglycosylase SLT domain-containing protein	no	group_1054	en_familia	23	1.0000	core	core	no	no	no
bin_4_52	bin-4-52	bin_4_52_02340	cds	contig_70	37537	0.4291	7191	8096	+	7190	301	htpX	protease HtpX	no	htpX	en_familia	23	1.0000	core	core	no	no	no
bin_4_52	bin-4-52	bin_4_52_02341	cds	contig_70	37537	0.4291	8166	8759	-	8165	197		DUF4112 domain-containing protein	no	group_3394	en_familia	23	1.0000	core	core	no	no	no
bin_4_52	bin-4-52	bin_4_52_02342	cds	contig_70	37537	0.4291	8839	10167	-	8838	442	mgtE	magnesium transporter	no	mgtE	en_familia	23	1.0000	core	core	no	no	no
bin_4_52	bin-4-52	bin_4_52_02343	cds	contig_70	37537	0.4291	10293	13394	-	10292	1033		Efflux pump membrane transporter	no	group_48	en_familia	23	1.0000	core	core	no	no	no
bin_4_52	bin-4-52	bin_4_52_02344	cds	contig_70	37537	0.4291	13651	15252	-	13650	533	aceA	isocitrate lyase	no	aceA	en_familia	23	1.0000	core	core	no	no	no
bin_4_52	bin-4-52	bin_4_52_02345	cds	contig_70	37537	0.4291	15928	16917	+	15927	329	lysR	HTH lysR-type domain-containing protein	no	group_827	en_familia	23	1.0000	core	core	no	no	no
bin_4_52	bin-4-52	bin_4_52_02346	cds	contig_70	37537	0.4291	17045	18373	+	17044	442		Polyamine export protein	no	group_4087	en_familia	23	1.0000	core	core	no	no	no
bin_4_52	bin-4-52	bin_4_52_02347	cds	contig_70	37537	0.4291	18615	19955	+	17582	446		Citrate transporter-like domain-containing protein	no	group_374	en_familia	5	0.2174	shell	shell	si	no	no
bin_4_52	bin-4-52	bin_4_52_02348	cds	contig_70	37537	0.4291	20007	20513	-	17024	168		EcoEI R protein C-terminal domain-containing protein	no	group_4208	en_familia	23	1.0000	core	core	no	no	no
bin_4_52	bin-4-52	bin_4_52_02349	cds	contig_70	37537	0.4291	20688	21416	+	16121	242		ABC transporter permease	no	group_4950	en_familia	23	1.0000	core	core	no	no	no
bin_4_52	bin-4-52	bin_4_52_02351	cds	contig_70	37537	0.4291	21741	22430	+	15107	229		hypothetical protein	no	group_4416	en_familia	23	1.0000	core	core	no	no	no
bin_4_52	bin-4-52	bin_4_52_02352	cds	contig_70	37537	0.4291	22459	22773	-	14764	104		DUF5713 domain-containing protein	no	group_2381	en_familia	23	1.0000	core	core	no	no	no
bin_4_52	bin-4-52	bin_4_52_02353	cds	contig_70	37537	0.4291	22879	23733	-	13804	284	folP	dihydropteroate synthase	no	folP	en_familia	23	1.0000	core	core	no	no	no
bin_4_52	bin-4-52	bin_4_52_02354	cds	contig_70	37537	0.4291	23810	24424	-	13113	204		N-acetyltransferase domain-containing protein	no	group_3784	en_familia	23	1.0000	core	core	no	no	no
bin_4_52	bin-4-52	bin_4_52_02355	cds	contig_70	37537	0.4291	24532	26421	-	11116	629	ftsH	ATP-dependent zinc metalloprotease FtsH	no	ftsH	en_familia	23	1.0000	core	core	no	no	no
bin_4_52	bin-4-52	bin_4_52_02356	cds	contig_70	37537	0.4291	26551	27201	-	10336	216	rlmE	23S rRNA (uridine(2552)-2'-O)-methyltransferase RlmE	no	rlmE	en_familia	23	1.0000	core	core	no	no	no
bin_4_52	bin-4-52	bin_4_52_02357	cds	contig_70	37537	0.4291	27398	27721	+	9816	107	yhbY	ribosome assembly RNA-binding protein YhbY	no	yhbY	en_familia	23	1.0000	core	core	no	no	no
bin_4_52	bin-4-52	bin_4_52_02358	cds	contig_70	37537	0.4291	27733	28272	+	9265	179		DOMON-like domain-containing protein	no	group_4411	en_familia	23	1.0000	core	core	no	no	no
bin_4_52	bin-4-52	bin_4_52_02359	cds	contig_70	37537	0.4291	28375	28599	-	8938	74		hypothetical protein	no	group_4297	en_familia	23	1.0000	core	core	no	no	no
bin_4_52	bin-4-52	bin_4_52_02360	cds	contig_70	37537	0.4291	28697	29188	-	8349	163		Phasin domain-containing protein	no	group_1791	en_familia	23	1.0000	core	core	no	no	no
bin_4_52	bin-4-52	bin_4_52_02361	cds	contig_70	37537	0.4291	29497	30639	+	6898	380	carA	carbamoyl phosphate synthase small subunit	no	carA	en_familia	23	1.0000	core	core	no	no	no
bin_4_52	bin-4-52	bin_4_52_02362	cds	contig_70	37537	0.4291	30653	33883	+	3654	1076	carB	carbamoyl-phosphate synthase large subunit	no	carB	en_familia	23	1.0000	core	core	no	no	no
bin_4_52	bin-4-52	bin_4_52_02363	cds	contig_70	37537	0.4291	33981	34457	+	3080	158	greA	transcription elongation factor GreA	no	greA	en_familia	23	1.0000	core	core	no	no	no
bin_4_52	bin-4-52	bin_4_52_02364	cds	contig_70	37537	0.4291	34537	35118	-	2419	193		HTH tetR-type domain-containing protein	no	group_4343	en_familia	23	1.0000	core	core	no	no	no
bin_4_52	bin-4-52	bin_4_52_02365	cds	contig_70	37537	0.4291	35229	35633	+	1904	134	ridA	RidA family protein	no	group_4998	en_familia	23	1.0000	core	core	no	no	no
bin_4_52	bin-4-52	bin_4_52_02366	cds	contig_70	37537	0.4291	35733	36350	+	1187	205		Chloramphenicol acetyltransferase	no	group_5213	en_familia	16	0.6957	shell	shell	si	no	no
bin_4_52	bin-4-52	bin_4_52_02367	cds	contig_70	37537	0.4291	36333	37415	-	122	360		KAP NTPase domain-containing protein	no	group_4917	en_familia	2	0.0870	cloud	cloud	si	si	no
bin_4_52	bin-4-52	bin_4_52_02368	cds	contig_71	40252	0.4154	384	1097	-	383	237		Response regulatory domain-containing protein	no	group_1302	en_familia	2	0.0870	cloud	cloud	si	si	no
bin_4_52	bin-4-52	bin_4_52_02369	cds	contig_71	40252	0.4154	1125	3773	-	1124	882		histidine kinase	no	group_77	en_familia	2	0.0870	cloud	cloud	si	si	no
bin_4_52	bin-4-52	bin_4_52_02370	cds	contig_71	40252	0.4154	3980	4582	-	3979	200	kdpC	potassium-transporting ATPase subunit KdpC	no	group_1518	en_familia	2	0.0870	cloud	cloud	si	si	no
bin_4_52	bin-4-52	bin_4_52_02371	cds	contig_71	40252	0.4154	4602	6644	-	4601	680	kdpB	potassium-transporting ATPase subunit KdpB	no	group_4264	en_familia	2	0.0870	cloud	cloud	si	si	no
bin_4_52	bin-4-52	bin_4_52_02372	cds	contig_71	40252	0.4154	6656	8380	-	6655	574	kdpA	potassium-transporting ATPase subunit KdpA	no	group_4529	en_familia	2	0.0870	cloud	cloud	si	si	no
bin_4_52	bin-4-52	bin_4_52_02373	cds	contig_71	40252	0.4154	8694	9491	+	8693	265		undecaprenyl-diphosphate phosphatase	no	group_3377	en_familia	2	0.0870	cloud	cloud	si	si	no
bin_4_52	bin-4-52	bin_4_52_02374	cds	contig_71	40252	0.4154	9547	10482	-	9546	311		Hydrolase or metal-binding protein	no	group_4880	en_familia	5	0.2174	shell	shell	si	no	no
bin_4_52	bin-4-52	bin_4_52_02375	cds	contig_71	40252	0.4154	10678	11736	-	10677	352		YqaJ-like viral recombinase domain protein	no	group_5167	en_familia	5	0.2174	shell	shell	si	no	no
bin_4_52	bin-4-52	bin_4_52_02376	cds	contig_71	40252	0.4154	11934	12965	-	11933	343		Phage/plasmid-like protein	no	group_5280	en_familia	6	0.2609	shell	shell	si	no	no
bin_4_52	bin-4-52	bin_4_52_02377	cds	contig_71	40252	0.4154	12988	13266	-	12987	92		Glycine zipper domain-containing protein	no	group_5466	en_familia	4	0.1739	shell	shell	si	no	no
bin_4_52	bin-4-52	bin_4_52_02378	cds	contig_71	40252	0.4154	13370	14278	-	13369	302		Inovirus Gp2 family protein	no	group_4881	en_familia	1	0.0435	cloud	cloud	si	si	no
bin_4_52	bin-4-52	bin_4_52_02379	cds	contig_71	40252	0.4154	14743	15639	+	14742	298		hypothetical protein	no	group_998	en_familia	0	0.0000	exclusivo	exclusivo	no	no	si
bin_4_52	bin-4-52	bin_4_52_02380	cds	contig_71	40252	0.4154	15740	16975	-	15739	411		hypothetical protein	no	group_490	en_familia	0	0.0000	exclusivo	exclusivo	no	no	si
bin_4_52	bin-4-52	bin_4_52_02381	cds	contig_71	40252	0.4154	17071	17367	+	17070	98	prtN	Pyocin activator PrtN family protein	no	group_2473	en_familia	0	0.0000	exclusivo	exclusivo	no	no	si
bin_4_52	bin-4-52	bin_4_52_02382	cds	contig_71	40252	0.4154	17333	18469	-	17332	378		Tyrosine-type recombinase/integrase	no	group_617	en_familia	0	0.0000	exclusivo	exclusivo	no	no	si
bin_4_52	bin-4-52	bin_4_52_02383	cds	contig_71	40252	0.4154	18601	19626	+	18600	341	dusA	tRNA dihydrouridine(20/20a) synthase DusA	no	dusA	en_familia	23	1.0000	core	core	no	no	no
bin_4_52	bin-4-52	bin_4_52_02384	cds	contig_71	40252	0.4154	19683	20186	-	19682	167		Lipoprotein	no	group_3401	en_familia	23	1.0000	core	core	no	no	no
bin_4_52	bin-4-52	bin_4_52_02385	cds	contig_71	40252	0.4154	20389	21663	-	18589	424	coaBC	bifunctional phosphopantothenoylcysteine decarboxylase/phosphopantothenate--cysteine ligase CoaBC	no	coaBC	en_familia	23	1.0000	core	core	no	no	no
bin_4_52	bin-4-52	bin_4_52_02386	cds	contig_71	40252	0.4154	21777	22475	+	17777	232	radC	DNA repair protein RadC	no	radC	en_familia	23	1.0000	core	core	no	no	no
bin_4_52	bin-4-52	bin_4_52_02387	cds	contig_71	40252	0.4154	22637	23455	+	16797	272		Bestrophin	no	group_4052	en_familia	23	1.0000	core	core	no	no	no
bin_4_52	bin-4-52	bin_4_52_02388	cds	contig_71	40252	0.4154	23536	24564	+	15688	342		DUF3137 domain-containing protein	no	group_4160	en_familia	20	0.8696	shell	shell	si	no	no
bin_4_52	bin-4-52	bin_4_52_02389	cds	contig_71	40252	0.4154	24571	25422	-	14830	283		Polymerase/histidinol phosphatase N-terminal domain-containing protein	no	group_4259	en_familia	23	1.0000	core	core	no	no	no
bin_4_52	bin-4-52	bin_4_52_02390	cds	contig_71	40252	0.4154	25467	26078	+	14174	203	yciB	Inner membrane-spanning protein YciB	no	yciB	en_familia	23	1.0000	core	core	no	no	no
bin_4_52	bin-4-52	bin_4_52_02391	cds	contig_71	40252	0.4154	26107	26409	+	13843	100		YCII-related domain-containing protein	no	group_2435	en_familia	23	1.0000	core	core	no	no	no
bin_4_52	bin-4-52	bin_4_52_02392	cds	contig_71	40252	0.4154	26415	26939	+	13313	174		SH3 domain protein	no	group_3782	en_familia	23	1.0000	core	core	no	no	no
bin_4_52	bin-4-52	bin_4_52_02393	cds	contig_71	40252	0.4154	26979	28877	+	11375	632	mnmC	FAD-dependent 5-carboxymethylaminomethyl-2-thiouridine(34) oxidoreductase MnmC	no	mnmC	en_familia	23	1.0000	core	core	no	no	no
bin_4_52	bin-4-52	bin_4_52_02394	cds	contig_71	40252	0.4154	29060	29374	-	10878	104		Rhodanese domain-containing protein	no	group_2380	en_familia	23	1.0000	core	core	no	no	no
bin_4_52	bin-4-52	bin_4_52_02395	cds	contig_71	40252	0.4154	29466	29954	+	10298	162	yajQ	YajQ family cyclic di-GMP-binding protein	no	yajQ	en_familia	23	1.0000	core	core	no	no	no
bin_4_52	bin-4-52	bin_4_52_02396	cds	contig_71	40252	0.4154	29982	30494	+	9758	170		DUF4442 domain-containing protein	no	group_4328	en_familia	23	1.0000	core	core	no	no	no
bin_4_52	bin-4-52	bin_4_52_02397	cds	contig_71	40252	0.4154	30712	31128	-	9124	138	yciA	HotDog ACOT-type domain-containing protein	no	yciA	en_familia	23	1.0000	core	core	no	no	no
bin_4_52	bin-4-52	bin_4_52_02398	cds	contig_71	40252	0.4154	31149	31580	-	8672	143	trxC	thioredoxin TrxC	no	trxC	en_familia	23	1.0000	core	core	no	no	no
bin_4_52	bin-4-52	bin_4_52_02399	cds	contig_71	40252	0.4154	31581	32477	-	7775	298		Serine aminopeptidase S33 domain-containing protein	no	group_4406	en_familia	23	1.0000	core	core	no	no	no
bin_4_52	bin-4-52	bin_4_52_02400	cds	contig_71	40252	0.4154	32602	32937	+	7315	111		Beta-lactamase hydrolase-like protein phosphatase-like domain-containing protein	no	group_2302	en_familia	23	1.0000	core	core	no	no	no
bin_4_52	bin-4-52	bin_4_52_02401	cds	contig_71	40252	0.4154	32930	33349	+	6903	139		Beta-lactamase hydrolase-like protein phosphatase-like domain-containing protein	no		no_en_pangenoma			no_en_pangenoma	no_en_pangenoma			no
bin_4_52	bin-4-52	bin_4_52_02402	cds	contig_71	40252	0.4154	33342	33446	+	6806	34		Lipoprotein	no		no_en_pangenoma			no_en_pangenoma	no_en_pangenoma			no
bin_4_52	bin-4-52	bin_4_52_02403	cds	contig_71	40252	0.4154	33504	38021	-	2231	1505		hypothetical protein	no		no_en_pangenoma			no_en_pangenoma	no_en_pangenoma			no
bin_4_52	bin-4-52	bin_4_52_02404	cds	contig_71	40252	0.4154	38193	39575	+	677	460		dihydrolipoyl dehydrogenase	no		no_en_pangenoma			no_en_pangenoma	no_en_pangenoma			no
bin_4_52	bin-4-52	bin_4_52_02406	cds	contig_72	11035	0.3666	2131	2325	-	2130	64		HMA domain-containing protein	no	group_5665	en_familia	17	0.7391	shell	shell	si	no	no
bin_4_52	bin-4-52	bin_4_52_02407	cds	contig_72	11035	0.3666	2795	3676	-	2794	293		Copper resistance protein D	no	group_3565	en_familia	16	0.6957	shell	shell	si	no	no
bin_4_52	bin-4-52	bin_4_52_02408	cds	contig_72	11035	0.3666	3741	4121	-	3740	126		Copper resistance protein C	no	group_2142	en_familia	16	0.6957	shell	shell	si	no	no
bin_4_52	bin-4-52	bin_4_52_02409	cds	contig_72	11035	0.3666	4473	4715	+	4472	80		DUF2789 domain-containing protein	no	group_2677	en_familia	13	0.5652	shell	shell	si	no	no
bin_4_52	bin-4-52	bin_4_52_02410	cds	contig_72	11035	0.3666	5179	6579	-	4456	466		Sensor protein	no	group_4224	en_familia	15	0.6522	shell	shell	si	no	no
bin_4_52	bin-4-52	bin_4_52_02411	cds	contig_72	11035	0.3666	6572	7252	-	3783	226	copR	Transcriptional activator protein CopR	no	group_1355	en_familia	15	0.6522	shell	shell	si	no	no
bin_4_52	bin-4-52	bin_4_52_02412	cds	contig_72	11035	0.3666	7401	7697	+	3338	98		Copper resistance protein B	no	group_4225	en_familia	15	0.6522	shell	shell	si	no	no
bin_4_52	bin-4-52	bin_4_52_02413	cds	contig_72	11035	0.3666	7787	9583	+	1452	598	copA	Copper-resistance protein, CopA family	no	copA	en_familia	15	0.6522	shell	shell	si	no	no
bin_4_52	bin-4-52	bin_4_52_02414	cds	contig_72	11035	0.3666	9570	10490	+	545	306		Copper resistance protein B	no	group_5192	en_familia	12	0.5217	shell	shell	si	no	no
bin_4_52	bin-4-52	bin_4_52_02415	cds	contig_72	11035	0.3666	10600	10938	+	97	112		Transposase DDE domain-containing protein	no	group_5624	en_familia	11	0.4783	shell	shell	si	no	no
bin_4_52	bin-4-52	bin_4_52_02416	cds	contig_73	19275	0.4082	499	942	+	498	147		DUF3592 domain-containing protein	no		no_en_pangenoma			no_en_pangenoma	no_en_pangenoma			no
bin_4_52	bin-4-52	bin_4_52_02417	cds	contig_73	19275	0.4082	990	2189	+	989	399		Cobalt/zinc/cadmium resistance protein	no		no_en_pangenoma			no_en_pangenoma	no_en_pangenoma			no
bin_4_52	bin-4-52	bin_4_52_02418	cds	contig_73	19275	0.4082	2201	3676	+	2200	491		Cobalt-zinc-cadmium resistance protein	no		no_en_pangenoma			no_en_pangenoma	no_en_pangenoma			no
bin_4_52	bin-4-52	bin_4_52_02419	cds	contig_73	19275	0.4082	3689	6817	+	3688	1042	czcA	Cation efflux system protein CzcA	no		no_en_pangenoma			no_en_pangenoma	no_en_pangenoma			no
bin_4_52	bin-4-52	bin_4_52_02420	cds	contig_73	19275	0.4082	6871	7167	+	6870	98		(pseudo) hypothetical protein	si		no_en_pangenoma			no_en_pangenoma	no_en_pangenoma			no
bin_4_52	bin-4-52	bin_4_52_02421	cds	contig_73	19275	0.4082	7208	7921	+	7207	237		HupE/UreJ protein	no		no_en_pangenoma			no_en_pangenoma	no_en_pangenoma			no
bin_4_52	bin-4-52	bin_4_52_02422	cds	contig_73	19275	0.4082	7933	8571	+	7932	212		Transmembrane anchor protein	no		no_en_pangenoma			no_en_pangenoma	no_en_pangenoma			no
bin_4_52	bin-4-52	bin_4_52_02423	cds	contig_73	19275	0.4082	8655	9962	+	8654	435		Major facilitator superfamily (MFS) profile domain-containing protein	no		no_en_pangenoma			no_en_pangenoma	no_en_pangenoma			no
bin_4_52	bin-4-52	bin_4_52_02424	cds	contig_73	19275	0.4082	10525	10776	+	8499	83		tryptophan synthase	no		no_en_pangenoma			no_en_pangenoma	no_en_pangenoma			no
bin_4_52	bin-4-52	bin_4_52_02425	cds	contig_73	19275	0.4082	11068	12192	+	7083	374		ABC transporter ATP-binding protein	no		no_en_pangenoma			no_en_pangenoma	no_en_pangenoma			no
bin_4_52	bin-4-52	bin_4_52_02426	cds	contig_73	19275	0.4082	12214	13230	+	6045	338		Extracellular solute-binding protein	no		no_en_pangenoma			no_en_pangenoma	no_en_pangenoma			no
bin_4_52	bin-4-52	bin_4_52_02427	cds	contig_73	19275	0.4082	13313	14941	+	4334	542		ABC transporter, permease protein	no		no_en_pangenoma			no_en_pangenoma	no_en_pangenoma			no
bin_4_52	bin-4-52	bin_4_52_02428	cds	contig_73	19275	0.4082	15111	15638	+	3637	175		Winged helix-turn helix domain-containing protein	no		no_en_pangenoma			no_en_pangenoma	no_en_pangenoma			no
bin_4_52	bin-4-52	bin_4_52_02429	cds	contig_73	19275	0.4082	15693	15920	-	3355	75		hypothetical protein	no		no_en_pangenoma			no_en_pangenoma	no_en_pangenoma			no
bin_4_52	bin-4-52	bin_4_52_02430	cds	contig_73	19275	0.4082	16453	18537	+	738	694		TonB-dependent siderophore receptor	no		no_en_pangenoma			no_en_pangenoma	no_en_pangenoma			no
bin_4_52	bin-4-52	bin_4_52_02431	cds	contig_73	19275	0.4082	18674	19141	-	134	155		Recombinase family protein	no		no_en_pangenoma			no_en_pangenoma	no_en_pangenoma			no
bin_4_52	bin-4-52	bin_4_52_02432	cds	contig_74	45980	0.4143	8	304	+	7	98		YbaK/EbsC protein	no	ybaK	en_familia	23	1.0000	core	core	no	no	no
bin_4_52	bin-4-52	bin_4_52_02433	cds	contig_74	45980	0.4143	578	1102	+	577	174		Zinc resistance-associated protein	no	group_4419	en_familia	23	1.0000	core	core	no	no	no
bin_4_52	bin-4-52	bin_4_52_02434	cds	contig_74	45980	0.4143	1283	1594	-	1282	103		Sulfurtransferase	no	group_2394	en_familia	23	1.0000	core	core	no	no	no
bin_4_52	bin-4-52	bin_4_52_02435	cds	contig_74	45980	0.4143	1611	1895	-	1610	94		Sulfur relay protein TusB/DsrH	no	group_3541	en_familia	23	1.0000	core	core	no	no	no
bin_4_52	bin-4-52	bin_4_52_02436	cds	contig_74	45980	0.4143	1907	2257	-	1906	116		Sulfur relay protein TusC/DsrF	no	group_4616	en_familia	23	1.0000	core	core	no	no	no
bin_4_52	bin-4-52	bin_4_52_02437	cds	contig_74	45980	0.4143	2302	2670	-	2301	122	tusD	sulfurtransferase complex subunit TusD	no	tusD	en_familia	23	1.0000	core	core	no	no	no
bin_4_52	bin-4-52	bin_4_52_02438	cds	contig_74	45980	0.4143	2737	3744	+	2736	335		UDP-glucose 4-epimerase	no	group_795	en_familia	23	1.0000	core	core	no	no	no
bin_4_52	bin-4-52	bin_4_52_02439	cds	contig_74	45980	0.4143	3853	5247	+	3852	464	fumC	class II fumarate hydratase	no	fumC	en_familia	23	1.0000	core	core	no	no	no
bin_4_52	bin-4-52	bin_4_52_02440	cds	contig_74	45980	0.4143	5374	5865	+	5373	163		hypothetical protein	no	group_3875	en_familia	23	1.0000	core	core	no	no	no
bin_4_52	bin-4-52	bin_4_52_02441	cds	contig_74	45980	0.4143	6283	6885	+	6282	200		Nitroreductase domain-containing protein	no	group_5066	en_familia	22	0.9565	core	core	no	no	no
bin_4_52	bin-4-52	bin_4_52_02442	cds	contig_74	45980	0.4143	7012	7380	+	7011	122		DUF2185 domain-containing protein	no	group_4604	en_familia	23	1.0000	core	core	no	no	no
bin_4_52	bin-4-52	bin_4_52_02443	cds	contig_74	45980	0.4143	7377	7790	+	7376	137	ylbF	YlbF family regulator	no	ylbF	en_familia	23	1.0000	core	core	no	no	no
bin_4_52	bin-4-52	bin_4_52_02444	cds	contig_74	45980	0.4143	8307	9077	+	8306	256		AB hydrolase-1 domain-containing protein	no	group_5241	en_familia	23	1.0000	core	core	no	no	no
bin_4_52	bin-4-52	bin_4_52_02445	cds	contig_74	45980	0.4143	9098	10012	-	9097	304		Peptidase M15C domain-containing protein	no	group_5196	en_familia	22	0.9565	core	core	no	no	no
bin_4_52	bin-4-52	bin_4_52_02446	cds	contig_74	45980	0.4143	10063	10710	-	10062	215		hypothetical protein	no	group_4963	en_familia	22	0.9565	core	core	no	no	no
bin_4_52	bin-4-52	bin_4_52_02447	cds	contig_74	45980	0.4143	10725	11534	-	10724	269	icmH	type IVB secretion system protein IcmH/DotU	no	icmH	en_familia	22	0.9565	core	core	no	no	no
bin_4_52	bin-4-52	bin_4_52_02448	cds	contig_74	45980	0.4143	11540	12904	-	11539	454	tssK	type VI secretion system baseplate subunit TssK	no	tssK	en_familia	22	0.9565	core	core	no	no	no
bin_4_52	bin-4-52	bin_4_52_02449	cds	contig_74	45980	0.4143	12911	14017	-	12910	368	tssA	type VI secretion system protein TssA	no	tssA	en_familia	22	0.9565	core	core	no	no	no
bin_4_52	bin-4-52	bin_4_52_02450	cds	contig_74	45980	0.4143	14064	16730	-	14063	888	tssH	type VI secretion system ATPase TssH	no	tssH	en_familia	22	0.9565	core	core	no	no	no
bin_4_52	bin-4-52	bin_4_52_02451	cds	contig_74	45980	0.4143	17081	17746	+	17080	221		hypothetical protein	no	group_4784	en_familia	22	0.9565	core	core	no	no	no
bin_4_52	bin-4-52	bin_4_52_02452	cds	contig_74	45980	0.4143	17775	18278	+	17774	167	tssB	type VI secretion system contractile sheath small subunit	no	tssB	en_familia	22	0.9565	core	core	no	no	no
bin_4_52	bin-4-52	bin_4_52_02453	cds	contig_74	45980	0.4143	18271	19752	+	18270	493	tssC	type VI secretion system contractile sheath large subunit	no	tssC	en_familia	22	0.9565	core	core	no	no	no
bin_4_52	bin-4-52	bin_4_52_02454	cds	contig_74	45980	0.4143	19801	20304	+	19800	167	hcp	type VI secretion system tube protein Hcp	no	hcp	en_familia	22	0.9565	core	core	no	no	no
bin_4_52	bin-4-52	bin_4_52_02455	cds	contig_74	45980	0.4143	20380	20856	+	20379	158	tssE	type VI secretion system baseplate subunit TssE	no	tssE	en_familia	22	0.9565	core	core	no	no	no
bin_4_52	bin-4-52	bin_4_52_02456	cds	contig_74	45980	0.4143	20862	22676	+	20861	604	tssF	type VI secretion system baseplate subunit TssF	no	tssF~~~tssG	en_familia	22	0.9565	core	core	no	no	no
bin_4_52	bin-4-52	bin_4_52_02457	cds	contig_74	45980	0.4143	22640	23632	+	22348	330	tssG	type VI secretion system baseplate subunit TssG	no	tssF~~~tssG	en_familia	22	0.9565	core	core	no	no	no
bin_4_52	bin-4-52	bin_4_52_02458	cds	contig_74	45980	0.4143	23629	25059	+	20921	476		EAL domain-containing protein	no	group_5101	en_familia	22	0.9565	core	core	no	no	no
bin_4_52	bin-4-52	bin_4_52_02459	cds	contig_74	45980	0.4143	25107	28934	+	17046	1275	tssM	type VI secretion system membrane subunit TssM	no	tssM~~~icmF	en_familia	22	0.9565	core	core	no	no	no
bin_4_52	bin-4-52	bin_4_52_02460	cds	contig_74	45980	0.4143	28977	29936	+	16044	319	tagF	Type VI secretion system-associated protein TagF	no	tagF	en_familia	22	0.9565	core	core	no	no	no
bin_4_52	bin-4-52	bin_4_52_02461	cds	contig_74	45980	0.4143	30019	30714	+	15266	231		OmpA-like domain-containing protein	no	group_3960	en_familia	22	0.9565	core	core	no	no	no
bin_4_52	bin-4-52	bin_4_52_02462	cds	contig_74	45980	0.4143	31350	32576	-	13404	408		HipA-like C-terminal domain-containing protein	no	group_4838	en_familia	22	0.9565	core	core	no	no	no
bin_4_52	bin-4-52	bin_4_52_02463	cds	contig_74	45980	0.4143	32576	32833	-	13147	85		DNA-binding protein	no	group_3962	en_familia	22	0.9565	core	core	no	no	no
bin_4_52	bin-4-52	bin_4_52_02464	cds	contig_74	45980	0.4143	33038	33223	+	12757	61		DNA binding HTH domain-containing protein	no	group_4451	en_familia	17	0.7391	shell	shell	si	no	no
bin_4_52	bin-4-52	bin_4_52_02465	cds	contig_74	45980	0.4143	33466	33684	+	12296	72	tatA	Sec-independent protein translocase subunit TatA	no	tatA	en_familia	23	1.0000	core	core	no	no	no
bin_4_52	bin-4-52	bin_4_52_02466	cds	contig_74	45980	0.4143	33694	34110	+	11870	138	tatB	Sec-independent protein translocase protein TatB	no	group_3559	en_familia	23	1.0000	core	core	no	no	no
bin_4_52	bin-4-52	bin_4_52_02467	cds	contig_74	45980	0.4143	34107	34883	+	11097	258	tatC	twin-arginine translocase subunit TatC	no	group_3355	en_familia	23	1.0000	core	core	no	no	no
bin_4_52	bin-4-52	bin_4_52_02468	cds	contig_74	45980	0.4143	35052	37382	+	8598	776		Phosphatase	no	group_4520	en_familia	23	1.0000	core	core	no	no	no
bin_4_52	bin-4-52	bin_4_52_02469	cds	contig_74	45980	0.4143	37721	38530	-	7450	269		2-hydroxycyclohexanecarboxyl-CoA dehydrogenase	no	group_3594	en_familia	23	1.0000	core	core	no	no	no
bin_4_52	bin-4-52	bin_4_52_02470	cds	contig_74	45980	0.4143	38762	39157	+	6823	131		Diacylglycerol kinase	no	group_4634	en_familia	23	1.0000	core	core	no	no	no
bin_4_52	bin-4-52	bin_4_52_02471	cds	contig_74	45980	0.4143	39197	39904	+	6076	235		Phosphatidic acid phosphatase type 2/haloperoxidase domain-containing protein	no	group_5074	en_familia	23	1.0000	core	core	no	no	no
bin_4_52	bin-4-52	bin_4_52_02472	cds	contig_74	45980	0.4143	39930	41249	-	4731	439		histidine kinase	no	group_4819	en_familia	23	1.0000	core	core	no	no	no
bin_4_52	bin-4-52	bin_4_52_02473	cds	contig_74	45980	0.4143	41255	41926	-	4054	223		response regulator transcription factor	no	group_3907	en_familia	23	1.0000	core	core	no	no	no
bin_4_52	bin-4-52	bin_4_52_02474	cds	contig_74	45980	0.4143	41928	43604	-	2376	558	eptA	Phosphoethanolamine transferase eptA	no	eptA	en_familia	23	1.0000	core	core	no	no	no
bin_4_52	bin-4-52	bin_4_52_02475	cds	contig_74	45980	0.4143	43793	44494	-	1486	233		Nodulin 21	no	group_3815	en_familia	23	1.0000	core	core	no	no	no
bin_4_52	bin-4-52	bin_4_52_02476	cds	contig_74	45980	0.4143	44730	45269	-	711	179		DUF1345 domain-containing protein	no	group_3481	en_familia	23	1.0000	core	core	no	no	no
bin_4_52	bin-4-52	bin_4_52_02477	cds	contig_75	64359	0.4382	251	2386	-	250	711	fusA	elongation factor G	no	fusA	en_familia	23	1.0000	core	core	no	no	no
bin_4_52	bin-4-52	bin_4_52_02478	cds	contig_75	64359	0.4382	2517	2987	-	2516	156	rpsG	30S ribosomal protein S7	no	rpsG	en_familia	23	1.0000	core	core	no	no	no
bin_4_52	bin-4-52	bin_4_52_02479	cds	contig_75	64359	0.4382	3170	3544	-	3169	124	rpsL	30S ribosomal protein S12	no	rpsL	en_familia	23	1.0000	core	core	no	no	no
bin_4_52	bin-4-52	bin_4_52_02480	cds	contig_75	64359	0.4382	3714	5216	-	3713	500	ecsC	EcsC family protein	no	ecsC	en_familia	23	1.0000	core	core	no	no	no
bin_4_52	bin-4-52	bin_4_52_02481	cds	contig_75	64359	0.4382	5493	6722	+	5492	409	fabB	3-oxoacyl-[acyl-carrier-protein] synthase 1	no	fabB	en_familia	23	1.0000	core	core	no	no	no
bin_4_52	bin-4-52	bin_4_52_02482	cds	contig_75	64359	0.4382	6746	7198	+	6745	150	hemJ	protoporphyrinogen oxidase HemJ	no	hemJ	en_familia	23	1.0000	core	core	no	no	no
bin_4_52	bin-4-52	bin_4_52_02483	cds	contig_75	64359	0.4382	7262	8689	-	7261	475		Amino acid permease/ SLC12A domain-containing protein	no	group_318	en_familia	23	1.0000	core	core	no	no	no
bin_4_52	bin-4-52	bin_4_52_02484	cds	contig_75	64359	0.4382	8842	9204	-	8841	120	ridA	RidA family protein	no	ridA	en_familia	23	1.0000	core	core	no	no	no
bin_4_52	bin-4-52	bin_4_52_02485	cds	contig_75	64359	0.4382	9250	10362	-	9249	370	alr	alanine racemase	no	group_3939	en_familia	23	1.0000	core	core	no	no	no
bin_4_52	bin-4-52	bin_4_52_02486	cds	contig_75	64359	0.4382	10386	11645	-	10385	419		D-amino acid dehydrogenase	no	group_4830	en_familia	23	1.0000	core	core	no	no	no
bin_4_52	bin-4-52	bin_4_52_02487	cds	contig_75	64359	0.4382	11786	12253	+	11785	155		Leucine-responsive regulatory protein	no	group_5146	en_familia	23	1.0000	core	core	no	no	no
bin_4_52	bin-4-52	bin_4_52_02488	cds	contig_75	64359	0.4382	12379	12888	-	12378	169	lysM	peptidoglycan-binding protein LysM	no	group_5268	en_familia	23	1.0000	core	core	no	no	no
bin_4_52	bin-4-52	bin_4_52_02489	cds	contig_75	64359	0.4382	13071	13307	-	13070	78	acpP	acyl carrier protein	no	acpP	en_familia	23	1.0000	core	core	no	no	no
bin_4_52	bin-4-52	bin_4_52_02490	cds	contig_75	64359	0.4382	13394	14128	-	13393	244	fabG	3-oxoacyl-ACP reductase FabG	no	fabG	en_familia	23	1.0000	core	core	no	no	no
bin_4_52	bin-4-52	bin_4_52_02491	cds	contig_75	64359	0.4382	14125	15111	-	14124	328	fabD	ACP S-malonyltransferase	no	fabD	en_familia	23	1.0000	core	core	no	no	no
bin_4_52	bin-4-52	bin_4_52_02492	cds	contig_75	64359	0.4382	15358	15540	-	15357	60	rpmF	50S ribosomal protein L32	no	rpmF	en_familia	23	1.0000	core	core	no	no	no
bin_4_52	bin-4-52	bin_4_52_02493	cds	contig_75	64359	0.4382	15618	16175	-	15617	185	yceD	Large ribosomal RNA subunit accumulation protein YceD	no	yceD	en_familia	23	1.0000	core	core	no	no	no
bin_4_52	bin-4-52	bin_4_52_02494	cds	contig_75	64359	0.4382	16275	16937	+	16274	220		Elongation factor P hydroxylase	no	group_4286	en_familia	23	1.0000	core	core	no	no	no
bin_4_52	bin-4-52	bin_4_52_02495	cds	contig_75	64359	0.4382	17022	17639	+	17021	205		L-threonylcarbamoyladenylate synthase	no	group_4973	en_familia	23	1.0000	core	core	no	no	no
bin_4_52	bin-4-52	bin_4_52_02496	cds	contig_75	64359	0.4382	17676	17942	+	17675	88		hypothetical protein	no	group_4254	en_familia	23	1.0000	core	core	no	no	no
bin_4_52	bin-4-52	bin_4_52_02497	cds	contig_75	64359	0.4382	17956	18417	-	17955	153		hypothetical protein	no	group_3655	en_familia	23	1.0000	core	core	no	no	no
bin_4_52	bin-4-52	bin_4_52_02498	cds	contig_75	64359	0.4382	18436	19035	-	18435	199		hypothetical protein	no	group_4667	en_familia	23	1.0000	core	core	no	no	no
bin_4_52	bin-4-52	bin_4_52_02499	cds	contig_75	64359	0.4382	19468	20241	+	19467	257		Segregation and condensation protein A	no	group_4573	en_familia	23	1.0000	core	core	no	no	no
bin_4_52	bin-4-52	bin_4_52_02500	cds	contig_75	64359	0.4382	20238	20828	+	20237	196	scpB	SMC-Scp complex subunit ScpB	no	scpB	en_familia	23	1.0000	core	core	no	no	no
bin_4_52	bin-4-52	bin_4_52_02501	cds	contig_75	64359	0.4382	20870	21943	+	20869	357	rluB	23S rRNA pseudouridine(2605) synthase RluB	no	rluB	en_familia	23	1.0000	core	core	no	no	no
bin_4_52	bin-4-52	bin_4_52_02502	cds	contig_75	64359	0.4382	22222	22506	+	22221	94		Transposase	no	group_4349	en_familia	22	0.9565	core	core	no	no	no
bin_4_52	bin-4-52	bin_4_52_02503	cds	contig_75	64359	0.4382	22542	23006	-	22541	154	bfr	bacterioferritin	no	bfr	en_familia	23	1.0000	core	core	no	no	no
bin_4_52	bin-4-52	bin_4_52_02504	cds	contig_75	64359	0.4382	23408	24382	-	23407	324	rlmF	23S rRNA (adenine(1618)-N(6))-methyltransferase RlmF	no	rlmF	en_familia	23	1.0000	core	core	no	no	no
bin_4_52	bin-4-52	bin_4_52_02505	cds	contig_75	64359	0.4382	24553	26589	-	24552	678	ligA	NAD-dependent DNA ligase LigA	no	ligA	en_familia	23	1.0000	core	core	no	no	no
bin_4_52	bin-4-52	bin_4_52_02506	cds	contig_75	64359	0.4382	26680	27666	-	26679	328	zipA	Cell division protein ZipA	no	zipA	en_familia	23	1.0000	core	core	no	no	no
bin_4_52	bin-4-52	bin_4_52_02507	cds	contig_75	64359	0.4382	27668	31120	-	27667	1150	smc	chromosome segregation protein SMC	no	smc	en_familia	23	1.0000	core	core	no	no	no
bin_4_52	bin-4-52	bin_4_52_02508	cds	contig_75	64359	0.4382	31132	31827	-	31131	231		HTH gntR-type domain-containing protein	no	group_1331	en_familia	23	1.0000	core	core	no	no	no
bin_4_52	bin-4-52	bin_4_52_02509	cds	contig_75	64359	0.4382	32088	32897	-	31462	269		putative membrane transporter protein	no	group_4218	en_familia	23	1.0000	core	core	no	no	no
bin_4_52	bin-4-52	bin_4_52_02510	cds	contig_75	64359	0.4382	32925	33680	+	30679	251		biotin--[biotin carboxyl-carrier protein] ligase	no	group_4176	en_familia	23	1.0000	core	core	no	no	no
bin_4_52	bin-4-52	bin_4_52_02511	cds	contig_75	64359	0.4382	33691	34437	+	29922	248		Type III pantothenate kinase	no	group_3474	en_familia	23	1.0000	core	core	no	no	no
bin_4_52	bin-4-52	bin_4_52_02512	cds	contig_75	64359	0.4382	34385	34996	-	29363	203		Serine hydrolase family protein	no	group_1501	en_familia	23	1.0000	core	core	no	no	no
bin_4_52	bin-4-52	bin_4_52_02513	cds	contig_75	64359	0.4382	35133	35699	-	28660	188		Serine hydrolase family protein	no	group_4260	en_familia	23	1.0000	core	core	no	no	no
bin_4_52	bin-4-52	bin_4_52_02514	cds	contig_75	64359	0.4382	35842	37248	-	27111	468	ffh	signal recognition particle protein	no	ffh	en_familia	23	1.0000	core	core	no	no	no
bin_4_52	bin-4-52	bin_4_52_02515	cds	contig_75	64359	0.4382	37387	38196	+	26163	269		Cytochrome c assembly protein domain-containing protein	no	group_1121	en_familia	23	1.0000	core	core	no	no	no
bin_4_52	bin-4-52	bin_4_52_02516	cds	contig_75	64359	0.4382	38263	39027	-	25332	254		Methyltransferase type 11 domain-containing protein	no	group_4177	en_familia	18	0.7826	shell	shell	si	no	no
bin_4_52	bin-4-52	bin_4_52_02517	cds	contig_75	64359	0.4382	39239	40189	+	24170	316		tRNA-dihydrouridine(16) synthase	no	group_3728	en_familia	23	1.0000	core	core	no	no	no
bin_4_52	bin-4-52	bin_4_52_02518	cds	contig_75	64359	0.4382	40206	40859	-	23500	217		NERD domain-containing protein	no	group_5063	en_familia	23	1.0000	core	core	no	no	no
bin_4_52	bin-4-52	bin_4_52_02519	cds	contig_75	64359	0.4382	40897	41397	-	22962	166		Methylated-DNA--protein-cysteine methyltransferase	no	group_4581	en_familia	23	1.0000	core	core	no	no	no
bin_4_52	bin-4-52	bin_4_52_02520	cds	contig_75	64359	0.4382	41492	41809	-	22550	105	sugE	quaternary ammonium compound efflux SMR transporter SugE	no	sugE	en_familia	23	1.0000	core	core	no	no	no
bin_4_52	bin-4-52	bin_4_52_02521	cds	contig_75	64359	0.4382	42453	43139	-	21220	228	rpe	ribulose-phosphate 3-epimerase	no	rpe	en_familia	23	1.0000	core	core	no	no	no
bin_4_52	bin-4-52	bin_4_52_02522	cds	contig_75	64359	0.4382	43313	43603	+	20756	96		DUF2218 domain-containing protein	no	group_3429	en_familia	23	1.0000	core	core	no	no	no
bin_4_52	bin-4-52	bin_4_52_02523	cds	contig_75	64359	0.4382	43607	44647	-	19712	346		Peptidase M48 domain-containing protein	no	group_4017	en_familia	23	1.0000	core	core	no	no	no
bin_4_52	bin-4-52	bin_4_52_02524	cds	contig_75	64359	0.4382	44660	45778	-	18581	372	yjgN	Inner membrane protein yjgN	no	yjgN	en_familia	23	1.0000	core	core	no	no	no
bin_4_52	bin-4-52	bin_4_52_02525	cds	contig_75	64359	0.4382	45894	46730	-	17629	278	fghA	S-formylglutathione hydrolase	no	group_4924	en_familia	23	1.0000	core	core	no	no	no
bin_4_52	bin-4-52	bin_4_52_02526	cds	contig_75	64359	0.4382	46769	48070	-	16289	433		Peptidase C13 family protein	no	group_4167	en_familia	23	1.0000	core	core	no	no	no
bin_4_52	bin-4-52	bin_4_52_02527	cds	contig_75	64359	0.4382	48291	49112	-	15247	273		Ribosomal RNA small subunit methyltransferase J	no	group_4168	en_familia	23	1.0000	core	core	no	no	no
bin_4_52	bin-4-52	bin_4_52_02528	cds	contig_75	64359	0.4382	49106	49930	-	14429	274		undecaprenyl-diphosphate phosphatase	no	group_1099	en_familia	23	1.0000	core	core	no	no	no
bin_4_52	bin-4-52	bin_4_52_02529	cds	contig_75	64359	0.4382	49947	50612	-	13747	221	tsaB	tRNA (adenosine(37)-N6)-threonylcarbamoyltransferase complex dimerization subunit type 1 TsaB	no	tsaB	en_familia	23	1.0000	core	core	no	no	no
bin_4_52	bin-4-52	bin_4_52_02530	cds	contig_75	64359	0.4382	50748	51278	-	13081	176		Gamma carbonic anhydrase family protein	no	group_4257	en_familia	23	1.0000	core	core	no	no	no
bin_4_52	bin-4-52	bin_4_52_02531	cds	contig_75	64359	0.4382	51294	51908	-	12451	204		Nudix hydrolase domain-containing protein	no	group_1490	en_familia	23	1.0000	core	core	no	no	no
bin_4_52	bin-4-52	bin_4_52_02532	cds	contig_75	64359	0.4382	52024	52581	+	11778	185		Nudix hydrolase domain-containing protein	no	group_3452	en_familia	23	1.0000	core	core	no	no	no
bin_4_52	bin-4-52	bin_4_52_02533	cds	contig_75	64359	0.4382	52672	53586	-	10773	304		Phospholipid/glycerol acyltransferase domain-containing protein	no	group_960	en_familia	23	1.0000	core	core	no	no	no
bin_4_52	bin-4-52	bin_4_52_02534	cds	contig_75	64359	0.4382	53690	53821	+	10538	43		hypothetical protein	no	group_3899	en_familia	22	0.9565	core	core	no	no	no
bin_4_52	bin-4-52	bin_4_52_02535	cds	contig_75	64359	0.4382	53913	55253	+	9106	446	hflX	ribosome rescue GTPase HflX	no	hflX	en_familia	23	1.0000	core	core	no	no	no
bin_4_52	bin-4-52	bin_4_52_02536	cds	contig_75	64359	0.4382	55286	55657	+	8702	123	lrgA	LrgA family protein	no	group_3393	en_familia	23	1.0000	core	core	no	no	no
bin_4_52	bin-4-52	bin_4_52_02537	cds	contig_75	64359	0.4382	55667	56341	+	8018	224		L-rhamnonate dehydratase	no	group_1369	en_familia	23	1.0000	core	core	no	no	no
bin_4_52	bin-4-52	bin_4_52_02538	cds	contig_75	64359	0.4382	56871	57308	+	7051	145		hypothetical protein	no	group_4227	en_familia	23	1.0000	core	core	no	no	no
bin_4_52	bin-4-52	bin_4_52_02539	cds	contig_75	64359	0.4382	57378	57827	+	6532	149		DUF2147 domain-containing protein	no	group_4163	en_familia	23	1.0000	core	core	no	no	no
bin_4_52	bin-4-52	bin_4_52_02540	cds	contig_75	64359	0.4382	57889	58734	-	5625	281		symmetrical bis(5'-nucleosyl)-tetraphosphatase	no	group_4900	en_familia	23	1.0000	core	core	no	no	no
bin_4_52	bin-4-52	bin_4_52_02541	cds	contig_75	64359	0.4382	58740	59552	-	4807	270	rsmA	16S rRNA (adenine(1518)-N(6)/adenine(1519)-N(6))-dimethyltransferase RsmA	no	rsmA	en_familia	23	1.0000	core	core	no	no	no
bin_4_52	bin-4-52	bin_4_52_02542	cds	contig_75	64359	0.4382	59583	60551	-	3808	322	pdxA	4-hydroxythreonine-4-phosphate dehydrogenase PdxA	no	pdxA	en_familia	23	1.0000	core	core	no	no	no
bin_4_52	bin-4-52	bin_4_52_02543	cds	contig_75	64359	0.4382	60854	61282	+	3077	142	rplM	50S ribosomal protein L13	no	rplM	en_familia	23	1.0000	core	core	no	no	no
bin_4_52	bin-4-52	bin_4_52_02544	cds	contig_75	64359	0.4382	61295	61681	+	2678	128	rpsI	30S ribosomal protein S9	no	rpsI	en_familia	23	1.0000	core	core	no	no	no
bin_4_52	bin-4-52	bin_4_52_02545	cds	contig_75	64359	0.4382	61767	61886	-	2473	39		hypothetical protein	no	group_4234	en_familia	23	1.0000	core	core	no	no	no
bin_4_52	bin-4-52	bin_4_52_02546	cds	contig_75	64359	0.4382	62014	62664	+	1695	216		Starvation protein A	no	group_1410	en_familia	23	1.0000	core	core	no	no	no
bin_4_52	bin-4-52	bin_4_52_02547	cds	contig_75	64359	0.4382	62678	63106	+	1253	142		ClpXP protease specificity-enhancing factor	no	group_3489	en_familia	23	1.0000	core	core	no	no	no
bin_4_52	bin-4-52	bin_4_52_02548	cds	contig_75	64359	0.4382	63126	63779	+	580	217	dotU	Type IV / VI secretion system DotU domain-containing protein	no	dotU	en_familia	23	1.0000	core	core	no	no	no
bin_4_52	bin-4-52	bin_4_52_02550	cds	contig_76	101810	0.4281	143	280	+	142	45		Elongation factor Tu C-terminal domain protein	no	tuf	en_familia	22	0.9565	core	core	no	no	no
bin_4_52	bin-4-52	bin_4_52_02551	cds	contig_76	101810	0.4281	493	1374	+	492	293		Metal-dependent hydrolase	no	group_4522	en_familia	23	1.0000	core	core	no	no	no
bin_4_52	bin-4-52	bin_4_52_02552	cds	contig_76	101810	0.4281	1480	1938	+	1479	152	rimI	ribosomal protein S18-alanine N-acetyltransferase	no	rimI	en_familia	23	1.0000	core	core	no	no	no
bin_4_52	bin-4-52	bin_4_52_02553	cds	contig_76	101810	0.4281	1972	2787	-	1971	271		arginyltransferase	no	group_4651	en_familia	23	1.0000	core	core	no	no	no
bin_4_52	bin-4-52	bin_4_52_02554	cds	contig_76	101810	0.4281	2809	3540	-	2808	243	aat	leucyl/phenylalanyl-tRNA--protein transferase	no	aat	en_familia	23	1.0000	core	core	no	no	no
bin_4_52	bin-4-52	bin_4_52_02555	cds	contig_76	101810	0.4281	3624	4586	-	3623	320	trxB	thioredoxin-disulfide reductase	no	trxB	en_familia	23	1.0000	core	core	no	no	no
bin_4_52	bin-4-52	bin_4_52_02556	cds	contig_76	101810	0.4281	4848	7991	+	4847	1047	ftsK	DNA translocase FtsK	no	group_4424	en_familia	23	1.0000	core	core	no	no	no
bin_4_52	bin-4-52	bin_4_52_02557	cds	contig_76	101810	0.4281	8056	8343	-	8055	95		PA4642 family protein	no	group_4928	en_familia	23	1.0000	core	core	no	no	no
bin_4_52	bin-4-52	bin_4_52_02558	cds	contig_76	101810	0.4281	8648	8920	-	8647	90	minE	cell division topological specificity factor MinE	no	minE	en_familia	23	1.0000	core	core	no	no	no
bin_4_52	bin-4-52	bin_4_52_02559	cds	contig_76	101810	0.4281	8923	9735	-	8922	270	minD	septum site-determining protein MinD	no	minD	en_familia	23	1.0000	core	core	no	no	no
bin_4_52	bin-4-52	bin_4_52_02560	cds	contig_76	101810	0.4281	9801	10520	-	9800	239	minC	septum site-determining protein MinC	no	minC	en_familia	23	1.0000	core	core	no	no	no
bin_4_52	bin-4-52	bin_4_52_02561	cds	contig_76	101810	0.4281	10678	11745	-	10677	355	secA	Preprotein translocase subunit SecA	no	group_4927	en_familia	23	1.0000	core	core	no	no	no
bin_4_52	bin-4-52	bin_4_52_02562	cds	contig_76	101810	0.4281	11765	12688	-	11764	307		Phospholipid/glycerol acyltransferase domain-containing protein	no	group_5180	en_familia	23	1.0000	core	core	no	no	no
bin_4_52	bin-4-52	bin_4_52_02563	cds	contig_76	101810	0.4281	12950	13603	+	12949	217		OmpA-like domain-containing protein	no	group_5284	en_familia	23	1.0000	core	core	no	no	no
bin_4_52	bin-4-52	bin_4_52_02564	cds	contig_76	101810	0.4281	13731	15770	+	13730	679		ATP-dependent DNA helicase Rep	no	group_5324	en_familia	23	1.0000	core	core	no	no	no
bin_4_52	bin-4-52	bin_4_52_02565	cds	contig_76	101810	0.4281	15814	16269	+	15813	151	dut	dUTP diphosphatase	no	dut	en_familia	23	1.0000	core	core	no	no	no
bin_4_52	bin-4-52	bin_4_52_02566	cds	contig_76	101810	0.4281	16503	17921	+	16502	472		phosphomannomutase	no	group_4130	en_familia	22	0.9565	core	core	no	no	no
bin_4_52	bin-4-52	bin_4_52_02567	cds	contig_76	101810	0.4281	17932	18840	+	17931	302		Acetylglutamate kinase	no	group_971	en_familia	23	1.0000	core	core	no	no	no
bin_4_52	bin-4-52	bin_4_52_02568	cds	contig_76	101810	0.4281	19140	19970	+	19139	276		Glutamine amidotransferase	no	group_4131	en_familia	23	1.0000	core	core	no	no	no
bin_4_52	bin-4-52	bin_4_52_02569	cds	contig_76	101810	0.4281	20247	20702	+	20246	151		bacteriohemerythrin	no	group_4909	en_familia	23	1.0000	core	core	no	no	no
bin_4_52	bin-4-52	bin_4_52_02570	cds	contig_76	101810	0.4281	20842	21921	+	20841	359		Sodium-dependent transporter	no	group_5173	en_familia	23	1.0000	core	core	no	no	no
bin_4_52	bin-4-52	bin_4_52_02571	cds	contig_76	101810	0.4281	21921	22247	+	21920	108		UPF0125 protein F965_03252	no	group_5276	en_familia	23	1.0000	core	core	no	no	no
bin_4_52	bin-4-52	bin_4_52_02572	cds	contig_76	101810	0.4281	22357	22755	-	22356	132	bamE	Outer membrane protein assembly factor BamE	no	bamE	en_familia	23	1.0000	core	core	no	no	no
bin_4_52	bin-4-52	bin_4_52_02573	cds	contig_76	101810	0.4281	22868	23305	+	22867	145	fur	ferric iron uptake transcriptional regulator	no	fur	en_familia	23	1.0000	core	core	no	no	no
bin_4_52	bin-4-52	bin_4_52_02574	cds	contig_76	101810	0.4281	23383	24504	-	23382	373		AAA+ ATPase domain-containing protein	no	group_4060	en_familia	23	1.0000	core	core	no	no	no
bin_4_52	bin-4-52	bin_4_52_02575	cds	contig_76	101810	0.4281	24535	25572	-	24534	345	pilT	type IV pilus twitching motility protein PilT	no	pilT	en_familia	23	1.0000	core	core	no	no	no
bin_4_52	bin-4-52	bin_4_52_02576	cds	contig_76	101810	0.4281	25697	26383	+	25696	228		Pyridoxal phosphate homeostasis protein	no	yggS	en_familia	23	1.0000	core	core	no	no	no
bin_4_52	bin-4-52	bin_4_52_02577	cds	contig_76	101810	0.4281	26430	27536	-	26429	368		Acyltransferase 3 domain-containing protein	no	group_3644	en_familia	23	1.0000	core	core	no	no	no
bin_4_52	bin-4-52	bin_4_52_02578	cds	contig_76	101810	0.4281	27542	31147	-	27541	1201		Rad50/SbcC-type AAA domain-containing protein	no	group_3645	en_familia	23	1.0000	core	core	no	no	no
bin_4_52	bin-4-52	bin_4_52_02579	cds	contig_76	101810	0.4281	31157	32407	-	31156	416		Nuclease SbcCD subunit D	no	group_4663	en_familia	23	1.0000	core	core	no	no	no
bin_4_52	bin-4-52	bin_4_52_02580	cds	contig_76	101810	0.4281	32927	33382	+	32926	151		Transmembrane protein	no	group_3944	en_familia	23	1.0000	core	core	no	no	no
bin_4_52	bin-4-52	bin_4_52_02581	cds	contig_76	101810	0.4281	33563	34474	+	33562	303		Nucleoside-diphosphate sugar epimerase	no	group_965	en_familia	23	1.0000	core	core	no	no	no
bin_4_52	bin-4-52	bin_4_52_02582	cds	contig_76	101810	0.4281	34454	35575	-	34453	373	thiO	glycine oxidase ThiO	no	thiO	en_familia	23	1.0000	core	core	no	no	no
bin_4_52	bin-4-52	bin_4_52_02583	cds	contig_76	101810	0.4281	35659	36672	-	35658	337	hemB	porphobilinogen synthase	no	hemB	en_familia	23	1.0000	core	core	no	no	no
bin_4_52	bin-4-52	bin_4_52_02584	cds	contig_76	101810	0.4281	36780	37271	+	36779	163		thioesterase family protein	no	group_1792	en_familia	23	1.0000	core	core	no	no	no
bin_4_52	bin-4-52	bin_4_52_02585	cds	contig_76	101810	0.4281	37322	38806	-	37321	494	glpK	glycerol kinase GlpK	no	glpK	en_familia	23	1.0000	core	core	no	no	no
bin_4_52	bin-4-52	bin_4_52_02587	cds	contig_76	101810	0.4281	39717	40364	-	39716	215		Succinyl-CoA:3-ketoacid-coenzyme A transferase subunit B	no	group_5267	en_familia	23	1.0000	core	core	no	no	no
bin_4_52	bin-4-52	bin_4_52_02588	cds	contig_76	101810	0.4281	40367	41068	-	40366	233		Succinyl-CoA:3-ketoacid-coenzyme A transferase subunit A	no	group_5143	en_familia	23	1.0000	core	core	no	no	no
bin_4_52	bin-4-52	bin_4_52_02589	cds	contig_76	101810	0.4281	41092	41667	-	41091	191		VOC domain-containing protein	no	group_4826	en_familia	23	1.0000	core	core	no	no	no
bin_4_52	bin-4-52	bin_4_52_02590	cds	contig_76	101810	0.4281	41688	42332	-	41687	214	maiA	maleylacetoacetate isomerase	no	group_5144	en_familia	23	1.0000	core	core	no	no	no
bin_4_52	bin-4-52	bin_4_52_02591	cds	contig_76	101810	0.4281	42347	43630	-	42346	427	fahA	fumarylacetoacetase	no	fahA	en_familia	23	1.0000	core	core	no	no	no
bin_4_52	bin-4-52	bin_4_52_02592	cds	contig_76	101810	0.4281	43852	44640	+	43851	262		HTH iclR-type domain-containing protein	no	group_4936	en_familia	23	1.0000	core	core	no	no	no
bin_4_52	bin-4-52	bin_4_52_02593	cds	contig_76	101810	0.4281	44997	45428	+	44996	143		Knr4/Smi1-like domain-containing protein	no	group_4188	en_familia	5	0.2174	shell	shell	si	no	no
bin_4_52	bin-4-52	bin_4_52_02594	cds	contig_76	101810	0.4281	45553	45681	-	45552	42		hypothetical protein	no	group_3003	en_familia	5	0.2174	shell	shell	si	no	no
bin_4_52	bin-4-52	bin_4_52_02595	cds	contig_76	101810	0.4281	45779	47005	-	45778	408		Aminotransferase	no	group_4871	en_familia	23	1.0000	core	core	no	no	no
bin_4_52	bin-4-52	bin_4_52_02596	cds	contig_76	101810	0.4281	47035	48435	-	47034	466		Amino acid permease/ SLC12A domain-containing protein	no	group_4044	en_familia	23	1.0000	core	core	no	no	no
bin_4_52	bin-4-52	bin_4_52_02597	cds	contig_76	101810	0.4281	48608	49669	-	48607	353	hppD	4-hydroxyphenylpyruvate dioxygenase	no	hppD	en_familia	23	1.0000	core	core	no	no	no
bin_4_52	bin-4-52	bin_4_52_02598	cds	contig_76	101810	0.4281	50606	51088	+	50605	160		PhnB-like domain-containing protein	no	group_4045	en_familia	23	1.0000	core	core	no	no	no
bin_4_52	bin-4-52	bin_4_52_02599	cds	contig_76	101810	0.4281	51474	52583	+	49227	369	bioB	biotin synthase BioB	no	group_3513	en_familia	23	1.0000	core	core	no	no	no
bin_4_52	bin-4-52	bin_4_52_02600	cds	contig_76	101810	0.4281	52672	53394	+	48416	240		Serine hydrolase FSH domain-containing protein	no	group_4607	en_familia	23	1.0000	core	core	no	no	no
bin_4_52	bin-4-52	bin_4_52_02601	cds	contig_76	101810	0.4281	53464	54762	+	47048	432	bioA	adenosylmethionine--8-amino-7-oxononanoate transaminase	no	group_5067	en_familia	23	1.0000	core	core	no	no	no
bin_4_52	bin-4-52	bin_4_52_02602	cds	contig_76	101810	0.4281	54759	55928	+	45882	389		8-amino-7-oxononanoate synthase	no	group_5242	en_familia	23	1.0000	core	core	no	no	no
bin_4_52	bin-4-52	bin_4_52_02603	cds	contig_76	101810	0.4281	55925	56677	+	45133	250	bioC	malonyl-ACP O-methyltransferase BioC	no	group_5260	en_familia	23	1.0000	core	core	no	no	no
bin_4_52	bin-4-52	bin_4_52_02604	cds	contig_76	101810	0.4281	56674	57324	+	44486	216	bioD	dethiobiotin synthase	no	group_5129	en_familia	23	1.0000	core	core	no	no	no
bin_4_52	bin-4-52	bin_4_52_02605	cds	contig_76	101810	0.4281	57819	58235	+	43575	138		DUF2946 domain-containing protein	no	group_4792	en_familia	23	1.0000	core	core	no	no	no
bin_4_52	bin-4-52	bin_4_52_02606	cds	contig_76	101810	0.4281	58299	58493	+	43317	64		hypothetical protein	no	group_3862	en_familia	21	0.9130	shell	core	si	no	no
bin_4_52	bin-4-52	bin_4_52_02607	cds	contig_76	101810	0.4281	58503	59942	+	41868	479		Cytochrome ubiquinol oxidase subunit I	no	group_4793	en_familia	23	1.0000	core	core	no	no	no
bin_4_52	bin-4-52	bin_4_52_02608	cds	contig_76	101810	0.4281	59939	60943	+	40867	334	cydB	cytochrome d ubiquinol oxidase subunit II	no	cydB	en_familia	23	1.0000	core	core	no	no	no
bin_4_52	bin-4-52	bin_4_52_02609	cds	contig_76	101810	0.4281	61260	61454	-	40356	64		FAD-binding FR-type domain-containing protein	no	group_3982	en_familia	23	1.0000	core	core	no	no	no
bin_4_52	bin-4-52	bin_4_52_02610	cds	contig_76	101810	0.4281	61867	63060	+	38750	397	sbmA	peptide antibiotic transporter SbmA	no	sbmA	en_familia	23	1.0000	core	core	no	no	no
bin_4_52	bin-4-52	bin_4_52_02611	cds	contig_76	101810	0.4281	63671	64657	+	37153	328		Lipoprotein	no	group_3983	en_familia	23	1.0000	core	core	no	no	no
bin_4_52	bin-4-52	bin_4_52_02612	cds	contig_76	101810	0.4281	64851	65372	+	36438	173		Parvulin-like peptidyl-prolyl isomerase	no	group_4848	en_familia	23	1.0000	core	core	no	no	no
bin_4_52	bin-4-52	bin_4_52_02613	cds	contig_76	101810	0.4281	65433	67076	-	34734	547		Citrate transporter-like domain-containing protein	no	group_5152	en_familia	8	0.3478	shell	shell	si	no	no
bin_4_52	bin-4-52	bin_4_52_02614	cds	contig_76	101810	0.4281	67841	68521	+	33289	226		Restriction endonuclease type IV Mrr domain-containing protein	no	group_1359	en_familia	3	0.1304	cloud	cloud	si	si	no
bin_4_52	bin-4-52	bin_4_52_02615	cds	contig_76	101810	0.4281	68567	70042	-	31768	491	gatB	Asp-tRNA(Asn)/Glu-tRNA(Gln) amidotransferase subunit GatB	no	group_5336	en_familia	23	1.0000	core	core	no	no	no
bin_4_52	bin-4-52	bin_4_52_02616	cds	contig_76	101810	0.4281	70042	71520	-	30290	492	gatA	Asp-tRNA(Asn)/Glu-tRNA(Gln) amidotransferase subunit GatA	no	group_5321	en_familia	23	1.0000	core	core	no	no	no
bin_4_52	bin-4-52	bin_4_52_02617	cds	contig_76	101810	0.4281	71573	71887	-	29923	104	gatC	Asp-tRNA(Asn)/Glu-tRNA(Gln) amidotransferase subunit GatC	no	group_4053	en_familia	23	1.0000	core	core	no	no	no
bin_4_52	bin-4-52	bin_4_52_02618	cds	contig_76	101810	0.4281	72021	73067	+	28743	348	mreB	Cell shape-determining protein MreB	no	mreB	en_familia	23	1.0000	core	core	no	no	no
bin_4_52	bin-4-52	bin_4_52_02619	cds	contig_76	101810	0.4281	73084	73941	+	27869	285	mreC	rod shape-determining protein MreC	no	mreC	en_familia	23	1.0000	core	core	no	no	no
bin_4_52	bin-4-52	bin_4_52_02620	cds	contig_76	101810	0.4281	73928	74419	+	27391	163	mreD	rod shape-determining protein MreD	no	group_3299	en_familia	23	1.0000	core	core	no	no	no
bin_4_52	bin-4-52	bin_4_52_02621	cds	contig_76	101810	0.4281	74407	74973	+	26837	188		Maf-like protein	no	group_3856	en_familia	23	1.0000	core	core	no	no	no
bin_4_52	bin-4-52	bin_4_52_02622	cds	contig_76	101810	0.4281	75014	76468	+	25342	484	rng	ribonuclease G	no	group_4503	en_familia	23	1.0000	core	core	no	no	no
bin_4_52	bin-4-52	bin_4_52_02623	cds	contig_76	101810	0.4281	76604	76777	+	25033	57		PA1571 family protein	no	group_3298	en_familia	23	1.0000	core	core	no	no	no
bin_4_52	bin-4-52	bin_4_52_02624	cds	contig_76	101810	0.4281	76934	78316	-	23494	460		diacylglycerol O-acyltransferase	no	group_3579	en_familia	23	1.0000	core	core	no	no	no
bin_4_52	bin-4-52	bin_4_52_02625	cds	contig_76	101810	0.4281	78795	79529	-	22281	244		phosphoadenylyl-sulfate reductase	no	group_4628	en_familia	23	1.0000	core	core	no	no	no
bin_4_52	bin-4-52	bin_4_52_02626	cds	contig_76	101810	0.4281	79732	80349	+	21461	205	thrH	bifunctional phosphoserine phosphatase/homoserine phosphotransferase ThrH	no	group_5072	en_familia	23	1.0000	core	core	no	no	no
bin_4_52	bin-4-52	bin_4_52_02627	cds	contig_76	101810	0.4281	80422	81642	-	20168	406		Transporter	no	group_506	en_familia	0	0.0000	exclusivo	exclusivo	no	no	si
bin_4_52	bin-4-52	bin_4_52_02628	cds	contig_76	101810	0.4281	81953	83239	-	18571	428		Transporter	no	group_5091	en_familia	16	0.6957	shell	shell	si	no	no
bin_4_52	bin-4-52	bin_4_52_02630	cds	contig_76	101810	0.4281	83752	85104	-	16706	450		Amino acid permease/ SLC12A domain-containing protein	no	group_4679	en_familia	23	1.0000	core	core	no	no	no
bin_4_52	bin-4-52	bin_4_52_02631	cds	contig_76	101810	0.4281	85437	86630	+	15180	397	prpF	2-methylaconitate cis-trans isomerase PrpF	no	prpF	en_familia	23	1.0000	core	core	no	no	no
bin_4_52	bin-4-52	bin_4_52_02632	cds	contig_76	101810	0.4281	86883	87791	+	14019	302		(2E,6E)-farnesyl diphosphate synthase	no	group_970	en_familia	23	1.0000	core	core	no	no	no
bin_4_52	bin-4-52	bin_4_52_02633	cds	contig_76	101810	0.4281	87856	89346	-	12464	496	putP	sodium/proline symporter PutP	no	group_5000	en_familia	23	1.0000	core	core	no	no	no
bin_4_52	bin-4-52	bin_4_52_02634	cds	contig_76	101810	0.4281	89562	90416	-	11394	284		Band 7 domain-containing protein	no	group_4350	en_familia	23	1.0000	core	core	no	no	no
bin_4_52	bin-4-52	bin_4_52_02635	cds	contig_76	101810	0.4281	90440	90901	-	10909	153		NfeD-like C-terminal domain-containing protein	no	group_1911	en_familia	23	1.0000	core	core	no	no	no
bin_4_52	bin-4-52	bin_4_52_02636	cds	contig_76	101810	0.4281	91001	91918	-	9892	305		PNPLA domain-containing protein	no	group_4608	en_familia	23	1.0000	core	core	no	no	no
bin_4_52	bin-4-52	bin_4_52_02637	cds	contig_76	101810	0.4281	91981	92610	-	9200	209		Phospholipid/glycerol acyltransferase domain-containing protein	no	group_4609	en_familia	23	1.0000	core	core	no	no	no
bin_4_52	bin-4-52	bin_4_52_02638	cds	contig_76	101810	0.4281	92744	93988	+	7822	414		Major facilitator superfamily (MFS) profile domain-containing protein	no	group_5069	en_familia	23	1.0000	core	core	no	no	no
bin_4_52	bin-4-52	bin_4_52_02639	cds	contig_76	101810	0.4281	94126	95277	+	6533	383		porin	no	group_5148	en_familia	23	1.0000	core	core	no	no	no
bin_4_52	bin-4-52	bin_4_52_02640	cds	contig_76	101810	0.4281	95418	96107	+	5703	229		Haloacid dehalogenase, type II	no	group_5163	en_familia	23	1.0000	core	core	no	no	no
bin_4_52	bin-4-52	bin_4_52_02641	cds	contig_76	101810	0.4281	96104	96784	-	5026	226	yetF	YetF C-terminal domain-containing protein	no	yetF	en_familia	23	1.0000	core	core	no	no	no
bin_4_52	bin-4-52	bin_4_52_02642	cds	contig_76	101810	0.4281	97182	97901	+	3909	239		Carbonic anhydrase	no	group_5164	en_familia	23	1.0000	core	core	no	no	no
bin_4_52	bin-4-52	bin_4_52_02643	cds	contig_76	101810	0.4281	98004	99041	+	2769	345	dnaJ	molecular chaperone DnaJ	no	group_4877	en_familia	21	0.9130	shell	core	si	no	no
bin_4_52	bin-4-52	bin_4_52_02644	cds	contig_76	101810	0.4281	99133	100317	+	1493	394	dnaJ	molecular chaperone DnaJ	no	dnaJ	en_familia	4	0.1739	shell	shell	si	no	no
bin_4_52	bin-4-52	bin_4_52_02645	cds	contig_76	101810	0.4281	100413	100598	+	1212	61		DUF559 domain-containing protein	no	group_5430	en_familia	18	0.7826	shell	shell	si	no	no
bin_4_52	bin-4-52	bin_4_52_02646	cds	contig_76	101810	0.4281	100913	101704	-	106	263		(pseudo) GGDEF domain-containing protein	si	group_5438	en_familia	2	0.0870	cloud	cloud	si	si	no
bin_4_52	bin-4-52	bin_4_52_02647	cds	contig_77	2348	0.3842	162	902	+	161	246	dmeF	CDF family Co(II)/Ni(II) efflux transporter DmeF	no	dmeF	en_familia	9	0.3913	shell	shell	si	no	no
bin_4_52	bin-4-52	bin_4_52_02648	cds	contig_77	2348	0.3842	1209	1823	-	525	204		Thiol:disulfide interchange protein	no	dsbA	en_familia	9	0.3913	shell	shell	si	no	no
bin_4_52	bin-4-52	bin_4_52_02649	cds	contig_78	18620	0.4234	214	543	+	213	109		Lipoprotein	no	group_6125	en_familia	1	0.0435	cloud	cloud	si	si	no
bin_4_52	bin-4-52	bin_4_52_02650	cds	contig_78	18620	0.4234	745	906	+	744	53		hypothetical protein	no	group_6130	en_familia	1	0.0435	cloud	cloud	si	si	no
bin_4_52	bin-4-52	bin_4_52_02651	cds	contig_78	18620	0.4234	1025	1378	+	1024	117		Transposase	no	group_5596	en_familia	5	0.2174	shell	shell	si	no	no
bin_4_52	bin-4-52	bin_4_52_02652	cds	contig_78	18620	0.4234	1743	5090	-	1742	1115		hypothetical protein	no	group_6310	en_familia	0	0.0000	exclusivo	exclusivo	no	no	si
bin_4_52	bin-4-52	bin_4_52_02653	cds	contig_78	18620	0.4234	5670	6689	+	5669	339	tnp	IS21 family ISAba8 transposase	no	tnp~~~istA	en_familia	6	0.2609	shell	shell	si	no	no
bin_4_52	bin-4-52	bin_4_52_02654	cds	contig_78	18620	0.4234	6689	7462	+	6688	257	istB	IS21-like element ISAba8 family helper ATPase IstB	no	istB~~~dnaC	en_familia	6	0.2609	shell	shell	si	no	no
bin_4_52	bin-4-52	bin_4_52_02655	cds	contig_78	18620	0.4234	7609	8022	+	7608	137		transposase	no	group_5657	en_familia	1	0.0435	cloud	cloud	si	si	no
bin_4_52	bin-4-52	bin_4_52_02656	cds	contig_78	18620	0.4234	7953	8717	-	7952	254	tnpC	IS66 family transposase	no	tnp~~~tnpC	en_familia	10	0.4348	shell	shell	si	no	no
bin_4_52	bin-4-52	bin_4_52_02657	cds	contig_78	18620	0.4234	8792	9127	-	8791	111	tnpB	IS66 family insertion sequence element accessory protein TnpB	no	group_5382	en_familia	6	0.2609	shell	shell	si	no	no
bin_4_52	bin-4-52	bin_4_52_02658	cds	contig_78	18620	0.4234	9124	9507	-	9113	127		Transposase	no	group_3533	en_familia	8	0.3478	shell	shell	si	no	no
bin_4_52	bin-4-52	bin_4_52_02659	cds	contig_78	18620	0.4234	9692	18613	-	7	2973		DUF5801 domain-containing protein	no		no_en_pangenoma			no_en_pangenoma	no_en_pangenoma			no
bin_4_52	bin-4-52	bin_4_52_02660	cds	contig_79	42348	0.4289	306	2912	-	305	868	acnD	Fe/S-dependent 2-methylisocitrate dehydratase AcnD	no	acnD	en_familia	23	1.0000	core	core	no	no	no
bin_4_52	bin-4-52	bin_4_52_02661	cds	contig_79	42348	0.4289	3690	5828	+	3689	712		Plastocyanin-like domain-containing protein	no	group_4712	en_familia	23	1.0000	core	core	no	no	no
bin_4_52	bin-4-52	bin_4_52_02662	cds	contig_79	42348	0.4289	5945	6670	+	5944	241		Aminomethyltransferase folate-binding domain-containing protein	no	group_4637	en_familia	23	1.0000	core	core	no	no	no
bin_4_52	bin-4-52	bin_4_52_02663	cds	contig_79	42348	0.4289	6714	6965	-	6713	83		hypothetical protein	no	group_3595	en_familia	23	1.0000	core	core	no	no	no
bin_4_52	bin-4-52	bin_4_52_02664	cds	contig_79	42348	0.4289	7193	8011	+	7192	272		Sel1 repeat family protein	no	group_4560	en_familia	23	1.0000	core	core	no	no	no
bin_4_52	bin-4-52	bin_4_52_02665	cds	contig_79	42348	0.4289	8059	8994	-	8058	311		Transporter	no	group_4561	en_familia	23	1.0000	core	core	no	no	no
bin_4_52	bin-4-52	bin_4_52_02666	cds	contig_79	42348	0.4289	9076	10200	-	9075	374		NADH:flavin oxidoreductase/NADH oxidase N-terminal domain-containing protein	no	group_5057	en_familia	23	1.0000	core	core	no	no	no
bin_4_52	bin-4-52	bin_4_52_02667	cds	contig_79	42348	0.4289	10292	11554	-	10291	420	oprB	Carbohydrate-selective porin, OprB family	no	group_5145	en_familia	23	1.0000	core	core	no	no	no
bin_4_52	bin-4-52	bin_4_52_02668	cds	contig_79	42348	0.4289	11936	12793	+	11935	285	mutM	bifunctional DNA-formamidopyrimidine glycosylase/DNA-(apurinic or apyrimidinic site) lyase	no	mutM	en_familia	23	1.0000	core	core	no	no	no
bin_4_52	bin-4-52	bin_4_52_02669	cds	contig_79	42348	0.4289	12793	13077	+	12792	94		peptidylprolyl isomerase	no	group_4158	en_familia	23	1.0000	core	core	no	no	no
bin_4_52	bin-4-52	bin_4_52_02670	cds	contig_79	42348	0.4289	13192	13629	-	13191	145	mscL	large conductance mechanosensitive channel protein MscL	no	mscL	en_familia	23	1.0000	core	core	no	no	no
bin_4_52	bin-4-52	bin_4_52_02671	cds	contig_79	42348	0.4289	13803	15638	-	13802	611	typA	translational GTPase TypA	no	typA	en_familia	23	1.0000	core	core	no	no	no
bin_4_52	bin-4-52	bin_4_52_02672	cds	contig_79	42348	0.4289	15801	17171	+	15800	456	xanP	Xanthine permease XanP	no	xanP	en_familia	23	1.0000	core	core	no	no	no
bin_4_52	bin-4-52	bin_4_52_02673	cds	contig_79	42348	0.4289	17237	18271	+	17236	344		Ribosomal RNA small subunit methyltransferase C	no	group_753	en_familia	23	1.0000	core	core	no	no	no
bin_4_52	bin-4-52	bin_4_52_02674	cds	contig_79	42348	0.4289	18271	19734	+	18270	487		Amino acid permease/ SLC12A domain-containing protein	no	group_4062	en_familia	23	1.0000	core	core	no	no	no
bin_4_52	bin-4-52	bin_4_52_02675	cds	contig_79	42348	0.4289	19780	20313	-	19779	177		Peptidase C39 domain-containing protein	no	group_4879	en_familia	23	1.0000	core	core	no	no	no
bin_4_52	bin-4-52	bin_4_52_02676	cds	contig_79	42348	0.4289	20422	21471	-	20421	349	omp38	outer membrane protein Omp38	no	omp38	en_familia	23	1.0000	core	core	no	no	no
bin_4_52	bin-4-52	bin_4_52_02677	cds	contig_79	42348	0.4289	21844	22365	+	19983	173		Type II secretion system protein H	no	group_3992	en_familia	23	1.0000	core	core	no	no	no
bin_4_52	bin-4-52	bin_4_52_02678	cds	contig_79	42348	0.4289	22477	23652	+	18696	391		Acetyl-CoA C-acyltransferase	no	group_555	en_familia	23	1.0000	core	core	no	no	no
bin_4_52	bin-4-52	bin_4_52_02679	cds	contig_79	42348	0.4289	23915	24376	+	17972	153		Glyoxalase/fosfomycin resistance/dioxygenase domain-containing protein	no	group_3415	en_familia	23	1.0000	core	core	no	no	no
bin_4_52	bin-4-52	bin_4_52_02680	cds	contig_79	42348	0.4289	24420	24905	-	17443	161		DUF934 domain-containing protein	no	group_1815	en_familia	23	1.0000	core	core	no	no	no
bin_4_52	bin-4-52	bin_4_52_02681	cds	contig_79	42348	0.4289	24898	26541	-	15807	547		Sulfite reductase [NADPH] hemoprotein beta-component	no	group_4330	en_familia	23	1.0000	core	core	no	no	no
bin_4_52	bin-4-52	bin_4_52_02682	cds	contig_79	42348	0.4289	26798	27919	-	14429	373		CoA transferase	no	group_3821	en_familia	23	1.0000	core	core	no	no	no
bin_4_52	bin-4-52	bin_4_52_02683	cds	contig_79	42348	0.4289	28132	29142	+	13206	336		HTH araC/xylS-type domain-containing protein	no	group_793	en_familia	23	1.0000	core	core	no	no	no
bin_4_52	bin-4-52	bin_4_52_02684	cds	contig_79	42348	0.4289	29364	30569	+	11779	401		acetyl-CoA C-acetyltransferase	no	group_3758	en_familia	23	1.0000	core	core	no	no	no
bin_4_52	bin-4-52	bin_4_52_02685	cds	contig_79	42348	0.4289	30580	32712	+	9636	710		3-hydroxyacyl-CoA dehydrogenase	no	group_4723	en_familia	23	1.0000	core	core	no	no	no
bin_4_52	bin-4-52	bin_4_52_02686	cds	contig_79	42348	0.4289	32948	33208	+	9140	86		hypothetical protein	no	group_3759	en_familia	23	1.0000	core	core	no	no	no
bin_4_52	bin-4-52	bin_4_52_02687	cds	contig_79	42348	0.4289	33269	33700	-	8648	143		N-acetyltransferase domain-containing protein	no	group_4724	en_familia	23	1.0000	core	core	no	no	no
bin_4_52	bin-4-52	bin_4_52_02688	cds	contig_79	42348	0.4289	33694	34914	-	7434	406		Methyltransferase domain-containing protein	no	group_4236	en_familia	23	1.0000	core	core	no	no	no
bin_4_52	bin-4-52	bin_4_52_02689	cds	contig_79	42348	0.4289	35016	35660	+	6688	214		Hemolysin III	no	group_1429	en_familia	23	1.0000	core	core	no	no	no
bin_4_52	bin-4-52	bin_4_52_02690	cds	contig_79	42348	0.4289	35803	37110	+	5238	435		Major facilitator superfamily (MFS) profile domain-containing protein	no	group_401	en_familia	23	1.0000	core	core	no	no	no
bin_4_52	bin-4-52	bin_4_52_02691	cds	contig_79	42348	0.4289	37254	37694	+	4654	146		hypothetical protein	no	group_3909	en_familia	23	1.0000	core	core	no	no	no
bin_4_52	bin-4-52	bin_4_52_02692	cds	contig_79	42348	0.4289	37717	38727	-	3621	336		Calcineurin-like phosphoesterase domain-containing protein	no	group_792	en_familia	23	1.0000	core	core	no	no	no
bin_4_52	bin-4-52	bin_4_52_02693	cds	contig_79	42348	0.4289	38865	40463	+	1885	532		PLD phosphodiesterase domain-containing protein	no	group_248	en_familia	23	1.0000	core	core	no	no	no
bin_4_52	bin-4-52	bin_4_52_02694	cds	contig_79	42348	0.4289	40547	42199	-	149	550	filF	Pilus assembly protein FilF	no	filF	en_familia	22	0.9565	core	core	no	no	no
bin_4_52	bin-4-52	bin_4_52_02695	cds	contig_80	19669	0.4240	71	1243	+	70	390	fadA	acetyl-CoA C-acyltransferase FadA	no	fadA	en_familia	23	1.0000	core	core	no	no	no
bin_4_52	bin-4-52	bin_4_52_02696	cds	contig_80	19669	0.4240	1345	2838	+	1344	497		Transcriptional regulator	no	group_3520	en_familia	5	0.2174	shell	shell	si	no	no
bin_4_52	bin-4-52	bin_4_52_02697	cds	contig_80	19669	0.4240	3188	3631	+	3187	147		Late embryogenesis abundant protein	no	group_5210	en_familia	21	0.9130	shell	core	si	no	no
bin_4_52	bin-4-52	bin_4_52_02698	cds	contig_80	19669	0.4240	3746	4618	-	3745	290	tehB	SAM-dependent methyltransferase TehB	no	tehB	en_familia	23	1.0000	core	core	no	no	no
bin_4_52	bin-4-52	bin_4_52_02699	cds	contig_80	19669	0.4240	4739	5488	-	4738	249		Lipase modulator	no	group_4319	en_familia	23	1.0000	core	core	no	no	no
bin_4_52	bin-4-52	bin_4_52_02700	cds	contig_80	19669	0.4240	5663	6166	-	5662	167		Polypeptide-transport-associated ShlB-type domain-containing protein	no	group_1748	en_familia	23	1.0000	core	core	no	no	no
bin_4_52	bin-4-52	bin_4_52_02701	cds	contig_80	19669	0.4240	6415	6933	-	6414	172		DUF4426 domain-containing protein	no	group_4320	en_familia	23	1.0000	core	core	no	no	no
bin_4_52	bin-4-52	bin_4_52_02704	cds	contig_80	19669	0.4240	7688	8065	-	7687	125		N-acetyltransferase domain-containing protein	no	group_4267	en_familia	23	1.0000	core	core	no	no	no
bin_4_52	bin-4-52	bin_4_52_02705	cds	contig_80	19669	0.4240	8162	8755	+	8161	197	hisB	imidazoleglycerol-phosphate dehydratase HisB	no	hisB	en_familia	23	1.0000	core	core	no	no	no
bin_4_52	bin-4-52	bin_4_52_02706	cds	contig_80	19669	0.4240	8755	9372	+	8754	205	hisH	imidazole glycerol phosphate synthase subunit HisH	no	hisH	en_familia	23	1.0000	core	core	no	no	no
bin_4_52	bin-4-52	bin_4_52_02707	cds	contig_80	19669	0.4240	9506	10015	+	9505	169		DUF805 domain-containing protein	no	group_4255	en_familia	23	1.0000	core	core	no	no	no
bin_4_52	bin-4-52	bin_4_52_02708	cds	contig_80	19669	0.4240	10166	10792	+	8877	208		3'-5' exonuclease domain-containing protein	no	group_4952	en_familia	23	1.0000	core	core	no	no	no
bin_4_52	bin-4-52	bin_4_52_02709	cds	contig_80	19669	0.4240	11245	12015	+	7654	256		Bacterial collagen-like protein middle domain-containing protein	no	group_4211	en_familia	23	1.0000	core	core	no	no	no
bin_4_52	bin-4-52	bin_4_52_02710	cds	contig_80	19669	0.4240	12212	12934	+	6735	240	hisA	1-(5-phosphoribosyl)-5-[(5-phosphoribosylamino)methylideneamino]imidazole-4-carboxamide isomerase	no	hisA	en_familia	23	1.0000	core	core	no	no	no
bin_4_52	bin-4-52	bin_4_52_02711	cds	contig_80	19669	0.4240	13007	13933	+	5736	308	eamA	EamA domain-containing protein	no	group_3672	en_familia	23	1.0000	core	core	no	no	no
bin_4_52	bin-4-52	bin_4_52_02712	cds	contig_80	19669	0.4240	14015	14395	-	5274	126		FAD dependent oxidoreductase domain-containing protein	no	group_4672	en_familia	23	1.0000	core	core	no	no	no
bin_4_52	bin-4-52	bin_4_52_02713	cds	contig_80	19669	0.4240	14456	14848	-	4821	130		Transmembrane protein	no	group_5089	en_familia	23	1.0000	core	core	no	no	no
bin_4_52	bin-4-52	bin_4_52_02714	cds	contig_80	19669	0.4240	14874	15497	-	4172	207		Cold-shock domain-containing protein	no	group_4107	en_familia	23	1.0000	core	core	no	no	no
bin_4_52	bin-4-52	bin_4_52_02715	cds	contig_80	19669	0.4240	15515	16462	-	3207	315		homoserine kinase	no	group_890	en_familia	23	1.0000	core	core	no	no	no
bin_4_52	bin-4-52	bin_4_52_02716	cds	contig_80	19669	0.4240	16576	17334	+	2335	252	hisF	Imidazole glycerol phosphate synthase subunit HisF	no	hisF	en_familia	23	1.0000	core	core	no	no	no
bin_4_52	bin-4-52	bin_4_52_02717	cds	contig_80	19669	0.4240	17678	18283	-	1386	201		Fatty acid hydroxylase domain-containing protein	no	group_4203	en_familia	23	1.0000	core	core	no	no	no
bin_4_52	bin-4-52	bin_4_52_02718	cds	contig_80	19669	0.4240	18385	19452	+	217	355		HTH araC/xylS-type domain-containing protein	no	virS	en_familia	23	1.0000	core	core	no	no	no
bin_4_52	bin-4-52	bin_4_52_02719	cds	contig_80	19669	0.4240	19488	19625	-	44	45		IS4 family transposase	no	group_6353	en_familia	2	0.0870	cloud	cloud	si	si	no
bin_4_52	bin-4-52	bin_4_52_02720	cds	contig_81	83837	0.4355	142	483	-	141	113		KAP NTPase domain-containing protein	no	group_4917	en_familia	2	0.0870	cloud	cloud	si	si	no
bin_4_52	bin-4-52	bin_4_52_02723	cds	contig_81	83837	0.4355	1138	1326	-	1137	62	yfhL	YfhL family 4Fe-4S dicluster ferredoxin	no	group_5338	en_familia	23	1.0000	core	core	no	no	no
bin_4_52	bin-4-52	bin_4_52_02724	cds	contig_81	83837	0.4355	1403	1894	-	1402	163	coaD	pantetheine-phosphate adenylyltransferase	no	coaD	en_familia	23	1.0000	core	core	no	no	no
bin_4_52	bin-4-52	bin_4_52_02725	cds	contig_81	83837	0.4355	2034	2513	+	2033	159	smpB	SsrA-binding protein SmpB	no	smpB	en_familia	23	1.0000	core	core	no	no	no
bin_4_52	bin-4-52	bin_4_52_02726	cds	contig_81	83837	0.4355	2573	3133	-	2572	186		Flavodoxin-like domain-containing protein	no	group_5171	en_familia	23	1.0000	core	core	no	no	no
bin_4_52	bin-4-52	bin_4_52_02727	cds	contig_81	83837	0.4355	3174	3914	-	3173	246	pgeF	peptidoglycan editing factor PgeF	no	pgeF	en_familia	23	1.0000	core	core	no	no	no
bin_4_52	bin-4-52	bin_4_52_02728	cds	contig_81	83837	0.4355	3955	5007	-	3954	350	rluD	23S rRNA pseudouridine(1911/1915/1917) synthase RluD	no	rluD	en_familia	23	1.0000	core	core	no	no	no
bin_4_52	bin-4-52	bin_4_52_02729	cds	contig_81	83837	0.4355	5079	6068	+	5078	329	bamD	Outer membrane protein assembly factor BamD	no	bamD	en_familia	23	1.0000	core	core	no	no	no
bin_4_52	bin-4-52	bin_4_52_02730	cds	contig_81	83837	0.4355	6259	8163	+	6258	634		DNA primase	no	group_4086	en_familia	23	1.0000	core	core	no	no	no
bin_4_52	bin-4-52	bin_4_52_02731	cds	contig_81	83837	0.4355	8229	9512	-	8228	427	hemA	glutamyl-tRNA reductase	no	hemA	en_familia	23	1.0000	core	core	no	no	no
bin_4_52	bin-4-52	bin_4_52_02732	cds	contig_81	83837	0.4355	9592	11304	+	9591	570		Tetratricopeptide repeat protein	no	group_4739	en_familia	23	1.0000	core	core	no	no	no
bin_4_52	bin-4-52	bin_4_52_02733	cds	contig_81	83837	0.4355	11312	11893	+	11311	193	lolB	lipoprotein insertase outer membrane protein LolB	no	lolB	en_familia	23	1.0000	core	core	no	no	no
bin_4_52	bin-4-52	bin_4_52_02738	cds	contig_81	83837	0.4355	13216	14169	+	13215	317	prsA	Ribose-phosphate pyrophosphokinase	no	prsA	en_familia	23	1.0000	core	core	no	no	no
bin_4_52	bin-4-52	bin_4_52_02739	cds	contig_81	83837	0.4355	14270	14566	+	14269	98	rplY	50S ribosomal protein L25	no	rplY	en_familia	23	1.0000	core	core	no	no	no
bin_4_52	bin-4-52	bin_4_52_02740	cds	contig_81	83837	0.4355	14586	15167	+	14585	193	pth	aminoacyl-tRNA hydrolase	no	pth	en_familia	23	1.0000	core	core	no	no	no
bin_4_52	bin-4-52	bin_4_52_02741	cds	contig_81	83837	0.4355	15313	15693	+	15312	126	panD	aspartate 1-decarboxylase	no	panD	en_familia	23	1.0000	core	core	no	no	no
bin_4_52	bin-4-52	bin_4_52_02742	cds	contig_81	83837	0.4355	15766	16350	-	15765	194		GDYXXLXY protein	no	group_4381	en_familia	23	1.0000	core	core	no	no	no
bin_4_52	bin-4-52	bin_4_52_02743	cds	contig_81	83837	0.4355	16347	18152	-	16346	601		DUF2157 domain-containing protein	no	group_4527	en_familia	23	1.0000	core	core	no	no	no
bin_4_52	bin-4-52	bin_4_52_02744	cds	contig_81	83837	0.4355	18584	19243	+	18583	219		3,4-dihydroxy-2-butanone 4-phosphate synthase	no	ribB	en_familia	23	1.0000	core	core	no	no	no
bin_4_52	bin-4-52	bin_4_52_02745	cds	contig_81	83837	0.4355	19309	19920	-	19308	203		Amino acid transporter	no	group_1500	en_familia	23	1.0000	core	core	no	no	no
bin_4_52	bin-4-52	bin_4_52_02746	cds	contig_81	83837	0.4355	19965	20453	-	19964	162		DUF1289 domain-containing protein	no	group_1801	en_familia	23	1.0000	core	core	no	no	no
bin_4_52	bin-4-52	bin_4_52_02747	cds	contig_81	83837	0.4355	20642	21574	+	20641	310	trhO	rhodanese-related sulfurtransferase	no	trhO	en_familia	23	1.0000	core	core	no	no	no
bin_4_52	bin-4-52	bin_4_52_02748	cds	contig_81	83837	0.4355	21867	22058	+	21866	63		hypothetical protein	no	group_3450	en_familia	23	1.0000	core	core	no	no	no
bin_4_52	bin-4-52	bin_4_52_02749	cds	contig_81	83837	0.4355	22143	22760	+	22142	205		VTT domain-containing protein	no	group_4562	en_familia	23	1.0000	core	core	no	no	no
bin_4_52	bin-4-52	bin_4_52_02750	cds	contig_81	83837	0.4355	22791	23213	+	22790	140		DUF4405 domain-containing protein	no	group_4987	en_familia	23	1.0000	core	core	no	no	no
bin_4_52	bin-4-52	bin_4_52_02751	cds	contig_81	83837	0.4355	23399	23839	+	23398	146		MotA/TolQ/ExbB proton channel domain-containing protein	no	group_4309	en_familia	23	1.0000	core	core	no	no	no
bin_4_52	bin-4-52	bin_4_52_02752	cds	contig_81	83837	0.4355	23917	24441	-	23916	174	yecA	YecA family protein	no	yecA	en_familia	23	1.0000	core	core	no	no	no
bin_4_52	bin-4-52	bin_4_52_02753	cds	contig_81	83837	0.4355	24514	24720	-	24513	68		Acidic transcription factor A	no	group_2823	en_familia	23	1.0000	core	core	no	no	no
bin_4_52	bin-4-52	bin_4_52_02754	cds	contig_81	83837	0.4355	25119	27005	+	25118	628	rpoD	RNA polymerase sigma factor RpoD	no	rpoD	en_familia	23	1.0000	core	core	no	no	no
bin_4_52	bin-4-52	bin_4_52_02755	cds	contig_81	83837	0.4355	27116	27403	+	27115	95		DUF493 domain-containing protein	no	group_3786	en_familia	23	1.0000	core	core	no	no	no
bin_4_52	bin-4-52	bin_4_52_02756	cds	contig_81	83837	0.4355	27558	28217	+	27557	219	lipB	lipoyl(octanoyl) transferase LipB	no	lipB	en_familia	23	1.0000	core	core	no	no	no
bin_4_52	bin-4-52	bin_4_52_02757	cds	contig_81	83837	0.4355	28293	28826	+	28292	177		SCP2 domain-containing protein	no	group_1658	en_familia	23	1.0000	core	core	no	no	no
bin_4_52	bin-4-52	bin_4_52_02758	cds	contig_81	83837	0.4355	28828	30012	+	28827	394	gldA	Alcohol dehydrogenase iron-type/glycerol dehydrogenase GldA domain-containing protein	no	gldA	en_familia	23	1.0000	core	core	no	no	no
bin_4_52	bin-4-52	bin_4_52_02759	cds	contig_81	83837	0.4355	29995	30129	-	29994	44		Response regulatory domain-containing protein	no	group_2993	en_familia	6	0.2609	shell	shell	si	no	no
bin_4_52	bin-4-52	bin_4_52_02760	cds	contig_81	83837	0.4355	30282	31673	+	30281	463		Amino acid permease/ SLC12A domain-containing protein	no	group_4479	en_familia	23	1.0000	core	core	no	no	no
bin_4_52	bin-4-52	bin_4_52_02761	cds	contig_81	83837	0.4355	31755	32186	-	31754	143		Lipoprotein	no	group_4342	en_familia	23	1.0000	core	core	no	no	no
bin_4_52	bin-4-52	bin_4_52_02762	cds	contig_81	83837	0.4355	32318	32794	-	32317	158		tRNA (cytidine(34)-2'-O)-methyltransferase	no	group_1854	en_familia	23	1.0000	core	core	no	no	no
bin_4_52	bin-4-52	bin_4_52_02763	cds	contig_81	83837	0.4355	32830	34203	-	32829	457	cysG	siroheme synthase CysG	no	cysG	en_familia	23	1.0000	core	core	no	no	no
bin_4_52	bin-4-52	bin_4_52_02764	cds	contig_81	83837	0.4355	34277	35548	-	34276	423	serS	serine--tRNA ligase	no	serS	en_familia	23	1.0000	core	core	no	no	no
bin_4_52	bin-4-52	bin_4_52_02765	cds	contig_81	83837	0.4355	35649	36404	-	35648	251		DUF3298 domain-containing protein	no	group_3932	en_familia	23	1.0000	core	core	no	no	no
bin_4_52	bin-4-52	bin_4_52_02766	cds	contig_81	83837	0.4355	36578	37270	-	36577	230	lolA	outer membrane lipoprotein chaperone LolA	no	lolA	en_familia	23	1.0000	core	core	no	no	no
bin_4_52	bin-4-52	bin_4_52_02767	cds	contig_81	83837	0.4355	37511	37765	-	37510	84	rpmA	50S ribosomal protein L27	no	rpmA	en_familia	23	1.0000	core	core	no	no	no
bin_4_52	bin-4-52	bin_4_52_02768	cds	contig_81	83837	0.4355	37785	38096	-	37784	103	rplU	50S ribosomal protein L21	no	rplU	en_familia	23	1.0000	core	core	no	no	no
bin_4_52	bin-4-52	bin_4_52_02769	cds	contig_81	83837	0.4355	38553	39530	+	38552	325		Polyprenyl synthetase family protein	no	group_3768	en_familia	23	1.0000	core	core	no	no	no
bin_4_52	bin-4-52	bin_4_52_02770	cds	contig_81	83837	0.4355	39546	41588	+	39545	680		Recombinase	no	group_4524	en_familia	23	1.0000	core	core	no	no	no
bin_4_52	bin-4-52	bin_4_52_02771	cds	contig_81	83837	0.4355	42352	43620	+	40217	422		Efflux RND transporter periplasmic adaptor subunit	no	group_5103	en_familia	23	1.0000	core	core	no	no	no
bin_4_52	bin-4-52	bin_4_52_02772	cds	contig_81	83837	0.4355	43633	46812	+	37025	1059		Efflux pump membrane transporter	no	group_4695	en_familia	23	1.0000	core	core	no	no	no
bin_4_52	bin-4-52	bin_4_52_02773	cds	contig_81	83837	0.4355	46812	48269	+	35568	485	adeK	multidrug efflux RND transporter AdeIJK outer membrane channel subunit AdeK	no	adeK	en_familia	23	1.0000	core	core	no	no	no
bin_4_52	bin-4-52	bin_4_52_02774	cds	contig_81	83837	0.4355	48373	48729	+	35108	118		UPF0145 protein GW12_07110	no	group_4694	en_familia	23	1.0000	core	core	no	no	no
bin_4_52	bin-4-52	bin_4_52_02775	cds	contig_81	83837	0.4355	48733	49170	+	34667	145		Metal-binding protein	no	group_5102	en_familia	23	1.0000	core	core	no	no	no
bin_4_52	bin-4-52	bin_4_52_02776	cds	contig_81	83837	0.4355	49180	49656	-	34181	158	def	peptide deformylase	no	group_4991	en_familia	23	1.0000	core	core	no	no	no
bin_4_52	bin-4-52	bin_4_52_02777	cds	contig_81	83837	0.4355	49990	51270	+	32567	426		Major facilitator superfamily (MFS) profile domain-containing protein	no	group_5211	en_familia	23	1.0000	core	core	no	no	no
bin_4_52	bin-4-52	bin_4_52_02778	cds	contig_81	83837	0.4355	51334	51831	-	32006	165		DUF2505 domain-containing protein	no	group_5292	en_familia	23	1.0000	core	core	no	no	no
bin_4_52	bin-4-52	bin_4_52_02779	cds	contig_81	83837	0.4355	51998	52270	-	31567	90		DUF4440 domain-containing protein	no	group_4323	en_familia	19	0.8261	shell	shell	si	no	no
bin_4_52	bin-4-52	bin_4_52_02780	cds	contig_81	83837	0.4355	52579	52809	+	31028	76		Insertion element IS402-like domain-containing protein	no	group_5688	en_familia	15	0.6522	shell	shell	si	no	no
bin_4_52	bin-4-52	bin_4_52_02781	cds	contig_81	83837	0.4355	52823	53329	+	30508	168		IS5 family transposase	no	group_5688	en_familia	15	0.6522	shell	shell	si	no	no
bin_4_52	bin-4-52	bin_4_52_02782	cds	contig_81	83837	0.4355	53339	53830	-	30007	163		hypothetical protein	no	group_4526	en_familia	19	0.8261	shell	shell	si	no	no
bin_4_52	bin-4-52	bin_4_52_02783	cds	contig_81	83837	0.4355	54241	54708	+	29129	155		N-acetyltransferase domain-containing protein	no	group_3368	en_familia	18	0.7826	shell	shell	si	no	no
bin_4_52	bin-4-52	bin_4_52_02784	cds	contig_81	83837	0.4355	54709	56556	-	27281	615		diguanylate cyclase	no	group_4749	en_familia	23	1.0000	core	core	no	no	no
bin_4_52	bin-4-52	bin_4_52_02785	cds	contig_81	83837	0.4355	56730	57068	-	26769	112		Peptidyl-prolyl cis-trans isomerase	no	group_3794	en_familia	23	1.0000	core	core	no	no	no
bin_4_52	bin-4-52	bin_4_52_02786	cds	contig_81	83837	0.4355	57148	57771	-	26066	207		MgtC/SapB family protein	no	group_4750	en_familia	23	1.0000	core	core	no	no	no
bin_4_52	bin-4-52	bin_4_52_02787	cds	contig_81	83837	0.4355	57859	58389	-	25448	176	yaeQ	YaeQ family protein	no	yaeQ	en_familia	23	1.0000	core	core	no	no	no
bin_4_52	bin-4-52	bin_4_52_02788	cds	contig_81	83837	0.4355	58471	59493	-	24344	340		CobW/HypB/UreG nucleotide-binding domain-containing protein	no	group_4970	en_familia	23	1.0000	core	core	no	no	no
bin_4_52	bin-4-52	bin_4_52_02789	cds	contig_81	83837	0.4355	59892	60128	+	23709	78		hypothetical protein	no	group_5199	en_familia	23	1.0000	core	core	no	no	no
bin_4_52	bin-4-52	bin_4_52_02790	cds	contig_81	83837	0.4355	60495	61235	+	22602	246		(pseudo) bifunctional 3-(3-hydroxy-phenyl)propionate/3-hydroxycinnamic acid hydroxylase	si	group_4768	en_familia	23	1.0000	core	core	no	no	no
bin_4_52	bin-4-52	bin_4_52_02791	cds	contig_81	83837	0.4355	61239	61856	+	21981	205		(pseudo) FAD-binding domain-containing protein	si	group_4768	en_familia	23	1.0000	core	core	no	no	no
bin_4_52	bin-4-52	bin_4_52_02792	cds	contig_81	83837	0.4355	62174	62791	-	21046	205		GST N-terminal domain-containing protein	no	group_3830	en_familia	23	1.0000	core	core	no	no	no
bin_4_52	bin-4-52	bin_4_52_02793	cds	contig_81	83837	0.4355	62921	63814	-	20023	297		HTH lysR-type domain-containing protein	no	group_4769	en_familia	23	1.0000	core	core	no	no	no
bin_4_52	bin-4-52	bin_4_52_02794	cds	contig_81	83837	0.4355	63828	64778	-	19059	316		Major facilitator superfamily (MFS) profile domain-containing protein	no	group_4595	en_familia	23	1.0000	core	core	no	no	no
bin_4_52	bin-4-52	bin_4_52_02795	cds	contig_81	83837	0.4355	64815	65015	-	18822	66		(pseudo) MFS transporter	si	group_4595	en_familia	23	1.0000	core	core	no	no	no
bin_4_52	bin-4-52	bin_4_52_02796	cds	contig_81	83837	0.4355	65047	65619	-	18218	190		HTH tetR-type domain-containing protein	no	group_3988	en_familia	23	1.0000	core	core	no	no	no
bin_4_52	bin-4-52	bin_4_52_02797	cds	contig_81	83837	0.4355	65743	66264	-	17573	173		Acyl-CoA thioester hydrolase	no	group_1699	en_familia	23	1.0000	core	core	no	no	no
bin_4_52	bin-4-52	bin_4_52_02798	cds	contig_81	83837	0.4355	66561	66737	-	17100	58		hypothetical protein	no	group_3438	en_familia	22	0.9565	core	core	no	no	no
bin_4_52	bin-4-52	bin_4_52_02799	cds	contig_81	83837	0.4355	67082	68080	-	15757	332		PNPLA domain-containing protein	no	group_812	en_familia	23	1.0000	core	core	no	no	no
bin_4_52	bin-4-52	bin_4_52_02800	cds	contig_81	83837	0.4355	68203	69411	+	14426	402		Chromate ion transporter (CHR) family chromate transporter	no	group_3850	en_familia	23	1.0000	core	core	no	no	no
bin_4_52	bin-4-52	bin_4_52_02801	cds	contig_81	83837	0.4355	69464	70939	-	12898	491		Amino acid carrier protein	no	group_297	en_familia	23	1.0000	core	core	no	no	no
bin_4_52	bin-4-52	bin_4_52_02802	cds	contig_81	83837	0.4355	70995	72233	-	11604	412	gltS	sodium/glutamate symporter	no	gltS	en_familia	23	1.0000	core	core	no	no	no
bin_4_52	bin-4-52	bin_4_52_02803	cds	contig_81	83837	0.4355	73124	73831	+	10006	235		Nitroreductase domain-containing protein	no	group_3951	en_familia	23	1.0000	core	core	no	no	no
bin_4_52	bin-4-52	bin_4_52_02804	cds	contig_81	83837	0.4355	73880	75088	-	8749	402		Bcr/CflA family efflux transporter	no	group_3754	en_familia	23	1.0000	core	core	no	no	no
bin_4_52	bin-4-52	bin_4_52_02805	cds	contig_81	83837	0.4355	75239	77413	+	6424	724		TIGR01666 family membrane protein	no	group_120	en_familia	23	1.0000	core	core	no	no	no
bin_4_52	bin-4-52	bin_4_52_02806	cds	contig_81	83837	0.4355	77499	78059	+	5778	186	ycxB	YcxB family protein	no	ycxB	en_familia	23	1.0000	core	core	no	no	no
bin_4_52	bin-4-52	bin_4_52_02807	cds	contig_81	83837	0.4355	78227	80863	+	2974	878		Flavodoxin-like domain-containing protein	no	group_4284	en_familia	23	1.0000	core	core	no	no	no
bin_4_52	bin-4-52	bin_4_52_02808	cds	contig_81	83837	0.4355	80962	81744	+	2093	260		DUF218 domain-containing protein	no	group_3516	en_familia	23	1.0000	core	core	no	no	no
bin_4_52	bin-4-52	bin_4_52_02809	cds	contig_81	83837	0.4355	81770	82237	-	1600	155		DUF2750 domain-containing protein	no	group_1882	en_familia	23	1.0000	core	core	no	no	no
bin_4_52	bin-4-52	bin_4_52_02816	cds	contig_81	83837	0.4355	83328	83486	+	351	52		hypothetical protein	no	group_6311	en_familia	1	0.0435	cloud	cloud	si	si	no
bin_4_52	bin-4-52	bin_4_52_02817	cds	contig_81	83837	0.4355	83413	83781	-	56	122		IS30 family transposase	no	group_6371	en_familia	5	0.2174	shell	shell	si	no	no
bin_4_52	bin-4-52	bin_4_52_02818	cds	contig_82	9919	0.3772	86	457	+	85	123		hypothetical protein	no	group_5635	en_familia	15	0.6522	shell	shell	si	no	no
bin_4_52	bin-4-52	bin_4_52_02819	cds	contig_82	9919	0.3772	525	1061	+	524	178		DNA-binding protein	no	group_5240	en_familia	9	0.3913	shell	shell	si	no	no
bin_4_52	bin-4-52	bin_4_52_02820	cds	contig_82	9919	0.3772	1344	2798	-	1343	484		STAS domain-containing protein	no	sulP	en_familia	5	0.2174	shell	shell	si	no	no
bin_4_52	bin-4-52	bin_4_52_02821	cds	contig_82	9919	0.3772	3050	3259	-	3049	69	recX	Regulatory protein RecX	no	group_2817	en_familia	3	0.1304	cloud	cloud	si	si	no
bin_4_52	bin-4-52	bin_4_52_02822	cds	contig_82	9919	0.3772	3642	4022	+	3641	126	crcB	fluoride efflux transporter CrcB	no	group_2147	en_familia	3	0.1304	cloud	cloud	si	si	no
bin_4_52	bin-4-52	bin_4_52_02823	cds	contig_82	9919	0.3772	4049	4573	+	4048	174	ppa	inorganic diphosphatase	no	group_1695	en_familia	3	0.1304	cloud	cloud	si	si	no
bin_4_52	bin-4-52	bin_4_52_02824	cds	contig_82	9919	0.3772	5215	5523	+	4396	102		ADP-ribosyl-(Dinitrogen reductase) hydrolase	no	group_2418	en_familia	2	0.0870	cloud	cloud	si	si	no
bin_4_52	bin-4-52	bin_4_52_02825	cds	contig_82	9919	0.3772	5624	6004	+	3915	126	copG	Ribbon-helix-helix protein CopG domain-containing protein	no	group_2146	en_familia	2	0.0870	cloud	cloud	si	si	no
bin_4_52	bin-4-52	bin_4_52_02826	cds	contig_82	9919	0.3772	6116	6400	+	3519	94		Polymer-forming cytoskeletal protein	no	group_2516	en_familia	2	0.0870	cloud	cloud	si	si	no
bin_4_52	bin-4-52	bin_4_52_02827	cds	contig_82	9919	0.3772	6468	6899	-	3020	143		GIY-YIG domain-containing protein	no	group_3689	en_familia	6	0.2609	shell	shell	si	no	no
bin_4_52	bin-4-52	bin_4_52_02828	cds	contig_82	9919	0.3772	6917	7222	-	2697	101		Mobilization protein	no	group_5621	en_familia	11	0.4783	shell	shell	si	no	no
bin_4_52	bin-4-52	bin_4_52_02829	cds	contig_82	9919	0.3772	7393	8829	+	1090	478		MobA/MobL protein domain-containing protein	no	group_5628	en_familia	16	0.6957	shell	shell	si	no	no
bin_4_52	bin-4-52	bin_4_52_02830	cds	contig_83	17424	0.3717	173	1036	-	172	287		Transglycosylase SLT domain-containing protein	no	group_4183	en_familia	1	0.0435	cloud	cloud	si	si	no
bin_4_52	bin-4-52	bin_4_52_02831	cds	contig_83	17424	0.3717	1038	1844	-	1037	268		DUF983 domain-containing protein	no	group_1130	en_familia	1	0.0435	cloud	cloud	si	si	no
bin_4_52	bin-4-52	bin_4_52_02832	cds	contig_83	17424	0.3717	1904	2326	+	1903	140		Lipoprotein	no	group_2030	en_familia	1	0.0435	cloud	cloud	si	si	no
bin_4_52	bin-4-52	bin_4_52_02833	cds	contig_83	17424	0.3717	2377	2946	+	2376	189		Phosphodiester glycosidase domain-containing protein	no	group_1577	en_familia	1	0.0435	cloud	cloud	si	si	no
bin_4_52	bin-4-52	bin_4_52_02834	cds	contig_83	17424	0.3717	2981	3721	+	2980	246		Solute-binding protein family 3/N-terminal domain-containing protein	no	group_1247	en_familia	1	0.0435	cloud	cloud	si	si	no
bin_4_52	bin-4-52	bin_4_52_02835	cds	contig_83	17424	0.3717	3839	4585	+	3838	248		hypothetical protein	no	group_1232	en_familia	1	0.0435	cloud	cloud	si	si	no
bin_4_52	bin-4-52	bin_4_52_02836	cds	contig_83	17424	0.3717	4654	5445	-	4653	263	traX	Protein TraX	no	traX	en_familia	1	0.0435	cloud	cloud	si	si	no
bin_4_52	bin-4-52	bin_4_52_02837	cds	contig_83	17424	0.3717	5421	6071	-	5420	216		Phage protein	no	group_1414	en_familia	1	0.0435	cloud	cloud	si	si	no
bin_4_52	bin-4-52	bin_4_52_02838	cds	contig_83	17424	0.3717	6228	7112	+	6227	294		DUF4422 domain-containing protein	no	group_3621	en_familia	1	0.0435	cloud	cloud	si	si	no
bin_4_52	bin-4-52	bin_4_52_02839	cds	contig_83	17424	0.3717	7559	9226	-	7558	555		Helicase ATP-binding domain-containing protein	no	group_3654	en_familia	1	0.0435	cloud	cloud	si	si	no
bin_4_52	bin-4-52	bin_4_52_02840	cds	contig_83	17424	0.3717	9226	9594	-	7830	122		DUF4143 domain-containing protein	no	group_2192	en_familia	1	0.0435	cloud	cloud	si	si	no
bin_4_52	bin-4-52	bin_4_52_02841	cds	contig_83	17424	0.3717	9591	10775	-	6649	394		SprT-like domain-containing protein	no	group_3492	en_familia	1	0.0435	cloud	cloud	si	si	no
bin_4_52	bin-4-52	bin_4_52_02842	cds	contig_83	17424	0.3717	11179	11823	+	5601	214		CRISPR-associated protein cas6/cse3/case, subtype I-e	no	group_1433	en_familia	1	0.0435	cloud	cloud	si	si	no
bin_4_52	bin-4-52	bin_4_52_02843	cds	contig_83	17424	0.3717	11900	12982	+	4442	360		hypothetical protein	no	group_693	en_familia	1	0.0435	cloud	cloud	si	si	no
bin_4_52	bin-4-52	bin_4_52_02844	cds	contig_83	17424	0.3717	13156	13344	-	4080	62		Transposase	no	group_2883	en_familia	1	0.0435	cloud	cloud	si	si	no
bin_4_52	bin-4-52	bin_4_52_02845	cds	contig_83	17424	0.3717	13505	13849	+	3575	114		hypothetical protein	no	group_2276	en_familia	1	0.0435	cloud	cloud	si	si	no
bin_4_52	bin-4-52	bin_4_52_02846	cds	contig_83	17424	0.3717	13849	14118	+	3306	89		MYM-type domain-containing protein	no	group_2569	en_familia	1	0.0435	cloud	cloud	si	si	no
bin_4_52	bin-4-52	bin_4_52_02847	cds	contig_83	17424	0.3717	14198	14524	-	2900	108		DNA-binding protein H-NS-like C-terminal domain-containing protein	no	group_2345	en_familia	1	0.0435	cloud	cloud	si	si	no
bin_4_52	bin-4-52	bin_4_52_02848	cds	contig_83	17424	0.3717	14987	16942	-	482	651		Metallo-beta-lactamase domain-containing protein	no	group_156	en_familia	8	0.3478	shell	shell	si	no	no
bin_4_52	bin-4-52	bin_4_52_02849	cds	contig_83	17424	0.3717	17024	17254	-	170	76		Integrase catalytic domain-containing protein	no	group_5599	en_familia	10	0.4348	shell	shell	si	no	no
bin_4_52	bin-4-52	bin_4_52_02850	cds	contig_84	68294	0.4205	127	561	+	126	144		hypothetical protein	no	group_3437	en_familia	6	0.2609	shell	shell	si	no	no
bin_4_52	bin-4-52	bin_4_52_02851	cds	contig_84	68294	0.4205	592	1599	-	591	335	ruvB	Holliday junction branch migration DNA helicase RuvB	no	ruvB	en_familia	23	1.0000	core	core	no	no	no
bin_4_52	bin-4-52	bin_4_52_02852	cds	contig_84	68294	0.4205	1844	2446	-	1843	200	ruvA	Holliday junction branch migration protein RuvA	no	ruvA	en_familia	23	1.0000	core	core	no	no	no
bin_4_52	bin-4-52	bin_4_52_02853	cds	contig_84	68294	0.4205	2564	3904	-	2563	446		deoxyguanosinetriphosphate triphosphohydrolase	no	group_375	en_familia	23	1.0000	core	core	no	no	no
bin_4_52	bin-4-52	bin_4_52_02854	cds	contig_84	68294	0.4205	4409	8242	+	4408	1277	purL	phosphoribosylformylglycinamidine synthase	no	purL	en_familia	23	1.0000	core	core	no	no	no
bin_4_52	bin-4-52	bin_4_52_02855	cds	contig_84	68294	0.4205	8532	8765	+	8531	77		Four helix bundle protein	no	group_3590	en_familia	11	0.4783	shell	shell	si	no	no
bin_4_52	bin-4-52	bin_4_52_02856	cds	contig_84	68294	0.4205	9031	9156	+	9030	41		hypothetical protein	no	group_3339	en_familia	23	1.0000	core	core	no	no	no
bin_4_52	bin-4-52	bin_4_52_02857	cds	contig_84	68294	0.4205	9460	11202	-	9459	580		FAD-binding domain-containing protein	no	group_5073	en_familia	23	1.0000	core	core	no	no	no
bin_4_52	bin-4-52	bin_4_52_02858	cds	contig_84	68294	0.4205	11373	12254	+	11372	293		HTH lysR-type domain-containing protein	no	group_5308	en_familia	23	1.0000	core	core	no	no	no
bin_4_52	bin-4-52	bin_4_52_02859	cds	contig_84	68294	0.4205	12272	12589	+	12271	105		NGG1p interacting factor NIF3	no	group_5325	en_familia	23	1.0000	core	core	no	no	no
bin_4_52	bin-4-52	bin_4_52_02860	cds	contig_84	68294	0.4205	12737	14206	+	12736	489		hypothetical protein	no	group_5285	en_familia	23	1.0000	core	core	no	no	no
bin_4_52	bin-4-52	bin_4_52_02861	cds	contig_84	68294	0.4205	14447	15241	-	14446	264		Nitroreductase domain-containing protein	no	group_5183	en_familia	23	1.0000	core	core	no	no	no
bin_4_52	bin-4-52	bin_4_52_02862	cds	contig_84	68294	0.4205	15315	16115	-	15314	266		Enoyl-CoA hydratase	no	group_4933	en_familia	23	1.0000	core	core	no	no	no
bin_4_52	bin-4-52	bin_4_52_02863	cds	contig_84	68294	0.4205	16217	16786	+	16216	189		nicotinate-nicotinamide nucleotide adenylyltransferase	no	group_4187	en_familia	23	1.0000	core	core	no	no	no
bin_4_52	bin-4-52	bin_4_52_02864	cds	contig_84	68294	0.4205	16834	17394	+	16833	186		Lipid/polyisoprenoid-binding YceI-like domain-containing protein	no	group_4934	en_familia	20	0.8696	shell	shell	si	no	no
bin_4_52	bin-4-52	bin_4_52_02865	cds	contig_84	68294	0.4205	18019	18477	-	18018	152		thioredoxin-dependent peroxiredoxin	no	group_4961	en_familia	22	0.9565	core	core	no	no	no
bin_4_52	bin-4-52	bin_4_52_02866	cds	contig_84	68294	0.4205	18562	18969	-	18561	135		Membrane protein	no	group_4229	en_familia	22	0.9565	core	core	no	no	no
bin_4_52	bin-4-52	bin_4_52_02867	cds	contig_84	68294	0.4205	18986	19654	-	18985	222	queC	7-cyano-7-deazaguanine synthase QueC	no	queC	en_familia	22	0.9565	core	core	no	no	no
bin_4_52	bin-4-52	bin_4_52_02868	cds	contig_84	68294	0.4205	19685	20395	-	19684	236		7-carboxy-7-deazaguanine synthase	no	group_4171	en_familia	22	0.9565	core	core	no	no	no
bin_4_52	bin-4-52	bin_4_52_02869	cds	contig_84	68294	0.4205	20520	21341	-	20519	273	dapD	2,3,4,5-tetrahydropyridine-2,6-dicarboxylate N-succinyltransferase	no	dapD	en_familia	22	0.9565	core	core	no	no	no
bin_4_52	bin-4-52	bin_4_52_02870	cds	contig_84	68294	0.4205	21719	22417	+	21718	232	carO	ornithine uptake porin CarO	no	carO	en_familia	23	1.0000	core	core	no	no	no
bin_4_52	bin-4-52	bin_4_52_02871	cds	contig_84	68294	0.4205	22650	23573	-	22649	307		HTH lysR-type domain-containing protein	no	group_936	en_familia	23	1.0000	core	core	no	no	no
bin_4_52	bin-4-52	bin_4_52_02872	cds	contig_84	68294	0.4205	23627	24688	-	23626	353	cysA	CysA	no	cysA	en_familia	23	1.0000	core	core	no	no	no
bin_4_52	bin-4-52	bin_4_52_02873	cds	contig_84	68294	0.4205	24700	25593	-	24699	297	cysW	sulfate ABC transporter permease subunit CysW	no	cysW	en_familia	23	1.0000	core	core	no	no	no
bin_4_52	bin-4-52	bin_4_52_02874	cds	contig_84	68294	0.4205	25590	26423	-	25589	277	cysT	sulfate ABC transporter permease subunit CysT	no	cysT	en_familia	23	1.0000	core	core	no	no	no
bin_4_52	bin-4-52	bin_4_52_02875	cds	contig_84	68294	0.4205	26510	27115	-	26509	201		AB hydrolase-1 domain-containing protein	no	group_4072	en_familia	23	1.0000	core	core	no	no	no
bin_4_52	bin-4-52	bin_4_52_02876	cds	contig_84	68294	0.4205	27147	28160	-	27146	337		Sulfate ABC transporter substrate-binding protein	no	group_779	en_familia	23	1.0000	core	core	no	no	no
bin_4_52	bin-4-52	bin_4_52_02877	cds	contig_84	68294	0.4205	28338	29345	-	28337	335		Sulfate ABC transporter substrate-binding protein	no	group_4073	en_familia	23	1.0000	core	core	no	no	no
bin_4_52	bin-4-52	bin_4_52_02878	cds	contig_84	68294	0.4205	29506	30318	+	29505	270	pabC	aminodeoxychorismate lyase	no	pabC	en_familia	23	1.0000	core	core	no	no	no
bin_4_52	bin-4-52	bin_4_52_02879	cds	contig_84	68294	0.4205	30322	31374	+	30321	350		Endolytic murein transglycosylase	no	group_4874	en_familia	23	1.0000	core	core	no	no	no
bin_4_52	bin-4-52	bin_4_52_02880	cds	contig_84	68294	0.4205	31384	31989	+	31383	201	tmk	dTMP kinase	no	tmk	en_familia	23	1.0000	core	core	no	no	no
bin_4_52	bin-4-52	bin_4_52_02881	cds	contig_84	68294	0.4205	32059	32481	+	32058	140		Thioesterase domain-containing protein	no	group_4661	en_familia	23	1.0000	core	core	no	no	no
bin_4_52	bin-4-52	bin_4_52_02882	cds	contig_84	68294	0.4205	32880	34517	-	32879	545	nadB	L-aspartate oxidase	no	nadB	en_familia	23	1.0000	core	core	no	no	no
bin_4_52	bin-4-52	bin_4_52_02883	cds	contig_84	68294	0.4205	34752	36137	+	32157	461		PDZ domain-containing protein	no	group_343	en_familia	23	1.0000	core	core	no	no	no
bin_4_52	bin-4-52	bin_4_52_02884	cds	contig_84	68294	0.4205	36260	36715	+	31579	151		Thioesterase	no	group_3800	en_familia	23	1.0000	core	core	no	no	no
bin_4_52	bin-4-52	bin_4_52_02885	cds	contig_84	68294	0.4205	36950	38767	+	29527	605	lepA	translation elongation factor 4	no	lepA	en_familia	23	1.0000	core	core	no	no	no
bin_4_52	bin-4-52	bin_4_52_02886	cds	contig_84	68294	0.4205	38788	39615	+	28679	275	lepB	signal peptidase I	no	lepB	en_familia	23	1.0000	core	core	no	no	no
bin_4_52	bin-4-52	bin_4_52_02887	cds	contig_84	68294	0.4205	39643	40014	+	28280	123		DUF4845 domain-containing protein	no	group_2170	en_familia	23	1.0000	core	core	no	no	no
bin_4_52	bin-4-52	bin_4_52_02888	cds	contig_84	68294	0.4205	39986	40684	+	27610	232	rnc	ribonuclease III	no	rnc	en_familia	23	1.0000	core	core	no	no	no
bin_4_52	bin-4-52	bin_4_52_02889	cds	contig_84	68294	0.4205	40684	41712	+	26582	342	era	GTPase Era	no	era	en_familia	23	1.0000	core	core	no	no	no
bin_4_52	bin-4-52	bin_4_52_02890	cds	contig_84	68294	0.4205	41730	41927	+	26367	65		NF038104 family lipoprotein	no	group_4064	en_familia	23	1.0000	core	core	no	no	no
bin_4_52	bin-4-52	bin_4_52_02891	cds	contig_84	68294	0.4205	41939	42649	+	25645	236	recO	DNA repair protein RecO	no	recO	en_familia	23	1.0000	core	core	no	no	no
bin_4_52	bin-4-52	bin_4_52_02892	cds	contig_84	68294	0.4205	42663	43388	+	24906	241	pdxJ	pyridoxine 5'-phosphate synthase	no	pdxJ	en_familia	23	1.0000	core	core	no	no	no
bin_4_52	bin-4-52	bin_4_52_02893	cds	contig_84	68294	0.4205	43401	44054	+	24240	217		tRNA-(Ms[2]io[6]A)-hydroxylase	no	group_4584	en_familia	23	1.0000	core	core	no	no	no
bin_4_52	bin-4-52	bin_4_52_02895	cds	contig_84	68294	0.4205	44719	45162	+	23132	147		DUF2169 domain-containing protein	no	group_5064	en_familia	23	1.0000	core	core	no	no	no
bin_4_52	bin-4-52	bin_4_52_02896	cds	contig_84	68294	0.4205	45185	45616	-	22678	143		Thioesterase domain-containing protein	no	group_4585	en_familia	23	1.0000	core	core	no	no	no
bin_4_52	bin-4-52	bin_4_52_02897	cds	contig_84	68294	0.4205	45771	46136	+	22158	121		hypothetical protein	no	group_3953	en_familia	23	1.0000	core	core	no	no	no
bin_4_52	bin-4-52	bin_4_52_02898	cds	contig_84	68294	0.4205	46288	47523	-	20771	411	aspB	Aminotransferase	no	group_487	en_familia	23	1.0000	core	core	no	no	no
bin_4_52	bin-4-52	bin_4_52_02899	cds	contig_84	68294	0.4205	47778	48605	-	19689	275	map	type I methionyl aminopeptidase	no	map	en_familia	23	1.0000	core	core	no	no	no
bin_4_52	bin-4-52	bin_4_52_02901	cds	contig_84	68294	0.4205	48814	49560	+	18734	248	rpsB	30S ribosomal protein S2	no	rpsB	en_familia	23	1.0000	core	core	no	no	no
bin_4_52	bin-4-52	bin_4_52_02902	cds	contig_84	68294	0.4205	49702	50580	+	17714	292	tsf	translation elongation factor Ts	no	tsf	en_familia	23	1.0000	core	core	no	no	no
bin_4_52	bin-4-52	bin_4_52_02903	cds	contig_84	68294	0.4205	50663	51181	+	17113	172		DUF3465 domain-containing protein	no	group_4353	en_familia	23	1.0000	core	core	no	no	no
bin_4_52	bin-4-52	bin_4_52_02904	cds	contig_84	68294	0.4205	51215	51670	-	16624	151		DUF962 domain-containing protein	no	group_1930	en_familia	23	1.0000	core	core	no	no	no
bin_4_52	bin-4-52	bin_4_52_02905	cds	contig_84	68294	0.4205	51901	52512	-	15782	203	rlpA	Endolytic peptidoglycan transglycosylase RlpA	no	rlpA	en_familia	23	1.0000	core	core	no	no	no
bin_4_52	bin-4-52	bin_4_52_02906	cds	contig_84	68294	0.4205	52801	53802	-	14492	333	mltB	lytic murein transglycosylase B	no	mltB	en_familia	23	1.0000	core	core	no	no	no
bin_4_52	bin-4-52	bin_4_52_02907	cds	contig_84	68294	0.4205	54098	54748	-	13546	216	esvE2	EsvE2	no	esvE2	en_familia	23	1.0000	core	core	no	no	no
bin_4_52	bin-4-52	bin_4_52_02908	cds	contig_84	68294	0.4205	54768	55583	-	12711	271	queF	NADPH-dependent 7-cyano-7-deazaguanine reductase QueF	no	queF	en_familia	23	1.0000	core	core	no	no	no
bin_4_52	bin-4-52	bin_4_52_02909	cds	contig_84	68294	0.4205	55583	56356	-	11938	257		Transport permease protein	no	group_1175	en_familia	23	1.0000	core	core	no	no	no
bin_4_52	bin-4-52	bin_4_52_02910	cds	contig_84	68294	0.4205	56353	57288	-	11006	311		ABC transporter domain-containing protein	no	group_915	en_familia	23	1.0000	core	core	no	no	no
bin_4_52	bin-4-52	bin_4_52_02912	cds	contig_84	68294	0.4205	57832	58764	+	9530	310		HTH lysR-type domain-containing protein	no	group_921	en_familia	7	0.3043	shell	shell	si	no	no
bin_4_52	bin-4-52	bin_4_52_02913	cds	contig_84	68294	0.4205	58864	60258	+	8036	464	tcuA	FAD-dependent tricarballylate dehydrogenase TcuA	no	tcuA	en_familia	7	0.3043	shell	shell	si	no	no
bin_4_52	bin-4-52	bin_4_52_02914	cds	contig_84	68294	0.4205	60262	61407	+	6887	381	tcuB	tricarballylate utilization 4Fe-4S protein TcuB	no	tcuB	en_familia	7	0.3043	shell	shell	si	no	no
bin_4_52	bin-4-52	bin_4_52_02915	cds	contig_84	68294	0.4205	61504	62496	+	5798	330		Tricarboxylic transport membrane protein	no	group_4797	en_familia	7	0.3043	shell	shell	si	no	no
bin_4_52	bin-4-52	bin_4_52_02916	cds	contig_84	68294	0.4205	62553	62996	+	5298	147		DUF1468 domain-containing protein	no	tctB	en_familia	7	0.3043	shell	shell	si	no	no
bin_4_52	bin-4-52	bin_4_52_02917	cds	contig_84	68294	0.4205	63010	64509	+	3785	499		DUF112 domain-containing protein	no	tctA	en_familia	7	0.3043	shell	shell	si	no	no
bin_4_52	bin-4-52	bin_4_52_02918	cds	contig_84	68294	0.4205	64571	65611	+	2683	346	abrB	AbrB family transcriptional regulator	no	abrB	en_familia	7	0.3043	shell	shell	si	no	no
bin_4_52	bin-4-52	bin_4_52_02919	cds	contig_84	68294	0.4205	65626	66564	+	1730	312		DUF4116 domain-containing protein	no	group_5162	en_familia	7	0.3043	shell	shell	si	no	no
bin_4_52	bin-4-52	bin_4_52_02920	cds	contig_84	68294	0.4205	66625	67836	+	458	403		Porin domain-containing protein	no	group_4873	en_familia	8	0.3478	shell	shell	si	no	no
bin_4_52	bin-4-52	bin_4_52_02921	cds	contig_84	68294	0.4205	68019	68177	+	117	52		Transposase	no	group_5033	en_familia	6	0.2609	shell	shell	si	no	no
bin_4_52	bin-4-52	bin_4_52_02922	cds	contig_85	34105	0.4178	379	2436	-	378	685	metG	methionine--tRNA ligase	no	metG	en_familia	23	1.0000	core	core	no	no	no
bin_4_52	bin-4-52	bin_4_52_02923	cds	contig_85	34105	0.4178	2621	3424	+	2620	267		DUF4209 domain-containing protein	no	group_3764	en_familia	23	1.0000	core	core	no	no	no
bin_4_52	bin-4-52	bin_4_52_02924	cds	contig_85	34105	0.4178	3807	4559	+	3806	250		hypothetical protein	no	group_3931	en_familia	23	1.0000	core	core	no	no	no
bin_4_52	bin-4-52	bin_4_52_02925	cds	contig_85	34105	0.4178	4840	6123	+	4839	427	apbC	iron-sulfur cluster carrier protein ApbC	no	apbC	en_familia	23	1.0000	core	core	no	no	no
bin_4_52	bin-4-52	bin_4_52_02926	cds	contig_85	34105	0.4178	6563	7156	+	6562	197	matE	Multidrug transporter MatE	no	matE	en_familia	23	1.0000	core	core	no	no	no
bin_4_52	bin-4-52	bin_4_52_02927	cds	contig_85	34105	0.4178	7282	7851	+	7281	189	dcd	dCTP deaminase	no	dcd	en_familia	23	1.0000	core	core	no	no	no
bin_4_52	bin-4-52	bin_4_52_02928	cds	contig_85	34105	0.4178	8106	10244	+	8105	712		Phage tail protein	no	group_3480	en_familia	8	0.3478	shell	shell	si	no	no
bin_4_52	bin-4-52	bin_4_52_02929	cds	contig_85	34105	0.4178	10257	10964	+	10256	235		Signal peptide protein, YSIRK family	no	group_1308	en_familia	9	0.3913	shell	shell	si	no	no
bin_4_52	bin-4-52	bin_4_52_02930	cds	contig_85	34105	0.4178	10996	13230	+	10995	744		DUF6160 domain-containing protein	no	group_112	en_familia	9	0.3913	shell	shell	si	no	no
bin_4_52	bin-4-52	bin_4_52_02931	cds	contig_85	34105	0.4178	13253	14659	+	13252	468		hypothetical protein	no	group_4697	en_familia	23	1.0000	core	core	no	no	no
bin_4_52	bin-4-52	bin_4_52_02932	cds	contig_85	34105	0.4178	14714	16432	-	14713	572	proS	proline--tRNA ligase	no	proS	en_familia	23	1.0000	core	core	no	no	no
bin_4_52	bin-4-52	bin_4_52_02933	cds	contig_85	34105	0.4178	16530	19637	-	14468	1035		Efflux RND transporter permease subunit	no	group_4698	en_familia	23	1.0000	core	core	no	no	no
bin_4_52	bin-4-52	bin_4_52_02934	cds	contig_85	34105	0.4178	19659	20792	-	13313	377		Membrane fusion protein biotin-lipoyl like domain-containing protein	no	group_3707	en_familia	23	1.0000	core	core	no	no	no
bin_4_52	bin-4-52	bin_4_52_02935	cds	contig_85	34105	0.4178	20844	21503	-	12602	219		DUF4124 domain-containing protein	no	group_3420	en_familia	23	1.0000	core	core	no	no	no
bin_4_52	bin-4-52	bin_4_52_02936	cds	contig_85	34105	0.4178	21811	22194	+	11911	127	pilG	twitching motility response regulator PilG	no	pilG	en_familia	23	1.0000	core	core	no	no	no
bin_4_52	bin-4-52	bin_4_52_02937	cds	contig_85	34105	0.4178	22225	22593	+	11512	122		Response regulatory domain-containing protein	no	group_2185	en_familia	23	1.0000	core	core	no	no	no
bin_4_52	bin-4-52	bin_4_52_02938	cds	contig_85	34105	0.4178	22599	23135	+	10970	178		CheW-like domain-containing protein	no	group_1647	en_familia	23	1.0000	core	core	no	no	no
bin_4_52	bin-4-52	bin_4_52_02939	cds	contig_85	34105	0.4178	23180	25252	+	8853	690		Methyl-accepting transducer domain-containing protein	no	group_137	en_familia	23	1.0000	core	core	no	no	no
bin_4_52	bin-4-52	bin_4_52_02940	cds	contig_85	34105	0.4178	25421	29920	+	4185	1499		histidine kinase	no	group_8	en_familia	23	1.0000	core	core	no	no	no
bin_4_52	bin-4-52	bin_4_52_02941	cds	contig_85	34105	0.4178	29924	30385	+	3720	153		CheW-like domain-containing protein	no	group_1910	en_familia	23	1.0000	core	core	no	no	no
bin_4_52	bin-4-52	bin_4_52_02942	cds	contig_85	34105	0.4178	30459	31610	-	2495	383	dapE	succinyl-diaminopimelate desuccinylase	no	dapE	en_familia	23	1.0000	core	core	no	no	no
bin_4_52	bin-4-52	bin_4_52_02943	cds	contig_85	34105	0.4178	31720	31869	-	2236	49		Entericidin	no	group_4001	en_familia	23	1.0000	core	core	no	no	no
bin_4_52	bin-4-52	bin_4_52_02944	cds	contig_85	34105	0.4178	32008	32856	-	1249	282		DUF1853 domain-containing protein	no	group_4853	en_familia	23	1.0000	core	core	no	no	no
bin_4_52	bin-4-52	bin_4_52_02945	cds	contig_85	34105	0.4178	32945	33340	+	765	131		Inner membrane protein	no	group_4162	en_familia	23	1.0000	core	core	no	no	no
bin_4_52	bin-4-52	bin_4_52_02946	cds	contig_85	34105	0.4178	33345	33851	+	254	168	elsL	cell wall-recycling L,D-carboxypeptidase ElsL	no	elsL	en_familia	23	1.0000	core	core	no	no	no
bin_4_52	bin-4-52	bin_4_52_02947	cds	contig_86	42027	0.4272	232	726	-	231	164	psiE	Protein PsiE	no	psiE	en_familia	23	1.0000	core	core	no	no	no
bin_4_52	bin-4-52	bin_4_52_02948	cds	contig_86	42027	0.4272	908	1114	+	907	68		hypothetical protein	no	group_3372	en_familia	23	1.0000	core	core	no	no	no
bin_4_52	bin-4-52	bin_4_52_02949	cds	contig_86	42027	0.4272	1169	2950	-	1168	593		Acyl-CoA dehydrogenase	no	group_194	en_familia	23	1.0000	core	core	no	no	no
bin_4_52	bin-4-52	bin_4_52_02950	cds	contig_86	42027	0.4272	3121	4923	-	3120	600		Acyl-CoA dehydrogenase	no	group_3804	en_familia	23	1.0000	core	core	no	no	no
bin_4_52	bin-4-52	bin_4_52_02951	cds	contig_86	42027	0.4272	5253	5882	-	5252	209		LTXXQ motif protein	no	group_3818	en_familia	23	1.0000	core	core	no	no	no
bin_4_52	bin-4-52	bin_4_52_02952	cds	contig_86	42027	0.4272	6019	7674	+	6018	551	baeS	sensor histidine kinase efflux regulator BaeS	no	baeS	en_familia	23	1.0000	core	core	no	no	no
bin_4_52	bin-4-52	bin_4_52_02953	cds	contig_86	42027	0.4272	7687	8373	+	7686	228	ompR	Transcriptional regulator protein (OmpR family), response regulator in two-component regulatory system with BaeS, regulates RNA synthesis	no	group_1345	en_familia	23	1.0000	core	core	no	no	no
bin_4_52	bin-4-52	bin_4_52_02954	cds	contig_86	42027	0.4272	8669	10024	+	8668	451		Amino acid permease/ SLC12A domain-containing protein	no	group_4221	en_familia	22	0.9565	core	core	no	no	no
bin_4_52	bin-4-52	bin_4_52_02955	cds	contig_86	42027	0.4272	10453	12135	+	10452	560		Carboxypeptidase regulatory-like domain-containing protein	no	group_3888	en_familia	21	0.9130	shell	core	si	no	no
bin_4_52	bin-4-52	bin_4_52_02956	cds	contig_86	42027	0.4272	12269	13657	-	12268	462		hypothetical protein	no	group_4808	en_familia	16	0.6957	shell	shell	si	no	no
bin_4_52	bin-4-52	bin_4_52_02957	cds	contig_86	42027	0.4272	14465	15910	-	14464	481	selO	Protein adenylyltransferase SelO	no	selO	en_familia	23	1.0000	core	core	no	no	no
bin_4_52	bin-4-52	bin_4_52_02958	cds	contig_86	42027	0.4272	16036	17202	-	16035	388		Fatty acid desaturase domain-containing protein	no	group_575	en_familia	23	1.0000	core	core	no	no	no
bin_4_52	bin-4-52	bin_4_52_02959	cds	contig_86	42027	0.4272	17718	18431	-	17717	237		GP-PDE domain-containing protein	no	group_1296	en_familia	23	1.0000	core	core	no	no	no
bin_4_52	bin-4-52	bin_4_52_02960	cds	contig_86	42027	0.4272	18577	19161	-	18576	194		Corrinoid adenosyltransferase	no	group_3793	en_familia	23	1.0000	core	core	no	no	no
bin_4_52	bin-4-52	bin_4_52_02961	cds	contig_86	42027	0.4272	19256	21094	-	19255	612		TonB-dependent vitamin B12 receptor	no	group_182	en_familia	9	0.3913	shell	shell	si	no	no
bin_4_52	bin-4-52	bin_4_52_02962	cds	contig_86	42027	0.4272	21497	22138	+	19889	213		phosphoribosylanthranilate isomerase	no	group_3957	en_familia	23	1.0000	core	core	no	no	no
bin_4_52	bin-4-52	bin_4_52_02963	cds	contig_86	42027	0.4272	22122	23351	+	18676	409	trpB	tryptophan synthase subunit beta	no	trpB	en_familia	23	1.0000	core	core	no	no	no
bin_4_52	bin-4-52	bin_4_52_02964	cds	contig_86	42027	0.4272	24014	25006	+	17021	330		DUF2804 domain-containing protein	no	group_818	en_familia	23	1.0000	core	core	no	no	no
bin_4_52	bin-4-52	bin_4_52_02965	cds	contig_86	42027	0.4272	25057	25935	-	16092	292		Metal-dependent hydrolase	no	group_1024	en_familia	23	1.0000	core	core	no	no	no
bin_4_52	bin-4-52	bin_4_52_02966	cds	contig_86	42027	0.4272	26079	27119	+	14908	346	araC	AraC family transcriptional regulator	no	group_4144	en_familia	23	1.0000	core	core	no	no	no
bin_4_52	bin-4-52	bin_4_52_02967	cds	contig_86	42027	0.4272	27167	28501	-	13526	444		Na+/H+ antiporter NhaC-like C-terminal domain-containing protein	no	group_378	en_familia	23	1.0000	core	core	no	no	no
bin_4_52	bin-4-52	bin_4_52_02968	cds	contig_86	42027	0.4272	28869	29672	+	12355	267	trpA	tryptophan synthase subunit alpha	no	trpA	en_familia	23	1.0000	core	core	no	no	no
bin_4_52	bin-4-52	bin_4_52_02969	cds	contig_86	42027	0.4272	29669	30565	+	11462	298	accD	acetyl-CoA carboxylase, carboxyltransferase subunit beta	no	accD	en_familia	23	1.0000	core	core	no	no	no
bin_4_52	bin-4-52	bin_4_52_02970	cds	contig_86	42027	0.4272	30562	31848	+	10179	428	folC	bifunctional tetrahydrofolate synthase/dihydrofolate synthase	no	folC	en_familia	23	1.0000	core	core	no	no	no
bin_4_52	bin-4-52	bin_4_52_02971	cds	contig_86	42027	0.4272	31845	32876	+	9151	343		Cell division protein	no	group_3928	en_familia	23	1.0000	core	core	no	no	no
bin_4_52	bin-4-52	bin_4_52_02972	cds	contig_86	42027	0.4272	32889	33524	-	8503	211		Protein tyrosine phosphatase	no	group_3493	en_familia	23	1.0000	core	core	no	no	no
bin_4_52	bin-4-52	bin_4_52_02973	cds	contig_86	42027	0.4272	33878	34513	-	7514	211		peroxiredoxin	no	group_1437	en_familia	23	1.0000	core	core	no	no	no
bin_4_52	bin-4-52	bin_4_52_02974	cds	contig_86	42027	0.4272	34836	37562	+	4465	908	secA	preprotein translocase subunit SecA	no	secA	en_familia	23	1.0000	core	core	no	no	no
bin_4_52	bin-4-52	bin_4_52_02975	cds	contig_86	42027	0.4272	37699	38052	+	3975	117		Lipoprotein	no	group_3348	en_familia	23	1.0000	core	core	no	no	no
bin_4_52	bin-4-52	bin_4_52_02976	cds	contig_86	42027	0.4272	38207	39427	+	2600	406	argJ	bifunctional glutamate N-acetyltransferase/amino-acid acetyltransferase ArgJ	no	argJ	en_familia	23	1.0000	core	core	no	no	no
bin_4_52	bin-4-52	bin_4_52_02977	cds	contig_86	42027	0.4272	39588	40655	+	1372	355	nadA	quinolinate synthase NadA	no	nadA	en_familia	23	1.0000	core	core	no	no	no
bin_4_52	bin-4-52	bin_4_52_02982	cds	contig_87	5915	0.3951	167	622	+	166	151		N-acetyltransferase domain-containing protein	no	group_4454	en_familia	22	0.9565	core	core	no	no	no
bin_4_52	bin-4-52	bin_4_52_02983	cds	contig_87	5915	0.3951	749	1336	+	748	195		Lipid/polyisoprenoid-binding YceI-like domain-containing protein	no	group_4979	en_familia	22	0.9565	core	core	no	no	no
bin_4_52	bin-4-52	bin_4_52_02984	cds	contig_87	5915	0.3951	1468	2184	-	1467	238		glutamine amidotransferase	no	group_4271	en_familia	23	1.0000	core	core	no	no	no
bin_4_52	bin-4-52	bin_4_52_02985	cds	contig_87	5915	0.3951	2419	3084	+	2418	221	yfcF	glutathione transferase	no	yfcF	en_familia	23	1.0000	core	core	no	no	no
bin_4_52	bin-4-52	bin_4_52_02986	cds	contig_87	5915	0.3951	3196	3873	-	2042	225		DJ-1/PfpI domain-containing protein	no	group_4960	en_familia	23	1.0000	core	core	no	no	no
bin_4_52	bin-4-52	bin_4_52_02987	cds	contig_87	5915	0.3951	4063	4239	-	1676	58		Transcriptional regulator	no	group_4226	en_familia	23	1.0000	core	core	no	no	no
bin_4_52	bin-4-52	bin_4_52_02988	cds	contig_87	5915	0.3951	4462	5331	-	584	289		Glucose 1-dehydrogenase	no	group_3652	en_familia	23	1.0000	core	core	no	no	no
bin_4_52	bin-4-52	bin_4_52_02989	cds	contig_87	5915	0.3951	5538	5864	-	51	108		Transposase family protein	no	group_5389	en_familia	11	0.4783	shell	shell	si	no	no
bin_4_52	bin-4-52	bin_4_52_02990	cds	contig_88	16738	0.4413	490	963	+	489	157		Ferritin/DPS protein domain-containing protein	no	group_3254	en_familia	23	1.0000	core	core	no	no	no
bin_4_52	bin-4-52	bin_4_52_02991	cds	contig_88	16738	0.4413	1277	2098	+	1276	273	dapB	4-hydroxy-tetrahydrodipicolinate reductase	no	group_4491	en_familia	23	1.0000	core	core	no	no	no
bin_4_52	bin-4-52	bin_4_52_02992	cds	contig_88	16738	0.4413	2161	2805	+	2160	214		START domain-containing protein	no	group_3255	en_familia	23	1.0000	core	core	no	no	no
bin_4_52	bin-4-52	bin_4_52_02993	cds	contig_88	16738	0.4413	2853	4028	-	2852	391		Major facilitator superfamily (MFS) profile domain-containing protein	no	group_4492	en_familia	9	0.3913	shell	shell	si	no	no
bin_4_52	bin-4-52	bin_4_52_02994	cds	contig_88	16738	0.4413	4038	4844	-	4037	268	dkgB	2,5-didehydrogluconate reductase DkgB	no	dkgB	en_familia	9	0.3913	shell	shell	si	no	no
bin_4_52	bin-4-52	bin_4_52_02995	cds	contig_88	16738	0.4413	4957	5847	+	4956	296		HTH lysR-type domain-containing protein	no	group_1006	en_familia	9	0.3913	shell	shell	si	no	no
bin_4_52	bin-4-52	bin_4_52_02996	cds	contig_88	16738	0.4413	5919	6941	-	5918	340		Enoyl reductase (ER) domain-containing protein	no	group_4626	en_familia	23	1.0000	core	core	no	no	no
bin_4_52	bin-4-52	bin_4_52_02997	cds	contig_88	16738	0.4413	6946	7527	-	6945	193		DNA-3-methyladenine glycosylase I	no	group_5071	en_familia	23	1.0000	core	core	no	no	no
bin_4_52	bin-4-52	bin_4_52_02998	cds	contig_88	16738	0.4413	7544	7789	-	7543	81		DUF2750 domain-containing protein	no	group_5243	en_familia	23	1.0000	core	core	no	no	no
bin_4_52	bin-4-52	bin_4_52_02999	cds	contig_88	16738	0.4413	7805	8347	-	7804	180		Peptidase M23 domain-containing protein	no	group_5307	en_familia	23	1.0000	core	core	no	no	no
bin_4_52	bin-4-52	bin_4_52_03000	cds	contig_88	16738	0.4413	8418	9446	-	7292	342	mutY	A/G-specific adenine glycosylase	no	mutY	en_familia	23	1.0000	core	core	no	no	no
bin_4_52	bin-4-52	bin_4_52_03001	cds	contig_88	16738	0.4413	9605	9964	-	6774	119		HIT domain-containing protein	no	group_5345	en_familia	23	1.0000	core	core	no	no	no
bin_4_52	bin-4-52	bin_4_52_03002	cds	contig_88	16738	0.4413	10046	10780	-	5958	244		Dienelactone hydrolase domain-containing protein	no	group_5349	en_familia	23	1.0000	core	core	no	no	no
bin_4_52	bin-4-52	bin_4_52_03003	cds	contig_88	16738	0.4413	10921	11610	-	5128	229		Peptidyl-prolyl cis-trans isomerase	no	group_5354	en_familia	23	1.0000	core	core	no	no	no
bin_4_52	bin-4-52	bin_4_52_03004	cds	contig_88	16738	0.4413	11660	12364	-	4374	234		Peptidyl-prolyl cis-trans isomerase	no	group_5357	en_familia	23	1.0000	core	core	no	no	no
bin_4_52	bin-4-52	bin_4_52_03005	cds	contig_88	16738	0.4413	12535	14727	-	2011	730		Polysaccharide biosynthesis tyrosine autokinase	no	group_5359	en_familia	18	0.7826	shell	shell	si	no	no
bin_4_52	bin-4-52	bin_4_52_03006	cds	contig_88	16738	0.4413	14749	15177	-	1561	142		protein-tyrosine-phosphatase	no	group_5229	en_familia	9	0.3913	shell	shell	si	no	no
bin_4_52	bin-4-52	bin_4_52_03007	cds	contig_88	16738	0.4413	15177	16280	-	458	367		Soluble ligand binding domain-containing protein	no	group_5454	en_familia	16	0.6957	shell	shell	si	no	no
bin_4_52	bin-4-52	bin_4_52_03008	cds	contig_89	1835	0.3651	322	1281	+	321	319		diguanylate cyclase	no	group_3432	en_familia	8	0.3478	shell	shell	si	no	no
bin_4_52	bin-4-52	bin_4_52_03009	cds	contig_90	104208	0.4266	182	1381	-	181	399		Acyl-CoA dehydrogenase	no	group_4545	en_familia	23	1.0000	core	core	no	no	no
bin_4_52	bin-4-52	bin_4_52_03010	cds	contig_90	104208	0.4266	1410	2705	-	1409	431		Acyl-CoA dehydrogenase	no	group_5021	en_familia	23	1.0000	core	core	no	no	no
bin_4_52	bin-4-52	bin_4_52_03011	cds	contig_90	104208	0.4266	2952	4325	-	2951	457		ABC1 atypical kinase-like domain-containing protein	no	group_4420	en_familia	23	1.0000	core	core	no	no	no
bin_4_52	bin-4-52	bin_4_52_03012	cds	contig_90	104208	0.4266	4473	4781	-	4472	102		DUF721 domain-containing protein	no	group_2408	en_familia	23	1.0000	core	core	no	no	no
bin_4_52	bin-4-52	bin_4_52_03013	cds	contig_90	104208	0.4266	4981	5364	+	4980	127		DUF1311 domain-containing protein	no	group_4076	en_familia	23	1.0000	core	core	no	no	no
bin_4_52	bin-4-52	bin_4_52_03014	cds	contig_90	104208	0.4266	5723	6733	+	5722	336	prmB	50S ribosomal protein L3 N(5)-glutamine methyltransferase	no	prmB	en_familia	23	1.0000	core	core	no	no	no
bin_4_52	bin-4-52	bin_4_52_03015	cds	contig_90	104208	0.4266	6746	7840	+	6745	364	aroC	chorismate synthase	no	aroC	en_familia	23	1.0000	core	core	no	no	no
bin_4_52	bin-4-52	bin_4_52_03016	cds	contig_90	104208	0.4266	8245	9153	+	8244	302		Auxin efflux carrier	no	group_3945	en_familia	23	1.0000	core	core	no	no	no
bin_4_52	bin-4-52	bin_4_52_03017	cds	contig_90	104208	0.4266	9613	10860	+	9612	415		D-amino acid dehydrogenase	no	group_4834	en_familia	23	1.0000	core	core	no	no	no
bin_4_52	bin-4-52	bin_4_52_03018	cds	contig_90	104208	0.4266	10907	11566	-	10906	219	lprI	Lysozyme inhibitor LprI N-terminal domain-containing protein	no	group_3946	en_familia	23	1.0000	core	core	no	no	no
bin_4_52	bin-4-52	bin_4_52_03019	cds	contig_90	104208	0.4266	11666	12154	+	11665	162	ispF	2-C-methyl-D-erythritol 2,4-cyclodiphosphate synthase	no	ispF	en_familia	23	1.0000	core	core	no	no	no
bin_4_52	bin-4-52	bin_4_52_03020	cds	contig_90	104208	0.4266	12142	12666	-	12141	174		Phosphatase	no	group_4601	en_familia	23	1.0000	core	core	no	no	no
bin_4_52	bin-4-52	bin_4_52_03021	cds	contig_90	104208	0.4266	12729	13841	-	12728	370		3-deoxy-7-phosphoheptulonate synthase	no	group_3626	en_familia	23	1.0000	core	core	no	no	no
bin_4_52	bin-4-52	bin_4_52_03022	cds	contig_90	104208	0.4266	13948	14838	-	13947	296		putative membrane transporter protein	no	group_3610	en_familia	23	1.0000	core	core	no	no	no
bin_4_52	bin-4-52	bin_4_52_03023	cds	contig_90	104208	0.4266	15398	16570	+	15397	390	lpxB	lipid-A-disaccharide synthase	no	lpxB	en_familia	23	1.0000	core	core	no	no	no
bin_4_52	bin-4-52	bin_4_52_03024	cds	contig_90	104208	0.4266	16583	17638	-	16582	351		HTH araC/xylS-type domain-containing protein	no	group_4646	en_familia	23	1.0000	core	core	no	no	no
bin_4_52	bin-4-52	bin_4_52_03025	cds	contig_90	104208	0.4266	17694	18908	+	17693	404		Fatty acid desaturase domain-containing protein	no	group_4046	en_familia	23	1.0000	core	core	no	no	no
bin_4_52	bin-4-52	bin_4_52_03026	cds	contig_90	104208	0.4266	18975	20762	-	18974	595		Acyl-CoA dehydrogenase	no	group_4847	en_familia	23	1.0000	core	core	no	no	no
bin_4_52	bin-4-52	bin_4_52_03027	cds	contig_90	104208	0.4266	20852	21856	+	20851	334		HTH araC/xylS-type domain-containing protein	no	group_3980	en_familia	23	1.0000	core	core	no	no	no
bin_4_52	bin-4-52	bin_4_52_03028	cds	contig_90	104208	0.4266	21864	23060	-	21863	398		Major facilitator superfamily (MFS) profile domain-containing protein	no	group_534	en_familia	23	1.0000	core	core	no	no	no
bin_4_52	bin-4-52	bin_4_52_03029	cds	contig_90	104208	0.4266	23053	23493	-	23052	146		HTH marR-type domain-containing protein	no	group_3979	en_familia	23	1.0000	core	core	no	no	no
bin_4_52	bin-4-52	bin_4_52_03030	cds	contig_90	104208	0.4266	23688	24467	+	23687	259	dnaA	Chromosomal replication initiator protein DnaA domain-containing protein	no	group_3521	en_familia	23	1.0000	core	core	no	no	no
bin_4_52	bin-4-52	bin_4_52_03031	cds	contig_90	104208	0.4266	24800	25354	-	24799	184		TNase-like domain-containing protein	no	group_3451	en_familia	23	1.0000	core	core	no	no	no
bin_4_52	bin-4-52	bin_4_52_03032	cds	contig_90	104208	0.4266	25587	26504	-	25586	305		HTH lysR-type domain-containing protein	no	group_954	en_familia	23	1.0000	core	core	no	no	no
bin_4_52	bin-4-52	bin_4_52_03033	cds	contig_90	104208	0.4266	26596	27837	+	26595	413		Acyl-CoA dehydrogenase	no	group_475	en_familia	23	1.0000	core	core	no	no	no
bin_4_52	bin-4-52	bin_4_52_03034	cds	contig_90	104208	0.4266	27888	29009	+	27887	373		Aminoglycoside phosphotransferase domain-containing protein	no	group_3947	en_familia	23	1.0000	core	core	no	no	no
bin_4_52	bin-4-52	bin_4_52_03035	cds	contig_90	104208	0.4266	29006	29704	+	29005	232		Phosphoglycerate mutase	no	group_3422	en_familia	23	1.0000	core	core	no	no	no
bin_4_52	bin-4-52	bin_4_52_03036	cds	contig_90	104208	0.4266	29741	30484	+	29740	247		SDR family oxidoreductase	no	group_3611	en_familia	23	1.0000	core	core	no	no	no
bin_4_52	bin-4-52	bin_4_52_03037	cds	contig_90	104208	0.4266	30664	31005	+	30663	113		hypothetical protein	no	group_4647	en_familia	22	0.9565	core	core	no	no	no
bin_4_52	bin-4-52	bin_4_52_03038	cds	contig_90	104208	0.4266	31139	31669	-	31138	176		hypothetical protein	no	group_1671	en_familia	11	0.4783	shell	shell	si	no	no
bin_4_52	bin-4-52	bin_4_52_03039	cds	contig_90	104208	0.4266	31940	33001	+	31939	353		Fatty acid desaturase domain-containing protein	no	group_4676	en_familia	15	0.6522	shell	shell	si	no	no
bin_4_52	bin-4-52	bin_4_52_03040	cds	contig_90	104208	0.4266	33315	33896	+	33314	193		SGNH hydrolase-type esterase domain-containing protein	no	group_3674	en_familia	22	0.9565	core	core	no	no	no
bin_4_52	bin-4-52	bin_4_52_03041	cds	contig_90	104208	0.4266	34061	34645	+	34060	194		DNA glycosylase	no	group_4675	en_familia	23	1.0000	core	core	no	no	no
bin_4_52	bin-4-52	bin_4_52_03042	cds	contig_90	104208	0.4266	34789	35367	-	34788	192		Pyridoxamine 5'-phosphate oxidase putative domain-containing protein	no	group_4274	en_familia	23	1.0000	core	core	no	no	no
bin_4_52	bin-4-52	bin_4_52_03043	cds	contig_90	104208	0.4266	35442	36002	-	35441	186		hypothetical protein	no	group_3834	en_familia	23	1.0000	core	core	no	no	no
bin_4_52	bin-4-52	bin_4_52_03044	cds	contig_90	104208	0.4266	36066	37622	-	36065	518		PLD phosphodiesterase domain-containing protein	no	group_4771	en_familia	23	1.0000	core	core	no	no	no
bin_4_52	bin-4-52	bin_4_52_03045	cds	contig_90	104208	0.4266	37746	38858	+	37745	370	frmA	S-(hydroxymethyl)glutathione dehydrogenase/class III alcohol dehydrogenase	no	frmA	en_familia	23	1.0000	core	core	no	no	no
bin_4_52	bin-4-52	bin_4_52_03046	cds	contig_90	104208	0.4266	39064	39594	+	39063	176		Glycine zipper domain-containing protein	no	group_1669	en_familia	23	1.0000	core	core	no	no	no
bin_4_52	bin-4-52	bin_4_52_03047	cds	contig_90	104208	0.4266	40116	41165	+	40115	349		3-deoxy-7-phosphoheptulonate synthase	no	group_4306	en_familia	23	1.0000	core	core	no	no	no
bin_4_52	bin-4-52	bin_4_52_03048	cds	contig_90	104208	0.4266	41410	42588	+	41409	392		Bacterial type II secretion system protein E domain-containing protein	no	group_4050	en_familia	23	1.0000	core	core	no	no	no
bin_4_52	bin-4-52	bin_4_52_03049	cds	contig_90	104208	0.4266	42996	44201	+	42995	401		Bacterial type II secretion system protein E domain-containing protein	no	group_4875	en_familia	22	0.9565	core	core	no	no	no
bin_4_52	bin-4-52	bin_4_52_03050	cds	contig_90	104208	0.4266	44259	45437	-	44258	392		Major facilitator superfamily (MFS) profile domain-containing protein	no	group_4384	en_familia	23	1.0000	core	core	no	no	no
bin_4_52	bin-4-52	bin_4_52_03051	cds	contig_90	104208	0.4266	45667	46041	-	45666	124	gcvH	glycine cleavage system protein GcvH	no	gcvH	en_familia	23	1.0000	core	core	no	no	no
bin_4_52	bin-4-52	bin_4_52_03052	cds	contig_90	104208	0.4266	46114	47142	-	46113	342		HTH araC/xylS-type domain-containing protein	no	group_759	en_familia	23	1.0000	core	core	no	no	no
bin_4_52	bin-4-52	bin_4_52_03053	cds	contig_90	104208	0.4266	47295	47744	-	47294	149		MaoC-like domain-containing protein	no	group_3369	en_familia	23	1.0000	core	core	no	no	no
bin_4_52	bin-4-52	bin_4_52_03054	cds	contig_90	104208	0.4266	47748	49592	-	47747	614		ABC transporter ATP-binding protein	no	group_179	en_familia	23	1.0000	core	core	no	no	no
bin_4_52	bin-4-52	bin_4_52_03055	cds	contig_90	104208	0.4266	49847	51103	-	49846	418		Mechanosensitive ion channel family protein	no	group_461	en_familia	23	1.0000	core	core	no	no	no
bin_4_52	bin-4-52	bin_4_52_03056	cds	contig_90	104208	0.4266	51462	52241	+	51461	259		Lipoprotein	no	group_3940	en_familia	23	1.0000	core	core	no	no	no
bin_4_52	bin-4-52	bin_4_52_03057	cds	contig_90	104208	0.4266	52397	53044	+	51164	215		CobQ/CobB/MinD/ParA nucleotide binding domain-containing protein	no	group_4300	en_familia	23	1.0000	core	core	no	no	no
bin_4_52	bin-4-52	bin_4_52_03058	cds	contig_90	104208	0.4266	53120	53656	-	50552	178		Nucleoprotein/polynucleotide-associated enzyme	no	group_1648	en_familia	23	1.0000	core	core	no	no	no
bin_4_52	bin-4-52	bin_4_52_03059	cds	contig_90	104208	0.4266	53673	54347	-	49861	224		Permease	no	group_1368	en_familia	23	1.0000	core	core	no	no	no
bin_4_52	bin-4-52	bin_4_52_03060	cds	contig_90	104208	0.4266	54394	55590	-	48618	398	sstT	serine/threonine transporter SstT	no	sstT	en_familia	23	1.0000	core	core	no	no	no
bin_4_52	bin-4-52	bin_4_52_03061	cds	contig_90	104208	0.4266	55901	57652	-	46556	583		STAS domain-containing protein	no	group_196	en_familia	23	1.0000	core	core	no	no	no
bin_4_52	bin-4-52	bin_4_52_03062	cds	contig_90	104208	0.4266	57853	58164	-	46044	103	arsR	ArsR family transcriptional regulator	no	arsR	en_familia	23	1.0000	core	core	no	no	no
bin_4_52	bin-4-52	bin_4_52_03063	cds	contig_90	104208	0.4266	58448	59446	+	44762	332	cysK	cysteine synthase A	no	cysK	en_familia	23	1.0000	core	core	no	no	no
bin_4_52	bin-4-52	bin_4_52_03064	cds	contig_90	104208	0.4266	59595	62279	+	41929	894	copZ	copper chaperone CopZ	no	copZ	en_familia	23	1.0000	core	core	no	no	no
bin_4_52	bin-4-52	bin_4_52_03065	cds	contig_90	104208	0.4266	62284	62715	+	41493	143	cueR	Cu(I)-responsive transcriptional regulator	no	cueR	en_familia	23	1.0000	core	core	no	no	no
bin_4_52	bin-4-52	bin_4_52_03066	cds	contig_90	104208	0.4266	62744	62938	+	41270	64		HMA domain-containing protein	no	group_4705	en_familia	23	1.0000	core	core	no	no	no
bin_4_52	bin-4-52	bin_4_52_03067	cds	contig_90	104208	0.4266	62981	63586	-	40622	201		HTH tetR-type domain-containing protein	no	group_4031	en_familia	23	1.0000	core	core	no	no	no
bin_4_52	bin-4-52	bin_4_52_03068	cds	contig_90	104208	0.4266	63796	64887	-	39321	363		Zinc-ribbon domain-containing protein	no	group_683	en_familia	23	1.0000	core	core	no	no	no
bin_4_52	bin-4-52	bin_4_52_03069	cds	contig_90	104208	0.4266	65175	65687	+	38521	170	ureE	urease accessory protein UreE	no	ureE	en_familia	23	1.0000	core	core	no	no	no
bin_4_52	bin-4-52	bin_4_52_03070	cds	contig_90	104208	0.4266	65674	66339	+	37869	221	ureF	Urease accessory protein UreF	no	ureF	en_familia	23	1.0000	core	core	no	no	no
bin_4_52	bin-4-52	bin_4_52_03071	cds	contig_90	104208	0.4266	66357	66971	+	37237	204	ureG	urease accessory protein UreG	no	ureG	en_familia	23	1.0000	core	core	no	no	no
bin_4_52	bin-4-52	bin_4_52_03072	cds	contig_90	104208	0.4266	67002	67883	+	36325	293	ureD	Urease accessory protein UreD	no	ureD	en_familia	23	1.0000	core	core	no	no	no
bin_4_52	bin-4-52	bin_4_52_03073	cds	contig_90	104208	0.4266	68154	68456	+	35752	100	ureA	urease subunit gamma	no	ureA	en_familia	23	1.0000	core	core	no	no	no
bin_4_52	bin-4-52	bin_4_52_03074	cds	contig_90	104208	0.4266	68466	68774	+	35434	102		urease subunit beta	no	group_2409	en_familia	23	1.0000	core	core	no	no	no
bin_4_52	bin-4-52	bin_4_52_03075	cds	contig_90	104208	0.4266	68790	70490	+	33718	566	ureC	urease subunit alpha	no	ureC	en_familia	23	1.0000	core	core	no	no	no
bin_4_52	bin-4-52	bin_4_52_03077	cds	contig_90	104208	0.4266	70565	71677	+	32531	370		hypothetical protein	no	group_4762	en_familia	15	0.6522	shell	shell	si	no	no
bin_4_52	bin-4-52	bin_4_52_03078	cds	contig_90	104208	0.4266	71778	72665	+	31543	295	eamA	EamA domain-containing protein	no	group_4640	en_familia	23	1.0000	core	core	no	no	no
bin_4_52	bin-4-52	bin_4_52_03079	cds	contig_90	104208	0.4266	72733	73512	-	30696	259	pcaD	3-oxoadipate enol-lactonase	no	group_5075	en_familia	23	1.0000	core	core	no	no	no
bin_4_52	bin-4-52	bin_4_52_03080	cds	contig_90	104208	0.4266	73580	74785	-	29423	401	pcaF	3-oxoadipyl-CoA thiolase	no	group_4843	en_familia	10	0.4348	shell	shell	si	no	no
bin_4_52	bin-4-52	bin_4_52_03081	cds	contig_90	104208	0.4266	74957	75610	-	28598	217		3-oxoacid CoA-transferase subunit B	no	group_3970	en_familia	23	1.0000	core	core	no	no	no
bin_4_52	bin-4-52	bin_4_52_03082	cds	contig_90	104208	0.4266	75630	76301	-	27907	223		3-oxoadipate CoA-transferase	no	group_4840	en_familia	23	1.0000	core	core	no	no	no
bin_4_52	bin-4-52	bin_4_52_03083	cds	contig_90	104208	0.4266	76339	77559	-	26649	406	benE	benzoate/H(+) symporter BenE	no	benE	en_familia	23	1.0000	core	core	no	no	no
bin_4_52	bin-4-52	bin_4_52_03084	cds	contig_90	104208	0.4266	77618	78403	-	25805	261	benD	benzoate diol dehydrogenase BenD	no	benD	en_familia	23	1.0000	core	core	no	no	no
bin_4_52	bin-4-52	bin_4_52_03085	cds	contig_90	104208	0.4266	78421	79437	-	24771	338	benC	benzoate 1,2-dioxygenase electron transfer component BenC	no	benC	en_familia	23	1.0000	core	core	no	no	no
bin_4_52	bin-4-52	bin_4_52_03086	cds	contig_90	104208	0.4266	79531	80022	-	24186	163	benB	benzoate 1,2-dioxygenase small subunit	no	benB~~~benA	en_familia	23	1.0000	core	core	no	no	no
bin_4_52	bin-4-52	bin_4_52_03087	cds	contig_90	104208	0.4266	80019	81407	-	22801	462	benA	benzoate 1,2-dioxygenase large subunit	no	benB~~~benA	en_familia	23	1.0000	core	core	no	no	no
bin_4_52	bin-4-52	bin_4_52_03088	cds	contig_90	104208	0.4266	81483	82403	-	21805	306	catA	catechol 1,2-dioxygenase	no	group_4906	en_familia	23	1.0000	core	core	no	no	no
bin_4_52	bin-4-52	bin_4_52_03089	cds	contig_90	104208	0.4266	82566	82856	-	21352	96	catC	muconolactone Delta-isomerase	no	group_4125	en_familia	23	1.0000	core	core	no	no	no
bin_4_52	bin-4-52	bin_4_52_03090	cds	contig_90	104208	0.4266	82880	83989	-	20219	369		Muconate cycloisomerase 1	no	group_4802	en_familia	23	1.0000	core	core	no	no	no
bin_4_52	bin-4-52	bin_4_52_03091	cds	contig_90	104208	0.4266	84104	85018	+	19190	304		HTH lysR-type domain-containing protein	no	group_3883	en_familia	23	1.0000	core	core	no	no	no
bin_4_52	bin-4-52	bin_4_52_03092	cds	contig_90	104208	0.4266	85434	86804	+	17404	456		Major facilitator superfamily (MFS) profile domain-containing protein	no	group_4795	en_familia	23	1.0000	core	core	no	no	no
bin_4_52	bin-4-52	bin_4_52_03093	cds	contig_90	104208	0.4266	86922	88250	+	15958	442		Porin domain-containing protein	no	group_3869	en_familia	23	1.0000	core	core	no	no	no
bin_4_52	bin-4-52	bin_4_52_03094	cds	contig_90	104208	0.4266	88289	89701	-	14507	470		HTH gntR-type domain-containing protein	no	group_4765	en_familia	23	1.0000	core	core	no	no	no
bin_4_52	bin-4-52	bin_4_52_03095	cds	contig_90	104208	0.4266	89887	90054	+	14154	55		Cytochrome c oxidase subunit IV bacterial aa3 type domain-containing protein	no	group_3819	en_familia	23	1.0000	core	core	no	no	no
bin_4_52	bin-4-52	bin_4_52_03096	cds	contig_90	104208	0.4266	90313	91968	+	12240	551		Long-chain-fatty-acid-CoA ligase	no	group_233	en_familia	23	1.0000	core	core	no	no	no
bin_4_52	bin-4-52	bin_4_52_03097	cds	contig_90	104208	0.4266	92286	93308	+	10900	340		FAD-binding FR-type domain-containing protein	no	group_3820	en_familia	23	1.0000	core	core	no	no	no
bin_4_52	bin-4-52	bin_4_52_03098	cds	contig_90	104208	0.4266	93336	94499	+	9709	387		Fatty acid desaturase domain-containing protein	no	group_578	en_familia	23	1.0000	core	core	no	no	no
bin_4_52	bin-4-52	bin_4_52_03099	cds	contig_90	104208	0.4266	94928	95239	+	8969	103		Lipoprotein	no	group_4914	en_familia	21	0.9130	shell	core	si	no	no
bin_4_52	bin-4-52	bin_4_52_03100	cds	contig_90	104208	0.4266	95321	96031	-	8177	236		FCP1-like y domain-containing protein	no	group_4140	en_familia	23	1.0000	core	core	no	no	no
bin_4_52	bin-4-52	bin_4_52_03101	cds	contig_90	104208	0.4266	96313	97206	+	7002	297		HTH lysR-type domain-containing protein	no	group_999	en_familia	23	1.0000	core	core	no	no	no
bin_4_52	bin-4-52	bin_4_52_03102	cds	contig_90	104208	0.4266	97550	98287	+	5921	245		DUF1989 domain-containing protein	no	group_4139	en_familia	23	1.0000	core	core	no	no	no
bin_4_52	bin-4-52	bin_4_52_03103	cds	contig_90	104208	0.4266	98303	98953	+	5255	216		urea amidolyase associated protein UAAP2	no	group_4913	en_familia	23	1.0000	core	core	no	no	no
bin_4_52	bin-4-52	bin_4_52_03104	cds	contig_90	104208	0.4266	98958	102578	+	1630	1206	uca	urea carboxylase	no	uca	en_familia	23	1.0000	core	core	no	no	no
bin_4_52	bin-4-52	bin_4_52_03105	cds	contig_90	104208	0.4266	102919	104142	-	66	407		Electron transfer flavoprotein-ubiquinone oxidoreductase	no	etfD	en_familia	9	0.3913	shell	shell	si	no	no
bin_4_52	bin-4-52	bin_4_52_03106	cds	contig_91	58306	0.4041	273	668	-	272	131		Integrase catalytic domain-containing protein	no	group_5590	en_familia	13	0.5652	shell	shell	si	no	no
bin_4_52	bin-4-52	bin_4_52_03107	cds	contig_91	58306	0.4041	735	1175	-	734	146		HTH-like domain-containing protein	no	group_5524	en_familia	8	0.3478	shell	shell	si	no	no
bin_4_52	bin-4-52	bin_4_52_03108	cds	contig_91	58306	0.4041	1175	1504	-	1174	109	tnp	IS3 family ISAba18 transposase ORF A	no	tnp~~~insA	en_familia	9	0.3913	shell	shell	si	no	no
bin_4_52	bin-4-52	bin_4_52_03109	cds	contig_91	58306	0.4041	1688	3046	-	1687	452		Potassium transporter	no	group_361	en_familia	0	0.0000	exclusivo	exclusivo	no	no	si
bin_4_52	bin-4-52	bin_4_52_03110	cds	contig_91	58306	0.4041	3368	3673	-	3367	101		IS30 family transposase	no	group_2434	en_familia	0	0.0000	exclusivo	exclusivo	no	no	si
bin_4_52	bin-4-52	bin_4_52_03111	cds	contig_91	58306	0.4041	3720	4205	-	3719	161	tnpC	IS66 family transposase	no	group_5580	en_familia	9	0.3913	shell	shell	si	no	no
bin_4_52	bin-4-52	bin_4_52_03112	cds	contig_91	58306	0.4041	4205	5383	-	4204	392		Transposase IS66 central domain-containing protein	no	group_5580	en_familia	9	0.3913	shell	shell	si	no	no
bin_4_52	bin-4-52	bin_4_52_03113	cds	contig_91	58306	0.4041	5398	5733	-	5397	111	tnpB	IS66 family insertion sequence element accessory protein TnpB	no	group_5634	en_familia	10	0.4348	shell	shell	si	no	no
bin_4_52	bin-4-52	bin_4_52_03114	cds	contig_91	58306	0.4041	5730	6158	-	5729	142	tnpA	IS66-like element accessory protein TnpA	no	group_2016	en_familia	1	0.0435	cloud	cloud	si	si	no
bin_4_52	bin-4-52	bin_4_52_03115	cds	contig_91	58306	0.4041	6311	9526	-	6310	1071		Tyr recombinase domain-containing protein	no	group_6324	en_familia	0	0.0000	exclusivo	exclusivo	no	no	si
bin_4_52	bin-4-52	bin_4_52_03116	cds	contig_91	58306	0.4041	9510	11837	-	9509	775		Tyr recombinase domain-containing protein	no	group_6314	en_familia	0	0.0000	exclusivo	exclusivo	no	no	si
bin_4_52	bin-4-52	bin_4_52_03117	cds	contig_91	58306	0.4041	11837	12508	-	11836	223	araC	AraC family transcriptional regulator	no	group_6315	en_familia	0	0.0000	exclusivo	exclusivo	no	no	si
bin_4_52	bin-4-52	bin_4_52_03118	cds	contig_91	58306	0.4041	13073	14491	-	13072	472		Polyphosphate kinase-2-related domain-containing protein	no	group_6322	en_familia	0	0.0000	exclusivo	exclusivo	no	no	si
bin_4_52	bin-4-52	bin_4_52_03119	cds	contig_91	58306	0.4041	14799	15506	+	14798	235		HTH tetR-type domain-containing protein	no	group_6318	en_familia	0	0.0000	exclusivo	exclusivo	no	no	si
bin_4_52	bin-4-52	bin_4_52_03120	cds	contig_91	58306	0.4041	15511	16908	+	15510	465		RND transporter	no	group_6323	en_familia	0	0.0000	exclusivo	exclusivo	no	no	si
bin_4_52	bin-4-52	bin_4_52_03121	cds	contig_91	58306	0.4041	16927	17985	+	16926	352		Membrane fusion protein biotin-lipoyl like domain-containing protein	no	group_6319	en_familia	0	0.0000	exclusivo	exclusivo	no	no	si
bin_4_52	bin-4-52	bin_4_52_03122	cds	contig_91	58306	0.4041	17982	20738	+	17981	918	rbbA	ribosome-associated ATPase/putative transporter RbbA	no	rbbA	en_familia	0	0.0000	exclusivo	exclusivo	no	no	si
bin_4_52	bin-4-52	bin_4_52_03123	cds	contig_91	58306	0.4041	20740	21864	+	20739	374		ABC transmembrane type-2 domain-containing protein	no	group_6316	en_familia	0	0.0000	exclusivo	exclusivo	no	no	si
bin_4_52	bin-4-52	bin_4_52_03124	cds	contig_91	58306	0.4041	22006	23598	+	22005	530	phoU	PhoU domain-containing protein	no	group_6320	en_familia	0	0.0000	exclusivo	exclusivo	no	no	si
bin_4_52	bin-4-52	bin_4_52_03125	cds	contig_91	58306	0.4041	23648	24916	+	23647	422	mgtC	MgtC family	no	group_6312	en_familia	0	0.0000	exclusivo	exclusivo	no	no	si
bin_4_52	bin-4-52	bin_4_52_03126	cds	contig_91	58306	0.4041	25029	27107	+	25028	692	ppk1	polyphosphate kinase 1	no	group_6313	en_familia	0	0.0000	exclusivo	exclusivo	no	no	si
bin_4_52	bin-4-52	bin_4_52_03127	cds	contig_91	58306	0.4041	27252	27662	+	27251	136	tnp	IS5 family transposase ORF A	no	group_6321	en_familia	0	0.0000	exclusivo	exclusivo	no	no	si
bin_4_52	bin-4-52	bin_4_52_03128	cds	contig_91	58306	0.4041	27610	27876	+	27609	88		Transposase IS4-like domain-containing protein	no	group_6317	en_familia	0	0.0000	exclusivo	exclusivo	no	no	si
bin_4_52	bin-4-52	bin_4_52_03129	cds	contig_91	58306	0.4041	28598	29344	-	28597	248		DNA replication protein	no	group_5674	en_familia	7	0.3043	shell	shell	si	no	no
bin_4_52	bin-4-52	bin_4_52_03130	cds	contig_91	58306	0.4041	29355	29909	-	28397	184		DUF1376 domain-containing protein	no	group_5673	en_familia	7	0.3043	shell	shell	si	no	no
bin_4_52	bin-4-52	bin_4_52_03131	cds	contig_91	58306	0.4041	29975	30226	-	28080	83		HEPN domain-containing protein	no	group_5672	en_familia	7	0.3043	shell	shell	si	no	no
bin_4_52	bin-4-52	bin_4_52_03132	cds	contig_91	58306	0.4041	30216	31400	-	26906	394		Tyr recombinase domain-containing protein	no	group_5608	en_familia	7	0.3043	shell	shell	si	no	no
bin_4_52	bin-4-52	bin_4_52_03133	cds	contig_91	58306	0.4041	31413	31628	-	26678	71		Transcription-repair coupling factor	no	group_5043	en_familia	3	0.1304	cloud	cloud	si	si	no
bin_4_52	bin-4-52	bin_4_52_03134	cds	contig_91	58306	0.4041	31781	31942	+	26364	53		helix-turn-helix domain-containing protein	no	group_4504	en_familia	3	0.1304	cloud	cloud	si	si	no
bin_4_52	bin-4-52	bin_4_52_03137	cds	contig_91	58306	0.4041	32838	33146	+	25160	102	bolA	BolA family transcriptional regulator	no	bolA	en_familia	22	0.9565	core	core	no	no	no
bin_4_52	bin-4-52	bin_4_52_03138	cds	contig_91	58306	0.4041	33156	33548	+	24758	130	sirB	Invasion protein expression up-regulator SirB	no	sirB	en_familia	22	0.9565	core	core	no	no	no
bin_4_52	bin-4-52	bin_4_52_03139	cds	contig_91	58306	0.4041	33612	34448	+	23858	278		AAA domain-containing protein	no	group_5298	en_familia	23	1.0000	core	core	no	no	no
bin_4_52	bin-4-52	bin_4_52_03140	cds	contig_91	58306	0.4041	34465	34860	+	23446	131		Lipoprotein	no	group_5331	en_familia	23	1.0000	core	core	no	no	no
bin_4_52	bin-4-52	bin_4_52_03141	cds	contig_91	58306	0.4041	35052	35645	+	22661	197	rhtB	Threonine transporter RhtB	no	group_5342	en_familia	23	1.0000	core	core	no	no	no
bin_4_52	bin-4-52	bin_4_52_03142	cds	contig_91	58306	0.4041	35662	36300	-	22006	212	dedA	DedA family protein	no	dedA	en_familia	23	1.0000	core	core	no	no	no
bin_4_52	bin-4-52	bin_4_52_03143	cds	contig_91	58306	0.4041	36491	36910	+	21396	139	doxX	DoxX family protein	no	doxX	en_familia	22	0.9565	core	core	no	no	no
bin_4_52	bin-4-52	bin_4_52_03144	cds	contig_91	58306	0.4041	37062	37427	+	20879	121		DNA-binding protein	no	group_4505	en_familia	22	0.9565	core	core	no	no	no
bin_4_52	bin-4-52	bin_4_52_03145	cds	contig_91	58306	0.4041	37626	39194	+	19112	522	guaA	glutamine-hydrolyzing GMP synthase	no	guaA	en_familia	23	1.0000	core	core	no	no	no
bin_4_52	bin-4-52	bin_4_52_03146	cds	contig_91	58306	0.4041	39579	40316	+	17990	245		Mrr restriction system protein	no	group_5683	en_familia	7	0.3043	shell	shell	si	no	no
bin_4_52	bin-4-52	bin_4_52_03147	cds	contig_91	58306	0.4041	40317	41567	-	16739	416		diguanylate cyclase	no	group_5684	en_familia	23	1.0000	core	core	no	no	no
bin_4_52	bin-4-52	bin_4_52_03148	cds	contig_91	58306	0.4041	41766	43070	-	15236	434		diguanylate cyclase	no	group_404	en_familia	22	0.9565	core	core	no	no	no
bin_4_52	bin-4-52	bin_4_52_03149	cds	contig_91	58306	0.4041	43561	44508	+	13798	315		Pirin family protein	no	group_5669	en_familia	23	1.0000	core	core	no	no	no
bin_4_52	bin-4-52	bin_4_52_03150	cds	contig_91	58306	0.4041	44539	44937	+	13369	132		Osmotically inducible protein C	no	group_5605	en_familia	23	1.0000	core	core	no	no	no
bin_4_52	bin-4-52	bin_4_52_03151	cds	contig_91	58306	0.4041	45060	45707	+	12599	215		GST N-terminal domain-containing protein	no	group_4955	en_familia	23	1.0000	core	core	no	no	no
bin_4_52	bin-4-52	bin_4_52_03152	cds	contig_91	58306	0.4041	45765	47123	-	11183	452	phoR	phosphate regulon sensor histidine kinase PhoR	no	phoR	en_familia	23	1.0000	core	core	no	no	no
bin_4_52	bin-4-52	bin_4_52_03153	cds	contig_91	58306	0.4041	47148	47858	-	10448	236	phoB	phosphate regulon transcriptional regulator PhoB	no	phoB	en_familia	23	1.0000	core	core	no	no	no
bin_4_52	bin-4-52	bin_4_52_03154	cds	contig_91	58306	0.4041	48071	48748	-	9558	225		HTH tetR-type domain-containing protein	no	group_1361	en_familia	23	1.0000	core	core	no	no	no
bin_4_52	bin-4-52	bin_4_52_03155	cds	contig_91	58306	0.4041	48969	49814	+	8492	281		Short-chain dehydrogenase	no	group_4566	en_familia	23	1.0000	core	core	no	no	no
bin_4_52	bin-4-52	bin_4_52_03156	cds	contig_91	58306	0.4041	49962	50504	-	7802	180		Luciferase-like domain-containing protein	no	moxC	en_familia	14	0.6087	shell	shell	si	no	no
bin_4_52	bin-4-52	bin_4_52_03157	cds	contig_91	58306	0.4041	50507	50665	-	7641	52		hypothetical protein	no	group_5237	en_familia	23	1.0000	core	core	no	no	no
bin_4_52	bin-4-52	bin_4_52_03158	cds	contig_91	58306	0.4041	50741	50992	+	7314	83		hypothetical protein	no	group_5237	en_familia	23	1.0000	core	core	no	no	no
bin_4_52	bin-4-52	bin_4_52_03159	cds	contig_91	58306	0.4041	50923	51327	-	6979	134		Pristinamycin IIA synthase subunit A	no	group_5237	en_familia	23	1.0000	core	core	no	no	no
bin_4_52	bin-4-52	bin_4_52_03160	cds	contig_91	58306	0.4041	51488	52852	-	5454	454		MATE efflux family protein	no	group_354	en_familia	23	1.0000	core	core	no	no	no
bin_4_52	bin-4-52	bin_4_52_03161	cds	contig_91	58306	0.4041	52988	54142	-	4164	384		Aminotransferase class I/classII large domain-containing protein	no	group_3884	en_familia	23	1.0000	core	core	no	no	no
bin_4_52	bin-4-52	bin_4_52_03162	cds	contig_91	58306	0.4041	54388	57219	+	1087	943	vgrG	Type VI secretion system tip protein VgrG	no	group_4805	en_familia	23	1.0000	core	core	no	no	no
bin_4_52	bin-4-52	bin_4_52_03163	cds	contig_91	58306	0.4041	57237	58211	+	95	324	lysM	(pseudo) LysM domain-containing protein	si	lytM~~~lysM	en_familia	10	0.4348	shell	shell	si	no	no
bin_4_52	bin-4-52	bin_4_52_03164	cds	contig_92	10951	0.3853	181	516	+	180	111		hypothetical protein	no		no_en_pangenoma			no_en_pangenoma	no_en_pangenoma			no
bin_4_52	bin-4-52	bin_4_52_03165	cds	contig_92	10951	0.3853	609	923	-	608	104		Toxin-antitoxin system, antitoxin component	no	group_5412	en_familia	9	0.3913	shell	shell	si	no	no
bin_4_52	bin-4-52	bin_4_52_03166	cds	contig_92	10951	0.3853	910	1197	-	909	95	brnT	BrnT family toxin	no	group_5393	en_familia	11	0.4783	shell	shell	si	no	no
bin_4_52	bin-4-52	bin_4_52_03167	cds	contig_92	10951	0.3853	1587	1784	+	1586	65	recX	Regulatory protein RecX	no	group_5362	en_familia	9	0.3913	shell	shell	si	no	no
bin_4_52	bin-4-52	bin_4_52_03168	cds	contig_92	10951	0.3853	1851	3728	-	1850	625	kup	potassium uptake protein	no	kup	en_familia	9	0.3913	shell	shell	si	no	no
bin_4_52	bin-4-52	bin_4_52_03169	cds	contig_92	10951	0.3853	4051	5385	+	4050	444	tnp	ISNCY family ISAba32 transposase	no	group_5469	en_familia	9	0.3913	shell	shell	si	no	no
bin_4_52	bin-4-52	bin_4_52_03170	cds	contig_92	10951	0.3853	5468	5761	-	5190	97		RelE/StbE family addiction module toxin	no	group_3553	en_familia	6	0.2609	shell	shell	si	no	no
bin_4_52	bin-4-52	bin_4_52_03171	cds	contig_92	10951	0.3853	5751	5996	-	4955	81		type II toxin-antitoxin system RelB/DinJ family antitoxin	no	group_2662	en_familia	6	0.2609	shell	shell	si	no	no
bin_4_52	bin-4-52	bin_4_52_03172	cds	contig_92	10951	0.3853	6111	7433	-	3518	440	tnp	ISNCY family ISAlw22 transposase	no	group_5458	en_familia	10	0.4348	shell	shell	si	no	no
bin_4_52	bin-4-52	bin_4_52_03173	cds	contig_92	10951	0.3853	7680	9029	-	1922	449		Chromate transporter	no	group_364	en_familia	7	0.3043	shell	shell	si	no	no
bin_4_52	bin-4-52	bin_4_52_03174	cds	contig_92	10951	0.3853	9026	9952	-	999	308	chrB	ChrB C-terminal domain-containing protein	no	chrB	en_familia	7	0.3043	shell	shell	si	no	no
bin_4_52	bin-4-52	bin_4_52_03175	cds	contig_92	10951	0.3853	10143	10493	+	458	116		DUF3147 domain-containing protein	no	group_2247	en_familia	7	0.3043	shell	shell	si	no	no
bin_4_52	bin-4-52	bin_4_52_03176	cds	contig_93	70200	0.4170	130	363	+	129	77		hypothetical protein	no	group_4674	en_familia	23	1.0000	core	core	no	no	no
bin_4_52	bin-4-52	bin_4_52_03177	cds	contig_93	70200	0.4170	521	1459	+	520	312	rarD	EamA family transporter RarD	no	rarD	en_familia	23	1.0000	core	core	no	no	no
bin_4_52	bin-4-52	bin_4_52_03178	cds	contig_93	70200	0.4170	1541	2176	+	1540	211		hypothetical protein	no	group_3448	en_familia	23	1.0000	core	core	no	no	no
bin_4_52	bin-4-52	bin_4_52_03179	cds	contig_93	70200	0.4170	2244	3326	+	2243	360		hypothetical protein	no	group_3448	en_familia	23	1.0000	core	core	no	no	no
bin_4_52	bin-4-52	bin_4_52_03180	cds	contig_93	70200	0.4170	3567	5024	+	3566	485	gapA	glyceraldehyde-3-phosphate dehydrogenase	no	gapA	en_familia	23	1.0000	core	core	no	no	no
bin_4_52	bin-4-52	bin_4_52_03181	cds	contig_93	70200	0.4170	5210	5584	+	5209	124		HTH hxlR-type domain-containing protein	no	group_3854	en_familia	23	1.0000	core	core	no	no	no
bin_4_52	bin-4-52	bin_4_52_03182	cds	contig_93	70200	0.4170	6171	7274	-	6170	367		MFS transporter	no	group_4788	en_familia	23	1.0000	core	core	no	no	no
bin_4_52	bin-4-52	bin_4_52_03183	cds	contig_93	70200	0.4170	7548	8753	+	7547	401	cgtA	Obg family GTPase CgtA	no	cgtA~~~obgE	en_familia	23	1.0000	core	core	no	no	no
bin_4_52	bin-4-52	bin_4_52_03184	cds	contig_93	70200	0.4170	8781	9914	+	8780	377		Glutamate 5-kinase	no	group_5132	en_familia	23	1.0000	core	core	no	no	no
bin_4_52	bin-4-52	bin_4_52_03185	cds	contig_93	70200	0.4170	10106	11227	+	10105	373		DUF4102 domain-containing protein	no	group_4004	en_familia	1	0.0435	cloud	cloud	si	si	no
bin_4_52	bin-4-52	bin_4_52_03186	cds	contig_93	70200	0.4170	11227	11826	+	11226	199		hypothetical protein	no	group_1528	en_familia	0	0.0000	exclusivo	exclusivo	no	no	si
bin_4_52	bin-4-52	bin_4_52_03187	cds	contig_93	70200	0.4170	11929	12204	+	11928	91	alpA	AlpA family phage regulatory protein	no	group_2551	en_familia	0	0.0000	exclusivo	exclusivo	no	no	si
bin_4_52	bin-4-52	bin_4_52_03188	cds	contig_93	70200	0.4170	12201	12419	+	12200	72		Winged helix-turn-helix domain-containing protein	no	group_2780	en_familia	0	0.0000	exclusivo	exclusivo	no	no	si
bin_4_52	bin-4-52	bin_4_52_03189	cds	contig_93	70200	0.4170	12416	12619	+	12415	67		Carrier domain-containing protein	no	group_2843	en_familia	0	0.0000	exclusivo	exclusivo	no	no	si
bin_4_52	bin-4-52	bin_4_52_03190	cds	contig_93	70200	0.4170	12616	12747	+	12615	43		DUF4372 domain-containing protein	no	group_2999	en_familia	0	0.0000	exclusivo	exclusivo	no	no	si
bin_4_52	bin-4-52	bin_4_52_03191	cds	contig_93	70200	0.4170	12744	13061	+	12743	105		hypothetical protein	no	group_2379	en_familia	0	0.0000	exclusivo	exclusivo	no	no	si
bin_4_52	bin-4-52	bin_4_52_03193	cds	contig_93	70200	0.4170	13054	13452	+	13053	132		DUF3077 domain-containing protein	no	group_2095	en_familia	0	0.0000	exclusivo	exclusivo	no	no	si
bin_4_52	bin-4-52	bin_4_52_03194	cds	contig_93	70200	0.4170	13449	15599	+	13448	716		DUF3987 domain-containing protein	no	group_123	en_familia	0	0.0000	exclusivo	exclusivo	no	no	si
bin_4_52	bin-4-52	bin_4_52_03195	cds	contig_93	70200	0.4170	15941	16303	+	15940	120		Helix-turn-helix domain-containing protein	no	group_2213	en_familia	0	0.0000	exclusivo	exclusivo	no	no	si
bin_4_52	bin-4-52	bin_4_52_03196	cds	contig_93	70200	0.4170	16370	17332	+	16369	320		HK97 family phage major capsid protein	no	group_865	en_familia	0	0.0000	exclusivo	exclusivo	no	no	si
bin_4_52	bin-4-52	bin_4_52_03197	cds	contig_93	70200	0.4170	17337	18065	+	17336	242		HK97 family phage prohead protease	no	group_1274	en_familia	0	0.0000	exclusivo	exclusivo	no	no	si
bin_4_52	bin-4-52	bin_4_52_03198	cds	contig_93	70200	0.4170	18062	18415	+	18061	117		hypothetical protein	no	group_2245	en_familia	0	0.0000	exclusivo	exclusivo	no	no	si
bin_4_52	bin-4-52	bin_4_52_03199	cds	contig_93	70200	0.4170	18471	18791	+	18470	106		HNH endonuclease	no	group_2370	en_familia	0	0.0000	exclusivo	exclusivo	no	no	si
bin_4_52	bin-4-52	bin_4_52_03200	cds	contig_93	70200	0.4170	18869	19189	+	18868	106		Terminase small subunit	no	group_2371	en_familia	0	0.0000	exclusivo	exclusivo	no	no	si
bin_4_52	bin-4-52	bin_4_52_03201	cds	contig_93	70200	0.4170	19631	20227	-	19630	198		undecaprenyl-diphosphate phosphatase	no	group_4801	en_familia	23	1.0000	core	core	no	no	no
bin_4_52	bin-4-52	bin_4_52_03202	cds	contig_93	70200	0.4170	20392	21096	-	20391	234		DUF541 domain-containing protein	no	group_3881	en_familia	23	1.0000	core	core	no	no	no
bin_4_52	bin-4-52	bin_4_52_03203	cds	contig_93	70200	0.4170	21572	22945	+	21571	457	dat	diaminobutyrate--2-oxoglutarate transaminase	no	dat	en_familia	23	1.0000	core	core	no	no	no
bin_4_52	bin-4-52	bin_4_52_03204	cds	contig_93	70200	0.4170	22949	24481	+	22948	510		Aspartate aminotransferase family protein	no	group_3882	en_familia	23	1.0000	core	core	no	no	no
bin_4_52	bin-4-52	bin_4_52_03205	cds	contig_93	70200	0.4170	24864	25892	+	24863	342		PBP domain-containing protein	no	group_3606	en_familia	23	1.0000	core	core	no	no	no
bin_4_52	bin-4-52	bin_4_52_03206	cds	contig_93	70200	0.4170	25992	27371	+	25991	459	pstC	phosphate ABC transporter permease subunit PstC	no	pstC	en_familia	23	1.0000	core	core	no	no	no
bin_4_52	bin-4-52	bin_4_52_03207	cds	contig_93	70200	0.4170	27371	28762	+	27370	463	pstA	phosphate ABC transporter permease PstA	no	pstA	en_familia	23	1.0000	core	core	no	no	no
bin_4_52	bin-4-52	bin_4_52_03208	cds	contig_93	70200	0.4170	28773	29687	+	28772	304	pstB	phosphate ABC transporter ATP-binding protein PstB	no	pstB	en_familia	23	1.0000	core	core	no	no	no
bin_4_52	bin-4-52	bin_4_52_03209	cds	contig_93	70200	0.4170	29782	30495	+	29781	237		2TM domain-containing protein	no	group_4536	en_familia	23	1.0000	core	core	no	no	no
bin_4_52	bin-4-52	bin_4_52_03210	cds	contig_93	70200	0.4170	30543	31505	+	30542	320	sohB	protease SohB	no	sohB	en_familia	23	1.0000	core	core	no	no	no
bin_4_52	bin-4-52	bin_4_52_03211	cds	contig_93	70200	0.4170	31613	32074	+	31612	153		Cardiolipin synthase N-terminal domain-containing protein	no	group_4100	en_familia	23	1.0000	core	core	no	no	no
bin_4_52	bin-4-52	bin_4_52_03212	cds	contig_93	70200	0.4170	32102	32338	+	32101	78	cdiI	CdiI immunity protein domain-containing protein	no	cdiI	en_familia	23	1.0000	core	core	no	no	no
bin_4_52	bin-4-52	bin_4_52_03213	cds	contig_93	70200	0.4170	32403	33044	-	32402	213		DUF2238 domain-containing protein	no	group_3877	en_familia	23	1.0000	core	core	no	no	no
bin_4_52	bin-4-52	bin_4_52_03214	cds	contig_93	70200	0.4170	33135	34523	-	33134	462	purB	adenylosuccinate lyase	no	purB	en_familia	23	1.0000	core	core	no	no	no
bin_4_52	bin-4-52	bin_4_52_03215	cds	contig_93	70200	0.4170	34580	35311	-	34579	243	hflD	high frequency lysogenization protein HflD	no	hflD	en_familia	23	1.0000	core	core	no	no	no
bin_4_52	bin-4-52	bin_4_52_03216	cds	contig_93	70200	0.4170	35325	36458	-	33742	377	mnmA	tRNA 2-thiouridine(34) synthase MnmA	no	mnmA	en_familia	23	1.0000	core	core	no	no	no
bin_4_52	bin-4-52	bin_4_52_03217	cds	contig_93	70200	0.4170	36463	36948	-	33252	161	nudJ	Phosphatase NudJ	no	nudJ	en_familia	23	1.0000	core	core	no	no	no
bin_4_52	bin-4-52	bin_4_52_03218	cds	contig_93	70200	0.4170	37229	38611	-	31589	460		Sensor protein	no	group_4800	en_familia	16	0.6957	shell	shell	si	no	no
bin_4_52	bin-4-52	bin_4_52_03219	cds	contig_93	70200	0.4170	38608	39279	-	30921	223		Heavy metal response regulator	no	copR	en_familia	12	0.5217	shell	shell	si	no	no
bin_4_52	bin-4-52	bin_4_52_03220	cds	contig_93	70200	0.4170	39401	39877	+	30323	158		Heme-binding protein	no	group_1858	en_familia	12	0.5217	shell	shell	si	no	no
bin_4_52	bin-4-52	bin_4_52_03221	cds	contig_93	70200	0.4170	39908	40306	+	29894	132	uraH	hydroxyisourate hydrolase	no	group_4440	en_familia	14	0.6087	shell	shell	si	no	no
bin_4_52	bin-4-52	bin_4_52_03222	cds	contig_93	70200	0.4170	40641	41156	+	29044	171		DUF1543 domain-containing protein	no	group_5031	en_familia	23	1.0000	core	core	no	no	no
bin_4_52	bin-4-52	bin_4_52_03223	cds	contig_93	70200	0.4170	41298	42077	-	28123	259		DUF4262 domain-containing protein	no	group_4937	en_familia	23	1.0000	core	core	no	no	no
bin_4_52	bin-4-52	bin_4_52_03224	cds	contig_93	70200	0.4170	42155	42685	-	27515	176	yrdA	Protein YrdA	no	yrdA	en_familia	23	1.0000	core	core	no	no	no
bin_4_52	bin-4-52	bin_4_52_03225	cds	contig_93	70200	0.4170	42797	43945	-	26255	382	dacC	D-alanyl-D-alanine carboxypeptidase PBP5/6	no	dacC	en_familia	23	1.0000	core	core	no	no	no
bin_4_52	bin-4-52	bin_4_52_03226	cds	contig_93	70200	0.4170	44073	44456	-	25744	127		Signal peptide protein, YSIRK family	no	group_2135	en_familia	23	1.0000	core	core	no	no	no
bin_4_52	bin-4-52	bin_4_52_03227	cds	contig_93	70200	0.4170	44615	44989	-	25211	124		hypothetical protein	no	group_2158	en_familia	23	1.0000	core	core	no	no	no
bin_4_52	bin-4-52	bin_4_52_03228	cds	contig_93	70200	0.4170	45057	45875	+	24325	272	surE	5'/3'-nucleotidase SurE	no	surE	en_familia	23	1.0000	core	core	no	no	no
bin_4_52	bin-4-52	bin_4_52_03229	cds	contig_93	70200	0.4170	45984	46814	+	23386	276	lysM	LysM domain-containing protein	no	group_4613	en_familia	23	1.0000	core	core	no	no	no
bin_4_52	bin-4-52	bin_4_52_03230	cds	contig_93	70200	0.4170	46907	47836	+	22364	309		HTH lysR-type domain-containing protein	no	group_3408	en_familia	23	1.0000	core	core	no	no	no
bin_4_52	bin-4-52	bin_4_52_03231	cds	contig_93	70200	0.4170	47897	49108	-	21092	403		Acetylornithine aminotransferase	no	group_3532	en_familia	23	1.0000	core	core	no	no	no
bin_4_52	bin-4-52	bin_4_52_03232	cds	contig_93	70200	0.4170	49307	49648	+	20552	113	grxD	Grx4 family monothiol glutaredoxin	no	grxD	en_familia	23	1.0000	core	core	no	no	no
bin_4_52	bin-4-52	bin_4_52_03233	cds	contig_93	70200	0.4170	49742	52414	-	17786	890		endopeptidase La	no	group_4402	en_familia	23	1.0000	core	core	no	no	no
bin_4_52	bin-4-52	bin_4_52_03234	cds	contig_93	70200	0.4170	52515	54773	+	15427	752		Major facilitator superfamily (MFS) profile domain-containing protein	no	group_3718	en_familia	23	1.0000	core	core	no	no	no
bin_4_52	bin-4-52	bin_4_52_03235	cds	contig_93	70200	0.4170	54775	55176	+	15024	133	gloA	lactoylglutathione lyase	no	gloA	en_familia	23	1.0000	core	core	no	no	no
bin_4_52	bin-4-52	bin_4_52_03236	cds	contig_93	70200	0.4170	55324	56304	+	13896	326		Bile acid:sodium symporter	no	group_4373	en_familia	23	1.0000	core	core	no	no	no
bin_4_52	bin-4-52	bin_4_52_03237	cds	contig_93	70200	0.4170	56505	56729	+	13471	74	rpmE	50S ribosomal protein L31	no	rpmE	en_familia	23	1.0000	core	core	no	no	no
bin_4_52	bin-4-52	bin_4_52_03238	cds	contig_93	70200	0.4170	56817	59006	-	11194	729		EAL domain-containing protein	no	group_3374	en_familia	23	1.0000	core	core	no	no	no
bin_4_52	bin-4-52	bin_4_52_03239	cds	contig_93	70200	0.4170	58988	60733	-	9467	581		GTPase	no	group_5083	en_familia	23	1.0000	core	core	no	no	no
bin_4_52	bin-4-52	bin_4_52_03240	cds	contig_93	70200	0.4170	60746	61762	-	8438	338	epmB	EF-P beta-lysylation protein EpmB	no	epmB	en_familia	23	1.0000	core	core	no	no	no
bin_4_52	bin-4-52	bin_4_52_03241	cds	contig_93	70200	0.4170	62141	62710	+	7490	189	efp	elongation factor P	no	efp	en_familia	23	1.0000	core	core	no	no	no
bin_4_52	bin-4-52	bin_4_52_03242	cds	contig_93	70200	0.4170	62881	64980	+	5220	699	cstA	CstA N-terminal domain-containing protein	no	cstA	en_familia	23	1.0000	core	core	no	no	no
bin_4_52	bin-4-52	bin_4_52_03243	cds	contig_93	70200	0.4170	64991	65293	+	4907	100		YbdD/YjiX family protein	no	group_3359	en_familia	23	1.0000	core	core	no	no	no
bin_4_52	bin-4-52	bin_4_52_03244	cds	contig_93	70200	0.4170	65756	66715	+	3485	319		AAA+ ATPase domain-containing protein	no	group_4901	en_familia	23	1.0000	core	core	no	no	no
bin_4_52	bin-4-52	bin_4_52_03245	cds	contig_93	70200	0.4170	66726	67631	+	2569	301		DUF58 domain-containing protein	no	group_4101	en_familia	23	1.0000	core	core	no	no	no
bin_4_52	bin-4-52	bin_4_52_03246	cds	contig_93	70200	0.4170	67642	69651	+	549	669		Transglutaminase-like domain-containing protein	no	group_5058	en_familia	23	1.0000	core	core	no	no	no
bin_4_52	bin-4-52	bin_4_52_03248	cds	contig_94	30063	0.4418	197	1123	-	196	308	xerA	site-specific tyrosine recombinase/integron integrase	no	xerA	en_familia	23	1.0000	core	core	no	no	no
bin_4_52	bin-4-52	bin_4_52_03249	cds	contig_94	30063	0.4418	1233	2078	-	1232	281	dapF	diaminopimelate epimerase	no	dapF	en_familia	23	1.0000	core	core	no	no	no
bin_4_52	bin-4-52	bin_4_52_03250	cds	contig_94	30063	0.4418	2091	3335	-	2090	414	lysA	diaminopimelate decarboxylase	no	lysA	en_familia	23	1.0000	core	core	no	no	no
bin_4_52	bin-4-52	bin_4_52_03251	cds	contig_94	30063	0.4418	3360	3644	-	3359	94	lptM	LPS translocon maturation chaperone LptM	no	lptM	en_familia	23	1.0000	core	core	no	no	no
bin_4_52	bin-4-52	bin_4_52_03252	cds	contig_94	30063	0.4418	3725	5128	-	3724	467		Amino acid permease/ SLC12A domain-containing protein	no	group_331	en_familia	23	1.0000	core	core	no	no	no
bin_4_52	bin-4-52	bin_4_52_03253	cds	contig_94	30063	0.4418	5451	6797	+	5450	448		Amino acid carrier protein	no	group_368	en_familia	23	1.0000	core	core	no	no	no
bin_4_52	bin-4-52	bin_4_52_03254	cds	contig_94	30063	0.4418	6873	7301	-	6872	142		DUF2004 domain-containing protein	no	group_3391	en_familia	23	1.0000	core	core	no	no	no
bin_4_52	bin-4-52	bin_4_52_03255	cds	contig_94	30063	0.4418	7489	8874	+	7488	461	radA	DNA repair protein RadA	no	radA	en_familia	23	1.0000	core	core	no	no	no
bin_4_52	bin-4-52	bin_4_52_03256	cds	contig_94	30063	0.4418	8996	10003	+	8995	335		Tim44-like domain-containing protein	no	group_3878	en_familia	23	1.0000	core	core	no	no	no
bin_4_52	bin-4-52	bin_4_52_03257	cds	contig_94	30063	0.4418	10252	10596	+	10251	114		Iron transporter	no	group_3814	en_familia	23	1.0000	core	core	no	no	no
bin_4_52	bin-4-52	bin_4_52_03258	cds	contig_94	30063	0.4418	10598	12373	+	10597	591		PepSY domain-containing protein	no	group_4764	en_familia	23	1.0000	core	core	no	no	no
bin_4_52	bin-4-52	bin_4_52_03259	cds	contig_94	30063	0.4418	12370	12708	+	12369	112		DUF3325 domain-containing protein	no	group_4655	en_familia	23	1.0000	core	core	no	no	no
bin_4_52	bin-4-52	bin_4_52_03260	cds	contig_94	30063	0.4418	12806	13330	+	12805	174		Sel1 repeat family protein	no	group_3880	en_familia	23	1.0000	core	core	no	no	no
bin_4_52	bin-4-52	bin_4_52_03261	cds	contig_94	30063	0.4418	13635	15017	+	13634	460	ahcY	adenosylhomocysteinase	no	ahcY	en_familia	23	1.0000	core	core	no	no	no
bin_4_52	bin-4-52	bin_4_52_03262	cds	contig_94	30063	0.4418	15208	16044	+	14019	278	metF	methylenetetrahydrofolate reductase [NAD(P)H]	no	metF	en_familia	23	1.0000	core	core	no	no	no
bin_4_52	bin-4-52	bin_4_52_03263	cds	contig_94	30063	0.4418	16152	16862	+	13201	236		16S rRNA (uracil(1498)-N(3))-methyltransferase	no	group_3711	en_familia	23	1.0000	core	core	no	no	no
bin_4_52	bin-4-52	bin_4_52_03264	cds	contig_94	30063	0.4418	17058	19934	+	10129	958		Histidine kinase	no	group_62	en_familia	23	1.0000	core	core	no	no	no
bin_4_52	bin-4-52	bin_4_52_03265	cds	contig_94	30063	0.4418	20073	22352	+	7711	759		NADP-dependent malic enzyme	no	group_108	en_familia	23	1.0000	core	core	no	no	no
bin_4_52	bin-4-52	bin_4_52_03266	cds	contig_94	30063	0.4418	22436	23668	+	6395	410		multifunctional CCA addition/repair protein	no	group_491	en_familia	23	1.0000	core	core	no	no	no
bin_4_52	bin-4-52	bin_4_52_03267	cds	contig_94	30063	0.4418	23799	24485	+	5578	228		hypothetical protein	no	group_1349	en_familia	0	0.0000	exclusivo	exclusivo	no	no	si
bin_4_52	bin-4-52	bin_4_52_03268	cds	contig_94	30063	0.4418	24532	25506	-	4557	324	epmA	EF-P lysine aminoacylase EpmA	no	epmA	en_familia	23	1.0000	core	core	no	no	no
bin_4_52	bin-4-52	bin_4_52_03269	cds	contig_94	30063	0.4418	25503	26570	-	3493	355		Erythronate-4-phosphate dehydrogenase	no	group_4095	en_familia	23	1.0000	core	core	no	no	no
bin_4_52	bin-4-52	bin_4_52_03270	cds	contig_94	30063	0.4418	26710	27948	-	2115	412		CoA transferase	no	group_3863	en_familia	23	1.0000	core	core	no	no	no
bin_4_52	bin-4-52	bin_4_52_03271	cds	contig_94	30063	0.4418	28001	29431	-	632	476		Major facilitator superfamily (MFS) profile domain-containing protein	no	group_314	en_familia	23	1.0000	core	core	no	no	no
bin_4_52	bin-4-52	bin_4_52_03272	cds	contig_94	30063	0.4418	29658	30020	-	43	120		Glutaryl-CoA dehydrogenase	no	group_4543	en_familia	23	1.0000	core	core	no	no	no
bin_4_52	bin-4-52	bin_4_52_03273	cds	contig_95	27748	0.4389	516	989	-	515	157		SHSP domain-containing protein	no	group_4252	en_familia	23	1.0000	core	core	no	no	no
bin_4_52	bin-4-52	bin_4_52_03274	cds	contig_95	27748	0.4389	1271	1891	+	1270	206		Glutathione S-transferase	no	group_4971	en_familia	23	1.0000	core	core	no	no	no
bin_4_52	bin-4-52	bin_4_52_03275	cds	contig_95	27748	0.4389	1967	2257	+	1966	96		ABC transporter permease	no	group_4251	en_familia	23	1.0000	core	core	no	no	no
bin_4_52	bin-4-52	bin_4_52_03276	cds	contig_95	27748	0.4389	2275	2697	+	2274	140		VTT domain-containing protein	no	group_4972	en_familia	23	1.0000	core	core	no	no	no
bin_4_52	bin-4-52	bin_4_52_03277	cds	contig_95	27748	0.4389	2724	3464	-	2723	246	tonB	TonB C-terminal domain-containing protein	no	group_4470	en_familia	23	1.0000	core	core	no	no	no
bin_4_52	bin-4-52	bin_4_52_03278	cds	contig_95	27748	0.4389	3877	4071	+	3876	64	rpmI	50S ribosomal protein L35	no	rpmI	en_familia	23	1.0000	core	core	no	no	no
bin_4_52	bin-4-52	bin_4_52_03279	cds	contig_95	27748	0.4389	4083	4442	+	4082	119	rplT	50S ribosomal protein L20	no	rplT	en_familia	23	1.0000	core	core	no	no	no
bin_4_52	bin-4-52	bin_4_52_03280	cds	contig_95	27748	0.4389	4520	5098	+	4519	192		Adenylate kinase	no	group_4390	en_familia	23	1.0000	core	core	no	no	no
bin_4_52	bin-4-52	bin_4_52_03281	cds	contig_95	27748	0.4389	5095	6117	-	5094	340		hypothetical protein	no	group_4092	en_familia	23	1.0000	core	core	no	no	no
bin_4_52	bin-4-52	bin_4_52_03282	cds	contig_95	27748	0.4389	6278	7258	+	6277	326	pheS	phenylalanine--tRNA ligase subunit alpha	no	pheS	en_familia	23	1.0000	core	core	no	no	no
bin_4_52	bin-4-52	bin_4_52_03283	cds	contig_95	27748	0.4389	7397	9778	+	7396	793	pheT	phenylalanine--tRNA ligase subunit beta	no	pheT	en_familia	23	1.0000	core	core	no	no	no
bin_4_52	bin-4-52	bin_4_52_03284	cds	contig_95	27748	0.4389	9775	10071	+	9774	98	ihfA	integration host factor subunit alpha	no	ihfA	en_familia	23	1.0000	core	core	no	no	no
bin_4_52	bin-4-52	bin_4_52_03285	cds	contig_95	27748	0.4389	10176	10457	-	10175	93		hypothetical protein	no	group_3934	en_familia	23	1.0000	core	core	no	no	no
bin_4_52	bin-4-52	bin_4_52_03286	cds	contig_95	27748	0.4389	10870	12138	-	10869	422	rho	transcription termination factor Rho	no	rho	en_familia	23	1.0000	core	core	no	no	no
bin_4_52	bin-4-52	bin_4_52_03287	cds	contig_95	27748	0.4389	12467	12793	-	12466	108	trxA	thioredoxin	no	trxA	en_familia	23	1.0000	core	core	no	no	no
bin_4_52	bin-4-52	bin_4_52_03288	cds	contig_95	27748	0.4389	13058	14578	+	13057	506	ppx	exopolyphosphatase	no	ppx	en_familia	23	1.0000	core	core	no	no	no
bin_4_52	bin-4-52	bin_4_52_03289	cds	contig_95	27748	0.4389	14609	15433	+	12315	274		acetyl-CoA carboxylase carboxyltransferase subunit alpha	no	group_1100	en_familia	23	1.0000	core	core	no	no	no
bin_4_52	bin-4-52	bin_4_52_03290	cds	contig_95	27748	0.4389	15499	16743	+	11005	414		tRNA(Ile)-lysidine synthase	no	group_4169	en_familia	23	1.0000	core	core	no	no	no
bin_4_52	bin-4-52	bin_4_52_03291	cds	contig_95	27748	0.4389	16746	17576	+	10172	276	proC	pyrroline-5-carboxylate reductase	no	proC	en_familia	23	1.0000	core	core	no	no	no
bin_4_52	bin-4-52	bin_4_52_03292	cds	contig_95	27748	0.4389	17610	18179	+	9569	189	yggT	YggT family protein	no	yggT	en_familia	23	1.0000	core	core	no	no	no
bin_4_52	bin-4-52	bin_4_52_03293	cds	contig_95	27748	0.4389	18467	21223	-	6525	918	polA	DNA polymerase I	no	polA	en_familia	23	1.0000	core	core	no	no	no
bin_4_52	bin-4-52	bin_4_52_03294	cds	contig_95	27748	0.4389	21364	24087	+	3661	907		DUF2339 domain-containing protein	no	group_4596	en_familia	23	1.0000	core	core	no	no	no
bin_4_52	bin-4-52	bin_4_52_03295	cds	contig_95	27748	0.4389	24228	25151	-	2597	307		Small-conductance mechanosensitive channel	no	group_937	en_familia	23	1.0000	core	core	no	no	no
bin_4_52	bin-4-52	bin_4_52_03296	cds	contig_95	27748	0.4389	25161	25982	-	1766	273		DUF2169 domain-containing protein	no	group_4122	en_familia	23	1.0000	core	core	no	no	no
bin_4_52	bin-4-52	bin_4_52_03297	cds	contig_95	27748	0.4389	26032	27579	+	169	515	gspE	type II secretion system ATPase GspE	no	gspE	en_familia	23	1.0000	core	core	no	no	no
bin_4_52	bin-4-52	bin_4_52_03298	cds	contig_96	57781	0.4342	301	1269	+	300	322		Metallo-beta-lactamase domain-containing protein	no	group_3985	en_familia	23	1.0000	core	core	no	no	no
bin_4_52	bin-4-52	bin_4_52_03299	cds	contig_96	57781	0.4342	1720	2907	+	1719	395		Ammonium transporter AmtB-like domain-containing protein	no	group_541	en_familia	23	1.0000	core	core	no	no	no
bin_4_52	bin-4-52	bin_4_52_03300	cds	contig_96	57781	0.4342	2974	3597	-	2973	207		Threonine efflux protein	no	group_3984	en_familia	23	1.0000	core	core	no	no	no
bin_4_52	bin-4-52	bin_4_52_03301	cds	contig_96	57781	0.4342	3709	3888	-	3708	59		Lipoprotein	no	group_4849	en_familia	23	1.0000	core	core	no	no	no
bin_4_52	bin-4-52	bin_4_52_03302	cds	contig_96	57781	0.4342	4065	4940	+	4064	291		Tryptophan synthase beta chain-like PALP domain-containing protein	no	group_4409	en_familia	23	1.0000	core	core	no	no	no
bin_4_52	bin-4-52	bin_4_52_03303	cds	contig_96	57781	0.4342	4937	5263	-	4936	108		Transmembrane protein	no	group_2334	en_familia	23	1.0000	core	core	no	no	no
bin_4_52	bin-4-52	bin_4_52_03304	cds	contig_96	57781	0.4342	5448	6647	+	5447	399		BaiN-like insert domain-containing protein	no	group_3537	en_familia	23	1.0000	core	core	no	no	no
bin_4_52	bin-4-52	bin_4_52_03305	cds	contig_96	57781	0.4342	6678	6830	-	6677	50		hypothetical protein	no	group_3411	en_familia	23	1.0000	core	core	no	no	no
bin_4_52	bin-4-52	bin_4_52_03306	cds	contig_96	57781	0.4342	6955	7122	-	6954	55		hypothetical protein	no	group_3796	en_familia	23	1.0000	core	core	no	no	no
bin_4_52	bin-4-52	bin_4_52_03307	cds	contig_96	57781	0.4342	7191	9020	-	7190	609		Small-conductance mechanosensitive channel	no	group_185	en_familia	23	1.0000	core	core	no	no	no
bin_4_52	bin-4-52	bin_4_52_03308	cds	contig_96	57781	0.4342	9225	9599	-	9224	124		hypothetical protein	no	group_2157	en_familia	23	1.0000	core	core	no	no	no
bin_4_52	bin-4-52	bin_4_52_03309	cds	contig_96	57781	0.4342	9734	10552	-	9733	272	eutC	ethanolamine ammonia-lyase subunit EutC	no	eutC	en_familia	23	1.0000	core	core	no	no	no
bin_4_52	bin-4-52	bin_4_52_03310	cds	contig_96	57781	0.4342	10649	11947	-	10648	432		Ethanolamine ammonia-lyase large subunit	no	group_4798	en_familia	23	1.0000	core	core	no	no	no
bin_4_52	bin-4-52	bin_4_52_03311	cds	contig_96	57781	0.4342	11973	12911	-	11972	312	eat	ethanolamine permease	no	eat	en_familia	23	1.0000	core	core	no	no	no
bin_4_52	bin-4-52	bin_4_52_03312	cds	contig_96	57781	0.4342	12925	13293	-	12924	122		Ethanolamine permease	no	eat	en_familia	23	1.0000	core	core	no	no	no
bin_4_52	bin-4-52	bin_4_52_03313	cds	contig_96	57781	0.4342	13444	13866	+	13443	140		DUF302 domain-containing protein	no	group_2025	en_familia	23	1.0000	core	core	no	no	no
bin_4_52	bin-4-52	bin_4_52_03314	cds	contig_96	57781	0.4342	14044	14805	-	14043	253		ferredoxin--NADP(+) reductase	no	group_1198	en_familia	23	1.0000	core	core	no	no	no
bin_4_52	bin-4-52	bin_4_52_03315	cds	contig_96	57781	0.4342	14891	15769	+	14890	292	gigC	LysR family transcriptional regulator GigC	no	gigC	en_familia	23	1.0000	core	core	no	no	no
bin_4_52	bin-4-52	bin_4_52_03316	cds	contig_96	57781	0.4342	15851	16213	-	15850	120		CSD domain-containing protein	no	group_4145	en_familia	23	1.0000	core	core	no	no	no
bin_4_52	bin-4-52	bin_4_52_03317	cds	contig_96	57781	0.4342	16416	16709	-	16415	97		Cold shock domain-containing protein	no	group_4918	en_familia	23	1.0000	core	core	no	no	no
bin_4_52	bin-4-52	bin_4_52_03318	cds	contig_96	57781	0.4342	16793	17428	-	16792	211	upp	uracil phosphoribosyltransferase	no	upp	en_familia	23	1.0000	core	core	no	no	no
bin_4_52	bin-4-52	bin_4_52_03319	cds	contig_96	57781	0.4342	17556	19100	-	17555	514	nuoN	NADH-quinone oxidoreductase subunit NuoN	no	nuoN	en_familia	23	1.0000	core	core	no	no	no
bin_4_52	bin-4-52	bin_4_52_03320	cds	contig_96	57781	0.4342	19104	20717	-	19103	537	nuoM	NADH-quinone oxidoreductase subunit M	no	nuoM	en_familia	23	1.0000	core	core	no	no	no
bin_4_52	bin-4-52	bin_4_52_03321	cds	contig_96	57781	0.4342	20719	22608	-	20718	629	nuoL	NADH-quinone oxidoreductase subunit L	no	nuoL	en_familia	23	1.0000	core	core	no	no	no
bin_4_52	bin-4-52	bin_4_52_03322	cds	contig_96	57781	0.4342	22605	22913	-	22604	102	nuoK	NADH-quinone oxidoreductase subunit NuoK	no	nuoK	en_familia	23	1.0000	core	core	no	no	no
bin_4_52	bin-4-52	bin_4_52_03323	cds	contig_96	57781	0.4342	22913	23434	-	22912	173	nuoJ	NADH-quinone oxidoreductase subunit J	no	nuoJ	en_familia	23	1.0000	core	core	no	no	no
bin_4_52	bin-4-52	bin_4_52_03324	cds	contig_96	57781	0.4342	23431	23973	-	23430	180	nuoI	NADH-quinone oxidoreductase subunit NuoI	no	nuoI	en_familia	23	1.0000	core	core	no	no	no
bin_4_52	bin-4-52	bin_4_52_03325	cds	contig_96	57781	0.4342	23992	25008	-	23991	338	nuoH	NADH-quinone oxidoreductase subunit NuoH	no	nuoH	en_familia	23	1.0000	core	core	no	no	no
bin_4_52	bin-4-52	bin_4_52_03326	cds	contig_96	57781	0.4342	25012	27690	-	25011	892	nuoG	NADH-quinone oxidoreductase subunit NuoG	no	nuoG	en_familia	23	1.0000	core	core	no	no	no
bin_4_52	bin-4-52	bin_4_52_03327	cds	contig_96	57781	0.4342	27702	29033	-	27701	443	nuoF	NADH-quinone oxidoreductase subunit NuoF	no	nuoF	en_familia	23	1.0000	core	core	no	no	no
bin_4_52	bin-4-52	bin_4_52_03328	cds	contig_96	57781	0.4342	29030	29539	-	28242	169	nuoE	NADH-quinone oxidoreductase subunit NuoE	no	nuoE	en_familia	23	1.0000	core	core	no	no	no
bin_4_52	bin-4-52	bin_4_52_03329	cds	contig_96	57781	0.4342	29554	31341	-	26440	595	nuoC	NADH-quinone oxidoreductase subunit C/D	no	nuoC	en_familia	23	1.0000	core	core	no	no	no
bin_4_52	bin-4-52	bin_4_52_03330	cds	contig_96	57781	0.4342	31430	32110	-	25671	226	nuoB	NADH-quinone oxidoreductase subunit B	no	nuoB	en_familia	23	1.0000	core	core	no	no	no
bin_4_52	bin-4-52	bin_4_52_03331	cds	contig_96	57781	0.4342	32117	32662	-	25119	181		NADH-quinone oxidoreductase subunit A	no	group_4754	en_familia	23	1.0000	core	core	no	no	no
bin_4_52	bin-4-52	bin_4_52_03332	cds	contig_96	57781	0.4342	33065	33421	+	24360	118		hypothetical protein	no	group_3816	en_familia	20	0.8696	shell	shell	si	no	no
bin_4_52	bin-4-52	bin_4_52_03333	cds	contig_96	57781	0.4342	33514	35181	-	22600	555	bfmS	sensor histidine kinase BfmS	no	bfmS	en_familia	23	1.0000	core	core	no	no	no
bin_4_52	bin-4-52	bin_4_52_03334	cds	contig_96	57781	0.4342	35224	35940	-	21841	238	bfmR	response regulator transcription factor BfmR	no	bfmR	en_familia	23	1.0000	core	core	no	no	no
bin_4_52	bin-4-52	bin_4_52_03335	cds	contig_96	57781	0.4342	36496	39333	+	18448	945		ribonucleoside-diphosphate reductase subunit alpha	no	group_4212	en_familia	23	1.0000	core	core	no	no	no
bin_4_52	bin-4-52	bin_4_52_03336	cds	contig_96	57781	0.4342	39813	39941	+	17840	42	yajC	Preprotein translocase subunit YajC	no	group_3930	en_familia	23	1.0000	core	core	no	no	no
bin_4_52	bin-4-52	bin_4_52_03337	cds	contig_96	57781	0.4342	40084	41367	+	16414	427		ribonucleotide-diphosphate reductase subunit beta	no	group_4825	en_familia	23	1.0000	core	core	no	no	no
bin_4_52	bin-4-52	bin_4_52_03338	cds	contig_96	57781	0.4342	42127	42663	+	15118	178		Lipoprotein	no	group_3395	en_familia	5	0.2174	shell	shell	si	no	no
bin_4_52	bin-4-52	bin_4_52_03339	cds	contig_96	57781	0.4342	42656	43975	+	13806	439		hypothetical protein	no	group_3608	en_familia	5	0.2174	shell	shell	si	no	no
bin_4_52	bin-4-52	bin_4_52_03340	cds	contig_96	57781	0.4342	44637	45065	-	12716	142	arsC	arsenate reductase (glutaredoxin)	no	group_5252	en_familia	22	0.9565	core	core	no	no	no
bin_4_52	bin-4-52	bin_4_52_03341	cds	contig_96	57781	0.4342	45149	45466	+	12315	105		HTH arsR-type domain-containing protein	no	group_5114	en_familia	22	0.9565	core	core	no	no	no
bin_4_52	bin-4-52	bin_4_52_03342	cds	contig_96	57781	0.4342	45477	46517	+	11264	346	arsB	ACR3 family arsenite efflux transporter	no	group_4722	en_familia	22	0.9565	core	core	no	no	no
bin_4_52	bin-4-52	bin_4_52_03343	cds	contig_96	57781	0.4342	46522	47226	+	10555	234	arsH	arsenical resistance protein ArsH	no	group_3756	en_familia	22	0.9565	core	core	no	no	no
bin_4_52	bin-4-52	bin_4_52_03344	cds	contig_96	57781	0.4342	47336	49495	-	8286	719		TonB-dependent receptor	no	yncD	en_familia	23	1.0000	core	core	no	no	no
bin_4_52	bin-4-52	bin_4_52_03345	cds	contig_96	57781	0.4342	49730	52132	-	5649	800		Quinoprotein glucose dehydrogenase A	no	group_4519	en_familia	23	1.0000	core	core	no	no	no
bin_4_52	bin-4-52	bin_4_52_03346	cds	contig_96	57781	0.4342	52297	53556	-	4225	419		carbohydrate porin	no	oprB	en_familia	23	1.0000	core	core	no	no	no
bin_4_52	bin-4-52	bin_4_52_03347	cds	contig_96	57781	0.4342	53917	57720	-	61	1267		Bacterial Ig-like domain-containing protein	no	group_5367	en_familia	16	0.6957	shell	shell	si	no	no
