bin	genoma_original	locus_tag	tipo_feature	contig	largo_contig	gc_contig	inicio	fin	hebra	dist_borde_pb	largo_aa	gen	producto	pseudo	familia	estado_panaroo	n_ref	f_ref	categoria_95	categoria_90	accesorio	solo_cloud	exclusivo_candidato
bin_5_63	bin-5-63	bin_5_63_00001	cds	contig_1	30177	0.4237	1065	1697	+	1064	210	acuA	Acetoin utilization protein AcuA	no	acuA	en_familia	50	1.0000	core	core	no	no	no
bin_5_63	bin-5-63	bin_5_63_00002	cds	contig_1	30177	0.4237	1736	2377	+	1735	213		Inosine-5'-monophosphate dehydrogenase	no	group_1430	en_familia	50	1.0000	core	core	no	no	no
bin_5_63	bin-5-63	bin_5_63_00003	cds	contig_1	30177	0.4237	2374	3534	+	2373	386	acuC	Acetoin utilization protein AcuC	no	acuC	en_familia	50	1.0000	core	core	no	no	no
bin_5_63	bin-5-63	bin_5_63_00004	cds	contig_1	30177	0.4237	3578	4579	-	3577	333	ccpA	catabolite control protein A	no	ccpA	en_familia	50	1.0000	core	core	no	no	no
bin_5_63	bin-5-63	bin_5_63_00005	cds	contig_1	30177	0.4237	5030	6115	-	5029	361		bifunctional 3-deoxy-7-phosphoheptulonate synthase/chorismate mutase	no	group_702	en_familia	50	1.0000	core	core	no	no	no
bin_5_63	bin-5-63	bin_5_63_00006	cds	contig_1	30177	0.4237	6321	6644	-	6320	107	ytxJ	Bacillithiol system redox-active protein YtxJ	no	ytxJ	en_familia	50	1.0000	core	core	no	no	no
bin_5_63	bin-5-63	bin_5_63_00007	cds	contig_1	30177	0.4237	6675	7145	-	6674	156	ytxH	YtxH domain-containing protein	no	ytxH	en_familia	50	1.0000	core	core	no	no	no
bin_5_63	bin-5-63	bin_5_63_00008	cds	contig_1	30177	0.4237	7175	7591	-	7174	138	ytxG	UPF0478 protein YtxG	no	ytxG	en_familia	50	1.0000	core	core	no	no	no
bin_5_63	bin-5-63	bin_5_63_00009	cds	contig_1	30177	0.4237	7815	9113	-	7814	432	murC	UDP-N-acetylmuramate--L-alanine ligase	no	murC	en_familia	50	1.0000	core	core	no	no	no
bin_5_63	bin-5-63	bin_5_63_00010	cds	contig_1	30177	0.4237	9416	12169	-	9415	917	ftsK	DNA translocase FtsK	no	ftsK	en_familia	50	1.0000	core	core	no	no	no
bin_5_63	bin-5-63	bin_5_63_00011	cds	contig_1	30177	0.4237	12369	12974	-	12368	201	ytpR	YtpR family tRNA-binding protein	no	ytpR	en_familia	50	1.0000	core	core	no	no	no
bin_5_63	bin-5-63	bin_5_63_00012	cds	contig_1	30177	0.4237	12991	13803	-	12990	270		UPF0354 protein BPUM_2629	no	group_1105	en_familia	50	1.0000	core	core	no	no	no
bin_5_63	bin-5-63	bin_5_63_00013	cds	contig_1	30177	0.4237	13822	14142	-	13821	106		Thiol reductase thioredoxin	no	group_2214	en_familia	50	1.0000	core	core	no	no	no
bin_5_63	bin-5-63	bin_5_63_00014	cds	contig_1	30177	0.4237	14129	15157	-	14128	342		Phosphotransferase system EIIC domain-containing protein	no	group_770	en_familia	50	1.0000	core	core	no	no	no
bin_5_63	bin-5-63	bin_5_63_00015	cds	contig_1	30177	0.4237	15358	15804	+	14373	148	ytoQ	YtoQ family protein	no	ytoQ	en_familia	50	1.0000	core	core	no	no	no
bin_5_63	bin-5-63	bin_5_63_00016	cds	contig_1	30177	0.4237	15849	16922	-	13255	357	ysdC	Aminopeptidase YsdC	no	ysdC	en_familia	50	1.0000	core	core	no	no	no
bin_5_63	bin-5-63	bin_5_63_00017	cds	contig_1	30177	0.4237	17122	17436	+	12741	104		PepSY domain-containing protein	no	group_2233	en_familia	50	1.0000	core	core	no	no	no
bin_5_63	bin-5-63	bin_5_63_00018	cds	contig_1	30177	0.4237	17476	19173	-	11004	565		Putative NAD-dependent malic enzyme 2	no	group_204	en_familia	50	1.0000	core	core	no	no	no
bin_5_63	bin-5-63	bin_5_63_00019	cds	contig_1	30177	0.4237	19247	20095	-	10082	282	ytnP	Putative quorum-quenching lactonase YtnP	no	ytnP	en_familia	50	1.0000	core	core	no	no	no
bin_5_63	bin-5-63	bin_5_63_00020	cds	contig_1	30177	0.4237	20211	20852	-	9325	213	trmB	tRNA (guanosine(46)-N7)-methyltransferase TrmB	no	trmB	en_familia	50	1.0000	core	core	no	no	no
bin_5_63	bin-5-63	bin_5_63_00021	cds	contig_1	30177	0.4237	21041	21316	+	8861	91		YtzH-like family protein	no	group_4136	en_familia	50	1.0000	core	core	no	no	no
bin_5_63	bin-5-63	bin_5_63_00022	cds	contig_1	30177	0.4237	21313	22113	-	8064	266		Aminoglycoside phosphotransferase domain-containing protein	no	group_1130	en_familia	50	1.0000	core	core	no	no	no
bin_5_63	bin-5-63	bin_5_63_00023	cds	contig_1	30177	0.4237	22398	23327	-	6850	309		Putative phospholipid kinase	no	group_4066	en_familia	50	1.0000	core	core	no	no	no
bin_5_63	bin-5-63	bin_5_63_00024	cds	contig_1	30177	0.4237	23375	24310	-	5867	311		Hydrolase	no	group_912	en_familia	50	1.0000	core	core	no	no	no
bin_5_63	bin-5-63	bin_5_63_00025	cds	contig_1	30177	0.4237	24336	24887	-	5290	183	thpR	RNA 2',3'-cyclic phosphodiesterase	no	thpR	en_familia	50	1.0000	core	core	no	no	no
bin_5_63	bin-5-63	bin_5_63_00026	cds	contig_1	30177	0.4237	24978	25910	+	4267	310	cysK	cysteine synthase A	no	group_4654	en_familia	50	1.0000	core	core	no	no	no
bin_5_63	bin-5-63	bin_5_63_00027	cds	contig_1	30177	0.4237	25967	26587	-	3590	206		Putative enzyme	no	group_3859	en_familia	50	1.0000	core	core	no	no	no
bin_5_63	bin-5-63	bin_5_63_00028	cds	contig_1	30177	0.4237	26615	28015	-	2162	466	pepV	dipeptidase PepV	no	pepV	en_familia	50	1.0000	core	core	no	no	no
bin_5_63	bin-5-63	bin_5_63_00029	cds	contig_1	30177	0.4237	28110	29408	+	769	432	pbuO	Guanine/hypoxanthine permease PbuO	no	pbuO	en_familia	50	1.0000	core	core	no	no	no
bin_5_63	bin-5-63	bin_5_63_00030	cds	contig_1	30177	0.4237	29778	29999	+	178	73	ytzE	Uncharacterized HTH-type transcriptional regulator YtzE	no	ytzE	en_familia	50	1.0000	core	core	no	no	no
bin_5_63	bin-5-63	bin_5_63_00032	cds	contig_2	12726	0.4195	1801	2712	+	1800	303	murQ	N-acetylmuramic acid 6-phosphate etherase	no	murQ	en_familia	50	1.0000	core	core	no	no	no
bin_5_63	bin-5-63	bin_5_63_00033	cds	contig_2	12726	0.4195	2725	3594	+	2724	289	ybbH	Putative HTH-type transcriptional regulator YbbH	no	ybbH	en_familia	50	1.0000	core	core	no	no	no
bin_5_63	bin-5-63	bin_5_63_00034	cds	contig_2	12726	0.4195	3591	4970	+	3590	459	murP	N-acetylmuramic acid PTS permease - MurP subunit	no	murP	en_familia	50	1.0000	core	core	no	no	no
bin_5_63	bin-5-63	bin_5_63_00035	cds	contig_2	12726	0.4195	4983	6338	+	4982	451	pbp4b	penicillin binding protein PBP4B	no	pbp4b	en_familia	50	1.0000	core	core	no	no	no
bin_5_63	bin-5-63	bin_5_63_00036	cds	contig_2	12726	0.4195	6352	8271	+	4455	639		beta-N-acetylhexosaminidase	no	group_3927	en_familia	50	1.0000	core	core	no	no	no
bin_5_63	bin-5-63	bin_5_63_00037	cds	contig_2	12726	0.4195	8283	9530	+	3196	415		DUF1343 domain-containing protein	no	group_488	en_familia	50	1.0000	core	core	no	no	no
bin_5_63	bin-5-63	bin_5_63_00038	cds	contig_2	12726	0.4195	9569	10534	-	2192	321		Bile acid:sodium symporter family protein	no	group_3838	en_familia	50	1.0000	core	core	no	no	no
bin_5_63	bin-5-63	bin_5_63_00039	cds	contig_2	12726	0.4195	10596	12035	-	691	479	dauA	C4-dicarboxylic acid transporter DauA	no	group_4744	en_familia	50	1.0000	core	core	no	no	no
bin_5_63	bin-5-63	bin_5_63_00050	cds	contig_3	13770	0.4370	948	2795	-	947	615		Transcriptional regulator (AcoR-acetoin)	no	group_4140	en_familia	37	0.7400	shell	shell	si	no	no
bin_5_63	bin-5-63	bin_5_63_00051	cds	contig_3	13770	0.4370	2904	4283	-	2903	459	lpdA	dihydrolipoyl dehydrogenase	no	group_4792	en_familia	37	0.7400	shell	shell	si	no	no
bin_5_63	bin-5-63	bin_5_63_00052	cds	contig_3	13770	0.4370	4302	5432	-	4301	376		Dihydrolipoamide acetyltransferase component of pyruvate dehydrogenase complex	no	group_4012	en_familia	37	0.7400	shell	shell	si	no	no
bin_5_63	bin-5-63	bin_5_63_00053	cds	contig_3	13770	0.4370	5450	6487	-	5449	345		Acetoin dehydrogenase E1 component (TPP-dependent beta subunit)	no	group_753	en_familia	37	0.7400	shell	shell	si	no	no
bin_5_63	bin-5-63	bin_5_63_00054	cds	contig_3	13770	0.4370	6508	7485	-	6285	325		Acetoin dehydrogenase E1 component (TPP-dependent alpha subunit)	no	group_4011	en_familia	37	0.7400	shell	shell	si	no	no
bin_5_63	bin-5-63	bin_5_63_00055	cds	contig_3	13770	0.4370	7678	8151	-	5619	157	sprT	SprT family protein	no	sprT	en_familia	50	1.0000	core	core	no	no	no
bin_5_63	bin-5-63	bin_5_63_00056	cds	contig_3	13770	0.4370	8406	10565	-	3205	719		S1 motif domain-containing protein	no	group_4223	en_familia	50	1.0000	core	core	no	no	no
bin_5_63	bin-5-63	bin_5_63_00057	cds	contig_3	13770	0.4370	10642	11241	-	2529	199	rsbX	Phosphoserine phosphatase RsbX	no	rsbX	en_familia	50	1.0000	core	core	no	no	no
bin_5_63	bin-5-63	bin_5_63_00058	cds	contig_3	13770	0.4370	11241	12029	-	1741	262	sigB	RNA polymerase sigma factor SigB	no	sigB	en_familia	50	1.0000	core	core	no	no	no
bin_5_63	bin-5-63	bin_5_63_00059	cds	contig_3	13770	0.4370	11995	12483	-	1287	162	rsbW	anti-sigma B factor RsbW	no	rsbW	en_familia	50	1.0000	core	core	no	no	no
bin_5_63	bin-5-63	bin_5_63_00060	cds	contig_3	13770	0.4370	12480	12809	-	961	109		Anti-sigma factor antagonist	no	group_4824	en_familia	50	1.0000	core	core	no	no	no
bin_5_63	bin-5-63	bin_5_63_00061	cds	contig_3	13770	0.4370	12869	13693	-	77	274	rsbU	Phosphoserine phosphatase RsbU	no	rsbU	en_familia	50	1.0000	core	core	no	no	no
bin_5_63	bin-5-63	bin_5_63_00062	cds	contig_4	1667	0.4271	102	1628	-	39	508		ATP-dependent DNA helicase	no	group_5828	en_familia	0	0.0000	exclusivo	exclusivo	no	no	si
bin_5_63	bin-5-63	bin_5_63_00063	cds	contig_5	22190	0.4026	626	1180	-	625	184		Maltose O-acetyltransferase	no	group_4605	en_familia	45	0.9000	shell	core	si	no	no
bin_5_63	bin-5-63	bin_5_63_00064	cds	contig_5	22190	0.4026	1183	2268	-	1182	361		Homoisocitrate dehydrogenase	no	group_4926	en_familia	50	1.0000	core	core	no	no	no
bin_5_63	bin-5-63	bin_5_63_00065	cds	contig_5	22190	0.4026	2424	3596	+	2423	390		Major facilitator superfamily (MFS) profile domain-containing protein	no	group_4526	en_familia	50	1.0000	core	core	no	no	no
bin_5_63	bin-5-63	bin_5_63_00066	cds	contig_5	22190	0.4026	3792	4139	+	3791	115		hypothetical protein	no	group_3251	en_familia	50	1.0000	core	core	no	no	no
bin_5_63	bin-5-63	bin_5_63_00067	cds	contig_5	22190	0.4026	4169	4294	+	4168	41		hypothetical protein	no	group_2915	en_familia	50	1.0000	core	core	no	no	no
bin_5_63	bin-5-63	bin_5_63_00068	cds	contig_5	22190	0.4026	4348	6789	-	4347	813	parC	DNA topoisomerase IV subunit A	no	parC	en_familia	50	1.0000	core	core	no	no	no
bin_5_63	bin-5-63	bin_5_63_00069	cds	contig_5	22190	0.4026	6792	8759	-	6791	655	parE	DNA topoisomerase IV subunit B	no	parE	en_familia	50	1.0000	core	core	no	no	no
bin_5_63	bin-5-63	bin_5_63_00070	cds	contig_5	22190	0.4026	9175	9588	-	9174	137		CoA-binding domain-containing protein	no	group_4680	en_familia	50	1.0000	core	core	no	no	no
bin_5_63	bin-5-63	bin_5_63_00071	cds	contig_5	22190	0.4026	9743	10324	+	9742	193	plsY	glycerol-3-phosphate 1-O-acyltransferase PlsY	no	plsY	en_familia	50	1.0000	core	core	no	no	no
bin_5_63	bin-5-63	bin_5_63_00072	cds	contig_5	22190	0.4026	10421	10708	+	10420	95		FeS cluster biogenesis domain-containing protein	no	group_3519	en_familia	50	1.0000	core	core	no	no	no
bin_5_63	bin-5-63	bin_5_63_00073	cds	contig_5	22190	0.4026	10750	11058	-	10749	102	yneQ	YneQ	no	yneQ	en_familia	50	1.0000	core	core	no	no	no
bin_5_63	bin-5-63	bin_5_63_00074	cds	contig_5	22190	0.4026	11062	11484	-	10706	140		Acyl-CoA thioesterase	no	group_1933	en_familia	50	1.0000	core	core	no	no	no
bin_5_63	bin-5-63	bin_5_63_00075	cds	contig_5	22190	0.4026	11588	11833	-	10357	81	tlp	small acid-soluble spore protein Tlp	no	tlp	en_familia	49	0.9800	core	core	no	no	no
bin_5_63	bin-5-63	bin_5_63_00076	cds	contig_5	22190	0.4026	11846	11992	-	10198	48	sspN	acid-soluble spore protein N	no	sspN	en_familia	50	1.0000	core	core	no	no	no
bin_5_63	bin-5-63	bin_5_63_00077	cds	contig_5	22190	0.4026	12041	12166	-	10024	41	fbpB	FbpB family small basic protein	no	fbpB	en_familia	50	1.0000	core	core	no	no	no
bin_5_63	bin-5-63	bin_5_63_00078	cds	contig_5	22190	0.4026	12243	12746	-	9444	167	resA	Thiol-disulfide oxidoreductase ResA	no	resA	en_familia	49	0.9800	core	core	no	no	no
bin_5_63	bin-5-63	bin_5_63_00079	cds	contig_5	22190	0.4026	12813	15542	-	6648	909	acnA	aconitate hydratase AcnA	no	acnA	en_familia	49	0.9800	core	core	no	no	no
bin_5_63	bin-5-63	bin_5_63_00080	cds	contig_5	22190	0.4026	15763	15909	+	6281	48	sspO	small acid-soluble spore protein O	no	sspO	en_familia	50	1.0000	core	core	no	no	no
bin_5_63	bin-5-63	bin_5_63_00081	cds	contig_5	22190	0.4026	15924	16073	+	6117	49	sspP	small acid-soluble spore protein P	no	sspP	en_familia	50	1.0000	core	core	no	no	no
bin_5_63	bin-5-63	bin_5_63_00082	cds	contig_5	22190	0.4026	16176	16565	+	5625	129		Spore coat protein (Outer)	no	group_1997	en_familia	50	1.0000	core	core	no	no	no
bin_5_63	bin-5-63	bin_5_63_00083	cds	contig_5	22190	0.4026	16823	17251	+	4939	142		DUF2621 domain-containing protein	no	group_1919	en_familia	50	1.0000	core	core	no	no	no
bin_5_63	bin-5-63	bin_5_63_00084	cds	contig_5	22190	0.4026	17274	17756	-	4434	160		DUF1453 domain-containing protein	no	group_4174	en_familia	50	1.0000	core	core	no	no	no
bin_5_63	bin-5-63	bin_5_63_00085	cds	contig_5	22190	0.4026	17851	18558	-	3632	235		Cytochrome C biogenesis protein transmembrane domain-containing protein	no	group_4401	en_familia	50	1.0000	core	core	no	no	no
bin_5_63	bin-5-63	bin_5_63_00086	cds	contig_5	22190	0.4026	18773	18940	+	3250	55		Aspartyl-phosphate phosphatase Spo0E family protein	no	group_2788	en_familia	50	1.0000	core	core	no	no	no
bin_5_63	bin-5-63	bin_5_63_00087	cds	contig_5	22190	0.4026	19209	19427	-	2763	72	yneF	YneF family protein	no	yneF	en_familia	50	1.0000	core	core	no	no	no
bin_5_63	bin-5-63	bin_5_63_00088	cds	contig_5	22190	0.4026	19512	19958	-	2232	148	sirA	Sporulation inhibitor of replication protein SirA	no	sirA	en_familia	50	1.0000	core	core	no	no	no
bin_5_63	bin-5-63	bin_5_63_00089	cds	contig_5	22190	0.4026	20157	22160	-	30	667	tkt	transketolase	no	tkt	en_familia	50	1.0000	core	core	no	no	no
bin_5_63	bin-5-63	bin_5_63_00090	cds	contig_6	2312	0.4213	104	568	+	103	154		hypothetical protein	no	group_5833	en_familia	0	0.0000	exclusivo	exclusivo	no	no	si
bin_5_63	bin-5-63	bin_5_63_00091	cds	contig_6	2312	0.4213	648	803	-	647	51		Lipoprotein	no	group_5834	en_familia	0	0.0000	exclusivo	exclusivo	no	no	si
bin_5_63	bin-5-63	bin_5_63_00092	cds	contig_6	2312	0.4213	929	1396	-	916	155		hypothetical protein	no	group_5836	en_familia	0	0.0000	exclusivo	exclusivo	no	no	si
bin_5_63	bin-5-63	bin_5_63_00093	cds	contig_6	2312	0.4213	1641	2243	-	69	200		2-nitropropane dioxygenase	no	group_5835	en_familia	0	0.0000	exclusivo	exclusivo	no	no	si
bin_5_63	bin-5-63	bin_5_63_00094	cds	contig_7	91591	0.4062	209	1228	+	208	339		Tyr recombinase domain-containing protein	no	group_5393	en_familia	7	0.1400	cloud	cloud	si	si	no
bin_5_63	bin-5-63	bin_5_63_00095	cds	contig_7	91591	0.4062	1542	2186	+	1541	214		Serine protease	no	group_1428	en_familia	0	0.0000	exclusivo	exclusivo	no	no	si
bin_5_63	bin-5-63	bin_5_63_00096	cds	contig_7	91591	0.4062	2188	2643	+	2187	151		DUF4342 domain-containing protein	no	group_1862	en_familia	0	0.0000	exclusivo	exclusivo	no	no	si
bin_5_63	bin-5-63	bin_5_63_00097	cds	contig_7	91591	0.4062	2871	3356	-	2870	161	ybaK	Cys-tRNA(Pro)/Cys-tRNA(Cys) deacylase YbaK	no	ybaK	en_familia	39	0.7800	shell	shell	si	no	no
bin_5_63	bin-5-63	bin_5_63_00098	cds	contig_7	91591	0.4062	3445	4503	-	3444	352	chbR	HTH-type transcriptional regulator ChbR	no	araC~~~chbR	en_familia	41	0.8200	shell	shell	si	no	no
bin_5_63	bin-5-63	bin_5_63_00099	cds	contig_7	91591	0.4062	4503	6167	-	4502	554	leuA	2-isopropylmalate synthase	no	group_4973	en_familia	41	0.8200	shell	shell	si	no	no
bin_5_63	bin-5-63	bin_5_63_00100	cds	contig_7	91591	0.4062	6590	6679	-	6589	29		hypothetical protein	no	group_4971	en_familia	22	0.4400	shell	shell	si	no	no
bin_5_63	bin-5-63	bin_5_63_00101	cds	contig_7	91591	0.4062	6710	7237	-	6709	175		hypothetical protein	no	tetD~~~araC	en_familia	25	0.5000	shell	shell	si	no	no
bin_5_63	bin-5-63	bin_5_63_00102	cds	contig_7	91591	0.4062	7334	7597	-	7333	87		helix-turn-helix domain-containing protein	no	tetD~~~araC	en_familia	25	0.5000	shell	shell	si	no	no
bin_5_63	bin-5-63	bin_5_63_00103	cds	contig_7	91591	0.4062	8595	8816	+	8594	73		hypothetical protein	no	group_2544	en_familia	3	0.0600	cloud	cloud	si	si	no
bin_5_63	bin-5-63	bin_5_63_00104	cds	contig_7	91591	0.4062	9057	10301	+	9056	414		hypothetical protein	no	group_492	en_familia	2	0.0400	cloud	cloud	si	si	no
bin_5_63	bin-5-63	bin_5_63_00105	cds	contig_7	91591	0.4062	10777	11349	-	10776	190		GNAT family N-acetyltransferase	no	group_4978	en_familia	49	0.9800	core	core	no	no	no
bin_5_63	bin-5-63	bin_5_63_00106	cds	contig_7	91591	0.4062	11488	12057	+	11487	189		hypothetical protein	no	group_4977	en_familia	28	0.5600	shell	shell	si	no	no
bin_5_63	bin-5-63	bin_5_63_00107	cds	contig_7	91591	0.4062	12102	12275	-	12101	57		Fe3+ hydroxamate ABC transporter substrate-binding protein	no	group_4745	en_familia	46	0.9200	shell	core	si	no	no
bin_5_63	bin-5-63	bin_5_63_00108	cds	contig_7	91591	0.4062	12455	13000	+	12454	181	sigV	RNA polymerase sigma factor SigV	no	group_4979	en_familia	50	1.0000	core	core	no	no	no
bin_5_63	bin-5-63	bin_5_63_00109	cds	contig_7	91591	0.4062	12969	14417	+	12968	482		DUF4179 domain-containing protein	no	group_5061	en_familia	49	0.9800	core	core	no	no	no
bin_5_63	bin-5-63	bin_5_63_00110	cds	contig_7	91591	0.4062	14436	15623	-	14435	395		Chemotaxis protein	no	group_4976	en_familia	50	1.0000	core	core	no	no	no
bin_5_63	bin-5-63	bin_5_63_00111	cds	contig_7	91591	0.4062	15724	16602	+	15723	292	yvbU	Uncharacterized HTH-type transcriptional regulator YvbU	no	cmpR~~~yvbU	en_familia	50	1.0000	core	core	no	no	no
bin_5_63	bin-5-63	bin_5_63_00112	cds	contig_7	91591	0.4062	16976	18301	+	16975	441	pbuG	Guanine/hypoxanthine permease PbuG	no	pbuG	en_familia	49	0.9800	core	core	no	no	no
bin_5_63	bin-5-63	bin_5_63_00113	cds	contig_7	91591	0.4062	18508	18669	+	18507	53	fbpA	Fur-regulated basic protein FbpA	no	group_3892	en_familia	50	1.0000	core	core	no	no	no
bin_5_63	bin-5-63	bin_5_63_00114	cds	contig_7	91591	0.4062	18688	18870	+	18687	60		DUF2292 domain-containing protein	no	group_4763	en_familia	49	0.9800	core	core	no	no	no
bin_5_63	bin-5-63	bin_5_63_00115	cds	contig_7	91591	0.4062	19088	19885	+	19087	265		Integral inner membrane protein	no	group_4983	en_familia	49	0.9800	core	core	no	no	no
bin_5_63	bin-5-63	bin_5_63_00116	cds	contig_7	91591	0.4062	20191	20745	+	20190	184		UPF0316 protein BPUM_0594	no	group_4862	en_familia	50	1.0000	core	core	no	no	no
bin_5_63	bin-5-63	bin_5_63_00117	cds	contig_7	91591	0.4062	20742	20942	+	20741	66		NETI motif-containing protein	no	group_4275	en_familia	50	1.0000	core	core	no	no	no
bin_5_63	bin-5-63	bin_5_63_00118	cds	contig_7	91591	0.4062	21293	21781	+	21292	162		N5-carboxyaminoimidazole ribonucleotide mutase	no	group_1769	en_familia	50	1.0000	core	core	no	no	no
bin_5_63	bin-5-63	bin_5_63_00119	cds	contig_7	91591	0.4062	21774	22916	+	21773	380	purK	5-(carboxyamino)imidazole ribonucleotide synthase	no	purK	en_familia	50	1.0000	core	core	no	no	no
bin_5_63	bin-5-63	bin_5_63_00120	cds	contig_7	91591	0.4062	22913	24208	+	22912	431	purB	adenylosuccinate lyase	no	purB	en_familia	50	1.0000	core	core	no	no	no
bin_5_63	bin-5-63	bin_5_63_00121	cds	contig_7	91591	0.4062	24281	25003	+	24280	240	purC	phosphoribosylaminoimidazolesuccinocarboxamide synthase	no	purC	en_familia	50	1.0000	core	core	no	no	no
bin_5_63	bin-5-63	bin_5_63_00122	cds	contig_7	91591	0.4062	24996	25250	+	24995	84	purS	phosphoribosylformylglycinamidine synthase subunit PurS	no	purS	en_familia	50	1.0000	core	core	no	no	no
bin_5_63	bin-5-63	bin_5_63_00123	cds	contig_7	91591	0.4062	25247	25930	+	25246	227	purQ	phosphoribosylformylglycinamidine synthase subunit PurQ	no	purQ	en_familia	50	1.0000	core	core	no	no	no
bin_5_63	bin-5-63	bin_5_63_00124	cds	contig_7	91591	0.4062	25914	28145	+	25913	743	purL	phosphoribosylformylglycinamidine synthase subunit PurL	no	purL	en_familia	50	1.0000	core	core	no	no	no
bin_5_63	bin-5-63	bin_5_63_00125	cds	contig_7	91591	0.4062	28121	29551	+	28120	476	purF	amidophosphoribosyltransferase	no	purF	en_familia	50	1.0000	core	core	no	no	no
bin_5_63	bin-5-63	bin_5_63_00126	cds	contig_7	91591	0.4062	29648	30688	+	29647	346	purM	Phosphoribosylformylglycinamidine cyclo-ligase	no	purM	en_familia	50	1.0000	core	core	no	no	no
bin_5_63	bin-5-63	bin_5_63_00127	cds	contig_7	91591	0.4062	30685	31254	+	30684	189	purN	phosphoribosylglycinamide formyltransferase	no	purN	en_familia	50	1.0000	core	core	no	no	no
bin_5_63	bin-5-63	bin_5_63_00128	cds	contig_7	91591	0.4062	31270	32808	+	31269	512	purH	bifunctional phosphoribosylaminoimidazolecarboxamide formyltransferase/IMP cyclohydrolase	no	purH	en_familia	50	1.0000	core	core	no	no	no
bin_5_63	bin-5-63	bin_5_63_00129	cds	contig_7	91591	0.4062	32821	34095	+	32820	424		Phosphoribosylamine--glycine ligase	no	group_3809	en_familia	50	1.0000	core	core	no	no	no
bin_5_63	bin-5-63	bin_5_63_00130	cds	contig_7	91591	0.4062	34216	34410	+	34215	64		DUF1146 domain-containing protein	no	group_4196	en_familia	50	1.0000	core	core	no	no	no
bin_5_63	bin-5-63	bin_5_63_00131	cds	contig_7	91591	0.4062	34426	35271	+	34425	281	ablB	putative beta-lysine N-acetyltransferase	no	ablB	en_familia	50	1.0000	core	core	no	no	no
bin_5_63	bin-5-63	bin_5_63_00132	cds	contig_7	91591	0.4062	35266	36924	-	35265	552	pucR	PucR family transcriptional regulator	no	group_3196	en_familia	50	1.0000	core	core	no	no	no
bin_5_63	bin-5-63	bin_5_63_00133	cds	contig_7	91591	0.4062	37116	38480	+	37115	454		aspartate aminotransferase family protein	no	group_4499	en_familia	50	1.0000	core	core	no	no	no
bin_5_63	bin-5-63	bin_5_63_00134	cds	contig_7	91591	0.4062	38493	39179	+	38492	228		Putative oxoacid CoA-transferase	no	group_3874	en_familia	50	1.0000	core	core	no	no	no
bin_5_63	bin-5-63	bin_5_63_00135	cds	contig_7	91591	0.4062	39155	39820	+	39154	221		Putative succinyl-CoA:3-ketoacid coenzyme A transferase subunit B	no	group_3923	en_familia	50	1.0000	core	core	no	no	no
bin_5_63	bin-5-63	bin_5_63_00136	cds	contig_7	91591	0.4062	39835	41100	+	39834	421		peptidase	no	group_468	en_familia	50	1.0000	core	core	no	no	no
bin_5_63	bin-5-63	bin_5_63_00137	cds	contig_7	91591	0.4062	41126	41347	-	41125	73		Inner membrane protein YgaP-like transmembrane domain-containing protein	no	group_3129	en_familia	50	1.0000	core	core	no	no	no
bin_5_63	bin-5-63	bin_5_63_00138	cds	contig_7	91591	0.4062	41473	43215	+	41472	580		adenine deaminase	no	group_4357	en_familia	50	1.0000	core	core	no	no	no
bin_5_63	bin-5-63	bin_5_63_00139	cds	contig_7	91591	0.4062	43747	44061	+	43746	104		Trp repressor protein	no	group_2232	en_familia	50	1.0000	core	core	no	no	no
bin_5_63	bin-5-63	bin_5_63_00140	cds	contig_7	91591	0.4062	44141	44656	-	44140	171		Group-specific protein	no	group_4356	en_familia	44	0.8800	shell	shell	si	no	no
bin_5_63	bin-5-63	bin_5_63_00141	cds	contig_7	91591	0.4062	44750	46330	-	44749	526		Glutamate synthase domain-containing protein	no	group_4891	en_familia	50	1.0000	core	core	no	no	no
bin_5_63	bin-5-63	bin_5_63_00142	cds	contig_7	91591	0.4062	46470	46700	+	44891	76	ybyB	YbyB	no	ybyB	en_familia	50	1.0000	core	core	no	no	no
bin_5_63	bin-5-63	bin_5_63_00143	cds	contig_7	91591	0.4062	46721	47095	-	44496	124		DUF2283 domain-containing protein	no	group_4177	en_familia	50	1.0000	core	core	no	no	no
bin_5_63	bin-5-63	bin_5_63_00144	cds	contig_7	91591	0.4062	47377	48069	+	43522	230		Heptaprenylglyceryl phosphate synthase	no	group_1340	en_familia	50	1.0000	core	core	no	no	no
bin_5_63	bin-5-63	bin_5_63_00145	cds	contig_7	91591	0.4062	48127	50349	+	41242	740	pcrA	DNA helicase PcrA	no	pcrA	en_familia	50	1.0000	core	core	no	no	no
bin_5_63	bin-5-63	bin_5_63_00146	cds	contig_7	91591	0.4062	50394	52400	+	39191	668	ligA	NAD-dependent DNA ligase LigA	no	ligA	en_familia	50	1.0000	core	core	no	no	no
bin_5_63	bin-5-63	bin_5_63_00147	cds	contig_7	91591	0.4062	52416	53603	+	37988	395	camS	CamS family sex pheromone protein	no	camS	en_familia	50	1.0000	core	core	no	no	no
bin_5_63	bin-5-63	bin_5_63_00148	cds	contig_7	91591	0.4062	53768	54775	+	36816	335		Aminoglycoside phosphotransferase domain-containing protein	no	group_3243	en_familia	48	0.9600	core	core	no	no	no
bin_5_63	bin-5-63	bin_5_63_00149	cds	contig_7	91591	0.4062	54820	55512	-	36079	230		Methyltransferase	no	group_1341	en_familia	50	1.0000	core	core	no	no	no
bin_5_63	bin-5-63	bin_5_63_00150	cds	contig_7	91591	0.4062	55681	57162	-	34429	493	putP	sodium/proline symporter PutP	no	putP	en_familia	50	1.0000	core	core	no	no	no
bin_5_63	bin-5-63	bin_5_63_00151	cds	contig_7	91591	0.4062	57586	57876	+	33715	96	gatC	Asp-tRNA(Asn)/Glu-tRNA(Gln) amidotransferase subunit GatC	no	gatC	en_familia	50	1.0000	core	core	no	no	no
bin_5_63	bin-5-63	bin_5_63_00152	cds	contig_7	91591	0.4062	57891	59348	+	32243	485	gatA	Asp-tRNA(Asn)/Glu-tRNA(Gln) amidotransferase subunit GatA	no	gatA	en_familia	50	1.0000	core	core	no	no	no
bin_5_63	bin-5-63	bin_5_63_00153	cds	contig_7	91591	0.4062	59362	60792	+	30799	476	gatB	Asp-tRNA(Asn)/Glu-tRNA(Gln) amidotransferase subunit GatB	no	gatB	en_familia	50	1.0000	core	core	no	no	no
bin_5_63	bin-5-63	bin_5_63_00154	cds	contig_7	91591	0.4062	60975	61820	-	29771	281		Putative transcriptional regulator (TetR/AcrR family)	no	group_3085	en_familia	50	1.0000	core	core	no	no	no
bin_5_63	bin-5-63	bin_5_63_00155	cds	contig_7	91591	0.4062	61952	65164	+	26427	1070		Surfactin exporter involved in surfactin self-resistance	no	group_4709	en_familia	50	1.0000	core	core	no	no	no
bin_5_63	bin-5-63	bin_5_63_00156	cds	contig_7	91591	0.4062	65404	66345	-	25246	313	rihB	Pyrimidine-specific ribonucleoside hydrolase RihB	no	rihB	en_familia	49	0.9800	core	core	no	no	no
bin_5_63	bin-5-63	bin_5_63_00157	cds	contig_7	91591	0.4062	66527	67435	+	24156	302		diacylglycerol kinase	no	group_951	en_familia	49	0.9800	core	core	no	no	no
bin_5_63	bin-5-63	bin_5_63_00158	cds	contig_7	91591	0.4062	67494	68879	+	22712	461	rlmD	23S rRNA (uracil(1939)-C(5))-methyltransferase RlmD	no	rlmD	en_familia	49	0.9800	core	core	no	no	no
bin_5_63	bin-5-63	bin_5_63_00159	cds	contig_7	91591	0.4062	69200	70492	+	21099	430		SIR2 family protein	no	group_448	en_familia	0	0.0000	exclusivo	exclusivo	no	no	si
bin_5_63	bin-5-63	bin_5_63_00160	cds	contig_7	91591	0.4062	70489	70974	+	20617	161		Maturase K	no	group_1783	en_familia	0	0.0000	exclusivo	exclusivo	no	no	si
bin_5_63	bin-5-63	bin_5_63_00161	cds	contig_7	91591	0.4062	70961	72868	+	18723	635		Rad50/SbcC-type AAA domain-containing protein	no	group_125	en_familia	0	0.0000	exclusivo	exclusivo	no	no	si
bin_5_63	bin-5-63	bin_5_63_00162	cds	contig_7	91591	0.4062	73460	74434	+	17157	324		tRNA-dihydrouridine synthase	no	group_849	en_familia	50	1.0000	core	core	no	no	no
bin_5_63	bin-5-63	bin_5_63_00163	cds	contig_7	91591	0.4062	74541	75398	+	16193	285		SMI1/KNR4 family protein	no	group_4037	en_familia	44	0.8800	shell	shell	si	no	no
bin_5_63	bin-5-63	bin_5_63_00164	cds	contig_7	91591	0.4062	75475	75846	-	15745	123		Group-specific protein	no	group_2051	en_familia	50	1.0000	core	core	no	no	no
bin_5_63	bin-5-63	bin_5_63_00165	cds	contig_7	91591	0.4062	76028	76465	+	15126	145		Rrf2 family transcriptional regulator	no	group_4331	en_familia	50	1.0000	core	core	no	no	no
bin_5_63	bin-5-63	bin_5_63_00166	cds	contig_7	91591	0.4062	76530	77444	+	14147	304		Fad-dependent pyridine nucleotide-disulfide oxidoreductase	no	group_4658	en_familia	50	1.0000	core	core	no	no	no
bin_5_63	bin-5-63	bin_5_63_00167	cds	contig_7	91591	0.4062	77455	77655	-	13936	66		DUF3923 domain-containing protein	no	group_4948	en_familia	50	1.0000	core	core	no	no	no
bin_5_63	bin-5-63	bin_5_63_00168	cds	contig_7	91591	0.4062	77769	78416	+	13175	215		DUF3885 domain-containing protein	no	group_3889	en_familia	49	0.9800	core	core	no	no	no
bin_5_63	bin-5-63	bin_5_63_00169	cds	contig_7	91591	0.4062	78451	79779	-	11812	442	licH	6-phospho-beta-glucosidase LicH	no	group_395	en_familia	50	1.0000	core	core	no	no	no
bin_5_63	bin-5-63	bin_5_63_00170	cds	contig_7	91591	0.4062	79984	80715	+	10876	243	rpiR	RpiR family transcriptional regulator	no	group_3208	en_familia	50	1.0000	core	core	no	no	no
bin_5_63	bin-5-63	bin_5_63_00171	cds	contig_7	91591	0.4062	80729	81931	-	9660	400		Permease	no	group_4504	en_familia	50	1.0000	core	core	no	no	no
bin_5_63	bin-5-63	bin_5_63_00172	cds	contig_7	91591	0.4062	82078	82557	+	9034	159	ybaK	Cys-tRNA(Pro)/Cys-tRNA(Cys) deacylase YbaK	no	group_4922	en_familia	50	1.0000	core	core	no	no	no
bin_5_63	bin-5-63	bin_5_63_00173	cds	contig_7	91591	0.4062	82590	83498	-	8093	302	cmpR	HTH-type transcriptional activator CmpR	no	lysR~~~cmpR	en_familia	50	1.0000	core	core	no	no	no
bin_5_63	bin-5-63	bin_5_63_00174	cds	contig_7	91591	0.4062	83602	84801	+	6790	399		MFS transporter	no	group_4519	en_familia	50	1.0000	core	core	no	no	no
bin_5_63	bin-5-63	bin_5_63_00175	cds	contig_7	91591	0.4062	84865	85944	-	5647	359		DUF3898 domain-containing protein	no	group_3239	en_familia	50	1.0000	core	core	no	no	no
bin_5_63	bin-5-63	bin_5_63_00176	cds	contig_7	91591	0.4062	86649	87413	+	4178	254	rfbF	glucose-1-phosphate cytidylyltransferase	no	rfbF	en_familia	50	1.0000	core	core	no	no	no
bin_5_63	bin-5-63	bin_5_63_00177	cds	contig_7	91591	0.4062	87418	88389	+	3202	323		CDP-glucose 4,6-dehydratase	no	group_856	en_familia	50	1.0000	core	core	no	no	no
bin_5_63	bin-5-63	bin_5_63_00178	cds	contig_7	91591	0.4062	88402	89313	+	2278	303		Putative glycosyltransferase	no	group_4040	en_familia	50	1.0000	core	core	no	no	no
bin_5_63	bin-5-63	bin_5_63_00179	cds	contig_7	91591	0.4062	89310	90500	+	1091	396		Putative glycosyltransferase (Complex carbohydrate synthase)	no	group_3320	en_familia	50	1.0000	core	core	no	no	no
bin_5_63	bin-5-63	bin_5_63_00180	cds	contig_7	91591	0.4062	90501	91430	+	161	309		Putative glycosyltransferase (Complex carbohydrate synthase)	no	group_4559	en_familia	50	1.0000	core	core	no	no	no
bin_5_63	bin-5-63	bin_5_63_00181	cds	contig_8	9745	0.4171	232	1254	+	231	340		ATP-binding protein	no	group_3596	en_familia	50	1.0000	core	core	no	no	no
bin_5_63	bin-5-63	bin_5_63_00182	cds	contig_8	9745	0.4171	1306	1548	-	1305	80		Aspartyl-phosphate phosphatase Spo0E	no	group_3161	en_familia	50	1.0000	core	core	no	no	no
bin_5_63	bin-5-63	bin_5_63_00183	cds	contig_8	9745	0.4171	1850	2380	-	1849	176		Acireductone dioxygenase	no	group_4482	en_familia	50	1.0000	core	core	no	no	no
bin_5_63	bin-5-63	bin_5_63_00184	cds	contig_8	9745	0.4171	2397	3029	-	2396	210		methylthioribulose 1-phosphate dehydratase	no	group_3396	en_familia	50	1.0000	core	core	no	no	no
bin_5_63	bin-5-63	bin_5_63_00185	cds	contig_8	9745	0.4171	2993	3688	-	2992	231	mtnX	2-hydroxy-3-keto-5-methylthiopentenyl-1-phosphate phosphatase	no	mtnX	en_familia	50	1.0000	core	core	no	no	no
bin_5_63	bin-5-63	bin_5_63_00186	cds	contig_8	9745	0.4171	3689	4996	-	3688	435	mtnW	2,3-diketo-5-methylthiopentyl-1-phosphate enolase	no	mtnW	en_familia	50	1.0000	core	core	no	no	no
bin_5_63	bin-5-63	bin_5_63_00187	cds	contig_8	9745	0.4171	5151	6341	-	3404	396		Methionine-glutamine aminotransferase	no	group_3946	en_familia	50	1.0000	core	core	no	no	no
bin_5_63	bin-5-63	bin_5_63_00188	cds	contig_8	9745	0.4171	6744	7937	+	1808	397	mtnK	S-methyl-5-thioribose kinase	no	mtnK	en_familia	50	1.0000	core	core	no	no	no
bin_5_63	bin-5-63	bin_5_63_00189	cds	contig_8	9745	0.4171	7944	9005	+	740	353	mtnA	S-methyl-5-thioribose-1-phosphate isomerase	no	mtnA	en_familia	50	1.0000	core	core	no	no	no
bin_5_63	bin-5-63	bin_5_63_00190	cds	contig_8	9745	0.4171	9030	9164	-	581	44		hypothetical protein	no	group_3288	en_familia	50	1.0000	core	core	no	no	no
bin_5_63	bin-5-63	bin_5_63_00191	cds	contig_8	9745	0.4171	9254	9745	-	0	163		Methylated-DNA--protein-cysteine methyltransferase	no	group_4541	en_familia	50	1.0000	core	core	no	no	no
bin_5_63	bin-5-63	bin_5_63_00192	cds	contig_9	47666	0.4289	38	283	+	37	81		hypothetical protein	no	group_3781	en_familia	50	1.0000	core	core	no	no	no
bin_5_63	bin-5-63	bin_5_63_00193	cds	contig_9	47666	0.4289	341	2077	-	340	578	cydC	thiol reductant ABC exporter subunit CydC	no	cydC	en_familia	50	1.0000	core	core	no	no	no
bin_5_63	bin-5-63	bin_5_63_00194	cds	contig_9	47666	0.4289	2067	3803	-	2066	578	cydD	thiol reductant ABC exporter subunit CydD	no	cydD	en_familia	50	1.0000	core	core	no	no	no
bin_5_63	bin-5-63	bin_5_63_00195	cds	contig_9	47666	0.4289	3803	4819	-	3802	338	cydB	cytochrome d ubiquinol oxidase subunit II	no	cydB	en_familia	50	1.0000	core	core	no	no	no
bin_5_63	bin-5-63	bin_5_63_00196	cds	contig_9	47666	0.4289	4806	6221	-	4805	471		Cytochrome bd ubiquinol oxidase subunit 1	no	group_332	en_familia	50	1.0000	core	core	no	no	no
bin_5_63	bin-5-63	bin_5_63_00197	cds	contig_9	47666	0.4289	6551	7672	-	6550	373	isdG	heme oxygenase	no	isdG	en_familia	50	1.0000	core	core	no	no	no
bin_5_63	bin-5-63	bin_5_63_00198	cds	contig_9	47666	0.4289	7674	8687	-	7673	337		Iron-dicitrate ABC transporter (Permease)	no	group_792	en_familia	50	1.0000	core	core	no	no	no
bin_5_63	bin-5-63	bin_5_63_00199	cds	contig_9	47666	0.4289	8684	9622	-	8683	312		Iron-hydroxamate ABC transporter substrate-binding protein	no	group_907	en_familia	50	1.0000	core	core	no	no	no
bin_5_63	bin-5-63	bin_5_63_00200	cds	contig_9	47666	0.4289	9641	10390	-	9640	249	srtB	class B sortase	no	srtB	en_familia	50	1.0000	core	core	no	no	no
bin_5_63	bin-5-63	bin_5_63_00201	cds	contig_9	47666	0.4289	10417	11187	-	10416	256	fhuC	Iron complex ABC transporter ATP-binding protein FhuC	no	fhuC	en_familia	50	1.0000	core	core	no	no	no
bin_5_63	bin-5-63	bin_5_63_00202	cds	contig_9	47666	0.4289	11174	12160	-	11173	328	isdF	putative heme-iron transport system permease protein IsdF	no	isdF	en_familia	50	1.0000	core	core	no	no	no
bin_5_63	bin-5-63	bin_5_63_00203	cds	contig_9	47666	0.4289	12194	13081	-	12193	295	isdE	heme ABC transporter substrate-binding protein IsdE	no	isdE	en_familia	50	1.0000	core	core	no	no	no
bin_5_63	bin-5-63	bin_5_63_00204	cds	contig_9	47666	0.4289	13158	14966	-	13157	602	isdC	heme uptake protein IsdC	no	group_4088	en_familia	50	1.0000	core	core	no	no	no
bin_5_63	bin-5-63	bin_5_63_00205	cds	contig_9	47666	0.4289	14986	15642	-	14985	218	isdC	heme uptake protein IsdC	no	isdC	en_familia	50	1.0000	core	core	no	no	no
bin_5_63	bin-5-63	bin_5_63_00206	cds	contig_9	47666	0.4289	15663	16121	-	15662	152		NEAT domain-containing protein	no	group_1847	en_familia	50	1.0000	core	core	no	no	no
bin_5_63	bin-5-63	bin_5_63_00207	cds	contig_9	47666	0.4289	16493	16825	-	16492	110	yodB	HTH-type transcriptional regulator YodB	no	group_2179	en_familia	50	1.0000	core	core	no	no	no
bin_5_63	bin-5-63	bin_5_63_00208	cds	contig_9	47666	0.4289	17005	17898	+	17004	297		Catechol-2,3-dioxygenase	no	group_976	en_familia	50	1.0000	core	core	no	no	no
bin_5_63	bin-5-63	bin_5_63_00209	cds	contig_9	47666	0.4289	17876	18637	+	17875	253		GTP cyclohydrolase II	no	group_1208	en_familia	50	1.0000	core	core	no	no	no
bin_5_63	bin-5-63	bin_5_63_00210	cds	contig_9	47666	0.4289	18624	19715	+	18623	363	ribD	bifunctional diaminohydroxyphosphoribosylaminopyrimidine deaminase/5-amino-6-(5-phosphoribosylamino)uracil reductase RibD	no	ribD	en_familia	50	1.0000	core	core	no	no	no
bin_5_63	bin-5-63	bin_5_63_00211	cds	contig_9	47666	0.4289	19780	20202	+	19779	140	fosM	FosM family fosfomycin resistance protein	no	fosM	en_familia	15	0.3000	shell	shell	si	no	no
bin_5_63	bin-5-63	bin_5_63_00212	cds	contig_9	47666	0.4289	21169	22023	-	21168	284		Putative exported polysaccharide deacetylase, lipoprotein	no	group_4307	en_familia	50	1.0000	core	core	no	no	no
bin_5_63	bin-5-63	bin_5_63_00213	cds	contig_9	47666	0.4289	22089	22418	-	22088	109		PTS cellobiose-specific enzyme IIA	no	group_2187	en_familia	49	0.9800	core	core	no	no	no
bin_5_63	bin-5-63	bin_5_63_00214	cds	contig_9	47666	0.4289	22438	22761	-	22437	107		Lichenan-specific phosphotransferase enzyme IIB component	no	group_2203	en_familia	49	0.9800	core	core	no	no	no
bin_5_63	bin-5-63	bin_5_63_00215	cds	contig_9	47666	0.4289	22774	24207	-	22773	477	gmuD	6-phospho-beta-glucosidase GmuD	no	group_4354	en_familia	49	0.9800	core	core	no	no	no
bin_5_63	bin-5-63	bin_5_63_00216	cds	contig_9	47666	0.4289	24204	25268	-	22398	354	uxuA	mannonate dehydratase	no	uxuA	en_familia	49	0.9800	core	core	no	no	no
bin_5_63	bin-5-63	bin_5_63_00217	cds	contig_9	47666	0.4289	25284	26594	-	21072	436		Permease IIC component	no	group_421	en_familia	49	0.9800	core	core	no	no	no
bin_5_63	bin-5-63	bin_5_63_00218	cds	contig_9	47666	0.4289	26684	28642	-	19024	652		Transcriptional activator of the lichenan operon	no	group_3211	en_familia	49	0.9800	core	core	no	no	no
bin_5_63	bin-5-63	bin_5_63_00219	cds	contig_9	47666	0.4289	28780	28977	+	18689	65		Methanol dehydrogenase	no	group_4508	en_familia	50	1.0000	core	core	no	no	no
bin_5_63	bin-5-63	bin_5_63_00220	cds	contig_9	47666	0.4289	29024	29449	-	18217	141		DUF5082 domain-containing protein	no	group_3530	en_familia	50	1.0000	core	core	no	no	no
bin_5_63	bin-5-63	bin_5_63_00221	cds	contig_9	47666	0.4289	29734	30000	-	17666	88		YwqI/YxiC family protein	no	group_2377	en_familia	50	1.0000	core	core	no	no	no
bin_5_63	bin-5-63	bin_5_63_00222	cds	contig_9	47666	0.4289	30038	30463	-	17203	141		DUF5082 domain-containing protein	no	group_4373	en_familia	50	1.0000	core	core	no	no	no
bin_5_63	bin-5-63	bin_5_63_00223	cds	contig_9	47666	0.4289	30759	32165	-	15501	468	nhaC	Na+/H+ antiporter NhaC	no	nhaC	en_familia	50	1.0000	core	core	no	no	no
bin_5_63	bin-5-63	bin_5_63_00224	cds	contig_9	47666	0.4289	32311	33732	-	13934	473	aspA	aspartate ammonia-lyase	no	group_323	en_familia	50	1.0000	core	core	no	no	no
bin_5_63	bin-5-63	bin_5_63_00225	cds	contig_9	47666	0.4289	33761	34750	-	12916	329		asparaginase	no	group_828	en_familia	50	1.0000	core	core	no	no	no
bin_5_63	bin-5-63	bin_5_63_00226	cds	contig_9	47666	0.4289	34957	35304	+	12362	115		Transcriptional regulator	no	group_2115	en_familia	50	1.0000	core	core	no	no	no
bin_5_63	bin-5-63	bin_5_63_00227	cds	contig_9	47666	0.4289	35356	35811	-	11855	151		HTH cro/C1-type domain-containing protein	no	group_1857	en_familia	50	1.0000	core	core	no	no	no
bin_5_63	bin-5-63	bin_5_63_00228	cds	contig_9	47666	0.4289	35908	36435	-	11231	175		DUF304 domain-containing protein	no	group_3481	en_familia	50	1.0000	core	core	no	no	no
bin_5_63	bin-5-63	bin_5_63_00229	cds	contig_9	47666	0.4289	36457	37215	-	10451	252		Sporulation protein	no	group_3240	en_familia	50	1.0000	core	core	no	no	no
bin_5_63	bin-5-63	bin_5_63_00230	cds	contig_9	47666	0.4289	37228	38424	-	9242	398		NAD(+)--protein-arginine ADP-ribosyltransferase Tre1-like N-terminal domain-containing protein	no	group_3621	en_familia	50	1.0000	core	core	no	no	no
bin_5_63	bin-5-63	bin_5_63_00231	cds	contig_9	47666	0.4289	38429	38761	-	8905	110		ESAT-6-like protein	no	group_3234	en_familia	50	1.0000	core	core	no	no	no
bin_5_63	bin-5-63	bin_5_63_00232	cds	contig_9	47666	0.4289	38979	40211	+	7455	410	pepT	peptidase T	no	pepT	en_familia	50	1.0000	core	core	no	no	no
bin_5_63	bin-5-63	bin_5_63_00233	cds	contig_9	47666	0.4289	40500	40679	+	6987	59		Sporulation protein	no	group_3933	en_familia	50	1.0000	core	core	no	no	no
bin_5_63	bin-5-63	bin_5_63_00234	cds	contig_9	47666	0.4289	40759	41436	-	6230	225		DUF3298 domain-containing protein	no	group_4103	en_familia	50	1.0000	core	core	no	no	no
bin_5_63	bin-5-63	bin_5_63_00235	cds	contig_9	47666	0.4289	41595	42455	+	5211	286	ybbH	Putative HTH-type transcriptional regulator YbbH	no	group_1021	en_familia	50	1.0000	core	core	no	no	no
bin_5_63	bin-5-63	bin_5_63_00236	cds	contig_9	47666	0.4289	42655	43548	+	4118	297	garR	2-hydroxy-3-oxopropionate reductase	no	garR	en_familia	50	1.0000	core	core	no	no	no
bin_5_63	bin-5-63	bin_5_63_00237	cds	contig_9	47666	0.4289	43555	44976	+	2690	473		Hydroxyacid dehydrogenase	no	group_4747	en_familia	50	1.0000	core	core	no	no	no
bin_5_63	bin-5-63	bin_5_63_00238	cds	contig_9	47666	0.4289	45027	46346	+	1320	439		High-affinity gluconate transporter	no	gntT	en_familia	50	1.0000	core	core	no	no	no
bin_5_63	bin-5-63	bin_5_63_00239	cds	contig_10	47742	0.4132	282	686	+	281	134		Holin family protein	no	group_1962	en_familia	50	1.0000	core	core	no	no	no
bin_5_63	bin-5-63	bin_5_63_00240	cds	contig_10	47742	0.4132	730	1038	+	729	102		Hydrolase	no	group_2247	en_familia	50	1.0000	core	core	no	no	no
bin_5_63	bin-5-63	bin_5_63_00241	cds	contig_10	47742	0.4132	1068	1850	-	1067	260		Tryptophan RNA-binding attenuation protein	no	group_1165	en_familia	50	1.0000	core	core	no	no	no
bin_5_63	bin-5-63	bin_5_63_00242	cds	contig_10	47742	0.4132	1873	2526	-	1872	217		Putative stress adaptation protein (Tellurite resistance)	no	group_3379	en_familia	50	1.0000	core	core	no	no	no
bin_5_63	bin-5-63	bin_5_63_00243	cds	contig_10	47742	0.4132	2773	3249	+	2772	158	ytkD	RNA deprotection pyrophosphohydrolase	no	ytkD	en_familia	50	1.0000	core	core	no	no	no
bin_5_63	bin-5-63	bin_5_63_00244	cds	contig_10	47742	0.4132	3280	4074	-	3279	264	ssuC	Aliphatic sulfonates transport permease protein SsuC	no	ssuC	en_familia	50	1.0000	core	core	no	no	no
bin_5_63	bin-5-63	bin_5_63_00245	cds	contig_10	47742	0.4132	4061	4831	-	4060	256	cmpC	Bicarbonate transport ATP-binding protein CmpC	no	ytlC~~~cmpC	en_familia	50	1.0000	core	core	no	no	no
bin_5_63	bin-5-63	bin_5_63_00246	cds	contig_10	47742	0.4132	4847	5848	-	4846	333		SsuA/THI5-like domain-containing protein	no	group_809	en_familia	50	1.0000	core	core	no	no	no
bin_5_63	bin-5-63	bin_5_63_00247	cds	contig_10	47742	0.4132	6022	6750	+	6021	242		Carotenoid biosynthesis protein	no	group_3301	en_familia	50	1.0000	core	core	no	no	no
bin_5_63	bin-5-63	bin_5_63_00248	cds	contig_10	47742	0.4132	6719	7465	+	6718	248		Glycerol acyltransferase	no	group_3638	en_familia	50	1.0000	core	core	no	no	no
bin_5_63	bin-5-63	bin_5_63_00249	cds	contig_10	47742	0.4132	7450	8577	+	7449	375		4,4'-diaponeurosporenoate glycosyltransferase	no	group_3165	en_familia	50	1.0000	core	core	no	no	no
bin_5_63	bin-5-63	bin_5_63_00250	cds	contig_10	47742	0.4132	8574	10055	+	8573	493		NAD(P)/FAD-dependent oxidoreductase	no	group_279	en_familia	50	1.0000	core	core	no	no	no
bin_5_63	bin-5-63	bin_5_63_00251	cds	contig_10	47742	0.4132	10082	10876	+	10081	264		Putative esterase	no	group_1145	en_familia	50	1.0000	core	core	no	no	no
bin_5_63	bin-5-63	bin_5_63_00252	cds	contig_10	47742	0.4132	10916	11158	+	10915	80		DUF2584 domain-containing protein	no	group_3373	en_familia	50	1.0000	core	core	no	no	no
bin_5_63	bin-5-63	bin_5_63_00253	cds	contig_10	47742	0.4132	11199	12785	-	11198	528	pckA	phosphoenolpyruvate carboxykinase (ATP)	no	pckA	en_familia	50	1.0000	core	core	no	no	no
bin_5_63	bin-5-63	bin_5_63_00254	cds	contig_10	47742	0.4132	13342	14544	+	13341	400	metK	methionine adenosyltransferase	no	metK	en_familia	50	1.0000	core	core	no	no	no
bin_5_63	bin-5-63	bin_5_63_00255	cds	contig_10	47742	0.4132	14693	16591	+	14692	632	asnB	asparagine synthase (glutamine-hydrolyzing)	no	asnB	en_familia	50	1.0000	core	core	no	no	no
bin_5_63	bin-5-63	bin_5_63_00256	cds	contig_10	47742	0.4132	16733	17248	-	16732	171	yrdA	Protein YrdA	no	yrdA	en_familia	50	1.0000	core	core	no	no	no
bin_5_63	bin-5-63	bin_5_63_00257	cds	contig_10	47742	0.4132	17294	18073	+	17293	259		Phospholipase	no	group_1176	en_familia	50	1.0000	core	core	no	no	no
bin_5_63	bin-5-63	bin_5_63_00258	cds	contig_10	47742	0.4132	18070	19182	+	18069	370		Tetraprenyl-beta-curcumene synthase	no	group_3380	en_familia	50	1.0000	core	core	no	no	no
bin_5_63	bin-5-63	bin_5_63_00259	cds	contig_10	47742	0.4132	19405	20181	+	19404	258		Protein involved in the control of the cell cycle as a function of the environment	no	group_4580	en_familia	50	1.0000	core	core	no	no	no
bin_5_63	bin-5-63	bin_5_63_00260	cds	contig_10	47742	0.4132	20201	20779	-	20200	192		Putative RNA methylase	no	group_4047	en_familia	50	1.0000	core	core	no	no	no
bin_5_63	bin-5-63	bin_5_63_00261	cds	contig_10	47742	0.4132	20776	21741	-	20775	321		TIGR01212 family radical SAM protein	no	group_860	en_familia	50	1.0000	core	core	no	no	no
bin_5_63	bin-5-63	bin_5_63_00262	cds	contig_10	47742	0.4132	21894	22169	+	21893	91		DUF2524 domain-containing protein	no	group_4046	en_familia	50	1.0000	core	core	no	no	no
bin_5_63	bin-5-63	bin_5_63_00263	cds	contig_10	47742	0.4132	22307	22639	+	22306	110		Integral inner membrane protein	no	group_4418	en_familia	49	0.9800	core	core	no	no	no
bin_5_63	bin-5-63	bin_5_63_00264	cds	contig_10	47742	0.4132	22907	23086	+	22906	59		hypothetical protein	no	group_2732	en_familia	50	1.0000	core	core	no	no	no
bin_5_63	bin-5-63	bin_5_63_00265	cds	contig_10	47742	0.4132	23104	23496	+	23103	130	ytrA	HTH-type transcriptional repressor YtrA	no	group_4096	en_familia	50	1.0000	core	core	no	no	no
bin_5_63	bin-5-63	bin_5_63_00266	cds	contig_10	47742	0.4132	23489	24367	+	23375	292		ABC transporter (ATP-binding protein) involved in resistance to cell wall inhibitors	no	group_996	en_familia	50	1.0000	core	core	no	no	no
bin_5_63	bin-5-63	bin_5_63_00267	cds	contig_10	47742	0.4132	24361	25344	+	22398	327		ABC transporter, permease component involved in resistance to cell wall inhibitors	no	group_3347	en_familia	35	0.7000	shell	shell	si	no	no
bin_5_63	bin-5-63	bin_5_63_00268	cds	contig_10	47742	0.4132	25366	26064	+	21678	232	ytrE	ABC transporter ATP-binding protein YtrE	no	ytrE	en_familia	50	1.0000	core	core	no	no	no
bin_5_63	bin-5-63	bin_5_63_00269	cds	contig_10	47742	0.4132	26093	27364	+	20378	423	ytrF	ABC transporter permease YtrF	no	ytrF	en_familia	50	1.0000	core	core	no	no	no
bin_5_63	bin-5-63	bin_5_63_00270	cds	contig_10	47742	0.4132	27418	28116	-	19626	232		M protein repeat family protein	no	group_3223	en_familia	50	1.0000	core	core	no	no	no
bin_5_63	bin-5-63	bin_5_63_00271	cds	contig_10	47742	0.4132	28399	29202	-	18540	267		Biphenyl 2,3-dioxygenase	no	group_3511	en_familia	50	1.0000	core	core	no	no	no
bin_5_63	bin-5-63	bin_5_63_00272	cds	contig_10	47742	0.4132	29628	29957	+	17785	109		DUF4257 domain-containing protein	no	group_2186	en_familia	50	1.0000	core	core	no	no	no
bin_5_63	bin-5-63	bin_5_63_00273	cds	contig_10	47742	0.4132	30379	32793	+	14949	804	leuS	leucine--tRNA ligase	no	leuS	en_familia	50	1.0000	core	core	no	no	no
bin_5_63	bin-5-63	bin_5_63_00274	cds	contig_10	47742	0.4132	32924	33826	+	13916	300		Putative hydrolase	no	group_966	en_familia	50	1.0000	core	core	no	no	no
bin_5_63	bin-5-63	bin_5_63_00275	cds	contig_10	47742	0.4132	33878	34630	+	13112	250		NAD-dependent epimerase/dehydratase domain-containing protein	no	group_3333	en_familia	50	1.0000	core	core	no	no	no
bin_5_63	bin-5-63	bin_5_63_00276	cds	contig_10	47742	0.4132	34831	35709	+	12033	292	araQ	L-arabinose transport system permease protein AraQ	no	araQ~~~ytcP	en_familia	50	1.0000	core	core	no	no	no
bin_5_63	bin-5-63	bin_5_63_00277	cds	contig_10	47742	0.4132	35735	37234	+	10508	499	lipO	Lipoprotein LipO	no	lipO	en_familia	50	1.0000	core	core	no	no	no
bin_5_63	bin-5-63	bin_5_63_00278	cds	contig_10	47742	0.4132	37279	38118	-	9624	279	ytbE	Putative oxidoreductase YtbE	no	ytbE	en_familia	50	1.0000	core	core	no	no	no
bin_5_63	bin-5-63	bin_5_63_00279	cds	contig_10	47742	0.4132	38132	39319	-	8423	395		MFS sugar transporter	no	group_4333	en_familia	50	1.0000	core	core	no	no	no
bin_5_63	bin-5-63	bin_5_63_00280	cds	contig_10	47742	0.4132	39474	39845	+	7897	123	hxlR	HxlR family transcriptional regulator	no	group_4619	en_familia	50	1.0000	core	core	no	no	no
bin_5_63	bin-5-63	bin_5_63_00281	cds	contig_10	47742	0.4132	39881	42181	-	5561	766		Membrane bound transcriptional regulator (Controlling rhamnogalacturonan degradation)	no	group_3501	en_familia	50	1.0000	core	core	no	no	no
bin_5_63	bin-5-63	bin_5_63_00282	cds	contig_10	47742	0.4132	42413	43378	+	4364	321	yteP	Putative multiple-sugar transport system permease YteP	no	yteP	en_familia	50	1.0000	core	core	no	no	no
bin_5_63	bin-5-63	bin_5_63_00283	cds	contig_10	47742	0.4132	43397	44509	+	3233	370	yteR	Unsaturated rhamnogalacturonyl hydrolase YteR	no	yteR	en_familia	50	1.0000	core	core	no	no	no
bin_5_63	bin-5-63	bin_5_63_00284	cds	contig_10	47742	0.4132	44506	45030	+	2712	174		Lipoprotein required for rhamnogalaturonan transport and degradation	no	group_3981	en_familia	50	1.0000	core	core	no	no	no
bin_5_63	bin-5-63	bin_5_63_00285	cds	contig_10	47742	0.4132	45049	46338	+	1404	429		Gfo/Idh/MocA family protein	no	group_3617	en_familia	50	1.0000	core	core	no	no	no
bin_5_63	bin-5-63	bin_5_63_00286	cds	contig_10	47742	0.4132	46363	47046	+	696	227	yesL	Membrane protein YesL	no	yesL	en_familia	50	1.0000	core	core	no	no	no
bin_5_63	bin-5-63	bin_5_63_00287	cds	contig_10	47742	0.4132	47101	47412	+	330	103		Rhodanese domain-containing protein	no	group_4182	en_familia	50	1.0000	core	core	no	no	no
bin_5_63	bin-5-63	bin_5_63_00288	cds	contig_10	47742	0.4132	47382	47696	+	46	104		hypothetical protein	no	group_3515	en_familia	50	1.0000	core	core	no	no	no
bin_5_63	bin-5-63	bin_5_63_00289	cds	contig_11	25711	0.3935	210	1142	-	209	310		Putative transcriptional regulatory protein pdtaR	no	group_913	en_familia	50	1.0000	core	core	no	no	no
bin_5_63	bin-5-63	bin_5_63_00290	cds	contig_11	25711	0.3935	1139	2455	-	1138	438		histidine kinase	no	group_3833	en_familia	49	0.9800	core	core	no	no	no
bin_5_63	bin-5-63	bin_5_63_00291	cds	contig_11	25711	0.3935	2573	4018	-	2572	481	aspA	aspartate ammonia-lyase	no	aspA	en_familia	49	0.9800	core	core	no	no	no
bin_5_63	bin-5-63	bin_5_63_00292	cds	contig_11	25711	0.3935	4035	5312	-	4034	425		Glutamate:protein symporter	no	group_460	en_familia	49	0.9800	core	core	no	no	no
bin_5_63	bin-5-63	bin_5_63_00293	cds	contig_11	25711	0.3935	5554	5751	-	5553	65		hypothetical protein	no	group_3743	en_familia	49	0.9800	core	core	no	no	no
bin_5_63	bin-5-63	bin_5_63_00294	cds	contig_11	25711	0.3935	5748	8183	-	5747	811	copZ	copper chaperone CopZ	no	group_4625	en_familia	49	0.9800	core	core	no	no	no
bin_5_63	bin-5-63	bin_5_63_00295	cds	contig_11	25711	0.3935	8268	8474	-	8267	68	copZ	copper chaperone CopZ	no	copZ	en_familia	49	0.9800	core	core	no	no	no
bin_5_63	bin-5-63	bin_5_63_00296	cds	contig_11	25711	0.3935	8558	8863	-	8557	101		Repressor of copper utilisation proteins -Cu(I)	no	group_3591	en_familia	49	0.9800	core	core	no	no	no
bin_5_63	bin-5-63	bin_5_63_00297	cds	contig_11	25711	0.3935	8961	9416	-	8960	151		Lipoprotein	no	group_4649	en_familia	49	0.9800	core	core	no	no	no
bin_5_63	bin-5-63	bin_5_63_00298	cds	contig_11	25711	0.3935	9671	11269	-	9670	532		Diguanylate cyclase	no	group_3592	en_familia	49	0.9800	core	core	no	no	no
bin_5_63	bin-5-63	bin_5_63_00299	cds	contig_11	25711	0.3935	11334	11489	+	11333	51		hypothetical protein	no	group_4650	en_familia	31	0.6200	shell	shell	si	no	no
bin_5_63	bin-5-63	bin_5_63_00300	cds	contig_11	25711	0.3935	11509	11745	+	11508	78		Group-specific protein	no	group_5193	en_familia	42	0.8400	shell	shell	si	no	no
bin_5_63	bin-5-63	bin_5_63_00301	cds	contig_11	25711	0.3935	11798	14071	-	11640	757		CDP-glycerol glycerophosphotransferase family protein	no	group_3714	en_familia	18	0.3600	shell	shell	si	no	no
bin_5_63	bin-5-63	bin_5_63_00302	cds	contig_11	25711	0.3935	14730	14909	+	10802	59		Transcriptional regulator	no	group_2742	en_familia	0	0.0000	exclusivo	exclusivo	no	no	si
bin_5_63	bin-5-63	bin_5_63_00303	cds	contig_11	25711	0.3935	14967	15458	-	10253	163		hypothetical protein	no	group_1768	en_familia	0	0.0000	exclusivo	exclusivo	no	no	si
bin_5_63	bin-5-63	bin_5_63_00304	cds	contig_11	25711	0.3935	15569	15772	-	9939	67		DUF1146 domain-containing protein	no	group_2633	en_familia	0	0.0000	exclusivo	exclusivo	no	no	si
bin_5_63	bin-5-63	bin_5_63_00305	cds	contig_11	25711	0.3935	16449	17147	-	8564	232		hypothetical protein	no	group_1336	en_familia	0	0.0000	exclusivo	exclusivo	no	no	si
bin_5_63	bin-5-63	bin_5_63_00306	cds	contig_11	25711	0.3935	18030	18554	+	7157	174		site-specific integrase	no	group_1693	en_familia	0	0.0000	exclusivo	exclusivo	no	no	si
bin_5_63	bin-5-63	bin_5_63_00308	cds	contig_11	25711	0.3935	19173	19643	-	6068	156	smpB	SsrA-binding protein SmpB	no	smpB	en_familia	49	0.9800	core	core	no	no	no
bin_5_63	bin-5-63	bin_5_63_00309	cds	contig_11	25711	0.3935	19783	22122	-	3589	779	rnr	ribonuclease R	no	rnr	en_familia	49	0.9800	core	core	no	no	no
bin_5_63	bin-5-63	bin_5_63_00310	cds	contig_11	25711	0.3935	22142	22888	-	2823	248		Carboxylesterase	no	group_1239	en_familia	49	0.9800	core	core	no	no	no
bin_5_63	bin-5-63	bin_5_63_00311	cds	contig_11	25711	0.3935	23012	23245	-	2466	77	secG	preprotein translocase subunit SecG	no	secG	en_familia	50	1.0000	core	core	no	no	no
bin_5_63	bin-5-63	bin_5_63_00312	cds	contig_11	25711	0.3935	23432	23722	-	1989	96		Transition state regulator Abh	no	group_4392	en_familia	50	1.0000	core	core	no	no	no
bin_5_63	bin-5-63	bin_5_63_00313	cds	contig_11	25711	0.3935	23760	23993	-	1718	77	yvzC	Putative HTH-type transcriptional regulator YvzC	no	yvzC	en_familia	50	1.0000	core	core	no	no	no
bin_5_63	bin-5-63	bin_5_63_00314	cds	contig_11	25711	0.3935	24148	24552	+	1159	134	rghR	HTH-type transcriptional repressor RghR	no	rghR	en_familia	50	1.0000	core	core	no	no	no
bin_5_63	bin-5-63	bin_5_63_00315	cds	contig_11	25711	0.3935	24683	25084	+	627	133		Transcriptional repressor	no	group_3493	en_familia	50	1.0000	core	core	no	no	no
bin_5_63	bin-5-63	bin_5_63_00316	cds	contig_11	25711	0.3935	25167	25487	+	224	106	yodB	HTH-type transcriptional regulator YodB	no	group_2215	en_familia	50	1.0000	core	core	no	no	no
bin_5_63	bin-5-63	bin_5_63_00318	cds	contig_12	53815	0.4052	506	1408	+	505	300	dpaA	dipicolinic acid synthetase subunit A	no	dpaA	en_familia	48	0.9600	core	core	no	no	no
bin_5_63	bin-5-63	bin_5_63_00319	cds	contig_12	53815	0.4052	1405	1998	+	1404	197	dpaB	dipicolinate synthase subunit B	no	dpaB	en_familia	50	1.0000	core	core	no	no	no
bin_5_63	bin-5-63	bin_5_63_00320	cds	contig_12	53815	0.4052	2138	3157	+	2137	339	asd	aspartate-semialdehyde dehydrogenase	no	asd	en_familia	50	1.0000	core	core	no	no	no
bin_5_63	bin-5-63	bin_5_63_00321	cds	contig_12	53815	0.4052	3250	4464	+	3249	404	dapG	aspartate kinase	no	dapG	en_familia	50	1.0000	core	core	no	no	no
bin_5_63	bin-5-63	bin_5_63_00322	cds	contig_12	53815	0.4052	4495	5361	+	4494	288	dapA	4-hydroxy-tetrahydrodipicolinate synthase	no	dapA	en_familia	50	1.0000	core	core	no	no	no
bin_5_63	bin-5-63	bin_5_63_00323	cds	contig_12	53815	0.4052	5533	7200	+	5532	555		Ribonuclease J	no	group_214	en_familia	50	1.0000	core	core	no	no	no
bin_5_63	bin-5-63	bin_5_63_00324	cds	contig_12	53815	0.4052	7322	8050	+	7321	242		Protein export-enhancing protease (Spore outgrowth)	no	group_1276	en_familia	50	1.0000	core	core	no	no	no
bin_5_63	bin-5-63	bin_5_63_00325	cds	contig_12	53815	0.4052	8047	8283	+	8046	78		YlzJ-like protein	no	group_3088	en_familia	50	1.0000	core	core	no	no	no
bin_5_63	bin-5-63	bin_5_63_00326	cds	contig_12	53815	0.4052	8280	10769	+	8279	829		DNA translocase SpoIIIE	no	group_63	en_familia	50	1.0000	core	core	no	no	no
bin_5_63	bin-5-63	bin_5_63_00327	cds	contig_12	53815	0.4052	10934	11659	+	10933	241	gntR	GntR family transcriptional regulator	no	gntR	en_familia	50	1.0000	core	core	no	no	no
bin_5_63	bin-5-63	bin_5_63_00328	cds	contig_12	53815	0.4052	11763	12992	+	11762	409		Bacillibactin exporter	no	group_511	en_familia	50	1.0000	core	core	no	no	no
bin_5_63	bin-5-63	bin_5_63_00329	cds	contig_12	53815	0.4052	13312	16428	+	13311	1038		SSD domain-containing protein	no	group_3235	en_familia	50	1.0000	core	core	no	no	no
bin_5_63	bin-5-63	bin_5_63_00330	cds	contig_12	53815	0.4052	16574	17854	+	16573	426	yfmF	EF-P 5-aminopentanol modification-associated protein YfmF	no	yfmF	en_familia	50	1.0000	core	core	no	no	no
bin_5_63	bin-5-63	bin_5_63_00331	cds	contig_12	53815	0.4052	17851	19143	+	17850	430	yfmH	EF-P 5-aminopentanol modification-associated protein YfmH	no	yfmH	en_familia	50	1.0000	core	core	no	no	no
bin_5_63	bin-5-63	bin_5_63_00332	cds	contig_12	53815	0.4052	19295	19771	+	19294	158	hosA	Transcriptional regulator HosA	no	hosA	en_familia	50	1.0000	core	core	no	no	no
bin_5_63	bin-5-63	bin_5_63_00333	cds	contig_12	53815	0.4052	19749	22868	+	19748	1039		SSD domain-containing protein	no	group_3571	en_familia	50	1.0000	core	core	no	no	no
bin_5_63	bin-5-63	bin_5_63_00334	cds	contig_12	53815	0.4052	22898	23626	+	22897	242	ymfI	elongation factor P 5-aminopentanone reductase	no	ymfI	en_familia	50	1.0000	core	core	no	no	no
bin_5_63	bin-5-63	bin_5_63_00335	cds	contig_12	53815	0.4052	23700	23957	+	23699	85		DUF3243 domain-containing protein	no	group_4144	en_familia	50	1.0000	core	core	no	no	no
bin_5_63	bin-5-63	bin_5_63_00336	cds	contig_12	53815	0.4052	24093	24884	+	24092	263	ymfK	Uncharacterized protein YmfK	no	ymfK	en_familia	50	1.0000	core	core	no	no	no
bin_5_63	bin-5-63	bin_5_63_00337	cds	contig_12	53815	0.4052	24974	25819	+	24973	281	ymfM	Uncharacterized membrane protein YmfM	no	ymfM	en_familia	50	1.0000	core	core	no	no	no
bin_5_63	bin-5-63	bin_5_63_00338	cds	contig_12	53815	0.4052	25893	26474	+	25892	193	pgsA	CDP-diacylglycerol--glycerol-3-phosphate 3-phosphatidyltransferase	no	pgsA	en_familia	50	1.0000	core	core	no	no	no
bin_5_63	bin-5-63	bin_5_63_00339	cds	contig_12	53815	0.4052	26491	27741	+	26074	416	cinA	competence/damage-inducible protein A	no	cinA	en_familia	50	1.0000	core	core	no	no	no
bin_5_63	bin-5-63	bin_5_63_00340	cds	contig_12	53815	0.4052	27919	28962	+	24853	347	recA	recombinase RecA	no	recA	en_familia	50	1.0000	core	core	no	no	no
bin_5_63	bin-5-63	bin_5_63_00341	cds	contig_12	53815	0.4052	29263	30825	+	22990	520	rny	ribonuclease Y	no	rny	en_familia	50	1.0000	core	core	no	no	no
bin_5_63	bin-5-63	bin_5_63_00342	cds	contig_12	53815	0.4052	30915	31709	+	22106	264		2',3'-cyclic-nucleotide 2'-phosphodiesterase	no	group_1144	en_familia	50	1.0000	core	core	no	no	no
bin_5_63	bin-5-63	bin_5_63_00343	cds	contig_12	53815	0.4052	31912	32172	+	21643	86	spoVS	stage V sporulation protein SpoVS	no	spoVS	en_familia	50	1.0000	core	core	no	no	no
bin_5_63	bin-5-63	bin_5_63_00344	cds	contig_12	53815	0.4052	32376	35420	+	18395	1014	swrC	Swarming motility protein SwrC	no	swrC	en_familia	50	1.0000	core	core	no	no	no
bin_5_63	bin-5-63	bin_5_63_00345	cds	contig_12	53815	0.4052	35598	36662	+	17153	354	tdh	L-threonine 3-dehydrogenase	no	tdh	en_familia	50	1.0000	core	core	no	no	no
bin_5_63	bin-5-63	bin_5_63_00346	cds	contig_12	53815	0.4052	36659	37849	+	15966	396		glycine C-acetyltransferase	no	group_559	en_familia	50	1.0000	core	core	no	no	no
bin_5_63	bin-5-63	bin_5_63_00347	cds	contig_12	53815	0.4052	37944	39059	+	14756	371		Protein NO VEIN, C-terminal	no	mrcB	en_familia	16	0.3200	shell	shell	si	no	no
bin_5_63	bin-5-63	bin_5_63_00348	cds	contig_12	53815	0.4052	39150	40676	+	13139	508	miaB	tRNA (N6-isopentenyl adenosine(37)-C2)-methylthiotransferase MiaB	no	miaB	en_familia	50	1.0000	core	core	no	no	no
bin_5_63	bin-5-63	bin_5_63_00349	cds	contig_12	53815	0.4052	40678	41112	+	12703	144		Master regulator for biofilm formation	no	group_3159	en_familia	50	1.0000	core	core	no	no	no
bin_5_63	bin-5-63	bin_5_63_00350	cds	contig_12	53815	0.4052	41563	42108	+	11707	181	cotE	Spore coat protein E	no	cotE	en_familia	50	1.0000	core	core	no	no	no
bin_5_63	bin-5-63	bin_5_63_00351	cds	contig_12	53815	0.4052	42233	44809	+	9006	858	mutS	DNA mismatch repair protein MutS	no	mutS	en_familia	50	1.0000	core	core	no	no	no
bin_5_63	bin-5-63	bin_5_63_00352	cds	contig_12	53815	0.4052	44832	46733	+	7082	633	mutL	DNA mismatch repair endonuclease MutL	no	mutL	en_familia	50	1.0000	core	core	no	no	no
bin_5_63	bin-5-63	bin_5_63_00353	cds	contig_12	53815	0.4052	46939	47109	+	6706	56		hypothetical protein	no	group_4253	en_familia	50	1.0000	core	core	no	no	no
bin_5_63	bin-5-63	bin_5_63_00354	cds	contig_12	53815	0.4052	47252	47788	-	6027	178	bslA	biofilm surface layer hydrophobin BslA	no	bslA	en_familia	50	1.0000	core	core	no	no	no
bin_5_63	bin-5-63	bin_5_63_00355	cds	contig_12	53815	0.4052	47914	48315	-	5500	133		Spore coat protein	no	group_3453	en_familia	50	1.0000	core	core	no	no	no
bin_5_63	bin-5-63	bin_5_63_00356	cds	contig_12	53815	0.4052	48906	49379	+	4436	157		CarD-like/TRCF RNAP-interacting domain-containing protein	no	group_1805	en_familia	50	1.0000	core	core	no	no	no
bin_5_63	bin-5-63	bin_5_63_00357	cds	contig_12	53815	0.4052	49694	50443	+	3372	249		Gamma-polyglutamate hydrolase (Phage origin)	no	group_1232	en_familia	50	1.0000	core	core	no	no	no
bin_5_63	bin-5-63	bin_5_63_00358	cds	contig_12	53815	0.4052	50594	51757	+	2058	387		Response regulator aspartate phosphatase B	no	group_601	en_familia	50	1.0000	core	core	no	no	no
bin_5_63	bin-5-63	bin_5_63_00359	cds	contig_12	53815	0.4052	51847	53172	-	643	441	aprX	Serine protease AprX	no	aprX	en_familia	50	1.0000	core	core	no	no	no
bin_5_63	bin-5-63	bin_5_63_00360	cds	contig_13	28170	0.4099	143	721	+	142	192	yjbC	Acetyltransferase YjbC	no	yjbC	en_familia	50	1.0000	core	core	no	no	no
bin_5_63	bin-5-63	bin_5_63_00361	cds	contig_13	28170	0.4099	915	1310	+	914	131	spxA	transcriptional regulator SpxA	no	spxA	en_familia	50	1.0000	core	core	no	no	no
bin_5_63	bin-5-63	bin_5_63_00362	cds	contig_13	28170	0.4099	1351	2016	-	1350	221	terC	TerC family protein	no	group_1385	en_familia	50	1.0000	core	core	no	no	no
bin_5_63	bin-5-63	bin_5_63_00363	cds	contig_13	28170	0.4099	2281	2946	+	2280	221	mecA	adaptor protein MecA	no	mecA	en_familia	50	1.0000	core	core	no	no	no
bin_5_63	bin-5-63	bin_5_63_00364	cds	contig_13	28170	0.4099	3032	4552	+	3031	506	cls	cardiolipin synthase	no	group_3595	en_familia	50	1.0000	core	core	no	no	no
bin_5_63	bin-5-63	bin_5_63_00365	cds	contig_13	28170	0.4099	4613	5875	+	4612	420		Competence protein	no	coiA	en_familia	50	1.0000	core	core	no	no	no
bin_5_63	bin-5-63	bin_5_63_00366	cds	contig_13	28170	0.4099	5925	7916	+	5924	663	pepF	oligoendopeptidase F	no	pepF	en_familia	50	1.0000	core	core	no	no	no
bin_5_63	bin-5-63	bin_5_63_00367	cds	contig_13	28170	0.4099	8192	8365	-	8191	57		hypothetical protein	no	group_4641	en_familia	50	1.0000	core	core	no	no	no
bin_5_63	bin-5-63	bin_5_63_00369	cds	contig_13	28170	0.4099	8662	9573	-	8661	303	spxH	ClpXP adapter protein SpxH	no	dsbA~~~spxH	en_familia	50	1.0000	core	core	no	no	no
bin_5_63	bin-5-63	bin_5_63_00370	cds	contig_13	28170	0.4099	9570	9968	-	9569	132	yjbI	Group 2 truncated hemoglobin YjbI	no	yjbI	en_familia	50	1.0000	core	core	no	no	no
bin_5_63	bin-5-63	bin_5_63_00371	cds	contig_13	28170	0.4099	10246	11010	-	10245	254		Membrane-bound lytic murein transglycosylase F	no	cwlQ~~~fliE	en_familia	50	1.0000	core	core	no	no	no
bin_5_63	bin-5-63	bin_5_63_00372	cds	contig_13	28170	0.4099	11036	11611	-	11035	191		CYTH domain-containing protein	no	group_4337	en_familia	50	1.0000	core	core	no	no	no
bin_5_63	bin-5-63	bin_5_63_00373	cds	contig_13	28170	0.4099	11829	12194	+	11828	121		UPF0738 protein BPUM_1088	no	group_2069	en_familia	50	1.0000	core	core	no	no	no
bin_5_63	bin-5-63	bin_5_63_00374	cds	contig_13	28170	0.4099	12228	12857	+	12227	209	yjbM	GTP pyrophosphokinase YjbM	no	yjbM	en_familia	50	1.0000	core	core	no	no	no
bin_5_63	bin-5-63	bin_5_63_00375	cds	contig_13	28170	0.4099	12923	13723	+	12922	266		NAD kinase	no	group_1129	en_familia	50	1.0000	core	core	no	no	no
bin_5_63	bin-5-63	bin_5_63_00376	cds	contig_13	28170	0.4099	13732	14634	+	13536	300		Pseudouridine synthase	no	group_3370	en_familia	50	1.0000	core	core	no	no	no
bin_5_63	bin-5-63	bin_5_63_00377	cds	contig_13	28170	0.4099	14675	15418	-	12752	247	prpE	bis(5'-nucleosyl)-tetraphosphatase PrpE	no	prpE	en_familia	50	1.0000	core	core	no	no	no
bin_5_63	bin-5-63	bin_5_63_00378	cds	contig_13	28170	0.4099	15579	17426	+	10744	615		Gated K+/H+ antiporter	no	group_3393	en_familia	50	1.0000	core	core	no	no	no
bin_5_63	bin-5-63	bin_5_63_00379	cds	contig_13	28170	0.4099	17668	18378	+	9792	236	tenA	thiaminase II	no	tenA	en_familia	50	1.0000	core	core	no	no	no
bin_5_63	bin-5-63	bin_5_63_00380	cds	contig_13	28170	0.4099	18338	18970	+	9200	210	tenI	thiazole tautomerase TenI	no	tenI	en_familia	50	1.0000	core	core	no	no	no
bin_5_63	bin-5-63	bin_5_63_00381	cds	contig_13	28170	0.4099	18954	20066	+	8104	370	thiO	glycine oxidase ThiO	no	thiO	en_familia	50	1.0000	core	core	no	no	no
bin_5_63	bin-5-63	bin_5_63_00382	cds	contig_13	28170	0.4099	20063	20266	+	7904	67	thiS	sulfur carrier protein ThiS	no	group_4795	en_familia	50	1.0000	core	core	no	no	no
bin_5_63	bin-5-63	bin_5_63_00383	cds	contig_13	28170	0.4099	20271	21038	+	7132	255		Thiazole synthase	no	thiG	en_familia	50	1.0000	core	core	no	no	no
bin_5_63	bin-5-63	bin_5_63_00384	cds	contig_13	28170	0.4099	21035	22048	+	6122	337	thiS	Sulfur carrier protein ThiS adenylyltransferase	no	thiS	en_familia	50	1.0000	core	core	no	no	no
bin_5_63	bin-5-63	bin_5_63_00385	cds	contig_13	28170	0.4099	22066	22872	+	5298	268		Hydroxymethylpyrimidine/phosphomethylpyrimidine kinase	no	group_1118	en_familia	50	1.0000	core	core	no	no	no
bin_5_63	bin-5-63	bin_5_63_00386	cds	contig_13	28170	0.4099	23022	23798	+	4372	258	fabI	enoyl-ACP reductase FabI	no	fabI	en_familia	50	1.0000	core	core	no	no	no
bin_5_63	bin-5-63	bin_5_63_00387	cds	contig_13	28170	0.4099	23912	24487	+	3683	191		Spore outer coat crust protein	no	group_4154	en_familia	50	1.0000	core	core	no	no	no
bin_5_63	bin-5-63	bin_5_63_00388	cds	contig_13	28170	0.4099	24525	24968	-	3202	147		Spore coat protein Z	no	group_1882	en_familia	50	1.0000	core	core	no	no	no
bin_5_63	bin-5-63	bin_5_63_00389	cds	contig_13	28170	0.4099	25181	25672	-	2498	163		Spore coat protein	no	group_1757	en_familia	50	1.0000	core	core	no	no	no
bin_5_63	bin-5-63	bin_5_63_00390	cds	contig_13	28170	0.4099	25820	26305	-	1865	161		Spore coat protein X	no	group_4274	en_familia	50	1.0000	core	core	no	no	no
bin_5_63	bin-5-63	bin_5_63_00391	cds	contig_13	28170	0.4099	26394	26729	-	1441	111		Spore coat protein	no	group_4320	en_familia	50	1.0000	core	core	no	no	no
bin_5_63	bin-5-63	bin_5_63_00392	cds	contig_13	28170	0.4099	26774	27160	-	1010	128		Spore coat protein V	no	group_4340	en_familia	50	1.0000	core	core	no	no	no
bin_5_63	bin-5-63	bin_5_63_00393	cds	contig_13	28170	0.4099	27338	27688	+	482	116		Sporulation-specific protein	no	group_2106	en_familia	50	1.0000	core	core	no	no	no
bin_5_63	bin-5-63	bin_5_63_00394	cds	contig_13	28170	0.4099	27760	27888	+	282	42		hypothetical protein	no	group_3508	en_familia	50	1.0000	core	core	no	no	no
bin_5_63	bin-5-63	bin_5_63_00395	cds	contig_14	18635	0.4147	835	1482	-	834	215	hisG	ATP phosphoribosyltransferase	no	hisG	en_familia	50	1.0000	core	core	no	no	no
bin_5_63	bin-5-63	bin_5_63_00396	cds	contig_14	18635	0.4147	1475	2650	-	1474	391	hisZ	ATP phosphoribosyltransferase regulatory subunit	no	hisZ	en_familia	50	1.0000	core	core	no	no	no
bin_5_63	bin-5-63	bin_5_63_00397	cds	contig_14	18635	0.4147	2884	3675	+	2883	263		Peptidase C39-like domain-containing protein	no	group_3853	en_familia	50	1.0000	core	core	no	no	no
bin_5_63	bin-5-63	bin_5_63_00398	cds	contig_14	18635	0.4147	3707	4348	-	3706	213		NAD(P)-binding domain-containing protein	no	group_3376	en_familia	50	1.0000	core	core	no	no	no
bin_5_63	bin-5-63	bin_5_63_00399	cds	contig_14	18635	0.4147	4436	4864	-	4435	142		Rrf2 family transcriptional regulator	no	group_1922	en_familia	50	1.0000	core	core	no	no	no
bin_5_63	bin-5-63	bin_5_63_00400	cds	contig_14	18635	0.4147	4934	5452	-	4933	172		Dephosphorylated heptaprenylglyceryl phosphate O-acetyltransferase	no	group_4303	en_familia	50	1.0000	core	core	no	no	no
bin_5_63	bin-5-63	bin_5_63_00401	cds	contig_14	18635	0.4147	5454	6104	-	5453	216	ppaX	pyrophosphatase PpaX	no	ppaX	en_familia	50	1.0000	core	core	no	no	no
bin_5_63	bin-5-63	bin_5_63_00402	cds	contig_14	18635	0.4147	6101	7045	-	6100	314		Nucleoside transporter/FeoB GTPase Gate domain-containing protein	no	group_3362	en_familia	50	1.0000	core	core	no	no	no
bin_5_63	bin-5-63	bin_5_63_00403	cds	contig_14	18635	0.4147	7064	7888	-	7063	274	lgt	prolipoprotein diacylglyceryl transferase	no	lgt	en_familia	50	1.0000	core	core	no	no	no
bin_5_63	bin-5-63	bin_5_63_00404	cds	contig_14	18635	0.4147	7900	8832	-	7899	310	hprK	HPr(Ser) kinase/phosphatase	no	hprK	en_familia	50	1.0000	core	core	no	no	no
bin_5_63	bin-5-63	bin_5_63_00405	cds	contig_14	18635	0.4147	9009	10199	+	8436	396	nagA	N-acetylglucosamine-6-phosphate deacetylase	no	nagA	en_familia	50	1.0000	core	core	no	no	no
bin_5_63	bin-5-63	bin_5_63_00406	cds	contig_14	18635	0.4147	10199	10924	+	7711	241	nagB	glucosamine-6-phosphate deaminase	no	nagB	en_familia	50	1.0000	core	core	no	no	no
bin_5_63	bin-5-63	bin_5_63_00407	cds	contig_14	18635	0.4147	10943	11668	+	6967	241	yvoA	HTH-type transcriptional repressor YvoA	no	yvoA	en_familia	50	1.0000	core	core	no	no	no
bin_5_63	bin-5-63	bin_5_63_00408	cds	contig_14	18635	0.4147	11695	15549	-	3086	1284		LTD domain-containing protein	no	group_3569	en_familia	50	1.0000	core	core	no	no	no
bin_5_63	bin-5-63	bin_5_63_00409	cds	contig_14	18635	0.4147	15644	16030	-	2605	128		Phage holin family protein	no	group_2003	en_familia	50	1.0000	core	core	no	no	no
bin_5_63	bin-5-63	bin_5_63_00410	cds	contig_14	18635	0.4147	16031	16225	-	2410	64	pspC	Phage shock protein PspC N-terminal domain-containing protein	no	pspC	en_familia	50	1.0000	core	core	no	no	no
bin_5_63	bin-5-63	bin_5_63_00411	cds	contig_14	18635	0.4147	16232	17323	-	1312	363		Adhesin domain-containing protein	no	group_692	en_familia	50	1.0000	core	core	no	no	no
bin_5_63	bin-5-63	bin_5_63_00412	cds	contig_14	18635	0.4147	17335	17670	-	965	111		DUF4870 domain-containing protein	no	group_3279	en_familia	50	1.0000	core	core	no	no	no
bin_5_63	bin-5-63	bin_5_63_00413	cds	contig_14	18635	0.4147	17868	18098	+	537	76	yvkN	YvkN	no	yvkN	en_familia	50	1.0000	core	core	no	no	no
bin_5_63	bin-5-63	bin_5_63_00414	cds	contig_15	2505	0.4212	24	602	+	23	192		hypothetical protein	no	group_5825	en_familia	0	0.0000	exclusivo	exclusivo	no	no	si
bin_5_63	bin-5-63	bin_5_63_00415	cds	contig_15	2505	0.4212	609	1244	+	608	211	udk	uridine kinase	no	group_5824	en_familia	0	0.0000	exclusivo	exclusivo	no	no	si
bin_5_63	bin-5-63	bin_5_63_00416	cds	contig_15	2505	0.4212	1495	1968	+	537	157	greA	transcription elongation factor GreA	no	group_5823	en_familia	0	0.0000	exclusivo	exclusivo	no	no	si
bin_5_63	bin-5-63	bin_5_63_00417	cds	contig_16	46593	0.4083	171	1088	-	170	305	prpB	methylisocitrate lyase	no	prpB	en_familia	50	1.0000	core	core	no	no	no
bin_5_63	bin-5-63	bin_5_63_00418	cds	contig_16	46593	0.4083	1101	2537	-	1100	478		bifunctional 2-methylcitrate dehydratase/aconitate hydratase	no	group_313	en_familia	50	1.0000	core	core	no	no	no
bin_5_63	bin-5-63	bin_5_63_00419	cds	contig_16	46593	0.4083	2540	3682	-	2539	380	mmgD	citrate synthase	no	mmgD	en_familia	50	1.0000	core	core	no	no	no
bin_5_63	bin-5-63	bin_5_63_00420	cds	contig_16	46593	0.4083	3850	4389	-	3849	179		DUF420 domain-containing protein	no	group_1659	en_familia	50	1.0000	core	core	no	no	no
bin_5_63	bin-5-63	bin_5_63_00421	cds	contig_16	46593	0.4083	4594	5100	+	4593	168		N-acetyltransferase domain-containing protein	no	group_3374	en_familia	50	1.0000	core	core	no	no	no
bin_5_63	bin-5-63	bin_5_63_00422	cds	contig_16	46593	0.4083	5253	6044	-	5252	263		Exported cell wall lytic enzyme	no	group_1147	en_familia	50	1.0000	core	core	no	no	no
bin_5_63	bin-5-63	bin_5_63_00423	cds	contig_16	46593	0.4083	6301	8082	-	6300	593	recQ	DNA helicase RecQ	no	group_3584	en_familia	50	1.0000	core	core	no	no	no
bin_5_63	bin-5-63	bin_5_63_00425	cds	contig_16	46593	0.4083	8537	9037	-	8536	166		General stress protein 16O	no	group_3123	en_familia	50	1.0000	core	core	no	no	no
bin_5_63	bin-5-63	bin_5_63_00426	cds	contig_16	46593	0.4083	9128	9775	-	9127	215	yhfK	Putative sugar epimerase YhfK	no	yhfK	en_familia	50	1.0000	core	core	no	no	no
bin_5_63	bin-5-63	bin_5_63_00427	cds	contig_16	46593	0.4083	9953	10315	-	9952	120		Bacterial Pleckstrin-like y domain-containing protein	no	group_3411	en_familia	50	1.0000	core	core	no	no	no
bin_5_63	bin-5-63	bin_5_63_00428	cds	contig_16	46593	0.4083	10572	10712	-	10571	46		DUF4025 domain-containing protein	no	group_4404	en_familia	50	1.0000	core	core	no	no	no
bin_5_63	bin-5-63	bin_5_63_00429	cds	contig_16	46593	0.4083	10759	10971	-	10758	70		DUF6501 domain-containing protein	no	group_2577	en_familia	50	1.0000	core	core	no	no	no
bin_5_63	bin-5-63	bin_5_63_00430	cds	contig_16	46593	0.4083	11181	12665	+	11180	494		Aldehyde dehydrogenase	no	group_277	en_familia	50	1.0000	core	core	no	no	no
bin_5_63	bin-5-63	bin_5_63_00431	cds	contig_16	46593	0.4083	12766	14643	+	12765	625		Squalene-hopene cyclase, sporulenol synthase (Spore protection)	no	group_3823	en_familia	50	1.0000	core	core	no	no	no
bin_5_63	bin-5-63	bin_5_63_00432	cds	contig_16	46593	0.4083	14636	15457	+	14635	273		superoxide dismutase	no	group_4739	en_familia	50	1.0000	core	core	no	no	no
bin_5_63	bin-5-63	bin_5_63_00433	cds	contig_16	46593	0.4083	15609	16559	+	15608	316		Sodium transporter	no	group_889	en_familia	50	1.0000	core	core	no	no	no
bin_5_63	bin-5-63	bin_5_63_00434	cds	contig_16	46593	0.4083	16591	17847	-	16590	418	odhB	2-oxoglutarate dehydrogenase complex dihydrolipoyllysine-residue succinyltransferase	no	odhB	en_familia	50	1.0000	core	core	no	no	no
bin_5_63	bin-5-63	bin_5_63_00435	cds	contig_16	46593	0.4083	17862	20696	-	17861	944	sucA	2-oxoglutarate dehydrogenase E1 component	no	sucA	en_familia	50	1.0000	core	core	no	no	no
bin_5_63	bin-5-63	bin_5_63_00436	cds	contig_16	46593	0.4083	20921	22837	-	20920	638		VWFA domain-containing protein	no	group_3346	en_familia	50	1.0000	core	core	no	no	no
bin_5_63	bin-5-63	bin_5_63_00437	cds	contig_16	46593	0.4083	22849	23727	-	22848	292		AAA+ ATPase domain-containing protein	no	group_995	en_familia	50	1.0000	core	core	no	no	no
bin_5_63	bin-5-63	bin_5_63_00438	cds	contig_16	46593	0.4083	23817	24395	-	22198	192		Superoxide dismutase [Cu-Zn]	no	group_3877	en_familia	50	1.0000	core	core	no	no	no
bin_5_63	bin-5-63	bin_5_63_00439	cds	contig_16	46593	0.4083	24473	25804	-	20789	443		SAG1386/EF1546 family surface-associated protein	no	cwlS	en_familia	50	1.0000	core	core	no	no	no
bin_5_63	bin-5-63	bin_5_63_00440	cds	contig_16	46593	0.4083	26209	26835	-	19758	208	cdaS	sporulation-specific diadenylate cyclase CdaS	no	cdaS	en_familia	50	1.0000	core	core	no	no	no
bin_5_63	bin-5-63	bin_5_63_00441	cds	contig_16	46593	0.4083	26917	27042	+	19551	41		Holin-like toxin	no	group_3194	en_familia	50	1.0000	core	core	no	no	no
bin_5_63	bin-5-63	bin_5_63_00442	cds	contig_16	46593	0.4083	27099	28469	+	18124	456	norM	putative multidrug resistance protein NorM	no	norM	en_familia	50	1.0000	core	core	no	no	no
bin_5_63	bin-5-63	bin_5_63_00443	cds	contig_16	46593	0.4083	28491	29156	-	17437	221	bshB2	bacillithiol biosynthesis deacetylase BshB2	no	bshB2	en_familia	50	1.0000	core	core	no	no	no
bin_5_63	bin-5-63	bin_5_63_00444	cds	contig_16	46593	0.4083	29174	29524	-	17069	116		DUF1806 domain-containing protein	no	group_2107	en_familia	50	1.0000	core	core	no	no	no
bin_5_63	bin-5-63	bin_5_63_00445	cds	contig_16	46593	0.4083	29521	29802	-	16791	93	yojE	YojE	no	yojE	en_familia	50	1.0000	core	core	no	no	no
bin_5_63	bin-5-63	bin_5_63_00446	cds	contig_16	46593	0.4083	29881	30783	-	15810	300	rarD	EamA family transporter RarD	no	rarD	en_familia	50	1.0000	core	core	no	no	no
bin_5_63	bin-5-63	bin_5_63_00447	cds	contig_16	46593	0.4083	30879	31352	+	15241	157	gerT	Spore germination protein GerT	no	gerT	en_familia	50	1.0000	core	core	no	no	no
bin_5_63	bin-5-63	bin_5_63_00448	cds	contig_16	46593	0.4083	31393	31611	-	14982	72		Spore coat protein	no	group_2550	en_familia	50	1.0000	core	core	no	no	no
bin_5_63	bin-5-63	bin_5_63_00449	cds	contig_16	46593	0.4083	31687	32019	-	14574	110	yodB	HTH-type transcriptional regulator YodB	no	yodB	en_familia	50	1.0000	core	core	no	no	no
bin_5_63	bin-5-63	bin_5_63_00450	cds	contig_16	46593	0.4083	32161	32778	+	13815	205	yodC	NAD(P)H nitroreductase YodC	no	yodC	en_familia	50	1.0000	core	core	no	no	no
bin_5_63	bin-5-63	bin_5_63_00451	cds	contig_16	46593	0.4083	33016	33234	+	13359	72		DUF3311 domain-containing protein	no	group_2551	en_familia	50	1.0000	core	core	no	no	no
bin_5_63	bin-5-63	bin_5_63_00452	cds	contig_16	46593	0.4083	33219	34712	+	11881	497	yodF	Putative symporter YodF	no	yodF	en_familia	50	1.0000	core	core	no	no	no
bin_5_63	bin-5-63	bin_5_63_00453	cds	contig_16	46593	0.4083	34953	36338	-	10255	461		Carboxy-terminal processing protease (Prc-like protein, tail specific protease) involved in DNA damage recovery	no	group_353	en_familia	50	1.0000	core	core	no	no	no
bin_5_63	bin-5-63	bin_5_63_00454	cds	contig_16	46593	0.4083	36490	37188	+	9405	232		Putative S-adenosylmethionine-dependent methyltransferase	no	group_3869	en_familia	50	1.0000	core	core	no	no	no
bin_5_63	bin-5-63	bin_5_63_00455	cds	contig_16	46593	0.4083	37281	37532	+	9061	83	yodI	Spore protein YodI	no	yodI	en_familia	50	1.0000	core	core	no	no	no
bin_5_63	bin-5-63	bin_5_63_00456	cds	contig_16	46593	0.4083	37581	38411	-	8182	276	yodJ	Carboxypeptidase YodJ	no	yodJ	en_familia	50	1.0000	core	core	no	no	no
bin_5_63	bin-5-63	bin_5_63_00457	cds	contig_16	46593	0.4083	38480	39175	-	7418	231	deoD	purine-nucleoside phosphorylase	no	deoD	en_familia	50	1.0000	core	core	no	no	no
bin_5_63	bin-5-63	bin_5_63_00458	cds	contig_16	46593	0.4083	39286	39603	-	6990	105		YodL-like protein	no	group_2223	en_familia	50	1.0000	core	core	no	no	no
bin_5_63	bin-5-63	bin_5_63_00459	cds	contig_16	46593	0.4083	39658	40275	-	6318	205		Phosphatidylglycerol phosphate (PGP) phosphatase undecaprenyl-pyrophosphate phosphatase (Promiscuous activity)	no	group_1498	en_familia	50	1.0000	core	core	no	no	no
bin_5_63	bin-5-63	bin_5_63_00460	cds	contig_16	46593	0.4083	40318	40488	-	6105	56	yozD	YozD family protein	no	yozD	en_familia	50	1.0000	core	core	no	no	no
bin_5_63	bin-5-63	bin_5_63_00461	cds	contig_16	46593	0.4083	40739	41503	-	5090	254	yodN	YodN	no	yodN	en_familia	50	1.0000	core	core	no	no	no
bin_5_63	bin-5-63	bin_5_63_00462	cds	contig_16	46593	0.4083	41567	41791	-	4802	74		UPF0346 protein BPUM_1890	no	group_2525	en_familia	50	1.0000	core	core	no	no	no
bin_5_63	bin-5-63	bin_5_63_00463	cds	contig_16	46593	0.4083	41871	42152	-	4441	93	yokU	YokU family protein	no	yokU	en_familia	50	1.0000	core	core	no	no	no
bin_5_63	bin-5-63	bin_5_63_00464	cds	contig_16	46593	0.4083	42155	43555	-	3038	466	ablA	lysine 2,3-aminomutase	no	ablA	en_familia	50	1.0000	core	core	no	no	no
bin_5_63	bin-5-63	bin_5_63_00465	cds	contig_16	46593	0.4083	43672	45144	-	1449	490	rocR	Arginine utilization regulatory protein RocR	no	rocR	en_familia	50	1.0000	core	core	no	no	no
bin_5_63	bin-5-63	bin_5_63_00466	cds	contig_16	46593	0.4083	45205	46494	-	99	429		Glycosyltransferase family 2 protein	no	group_4493	en_familia	50	1.0000	core	core	no	no	no
bin_5_63	bin-5-63	bin_5_63_00467	cds	contig_17	9928	0.4086	187	954	+	186	255		ABC transporter ATP-binding protein	no	group_4920	en_familia	50	1.0000	core	core	no	no	no
bin_5_63	bin-5-63	bin_5_63_00468	cds	contig_17	9928	0.4086	926	2323	+	925	465		Membrane protein	no	group_4494	en_familia	50	1.0000	core	core	no	no	no
bin_5_63	bin-5-63	bin_5_63_00469	cds	contig_17	9928	0.4086	2320	2685	+	2319	121		Membrane protein	no	group_3188	en_familia	50	1.0000	core	core	no	no	no
bin_5_63	bin-5-63	bin_5_63_00470	cds	contig_17	9928	0.4086	2686	2967	+	2685	93		hypothetical protein	no	group_4287	en_familia	50	1.0000	core	core	no	no	no
bin_5_63	bin-5-63	bin_5_63_00471	cds	contig_17	9928	0.4086	2988	3452	-	2987	154		Putative N-acyltransferase	no	group_1829	en_familia	50	1.0000	core	core	no	no	no
bin_5_63	bin-5-63	bin_5_63_00472	cds	contig_17	9928	0.4086	3468	3932	-	3467	154		Peptidase M24	no	group_4201	en_familia	50	1.0000	core	core	no	no	no
bin_5_63	bin-5-63	bin_5_63_00473	cds	contig_17	9928	0.4086	4051	4686	+	4050	211		UPF0056 membrane protein	no	group_1449	en_familia	50	1.0000	core	core	no	no	no
bin_5_63	bin-5-63	bin_5_63_00474	cds	contig_17	9928	0.4086	4742	5278	-	4650	178		HTH-type transcriptional regulator	no	group_3260	en_familia	50	1.0000	core	core	no	no	no
bin_5_63	bin-5-63	bin_5_63_00475	cds	contig_17	9928	0.4086	5548	6696	+	3232	382		Quaternary amine transport ATP-binding protein	no	group_624	en_familia	50	1.0000	core	core	no	no	no
bin_5_63	bin-5-63	bin_5_63_00476	cds	contig_17	9928	0.4086	6710	7363	+	2565	217		Glycine betaine/carnitine/choline transport system permease protein OpuCB	no	group_1404	en_familia	50	1.0000	core	core	no	no	no
bin_5_63	bin-5-63	bin_5_63_00477	cds	contig_17	9928	0.4086	7377	8294	+	1634	305		Glycine betaine/carnitine/choline/choline sulfate ABC transporter (Osmoprotectant-binding lipoprotein)	no	group_941	en_familia	50	1.0000	core	core	no	no	no
bin_5_63	bin-5-63	bin_5_63_00478	cds	contig_17	9928	0.4086	8316	9005	+	923	229		Glycine betaine/carnitine/choline transport system permease protein OpuCD	no	group_1349	en_familia	50	1.0000	core	core	no	no	no
bin_5_63	bin-5-63	bin_5_63_00479	cds	contig_17	9928	0.4086	9132	9461	+	467	109		Transposase	no	group_5180	en_familia	10	0.2000	shell	shell	si	no	no
bin_5_63	bin-5-63	bin_5_63_00480	cds	contig_18	11648	0.4046	318	794	+	317	158		flavodoxin	no	group_1799	en_familia	50	1.0000	core	core	no	no	no
bin_5_63	bin-5-63	bin_5_63_00481	cds	contig_18	11648	0.4046	784	1677	+	783	297		Exo-alpha-sialidase	no	group_974	en_familia	50	1.0000	core	core	no	no	no
bin_5_63	bin-5-63	bin_5_63_00482	cds	contig_18	11648	0.4046	1694	2152	+	1693	152		flavodoxin	no	group_1844	en_familia	50	1.0000	core	core	no	no	no
bin_5_63	bin-5-63	bin_5_63_00483	cds	contig_18	11648	0.4046	2262	2972	+	2261	236	dapD	2,3,4,5-tetrahydropyridine-2,6-dicarboxylate N-acetyltransferase	no	dapD	en_familia	50	1.0000	core	core	no	no	no
bin_5_63	bin-5-63	bin_5_63_00484	cds	contig_18	11648	0.4046	3055	4185	+	3054	376		N-acetyldiaminopimelate deacetylase	no	group_639	en_familia	50	1.0000	core	core	no	no	no
bin_5_63	bin-5-63	bin_5_63_00485	cds	contig_18	11648	0.4046	4236	4478	+	4235	80		UPF0180 protein BPUM_1317	no	group_2460	en_familia	50	1.0000	core	core	no	no	no
bin_5_63	bin-5-63	bin_5_63_00486	cds	contig_18	11648	0.4046	4501	5310	-	4500	269		Mechanosensitive ion channel protein	no	group_4248	en_familia	50	1.0000	core	core	no	no	no
bin_5_63	bin-5-63	bin_5_63_00487	cds	contig_18	11648	0.4046	5582	6124	+	5524	180	ahpA	biofilm-specific peroxidase AhpA	no	ahpA	en_familia	50	1.0000	core	core	no	no	no
bin_5_63	bin-5-63	bin_5_63_00488	cds	contig_18	11648	0.4046	6396	6854	+	4794	152		Thiol-disulfide oxidoreductase	no	group_1845	en_familia	50	1.0000	core	core	no	no	no
bin_5_63	bin-5-63	bin_5_63_00489	cds	contig_18	11648	0.4046	7336	7917	+	3731	193		Repressor	no	group_1571	en_familia	50	1.0000	core	core	no	no	no
bin_5_63	bin-5-63	bin_5_63_00490	cds	contig_18	11648	0.4046	7980	8897	-	2751	305		SigmaE regulated sporulation protein	no	group_938	en_familia	50	1.0000	core	core	no	no	no
bin_5_63	bin-5-63	bin_5_63_00491	cds	contig_18	11648	0.4046	8978	9562	+	2086	194		putative molybdenum cofactor guanylyltransferase	no	group_3328	en_familia	50	1.0000	core	core	no	no	no
bin_5_63	bin-5-63	bin_5_63_00492	cds	contig_18	11648	0.4046	9592	10608	+	1040	338		Molybdopterin biosynthesis adenylyltransferase	no	group_3917	en_familia	50	1.0000	core	core	no	no	no
bin_5_63	bin-5-63	bin_5_63_00493	cds	contig_19	22404	0.4030	749	1093	-	748	114		YolD-like family protein	no	group_3932	en_familia	50	1.0000	core	core	no	no	no
bin_5_63	bin-5-63	bin_5_63_00494	cds	contig_19	22404	0.4030	1109	2341	-	1108	410		DNA polymerase IV	no	group_504	en_familia	50	1.0000	core	core	no	no	no
bin_5_63	bin-5-63	bin_5_63_00495	cds	contig_19	22404	0.4030	2483	2932	-	2482	149	yfmQ	YfmQ	no	yfmQ	en_familia	50	1.0000	core	core	no	no	no
bin_5_63	bin-5-63	bin_5_63_00496	cds	contig_19	22404	0.4030	3215	3694	+	3214	159		N-acetyltransferase domain-containing protein	no	group_1793	en_familia	50	1.0000	core	core	no	no	no
bin_5_63	bin-5-63	bin_5_63_00497	cds	contig_19	22404	0.4030	3691	4665	+	3690	324		N-acetyltransferase domain-containing protein	no	group_4279	en_familia	50	1.0000	core	core	no	no	no
bin_5_63	bin-5-63	bin_5_63_00498	cds	contig_19	22404	0.4030	4683	5390	-	4682	235		Extracellular endoglucanase (Expansin)	no	group_3513	en_familia	50	1.0000	core	core	no	no	no
bin_5_63	bin-5-63	bin_5_63_00499	cds	contig_19	22404	0.4030	5603	5929	+	5602	108		FeS cluster biogenesis domain-containing protein	no	group_4384	en_familia	50	1.0000	core	core	no	no	no
bin_5_63	bin-5-63	bin_5_63_00500	cds	contig_19	22404	0.4030	5942	6181	+	5941	79		DUF2552 domain-containing protein	no	group_2472	en_familia	50	1.0000	core	core	no	no	no
bin_5_63	bin-5-63	bin_5_63_00501	cds	contig_19	22404	0.4030	6482	7744	+	6481	420		Response regulator aspartate phosphatase A	no	group_474	en_familia	50	1.0000	core	core	no	no	no
bin_5_63	bin-5-63	bin_5_63_00502	cds	contig_19	22404	0.4030	7769	8698	-	7768	309		alpha/beta fold hydrolase	no	rutD	en_familia	50	1.0000	core	core	no	no	no
bin_5_63	bin-5-63	bin_5_63_00503	cds	contig_19	22404	0.4030	8818	9042	+	8817	74		Sulfurtransferase	no	group_4515	en_familia	50	1.0000	core	core	no	no	no
bin_5_63	bin-5-63	bin_5_63_00504	cds	contig_19	22404	0.4030	9057	9203	+	9056	48		hypothetical protein	no	group_4925	en_familia	39	0.7800	shell	shell	si	no	no
bin_5_63	bin-5-63	bin_5_63_00505	cds	contig_19	22404	0.4030	9343	9630	+	9342	95		LCI fold-containing protein	no	group_3324	en_familia	14	0.2800	shell	shell	si	no	no
bin_5_63	bin-5-63	bin_5_63_00506	cds	contig_19	22404	0.4030	9878	11233	+	9877	451	tnp	IS1182 family ISBpu1 transposase	no	group_5428	en_familia	11	0.2200	shell	shell	si	no	no
bin_5_63	bin-5-63	bin_5_63_00507	cds	contig_19	22404	0.4030	11441	12202	-	10202	253		Oxidoreductase	no	group_4529	en_familia	49	0.9800	core	core	no	no	no
bin_5_63	bin-5-63	bin_5_63_00508	cds	contig_19	22404	0.4030	12314	12691	-	9713	125		DNA-binding protein	no	group_4530	en_familia	49	0.9800	core	core	no	no	no
bin_5_63	bin-5-63	bin_5_63_00509	cds	contig_19	22404	0.4030	12842	13735	-	8669	297		alpha/beta hydrolase	no	group_3836	en_familia	49	0.9800	core	core	no	no	no
bin_5_63	bin-5-63	bin_5_63_00510	cds	contig_19	22404	0.4030	13926	15365	-	7039	479		Flavonoid efflux transporter drug-export protein	no	group_312	en_familia	50	1.0000	core	core	no	no	no
bin_5_63	bin-5-63	bin_5_63_00511	cds	contig_19	22404	0.4030	15438	16016	-	6388	192		HTH tetR-type domain-containing protein	no	group_3837	en_familia	50	1.0000	core	core	no	no	no
bin_5_63	bin-5-63	bin_5_63_00512	cds	contig_19	22404	0.4030	16283	17014	+	5390	243	bglS	beta-glucanase	no	bglS	en_familia	50	1.0000	core	core	no	no	no
bin_5_63	bin-5-63	bin_5_63_00513	cds	contig_19	22404	0.4030	17057	17458	-	4946	133		Transcriptional regulator regulated by thiol-alkylation	no	group_4882	en_familia	50	1.0000	core	core	no	no	no
bin_5_63	bin-5-63	bin_5_63_00514	cds	contig_19	22404	0.4030	17682	18731	+	3673	349		NAD(P)-dependent alcohol dehydrogenase	no	adhA	en_familia	50	1.0000	core	core	no	no	no
bin_5_63	bin-5-63	bin_5_63_00515	cds	contig_19	22404	0.4030	18995	19456	+	2948	153		CarD-like/TRCF RNAP-interacting domain-containing protein	no	ydeB	en_familia	28	0.5600	shell	shell	si	no	no
bin_5_63	bin-5-63	bin_5_63_00516	cds	contig_19	22404	0.4030	19717	19920	-	2484	67	cspC	Cold shock protein CspC	no	cspC	en_familia	50	1.0000	core	core	no	no	no
bin_5_63	bin-5-63	bin_5_63_00517	cds	contig_19	22404	0.4030	20189	20983	-	1421	264		2-hydroxy-6-oxo-6-phenylhexa-2,4-dienoate hydrolase	no	group_4636	en_familia	27	0.5400	shell	shell	si	no	no
bin_5_63	bin-5-63	bin_5_63_00527	cds	contig_20	31020	0.4150	59	460	-	58	133		Serine/threonine protein kinase	no	group_4335	en_familia	50	1.0000	core	core	no	no	no
bin_5_63	bin-5-63	bin_5_63_00528	cds	contig_20	31020	0.4150	463	831	-	462	122	rsbS	RsbT antagonist protein RsbS	no	rsbS	en_familia	50	1.0000	core	core	no	no	no
bin_5_63	bin-5-63	bin_5_63_00529	cds	contig_20	31020	0.4150	836	1666	-	835	276		Component of the anxiosome (Stressosome) positive regulation of sigma(B) activity in response to salt and heat stress	no	group_4334	en_familia	50	1.0000	core	core	no	no	no
bin_5_63	bin-5-63	bin_5_63_00530	cds	contig_20	31020	0.4150	1781	2131	-	1780	116	ndoA	type II toxin-antitoxin system endoribonuclease NdoA	no	ndoA	en_familia	50	1.0000	core	core	no	no	no
bin_5_63	bin-5-63	bin_5_63_00531	cds	contig_20	31020	0.4150	2136	2417	-	2135	93		Antitoxin EndoAI	no	group_2314	en_familia	50	1.0000	core	core	no	no	no
bin_5_63	bin-5-63	bin_5_63_00532	cds	contig_20	31020	0.4150	2711	3892	-	2710	393	alr	alanine racemase	no	alr	en_familia	50	1.0000	core	core	no	no	no
bin_5_63	bin-5-63	bin_5_63_00533	cds	contig_20	31020	0.4150	4021	5028	-	4020	335	ydcC	Sporulation protein YdcC	no	ydcC	en_familia	50	1.0000	core	core	no	no	no
bin_5_63	bin-5-63	bin_5_63_00534	cds	contig_20	31020	0.4150	5198	5563	-	5197	121		Holo-[acyl-carrier-protein] synthase	no	group_4023	en_familia	50	1.0000	core	core	no	no	no
bin_5_63	bin-5-63	bin_5_63_00535	cds	contig_20	31020	0.4150	5658	6263	+	5657	201		Peptidase S54 rhomboid domain-containing protein	no	group_1526	en_familia	50	1.0000	core	core	no	no	no
bin_5_63	bin-5-63	bin_5_63_00536	cds	contig_20	31020	0.4150	6319	7812	-	6318	497		PH domain-containing protein	no	group_270	en_familia	50	1.0000	core	core	no	no	no
bin_5_63	bin-5-63	bin_5_63_00537	cds	contig_20	31020	0.4150	7805	8284	-	7804	159		YdbS-like PH domain-containing protein	no	group_1789	en_familia	50	1.0000	core	core	no	no	no
bin_5_63	bin-5-63	bin_5_63_00538	cds	contig_20	31020	0.4150	8395	9885	-	8394	496	cshA	DEAD-box ATP-dependent RNA helicase CshA	no	cshA	en_familia	50	1.0000	core	core	no	no	no
bin_5_63	bin-5-63	bin_5_63_00539	cds	contig_20	31020	0.4150	10052	10390	-	10051	112		N-acetylglutamate synthase	no	group_3819	en_familia	50	1.0000	core	core	no	no	no
bin_5_63	bin-5-63	bin_5_63_00540	cds	contig_20	31020	0.4150	10518	11210	-	10517	230		Thermostable monoacylglycerol lipase	no	group_3195	en_familia	50	1.0000	core	core	no	no	no
bin_5_63	bin-5-63	bin_5_63_00541	cds	contig_20	31020	0.4150	11237	12601	-	11236	454		UDP-N-acetylmuramoyl-tripeptide--D-alanyl-D-alanine ligase	no	group_368	en_familia	50	1.0000	core	core	no	no	no
bin_5_63	bin-5-63	bin_5_63_00542	cds	contig_20	31020	0.4150	12683	13765	-	12682	360	ddl	D-alanine--D-alanine ligase	no	ddl	en_familia	50	1.0000	core	core	no	no	no
bin_5_63	bin-5-63	bin_5_63_00543	cds	contig_20	31020	0.4150	13951	14271	+	13950	106	ydbP	Thioredoxin-like protein YdbP	no	ydbP	en_familia	50	1.0000	core	core	no	no	no
bin_5_63	bin-5-63	bin_5_63_00544	cds	contig_20	31020	0.4150	14611	14760	+	14610	49	fbpB	Fur-regulated basic protein FbpB	no	group_4347	en_familia	50	1.0000	core	core	no	no	no
bin_5_63	bin-5-63	bin_5_63_00545	cds	contig_20	31020	0.4150	14859	15194	-	14858	111		Permease	no	group_2163	en_familia	50	1.0000	core	core	no	no	no
bin_5_63	bin-5-63	bin_5_63_00546	cds	contig_20	31020	0.4150	15312	16079	-	14941	255		ABC transporter permease	no	group_3323	en_familia	50	1.0000	core	core	no	no	no
bin_5_63	bin-5-63	bin_5_63_00547	cds	contig_20	31020	0.4150	16057	16983	-	14037	308		Putative ABC transporter (ATP-binding subunit)	no	group_4560	en_familia	50	1.0000	core	core	no	no	no
bin_5_63	bin-5-63	bin_5_63_00548	cds	contig_20	31020	0.4150	17110	18351	-	12669	413		Proton/glutamate-aspartate symporter	no	group_4018	en_familia	50	1.0000	core	core	no	no	no
bin_5_63	bin-5-63	bin_5_63_00549	cds	contig_20	31020	0.4150	18626	19648	-	11372	340		AI-2E family transporter	no	group_777	en_familia	50	1.0000	core	core	no	no	no
bin_5_63	bin-5-63	bin_5_63_00550	cds	contig_20	31020	0.4150	19859	21127	-	9893	422	dctP	C4-dicarboxylate transporter DctP	no	dctP	en_familia	50	1.0000	core	core	no	no	no
bin_5_63	bin-5-63	bin_5_63_00551	cds	contig_20	31020	0.4150	21252	21935	-	9085	227	dcuR	Transcriptional regulatory protein DcuR	no	dcuR	en_familia	50	1.0000	core	core	no	no	no
bin_5_63	bin-5-63	bin_5_63_00552	cds	contig_20	31020	0.4150	21932	23551	-	7469	539		histidine kinase	no	group_4989	en_familia	49	0.9800	core	core	no	no	no
bin_5_63	bin-5-63	bin_5_63_00553	cds	contig_20	31020	0.4150	23619	24716	+	6304	365		Membrane bound C4-dicarboxylate binding sensor protein	no	group_4896	en_familia	50	1.0000	core	core	no	no	no
bin_5_63	bin-5-63	bin_5_63_00554	cds	contig_20	31020	0.4150	24742	25572	-	5448	276	ecsC	EcsC family protein	no	group_4376	en_familia	50	1.0000	core	core	no	no	no
bin_5_63	bin-5-63	bin_5_63_00555	cds	contig_20	31020	0.4150	25729	25989	+	5031	86		GlsB/YeaQ/YmgE family stress response membrane protein	no	group_2404	en_familia	50	1.0000	core	core	no	no	no
bin_5_63	bin-5-63	bin_5_63_00556	cds	contig_20	31020	0.4150	26420	27697	+	3323	425		Nramp family divalent metal transporter	no	group_3532	en_familia	50	1.0000	core	core	no	no	no
bin_5_63	bin-5-63	bin_5_63_00557	cds	contig_20	31020	0.4150	27765	28334	+	2686	189	ydaF	Ribosomal N-acetyltransferase YdaF	no	ydaF	en_familia	50	1.0000	core	core	no	no	no
bin_5_63	bin-5-63	bin_5_63_00558	cds	contig_20	31020	0.4150	28434	28697	+	2323	87	ydzK	Uncharacterized membrane protein YdzK	no	ydzK	en_familia	50	1.0000	core	core	no	no	no
bin_5_63	bin-5-63	bin_5_63_00559	cds	contig_20	31020	0.4150	28737	28958	-	2062	73		hypothetical protein	no	group_4374	en_familia	50	1.0000	core	core	no	no	no
bin_5_63	bin-5-63	bin_5_63_00560	cds	contig_20	31020	0.4150	29030	29341	-	1679	103	mafI	MafI family immunity protein	no	mafI	en_familia	14	0.2800	shell	shell	si	no	no
bin_5_63	bin-5-63	bin_5_63_00561	cds	contig_20	31020	0.4150	29356	30987	-	33	543		Transposase	no	yeeF~~~ywqJ	en_familia	47	0.9400	shell	core	si	no	no
bin_5_63	bin-5-63	bin_5_63_00562	cds	contig_21	9757	0.4581	109	1872	+	108	587		condensation domain-containing protein	no	group_5711	en_familia	1	0.0200	cloud	cloud	si	si	no
bin_5_63	bin-5-63	bin_5_63_00563	cds	contig_22	8648	0.4004	349	1110	+	348	253		SGNH hydrolase-type esterase domain-containing protein	no	group_3444	en_familia	50	1.0000	core	core	no	no	no
bin_5_63	bin-5-63	bin_5_63_00564	cds	contig_22	8648	0.4004	1120	1686	+	1119	188		DUF2140 domain-containing protein	no	group_1607	en_familia	50	1.0000	core	core	no	no	no
bin_5_63	bin-5-63	bin_5_63_00565	cds	contig_22	8648	0.4004	1711	1908	+	1710	65	ypmT	Protein YpmT	no	ypmT	en_familia	50	1.0000	core	core	no	no	no
bin_5_63	bin-5-63	bin_5_63_00566	cds	contig_22	8648	0.4004	2097	2765	-	2096	222		DUF4397 domain-containing protein	no	group_3551	en_familia	50	1.0000	core	core	no	no	no
bin_5_63	bin-5-63	bin_5_63_00567	cds	contig_22	8648	0.4004	2883	3143	-	2882	86		DNA alkylation repair protein	no	group_3404	en_familia	50	1.0000	core	core	no	no	no
bin_5_63	bin-5-63	bin_5_63_00568	cds	contig_22	8648	0.4004	3196	3627	-	3195	143	marR	MarR family transcriptional regulator	no	group_3456	en_familia	50	1.0000	core	core	no	no	no
bin_5_63	bin-5-63	bin_5_63_00569	cds	contig_22	8648	0.4004	3766	4299	+	3765	177	msrA	Peptide methionine sulfoxide reductase MsrA	no	msrA	en_familia	50	1.0000	core	core	no	no	no
bin_5_63	bin-5-63	bin_5_63_00570	cds	contig_22	8648	0.4004	4299	4730	+	3918	143	msrB	Peptide methionine sulfoxide reductase MsrB	no	msrB	en_familia	50	1.0000	core	core	no	no	no
bin_5_63	bin-5-63	bin_5_63_00571	cds	contig_22	8648	0.4004	4784	5812	-	2836	342		UDP-N-acetylglucosamine 4,6-dehydratase (Inverting)	no	group_3488	en_familia	50	1.0000	core	core	no	no	no
bin_5_63	bin-5-63	bin_5_63_00572	cds	contig_22	8648	0.4004	6066	6788	+	1860	240		Acylneuraminate cytidylyltransferase	no	group_3294	en_familia	50	1.0000	core	core	no	no	no
bin_5_63	bin-5-63	bin_5_63_00573	cds	contig_22	8648	0.4004	6817	7779	-	869	320		Protein involved in maturation of the outermost layer of the spore (Crust)	no	group_4542	en_familia	50	1.0000	core	core	no	no	no
bin_5_63	bin-5-63	bin_5_63_00574	cds	contig_22	8648	0.4004	7795	8196	-	452	133	cgeA	CgeA	no	cgeA	en_familia	50	1.0000	core	core	no	no	no
bin_5_63	bin-5-63	bin_5_63_00575	cds	contig_23	53865	0.4289	8500	9303	-	8499	267		ABC transporter permease	no	group_1126	en_familia	50	1.0000	core	core	no	no	no
bin_5_63	bin-5-63	bin_5_63_00576	cds	contig_23	53865	0.4289	9296	10165	-	9295	289		ABC transmembrane type-1 domain-containing protein	no	group_1007	en_familia	50	1.0000	core	core	no	no	no
bin_5_63	bin-5-63	bin_5_63_00577	cds	contig_23	53865	0.4289	10165	11256	-	10164	363	potA	Spermidine/putrescine import ATP-binding protein PotA	no	potA	en_familia	50	1.0000	core	core	no	no	no
bin_5_63	bin-5-63	bin_5_63_00578	cds	contig_23	53865	0.4289	11265	12350	-	11264	361		ABC transporter ATP-binding protein	no	group_3104	en_familia	50	1.0000	core	core	no	no	no
bin_5_63	bin-5-63	bin_5_63_00579	cds	contig_23	53865	0.4289	12347	14332	-	12346	661		Acetophenone carboxylase delta subunit	no	group_114	en_familia	50	1.0000	core	core	no	no	no
bin_5_63	bin-5-63	bin_5_63_00580	cds	contig_23	53865	0.4289	14322	16391	-	14321	689		Acetophenone carboxylase gamma subunit	no	group_102	en_familia	50	1.0000	core	core	no	no	no
bin_5_63	bin-5-63	bin_5_63_00581	cds	contig_23	53865	0.4289	16760	17188	+	16759	142		Sporulation-specific extracellular nuclease	no	group_3752	en_familia	50	1.0000	core	core	no	no	no
bin_5_63	bin-5-63	bin_5_63_00582	cds	contig_23	53865	0.4289	17315	19012	+	17314	565	yoaH	Methyl-accepting chemotaxis protein YoaH	no	yoaH	en_familia	50	1.0000	core	core	no	no	no
bin_5_63	bin-5-63	bin_5_63_00583	cds	contig_23	53865	0.4289	19149	19535	+	19148	128	nucA	Inhibitor of the DNA degrading activity of NucA (Competence)	no	nucA	en_familia	50	1.0000	core	core	no	no	no
bin_5_63	bin-5-63	bin_5_63_00584	cds	contig_23	53865	0.4289	19537	20343	-	19536	268		Aminoglycoside N(3)-acetyltransferase	no	group_4469	en_familia	50	1.0000	core	core	no	no	no
bin_5_63	bin-5-63	bin_5_63_00585	cds	contig_23	53865	0.4289	20368	20787	-	20367	139		Transcriptional regulator (Lrp/AsnC family)	no	group_3367	en_familia	50	1.0000	core	core	no	no	no
bin_5_63	bin-5-63	bin_5_63_00586	cds	contig_23	53865	0.4289	20903	21667	+	20902	254		Putative metal-dependent hydrolase	no	group_3646	en_familia	50	1.0000	core	core	no	no	no
bin_5_63	bin-5-63	bin_5_63_00587	cds	contig_23	53865	0.4289	21714	22043	-	21713	109		Sporulation protein	no	group_3348	en_familia	50	1.0000	core	core	no	no	no
bin_5_63	bin-5-63	bin_5_63_00588	cds	contig_23	53865	0.4289	22225	23097	+	22224	290		Amino acid ABC transporter (Binding lipoprotein subunit)	no	group_1002	en_familia	50	1.0000	core	core	no	no	no
bin_5_63	bin-5-63	bin_5_63_00589	cds	contig_23	53865	0.4289	23110	23787	+	23109	225	yecS	L-cystine transport system permease protein YecS	no	yecS	en_familia	50	1.0000	core	core	no	no	no
bin_5_63	bin-5-63	bin_5_63_00590	cds	contig_23	53865	0.4289	23819	25117	-	23818	432		Arsenical pump membrane protein	no	group_433	en_familia	50	1.0000	core	core	no	no	no
bin_5_63	bin-5-63	bin_5_63_00591	cds	contig_23	53865	0.4289	25247	26479	-	25246	410	pucR	PucR family transcriptional regulator	no	pucR	en_familia	49	0.9800	core	core	no	no	no
bin_5_63	bin-5-63	bin_5_63_00592	cds	contig_23	53865	0.4289	26605	28152	-	25713	515	pruA	L-glutamate gamma-semialdehyde dehydrogenase	no	pruA	en_familia	49	0.9800	core	core	no	no	no
bin_5_63	bin-5-63	bin_5_63_00593	cds	contig_23	53865	0.4289	28176	29093	-	24772	305		proline dehydrogenase	no	group_937	en_familia	49	0.9800	core	core	no	no	no
bin_5_63	bin-5-63	bin_5_63_00594	cds	contig_23	53865	0.4289	29255	30058	-	23807	267		Nucleotidyltransferase	no	group_4074	en_familia	49	0.9800	core	core	no	no	no
bin_5_63	bin-5-63	bin_5_63_00595	cds	contig_23	53865	0.4289	30119	30433	+	23432	104		DUF4064 domain-containing protein	no	group_2231	en_familia	49	0.9800	core	core	no	no	no
bin_5_63	bin-5-63	bin_5_63_00596	cds	contig_23	53865	0.4289	30504	31466	-	22399	320		Promiscuous acetyl xylan esterase-cephalosporin C deacetylase	no	group_4355	en_familia	49	0.9800	core	core	no	no	no
bin_5_63	bin-5-63	bin_5_63_00597	cds	contig_23	53865	0.4289	31677	32462	+	21403	261	yafV	Omega-amidase YafV	no	amiE~~~yafV	en_familia	50	1.0000	core	core	no	no	no
bin_5_63	bin-5-63	bin_5_63_00598	cds	contig_23	53865	0.4289	32508	33425	-	20440	305		Putative transcriptional regulator (LysR family)	no	group_936	en_familia	50	1.0000	core	core	no	no	no
bin_5_63	bin-5-63	bin_5_63_00599	cds	contig_23	53865	0.4289	33532	34305	+	19560	257		Xenotiotic metabolite methyltransferase	no	group_3872	en_familia	50	1.0000	core	core	no	no	no
bin_5_63	bin-5-63	bin_5_63_00600	cds	contig_23	53865	0.4289	34535	35911	-	17954	458		Major facilitator superfamily (MFS) profile domain-containing protein	no	group_359	en_familia	32	0.6400	shell	shell	si	no	no
bin_5_63	bin-5-63	bin_5_63_00601	cds	contig_23	53865	0.4289	36032	37039	-	16826	335		Catabolite control protein A	no	group_803	en_familia	32	0.6400	shell	shell	si	no	no
bin_5_63	bin-5-63	bin_5_63_00602	cds	contig_23	53865	0.4289	37117	38064	-	15801	315		N-acetylneuraminate lyase	no	group_892	en_familia	32	0.6400	shell	shell	si	no	no
bin_5_63	bin-5-63	bin_5_63_00603	cds	contig_23	53865	0.4289	38476	39033	-	14832	185	aroK	Shikimate kinase	no	aroK	en_familia	50	1.0000	core	core	no	no	no
bin_5_63	bin-5-63	bin_5_63_00604	cds	contig_23	53865	0.4289	39119	39892	-	13973	257	iclR	IclR family transcriptional regulator	no	iclR	en_familia	50	1.0000	core	core	no	no	no
bin_5_63	bin-5-63	bin_5_63_00605	cds	contig_23	53865	0.4289	40036	41397	+	12468	453		C4-dicarboxylate ABC transporter	no	group_372	en_familia	50	1.0000	core	core	no	no	no
bin_5_63	bin-5-63	bin_5_63_00606	cds	contig_23	53865	0.4289	41640	42950	-	10915	436		D-galactonate transporter	no	group_418	en_familia	50	1.0000	core	core	no	no	no
bin_5_63	bin-5-63	bin_5_63_00607	cds	contig_23	53865	0.4289	42996	44198	-	9667	400		Succinyl-CoA--L-malate CoA-transferase beta subunit	no	group_537	en_familia	50	1.0000	core	core	no	no	no
bin_5_63	bin-5-63	bin_5_63_00608	cds	contig_23	53865	0.4289	44286	44666	-	9199	126		Cupin	no	group_3776	en_familia	50	1.0000	core	core	no	no	no
bin_5_63	bin-5-63	bin_5_63_00609	cds	contig_23	53865	0.4289	44690	46450	-	7415	586		Acetolactate synthase large subunit	no	group_177	en_familia	50	1.0000	core	core	no	no	no
bin_5_63	bin-5-63	bin_5_63_00610	cds	contig_23	53865	0.4289	46489	47256	-	6609	255		3-dehydroquinate dehydratase	no	group_3777	en_familia	50	1.0000	core	core	no	no	no
bin_5_63	bin-5-63	bin_5_63_00611	cds	contig_23	53865	0.4289	47272	48705	-	5160	477		Lactaldehyde dehydrogenase	no	group_4727	en_familia	50	1.0000	core	core	no	no	no
bin_5_63	bin-5-63	bin_5_63_00612	cds	contig_23	53865	0.4289	48702	49547	-	4318	281		citryl-CoA lyase	no	group_3839	en_familia	50	1.0000	core	core	no	no	no
bin_5_63	bin-5-63	bin_5_63_00613	cds	contig_23	53865	0.4289	49884	50705	-	3160	273	nadE	ammonia-dependent NAD(+) synthetase	no	nadE	en_familia	50	1.0000	core	core	no	no	no
bin_5_63	bin-5-63	bin_5_63_00614	cds	contig_23	53865	0.4289	50901	51497	-	2368	198		Xenotiotic metabolite methyltransferase	no	group_3879	en_familia	50	1.0000	core	core	no	no	no
bin_5_63	bin-5-63	bin_5_63_00615	cds	contig_23	53865	0.4289	51613	52929	+	936	438		Phenylalanine-specific permease	no	group_4756	en_familia	50	1.0000	core	core	no	no	no
bin_5_63	bin-5-63	bin_5_63_00616	cds	contig_23	53865	0.4289	52924	53682	-	183	252		YqcI/YcgG family protein	no	group_3878	en_familia	50	1.0000	core	core	no	no	no
bin_5_63	bin-5-63	bin_5_63_00617	cds	contig_24	9296	0.4069	196	3072	-	195	958	uvrA	excinuclease ABC subunit UvrA	no	uvrA	en_familia	50	1.0000	core	core	no	no	no
bin_5_63	bin-5-63	bin_5_63_00618	cds	contig_24	9296	0.4069	3080	5065	-	3079	661	uvrB	excinuclease ABC subunit UvrB	no	uvrB	en_familia	50	1.0000	core	core	no	no	no
bin_5_63	bin-5-63	bin_5_63_00619	cds	contig_24	9296	0.4069	5356	5601	-	3695	81		DUF2198 domain-containing protein	no	group_4444	en_familia	50	1.0000	core	core	no	no	no
bin_5_63	bin-5-63	bin_5_63_00620	cds	contig_24	9296	0.4069	5886	8411	+	885	841		Putative phosphotransferase	no	group_4382	en_familia	50	1.0000	core	core	no	no	no
bin_5_63	bin-5-63	bin_5_63_00621	cds	contig_24	9296	0.4069	8502	9074	+	222	190	betI	HTH-type transcriptional regulator BetI	no	betI	en_familia	50	1.0000	core	core	no	no	no
bin_5_63	bin-5-63	bin_5_63_00622	cds	contig_25	36796	0.4120	549	785	-	548	78	nifU	NIF system FeS cluster assembly NifU C-terminal domain-containing protein	no	nifU	en_familia	50	1.0000	core	core	no	no	no
bin_5_63	bin-5-63	bin_5_63_00623	cds	contig_25	36796	0.4120	970	1299	+	969	109		Disulfide oxidoreductase	no	group_3536	en_familia	50	1.0000	core	core	no	no	no
bin_5_63	bin-5-63	bin_5_63_00624	cds	contig_25	36796	0.4120	1400	1630	+	1399	76		WYL domain-containing protein	no	group_3284	en_familia	50	1.0000	core	core	no	no	no
bin_5_63	bin-5-63	bin_5_63_00625	cds	contig_25	36796	0.4120	1679	2746	-	1678	355		NADH dehydrogenase	no	group_3632	en_familia	50	1.0000	core	core	no	no	no
bin_5_63	bin-5-63	bin_5_63_00626	cds	contig_25	36796	0.4120	3002	3238	+	3001	78		UPF0349 protein BPUM_2879	no	group_2481	en_familia	50	1.0000	core	core	no	no	no
bin_5_63	bin-5-63	bin_5_63_00627	cds	contig_25	36796	0.4120	3509	4363	+	3508	284	dapF	diaminopimelate epimerase	no	dapF	en_familia	50	1.0000	core	core	no	no	no
bin_5_63	bin-5-63	bin_5_63_00628	cds	contig_25	36796	0.4120	4437	4799	+	4436	120	erpA	iron-sulfur cluster insertion protein ErpA	no	erpA	en_familia	50	1.0000	core	core	no	no	no
bin_5_63	bin-5-63	bin_5_63_00629	cds	contig_25	36796	0.4120	4925	5341	-	4924	138		DUF3887 domain-containing protein	no	group_4797	en_familia	45	0.9000	shell	core	si	no	no
bin_5_63	bin-5-63	bin_5_63_00630	cds	contig_25	36796	0.4120	5544	5750	+	5543	68		DUF2116 domain-containing protein	no	group_4026	en_familia	50	1.0000	core	core	no	no	no
bin_5_63	bin-5-63	bin_5_63_00631	cds	contig_25	36796	0.4120	5797	6795	-	5796	332	yumC	Ferredoxin--NADP reductase 2	no	yumC	en_familia	50	1.0000	core	core	no	no	no
bin_5_63	bin-5-63	bin_5_63_00632	cds	contig_25	36796	0.4120	7191	8402	+	7190	403		NADH dehydrogenase-like protein	no	group_527	en_familia	50	1.0000	core	core	no	no	no
bin_5_63	bin-5-63	bin_5_63_00633	cds	contig_25	36796	0.4120	8538	8663	+	8537	41	yuiA	YuiA family protein	no	yuiA	en_familia	50	1.0000	core	core	no	no	no
bin_5_63	bin-5-63	bin_5_63_00634	cds	contig_25	36796	0.4120	8745	9065	+	8744	106	yuiB	YuiB family protein	no	yuiB	en_familia	50	1.0000	core	core	no	no	no
bin_5_63	bin-5-63	bin_5_63_00635	cds	contig_25	36796	0.4120	9165	9809	+	9164	214		3D domain-containing protein	no	group_1424	en_familia	50	1.0000	core	core	no	no	no
bin_5_63	bin-5-63	bin_5_63_00636	cds	contig_25	36796	0.4120	9850	10326	-	9849	158		Divergent PAP2 family protein	no	group_1800	en_familia	50	1.0000	core	core	no	no	no
bin_5_63	bin-5-63	bin_5_63_00637	cds	contig_25	36796	0.4120	10653	12143	+	10652	496	pepA	leucyl aminopeptidase	no	pepA	en_familia	50	1.0000	core	core	no	no	no
bin_5_63	bin-5-63	bin_5_63_00638	cds	contig_25	36796	0.4120	12283	13611	+	12282	442		Histidine / basic amino acid transporter	no	group_3821	en_familia	50	1.0000	core	core	no	no	no
bin_5_63	bin-5-63	bin_5_63_00639	cds	contig_25	36796	0.4120	13661	14257	-	13660	198		Biotin transporter	no	group_1544	en_familia	50	1.0000	core	core	no	no	no
bin_5_63	bin-5-63	bin_5_63_00640	cds	contig_25	36796	0.4120	14374	15510	-	14373	378	ald	alanine dehydrogenase	no	ald	en_familia	50	1.0000	core	core	no	no	no
bin_5_63	bin-5-63	bin_5_63_00641	cds	contig_25	36796	0.4120	15621	16850	-	15620	409	pucR	PucR family transcriptional regulator	no	group_512	en_familia	50	1.0000	core	core	no	no	no
bin_5_63	bin-5-63	bin_5_63_00642	cds	contig_25	36796	0.4120	17258	17551	+	17257	97	yukE	Protein YukE	no	yukE	en_familia	50	1.0000	core	core	no	no	no
bin_5_63	bin-5-63	bin_5_63_00643	cds	contig_25	36796	0.4120	17647	17886	+	17646	79		Ubiquitin	no	group_2473	en_familia	50	1.0000	core	core	no	no	no
bin_5_63	bin-5-63	bin_5_63_00644	cds	contig_25	36796	0.4120	17901	19214	+	17582	437	essB	type VII secretion protein EssB	no	essB	en_familia	50	1.0000	core	core	no	no	no
bin_5_63	bin-5-63	bin_5_63_00645	cds	contig_25	36796	0.4120	19266	23741	+	13055	1491	essC	type VII secretion protein EssC	no	essC	en_familia	50	1.0000	core	core	no	no	no
bin_5_63	bin-5-63	bin_5_63_00646	cds	contig_25	36796	0.4120	23738	26635	+	10161	965		ESX secretion system calcium-dependent phage SPP1 attachment site	no	esaA~~~yueB	en_familia	50	1.0000	core	core	no	no	no
bin_5_63	bin-5-63	bin_5_63_00647	cds	contig_25	36796	0.4120	26616	27113	+	9683	165	essA	type VII secretion protein EssA	no	essA	en_familia	50	1.0000	core	core	no	no	no
bin_5_63	bin-5-63	bin_5_63_00648	cds	contig_25	36796	0.4120	27187	27954	+	8842	255		(S)-benzoin forming benzil reductase	no	group_4443	en_familia	50	1.0000	core	core	no	no	no
bin_5_63	bin-5-63	bin_5_63_00649	cds	contig_25	36796	0.4120	28099	28632	+	8164	177	yueE	Putative phosphohydrolase YueE	no	yueE	en_familia	50	1.0000	core	core	no	no	no
bin_5_63	bin-5-63	bin_5_63_00650	cds	contig_25	36796	0.4120	28629	30113	-	6683	494		Lipase	no	group_4365	en_familia	50	1.0000	core	core	no	no	no
bin_5_63	bin-5-63	bin_5_63_00651	cds	contig_25	36796	0.4120	30231	30530	+	6266	99		DUF2642 domain-containing protein	no	group_2266	en_familia	50	1.0000	core	core	no	no	no
bin_5_63	bin-5-63	bin_5_63_00652	cds	contig_25	36796	0.4120	30715	31818	+	4978	367		AI-2E family transporter	no	group_672	en_familia	50	1.0000	core	core	no	no	no
bin_5_63	bin-5-63	bin_5_63_00653	cds	contig_25	36796	0.4120	31887	32108	+	4688	73		Spore germination protein	no	group_2541	en_familia	50	1.0000	core	core	no	no	no
bin_5_63	bin-5-63	bin_5_63_00654	cds	contig_25	36796	0.4120	32210	32431	+	4365	73	yueG	Spore germination protein-like protein YueG	no	yueG	en_familia	50	1.0000	core	core	no	no	no
bin_5_63	bin-5-63	bin_5_63_00655	cds	contig_25	36796	0.4120	32527	32775	+	4021	82		YueH-like protein	no	group_3492	en_familia	50	1.0000	core	core	no	no	no
bin_5_63	bin-5-63	bin_5_63_00656	cds	contig_25	36796	0.4120	32803	33210	+	3586	135		DUF1694 domain-containing protein	no	group_1960	en_familia	50	1.0000	core	core	no	no	no
bin_5_63	bin-5-63	bin_5_63_00657	cds	contig_25	36796	0.4120	33271	33822	+	2974	183		Nicotinamidase NAD salvage pathway	no	group_1628	en_familia	50	1.0000	core	core	no	no	no
bin_5_63	bin-5-63	bin_5_63_00658	cds	contig_25	36796	0.4120	33840	35309	+	1487	489		nicotinate phosphoribosyltransferase	no	group_289	en_familia	50	1.0000	core	core	no	no	no
bin_5_63	bin-5-63	bin_5_63_00659	cds	contig_25	36796	0.4120	35450	36676	+	120	408	cdgJ	Cyclic di-GMP phosphodiesterase CdgJ	no	cdgJ	en_familia	50	1.0000	core	core	no	no	no
bin_5_63	bin-5-63	bin_5_63_00660	cds	contig_26	25245	0.4299	284	1366	-	283	360		Hydroxycarboxylate dehydrogenase A	no	group_4042	en_familia	50	1.0000	core	core	no	no	no
bin_5_63	bin-5-63	bin_5_63_00661	cds	contig_26	25245	0.4299	1566	2534	+	1565	322	trhO	rhodanese-related sulfurtransferase	no	trhO	en_familia	50	1.0000	core	core	no	no	no
bin_5_63	bin-5-63	bin_5_63_00662	cds	contig_26	25245	0.4299	2878	4497	+	2877	539		Amino acid:proton symporter	no	group_4043	en_familia	50	1.0000	core	core	no	no	no
bin_5_63	bin-5-63	bin_5_63_00663	cds	contig_26	25245	0.4299	4532	4732	-	4531	66	deoR	DeoR faimly transcriptional regulator	no	group_4114	en_familia	50	1.0000	core	core	no	no	no
bin_5_63	bin-5-63	bin_5_63_00664	cds	contig_26	25245	0.4299	4918	5754	+	4917	278	licT	BglG family transcription antiterminator LicT	no	group_1061	en_familia	50	1.0000	core	core	no	no	no
bin_5_63	bin-5-63	bin_5_63_00665	cds	contig_26	25245	0.4299	5991	7850	+	5990	619		PTS beta-glucoside transporter subunit IIABC	no	group_144	en_familia	50	1.0000	core	core	no	no	no
bin_5_63	bin-5-63	bin_5_63_00666	cds	contig_26	25245	0.4299	7870	9291	+	7869	473	bglC	Aryl-phospho-beta-D-glucosidase BglC	no	bglC	en_familia	50	1.0000	core	core	no	no	no
bin_5_63	bin-5-63	bin_5_63_00667	cds	contig_26	25245	0.4299	9313	9630	-	9312	105		hypothetical protein	no	group_3846	en_familia	28	0.5600	shell	shell	si	no	no
bin_5_63	bin-5-63	bin_5_63_00668	cds	contig_26	25245	0.4299	9918	10334	+	9917	138	arr	NAD(+)--rifampin ADP-ribosyltransferase	no	arr	en_familia	50	1.0000	core	core	no	no	no
bin_5_63	bin-5-63	bin_5_63_00669	cds	contig_26	25245	0.4299	10396	12315	-	10395	639		Transcription antiterminator	no	group_4711	en_familia	50	1.0000	core	core	no	no	no
bin_5_63	bin-5-63	bin_5_63_00670	cds	contig_26	25245	0.4299	12312	13196	-	12049	294		ROK family protein	no	group_3739	en_familia	50	1.0000	core	core	no	no	no
bin_5_63	bin-5-63	bin_5_63_00671	cds	contig_26	25245	0.4299	13254	15917	-	9328	887	mngB	mannosylglycerate hydrolase	no	mngB	en_familia	50	1.0000	core	core	no	no	no
bin_5_63	bin-5-63	bin_5_63_00672	cds	contig_26	25245	0.4299	15946	17064	-	8181	372		PTS system fructose-specific EIIB'BC component	no	group_652	en_familia	50	1.0000	core	core	no	no	no
bin_5_63	bin-5-63	bin_5_63_00673	cds	contig_26	25245	0.4299	17101	17430	-	7815	109		PTS fructose transporter subunit IIB	no	group_2183	en_familia	50	1.0000	core	core	no	no	no
bin_5_63	bin-5-63	bin_5_63_00674	cds	contig_26	25245	0.4299	17427	17885	-	7360	152		Nitrogen regulatory protein	no	group_1843	en_familia	50	1.0000	core	core	no	no	no
bin_5_63	bin-5-63	bin_5_63_00675	cds	contig_26	25245	0.4299	18128	20794	+	4451	888		Cell wall-associated protease	no	group_4293	en_familia	50	1.0000	core	core	no	no	no
bin_5_63	bin-5-63	bin_5_63_00676	cds	contig_26	25245	0.4299	20904	21386	+	3859	160		Big-1 domain-containing protein	no	group_1780	en_familia	50	1.0000	core	core	no	no	no
bin_5_63	bin-5-63	bin_5_63_00677	cds	contig_26	25245	0.4299	21488	22891	-	2354	467	mmuP	S-methylmethionine permease	no	mmuP	en_familia	50	1.0000	core	core	no	no	no
bin_5_63	bin-5-63	bin_5_63_00678	cds	contig_26	25245	0.4299	22938	23885	-	1360	315	mmuM	homocysteine S-methyltransferase	no	mmuM	en_familia	50	1.0000	core	core	no	no	no
bin_5_63	bin-5-63	bin_5_63_00679	cds	contig_26	25245	0.4299	24213	25043	+	202	276		DUF2179 domain-containing protein	no	group_3315	en_familia	50	1.0000	core	core	no	no	no
bin_5_63	bin-5-63	bin_5_63_00680	cds	contig_27	35875	0.4217	181	1116	+	180	311		putative DNA-binding transcriptional regulator YafY, contains an HTH and WYL domains	no	group_3943	en_familia	48	0.9600	core	core	no	no	no
bin_5_63	bin-5-63	bin_5_63_00681	cds	contig_27	35875	0.4217	1191	2396	-	1190	401		DUF418 domain-containing protein	no	group_5066	en_familia	49	0.9800	core	core	no	no	no
bin_5_63	bin-5-63	bin_5_63_00682	cds	contig_27	35875	0.4217	2634	3329	+	2633	231	ompR	Two-component system, OmpR family, response regulator	no	ompR	en_familia	49	0.9800	core	core	no	no	no
bin_5_63	bin-5-63	bin_5_63_00683	cds	contig_27	35875	0.4217	3316	4623	+	3315	435		histidine kinase	no	group_4765	en_familia	48	0.9600	core	core	no	no	no
bin_5_63	bin-5-63	bin_5_63_00684	cds	contig_27	35875	0.4217	4662	5090	+	4661	142	psiE	phosphate-starvation-inducible protein PsiE	no	psiE	en_familia	47	0.9400	shell	core	si	no	no
bin_5_63	bin-5-63	bin_5_63_00685	cds	contig_27	35875	0.4217	5382	6293	+	5381	303		Acetyl esterase/lipase	no	group_4764	en_familia	49	0.9800	core	core	no	no	no
bin_5_63	bin-5-63	bin_5_63_00686	cds	contig_27	35875	0.4217	6365	7267	+	6364	300		Serine aminopeptidase, S33	no	group_3314	en_familia	40	0.8000	shell	shell	si	no	no
bin_5_63	bin-5-63	bin_5_63_00687	cds	contig_27	35875	0.4217	7407	8360	+	7406	317		Iron ABC transporter substrate-binding protein	no	group_4556	en_familia	50	1.0000	core	core	no	no	no
bin_5_63	bin-5-63	bin_5_63_00688	cds	contig_27	35875	0.4217	8431	9447	+	8430	338	yfiZ	Putative siderophore transport system permease protein YfiZ	no	yfiZ	en_familia	50	1.0000	core	core	no	no	no
bin_5_63	bin-5-63	bin_5_63_00689	cds	contig_27	35875	0.4217	9440	10477	+	9439	345		Xenosiderophore schizokinen (Dihydroxamate) transporter (Permease)	no	group_754	en_familia	48	0.9600	core	core	no	no	no
bin_5_63	bin-5-63	bin_5_63_00690	cds	contig_27	35875	0.4217	10499	11218	+	10498	239		Aerobactin siderophore biosynthesis IucA/IucC-like C-terminal domain-containing protein	no	group_4014	en_familia	50	1.0000	core	core	no	no	no
bin_5_63	bin-5-63	bin_5_63_00691	cds	contig_27	35875	0.4217	11194	11802	+	11193	202		hypothetical protein	no	group_3622	en_familia	18	0.3600	shell	shell	si	no	no
bin_5_63	bin-5-63	bin_5_63_00692	cds	contig_27	35875	0.4217	11923	12801	-	11922	292		Extracellular ribonuclease	no	group_3236	en_familia	50	1.0000	core	core	no	no	no
bin_5_63	bin-5-63	bin_5_63_00693	cds	contig_27	35875	0.4217	12984	14210	+	12983	408		Aminotransferase V	no	group_517	en_familia	50	1.0000	core	core	no	no	no
bin_5_63	bin-5-63	bin_5_63_00694	cds	contig_27	35875	0.4217	14374	15567	+	14373	397		Multidrug resistance protein 2	no	group_551	en_familia	50	1.0000	core	core	no	no	no
bin_5_63	bin-5-63	bin_5_63_00695	cds	contig_27	35875	0.4217	15616	16773	-	15615	385	oxdD	Oxalate decarboxylase OxdD	no	oxdD	en_familia	50	1.0000	core	core	no	no	no
bin_5_63	bin-5-63	bin_5_63_00696	cds	contig_27	35875	0.4217	16838	18010	-	16837	390		Transcriptional regulator	no	group_3965	en_familia	50	1.0000	core	core	no	no	no
bin_5_63	bin-5-63	bin_5_63_00697	cds	contig_27	35875	0.4217	18328	19179	+	16696	283		DUF72 domain-containing protein	no	group_1033	en_familia	50	1.0000	core	core	no	no	no
bin_5_63	bin-5-63	bin_5_63_00698	cds	contig_27	35875	0.4217	19243	20616	+	15259	457		Putative nuclease/nucleotidase/phosphoesterase	no	group_4105	en_familia	50	1.0000	core	core	no	no	no
bin_5_63	bin-5-63	bin_5_63_00699	cds	contig_27	35875	0.4217	20684	20989	+	14886	101		DUF1805 domain-containing protein	no	group_2252	en_familia	50	1.0000	core	core	no	no	no
bin_5_63	bin-5-63	bin_5_63_00700	cds	contig_27	35875	0.4217	21059	21829	+	14046	256	yunB	sporulation protein YunB	no	yunB	en_familia	50	1.0000	core	core	no	no	no
bin_5_63	bin-5-63	bin_5_63_00701	cds	contig_27	35875	0.4217	21908	22372	-	13503	154		Prophage protein	no	group_4159	en_familia	47	0.9400	shell	core	si	no	no
bin_5_63	bin-5-63	bin_5_63_00702	cds	contig_27	35875	0.4217	22565	22795	+	13080	76		Membrane protein	no	group_4035	en_familia	49	0.9800	core	core	no	no	no
bin_5_63	bin-5-63	bin_5_63_00703	cds	contig_27	35875	0.4217	22868	23848	-	12027	326		L-Ala--D-Glu endopeptidase	no	group_4083	en_familia	50	1.0000	core	core	no	no	no
bin_5_63	bin-5-63	bin_5_63_00704	cds	contig_27	35875	0.4217	24136	25032	+	10843	298	lipA	lipoyl synthase	no	lipA	en_familia	50	1.0000	core	core	no	no	no
bin_5_63	bin-5-63	bin_5_63_00705	cds	contig_27	35875	0.4217	25072	25707	-	10168	211		Lipoprotein	no	group_1434	en_familia	50	1.0000	core	core	no	no	no
bin_5_63	bin-5-63	bin_5_63_00706	cds	contig_27	35875	0.4217	25828	26103	+	9772	91	yutD	Putative antitoxin YutD	no	yutD	en_familia	50	1.0000	core	core	no	no	no
bin_5_63	bin-5-63	bin_5_63_00707	cds	contig_27	35875	0.4217	26123	26557	+	9318	144		DUF86 domain-containing protein	no	group_1906	en_familia	50	1.0000	core	core	no	no	no
bin_5_63	bin-5-63	bin_5_63_00708	cds	contig_27	35875	0.4217	26579	27349	+	8526	256		Acid sugar phosphatase	no	group_1195	en_familia	50	1.0000	core	core	no	no	no
bin_5_63	bin-5-63	bin_5_63_00709	cds	contig_27	35875	0.4217	27392	27961	-	7914	189		YutG/PgpA domain-containing protein	no	group_1596	en_familia	50	1.0000	core	core	no	no	no
bin_5_63	bin-5-63	bin_5_63_00710	cds	contig_27	35875	0.4217	28006	29046	+	6829	346	yutH	spore coat putative kinase YutH	no	yutH	en_familia	50	1.0000	core	core	no	no	no
bin_5_63	bin-5-63	bin_5_63_00711	cds	contig_27	35875	0.4217	29121	30089	+	5786	322		Glyoxylate reductase	no	group_859	en_familia	50	1.0000	core	core	no	no	no
bin_5_63	bin-5-63	bin_5_63_00712	cds	contig_27	35875	0.4217	30312	31613	+	4262	433		Homoserine dehydrogenase	no	group_425	en_familia	50	1.0000	core	core	no	no	no
bin_5_63	bin-5-63	bin_5_63_00713	cds	contig_27	35875	0.4217	31613	32677	+	3198	354	thrC	threonine synthase	no	thrC	en_familia	50	1.0000	core	core	no	no	no
bin_5_63	bin-5-63	bin_5_63_00714	cds	contig_27	35875	0.4217	32674	33606	+	2269	310	thrB	homoserine kinase	no	thrB	en_familia	50	1.0000	core	core	no	no	no
bin_5_63	bin-5-63	bin_5_63_00715	cds	contig_27	35875	0.4217	33709	35679	+	196	656		Putative acylaminoacyl-peptidase	no	group_4389	en_familia	50	1.0000	core	core	no	no	no
bin_5_63	bin-5-63	bin_5_63_00718	cds	contig_28	26131	0.4074	524	688	-	523	54		hypothetical protein	no	group_3230	en_familia	41	0.8200	shell	shell	si	no	no
bin_5_63	bin-5-63	bin_5_63_00719	cds	contig_28	26131	0.4074	759	2009	+	758	416	gltP	glutamate-aspartate/proton symporter GltP	no	gltP	en_familia	50	1.0000	core	core	no	no	no
bin_5_63	bin-5-63	bin_5_63_00720	cds	contig_28	26131	0.4074	2048	3067	-	2047	339		LD-carboxypeptidase	no	group_4517	en_familia	50	1.0000	core	core	no	no	no
bin_5_63	bin-5-63	bin_5_63_00721	cds	contig_28	26131	0.4074	3147	4022	-	3146	291	eamA	EamA domain-containing protein	no	group_3620	en_familia	50	1.0000	core	core	no	no	no
bin_5_63	bin-5-63	bin_5_63_00722	cds	contig_28	26131	0.4074	4318	5043	+	4317	241		Branched-chain amino acid ABC transporter permease	no	group_3654	en_familia	50	1.0000	core	core	no	no	no
bin_5_63	bin-5-63	bin_5_63_00723	cds	contig_28	26131	0.4074	5040	5360	+	5039	106	azlD	Branched-chain amino acid transporter AzlD	no	azlD	en_familia	50	1.0000	core	core	no	no	no
bin_5_63	bin-5-63	bin_5_63_00724	cds	contig_28	26131	0.4074	5397	6059	-	5396	220		O-methyltransferase family protein	no	group_4837	en_familia	50	1.0000	core	core	no	no	no
bin_5_63	bin-5-63	bin_5_63_00725	cds	contig_28	26131	0.4074	6213	6398	-	6212	61		CsbD-like domain-containing protein	no	group_4188	en_familia	49	0.9800	core	core	no	no	no
bin_5_63	bin-5-63	bin_5_63_00726	cds	contig_28	26131	0.4074	6525	7076	+	6524	183		GNAT family acetyltransferase	no	group_4854	en_familia	49	0.9800	core	core	no	no	no
bin_5_63	bin-5-63	bin_5_63_00727	cds	contig_28	26131	0.4074	7081	7668	-	7080	195	lysE	Lysine transporter LysE	no	group_4927	en_familia	49	0.9800	core	core	no	no	no
bin_5_63	bin-5-63	bin_5_63_00728	cds	contig_28	26131	0.4074	7781	8335	+	7780	184		HTH cro/C1-type domain-containing protein	no	sutR	en_familia	50	1.0000	core	core	no	no	no
bin_5_63	bin-5-63	bin_5_63_00729	cds	contig_28	26131	0.4074	8379	8672	-	8378	97		hypothetical protein	no	group_4667	en_familia	50	1.0000	core	core	no	no	no
bin_5_63	bin-5-63	bin_5_63_00730	cds	contig_28	26131	0.4074	9023	10075	-	9022	350		Luciferase-like domain-containing protein	no	group_3634	en_familia	50	1.0000	core	core	no	no	no
bin_5_63	bin-5-63	bin_5_63_00731	cds	contig_28	26131	0.4074	10093	10716	-	10092	207	mhqN	NAD(P)H nitroreductase MhqN	no	mhqN	en_familia	49	0.9800	core	core	no	no	no
bin_5_63	bin-5-63	bin_5_63_00732	cds	contig_28	26131	0.4074	10700	11173	-	10699	157	mhqR	HTH-type transcriptional regulator MhqR	no	mhqR	en_familia	49	0.9800	core	core	no	no	no
bin_5_63	bin-5-63	bin_5_63_00733	cds	contig_28	26131	0.4074	11283	11816	-	11282	177		Bacterial bifunctional deaminase-reductase C-terminal domain-containing protein	no	group_4246	en_familia	49	0.9800	core	core	no	no	no
bin_5_63	bin-5-63	bin_5_63_00734	cds	contig_28	26131	0.4074	11902	12453	-	11901	183	tetR	TetR family transcriptional regulator	no	group_4679	en_familia	49	0.9800	core	core	no	no	no
bin_5_63	bin-5-63	bin_5_63_00735	cds	contig_28	26131	0.4074	12603	13226	+	12602	207		GNAT family N-acetyltransferase	no	group_3660	en_familia	50	1.0000	core	core	no	no	no
bin_5_63	bin-5-63	bin_5_63_00736	cds	contig_28	26131	0.4074	13295	13690	+	12441	131		VOC family virulence protein	no	group_3420	en_familia	50	1.0000	core	core	no	no	no
bin_5_63	bin-5-63	bin_5_63_00737	cds	contig_28	26131	0.4074	13687	14211	+	11920	174		Spermidine N(1)-acetyltransferase	no	group_4596	en_familia	50	1.0000	core	core	no	no	no
bin_5_63	bin-5-63	bin_5_63_00738	cds	contig_28	26131	0.4074	14224	14493	-	11638	89		Membrane protein	no	group_4258	en_familia	48	0.9600	core	core	no	no	no
bin_5_63	bin-5-63	bin_5_63_00739	cds	contig_28	26131	0.4074	14545	15018	+	11113	157	yjgM	Uncharacterized N-acetyltransferase YjgM	no	yjgM	en_familia	50	1.0000	core	core	no	no	no
bin_5_63	bin-5-63	bin_5_63_00740	cds	contig_28	26131	0.4074	15010	15801	-	10330	263	ydfB	Uncharacterized N-acetyltransferase YdfB	no	ydfB	en_familia	50	1.0000	core	core	no	no	no
bin_5_63	bin-5-63	bin_5_63_00741	cds	contig_28	26131	0.4074	15960	16400	+	9731	146		Two-component response regulator	no	group_4776	en_familia	50	1.0000	core	core	no	no	no
bin_5_63	bin-5-63	bin_5_63_00742	cds	contig_28	26131	0.4074	16397	16813	+	9318	138		Permease	no	group_3944	en_familia	50	1.0000	core	core	no	no	no
bin_5_63	bin-5-63	bin_5_63_00743	cds	contig_28	26131	0.4074	16873	17523	-	8608	216		Two-component response regulator (YdfH)	no	group_1409	en_familia	22	0.4400	shell	shell	si	no	no
bin_5_63	bin-5-63	bin_5_63_00744	cds	contig_28	26131	0.4074	17529	18725	-	7406	398		histidine kinase	no	group_547	en_familia	22	0.4400	shell	shell	si	no	no
bin_5_63	bin-5-63	bin_5_63_00745	cds	contig_28	26131	0.4074	18816	20993	-	5138	725		SSD domain-containing protein	no	group_84	en_familia	22	0.4400	shell	shell	si	no	no
bin_5_63	bin-5-63	bin_5_63_00746	cds	contig_28	26131	0.4074	21143	22174	-	3957	343	yfiQ	Putative membrane-bound acyltransferase YfiQ	no	yfiQ	en_familia	22	0.4400	shell	shell	si	no	no
bin_5_63	bin-5-63	bin_5_63_00747	cds	contig_28	26131	0.4074	22315	23511	-	2620	398		MFS transporter, DHA1 family, multidrug resistance protein	no	group_4714	en_familia	50	1.0000	core	core	no	no	no
bin_5_63	bin-5-63	bin_5_63_00748	cds	contig_28	26131	0.4074	23543	24148	-	1983	201	qacR	HTH-type transcriptional regulator QacR	no	qacR	en_familia	50	1.0000	core	core	no	no	no
bin_5_63	bin-5-63	bin_5_63_00749	cds	contig_28	26131	0.4074	24575	25027	+	1104	150		HTH marR-type domain-containing protein	no	group_1861	en_familia	50	1.0000	core	core	no	no	no
bin_5_63	bin-5-63	bin_5_63_00750	cds	contig_28	26131	0.4074	25084	25977	+	154	297		Alpha/beta hydrolase	no	group_3967	en_familia	50	1.0000	core	core	no	no	no
bin_5_63	bin-5-63	bin_5_63_00751	cds	contig_29	22903	0.4079	26	1111	+	25	361		Putative efflux transporter	no	group_3308	en_familia	50	1.0000	core	core	no	no	no
bin_5_63	bin-5-63	bin_5_63_00752	cds	contig_29	22903	0.4079	1380	2363	+	1379	327		Surface antigen	no	group_840	en_familia	50	1.0000	core	core	no	no	no
bin_5_63	bin-5-63	bin_5_63_00753	cds	contig_29	22903	0.4079	2360	3046	+	2359	228	srrA	Transcriptional regulatory protein SrrA	no	srrA	en_familia	50	1.0000	core	core	no	no	no
bin_5_63	bin-5-63	bin_5_63_00754	cds	contig_29	22903	0.4079	3043	4479	+	3042	478		histidine kinase	no	group_3750	en_familia	49	0.9800	core	core	no	no	no
bin_5_63	bin-5-63	bin_5_63_00755	cds	contig_29	22903	0.4079	4610	6733	+	4609	707		Mannosyltransferase	no	group_4031	en_familia	50	1.0000	core	core	no	no	no
bin_5_63	bin-5-63	bin_5_63_00756	cds	contig_29	22903	0.4079	6765	7757	+	6764	330		Putative glycosyltransferase	no	group_821	en_familia	50	1.0000	core	core	no	no	no
bin_5_63	bin-5-63	bin_5_63_00757	cds	contig_29	22903	0.4079	7806	9155	-	7805	449	yvbW	Putative amino acid permease YvbW	no	yvbW	en_familia	50	1.0000	core	core	no	no	no
bin_5_63	bin-5-63	bin_5_63_00758	cds	contig_29	22903	0.4079	9546	10220	-	9545	224		NAD(P)H-flavin oxidoreductase (Nitroreductase)	no	group_1373	en_familia	50	1.0000	core	core	no	no	no
bin_5_63	bin-5-63	bin_5_63_00759	cds	contig_29	22903	0.4079	10442	10807	+	10441	121	hxlR	HxlR family transcriptional regulator	no	group_3246	en_familia	50	1.0000	core	core	no	no	no
bin_5_63	bin-5-63	bin_5_63_00760	cds	contig_29	22903	0.4079	10816	12003	-	10815	395	minJ	Cell division topological determinant MinJ	no	minJ	en_familia	50	1.0000	core	core	no	no	no
bin_5_63	bin-5-63	bin_5_63_00761	cds	contig_29	22903	0.4079	12072	12425	-	10478	117		Swarming motility protein SwrAA	no	group_2099	en_familia	50	1.0000	core	core	no	no	no
bin_5_63	bin-5-63	bin_5_63_00762	cds	contig_29	22903	0.4079	12770	14218	-	8685	482		Peptidase S41	no	group_305	en_familia	50	1.0000	core	core	no	no	no
bin_5_63	bin-5-63	bin_5_63_00763	cds	contig_29	22903	0.4079	14372	15112	+	7791	246		putative membrane transporter protein	no	group_3832	en_familia	50	1.0000	core	core	no	no	no
bin_5_63	bin-5-63	bin_5_63_00764	cds	contig_29	22903	0.4079	15161	16423	-	6480	420	cwlO	Peptidoglycan DL-endopeptidase CwlO	no	group_3340	en_familia	50	1.0000	core	core	no	no	no
bin_5_63	bin-5-63	bin_5_63_00765	cds	contig_29	22903	0.4079	16538	17428	-	5475	296	ftsX	permease-like cell division protein FtsX	no	ftsX	en_familia	50	1.0000	core	core	no	no	no
bin_5_63	bin-5-63	bin_5_63_00766	cds	contig_29	22903	0.4079	17421	18107	-	4796	228	ftsE	cell division ATP-binding protein FtsE	no	ftsE	en_familia	50	1.0000	core	core	no	no	no
bin_5_63	bin-5-63	bin_5_63_00767	cds	contig_29	22903	0.4079	18490	18819	-	4084	109	cccB	cytochrome c551	no	cccB	en_familia	50	1.0000	core	core	no	no	no
bin_5_63	bin-5-63	bin_5_63_00768	cds	contig_29	22903	0.4079	18868	19716	-	3187	282		DUF2179 domain-containing protein	no	group_3512	en_familia	50	1.0000	core	core	no	no	no
bin_5_63	bin-5-63	bin_5_63_00769	cds	contig_29	22903	0.4079	19906	20640	+	2263	244		Alpha/beta hydrolase	no	group_3773	en_familia	50	1.0000	core	core	no	no	no
bin_5_63	bin-5-63	bin_5_63_00770	cds	contig_29	22903	0.4079	20856	22649	-	254	597		Oligoendopeptidase F, plasmid	no	group_164	en_familia	50	1.0000	core	core	no	no	no
bin_5_63	bin-5-63	bin_5_63_00771	cds	contig_30	52884	0.4083	109	1401	-	108	430		homocysteine synthase	no	group_441	en_familia	50	1.0000	core	core	no	no	no
bin_5_63	bin-5-63	bin_5_63_00772	cds	contig_30	52884	0.4083	1667	1822	+	1666	51	senS	Transcriptional regulatory protein SenS	no	senS	en_familia	50	1.0000	core	core	no	no	no
bin_5_63	bin-5-63	bin_5_63_00773	cds	contig_30	52884	0.4083	1985	2752	+	1984	255		Sulfonate ABC transporter ATP-binding protein	no	group_3303	en_familia	37	0.7400	shell	shell	si	no	no
bin_5_63	bin-5-63	bin_5_63_00774	cds	contig_30	52884	0.4083	2767	3756	+	2766	329		Aliphatic sulfonates-binding protein	no	group_825	en_familia	37	0.7400	shell	shell	si	no	no
bin_5_63	bin-5-63	bin_5_63_00775	cds	contig_30	52884	0.4083	3756	4589	+	3755	277		ABC transporter permease	no	group_1065	en_familia	37	0.7400	shell	shell	si	no	no
bin_5_63	bin-5-63	bin_5_63_00776	cds	contig_30	52884	0.4083	4604	5746	+	4603	380	ssuD	FMNH2-dependent alkanesulfonate monooxygenase	no	ssuD	en_familia	37	0.7400	shell	shell	si	no	no
bin_5_63	bin-5-63	bin_5_63_00777	cds	contig_30	52884	0.4083	6049	6171	+	6048	40		(pseudo) hypothetical protein	si	group_4403	en_familia	43	0.8600	shell	shell	si	no	no
bin_5_63	bin-5-63	bin_5_63_00778	cds	contig_30	52884	0.4083	6288	6500	+	6287	70		Class IIb bacteriocin, lactobin A/cerein 7B family	no	group_2576	en_familia	50	1.0000	core	core	no	no	no
bin_5_63	bin-5-63	bin_5_63_00779	cds	contig_30	52884	0.4083	6616	7362	+	6615	248	ecsA	ABC-type transporter ATP-binding protein EcsA	no	ecsA	en_familia	50	1.0000	core	core	no	no	no
bin_5_63	bin-5-63	bin_5_63_00780	cds	contig_30	52884	0.4083	7337	8806	+	7336	489		ABC transporter permease	no	group_290	en_familia	50	1.0000	core	core	no	no	no
bin_5_63	bin-5-63	bin_5_63_00781	cds	contig_30	52884	0.4083	8790	9695	+	8789	301		Coenzyme PQQ synthesis protein D	no	group_955	en_familia	50	1.0000	core	core	no	no	no
bin_5_63	bin-5-63	bin_5_63_00782	cds	contig_30	52884	0.4083	9692	9973	+	9691	93		hypothetical protein	no	group_2316	en_familia	50	1.0000	core	core	no	no	no
bin_5_63	bin-5-63	bin_5_63_00783	cds	contig_30	52884	0.4083	10079	10708	+	10078	209		Lipoprotein	no	group_4368	en_familia	37	0.7400	shell	shell	si	no	no
bin_5_63	bin-5-63	bin_5_63_00785	cds	contig_30	52884	0.4083	11006	11602	-	11005	198		tRNA synthetase subunit beta	no	group_3257	en_familia	49	0.9800	core	core	no	no	no
bin_5_63	bin-5-63	bin_5_63_00786	cds	contig_30	52884	0.4083	11683	12834	+	11682	383	queG	tRNA epoxyqueuosine(34) reductase QueG	no	queG	en_familia	50	1.0000	core	core	no	no	no
bin_5_63	bin-5-63	bin_5_63_00787	cds	contig_30	52884	0.4083	12896	13798	+	12895	300		Putative amidase domain-containing protein	no	group_964	en_familia	50	1.0000	core	core	no	no	no
bin_5_63	bin-5-63	bin_5_63_00788	cds	contig_30	52884	0.4083	13842	14315	+	13841	157	trmL	tRNA (uridine(34)/cytosine(34)/5-carboxymethylaminomethyluridine(34)-2'-O)-methyltransferase TrmL	no	trmL	en_familia	50	1.0000	core	core	no	no	no
bin_5_63	bin-5-63	bin_5_63_00789	cds	contig_30	52884	0.4083	14759	16654	+	14758	631		Serine protein kinase	no	group_131	en_familia	50	1.0000	core	core	no	no	no
bin_5_63	bin-5-63	bin_5_63_00790	cds	contig_30	52884	0.4083	16795	17958	+	16794	387	yhbH	sporulation protein YhbH	no	yhbH	en_familia	50	1.0000	core	core	no	no	no
bin_5_63	bin-5-63	bin_5_63_00791	cds	contig_30	52884	0.4083	18321	18953	+	18320	210		Transporter	no	group_1454	en_familia	50	1.0000	core	core	no	no	no
bin_5_63	bin-5-63	bin_5_63_00792	cds	contig_30	52884	0.4083	18993	20612	+	18992	539		Putative exporter (Benzoate transcriptome)	no	group_4259	en_familia	50	1.0000	core	core	no	no	no
bin_5_63	bin-5-63	bin_5_63_00793	cds	contig_30	52884	0.4083	20630	21154	+	20629	174		p-benzoquinone reductase	no	group_1684	en_familia	50	1.0000	core	core	no	no	no
bin_5_63	bin-5-63	bin_5_63_00794	cds	contig_30	52884	0.4083	21168	21527	+	21167	119		hypothetical protein	no	group_3457	en_familia	50	1.0000	core	core	no	no	no
bin_5_63	bin-5-63	bin_5_63_00795	cds	contig_30	52884	0.4083	21641	21841	-	21640	66	cspB	cold shock-like protein CspB	no	cspB	en_familia	49	0.9800	core	core	no	no	no
bin_5_63	bin-5-63	bin_5_63_00796	cds	contig_30	52884	0.4083	22053	23144	-	22052	363		GGDEF domain-containing protein	no	group_3549	en_familia	50	1.0000	core	core	no	no	no
bin_5_63	bin-5-63	bin_5_63_00797	cds	contig_30	52884	0.4083	23239	23619	+	23238	126		Spore coat protein	no	group_4637	en_familia	50	1.0000	core	core	no	no	no
bin_5_63	bin-5-63	bin_5_63_00798	cds	contig_30	52884	0.4083	23655	24071	-	23654	138		Spore coat protein	no	group_4268	en_familia	50	1.0000	core	core	no	no	no
bin_5_63	bin-5-63	bin_5_63_00799	cds	contig_30	52884	0.4083	24225	24731	+	24224	168	yhcN	Lipoprotein YhcN	no	yhcN	en_familia	50	1.0000	core	core	no	no	no
bin_5_63	bin-5-63	bin_5_63_00800	cds	contig_30	52884	0.4083	24888	25763	+	24887	291		Peptidase MA-like domain-containing protein	no	group_3412	en_familia	50	1.0000	core	core	no	no	no
bin_5_63	bin-5-63	bin_5_63_00801	cds	contig_30	52884	0.4083	25792	26436	-	25791	214	gerQ	Spore gernimation protein GerQ	no	group_4594	en_familia	50	1.0000	core	core	no	no	no
bin_5_63	bin-5-63	bin_5_63_00802	cds	contig_30	52884	0.4083	26581	29943	+	22941	1120		histidine kinase	no	group_3738	en_familia	50	1.0000	core	core	no	no	no
bin_5_63	bin-5-63	bin_5_63_00803	cds	contig_30	52884	0.4083	30026	32932	+	19952	968	yhcR	Endonuclease YhcR	no	yhcR	en_familia	50	1.0000	core	core	no	no	no
bin_5_63	bin-5-63	bin_5_63_00804	cds	contig_30	52884	0.4083	32965	33531	+	19353	188		Class D sortase	no	group_3737	en_familia	50	1.0000	core	core	no	no	no
bin_5_63	bin-5-63	bin_5_63_00805	cds	contig_30	52884	0.4083	33566	34471	-	18413	301		Pseudouridine synthase	no	group_960	en_familia	50	1.0000	core	core	no	no	no
bin_5_63	bin-5-63	bin_5_63_00806	cds	contig_30	52884	0.4083	34580	34927	+	17957	115		DUF5365 domain-containing protein	no	group_4079	en_familia	50	1.0000	core	core	no	no	no
bin_5_63	bin-5-63	bin_5_63_00807	cds	contig_30	52884	0.4083	35235	35900	+	16984	221		Promiscuous phosphoglycolate phosphatase / glycerol-3-phosphate phosphatase / 2-deoxyglucose-6-phosphatase	no	group_1384	en_familia	50	1.0000	core	core	no	no	no
bin_5_63	bin-5-63	bin_5_63_00808	cds	contig_30	52884	0.4083	35915	37453	+	15431	512	yhcX	putative hydrolase YhcX	no	yhcX	en_familia	50	1.0000	core	core	no	no	no
bin_5_63	bin-5-63	bin_5_63_00809	cds	contig_30	52884	0.4083	37499	37915	-	14969	138		hypothetical protein	no	group_3810	en_familia	50	1.0000	core	core	no	no	no
bin_5_63	bin-5-63	bin_5_63_00810	cds	contig_30	52884	0.4083	38082	38498	+	14386	138		Glyoxalase bleomycin resistance protein dioxygenase	no	group_3327	en_familia	50	1.0000	core	core	no	no	no
bin_5_63	bin-5-63	bin_5_63_00811	cds	contig_30	52884	0.4083	38582	39499	+	13385	305		AEC family transporter	no	group_3801	en_familia	50	1.0000	core	core	no	no	no
bin_5_63	bin-5-63	bin_5_63_00812	cds	contig_30	52884	0.4083	39528	41120	+	11764	530		Family transcriptional regulator	no	group_4734	en_familia	50	1.0000	core	core	no	no	no
bin_5_63	bin-5-63	bin_5_63_00813	cds	contig_30	52884	0.4083	41361	42698	+	10186	445		Putative aminotransferase	no	group_3802	en_familia	50	1.0000	core	core	no	no	no
bin_5_63	bin-5-63	bin_5_63_00814	cds	contig_30	52884	0.4083	43059	43616	+	9268	185		Glycerol uptake operon antiterminator regulatory protein	no	group_1621	en_familia	50	1.0000	core	core	no	no	no
bin_5_63	bin-5-63	bin_5_63_00815	cds	contig_30	52884	0.4083	43833	44648	+	8236	271		Glycerol uptake facilitator protein	no	group_1096	en_familia	50	1.0000	core	core	no	no	no
bin_5_63	bin-5-63	bin_5_63_00816	cds	contig_30	52884	0.4083	44664	46160	+	6724	498	glpK	glycerol kinase GlpK	no	glpK	en_familia	50	1.0000	core	core	no	no	no
bin_5_63	bin-5-63	bin_5_63_00817	cds	contig_30	52884	0.4083	46300	47961	+	4923	553	glpD	glycerol-3-phosphate dehydrogenase	no	glpD	en_familia	50	1.0000	core	core	no	no	no
bin_5_63	bin-5-63	bin_5_63_00818	cds	contig_30	52884	0.4083	48106	49851	+	3033	581		Phosphoglucomutase	no	group_4465	en_familia	50	1.0000	core	core	no	no	no
bin_5_63	bin-5-63	bin_5_63_00819	cds	contig_30	52884	0.4083	50003	51148	+	1736	381		histidine kinase	no	group_4919	en_familia	50	1.0000	core	core	no	no	no
bin_5_63	bin-5-63	bin_5_63_00820	cds	contig_30	52884	0.4083	51145	51795	+	1089	216		Two-component response regulator (YhcY)	no	group_5040	en_familia	50	1.0000	core	core	no	no	no
bin_5_63	bin-5-63	bin_5_63_00821	cds	contig_30	52884	0.4083	51954	52202	-	682	82	yhdB	YhdB	no	yhdB	en_familia	50	1.0000	core	core	no	no	no
bin_5_63	bin-5-63	bin_5_63_00822	cds	contig_30	52884	0.4083	52394	52714	+	170	106		YqzG/YhdC family protein	no	group_3824	en_familia	50	1.0000	core	core	no	no	no
bin_5_63	bin-5-63	bin_5_63_00823	cds	contig_31	7473	0.4162	627	908	-	626	93		DUF2619 domain-containing protein	no	group_2317	en_familia	49	0.9800	core	core	no	no	no
bin_5_63	bin-5-63	bin_5_63_00824	cds	contig_31	7473	0.4162	1080	1637	-	1079	185	efp	elongation factor P	no	efp	en_familia	50	1.0000	core	core	no	no	no
bin_5_63	bin-5-63	bin_5_63_00825	cds	contig_31	7473	0.4162	1663	2724	-	1662	353	ypdF	Aminopeptidase YpdF	no	ypdF	en_familia	50	1.0000	core	core	no	no	no
bin_5_63	bin-5-63	bin_5_63_00826	cds	contig_31	7473	0.4162	2721	3164	-	2720	147	aroQ	type II 3-dehydroquinate dehydratase	no	aroQ	en_familia	49	0.9800	core	core	no	no	no
bin_5_63	bin-5-63	bin_5_63_00827	cds	contig_31	7473	0.4162	3274	3801	-	3273	175	yqhR	Membrane protein YqhR	no	yqhR	en_familia	49	0.9800	core	core	no	no	no
bin_5_63	bin-5-63	bin_5_63_00828	cds	contig_31	7473	0.4162	4023	4979	+	2494	318		DUF1385 domain-containing protein	no	group_877	en_familia	49	0.9800	core	core	no	no	no
bin_5_63	bin-5-63	bin_5_63_00829	cds	contig_31	7473	0.4162	5018	5413	+	2060	131	yqhP	YqhP	no	yqhP	en_familia	49	0.9800	core	core	no	no	no
bin_5_63	bin-5-63	bin_5_63_00830	cds	contig_31	7473	0.4162	5410	6285	-	1188	291		PNPLA domain-containing protein	no	group_997	en_familia	49	0.9800	core	core	no	no	no
bin_5_63	bin-5-63	bin_5_63_00831	cds	contig_31	7473	0.4162	6596	7030	-	443	144	mntR	transcriptional regulator MntR	no	mntR	en_familia	50	1.0000	core	core	no	no	no
bin_5_63	bin-5-63	bin_5_63_00832	cds	contig_31	7473	0.4162	7116	7376	-	97	86		hypothetical protein	no	lipM	en_familia	50	1.0000	core	core	no	no	no
bin_5_63	bin-5-63	bin_5_63_00833	cds	contig_32	40500	0.4083	49	849	+	48	266		FMN dependent NADH:quinone oxidoreductase	no	group_4852	en_familia	48	0.9600	core	core	no	no	no
bin_5_63	bin-5-63	bin_5_63_00834	cds	contig_32	40500	0.4083	2217	4085	-	2216	622		Alpha/beta fold hydrolase	no	group_4960	en_familia	46	0.9200	shell	core	si	no	no
bin_5_63	bin-5-63	bin_5_63_00835	cds	contig_32	40500	0.4083	4144	4710	-	4143	188		HTH tetR-type domain-containing protein	no	acrR	en_familia	46	0.9200	shell	core	si	no	no
bin_5_63	bin-5-63	bin_5_63_00836	cds	contig_32	40500	0.4083	5166	5606	+	5165	146		DUF4879 domain-containing protein	no	group_3694	en_familia	1	0.0200	cloud	cloud	si	si	no
bin_5_63	bin-5-63	bin_5_63_00837	cds	contig_32	40500	0.4083	6429	7826	-	6428	465	sufB	Fe-S cluster assembly protein SufB	no	sufB	en_familia	49	0.9800	core	core	no	no	no
bin_5_63	bin-5-63	bin_5_63_00838	cds	contig_32	40500	0.4083	7844	8290	-	7843	148	sufU	Fe-S cluster assembly sulfur transfer protein SufU	no	sufU	en_familia	49	0.9800	core	core	no	no	no
bin_5_63	bin-5-63	bin_5_63_00839	cds	contig_32	40500	0.4083	8280	9500	-	8279	406		Cysteine desulfurase	no	group_520	en_familia	49	0.9800	core	core	no	no	no
bin_5_63	bin-5-63	bin_5_63_00840	cds	contig_32	40500	0.4083	9500	10813	-	9499	437	sufD	Fe-S cluster assembly protein SufD	no	sufD	en_familia	49	0.9800	core	core	no	no	no
bin_5_63	bin-5-63	bin_5_63_00841	cds	contig_32	40500	0.4083	10832	11617	-	10831	261	sufC	Fe-S cluster assembly ATPase SufC	no	sufC	en_familia	49	0.9800	core	core	no	no	no
bin_5_63	bin-5-63	bin_5_63_00842	cds	contig_32	40500	0.4083	12182	12550	-	12181	122		Carboxymuconolactone decarboxylase-like domain-containing protein	no	group_4126	en_familia	49	0.9800	core	core	no	no	no
bin_5_63	bin-5-63	bin_5_63_00843	cds	contig_32	40500	0.4083	12860	13681	-	12859	273	metQ	methionine ABC transporter substrate-binding lipoprotein MetQ	no	metQ	en_familia	50	1.0000	core	core	no	no	no
bin_5_63	bin-5-63	bin_5_63_00844	cds	contig_32	40500	0.4083	13696	14364	-	13695	222	metP	Methionine import system permease protein MetP	no	metP	en_familia	50	1.0000	core	core	no	no	no
bin_5_63	bin-5-63	bin_5_63_00845	cds	contig_32	40500	0.4083	14357	15382	-	14356	341	metN	Methionine import ATP-binding protein MetN	no	metN	en_familia	50	1.0000	core	core	no	no	no
bin_5_63	bin-5-63	bin_5_63_00846	cds	contig_32	40500	0.4083	15749	16090	-	15748	113		SCP2 domain-containing protein	no	group_2143	en_familia	50	1.0000	core	core	no	no	no
bin_5_63	bin-5-63	bin_5_63_00847	cds	contig_32	40500	0.4083	16211	16513	-	16210	100		Thioredoxin	no	group_4345	en_familia	49	0.9800	core	core	no	no	no
bin_5_63	bin-5-63	bin_5_63_00848	cds	contig_32	40500	0.4083	16527	16904	-	16526	125		Toprim domain-containing protein	no	group_3521	en_familia	49	0.9800	core	core	no	no	no
bin_5_63	bin-5-63	bin_5_63_00849	cds	contig_32	40500	0.4083	17003	17239	-	17002	78		DUF2553 domain-containing protein	no	group_2482	en_familia	49	0.9800	core	core	no	no	no
bin_5_63	bin-5-63	bin_5_63_00850	cds	contig_32	40500	0.4083	17284	17667	-	17283	127	gcvH	glycine cleavage system protein GcvH	no	gcvH	en_familia	49	0.9800	core	core	no	no	no
bin_5_63	bin-5-63	bin_5_63_00851	cds	contig_32	40500	0.4083	17734	18093	-	17733	119		Arsenate reductase family protein	no	group_2082	en_familia	49	0.9800	core	core	no	no	no
bin_5_63	bin-5-63	bin_5_63_00852	cds	contig_32	40500	0.4083	18201	19982	-	18200	593		Putative acyl-CoA dehydrogenase	no	group_171	en_familia	49	0.9800	core	core	no	no	no
bin_5_63	bin-5-63	bin_5_63_00853	cds	contig_32	40500	0.4083	19997	21172	-	19328	391		acetyl-CoA C-acetyltransferase	no	group_579	en_familia	49	0.9800	core	core	no	no	no
bin_5_63	bin-5-63	bin_5_63_00854	cds	contig_32	40500	0.4083	21185	23572	-	16928	795		Bifunctional enoyl-CoA hydratase / 3-hydroxyacyl-CoA dehydrogenase	no	group_71	en_familia	49	0.9800	core	core	no	no	no
bin_5_63	bin-5-63	bin_5_63_00855	cds	contig_32	40500	0.4083	23772	23909	+	16591	45	yuzL	YuzL family protein	no	yuzL	en_familia	49	0.9800	core	core	no	no	no
bin_5_63	bin-5-63	bin_5_63_00856	cds	contig_32	40500	0.4083	23923	24171	+	16329	82		Spore coat protein	no	group_2443	en_familia	49	0.9800	core	core	no	no	no
bin_5_63	bin-5-63	bin_5_63_00857	cds	contig_32	40500	0.4083	24184	24531	+	15969	115		Spore coat protein	no	group_4381	en_familia	49	0.9800	core	core	no	no	no
bin_5_63	bin-5-63	bin_5_63_00858	cds	contig_32	40500	0.4083	24764	25015	-	15485	83		DUF2573 domain-containing protein	no	group_4117	en_familia	50	1.0000	core	core	no	no	no
bin_5_63	bin-5-63	bin_5_63_00859	cds	contig_32	40500	0.4083	25088	25918	-	14582	276		Iron(III)-siderophore transporter (ATP binding component)	no	group_1074	en_familia	50	1.0000	core	core	no	no	no
bin_5_63	bin-5-63	bin_5_63_00860	cds	contig_32	40500	0.4083	26064	26513	-	13987	149		YusW-like protein	no	group_3359	en_familia	49	0.9800	core	core	no	no	no
bin_5_63	bin-5-63	bin_5_63_00861	cds	contig_32	40500	0.4083	26624	27466	+	13034	280		Putative short-chain acyl dehydrogenase	no	group_4571	en_familia	50	1.0000	core	core	no	no	no
bin_5_63	bin-5-63	bin_5_63_00862	cds	contig_32	40500	0.4083	27711	29081	-	11419	456	htrB	Serine protease Do-like HtrB	no	htrB	en_familia	50	1.0000	core	core	no	no	no
bin_5_63	bin-5-63	bin_5_63_00863	cds	contig_32	40500	0.4083	29419	30093	+	10407	224	cssR	Transcriptional regulatory protein CssR	no	cssR	en_familia	50	1.0000	core	core	no	no	no
bin_5_63	bin-5-63	bin_5_63_00864	cds	contig_32	40500	0.4083	30090	31421	+	9079	443		histidine kinase	no	group_393	en_familia	50	1.0000	core	core	no	no	no
bin_5_63	bin-5-63	bin_5_63_00865	cds	contig_32	40500	0.4083	31443	31607	-	8893	54	spxO	anti-adapter protein SpxO	no	spxO	en_familia	49	0.9800	core	core	no	no	no
bin_5_63	bin-5-63	bin_5_63_00866	cds	contig_32	40500	0.4083	31836	32678	+	7822	280	spxO	Transcriptional regulator of spxO	no	group_4423	en_familia	49	0.9800	core	core	no	no	no
bin_5_63	bin-5-63	bin_5_63_00867	cds	contig_32	40500	0.4083	32792	34186	-	6314	464	fumC	class II fumarate hydratase	no	fumC	en_familia	49	0.9800	core	core	no	no	no
bin_5_63	bin-5-63	bin_5_63_00868	cds	contig_32	40500	0.4083	34274	34441	-	6059	55		DUF3970 domain-containing protein	no	group_3179	en_familia	49	0.9800	core	core	no	no	no
bin_5_63	bin-5-63	bin_5_63_00869	cds	contig_32	40500	0.4083	34555	35979	+	4521	474		Spore germination protein A1	no	group_4490	en_familia	49	0.9800	core	core	no	no	no
bin_5_63	bin-5-63	bin_5_63_00870	cds	contig_32	40500	0.4083	35966	37060	+	3440	364		Spore germination protein A2	no	group_3844	en_familia	49	0.9800	core	core	no	no	no
bin_5_63	bin-5-63	bin_5_63_00871	cds	contig_32	40500	0.4083	37057	38178	+	2322	373	gerA	Component of the germination receptor GerA	no	gerA	en_familia	50	1.0000	core	core	no	no	no
bin_5_63	bin-5-63	bin_5_63_00872	cds	contig_32	40500	0.4083	38216	38584	+	1916	122		Lipopolysaccharide assembly protein A domain-containing protein	no	group_2061	en_familia	50	1.0000	core	core	no	no	no
bin_5_63	bin-5-63	bin_5_63_00873	cds	contig_32	40500	0.4083	38627	39262	-	1238	211		DNA-binding response regulator	no	group_1448	en_familia	49	0.9800	core	core	no	no	no
bin_5_63	bin-5-63	bin_5_63_00874	cds	contig_32	40500	0.4083	39259	40323	-	177	354		Sensor histidine kinase	no	group_721	en_familia	49	0.9800	core	core	no	no	no
bin_5_63	bin-5-63	bin_5_63_00875	cds	contig_32	40500	0.4083	40320	40490	-	10	56		hypothetical protein	no	group_3286	en_familia	49	0.9800	core	core	no	no	no
bin_5_63	bin-5-63	bin_5_63_00876	cds	contig_33	56713	0.4200	325	813	+	324	162		RCK C-terminal domain-containing protein	no	group_1770	en_familia	50	1.0000	core	core	no	no	no
bin_5_63	bin-5-63	bin_5_63_00877	cds	contig_33	56713	0.4200	913	1269	+	912	118		Lipopolysaccharide assembly protein A domain-containing protein	no	lapA	en_familia	50	1.0000	core	core	no	no	no
bin_5_63	bin-5-63	bin_5_63_00878	cds	contig_33	56713	0.4200	1351	3684	+	1350	777	recJ	single-stranded-DNA-specific exonuclease RecJ	no	recJ	en_familia	50	1.0000	core	core	no	no	no
bin_5_63	bin-5-63	bin_5_63_00879	cds	contig_33	56713	0.4200	3708	4220	+	3707	170	apt	adenine phosphoribosyltransferase	no	apt	en_familia	50	1.0000	core	core	no	no	no
bin_5_63	bin-5-63	bin_5_63_00880	cds	contig_33	56713	0.4200	4363	6573	+	4362	736	relA	GTP pyrophosphokinase	no	relA	en_familia	50	1.0000	core	core	no	no	no
bin_5_63	bin-5-63	bin_5_63_00881	cds	contig_33	56713	0.4200	6592	7035	+	6591	147	dtd	D-aminoacyl-tRNA deacylase	no	dtd	en_familia	50	1.0000	core	core	no	no	no
bin_5_63	bin-5-63	bin_5_63_00882	cds	contig_33	56713	0.4200	7133	8713	-	7132	526		TIGR04211 family SH3 domain-containing protein	no	group_3486	en_familia	50	1.0000	core	core	no	no	no
bin_5_63	bin-5-63	bin_5_63_00883	cds	contig_33	56713	0.4200	8851	9021	+	8850	56		Uncharacterized YrzK-like	no	group_2776	en_familia	50	1.0000	core	core	no	no	no
bin_5_63	bin-5-63	bin_5_63_00884	cds	contig_33	56713	0.4200	9393	10667	+	9392	424	hisS	histidine--tRNA ligase	no	hisS	en_familia	50	1.0000	core	core	no	no	no
bin_5_63	bin-5-63	bin_5_63_00885	cds	contig_33	56713	0.4200	10680	12464	+	10679	594	aspS	aspartate--tRNA ligase	no	aspS	en_familia	50	1.0000	core	core	no	no	no
bin_5_63	bin-5-63	bin_5_63_00887	cds	contig_33	56713	0.4200	12815	13579	+	12814	254	tcdA	THIF-type NAD/FAD binding fold domain-containing protein	no	tcdA	en_familia	50	1.0000	core	core	no	no	no
bin_5_63	bin-5-63	bin_5_63_00888	cds	contig_33	56713	0.4200	13612	14877	-	13611	421		DNA-dependent ATPase modulator of replication restart	no	group_4514	en_familia	50	1.0000	core	core	no	no	no
bin_5_63	bin-5-63	bin_5_63_00889	cds	contig_33	56713	0.4200	15085	15504	+	15084	139	cymR	cysteine metabolism transcriptional regulator CymR	no	cymR	en_familia	50	1.0000	core	core	no	no	no
bin_5_63	bin-5-63	bin_5_63_00890	cds	contig_33	56713	0.4200	15523	16665	+	15522	380		cysteine desulfurase	no	group_3976	en_familia	50	1.0000	core	core	no	no	no
bin_5_63	bin-5-63	bin_5_63_00891	cds	contig_33	56713	0.4200	16761	17879	+	16760	372	mnmA	tRNA 2-thiouridine(34) synthase MnmA	no	mnmA	en_familia	50	1.0000	core	core	no	no	no
bin_5_63	bin-5-63	bin_5_63_00892	cds	contig_33	56713	0.4200	17941	18594	+	17940	217		Tetratricopeptide repeat protein	no	group_1403	en_familia	50	1.0000	core	core	no	no	no
bin_5_63	bin-5-63	bin_5_63_00893	cds	contig_33	56713	0.4200	18614	20998	+	18613	794	recD2	ATP-dependent RecD2 DNA helicase	no	recD2	en_familia	50	1.0000	core	core	no	no	no
bin_5_63	bin-5-63	bin_5_63_00894	cds	contig_33	56713	0.4200	21089	21547	+	21088	152		PRC-barrel domain-containing protein	no	group_3747	en_familia	49	0.9800	core	core	no	no	no
bin_5_63	bin-5-63	bin_5_63_00895	cds	contig_33	56713	0.4200	21561	21752	+	21560	63		Zn-ribbon containing protein	no	group_2682	en_familia	49	0.9800	core	core	no	no	no
bin_5_63	bin-5-63	bin_5_63_00896	cds	contig_33	56713	0.4200	21773	21904	+	21772	43		DUF3918 domain-containing protein	no	group_3410	en_familia	49	0.9800	core	core	no	no	no
bin_5_63	bin-5-63	bin_5_63_00897	cds	contig_33	56713	0.4200	21943	22593	-	21942	216	glnP	Putative glutamine ABC transporter permease protein GlnP	no	glnP	en_familia	49	0.9800	core	core	no	no	no
bin_5_63	bin-5-63	bin_5_63_00898	cds	contig_33	56713	0.4200	22609	23262	-	22608	217		Glutamine ABC transporter permease	no	group_1402	en_familia	50	1.0000	core	core	no	no	no
bin_5_63	bin-5-63	bin_5_63_00899	cds	contig_33	56713	0.4200	23343	24152	-	23342	269	glnH	ABC transporter glutamine-binding protein GlnH	no	glnH	en_familia	50	1.0000	core	core	no	no	no
bin_5_63	bin-5-63	bin_5_63_00900	cds	contig_33	56713	0.4200	24167	24895	-	24166	242	glnQ	Glutamine transport ATP-binding protein GlnQ	no	group_3573	en_familia	50	1.0000	core	core	no	no	no
bin_5_63	bin-5-63	bin_5_63_00901	cds	contig_33	56713	0.4200	25121	26185	+	25120	354		AI-2E family transporter	no	group_3087	en_familia	50	1.0000	core	core	no	no	no
bin_5_63	bin-5-63	bin_5_63_00902	cds	contig_33	56713	0.4200	26517	29153	+	26516	878	alaS	alanine--tRNA ligase	no	alaS	en_familia	50	1.0000	core	core	no	no	no
bin_5_63	bin-5-63	bin_5_63_00903	cds	contig_33	56713	0.4200	29243	29509	+	27204	88	yrzL	IreB family regulatory phosphoprotein	no	yrzL	en_familia	50	1.0000	core	core	no	no	no
bin_5_63	bin-5-63	bin_5_63_00904	cds	contig_33	56713	0.4200	29513	29929	+	26784	138	ruvX	Holliday junction resolvase RuvX	no	ruvX	en_familia	50	1.0000	core	core	no	no	no
bin_5_63	bin-5-63	bin_5_63_00905	cds	contig_33	56713	0.4200	29945	30229	+	26484	94		UPF0473 protein BPUM_2377	no	group_2302	en_familia	50	1.0000	core	core	no	no	no
bin_5_63	bin-5-63	bin_5_63_00906	cds	contig_33	56713	0.4200	30386	30952	+	25761	188		Biotin transporter	no	group_3831	en_familia	49	0.9800	core	core	no	no	no
bin_5_63	bin-5-63	bin_5_63_00907	cds	contig_33	56713	0.4200	30952	32409	+	24304	485		Putative long-chain fatty-acid-CoA ligase (Proofreading for biotin synthesis)	no	group_4664	en_familia	49	0.9800	core	core	no	no	no
bin_5_63	bin-5-63	bin_5_63_00908	cds	contig_33	56713	0.4200	32397	32912	+	23801	171		(pseudo) acetyl-CoA C-acyltransferase	si	group_3631	en_familia	49	0.9800	core	core	no	no	no
bin_5_63	bin-5-63	bin_5_63_00909	cds	contig_33	56713	0.4200	32931	33485	+	23228	184		(pseudo) acetyl-CoA C-acyltransferase	si	group_3631	en_familia	49	0.9800	core	core	no	no	no
bin_5_63	bin-5-63	bin_5_63_00910	cds	contig_33	56713	0.4200	33559	34641	+	22072	360		Endolytic murein transglycosylase	no	group_707	en_familia	50	1.0000	core	core	no	no	no
bin_5_63	bin-5-63	bin_5_63_00911	cds	contig_33	56713	0.4200	34854	35519	+	21194	221		tRNA 5-hydroxyuridine methyltransferase	no	group_3998	en_familia	50	1.0000	core	core	no	no	no
bin_5_63	bin-5-63	bin_5_63_00912	cds	contig_33	56713	0.4200	35516	36445	+	20268	309	ydcP	Putative protease YdcP	no	group_921	en_familia	50	1.0000	core	core	no	no	no
bin_5_63	bin-5-63	bin_5_63_00913	cds	contig_33	56713	0.4200	36466	37734	+	18979	422	ydcP	Putative protease YdcP	no	ydcP	en_familia	50	1.0000	core	core	no	no	no
bin_5_63	bin-5-63	bin_5_63_00914	cds	contig_33	56713	0.4200	37742	38374	+	18339	210	udk	uridine kinase	no	udk	en_familia	50	1.0000	core	core	no	no	no
bin_5_63	bin-5-63	bin_5_63_00915	cds	contig_33	56713	0.4200	39023	39496	+	17217	157	greA	transcription elongation factor GreA	no	greA	en_familia	50	1.0000	core	core	no	no	no
bin_5_63	bin-5-63	bin_5_63_00916	cds	contig_33	56713	0.4200	39547	41289	+	15424	580		serine-type D-Ala-D-Ala carboxypeptidase	no	group_189	en_familia	50	1.0000	core	core	no	no	no
bin_5_63	bin-5-63	bin_5_63_00917	cds	contig_33	56713	0.4200	41357	42022	+	14691	221		DUF1510 domain-containing protein	no	group_3130	en_familia	50	1.0000	core	core	no	no	no
bin_5_63	bin-5-63	bin_5_63_00918	cds	contig_33	56713	0.4200	42158	42397	-	14316	79		DUF2536 domain-containing protein	no	group_3415	en_familia	50	1.0000	core	core	no	no	no
bin_5_63	bin-5-63	bin_5_63_00919	cds	contig_33	56713	0.4200	42552	43193	+	13520	213	yrrT	Uncharacterized methyltransferase BPUM_2363	no	yrrT	en_familia	50	1.0000	core	core	no	no	no
bin_5_63	bin-5-63	bin_5_63_00920	cds	contig_33	56713	0.4200	43209	43904	+	12809	231	mtnN	5'-methylthioadenosine/S-adenosylhomocysteine nucleosidase	no	mtnN	en_familia	50	1.0000	core	core	no	no	no
bin_5_63	bin-5-63	bin_5_63_00921	cds	contig_33	56713	0.4200	43951	44874	+	11839	307		Cystathionine beta-synthase for the reverse transsulfuration pathway	no	group_928	en_familia	50	1.0000	core	core	no	no	no
bin_5_63	bin-5-63	bin_5_63_00922	cds	contig_33	56713	0.4200	44876	46024	+	10689	382		bifunctional cystathionine gamma-lyase/homocysteine desulfhydrase	no	group_622	en_familia	50	1.0000	core	core	no	no	no
bin_5_63	bin-5-63	bin_5_63_00923	cds	contig_33	56713	0.4200	46031	46327	+	10386	98		YrhC-like protein	no	group_3966	en_familia	50	1.0000	core	core	no	no	no
bin_5_63	bin-5-63	bin_5_63_00924	cds	contig_33	56713	0.4200	46773	46907	+	9806	44	yrzI	YrzI family small protein	no	yrzI	en_familia	49	0.9800	core	core	no	no	no
bin_5_63	bin-5-63	bin_5_63_00925	cds	contig_33	56713	0.4200	47067	47228	+	9485	53		hypothetical protein	no	group_3561	en_familia	49	0.9800	core	core	no	no	no
bin_5_63	bin-5-63	bin_5_63_00926	cds	contig_33	56713	0.4200	47272	47397	-	9316	41	yjcZ	YjcZ family sporulation protein	no	group_3433	en_familia	49	0.9800	core	core	no	no	no
bin_5_63	bin-5-63	bin_5_63_00927	cds	contig_33	56713	0.4200	47665	48267	+	8446	200	yrhH	Methyltransferase YrhH	no	yrhH	en_familia	49	0.9800	core	core	no	no	no
bin_5_63	bin-5-63	bin_5_63_00928	cds	contig_33	56713	0.4200	48695	49909	+	6804	404	fdhA	formaldehyde dehydrogenase, glutathione-independent	no	fdhA	en_familia	49	0.9800	core	core	no	no	no
bin_5_63	bin-5-63	bin_5_63_00929	cds	contig_33	56713	0.4200	50187	50936	+	5777	249		Uncharacterized oxidoreductase TM_0019	no	group_4931	en_familia	50	1.0000	core	core	no	no	no
bin_5_63	bin-5-63	bin_5_63_00930	cds	contig_33	56713	0.4200	51307	52527	+	4186	406		MFS transporter	no	group_4572	en_familia	50	1.0000	core	core	no	no	no
bin_5_63	bin-5-63	bin_5_63_00931	cds	contig_33	56713	0.4200	52598	53638	+	3075	346		Sorbitol dehydrogenase	no	group_3360	en_familia	50	1.0000	core	core	no	no	no
bin_5_63	bin-5-63	bin_5_63_00932	cds	contig_33	56713	0.4200	53881	54597	+	2116	238		Putative manganese catalase	no	group_3650	en_familia	34	0.6800	shell	shell	si	no	no
bin_5_63	bin-5-63	bin_5_63_00933	cds	contig_33	56713	0.4200	54633	55346	-	1367	237	yxeN	Putative amino-acid permease protein YxeN	no	group_4176	en_familia	49	0.9800	core	core	no	no	no
bin_5_63	bin-5-63	bin_5_63_00934	cds	contig_33	56713	0.4200	55359	56057	-	656	232		Putative sulfur aminoacid ABC transporter (Permease)	no	group_1332	en_familia	49	0.9800	core	core	no	no	no
bin_5_63	bin-5-63	bin_5_63_00935	cds	contig_33	56713	0.4200	56054	56701	-	12	215		Solute-binding protein family 3/N-terminal domain-containing protein	no	group_4160	en_familia	49	0.9800	core	core	no	no	no
bin_5_63	bin-5-63	bin_5_63_00936	cds	contig_34	47429	0.4108	106	741	+	105	211		hypothetical protein	no	group_3459	en_familia	50	1.0000	core	core	no	no	no
bin_5_63	bin-5-63	bin_5_63_00937	cds	contig_34	47429	0.4108	832	1356	+	831	174	yraA	Cysteine protease YraA	no	yraA	en_familia	50	1.0000	core	core	no	no	no
bin_5_63	bin-5-63	bin_5_63_00938	cds	contig_34	47429	0.4108	1412	2401	-	1411	329	iolU	Scyllo-inositol 2-dehydrogenase (NADP(+)) IolU	no	iolU	en_familia	50	1.0000	core	core	no	no	no
bin_5_63	bin-5-63	bin_5_63_00939	cds	contig_34	47429	0.4108	2602	2991	+	2601	129	doxX	DoxX family protein	no	doxX	en_familia	50	1.0000	core	core	no	no	no
bin_5_63	bin-5-63	bin_5_63_00940	cds	contig_34	47429	0.4108	3060	4202	+	3059	380		AI-2E family transporter	no	group_4115	en_familia	50	1.0000	core	core	no	no	no
bin_5_63	bin-5-63	bin_5_63_00941	cds	contig_34	47429	0.4108	4327	5160	+	4326	277		undecaprenyl-diphosphate phosphatase	no	group_1066	en_familia	50	1.0000	core	core	no	no	no
bin_5_63	bin-5-63	bin_5_63_00942	cds	contig_34	47429	0.4108	5332	5805	+	5331	157	yvgO	Stress response protein YvgO	no	yvgO	en_familia	50	1.0000	core	core	no	no	no
bin_5_63	bin-5-63	bin_5_63_00943	cds	contig_34	47429	0.4108	5847	6845	-	5846	332	bioB	biotin synthase BioB	no	bioB	en_familia	50	1.0000	core	core	no	no	no
bin_5_63	bin-5-63	bin_5_63_00944	cds	contig_34	47429	0.4108	6990	7340	-	6989	116		hypothetical protein	no	group_4330	en_familia	47	0.9400	shell	core	si	no	no
bin_5_63	bin-5-63	bin_5_63_00945	cds	contig_34	47429	0.4108	7584	7961	-	7583	125		HTH-type transcriptional regulator Xre	no	group_2034	en_familia	47	0.9400	shell	core	si	no	no
bin_5_63	bin-5-63	bin_5_63_00946	cds	contig_34	47429	0.4108	8121	8360	+	8120	79		HTH cro/C1-type domain-containing protein	no	group_3496	en_familia	47	0.9400	shell	core	si	no	no
bin_5_63	bin-5-63	bin_5_63_00947	cds	contig_34	47429	0.4108	8379	8531	+	8378	50		hypothetical protein	no	group_3552	en_familia	47	0.9400	shell	core	si	no	no
bin_5_63	bin-5-63	bin_5_63_00948	cds	contig_34	47429	0.4108	8506	8703	+	8505	65		hypothetical protein	no	group_4639	en_familia	47	0.9400	shell	core	si	no	no
bin_5_63	bin-5-63	bin_5_63_00949	cds	contig_34	47429	0.4108	8700	8804	+	8699	34		hypothetical protein	no		no_en_pangenoma			no_en_pangenoma	no_en_pangenoma			no
bin_5_63	bin-5-63	bin_5_63_00950	cds	contig_34	47429	0.4108	8806	9210	+	8805	134		Holliday junction resolvase	no	group_3663	en_familia	47	0.9400	shell	core	si	no	no
bin_5_63	bin-5-63	bin_5_63_00951	cds	contig_34	47429	0.4108	9207	9413	+	9206	68		XtrA/YqaO family protein	no	group_3461	en_familia	47	0.9400	shell	core	si	no	no
bin_5_63	bin-5-63	bin_5_63_00952	cds	contig_34	47429	0.4108	9538	10056	+	9537	172		Fis family transcriptional regulator	no	group_1706	en_familia	47	0.9400	shell	core	si	no	no
bin_5_63	bin-5-63	bin_5_63_00953	cds	contig_34	47429	0.4108	10244	10855	+	10243	203	terS	phage terminase small subunit	no	group_1512	en_familia	47	0.9400	shell	core	si	no	no
bin_5_63	bin-5-63	bin_5_63_00954	cds	contig_34	47429	0.4108	10852	12165	+	10851	437		PBSX family phage terminase large subunit	no	group_416	en_familia	47	0.9400	shell	core	si	no	no
bin_5_63	bin-5-63	bin_5_63_00955	cds	contig_34	47429	0.4108	12162	13619	+	12161	485		phage portal protein	no	group_3278	en_familia	47	0.9400	shell	core	si	no	no
bin_5_63	bin-5-63	bin_5_63_00956	cds	contig_34	47429	0.4108	13655	14746	+	13654	363	xkdF	Phage-like element PBSX protein XkdF domain-containing protein	no	xkdF	en_familia	47	0.9400	shell	core	si	no	no
bin_5_63	bin-5-63	bin_5_63_00957	cds	contig_34	47429	0.4108	14769	15692	+	14768	307		phage major capsid protein	no	group_929	en_familia	47	0.9400	shell	core	si	no	no
bin_5_63	bin-5-63	bin_5_63_00958	cds	contig_34	47429	0.4108	15706	16089	+	15705	127	yqbG	Protein YqbG	no	yqbG	en_familia	47	0.9400	shell	core	si	no	no
bin_5_63	bin-5-63	bin_5_63_00959	cds	contig_34	47429	0.4108	16086	16442	+	16085	118		DUF3599 domain-containing protein	no	group_4322	en_familia	47	0.9400	shell	core	si	no	no
bin_5_63	bin-5-63	bin_5_63_00960	cds	contig_34	47429	0.4108	16439	16936	+	16438	165		Phage portal protein	no	group_3505	en_familia	47	0.9400	shell	core	si	no	no
bin_5_63	bin-5-63	bin_5_63_00961	cds	contig_34	47429	0.4108	16941	17396	+	16940	151		Phage portal protein	no	group_3203	en_familia	47	0.9400	shell	core	si	no	no
bin_5_63	bin-5-63	bin_5_63_00962	cds	contig_34	47429	0.4108	17599	18945	+	17598	448		Phage tail sheath protein	no	group_383	en_familia	47	0.9400	shell	core	si	no	no
bin_5_63	bin-5-63	bin_5_63_00963	cds	contig_34	47429	0.4108	18947	19390	+	18946	147		Phage portal protein	no	group_1884	en_familia	47	0.9400	shell	core	si	no	no
bin_5_63	bin-5-63	bin_5_63_00965	sorf	contig_34	47429	0.4108	19666	19755	-	19665	29		Holin-like toxin	no	group_4300	en_familia	12	0.2400	shell	shell	si	no	no
bin_5_63	bin-5-63	bin_5_63_00966	cds	contig_34	47429	0.4108	19908	20348	+	19907	146		Phage portal protein	no	xkdN	en_familia	48	0.9600	core	core	no	no	no
bin_5_63	bin-5-63	bin_5_63_00967	cds	contig_34	47429	0.4108	20372	20527	+	20371	51		Phage protein	no	group_2820	en_familia	47	0.9400	shell	core	si	no	no
bin_5_63	bin-5-63	bin_5_63_00968	cds	contig_34	47429	0.4108	20583	24515	+	20582	1310		transglycosylase SLT domain-containing protein	no	group_4186	en_familia	37	0.7400	shell	shell	si	no	no
bin_5_63	bin-5-63	bin_5_63_00969	cds	contig_34	47429	0.4108	24508	25176	+	22253	222	lysM	LysM domain-containing protein	no	lysM	en_familia	47	0.9400	shell	core	si	no	no
bin_5_63	bin-5-63	bin_5_63_00970	cds	contig_34	47429	0.4108	25189	26199	+	21230	336		Phage portal protein	no	group_3657	en_familia	47	0.9400	shell	core	si	no	no
bin_5_63	bin-5-63	bin_5_63_00971	cds	contig_34	47429	0.4108	26196	26462	+	20967	88		Phage portal protein	no	group_4676	en_familia	47	0.9400	shell	core	si	no	no
bin_5_63	bin-5-63	bin_5_63_00972	cds	contig_34	47429	0.4108	26477	26899	+	20530	140		Phage portal protein	no	group_4004	en_familia	47	0.9400	shell	core	si	no	no
bin_5_63	bin-5-63	bin_5_63_00973	cds	contig_34	47429	0.4108	26892	27938	+	19491	348		Baseplate protein J-like domain-containing protein	no	group_4788	en_familia	47	0.9400	shell	core	si	no	no
bin_5_63	bin-5-63	bin_5_63_00974	cds	contig_34	47429	0.4108	27925	28848	+	18581	307		DUF2313 domain-containing protein	no	group_4005	en_familia	47	0.9400	shell	core	si	no	no
bin_5_63	bin-5-63	bin_5_63_00975	cds	contig_34	47429	0.4108	28860	29243	+	18186	127		Phage tail protein	no	group_4789	en_familia	47	0.9400	shell	core	si	no	no
bin_5_63	bin-5-63	bin_5_63_00976	cds	contig_34	47429	0.4108	29259	30131	+	17298	290		Terminase	no	group_4321	en_familia	38	0.7600	shell	shell	si	no	no
bin_5_63	bin-5-63	bin_5_63_00977	cds	contig_34	47429	0.4108	30142	30471	+	16958	109	yorD	Bacteriophage SP-beta YorD domain-containing protein	no	xkdW~~~yorD	en_familia	38	0.7600	shell	shell	si	no	no
bin_5_63	bin-5-63	bin_5_63_00978	cds	contig_34	47429	0.4108	30468	30677	+	16752	69	xkdX	XkdX family protein	no	group_5027	en_familia	38	0.7600	shell	shell	si	no	no
bin_5_63	bin-5-63	bin_5_63_00979	cds	contig_34	47429	0.4108	30649	31812	+	15617	387		DUF4185 domain-containing protein	no	group_5404	en_familia	21	0.4200	shell	shell	si	no	no
bin_5_63	bin-5-63	bin_5_63_00980	cds	contig_34	47429	0.4108	31856	33253	+	14176	465		C1q domain-containing protein	no	group_5273	en_familia	29	0.5800	shell	shell	si	no	no
bin_5_63	bin-5-63	bin_5_63_00981	cds	contig_34	47429	0.4108	33267	33587	+	13842	106		Putative tail phage assembly protein phage SPbeta	no	group_5229	en_familia	29	0.5800	shell	shell	si	no	no
bin_5_63	bin-5-63	bin_5_63_00982	cds	contig_34	47429	0.4108	33587	33727	+	13702	46	xkdX	XkdX family protein	no	group_5406	en_familia	30	0.6000	shell	shell	si	no	no
bin_5_63	bin-5-63	bin_5_63_00983	cds	contig_34	47429	0.4108	33764	33976	+	13453	70		Holin	no	group_4900	en_familia	46	0.9200	shell	core	si	no	no
bin_5_63	bin-5-63	bin_5_63_00984	cds	contig_34	47429	0.4108	33989	34252	+	13177	87		phage holin	no	group_4405	en_familia	47	0.9400	shell	core	si	no	no
bin_5_63	bin-5-63	bin_5_63_00985	cds	contig_34	47429	0.4108	34272	35093	+	12336	273		N-acetylmuramoyl-L-alanine amidase	no	group_4901	en_familia	45	0.9000	shell	core	si	no	no
bin_5_63	bin-5-63	bin_5_63_00986	cds	contig_34	47429	0.4108	35195	35641	+	11788	148		Biofilm forming exported protein	no	group_4484	en_familia	41	0.8200	shell	shell	si	no	no
bin_5_63	bin-5-63	bin_5_63_00988	cds	contig_34	47429	0.4108	35846	36403	-	11026	185	cudC	choline uptake/conversion transcriptional regulator CudC	no	cudC	en_familia	50	1.0000	core	core	no	no	no
bin_5_63	bin-5-63	bin_5_63_00989	cds	contig_34	47429	0.4108	36611	38080	+	9349	489	betB	betaine-aldehyde dehydrogenase	no	betB	en_familia	50	1.0000	core	core	no	no	no
bin_5_63	bin-5-63	bin_5_63_00990	cds	contig_34	47429	0.4108	38108	39316	+	8113	402	gbsB	Choline dehydrogenase	no	gbsB	en_familia	50	1.0000	core	core	no	no	no
bin_5_63	bin-5-63	bin_5_63_00991	cds	contig_34	47429	0.4108	39357	39836	-	7593	159		DinB-like domain-containing protein	no	group_3941	en_familia	50	1.0000	core	core	no	no	no
bin_5_63	bin-5-63	bin_5_63_00992	cds	contig_34	47429	0.4108	40048	40572	+	6857	174		Membrane integrity integral inner membrane protein	no	group_3154	en_familia	50	1.0000	core	core	no	no	no
bin_5_63	bin-5-63	bin_5_63_00993	cds	contig_34	47429	0.4108	40584	42131	+	5298	515	floT	Flotillin-like protein FloT	no	floT	en_familia	50	1.0000	core	core	no	no	no
bin_5_63	bin-5-63	bin_5_63_00994	cds	contig_34	47429	0.4108	42163	43296	-	4133	377	ftsW	putative lipid II flippase FtsW	no	group_3807	en_familia	49	0.9800	core	core	no	no	no
bin_5_63	bin-5-63	bin_5_63_00995	cds	contig_34	47429	0.4108	43302	44456	-	2973	384	rodA	rod shape-determining protein RodA	no	rodA	en_familia	49	0.9800	core	core	no	no	no
bin_5_63	bin-5-63	bin_5_63_00996	cds	contig_34	47429	0.4108	44471	45109	-	2320	212		HTH cro/C1-type domain-containing protein	no	group_4640	en_familia	49	0.9800	core	core	no	no	no
bin_5_63	bin-5-63	bin_5_63_00997	cds	contig_34	47429	0.4108	45258	45833	+	1596	191		Putative N-acetyltransferase	no	group_3556	en_familia	50	1.0000	core	core	no	no	no
bin_5_63	bin-5-63	bin_5_63_00998	cds	contig_34	47429	0.4108	45793	45981	-	1448	62	eamA	EamA domain-containing protein	no	group_4256	en_familia	50	1.0000	core	core	no	no	no
bin_5_63	bin-5-63	bin_5_63_00999	cds	contig_34	47429	0.4108	46074	46604	-	825	176	thiT	energy-coupled thiamine transporter ThiT	no	thiT	en_familia	50	1.0000	core	core	no	no	no
bin_5_63	bin-5-63	bin_5_63_01001	cds	contig_35	1697	0.4172	834	1262	-	435	142		Cell wall hydrolase	no	group_1917	en_familia	50	1.0000	core	core	no	no	no
bin_5_63	bin-5-63	bin_5_63_01002	cds	contig_36	35254	0.4108	161	1144	-	160	327	iolU	Scyllo-inositol 2-dehydrogenase (NADP(+)) IolU	no	group_4339	en_familia	50	1.0000	core	core	no	no	no
bin_5_63	bin-5-63	bin_5_63_01003	cds	contig_36	35254	0.4108	1289	1648	-	1288	119		Transcriptional regulator	no	group_2083	en_familia	50	1.0000	core	core	no	no	no
bin_5_63	bin-5-63	bin_5_63_01004	cds	contig_36	35254	0.4108	1960	2772	+	1959	270	yidA	sugar-phosphatase	no	yidA	en_familia	50	1.0000	core	core	no	no	no
bin_5_63	bin-5-63	bin_5_63_01005	cds	contig_36	35254	0.4108	2808	3815	-	2807	335		HTH luxR-type domain-containing protein	no	group_782	en_familia	50	1.0000	core	core	no	no	no
bin_5_63	bin-5-63	bin_5_63_01006	cds	contig_36	35254	0.4108	3941	4648	+	3940	235		Class I SAM-dependent methyltransferase	no	group_3277	en_familia	50	1.0000	core	core	no	no	no
bin_5_63	bin-5-63	bin_5_63_01007	cds	contig_36	35254	0.4108	4645	5742	+	4644	365		Saccharopine dehydrogenase	no	group_3920	en_familia	50	1.0000	core	core	no	no	no
bin_5_63	bin-5-63	bin_5_63_01008	cds	contig_36	35254	0.4108	5936	7207	+	5935	423		Putative permease	no	group_4772	en_familia	50	1.0000	core	core	no	no	no
bin_5_63	bin-5-63	bin_5_63_01009	cds	contig_36	35254	0.4108	7303	9126	-	7302	607	oatA	O-acetyltransferase OatA	no	oatA~~~yrhL	en_familia	50	1.0000	core	core	no	no	no
bin_5_63	bin-5-63	bin_5_63_01010	cds	contig_36	35254	0.4108	9365	10240	+	9364	291		Aldose epimerase	no	group_4064	en_familia	50	1.0000	core	core	no	no	no
bin_5_63	bin-5-63	bin_5_63_01011	cds	contig_36	35254	0.4108	10301	11245	+	10300	314		Deoxyribonucleoside regulator	no	group_898	en_familia	50	1.0000	core	core	no	no	no
bin_5_63	bin-5-63	bin_5_63_01012	cds	contig_36	35254	0.4108	11330	12001	+	11329	223	deoC	deoxyribose-phosphate aldolase	no	deoC	en_familia	50	1.0000	core	core	no	no	no
bin_5_63	bin-5-63	bin_5_63_01013	cds	contig_36	35254	0.4108	12169	13350	+	12168	393		Nucleoside permease	no	group_569	en_familia	50	1.0000	core	core	no	no	no
bin_5_63	bin-5-63	bin_5_63_01014	cds	contig_36	35254	0.4108	13375	14676	+	13374	433		pyrimidine-nucleoside phosphorylase	no	group_427	en_familia	50	1.0000	core	core	no	no	no
bin_5_63	bin-5-63	bin_5_63_01015	cds	contig_36	35254	0.4108	14783	14881	+	14782	32		hypothetical protein	no	group_3896	en_familia	50	1.0000	core	core	no	no	no
bin_5_63	bin-5-63	bin_5_63_01016	cds	contig_36	35254	0.4108	15230	15667	+	15229	145		Transcriptional regulator	no	group_3416	en_familia	50	1.0000	core	core	no	no	no
bin_5_63	bin-5-63	bin_5_63_01017	cds	contig_36	35254	0.4108	15681	16319	+	15680	212	ydgI	Putative NAD(P)H nitroreductase YdgI	no	ydgI	en_familia	50	1.0000	core	core	no	no	no
bin_5_63	bin-5-63	bin_5_63_01018	cds	contig_36	35254	0.4108	16345	16638	+	16344	97	ycnE	Monooxygenase YcnE	no	ycnE	en_familia	50	1.0000	core	core	no	no	no
bin_5_63	bin-5-63	bin_5_63_01019	cds	contig_36	35254	0.4108	16828	19209	+	16045	793	prtV	Pre-pro-metalloprotease PrtV	no	prtV	en_familia	50	1.0000	core	core	no	no	no
bin_5_63	bin-5-63	bin_5_63_01020	cds	contig_36	35254	0.4108	19417	19680	+	15574	87		ORF6C domain-containing protein	no	group_3092	en_familia	50	1.0000	core	core	no	no	no
bin_5_63	bin-5-63	bin_5_63_01021	cds	contig_36	35254	0.4108	19677	20048	+	15206	123		DUF1304 domain-containing protein	no	group_2054	en_familia	50	1.0000	core	core	no	no	no
bin_5_63	bin-5-63	bin_5_63_01022	cds	contig_36	35254	0.4108	20192	20356	-	14898	54		hypothetical protein	no	group_2794	en_familia	50	1.0000	core	core	no	no	no
bin_5_63	bin-5-63	bin_5_63_01023	cds	contig_36	35254	0.4108	20611	21267	+	13987	218	hchA	Protein/nucleic acid deglycase HchA	no	hchA	en_familia	50	1.0000	core	core	no	no	no
bin_5_63	bin-5-63	bin_5_63_01024	cds	contig_36	35254	0.4108	21407	22534	+	12720	375		hypothetical protein	no	group_3627	en_familia	50	1.0000	core	core	no	no	no
bin_5_63	bin-5-63	bin_5_63_01025	cds	contig_36	35254	0.4108	22782	23468	+	11786	228	tenA	thiaminase II	no	group_4225	en_familia	50	1.0000	core	core	no	no	no
bin_5_63	bin-5-63	bin_5_63_01026	cds	contig_36	35254	0.4108	23465	24064	+	11190	199		ABC transporter ATP-binding protein	no	group_1539	en_familia	50	1.0000	core	core	no	no	no
bin_5_63	bin-5-63	bin_5_63_01027	cds	contig_36	35254	0.4108	24039	25631	+	9623	530		energy-coupling factor transporter ATPase	no	group_4226	en_familia	50	1.0000	core	core	no	no	no
bin_5_63	bin-5-63	bin_5_63_01028	cds	contig_36	35254	0.4108	25621	26355	+	8899	244	ykoC	HMP/thiamine permease protein YkoC	no	ykoC	en_familia	50	1.0000	core	core	no	no	no
bin_5_63	bin-5-63	bin_5_63_01029	cds	contig_36	35254	0.4108	26505	27344	+	7910	279		Methyl-accepting transducer domain-containing protein	no	group_4474	en_familia	50	1.0000	core	core	no	no	no
bin_5_63	bin-5-63	bin_5_63_01030	cds	contig_36	35254	0.4108	27518	28333	+	6921	271		Cytoplasmic protein	no	ywqG	en_familia	50	1.0000	core	core	no	no	no
bin_5_63	bin-5-63	bin_5_63_01031	cds	contig_36	35254	0.4108	28214	28465	-	6789	83		hypothetical protein	no	group_3581	en_familia	49	0.9800	core	core	no	no	no
bin_5_63	bin-5-63	bin_5_63_01032	cds	contig_36	35254	0.4108	28558	29391	+	5863	277	licT	BglG family transcription antiterminator LicT	no	group_3112	en_familia	50	1.0000	core	core	no	no	no
bin_5_63	bin-5-63	bin_5_63_01033	cds	contig_36	35254	0.4108	29717	31624	+	3630	635		Phosphotransferase system (PTS) beta-glucoside-specific enzyme IIBCA component	no	group_3848	en_familia	50	1.0000	core	core	no	no	no
bin_5_63	bin-5-63	bin_5_63_01034	cds	contig_36	35254	0.4108	31596	33014	+	2240	472		Aryl-phospho-beta-d-glucosidase	no	group_326	en_familia	50	1.0000	core	core	no	no	no
bin_5_63	bin-5-63	bin_5_63_01035	cds	contig_36	35254	0.4108	33367	34044	+	1210	225		ABC transporter ATP-binding protein	no	group_3850	en_familia	11	0.2200	shell	shell	si	no	no
bin_5_63	bin-5-63	bin_5_63_01036	cds	contig_36	35254	0.4108	34041	35156	+	98	371		ABC transporter permease	no	group_656	en_familia	12	0.2400	shell	shell	si	no	no
bin_5_63	bin-5-63	bin_5_63_01037	cds	contig_37	59527	0.4108	171	455	+	170	94		hypothetical protein	no	gudB	en_familia	50	1.0000	core	core	no	no	no
bin_5_63	bin-5-63	bin_5_63_01038	cds	contig_37	59527	0.4108	580	1551	+	579	323	ypdA	YpdA family bacillithiol disulfide reductase	no	ypdA	en_familia	50	1.0000	core	core	no	no	no
bin_5_63	bin-5-63	bin_5_63_01039	cds	contig_37	59527	0.4108	1707	2363	+	1706	218	prsW	glutamic-type intramembrane protease PrsW	no	prsW	en_familia	50	1.0000	core	core	no	no	no
bin_5_63	bin-5-63	bin_5_63_01040	cds	contig_37	59527	0.4108	2496	3416	+	2495	306	sleB	spore cortex-lytic enzyme	no	sleB	en_familia	49	0.9800	core	core	no	no	no
bin_5_63	bin-5-63	bin_5_63_01041	cds	contig_37	59527	0.4108	3433	4782	+	3432	449	ypeB	germination protein YpeB	no	ypeB	en_familia	50	1.0000	core	core	no	no	no
bin_5_63	bin-5-63	bin_5_63_01042	cds	contig_37	59527	0.4108	4885	5532	+	4884	215	pilZ	Pilus assembly protein PilZ	no	pilZ	en_familia	50	1.0000	core	core	no	no	no
bin_5_63	bin-5-63	bin_5_63_01043	cds	contig_37	59527	0.4108	5596	5778	+	5595	60	ypfB	YpfB family protein	no	ypfB	en_familia	50	1.0000	core	core	no	no	no
bin_5_63	bin-5-63	bin_5_63_01044	cds	contig_37	59527	0.4108	5850	6527	+	5849	225	cmk	(d)CMP kinase	no	cmk	en_familia	50	1.0000	core	core	no	no	no
bin_5_63	bin-5-63	bin_5_63_01045	cds	contig_37	59527	0.4108	6751	7902	+	6750	383	rpsA	30S ribosomal protein S1	no	rpsA	en_familia	50	1.0000	core	core	no	no	no
bin_5_63	bin-5-63	bin_5_63_01046	cds	contig_37	59527	0.4108	7917	8984	+	7916	355	fni	type 2 isopentenyl-diphosphate Delta-isomerase	no	fni	en_familia	50	1.0000	core	core	no	no	no
bin_5_63	bin-5-63	bin_5_63_01047	cds	contig_37	59527	0.4108	9161	9292	-	9160	43	ypzI	YpzI family protein	no	ypzI	en_familia	50	1.0000	core	core	no	no	no
bin_5_63	bin-5-63	bin_5_63_01048	cds	contig_37	59527	0.4108	9411	10013	+	9410	200		Integral inner membrane protein	no	group_1511	en_familia	50	1.0000	core	core	no	no	no
bin_5_63	bin-5-63	bin_5_63_01049	cds	contig_37	59527	0.4108	10010	10894	+	10009	294		YIEGIA domain-containing protein	no	group_986	en_familia	50	1.0000	core	core	no	no	no
bin_5_63	bin-5-63	bin_5_63_01050	cds	contig_37	59527	0.4108	10901	11095	+	10900	64	ypzH	Uncharacterized protein YpzH	no	ypzH	en_familia	50	1.0000	core	core	no	no	no
bin_5_63	bin-5-63	bin_5_63_01051	cds	contig_37	59527	0.4108	11255	12565	+	11254	436	der	ribosome biogenesis GTPase Der	no	der	en_familia	50	1.0000	core	core	no	no	no
bin_5_63	bin-5-63	bin_5_63_01052	cds	contig_37	59527	0.4108	12580	13617	+	12579	345	gpsA	NAD(P)H-dependent glycerol-3-phosphate dehydrogenase	no	gpsA	en_familia	50	1.0000	core	core	no	no	no
bin_5_63	bin-5-63	bin_5_63_01053	cds	contig_37	59527	0.4108	13884	14087	+	13883	67		DUF2768 domain-containing protein	no	group_4013	en_familia	50	1.0000	core	core	no	no	no
bin_5_63	bin-5-63	bin_5_63_01054	cds	contig_37	59527	0.4108	14106	14831	+	14105	241	yphF	YphF	no	yphF	en_familia	50	1.0000	core	core	no	no	no
bin_5_63	bin-5-63	bin_5_63_01055	cds	contig_37	59527	0.4108	15037	16515	+	15036	492	spoIVA	stage IV sporulation protein A	no	spoIVA	en_familia	50	1.0000	core	core	no	no	no
bin_5_63	bin-5-63	bin_5_63_01056	cds	contig_37	59527	0.4108	16890	17168	+	16889	92	hbs	non-specific DNA-binding protein Hbs	no	hbs	en_familia	50	1.0000	core	core	no	no	no
bin_5_63	bin-5-63	bin_5_63_01057	cds	contig_37	59527	0.4108	17359	17928	+	17358	189	folE	GTP cyclohydrolase I FolE	no	folE	en_familia	50	1.0000	core	core	no	no	no
bin_5_63	bin-5-63	bin_5_63_01058	cds	contig_37	59527	0.4108	17952	18182	+	17951	76	mtrB	trp RNA-binding attenuation protein MtrB	no	mtrB	en_familia	50	1.0000	core	core	no	no	no
bin_5_63	bin-5-63	bin_5_63_01059	cds	contig_37	59527	0.4108	18298	19065	+	18297	255		Heptaprenyl diphosphate synthase component I	no	group_3537	en_familia	50	1.0000	core	core	no	no	no
bin_5_63	bin-5-63	bin_5_63_01060	cds	contig_37	59527	0.4108	19069	19773	+	19068	234	menG	demethylmenaquinone methyltransferase	no	menG	en_familia	50	1.0000	core	core	no	no	no
bin_5_63	bin-5-63	bin_5_63_01061	cds	contig_37	59527	0.4108	19798	20760	+	19797	320	hepT	heptaprenyl diphosphate synthase component II	no	hepT	en_familia	50	1.0000	core	core	no	no	no
bin_5_63	bin-5-63	bin_5_63_01062	cds	contig_37	59527	0.4108	20890	21336	+	20889	148	ndk	nucleoside-diphosphate kinase	no	ndk	en_familia	50	1.0000	core	core	no	no	no
bin_5_63	bin-5-63	bin_5_63_01063	cds	contig_37	59527	0.4108	21481	22257	+	21480	258		protein-glutamate O-methyltransferase	no	group_1181	en_familia	50	1.0000	core	core	no	no	no
bin_5_63	bin-5-63	bin_5_63_01064	cds	contig_37	59527	0.4108	22334	23506	+	22333	390	aroC	chorismate synthase	no	aroC	en_familia	50	1.0000	core	core	no	no	no
bin_5_63	bin-5-63	bin_5_63_01065	cds	contig_37	59527	0.4108	23506	24597	+	23505	363	aroB	3-dehydroquinate synthase	no	aroB	en_familia	50	1.0000	core	core	no	no	no
bin_5_63	bin-5-63	bin_5_63_01066	cds	contig_37	59527	0.4108	24594	24977	+	24593	127	aroH	chorismate mutase	no	aroH	en_familia	50	1.0000	core	core	no	no	no
bin_5_63	bin-5-63	bin_5_63_01067	cds	contig_37	59527	0.4108	25210	26757	+	25209	515	trpE	anthranilate synthase component I	no	trpE	en_familia	50	1.0000	core	core	no	no	no
bin_5_63	bin-5-63	bin_5_63_01068	cds	contig_37	59527	0.4108	26729	27751	+	26728	340	trpD	Anthranilate phosphoribosyltransferase	no	trpD	en_familia	50	1.0000	core	core	no	no	no
bin_5_63	bin-5-63	bin_5_63_01069	cds	contig_37	59527	0.4108	27744	28496	+	27743	250	trpC	indole-3-glycerol phosphate synthase TrpC	no	trpC	en_familia	50	1.0000	core	core	no	no	no
bin_5_63	bin-5-63	bin_5_63_01070	cds	contig_37	59527	0.4108	28493	29161	+	28492	222		phosphoribosylanthranilate isomerase	no	group_4577	en_familia	50	1.0000	core	core	no	no	no
bin_5_63	bin-5-63	bin_5_63_01071	cds	contig_37	59527	0.4108	29142	30341	+	29141	399	trpB	tryptophan synthase subunit beta	no	trpB	en_familia	50	1.0000	core	core	no	no	no
bin_5_63	bin-5-63	bin_5_63_01072	cds	contig_37	59527	0.4108	30338	31141	+	28386	267	trpA	tryptophan synthase subunit alpha	no	trpA	en_familia	50	1.0000	core	core	no	no	no
bin_5_63	bin-5-63	bin_5_63_01073	cds	contig_37	59527	0.4108	31153	32250	+	27277	365	hisC	histidinol-phosphate transaminase	no	hisC	en_familia	50	1.0000	core	core	no	no	no
bin_5_63	bin-5-63	bin_5_63_01074	cds	contig_37	59527	0.4108	32366	33481	+	26046	371		prephenate dehydrogenase	no	group_3988	en_familia	50	1.0000	core	core	no	no	no
bin_5_63	bin-5-63	bin_5_63_01075	cds	contig_37	59527	0.4108	33492	34778	+	24749	428	aroA	3-phosphoshikimate 1-carboxyvinyltransferase	no	aroA	en_familia	50	1.0000	core	core	no	no	no
bin_5_63	bin-5-63	bin_5_63_01076	cds	contig_37	59527	0.4108	35068	36339	+	23188	423		Beta-barrel assembly-enhancing protease	no	group_465	en_familia	50	1.0000	core	core	no	no	no
bin_5_63	bin-5-63	bin_5_63_01077	cds	contig_37	59527	0.4108	36415	36954	+	22573	179	reoY	ReoY family proteolytic degradation factor	no	reoY	en_familia	50	1.0000	core	core	no	no	no
bin_5_63	bin-5-63	bin_5_63_01078	cds	contig_37	59527	0.4108	37016	37462	+	22065	148		DUF2487 domain-containing protein	no	group_4247	en_familia	50	1.0000	core	core	no	no	no
bin_5_63	bin-5-63	bin_5_63_01079	cds	contig_37	59527	0.4108	37607	38113	+	21414	168		Cytochrome b6-f complex iron-sulfur subunit	no	group_1731	en_familia	50	1.0000	core	core	no	no	no
bin_5_63	bin-5-63	bin_5_63_01080	cds	contig_37	59527	0.4108	38116	38790	+	20737	224	qcrB	menaquinol-cytochrome c reductase cytochrome b subunit	no	qcrB	en_familia	50	1.0000	core	core	no	no	no
bin_5_63	bin-5-63	bin_5_63_01081	cds	contig_37	59527	0.4108	38832	39599	+	19928	255		Menaquinol:cytochrome c reductase cytochrome c subunit	no	group_1202	en_familia	50	1.0000	core	core	no	no	no
bin_5_63	bin-5-63	bin_5_63_01082	cds	contig_37	59527	0.4108	39702	40295	+	19232	197		DUF1405 domain-containing protein	no	group_4133	en_familia	50	1.0000	core	core	no	no	no
bin_5_63	bin-5-63	bin_5_63_01083	cds	contig_37	59527	0.4108	40362	41168	+	18359	268	ypjB	sporulation protein YpjB	no	ypjB	en_familia	50	1.0000	core	core	no	no	no
bin_5_63	bin-5-63	bin_5_63_01084	cds	contig_37	59527	0.4108	41199	42071	-	17456	290		DUF2179 domain-containing protein	no	group_1003	en_familia	50	1.0000	core	core	no	no	no
bin_5_63	bin-5-63	bin_5_63_01085	cds	contig_37	59527	0.4108	42209	42544	+	16983	111		Oxidized nucleotide pyrophosphohydrolase	no	group_2165	en_familia	50	1.0000	core	core	no	no	no
bin_5_63	bin-5-63	bin_5_63_01086	cds	contig_37	59527	0.4108	42550	43353	+	16174	267	dapB	4-hydroxy-tetrahydrodipicolinate reductase	no	dapB	en_familia	50	1.0000	core	core	no	no	no
bin_5_63	bin-5-63	bin_5_63_01087	cds	contig_37	59527	0.4108	43371	43790	+	15737	139	mgsA	methylglyoxal synthase	no	mgsA	en_familia	50	1.0000	core	core	no	no	no
bin_5_63	bin-5-63	bin_5_63_01088	cds	contig_37	59527	0.4108	43777	44481	+	15046	234	bshB1	bacillithiol biosynthesis deacetylase BshB1	no	bshB1	en_familia	50	1.0000	core	core	no	no	no
bin_5_63	bin-5-63	bin_5_63_01089	cds	contig_37	59527	0.4108	44484	45629	+	13898	381	bshA	N-acetyl-alpha-D-glucosaminyl L-malate synthase BshA	no	bshA	en_familia	50	1.0000	core	core	no	no	no
bin_5_63	bin-5-63	bin_5_63_01090	cds	contig_37	59527	0.4108	45622	46824	+	12703	400		CCA tRNA nucleotidyltransferase	no	group_538	en_familia	50	1.0000	core	core	no	no	no
bin_5_63	bin-5-63	bin_5_63_01091	cds	contig_37	59527	0.4108	46797	47780	+	11747	327	birA	Bifunctional ligase/repressor BirA	no	birA	en_familia	50	1.0000	core	core	no	no	no
bin_5_63	bin-5-63	bin_5_63_01092	cds	contig_37	59527	0.4108	47980	48819	+	10708	279	panB	3-methyl-2-oxobutanoate hydroxymethyltransferase	no	panB	en_familia	50	1.0000	core	core	no	no	no
bin_5_63	bin-5-63	bin_5_63_01093	cds	contig_37	59527	0.4108	48816	49682	+	9845	288	panC	pantoate--beta-alanine ligase	no	panC	en_familia	50	1.0000	core	core	no	no	no
bin_5_63	bin-5-63	bin_5_63_01094	cds	contig_37	59527	0.4108	49651	50058	+	9469	135	panD	aspartate 1-decarboxylase	no	panD	en_familia	50	1.0000	core	core	no	no	no
bin_5_63	bin-5-63	bin_5_63_01095	cds	contig_37	59527	0.4108	50174	52966	+	6561	930	dinG	ATP-dependent DNA helicase DinG	no	group_3558	en_familia	50	1.0000	core	core	no	no	no
bin_5_63	bin-5-63	bin_5_63_01096	cds	contig_37	59527	0.4108	53099	53269	+	6258	56		DUF4264 domain-containing protein	no	group_2775	en_familia	50	1.0000	core	core	no	no	no
bin_5_63	bin-5-63	bin_5_63_01097	cds	contig_37	59527	0.4108	53282	53767	+	5760	161	tseB	cell wall elongation/penicillin-binding protein regulator TseB	no	tseB	en_familia	50	1.0000	core	core	no	no	no
bin_5_63	bin-5-63	bin_5_63_01098	cds	contig_37	59527	0.4108	53881	55176	+	4351	431	asnS	asparagine--tRNA ligase	no	asnS	en_familia	50	1.0000	core	core	no	no	no
bin_5_63	bin-5-63	bin_5_63_01099	cds	contig_37	59527	0.4108	55274	55978	+	3549	234	dnaD	DNA replication protein DnaD	no	group_1322	en_familia	50	1.0000	core	core	no	no	no
bin_5_63	bin-5-63	bin_5_63_01100	cds	contig_37	59527	0.4108	55996	56658	+	2869	220	nth	endonuclease III	no	nth	en_familia	50	1.0000	core	core	no	no	no
bin_5_63	bin-5-63	bin_5_63_01101	cds	contig_37	59527	0.4108	56655	57164	+	2363	169		YpoC-like domain-containing protein	no	group_4189	en_familia	50	1.0000	core	core	no	no	no
bin_5_63	bin-5-63	bin_5_63_01102	cds	contig_37	59527	0.4108	57200	59428	-	99	742		hypothetical protein	no	group_3572	en_familia	50	1.0000	core	core	no	no	no
bin_5_63	bin-5-63	bin_5_63_01103	cds	contig_38	44891	0.4212	105	368	+	104	87		Cadmium-transporting ATPase	no	group_4453	en_familia	50	1.0000	core	core	no	no	no
bin_5_63	bin-5-63	bin_5_63_01104	cds	contig_38	44891	0.4212	515	1201	+	514	228		Dihydroneopterin aldolase	no	group_3099	en_familia	50	1.0000	core	core	no	no	no
bin_5_63	bin-5-63	bin_5_63_01105	cds	contig_38	44891	0.4212	1198	1611	+	1197	137		putative disulfide formation protein	no	group_1948	en_familia	50	1.0000	core	core	no	no	no
bin_5_63	bin-5-63	bin_5_63_01106	cds	contig_38	44891	0.4212	1760	2371	+	1759	203		Glycine transporter domain-containing protein	no	group_3102	en_familia	50	1.0000	core	core	no	no	no
bin_5_63	bin-5-63	bin_5_63_01107	cds	contig_38	44891	0.4212	2688	4703	+	2687	671	nhaK	Na+/H+ antiporter	no	nhaK	en_familia	50	1.0000	core	core	no	no	no
bin_5_63	bin-5-63	bin_5_63_01108	cds	contig_38	44891	0.4212	4767	5636	+	4766	289		fructokinase	no	group_4589	en_familia	50	1.0000	core	core	no	no	no
bin_5_63	bin-5-63	bin_5_63_01109	cds	contig_38	44891	0.4212	5705	6550	+	5704	281		Promiscuous glyoxal/methylglyoxal reductase	no	group_3405	en_familia	50	1.0000	core	core	no	no	no
bin_5_63	bin-5-63	bin_5_63_01110	cds	contig_38	44891	0.4212	6759	7424	-	6758	221	modB	molybdate ABC transporter permease subunit	no	modB	en_familia	50	1.0000	core	core	no	no	no
bin_5_63	bin-5-63	bin_5_63_01111	cds	contig_38	44891	0.4212	7424	8200	-	7423	258	modA	molybdate ABC transporter substrate-binding protein	no	modA	en_familia	50	1.0000	core	core	no	no	no
bin_5_63	bin-5-63	bin_5_63_01112	cds	contig_38	44891	0.4212	8316	10166	-	8315	616		Sulfatase N-terminal domain-containing protein	no	group_146	en_familia	50	1.0000	core	core	no	no	no
bin_5_63	bin-5-63	bin_5_63_01113	cds	contig_38	44891	0.4212	10290	10781	-	10289	163		Hydrolase	no	group_1759	en_familia	50	1.0000	core	core	no	no	no
bin_5_63	bin-5-63	bin_5_63_01114	cds	contig_38	44891	0.4212	10952	11380	+	10951	142		Organic hydroperoxide resistance transcriptional regulator	no	group_1921	en_familia	50	1.0000	core	core	no	no	no
bin_5_63	bin-5-63	bin_5_63_01115	cds	contig_38	44891	0.4212	11463	11606	+	11462	47	sspJ	small acid-soluble spore protein SspJ	no	sspJ	en_familia	50	1.0000	core	core	no	no	no
bin_5_63	bin-5-63	bin_5_63_01116	cds	contig_38	44891	0.4212	12100	13509	+	12099	469		Arginine/ornithine antiporter	no	group_3605	en_familia	50	1.0000	core	core	no	no	no
bin_5_63	bin-5-63	bin_5_63_01117	cds	contig_38	44891	0.4212	13547	14485	-	13546	312		Ferrichrome ABC transporter (Ferrichrome-binding lipoprotein)	no	group_3291	en_familia	50	1.0000	core	core	no	no	no
bin_5_63	bin-5-63	bin_5_63_01118	cds	contig_38	44891	0.4212	14745	15797	+	14744	350	feuB	Iron-uptake system permease protein FeuB	no	feuB	en_familia	50	1.0000	core	core	no	no	no
bin_5_63	bin-5-63	bin_5_63_01119	cds	contig_38	44891	0.4212	15798	16820	+	15797	340	feuC	Iron-uptake system permease protein FeuC	no	feuC	en_familia	50	1.0000	core	core	no	no	no
bin_5_63	bin-5-63	bin_5_63_01120	cds	contig_38	44891	0.4212	16842	17657	+	16841	271		Iron-dicitrate transporter ATP-binding subunit	no	group_1097	en_familia	50	1.0000	core	core	no	no	no
bin_5_63	bin-5-63	bin_5_63_01121	cds	contig_38	44891	0.4212	17835	18557	+	17834	240	yvrG	Two-component sensor histidine kinase YvrG (Cell wall processes and sublancin production and immunity (YvrG))	no	yvrG	en_familia	50	1.0000	core	core	no	no	no
bin_5_63	bin-5-63	bin_5_63_01122	cds	contig_38	44891	0.4212	18561	20315	+	18560	584		histidine kinase	no	group_4545	en_familia	50	1.0000	core	core	no	no	no
bin_5_63	bin-5-63	bin_5_63_01123	cds	contig_38	44891	0.4212	20452	21888	+	20451	478	uxaC	glucuronate isomerase	no	uxaC	en_familia	50	1.0000	core	core	no	no	no
bin_5_63	bin-5-63	bin_5_63_01124	cds	contig_38	44891	0.4212	21956	22966	+	21925	336		Transcriptional regulator (LacI family)	no	group_797	en_familia	50	1.0000	core	core	no	no	no
bin_5_63	bin-5-63	bin_5_63_01125	cds	contig_38	44891	0.4212	23025	24476	+	20415	483		Tagaturonate reductase (Altronate oxidoreductase)	no	group_3300	en_familia	50	1.0000	core	core	no	no	no
bin_5_63	bin-5-63	bin_5_63_01126	cds	contig_38	44891	0.4212	24473	25966	+	18925	497		Altronate dehydratase	no	group_3864	en_familia	50	1.0000	core	core	no	no	no
bin_5_63	bin-5-63	bin_5_63_01127	cds	contig_38	44891	0.4212	25987	27378	+	17513	463		Exo-poly-alpha-D-galacturonosidase	no	group_348	en_familia	50	1.0000	core	core	no	no	no
bin_5_63	bin-5-63	bin_5_63_01128	cds	contig_38	44891	0.4212	27549	28499	+	16392	316		Vitamin B12-binding protein	no	group_3189	en_familia	50	1.0000	core	core	no	no	no
bin_5_63	bin-5-63	bin_5_63_01129	cds	contig_38	44891	0.4212	28465	29523	+	15368	352		ABC transporter permease	no	group_728	en_familia	50	1.0000	core	core	no	no	no
bin_5_63	bin-5-63	bin_5_63_01130	cds	contig_38	44891	0.4212	29520	30806	+	14085	428		heme ABC transporter ATP-binding protein	no	group_4001	en_familia	50	1.0000	core	core	no	no	no
bin_5_63	bin-5-63	bin_5_63_01131	cds	contig_38	44891	0.4212	30986	31888	+	13003	300	dapA	4-hydroxy-tetrahydrodipicolinate synthase	no	group_3221	en_familia	40	0.8000	shell	shell	si	no	no
bin_5_63	bin-5-63	bin_5_63_01132	cds	contig_38	44891	0.4212	31893	33065	+	11826	390		Alcohol dehydrogenase	no	group_3857	en_familia	40	0.8000	shell	shell	si	no	no
bin_5_63	bin-5-63	bin_5_63_01133	cds	contig_38	44891	0.4212	33137	34540	+	10351	467		Sodium/glucose cotransporter	no	group_344	en_familia	40	0.8000	shell	shell	si	no	no
bin_5_63	bin-5-63	bin_5_63_01134	cds	contig_38	44891	0.4212	34540	35715	+	9176	391		Glycosyl hydrolase	no	group_3122	en_familia	40	0.8000	shell	shell	si	no	no
bin_5_63	bin-5-63	bin_5_63_01135	cds	contig_38	44891	0.4212	35862	37646	+	7245	594		Sigma-54-dependent Fis family transcriptional regulator	no	group_4462	en_familia	40	0.8000	shell	shell	si	no	no
bin_5_63	bin-5-63	bin_5_63_01136	cds	contig_38	44891	0.4212	37672	39018	+	5873	448		Type iii effector hrp-dependent outer protein	no	group_3121	en_familia	40	0.8000	shell	shell	si	no	no
bin_5_63	bin-5-63	bin_5_63_01137	cds	contig_38	44891	0.4212	38994	39998	+	4893	334	pdxA	4-hydroxythreonine-4-phosphate dehydrogenase PdxA	no	pdxA	en_familia	40	0.8000	shell	shell	si	no	no
bin_5_63	bin-5-63	bin_5_63_01138	cds	contig_38	44891	0.4212	40232	40978	-	3913	248		3-ketoacyl-ACP reductase	no	group_3440	en_familia	40	0.8000	shell	shell	si	no	no
bin_5_63	bin-5-63	bin_5_63_01139	cds	contig_38	44891	0.4212	41168	41737	+	3154	189		Corrinoid adenosyltransferase	no	group_4601	en_familia	48	0.9600	core	core	no	no	no
bin_5_63	bin-5-63	bin_5_63_01140	cds	contig_38	44891	0.4212	42103	42498	+	2393	131	liaI	Protein liaI	no	liaI	en_familia	50	1.0000	core	core	no	no	no
bin_5_63	bin-5-63	bin_5_63_01141	cds	contig_38	44891	0.4212	42514	43179	+	1712	221	liaH	stress responsive protein LiaH	no	liaH	en_familia	50	1.0000	core	core	no	no	no
bin_5_63	bin-5-63	bin_5_63_01142	cds	contig_38	44891	0.4212	43291	44160	+	731	289		DUF4097 domain-containing protein	no	group_3407	en_familia	50	1.0000	core	core	no	no	no
bin_5_63	bin-5-63	bin_5_63_01143	cds	contig_39	1708	0.3981	432	914	-	431	160		Zinc-finger domain-containing protein	no	group_5827	en_familia	0	0.0000	exclusivo	exclusivo	no	no	si
bin_5_63	bin-5-63	bin_5_63_01144	cds	contig_39	1708	0.3981	911	1426	-	282	171		Sigma-70 family RNA polymerase sigma factor	no	group_5826	en_familia	0	0.0000	exclusivo	exclusivo	no	no	si
bin_5_63	bin-5-63	bin_5_63_01145	cds	contig_40	3412	0.4106	32	808	+	31	258	yqaK	Uncharacterized protein YqaK	no	yqaK	en_familia	0	0.0000	exclusivo	exclusivo	no	no	si
bin_5_63	bin-5-63	bin_5_63_01146	cds	contig_40	3412	0.4106	861	1562	+	860	233	yqaL	Uncharacterized protein YqaL	no	yqaL	en_familia	0	0.0000	exclusivo	exclusivo	no	no	si
bin_5_63	bin-5-63	bin_5_63_01147	cds	contig_40	3412	0.4106	1525	2385	+	1027	286	yqaM	Uncharacterized protein YqaM	no	yqaM	en_familia	0	0.0000	exclusivo	exclusivo	no	no	si
bin_5_63	bin-5-63	bin_5_63_01148	cds	contig_40	3412	0.4106	2382	2525	+	887	47	yqzO	Uncharacterized protein YqzO	no	yqzO	en_familia	0	0.0000	exclusivo	exclusivo	no	no	si
bin_5_63	bin-5-63	bin_5_63_01149	cds	contig_40	3412	0.4106	2621	3049	+	363	142	rusA	RusA family crossover junction endodeoxyribonuclease	no	group_5829	en_familia	0	0.0000	exclusivo	exclusivo	no	no	si
bin_5_63	bin-5-63	bin_5_63_01150	cds	contig_40	3412	0.4106	3131	3337	+	75	68	yqaO	Uncharacterized protein YqaO	no	yqaO	en_familia	0	0.0000	exclusivo	exclusivo	no	no	si
bin_5_63	bin-5-63	bin_5_63_01151	cds	contig_41	2124	0.4025	241	483	-	240	80	ydgA	Uncharacterized protein YdgA	no	ydgA	en_familia	0	0.0000	exclusivo	exclusivo	no	no	si
bin_5_63	bin-5-63	bin_5_63_01152	cds	contig_41	2124	0.4025	497	769	-	496	90	ydgB	Uncharacterized protein YdgB	no	ydgB	en_familia	0	0.0000	exclusivo	exclusivo	no	no	si
bin_5_63	bin-5-63	bin_5_63_01153	cds	contig_41	2124	0.4025	1068	1664	+	460	198	ydgC	Uncharacterized HTH-type transcriptional regulator YdgC	no	ydgC	en_familia	0	0.0000	exclusivo	exclusivo	no	no	si
bin_5_63	bin-5-63	bin_5_63_01154	cds	contig_41	2124	0.4025	1661	2005	+	119	114	ydgD	Uncharacterized protein YdgD	no	ydgD	en_familia	0	0.0000	exclusivo	exclusivo	no	no	si
bin_5_63	bin-5-63	bin_5_63_01155	cds	contig_42	29818	0.4082	492	3257	-	491	921	ileS	isoleucine--tRNA ligase	no	ileS	en_familia	50	1.0000	core	core	no	no	no
bin_5_63	bin-5-63	bin_5_63_01156	cds	contig_42	29818	0.4082	3614	4108	-	3613	164	divIVA	Septum site-determining protein DivIVA	no	divIVA	en_familia	50	1.0000	core	core	no	no	no
bin_5_63	bin-5-63	bin_5_63_01157	cds	contig_42	29818	0.4082	4135	4911	-	4134	258		RNA-binding S4 domain-containing protein	no	group_1180	en_familia	50	1.0000	core	core	no	no	no
bin_5_63	bin-5-63	bin_5_63_01158	cds	contig_42	29818	0.4082	5254	5712	-	5253	152	sepF	Cell division protein SepF	no	sepF	en_familia	50	1.0000	core	core	no	no	no
bin_5_63	bin-5-63	bin_5_63_01159	cds	contig_42	29818	0.4082	5714	6409	-	5713	231		Pyridoxal phosphate homeostasis protein	no	group_4581	en_familia	50	1.0000	core	core	no	no	no
bin_5_63	bin-5-63	bin_5_63_01160	cds	contig_42	29818	0.4082	6410	7249	-	6409	279	pgeF	peptidoglycan editing factor PgeF	no	pgeF	en_familia	50	1.0000	core	core	no	no	no
bin_5_63	bin-5-63	bin_5_63_01161	cds	contig_42	29818	0.4082	7486	7722	-	7485	78		PRC-barrel domain-containing protein	no	group_2479	en_familia	50	1.0000	core	core	no	no	no
bin_5_63	bin-5-63	bin_5_63_01162	cds	contig_42	29818	0.4082	7802	8578	-	7801	258	ylmA	Putative ABC transporter ATP-binding protein YlmA	no	ylmA	en_familia	50	1.0000	core	core	no	no	no
bin_5_63	bin-5-63	bin_5_63_01163	cds	contig_42	29818	0.4082	8706	9062	-	8705	118		PTS sorbitol transporter subunit IIA	no	group_2091	en_familia	50	1.0000	core	core	no	no	no
bin_5_63	bin-5-63	bin_5_63_01164	cds	contig_42	29818	0.4082	9089	10099	-	9088	336		PTS sorbitol transporter subunit IIB	no	group_3637	en_familia	50	1.0000	core	core	no	no	no
bin_5_63	bin-5-63	bin_5_63_01165	cds	contig_42	29818	0.4082	10113	10643	-	10112	176		PTS sorbitol transporter subunit IIC	no	group_3299	en_familia	50	1.0000	core	core	no	no	no
bin_5_63	bin-5-63	bin_5_63_01166	cds	contig_42	29818	0.4082	10661	11092	-	10660	143		Transcriptional regulator	no	group_1912	en_familia	50	1.0000	core	core	no	no	no
bin_5_63	bin-5-63	bin_5_63_01167	cds	contig_42	29818	0.4082	11105	12349	-	11104	414		Inositol 2-dehydrogenase/D-chiro-inositol 3-dehydrogenase	no	group_491	en_familia	50	1.0000	core	core	no	no	no
bin_5_63	bin-5-63	bin_5_63_01168	cds	contig_42	29818	0.4082	12593	13531	-	12592	312		Sorbitol operon regulator	no	group_906	en_familia	50	1.0000	core	core	no	no	no
bin_5_63	bin-5-63	bin_5_63_01169	cds	contig_42	29818	0.4082	13682	14461	-	13681	259	sigG	RNA polymerase sporulation sigma factor SigG	no	sigG	en_familia	50	1.0000	core	core	no	no	no
bin_5_63	bin-5-63	bin_5_63_01170	cds	contig_42	29818	0.4082	14604	15323	-	14495	239	sigE	RNA polymerase sporulation sigma factor SigE	no	sigE	en_familia	50	1.0000	core	core	no	no	no
bin_5_63	bin-5-63	bin_5_63_01171	cds	contig_42	29818	0.4082	15384	16313	-	13505	309	spoIIGA	sigma-E processing peptidase SpoIIGA	no	spoIIGA	en_familia	50	1.0000	core	core	no	no	no
bin_5_63	bin-5-63	bin_5_63_01172	cds	contig_42	29818	0.4082	16563	20882	-	8936	1439		Bacillopeptidase F	no	group_4675	en_familia	50	1.0000	core	core	no	no	no
bin_5_63	bin-5-63	bin_5_63_01173	cds	contig_42	29818	0.4082	21181	22326	-	7492	381	ftsZ	cell division protein FtsZ	no	ftsZ	en_familia	50	1.0000	core	core	no	no	no
bin_5_63	bin-5-63	bin_5_63_01174	cds	contig_42	29818	0.4082	22360	23682	-	6136	440	ftsA	cell division protein FtsA	no	ftsA	en_familia	50	1.0000	core	core	no	no	no
bin_5_63	bin-5-63	bin_5_63_01175	cds	contig_42	29818	0.4082	23842	24210	-	5608	122		Small basic protein	no	group_2060	en_familia	50	1.0000	core	core	no	no	no
bin_5_63	bin-5-63	bin_5_63_01176	cds	contig_42	29818	0.4082	24210	24935	-	4883	241		NgoFVII family restriction endonuclease	no	group_1284	en_familia	50	1.0000	core	core	no	no	no
bin_5_63	bin-5-63	bin_5_63_01177	cds	contig_42	29818	0.4082	24956	25645	-	4173	229		DUF881 domain-containing protein	no	group_1347	en_familia	50	1.0000	core	core	no	no	no
bin_5_63	bin-5-63	bin_5_63_01178	cds	contig_42	29818	0.4082	25642	26421	-	3397	259		Cell division protein DivIB	no	group_3398	en_familia	50	1.0000	core	core	no	no	no
bin_5_63	bin-5-63	bin_5_63_01179	cds	contig_42	29818	0.4082	26558	27469	-	2349	303	murB	UDP-N-acetylmuramate dehydrogenase	no	murB	en_familia	49	0.9800	core	core	no	no	no
bin_5_63	bin-5-63	bin_5_63_01180	cds	contig_42	29818	0.4082	27500	28594	-	1224	364	murG	undecaprenyldiphospho-muramoylpentapeptide beta-N-acetylglucosaminyltransferase	no	murG	en_familia	49	0.9800	core	core	no	no	no
bin_5_63	bin-5-63	bin_5_63_01181	cds	contig_42	29818	0.4082	28793	29716	-	102	307	spoVE	stage V sporulation protein E	no	spoVE	en_familia	49	0.9800	core	core	no	no	no
bin_5_63	bin-5-63	bin_5_63_01182	cds	contig_43	20680	0.4122	216	4496	+	215	1426		multifunctional 2',3'-cyclic-nucleotide 2'-phosphodiesterase/3'-nucleotidase/5'-nucleotidase	no	group_3568	en_familia	50	1.0000	core	core	no	no	no
bin_5_63	bin-5-63	bin_5_63_01183	cds	contig_43	20680	0.4122	4712	5092	-	4711	126		Terpinolene synthase	no	group_4171	en_familia	49	0.9800	core	core	no	no	no
bin_5_63	bin-5-63	bin_5_63_01184	cds	contig_43	20680	0.4122	5055	5147	-	5054	30		hypothetical protein	no	group_2985	en_familia	0	0.0000	exclusivo	exclusivo	no	no	si
bin_5_63	bin-5-63	bin_5_63_01185	cds	contig_43	20680	0.4122	5230	5946	-	5229	238	treR	trehalose operon repressor	no	treR	en_familia	50	1.0000	core	core	no	no	no
bin_5_63	bin-5-63	bin_5_63_01186	cds	contig_43	20680	0.4122	5966	7666	-	5965	566	treC	alpha,alpha-phosphotrehalase	no	treC	en_familia	50	1.0000	core	core	no	no	no
bin_5_63	bin-5-63	bin_5_63_01187	cds	contig_43	20680	0.4122	7682	9115	-	7681	477	treB	PTS trehalose transporter subunit IIBC	no	treB	en_familia	50	1.0000	core	core	no	no	no
bin_5_63	bin-5-63	bin_5_63_01188	cds	contig_43	20680	0.4122	9278	9664	-	9277	128		DnaJ-like ue subfamily C member 28 conserved domain-containing protein	no	group_4468	en_familia	50	1.0000	core	core	no	no	no
bin_5_63	bin-5-63	bin_5_63_01189	cds	contig_43	20680	0.4122	9747	11471	-	9209	574		Methyl-accepting chemotaxis protein	no	group_3794	en_familia	50	1.0000	core	core	no	no	no
bin_5_63	bin-5-63	bin_5_63_01190	cds	contig_43	20680	0.4122	11503	13161	-	7519	552		L-2,4-diaminobutyrate decarboxylase	no	group_215	en_familia	50	1.0000	core	core	no	no	no
bin_5_63	bin-5-63	bin_5_63_01191	cds	contig_43	20680	0.4122	13740	15722	+	4958	660		Lipoteichoic acid synthase enzyme responsible for polyglycerolphosphate LTA synthesis	no	group_115	en_familia	50	1.0000	core	core	no	no	no
bin_5_63	bin-5-63	bin_5_63_01192	cds	contig_43	20680	0.4122	15824	16411	+	4269	195	yjgB	YjgB family protein	no	yjgB	en_familia	50	1.0000	core	core	no	no	no
bin_5_63	bin-5-63	bin_5_63_01193	cds	contig_43	20680	0.4122	16454	16957	-	3723	167		Crp/Fnr family transcriptional regulator	no	group_4285	en_familia	50	1.0000	core	core	no	no	no
bin_5_63	bin-5-63	bin_5_63_01194	cds	contig_43	20680	0.4122	17152	17910	+	2770	252		DUF817 domain-containing protein	no	group_3875	en_familia	50	1.0000	core	core	no	no	no
bin_5_63	bin-5-63	bin_5_63_01195	cds	contig_43	20680	0.4122	17929	19293	-	1387	454		Phosphotransferase system (PTS) N-acetylglucosamine-specific enzyme IICB component	no	group_369	en_familia	50	1.0000	core	core	no	no	no
bin_5_63	bin-5-63	bin_5_63_01196	cds	contig_43	20680	0.4122	19484	20233	+	447	249	map	type I methionyl aminopeptidase	no	map	en_familia	50	1.0000	core	core	no	no	no
bin_5_63	bin-5-63	bin_5_63_01197	cds	contig_43	20680	0.4122	20357	20518	+	162	53		DUF3953 domain-containing protein	no	group_2799	en_familia	50	1.0000	core	core	no	no	no
bin_5_63	bin-5-63	bin_5_63_01198	cds	contig_44	39056	0.4268	322	627	+	321	101		LPXTG cell wall anchor domain-containing protein	no	group_4915	en_familia	27	0.5400	shell	shell	si	no	no
bin_5_63	bin-5-63	bin_5_63_01199	cds	contig_44	39056	0.4268	634	1194	+	633	186		Class D sortase	no	group_4914	en_familia	26	0.5200	shell	shell	si	no	no
bin_5_63	bin-5-63	bin_5_63_01200	cds	contig_44	39056	0.4268	1304	1588	+	1303	94		Transcriptional regulator	no	group_4616	en_familia	27	0.5400	shell	shell	si	no	no
bin_5_63	bin-5-63	bin_5_63_01201	cds	contig_44	39056	0.4268	1628	2371	-	1627	247	tcyC	L-cystine import ATP-binding protein TcyC	no	tcyC	en_familia	49	0.9800	core	core	no	no	no
bin_5_63	bin-5-63	bin_5_63_01202	cds	contig_44	39056	0.4268	2384	3076	-	2383	230		Cysteine ABC transporter permease	no	group_1339	en_familia	49	0.9800	core	core	no	no	no
bin_5_63	bin-5-63	bin_5_63_01203	cds	contig_44	39056	0.4268	3063	3878	-	3062	271	tcyA	cystine ABC transporter substrate-binding lipoprotein TcyA	no	tcyA	en_familia	49	0.9800	core	core	no	no	no
bin_5_63	bin-5-63	bin_5_63_01204	cds	contig_44	39056	0.4268	4203	5636	+	4202	477		Arginine/ornithine/gamma-aminobutyrate permease	no	group_4819	en_familia	49	0.9800	core	core	no	no	no
bin_5_63	bin-5-63	bin_5_63_01205	cds	contig_44	39056	0.4268	5681	7174	-	5680	497		Di-tripeptide-proton ABC symporter	no	group_3774	en_familia	49	0.9800	core	core	no	no	no
bin_5_63	bin-5-63	bin_5_63_01206	cds	contig_44	39056	0.4268	7438	9222	+	7437	594		Putative uronase	no	group_170	en_familia	49	0.9800	core	core	no	no	no
bin_5_63	bin-5-63	bin_5_63_01207	cds	contig_44	39056	0.4268	9421	10746	+	9420	441		N-acetyl-2-succinyl-cysteine monooxygenase	no	group_399	en_familia	49	0.9800	core	core	no	no	no
bin_5_63	bin-5-63	bin_5_63_01208	cds	contig_44	39056	0.4268	10764	11267	+	10763	167		2-succinyl-cysteine (Sulfur-containing aminoacid) acetyltransferase	no	group_3891	en_familia	49	0.9800	core	core	no	no	no
bin_5_63	bin-5-63	bin_5_63_01209	cds	contig_44	39056	0.4268	11290	12084	+	11289	264		ABC transporter substrate-binding protein	no	group_1141	en_familia	49	0.9800	core	core	no	no	no
bin_5_63	bin-5-63	bin_5_63_01210	cds	contig_44	39056	0.4268	12109	12783	+	12108	224	yxeN	Putative amino-acid permease protein YxeN	no	yxeN	en_familia	49	0.9800	core	core	no	no	no
bin_5_63	bin-5-63	bin_5_63_01211	cds	contig_44	39056	0.4268	12796	13542	+	12795	248	yxeO	Putative amino-acid import ATP-binding protein YxeO	no	group_1238	en_familia	49	0.9800	core	core	no	no	no
bin_5_63	bin-5-63	bin_5_63_01212	cds	contig_44	39056	0.4268	13576	14733	+	13575	385		N-acetyl-sulfur-metabolite deacetylase	no	group_3888	en_familia	49	0.9800	core	core	no	no	no
bin_5_63	bin-5-63	bin_5_63_01213	cds	contig_44	39056	0.4268	14724	16061	+	14723	445		MmgE/PrpD family protein	no	group_4762	en_familia	48	0.9600	core	core	no	no	no
bin_5_63	bin-5-63	bin_5_63_01214	cds	contig_44	39056	0.4268	16167	16328	+	16166	53		hypothetical protein	no	group_2807	en_familia	1	0.0200	cloud	cloud	si	si	no
bin_5_63	bin-5-63	bin_5_63_01215	cds	contig_44	39056	0.4268	16593	17045	-	16592	150		SMI1/KNR4 family protein	no	group_4489	en_familia	2	0.0400	cloud	cloud	si	si	no
bin_5_63	bin-5-63	bin_5_63_01216	cds	contig_44	39056	0.4268	17060	18517	-	17059	485		HNH/ENDO VII family nuclease	no	group_302	en_familia	0	0.0000	exclusivo	exclusivo	no	no	si
bin_5_63	bin-5-63	bin_5_63_01217	cds	contig_44	39056	0.4268	19986	20681	+	18375	231	srrA	Transcriptional regulatory protein SrrA	no	group_3176	en_familia	50	1.0000	core	core	no	no	no
bin_5_63	bin-5-63	bin_5_63_01218	cds	contig_44	39056	0.4268	20671	22098	+	16958	475		HAMP domain-containing sensor histidine kinase	no	group_4109	en_familia	50	1.0000	core	core	no	no	no
bin_5_63	bin-5-63	bin_5_63_01219	cds	contig_44	39056	0.4268	22285	23130	-	15926	281		Histidine kinase	no	group_1046	en_familia	50	1.0000	core	core	no	no	no
bin_5_63	bin-5-63	bin_5_63_01220	cds	contig_44	39056	0.4268	23283	24659	-	14397	458		aspartate kinase	no	group_360	en_familia	50	1.0000	core	core	no	no	no
bin_5_63	bin-5-63	bin_5_63_01221	cds	contig_44	39056	0.4268	24834	26267	-	12789	477	emrY	Putative multidrug resistance protein EmrY	no	emrY	en_familia	50	1.0000	core	core	no	no	no
bin_5_63	bin-5-63	bin_5_63_01222	cds	contig_44	39056	0.4268	26284	27150	-	11906	288	ycnC	Putative HTH-type transcriptional regulator YcnC	no	ycnC	en_familia	50	1.0000	core	core	no	no	no
bin_5_63	bin-5-63	bin_5_63_01223	cds	contig_44	39056	0.4268	27289	27663	-	11393	124		Lipoprotein	no	group_4621	en_familia	41	0.8200	shell	shell	si	no	no
bin_5_63	bin-5-63	bin_5_63_01224	cds	contig_44	39056	0.4268	27788	28099	+	10957	103	sdpR	Transcriptional repressor SdpR	no	sdpR	en_familia	50	1.0000	core	core	no	no	no
bin_5_63	bin-5-63	bin_5_63_01225	cds	contig_44	39056	0.4268	28130	29554	-	9502	474		Transcriptional regulator (GntR/MocR family) with PLP binding site (GabR-GABA-PLP aldimine)	no	group_321	en_familia	50	1.0000	core	core	no	no	no
bin_5_63	bin-5-63	bin_5_63_01226	cds	contig_44	39056	0.4268	29657	30979	+	8077	440	gabT	4-aminobutyrate--2-oxoglutarate transaminase	no	gabT	en_familia	50	1.0000	core	core	no	no	no
bin_5_63	bin-5-63	bin_5_63_01227	cds	contig_44	39056	0.4268	31001	32389	+	6667	462		Amino acid permease	no	group_351	en_familia	50	1.0000	core	core	no	no	no
bin_5_63	bin-5-63	bin_5_63_01228	cds	contig_44	39056	0.4268	32364	33758	+	5298	464		Aldehyde dehydrogenase	no	group_347	en_familia	50	1.0000	core	core	no	no	no
bin_5_63	bin-5-63	bin_5_63_01229	cds	contig_44	39056	0.4268	34007	34603	-	4453	198		Flavodoxin-like fold domain-containing protein	no	group_3862	en_familia	50	1.0000	core	core	no	no	no
bin_5_63	bin-5-63	bin_5_63_01230	cds	contig_44	39056	0.4268	34734	35348	-	3708	204		YcnI-like domain-containing protein	no	group_3141	en_familia	50	1.0000	core	core	no	no	no
bin_5_63	bin-5-63	bin_5_63_01231	cds	contig_44	39056	0.4268	35365	36999	-	2057	544	ycnJ	Copper transport protein YcnJ	no	ycnJ	en_familia	50	1.0000	core	core	no	no	no
bin_5_63	bin-5-63	bin_5_63_01232	cds	contig_44	39056	0.4268	37503	38945	+	111	480		PTS system mannitol-specific EIICB component	no	group_3795	en_familia	50	1.0000	core	core	no	no	no
bin_5_63	bin-5-63	bin_5_63_01233	cds	contig_45	5325	0.4000	164	1579	-	163	471		Stage V sporulation protein R	no	group_331	en_familia	50	1.0000	core	core	no	no	no
bin_5_63	bin-5-63	bin_5_63_01234	cds	contig_45	5325	0.4000	1656	2855	-	1655	399		nitric oxide dioxygenase	no	group_3851	en_familia	50	1.0000	core	core	no	no	no
bin_5_63	bin-5-63	bin_5_63_01235	cds	contig_45	5325	0.4000	3039	3470	+	1855	143	nsrR	HTH-type transcriptional regulator NsrR	no	nsrR	en_familia	50	1.0000	core	core	no	no	no
bin_5_63	bin-5-63	bin_5_63_01236	cds	contig_45	5325	0.4000	3631	5106	+	219	491		Catalase	no	group_283	en_familia	50	1.0000	core	core	no	no	no
bin_5_63	bin-5-63	bin_5_63_01237	cds	contig_46	16241	0.4197	547	777	-	546	76		DUF1146 domain-containing protein	no	group_4283	en_familia	50	1.0000	core	core	no	no	no
bin_5_63	bin-5-63	bin_5_63_01238	cds	contig_46	16241	0.4197	948	1424	+	947	158	ywmA	Uncharacterized protein YwmA	no	ywmA	en_familia	50	1.0000	core	core	no	no	no
bin_5_63	bin-5-63	bin_5_63_01239	cds	contig_46	16241	0.4197	1467	1862	-	1466	131	atpC	F0F1 ATP synthase subunit epsilon	no	atpC	en_familia	50	1.0000	core	core	no	no	no
bin_5_63	bin-5-63	bin_5_63_01240	cds	contig_46	16241	0.4197	1887	3308	-	1886	473	atpD	F0F1 ATP synthase subunit beta	no	atpD	en_familia	50	1.0000	core	core	no	no	no
bin_5_63	bin-5-63	bin_5_63_01241	cds	contig_46	16241	0.4197	3333	4199	-	3332	288	atpG	F0F1 ATP synthase subunit gamma	no	atpG	en_familia	50	1.0000	core	core	no	no	no
bin_5_63	bin-5-63	bin_5_63_01242	cds	contig_46	16241	0.4197	4288	5796	-	4287	502	atpA	F0F1 ATP synthase subunit alpha	no	atpA	en_familia	50	1.0000	core	core	no	no	no
bin_5_63	bin-5-63	bin_5_63_01243	cds	contig_46	16241	0.4197	5813	6358	-	5812	181	atpH	F0F1 ATP synthase subunit delta	no	atpH	en_familia	50	1.0000	core	core	no	no	no
bin_5_63	bin-5-63	bin_5_63_01244	cds	contig_46	16241	0.4197	6355	6876	-	6354	173	atpF	F0F1 ATP synthase subunit B	no	atpF	en_familia	50	1.0000	core	core	no	no	no
bin_5_63	bin-5-63	bin_5_63_01245	cds	contig_46	16241	0.4197	6997	7209	-	6996	70	atpE	F0F1 ATP synthase subunit C	no	atpE	en_familia	50	1.0000	core	core	no	no	no
bin_5_63	bin-5-63	bin_5_63_01246	cds	contig_46	16241	0.4197	7258	7992	-	7257	244	atpB	F0F1 ATP synthase subunit A	no	atpB	en_familia	50	1.0000	core	core	no	no	no
bin_5_63	bin-5-63	bin_5_63_01247	cds	contig_46	16241	0.4197	8000	8383	-	7858	127		ATP synthase subunit	no	group_2012	en_familia	50	1.0000	core	core	no	no	no
bin_5_63	bin-5-63	bin_5_63_01248	cds	contig_46	16241	0.4197	8882	9511	-	6730	209	upp	uracil phosphoribosyltransferase	no	upp	en_familia	50	1.0000	core	core	no	no	no
bin_5_63	bin-5-63	bin_5_63_01249	cds	contig_46	16241	0.4197	9659	10906	-	5335	415	glyA	Serine hydroxymethyltransferase	no	glyA	en_familia	50	1.0000	core	core	no	no	no
bin_5_63	bin-5-63	bin_5_63_01250	cds	contig_46	16241	0.4197	11084	11623	-	4618	179		UPF0340 protein BsIDN1_64920	no	group_3928	en_familia	50	1.0000	core	core	no	no	no
bin_5_63	bin-5-63	bin_5_63_01251	cds	contig_46	16241	0.4197	11636	12085	-	4156	149	rpiB	ribose 5-phosphate isomerase B	no	rpiB	en_familia	50	1.0000	core	core	no	no	no
bin_5_63	bin-5-63	bin_5_63_01252	cds	contig_46	16241	0.4197	12227	12685	-	3556	152		Protein-arginine(Tyrosine moonlighting) phosphatase (Oxidative stress)	no	group_1846	en_familia	50	1.0000	core	core	no	no	no
bin_5_63	bin-5-63	bin_5_63_01253	cds	contig_46	16241	0.4197	12749	13303	-	2938	184	mntP	Putative manganese efflux pump MntP	no	mntP	en_familia	50	1.0000	core	core	no	no	no
bin_5_63	bin-5-63	bin_5_63_01254	cds	contig_46	16241	0.4197	13364	14416	-	1825	350		L-threonylcarbamoyladenylate synthase	no	group_735	en_familia	50	1.0000	core	core	no	no	no
bin_5_63	bin-5-63	bin_5_63_01255	cds	contig_46	16241	0.4197	14578	15021	-	1220	147		GNAT family N-acetyltransferase	no	group_1885	en_familia	50	1.0000	core	core	no	no	no
bin_5_63	bin-5-63	bin_5_63_01256	cds	contig_46	16241	0.4197	15085	15735	-	506	216	spoIIR	stage II sporulation protein R	no	spoIIR	en_familia	50	1.0000	core	core	no	no	no
bin_5_63	bin-5-63	bin_5_63_01257	cds	contig_46	16241	0.4197	15898	16227	-	14	109		hypothetical protein	no	group_4611	en_familia	50	1.0000	core	core	no	no	no
bin_5_63	bin-5-63	bin_5_63_01258	cds	contig_47	34046	0.4441	109	1875	+	108	588		condensation domain-containing protein	no	group_4441	en_familia	50	1.0000	core	core	no	no	no
bin_5_63	bin-5-63	bin_5_63_01259	cds	contig_47	34046	0.4441	1920	5753	+	1919	1277		Non-ribosomal peptide synthetase	no	group_4440	en_familia	49	0.9800	core	core	no	no	no
bin_5_63	bin-5-63	bin_5_63_01260	cds	contig_47	34046	0.4441	5816	15958	+	5815	3380		non-ribosomal peptide synthetase	no	group_3567	en_familia	49	0.9800	core	core	no	no	no
bin_5_63	bin-5-63	bin_5_63_01261	cds	contig_47	34046	0.4441	15972	24170	+	9876	2732		Peptide synthetase	no	group_0	en_familia	49	0.9800	core	core	no	no	no
bin_5_63	bin-5-63	bin_5_63_01262	cds	contig_47	34046	0.4441	24177	24917	+	9129	246		Surfactin synthetase	no	group_3725	en_familia	49	0.9800	core	core	no	no	no
bin_5_63	bin-5-63	bin_5_63_01263	cds	contig_47	34046	0.4441	24956	25870	-	8176	304		Putative permease	no	group_925	en_familia	49	0.9800	core	core	no	no	no
bin_5_63	bin-5-63	bin_5_63_01264	cds	contig_47	34046	0.4441	26002	27339	+	6707	445		Putative PLP-dependent transcriptional regulator	no	group_3322	en_familia	49	0.9800	core	core	no	no	no
bin_5_63	bin-5-63	bin_5_63_01265	cds	contig_47	34046	0.4441	27326	28027	-	6019	233	psf-1	4'-phosphopantetheinyl transferase psf-1	no	psf1	en_familia	49	0.9800	core	core	no	no	no
bin_5_63	bin-5-63	bin_5_63_01266	cds	contig_47	34046	0.4441	28171	29031	+	5015	286		HTH araC/xylS-type domain-containing protein	no	group_3647	en_familia	40	0.8000	shell	shell	si	no	no
bin_5_63	bin-5-63	bin_5_63_01267	cds	contig_47	34046	0.4441	29057	29647	-	4399	196		Glyoxalase-like domain-containing protein	no	group_4193	en_familia	47	0.9400	shell	core	si	no	no
bin_5_63	bin-5-63	bin_5_63_01268	cds	contig_47	34046	0.4441	29733	30377	-	3669	214	yitT	YitT family protein	no	yitT	en_familia	49	0.9800	core	core	no	no	no
bin_5_63	bin-5-63	bin_5_63_01269	cds	contig_48	71344	0.4295	1	462	+	0	153		Histidinol dehydrogenase	no	group_4192	en_familia	50	1.0000	core	core	no	no	no
bin_5_63	bin-5-63	bin_5_63_01270	cds	contig_48	71344	0.4295	459	1043	+	458	194	hisB	imidazoleglycerol-phosphate dehydratase HisB	no	hisB	en_familia	50	1.0000	core	core	no	no	no
bin_5_63	bin-5-63	bin_5_63_01271	cds	contig_48	71344	0.4295	1043	1681	+	1042	212	hisH	imidazole glycerol phosphate synthase subunit HisH	no	hisH	en_familia	50	1.0000	core	core	no	no	no
bin_5_63	bin-5-63	bin_5_63_01272	cds	contig_48	71344	0.4295	1678	2415	+	1677	245	hisA	1-(5-phosphoribosyl)-5-[(5-phosphoribosylamino)methylideneamino]imidazole-4-carboxamide isomerase	no	hisA	en_familia	50	1.0000	core	core	no	no	no
bin_5_63	bin-5-63	bin_5_63_01273	cds	contig_48	71344	0.4295	2412	3170	+	2411	252	hisF	Imidazole glycerol phosphate synthase subunit HisF	no	hisF	en_familia	50	1.0000	core	core	no	no	no
bin_5_63	bin-5-63	bin_5_63_01274	cds	contig_48	71344	0.4295	3167	3796	+	3166	209	hisIE	bifunctional phosphoribosyl-AMP cyclohydrolase/phosphoribosyl-ATP diphosphatase HisIE	no	hisIE	en_familia	50	1.0000	core	core	no	no	no
bin_5_63	bin-5-63	bin_5_63_01275	cds	contig_48	71344	0.4295	3927	5387	+	3926	486		Transcriptional regulator	no	group_298	en_familia	50	1.0000	core	core	no	no	no
bin_5_63	bin-5-63	bin_5_63_01276	cds	contig_48	71344	0.4295	5752	7125	+	5751	457	cwlO	Peptidoglycan DL-endopeptidase CwlO	no	cwlO	en_familia	50	1.0000	core	core	no	no	no
bin_5_63	bin-5-63	bin_5_63_01277	cds	contig_48	71344	0.4295	7327	8310	+	7326	327	trxB	thioredoxin-disulfide reductase	no	trxB	en_familia	50	1.0000	core	core	no	no	no
bin_5_63	bin-5-63	bin_5_63_01278	cds	contig_48	71344	0.4295	8668	9132	+	8667	154		8-oxo-dGTP diphosphatase	no	group_1830	en_familia	50	1.0000	core	core	no	no	no
bin_5_63	bin-5-63	bin_5_63_01279	cds	contig_48	71344	0.4295	9136	10059	+	9135	307	rapZ	RNase adapter RapZ	no	rapZ	en_familia	50	1.0000	core	core	no	no	no
bin_5_63	bin-5-63	bin_5_63_01280	cds	contig_48	71344	0.4295	10060	11019	+	10059	319		Gluconeogenesis factor	no	group_868	en_familia	50	1.0000	core	core	no	no	no
bin_5_63	bin-5-63	bin_5_63_01281	cds	contig_48	71344	0.4295	11037	11987	+	11036	316	whiA	DNA-binding protein WhiA	no	whiA	en_familia	50	1.0000	core	core	no	no	no
bin_5_63	bin-5-63	bin_5_63_01282	cds	contig_48	71344	0.4295	12014	12271	+	12013	85		HPr family phosphocarrier protein	no	group_2410	en_familia	50	1.0000	core	core	no	no	no
bin_5_63	bin-5-63	bin_5_63_01283	cds	contig_48	71344	0.4295	12311	13054	+	12310	247		Putative arylamine N-acetyltransferase	no	group_4378	en_familia	50	1.0000	core	core	no	no	no
bin_5_63	bin-5-63	bin_5_63_01284	cds	contig_48	71344	0.4295	13107	13595	-	13106	162		Ribonuclease	no	group_1771	en_familia	50	1.0000	core	core	no	no	no
bin_5_63	bin-5-63	bin_5_63_01285	cds	contig_48	71344	0.4295	13776	14753	-	13775	325		Putative 2-ketogluconate reductase hydroxypyruvate / glyoxylate reductase	no	group_3469	en_familia	50	1.0000	core	core	no	no	no
bin_5_63	bin-5-63	bin_5_63_01286	cds	contig_48	71344	0.4295	15317	15898	+	15316	193		Beta-carbonic anhydrase 1	no	group_3144	en_familia	50	1.0000	core	core	no	no	no
bin_5_63	bin-5-63	bin_5_63_01287	cds	contig_48	71344	0.4295	15936	17558	+	15935	540	dauA	C4-dicarboxylic acid transporter DauA	no	dauA	en_familia	50	1.0000	core	core	no	no	no
bin_5_63	bin-5-63	bin_5_63_01288	cds	contig_48	71344	0.4295	17789	18130	-	17788	113		NTP pyrophosphohydrolase MazG-like domain-containing protein	no	group_4648	en_familia	49	0.9800	core	core	no	no	no
bin_5_63	bin-5-63	bin_5_63_01289	cds	contig_48	71344	0.4295	18267	18845	+	18266	192		Cytokinin riboside 5'-monophosphate phosphoribohydrolase	no	group_4472	en_familia	49	0.9800	core	core	no	no	no
bin_5_63	bin-5-63	bin_5_63_01290	cds	contig_48	71344	0.4295	18901	19497	-	18900	198	clpP	ATP-dependent Clp endopeptidase proteolytic subunit ClpP	no	clpP	en_familia	49	0.9800	core	core	no	no	no
bin_5_63	bin-5-63	bin_5_63_01292	cds	contig_48	71344	0.4295	20121	20585	+	20120	154	dinB	Damage-inducible protein DinB	no	group_4081	en_familia	24	0.4800	shell	shell	si	no	no
bin_5_63	bin-5-63	bin_5_63_01293	cds	contig_48	71344	0.4295	20810	21709	+	20809	299		Iron-siderophore ABC transporter substrate-binding protein	no	group_4806	en_familia	33	0.6600	shell	shell	si	no	no
bin_5_63	bin-5-63	bin_5_63_01294	cds	contig_48	71344	0.4295	21877	23046	+	21876	389		Putative glycosyltransferase	no	group_4082	en_familia	49	0.9800	core	core	no	no	no
bin_5_63	bin-5-63	bin_5_63_01295	cds	contig_48	71344	0.4295	23336	24979	+	23335	547	nikA	nickel ABC transporter substrate-binding protein	no	group_4732	en_familia	40	0.8000	shell	shell	si	no	no
bin_5_63	bin-5-63	bin_5_63_01296	cds	contig_48	71344	0.4295	24995	25924	+	24994	309	opp1B	nickel/cobalt ABC transporter permease	no	opp1B	en_familia	40	0.8000	shell	shell	si	no	no
bin_5_63	bin-5-63	bin_5_63_01297	cds	contig_48	71344	0.4295	25930	26817	+	25929	295	opp1C	nickel/cobalt ABC transporter permease	no	opp1C	en_familia	40	0.8000	shell	shell	si	no	no
bin_5_63	bin-5-63	bin_5_63_01298	cds	contig_48	71344	0.4295	26780	27598	+	26779	272		ABC transporter ATP-binding protein	no	group_4089	en_familia	40	0.8000	shell	shell	si	no	no
bin_5_63	bin-5-63	bin_5_63_01299	cds	contig_48	71344	0.4295	27592	28362	+	27591	256		ABC transporter ATP-binding protein	no	group_4089	en_familia	40	0.8000	shell	shell	si	no	no
bin_5_63	bin-5-63	bin_5_63_01300	cds	contig_48	71344	0.4295	28667	30256	+	28666	529	abc-f	ribosomal protection-like ABC-F family protein	no	group_3174	en_familia	49	0.9800	core	core	no	no	no
bin_5_63	bin-5-63	bin_5_63_01301	cds	contig_48	71344	0.4295	30273	31682	-	30272	469		NodB-like y domain-containing protein	no	group_314	en_familia	49	0.9800	core	core	no	no	no
bin_5_63	bin-5-63	bin_5_63_01302	cds	contig_48	71344	0.4295	32017	33045	+	32016	342	feuB	Iron-uptake system permease protein FeuB	no	group_3173	en_familia	49	0.9800	core	core	no	no	no
bin_5_63	bin-5-63	bin_5_63_01303	cds	contig_48	71344	0.4295	33042	34043	+	33041	333	feuC	Iron-uptake system permease protein FeuC	no	group_3336	en_familia	49	0.9800	core	core	no	no	no
bin_5_63	bin-5-63	bin_5_63_01304	cds	contig_48	71344	0.4295	34060	34956	+	34059	298		Iron-hydroxamate ABC transporter substrate-binding protein	no	group_971	en_familia	49	0.9800	core	core	no	no	no
bin_5_63	bin-5-63	bin_5_63_01305	cds	contig_48	71344	0.4295	35102	35326	+	35101	74		phage holin	no	group_2527	en_familia	49	0.9800	core	core	no	no	no
bin_5_63	bin-5-63	bin_5_63_01306	cds	contig_48	71344	0.4295	35586	36056	-	35288	156	slrR	HTH-type transcriptional regulator SlrR	no	slrR	en_familia	50	1.0000	core	core	no	no	no
bin_5_63	bin-5-63	bin_5_63_01307	cds	contig_48	71344	0.4295	36314	37045	+	34299	243		Capsular biosynthesis protein	no	group_1266	en_familia	50	1.0000	core	core	no	no	no
bin_5_63	bin-5-63	bin_5_63_01308	cds	contig_48	71344	0.4295	37035	37718	+	33626	227		non-specific protein-tyrosine kinase	no	group_1359	en_familia	50	1.0000	core	core	no	no	no
bin_5_63	bin-5-63	bin_5_63_01309	cds	contig_48	71344	0.4295	37884	39758	+	31586	624		UDP-N-acetylglucosamine 4,6-dehydratase involved in biofilm matrix formation	no	epsC	en_familia	50	1.0000	core	core	no	no	no
bin_5_63	bin-5-63	bin_5_63_01310	cds	contig_48	71344	0.4295	39724	40863	+	30481	379		Putative extracellular matrix glycosyltransferase	no	group_3115	en_familia	50	1.0000	core	core	no	no	no
bin_5_63	bin-5-63	bin_5_63_01311	cds	contig_48	71344	0.4295	40866	41705	+	29639	279		Bifunctional flagellar clutch and glycosyltransferase acting during biofilm formation	no	group_4458	en_familia	50	1.0000	core	core	no	no	no
bin_5_63	bin-5-63	bin_5_63_01312	cds	contig_48	71344	0.4295	41698	42828	+	28516	376		Putative glycosyltransferase involved in matrix formation (Chain-length determination)	no	group_3984	en_familia	50	1.0000	core	core	no	no	no
bin_5_63	bin-5-63	bin_5_63_01313	cds	contig_48	71344	0.4295	42843	43946	+	27398	367	epsG	EpsG family protein	no	epsG	en_familia	50	1.0000	core	core	no	no	no
bin_5_63	bin-5-63	bin_5_63_01314	cds	contig_48	71344	0.4295	43974	45002	+	26342	342		Putative glycosyltransferase involved in biofilm formation	no	group_768	en_familia	50	1.0000	core	core	no	no	no
bin_5_63	bin-5-63	bin_5_63_01315	cds	contig_48	71344	0.4295	45002	46030	+	25314	342		Putative polysaccharide pyruvyl transferase involved in biofilm matrix formation	no	group_4016	en_familia	50	1.0000	core	core	no	no	no
bin_5_63	bin-5-63	bin_5_63_01316	cds	contig_48	71344	0.4295	46059	47588	+	23756	509		MATE family efflux transporter	no	group_3436	en_familia	50	1.0000	core	core	no	no	no
bin_5_63	bin-5-63	bin_5_63_01317	cds	contig_48	71344	0.4295	47609	48202	+	23142	197		Sugar transferase	no	group_1552	en_familia	50	1.0000	core	core	no	no	no
bin_5_63	bin-5-63	bin_5_63_01318	cds	contig_48	71344	0.4295	48165	48854	+	22490	229		O-acetyltransferase involved in synthesis of N,N'-diacetylbacillosamine and in biofilm matrix formation	no	group_3255	en_familia	50	1.0000	core	core	no	no	no
bin_5_63	bin-5-63	bin_5_63_01319	cds	contig_48	71344	0.4295	48851	50014	+	21330	387		UDP 2,6-dideoxy 2-acetamido 4-keto glucose aminotransferase involved in N,N'-diacetylbacillosamine synthesis and in biofilm matrix formation	no	group_3797	en_familia	50	1.0000	core	core	no	no	no
bin_5_63	bin-5-63	bin_5_63_01320	cds	contig_48	71344	0.4295	50179	51798	+	19546	539	nikA	nickel ABC transporter substrate-binding protein	no	nikA	en_familia	45	0.9000	shell	core	si	no	no
bin_5_63	bin-5-63	bin_5_63_01321	cds	contig_48	71344	0.4295	51817	52761	+	18583	314	nikB	nickel ABC transporter permease subunit NikB	no	nikB	en_familia	45	0.9000	shell	core	si	no	no
bin_5_63	bin-5-63	bin_5_63_01322	cds	contig_48	71344	0.4295	52758	53591	+	17753	277	nikC	nickel ABC transporter permease subunit NikC	no	nikC	en_familia	45	0.9000	shell	core	si	no	no
bin_5_63	bin-5-63	bin_5_63_01323	cds	contig_48	71344	0.4295	53605	54411	+	16933	268	nikD	Nickel import system ATP-binding protein NikD	no	nikD	en_familia	45	0.9000	shell	core	si	no	no
bin_5_63	bin-5-63	bin_5_63_01324	cds	contig_48	71344	0.4295	54425	55240	+	16104	271		ABC transporter domain-containing protein	no	group_3883	en_familia	45	0.9000	shell	core	si	no	no
bin_5_63	bin-5-63	bin_5_63_01325	cds	contig_48	71344	0.4295	55304	56629	+	14715	441	norM	putative multidrug resistance protein NorM	no	group_4402	en_familia	45	0.9000	shell	core	si	no	no
bin_5_63	bin-5-63	bin_5_63_01326	cds	contig_48	71344	0.4295	56654	56869	-	14475	71	yvfG	Uncharacterized protein YvfG	no	yvfG	en_familia	50	1.0000	core	core	no	no	no
bin_5_63	bin-5-63	bin_5_63_01327	cds	contig_48	71344	0.4295	56940	58238	+	13106	432	rpoN	RNA polymerase factor sigma-54	no	rpoN	en_familia	50	1.0000	core	core	no	no	no
bin_5_63	bin-5-63	bin_5_63_01328	cds	contig_48	71344	0.4295	58412	59149	+	12195	245		L-lactate utilization global transcriptional regulator (GntR family)	no	group_3835	en_familia	50	1.0000	core	core	no	no	no
bin_5_63	bin-5-63	bin_5_63_01329	cds	contig_48	71344	0.4295	59177	60619	-	10725	480	rocR	Arginine utilization regulatory protein RocR	no	group_4742	en_familia	50	1.0000	core	core	no	no	no
bin_5_63	bin-5-63	bin_5_63_01330	cds	contig_48	71344	0.4295	60829	62022	+	9322	397		ornithine--oxo-acid transaminase	no	group_3834	en_familia	50	1.0000	core	core	no	no	no
bin_5_63	bin-5-63	bin_5_63_01331	cds	contig_48	71344	0.4295	62124	63545	+	7799	473	rocC	Amino-acid permease RocC	no	rocC	en_familia	50	1.0000	core	core	no	no	no
bin_5_63	bin-5-63	bin_5_63_01332	cds	contig_48	71344	0.4295	63834	64871	+	6473	345		Transcriptional regulator	no	group_3180	en_familia	50	1.0000	core	core	no	no	no
bin_5_63	bin-5-63	bin_5_63_01333	cds	contig_48	71344	0.4295	64903	65910	+	5434	335	gap	type I glyceraldehyde-3-phosphate dehydrogenase	no	gap	en_familia	50	1.0000	core	core	no	no	no
bin_5_63	bin-5-63	bin_5_63_01334	cds	contig_48	71344	0.4295	66124	67308	+	4036	394	pgk	Phosphoglycerate kinase	no	pgk	en_familia	50	1.0000	core	core	no	no	no
bin_5_63	bin-5-63	bin_5_63_01335	cds	contig_48	71344	0.4295	67339	68100	+	3244	253	tpiA	triose-phosphate isomerase	no	tpiA	en_familia	50	1.0000	core	core	no	no	no
bin_5_63	bin-5-63	bin_5_63_01336	cds	contig_48	71344	0.4295	68093	69628	+	1716	511	gpmI	2,3-bisphosphoglycerate-independent phosphoglycerate mutase	no	gpmI	en_familia	50	1.0000	core	core	no	no	no
bin_5_63	bin-5-63	bin_5_63_01337	cds	contig_48	71344	0.4295	69659	70951	+	393	430	eno	phosphopyruvate hydratase	no	eno	en_familia	50	1.0000	core	core	no	no	no
bin_5_63	bin-5-63	bin_5_63_01338	cds	contig_49	71214	0.4165	1474	1686	+	1473	70		hypothetical protein	no	mutS2	en_familia	50	1.0000	core	core	no	no	no
bin_5_63	bin-5-63	bin_5_63_01339	cds	contig_49	71214	0.4165	2030	3742	-	2029	570	polX	DNA polymerase/3'-5' exonuclease PolX	no	polX	en_familia	50	1.0000	core	core	no	no	no
bin_5_63	bin-5-63	bin_5_63_01340	cds	contig_49	71214	0.4165	3857	4390	-	3856	177	cvpA	CvpA family protein	no	cvpA	en_familia	50	1.0000	core	core	no	no	no
bin_5_63	bin-5-63	bin_5_63_01341	cds	contig_49	71214	0.4165	4398	4655	-	4397	85	zapA	cell division protein ZapA	no	zapA	en_familia	50	1.0000	core	core	no	no	no
bin_5_63	bin-5-63	bin_5_63_01342	cds	contig_49	71214	0.4165	4790	5713	+	4789	307	rnhC	ribonuclease HIII	no	group_3091	en_familia	50	1.0000	core	core	no	no	no
bin_5_63	bin-5-63	bin_5_63_01343	cds	contig_49	71214	0.4165	5959	8373	-	5958	804	pheT	phenylalanine--tRNA ligase subunit beta	no	pheT	en_familia	50	1.0000	core	core	no	no	no
bin_5_63	bin-5-63	bin_5_63_01344	cds	contig_49	71214	0.4165	8389	9423	-	8388	344	pheS	phenylalanine--tRNA ligase subunit alpha	no	pheS	en_familia	50	1.0000	core	core	no	no	no
bin_5_63	bin-5-63	bin_5_63_01345	cds	contig_49	71214	0.4165	9800	10543	-	9799	247		Ribosomal RNA methylase	no	group_4015	en_familia	50	1.0000	core	core	no	no	no
bin_5_63	bin-5-63	bin_5_63_01346	cds	contig_49	71214	0.4165	10657	10878	+	10656	73	sspI	small acid-soluble spore protein SspI	no	sspI	en_familia	50	1.0000	core	core	no	no	no
bin_5_63	bin-5-63	bin_5_63_01347	cds	contig_49	71214	0.4165	10924	12720	-	10923	598	cstA	carbon starvation protein CstA	no	cstA	en_familia	50	1.0000	core	core	no	no	no
bin_5_63	bin-5-63	bin_5_63_01348	cds	contig_49	71214	0.4165	12906	13070	-	12905	54		hypothetical protein	no	group_3997	en_familia	9	0.1800	shell	shell	si	no	no
bin_5_63	bin-5-63	bin_5_63_01349	cds	contig_49	71214	0.4165	13070	14158	-	13069	362		Putative fructose-lysine aminopeptidase	no	group_4646	en_familia	50	1.0000	core	core	no	no	no
bin_5_63	bin-5-63	bin_5_63_01350	cds	contig_49	71214	0.4165	14338	14742	+	14337	134	ysdB	Sigma-w pathway protein ysdB	no	ysdB	en_familia	50	1.0000	core	core	no	no	no
bin_5_63	bin-5-63	bin_5_63_01351	cds	contig_49	71214	0.4165	14760	15026	-	14759	88		DUF1294 domain-containing protein	no	group_4638	en_familia	50	1.0000	core	core	no	no	no
bin_5_63	bin-5-63	bin_5_63_01352	cds	contig_49	71214	0.4165	15090	15449	-	15089	119	rplT	50S ribosomal protein L20	no	rplT	en_familia	50	1.0000	core	core	no	no	no
bin_5_63	bin-5-63	bin_5_63_01353	cds	contig_49	71214	0.4165	15481	15681	-	15480	66	rpmI	50S ribosomal protein L35	no	rpmI	en_familia	50	1.0000	core	core	no	no	no
bin_5_63	bin-5-63	bin_5_63_01354	cds	contig_49	71214	0.4165	15707	16171	-	15706	154	infC	translation initiation factor IF-3	no	infC	en_familia	50	1.0000	core	core	no	no	no
bin_5_63	bin-5-63	bin_5_63_01355	cds	contig_49	71214	0.4165	16762	17337	+	16761	191		DUF4352 domain-containing protein	no	group_4152	en_familia	28	0.5600	shell	shell	si	no	no
bin_5_63	bin-5-63	bin_5_63_01356	cds	contig_49	71214	0.4165	17474	18253	+	17473	259	yjjG	Pyrimidine 5'-nucleotidase YjjG	no	yjjG	en_familia	50	1.0000	core	core	no	no	no
bin_5_63	bin-5-63	bin_5_63_01357	cds	contig_49	71214	0.4165	18309	19229	-	18308	306		Chemotaxis protein	no	group_3757	en_familia	50	1.0000	core	core	no	no	no
bin_5_63	bin-5-63	bin_5_63_01358	cds	contig_49	71214	0.4165	19401	21341	-	19400	646	thrS	threonine--tRNA ligase	no	thrS	en_familia	50	1.0000	core	core	no	no	no
bin_5_63	bin-5-63	bin_5_63_01359	cds	contig_49	71214	0.4165	21678	22547	-	21677	289	ytxC	putative sporulation protein YtxC	no	ytxC	en_familia	50	1.0000	core	core	no	no	no
bin_5_63	bin-5-63	bin_5_63_01360	cds	contig_49	71214	0.4165	22608	23246	-	22607	212		TVP38/TMEM64 family membrane protein	no	group_1438	en_familia	50	1.0000	core	core	no	no	no
bin_5_63	bin-5-63	bin_5_63_01361	cds	contig_49	71214	0.4165	23279	24208	-	23278	309	dnaI	primosomal protein DnaI	no	dnaI	en_familia	50	1.0000	core	core	no	no	no
bin_5_63	bin-5-63	bin_5_63_01362	cds	contig_49	71214	0.4165	24226	25647	-	24225	473		Helicase loading protein replication initiation membrane attachment protein	no	group_316	en_familia	50	1.0000	core	core	no	no	no
bin_5_63	bin-5-63	bin_5_63_01363	cds	contig_49	71214	0.4165	25747	26205	-	25746	152	nrdR	transcriptional regulator NrdR	no	nrdR	en_familia	50	1.0000	core	core	no	no	no
bin_5_63	bin-5-63	bin_5_63_01364	cds	contig_49	71214	0.4165	26210	26596	-	26209	128		Cytosolic protein	no	group_3480	en_familia	50	1.0000	core	core	no	no	no
bin_5_63	bin-5-63	bin_5_63_01365	cds	contig_49	71214	0.4165	26782	27162	-	26781	126	speD	adenosylmethionine decarboxylase	no	speD	en_familia	50	1.0000	core	core	no	no	no
bin_5_63	bin-5-63	bin_5_63_01366	cds	contig_49	71214	0.4165	27398	28420	-	27397	340		glyceraldehyde-3-phosphate dehydrogenase	no	group_778	en_familia	50	1.0000	core	core	no	no	no
bin_5_63	bin-5-63	bin_5_63_01367	cds	contig_49	71214	0.4165	28593	29198	-	28592	201	coaE	dephospho-CoA kinase	no	coaE	en_familia	50	1.0000	core	core	no	no	no
bin_5_63	bin-5-63	bin_5_63_01368	cds	contig_49	71214	0.4165	29212	29844	-	29211	210	ytaF	sporulation membrane protein YtaF	no	ytaF	en_familia	50	1.0000	core	core	no	no	no
bin_5_63	bin-5-63	bin_5_63_01369	cds	contig_49	71214	0.4165	30019	30852	-	30018	277	mutM	DNA-formamidopyrimidine glycosylase	no	mutM	en_familia	50	1.0000	core	core	no	no	no
bin_5_63	bin-5-63	bin_5_63_01370	cds	contig_49	71214	0.4165	30878	33517	-	30877	879	polA	DNA polymerase I	no	polA	en_familia	50	1.0000	core	core	no	no	no
bin_5_63	bin-5-63	bin_5_63_01371	cds	contig_49	71214	0.4165	33772	35514	-	33771	580	pnpS	two-component system histidine kinase PnpS	no	pnpS	en_familia	50	1.0000	core	core	no	no	no
bin_5_63	bin-5-63	bin_5_63_01372	cds	contig_49	71214	0.4165	35507	36235	-	34979	242	phoP	Alkaline phosphatase synthesis transcriptional regulatory protein PhoP	no	phoP	en_familia	50	1.0000	core	core	no	no	no
bin_5_63	bin-5-63	bin_5_63_01373	cds	contig_49	71214	0.4165	36628	37566	-	33648	312	mdh	malate dehydrogenase	no	mdh	en_familia	50	1.0000	core	core	no	no	no
bin_5_63	bin-5-63	bin_5_63_01374	cds	contig_49	71214	0.4165	37601	38872	-	32342	423	icd	NADP-dependent isocitrate dehydrogenase	no	icd	en_familia	50	1.0000	core	core	no	no	no
bin_5_63	bin-5-63	bin_5_63_01375	cds	contig_49	71214	0.4165	39019	40137	-	31077	372	citZ	citrate synthase	no	citZ	en_familia	50	1.0000	core	core	no	no	no
bin_5_63	bin-5-63	bin_5_63_01376	cds	contig_49	71214	0.4165	40513	40977	-	30237	154		UPF0756 membrane protein BPUM_2558	no	group_1828	en_familia	50	1.0000	core	core	no	no	no
bin_5_63	bin-5-63	bin_5_63_01377	cds	contig_49	71214	0.4165	41078	42196	+	29018	372	ytvI	sporulation integral membrane protein YtvI	no	ytvI	en_familia	50	1.0000	core	core	no	no	no
bin_5_63	bin-5-63	bin_5_63_01378	cds	contig_49	71214	0.4165	42219	42608	-	28606	129		Putative integral inner membrane protein	no	group_3971	en_familia	50	1.0000	core	core	no	no	no
bin_5_63	bin-5-63	bin_5_63_01379	cds	contig_49	71214	0.4165	42709	44469	-	26745	586	pyk	pyruvate kinase	no	pyk	en_familia	50	1.0000	core	core	no	no	no
bin_5_63	bin-5-63	bin_5_63_01380	cds	contig_49	71214	0.4165	44497	45456	-	25758	319	pfkA	6-phosphofructokinase	no	pfkA	en_familia	50	1.0000	core	core	no	no	no
bin_5_63	bin-5-63	bin_5_63_01381	cds	contig_49	71214	0.4165	45806	46783	-	24431	325	accA	acetyl-CoA carboxylase carboxyl transferase subunit alpha	no	accA	en_familia	50	1.0000	core	core	no	no	no
bin_5_63	bin-5-63	bin_5_63_01382	cds	contig_49	71214	0.4165	46768	47643	-	23571	291	accD	acetyl-CoA carboxylase, carboxyltransferase subunit beta	no	accD	en_familia	50	1.0000	core	core	no	no	no
bin_5_63	bin-5-63	bin_5_63_01383	cds	contig_49	71214	0.4165	47949	49181	-	22033	410	ytsJ	Bifunctional malic/malolactic enzyme	no	ytsJ	en_familia	50	1.0000	core	core	no	no	no
bin_5_63	bin-5-63	bin_5_63_01384	cds	contig_49	71214	0.4165	49323	52658	-	18556	1111	dnaE	DNA polymerase III subunit alpha	no	dnaE	en_familia	50	1.0000	core	core	no	no	no
bin_5_63	bin-5-63	bin_5_63_01385	cds	contig_49	71214	0.4165	52796	53137	+	18077	113	ytrH	Sporulation membrane protein YtrH	no	ytrH	en_familia	50	1.0000	core	core	no	no	no
bin_5_63	bin-5-63	bin_5_63_01386	cds	contig_49	71214	0.4165	53134	53637	+	17577	167	ytrI	sporulation membrane protein YtrI	no	ytrI	en_familia	50	1.0000	core	core	no	no	no
bin_5_63	bin-5-63	bin_5_63_01387	cds	contig_49	71214	0.4165	53747	53932	+	17282	61	ytzJ	Uncharacterized protein YtzJ	no	ytzJ	en_familia	50	1.0000	core	core	no	no	no
bin_5_63	bin-5-63	bin_5_63_01388	cds	contig_49	71214	0.4165	53981	54922	-	16292	313		NanoRNase (Oligoribonuclease) (3'->5'short substrates, 5'->3' long substrates), 3',5'-bisphosphate nucleotidase	no	group_902	en_familia	50	1.0000	core	core	no	no	no
bin_5_63	bin-5-63	bin_5_63_01389	cds	contig_49	71214	0.4165	55070	55372	+	15842	100	ytpI	Membrane protein YtpI	no	ytpI	en_familia	50	1.0000	core	core	no	no	no
bin_5_63	bin-5-63	bin_5_63_01390	cds	contig_49	71214	0.4165	55428	55574	-	15640	48		hypothetical protein	no	group_3893	en_familia	8	0.1600	shell	shell	si	no	no
bin_5_63	bin-5-63	bin_5_63_01391	cds	contig_49	71214	0.4165	55575	56897	-	14317	440		CBS domain-containing protein	no	group_404	en_familia	50	1.0000	core	core	no	no	no
bin_5_63	bin-5-63	bin_5_63_01392	cds	contig_49	71214	0.4165	57041	57724	-	13490	227		metal-dependent hydrolase	no	group_1357	en_familia	50	1.0000	core	core	no	no	no
bin_5_63	bin-5-63	bin_5_63_01393	cds	contig_49	71214	0.4165	57791	58546	-	12668	251	fabG	3-oxoacyl-[acyl-carrier-protein] reductase FabG	no	group_4181	en_familia	50	1.0000	core	core	no	no	no
bin_5_63	bin-5-63	bin_5_63_01394	cds	contig_49	71214	0.4165	58645	59547	-	11667	300		Aminoglycoside phosphotransferase domain-containing protein	no	group_3873	en_familia	50	1.0000	core	core	no	no	no
bin_5_63	bin-5-63	bin_5_63_01395	cds	contig_49	71214	0.4165	59666	61039	-	10175	457	argH	argininosuccinate lyase	no	argH	en_familia	50	1.0000	core	core	no	no	no
bin_5_63	bin-5-63	bin_5_63_01396	cds	contig_49	71214	0.4165	61036	62247	-	8967	403	argG	argininosuccinate synthase	no	argG	en_familia	50	1.0000	core	core	no	no	no
bin_5_63	bin-5-63	bin_5_63_01397	cds	contig_49	71214	0.4165	62421	62936	-	8278	171		Molybdenum cofactor biosynthesis protein B	no	group_3940	en_familia	50	1.0000	core	core	no	no	no
bin_5_63	bin-5-63	bin_5_63_01398	cds	contig_49	71214	0.4165	63036	64220	-	6994	394		Acetate kinase	no	group_565	en_familia	50	1.0000	core	core	no	no	no
bin_5_63	bin-5-63	bin_5_63_01399	cds	contig_49	71214	0.4165	64450	65424	-	5790	324		DNA methylase adenine-specific domain-containing protein	no	group_853	en_familia	50	1.0000	core	core	no	no	no
bin_5_63	bin-5-63	bin_5_63_01400	cds	contig_49	71214	0.4165	65513	66013	-	5201	166	tpx	thiol peroxidase	no	tpx	en_familia	50	1.0000	core	core	no	no	no
bin_5_63	bin-5-63	bin_5_63_01401	cds	contig_49	71214	0.4165	66126	66578	-	4636	150	ytfJ	GerW family sporulation protein	no	ytfJ	en_familia	50	1.0000	core	core	no	no	no
bin_5_63	bin-5-63	bin_5_63_01402	cds	contig_49	71214	0.4165	66593	67282	-	3932	229		Conserved sporulation-related protein	no	group_4796	en_familia	50	1.0000	core	core	no	no	no
bin_5_63	bin-5-63	bin_5_63_01403	cds	contig_49	71214	0.4165	67402	67926	-	3288	174		RDD domain-containing protein	no	group_4025	en_familia	50	1.0000	core	core	no	no	no
bin_5_63	bin-5-63	bin_5_63_01404	cds	contig_49	71214	0.4165	67941	68942	-	2272	333	sppA	Signal peptide peptidase SppA	no	sppA	en_familia	50	1.0000	core	core	no	no	no
bin_5_63	bin-5-63	bin_5_63_01405	cds	contig_49	71214	0.4165	69390	70193	+	1021	267		NAD kinase	no	group_1127	en_familia	50	1.0000	core	core	no	no	no
bin_5_63	bin-5-63	bin_5_63_01406	cds	contig_50	78781	0.4100	158	592	-	157	144		Enoyl-CoA hydratase	no	group_3330	en_familia	48	0.9600	core	core	no	no	no
bin_5_63	bin-5-63	bin_5_63_01407	cds	contig_50	78781	0.4100	678	1040	-	677	120	yhjD	YhjD	no	yhjD	en_familia	48	0.9600	core	core	no	no	no
bin_5_63	bin-5-63	bin_5_63_01408	cds	contig_50	78781	0.4100	1199	1816	+	1198	205		TVP38/TMEM64 family membrane protein	no	group_1496	en_familia	48	0.9600	core	core	no	no	no
bin_5_63	bin-5-63	bin_5_63_01409	cds	contig_50	78781	0.4100	1816	2328	+	1815	170	lepB	signal peptidase I	no	group_1716	en_familia	48	0.9600	core	core	no	no	no
bin_5_63	bin-5-63	bin_5_63_01410	cds	contig_50	78781	0.4100	2364	3506	-	2363	380	abrB	AbrB family transcriptional regulator	no	abrB	en_familia	50	1.0000	core	core	no	no	no
bin_5_63	bin-5-63	bin_5_63_01411	cds	contig_50	78781	0.4100	3783	4205	+	3782	140		Transcriptional regulator	no	group_1932	en_familia	50	1.0000	core	core	no	no	no
bin_5_63	bin-5-63	bin_5_63_01412	cds	contig_50	78781	0.4100	4198	5037	+	4197	279		Peptidase M56	no	group_4306	en_familia	50	1.0000	core	core	no	no	no
bin_5_63	bin-5-63	bin_5_63_01413	cds	contig_50	78781	0.4100	5095	5505	+	5094	136	catD	Oxidoreductase CatD	no	catD	en_familia	50	1.0000	core	core	no	no	no
bin_5_63	bin-5-63	bin_5_63_01414	cds	contig_50	78781	0.4100	5697	6143	-	5696	148		Rubrerythrin diiron-binding domain-containing protein	no	group_3665	en_familia	50	1.0000	core	core	no	no	no
bin_5_63	bin-5-63	bin_5_63_01415	cds	contig_50	78781	0.4100	6310	9819	+	6309	1169	addB	helicase-exonuclease AddAB subunit AddB	no	addB	en_familia	50	1.0000	core	core	no	no	no
bin_5_63	bin-5-63	bin_5_63_01416	cds	contig_50	78781	0.4100	9797	13501	+	9796	1234	addA	helicase-exonuclease AddAB subunit AddA	no	addA	en_familia	50	1.0000	core	core	no	no	no
bin_5_63	bin-5-63	bin_5_63_01417	cds	contig_50	78781	0.4100	13527	14702	+	13526	391	sbcD	exonuclease subunit SbcD	no	sbcD	en_familia	50	1.0000	core	core	no	no	no
bin_5_63	bin-5-63	bin_5_63_01418	cds	contig_50	78781	0.4100	14699	18094	+	14698	1131	sbcC	exonuclease subunit SbcC	no	sbcC	en_familia	50	1.0000	core	core	no	no	no
bin_5_63	bin-5-63	bin_5_63_01419	cds	contig_50	78781	0.4100	18112	18411	+	18111	99		HNH endonuclease	no	group_4399	en_familia	50	1.0000	core	core	no	no	no
bin_5_63	bin-5-63	bin_5_63_01420	cds	contig_50	78781	0.4100	18459	18677	-	18458	72		Spore germination protein	no	group_2549	en_familia	50	1.0000	core	core	no	no	no
bin_5_63	bin-5-63	bin_5_63_01421	cds	contig_50	78781	0.4100	18700	19134	-	18699	144		Spore germination protein	no	group_4400	en_familia	50	1.0000	core	core	no	no	no
bin_5_63	bin-5-63	bin_5_63_01422	cds	contig_50	78781	0.4100	19134	19310	-	19133	58		Spore gernimation protein GerPD	no	group_2745	en_familia	50	1.0000	core	core	no	no	no
bin_5_63	bin-5-63	bin_5_63_01423	cds	contig_50	78781	0.4100	19307	19921	-	19306	204		Putative spore germination protein GerPC	no	group_1504	en_familia	50	1.0000	core	core	no	no	no
bin_5_63	bin-5-63	bin_5_63_01424	cds	contig_50	78781	0.4100	19953	20186	-	19952	77		Spore gernimation protein GerPB	no	group_4214	en_familia	50	1.0000	core	core	no	no	no
bin_5_63	bin-5-63	bin_5_63_01425	cds	contig_50	78781	0.4100	20201	20422	-	20200	73		Spore germination protein	no	group_2540	en_familia	50	1.0000	core	core	no	no	no
bin_5_63	bin-5-63	bin_5_63_01426	cds	contig_50	78781	0.4100	20550	20711	-	20549	53	yisI	Aspartyl-phosphate phosphatase YisI	no	yisI	en_familia	50	1.0000	core	core	no	no	no
bin_5_63	bin-5-63	bin_5_63_01427	cds	contig_50	78781	0.4100	20834	21928	-	20833	364		Inner spore coat protein H	no	group_684	en_familia	50	1.0000	core	core	no	no	no
bin_5_63	bin-5-63	bin_5_63_01428	cds	contig_50	78781	0.4100	22132	22728	+	22131	198	cotG	spore coat protein CotG	no	cotG	en_familia	50	1.0000	core	core	no	no	no
bin_5_63	bin-5-63	bin_5_63_01429	cds	contig_50	78781	0.4100	22856	23761	+	22855	301		Fumarylacetoacetase-like C-terminal domain-containing protein	no	group_956	en_familia	50	1.0000	core	core	no	no	no
bin_5_63	bin-5-63	bin_5_63_01430	cds	contig_50	78781	0.4100	23853	24221	+	23852	122		UPF0344 protein BPUM_1008	no	group_4078	en_familia	49	0.9800	core	core	no	no	no
bin_5_63	bin-5-63	bin_5_63_01431	cds	contig_50	78781	0.4100	24260	24787	-	24259	175		DUF2777 domain-containing protein	no	group_3118	en_familia	50	1.0000	core	core	no	no	no
bin_5_63	bin-5-63	bin_5_63_01432	cds	contig_50	78781	0.4100	24941	26785	+	24940	614	asnB	asparagine synthase (glutamine-hydrolyzing)	no	group_4461	en_familia	50	1.0000	core	core	no	no	no
bin_5_63	bin-5-63	bin_5_63_01433	cds	contig_50	78781	0.4100	26933	28450	+	26932	505		All-trans-zeta-carotene desaturase	no	group_255	en_familia	50	1.0000	core	core	no	no	no
bin_5_63	bin-5-63	bin_5_63_01434	cds	contig_50	78781	0.4100	28447	29922	+	28446	491		4,4'-diapolycopen-4-al dehydrogenase	no	group_284	en_familia	50	1.0000	core	core	no	no	no
bin_5_63	bin-5-63	bin_5_63_01435	cds	contig_50	78781	0.4100	29915	30754	+	29914	279		Farnesyl diphosphate phosphatase	no	group_3826	en_familia	50	1.0000	core	core	no	no	no
bin_5_63	bin-5-63	bin_5_63_01436	cds	contig_50	78781	0.4100	30836	32212	-	30835	458	yeeO	Putative FMN/FAD exporter YeeO	no	yeeO	en_familia	50	1.0000	core	core	no	no	no
bin_5_63	bin-5-63	bin_5_63_01437	cds	contig_50	78781	0.4100	32278	33192	+	32277	304		Putative transcriptional regulator (AraC/XylS family)	no	group_3193	en_familia	50	1.0000	core	core	no	no	no
bin_5_63	bin-5-63	bin_5_63_01438	cds	contig_50	78781	0.4100	33207	33767	+	33206	186		GNAT family protein	no	group_4496	en_familia	50	1.0000	core	core	no	no	no
bin_5_63	bin-5-63	bin_5_63_01439	cds	contig_50	78781	0.4100	33831	34106	+	33830	91		Membrane protein	no	group_3612	en_familia	50	1.0000	core	core	no	no	no
bin_5_63	bin-5-63	bin_5_63_01440	cds	contig_50	78781	0.4100	34275	34811	-	34274	178		Serine o-acetyltransferase	no	group_3201	en_familia	50	1.0000	core	core	no	no	no
bin_5_63	bin-5-63	bin_5_63_01441	cds	contig_50	78781	0.4100	35198	36544	+	35197	448		Diaminobutyrate--2-oxoglutarate transaminase	no	group_381	en_familia	50	1.0000	core	core	no	no	no
bin_5_63	bin-5-63	bin_5_63_01442	cds	contig_50	78781	0.4100	36531	38027	+	36530	498		L-2,4-diaminobutyrate decarboxylase	no	group_268	en_familia	50	1.0000	core	core	no	no	no
bin_5_63	bin-5-63	bin_5_63_01443	cds	contig_50	78781	0.4100	38024	39805	+	38023	593		N(2)-citryl-N(6)-acetyl-N(6)-hydroxylysine synthase	no	group_3820	en_familia	50	1.0000	core	core	no	no	no
bin_5_63	bin-5-63	bin_5_63_01444	cds	contig_50	78781	0.4100	39802	40356	+	38425	184		N(6)-hydroxylysine O-acetyltransferase	no	group_3124	en_familia	50	1.0000	core	core	no	no	no
bin_5_63	bin-5-63	bin_5_63_01445	cds	contig_50	78781	0.4100	40331	41680	+	37101	449		L-lysine N6-monooxygenase	no	group_378	en_familia	50	1.0000	core	core	no	no	no
bin_5_63	bin-5-63	bin_5_63_01446	cds	contig_50	78781	0.4100	41694	43508	+	35273	604		Aerobactin synthase	no	group_158	en_familia	50	1.0000	core	core	no	no	no
bin_5_63	bin-5-63	bin_5_63_01447	cds	contig_50	78781	0.4100	43554	44411	-	34370	285		GNAT family N-acetyltransferase	no	group_3770	en_familia	50	1.0000	core	core	no	no	no
bin_5_63	bin-5-63	bin_5_63_01448	cds	contig_50	78781	0.4100	44550	45485	-	33296	311		Anti protein	no	group_910	en_familia	50	1.0000	core	core	no	no	no
bin_5_63	bin-5-63	bin_5_63_01449	cds	contig_50	78781	0.4100	45603	49031	-	29750	1142	metH	methionine synthase	no	metH	en_familia	50	1.0000	core	core	no	no	no
bin_5_63	bin-5-63	bin_5_63_01450	cds	contig_50	78781	0.4100	49015	50856	-	27925	613		bifunctional homocysteine S-methyltransferase/methylenetetrahydrofolate reductase	no	group_4273	en_familia	50	1.0000	core	core	no	no	no
bin_5_63	bin-5-63	bin_5_63_01451	cds	contig_50	78781	0.4100	51135	51626	-	27155	163	yajQ	YajQ family cyclic di-GMP-binding protein	no	yajQ	en_familia	50	1.0000	core	core	no	no	no
bin_5_63	bin-5-63	bin_5_63_01452	cds	contig_50	78781	0.4100	51853	52701	+	26080	282		S1 motif domain-containing protein	no	group_1040	en_familia	50	1.0000	core	core	no	no	no
bin_5_63	bin-5-63	bin_5_63_01453	cds	contig_50	78781	0.4100	52859	53836	+	24945	325		ABC transporter substrate-binding protein	no	group_4106	en_familia	50	1.0000	core	core	no	no	no
bin_5_63	bin-5-63	bin_5_63_01454	cds	contig_50	78781	0.4100	53833	55482	+	23299	549		Histidine kinase	no	group_4033	en_familia	50	1.0000	core	core	no	no	no
bin_5_63	bin-5-63	bin_5_63_01455	cds	contig_50	78781	0.4100	55524	56381	-	22400	285	yitS	DegV domain-containing protein YitS	no	yitS	en_familia	50	1.0000	core	core	no	no	no
bin_5_63	bin-5-63	bin_5_63_01456	cds	contig_50	78781	0.4100	56523	57365	+	21416	280		DUF2179 domain-containing protein	no	group_1051	en_familia	50	1.0000	core	core	no	no	no
bin_5_63	bin-5-63	bin_5_63_01457	cds	contig_50	78781	0.4100	57380	57835	+	20946	151		Intracellular proteinase inhibitor BsuPI domain-containing protein	no	group_1837	en_familia	50	1.0000	core	core	no	no	no
bin_5_63	bin-5-63	bin_5_63_01458	cds	contig_50	78781	0.4100	57876	58067	-	20714	63		DUF3813 domain-containing protein	no	group_2681	en_familia	50	1.0000	core	core	no	no	no
bin_5_63	bin-5-63	bin_5_63_01459	cds	contig_50	78781	0.4100	58064	58216	-	20565	50		Competence protein	no	group_2834	en_familia	50	1.0000	core	core	no	no	no
bin_5_63	bin-5-63	bin_5_63_01460	cds	contig_50	78781	0.4100	58305	59117	-	19664	270	yitU	5-amino-6-(5-phospho-D-ribitylamino)uracil phosphatase YitU	no	yitU	en_familia	50	1.0000	core	core	no	no	no
bin_5_63	bin-5-63	bin_5_63_01461	cds	contig_50	78781	0.4100	59255	60040	+	18741	261		Esterase	no	group_4131	en_familia	50	1.0000	core	core	no	no	no
bin_5_63	bin-5-63	bin_5_63_01462	cds	contig_50	78781	0.4100	60087	60395	+	18386	102		DNA methyltransferase	no	group_2246	en_familia	50	1.0000	core	core	no	no	no
bin_5_63	bin-5-63	bin_5_63_01463	cds	contig_50	78781	0.4100	60849	62618	+	16163	589		ATP-dependent endonuclease	no	group_174	en_familia	0	0.0000	exclusivo	exclusivo	no	no	si
bin_5_63	bin-5-63	bin_5_63_01464	cds	contig_50	78781	0.4100	62605	64230	+	14551	541		ATP-dependent helicase	no	group_222	en_familia	0	0.0000	exclusivo	exclusivo	no	no	si
bin_5_63	bin-5-63	bin_5_63_01465	cds	contig_50	78781	0.4100	64463	65506	+	13275	347	argC	N-acetyl-gamma-glutamyl-phosphate reductase	no	argC	en_familia	50	1.0000	core	core	no	no	no
bin_5_63	bin-5-63	bin_5_63_01466	cds	contig_50	78781	0.4100	65527	66747	+	12034	406	argJ	bifunctional ornithine acetyltransferase/N-acetylglutamate synthase	no	argJ	en_familia	50	1.0000	core	core	no	no	no
bin_5_63	bin-5-63	bin_5_63_01467	cds	contig_50	78781	0.4100	66762	67538	+	11243	258	argB	Acetylglutamate kinase	no	argB	en_familia	50	1.0000	core	core	no	no	no
bin_5_63	bin-5-63	bin_5_63_01468	cds	contig_50	78781	0.4100	67535	68686	+	10095	383		acetylornithine transaminase	no	group_619	en_familia	50	1.0000	core	core	no	no	no
bin_5_63	bin-5-63	bin_5_63_01469	cds	contig_50	78781	0.4100	68756	69817	+	8964	353		carbamoyl phosphate synthase small subunit	no	group_723	en_familia	50	1.0000	core	core	no	no	no
bin_5_63	bin-5-63	bin_5_63_01470	cds	contig_50	78781	0.4100	69810	72890	+	5891	1026		carbamoyl phosphate synthase large subunit	no	group_4059	en_familia	50	1.0000	core	core	no	no	no
bin_5_63	bin-5-63	bin_5_63_01471	cds	contig_50	78781	0.4100	72887	73837	+	4944	316	argF	ornithine carbamoyltransferase	no	argF	en_familia	50	1.0000	core	core	no	no	no
bin_5_63	bin-5-63	bin_5_63_01472	cds	contig_50	78781	0.4100	73941	74120	+	4661	59	yjzC	YjzC family protein	no	yjzC	en_familia	50	1.0000	core	core	no	no	no
bin_5_63	bin-5-63	bin_5_63_01473	cds	contig_50	78781	0.4100	74290	75555	+	3226	421		MFS transporter	no	group_3553	en_familia	50	1.0000	core	core	no	no	no
bin_5_63	bin-5-63	bin_5_63_01474	cds	contig_50	78781	0.4100	75677	75871	-	2910	64	deoR	DeoR family transcriptional regulator	no	deoR	en_familia	50	1.0000	core	core	no	no	no
bin_5_63	bin-5-63	bin_5_63_01475	cds	contig_50	78781	0.4100	76084	76824	+	1957	246		Alpha/beta hydrolase	no	group_1253	en_familia	50	1.0000	core	core	no	no	no
bin_5_63	bin-5-63	bin_5_63_01476	cds	contig_50	78781	0.4100	76849	77475	+	1306	208		Nad binding enzyme	no	group_3310	en_familia	50	1.0000	core	core	no	no	no
bin_5_63	bin-5-63	bin_5_63_01477	cds	contig_50	78781	0.4100	77566	78531	+	250	321	comK	Positive regulator of comK	no	comK	en_familia	50	1.0000	core	core	no	no	no
bin_5_63	bin-5-63	bin_5_63_01478	cds	contig_50	78781	0.4100	78543	78740	+	41	65	comG	Competence protein ComG	no	group_2644	en_familia	50	1.0000	core	core	no	no	no
bin_5_63	bin-5-63	bin_5_63_01479	cds	contig_51	151544	0.4225	15	386	+	14	123		hypothetical protein	no	sigY	en_familia	50	1.0000	core	core	no	no	no
bin_5_63	bin-5-63	bin_5_63_01480	cds	contig_51	151544	0.4225	386	697	+	385	103	yxlC	YxlC family protein	no	yxlC	en_familia	50	1.0000	core	core	no	no	no
bin_5_63	bin-5-63	bin_5_63_01481	cds	contig_51	151544	0.4225	694	906	+	693	70	yxlD	Negative regulatory protein YxlD	no	yxlD	en_familia	50	1.0000	core	core	no	no	no
bin_5_63	bin-5-63	bin_5_63_01482	cds	contig_51	151544	0.4225	1215	2585	+	1214	456	gdhA	NADP-specific glutamate dehydrogenase	no	gdhA	en_familia	50	1.0000	core	core	no	no	no
bin_5_63	bin-5-63	bin_5_63_01483	cds	contig_51	151544	0.4225	2669	2782	+	2668	37	yqzE	YqzE family protein	no	yqzE	en_familia	50	1.0000	core	core	no	no	no
bin_5_63	bin-5-63	bin_5_63_01484	cds	contig_51	151544	0.4225	2894	4276	+	2893	460		Copper amine oxidase	no	group_356	en_familia	50	1.0000	core	core	no	no	no
bin_5_63	bin-5-63	bin_5_63_01485	cds	contig_51	151544	0.4225	4346	4957	+	4345	203		Peptidase C60	no	group_3106	en_familia	50	1.0000	core	core	no	no	no
bin_5_63	bin-5-63	bin_5_63_01486	cds	contig_51	151544	0.4225	5199	7142	+	5198	647		Transcriptional activator of the lichenan operon	no	group_3580	en_familia	50	1.0000	core	core	no	no	no
bin_5_63	bin-5-63	bin_5_63_01487	cds	contig_51	151544	0.4225	7264	7569	+	7263	101	licB	PTS lichenan transporter subunit IIB	no	licB	en_familia	50	1.0000	core	core	no	no	no
bin_5_63	bin-5-63	bin_5_63_01488	cds	contig_51	151544	0.4225	7584	8933	+	7583	449	celB	PTS cellobiose transporter subunit IIC	no	group_3520	en_familia	50	1.0000	core	core	no	no	no
bin_5_63	bin-5-63	bin_5_63_01489	cds	contig_51	151544	0.4225	8960	9286	+	8959	108		Lichenan-specific phosphotransferase enzyme IIA component	no	group_2193	en_familia	50	1.0000	core	core	no	no	no
bin_5_63	bin-5-63	bin_5_63_01490	cds	contig_51	151544	0.4225	9283	10611	+	9282	442	licH	6-phospho-beta-glucosidase LicH	no	licH	en_familia	50	1.0000	core	core	no	no	no
bin_5_63	bin-5-63	bin_5_63_01491	cds	contig_51	151544	0.4225	10729	11127	+	10728	132		Histidine kinase N-terminal 7TM region domain-containing protein	no	group_1979	en_familia	50	1.0000	core	core	no	no	no
bin_5_63	bin-5-63	bin_5_63_01492	cds	contig_51	151544	0.4225	11146	11340	-	11145	64		Lipoprotein	no	group_3991	en_familia	47	0.9400	shell	core	si	no	no
bin_5_63	bin-5-63	bin_5_63_01493	cds	contig_51	151544	0.4225	11452	12543	-	11451	363		branched-chain amino acid aminotransferase	no	group_693	en_familia	50	1.0000	core	core	no	no	no
bin_5_63	bin-5-63	bin_5_63_01494	cds	contig_51	151544	0.4225	12903	14324	+	12902	473		Right handed beta helix domain-containing protein	no	group_318	en_familia	50	1.0000	core	core	no	no	no
bin_5_63	bin-5-63	bin_5_63_01495	cds	contig_51	151544	0.4225	14371	15801	-	14370	476		histidine kinase	no	group_3840	en_familia	1	0.0200	cloud	cloud	si	si	no
bin_5_63	bin-5-63	bin_5_63_01496	cds	contig_51	151544	0.4225	15798	16478	-	15797	226		DNA-binding response regulator	no	group_1367	en_familia	1	0.0200	cloud	cloud	si	si	no
bin_5_63	bin-5-63	bin_5_63_01497	cds	contig_51	151544	0.4225	16760	17668	+	16759	302		Peptidase	no	group_3977	en_familia	1	0.0200	cloud	cloud	si	si	no
bin_5_63	bin-5-63	bin_5_63_01498	cds	contig_51	151544	0.4225	18178	19296	+	18177	372		Periplasmic binding protein domain-containing protein	no	group_653	en_familia	50	1.0000	core	core	no	no	no
bin_5_63	bin-5-63	bin_5_63_01499	cds	contig_51	151544	0.4225	19370	20866	+	19369	498		Ribose/galactose/methyl galactoside import ATP-binding protein	no	group_3269	en_familia	50	1.0000	core	core	no	no	no
bin_5_63	bin-5-63	bin_5_63_01500	cds	contig_51	151544	0.4225	20863	21876	+	20862	337	rbsC	Ribose import permease protein RbsC	no	rbsC	en_familia	50	1.0000	core	core	no	no	no
bin_5_63	bin-5-63	bin_5_63_01501	cds	contig_51	151544	0.4225	21971	22603	+	21970	210		GTP pyrophosphokinase	no	group_1456	en_familia	50	1.0000	core	core	no	no	no
bin_5_63	bin-5-63	bin_5_63_01502	cds	contig_51	151544	0.4225	22655	22804	-	22654	49		hypothetical protein	no	group_4204	en_familia	50	1.0000	core	core	no	no	no
bin_5_63	bin-5-63	bin_5_63_01503	cds	contig_51	151544	0.4225	22824	23909	-	22823	361		Response regulator aspartate phosphatase F	no	group_3383	en_familia	50	1.0000	core	core	no	no	no
bin_5_63	bin-5-63	bin_5_63_01504	cds	contig_51	151544	0.4225	24439	25203	+	24438	254		Glutamine ABC transporter substrate-binding protein	no	group_1196	en_familia	50	1.0000	core	core	no	no	no
bin_5_63	bin-5-63	bin_5_63_01505	cds	contig_51	151544	0.4225	25274	25918	+	25273	214	artQ	Arginine transport system permease protein ArtQ	no	group_1425	en_familia	50	1.0000	core	core	no	no	no
bin_5_63	bin-5-63	bin_5_63_01506	cds	contig_51	151544	0.4225	25915	26643	+	25914	242		Glutamine ABC transporter (ATP-binding protein)	no	group_1278	en_familia	50	1.0000	core	core	no	no	no
bin_5_63	bin-5-63	bin_5_63_01507	cds	contig_51	151544	0.4225	26669	26836	-	26668	55		hypothetical protein	no	group_2787	en_familia	8	0.1600	shell	shell	si	no	no
bin_5_63	bin-5-63	bin_5_63_01508	cds	contig_51	151544	0.4225	26928	27494	+	26927	188		Lipoprotein	no	group_1608	en_familia	9	0.1800	shell	shell	si	no	no
bin_5_63	bin-5-63	bin_5_63_01509	cds	contig_51	151544	0.4225	27574	27957	-	27573	127		Lactoylglutathione lyase	no	group_2014	en_familia	50	1.0000	core	core	no	no	no
bin_5_63	bin-5-63	bin_5_63_01510	cds	contig_51	151544	0.4225	28075	29256	+	28074	393		Ribosomal RNA large subunit methyltransferase I	no	group_568	en_familia	50	1.0000	core	core	no	no	no
bin_5_63	bin-5-63	bin_5_63_01511	cds	contig_51	151544	0.4225	29294	29974	-	29293	226		CidB/LrgB family autolysis modulator	no	group_1365	en_familia	50	1.0000	core	core	no	no	no
bin_5_63	bin-5-63	bin_5_63_01512	cds	contig_51	151544	0.4225	29968	30351	-	29967	127		Metabolic regulator of murein hydrolases	no	group_2013	en_familia	50	1.0000	core	core	no	no	no
bin_5_63	bin-5-63	bin_5_63_01513	cds	contig_51	151544	0.4225	30517	31404	+	30516	295	cidR	cidABC operon transcriptional activator CidR	no	cidR	en_familia	50	1.0000	core	core	no	no	no
bin_5_63	bin-5-63	bin_5_63_01514	cds	contig_51	151544	0.4225	31422	32246	+	31421	274	thiM	hydroxyethylthiazole kinase	no	thiM	en_familia	50	1.0000	core	core	no	no	no
bin_5_63	bin-5-63	bin_5_63_01515	cds	contig_51	151544	0.4225	32233	32922	+	32232	229		Thiamine-phosphate synthase	no	group_4685	en_familia	49	0.9800	core	core	no	no	no
bin_5_63	bin-5-63	bin_5_63_01516	cds	contig_51	151544	0.4225	33234	33611	+	33233	125		SnoaL-like domain-containing protein	no	group_3672	en_familia	50	1.0000	core	core	no	no	no
bin_5_63	bin-5-63	bin_5_63_01517	cds	contig_51	151544	0.4225	33694	33855	-	33693	53		hypothetical protein	no	group_3497	en_familia	34	0.6800	shell	shell	si	no	no
bin_5_63	bin-5-63	bin_5_63_01518	cds	contig_51	151544	0.4225	33961	34308	-	33960	115		DUF4288 domain-containing protein	no	group_3811	en_familia	42	0.8400	shell	shell	si	no	no
bin_5_63	bin-5-63	bin_5_63_01519	cds	contig_51	151544	0.4225	34603	36141	-	34602	512		Acetate Na+-dependent symporter subunit involved in volatile signal for biofilm formation	no	group_246	en_familia	50	1.0000	core	core	no	no	no
bin_5_63	bin-5-63	bin_5_63_01520	cds	contig_51	151544	0.4225	36138	36452	-	36137	104		DUF485 domain-containing protein	no	group_2234	en_familia	50	1.0000	core	core	no	no	no
bin_5_63	bin-5-63	bin_5_63_01521	cds	contig_51	151544	0.4225	36560	37228	-	36559	222	strF	Streptomycin biosynthesis protein StrF	no	strF	en_familia	50	1.0000	core	core	no	no	no
bin_5_63	bin-5-63	bin_5_63_01522	cds	contig_51	151544	0.4225	37221	37910	-	37220	229		SAM-dependent methyltransferase	no	group_3656	en_familia	50	1.0000	core	core	no	no	no
bin_5_63	bin-5-63	bin_5_63_01523	cds	contig_51	151544	0.4225	38209	38349	-	38208	46		Antirepressor	no	group_3399	en_familia	50	1.0000	core	core	no	no	no
bin_5_63	bin-5-63	bin_5_63_01524	cds	contig_51	151544	0.4225	38772	39191	+	38771	139		GtrA/DPMS transmembrane domain-containing protein	no	group_1938	en_familia	50	1.0000	core	core	no	no	no
bin_5_63	bin-5-63	bin_5_63_01525	cds	contig_51	151544	0.4225	39218	39475	+	39217	85		Group-specific protein	no	group_2411	en_familia	50	1.0000	core	core	no	no	no
bin_5_63	bin-5-63	bin_5_63_01526	cds	contig_51	151544	0.4225	39510	40355	-	39509	281	araC	AraC family transcriptional regulator	no	group_1047	en_familia	50	1.0000	core	core	no	no	no
bin_5_63	bin-5-63	bin_5_63_01527	cds	contig_51	151544	0.4225	40537	41715	+	40536	392		galactokinase	no	group_4032	en_familia	50	1.0000	core	core	no	no	no
bin_5_63	bin-5-63	bin_5_63_01528	cds	contig_51	151544	0.4225	41715	42707	+	41714	330	galE	UDP-glucose 4-epimerase GalE	no	galE	en_familia	50	1.0000	core	core	no	no	no
bin_5_63	bin-5-63	bin_5_63_01529	cds	contig_51	151544	0.4225	42739	44259	+	42738	506	galT	UDP-glucose--hexose-1-phosphate uridylyltransferase	no	galT	en_familia	50	1.0000	core	core	no	no	no
bin_5_63	bin-5-63	bin_5_63_01530	cds	contig_51	151544	0.4225	44267	45349	+	44266	360		Peptidase M24	no	group_708	en_familia	50	1.0000	core	core	no	no	no
bin_5_63	bin-5-63	bin_5_63_01531	cds	contig_51	151544	0.4225	45863	46819	+	45862	318	qoxA	cytochrome aa3 quinol oxidase subunit II	no	qoxA	en_familia	50	1.0000	core	core	no	no	no
bin_5_63	bin-5-63	bin_5_63_01532	cds	contig_51	151544	0.4225	46847	48805	+	46846	652	qoxB	cytochrome aa3 quinol oxidase subunit I	no	qoxB	en_familia	50	1.0000	core	core	no	no	no
bin_5_63	bin-5-63	bin_5_63_01533	cds	contig_51	151544	0.4225	48805	49422	+	48804	205	qoxC	cytochrome aa3 quinol oxidase subunit III	no	qoxC	en_familia	50	1.0000	core	core	no	no	no
bin_5_63	bin-5-63	bin_5_63_01534	cds	contig_51	151544	0.4225	49424	49804	+	49423	126	qoxD	cytochrome aa3 quinol oxidase subunit IV	no	qoxD	en_familia	50	1.0000	core	core	no	no	no
bin_5_63	bin-5-63	bin_5_63_01535	cds	contig_51	151544	0.4225	49882	50145	-	49881	87		Spore gernimation protein	no	group_2394	en_familia	50	1.0000	core	core	no	no	no
bin_5_63	bin-5-63	bin_5_63_01536	cds	contig_51	151544	0.4225	50621	51832	+	50620	403	rodA	Peptidoglycan glycosyltransferase RodA	no	group_4375	en_familia	50	1.0000	core	core	no	no	no
bin_5_63	bin-5-63	bin_5_63_01537	cds	contig_51	151544	0.4225	51943	52692	+	51942	249	nfsA	oxygen-insensitive NADPH nitroreductase	no	nfsA	en_familia	50	1.0000	core	core	no	no	no
bin_5_63	bin-5-63	bin_5_63_01538	cds	contig_51	151544	0.4225	52750	53751	+	52749	333		Putative monooxygenase	no	group_4448	en_familia	50	1.0000	core	core	no	no	no
bin_5_63	bin-5-63	bin_5_63_01539	cds	contig_51	151544	0.4225	53763	53990	-	53762	75		Protein E5	no	group_3090	en_familia	49	0.9800	core	core	no	no	no
bin_5_63	bin-5-63	bin_5_63_01540	cds	contig_51	151544	0.4225	54072	56495	-	54071	807		Minor extracellular protease vpr	no	group_68	en_familia	50	1.0000	core	core	no	no	no
bin_5_63	bin-5-63	bin_5_63_01541	cds	contig_51	151544	0.4225	56997	57275	+	56996	92		XPG N-terminal domain-containing protein	no	group_3744	en_familia	50	1.0000	core	core	no	no	no
bin_5_63	bin-5-63	bin_5_63_01542	cds	contig_51	151544	0.4225	57327	58160	+	57326	277		Levansucrase and sucrase synthesis operon antiterminator	no	group_1067	en_familia	50	1.0000	core	core	no	no	no
bin_5_63	bin-5-63	bin_5_63_01543	cds	contig_51	151544	0.4225	58415	59803	+	58414	462		Phosphotransferase system (PTS) sucrose-specific enzyme IIBC component	no	group_4116	en_familia	50	1.0000	core	core	no	no	no
bin_5_63	bin-5-63	bin_5_63_01544	cds	contig_51	151544	0.4225	59823	61280	+	59822	485		Sucrose-6-phosphate hydrolase	no	group_3600	en_familia	50	1.0000	core	core	no	no	no
bin_5_63	bin-5-63	bin_5_63_01545	cds	contig_51	151544	0.4225	61468	61722	+	61467	84		hypothetical protein	no	group_3169	en_familia	50	1.0000	core	core	no	no	no
bin_5_63	bin-5-63	bin_5_63_01546	cds	contig_51	151544	0.4225	61879	62955	+	61878	358		Phospholipase/carboxylesterase/thioesterase domain-containing protein	no	group_3602	en_familia	29	0.5800	shell	shell	si	no	no
bin_5_63	bin-5-63	bin_5_63_01547	cds	contig_51	151544	0.4225	63001	63810	-	63000	269		bifunctional hydroxymethylpyrimidine kinase/phosphomethylpyrimidine kinase	no	group_1109	en_familia	50	1.0000	core	core	no	no	no
bin_5_63	bin-5-63	bin_5_63_01548	cds	contig_51	151544	0.4225	63937	64242	-	63936	101		General stress protein 17m	no	group_4124	en_familia	50	1.0000	core	core	no	no	no
bin_5_63	bin-5-63	bin_5_63_01549	cds	contig_51	151544	0.4225	64370	65197	+	64369	275		Glycosyltransferase	no	group_1080	en_familia	50	1.0000	core	core	no	no	no
bin_5_63	bin-5-63	bin_5_63_01550	cds	contig_51	151544	0.4225	65194	65880	+	65193	228	ung	uracil-DNA glycosylase	no	ung	en_familia	50	1.0000	core	core	no	no	no
bin_5_63	bin-5-63	bin_5_63_01551	cds	contig_51	151544	0.4225	65907	67265	-	65906	452		Aldehyde dehydrogenase	no	group_4180	en_familia	50	1.0000	core	core	no	no	no
bin_5_63	bin-5-63	bin_5_63_01552	cds	contig_51	151544	0.4225	67438	67770	+	67437	110	ywdI	YwdI family protein	no	ywdI	en_familia	50	1.0000	core	core	no	no	no
bin_5_63	bin-5-63	bin_5_63_01553	cds	contig_51	151544	0.4225	67804	69114	+	67803	436		Putative purine/pyrimidine permease	no	group_420	en_familia	50	1.0000	core	core	no	no	no
bin_5_63	bin-5-63	bin_5_63_01554	cds	contig_51	151544	0.4225	69182	69553	+	69181	123		DUF423 domain-containing protein	no	group_2053	en_familia	50	1.0000	core	core	no	no	no
bin_5_63	bin-5-63	bin_5_63_01555	cds	contig_51	151544	0.4225	69596	70213	-	69595	205		Cupin	no	group_3502	en_familia	50	1.0000	core	core	no	no	no
bin_5_63	bin-5-63	bin_5_63_01556	cds	contig_51	151544	0.4225	70345	70887	-	70344	180	gerQ	spore coat protein GerQ	no	gerQ	en_familia	50	1.0000	core	core	no	no	no
bin_5_63	bin-5-63	bin_5_63_01557	cds	contig_51	151544	0.4225	71111	71785	-	71110	224		Cytochrome c-type biogenesis protein DsbD, protein-disulfide reductase	no	group_4250	en_familia	50	1.0000	core	core	no	no	no
bin_5_63	bin-5-63	bin_5_63_01558	cds	contig_51	151544	0.4225	71961	72731	+	71960	256		Glycosyltransferase family 2 protein	no	group_3854	en_familia	50	1.0000	core	core	no	no	no
bin_5_63	bin-5-63	bin_5_63_01559	cds	contig_51	151544	0.4225	72738	74150	+	72737	470		Spore coat protein	no	group_337	en_familia	50	1.0000	core	core	no	no	no
bin_5_63	bin-5-63	bin_5_63_01560	cds	contig_51	151544	0.4225	74172	75350	+	74171	392		UDP-4-amino-4-deoxy-L-arabinose--oxoglutarate aminotransferase	no	group_577	en_familia	50	1.0000	core	core	no	no	no
bin_5_63	bin-5-63	bin_5_63_01561	cds	contig_51	151544	0.4225	75347	76222	+	75322	291		GNAT family N-acetyltransferase	no	group_3250	en_familia	50	1.0000	core	core	no	no	no
bin_5_63	bin-5-63	bin_5_63_01562	cds	contig_51	151544	0.4225	76224	77348	+	74196	374		Putative phosphoenolpyruvate-sugar pyruvyltransferase	no	group_4525	en_familia	50	1.0000	core	core	no	no	no
bin_5_63	bin-5-63	bin_5_63_01563	cds	contig_51	151544	0.4225	77341	78078	+	73466	245		Putative glycosyltransferase	no	group_3268	en_familia	50	1.0000	core	core	no	no	no
bin_5_63	bin-5-63	bin_5_63_01564	cds	contig_51	151544	0.4225	78075	79103	+	72441	342		Putative glycosyltransferase	no	group_4534	en_familia	50	1.0000	core	core	no	no	no
bin_5_63	bin-5-63	bin_5_63_01565	cds	contig_51	151544	0.4225	79106	79846	+	71698	246		glucose-1-phosphate thymidylyltransferase	no	group_3295	en_familia	50	1.0000	core	core	no	no	no
bin_5_63	bin-5-63	bin_5_63_01566	cds	contig_51	151544	0.4225	79843	80808	+	70736	321	rfbB	dTDP-glucose 4,6-dehydratase	no	group_4543	en_familia	50	1.0000	core	core	no	no	no
bin_5_63	bin-5-63	bin_5_63_01567	cds	contig_51	151544	0.4225	80812	81666	+	69878	284	rfbD	dTDP-4-dehydrorhamnose reductase	no	group_4050	en_familia	50	1.0000	core	core	no	no	no
bin_5_63	bin-5-63	bin_5_63_01568	cds	contig_51	151544	0.4225	81659	82114	+	69430	151		Spore coat protein	no	group_1856	en_familia	50	1.0000	core	core	no	no	no
bin_5_63	bin-5-63	bin_5_63_01569	cds	contig_51	151544	0.4225	82150	82998	+	68546	282		Cyclohexenol-containing tetrahydro-4-hydroxyphenylpyruvate H(4)HPP in bacilysin synthesis	no	group_4295	en_familia	44	0.8800	shell	shell	si	no	no
bin_5_63	bin-5-63	bin_5_63_01570	cds	contig_51	151544	0.4225	83014	84207	-	67337	397		Aminotransferase	no	group_3843	en_familia	44	0.8800	shell	shell	si	no	no
bin_5_63	bin-5-63	bin_5_63_01571	cds	contig_51	151544	0.4225	84225	85646	-	65898	473		Alanine--anticapsin ligase	no	group_4746	en_familia	44	0.8800	shell	shell	si	no	no
bin_5_63	bin-5-63	bin_5_63_01572	cds	contig_51	151544	0.4225	85661	86422	-	65122	253		Dihydroanticapsin 7-dehydrogenase	no	group_3842	en_familia	44	0.8800	shell	shell	si	no	no
bin_5_63	bin-5-63	bin_5_63_01573	cds	contig_51	151544	0.4225	86419	87126	-	64418	235		H2HPP isomerase	no	group_1316	en_familia	44	0.8800	shell	shell	si	no	no
bin_5_63	bin-5-63	bin_5_63_01574	cds	contig_51	151544	0.4225	87128	87733	-	63811	201	bacA	Bacilysin biosynthesis protein BacA	no	bacA	en_familia	44	0.8800	shell	shell	si	no	no
bin_5_63	bin-5-63	bin_5_63_01575	cds	contig_51	151544	0.4225	87883	89115	-	62429	410		Putative efflux transporter	no	group_3473	en_familia	50	1.0000	core	core	no	no	no
bin_5_63	bin-5-63	bin_5_63_01576	cds	contig_51	151544	0.4225	89261	89740	+	61804	159	lrpC	HTH-type transcriptional regulator LrpC	no	lrpC	en_familia	50	1.0000	core	core	no	no	no
bin_5_63	bin-5-63	bin_5_63_01577	cds	contig_51	151544	0.4225	89756	90916	-	60628	386	ydhP	Inner membrane transport protein YdhP	no	ydhP	en_familia	44	0.8800	shell	shell	si	no	no
bin_5_63	bin-5-63	bin_5_63_01578	cds	contig_51	151544	0.4225	90984	91754	-	59790	256	hemQ	hydrogen peroxide-dependent heme synthase	no	hemQ	en_familia	50	1.0000	core	core	no	no	no
bin_5_63	bin-5-63	bin_5_63_01579	cds	contig_51	151544	0.4225	91994	92965	+	58579	323	pta	phosphate acetyltransferase	no	pta	en_familia	50	1.0000	core	core	no	no	no
bin_5_63	bin-5-63	bin_5_63_01580	cds	contig_51	151544	0.4225	93148	93546	+	57998	132		DUF5082 domain-containing protein	no	group_4370	en_familia	50	1.0000	core	core	no	no	no
bin_5_63	bin-5-63	bin_5_63_01581	cds	contig_51	151544	0.4225	93551	93829	+	57715	92		YwqI/YxiC family protein	no	group_2331	en_familia	50	1.0000	core	core	no	no	no
bin_5_63	bin-5-63	bin_5_63_01582	cds	contig_51	151544	0.4225	93841	95511	+	56033	556		Transposase	no	group_4683	en_familia	36	0.7200	shell	shell	si	no	no
bin_5_63	bin-5-63	bin_5_63_01583	cds	contig_51	151544	0.4225	95528	95890	+	55654	120		hypothetical protein	no	group_5182	en_familia	24	0.4800	shell	shell	si	no	no
bin_5_63	bin-5-63	bin_5_63_01584	cds	contig_51	151544	0.4225	95919	96191	+	55353	90		Bacteriocin immunity protein	no	group_5205	en_familia	36	0.7200	shell	shell	si	no	no
bin_5_63	bin-5-63	bin_5_63_01585	cds	contig_51	151544	0.4225	96257	96532	+	55012	91		Group-specific protein	no	group_4816	en_familia	41	0.8200	shell	shell	si	no	no
bin_5_63	bin-5-63	bin_5_63_01586	cds	contig_51	151544	0.4225	96565	96960	+	54584	131		SMI1/KNR4 family protein	no	group_5275	en_familia	50	1.0000	core	core	no	no	no
bin_5_63	bin-5-63	bin_5_63_01587	cds	contig_51	151544	0.4225	97197	98042	+	53502	281		Octanoyl-[GcvH]:protein N-octanoyltransferase	no	group_4815	en_familia	50	1.0000	core	core	no	no	no
bin_5_63	bin-5-63	bin_5_63_01588	cds	contig_51	151544	0.4225	98078	98563	+	52981	161		Tetratrico peptide repeat group 5 domain-containing protein	no	group_4110	en_familia	48	0.9600	core	core	no	no	no
bin_5_63	bin-5-63	bin_5_63_01589	cds	contig_51	151544	0.4225	98667	99398	+	52146	243		glycosyltransferase	no	group_3574	en_familia	46	0.9200	shell	core	si	no	no
bin_5_63	bin-5-63	bin_5_63_01590	cds	contig_51	151544	0.4225	99408	100943	+	50601	511	pilZ	PilZ domain-containing protein	no	group_3574	en_familia	46	0.9200	shell	core	si	no	no
bin_5_63	bin-5-63	bin_5_63_01591	cds	contig_51	151544	0.4225	100940	101173	+	50371	77		DUF5970 domain-containing protein	no	group_4137	en_familia	50	1.0000	core	core	no	no	no
bin_5_63	bin-5-63	bin_5_63_01592	cds	contig_51	151544	0.4225	101209	102009	-	49535	266		Prespore-specific transcription regulatory protein	no	group_4510	en_familia	50	1.0000	core	core	no	no	no
bin_5_63	bin-5-63	bin_5_63_01593	cds	contig_51	151544	0.4225	102252	102473	+	49071	73		UPF0741 protein BPUM_3395	no	group_3214	en_familia	50	1.0000	core	core	no	no	no
bin_5_63	bin-5-63	bin_5_63_01594	cds	contig_51	151544	0.4225	102644	103945	+	47599	433		HD domain-containing protein	no	group_426	en_familia	50	1.0000	core	core	no	no	no
bin_5_63	bin-5-63	bin_5_63_01595	cds	contig_51	151544	0.4225	103976	104476	+	47068	166	ywgA	YwgA	no	ywgA	en_familia	50	1.0000	core	core	no	no	no
bin_5_63	bin-5-63	bin_5_63_01596	cds	contig_51	151544	0.4225	104581	105324	-	46220	247	tcyN	L-cystine import ATP-binding protein TcyN	no	tcyN	en_familia	34	0.6800	shell	shell	si	no	no
bin_5_63	bin-5-63	bin_5_63_01597	cds	contig_51	151544	0.4225	105321	106031	-	45513	236	tcyM	L-cystine transport system permease protein TcyM	no	tcyM	en_familia	34	0.6800	shell	shell	si	no	no
bin_5_63	bin-5-63	bin_5_63_01598	cds	contig_51	151544	0.4225	106048	106890	-	44654	280	tcyK	L-cystine-binding protein TcyK	no	tcyK	en_familia	34	0.6800	shell	shell	si	no	no
bin_5_63	bin-5-63	bin_5_63_01599	cds	contig_51	151544	0.4225	106908	107669	-	43875	253	tcyL	L-cystine transport system permease protein TcyL	no	tcyL	en_familia	34	0.6800	shell	shell	si	no	no
bin_5_63	bin-5-63	bin_5_63_01600	cds	contig_51	151544	0.4225	107683	108246	-	43298	187	ytmI	Putative N-acetyltransferase YtmI	no	ytmI	en_familia	34	0.6800	shell	shell	si	no	no
bin_5_63	bin-5-63	bin_5_63_01601	cds	contig_51	151544	0.4225	108281	108535	-	43009	84		Redoxin	no	group_3296	en_familia	34	0.6800	shell	shell	si	no	no
bin_5_63	bin-5-63	bin_5_63_01602	cds	contig_51	151544	0.4225	108535	109560	-	41984	341		Monooxygenase (S-alkyl substrates)	no	group_3636	en_familia	34	0.6800	shell	shell	si	no	no
bin_5_63	bin-5-63	bin_5_63_01603	cds	contig_51	151544	0.4225	109544	110095	-	41449	183	ssuE	NADPH-dependent FMN reductase	no	ssuE	en_familia	34	0.6800	shell	shell	si	no	no
bin_5_63	bin-5-63	bin_5_63_01604	cds	contig_51	151544	0.4225	110246	111130	+	40414	294	cynR	HTH-type transcriptional regulator CynR	no	cynR	en_familia	34	0.6800	shell	shell	si	no	no
bin_5_63	bin-5-63	bin_5_63_01605	cds	contig_51	151544	0.4225	111169	112497	-	39047	442		Monooxygenase (S-alkyl substrates)	no	group_396	en_familia	34	0.6800	shell	shell	si	no	no
bin_5_63	bin-5-63	bin_5_63_01606	cds	contig_51	151544	0.4225	112872	113684	+	37860	270		Peptidase M84	no	group_1093	en_familia	50	1.0000	core	core	no	no	no
bin_5_63	bin-5-63	bin_5_63_01607	cds	contig_51	151544	0.4225	113737	113922	-	37622	61		2-hydroxymuconate tautomerase	no	group_4128	en_familia	50	1.0000	core	core	no	no	no
bin_5_63	bin-5-63	bin_5_63_01608	cds	contig_51	151544	0.4225	114030	114692	+	36852	220		Putative metal-dependent hydrolase integral membrane protein	no	group_4715	en_familia	50	1.0000	core	core	no	no	no
bin_5_63	bin-5-63	bin_5_63_01609	cds	contig_51	151544	0.4225	114705	115223	+	36321	172	ywhD	YwhD family protein	no	ywhD	en_familia	50	1.0000	core	core	no	no	no
bin_5_63	bin-5-63	bin_5_63_01610	cds	contig_51	151544	0.4225	115349	117418	-	34126	689		peptidoglycan glycosyltransferase	no	group_4118	en_familia	50	1.0000	core	core	no	no	no
bin_5_63	bin-5-63	bin_5_63_01611	cds	contig_51	151544	0.4225	117643	118473	+	33071	276	speE	spermidine synthase	no	speE	en_familia	50	1.0000	core	core	no	no	no
bin_5_63	bin-5-63	bin_5_63_01612	cds	contig_51	151544	0.4225	118543	119415	+	32129	290	speB	agmatinase	no	speB	en_familia	50	1.0000	core	core	no	no	no
bin_5_63	bin-5-63	bin_5_63_01613	cds	contig_51	151544	0.4225	119492	119842	+	31702	116		hypothetical protein	no	group_4099	en_familia	48	0.9600	core	core	no	no	no
bin_5_63	bin-5-63	bin_5_63_01614	cds	contig_51	151544	0.4225	119967	120389	+	31155	140		Beta-barrel protein ywib	no	group_3139	en_familia	50	1.0000	core	core	no	no	no
bin_5_63	bin-5-63	bin_5_63_01615	cds	contig_51	151544	0.4225	120386	122059	+	29485	557	argS	arginine--tRNA ligase	no	argS	en_familia	50	1.0000	core	core	no	no	no
bin_5_63	bin-5-63	bin_5_63_01616	cds	contig_51	151544	0.4225	122582	123550	-	27994	322		LD-carboxypeptidase	no	yocD	en_familia	50	1.0000	core	core	no	no	no
bin_5_63	bin-5-63	bin_5_63_01617	cds	contig_51	151544	0.4225	123702	125204	+	26340	500	cls	cardiolipin synthase	no	cls	en_familia	50	1.0000	core	core	no	no	no
bin_5_63	bin-5-63	bin_5_63_01618	cds	contig_51	151544	0.4225	125310	127025	+	24519	571		Putative ABC lipid transporter (ATP-binding protein)	no	group_199	en_familia	50	1.0000	core	core	no	no	no
bin_5_63	bin-5-63	bin_5_63_01619	cds	contig_51	151544	0.4225	127234	128232	+	23312	332		S66 peptidase family protein	no	group_4548	en_familia	50	1.0000	core	core	no	no	no
bin_5_63	bin-5-63	bin_5_63_01620	cds	contig_51	151544	0.4225	128444	128698	-	22846	84		General stress protein	no	group_3302	en_familia	50	1.0000	core	core	no	no	no
bin_5_63	bin-5-63	bin_5_63_01621	cds	contig_51	151544	0.4225	128772	129734	-	21810	320	uvsE	UV DNA damage repair endonuclease UvsE	no	uvsE	en_familia	50	1.0000	core	core	no	no	no
bin_5_63	bin-5-63	bin_5_63_01622	cds	contig_51	151544	0.4225	129747	130943	-	20601	398	cls	cardiolipin synthase	no	group_546	en_familia	50	1.0000	core	core	no	no	no
bin_5_63	bin-5-63	bin_5_63_01623	cds	contig_51	151544	0.4225	131087	133198	+	18346	703		4Fe-4S ferredoxin-type domain-containing protein	no	group_97	en_familia	50	1.0000	core	core	no	no	no
bin_5_63	bin-5-63	bin_5_63_01624	cds	contig_51	151544	0.4225	133301	134476	+	17068	391		acetyl-CoA C-acetyltransferase	no	group_3098	en_familia	50	1.0000	core	core	no	no	no
bin_5_63	bin-5-63	bin_5_63_01625	cds	contig_51	151544	0.4225	134496	135359	+	16185	287		3-hydroxybutyryl-CoA dehydrogenase	no	group_1013	en_familia	50	1.0000	core	core	no	no	no
bin_5_63	bin-5-63	bin_5_63_01626	cds	contig_51	151544	0.4225	135371	136483	+	15061	370		Propionyl-CoA dehydrogenase subunit	no	group_3970	en_familia	50	1.0000	core	core	no	no	no
bin_5_63	bin-5-63	bin_5_63_01627	cds	contig_51	151544	0.4225	136500	137642	+	13902	380		Acyl-CoA dehydrogenase	no	group_631	en_familia	50	1.0000	core	core	no	no	no
bin_5_63	bin-5-63	bin_5_63_01628	cds	contig_51	151544	0.4225	137771	137971	+	13573	66		Group-specific protein	no	group_3263	en_familia	44	0.8800	shell	shell	si	no	no
bin_5_63	bin-5-63	bin_5_63_01629	cds	contig_51	151544	0.4225	137985	138464	-	13080	159		Integral inner membrane protein	no	group_3454	en_familia	44	0.8800	shell	shell	si	no	no
bin_5_63	bin-5-63	bin_5_63_01630	cds	contig_51	151544	0.4225	138837	139373	+	12171	178	rpoE	DNA-directed RNA polymerase subunit delta	no	rpoE	en_familia	50	1.0000	core	core	no	no	no
bin_5_63	bin-5-63	bin_5_63_01631	cds	contig_51	151544	0.4225	139612	141219	+	10325	535	pyrG	glutamine hydrolyzing CTP synthase	no	pyrG	en_familia	50	1.0000	core	core	no	no	no
bin_5_63	bin-5-63	bin_5_63_01632	cds	contig_51	151544	0.4225	141261	141791	-	9753	176		DUF2529 domain-containing protein	no	group_1675	en_familia	50	1.0000	core	core	no	no	no
bin_5_63	bin-5-63	bin_5_63_01633	cds	contig_51	151544	0.4225	141972	142346	+	9198	124	spo0F	Sporulation initiation phosphotransferase F	no	spo0F	en_familia	50	1.0000	core	core	no	no	no
bin_5_63	bin-5-63	bin_5_63_01634	cds	contig_51	151544	0.4225	142525	143382	+	8162	285	fbaA	class II fructose-bisphosphate aldolase	no	fbaA	en_familia	50	1.0000	core	core	no	no	no
bin_5_63	bin-5-63	bin_5_63_01635	cds	contig_51	151544	0.4225	143494	144132	+	7412	212	fsa	fructose-6-phosphate aldolase	no	fsa	en_familia	50	1.0000	core	core	no	no	no
bin_5_63	bin-5-63	bin_5_63_01636	cds	contig_51	151544	0.4225	144379	145668	+	5876	429		UDP-N-acetylglucosamine 1-carboxyvinyltransferase	no	group_449	en_familia	50	1.0000	core	core	no	no	no
bin_5_63	bin-5-63	bin_5_63_01637	cds	contig_51	151544	0.4225	145701	146666	+	4878	321	glpX	class II fructose-bisphosphatase	no	glpX	en_familia	50	1.0000	core	core	no	no	no
bin_5_63	bin-5-63	bin_5_63_01638	cds	contig_51	151544	0.4225	147031	148314	+	3230	427	rho	transcription termination factor Rho	no	rho	en_familia	50	1.0000	core	core	no	no	no
bin_5_63	bin-5-63	bin_5_63_01639	cds	contig_51	151544	0.4225	148445	148645	+	2899	66	rpmE	50S ribosomal protein L31	no	rpmE	en_familia	50	1.0000	core	core	no	no	no
bin_5_63	bin-5-63	bin_5_63_01640	cds	contig_51	151544	0.4225	148733	149335	+	2209	200	tdk	thymidine kinase	no	tdk	en_familia	50	1.0000	core	core	no	no	no
bin_5_63	bin-5-63	bin_5_63_01641	cds	contig_51	151544	0.4225	149615	151315	+	229	566		NAD-dependent malic enzyme (Conversion of malate into pyruvate)	no	group_203	en_familia	50	1.0000	core	core	no	no	no
bin_5_63	bin-5-63	bin_5_63_01642	cds	contig_52	89638	0.4150	1204	2268	-	1203	354		hypothetical protein	no	group_3818	en_familia	50	1.0000	core	core	no	no	no
bin_5_63	bin-5-63	bin_5_63_01643	cds	contig_52	89638	0.4150	2525	2773	+	2524	82	fer	Ferredoxin	no	fer	en_familia	50	1.0000	core	core	no	no	no
bin_5_63	bin-5-63	bin_5_63_01644	cds	contig_52	89638	0.4150	2808	3389	-	2807	193		Riboflavin transporter	no	group_3804	en_familia	49	0.9800	core	core	no	no	no
bin_5_63	bin-5-63	bin_5_63_01645	cds	contig_52	89638	0.4150	3959	5533	+	3958	524	serA	phosphoglycerate dehydrogenase	no	serA	en_familia	49	0.9800	core	core	no	no	no
bin_5_63	bin-5-63	bin_5_63_01646	cds	contig_52	89638	0.4150	5567	6214	-	5566	215	lysM	LysM domain-containing protein	no	group_3805	en_familia	49	0.9800	core	core	no	no	no
bin_5_63	bin-5-63	bin_5_63_01647	cds	contig_52	89638	0.4150	6512	7618	-	6511	368		Sigma X negative regulator	no	group_668	en_familia	50	1.0000	core	core	no	no	no
bin_5_63	bin-5-63	bin_5_63_01648	cds	contig_52	89638	0.4150	7578	8138	-	7577	186	sigX	RNA polymerase sigma factor SigX	no	sigX	en_familia	50	1.0000	core	core	no	no	no
bin_5_63	bin-5-63	bin_5_63_01649	cds	contig_52	89638	0.4150	8341	10122	-	8340	593		histidine kinase	no	group_3447	en_familia	50	1.0000	core	core	no	no	no
bin_5_63	bin-5-63	bin_5_63_01650	cds	contig_52	89638	0.4150	10119	10841	-	10118	240	resD	Transcriptional regulatory protein ResD	no	resD	en_familia	50	1.0000	core	core	no	no	no
bin_5_63	bin-5-63	bin_5_63_01651	cds	contig_52	89638	0.4150	10928	12106	-	10927	392	ccsB	c-type cytochrome biogenesis protein CcsB	no	ccsB	en_familia	50	1.0000	core	core	no	no	no
bin_5_63	bin-5-63	bin_5_63_01652	cds	contig_52	89638	0.4150	12090	13769	-	12089	559	ccsB	Cytochrome c biogenesis protein CcsB	no	group_3958	en_familia	50	1.0000	core	core	no	no	no
bin_5_63	bin-5-63	bin_5_63_01653	cds	contig_52	89638	0.4150	13771	14301	-	13770	176	resA	Thiol-disulfide oxidoreductase ResA	no	group_4167	en_familia	50	1.0000	core	core	no	no	no
bin_5_63	bin-5-63	bin_5_63_01654	cds	contig_52	89638	0.4150	14392	15126	-	14391	244		Pseudouridine synthase	no	group_1264	en_familia	50	1.0000	core	core	no	no	no
bin_5_63	bin-5-63	bin_5_63_01655	cds	contig_52	89638	0.4150	15261	15797	-	15260	178		Spore maturation protein	no	group_1665	en_familia	50	1.0000	core	core	no	no	no
bin_5_63	bin-5-63	bin_5_63_01656	cds	contig_52	89638	0.4150	15802	16389	-	15801	195		Spore maturation protein A	no	group_1560	en_familia	50	1.0000	core	core	no	no	no
bin_5_63	bin-5-63	bin_5_63_01657	cds	contig_52	89638	0.4150	16377	17534	-	16376	385		serine-type D-Ala-D-Ala carboxypeptidase	no	group_610	en_familia	50	1.0000	core	core	no	no	no
bin_5_63	bin-5-63	bin_5_63_01658	cds	contig_52	89638	0.4150	17639	18118	-	17638	159		DUF3907 domain-containing protein	no	group_3256	en_familia	50	1.0000	core	core	no	no	no
bin_5_63	bin-5-63	bin_5_63_01659	cds	contig_52	89638	0.4150	18232	18825	-	18231	197	scpB	SMC-Scp complex subunit ScpB	no	scpB	en_familia	50	1.0000	core	core	no	no	no
bin_5_63	bin-5-63	bin_5_63_01660	cds	contig_52	89638	0.4150	18815	19573	-	18814	252	scpA	segregation/condensation protein A	no	scpA	en_familia	50	1.0000	core	core	no	no	no
bin_5_63	bin-5-63	bin_5_63_01661	cds	contig_52	89638	0.4150	19784	19876	+	19783	30	yjcZ	Sporulation protein YjcZ	no	group_2984	en_familia	50	1.0000	core	core	no	no	no
bin_5_63	bin-5-63	bin_5_63_01662	cds	contig_52	89638	0.4150	19965	20489	+	19964	174		DUF309 domain-containing protein	no	group_3506	en_familia	50	1.0000	core	core	no	no	no
bin_5_63	bin-5-63	bin_5_63_01663	cds	contig_52	89638	0.4150	20514	20867	-	20513	117	ribT	Protein RibT	no	ribT	en_familia	50	1.0000	core	core	no	no	no
bin_5_63	bin-5-63	bin_5_63_01664	cds	contig_52	89638	0.4150	20981	21445	-	20980	154	ribE	6,7-dimethyl-8-ribityllumazine synthase	no	group_1827	en_familia	50	1.0000	core	core	no	no	no
bin_5_63	bin-5-63	bin_5_63_01665	cds	contig_52	89638	0.4150	21472	22095	-	21471	207		3,4-dihydroxy-2-butanone 4-phosphate synthase	no	group_1479	en_familia	50	1.0000	core	core	no	no	no
bin_5_63	bin-5-63	bin_5_63_01666	cds	contig_52	89638	0.4150	22107	22757	-	22106	216	ribE	riboflavin synthase	no	ribE	en_familia	50	1.0000	core	core	no	no	no
bin_5_63	bin-5-63	bin_5_63_01667	cds	contig_52	89638	0.4150	23266	23610	-	23265	114		DUF3221 domain-containing protein	no	group_2123	en_familia	50	1.0000	core	core	no	no	no
bin_5_63	bin-5-63	bin_5_63_01668	cds	contig_52	89638	0.4150	23842	24078	-	23841	78		DUF2164 domain-containing protein	no	group_4230	en_familia	50	1.0000	core	core	no	no	no
bin_5_63	bin-5-63	bin_5_63_01669	cds	contig_52	89638	0.4150	24279	24860	-	24278	193	comR	HTH-type transcriptional repressor ComR	no	comR	en_familia	50	1.0000	core	core	no	no	no
bin_5_63	bin-5-63	bin_5_63_01670	cds	contig_52	89638	0.4150	25127	26374	+	25126	415	ygaY	Uncharacterized transporter YgaY	no	ygaY	en_familia	50	1.0000	core	core	no	no	no
bin_5_63	bin-5-63	bin_5_63_01671	cds	contig_52	89638	0.4150	26405	26842	-	26404	145	ppiB	Peptidyl-prolyl cis-trans isomerase	no	ppiB	en_familia	50	1.0000	core	core	no	no	no
bin_5_63	bin-5-63	bin_5_63_01672	cds	contig_52	89638	0.4150	27164	28048	+	27163	294		DUF1002 domain-containing protein	no	group_987	en_familia	50	1.0000	core	core	no	no	no
bin_5_63	bin-5-63	bin_5_63_01673	cds	contig_52	89638	0.4150	28088	29419	-	28087	443	lysA	diaminopimelate decarboxylase	no	lysA	en_familia	50	1.0000	core	core	no	no	no
bin_5_63	bin-5-63	bin_5_63_01674	cds	contig_52	89638	0.4150	29529	31001	-	29528	490		Spore germination protein XA	no	group_286	en_familia	50	1.0000	core	core	no	no	no
bin_5_63	bin-5-63	bin_5_63_01675	cds	contig_52	89638	0.4150	30955	31563	-	30954	202		Stage V sporulation germinant protein	no	group_1518	en_familia	50	1.0000	core	core	no	no	no
bin_5_63	bin-5-63	bin_5_63_01676	cds	contig_52	89638	0.4150	31570	31920	-	31569	116	spoVAE	stage V sporulation protein AE	no	spoVAE	en_familia	50	1.0000	core	core	no	no	no
bin_5_63	bin-5-63	bin_5_63_01677	cds	contig_52	89638	0.4150	31920	32936	-	31919	338	spoVAD	stage V sporulation protein AD	no	spoVAD	en_familia	50	1.0000	core	core	no	no	no
bin_5_63	bin-5-63	bin_5_63_01678	cds	contig_52	89638	0.4150	32949	33401	-	32948	150	spoVAC	stage V sporulation protein AC	no	spoVAC	en_familia	50	1.0000	core	core	no	no	no
bin_5_63	bin-5-63	bin_5_63_01679	cds	contig_52	89638	0.4150	33422	33838	-	33421	138		Stage V sporulation protein AB	no	group_1947	en_familia	50	1.0000	core	core	no	no	no
bin_5_63	bin-5-63	bin_5_63_01680	cds	contig_52	89638	0.4150	33828	34448	-	33827	206		Stage V sporulation protein AA	no	group_1486	en_familia	50	1.0000	core	core	no	no	no
bin_5_63	bin-5-63	bin_5_63_01681	cds	contig_52	89638	0.4150	34563	35330	-	34562	255	sigF	RNA polymerase sporulation sigma factor SigF	no	sigF	en_familia	50	1.0000	core	core	no	no	no
bin_5_63	bin-5-63	bin_5_63_01682	cds	contig_52	89638	0.4150	35343	35783	-	35342	146	spoIIAB	anti-sigma F factor	no	spoIIAB	en_familia	50	1.0000	core	core	no	no	no
bin_5_63	bin-5-63	bin_5_63_01683	cds	contig_52	89638	0.4150	35780	36133	-	35779	117	spoIIAA	anti-sigma F factor antagonist	no	spoIIAA	en_familia	50	1.0000	core	core	no	no	no
bin_5_63	bin-5-63	bin_5_63_01684	cds	contig_52	89638	0.4150	36291	37478	-	36290	395		serine-type D-Ala-D-Ala carboxypeptidase	no	group_3365	en_familia	50	1.0000	core	core	no	no	no
bin_5_63	bin-5-63	bin_5_63_01685	cds	contig_52	89638	0.4150	37605	38417	-	37604	270		purine-nucleoside phosphorylase	no	group_1104	en_familia	50	1.0000	core	core	no	no	no
bin_5_63	bin-5-63	bin_5_63_01686	cds	contig_52	89638	0.4150	38429	39613	-	38428	394	deoB	phosphopentomutase	no	deoB	en_familia	50	1.0000	core	core	no	no	no
bin_5_63	bin-5-63	bin_5_63_01687	cds	contig_52	89638	0.4150	39767	40657	-	39766	296	xerD	site-specific tyrosine recombinase XerD	no	xerD	en_familia	50	1.0000	core	core	no	no	no
bin_5_63	bin-5-63	bin_5_63_01688	cds	contig_52	89638	0.4150	40664	40891	-	40663	75		DUF4227 domain-containing protein	no	yqzK	en_familia	50	1.0000	core	core	no	no	no
bin_5_63	bin-5-63	bin_5_63_01689	cds	contig_52	89638	0.4150	41009	41461	-	41008	150	fur	ferric iron uptake transcriptional regulator	no	fur	en_familia	50	1.0000	core	core	no	no	no
bin_5_63	bin-5-63	bin_5_63_01690	cds	contig_52	89638	0.4150	41583	42227	-	41582	214	spoIIM	stage II sporulation protein M	no	spoIIM	en_familia	50	1.0000	core	core	no	no	no
bin_5_63	bin-5-63	bin_5_63_01691	cds	contig_52	89638	0.4150	42343	43473	-	42342	376		Subtilisin NAT	no	group_640	en_familia	50	1.0000	core	core	no	no	no
bin_5_63	bin-5-63	bin_5_63_01692	cds	contig_52	89638	0.4150	43585	43806	-	43584	73	yqkK	YqkK	no	yqkK	en_familia	50	1.0000	core	core	no	no	no
bin_5_63	bin-5-63	bin_5_63_01693	cds	contig_52	89638	0.4150	44074	44526	-	44073	150		GNAT family N-acetyltransferase	no	group_3954	en_familia	50	1.0000	core	core	no	no	no
bin_5_63	bin-5-63	bin_5_63_01694	cds	contig_52	89638	0.4150	44513	45694	-	43944	393		TIGR00375 family protein	no	group_567	en_familia	50	1.0000	core	core	no	no	no
bin_5_63	bin-5-63	bin_5_63_01695	cds	contig_52	89638	0.4150	45691	46248	-	43390	185		Isopentenyl pyrophosphate and dimethylallyl pyrophosphate diphosphatase (Moonlighting ADP-ribose pyrophosphatase)	no	group_1622	en_familia	50	1.0000	core	core	no	no	no
bin_5_63	bin-5-63	bin_5_63_01696	cds	contig_52	89638	0.4150	46417	47343	+	42295	308	iolS	Aldo-keto reductase IolS	no	iolS	en_familia	50	1.0000	core	core	no	no	no
bin_5_63	bin-5-63	bin_5_63_01697	cds	contig_52	89638	0.4150	47598	49217	-	40421	539		Dipeptide ABC transporter (Dipeptide-binding lipoprotein)	no	group_224	en_familia	50	1.0000	core	core	no	no	no
bin_5_63	bin-5-63	bin_5_63_01698	cds	contig_52	89638	0.4150	49214	50227	-	39411	337		Dipeptide ABC transporter (ATP-binding subunit)	no	group_791	en_familia	50	1.0000	core	core	no	no	no
bin_5_63	bin-5-63	bin_5_63_01699	cds	contig_52	89638	0.4150	50235	51197	-	38441	320		Diguanylate cyclase	no	group_863	en_familia	50	1.0000	core	core	no	no	no
bin_5_63	bin-5-63	bin_5_63_01700	cds	contig_52	89638	0.4150	51194	52129	-	37509	311	dppB	Dipeptide transport system permease protein DppB	no	group_911	en_familia	50	1.0000	core	core	no	no	no
bin_5_63	bin-5-63	bin_5_63_01701	cds	contig_52	89638	0.4150	52148	52972	-	36666	274		D-alanyl-aminopeptidase	no	group_4065	en_familia	50	1.0000	core	core	no	no	no
bin_5_63	bin-5-63	bin_5_63_01702	cds	contig_52	89638	0.4150	53162	53986	-	35652	274	proG	pyrroline-5-carboxylate reductase ProG	no	proG	en_familia	50	1.0000	core	core	no	no	no
bin_5_63	bin-5-63	bin_5_63_01703	cds	contig_52	89638	0.4150	54156	55475	+	34163	439	htrA	Serine protease Do-like HtrA	no	group_4060	en_familia	50	1.0000	core	core	no	no	no
bin_5_63	bin-5-63	bin_5_63_01704	cds	contig_52	89638	0.4150	55518	56468	-	33170	316		Ring-cleaving dioxygenase	no	group_888	en_familia	50	1.0000	core	core	no	no	no
bin_5_63	bin-5-63	bin_5_63_01705	cds	contig_52	89638	0.4150	56798	58123	+	31515	441		Serine/threonine protein kinase	no	group_400	en_familia	50	1.0000	core	core	no	no	no
bin_5_63	bin-5-63	bin_5_63_01706	cds	contig_52	89638	0.4150	58137	58466	-	31172	109		Bh protein	no	group_2184	en_familia	50	1.0000	core	core	no	no	no
bin_5_63	bin-5-63	bin_5_63_01707	cds	contig_52	89638	0.4150	58530	59486	-	30152	318		Deoxyribonucleoside regulator	no	group_875	en_familia	50	1.0000	core	core	no	no	no
bin_5_63	bin-5-63	bin_5_63_01708	cds	contig_52	89638	0.4150	59580	60365	-	29273	261		Short-chain dehydrogenase	no	group_4056	en_familia	50	1.0000	core	core	no	no	no
bin_5_63	bin-5-63	bin_5_63_01709	cds	contig_52	89638	0.4150	60343	61038	-	28600	231		Short-chain dehydrogenase	no	group_3871	en_familia	50	1.0000	core	core	no	no	no
bin_5_63	bin-5-63	bin_5_63_01710	cds	contig_52	89638	0.4150	61070	62452	-	27186	460	lpdA	dihydrolipoyl dehydrogenase	no	group_355	en_familia	50	1.0000	core	core	no	no	no
bin_5_63	bin-5-63	bin_5_63_01711	cds	contig_52	89638	0.4150	62465	63787	-	25851	440		Dihydrolipoamide acetyltransferase component of pyruvate dehydrogenase complex	no	group_3870	en_familia	50	1.0000	core	core	no	no	no
bin_5_63	bin-5-63	bin_5_63_01712	cds	contig_52	89638	0.4150	63805	64800	-	24838	331		2-oxoisovalerate dehydrogenase subunit beta	no	group_3307	en_familia	50	1.0000	core	core	no	no	no
bin_5_63	bin-5-63	bin_5_63_01713	cds	contig_52	89638	0.4150	64817	65800	-	23838	327	pdhA	pyruvate dehydrogenase (acetyl-transferring) E1 component subunit alpha	no	group_839	en_familia	50	1.0000	core	core	no	no	no
bin_5_63	bin-5-63	bin_5_63_01714	cds	contig_52	89638	0.4150	65981	67012	-	22626	343		Sorbitol dehydrogenase	no	group_767	en_familia	50	1.0000	core	core	no	no	no
bin_5_63	bin-5-63	bin_5_63_01715	cds	contig_52	89638	0.4150	67009	67455	-	22183	148		PH domain-containing protein	no	group_1879	en_familia	50	1.0000	core	core	no	no	no
bin_5_63	bin-5-63	bin_5_63_01716	cds	contig_52	89638	0.4150	67518	67796	-	21842	92		PTS galactitol transporter subunit IIB	no	group_2329	en_familia	50	1.0000	core	core	no	no	no
bin_5_63	bin-5-63	bin_5_63_01717	cds	contig_52	89638	0.4150	67816	69189	-	20449	457		PTS galactitol transporter subunit IIC	no	group_364	en_familia	50	1.0000	core	core	no	no	no
bin_5_63	bin-5-63	bin_5_63_01718	cds	contig_52	89638	0.4150	69240	69707	-	19931	155		PTS system galactitol-specific EIIA component	no	group_1821	en_familia	50	1.0000	core	core	no	no	no
bin_5_63	bin-5-63	bin_5_63_01719	cds	contig_52	89638	0.4150	69948	70679	-	18959	243		ABC transporter domain-containing protein	no	group_4284	en_familia	50	1.0000	core	core	no	no	no
bin_5_63	bin-5-63	bin_5_63_01720	cds	contig_52	89638	0.4150	70695	71564	-	18074	289	cysW	sulfate ABC transporter permease subunit CysW	no	cysW	en_familia	50	1.0000	core	core	no	no	no
bin_5_63	bin-5-63	bin_5_63_01721	cds	contig_52	89638	0.4150	71570	72415	-	17223	281	cysT	sulfate ABC transporter permease subunit CysT	no	cysT	en_familia	50	1.0000	core	core	no	no	no
bin_5_63	bin-5-63	bin_5_63_01722	cds	contig_52	89638	0.4150	72427	73458	-	16180	343		Sulfate-binding protein	no	group_3780	en_familia	50	1.0000	core	core	no	no	no
bin_5_63	bin-5-63	bin_5_63_01723	cds	contig_52	89638	0.4150	73716	75470	-	14168	584	ggt	gamma-glutamyltransferase	no	ggt	en_familia	50	1.0000	core	core	no	no	no
bin_5_63	bin-5-63	bin_5_63_01724	cds	contig_52	89638	0.4150	75698	76156	+	13482	152		ASCH domain-containing protein	no	group_3779	en_familia	50	1.0000	core	core	no	no	no
bin_5_63	bin-5-63	bin_5_63_01725	cds	contig_52	89638	0.4150	76363	76980	+	12658	205	ykaA	UPF0111 protein YkaA	no	ykaA	en_familia	50	1.0000	core	core	no	no	no
bin_5_63	bin-5-63	bin_5_63_01726	cds	contig_52	89638	0.4150	76996	77994	+	11644	332		Inorganic phosphate transporter	no	group_810	en_familia	50	1.0000	core	core	no	no	no
bin_5_63	bin-5-63	bin_5_63_01727	cds	contig_52	89638	0.4150	78139	78909	+	10729	256		Stage II sporulation protein SA	no	group_3557	en_familia	50	1.0000	core	core	no	no	no
bin_5_63	bin-5-63	bin_5_63_01728	cds	contig_52	89638	0.4150	78878	79054	+	10584	58		Three-component apoptotic control system component B (Antitoxin B)	no	group_2746	en_familia	50	1.0000	core	core	no	no	no
bin_5_63	bin-5-63	bin_5_63_01729	cds	contig_52	89638	0.4150	79154	79285	+	10353	43		hypothetical protein	no	group_4421	en_familia	50	1.0000	core	core	no	no	no
bin_5_63	bin-5-63	bin_5_63_01730	cds	contig_52	89638	0.4150	79274	80173	-	9465	299		N-acetylmuramoyl-L-alanine amidase	no	group_4597	en_familia	50	1.0000	core	core	no	no	no
bin_5_63	bin-5-63	bin_5_63_01731	cds	contig_52	89638	0.4150	80192	80419	-	9219	75		hypothetical protein	no	group_4597	en_familia	50	1.0000	core	core	no	no	no
bin_5_63	bin-5-63	bin_5_63_01732	cds	contig_52	89638	0.4150	80485	81069	+	8569	194		Phage portal protein	no	group_3421	en_familia	50	1.0000	core	core	no	no	no
bin_5_63	bin-5-63	bin_5_63_01733	cds	contig_52	89638	0.4150	81060	81683	-	7955	207		Replication protein	no	group_1478	en_familia	50	1.0000	core	core	no	no	no
bin_5_63	bin-5-63	bin_5_63_01734	cds	contig_52	89638	0.4150	81928	82299	+	7339	123		DUF5412 domain-containing protein	no	group_3363	en_familia	50	1.0000	core	core	no	no	no
bin_5_63	bin-5-63	bin_5_63_01735	cds	contig_52	89638	0.4150	82339	83163	-	6475	274		Chemotaxis protein	no	group_4573	en_familia	50	1.0000	core	core	no	no	no
bin_5_63	bin-5-63	bin_5_63_01736	cds	contig_52	89638	0.4150	83274	84854	+	4784	526		Dehydrogenase (Flavoprotein)	no	group_4736	en_familia	50	1.0000	core	core	no	no	no
bin_5_63	bin-5-63	bin_5_63_01737	cds	contig_52	89638	0.4150	84887	85807	-	3831	306		Flagellin	no	group_4972	en_familia	50	1.0000	core	core	no	no	no
bin_5_63	bin-5-63	bin_5_63_01738	cds	contig_52	89638	0.4150	86101	86973	-	2665	290		Flagellin	no	group_4955	en_familia	46	0.9200	shell	core	si	no	no
bin_5_63	bin-5-63	bin_5_63_01739	cds	contig_52	89638	0.4150	87186	88106	-	1532	306		Flagellin	no	group_935	en_familia	13	0.2600	shell	shell	si	no	no
bin_5_63	bin-5-63	bin_5_63_01740	cds	contig_52	89638	0.4150	88380	89285	-	353	301		Flagellin	no	yvzB	en_familia	19	0.3800	shell	shell	si	no	no
bin_5_63	bin-5-63	bin_5_63_01741	cds	contig_53	21139	0.4168	55	1512	+	54	485		Long-chain-fatty-acid--CoA ligase	no	group_3593	en_familia	50	1.0000	core	core	no	no	no
bin_5_63	bin-5-63	bin_5_63_01742	cds	contig_53	21139	0.4168	1706	2122	-	1705	138		Sporulation protein	no	group_4651	en_familia	50	1.0000	core	core	no	no	no
bin_5_63	bin-5-63	bin_5_63_01743	cds	contig_53	21139	0.4168	2300	3583	+	2299	427	htpX	Protease HtpX	no	group_4477	en_familia	50	1.0000	core	core	no	no	no
bin_5_63	bin-5-63	bin_5_63_01744	cds	contig_53	21139	0.4168	3630	4775	-	3629	381		hypothetical protein	no	group_3615	en_familia	50	1.0000	core	core	no	no	no
bin_5_63	bin-5-63	bin_5_63_01745	cds	contig_53	21139	0.4168	5162	5746	-	5161	194		Promiscuous phosphatase putative (Phosphoglycerate) mutase	no	group_3905	en_familia	50	1.0000	core	core	no	no	no
bin_5_63	bin-5-63	bin_5_63_01746	cds	contig_53	21139	0.4168	5808	7103	-	5807	431		Heme-based dioxygen sensor	no	group_438	en_familia	50	1.0000	core	core	no	no	no
bin_5_63	bin-5-63	bin_5_63_01747	cds	contig_53	21139	0.4168	7195	8727	-	7194	510		(2Fe-2S)-binding protein	no	group_3904	en_familia	50	1.0000	core	core	no	no	no
bin_5_63	bin-5-63	bin_5_63_01748	cds	contig_53	21139	0.4168	8870	9730	+	8869	286		Putative oxidoreductase	no	group_3815	en_familia	50	1.0000	core	core	no	no	no
bin_5_63	bin-5-63	bin_5_63_01749	cds	contig_53	21139	0.4168	9789	10025	-	9788	78		IDEAL domain-containing protein	no	group_4232	en_familia	50	1.0000	core	core	no	no	no
bin_5_63	bin-5-63	bin_5_63_01750	cds	contig_53	21139	0.4168	10315	10893	+	10246	192		Competence protein	no	group_4848	en_familia	50	1.0000	core	core	no	no	no
bin_5_63	bin-5-63	bin_5_63_01751	cds	contig_53	21139	0.4168	10893	12143	+	8996	416		D-serine deaminase, pyridoxal phosphate-dependent	no	group_3439	en_familia	50	1.0000	core	core	no	no	no
bin_5_63	bin-5-63	bin_5_63_01752	cds	contig_53	21139	0.4168	12530	13012	+	8127	160		Lipoprotein	no	group_3170	en_familia	50	1.0000	core	core	no	no	no
bin_5_63	bin-5-63	bin_5_63_01753	cds	contig_53	21139	0.4168	13043	14482	-	6657	479	gntR	GntR family transcriptional regulator	no	group_3603	en_familia	50	1.0000	core	core	no	no	no
bin_5_63	bin-5-63	bin_5_63_01754	cds	contig_53	21139	0.4168	14626	15795	+	5344	389		MFS transporter	no	group_4653	en_familia	50	1.0000	core	core	no	no	no
bin_5_63	bin-5-63	bin_5_63_01755	cds	contig_53	21139	0.4168	15858	16136	+	5003	92		Barstar (barnase inhibitor) domain-containing protein	no	group_3961	en_familia	50	1.0000	core	core	no	no	no
bin_5_63	bin-5-63	bin_5_63_01756	cds	contig_53	21139	0.4168	16294	17244	+	3895	316		Petrobactin iron-siderophore ABC transporter (Permease)	no	group_887	en_familia	50	1.0000	core	core	no	no	no
bin_5_63	bin-5-63	bin_5_63_01757	cds	contig_53	21139	0.4168	17237	18187	+	2952	316	fatC	Ferric-anguibactin transport system permease protein FatC	no	fatC	en_familia	50	1.0000	core	core	no	no	no
bin_5_63	bin-5-63	bin_5_63_01758	cds	contig_53	21139	0.4168	18178	18936	+	2203	252		Iron ABC transporter ATP-binding protein	no	fecE	en_familia	50	1.0000	core	core	no	no	no
bin_5_63	bin-5-63	bin_5_63_01759	cds	contig_53	21139	0.4168	18959	19903	+	1236	314	yclQ	Putative ABC transporter solute-binding protein YclQ	no	yclQ	en_familia	50	1.0000	core	core	no	no	no
bin_5_63	bin-5-63	bin_5_63_01760	cds	contig_53	21139	0.4168	20085	20999	+	140	304	tagT	Polyisoprenyl-teichoic acid--peptidoglycan teichoic acid transferase TagT	no	group_946	en_familia	49	0.9800	core	core	no	no	no
bin_5_63	bin-5-63	bin_5_63_01761	cds	contig_54	24320	0.4010	120	572	-	119	150		DUF2188 domain-containing protein	no	group_4930	en_familia	50	1.0000	core	core	no	no	no
bin_5_63	bin-5-63	bin_5_63_01762	cds	contig_54	24320	0.4010	732	1205	+	731	157		Glutathione transferase	no	group_4570	en_familia	50	1.0000	core	core	no	no	no
bin_5_63	bin-5-63	bin_5_63_01763	cds	contig_54	24320	0.4010	1254	1667	+	1253	137	ywnA	Putative HTH-type transcriptional regulator YwnA	no	ywnA	en_familia	50	1.0000	core	core	no	no	no
bin_5_63	bin-5-63	bin_5_63_01764	cds	contig_54	24320	0.4010	1803	2654	+	1802	283		SDR family oxidoreductase	no	group_4865	en_familia	50	1.0000	core	core	no	no	no
bin_5_63	bin-5-63	bin_5_63_01765	cds	contig_54	24320	0.4010	2879	4477	+	2878	532		Ste24 endopeptidase	no	group_5423	en_familia	36	0.7200	shell	shell	si	no	no
bin_5_63	bin-5-63	bin_5_63_01766	cds	contig_54	24320	0.4010	4724	5440	+	4723	238	lutA	Lactate utilization protein A	no	lutA	en_familia	50	1.0000	core	core	no	no	no
bin_5_63	bin-5-63	bin_5_63_01767	cds	contig_54	24320	0.4010	5462	6886	+	5461	474	lutB	LutB/LldF family L-lactate oxidation iron-sulfur protein	no	lutB	en_familia	50	1.0000	core	core	no	no	no
bin_5_63	bin-5-63	bin_5_63_01768	cds	contig_54	24320	0.4010	6883	7605	+	6882	240		Lactate utilization protein C	no	group_3178	en_familia	50	1.0000	core	core	no	no	no
bin_5_63	bin-5-63	bin_5_63_01769	cds	contig_54	24320	0.4010	7738	8646	+	7737	302	eamA	EamA domain-containing protein	no	eamA	en_familia	50	1.0000	core	core	no	no	no
bin_5_63	bin-5-63	bin_5_63_01770	cds	contig_54	24320	0.4010	8698	8838	-	8697	46		hypothetical protein	no	group_2887	en_familia	3	0.0600	cloud	cloud	si	si	no
bin_5_63	bin-5-63	bin_5_63_01771	cds	contig_54	24320	0.4010	8950	11166	+	8949	738		RNA ligase	no	group_3705	en_familia	50	1.0000	core	core	no	no	no
bin_5_63	bin-5-63	bin_5_63_01772	cds	contig_54	24320	0.4010	11231	11941	+	11230	236		DUF421 domain-containing protein	no	group_4229	en_familia	50	1.0000	core	core	no	no	no
bin_5_63	bin-5-63	bin_5_63_01773	cds	contig_54	24320	0.4010	12170	12751	+	11569	193	cypB	Transcriptional regulator for cypB	no	cypB	en_familia	50	1.0000	core	core	no	no	no
bin_5_63	bin-5-63	bin_5_63_01774	cds	contig_54	24320	0.4010	12773	15916	+	8404	1047		Bifunctional cytochrome P450/NADPH--P450 reductase	no	group_3437	en_familia	50	1.0000	core	core	no	no	no
bin_5_63	bin-5-63	bin_5_63_01775	cds	contig_54	24320	0.4010	16161	17069	+	7251	302		Serine protease	no	group_953	en_familia	50	1.0000	core	core	no	no	no
bin_5_63	bin-5-63	bin_5_63_01776	cds	contig_54	24320	0.4010	17216	19210	+	5110	664		Putative glycosyl transferase	no	group_4077	en_familia	50	1.0000	core	core	no	no	no
bin_5_63	bin-5-63	bin_5_63_01777	cds	contig_54	24320	0.4010	19384	19818	+	4502	144		Sporulation-specific extracellular nuclease	no	group_3354	en_familia	50	1.0000	core	core	no	no	no
bin_5_63	bin-5-63	bin_5_63_01778	cds	contig_54	24320	0.4010	19956	20810	+	3510	284	rsbT	RsbT co-antagonist protein RsbRC	no	group_3649	en_familia	50	1.0000	core	core	no	no	no
bin_5_63	bin-5-63	bin_5_63_01779	cds	contig_54	24320	0.4010	20843	21385	-	2935	180	iseA	IseA DL-endopeptidase inhibitor	no	iseA	en_familia	50	1.0000	core	core	no	no	no
bin_5_63	bin-5-63	bin_5_63_01780	cds	contig_54	24320	0.4010	21784	22125	+	2195	113		Transporter	no	group_3425	en_familia	47	0.9400	shell	core	si	no	no
bin_5_63	bin-5-63	bin_5_63_01781	cds	contig_54	24320	0.4010	22173	22793	-	1527	206	lexA	transcriptional repressor LexA	no	lexA	en_familia	50	1.0000	core	core	no	no	no
bin_5_63	bin-5-63	bin_5_63_01782	cds	contig_54	24320	0.4010	22953	23264	+	1056	103	yneA	cell division suppressor protein YneA	no	yneA	en_familia	50	1.0000	core	core	no	no	no
bin_5_63	bin-5-63	bin_5_63_01783	cds	contig_54	24320	0.4010	23282	23929	+	391	215		Resolvase	no	group_3516	en_familia	50	1.0000	core	core	no	no	no
bin_5_63	bin-5-63	bin_5_63_01784	cds	contig_54	24320	0.4010	23999	24229	+	91	76		UPF0291 protein BPUM_1689	no	group_3103	en_familia	50	1.0000	core	core	no	no	no
bin_5_63	bin-5-63	bin_5_63_01785	cds	contig_55	2064	0.4075	1236	1358	+	706	40		hypothetical protein	no	group_5830	en_familia	0	0.0000	exclusivo	exclusivo	no	no	si
bin_5_63	bin-5-63	bin_5_63_01786	cds	contig_56	48845	0.4214	73	1092	+	72	339		hypothetical protein	no	group_3350	en_familia	50	1.0000	core	core	no	no	no
bin_5_63	bin-5-63	bin_5_63_01787	cds	contig_56	48845	0.4214	1134	2003	-	1133	289	gatY	D-tagatose-1,6-bisphosphate aldolase subunit GatY	no	gatY	en_familia	50	1.0000	core	core	no	no	no
bin_5_63	bin-5-63	bin_5_63_01788	cds	contig_56	48845	0.4214	2006	2461	-	2005	151		PTS system mannose-specific EIIBCA component	no	group_3852	en_familia	50	1.0000	core	core	no	no	no
bin_5_63	bin-5-63	bin_5_63_01789	cds	contig_56	48845	0.4214	2480	3895	-	2479	471		PTS fructose transporter subunit IIC	no	group_4748	en_familia	50	1.0000	core	core	no	no	no
bin_5_63	bin-5-63	bin_5_63_01790	cds	contig_56	48845	0.4214	3908	4822	-	3907	304	pfkB	1-phosphofructokinase	no	group_3184	en_familia	50	1.0000	core	core	no	no	no
bin_5_63	bin-5-63	bin_5_63_01791	cds	contig_56	48845	0.4214	4953	5729	-	4952	258	glvR	HTH-type transcriptional regulator GlvR	no	glvR	en_familia	50	1.0000	core	core	no	no	no
bin_5_63	bin-5-63	bin_5_63_01792	cds	contig_56	48845	0.4214	5891	7297	+	5890	468		Phospholipase d domain protein	no	group_4155	en_familia	50	1.0000	core	core	no	no	no
bin_5_63	bin-5-63	bin_5_63_01793	cds	contig_56	48845	0.4214	7310	7795	-	7309	161		DMT superfamily drug/metabolite transporter	no	group_3668	en_familia	49	0.9800	core	core	no	no	no
bin_5_63	bin-5-63	bin_5_63_01794	cds	contig_56	48845	0.4214	7817	8503	-	7816	228		Crp/Fnr family transcriptional regulator	no	group_4304	en_familia	49	0.9800	core	core	no	no	no
bin_5_63	bin-5-63	bin_5_63_01795	cds	contig_56	48845	0.4214	8517	8942	-	8516	141		EamA-like transporter family protein	no	group_1927	en_familia	49	0.9800	core	core	no	no	no
bin_5_63	bin-5-63	bin_5_63_01796	cds	contig_56	48845	0.4214	9155	10582	+	9154	475		aldehyde dehydrogenase (NAD(+))	no	group_319	en_familia	49	0.9800	core	core	no	no	no
bin_5_63	bin-5-63	bin_5_63_01797	cds	contig_56	48845	0.4214	10654	11631	-	10653	325		Serine protease	no	group_3498	en_familia	7	0.1400	cloud	cloud	si	si	no
bin_5_63	bin-5-63	bin_5_63_01798	cds	contig_56	48845	0.4214	11694	12071	-	11693	125		DUF3221 domain-containing protein	no	group_2035	en_familia	7	0.1400	cloud	cloud	si	si	no
bin_5_63	bin-5-63	bin_5_63_01799	cds	contig_56	48845	0.4214	12371	14182	+	12370	603		assimilatory sulfite reductase (NADPH) flavoprotein subunit	no	group_3841	en_familia	50	1.0000	core	core	no	no	no
bin_5_63	bin-5-63	bin_5_63_01800	cds	contig_56	48845	0.4214	14216	15934	+	14215	572	cysI	assimilatory sulfite reductase (NADPH) hemoprotein subunit	no	cysI	en_familia	50	1.0000	core	core	no	no	no
bin_5_63	bin-5-63	bin_5_63_01801	cds	contig_56	48845	0.4214	15962	17896	-	15961	644		acetate--CoA ligase	no	group_3713	en_familia	50	1.0000	core	core	no	no	no
bin_5_63	bin-5-63	bin_5_63_01802	cds	contig_56	48845	0.4214	17911	19434	-	17910	507		Putative propionyl-CoA carboxylase beta chain 5	no	group_4702	en_familia	50	1.0000	core	core	no	no	no
bin_5_63	bin-5-63	bin_5_63_01803	cds	contig_56	48845	0.4214	19453	20232	-	19452	259		enoyl-CoA hydratase	no	group_4703	en_familia	50	1.0000	core	core	no	no	no
bin_5_63	bin-5-63	bin_5_63_01804	cds	contig_56	48845	0.4214	20248	21153	-	20247	301		Hydroxymethylglutaryl-CoA lyase (Leucine degradation)	no	group_4502	en_familia	50	1.0000	core	core	no	no	no
bin_5_63	bin-5-63	bin_5_63_01805	cds	contig_56	48845	0.4214	21166	21381	-	21165	71		acetyl-CoA carboxylase biotin carboxyl carrier protein subunit	no	group_4921	en_familia	50	1.0000	core	core	no	no	no
bin_5_63	bin-5-63	bin_5_63_01806	cds	contig_56	48845	0.4214	21378	22727	-	21377	449		Biotin carboxylase for subunit LdeHB of methylcrotonyl-CoA carboxylase	no	group_3611	en_familia	50	1.0000	core	core	no	no	no
bin_5_63	bin-5-63	bin_5_63_01807	cds	contig_56	48845	0.4214	22736	24370	-	22735	544		AMP-binding protein	no	group_3686	en_familia	50	1.0000	core	core	no	no	no
bin_5_63	bin-5-63	bin_5_63_01808	cds	contig_56	48845	0.4214	24416	25558	-	23287	380		Acyl-CoA dehydrogenase, short-chain specific	no	group_4689	en_familia	50	1.0000	core	core	no	no	no
bin_5_63	bin-5-63	bin_5_63_01809	cds	contig_56	48845	0.4214	25719	27254	-	21591	511		Glycosyl hydrolase-like 10 domain-containing protein	no	group_4738	en_familia	50	1.0000	core	core	no	no	no
bin_5_63	bin-5-63	bin_5_63_01810	cds	contig_56	48845	0.4214	27279	28085	-	20760	268		Tyrosine-protein phosphatase	no	group_3812	en_familia	50	1.0000	core	core	no	no	no
bin_5_63	bin-5-63	bin_5_63_01811	cds	contig_56	48845	0.4214	28257	29009	+	19836	250	ydjF	Putative HTH-type transcriptional regulator YdjF	no	group_1230	en_familia	50	1.0000	core	core	no	no	no
bin_5_63	bin-5-63	bin_5_63_01812	cds	contig_56	48845	0.4214	29131	29601	+	19244	156		Putative tautomerase	no	yrdN	en_familia	50	1.0000	core	core	no	no	no
bin_5_63	bin-5-63	bin_5_63_01813	cds	contig_56	48845	0.4214	29562	30116	-	18729	184		Branched-chain amino acid aminotransferase	no	group_3494	en_familia	50	1.0000	core	core	no	no	no
bin_5_63	bin-5-63	bin_5_63_01814	cds	contig_56	48845	0.4214	30242	31375	+	17470	377		Carbohydrate diacid regulator	no	group_3856	en_familia	50	1.0000	core	core	no	no	no
bin_5_63	bin-5-63	bin_5_63_01815	cds	contig_56	48845	0.4214	31453	32862	+	15983	469	glcD	glycolate oxidase subunit GlcD	no	glcD	en_familia	50	1.0000	core	core	no	no	no
bin_5_63	bin-5-63	bin_5_63_01816	cds	contig_56	48845	0.4214	32859	34199	+	14646	446		Glycolate oxidase iron-sulfur subunit	no	group_3855	en_familia	50	1.0000	core	core	no	no	no
bin_5_63	bin-5-63	bin_5_63_01817	cds	contig_56	48845	0.4214	34278	35765	+	13080	495		Spore germination protein	no	group_4749	en_familia	50	1.0000	core	core	no	no	no
bin_5_63	bin-5-63	bin_5_63_01818	cds	contig_56	48845	0.4214	35778	36878	+	11967	366		Spore germination protein GerQB	no	group_3258	en_familia	50	1.0000	core	core	no	no	no
bin_5_63	bin-5-63	bin_5_63_01819	cds	contig_56	48845	0.4214	36824	37975	+	10870	383		Spore germination GerAC-like C-terminal domain-containing protein	no	group_4528	en_familia	50	1.0000	core	core	no	no	no
bin_5_63	bin-5-63	bin_5_63_01820	cds	contig_56	48845	0.4214	38019	38249	-	10596	76		Helix-turn-helix domain-containing protein	no	group_4809	en_familia	50	1.0000	core	core	no	no	no
bin_5_63	bin-5-63	bin_5_63_01821	cds	contig_56	48845	0.4214	38417	38824	+	10021	135		GtrA/DPMS transmembrane domain-containing protein	no	group_4087	en_familia	49	0.9800	core	core	no	no	no
bin_5_63	bin-5-63	bin_5_63_01822	cds	contig_56	48845	0.4214	38829	39710	+	9135	293	galU	UTP--glucose-1-phosphate uridylyltransferase GalU	no	galU	en_familia	50	1.0000	core	core	no	no	no
bin_5_63	bin-5-63	bin_5_63_01823	cds	contig_56	48845	0.4214	39764	40366	+	8479	200		VTT domain-containing protein	no	group_4086	en_familia	50	1.0000	core	core	no	no	no
bin_5_63	bin-5-63	bin_5_63_01824	cds	contig_56	48845	0.4214	40406	41227	-	7618	273		uroporphyrinogen-III synthase	no	group_4211	en_familia	50	1.0000	core	core	no	no	no
bin_5_63	bin-5-63	bin_5_63_01825	cds	contig_56	48845	0.4214	41376	41996	+	6849	206		acetate uptake transporter	no	group_1485	en_familia	50	1.0000	core	core	no	no	no
bin_5_63	bin-5-63	bin_5_63_01826	cds	contig_56	48845	0.4214	42035	43054	-	5791	339		Alkanal monooxygenase alpha chain	no	group_4210	en_familia	50	1.0000	core	core	no	no	no
bin_5_63	bin-5-63	bin_5_63_01827	cds	contig_56	48845	0.4214	43238	44812	+	4033	524		beta strand repeat-containing protein	no	bclA~~~slc2	en_familia	32	0.6400	shell	shell	si	no	no
bin_5_63	bin-5-63	bin_5_63_01828	cds	contig_56	48845	0.4214	44840	45400	-	3445	186		Virginiamycin A acetyltransferase	no	group_5041	en_familia	42	0.8400	shell	shell	si	no	no
bin_5_63	bin-5-63	bin_5_63_01829	cds	contig_56	48845	0.4214	45465	46832	-	2013	455		Putative Na+-driven efflux transporter	no	group_5087	en_familia	50	1.0000	core	core	no	no	no
bin_5_63	bin-5-63	bin_5_63_01830	cds	contig_56	48845	0.4214	46852	48336	-	509	494	dacB	D-alanyl-D-alanine carboxypeptidase/D-alanyl-D-alanine-endopeptidase	no	dacB	en_familia	50	1.0000	core	core	no	no	no
bin_5_63	bin-5-63	bin_5_63_01831	cds	contig_57	73089	0.4222	160	2388	-	159	742	secDF	protein translocase subunit SecDF	no	secDF	en_familia	50	1.0000	core	core	no	no	no
bin_5_63	bin-5-63	bin_5_63_01832	cds	contig_57	73089	0.4222	2430	2726	-	2429	98	comN	Competence protein ComN	no	comN	en_familia	50	1.0000	core	core	no	no	no
bin_5_63	bin-5-63	bin_5_63_01833	cds	contig_57	73089	0.4222	2831	4393	+	2830	520	spoVB	stage V sporulation protein B	no	spoVB	en_familia	50	1.0000	core	core	no	no	no
bin_5_63	bin-5-63	bin_5_63_01834	cds	contig_57	73089	0.4222	4395	5057	-	4394	220	yetF	YetF C-terminal domain-containing protein	no	yetF	en_familia	50	1.0000	core	core	no	no	no
bin_5_63	bin-5-63	bin_5_63_01835	cds	contig_57	73089	0.4222	5222	5599	+	5221	125		TIGR04086 family membrane protein	no	group_2033	en_familia	50	1.0000	core	core	no	no	no
bin_5_63	bin-5-63	bin_5_63_01836	cds	contig_57	73089	0.4222	5649	5915	-	5648	88	yajC	preprotein translocase subunit YajC	no	yajC	en_familia	50	1.0000	core	core	no	no	no
bin_5_63	bin-5-63	bin_5_63_01837	cds	contig_57	73089	0.4222	5963	7108	-	5962	381	tgt	tRNA guanosine(34) transglycosylase Tgt	no	tgt	en_familia	50	1.0000	core	core	no	no	no
bin_5_63	bin-5-63	bin_5_63_01838	cds	contig_57	73089	0.4222	7140	8168	-	7139	342	queA	tRNA preQ1(34) S-adenosylmethionine ribosyltransferase-isomerase QueA	no	queA	en_familia	50	1.0000	core	core	no	no	no
bin_5_63	bin-5-63	bin_5_63_01839	cds	contig_57	73089	0.4222	8203	8403	-	8202	66		DUF2905 domain-containing protein	no	group_2635	en_familia	50	1.0000	core	core	no	no	no
bin_5_63	bin-5-63	bin_5_63_01840	cds	contig_57	73089	0.4222	8396	9400	-	8395	334	ruvB	Holliday junction branch migration DNA helicase RuvB	no	ruvB	en_familia	50	1.0000	core	core	no	no	no
bin_5_63	bin-5-63	bin_5_63_01841	cds	contig_57	73089	0.4222	9412	10017	-	9411	201	ruvA	Holliday junction branch migration protein RuvA	no	ruvA	en_familia	50	1.0000	core	core	no	no	no
bin_5_63	bin-5-63	bin_5_63_01842	cds	contig_57	73089	0.4222	10165	10638	-	10164	157		Bypass of forespore C, intercompartmental signaling factor	no	group_3413	en_familia	50	1.0000	core	core	no	no	no
bin_5_63	bin-5-63	bin_5_63_01843	cds	contig_57	73089	0.4222	10904	11548	+	10903	214		Putative serine/threonine-protein kinase	no	group_1423	en_familia	50	1.0000	core	core	no	no	no
bin_5_63	bin-5-63	bin_5_63_01844	cds	contig_57	73089	0.4222	11781	11963	-	11780	60		Phage protein	no	group_3414	en_familia	50	1.0000	core	core	no	no	no
bin_5_63	bin-5-63	bin_5_63_01845	cds	contig_57	73089	0.4222	12156	12305	+	12155	49		hypothetical protein	no	group_3778	en_familia	50	1.0000	core	core	no	no	no
bin_5_63	bin-5-63	bin_5_63_01846	cds	contig_57	73089	0.4222	12338	14098	-	12337	586	thiC	phosphomethylpyrimidine synthase ThiC	no	thiC	en_familia	50	1.0000	core	core	no	no	no
bin_5_63	bin-5-63	bin_5_63_01847	cds	contig_57	73089	0.4222	14594	15226	+	14593	210	lysE	Lysine transporter LysE	no	lysE	en_familia	50	1.0000	core	core	no	no	no
bin_5_63	bin-5-63	bin_5_63_01848	cds	contig_57	73089	0.4222	15273	15893	-	15272	206		Spore cortex protein	no	coxA	en_familia	50	1.0000	core	core	no	no	no
bin_5_63	bin-5-63	bin_5_63_01849	cds	contig_57	73089	0.4222	16027	17223	-	16026	398		SafA/ExsA family spore coat assembly protein	no	group_3983	en_familia	50	1.0000	core	core	no	no	no
bin_5_63	bin-5-63	bin_5_63_01850	cds	contig_57	73089	0.4222	17355	18464	-	17354	369	nadA	quinolinate synthase NadA	no	nadA	en_familia	50	1.0000	core	core	no	no	no
bin_5_63	bin-5-63	bin_5_63_01851	cds	contig_57	73089	0.4222	18451	19314	-	18450	287	nadC	carboxylating nicotinate-nucleotide diphosphorylase	no	nadC	en_familia	50	1.0000	core	core	no	no	no
bin_5_63	bin-5-63	bin_5_63_01852	cds	contig_57	73089	0.4222	19296	20885	-	19295	529	nadB	L-aspartate oxidase	no	nadB	en_familia	50	1.0000	core	core	no	no	no
bin_5_63	bin-5-63	bin_5_63_01853	cds	contig_57	73089	0.4222	20966	22108	+	20965	380		Desulfurase involved in iron-sulfur clusters for NAD biosynthesis	no	group_4564	en_familia	50	1.0000	core	core	no	no	no
bin_5_63	bin-5-63	bin_5_63_01854	cds	contig_57	73089	0.4222	22112	22651	+	22111	179	nadR	Transcription repressor NadR	no	nadR	en_familia	50	1.0000	core	core	no	no	no
bin_5_63	bin-5-63	bin_5_63_01855	cds	contig_57	73089	0.4222	22676	23554	-	22675	292	pheA	prephenate dehydratase	no	pheA	en_familia	50	1.0000	core	core	no	no	no
bin_5_63	bin-5-63	bin_5_63_01856	cds	contig_57	73089	0.4222	23573	24016	-	23572	147	yszB	ACT domain-containing protein	no	yszB	en_familia	50	1.0000	core	core	no	no	no
bin_5_63	bin-5-63	bin_5_63_01857	cds	contig_57	73089	0.4222	24072	25358	-	24071	428	obgE	GTPase ObgE	no	obgE	en_familia	50	1.0000	core	core	no	no	no
bin_5_63	bin-5-63	bin_5_63_01858	cds	contig_57	73089	0.4222	25380	25973	-	25379	197		Sporulation initiation phosphotransferase B	no	group_3912	en_familia	50	1.0000	core	core	no	no	no
bin_5_63	bin-5-63	bin_5_63_01859	cds	contig_57	73089	0.4222	26252	26536	-	26251	94	rpmA	50S ribosomal protein L27	no	rpmA	en_familia	50	1.0000	core	core	no	no	no
bin_5_63	bin-5-63	bin_5_63_01860	cds	contig_57	73089	0.4222	26549	26887	-	26548	112		ribosomal-processing cysteine protease Prp	no	group_3518	en_familia	50	1.0000	core	core	no	no	no
bin_5_63	bin-5-63	bin_5_63_01861	cds	contig_57	73089	0.4222	26902	27210	-	26901	102	rplU	50S ribosomal protein L21	no	rplU	en_familia	50	1.0000	core	core	no	no	no
bin_5_63	bin-5-63	bin_5_63_01862	cds	contig_57	73089	0.4222	27363	28232	-	27362	289		Membrane metalloprotease (Proteolysis of pro-sigma(K))	no	group_3375	en_familia	50	1.0000	core	core	no	no	no
bin_5_63	bin-5-63	bin_5_63_01863	cds	contig_57	73089	0.4222	28225	29016	-	28224	263		Stage IV sporulation protein FA	no	group_4134	en_familia	50	1.0000	core	core	no	no	no
bin_5_63	bin-5-63	bin_5_63_01864	cds	contig_57	73089	0.4222	29126	29929	-	29125	267	minD	septum site-determining protein MinD	no	minD	en_familia	50	1.0000	core	core	no	no	no
bin_5_63	bin-5-63	bin_5_63_01865	cds	contig_57	73089	0.4222	29932	30615	-	29931	227	minC	septum site-determining protein MinC	no	minC	en_familia	50	1.0000	core	core	no	no	no
bin_5_63	bin-5-63	bin_5_63_01866	cds	contig_57	73089	0.4222	30670	31188	-	30669	172	mreD	rod shape-determining protein MreD	no	mreD	en_familia	50	1.0000	core	core	no	no	no
bin_5_63	bin-5-63	bin_5_63_01867	cds	contig_57	73089	0.4222	31185	32084	-	31184	299	mreC	rod shape-determining protein MreC	no	mreC	en_familia	50	1.0000	core	core	no	no	no
bin_5_63	bin-5-63	bin_5_63_01868	cds	contig_57	73089	0.4222	32112	33131	-	32111	339	mreB	Cell shape-determining protein MreB	no	mreB	en_familia	50	1.0000	core	core	no	no	no
bin_5_63	bin-5-63	bin_5_63_01869	cds	contig_57	73089	0.4222	33222	33911	-	33221	229	radC	DNA repair protein RadC	no	radC	en_familia	50	1.0000	core	core	no	no	no
bin_5_63	bin-5-63	bin_5_63_01870	cds	contig_57	73089	0.4222	33945	34514	-	33944	189	maf	dTTP/UTP pyrophosphatase	no	maf	en_familia	50	1.0000	core	core	no	no	no
bin_5_63	bin-5-63	bin_5_63_01871	cds	contig_57	73089	0.4222	34692	35885	-	34691	397		Stage II sporulation protein B	no	group_4236	en_familia	50	1.0000	core	core	no	no	no
bin_5_63	bin-5-63	bin_5_63_01872	cds	contig_57	73089	0.4222	35866	36597	-	35865	243		Peptidase A24	no	group_4022	en_familia	50	1.0000	core	core	no	no	no
bin_5_63	bin-5-63	bin_5_63_01873	cds	contig_57	73089	0.4222	36747	38045	-	35044	432		tetrahydrofolate synthase	no	group_3740	en_familia	50	1.0000	core	core	no	no	no
bin_5_63	bin-5-63	bin_5_63_01874	cds	contig_57	73089	0.4222	38117	40759	-	32330	880		valine--tRNA ligase	no	group_4712	en_familia	50	1.0000	core	core	no	no	no
bin_5_63	bin-5-63	bin_5_63_01875	cds	contig_57	73089	0.4222	41219	41407	+	31682	62	yszA	Membrane protein YszA	no	yszA	en_familia	49	0.9800	core	core	no	no	no
bin_5_63	bin-5-63	bin_5_63_01876	cds	contig_57	73089	0.4222	41482	42513	-	30576	343	ysxE	spore coat protein YsxE	no	ysxE	en_familia	49	0.9800	core	core	no	no	no
bin_5_63	bin-5-63	bin_5_63_01877	cds	contig_57	73089	0.4222	42551	43771	-	29318	406	spoVID	stage VI sporulation protein D	no	spoVID	en_familia	49	0.9800	core	core	no	no	no
bin_5_63	bin-5-63	bin_5_63_01878	cds	contig_57	73089	0.4222	44103	45395	-	27694	430	hemL	glutamate-1-semialdehyde 2,1-aminomutase	no	hemL	en_familia	50	1.0000	core	core	no	no	no
bin_5_63	bin-5-63	bin_5_63_01879	cds	contig_57	73089	0.4222	45423	46394	-	26695	323	hemB	porphobilinogen synthase	no	group_857	en_familia	50	1.0000	core	core	no	no	no
bin_5_63	bin-5-63	bin_5_63_01880	cds	contig_57	73089	0.4222	46391	47182	-	25907	263		Uroporphyrinogen-III synthase	no	group_1148	en_familia	50	1.0000	core	core	no	no	no
bin_5_63	bin-5-63	bin_5_63_01881	cds	contig_57	73089	0.4222	47179	48114	-	24975	311	hemC	hydroxymethylbilane synthase	no	hemC	en_familia	50	1.0000	core	core	no	no	no
bin_5_63	bin-5-63	bin_5_63_01882	cds	contig_57	73089	0.4222	48152	48982	-	24107	276		Cytochrome c assembly protein domain-containing protein	no	group_1073	en_familia	50	1.0000	core	core	no	no	no
bin_5_63	bin-5-63	bin_5_63_01883	cds	contig_57	73089	0.4222	48990	50372	-	22717	460	hemA	glutamyl-tRNA reductase	no	hemA	en_familia	50	1.0000	core	core	no	no	no
bin_5_63	bin-5-63	bin_5_63_01884	cds	contig_57	73089	0.4222	50598	51083	+	22006	161		DUF5668 domain-containing protein	no	group_3192	en_familia	50	1.0000	core	core	no	no	no
bin_5_63	bin-5-63	bin_5_63_01885	cds	contig_57	73089	0.4222	51127	51714	-	21375	195	yihA	ribosome biogenesis GTP-binding protein YihA/YsxC	no	engB~~~yihA	en_familia	50	1.0000	core	core	no	no	no
bin_5_63	bin-5-63	bin_5_63_01886	cds	contig_57	73089	0.4222	51711	54035	-	19054	774	lon	endopeptidase La	no	lon	en_familia	50	1.0000	core	core	no	no	no
bin_5_63	bin-5-63	bin_5_63_01887	cds	contig_57	73089	0.4222	54207	55868	-	17221	553	lonB	ATP-dependent protease LonB	no	lonB	en_familia	50	1.0000	core	core	no	no	no
bin_5_63	bin-5-63	bin_5_63_01888	cds	contig_57	73089	0.4222	56007	57272	-	15817	421	clpX	ATP-dependent protease ATP-binding subunit ClpX	no	clpX	en_familia	50	1.0000	core	core	no	no	no
bin_5_63	bin-5-63	bin_5_63_01889	cds	contig_57	73089	0.4222	57524	58798	-	14291	424	tig	trigger factor	no	tig	en_familia	50	1.0000	core	core	no	no	no
bin_5_63	bin-5-63	bin_5_63_01890	cds	contig_57	73089	0.4222	59039	60046	-	13043	335	ddcA	DNA damage checkpoint antagonist DdcA	no	ddcA	en_familia	50	1.0000	core	core	no	no	no
bin_5_63	bin-5-63	bin_5_63_01891	cds	contig_57	73089	0.4222	60170	60769	-	12320	199	leuD	3-isopropylmalate dehydratase small subunit	no	leuD	en_familia	50	1.0000	core	core	no	no	no
bin_5_63	bin-5-63	bin_5_63_01892	cds	contig_57	73089	0.4222	60785	62200	-	10889	471	leuC	3-isopropylmalate dehydratase large subunit	no	leuC	en_familia	50	1.0000	core	core	no	no	no
bin_5_63	bin-5-63	bin_5_63_01893	cds	contig_57	73089	0.4222	62243	63340	-	9749	365	leuB	3-isopropylmalate dehydrogenase	no	leuB	en_familia	50	1.0000	core	core	no	no	no
bin_5_63	bin-5-63	bin_5_63_01894	cds	contig_57	73089	0.4222	63359	64912	-	8177	517	leuA	2-isopropylmalate synthase	no	leuA	en_familia	50	1.0000	core	core	no	no	no
bin_5_63	bin-5-63	bin_5_63_01895	cds	contig_57	73089	0.4222	64899	65927	-	7162	342	ilvC	ketol-acid reductoisomerase	no	ilvC	en_familia	50	1.0000	core	core	no	no	no
bin_5_63	bin-5-63	bin_5_63_01896	cds	contig_57	73089	0.4222	65946	66464	-	6625	172	ilvN	acetolactate synthase small subunit	no	ilvN	en_familia	50	1.0000	core	core	no	no	no
bin_5_63	bin-5-63	bin_5_63_01897	cds	contig_57	73089	0.4222	66461	68185	-	4904	574	ilvB	acetolactate synthase large subunit	no	ilvB	en_familia	50	1.0000	core	core	no	no	no
bin_5_63	bin-5-63	bin_5_63_01898	cds	contig_57	73089	0.4222	68564	69478	-	3611	304	ilvE	branched-chain-amino-acid transaminase	no	ilvE	en_familia	50	1.0000	core	core	no	no	no
bin_5_63	bin-5-63	bin_5_63_01899	cds	contig_57	73089	0.4222	69911	70954	+	2135	347		6-phosphogluconolactonase	no	group_4075	en_familia	50	1.0000	core	core	no	no	no
bin_5_63	bin-5-63	bin_5_63_01900	cds	contig_57	73089	0.4222	71150	71569	-	1520	139		DUF1232 domain-containing protein	no	group_3253	en_familia	47	0.9400	shell	core	si	no	no
bin_5_63	bin-5-63	bin_5_63_01901	cds	contig_57	73089	0.4222	71665	72831	-	258	388	dltD	D-alanyl-lipoteichoic acid biosynthesis protein DltD	no	dltD	en_familia	47	0.9400	shell	core	si	no	no
bin_5_63	bin-5-63	bin_5_63_01902	cds	contig_57	73089	0.4222	72831	73067	-	22	78	dltC	D-alanine--poly(phosphoribitol) ligase subunit 2	no	dltC	en_familia	47	0.9400	shell	core	si	no	no
bin_5_63	bin-5-63	bin_5_63_01903	cds	contig_58	1589	0.4185	1025	1465	-	124	146		hypothetical protein	no	group_5831	en_familia	0	0.0000	exclusivo	exclusivo	no	no	si
bin_5_63	bin-5-63	bin_5_63_01904	cds	contig_59	1867	0.4055	199	690	-	198	163	yocK	General stress protein 16O	no	yocK	en_familia	0	0.0000	exclusivo	exclusivo	no	no	si
bin_5_63	bin-5-63	bin_5_63_01905	cds	contig_59	1867	0.4055	765	1097	-	764	110	yocL	Uncharacterized protein YocL	no	yocL	en_familia	0	0.0000	exclusivo	exclusivo	no	no	si
bin_5_63	bin-5-63	bin_5_63_01906	cds	contig_59	1867	0.4055	1175	1402	+	465	75	yoyB	Uncharacterized protein YoyB	no	group_5832	en_familia	0	0.0000	exclusivo	exclusivo	no	no	si
bin_5_63	bin-5-63	bin_5_63_01907	cds	contig_59	1867	0.4055	1389	1850	-	17	153	yocM	salt stress-responsive protein YocM	no	yocM	en_familia	0	0.0000	exclusivo	exclusivo	no	no	si
bin_5_63	bin-5-63	bin_5_63_01908	cds	contig_60	48096	0.4034	921	1889	+	920	322		Transcriptional enhancer involved in BCAA homeostasis	no	group_4200	en_familia	50	1.0000	core	core	no	no	no
bin_5_63	bin-5-63	bin_5_63_01909	cds	contig_60	48096	0.4034	1903	2538	+	1902	211		Hemolysin D	no	group_1439	en_familia	50	1.0000	core	core	no	no	no
bin_5_63	bin-5-63	bin_5_63_01910	cds	contig_60	48096	0.4034	2577	3200	-	2576	207		Acyltransferase	no	group_4199	en_familia	50	1.0000	core	core	no	no	no
bin_5_63	bin-5-63	bin_5_63_01911	cds	contig_60	48096	0.4034	3220	3708	-	3219	162	folA	type 3 dihydrofolate reductase	no	folA	en_familia	50	1.0000	core	core	no	no	no
bin_5_63	bin-5-63	bin_5_63_01912	cds	contig_60	48096	0.4034	3705	4499	-	3704	264	thyA	thymidylate synthase	no	thyA	en_familia	50	1.0000	core	core	no	no	no
bin_5_63	bin-5-63	bin_5_63_01913	cds	contig_60	48096	0.4034	4603	5130	-	4602	175		YutG/PgpA domain-containing protein	no	group_3429	en_familia	50	1.0000	core	core	no	no	no
bin_5_63	bin-5-63	bin_5_63_01914	cds	contig_60	48096	0.4034	5149	5766	-	5148	205		YpjP-like protein	no	group_1499	en_familia	50	1.0000	core	core	no	no	no
bin_5_63	bin-5-63	bin_5_63_01915	cds	contig_60	48096	0.4034	6033	6830	-	6032	265		SAM-dependent methyltransferase	no	group_3428	en_familia	50	1.0000	core	core	no	no	no
bin_5_63	bin-5-63	bin_5_63_01916	cds	contig_60	48096	0.4034	6896	7330	-	6895	144		BrxA/BrxB family bacilliredoxin	no	group_1905	en_familia	50	1.0000	core	core	no	no	no
bin_5_63	bin-5-63	bin_5_63_01917	cds	contig_60	48096	0.4034	7412	9088	-	7411	558	ilvD	dihydroxy-acid dehydratase	no	ilvD	en_familia	50	1.0000	core	core	no	no	no
bin_5_63	bin-5-63	bin_5_63_01918	cds	contig_60	48096	0.4034	9399	10538	-	9398	379		Scaffold protein Nfu/NifU N-terminal domain-containing protein	no	group_3422	en_familia	50	1.0000	core	core	no	no	no
bin_5_63	bin-5-63	bin_5_63_01919	cds	contig_60	48096	0.4034	10569	11192	-	10568	207		Mn(2+)-dependent (Deoxy)ribonucleoside pyrophosphohydrolase	no	group_4276	en_familia	50	1.0000	core	core	no	no	no
bin_5_63	bin-5-63	bin_5_63_01920	cds	contig_60	48096	0.4034	11195	11677	-	11194	160		Glutathione peroxidase	no	group_1776	en_familia	50	1.0000	core	core	no	no	no
bin_5_63	bin-5-63	bin_5_63_01921	cds	contig_60	48096	0.4034	11752	13434	-	11751	560	fhs	formate--tetrahydrofolate ligase	no	fhs	en_familia	50	1.0000	core	core	no	no	no
bin_5_63	bin-5-63	bin_5_63_01922	cds	contig_60	48096	0.4034	13573	14481	+	13572	302	metA	homoserine O-succinyltransferase	no	metA	en_familia	50	1.0000	core	core	no	no	no
bin_5_63	bin-5-63	bin_5_63_01923	cds	contig_60	48096	0.4034	14709	15860	+	14708	383	ugtP	diglucosyl diacylglycerol synthase	no	ugtP	en_familia	50	1.0000	core	core	no	no	no
bin_5_63	bin-5-63	bin_5_63_01924	cds	contig_60	48096	0.4034	15896	16597	-	15895	233		AIM24 family protein	no	group_3259	en_familia	50	1.0000	core	core	no	no	no
bin_5_63	bin-5-63	bin_5_63_01925	cds	contig_60	48096	0.4034	16864	17064	+	16863	66	cspD	cold-shock protein CspD	no	cspD	en_familia	50	1.0000	core	core	no	no	no
bin_5_63	bin-5-63	bin_5_63_01926	cds	contig_60	48096	0.4034	17116	17298	-	17115	60	degR	Regulatory protein DegR	no	degR	en_familia	50	1.0000	core	core	no	no	no
bin_5_63	bin-5-63	bin_5_63_01927	cds	contig_60	48096	0.4034	17470	17652	-	17469	60		Zinc-finger domain-containing protein	no	group_4185	en_familia	49	0.9800	core	core	no	no	no
bin_5_63	bin-5-63	bin_5_63_01928	cds	contig_60	48096	0.4034	17654	18325	-	17653	223		RNase H type-1 domain-containing protein	no	group_1376	en_familia	50	1.0000	core	core	no	no	no
bin_5_63	bin-5-63	bin_5_63_01929	cds	contig_60	48096	0.4034	18420	19109	+	18419	229		queuosine precursor transporter	no	group_1348	en_familia	50	1.0000	core	core	no	no	no
bin_5_63	bin-5-63	bin_5_63_01930	cds	contig_60	48096	0.4034	19111	19506	+	19110	131		Ribonuclease H	no	group_1986	en_familia	50	1.0000	core	core	no	no	no
bin_5_63	bin-5-63	bin_5_63_01931	cds	contig_60	48096	0.4034	19550	19675	+	19549	41		Small, acid-soluble spore protein L	no	group_3341	en_familia	19	0.3800	shell	shell	si	no	no
bin_5_63	bin-5-63	bin_5_63_01932	cds	contig_60	48096	0.4034	19713	20600	-	19712	295		5'-3' exonuclease	no	group_4316	en_familia	49	0.9800	core	core	no	no	no
bin_5_63	bin-5-63	bin_5_63_01933	cds	contig_60	48096	0.4034	20707	20817	-	20706	36		hypothetical protein	no	group_3342	en_familia	50	1.0000	core	core	no	no	no
bin_5_63	bin-5-63	bin_5_63_01934	cds	contig_60	48096	0.4034	20875	21141	-	20874	88		DUF2533 domain-containing protein	no	group_4563	en_familia	50	1.0000	core	core	no	no	no
bin_5_63	bin-5-63	bin_5_63_01935	cds	contig_60	48096	0.4034	21180	24773	-	21179	1197		Dynamin GTPase	no	group_3570	en_familia	50	1.0000	core	core	no	no	no
bin_5_63	bin-5-63	bin_5_63_01936	cds	contig_60	48096	0.4034	25077	25586	-	22510	169		Alkylpyrone methyltransferase (Polyketide synthesis)	no	group_3987	en_familia	50	1.0000	core	core	no	no	no
bin_5_63	bin-5-63	bin_5_63_01937	cds	contig_60	48096	0.4034	25586	26683	-	21413	365		Chalcone synthase	no	bpsA	en_familia	50	1.0000	core	core	no	no	no
bin_5_63	bin-5-63	bin_5_63_01939	cds	contig_60	48096	0.4034	27002	27508	-	20588	168		Dephospho-CoA kinase	no	group_3989	en_familia	34	0.6800	shell	shell	si	no	no
bin_5_63	bin-5-63	bin_5_63_01940	cds	contig_60	48096	0.4034	27986	28840	+	19256	284	yheN	Putative polysaccharide deacetylase YheN	no	yheN	en_familia	50	1.0000	core	core	no	no	no
bin_5_63	bin-5-63	bin_5_63_01941	cds	contig_60	48096	0.4034	28906	30225	-	17871	439		Xanthine permease	no	group_406	en_familia	50	1.0000	core	core	no	no	no
bin_5_63	bin-5-63	bin_5_63_01942	cds	contig_60	48096	0.4034	30222	30806	-	17290	194	xpt	xanthine phosphoribosyltransferase	no	xpt	en_familia	50	1.0000	core	core	no	no	no
bin_5_63	bin-5-63	bin_5_63_01943	cds	contig_60	48096	0.4034	31364	32869	-	15227	501		Metal-dependent carboxypeptidase	no	group_262	en_familia	49	0.9800	core	core	no	no	no
bin_5_63	bin-5-63	bin_5_63_01944	cds	contig_60	48096	0.4034	32997	34934	-	13162	645	dinG	Putative ATP-dependent helicase DinG	no	dinG	en_familia	49	0.9800	core	core	no	no	no
bin_5_63	bin-5-63	bin_5_63_01945	cds	contig_60	48096	0.4034	35011	35208	-	12888	65		DUF2524 domain-containing protein	no	group_3758	en_familia	49	0.9800	core	core	no	no	no
bin_5_63	bin-5-63	bin_5_63_01946	cds	contig_60	48096	0.4034	35314	36468	-	11628	384		M(7)G2069 methylase of 23S rRNA	no	group_4361	en_familia	49	0.9800	core	core	no	no	no
bin_5_63	bin-5-63	bin_5_63_01948	cds	contig_60	48096	0.4034	37020	37325	-	10771	101	gpsB	cell division regulator GpsB	no	gpsB	en_familia	49	0.9800	core	core	no	no	no
bin_5_63	bin-5-63	bin_5_63_01949	cds	contig_60	48096	0.4034	37401	37943	-	10153	180		UPF0398 protein BPUM_1952	no	group_1648	en_familia	49	0.9800	core	core	no	no	no
bin_5_63	bin-5-63	bin_5_63_01950	cds	contig_60	48096	0.4034	37993	38229	-	9867	78	cotD	Spore coat protein CotD	no	cotD	en_familia	50	1.0000	core	core	no	no	no
bin_5_63	bin-5-63	bin_5_63_01951	cds	contig_60	48096	0.4034	38312	38407	-	9689	31		hypothetical protein	no	group_4388	en_familia	43	0.8600	shell	shell	si	no	no
bin_5_63	bin-5-63	bin_5_63_01952	cds	contig_60	48096	0.4034	38544	39764	-	8332	406	yprB	YprB ribonuclease H-like domain-containing protein	no	yprB	en_familia	50	1.0000	core	core	no	no	no
bin_5_63	bin-5-63	bin_5_63_01953	cds	contig_60	48096	0.4034	39815	42061	-	6035	748	crhR	RNA helicase CrhR	no	crhR	en_familia	50	1.0000	core	core	no	no	no
bin_5_63	bin-5-63	bin_5_63_01954	cds	contig_60	48096	0.4034	42213	43340	+	4756	375		Putative NADH-dependent flavin oxidoreductase	no	group_641	en_familia	50	1.0000	core	core	no	no	no
bin_5_63	bin-5-63	bin_5_63_01955	cds	contig_60	48096	0.4034	43390	43896	-	4200	168		Putative phosphotransferase system enzyme IIA component	no	group_1730	en_familia	50	1.0000	core	core	no	no	no
bin_5_63	bin-5-63	bin_5_63_01956	cds	contig_60	48096	0.4034	44065	44484	+	3612	139		SHSP domain-containing protein	no	group_3464	en_familia	50	1.0000	core	core	no	no	no
bin_5_63	bin-5-63	bin_5_63_01957	cds	contig_60	48096	0.4034	44506	44958	-	3138	150		Spore coat protein	no	group_4332	en_familia	50	1.0000	core	core	no	no	no
bin_5_63	bin-5-63	bin_5_63_01958	cds	contig_60	48096	0.4034	45067	45438	-	2658	123		DUF1798 domain-containing protein	no	group_2052	en_familia	50	1.0000	core	core	no	no	no
bin_5_63	bin-5-63	bin_5_63_01959	cds	contig_60	48096	0.4034	45497	45733	-	2363	78		DUF5446 domain-containing protein	no	group_3500	en_familia	50	1.0000	core	core	no	no	no
bin_5_63	bin-5-63	bin_5_63_01960	cds	contig_60	48096	0.4034	45927	46031	+	2065	34	sspM	acid-soluble spore protein SspM	no	sspM	en_familia	50	1.0000	core	core	no	no	no
bin_5_63	bin-5-63	bin_5_63_01961	cds	contig_60	48096	0.4034	46055	47011	-	1085	318		DUF2515 domain-containing protein	no	group_876	en_familia	50	1.0000	core	core	no	no	no
bin_5_63	bin-5-63	bin_5_63_01962	cds	contig_60	48096	0.4034	47058	47693	+	403	211	recU	Holliday junction resolvase RecU	no	recU	en_familia	50	1.0000	core	core	no	no	no
bin_5_63	bin-5-63	bin_5_63_01963	cds	contig_61	43886	0.4124	175	792	-	174	205		YhcN/YlaJ family sporulation lipoprotein	no	group_3910	en_familia	50	1.0000	core	core	no	no	no
bin_5_63	bin-5-63	bin_5_63_01964	cds	contig_61	43886	0.4124	963	2255	+	962	430		PIN domain-containing protein	no	group_442	en_familia	50	1.0000	core	core	no	no	no
bin_5_63	bin-5-63	bin_5_63_01965	cds	contig_61	43886	0.4124	2271	2759	-	2270	162		Peptidyl-prolyl cis-trans isomerase	no	group_1772	en_familia	50	1.0000	core	core	no	no	no
bin_5_63	bin-5-63	bin_5_63_01966	cds	contig_61	43886	0.4124	2874	3803	+	2873	309		Glutaminase	no	group_919	en_familia	50	1.0000	core	core	no	no	no
bin_5_63	bin-5-63	bin_5_63_01967	cds	contig_61	43886	0.4124	3926	4207	+	3925	93	ylaN	UPF0358 protein BPUM_1375	no	ylaN	en_familia	50	1.0000	core	core	no	no	no
bin_5_63	bin-5-63	bin_5_63_01968	cds	contig_61	43886	0.4124	4413	5624	+	4412	403	ftsW	putative lipid II flippase FtsW	no	ftsW	en_familia	50	1.0000	core	core	no	no	no
bin_5_63	bin-5-63	bin_5_63_01969	cds	contig_61	43886	0.4124	5704	9150	+	5703	1148	pyc	pyruvate carboxylase	no	pyc	en_familia	50	1.0000	core	core	no	no	no
bin_5_63	bin-5-63	bin_5_63_01970	cds	contig_61	43886	0.4124	9450	10883	+	9449	477		Deoxyribodipyrimidine photo-lyase	no	group_3732	en_familia	50	1.0000	core	core	no	no	no
bin_5_63	bin-5-63	bin_5_63_01971	cds	contig_61	43886	0.4124	10923	11846	-	10922	307	ctaA	Heme A synthase	no	ctaA	en_familia	50	1.0000	core	core	no	no	no
bin_5_63	bin-5-63	bin_5_63_01972	cds	contig_61	43886	0.4124	12236	13153	+	12235	305	cyoE	heme o synthase	no	cyoE	en_familia	50	1.0000	core	core	no	no	no
bin_5_63	bin-5-63	bin_5_63_01973	cds	contig_61	43886	0.4124	13433	14500	+	13432	355	coxB	cytochrome c oxidase subunit II	no	coxB	en_familia	50	1.0000	core	core	no	no	no
bin_5_63	bin-5-63	bin_5_63_01974	cds	contig_61	43886	0.4124	14689	16560	+	14688	623	ctaD	cytochrome c oxidase subunit I	no	ctaD	en_familia	50	1.0000	core	core	no	no	no
bin_5_63	bin-5-63	bin_5_63_01975	cds	contig_61	43886	0.4124	16560	17180	+	16559	206	ctaE	cytochrome c oxidase subunit III	no	ctaE	en_familia	50	1.0000	core	core	no	no	no
bin_5_63	bin-5-63	bin_5_63_01976	cds	contig_61	43886	0.4124	17183	17512	+	17182	109	ctaF	cytochrome c oxidase subunit IVB	no	ctaF	en_familia	50	1.0000	core	core	no	no	no
bin_5_63	bin-5-63	bin_5_63_01977	cds	contig_61	43886	0.4124	17543	18421	+	17542	292	ctaG	cytochrome c oxidase assembly factor CtaG	no	ctaG	en_familia	50	1.0000	core	core	no	no	no
bin_5_63	bin-5-63	bin_5_63_01978	cds	contig_61	43886	0.4124	18453	18818	-	18452	121		YugN-like family protein	no	ylbA	en_familia	50	1.0000	core	core	no	no	no
bin_5_63	bin-5-63	bin_5_63_01979	cds	contig_61	43886	0.4124	18953	19402	+	18952	149		Putative enzyme	no	group_4338	en_familia	50	1.0000	core	core	no	no	no
bin_5_63	bin-5-63	bin_5_63_01980	cds	contig_61	43886	0.4124	19525	20568	+	19524	347		CAP domain-containing protein	no	group_3635	en_familia	50	1.0000	core	core	no	no	no
bin_5_63	bin-5-63	bin_5_63_01981	cds	contig_61	43886	0.4124	20664	21092	+	20663	142		Cytosolic protein	no	group_3667	en_familia	50	1.0000	core	core	no	no	no
bin_5_63	bin-5-63	bin_5_63_01982	cds	contig_61	43886	0.4124	21112	21360	+	21111	82		YlbE-like protein	no	group_3489	en_familia	50	1.0000	core	core	no	no	no
bin_5_63	bin-5-63	bin_5_63_01983	cds	contig_61	43886	0.4124	21434	21841	+	21433	135		Lipoprotein	no	group_3484	en_familia	50	1.0000	core	core	no	no	no
bin_5_63	bin-5-63	bin_5_63_01984	cds	contig_61	43886	0.4124	21899	22348	+	21538	149		Subunit of a sporulation, competence and biofilm formation regulatory complex controlling RNase Y (RicAFT complex / FAD / two (4Fe-4S)2+)	no	group_1872	en_familia	50	1.0000	core	core	no	no	no
bin_5_63	bin-5-63	bin_5_63_01985	cds	contig_61	43886	0.4124	22414	22686	+	21200	90		UPF0298 protein BPUM_1393	no	group_3448	en_familia	50	1.0000	core	core	no	no	no
bin_5_63	bin-5-63	bin_5_63_01986	cds	contig_61	43886	0.4124	23005	23556	+	20330	183	rsmD	16S rRNA (guanine(966)-N(2))-methyltransferase RsmD	no	rsmD	en_familia	50	1.0000	core	core	no	no	no
bin_5_63	bin-5-63	bin_5_63_01987	cds	contig_61	43886	0.4124	23560	24042	+	19844	160	coaD	pantetheine-phosphate adenylyltransferase	no	coaD	en_familia	50	1.0000	core	core	no	no	no
bin_5_63	bin-5-63	bin_5_63_01988	cds	contig_61	43886	0.4124	24056	25264	-	18622	402	ylbJ	sporulation integral membrane protein YlbJ	no	ylbJ	en_familia	50	1.0000	core	core	no	no	no
bin_5_63	bin-5-63	bin_5_63_01989	cds	contig_61	43886	0.4124	25421	26200	+	17686	259		Esterase	no	group_1174	en_familia	50	1.0000	core	core	no	no	no
bin_5_63	bin-5-63	bin_5_63_01990	cds	contig_61	43886	0.4124	26205	27233	+	16653	342	sepM	SepM family pheromone-processing serine protease	no	sepM	en_familia	50	1.0000	core	core	no	no	no
bin_5_63	bin-5-63	bin_5_63_01991	cds	contig_61	43886	0.4124	27266	28513	-	15373	415		nucleotidyltransferase	no	group_3293	en_familia	49	0.9800	core	core	no	no	no
bin_5_63	bin-5-63	bin_5_63_01992	cds	contig_61	43886	0.4124	28720	29238	+	14648	172		DUF177 domain-containing protein	no	group_1705	en_familia	49	0.9800	core	core	no	no	no
bin_5_63	bin-5-63	bin_5_63_01993	cds	contig_61	43886	0.4124	29260	29433	+	14453	57	rpmF	50S ribosomal protein L32	no	rpmF	en_familia	50	1.0000	core	core	no	no	no
bin_5_63	bin-5-63	bin_5_63_01994	cds	contig_61	43886	0.4124	29572	30111	+	13775	179	gerR	sporulation-specific transcriptional regulator GerR	no	ylbO~~~gerR	en_familia	50	1.0000	core	core	no	no	no
bin_5_63	bin-5-63	bin_5_63_01995	cds	contig_61	43886	0.4124	30165	30644	-	13242	159		N-acetyltransferase	no	group_1791	en_familia	49	0.9800	core	core	no	no	no
bin_5_63	bin-5-63	bin_5_63_01996	cds	contig_61	43886	0.4124	30856	31749	+	12137	297		2-dehydropantoate 2-reductase	no	group_4278	en_familia	49	0.9800	core	core	no	no	no
bin_5_63	bin-5-63	bin_5_63_01997	cds	contig_61	43886	0.4124	31815	33434	+	10452	539	bshC	bacillithiol biosynthesis cysteine-adding enzyme BshC	no	bshC	en_familia	49	0.9800	core	core	no	no	no
bin_5_63	bin-5-63	bin_5_63_01998	cds	contig_61	43886	0.4124	33538	33993	+	9893	151	mraZ	division/cell wall cluster transcriptional repressor MraZ	no	mraZ	en_familia	50	1.0000	core	core	no	no	no
bin_5_63	bin-5-63	bin_5_63_01999	cds	contig_61	43886	0.4124	34060	34992	+	8894	310	rsmH	16S rRNA (cytosine(1402)-N(4))-methyltransferase RsmH	no	rsmH	en_familia	49	0.9800	core	core	no	no	no
bin_5_63	bin-5-63	bin_5_63_02000	cds	contig_61	43886	0.4124	35029	35376	+	8510	115	ftsL	cell division protein FtsL	no	ftsL	en_familia	49	0.9800	core	core	no	no	no
bin_5_63	bin-5-63	bin_5_63_02001	cds	contig_61	43886	0.4124	35378	37534	+	6352	718		serine-type D-Ala-D-Ala carboxypeptidase	no	group_3509	en_familia	49	0.9800	core	core	no	no	no
bin_5_63	bin-5-63	bin_5_63_02002	cds	contig_61	43886	0.4124	37659	39578	+	4308	639		stage V sporulation protein D	no	group_123	en_familia	49	0.9800	core	core	no	no	no
bin_5_63	bin-5-63	bin_5_63_02003	cds	contig_61	43886	0.4124	39790	41265	+	2621	491		UDP-N-acetylmuramoyl-L-alanyl-D-glutamate--2,6-diaminopimelate ligase	no	group_3109	en_familia	49	0.9800	core	core	no	no	no
bin_5_63	bin-5-63	bin_5_63_02004	cds	contig_61	43886	0.4124	41290	41409	+	2477	39		hypothetical protein	no	group_2940	en_familia	49	0.9800	core	core	no	no	no
bin_5_63	bin-5-63	bin_5_63_02005	cds	contig_61	43886	0.4124	41402	42376	+	1510	324	mraY	phospho-N-acetylmuramoyl-pentapeptide-transferase	no	mraY	en_familia	49	0.9800	core	core	no	no	no
bin_5_63	bin-5-63	bin_5_63_02006	cds	contig_61	43886	0.4124	42392	43732	+	154	446	murD	UDP-N-acetylmuramoyl-L-alanine--D-glutamate ligase	no	murD	en_familia	49	0.9800	core	core	no	no	no
bin_5_63	bin-5-63	bin_5_63_02007	cds	contig_62	87778	0.4084	49	567	+	48	172		General stress protein 18	no	group_1703	en_familia	50	1.0000	core	core	no	no	no
bin_5_63	bin-5-63	bin_5_63_02008	cds	contig_62	87778	0.4084	675	890	-	674	71		UPF0435 protein BPUM_0734	no	group_3199	en_familia	50	1.0000	core	core	no	no	no
bin_5_63	bin-5-63	bin_5_63_02009	cds	contig_62	87778	0.4084	968	2323	-	967	451	alsT	Amino-acid carrier protein AlsT	no	group_4500	en_familia	50	1.0000	core	core	no	no	no
bin_5_63	bin-5-63	bin_5_63_02010	cds	contig_62	87778	0.4084	2497	2967	+	2496	156		protein-tyrosine-phosphatase	no	group_4501	en_familia	50	1.0000	core	core	no	no	no
bin_5_63	bin-5-63	bin_5_63_02011	cds	contig_62	87778	0.4084	2988	3320	+	2987	110	ytxH	YtxH domain-containing protein	no	group_4127	en_familia	50	1.0000	core	core	no	no	no
bin_5_63	bin-5-63	bin_5_63_02012	cds	contig_62	87778	0.4084	3339	4157	+	3338	272		Ribonuclease	no	group_1092	en_familia	50	1.0000	core	core	no	no	no
bin_5_63	bin-5-63	bin_5_63_02013	cds	contig_62	87778	0.4084	4221	4328	+	4220	35		hypothetical protein	no	group_3956	en_familia	50	1.0000	core	core	no	no	no
bin_5_63	bin-5-63	bin_5_63_02014	cds	contig_62	87778	0.4084	4365	4874	-	4364	169		GNAT family N-acetyltransferase	no	group_3963	en_familia	31	0.6200	shell	shell	si	no	no
bin_5_63	bin-5-63	bin_5_63_02015	cds	contig_62	87778	0.4084	4889	6052	-	4888	387	ycaD	Putative MFS-type transporter YcaD	no	ycaD	en_familia	30	0.6000	shell	shell	si	no	no
bin_5_63	bin-5-63	bin_5_63_02016	cds	contig_62	87778	0.4084	6128	6505	+	6127	125	osmC	OsmC family protein	no	osmC	en_familia	50	1.0000	core	core	no	no	no
bin_5_63	bin-5-63	bin_5_63_02017	cds	contig_62	87778	0.4084	6571	7638	+	6570	355	cax	calcium/proton exchanger	no	cax	en_familia	50	1.0000	core	core	no	no	no
bin_5_63	bin-5-63	bin_5_63_02018	cds	contig_62	87778	0.4084	7688	8488	+	7687	266	yfkD	Sporulation protein YfkD	no	yfkD	en_familia	50	1.0000	core	core	no	no	no
bin_5_63	bin-5-63	bin_5_63_02019	cds	contig_62	87778	0.4084	8863	9582	-	8862	239		YebC/PmpR family DNA-binding transcriptional regulator	no	group_3369	en_familia	50	1.0000	core	core	no	no	no
bin_5_63	bin-5-63	bin_5_63_02020	cds	contig_62	87778	0.4084	9715	10116	-	9714	133		SnoaL-like domain-containing protein	no	group_3356	en_familia	34	0.6800	shell	shell	si	no	no
bin_5_63	bin-5-63	bin_5_63_02021	cds	contig_62	87778	0.4084	10217	11053	-	10216	278	yfkC	Putative MscS family protein YfkC	no	yfkC	en_familia	50	1.0000	core	core	no	no	no
bin_5_63	bin-5-63	bin_5_63_02022	cds	contig_62	87778	0.4084	11061	12182	-	11060	373	yfkAB	radical SAM/CxCxxxxC motif protein YfkAB	no	yfkAB	en_familia	50	1.0000	core	core	no	no	no
bin_5_63	bin-5-63	bin_5_63_02023	cds	contig_62	87778	0.4084	12330	12521	+	12329	63	yfjT	YfjT	no	yfjT	en_familia	50	1.0000	core	core	no	no	no
bin_5_63	bin-5-63	bin_5_63_02024	cds	contig_62	87778	0.4084	12624	13415	+	12623	263	pdaA	delta-lactam-biosynthetic de-N-acetylase	no	pdaA	en_familia	50	1.0000	core	core	no	no	no
bin_5_63	bin-5-63	bin_5_63_02025	cds	contig_62	87778	0.4084	13450	13944	-	13449	164		Sugar epimerase	no	group_4053	en_familia	50	1.0000	core	core	no	no	no
bin_5_63	bin-5-63	bin_5_63_02026	cds	contig_62	87778	0.4084	13978	14937	-	13977	319	corA	magnesium/cobalt transporter CorA	no	corA	en_familia	50	1.0000	core	core	no	no	no
bin_5_63	bin-5-63	bin_5_63_02027	cds	contig_62	87778	0.4084	15069	15578	-	15068	169		Stress protein	no	group_4052	en_familia	50	1.0000	core	core	no	no	no
bin_5_63	bin-5-63	bin_5_63_02028	cds	contig_62	87778	0.4084	16012	16881	+	16011	289		DNA-3-methyladenine glycosylase II	no	group_3861	en_familia	50	1.0000	core	core	no	no	no
bin_5_63	bin-5-63	bin_5_63_02029	cds	contig_62	87778	0.4084	16984	18369	+	16983	461	rlmD	23S rRNA (uracil(1939)-C(5))-methyltransferase RlmD	no	group_4750	en_familia	50	1.0000	core	core	no	no	no
bin_5_63	bin-5-63	bin_5_63_02030	cds	contig_62	87778	0.4084	18645	18947	-	18644	100		DUF1433 domain-containing protein	no	group_3860	en_familia	23	0.4600	shell	shell	si	no	no
bin_5_63	bin-5-63	bin_5_63_02031	cds	contig_62	87778	0.4084	19058	20473	+	19057	471		Lipase	no	group_4491	en_familia	24	0.4800	shell	shell	si	no	no
bin_5_63	bin-5-63	bin_5_63_02032	cds	contig_62	87778	0.4084	20486	20791	+	20485	101		Phage protein	no	group_3183	en_familia	23	0.4600	shell	shell	si	no	no
bin_5_63	bin-5-63	bin_5_63_02033	cds	contig_62	87778	0.4084	21114	21524	+	21113	136		DUF6508 domain-containing protein	no	group_4952	en_familia	50	1.0000	core	core	no	no	no
bin_5_63	bin-5-63	bin_5_63_02034	cds	contig_62	87778	0.4084	21578	22069	+	21577	163		hypothetical protein	no	group_4950	en_familia	33	0.6600	shell	shell	si	no	no
bin_5_63	bin-5-63	bin_5_63_02035	cds	contig_62	87778	0.4084	22203	23030	+	22202	275		Transcriptional regulator	no	group_4659	en_familia	48	0.9600	core	core	no	no	no
bin_5_63	bin-5-63	bin_5_63_02036	cds	contig_62	87778	0.4084	23143	24243	+	23142	366	pbuE	Purine efflux pump PbuE	no	group_4951	en_familia	48	0.9600	core	core	no	no	no
bin_5_63	bin-5-63	bin_5_63_02037	cds	contig_62	87778	0.4084	24657	25229	+	24656	190		DNA alkylation repair protein	no	group_4949	en_familia	48	0.9600	core	core	no	no	no
bin_5_63	bin-5-63	bin_5_63_02038	cds	contig_62	87778	0.4084	25471	26040	+	25470	189		DUF2178 domain-containing protein	no	group_5181	en_familia	49	0.9800	core	core	no	no	no
bin_5_63	bin-5-63	bin_5_63_02039	cds	contig_62	87778	0.4084	26072	27346	+	26071	424		DUF4901 domain-containing protein	no	group_3618	en_familia	26	0.5200	shell	shell	si	no	no
bin_5_63	bin-5-63	bin_5_63_02040	cds	contig_62	87778	0.4084	27717	27998	+	27716	93		hypothetical protein	no	group_2315	en_familia	50	1.0000	core	core	no	no	no
bin_5_63	bin-5-63	bin_5_63_02041	cds	contig_62	87778	0.4084	28054	29562	-	28053	502		Transcriptional regulator	no	acpB	en_familia	48	0.9600	core	core	no	no	no
bin_5_63	bin-5-63	bin_5_63_02042	cds	contig_62	87778	0.4084	30272	36415	+	30271	2047		Serine-aspartate repeat-containing protein D	no	spaA	en_familia	48	0.9600	core	core	no	no	no
bin_5_63	bin-5-63	bin_5_63_02043	cds	contig_62	87778	0.4084	36437	37039	+	36436	200		Sortase	no	group_4599	en_familia	48	0.9600	core	core	no	no	no
bin_5_63	bin-5-63	bin_5_63_02044	cds	contig_62	87778	0.4084	37005	37358	+	37004	117		Group-specific protein	no	group_4937	en_familia	48	0.9600	core	core	no	no	no
bin_5_63	bin-5-63	bin_5_63_02045	cds	contig_62	87778	0.4084	37767	38510	+	37766	247		Internalin	no	group_4574	en_familia	50	1.0000	core	core	no	no	no
bin_5_63	bin-5-63	bin_5_63_02046	cds	contig_62	87778	0.4084	38551	38865	-	38550	104		Multidrug resistance protein SMR	no	group_4840	en_familia	50	1.0000	core	core	no	no	no
bin_5_63	bin-5-63	bin_5_63_02047	cds	contig_62	87778	0.4084	38866	39210	-	38865	114	ykkC	Multidrug resistance protein YkkC	no	ykkC	en_familia	50	1.0000	core	core	no	no	no
bin_5_63	bin-5-63	bin_5_63_02048	cds	contig_62	87778	0.4084	39291	39932	-	39290	213	yvdT	Putative HTH-type transcriptional regulator YvdT	no	yvdT~~~tetR	en_familia	50	1.0000	core	core	no	no	no
bin_5_63	bin-5-63	bin_5_63_02049	cds	contig_62	87778	0.4084	40043	40591	+	40042	182		VanZ-like domain-containing protein	no	vanZ	en_familia	50	1.0000	core	core	no	no	no
bin_5_63	bin-5-63	bin_5_63_02050	cds	contig_62	87778	0.4084	40588	41052	+	40587	154		DUF6884 domain-containing protein	no	group_4791	en_familia	50	1.0000	core	core	no	no	no
bin_5_63	bin-5-63	bin_5_63_02051	cds	contig_62	87778	0.4084	41203	41832	+	41202	209		Rhamnogalacturonan acetylesterase	no	group_4009	en_familia	50	1.0000	core	core	no	no	no
bin_5_63	bin-5-63	bin_5_63_02052	cds	contig_62	87778	0.4084	41986	43026	+	41985	346		Ferredoxin--NADP reductase 1	no	group_751	en_familia	50	1.0000	core	core	no	no	no
bin_5_63	bin-5-63	bin_5_63_02053	cds	contig_62	87778	0.4084	43102	44706	+	43072	534		ABC transporter substrate-binding protein	no	group_4010	en_familia	50	1.0000	core	core	no	no	no
bin_5_63	bin-5-63	bin_5_63_02054	cds	contig_62	87778	0.4084	44818	45744	+	42034	308		ABC transporter substrate-binding protein	no	group_926	en_familia	50	1.0000	core	core	no	no	no
bin_5_63	bin-5-63	bin_5_63_02055	cds	contig_62	87778	0.4084	45757	47472	+	40306	571		Putative ABC lipid transporter (ATP-binding protein)	no	group_198	en_familia	50	1.0000	core	core	no	no	no
bin_5_63	bin-5-63	bin_5_63_02056	cds	contig_62	87778	0.4084	47528	47854	-	39924	108	ynfA	YnfA family protein	no	ynfA	en_familia	50	1.0000	core	core	no	no	no
bin_5_63	bin-5-63	bin_5_63_02057	cds	contig_62	87778	0.4084	48209	48778	+	39000	189		ECF subfamily RNA polymerase sigma-24 factor	no	group_1597	en_familia	50	1.0000	core	core	no	no	no
bin_5_63	bin-5-63	bin_5_63_02058	cds	contig_62	87778	0.4084	48775	49533	+	38245	252	rsiW	Anti-sigma-W factor RsiW	no	group_4237	en_familia	50	1.0000	core	core	no	no	no
bin_5_63	bin-5-63	bin_5_63_02059	cds	contig_62	87778	0.4084	49633	50130	+	37648	165		Integral inner membrane protein	no	group_4024	en_familia	50	1.0000	core	core	no	no	no
bin_5_63	bin-5-63	bin_5_63_02060	cds	contig_62	87778	0.4084	50220	51227	+	36551	335		Zinc-type alcohol dehydrogenase-like protein	no	group_804	en_familia	50	1.0000	core	core	no	no	no
bin_5_63	bin-5-63	bin_5_63_02061	cds	contig_62	87778	0.4084	51241	51768	+	36010	175	bstA	bacillithiol transferase BstA	no	bstA~~~yfiT	en_familia	50	1.0000	core	core	no	no	no
bin_5_63	bin-5-63	bin_5_63_02062	cds	contig_62	87778	0.4084	51781	52044	+	35734	87		DUF4234 domain-containing protein	no	group_4446	en_familia	50	1.0000	core	core	no	no	no
bin_5_63	bin-5-63	bin_5_63_02063	cds	contig_62	87778	0.4084	52083	52562	-	35216	159	marR	MarR family transcriptional regulator	no	yfiV~~~marR	en_familia	50	1.0000	core	core	no	no	no
bin_5_63	bin-5-63	bin_5_63_02064	cds	contig_62	87778	0.4084	52731	55331	+	32447	866	mprF	bifunctional lysylphosphatidylglycerol flippase/synthetase MprF	no	mprF	en_familia	50	1.0000	core	core	no	no	no
bin_5_63	bin-5-63	bin_5_63_02065	cds	contig_62	87778	0.4084	55394	55942	+	31836	182		Thioredoxin	no	group_1635	en_familia	50	1.0000	core	core	no	no	no
bin_5_63	bin-5-63	bin_5_63_02066	cds	contig_62	87778	0.4084	56281	56748	+	31030	155		DUF393 domain-containing protein	no	group_1820	en_familia	50	1.0000	core	core	no	no	no
bin_5_63	bin-5-63	bin_5_63_02067	cds	contig_62	87778	0.4084	56784	58040	-	29738	418	nprA	Transcriptional activator NprA	no	nprA	en_familia	50	1.0000	core	core	no	no	no
bin_5_63	bin-5-63	bin_5_63_02068	cds	contig_62	87778	0.4084	58233	58898	+	28880	221		Putative NAD(P)H nitroreductase	no	group_3226	en_familia	50	1.0000	core	core	no	no	no
bin_5_63	bin-5-63	bin_5_63_02069	cds	contig_62	87778	0.4084	58933	59088	-	28690	51		YfhD-like protein	no	yfhD	en_familia	50	1.0000	core	core	no	no	no
bin_5_63	bin-5-63	bin_5_63_02070	cds	contig_62	87778	0.4084	59150	59260	-	28518	36		YfhE-like protein	no	group_3335	en_familia	50	1.0000	core	core	no	no	no
bin_5_63	bin-5-63	bin_5_63_02071	cds	contig_62	87778	0.4084	59313	60209	-	27569	298		Putative nucleotide- or NAD- binding protein	no	group_4142	en_familia	50	1.0000	core	core	no	no	no
bin_5_63	bin-5-63	bin_5_63_02072	cds	contig_62	87778	0.4084	60305	61096	+	26682	263	recX	recombination regulator RecX	no	recX	en_familia	50	1.0000	core	core	no	no	no
bin_5_63	bin-5-63	bin_5_63_02073	cds	contig_62	87778	0.4084	61100	61414	+	26364	104		Transcriptional regulator	no	group_4143	en_familia	50	1.0000	core	core	no	no	no
bin_5_63	bin-5-63	bin_5_63_02074	cds	contig_62	87778	0.4084	61477	61650	-	26128	57	ypzG	YpzG family protein	no	ypzG	en_familia	50	1.0000	core	core	no	no	no
bin_5_63	bin-5-63	bin_5_63_02075	cds	contig_62	87778	0.4084	61676	61825	-	25953	49	sspK	small, acid-soluble spore protein K	no	sspK	en_familia	50	1.0000	core	core	no	no	no
bin_5_63	bin-5-63	bin_5_63_02076	cds	contig_62	87778	0.4084	61942	62214	+	25564	90		WVELL protein	no	group_4631	en_familia	50	1.0000	core	core	no	no	no
bin_5_63	bin-5-63	bin_5_63_02077	cds	contig_62	87778	0.4084	62517	63500	+	24278	327		Glycosyltransferase	no	group_3528	en_familia	50	1.0000	core	core	no	no	no
bin_5_63	bin-5-63	bin_5_63_02078	cds	contig_62	87778	0.4084	63591	66182	+	21596	863	yfhO	YfhO family protein	no	yfhO	en_familia	50	1.0000	core	core	no	no	no
bin_5_63	bin-5-63	bin_5_63_02079	cds	contig_62	87778	0.4084	66252	66725	+	21053	157		DinB-like domain-containing protein	no	group_4780	en_familia	47	0.9400	shell	core	si	no	no
bin_5_63	bin-5-63	bin_5_63_02080	cds	contig_62	87778	0.4084	66730	67152	-	20626	140		Integral inner membrane protein	no	group_3964	en_familia	50	1.0000	core	core	no	no	no
bin_5_63	bin-5-63	bin_5_63_02081	cds	contig_62	87778	0.4084	67221	68384	-	19394	387	oxdC	Oxalate decarboxylase OxdC	no	oxdC	en_familia	50	1.0000	core	core	no	no	no
bin_5_63	bin-5-63	bin_5_63_02082	cds	contig_62	87778	0.4084	68479	68643	-	19135	54	yvrJ	YvrJ family protein	no	yvrJ	en_familia	50	1.0000	core	core	no	no	no
bin_5_63	bin-5-63	bin_5_63_02083	cds	contig_62	87778	0.4084	68810	69412	+	18366	200	sigO	RNA polymerase sigma factor SigO	no	sigO	en_familia	50	1.0000	core	core	no	no	no
bin_5_63	bin-5-63	bin_5_63_02084	cds	contig_62	87778	0.4084	69366	69581	+	18197	71	rsoA	sigma-O factor regulator RsoA	no	rsoA	en_familia	50	1.0000	core	core	no	no	no
bin_5_63	bin-5-63	bin_5_63_02085	cds	contig_62	87778	0.4084	70015	70995	-	16783	326		Metal-dependent hydrolase	no	group_845	en_familia	50	1.0000	core	core	no	no	no
bin_5_63	bin-5-63	bin_5_63_02086	cds	contig_62	87778	0.4084	71187	72287	+	15491	366	mutY	A/G-specific adenine glycosylase	no	mutY	en_familia	50	1.0000	core	core	no	no	no
bin_5_63	bin-5-63	bin_5_63_02087	cds	contig_62	87778	0.4084	72274	72498	-	15280	74	yfhS	YfhS protein	no	yfhS	en_familia	50	1.0000	core	core	no	no	no
bin_5_63	bin-5-63	bin_5_63_02088	cds	contig_62	87778	0.4084	72580	73332	+	14446	250	fabL	enoyl-[acyl-carrier-protein] reductase FabL	no	fabL	en_familia	50	1.0000	core	core	no	no	no
bin_5_63	bin-5-63	bin_5_63_02089	cds	contig_62	87778	0.4084	73390	73557	+	14221	55		Small, acid-soluble spore protein gamma-type	no	group_2786	en_familia	50	1.0000	core	core	no	no	no
bin_5_63	bin-5-63	bin_5_63_02090	cds	contig_62	87778	0.4084	73732	73992	+	13786	86		Stress-induced protein	no	group_4255	en_familia	50	1.0000	core	core	no	no	no
bin_5_63	bin-5-63	bin_5_63_02091	cds	contig_62	87778	0.4084	74140	74670	+	13108	176		Nucleoside triphosphate/diphosphate phosphatase	no	group_1673	en_familia	50	1.0000	core	core	no	no	no
bin_5_63	bin-5-63	bin_5_63_02092	cds	contig_62	87778	0.4084	74766	76508	+	11270	580		Multidrug export ATP-binding/permease protein	no	group_188	en_familia	50	1.0000	core	core	no	no	no
bin_5_63	bin-5-63	bin_5_63_02093	cds	contig_62	87778	0.4084	76621	77643	+	10135	340		Oligopeptide ABC transporter (ATP-binding protein)	no	group_3588	en_familia	50	1.0000	core	core	no	no	no
bin_5_63	bin-5-63	bin_5_63_02094	cds	contig_62	87778	0.4084	77612	78589	+	9189	325		Putative cell wall oligopeptide ABC transporter (ATP binding protein)	no	group_3149	en_familia	50	1.0000	core	core	no	no	no
bin_5_63	bin-5-63	bin_5_63_02095	cds	contig_62	87778	0.4084	78564	80150	+	7628	528		Periplasmic dipeptide transport protein	no	group_232	en_familia	50	1.0000	core	core	no	no	no
bin_5_63	bin-5-63	bin_5_63_02096	cds	contig_62	87778	0.4084	80212	81213	+	6565	333	dppB	Dipeptide transport system permease protein DppB	no	dppB	en_familia	50	1.0000	core	core	no	no	no
bin_5_63	bin-5-63	bin_5_63_02097	cds	contig_62	87778	0.4084	81232	82128	+	5650	298	gsiD	Glutathione transport system permease protein GsiD	no	gsiD	en_familia	50	1.0000	core	core	no	no	no
bin_5_63	bin-5-63	bin_5_63_02098	cds	contig_62	87778	0.4084	82158	83231	-	4547	357		Aromatic acid exporter family protein	no	group_713	en_familia	49	0.9800	core	core	no	no	no
bin_5_63	bin-5-63	bin_5_63_02099	cds	contig_62	87778	0.4084	83479	84774	-	3004	431	hemL1	glutamate-1-semialdehyde 2,1-aminomutase	no	hemL1	en_familia	49	0.9800	core	core	no	no	no
bin_5_63	bin-5-63	bin_5_63_02100	cds	contig_62	87778	0.4084	84904	85371	+	2407	155	bcp	thioredoxin-dependent thiol peroxidase	no	bcp	en_familia	49	0.9800	core	core	no	no	no
bin_5_63	bin-5-63	bin_5_63_02101	cds	contig_62	87778	0.4084	85446	85967	+	1811	173	perR	peroxide-responsive transcriptional repressor PerR	no	perR	en_familia	49	0.9800	core	core	no	no	no
bin_5_63	bin-5-63	bin_5_63_02102	cds	contig_62	87778	0.4084	86003	86350	-	1428	115		UPF0295 protein BPUM_0828	no	group_2112	en_familia	49	0.9800	core	core	no	no	no
bin_5_63	bin-5-63	bin_5_63_02103	cds	contig_62	87778	0.4084	86540	87418	+	360	292		Nucleotidyltransferase-like domain-containing protein	no	group_994	en_familia	50	1.0000	core	core	no	no	no
bin_5_63	bin-5-63	bin_5_63_02108	cds	contig_63	13604	0.4162	819	1796	+	818	325	thiL	thiamine-phosphate kinase	no	thiL	en_familia	50	1.0000	core	core	no	no	no
bin_5_63	bin-5-63	bin_5_63_02109	cds	contig_63	13604	0.4162	1809	2285	+	1808	158	tsaE	tRNA (adenosine(37)-N6)-threonylcarbamoyltransferase complex ATPase subunit type 1 TsaE	no	tsaE	en_familia	50	1.0000	core	core	no	no	no
bin_5_63	bin-5-63	bin_5_63_02110	cds	contig_63	13604	0.4162	2266	2955	+	2265	229	tsaB	tRNA (adenosine(37)-N6)-threonylcarbamoyltransferase complex dimerization subunit type 1 TsaB	no	tsaB	en_familia	50	1.0000	core	core	no	no	no
bin_5_63	bin-5-63	bin_5_63_02111	cds	contig_63	13604	0.4162	2981	3409	+	2980	142	rimI	ribosomal protein S18-alanine N-acetyltransferase	no	rimI	en_familia	50	1.0000	core	core	no	no	no
bin_5_63	bin-5-63	bin_5_63_02112	cds	contig_63	13604	0.4162	3402	4430	+	3401	342	tsaD	tRNA (adenosine(37)-N6)-threonylcarbamoyltransferase complex transferase subunit TsaD	no	tsaD	en_familia	50	1.0000	core	core	no	no	no
bin_5_63	bin-5-63	bin_5_63_02113	cds	contig_63	13604	0.4162	4899	6821	-	4898	640	abc-f	ribosomal protection-like ABC-F family protein	no	abcf	en_familia	50	1.0000	core	core	no	no	no
bin_5_63	bin-5-63	bin_5_63_02114	cds	contig_63	13604	0.4162	6960	7451	+	6153	163	moaC	cyclic pyranopterin monophosphate synthase MoaC	no	moaC	en_familia	50	1.0000	core	core	no	no	no
bin_5_63	bin-5-63	bin_5_63_02115	cds	contig_63	13604	0.4162	7467	8120	+	5484	217	rex	redox-sensing transcriptional repressor Rex	no	rex	en_familia	50	1.0000	core	core	no	no	no
bin_5_63	bin-5-63	bin_5_63_02116	cds	contig_63	13604	0.4162	8148	8327	+	5277	59	tatA	Sec-independent protein translocase protein TatA	no	tatA	en_familia	50	1.0000	core	core	no	no	no
bin_5_63	bin-5-63	bin_5_63_02117	cds	contig_63	13604	0.4162	8343	9098	+	4506	251	tatC	twin-arginine translocase subunit TatC	no	tatC	en_familia	50	1.0000	core	core	no	no	no
bin_5_63	bin-5-63	bin_5_63_02118	cds	contig_63	13604	0.4162	9138	9764	-	3840	208		Hydrolase	no	group_4411	en_familia	50	1.0000	core	core	no	no	no
bin_5_63	bin-5-63	bin_5_63_02119	cds	contig_63	13604	0.4162	9822	10016	-	3588	64		DUF4305 domain-containing protein	no	group_2657	en_familia	50	1.0000	core	core	no	no	no
bin_5_63	bin-5-63	bin_5_63_02120	cds	contig_63	13604	0.4162	10013	10747	-	2857	244		Peptidase	no	group_4366	en_familia	50	1.0000	core	core	no	no	no
bin_5_63	bin-5-63	bin_5_63_02121	cds	contig_63	13604	0.4162	10977	11261	+	2343	94	groES	co-chaperone GroES	no	groES	en_familia	50	1.0000	core	core	no	no	no
bin_5_63	bin-5-63	bin_5_63_02122	cds	contig_63	13604	0.4162	11318	12952	+	652	544	groL	chaperonin GroEL	no	groL	en_familia	50	1.0000	core	core	no	no	no
bin_5_63	bin-5-63	bin_5_63_02123	cds	contig_64	40762	0.4167	408	2516	-	407	702		Exoglucanase ii	no	group_4451	en_familia	50	1.0000	core	core	no	no	no
bin_5_63	bin-5-63	bin_5_63_02124	cds	contig_64	40762	0.4167	2534	4384	-	2533	616		Endoglucanase 4	no	eglA	en_familia	50	1.0000	core	core	no	no	no
bin_5_63	bin-5-63	bin_5_63_02125	cds	contig_64	40762	0.4167	4808	9121	-	4807	1437		PolC-type DNA polymerase III	no	group_3137	en_familia	50	1.0000	core	core	no	no	no
bin_5_63	bin-5-63	bin_5_63_02126	cds	contig_64	40762	0.4167	9197	10894	-	9196	565	proS	proline--tRNA ligase	no	proS	en_familia	50	1.0000	core	core	no	no	no
bin_5_63	bin-5-63	bin_5_63_02127	cds	contig_64	40762	0.4167	10975	12234	-	10974	419	rseP	RIP metalloprotease RseP	no	rseP	en_familia	50	1.0000	core	core	no	no	no
bin_5_63	bin-5-63	bin_5_63_02128	cds	contig_64	40762	0.4167	12247	13398	-	12246	383	dxr	1-deoxy-D-xylulose-5-phosphate reductoisomerase	no	dxr	en_familia	50	1.0000	core	core	no	no	no
bin_5_63	bin-5-63	bin_5_63_02129	cds	contig_64	40762	0.4167	13438	14232	-	13437	264		Phosphatidate cytidylyltransferase	no	group_1143	en_familia	50	1.0000	core	core	no	no	no
bin_5_63	bin-5-63	bin_5_63_02130	cds	contig_64	40762	0.4167	14245	15027	-	14244	260		isoprenyl transferase	no	group_1166	en_familia	50	1.0000	core	core	no	no	no
bin_5_63	bin-5-63	bin_5_63_02131	cds	contig_64	40762	0.4167	15157	15714	-	15156	185	frr	ribosome recycling factor	no	frr	en_familia	50	1.0000	core	core	no	no	no
bin_5_63	bin-5-63	bin_5_63_02132	cds	contig_64	40762	0.4167	15716	16438	-	15715	240	pyrH	UMP kinase	no	pyrH	en_familia	50	1.0000	core	core	no	no	no
bin_5_63	bin-5-63	bin_5_63_02133	cds	contig_64	40762	0.4167	16573	17454	-	16572	293	tsf	translation elongation factor Ts	no	tsf	en_familia	50	1.0000	core	core	no	no	no
bin_5_63	bin-5-63	bin_5_63_02134	cds	contig_64	40762	0.4167	17546	18280	-	17545	244	rpsB	30S ribosomal protein S2	no	rpsB	en_familia	50	1.0000	core	core	no	no	no
bin_5_63	bin-5-63	bin_5_63_02135	cds	contig_64	40762	0.4167	18436	18975	-	18435	179		Coupling factor for flagellin transcription and translation	no	group_3384	en_familia	50	1.0000	core	core	no	no	no
bin_5_63	bin-5-63	bin_5_63_02136	cds	contig_64	40762	0.4167	18997	19764	-	18996	255	fliA	FliA/WhiG family RNA polymerase sigma factor	no	fliA	en_familia	50	1.0000	core	core	no	no	no
bin_5_63	bin-5-63	bin_5_63_02137	cds	contig_64	40762	0.4167	19789	20289	-	19788	166	cheD	Chemoreceptor glutamine deamidase CheD	no	cheD	en_familia	50	1.0000	core	core	no	no	no
bin_5_63	bin-5-63	bin_5_63_02138	cds	contig_64	40762	0.4167	20289	20915	-	19847	208	cheC	CheY-P phosphatase CheC	no	cheC	en_familia	50	1.0000	core	core	no	no	no
bin_5_63	bin-5-63	bin_5_63_02139	cds	contig_64	40762	0.4167	20928	21389	-	19373	153	cheW	Chemotaxis protein CheW	no	group_1836	en_familia	50	1.0000	core	core	no	no	no
bin_5_63	bin-5-63	bin_5_63_02140	cds	contig_64	40762	0.4167	21414	23441	-	17321	675	cheA	Chemotaxis protein CheA	no	cheA	en_familia	50	1.0000	core	core	no	no	no
bin_5_63	bin-5-63	bin_5_63_02141	cds	contig_64	40762	0.4167	23447	24529	-	16233	360		Protein-glutamate methylesterase/protein-glutamine glutaminase	no	group_705	en_familia	50	1.0000	core	core	no	no	no
bin_5_63	bin-5-63	bin_5_63_02142	cds	contig_64	40762	0.4167	24526	25431	-	15331	301		MinD/ParA family protein	no	ylxH	en_familia	50	1.0000	core	core	no	no	no
bin_5_63	bin-5-63	bin_5_63_02143	cds	contig_64	40762	0.4167	25428	26546	-	14216	372	flhF	flagellar biosynthesis protein FlhF	no	flhF	en_familia	50	1.0000	core	core	no	no	no
bin_5_63	bin-5-63	bin_5_63_02144	cds	contig_64	40762	0.4167	26546	28579	-	12183	677	flhA	flagellar biosynthesis protein FlhA	no	flhA	en_familia	50	1.0000	core	core	no	no	no
bin_5_63	bin-5-63	bin_5_63_02145	cds	contig_64	40762	0.4167	28609	29697	-	11065	362	flhB	flagellar biosynthesis protein FlhB	no	flhB	en_familia	50	1.0000	core	core	no	no	no
bin_5_63	bin-5-63	bin_5_63_02146	cds	contig_64	40762	0.4167	29694	30473	-	10289	259	fliR	flagellar biosynthetic protein FliR	no	fliR	en_familia	50	1.0000	core	core	no	no	no
bin_5_63	bin-5-63	bin_5_63_02147	cds	contig_64	40762	0.4167	30480	30749	-	10013	89	fliQ	flagellar biosynthesis protein FliQ	no	fliQ	en_familia	50	1.0000	core	core	no	no	no
bin_5_63	bin-5-63	bin_5_63_02148	cds	contig_64	40762	0.4167	30766	31431	-	9331	221	fliP	flagellar type III secretion system pore protein FliP	no	fliP	en_familia	50	1.0000	core	core	no	no	no
bin_5_63	bin-5-63	bin_5_63_02149	cds	contig_64	40762	0.4167	31424	32086	-	8676	220	fliZ	flagella biosynthesis regulatory protein FliZ	no	fliZ	en_familia	50	1.0000	core	core	no	no	no
bin_5_63	bin-5-63	bin_5_63_02150	cds	contig_64	40762	0.4167	32102	32464	-	8298	120	cheY	Chemotaxis protein CheY	no	cheY	en_familia	50	1.0000	core	core	no	no	no
bin_5_63	bin-5-63	bin_5_63_02151	cds	contig_64	40762	0.4167	32492	33613	-	7149	373	fliY	flagellar motor switch phosphatase FliY	no	fliY	en_familia	50	1.0000	core	core	no	no	no
bin_5_63	bin-5-63	bin_5_63_02152	cds	contig_64	40762	0.4167	33603	34601	-	6161	332	fliM	flagellar motor switch protein FliM	no	fliM	en_familia	50	1.0000	core	core	no	no	no
bin_5_63	bin-5-63	bin_5_63_02153	cds	contig_64	40762	0.4167	34634	35062	-	5700	142	fliL	flagellar basal body-associated protein FliL	no	fliL	en_familia	50	1.0000	core	core	no	no	no
bin_5_63	bin-5-63	bin_5_63_02154	cds	contig_64	40762	0.4167	35059	35274	-	5488	71	flbD	Flagellar protein FlbD	no	flbD	en_familia	50	1.0000	core	core	no	no	no
bin_5_63	bin-5-63	bin_5_63_02155	cds	contig_64	40762	0.4167	35312	36103	-	4659	263	flgG	flagellar basal body rod protein FlgG	no	group_4579	en_familia	50	1.0000	core	core	no	no	no
bin_5_63	bin-5-63	bin_5_63_02156	cds	contig_64	40762	0.4167	36125	36568	-	4194	147	flgD	flagellar hook assembly protein FlgD	no	flgD	en_familia	50	1.0000	core	core	no	no	no
bin_5_63	bin-5-63	bin_5_63_02157	cds	contig_64	40762	0.4167	36568	37890	-	2872	440		Flagellar hook-length control protein	no	group_3401	en_familia	50	1.0000	core	core	no	no	no
bin_5_63	bin-5-63	bin_5_63_02158	cds	contig_64	40762	0.4167	37891	38577	-	2185	228	mgtE	Magnesium transporter MgtE intracellular domain-containing protein	no	mgtE	en_familia	50	1.0000	core	core	no	no	no
bin_5_63	bin-5-63	bin_5_63_02159	cds	contig_64	40762	0.4167	38590	39033	-	1729	147	fliJ	flagellar export protein FliJ	no	fliJ	en_familia	50	1.0000	core	core	no	no	no
bin_5_63	bin-5-63	bin_5_63_02160	cds	contig_64	40762	0.4167	39042	40358	-	404	438	fliI	flagellar protein export ATPase FliI	no	fliI	en_familia	50	1.0000	core	core	no	no	no
bin_5_63	bin-5-63	bin_5_63_02161	cds	contig_64	40762	0.4167	40355	40606	-	156	83		hypothetical protein	no	fliH	en_familia	50	1.0000	core	core	no	no	no
bin_5_63	bin-5-63	bin_5_63_02162	cds	contig_65	1528	0.4084	48	299	+	47	83		hypothetical protein	no	group_5837	en_familia	0	0.0000	exclusivo	exclusivo	no	no	si
bin_5_63	bin-5-63	bin_5_63_02163	cds	contig_65	1528	0.4084	369	1520	-	8	383		Aminopeptidase	no	group_5838	en_familia	0	0.0000	exclusivo	exclusivo	no	no	si
bin_5_63	bin-5-63	bin_5_63_02164	cds	contig_66	129966	0.4078	63	1259	+	62	398		ABC transporter ATP-binding protein	no	msbA	en_familia	32	0.6400	shell	shell	si	no	no
bin_5_63	bin-5-63	bin_5_63_02165	cds	contig_66	129966	0.4078	1261	1830	+	1260	189	mauE	Methylamine utilisation protein MauE	no	mauE	en_familia	32	0.6400	shell	shell	si	no	no
bin_5_63	bin-5-63	bin_5_63_02166	cds	contig_66	129966	0.4078	1827	2357	+	1826	176		Thiol-disulfide oxidoreductase	no	group_3441	en_familia	32	0.6400	shell	shell	si	no	no
bin_5_63	bin-5-63	bin_5_63_02167	cds	contig_66	129966	0.4078	2592	3089	-	2591	165	ywnH	Phosphinothricin acetyltransferase YwnH	no	ywnH	en_familia	50	1.0000	core	core	no	no	no
bin_5_63	bin-5-63	bin_5_63_02168	cds	contig_66	129966	0.4078	3217	4113	+	3216	298		Peptidase M23	no	group_4341	en_familia	50	1.0000	core	core	no	no	no
bin_5_63	bin-5-63	bin_5_63_02169	cds	contig_66	129966	0.4078	4200	4547	-	4199	115		Nitrogen regulatory PII	no	group_2114	en_familia	50	1.0000	core	core	no	no	no
bin_5_63	bin-5-63	bin_5_63_02170	cds	contig_66	129966	0.4078	4566	5774	-	4565	402		Ammonium transporter	no	group_531	en_familia	50	1.0000	core	core	no	no	no
bin_5_63	bin-5-63	bin_5_63_02171	cds	contig_66	129966	0.4078	5968	6708	-	5967	246	glnQ	Glutamine transport ATP-binding protein GlnQ	no	glnQ	en_familia	50	1.0000	core	core	no	no	no
bin_5_63	bin-5-63	bin_5_63_02172	cds	contig_66	129966	0.4078	6719	7381	-	6718	220		Cystine transporter permease	no	group_3388	en_familia	50	1.0000	core	core	no	no	no
bin_5_63	bin-5-63	bin_5_63_02173	cds	contig_66	129966	0.4078	7438	8118	-	7437	226		Amino acid ABC transporter substrate-binding protein	no	group_4585	en_familia	50	1.0000	core	core	no	no	no
bin_5_63	bin-5-63	bin_5_63_02174	cds	contig_66	129966	0.4078	8498	9892	+	8497	464	ribZ	Riboflavin transporter RibZ	no	ribZ	en_familia	50	1.0000	core	core	no	no	no
bin_5_63	bin-5-63	bin_5_63_02175	cds	contig_66	129966	0.4078	9926	10525	-	9925	199		Undecaprenyl-diphosphatase	no	group_3190	en_familia	50	1.0000	core	core	no	no	no
bin_5_63	bin-5-63	bin_5_63_02176	cds	contig_66	129966	0.4078	10635	11822	-	10634	395	yhhS	Putative MFS-type transporter YhhS	no	yhhS	en_familia	50	1.0000	core	core	no	no	no
bin_5_63	bin-5-63	bin_5_63_02177	cds	contig_66	129966	0.4078	11838	12251	-	11837	137		Putative transcriptional regulator (MarR family)	no	group_3248	en_familia	50	1.0000	core	core	no	no	no
bin_5_63	bin-5-63	bin_5_63_02178	cds	contig_66	129966	0.4078	12599	12877	+	12598	92	spoIIID	sporulation transcriptional regulator SpoIIID	no	spoIIID	en_familia	50	1.0000	core	core	no	no	no
bin_5_63	bin-5-63	bin_5_63_02179	cds	contig_66	129966	0.4078	13063	14064	+	13062	333	mbl	cell shape-determining protein Mbl	no	mbl	en_familia	50	1.0000	core	core	no	no	no
bin_5_63	bin-5-63	bin_5_63_02180	cds	contig_66	129966	0.4078	14064	14189	+	14063	41		hypothetical protein	no	group_2916	en_familia	50	1.0000	core	core	no	no	no
bin_5_63	bin-5-63	bin_5_63_02181	cds	contig_66	129966	0.4078	14199	15038	+	14198	279	flgG	Flagellar basal-body rod protein FlgG	no	flgG	en_familia	50	1.0000	core	core	no	no	no
bin_5_63	bin-5-63	bin_5_63_02182	cds	contig_66	129966	0.4078	15068	15886	+	15067	272		Flagellar hook-basal body accessory protein	no	group_3355	en_familia	50	1.0000	core	core	no	no	no
bin_5_63	bin-5-63	bin_5_63_02183	cds	contig_66	129966	0.4078	15901	16956	-	15900	351		Aspartate phosphatase	no	group_731	en_familia	50	1.0000	core	core	no	no	no
bin_5_63	bin-5-63	bin_5_63_02184	cds	contig_66	129966	0.4078	17176	17610	+	17175	144	fabZ	3-hydroxyacyl-ACP dehydratase FabZ	no	group_1907	en_familia	50	1.0000	core	core	no	no	no
bin_5_63	bin-5-63	bin_5_63_02185	cds	contig_66	129966	0.4078	17737	18132	+	17736	131	mscL	large conductance mechanosensitive channel protein MscL	no	mscL	en_familia	50	1.0000	core	core	no	no	no
bin_5_63	bin-5-63	bin_5_63_02186	cds	contig_66	129966	0.4078	18356	18766	-	18355	136		YwpF-like protein	no	group_1953	en_familia	50	1.0000	core	core	no	no	no
bin_5_63	bin-5-63	bin_5_63_02187	cds	contig_66	129966	0.4078	18884	19198	+	18883	104		hypothetical protein	no	group_3349	en_familia	50	1.0000	core	core	no	no	no
bin_5_63	bin-5-63	bin_5_63_02188	cds	contig_66	129966	0.4078	19624	20493	+	19623	289	ywpJ	Phosphatase YwpJ	no	ywpJ	en_familia	50	1.0000	core	core	no	no	no
bin_5_63	bin-5-63	bin_5_63_02189	cds	contig_66	129966	0.4078	20647	21435	+	20646	262		Biphenyl 2,3-dioxygenase	no	group_1155	en_familia	50	1.0000	core	core	no	no	no
bin_5_63	bin-5-63	bin_5_63_02190	cds	contig_66	129966	0.4078	21509	24286	-	21508	925	dbpA	ATP-dependent RNA helicase DbpA	no	dbpA	en_familia	50	1.0000	core	core	no	no	no
bin_5_63	bin-5-63	bin_5_63_02191	cds	contig_66	129966	0.4078	24273	25880	-	24272	535		SWIM-type domain-containing protein	no	group_228	en_familia	50	1.0000	core	core	no	no	no
bin_5_63	bin-5-63	bin_5_63_02192	cds	contig_66	129966	0.4078	26067	26210	+	26066	47		hypothetical protein	no	group_3147	en_familia	50	1.0000	core	core	no	no	no
bin_5_63	bin-5-63	bin_5_63_02193	cds	contig_66	129966	0.4078	26326	27645	+	26325	439		UDP-glucose 6-dehydrogenase	no	group_407	en_familia	50	1.0000	core	core	no	no	no
bin_5_63	bin-5-63	bin_5_63_02194	cds	contig_66	129966	0.4078	27686	28219	-	27685	177		Chromate transporter subunit C	no	group_1667	en_familia	50	1.0000	core	core	no	no	no
bin_5_63	bin-5-63	bin_5_63_02195	cds	contig_66	129966	0.4078	28219	28800	-	28218	193		Chromate transport protein	no	group_3455	en_familia	50	1.0000	core	core	no	no	no
bin_5_63	bin-5-63	bin_5_63_02196	cds	contig_66	129966	0.4078	28817	29293	-	28816	158	asnC	AsnC family transcriptional regulator	no	asnC	en_familia	50	1.0000	core	core	no	no	no
bin_5_63	bin-5-63	bin_5_63_02197	cds	contig_66	129966	0.4078	29447	30217	-	29446	256	budA	acetolactate decarboxylase	no	budA	en_familia	50	1.0000	core	core	no	no	no
bin_5_63	bin-5-63	bin_5_63_02198	cds	contig_66	129966	0.4078	30253	31953	-	30252	566	alsS	acetolactate synthase AlsS	no	alsS	en_familia	50	1.0000	core	core	no	no	no
bin_5_63	bin-5-63	bin_5_63_02199	cds	contig_66	129966	0.4078	32104	32991	+	32103	295	alsR	acetoin biosynthesis transcriptional regulator AlsR	no	alsR	en_familia	50	1.0000	core	core	no	no	no
bin_5_63	bin-5-63	bin_5_63_02200	cds	contig_66	129966	0.4078	33051	33668	+	33050	205		Flavin reductase like domain-containing protein	no	group_1500	en_familia	50	1.0000	core	core	no	no	no
bin_5_63	bin-5-63	bin_5_63_02201	cds	contig_66	129966	0.4078	33902	34819	-	33901	305	rbsB	ribose ABC transporter substrate-binding protein RbsB	no	rbsB	en_familia	50	1.0000	core	core	no	no	no
bin_5_63	bin-5-63	bin_5_63_02202	cds	contig_66	129966	0.4078	34833	35786	-	34832	317	rbsC	ribose ABC transporter permease RbsC	no	group_882	en_familia	50	1.0000	core	core	no	no	no
bin_5_63	bin-5-63	bin_5_63_02203	cds	contig_66	129966	0.4078	35788	37269	-	35787	493	ccmA	heme ABC exporter ATP-binding protein CcmA	no	ccmA	en_familia	50	1.0000	core	core	no	no	no
bin_5_63	bin-5-63	bin_5_63_02204	cds	contig_66	129966	0.4078	37285	37677	-	37284	130	rbsD	D-ribose pyranase	no	rbsD	en_familia	50	1.0000	core	core	no	no	no
bin_5_63	bin-5-63	bin_5_63_02205	cds	contig_66	129966	0.4078	37674	38552	-	37673	292	rbsK	ribokinase	no	rbsK	en_familia	50	1.0000	core	core	no	no	no
bin_5_63	bin-5-63	bin_5_63_02206	cds	contig_66	129966	0.4078	38549	39535	-	38548	328		Catabolite control protein A	no	group_812	en_familia	50	1.0000	core	core	no	no	no
bin_5_63	bin-5-63	bin_5_63_02207	cds	contig_66	129966	0.4078	39653	40795	-	39652	380		Spore germination GerAC-like C-terminal domain-containing protein	no	group_4027	en_familia	50	1.0000	core	core	no	no	no
bin_5_63	bin-5-63	bin_5_63_02208	cds	contig_66	129966	0.4078	40785	41882	-	40784	365	yndE	Spore germination protein YndE	no	yndE	en_familia	49	0.9800	core	core	no	no	no
bin_5_63	bin-5-63	bin_5_63_02209	cds	contig_66	129966	0.4078	41872	43353	-	41871	493		Spore germination protein B1	no	group_4483	en_familia	49	0.9800	core	core	no	no	no
bin_5_63	bin-5-63	bin_5_63_02210	cds	contig_66	129966	0.4078	44101	45282	+	44100	393	pgsB	poly-gamma-glutamate synthase PgsB	no	capB~~~pgsB	en_familia	50	1.0000	core	core	no	no	no
bin_5_63	bin-5-63	bin_5_63_02211	cds	contig_66	129966	0.4078	45298	45747	+	45297	149	pgsC	poly-gamma-glutamate biosynthesis protein PgsC	no	pgsC	en_familia	50	1.0000	core	core	no	no	no
bin_5_63	bin-5-63	bin_5_63_02212	cds	contig_66	129966	0.4078	45763	46932	+	45762	389	capA	CapA family protein	no	capA	en_familia	50	1.0000	core	core	no	no	no
bin_5_63	bin-5-63	bin_5_63_02213	cds	contig_66	129966	0.4078	46929	47099	+	46928	56		Factor required extrachromosomal elements maintenance	no	group_2777	en_familia	50	1.0000	core	core	no	no	no
bin_5_63	bin-5-63	bin_5_63_02214	cds	contig_66	129966	0.4078	47206	48429	+	47205	407	mepS	bifunctional murein DD-endopeptidase/murein LD-carboxypeptidase	no	mepS	en_familia	50	1.0000	core	core	no	no	no
bin_5_63	bin-5-63	bin_5_63_02215	cds	contig_66	129966	0.4078	48486	49367	-	48485	293		Cof-type HAD-IIB family hydrolase	no	group_3935	en_familia	50	1.0000	core	core	no	no	no
bin_5_63	bin-5-63	bin_5_63_02216	cds	contig_66	129966	0.4078	49716	50681	-	49715	321	tagT	Polyisoprenyl-teichoic acid--peptidoglycan teichoic acid transferase TagT	no	tagT	en_familia	48	0.9600	core	core	no	no	no
bin_5_63	bin-5-63	bin_5_63_02217	cds	contig_66	129966	0.4078	50895	52316	+	50894	473	csbC	Putative metabolite transport protein CsbC	no	csbC	en_familia	48	0.9600	core	core	no	no	no
bin_5_63	bin-5-63	bin_5_63_02218	cds	contig_66	129966	0.4078	52607	54004	+	52606	465		Bifunctional glycosyltransferase family 2 protein/class I SAM-dependent methyltransferase	no	group_4656	en_familia	49	0.9800	core	core	no	no	no
bin_5_63	bin-5-63	bin_5_63_02219	cds	contig_66	129966	0.4078	54207	55352	-	54206	381		Lipoprotein component of the germination receptor B	no	group_4655	en_familia	50	1.0000	core	core	no	no	no
bin_5_63	bin-5-63	bin_5_63_02220	cds	contig_66	129966	0.4078	55349	56449	-	55348	366		Component of germinant receptor B	no	group_4828	en_familia	50	1.0000	core	core	no	no	no
bin_5_63	bin-5-63	bin_5_63_02221	cds	contig_66	129966	0.4078	56453	57919	-	56452	488		Component of germinant receptor B	no	group_4157	en_familia	50	1.0000	core	core	no	no	no
bin_5_63	bin-5-63	bin_5_63_02222	cds	contig_66	129966	0.4078	58023	58796	-	58022	257	kduD	2-dehydro-3-deoxy-D-gluconate 5-dehydrogenase KduD	no	kduD	en_familia	50	1.0000	core	core	no	no	no
bin_5_63	bin-5-63	bin_5_63_02223	cds	contig_66	129966	0.4078	58801	59628	-	58800	275	kduI	5-dehydro-4-deoxy-D-glucuronate isomerase	no	kduI	en_familia	50	1.0000	core	core	no	no	no
bin_5_63	bin-5-63	bin_5_63_02224	cds	contig_66	129966	0.4078	59886	60896	+	59885	336	kdgR	HTH-type transcriptional regulator KdgR	no	kdgR	en_familia	50	1.0000	core	core	no	no	no
bin_5_63	bin-5-63	bin_5_63_02225	cds	contig_66	129966	0.4078	60983	61999	+	60982	338		2-keto-3-deoxygluconate kinase	no	group_4794	en_familia	50	1.0000	core	core	no	no	no
bin_5_63	bin-5-63	bin_5_63_02226	cds	contig_66	129966	0.4078	61971	62579	+	61970	202		2-keto-3-deoxygluconate-6-phosphate aldolase	no	group_4546	en_familia	50	1.0000	core	core	no	no	no
bin_5_63	bin-5-63	bin_5_63_02227	cds	contig_66	129966	0.4078	62689	62802	+	62688	37		hypothetical protein	no	group_3701	en_familia	50	1.0000	core	core	no	no	no
bin_5_63	bin-5-63	bin_5_63_02228	cds	contig_66	129966	0.4078	62853	63143	+	62852	96		N-acetyltransferase domain-containing protein	no	group_3701	en_familia	50	1.0000	core	core	no	no	no
bin_5_63	bin-5-63	bin_5_63_02229	cds	contig_66	129966	0.4078	63214	64215	+	63213	333	lacI	LacI family transcriptional regulator	no	group_3168	en_familia	50	1.0000	core	core	no	no	no
bin_5_63	bin-5-63	bin_5_63_02230	cds	contig_66	129966	0.4078	64212	65654	+	64211	480		histidine kinase	no	group_4486	en_familia	50	1.0000	core	core	no	no	no
bin_5_63	bin-5-63	bin_5_63_02231	cds	contig_66	129966	0.4078	65648	67069	+	62897	473		Response regulator	no	group_3922	en_familia	50	1.0000	core	core	no	no	no
bin_5_63	bin-5-63	bin_5_63_02232	cds	contig_66	129966	0.4078	67172	68437	+	61529	421		putative sugar-binding periplasmic protein	no	group_4041	en_familia	50	1.0000	core	core	no	no	no
bin_5_63	bin-5-63	bin_5_63_02233	cds	contig_66	129966	0.4078	68496	69467	+	60499	323	lacF	Lactose transport system permease protein LacF	no	lacF	en_familia	50	1.0000	core	core	no	no	no
bin_5_63	bin-5-63	bin_5_63_02234	cds	contig_66	129966	0.4078	69464	70285	+	59681	273		ABC transmembrane type-1 domain-containing protein	no	group_1089	en_familia	50	1.0000	core	core	no	no	no
bin_5_63	bin-5-63	bin_5_63_02235	cds	contig_66	129966	0.4078	70433	71383	+	58583	316	manA	mannose-6-phosphate isomerase, class I	no	manA	en_familia	50	1.0000	core	core	no	no	no
bin_5_63	bin-5-63	bin_5_63_02236	cds	contig_66	129966	0.4078	71507	74137	+	55829	876		Beta-N-acetylhexosaminidase	no	group_4061	en_familia	50	1.0000	core	core	no	no	no
bin_5_63	bin-5-63	bin_5_63_02237	cds	contig_66	129966	0.4078	74155	75342	-	54624	395		Teichoic acid primase, CDP-glycerol:N-acetyl-beta-d-mannosaminyl-1, 4-N-acetyl-d-glucosaminyldiphosphoundecaprenyl glycerophosphotransferase	no	group_4522	en_familia	50	1.0000	core	core	no	no	no
bin_5_63	bin-5-63	bin_5_63_02238	cds	contig_66	129966	0.4078	75354	76124	-	53842	256		N-acetylglucosaminyldiphosphoundecaprenol N-acetyl-beta-D-mannosaminyltransferase	no	group_3247	en_familia	50	1.0000	core	core	no	no	no
bin_5_63	bin-5-63	bin_5_63_02239	cds	contig_66	129966	0.4078	76495	76884	+	53082	129	tagD	glycerol-3-phosphate cytidylyltransferase	no	tagD	en_familia	50	1.0000	core	core	no	no	no
bin_5_63	bin-5-63	bin_5_63_02240	cds	contig_66	129966	0.4078	76979	78448	+	51518	489		alpha-glucosyltransferase N-terminal domain-containing protein	no	group_4319	en_familia	44	0.8800	shell	shell	si	no	no
bin_5_63	bin-5-63	bin_5_63_02241	cds	contig_66	129966	0.4078	78488	79660	+	50306	390		CDP-glycerol glycerophosphotransferase family protein	no	group_4997	en_familia	47	0.9400	shell	core	si	no	no
bin_5_63	bin-5-63	bin_5_63_02242	cds	contig_66	129966	0.4078	79869	81230	+	48736	453		Glycosyltransferase 2-like domain-containing protein	no	group_374	en_familia	1	0.0200	cloud	cloud	si	si	no
bin_5_63	bin-5-63	bin_5_63_02243	cds	contig_66	129966	0.4078	81361	82188	+	47778	275		Transport permease protein	no	group_5204	en_familia	49	0.9800	core	core	no	no	no
bin_5_63	bin-5-63	bin_5_63_02244	cds	contig_66	129966	0.4078	82208	83812	+	46154	534	tagH	teichoic acids export ABC transporter ATP-binding subunit TagH	no	tagH	en_familia	50	1.0000	core	core	no	no	no
bin_5_63	bin-5-63	bin_5_63_02245	cds	contig_66	129966	0.4078	83838	84719	-	45247	293	galU	UTP--glucose-1-phosphate uridylyltransferase GalU	no	group_5274	en_familia	50	1.0000	core	core	no	no	no
bin_5_63	bin-5-63	bin_5_63_02246	cds	contig_66	129966	0.4078	84993	86105	+	43861	370	wecB	non-hydrolyzing UDP-N-acetylglucosamine 2-epimerase	no	wecB	en_familia	50	1.0000	core	core	no	no	no
bin_5_63	bin-5-63	bin_5_63_02247	cds	contig_66	129966	0.4078	86157	88856	+	41110	899		Glycosyltransferase 2-like domain-containing protein	no	group_42	en_familia	1	0.0200	cloud	cloud	si	si	no
bin_5_63	bin-5-63	bin_5_63_02248	cds	contig_66	129966	0.4078	88965	89885	-	40081	306	lytR	LytR family transcriptional regulator	no	lytR	en_familia	50	1.0000	core	core	no	no	no
bin_5_63	bin-5-63	bin_5_63_02249	cds	contig_66	129966	0.4078	90068	90391	+	39575	107	lytA	Membrane-bound protein LytA	no	lytA	en_familia	50	1.0000	core	core	no	no	no
bin_5_63	bin-5-63	bin_5_63_02250	cds	contig_66	129966	0.4078	90417	92525	+	37441	702		SpoIID/LytB domain-containing protein	no	group_5039	en_familia	50	1.0000	core	core	no	no	no
bin_5_63	bin-5-63	bin_5_63_02251	cds	contig_66	129966	0.4078	92547	94037	+	35929	496		N-acetylmuramoyl-L-alanine amidase	no	lytC	en_familia	50	1.0000	core	core	no	no	no
bin_5_63	bin-5-63	bin_5_63_02252	cds	contig_66	129966	0.4078	94178	95668	+	34298	496		N-acetylmuramoyl-L-alanine amidase (Major autolysin)	no	group_4234	en_familia	47	0.9400	shell	core	si	no	no
bin_5_63	bin-5-63	bin_5_63_02253	cds	contig_66	129966	0.4078	95813	96382	+	33584	189		Membrane bound lipoprotein	no	group_1590	en_familia	50	1.0000	core	core	no	no	no
bin_5_63	bin-5-63	bin_5_63_02254	cds	contig_66	129966	0.4078	96582	97241	+	32725	219		UDP-phosphate N-acetylgalactosaminyl-1-phosphate transferase	no	group_1393	en_familia	50	1.0000	core	core	no	no	no
bin_5_63	bin-5-63	bin_5_63_02255	cds	contig_66	129966	0.4078	97260	98711	+	31255	483	tuaB	teichuronic acid biosynthesis protein TuaB	no	tuaB	en_familia	50	1.0000	core	core	no	no	no
bin_5_63	bin-5-63	bin_5_63_02256	cds	contig_66	129966	0.4078	98708	99892	+	30074	394	tuaC	teichuronic acid biosynthesis protein TuaC	no	tuaC	en_familia	50	1.0000	core	core	no	no	no
bin_5_63	bin-5-63	bin_5_63_02257	cds	contig_66	129966	0.4078	99968	101305	+	28661	445	tuaD	UDP-glucose 6-dehydrogenase TuaD	no	tuaD	en_familia	50	1.0000	core	core	no	no	no
bin_5_63	bin-5-63	bin_5_63_02258	cds	contig_66	129966	0.4078	101320	102249	+	27717	309		Putative UDP-glucose 4-epimerase	no	group_3828	en_familia	50	1.0000	core	core	no	no	no
bin_5_63	bin-5-63	bin_5_63_02259	cds	contig_66	129966	0.4078	102289	103755	+	26211	488	tuaE	teichuronic acid biosynthesis protein TuaE	no	tuaE	en_familia	50	1.0000	core	core	no	no	no
bin_5_63	bin-5-63	bin_5_63_02260	cds	contig_66	129966	0.4078	103817	104494	+	25472	225	tuaF	teichuronic acid biosynthesis protein TuaF	no	tuaF	en_familia	50	1.0000	core	core	no	no	no
bin_5_63	bin-5-63	bin_5_63_02261	cds	contig_66	129966	0.4078	104519	105274	+	24692	251	tuaG	teichuronic acid biosynthesis protein TuaG	no	tuaG	en_familia	50	1.0000	core	core	no	no	no
bin_5_63	bin-5-63	bin_5_63_02262	cds	contig_66	129966	0.4078	105294	106490	+	23476	398	tuaH	teichuronic acid biosynthesis protein TuaH	no	tuaH	en_familia	50	1.0000	core	core	no	no	no
bin_5_63	bin-5-63	bin_5_63_02263	cds	contig_66	129966	0.4078	106625	107692	+	22274	355		UDP-N-acetylglucosamine:undecaprenyl-P N-acetylglucosaminyl-1-P transferase	no	group_718	en_familia	50	1.0000	core	core	no	no	no
bin_5_63	bin-5-63	bin_5_63_02264	cds	contig_66	129966	0.4078	107730	108827	-	21139	365		Teichoic acid-peptidoglycan tethering enzyme (LCP component) with transcription regulator domain	no	group_3285	en_familia	50	1.0000	core	core	no	no	no
bin_5_63	bin-5-63	bin_5_63_02265	cds	contig_66	129966	0.4078	108812	109480	-	20486	222	yvyE	IMPACT family member YvyE	no	yvyE	en_familia	50	1.0000	core	core	no	no	no
bin_5_63	bin-5-63	bin_5_63_02266	cds	contig_66	129966	0.4078	109702	110877	+	19089	391	degS	Signal transduction histidine-protein kinase/phosphatase DegS	no	degS	en_familia	50	1.0000	core	core	no	no	no
bin_5_63	bin-5-63	bin_5_63_02267	cds	contig_66	129966	0.4078	110942	111631	+	18335	229	degU	two-component system response regulator DegU	no	degU	en_familia	50	1.0000	core	core	no	no	no
bin_5_63	bin-5-63	bin_5_63_02268	cds	contig_66	129966	0.4078	111843	112685	+	17281	280		Fatty acid kinase fatty acid binding subunit A	no	group_1052	en_familia	50	1.0000	core	core	no	no	no
bin_5_63	bin-5-63	bin_5_63_02269	cds	contig_66	129966	0.4078	112823	114184	+	15782	453		ATP-dependent helicase competence protein	no	group_3609	en_familia	50	1.0000	core	core	no	no	no
bin_5_63	bin-5-63	bin_5_63_02270	cds	contig_66	129966	0.4078	114249	114542	+	15424	97		Regulator of competence, pole located	no	group_4657	en_familia	50	1.0000	core	core	no	no	no
bin_5_63	bin-5-63	bin_5_63_02271	cds	contig_66	129966	0.4078	114539	115225	+	14741	228		Component of the DNA transport apparatus	no	group_3608	en_familia	50	1.0000	core	core	no	no	no
bin_5_63	bin-5-63	bin_5_63_02272	cds	contig_66	129966	0.4078	115282	115701	+	14265	139		Flagellar protein	no	group_1937	en_familia	50	1.0000	core	core	no	no	no
bin_5_63	bin-5-63	bin_5_63_02273	cds	contig_66	129966	0.4078	115781	116044	+	13922	87	flgM	flagellar biosynthesis anti-sigma factor FlgM	no	flgM	en_familia	50	1.0000	core	core	no	no	no
bin_5_63	bin-5-63	bin_5_63_02274	cds	contig_66	129966	0.4078	116063	116545	+	13421	160	flgN	Flagellar protein FlgN	no	flgN	en_familia	50	1.0000	core	core	no	no	no
bin_5_63	bin-5-63	bin_5_63_02275	cds	contig_66	129966	0.4078	116561	118081	+	11885	506	flgK	flagellar hook-associated protein FlgK	no	flgK	en_familia	50	1.0000	core	core	no	no	no
bin_5_63	bin-5-63	bin_5_63_02276	cds	contig_66	129966	0.4078	118090	119001	+	10965	303	flgL	flagellar hook-associated protein FlgL	no	flgL	en_familia	50	1.0000	core	core	no	no	no
bin_5_63	bin-5-63	bin_5_63_02277	cds	contig_66	129966	0.4078	119048	119626	+	10340	192	yviE	YviE	no	yviE	en_familia	50	1.0000	core	core	no	no	no
bin_5_63	bin-5-63	bin_5_63_02278	cds	contig_66	129966	0.4078	119655	120089	+	9877	144	fliW	flagellar assembly protein FliW	no	fliW	en_familia	50	1.0000	core	core	no	no	no
bin_5_63	bin-5-63	bin_5_63_02279	cds	contig_66	129966	0.4078	120083	120307	+	9659	74	csrA	carbon storage regulator CsrA	no	csrA	en_familia	50	1.0000	core	core	no	no	no
bin_5_63	bin-5-63	bin_5_63_02280	cds	contig_66	129966	0.4078	120461	120802	+	9164	113	flaG	flagellar protein FlaG	no	flaG	en_familia	50	1.0000	core	core	no	no	no
bin_5_63	bin-5-63	bin_5_63_02281	cds	contig_66	129966	0.4078	120823	122337	+	7629	504		flagellar hook-associated protein 2	no	group_4312	en_familia	50	1.0000	core	core	no	no	no
bin_5_63	bin-5-63	bin_5_63_02282	cds	contig_66	129966	0.4078	122355	122759	+	7207	134	fliS	flagellar export chaperone FliS	no	fliS	en_familia	50	1.0000	core	core	no	no	no
bin_5_63	bin-5-63	bin_5_63_02283	cds	contig_66	129966	0.4078	122756	123097	+	6869	113	fliT	Flagellar protein FliT	no	fliT	en_familia	50	1.0000	core	core	no	no	no
bin_5_63	bin-5-63	bin_5_63_02284	cds	contig_66	129966	0.4078	123102	123491	+	6475	129		Group-specific protein	no	group_3138	en_familia	50	1.0000	core	core	no	no	no
bin_5_63	bin-5-63	bin_5_63_02285	cds	contig_66	129966	0.4078	123525	125210	+	4756	561	mcpB	Methyl-accepting chemotaxis protein McpB	no	group_3445	en_familia	50	1.0000	core	core	no	no	no
bin_5_63	bin-5-63	bin_5_63_02286	cds	contig_66	129966	0.4078	125400	125963	+	4003	187	hpf	ribosome hibernation-promoting factor, HPF/YfiA family	no	hpf	en_familia	50	1.0000	core	core	no	no	no
bin_5_63	bin-5-63	bin_5_63_02287	cds	contig_66	129966	0.4078	126162	128687	+	1279	841	secA	preprotein translocase subunit SecA	no	secA	en_familia	50	1.0000	core	core	no	no	no
bin_5_63	bin-5-63	bin_5_63_02288	cds	contig_66	129966	0.4078	128873	129856	+	110	327	prfB	peptide chain release factor 2	no	prfB	en_familia	50	1.0000	core	core	no	no	no
bin_5_63	bin-5-63	bin_5_63_02289	cds	contig_67	13063	0.4276	15	1481	+	14	488		Alpha-hydroxy-acid oxidizing protein	no	gltB	en_familia	50	1.0000	core	core	no	no	no
bin_5_63	bin-5-63	bin_5_63_02290	cds	contig_67	13063	0.4276	1498	2982	+	1497	494		Glutamate synthase [NADPH] small chain	no	group_276	en_familia	50	1.0000	core	core	no	no	no
bin_5_63	bin-5-63	bin_5_63_02291	cds	contig_67	13063	0.4276	3046	4248	-	3045	400		MFS transporter	no	group_3598	en_familia	43	0.8600	shell	shell	si	no	no
bin_5_63	bin-5-63	bin_5_63_02292	cds	contig_67	13063	0.4276	4418	6679	+	4417	753		NAD(P)/FAD-dependent oxidoreductase	no	group_3684	en_familia	43	0.8600	shell	shell	si	no	no
bin_5_63	bin-5-63	bin_5_63_02293	cds	contig_67	13063	0.4276	6676	8814	+	4249	712	nasC	assimilatory nitrate reductase catalytic subunit NasC	no	nasC	en_familia	43	0.8600	shell	shell	si	no	no
bin_5_63	bin-5-63	bin_5_63_02294	cds	contig_67	13063	0.4276	8904	11315	+	1748	803		NAD(P)H-nitrite reductase large subunit	no	group_4643	en_familia	43	0.8600	shell	shell	si	no	no
bin_5_63	bin-5-63	bin_5_63_02295	cds	contig_67	13063	0.4276	11339	11662	+	1401	107		Assimilatory nitrite reductase [NAD(P)H] small subunit	no	group_4947	en_familia	43	0.8600	shell	shell	si	no	no
bin_5_63	bin-5-63	bin_5_63_02296	cds	contig_67	13063	0.4276	11729	12421	+	642	230		DUF421 domain-containing protein	no	group_5048	en_familia	50	1.0000	core	core	no	no	no
bin_5_63	bin-5-63	bin_5_63_02297	cds	contig_68	18256	0.4090	214	447	-	213	77		Spore coat protein	no	group_3550	en_familia	50	1.0000	core	core	no	no	no
bin_5_63	bin-5-63	bin_5_63_02298	cds	contig_68	18256	0.4090	617	1555	+	616	312	fabH	Beta-ketoacyl-[acyl-carrier-protein] synthase III	no	fabH	en_familia	49	0.9800	core	core	no	no	no
bin_5_63	bin-5-63	bin_5_63_02299	cds	contig_68	18256	0.4090	1577	2818	+	1576	413	fabF	beta-ketoacyl-ACP synthase II	no	group_3318	en_familia	49	0.9800	core	core	no	no	no
bin_5_63	bin-5-63	bin_5_63_02300	cds	contig_68	18256	0.4090	2896	3690	+	2895	264		DUF2268 domain-containing protein	no	group_1142	en_familia	49	0.9800	core	core	no	no	no
bin_5_63	bin-5-63	bin_5_63_02301	cds	contig_68	18256	0.4090	3861	4841	+	3860	326		Oligopeptide ABC transporter (ATP-binding protein)	no	group_4019	en_familia	50	1.0000	core	core	no	no	no
bin_5_63	bin-5-63	bin_5_63_02302	cds	contig_68	18256	0.4090	4838	5860	+	4837	340		Oligopeptide ABC transporter (ATP-binding protein)	no	group_4793	en_familia	50	1.0000	core	core	no	no	no
bin_5_63	bin-5-63	bin_5_63_02303	cds	contig_68	18256	0.4090	5946	7580	+	5945	544	appA	Oligopeptide-binding protein AppA	no	appA	en_familia	50	1.0000	core	core	no	no	no
bin_5_63	bin-5-63	bin_5_63_02304	cds	contig_68	18256	0.4090	7658	8608	+	7657	316	gsiC	Glutathione transport system permease protein GsiC	no	gsiC	en_familia	50	1.0000	core	core	no	no	no
bin_5_63	bin-5-63	bin_5_63_02305	cds	contig_68	18256	0.4090	8627	9541	+	8626	304	opp4C	oligopeptide ABC transporter permease	no	opp4C	en_familia	50	1.0000	core	core	no	no	no
bin_5_63	bin-5-63	bin_5_63_02306	cds	contig_68	18256	0.4090	9707	10459	+	7797	250		UPF0736 protein BPUM_1067	no	group_1229	en_familia	50	1.0000	core	core	no	no	no
bin_5_63	bin-5-63	bin_5_63_02307	cds	contig_68	18256	0.4090	10495	11490	-	6766	331	trpS	tryptophan--tRNA ligase	no	trpS	en_familia	50	1.0000	core	core	no	no	no
bin_5_63	bin-5-63	bin_5_63_02308	cds	contig_68	18256	0.4090	12245	13882	+	4374	545		ABC transporter substrate-binding protein	no	group_4028	en_familia	39	0.7800	shell	shell	si	no	no
bin_5_63	bin-5-63	bin_5_63_02309	cds	contig_68	18256	0.4090	13999	14943	+	3313	314	oppB	Oligopeptide transport system permease protein OppB	no	oppB	en_familia	39	0.7800	shell	shell	si	no	no
bin_5_63	bin-5-63	bin_5_63_02310	cds	contig_68	18256	0.4090	14947	15864	+	2392	305	oppC	Oligopeptide transport system permease protein OppC	no	oppC	en_familia	39	0.7800	shell	shell	si	no	no
bin_5_63	bin-5-63	bin_5_63_02311	cds	contig_68	18256	0.4090	15877	16956	+	1300	359	oppD	Oligopeptide transport ATP-binding protein OppD	no	oppD~~~gsiA~~~oppF	en_familia	50	1.0000	core	core	no	no	no
bin_5_63	bin-5-63	bin_5_63_02312	cds	contig_68	18256	0.4090	16958	17875	+	381	305	oppF	Oligopeptide transport ATP-binding protein OppF	no	oppD~~~gsiA~~~oppF	en_familia	50	1.0000	core	core	no	no	no
bin_5_63	bin-5-63	bin_5_63_02313	cds	contig_69	13176	0.4029	28	237	+	27	69	yheE	YheE family protein	no	yheE	en_familia	50	1.0000	core	core	no	no	no
bin_5_63	bin-5-63	bin_5_63_02314	cds	contig_69	13176	0.4029	258	1133	+	257	291		Transcriptional regulator	no	group_3274	en_familia	50	1.0000	core	core	no	no	no
bin_5_63	bin-5-63	bin_5_63_02315	cds	contig_69	13176	0.4029	1271	2377	+	1270	368	sugC	Trehalose import ATP-binding protein SugC	no	sugC	en_familia	50	1.0000	core	core	no	no	no
bin_5_63	bin-5-63	bin_5_63_02316	cds	contig_69	13176	0.4029	2604	2807	+	2603	67		Spore protein	no	group_3273	en_familia	50	1.0000	core	core	no	no	no
bin_5_63	bin-5-63	bin_5_63_02317	cds	contig_69	13176	0.4029	2919	3035	+	2918	38		hypothetical protein	no	group_3427	en_familia	50	1.0000	core	core	no	no	no
bin_5_63	bin-5-63	bin_5_63_02318	cds	contig_69	13176	0.4029	3092	3709	+	3091	205		NAD(P)-binding domain-containing protein	no	group_1495	en_familia	50	1.0000	core	core	no	no	no
bin_5_63	bin-5-63	bin_5_63_02319	cds	contig_69	13176	0.4029	3836	5851	-	3835	671	yheH	Putative multidrug resistance ABC transporter ATP-binding/permease protein YheH	no	yheH	en_familia	50	1.0000	core	core	no	no	no
bin_5_63	bin-5-63	bin_5_63_02320	cds	contig_69	13176	0.4029	5848	7605	-	5571	585	yheI	Putative multidrug resistance ABC transporter ATP-binding/permease protein YheI	no	yheI	en_familia	50	1.0000	core	core	no	no	no
bin_5_63	bin-5-63	bin_5_63_02321	cds	contig_69	13176	0.4029	8166	8672	+	4504	168		Stress protein	no	group_3648	en_familia	50	1.0000	core	core	no	no	no
bin_5_63	bin-5-63	bin_5_63_02322	cds	contig_69	13176	0.4029	8883	9737	-	3439	284	dat	D-amino-acid transaminase	no	dat	en_familia	50	1.0000	core	core	no	no	no
bin_5_63	bin-5-63	bin_5_63_02323	cds	contig_69	13176	0.4029	10033	10887	+	2289	284		Peptidoglycan-N-acetylglucosamine deacetylase	no	group_1029	en_familia	50	1.0000	core	core	no	no	no
bin_5_63	bin-5-63	bin_5_63_02324	cds	contig_69	13176	0.4029	10926	11672	-	1504	248		NAD-dependent protein deacylase	no	group_3280	en_familia	50	1.0000	core	core	no	no	no
bin_5_63	bin-5-63	bin_5_63_02325	cds	contig_69	13176	0.4029	11687	12775	-	401	362		Mechanosensitive ion channel protein	no	group_697	en_familia	50	1.0000	core	core	no	no	no
bin_5_63	bin-5-63	bin_5_63_02326	cds	contig_69	13176	0.4029	12940	13041	-	135	33	yhdX	YhdX family protein	no	yhdX	en_familia	50	1.0000	core	core	no	no	no
bin_5_63	bin-5-63	bin_5_63_02327	cds	contig_70	1778	0.4044	30	1364	+	29	444		hypothetical protein	no	group_5839	en_familia	0	0.0000	exclusivo	exclusivo	no	no	si
bin_5_63	bin-5-63	bin_5_63_02328	cds	contig_71	1857	0.4114	137	787	-	136	216		Putative sulfur carrier	no	group_4593	en_familia	50	1.0000	core	core	no	no	no
bin_5_63	bin-5-63	bin_5_63_02329	cds	contig_71	1857	0.4114	911	1183	+	674	90		acylphosphatase	no	group_4537	en_familia	50	1.0000	core	core	no	no	no
bin_5_63	bin-5-63	bin_5_63_02330	cds	contig_71	1857	0.4114	1198	1623	-	234	141		hypothetical protein	no	group_3272	en_familia	50	1.0000	core	core	no	no	no
bin_5_63	bin-5-63	bin_5_63_02331	cds	contig_72	13457	0.4164	382	1335	-	381	317		NodB-like y domain-containing protein	no	group_880	en_familia	50	1.0000	core	core	no	no	no
bin_5_63	bin-5-63	bin_5_63_02332	cds	contig_72	13457	0.4164	1461	3578	-	1460	705	pnp	polyribonucleotide nucleotidyltransferase	no	pnp	en_familia	50	1.0000	core	core	no	no	no
bin_5_63	bin-5-63	bin_5_63_02333	cds	contig_72	13457	0.4164	3762	4031	-	3761	89	rpsO	30S ribosomal protein S15	no	rpsO	en_familia	50	1.0000	core	core	no	no	no
bin_5_63	bin-5-63	bin_5_63_02334	cds	contig_72	13457	0.4164	4187	5137	-	4186	316	ribF	bifunctional riboflavin kinase/FAD synthetase	no	ribF	en_familia	50	1.0000	core	core	no	no	no
bin_5_63	bin-5-63	bin_5_63_02335	cds	contig_72	13457	0.4164	5156	6085	-	5155	309	truB	tRNA pseudouridine(55) synthase TruB	no	truB	en_familia	50	1.0000	core	core	no	no	no
bin_5_63	bin-5-63	bin_5_63_02336	cds	contig_72	13457	0.4164	6154	6504	-	6153	116	rbfA	30S ribosome-binding factor RbfA	no	rbfA	en_familia	50	1.0000	core	core	no	no	no
bin_5_63	bin-5-63	bin_5_63_02337	cds	contig_72	13457	0.4164	6522	6800	-	6521	92		DUF503 domain-containing protein	no	group_2330	en_familia	50	1.0000	core	core	no	no	no
bin_5_63	bin-5-63	bin_5_63_02338	cds	contig_72	13457	0.4164	6797	8917	-	4540	706	infB	translation initiation factor IF-2	no	infB	en_familia	50	1.0000	core	core	no	no	no
bin_5_63	bin-5-63	bin_5_63_02339	cds	contig_72	13457	0.4164	8937	9239	-	4218	100	ylxQ	YlxQ family RNA-binding protein	no	ylxQ	en_familia	50	1.0000	core	core	no	no	no
bin_5_63	bin-5-63	bin_5_63_02340	cds	contig_72	13457	0.4164	9232	9516	-	3941	94	rnpM	RNase P modulator RnpM	no	rnpM	en_familia	50	1.0000	core	core	no	no	no
bin_5_63	bin-5-63	bin_5_63_02341	cds	contig_72	13457	0.4164	9532	10647	-	2810	371	nusA	Transcription termination/antitermination protein NusA	no	nusA	en_familia	50	1.0000	core	core	no	no	no
bin_5_63	bin-5-63	bin_5_63_02342	cds	contig_72	13457	0.4164	10680	11153	-	2304	157	rimP	ribosome maturation factor RimP	no	rimP	en_familia	50	1.0000	core	core	no	no	no
bin_5_63	bin-5-63	bin_5_63_02343	cds	contig_72	13457	0.4164	11395	12525	-	932	376		Endo-1,4-beta-mannosidase	no	group_4452	en_familia	50	1.0000	core	core	no	no	no
bin_5_63	bin-5-63	bin_5_63_02344	cds	contig_72	13457	0.4164	12549	13421	-	36	290		endo-1,4-beta-xylanase	no	group_3096	en_familia	50	1.0000	core	core	no	no	no
bin_5_63	bin-5-63	bin_5_63_02345	cds	contig_74	41539	0.4152	109	870	+	108	253		hypothetical protein	no	group_4674	en_familia	12	0.2400	shell	shell	si	no	no
bin_5_63	bin-5-63	bin_5_63_02346	cds	contig_74	41539	0.4152	886	1404	+	885	172		Immunity protein imm6	no	group_4673	en_familia	12	0.2400	shell	shell	si	no	no
bin_5_63	bin-5-63	bin_5_63_02347	cds	contig_74	41539	0.4152	1530	2255	-	1529	241	sigK	RNA polymerase sporulation sigma factor SigK	no	fliA~~~sigK	en_familia	50	1.0000	core	core	no	no	no
bin_5_63	bin-5-63	bin_5_63_02348	cds	contig_74	41539	0.4152	2488	3609	+	2487	373		Response regulator aspartate phosphatase H	no	group_648	en_familia	50	1.0000	core	core	no	no	no
bin_5_63	bin-5-63	bin_5_63_02349	cds	contig_74	41539	0.4152	3776	4516	+	3775	246		Chitooligosaccharide deacetylase	no	pdaC	en_familia	50	1.0000	core	core	no	no	no
bin_5_63	bin-5-63	bin_5_63_02350	cds	contig_74	41539	0.4152	4588	5316	+	4587	242		SGNH hydrolase-type esterase domain-containing protein	no	group_1277	en_familia	50	1.0000	core	core	no	no	no
bin_5_63	bin-5-63	bin_5_63_02351	cds	contig_74	41539	0.4152	5395	5544	+	5394	49	yjcZ	Sporulation protein YjcZ	no	group_3390	en_familia	50	1.0000	core	core	no	no	no
bin_5_63	bin-5-63	bin_5_63_02352	cds	contig_74	41539	0.4152	6175	6705	+	6174	176		Phosphoglycolate phosphatase	no	group_1674	en_familia	50	1.0000	core	core	no	no	no
bin_5_63	bin-5-63	bin_5_63_02353	cds	contig_74	41539	0.4152	6708	7808	+	6707	366	yqeH	ribosome biogenesis GTPase YqeH	no	yqeH	en_familia	50	1.0000	core	core	no	no	no
bin_5_63	bin-5-63	bin_5_63_02354	cds	contig_74	41539	0.4152	7830	8672	+	7829	280		shikimate dehydrogenase	no	group_3986	en_familia	50	1.0000	core	core	no	no	no
bin_5_63	bin-5-63	bin_5_63_02355	cds	contig_74	41539	0.4152	8666	8956	+	8665	96	yhbY	ribosome assembly RNA-binding protein YhbY	no	yhbY	en_familia	50	1.0000	core	core	no	no	no
bin_5_63	bin-5-63	bin_5_63_02356	cds	contig_74	41539	0.4152	8970	9539	+	8969	189		nicotinate-nucleotide adenylyltransferase	no	nadD	en_familia	50	1.0000	core	core	no	no	no
bin_5_63	bin-5-63	bin_5_63_02357	cds	contig_74	41539	0.4152	9529	10092	+	9528	187	yqeK	bis(5'-nucleosyl)-tetraphosphatase (symmetrical) YqeK	no	yqeK	en_familia	50	1.0000	core	core	no	no	no
bin_5_63	bin-5-63	bin_5_63_02358	cds	contig_74	41539	0.4152	10105	10461	+	10104	118	rsfS	ribosome silencing factor	no	rsfS	en_familia	50	1.0000	core	core	no	no	no
bin_5_63	bin-5-63	bin_5_63_02359	cds	contig_74	41539	0.4152	10458	11201	+	10457	247		Putative methyltransferase	no	group_4107	en_familia	50	1.0000	core	core	no	no	no
bin_5_63	bin-5-63	bin_5_63_02360	cds	contig_74	41539	0.4152	11250	12098	-	11249	282	comER	late competence protein ComER	no	comER	en_familia	50	1.0000	core	core	no	no	no
bin_5_63	bin-5-63	bin_5_63_02361	cds	contig_74	41539	0.4152	12189	12818	+	12188	209		Membrane bound high-affinity DNA-binding receptor	no	group_4108	en_familia	50	1.0000	core	core	no	no	no
bin_5_63	bin-5-63	bin_5_63_02362	cds	contig_74	41539	0.4152	12884	13453	+	12883	189	comE	ComE operon protein 2	no	comE	en_familia	50	1.0000	core	core	no	no	no
bin_5_63	bin-5-63	bin_5_63_02363	cds	contig_74	41539	0.4152	13416	15773	+	13415	785		DNA internalization-related competence protein ComEC/Rec2	no	group_4235	en_familia	50	1.0000	core	core	no	no	no
bin_5_63	bin-5-63	bin_5_63_02364	cds	contig_74	41539	0.4152	15813	15947	-	15812	44		Membrane protein	no	group_2896	en_familia	50	1.0000	core	core	no	no	no
bin_5_63	bin-5-63	bin_5_63_02365	cds	contig_74	41539	0.4152	16186	17205	+	16185	339	holA	DNA polymerase III subunit delta	no	holA	en_familia	50	1.0000	core	core	no	no	no
bin_5_63	bin-5-63	bin_5_63_02366	cds	contig_74	41539	0.4152	17340	17606	-	17339	88	rpsT	30S ribosomal protein S20	no	rpsT	en_familia	50	1.0000	core	core	no	no	no
bin_5_63	bin-5-63	bin_5_63_02367	cds	contig_74	41539	0.4152	17805	18920	+	17804	371	gpr	GPR endopeptidase	no	gpr	en_familia	50	1.0000	core	core	no	no	no
bin_5_63	bin-5-63	bin_5_63_02368	cds	contig_74	41539	0.4152	18987	20195	+	18986	402		Stage II sporulation protein P	no	group_530	en_familia	50	1.0000	core	core	no	no	no
bin_5_63	bin-5-63	bin_5_63_02369	cds	contig_74	41539	0.4152	20209	20541	+	20208	110		DUF3679 domain-containing protein	no	group_2177	en_familia	50	1.0000	core	core	no	no	no
bin_5_63	bin-5-63	bin_5_63_02370	cds	contig_74	41539	0.4152	20707	22545	+	18994	612	lepA	translation elongation factor 4	no	lepA	en_familia	50	1.0000	core	core	no	no	no
bin_5_63	bin-5-63	bin_5_63_02371	cds	contig_74	41539	0.4152	22660	23799	+	17740	379	hemW	radical SAM family heme chaperone HemW	no	hemW	en_familia	50	1.0000	core	core	no	no	no
bin_5_63	bin-5-63	bin_5_63_02372	cds	contig_74	41539	0.4152	23881	24912	+	16627	343	hrcA	heat-inducible transcriptional repressor HrcA	no	hrcA	en_familia	50	1.0000	core	core	no	no	no
bin_5_63	bin-5-63	bin_5_63_02373	cds	contig_74	41539	0.4152	24976	25533	+	16006	185	grpE	nucleotide exchange factor GrpE	no	grpE	en_familia	50	1.0000	core	core	no	no	no
bin_5_63	bin-5-63	bin_5_63_02374	cds	contig_74	41539	0.4152	25558	27396	+	14143	612	dnaK	molecular chaperone DnaK	no	dnaK	en_familia	50	1.0000	core	core	no	no	no
bin_5_63	bin-5-63	bin_5_63_02375	cds	contig_74	41539	0.4152	27562	28695	+	12844	377	dnaJ	molecular chaperone DnaJ	no	dnaJ	en_familia	50	1.0000	core	core	no	no	no
bin_5_63	bin-5-63	bin_5_63_02376	cds	contig_74	41539	0.4152	28718	29653	+	11886	311	prmA	50S ribosomal protein L11 methyltransferase	no	prmA	en_familia	50	1.0000	core	core	no	no	no
bin_5_63	bin-5-63	bin_5_63_02377	cds	contig_74	41539	0.4152	29677	30447	+	11092	256		16S rRNA (uracil(1498)-N(3))-methyltransferase	no	group_3197	en_familia	50	1.0000	core	core	no	no	no
bin_5_63	bin-5-63	bin_5_63_02378	cds	contig_74	41539	0.4152	30444	31805	+	9734	453	mtaB	tRNA (N(6)-L-threonylcarbamoyladenosine(37)-C(2))-methylthiotransferase MtaB	no	mtaB	en_familia	50	1.0000	core	core	no	no	no
bin_5_63	bin-5-63	bin_5_63_02379	cds	contig_74	41539	0.4152	31846	32775	-	8764	309		Na/Pi cotransporter family protein	no	group_920	en_familia	50	1.0000	core	core	no	no	no
bin_5_63	bin-5-63	bin_5_63_02380	cds	contig_74	41539	0.4152	32960	33133	+	8406	57	rpsU	30S ribosomal protein S21	no	rpsU	en_familia	50	1.0000	core	core	no	no	no
bin_5_63	bin-5-63	bin_5_63_02381	cds	contig_74	41539	0.4152	33148	33597	+	7942	149		GatB/YqeY domain-containing protein	no	group_1873	en_familia	50	1.0000	core	core	no	no	no
bin_5_63	bin-5-63	bin_5_63_02382	cds	contig_74	41539	0.4152	33739	35052	+	6487	437		ATP-dependent Clp protease proteolytic subunit	no	group_415	en_familia	50	1.0000	core	core	no	no	no
bin_5_63	bin-5-63	bin_5_63_02383	cds	contig_74	41539	0.4152	35080	36072	+	5467	330	floA	flotillin-like protein FloA	no	floA	en_familia	50	1.0000	core	core	no	no	no
bin_5_63	bin-5-63	bin_5_63_02384	cds	contig_74	41539	0.4152	36104	36601	+	4938	165		hypothetical protein	no	group_4029	en_familia	50	1.0000	core	core	no	no	no
bin_5_63	bin-5-63	bin_5_63_02385	cds	contig_74	41539	0.4152	36808	37089	+	4450	93	yqfC	sporulation protein YqfC	no	yqfC	en_familia	50	1.0000	core	core	no	no	no
bin_5_63	bin-5-63	bin_5_63_02386	cds	contig_74	41539	0.4152	37108	38298	+	3241	396	yqfD	sporulation protein YqfD	no	yqfD	en_familia	50	1.0000	core	core	no	no	no
bin_5_63	bin-5-63	bin_5_63_02387	cds	contig_74	41539	0.4152	38302	39261	+	2278	319		PhoH-like protein	no	group_866	en_familia	50	1.0000	core	core	no	no	no
bin_5_63	bin-5-63	bin_5_63_02388	cds	contig_74	41539	0.4152	39337	41490	+	49	717		HD domain-containing protein	no	group_85	en_familia	50	1.0000	core	core	no	no	no
bin_5_63	bin-5-63	bin_5_63_02389	cds	contig_75	27037	0.4039	190	717	+	189	175	mobB	molybdopterin-guanine dinucleotide biosynthesis protein B	no	mobB	en_familia	50	1.0000	core	core	no	no	no
bin_5_63	bin-5-63	bin_5_63_02390	cds	contig_75	27037	0.4039	710	1201	+	709	163		Molybdopterin synthase catalytic subunit	no	group_1758	en_familia	50	1.0000	core	core	no	no	no
bin_5_63	bin-5-63	bin_5_63_02391	cds	contig_75	27037	0.4039	1194	1427	+	1193	77	moaD	molybdopterin converting factor subunit 1	no	moaD	en_familia	50	1.0000	core	core	no	no	no
bin_5_63	bin-5-63	bin_5_63_02392	cds	contig_75	27037	0.4039	1475	1852	-	1474	125		Transcriptional regulator	no	group_4391	en_familia	50	1.0000	core	core	no	no	no
bin_5_63	bin-5-63	bin_5_63_02393	cds	contig_75	27037	0.4039	2371	2991	+	2370	206		Antimicrobial peptide abc transporter permease	no	group_4329	en_familia	50	1.0000	core	core	no	no	no
bin_5_63	bin-5-63	bin_5_63_02394	cds	contig_75	27037	0.4039	3012	4118	+	3011	368		Subunit of efflux permease exporting the starvation-induced killing protein	no	group_4520	en_familia	50	1.0000	core	core	no	no	no
bin_5_63	bin-5-63	bin_5_63_02395	cds	contig_75	27037	0.4039	4115	4816	+	4114	233	yknY	Putative ABC transporter ATP-binding protein YknY	no	yknY	en_familia	50	1.0000	core	core	no	no	no
bin_5_63	bin-5-63	bin_5_63_02396	cds	contig_75	27037	0.4039	4803	5996	+	4802	397	yknZ	Putative ABC transporter permease YknZ	no	yknZ	en_familia	50	1.0000	core	core	no	no	no
bin_5_63	bin-5-63	bin_5_63_02397	cds	contig_75	27037	0.4039	6332	7087	+	6331	251		Transcriptional regulator (DeoR family)	no	group_1221	en_familia	50	1.0000	core	core	no	no	no
bin_5_63	bin-5-63	bin_5_63_02398	cds	contig_75	27037	0.4039	7084	7995	+	7083	303	pfkB	1-phosphofructokinase	no	pfkB	en_familia	50	1.0000	core	core	no	no	no
bin_5_63	bin-5-63	bin_5_63_02399	cds	contig_75	27037	0.4039	8009	9913	+	8008	634		Phosphotransferase system (PTS) fructose-specific enzyme IIABC component	no	group_128	en_familia	50	1.0000	core	core	no	no	no
bin_5_63	bin-5-63	bin_5_63_02400	cds	contig_75	27037	0.4039	10091	10696	+	10090	201	lepB	signal peptidase I	no	lepB	en_familia	50	1.0000	core	core	no	no	no
bin_5_63	bin-5-63	bin_5_63_02401	cds	contig_75	27037	0.4039	10761	11036	-	10760	91		DUF4181 domain-containing protein	no	group_2337	en_familia	50	1.0000	core	core	no	no	no
bin_5_63	bin-5-63	bin_5_63_02402	cds	contig_75	27037	0.4039	11181	12800	+	11180	539		ABC transporter ATP-binding protein	no	group_225	en_familia	50	1.0000	core	core	no	no	no
bin_5_63	bin-5-63	bin_5_63_02403	cds	contig_75	27037	0.4039	12841	14073	-	12840	410		Aminopeptidase	no	group_503	en_familia	50	1.0000	core	core	no	no	no
bin_5_63	bin-5-63	bin_5_63_02404	cds	contig_75	27037	0.4039	14180	14311	-	12726	43	ykpC	Protein YkpC	no	ykpC	en_familia	50	1.0000	core	core	no	no	no
bin_5_63	bin-5-63	bin_5_63_02405	cds	contig_75	27037	0.4039	14386	15393	-	11644	335	mreBH	rod-share determining protein MreBH	no	mreBH	en_familia	50	1.0000	core	core	no	no	no
bin_5_63	bin-5-63	bin_5_63_02406	cds	contig_75	27037	0.4039	15670	15948	+	11089	92	abrB	AbrB family transcriptional regulator	no	group_3218	en_familia	50	1.0000	core	core	no	no	no
bin_5_63	bin-5-63	bin_5_63_02407	cds	contig_75	27037	0.4039	16093	17382	+	9655	429		histidine kinase	no	group_3616	en_familia	50	1.0000	core	core	no	no	no
bin_5_63	bin-5-63	bin_5_63_02408	cds	contig_75	27037	0.4039	17410	18252	+	8785	280		Putative gamma-glutamylcyclotransferase (Bacillithiol degradation)	no	group_3219	en_familia	50	1.0000	core	core	no	no	no
bin_5_63	bin-5-63	bin_5_63_02409	cds	contig_75	27037	0.4039	18290	18958	+	8079	222		Ktr system potassium uptake protein A	no	group_1379	en_familia	50	1.0000	core	core	no	no	no
bin_5_63	bin-5-63	bin_5_63_02410	cds	contig_75	27037	0.4039	19222	20952	+	6085	576	ade	adenine deaminase	no	ade	en_familia	50	1.0000	core	core	no	no	no
bin_5_63	bin-5-63	bin_5_63_02411	cds	contig_75	27037	0.4039	21052	22719	-	4318	555	rnjA	ribonuclease J1	no	rnjA	en_familia	50	1.0000	core	core	no	no	no
bin_5_63	bin-5-63	bin_5_63_02412	cds	contig_75	27037	0.4039	22725	22934	-	4103	69	rpoY	DNA-directed RNA polymerase subunit epsilon	no	rpoY	en_familia	50	1.0000	core	core	no	no	no
bin_5_63	bin-5-63	bin_5_63_02413	cds	contig_75	27037	0.4039	23329	24108	+	2929	259		Putative hydrolase	no	group_1173	en_familia	50	1.0000	core	core	no	no	no
bin_5_63	bin-5-63	bin_5_63_02414	cds	contig_75	27037	0.4039	24147	24704	-	2333	185	def	peptide deformylase	no	def	en_familia	50	1.0000	core	core	no	no	no
bin_5_63	bin-5-63	bin_5_63_02415	cds	contig_75	27037	0.4039	24817	25020	-	2017	67	yjcZ	YjcZ family sporulation protein	no	group_4242	en_familia	50	1.0000	core	core	no	no	no
bin_5_63	bin-5-63	bin_5_63_02416	cds	contig_75	27037	0.4039	25232	25900	+	1137	222		Putative lipoprotein	no	group_3270	en_familia	50	1.0000	core	core	no	no	no
bin_5_63	bin-5-63	bin_5_63_02417	cds	contig_76	51117	0.4019	40	279	-	39	79		(pseudo) DUF4275 domain-containing protein	si	group_4092	en_familia	50	1.0000	core	core	no	no	no
bin_5_63	bin-5-63	bin_5_63_02418	cds	contig_76	51117	0.4019	383	1264	-	382	293	cysB	HTH-type transcriptional regulator CysB	no	cysB	en_familia	50	1.0000	core	core	no	no	no
bin_5_63	bin-5-63	bin_5_63_02419	cds	contig_76	51117	0.4019	1361	1804	-	1360	147	cbpB	cyclic-di-AMP-binding protein CbpB	no	cbpB	en_familia	50	1.0000	core	core	no	no	no
bin_5_63	bin-5-63	bin_5_63_02420	cds	contig_76	51117	0.4019	1951	2142	-	1950	63	abbA	Antirepressor AbbA	no	abbA	en_familia	50	1.0000	core	core	no	no	no
bin_5_63	bin-5-63	bin_5_63_02421	cds	contig_76	51117	0.4019	2292	2807	-	2291	171		Putative RNA-binding enzyme component	no	group_1713	en_familia	50	1.0000	core	core	no	no	no
bin_5_63	bin-5-63	bin_5_63_02422	cds	contig_76	51117	0.4019	2947	3189	-	2946	80	ykuJ	DUF1797 domain-containing protein	no	ykuJ	en_familia	50	1.0000	core	core	no	no	no
bin_5_63	bin-5-63	bin_5_63_02423	cds	contig_76	51117	0.4019	3374	4270	-	3373	298		Putative manganese catalase	no	group_970	en_familia	50	1.0000	core	core	no	no	no
bin_5_63	bin-5-63	bin_5_63_02425	cds	contig_76	51117	0.4019	4531	5751	-	4530	406	ykuI	YkuI C-terminal domain-containing protein	no	ykuI	en_familia	50	1.0000	core	core	no	no	no
bin_5_63	bin-5-63	bin_5_63_02426	cds	contig_76	51117	0.4019	5816	6580	-	5815	254	fadH	2,4-dienoyl-CoA reductase	no	fadH	en_familia	50	1.0000	core	core	no	no	no
bin_5_63	bin-5-63	bin_5_63_02427	cds	contig_76	51117	0.4019	6684	7577	+	6683	297		Exported metallophosphoesterase (Mn2+ and Zn2+)	no	group_4271	en_familia	50	1.0000	core	core	no	no	no
bin_5_63	bin-5-63	bin_5_63_02428	cds	contig_76	51117	0.4019	7734	8231	+	7733	165	ykuD	L,D-transpeptidase YkuD	no	ykuD	en_familia	50	1.0000	core	core	no	no	no
bin_5_63	bin-5-63	bin_5_63_02429	cds	contig_76	51117	0.4019	8305	9582	+	8304	425		Putative transporter	no	group_459	en_familia	50	1.0000	core	core	no	no	no
bin_5_63	bin-5-63	bin_5_63_02430	cds	contig_76	51117	0.4019	9810	9986	-	9809	58		Lipoprotein	no	group_4558	en_familia	48	0.9600	core	core	no	no	no
bin_5_63	bin-5-63	bin_5_63_02431	cds	contig_76	51117	0.4019	10154	10369	+	10153	71		DUF1508 domain-containing protein	no	group_4869	en_familia	49	0.9800	core	core	no	no	no
bin_5_63	bin-5-63	bin_5_63_02432	cds	contig_76	51117	0.4019	10847	11308	+	10846	153		YkyB-like protein	no	group_1835	en_familia	49	0.9800	core	core	no	no	no
bin_5_63	bin-5-63	bin_5_63_02433	cds	contig_76	51117	0.4019	11546	12454	-	11545	302	cheA	Coupling protein and response regulator for CheA activity in response to attractants (Chemotaxis)	no	group_952	en_familia	50	1.0000	core	core	no	no	no
bin_5_63	bin-5-63	bin_5_63_02434	cds	contig_76	51117	0.4019	12528	13838	-	12527	436		Major facilitator superfamily (MFS) profile domain-containing protein	no	group_3614	en_familia	50	1.0000	core	core	no	no	no
bin_5_63	bin-5-63	bin_5_63_02435	cds	contig_76	51117	0.4019	13963	14502	-	13962	179		RDD domain-containing protein	no	group_4424	en_familia	50	1.0000	core	core	no	no	no
bin_5_63	bin-5-63	bin_5_63_02436	cds	contig_76	51117	0.4019	14800	14955	+	14799	51		Phage protein	no	group_2819	en_familia	50	1.0000	core	core	no	no	no
bin_5_63	bin-5-63	bin_5_63_02437	cds	contig_76	51117	0.4019	15020	15904	-	15019	294		Cation efflux protein cytoplasmic domain-containing protein	no	group_985	en_familia	50	1.0000	core	core	no	no	no
bin_5_63	bin-5-63	bin_5_63_02438	cds	contig_76	51117	0.4019	16199	17371	+	16198	390		aminotransferase A	no	group_585	en_familia	50	1.0000	core	core	no	no	no
bin_5_63	bin-5-63	bin_5_63_02439	cds	contig_76	51117	0.4019	17397	19223	-	17396	608		histidine kinase	no	group_3749	en_familia	50	1.0000	core	core	no	no	no
bin_5_63	bin-5-63	bin_5_63_02440	cds	contig_76	51117	0.4019	19380	21506	-	19379	708		serine-type D-Ala-D-Ala carboxypeptidase	no	group_95	en_familia	50	1.0000	core	core	no	no	no
bin_5_63	bin-5-63	bin_5_63_02441	cds	contig_76	51117	0.4019	21843	22640	+	21842	265		SCP domain-containing protein	no	group_3097	en_familia	50	1.0000	core	core	no	no	no
bin_5_63	bin-5-63	bin_5_63_02442	cds	contig_76	51117	0.4019	22755	23627	-	22754	290		Beta-hydroxyacid dehydrogenase (Acts on 3-hydroxypropionate with NADP)	no	group_4147	en_familia	50	1.0000	core	core	no	no	no
bin_5_63	bin-5-63	bin_5_63_02443	cds	contig_76	51117	0.4019	23641	24426	-	23640	261	fabG	3-oxoacyl-[acyl-carrier-protein] reductase FabG	no	fabG	en_familia	50	1.0000	core	core	no	no	no
bin_5_63	bin-5-63	bin_5_63_02444	cds	contig_76	51117	0.4019	24503	26464	-	24502	653		Chemotaxis protein	no	group_118	en_familia	50	1.0000	core	core	no	no	no
bin_5_63	bin-5-63	bin_5_63_02445	cds	contig_76	51117	0.4019	26580	27608	-	23509	342	splB	spore photoproduct lyase	no	splB	en_familia	50	1.0000	core	core	no	no	no
bin_5_63	bin-5-63	bin_5_63_02446	cds	contig_76	51117	0.4019	27689	27916	-	23201	75		TRAP-like transcriptional negative regulator of spore photoproduct lyase	no	group_3783	en_familia	50	1.0000	core	core	no	no	no
bin_5_63	bin-5-63	bin_5_63_02447	cds	contig_76	51117	0.4019	28030	29748	-	21369	572		Phosphoenolpyruvate-protein phosphotransferase	no	group_197	en_familia	50	1.0000	core	core	no	no	no
bin_5_63	bin-5-63	bin_5_63_02448	cds	contig_76	51117	0.4019	29748	30014	-	21103	88	ptsH	phosphocarrier protein HPr	no	ptsH	en_familia	50	1.0000	core	core	no	no	no
bin_5_63	bin-5-63	bin_5_63_02449	cds	contig_76	51117	0.4019	30108	32207	-	18910	699		Phosphotransferase system (PTS) glucose-specific enzyme IICBA component	no	group_3529	en_familia	50	1.0000	core	core	no	no	no
bin_5_63	bin-5-63	bin_5_63_02450	cds	contig_76	51117	0.4019	32410	33264	-	17853	284	glcT	glucose PTS transporter transcription antiterminator GlcT	no	glcT	en_familia	50	1.0000	core	core	no	no	no
bin_5_63	bin-5-63	bin_5_63_02451	cds	contig_76	51117	0.4019	33320	34309	-	16808	329		Putative transcriptional regulator (LacI family)	no	group_3990	en_familia	50	1.0000	core	core	no	no	no
bin_5_63	bin-5-63	bin_5_63_02452	cds	contig_76	51117	0.4019	34602	35696	-	15421	364		Xaa-Pro Xaa-Pro-Xaa di- tri-peptidase used in osmoprotection	no	group_685	en_familia	50	1.0000	core	core	no	no	no
bin_5_63	bin-5-63	bin_5_63_02453	cds	contig_76	51117	0.4019	35801	37720	-	13397	639		Zinc-transporting ATPase	no	group_4717	en_familia	50	1.0000	core	core	no	no	no
bin_5_63	bin-5-63	bin_5_63_02454	cds	contig_76	51117	0.4019	38015	38509	-	12608	164	stoA	endospore biogenesis thiol-disulfide oxidoreductase StoA	no	stoA	en_familia	50	1.0000	core	core	no	no	no
bin_5_63	bin-5-63	bin_5_63_02455	cds	contig_76	51117	0.4019	38558	39874	-	11243	438		Spore membrane protein involved in germination	no	group_413	en_familia	50	1.0000	core	core	no	no	no
bin_5_63	bin-5-63	bin_5_63_02456	cds	contig_76	51117	0.4019	39988	40641	-	10476	217	sleB	Cell wall hydrolase SleB domain-containing protein	no	group_3895	en_familia	50	1.0000	core	core	no	no	no
bin_5_63	bin-5-63	bin_5_63_02457	cds	contig_76	51117	0.4019	40948	41142	-	9975	64		Abortive phage infection protein	no	group_2658	en_familia	50	1.0000	core	core	no	no	no
bin_5_63	bin-5-63	bin_5_63_02458	cds	contig_76	51117	0.4019	41310	41498	+	9619	62	ykvS	Uncharacterized protein YkvS	no	ykvS	en_familia	50	1.0000	core	core	no	no	no
bin_5_63	bin-5-63	bin_5_63_02459	cds	contig_76	51117	0.4019	41623	41841	-	9276	72		Nitrile hydratase subunit beta	no	group_3467	en_familia	50	1.0000	core	core	no	no	no
bin_5_63	bin-5-63	bin_5_63_02460	cds	contig_76	51117	0.4019	42100	42597	-	8520	165	queF	preQ(1) synthase	no	queF	en_familia	50	1.0000	core	core	no	no	no
bin_5_63	bin-5-63	bin_5_63_02461	cds	contig_76	51117	0.4019	42613	43344	-	7773	243	queE	7-carboxy-7-deazaguanine synthase QueE	no	queE	en_familia	50	1.0000	core	core	no	no	no
bin_5_63	bin-5-63	bin_5_63_02462	cds	contig_76	51117	0.4019	43337	43777	-	7340	146	queD	6-carboxytetrahydropterin synthase QueD	no	queD	en_familia	50	1.0000	core	core	no	no	no
bin_5_63	bin-5-63	bin_5_63_02463	cds	contig_76	51117	0.4019	43778	44434	-	6683	218	queC	7-cyano-7-deazaguanine synthase QueC	no	group_3487	en_familia	50	1.0000	core	core	no	no	no
bin_5_63	bin-5-63	bin_5_63_02464	cds	contig_76	51117	0.4019	44710	45753	-	5364	347		Transporter	no	group_745	en_familia	49	0.9800	core	core	no	no	no
bin_5_63	bin-5-63	bin_5_63_02465	cds	contig_76	51117	0.4019	45999	48104	+	3013	701		ATP-dependent Clp protease ATP-binding subunit	no	group_3707	en_familia	50	1.0000	core	core	no	no	no
bin_5_63	bin-5-63	bin_5_63_02466	cds	contig_76	51117	0.4019	48220	48318	+	2799	32		(pseudo) hypothetical protein	si	group_4139	en_familia	50	1.0000	core	core	no	no	no
bin_5_63	bin-5-63	bin_5_63_02467	cds	contig_76	51117	0.4019	48491	49285	+	1832	264	motA	flagellar motor stator protein MotA	no	motA	en_familia	50	1.0000	core	core	no	no	no
bin_5_63	bin-5-63	bin_5_63_02468	cds	contig_76	51117	0.4019	49278	50045	+	1072	255	motB	flagellar motor protein MotB	no	motB	en_familia	50	1.0000	core	core	no	no	no
bin_5_63	bin-5-63	bin_5_63_02469	cds	contig_76	51117	0.4019	50232	50687	-	430	151	marR	MarR family transcriptional regulator	no	group_1855	en_familia	50	1.0000	core	core	no	no	no
bin_5_63	bin-5-63	bin_5_63_02470	cds	contig_77	46246	0.4173	268	1989	-	267	573		pyruvate oxidase	no	group_196	en_familia	49	0.9800	core	core	no	no	no
bin_5_63	bin-5-63	bin_5_63_02471	cds	contig_77	46246	0.4173	2060	3886	-	2059	608		Amino acid permease	no	group_157	en_familia	49	0.9800	core	core	no	no	no
bin_5_63	bin-5-63	bin_5_63_02472	cds	contig_77	46246	0.4173	4213	6294	-	4212	693		Putative regulator of exopolysaccharide synthesis	no	group_3769	en_familia	49	0.9800	core	core	no	no	no
bin_5_63	bin-5-63	bin_5_63_02473	cds	contig_77	46246	0.4173	6299	7567	-	6298	422		Putative glycosyltransferase associated to biofilm formation	no	group_3133	en_familia	49	0.9800	core	core	no	no	no
bin_5_63	bin-5-63	bin_5_63_02474	cds	contig_77	46246	0.4173	7560	9278	-	7559	572		DUF2334 domain-containing protein	no	group_4467	en_familia	49	0.9800	core	core	no	no	no
bin_5_63	bin-5-63	bin_5_63_02475	cds	contig_77	46246	0.4173	9268	10119	-	9267	283		GGDEF domain-containing protein	no	group_3784	en_familia	49	0.9800	core	core	no	no	no
bin_5_63	bin-5-63	bin_5_63_02476	cds	contig_77	46246	0.4173	10100	11182	-	10099	360		Glycosyl hydrolase lipoprotein	no	group_3094	en_familia	49	0.9800	core	core	no	no	no
bin_5_63	bin-5-63	bin_5_63_02477	cds	contig_77	46246	0.4173	11380	13566	-	11379	728		DNA topoisomerase 3	no	group_3576	en_familia	49	0.9800	core	core	no	no	no
bin_5_63	bin-5-63	bin_5_63_02478	cds	contig_77	46246	0.4173	13639	14694	-	13638	351		tartrate dehydrogenase	no	group_4644	en_familia	32	0.6400	shell	shell	si	no	no
bin_5_63	bin-5-63	bin_5_63_02479	cds	contig_77	46246	0.4173	14792	15724	-	14791	310	eamA	EamA domain-containing protein	no	group_4802	en_familia	32	0.6400	shell	shell	si	no	no
bin_5_63	bin-5-63	bin_5_63_02480	cds	contig_77	46246	0.4173	15721	16542	-	15720	273	araC	AraC family transcriptional regulator	no	araC~~~adaA	en_familia	32	0.6400	shell	shell	si	no	no
bin_5_63	bin-5-63	bin_5_63_02481	cds	contig_77	46246	0.4173	16696	17370	+	16695	224	ydhC	Putative HTH-type transcriptional regulator YdhC	no	gntR~~~ydhC	en_familia	32	0.6400	shell	shell	si	no	no
bin_5_63	bin-5-63	bin_5_63_02482	cds	contig_77	46246	0.4173	17500	17796	+	17499	98		DUF3817 domain-containing protein	no	group_4184	en_familia	49	0.9800	core	core	no	no	no
bin_5_63	bin-5-63	bin_5_63_02483	cds	contig_77	46246	0.4173	17871	20138	-	17870	755		DUF3592 domain-containing protein	no	group_4836	en_familia	49	0.9800	core	core	no	no	no
bin_5_63	bin-5-63	bin_5_63_02484	cds	contig_77	46246	0.4173	20513	20695	+	20512	60		DUF4305 domain-containing protein	no	group_4305	en_familia	49	0.9800	core	core	no	no	no
bin_5_63	bin-5-63	bin_5_63_02486	cds	contig_77	46246	0.4173	21279	21701	-	21278	140		General stress protein 26	no	group_1931	en_familia	49	0.9800	core	core	no	no	no
bin_5_63	bin-5-63	bin_5_63_02487	cds	contig_77	46246	0.4173	21998	22867	-	21997	289		Putative dehydrogenase	no	group_1008	en_familia	49	0.9800	core	core	no	no	no
bin_5_63	bin-5-63	bin_5_63_02488	cds	contig_77	46246	0.4173	23023	23634	+	22612	203		Putative methyltransferase	no	group_1510	en_familia	48	0.9600	core	core	no	no	no
bin_5_63	bin-5-63	bin_5_63_02489	cds	contig_77	46246	0.4173	23651	25738	-	20508	695		PTS sugar transporter subunit IIA	no	group_100	en_familia	50	1.0000	core	core	no	no	no
bin_5_63	bin-5-63	bin_5_63_02490	cds	contig_77	46246	0.4173	25860	26942	-	19304	360		putative choloylglycine hydrolase	no	group_3751	en_familia	50	1.0000	core	core	no	no	no
bin_5_63	bin-5-63	bin_5_63_02491	cds	contig_77	46246	0.4173	27028	27660	-	18586	210		Spore coat phospholipase B	no	group_3419	en_familia	50	1.0000	core	core	no	no	no
bin_5_63	bin-5-63	bin_5_63_02492	cds	contig_77	46246	0.4173	28075	28710	+	17536	211	azoR	FMN-dependent NADH:quinone oxidoreductase	no	azoR	en_familia	50	1.0000	core	core	no	no	no
bin_5_63	bin-5-63	bin_5_63_02493	cds	contig_77	46246	0.4173	28745	29518	-	16728	257	kipR	HTH-type transcriptional regulator KipR	no	kipR	en_familia	50	1.0000	core	core	no	no	no
bin_5_63	bin-5-63	bin_5_63_02494	cds	contig_77	46246	0.4173	29533	30537	-	15709	334		L-5-oxoprolinase (ATP-dependent) subunit C	no	group_3381	en_familia	50	1.0000	core	core	no	no	no
bin_5_63	bin-5-63	bin_5_63_02495	cds	contig_77	46246	0.4173	30534	31280	-	14966	248	pxpB	5-oxoprolinase subunit PxpB	no	pxpB	en_familia	50	1.0000	core	core	no	no	no
bin_5_63	bin-5-63	bin_5_63_02496	cds	contig_77	46246	0.4173	31300	32091	-	14155	263		putative hydro-lyase	no	group_3938	en_familia	50	1.0000	core	core	no	no	no
bin_5_63	bin-5-63	bin_5_63_02497	cds	contig_77	46246	0.4173	32096	33313	-	12933	405		Divalent metal cation transporter	no	group_522	en_familia	50	1.0000	core	core	no	no	no
bin_5_63	bin-5-63	bin_5_63_02498	cds	contig_77	46246	0.4173	33338	34096	-	12150	252		5-oxoprolinase subunit A	no	pxpA	en_familia	50	1.0000	core	core	no	no	no
bin_5_63	bin-5-63	bin_5_63_02499	cds	contig_77	46246	0.4173	34366	34533	+	11713	55		Phage protein	no	group_4164	en_familia	8	0.1600	shell	shell	si	no	no
bin_5_63	bin-5-63	bin_5_63_02500	cds	contig_77	46246	0.4173	34733	34864	-	11382	43		hypothetical protein	no	group_4830	en_familia	23	0.4600	shell	shell	si	no	no
bin_5_63	bin-5-63	bin_5_63_02501	cds	contig_77	46246	0.4173	34854	35987	-	10259	377	rapH	RapH N-terminal domain-containing protein	no	group_4532	en_familia	23	0.4600	shell	shell	si	no	no
bin_5_63	bin-5-63	bin_5_63_02502	cds	contig_77	46246	0.4173	36234	36539	-	9707	101		hypothetical protein	no	group_4826	en_familia	18	0.3600	shell	shell	si	no	no
bin_5_63	bin-5-63	bin_5_63_02503	cds	contig_77	46246	0.4173	36609	37103	+	9143	164		hypothetical protein	no	group_4151	en_familia	18	0.3600	shell	shell	si	no	no
bin_5_63	bin-5-63	bin_5_63_02504	cds	contig_77	46246	0.4173	37190	37969	-	8277	259		HAD family phosphatase	no	group_1172	en_familia	50	1.0000	core	core	no	no	no
bin_5_63	bin-5-63	bin_5_63_02505	cds	contig_77	46246	0.4173	38073	38339	-	7907	88		Excalibur calcium-binding domain-containing protein	no	group_4149	en_familia	50	1.0000	core	core	no	no	no
bin_5_63	bin-5-63	bin_5_63_02506	cds	contig_77	46246	0.4173	38524	38901	+	7345	125		VOC domain-containing protein	no	group_4825	en_familia	50	1.0000	core	core	no	no	no
bin_5_63	bin-5-63	bin_5_63_02507	cds	contig_77	46246	0.4173	38927	39220	+	7026	97	deoR	DeoR faimly transcriptional regulator	no	group_4632	en_familia	50	1.0000	core	core	no	no	no
bin_5_63	bin-5-63	bin_5_63_02508	cds	contig_77	46246	0.4173	39252	39494	+	6752	80		DUF2651 domain-containing protein	no	group_4945	en_familia	49	0.9800	core	core	no	no	no
bin_5_63	bin-5-63	bin_5_63_02509	cds	contig_77	46246	0.4173	39738	40130	-	6116	130	ridA	RidA family protein	no	group_4555	en_familia	50	1.0000	core	core	no	no	no
bin_5_63	bin-5-63	bin_5_63_02510	cds	contig_77	46246	0.4173	40481	40942	+	5304	153		FMN-binding domain-containing protein	no	group_4928	en_familia	50	1.0000	core	core	no	no	no
bin_5_63	bin-5-63	bin_5_63_02511	cds	contig_77	46246	0.4173	40958	41935	+	4311	325		FAD:protein FMN transferase	no	group_4554	en_familia	50	1.0000	core	core	no	no	no
bin_5_63	bin-5-63	bin_5_63_02512	cds	contig_77	46246	0.4173	41893	42759	+	3487	288		RnfABCDGE type electron transport complex subunit D	no	group_4568	en_familia	50	1.0000	core	core	no	no	no
bin_5_63	bin-5-63	bin_5_63_02513	cds	contig_77	46246	0.4173	42805	44553	-	1693	582		Chemotaxis protein	no	group_3352	en_familia	50	1.0000	core	core	no	no	no
bin_5_63	bin-5-63	bin_5_63_02514	cds	contig_77	46246	0.4173	44651	45772	-	474	373	mtlD	mannitol-1-phosphate 5-dehydrogenase	no	mtlD	en_familia	50	1.0000	core	core	no	no	no
bin_5_63	bin-5-63	bin_5_63_02515	cds	contig_77	46246	0.4173	45774	46178	-	68	134		Mannitol-specific phosphotransferase enzyme IIA component	no	group_3586	en_familia	50	1.0000	core	core	no	no	no
bin_5_63	bin-5-63	bin_5_63_02516	cds	contig_78	13490	0.4395	176	814	-	175	212	pyrE	Orotate phosphoribosyltransferase	no	pyrE	en_familia	50	1.0000	core	core	no	no	no
bin_5_63	bin-5-63	bin_5_63_02517	cds	contig_78	13490	0.4395	822	1526	-	821	234	pyrF	orotidine-5'-phosphate decarboxylase	no	pyrF	en_familia	50	1.0000	core	core	no	no	no
bin_5_63	bin-5-63	bin_5_63_02518	cds	contig_78	13490	0.4395	1498	2430	-	1497	310	pyrD	dihydroorotate dehydrogenase	no	pyrD	en_familia	50	1.0000	core	core	no	no	no
bin_5_63	bin-5-63	bin_5_63_02519	cds	contig_78	13490	0.4395	2424	3200	-	2423	258	pyrK	dihydroorotate dehydrogenase electron transfer subunit	no	pyrK	en_familia	50	1.0000	core	core	no	no	no
bin_5_63	bin-5-63	bin_5_63_02520	cds	contig_78	13490	0.4395	3197	6412	-	3196	1071	carB	carbamoyl-phosphate synthase large subunit	no	carB	en_familia	50	1.0000	core	core	no	no	no
bin_5_63	bin-5-63	bin_5_63_02521	cds	contig_78	13490	0.4395	6397	7491	-	5999	364		carbamoyl phosphate synthase small subunit	no	group_686	en_familia	50	1.0000	core	core	no	no	no
bin_5_63	bin-5-63	bin_5_63_02522	cds	contig_78	13490	0.4395	7488	8774	-	4716	428	pyrC	dihydroorotase	no	pyrC	en_familia	50	1.0000	core	core	no	no	no
bin_5_63	bin-5-63	bin_5_63_02523	cds	contig_78	13490	0.4395	8758	9681	-	3809	307	pyrB	aspartate carbamoyltransferase catalytic subunit	no	pyrB	en_familia	50	1.0000	core	core	no	no	no
bin_5_63	bin-5-63	bin_5_63_02524	cds	contig_78	13490	0.4395	9812	11140	-	2350	442		Uracil permease	no	group_4249	en_familia	50	1.0000	core	core	no	no	no
bin_5_63	bin-5-63	bin_5_63_02525	cds	contig_78	13490	0.4395	11296	11838	-	1652	180	pyrR	bifunctional pyr operon transcriptional regulator/uracil phosphoribosyltransferase PyrR	no	pyrR	en_familia	50	1.0000	core	core	no	no	no
bin_5_63	bin-5-63	bin_5_63_02526	cds	contig_78	13490	0.4395	12009	12923	-	567	304		Pseudouridine synthase	no	group_3451	en_familia	50	1.0000	core	core	no	no	no
bin_5_63	bin-5-63	bin_5_63_02527	cds	contig_78	13490	0.4395	12920	13387	-	103	155	lspA	signal peptidase II	no	lspA	en_familia	50	1.0000	core	core	no	no	no
bin_5_63	bin-5-63	bin_5_63_02528	cds	contig_79	23603	0.4155	963	1265	-	962	100		Integral membrane protein	no	group_4054	en_familia	50	1.0000	core	core	no	no	no
bin_5_63	bin-5-63	bin_5_63_02529	cds	contig_79	23603	0.4155	1726	2685	+	1725	319		Serine protease	no	group_865	en_familia	50	1.0000	core	core	no	no	no
bin_5_63	bin-5-63	bin_5_63_02530	cds	contig_79	23603	0.4155	3147	5435	+	3146	762	metE	5-methyltetrahydropteroyltriglutamate--homocysteine S-methyltransferase	no	metE	en_familia	50	1.0000	core	core	no	no	no
bin_5_63	bin-5-63	bin_5_63_02531	cds	contig_79	23603	0.4155	5577	6047	+	5576	156		Guanine deaminase	no	group_1811	en_familia	50	1.0000	core	core	no	no	no
bin_5_63	bin-5-63	bin_5_63_02532	cds	contig_79	23603	0.4155	6113	6532	-	6112	139		Organic hydroperoxide resistance reductase B	no	group_3476	en_familia	50	1.0000	core	core	no	no	no
bin_5_63	bin-5-63	bin_5_63_02533	cds	contig_79	23603	0.4155	6694	7140	+	6693	148		Organic hydroperoxide resistance transcriptional regulator	no	group_1880	en_familia	50	1.0000	core	core	no	no	no
bin_5_63	bin-5-63	bin_5_63_02534	cds	contig_79	23603	0.4155	7174	7602	-	7173	142		Peroxiredoxin	no	group_1918	en_familia	50	1.0000	core	core	no	no	no
bin_5_63	bin-5-63	bin_5_63_02535	cds	contig_79	23603	0.4155	7903	9039	-	7902	378		Response regulator aspartate phosphatase A	no	group_636	en_familia	50	1.0000	core	core	no	no	no
bin_5_63	bin-5-63	bin_5_63_02536	cds	contig_79	23603	0.4155	9165	10412	-	9164	415		glutamate-5-semialdehyde dehydrogenase	no	group_490	en_familia	50	1.0000	core	core	no	no	no
bin_5_63	bin-5-63	bin_5_63_02537	cds	contig_79	23603	0.4155	10425	11525	-	10424	366		Glutamate 5-kinase	no	group_678	en_familia	50	1.0000	core	core	no	no	no
bin_5_63	bin-5-63	bin_5_63_02538	cds	contig_79	23603	0.4155	11841	12743	-	10860	300	purU	formyltetrahydrofolate deformylase	no	purU	en_familia	50	1.0000	core	core	no	no	no
bin_5_63	bin-5-63	bin_5_63_02539	cds	contig_79	23603	0.4155	12907	13092	+	10511	61		Lipoprotein	no	group_3331	en_familia	50	1.0000	core	core	no	no	no
bin_5_63	bin-5-63	bin_5_63_02540	cds	contig_79	23603	0.4155	13126	13440	-	10163	104		Guanidinium efflux transporter subunit	no	group_4350	en_familia	50	1.0000	core	core	no	no	no
bin_5_63	bin-5-63	bin_5_63_02541	cds	contig_79	23603	0.4155	13437	13766	-	9837	109		Guanidinium efflux transporter subunit	no	group_2185	en_familia	50	1.0000	core	core	no	no	no
bin_5_63	bin-5-63	bin_5_63_02542	cds	contig_79	23603	0.4155	14145	15200	+	8403	351		Bifunctional transcriptional activator/DNA repair enzyme Ada	no	group_732	en_familia	50	1.0000	core	core	no	no	no
bin_5_63	bin-5-63	bin_5_63_02543	cds	contig_79	23603	0.4155	15195	15740	-	7863	181		N-acetyltransferase domain-containing protein	no	group_3289	en_familia	50	1.0000	core	core	no	no	no
bin_5_63	bin-5-63	bin_5_63_02544	cds	contig_79	23603	0.4155	15756	16244	-	7359	162		Small multi-drug export protein	no	group_3386	en_familia	50	1.0000	core	core	no	no	no
bin_5_63	bin-5-63	bin_5_63_02545	cds	contig_79	23603	0.4155	16555	17307	-	6296	250		HAAS transmembrane region domain-containing protein	no	group_4584	en_familia	49	0.9800	core	core	no	no	no
bin_5_63	bin-5-63	bin_5_63_02546	cds	contig_79	23603	0.4155	17312	17638	-	5965	108	padR	PadR family transcriptional regulator	no	group_4265	en_familia	50	1.0000	core	core	no	no	no
bin_5_63	bin-5-63	bin_5_63_02547	cds	contig_79	23603	0.4155	17753	18274	-	5329	173		Acyl-CoA thioesterase	no	group_1694	en_familia	50	1.0000	core	core	no	no	no
bin_5_63	bin-5-63	bin_5_63_02548	cds	contig_79	23603	0.4155	18454	19314	+	4289	286		N(G),N(G)-dimethylarginine dimethylaminohydrolase	no	group_4045	en_familia	50	1.0000	core	core	no	no	no
bin_5_63	bin-5-63	bin_5_63_02549	cds	contig_79	23603	0.4155	19376	20344	-	3259	322	oppF	Oligopeptide transport ATP-binding protein OppF	no	group_858	en_familia	50	1.0000	core	core	no	no	no
bin_5_63	bin-5-63	bin_5_63_02550	cds	contig_79	23603	0.4155	20334	21254	-	2349	306		Gamma-D-glutamyl-L-diaminoacid endopeptidase	no	group_4044	en_familia	50	1.0000	core	core	no	no	no
bin_5_63	bin-5-63	bin_5_63_02551	cds	contig_79	23603	0.4155	21251	22330	-	1273	359		Dipeptide epimerase	no	group_3316	en_familia	50	1.0000	core	core	no	no	no
bin_5_63	bin-5-63	bin_5_63_02552	cds	contig_79	23603	0.4155	22327	23268	-	335	313		Putative murein peptide carboxypeptidase	no	group_3796	en_familia	50	1.0000	core	core	no	no	no
bin_5_63	bin-5-63	bin_5_63_02553	cds	contig_80	31841	0.4175	36	431	+	35	131		WYL domain-containing protein	no	group_3643	en_familia	50	1.0000	core	core	no	no	no
bin_5_63	bin-5-63	bin_5_63_02554	cds	contig_80	31841	0.4175	486	962	+	485	158		Putative effector of transcriptional regulator	no	group_4671	en_familia	50	1.0000	core	core	no	no	no
bin_5_63	bin-5-63	bin_5_63_02555	cds	contig_80	31841	0.4175	1001	1720	+	1000	239		Putative metal-dependent hydrolase	no	group_3642	en_familia	50	1.0000	core	core	no	no	no
bin_5_63	bin-5-63	bin_5_63_02556	cds	contig_80	31841	0.4175	1724	2296	+	1723	190		Putative transcriptional regulator	no	group_4670	en_familia	50	1.0000	core	core	no	no	no
bin_5_63	bin-5-63	bin_5_63_02557	cds	contig_80	31841	0.4175	2448	3329	+	2447	293	yndG	Membrane protein YndG	no	yndG	en_familia	50	1.0000	core	core	no	no	no
bin_5_63	bin-5-63	bin_5_63_02558	cds	contig_80	31841	0.4175	3292	3897	+	3291	201		DUF4166 domain-containing protein	no	group_3142	en_familia	50	1.0000	core	core	no	no	no
bin_5_63	bin-5-63	bin_5_63_02559	cds	contig_80	31841	0.4175	3890	5515	+	3889	541		Integral inner membrane protein	no	group_3472	en_familia	50	1.0000	core	core	no	no	no
bin_5_63	bin-5-63	bin_5_63_02560	cds	contig_80	31841	0.4175	5512	5991	-	5511	159		Peptidase M50 domain-containing protein	no	group_1792	en_familia	50	1.0000	core	core	no	no	no
bin_5_63	bin-5-63	bin_5_63_02561	cds	contig_80	31841	0.4175	6258	6590	+	6257	110	csaA	chaperone CsaA	no	csaA	en_familia	50	1.0000	core	core	no	no	no
bin_5_63	bin-5-63	bin_5_63_02563	cds	contig_80	31841	0.4175	7108	8499	+	7107	463		H+-xyloside symporter	no	group_4495	en_familia	50	1.0000	core	core	no	no	no
bin_5_63	bin-5-63	bin_5_63_02564	cds	contig_80	31841	0.4175	8524	10131	+	8523	535	xynB	Beta-xylosidase	no	xynB	en_familia	50	1.0000	core	core	no	no	no
bin_5_63	bin-5-63	bin_5_63_02565	cds	contig_80	31841	0.4175	10178	11338	-	10177	386		Transcriptional regulator	no	group_605	en_familia	50	1.0000	core	core	no	no	no
bin_5_63	bin-5-63	bin_5_63_02566	cds	contig_80	31841	0.4175	11552	12889	+	11551	445	xylA	xylose isomerase	no	xylA	en_familia	50	1.0000	core	core	no	no	no
bin_5_63	bin-5-63	bin_5_63_02567	cds	contig_80	31841	0.4175	12923	14416	+	12922	497	xylB	xylulokinase	no	xylB	en_familia	50	1.0000	core	core	no	no	no
bin_5_63	bin-5-63	bin_5_63_02568	cds	contig_80	31841	0.4175	14511	15197	+	14510	228	xynA	Endo-1,4-beta-xylanase A	no	xynA	en_familia	50	1.0000	core	core	no	no	no
bin_5_63	bin-5-63	bin_5_63_02569	cds	contig_80	31841	0.4175	15244	17283	-	14558	679	dmsA	Dimethyl sulfoxide reductase DmsA	no	dmsA	en_familia	50	1.0000	core	core	no	no	no
bin_5_63	bin-5-63	bin_5_63_02570	cds	contig_80	31841	0.4175	17402	18598	-	13243	398		Cytochrome P450 109	no	group_3754	en_familia	50	1.0000	core	core	no	no	no
bin_5_63	bin-5-63	bin_5_63_02571	cds	contig_80	31841	0.4175	19068	19865	+	11976	265	proC	pyrroline-5-carboxylate reductase	no	group_1138	en_familia	50	1.0000	core	core	no	no	no
bin_5_63	bin-5-63	bin_5_63_02572	cds	contig_80	31841	0.4175	19893	21011	+	10830	372		Glutamate 5-kinase	no	group_3224	en_familia	50	1.0000	core	core	no	no	no
bin_5_63	bin-5-63	bin_5_63_02573	cds	contig_80	31841	0.4175	21030	22298	+	9543	422		glutamate-5-semialdehyde dehydrogenase	no	group_467	en_familia	50	1.0000	core	core	no	no	no
bin_5_63	bin-5-63	bin_5_63_02574	cds	contig_80	31841	0.4175	22480	23049	-	8792	189		Putative N-acetyltransferase	no	group_3921	en_familia	50	1.0000	core	core	no	no	no
bin_5_63	bin-5-63	bin_5_63_02575	cds	contig_80	31841	0.4175	23138	23959	+	7882	273		HTH merR-type domain-containing protein	no	group_4466	en_familia	50	1.0000	core	core	no	no	no
bin_5_63	bin-5-63	bin_5_63_02576	cds	contig_80	31841	0.4175	24019	25848	-	5993	609		Putative ABC transporter (ATP-binding protein)	no	group_3132	en_familia	50	1.0000	core	core	no	no	no
bin_5_63	bin-5-63	bin_5_63_02577	cds	contig_80	31841	0.4175	25845	27578	-	4263	577		Multidrug ABC transporter ATP-binding protein	no	group_191	en_familia	50	1.0000	core	core	no	no	no
bin_5_63	bin-5-63	bin_5_63_02578	cds	contig_80	31841	0.4175	27673	28575	-	3266	300		Transcriptional regulator (LysR family) (GltC-glutamate)	no	group_965	en_familia	50	1.0000	core	core	no	no	no
bin_5_63	bin-5-63	bin_5_63_02579	cds	contig_81	1662	0.4374	16	759	+	15	247		starch-binding protein	no	group_5840	en_familia	0	0.0000	exclusivo	exclusivo	no	no	si
bin_5_63	bin-5-63	bin_5_63_02580	cds	contig_82	23703	0.4088	152	1069	-	151	305		Beta-glucoside kinase	no	group_4302	en_familia	50	1.0000	core	core	no	no	no
bin_5_63	bin-5-63	bin_5_63_02581	cds	contig_82	23703	0.4088	1210	1638	-	1209	142		Zinc-specific metallo-regulatory protein	no	group_1920	en_familia	50	1.0000	core	core	no	no	no
bin_5_63	bin-5-63	bin_5_63_02582	cds	contig_82	23703	0.4088	1616	2476	-	1615	286		Metal ABC transporter permease	no	group_1020	en_familia	50	1.0000	core	core	no	no	no
bin_5_63	bin-5-63	bin_5_63_02583	cds	contig_82	23703	0.4088	2476	3252	-	2475	258		ABC transporter	no	group_1183	en_familia	50	1.0000	core	core	no	no	no
bin_5_63	bin-5-63	bin_5_63_02584	cds	contig_82	23703	0.4088	3389	4270	-	3388	293		DUF2179 domain-containing protein	no	group_990	en_familia	50	1.0000	core	core	no	no	no
bin_5_63	bin-5-63	bin_5_63_02585	cds	contig_82	23703	0.4088	4405	4665	+	4404	86		tRNA methyltransferase	no	group_4085	en_familia	50	1.0000	core	core	no	no	no
bin_5_63	bin-5-63	bin_5_63_02586	cds	contig_82	23703	0.4088	4715	5608	-	4714	297		deoxyribonuclease IV	no	group_975	en_familia	50	1.0000	core	core	no	no	no
bin_5_63	bin-5-63	bin_5_63_02587	cds	contig_82	23703	0.4088	5618	6937	-	5617	439	cshB	DEAD-box ATP-dependent RNA helicase CshB	no	cshB	en_familia	50	1.0000	core	core	no	no	no
bin_5_63	bin-5-63	bin_5_63_02588	cds	contig_82	23703	0.4088	7093	7815	+	7092	240		Spore coat protein	no	group_3894	en_familia	50	1.0000	core	core	no	no	no
bin_5_63	bin-5-63	bin_5_63_02589	cds	contig_82	23703	0.4088	7972	8916	+	7971	314	ispH	4-hydroxy-3-methylbut-2-enyl diphosphate reductase	no	ispH	en_familia	50	1.0000	core	core	no	no	no
bin_5_63	bin-5-63	bin_5_63_02590	cds	contig_82	23703	0.4088	8953	10074	-	8952	373		Nif3-like dinuclear metal center hexameric protein	no	group_4063	en_familia	50	1.0000	core	core	no	no	no
bin_5_63	bin-5-63	bin_5_63_02591	cds	contig_82	23703	0.4088	10067	10774	-	10066	235	trmK	tRNA (Adenine(22)-N(1))-methyltransferase TrmK	no	trmK	en_familia	50	1.0000	core	core	no	no	no
bin_5_63	bin-5-63	bin_5_63_02592	cds	contig_82	23703	0.4088	10904	11263	-	10903	119	cccA	cytochrome c550	no	cccA	en_familia	50	1.0000	core	core	no	no	no
bin_5_63	bin-5-63	bin_5_63_02593	cds	contig_82	23703	0.4088	11565	12686	-	11017	373	rpoD	RNA polymerase sigma factor RpoD	no	rpoD	en_familia	50	1.0000	core	core	no	no	no
bin_5_63	bin-5-63	bin_5_63_02594	cds	contig_82	23703	0.4088	12891	14720	-	8983	609		DNA primase	no	group_155	en_familia	50	1.0000	core	core	no	no	no
bin_5_63	bin-5-63	bin_5_63_02595	cds	contig_82	23703	0.4088	14754	15254	-	8449	166		YaiI/YqxD family protein	no	group_1744	en_familia	50	1.0000	core	core	no	no	no
bin_5_63	bin-5-63	bin_5_63_02596	cds	contig_82	23703	0.4088	15516	16337	-	7366	273		Putative pyruvate, phosphate dikinase regulatory protein	no	group_1088	en_familia	50	1.0000	core	core	no	no	no
bin_5_63	bin-5-63	bin_5_63_02597	cds	contig_82	23703	0.4088	16363	17073	-	6630	236	ccpN	Transcriptional repressor CcpN	no	ccpN	en_familia	50	1.0000	core	core	no	no	no
bin_5_63	bin-5-63	bin_5_63_02598	cds	contig_82	23703	0.4088	17168	19213	-	4490	681		Glycine--tRNA ligase beta subunit	no	group_104	en_familia	50	1.0000	core	core	no	no	no
bin_5_63	bin-5-63	bin_5_63_02599	cds	contig_82	23703	0.4088	19206	20093	-	3610	295	glyQ	glycine--tRNA ligase subunit alpha	no	glyQ	en_familia	50	1.0000	core	core	no	no	no
bin_5_63	bin-5-63	bin_5_63_02600	cds	contig_82	23703	0.4088	20423	21193	-	2510	256	recO	DNA repair protein RecO	no	recO	en_familia	50	1.0000	core	core	no	no	no
bin_5_63	bin-5-63	bin_5_63_02601	cds	contig_82	23703	0.4088	21229	21372	-	2331	47	yqzL	YqzL family protein	no	yqzL	en_familia	50	1.0000	core	core	no	no	no
bin_5_63	bin-5-63	bin_5_63_02602	cds	contig_82	23703	0.4088	21520	22425	-	1278	301	era	GTPase Era	no	era	en_familia	50	1.0000	core	core	no	no	no
bin_5_63	bin-5-63	bin_5_63_02603	cds	contig_82	23703	0.4088	22418	22816	-	887	132		cytidine deaminase	no	group_1977	en_familia	50	1.0000	core	core	no	no	no
bin_5_63	bin-5-63	bin_5_63_02604	cds	contig_82	23703	0.4088	22929	23315	-	388	128		Undecaprenol kinase	no	group_2002	en_familia	50	1.0000	core	core	no	no	no
bin_5_63	bin-5-63	bin_5_63_02605	cds	contig_82	23703	0.4088	23293	23433	-	270	46		hypothetical protein	no	ybeY	en_familia	50	1.0000	core	core	no	no	no
bin_5_63	bin-5-63	bin_5_63_02606	cds	contig_83	2638	0.4249	31	825	+	30	264		hypothetical protein	no	group_3914	en_familia	50	1.0000	core	core	no	no	no
bin_5_63	bin-5-63	bin_5_63_02607	cds	contig_83	2638	0.4249	1176	2444	+	194	422	tyrS	tyrosine--tRNA ligase	no	tyrS	en_familia	50	1.0000	core	core	no	no	no
bin_5_63	bin-5-63	bin_5_63_02608	cds	contig_84	2058	0.3761	157	2049	+	9	630		LXG domain-containing protein	no	group_5841	en_familia	0	0.0000	exclusivo	exclusivo	no	no	si
bin_5_63	bin-5-63	bin_5_63_02609	cds	contig_85	71176	0.4151	185	1144	-	184	319	coaA	type I pantothenate kinase	no	coaA	en_familia	49	0.9800	core	core	no	no	no
bin_5_63	bin-5-63	bin_5_63_02610	cds	contig_85	71176	0.4151	1334	2662	+	1333	442		CoA-disulfide reductase	no	group_4505	en_familia	50	1.0000	core	core	no	no	no
bin_5_63	bin-5-63	bin_5_63_02611	cds	contig_85	71176	0.4151	2680	3093	+	2679	137		Glyoxalase	no	group_4156	en_familia	50	1.0000	core	core	no	no	no
bin_5_63	bin-5-63	bin_5_63_02612	cds	contig_85	71176	0.4151	3110	3886	-	3109	258		Putative metabolite dehydrogenase, NAD-binding	no	group_1182	en_familia	49	0.9800	core	core	no	no	no
bin_5_63	bin-5-63	bin_5_63_02613	cds	contig_85	71176	0.4151	3887	4849	-	3886	320		Putative metal-dependent hydrolase	no	group_4122	en_familia	49	0.9800	core	core	no	no	no
bin_5_63	bin-5-63	bin_5_63_02614	cds	contig_85	71176	0.4151	5272	6099	+	5271	275	proC	pyrroline-5-carboxylate reductase	no	proC	en_familia	49	0.9800	core	core	no	no	no
bin_5_63	bin-5-63	bin_5_63_02615	cds	contig_85	71176	0.4151	6149	6292	-	6148	47		hypothetical protein	no	group_4123	en_familia	15	0.3000	shell	shell	si	no	no
bin_5_63	bin-5-63	bin_5_63_02616	cds	contig_85	71176	0.4151	6307	6846	-	6306	179		Squalene-hopene cyclase	no	group_3228	en_familia	15	0.3000	shell	shell	si	no	no
bin_5_63	bin-5-63	bin_5_63_02617	cds	contig_85	71176	0.4151	6815	8071	-	6814	418	bacE	Bacilysin exporter BacE	no	bacE	en_familia	15	0.3000	shell	shell	si	no	no
bin_5_63	bin-5-63	bin_5_63_02618	cds	contig_85	71176	0.4151	8071	9438	-	8070	455		Oxygen-independent coproporphyrinogen-III oxidase-like protein	no	group_366	en_familia	15	0.3000	shell	shell	si	no	no
bin_5_63	bin-5-63	bin_5_63_02619	cds	contig_85	71176	0.4151	9787	11400	-	9786	537		M20/M25/M40 family metallo-hydrolase	no	group_5171	en_familia	50	1.0000	core	core	no	no	no
bin_5_63	bin-5-63	bin_5_63_02620	cds	contig_85	71176	0.4151	11541	12557	+	11540	338	namA	NADPH dehydrogenase NamA	no	namA	en_familia	50	1.0000	core	core	no	no	no
bin_5_63	bin-5-63	bin_5_63_02621	cds	contig_85	71176	0.4151	12677	13441	+	12676	254		Haloalkane dehalogenase	no	group_4021	en_familia	50	1.0000	core	core	no	no	no
bin_5_63	bin-5-63	bin_5_63_02622	cds	contig_85	71176	0.4151	13486	14793	-	13485	435		Aminotransferase	no	group_3700	en_familia	50	1.0000	core	core	no	no	no
bin_5_63	bin-5-63	bin_5_63_02623	cds	contig_85	71176	0.4151	14933	15862	-	14932	309	rnz	ribonuclease Z	no	rnz	en_familia	50	1.0000	core	core	no	no	no
bin_5_63	bin-5-63	bin_5_63_02624	cds	contig_85	71176	0.4151	16085	17560	+	16084	491	zwf	glucose-6-phosphate dehydrogenase	no	zwf	en_familia	49	0.9800	core	core	no	no	no
bin_5_63	bin-5-63	bin_5_63_02625	cds	contig_85	71176	0.4151	17611	18333	-	17610	240	gntR	GntR family transcriptional regulator	no	group_1295	en_familia	49	0.9800	core	core	no	no	no
bin_5_63	bin-5-63	bin_5_63_02626	cds	contig_85	71176	0.4151	18509	19915	-	18508	468		Mannoside-phospho-beta-d-glucosidase	no	group_340	en_familia	49	0.9800	core	core	no	no	no
bin_5_63	bin-5-63	bin_5_63_02627	cds	contig_85	71176	0.4151	19899	21245	-	19898	448	celB	PTS cellobiose transporter subunit IIC	no	celB	en_familia	49	0.9800	core	core	no	no	no
bin_5_63	bin-5-63	bin_5_63_02628	cds	contig_85	71176	0.4151	21271	21603	-	21270	110		Oligo-alpha-mannoside phosphotransferase system enzyme IIA	no	group_3202	en_familia	49	0.9800	core	core	no	no	no
bin_5_63	bin-5-63	bin_5_63_02629	cds	contig_85	71176	0.4151	21607	21993	-	21606	128		PTS sugar transporter subunit IIB	no	group_3304	en_familia	49	0.9800	core	core	no	no	no
bin_5_63	bin-5-63	bin_5_63_02630	cds	contig_85	71176	0.4151	22343	23332	+	22342	329		VHS domain-containing protein	no	group_3378	en_familia	34	0.6800	shell	shell	si	no	no
bin_5_63	bin-5-63	bin_5_63_02631	cds	contig_85	71176	0.4151	23458	24243	-	23457	261		Glucose 1-dehydrogenase	no	group_1163	en_familia	49	0.9800	core	core	no	no	no
bin_5_63	bin-5-63	bin_5_63_02632	cds	contig_85	71176	0.4151	24256	25296	-	24255	346	glcU	Putative glucose uptake protein GlcU	no	glcU	en_familia	49	0.9800	core	core	no	no	no
bin_5_63	bin-5-63	bin_5_63_02633	cds	contig_85	71176	0.4151	25357	26766	-	25356	469	gndA	NADP-dependent phosphogluconate dehydrogenase	no	gndA	en_familia	50	1.0000	core	core	no	no	no
bin_5_63	bin-5-63	bin_5_63_02634	cds	contig_85	71176	0.4151	26865	28121	-	26864	418		DNA polymerase IV	no	group_478	en_familia	50	1.0000	core	core	no	no	no
bin_5_63	bin-5-63	bin_5_63_02635	cds	contig_85	71176	0.4151	28242	28523	+	28241	93		Membrane protein insertion and folding monitor	no	group_3227	en_familia	50	1.0000	core	core	no	no	no
bin_5_63	bin-5-63	bin_5_63_02636	cds	contig_85	71176	0.4151	28549	29367	+	28548	272	yidC	Membrane protein insertase YidC	no	yidC	en_familia	50	1.0000	core	core	no	no	no
bin_5_63	bin-5-63	bin_5_63_02637	cds	contig_85	71176	0.4151	29494	29958	-	29493	154	cheW	Chemotaxis protein CheW	no	cheW	en_familia	50	1.0000	core	core	no	no	no
bin_5_63	bin-5-63	bin_5_63_02638	cds	contig_85	71176	0.4151	29973	31094	-	29972	373		Peptidase M20 dimerisation domain-containing protein	no	group_3167	en_familia	50	1.0000	core	core	no	no	no
bin_5_63	bin-5-63	bin_5_63_02639	cds	contig_85	71176	0.4151	31111	32574	-	31110	487		Putative propionyl-CoA carboxylase beta chain	no	group_3599	en_familia	50	1.0000	core	core	no	no	no
bin_5_63	bin-5-63	bin_5_63_02640	cds	contig_85	71176	0.4151	32567	32989	-	32566	140	mce	methylmalonyl-CoA epimerase	no	mce	en_familia	50	1.0000	core	core	no	no	no
bin_5_63	bin-5-63	bin_5_63_02641	cds	contig_85	71176	0.4151	33223	33732	-	33222	169	ykuD	L,D-transpeptidase YkuD	no	group_3313	en_familia	50	1.0000	core	core	no	no	no
bin_5_63	bin-5-63	bin_5_63_02642	cds	contig_85	71176	0.4151	33785	34738	-	33784	317		Putative aromatic acid exporter C-terminal domain-containing protein	no	group_881	en_familia	50	1.0000	core	core	no	no	no
bin_5_63	bin-5-63	bin_5_63_02643	cds	contig_85	71176	0.4151	34850	35572	-	34849	240	artM	Arginine transport ATP-binding protein ArtM	no	artM	en_familia	50	1.0000	core	core	no	no	no
bin_5_63	bin-5-63	bin_5_63_02644	cds	contig_85	71176	0.4151	35565	36218	-	34958	217	artQ	Arginine transport system permease protein ArtQ	no	artQ	en_familia	50	1.0000	core	core	no	no	no
bin_5_63	bin-5-63	bin_5_63_02645	cds	contig_85	71176	0.4151	36345	37109	-	34067	254		ABC transporter substrate-binding protein	no	group_4191	en_familia	50	1.0000	core	core	no	no	no
bin_5_63	bin-5-63	bin_5_63_02646	cds	contig_85	71176	0.4151	37306	37743	-	33433	145		BrxA/BrxB family bacilliredoxin	no	group_1896	en_familia	50	1.0000	core	core	no	no	no
bin_5_63	bin-5-63	bin_5_63_02647	cds	contig_85	71176	0.4151	37912	38805	+	32371	297	bmrU	Lipid kinase BmrU	no	bmrU	en_familia	50	1.0000	core	core	no	no	no
bin_5_63	bin-5-63	bin_5_63_02648	cds	contig_85	71176	0.4151	38820	39113	-	32063	97		YesK-like protein	no	group_3640	en_familia	50	1.0000	core	core	no	no	no
bin_5_63	bin-5-63	bin_5_63_02649	cds	contig_85	71176	0.4151	39182	40438	-	30738	418		Dihydrolipoamide acetyltransferase component of pyruvate dehydrogenase complex	no	group_4036	en_familia	50	1.0000	core	core	no	no	no
bin_5_63	bin-5-63	bin_5_63_02650	cds	contig_85	71176	0.4151	40458	41441	-	29735	327	acoB	2-oxoisovalerate dehydrogenase subunit beta	no	acoB	en_familia	50	1.0000	core	core	no	no	no
bin_5_63	bin-5-63	bin_5_63_02651	cds	contig_85	71176	0.4151	41454	42449	-	28727	331		2-oxoisovalerate dehydrogenase subunit alpha	no	group_819	en_familia	50	1.0000	core	core	no	no	no
bin_5_63	bin-5-63	bin_5_63_02652	cds	contig_85	71176	0.4151	42464	43888	-	27288	474	lpdA	dihydrolipoyl dehydrogenase	no	lpdA	en_familia	50	1.0000	core	core	no	no	no
bin_5_63	bin-5-63	bin_5_63_02653	cds	contig_85	71176	0.4151	43878	44999	-	26177	373	buk	butyrate kinase	no	buk	en_familia	50	1.0000	core	core	no	no	no
bin_5_63	bin-5-63	bin_5_63_02654	cds	contig_85	71176	0.4151	45033	46127	-	25049	364	bcd	branched-chain amino acid dehydrogenase	no	bcd	en_familia	50	1.0000	core	core	no	no	no
bin_5_63	bin-5-63	bin_5_63_02655	cds	contig_85	71176	0.4151	46153	47046	-	24130	297	yqiS	phosphate butyryltransferase	no	yqiS	en_familia	50	1.0000	core	core	no	no	no
bin_5_63	bin-5-63	bin_5_63_02656	cds	contig_85	71176	0.4151	47172	49244	-	21932	690		Transcriptional regulator	no	group_101	en_familia	50	1.0000	core	core	no	no	no
bin_5_63	bin-5-63	bin_5_63_02657	cds	contig_85	71176	0.4151	49394	49630	+	21546	78		DUF2627 domain-containing protein	no	group_3100	en_familia	50	1.0000	core	core	no	no	no
bin_5_63	bin-5-63	bin_5_63_02658	cds	contig_85	71176	0.4151	49664	50401	-	20775	245	bagdpd	Glycerophosphodiester phosphodiesterase	no	bagdpd	en_familia	50	1.0000	core	core	no	no	no
bin_5_63	bin-5-63	bin_5_63_02659	cds	contig_85	71176	0.4151	50521	50631	-	20545	36		hypothetical protein	no	group_3275	en_familia	50	1.0000	core	core	no	no	no
bin_5_63	bin-5-63	bin_5_63_02660	cds	contig_85	71176	0.4151	50628	51728	-	19448	366		Tetratricopeptide repeat protein	no	group_679	en_familia	50	1.0000	core	core	no	no	no
bin_5_63	bin-5-63	bin_5_63_02661	cds	contig_85	71176	0.4151	52165	52968	-	18208	267	spo0A	sporulation transcription factor Spo0A	no	spo0A	en_familia	50	1.0000	core	core	no	no	no
bin_5_63	bin-5-63	bin_5_63_02662	cds	contig_85	71176	0.4151	53251	54528	-	16648	425	spoIVB	SpoIVB peptidase	no	spoIVB	en_familia	50	1.0000	core	core	no	no	no
bin_5_63	bin-5-63	bin_5_63_02663	cds	contig_85	71176	0.4151	54727	56460	-	14716	577	recN	DNA repair protein RecN	no	recN	en_familia	50	1.0000	core	core	no	no	no
bin_5_63	bin-5-63	bin_5_63_02664	cds	contig_85	71176	0.4151	56495	56944	-	14232	149	ahrC	transcriptional regulator AhrC/ArgR	no	ahrC	en_familia	50	1.0000	core	core	no	no	no
bin_5_63	bin-5-63	bin_5_63_02665	cds	contig_85	71176	0.4151	57106	57960	-	13216	284		Hemolysin A	no	group_3113	en_familia	49	0.9800	core	core	no	no	no
bin_5_63	bin-5-63	bin_5_63_02666	cds	contig_85	71176	0.4151	57957	59858	-	11318	633	dxs	1-deoxy-D-xylulose-5-phosphate synthase	no	dxs	en_familia	49	0.9800	core	core	no	no	no
bin_5_63	bin-5-63	bin_5_63_02667	cds	contig_85	71176	0.4151	60010	60900	-	10276	296		Farnesyl diphosphate synthase	no	group_4377	en_familia	49	0.9800	core	core	no	no	no
bin_5_63	bin-5-63	bin_5_63_02668	cds	contig_85	71176	0.4151	60890	61150	-	10026	86	xseB	exodeoxyribonuclease VII small subunit	no	xseB	en_familia	49	0.9800	core	core	no	no	no
bin_5_63	bin-5-63	bin_5_63_02669	cds	contig_85	71176	0.4151	61134	62492	-	8684	452	xseA	exodeoxyribonuclease VII large subunit	no	xseA	en_familia	49	0.9800	core	core	no	no	no
bin_5_63	bin-5-63	bin_5_63_02670	cds	contig_85	71176	0.4151	62563	63414	-	7762	283	folD	bifunctional methylenetetrahydrofolate dehydrogenase/methenyltetrahydrofolate cyclohydrolase FolD	no	folD	en_familia	49	0.9800	core	core	no	no	no
bin_5_63	bin-5-63	bin_5_63_02671	cds	contig_85	71176	0.4151	63426	63821	-	7355	131	nusB	transcription antitermination factor NusB	no	nusB	en_familia	49	0.9800	core	core	no	no	no
bin_5_63	bin-5-63	bin_5_63_02672	cds	contig_85	71176	0.4151	64031	64438	-	6738	135		Alkaline shock protein 23	no	group_1959	en_familia	49	0.9800	core	core	no	no	no
bin_5_63	bin-5-63	bin_5_63_02673	cds	contig_85	71176	0.4151	64464	65813	-	5363	449	accC	acetyl-CoA carboxylase biotin carboxylase subunit	no	accC	en_familia	49	0.9800	core	core	no	no	no
bin_5_63	bin-5-63	bin_5_63_02674	cds	contig_85	71176	0.4151	65825	66307	-	4869	160	accB	acetyl-CoA carboxylase biotin carboxyl carrier protein	no	accB	en_familia	49	0.9800	core	core	no	no	no
bin_5_63	bin-5-63	bin_5_63_02675	cds	contig_85	71176	0.4151	66502	67134	-	4042	210		Stage III sporulation protein AH	no	group_1447	en_familia	49	0.9800	core	core	no	no	no
bin_5_63	bin-5-63	bin_5_63_02676	cds	contig_85	71176	0.4151	67134	67805	-	3371	223		Stage III sporulation protein AG	no	spoIIIAG	en_familia	49	0.9800	core	core	no	no	no
bin_5_63	bin-5-63	bin_5_63_02677	cds	contig_85	71176	0.4151	67798	68430	-	2746	210	spoIIIAF	stage III sporulation protein AF	no	spoIIIAF	en_familia	49	0.9800	core	core	no	no	no
bin_5_63	bin-5-63	bin_5_63_02678	cds	contig_85	71176	0.4151	68445	69638	-	1538	397	spoIIIAE	stage III sporulation protein AE	no	spoIIIAE	en_familia	49	0.9800	core	core	no	no	no
bin_5_63	bin-5-63	bin_5_63_02679	cds	contig_85	71176	0.4151	69658	69966	-	1210	102	spoIIIAD	stage III sporulation protein AD	no	spoIIIAD	en_familia	49	0.9800	core	core	no	no	no
bin_5_63	bin-5-63	bin_5_63_02680	cds	contig_85	71176	0.4151	70068	70274	-	902	68	spoIIIAC	stage III sporulation protein AC	no	spoIIIAC	en_familia	49	0.9800	core	core	no	no	no
bin_5_63	bin-5-63	bin_5_63_02681	cds	contig_85	71176	0.4151	70294	70809	-	367	171	spoIIIAB	stage III sporulation protein SpoIIIAB	no	spoIIIAB	en_familia	49	0.9800	core	core	no	no	no
bin_5_63	bin-5-63	bin_5_63_02682	cds	contig_85	71176	0.4151	70803	71096	-	80	97		hypothetical protein	no	spoIIIAA	en_familia	49	0.9800	core	core	no	no	no
bin_5_63	bin-5-63	bin_5_63_02683	cds	contig_86	3610	0.4155	166	1680	-	165	504		Histidine kinase	no	group_3884	en_familia	50	1.0000	core	core	no	no	no
bin_5_63	bin-5-63	bin_5_63_02684	cds	contig_86	3610	0.4155	1761	1919	+	1691	52		hypothetical protein	no	group_2816	en_familia	32	0.6400	shell	shell	si	no	no
bin_5_63	bin-5-63	bin_5_63_02685	cds	contig_86	3610	0.4155	1999	3336	+	274	445		GABA permease	no	group_389	en_familia	50	1.0000	core	core	no	no	no
bin_5_63	bin-5-63	bin_5_63_02686	cds	contig_87	31803	0.4133	863	1180	+	862	105	padR	PadR family transcriptional regulator	no	group_4228	en_familia	49	0.9800	core	core	no	no	no
bin_5_63	bin-5-63	bin_5_63_02687	cds	contig_87	31803	0.4133	1173	1760	+	1172	195		DUF1700 domain-containing protein	no	group_4775	en_familia	49	0.9800	core	core	no	no	no
bin_5_63	bin-5-63	bin_5_63_02688	cds	contig_87	31803	0.4133	1757	1927	+	1756	56		hypothetical protein	no	group_3937	en_familia	49	0.9800	core	core	no	no	no
bin_5_63	bin-5-63	bin_5_63_02689	cds	contig_87	31803	0.4133	1941	3158	-	1940	405		Bcr/CflA family efflux transporter	no	group_4635	en_familia	49	0.9800	core	core	no	no	no
bin_5_63	bin-5-63	bin_5_63_02690	cds	contig_87	31803	0.4133	3370	3906	+	3369	178	aaaT	L-amino acid N-acetyltransferase AaaT	no	aaaT	en_familia	49	0.9800	core	core	no	no	no
bin_5_63	bin-5-63	bin_5_63_02691	cds	contig_87	31803	0.4133	3966	4172	-	3965	68		DUF1146 domain-containing protein	no	group_4470	en_familia	48	0.9600	core	core	no	no	no
bin_5_63	bin-5-63	bin_5_63_02692	cds	contig_87	31803	0.4133	4287	4823	+	4286	178		DUF402 domain-containing protein	no	group_4606	en_familia	49	0.9800	core	core	no	no	no
bin_5_63	bin-5-63	bin_5_63_02693	cds	contig_87	31803	0.4133	4861	6492	-	4860	543		Extracellular serine protease	no	group_3452	en_familia	49	0.9800	core	core	no	no	no
bin_5_63	bin-5-63	bin_5_63_02694	cds	contig_87	31803	0.4133	6663	8147	+	6662	494		amidase	no	group_275	en_familia	49	0.9800	core	core	no	no	no
bin_5_63	bin-5-63	bin_5_63_02695	cds	contig_87	31803	0.4133	8193	8756	+	8192	187	qdoI	Transcriptional regulator of qdoI	no	qdoI	en_familia	49	0.9800	core	core	no	no	no
bin_5_63	bin-5-63	bin_5_63_02696	cds	contig_87	31803	0.4133	8837	9859	+	8836	340		Quercetin dioxygenase	no	group_3266	en_familia	49	0.9800	core	core	no	no	no
bin_5_63	bin-5-63	bin_5_63_02697	cds	contig_87	31803	0.4133	10021	11154	+	10020	377		Putative oxidoreductase (Involving bacillithiol)	no	group_4531	en_familia	41	0.8200	shell	shell	si	no	no
bin_5_63	bin-5-63	bin_5_63_02698	cds	contig_87	31803	0.4133	11176	11613	-	11175	145	ywhA	Putative HTH-type transcriptional regulator YwhA	no	ywhA	en_familia	49	0.9800	core	core	no	no	no
bin_5_63	bin-5-63	bin_5_63_02699	cds	contig_87	31803	0.4133	11876	13384	+	11875	502		Putative acyl-CoA ligase	no	group_258	en_familia	49	0.9800	core	core	no	no	no
bin_5_63	bin-5-63	bin_5_63_02700	cds	contig_87	31803	0.4133	13452	14834	+	13451	460		Cationic amino acid transporter C-terminal domain-containing protein	no	group_354	en_familia	49	0.9800	core	core	no	no	no
bin_5_63	bin-5-63	bin_5_63_02701	cds	contig_87	31803	0.4133	14935	15300	+	14934	121		Glyoxalase/fosfomycin resistance/dioxygenase domain-containing protein	no	group_2068	en_familia	49	0.9800	core	core	no	no	no
bin_5_63	bin-5-63	bin_5_63_02702	cds	contig_87	31803	0.4133	15458	16318	+	15457	286		Epoxide hydrolase A	no	group_1019	en_familia	49	0.9800	core	core	no	no	no
bin_5_63	bin-5-63	bin_5_63_02703	cds	contig_87	31803	0.4133	16358	17785	-	14018	475	alsT	Amino-acid carrier protein AlsT	no	alsT	en_familia	49	0.9800	core	core	no	no	no
bin_5_63	bin-5-63	bin_5_63_02704	cds	contig_87	31803	0.4133	17819	18799	-	13004	326		glutaminase	no	group_844	en_familia	49	0.9800	core	core	no	no	no
bin_5_63	bin-5-63	bin_5_63_02705	cds	contig_87	31803	0.4133	19317	20603	+	11200	428		histidine kinase	no	group_3317	en_familia	48	0.9600	core	core	no	no	no
bin_5_63	bin-5-63	bin_5_63_02706	cds	contig_87	31803	0.4133	20608	21546	+	10257	312		Two-component response regulator (GlnJ) for glutamine utilisation	no	group_905	en_familia	48	0.9600	core	core	no	no	no
bin_5_63	bin-5-63	bin_5_63_02707	cds	contig_87	31803	0.4133	21740	22831	+	8972	363		Sec-c motif domain protein	no	group_691	en_familia	48	0.9600	core	core	no	no	no
bin_5_63	bin-5-63	bin_5_63_02708	cds	contig_87	31803	0.4133	22880	23920	-	7883	346		DUF4352 domain-containing protein	no	group_749	en_familia	45	0.9000	shell	core	si	no	no
bin_5_63	bin-5-63	bin_5_63_02709	cds	contig_87	31803	0.4133	24419	25348	+	6455	309		Putative ion channel associated aldo-keto reductase	no	group_4007	en_familia	49	0.9800	core	core	no	no	no
bin_5_63	bin-5-63	bin_5_63_02710	cds	contig_87	31803	0.4133	25384	26349	-	5454	321		Histidine kinase	no	group_4790	en_familia	49	0.9800	core	core	no	no	no
bin_5_63	bin-5-63	bin_5_63_02711	cds	contig_87	31803	0.4133	26361	27062	-	4741	233	natR	Transcriptional regulatory protein NatR	no	natR	en_familia	49	0.9800	core	core	no	no	no
bin_5_63	bin-5-63	bin_5_63_02712	cds	contig_87	31803	0.4133	27223	27963	+	3840	246	natA	ABC transporter ATP-binding protein NatA	no	natA	en_familia	49	0.9800	core	core	no	no	no
bin_5_63	bin-5-63	bin_5_63_02713	cds	contig_87	31803	0.4133	27963	29144	+	2659	393	natB	ABC transporter permease protein NatB	no	natB	en_familia	49	0.9800	core	core	no	no	no
bin_5_63	bin-5-63	bin_5_63_02714	cds	contig_87	31803	0.4133	29360	29554	-	2249	64		hypothetical protein	no	group_3950	en_familia	8	0.1600	shell	shell	si	no	no
bin_5_63	bin-5-63	bin_5_63_02715	cds	contig_87	31803	0.4133	29576	30469	-	1334	297		hypothetical protein	no	group_3287	en_familia	8	0.1600	shell	shell	si	no	no
bin_5_63	bin-5-63	bin_5_63_02716	cds	contig_87	31803	0.4133	30763	31788	-	15	341		DUF4352 domain-containing protein	no	group_3633	en_familia	50	1.0000	core	core	no	no	no
bin_5_63	bin-5-63	bin_5_63_02717	cds	contig_88	14942	0.4104	1612	3588	-	1611	658	mcpA	Methyl-accepting chemotaxis protein McpA	no	mcpA	en_familia	50	1.0000	core	core	no	no	no
bin_5_63	bin-5-63	bin_5_63_02718	cds	contig_88	14942	0.4104	3766	5754	-	3765	662		Methyl-accepting chemotaxis protein	no	group_3756	en_familia	50	1.0000	core	core	no	no	no
bin_5_63	bin-5-63	bin_5_63_02719	cds	contig_88	14942	0.4104	5881	7872	-	5880	663	mcpB	Methyl-accepting chemotaxis protein McpB	no	mcpB	en_familia	50	1.0000	core	core	no	no	no
bin_5_63	bin-5-63	bin_5_63_02720	cds	contig_88	14942	0.4104	8029	8769	+	6173	246	tgl	protein-glutamine gamma-glutamyltransferase	no	tgl	en_familia	50	1.0000	core	core	no	no	no
bin_5_63	bin-5-63	bin_5_63_02721	cds	contig_88	14942	0.4104	8791	9039	-	5903	82		Transposase	no	group_4166	en_familia	50	1.0000	core	core	no	no	no
bin_5_63	bin-5-63	bin_5_63_02722	cds	contig_88	14942	0.4104	9064	10095	-	4847	343		putative nitronate monooxygenase	no	group_4770	en_familia	50	1.0000	core	core	no	no	no
bin_5_63	bin-5-63	bin_5_63_02723	cds	contig_88	14942	0.4104	10110	10511	-	4431	133		Secondary thiamine-phosphate synthase enzyme	no	group_3911	en_familia	50	1.0000	core	core	no	no	no
bin_5_63	bin-5-63	bin_5_63_02724	cds	contig_88	14942	0.4104	10648	11940	-	3002	430		HlyC/CorC family transporter	no	group_443	en_familia	50	1.0000	core	core	no	no	no
bin_5_63	bin-5-63	bin_5_63_02725	cds	contig_88	14942	0.4104	11989	12672	-	2270	227		Putative metal-dependent protease/peptidase	no	group_1358	en_familia	50	1.0000	core	core	no	no	no
bin_5_63	bin-5-63	bin_5_63_02726	cds	contig_88	14942	0.4104	12744	12968	-	1974	74		Membrane protein	no	group_3305	en_familia	50	1.0000	core	core	no	no	no
bin_5_63	bin-5-63	bin_5_63_02727	cds	contig_88	14942	0.4104	13095	14081	+	861	328		Voltage-gated potassium channel Kch	no	group_4549	en_familia	50	1.0000	core	core	no	no	no
bin_5_63	bin-5-63	bin_5_63_02728	cds	contig_88	14942	0.4104	14078	14479	-	463	133		YugN-like family protein	no	group_4881	en_familia	50	1.0000	core	core	no	no	no
bin_5_63	bin-5-63	bin_5_63_02729	cds	contig_88	14942	0.4104	14509	14727	-	215	72		Spore germination protein	no	group_4314	en_familia	50	1.0000	core	core	no	no	no
bin_5_63	bin-5-63	bin_5_63_02730	cds	contig_89	49278	0.4153	207	1625	-	206	472		Aminodeoxychorismate synthase, component I	no	group_4072	en_familia	49	0.9800	core	core	no	no	no
bin_5_63	bin-5-63	bin_5_63_02731	cds	contig_89	49278	0.4153	1750	2673	-	1749	307	cysK	cysteine synthase A	no	cysK	en_familia	49	0.9800	core	core	no	no	no
bin_5_63	bin-5-63	bin_5_63_02732	cds	contig_89	49278	0.4153	2751	3659	-	2750	302		peptidylprolyl isomerase	no	group_954	en_familia	49	0.9800	core	core	no	no	no
bin_5_63	bin-5-63	bin_5_63_02733	cds	contig_89	49278	0.4153	3706	4581	-	3705	291	hslO	Hsp33 family molecular chaperone HslO	no	hslO	en_familia	50	1.0000	core	core	no	no	no
bin_5_63	bin-5-63	bin_5_63_02734	cds	contig_89	49278	0.4153	4597	5385	-	4596	262		type III pantothenate kinase	no	group_1156	en_familia	49	0.9800	core	core	no	no	no
bin_5_63	bin-5-63	bin_5_63_02735	cds	contig_89	49278	0.4153	5537	7441	-	5536	634	ftsH	ATP-dependent zinc metalloprotease FtsH	no	ftsH	en_familia	49	0.9800	core	core	no	no	no
bin_5_63	bin-5-63	bin_5_63_02736	cds	contig_89	49278	0.4153	7537	8076	-	7536	179	hpt	hypoxanthine phosphoribosyltransferase	no	hpt	en_familia	49	0.9800	core	core	no	no	no
bin_5_63	bin-5-63	bin_5_63_02737	cds	contig_89	49278	0.4153	8092	9495	-	8091	467		tRNA(Ile)-lysidine synthase	no	group_343	en_familia	49	0.9800	core	core	no	no	no
bin_5_63	bin-5-63	bin_5_63_02738	cds	contig_89	49278	0.4153	9592	10605	-	9591	337		Serine/threonine-protein kinase	no	group_3186	en_familia	49	0.9800	core	core	no	no	no
bin_5_63	bin-5-63	bin_5_63_02739	cds	contig_89	49278	0.4153	10586	11320	-	10585	244		VWFA domain-containing protein	no	group_1265	en_familia	49	0.9800	core	core	no	no	no
bin_5_63	bin-5-63	bin_5_63_02740	cds	contig_89	49278	0.4153	11397	13880	-	11396	827	spoIIE	stage II sporulation protein E	no	spoIIE	en_familia	49	0.9800	core	core	no	no	no
bin_5_63	bin-5-63	bin_5_63_02743	cds	contig_89	49278	0.4153	14434	14832	-	14433	132		S1 domain-containing RNA-binding protein	no	group_1980	en_familia	50	1.0000	core	core	no	no	no
bin_5_63	bin-5-63	bin_5_63_02744	cds	contig_89	49278	0.4153	14915	15289	-	14914	124		Cell division protein DivIC	no	group_4315	en_familia	50	1.0000	core	core	no	no	no
bin_5_63	bin-5-63	bin_5_63_02745	cds	contig_89	49278	0.4153	15308	15946	-	15307	212	yabQ	spore cortex biosynthesis protein YabQ	no	yabQ	en_familia	50	1.0000	core	core	no	no	no
bin_5_63	bin-5-63	bin_5_63_02746	cds	contig_89	49278	0.4153	15943	16251	-	15942	102	yabP	sporulation protein YabP	no	yabP	en_familia	49	0.9800	core	core	no	no	no
bin_5_63	bin-5-63	bin_5_63_02747	cds	contig_89	49278	0.4153	16326	16586	-	16325	86	rqcP	RQC P-site tRNA stabilizing factor	no	rqcP	en_familia	49	0.9800	core	core	no	no	no
bin_5_63	bin-5-63	bin_5_63_02748	cds	contig_89	49278	0.4153	16583	18067	-	16582	494	mazG	nucleoside triphosphate pyrophosphohydrolase	no	mazG	en_familia	49	0.9800	core	core	no	no	no
bin_5_63	bin-5-63	bin_5_63_02749	cds	contig_89	49278	0.4153	18057	19661	-	18056	534		Polysaccharide biosynthesis protein C-terminal domain-containing protein	no	group_4254	en_familia	49	0.9800	core	core	no	no	no
bin_5_63	bin-5-63	bin_5_63_02750	cds	contig_89	49278	0.4153	19866	20402	-	19865	178	spoVT	stage V sporulation protein T	no	spoVT	en_familia	49	0.9800	core	core	no	no	no
bin_5_63	bin-5-63	bin_5_63_02751	cds	contig_89	49278	0.4153	20542	24075	-	20541	1177	mfd	transcription-repair coupling factor	no	mfd	en_familia	49	0.9800	core	core	no	no	no
bin_5_63	bin-5-63	bin_5_63_02752	cds	contig_89	49278	0.4153	24143	24373	-	24142	76		Anti-sigma-F factor Fin	no	group_4595	en_familia	50	1.0000	core	core	no	no	no
bin_5_63	bin-5-63	bin_5_63_02753	cds	contig_89	49278	0.4153	24429	24995	-	24283	188	pth	aminoacyl-tRNA hydrolase	no	pth	en_familia	50	1.0000	core	core	no	no	no
bin_5_63	bin-5-63	bin_5_63_02754	cds	contig_89	49278	0.4153	25136	25762	-	23516	208	rplY	50S ribosomal protein L25/general stress protein Ctc	no	rplY	en_familia	50	1.0000	core	core	no	no	no
bin_5_63	bin-5-63	bin_5_63_02755	cds	contig_89	49278	0.4153	25901	26854	-	22424	317		ribose-phosphate diphosphokinase	no	group_883	en_familia	49	0.9800	core	core	no	no	no
bin_5_63	bin-5-63	bin_5_63_02756	cds	contig_89	49278	0.4153	26877	28247	-	21031	456	glmU	bifunctional UDP-N-acetylglucosamine diphosphorylase/glucosamine-1-phosphate N-acetyltransferase GlmU	no	glmU	en_familia	49	0.9800	core	core	no	no	no
bin_5_63	bin-5-63	bin_5_63_02757	cds	contig_89	49278	0.4153	28446	28742	-	20536	98	spoVG	septation regulator SpoVG	no	spoVG	en_familia	49	0.9800	core	core	no	no	no
bin_5_63	bin-5-63	bin_5_63_02758	cds	contig_89	49278	0.4153	28967	29344	-	19934	125	ridA	2-iminobutanoate/2-iminopropanoate deaminase	no	ridA	en_familia	49	0.9800	core	core	no	no	no
bin_5_63	bin-5-63	bin_5_63_02759	cds	contig_89	49278	0.4153	29383	30216	-	19062	277	purR	pur operon repressor	no	purR	en_familia	49	0.9800	core	core	no	no	no
bin_5_63	bin-5-63	bin_5_63_02760	cds	contig_89	49278	0.4153	30272	31141	-	18137	289	ispE	4-(cytidine 5'-diphospho)-2-C-methyl-D-erythritol kinase	no	ispE	en_familia	49	0.9800	core	core	no	no	no
bin_5_63	bin-5-63	bin_5_63_02761	cds	contig_89	49278	0.4153	31289	31567	-	17711	92		Small, acid-soluble spore proteins, alpha/beta type	no	group_3351	en_familia	49	0.9800	core	core	no	no	no
bin_5_63	bin-5-63	bin_5_63_02762	cds	contig_89	49278	0.4153	31637	31894	-	17384	85	veg	biofilm formation stimulator Veg	no	veg	en_familia	49	0.9800	core	core	no	no	no
bin_5_63	bin-5-63	bin_5_63_02763	cds	contig_89	49278	0.4153	32108	32992	-	16286	294	yabG	sporulation peptidase YabG	no	yabG	en_familia	49	0.9800	core	core	no	no	no
bin_5_63	bin-5-63	bin_5_63_02764	cds	contig_89	49278	0.4153	33127	34005	-	15273	292	rsmA	16S rRNA (adenine(1518)-N(6)/adenine(1519)-N(6))-dimethyltransferase RsmA	no	rsmA	en_familia	50	1.0000	core	core	no	no	no
bin_5_63	bin-5-63	bin_5_63_02765	cds	contig_89	49278	0.4153	33998	34558	-	14720	186	rnmV	ribonuclease M5	no	rnmV	en_familia	50	1.0000	core	core	no	no	no
bin_5_63	bin-5-63	bin_5_63_02766	cds	contig_89	49278	0.4153	34719	35921	-	13357	400		G5 domain-containing protein	no	group_539	en_familia	50	1.0000	core	core	no	no	no
bin_5_63	bin-5-63	bin_5_63_02767	cds	contig_89	49278	0.4153	36166	36933	-	12345	255		YchF/TatD family DNA exonuclease	no	group_1203	en_familia	50	1.0000	core	core	no	no	no
bin_5_63	bin-5-63	bin_5_63_02768	cds	contig_89	49278	0.4153	37015	39015	-	10263	666	metG	methionine--tRNA ligase	no	metG	en_familia	50	1.0000	core	core	no	no	no
bin_5_63	bin-5-63	bin_5_63_02769	cds	contig_89	49278	0.4153	39541	39825	+	9453	94	abrB	transition state genes transcriptional regulator AbrB	no	group_2304	en_familia	50	1.0000	core	core	no	no	no
bin_5_63	bin-5-63	bin_5_63_02770	cds	contig_89	49278	0.4153	39870	40751	-	8527	293	rsmI	16S rRNA (cytidine(1402)-2'-O)-methyltransferase	no	rsmI	en_familia	50	1.0000	core	core	no	no	no
bin_5_63	bin-5-63	bin_5_63_02771	cds	contig_89	49278	0.4153	40726	41025	-	8253	99		GIY-YIG domain-containing protein	no	group_3345	en_familia	50	1.0000	core	core	no	no	no
bin_5_63	bin-5-63	bin_5_63_02772	cds	contig_89	49278	0.4153	41012	41755	-	7523	247		tRNA1(Val) (Adenine(37)-N6)-methyltransferase	no	group_1247	en_familia	50	1.0000	core	core	no	no	no
bin_5_63	bin-5-63	bin_5_63_02773	cds	contig_89	49278	0.4153	41811	42164	-	7114	117	yabA	DNA replication initiation control protein YabA	no	yabA	en_familia	50	1.0000	core	core	no	no	no
bin_5_63	bin-5-63	bin_5_63_02774	cds	contig_89	49278	0.4153	42179	43006	-	6272	275	yaaT	Stage 0 sporulation protein YaaT	no	yaaT	en_familia	50	1.0000	core	core	no	no	no
bin_5_63	bin-5-63	bin_5_63_02775	cds	contig_89	49278	0.4153	43009	43998	-	5280	329	holB	DNA polymerase III subunit delta'	no	holB	en_familia	50	1.0000	core	core	no	no	no
bin_5_63	bin-5-63	bin_5_63_02776	cds	contig_89	49278	0.4153	44010	44450	-	4828	146		UDP-N-acetylenolpyruvoylglucosamine reductase	no	group_1892	en_familia	50	1.0000	core	core	no	no	no
bin_5_63	bin-5-63	bin_5_63_02777	cds	contig_89	49278	0.4153	44463	44792	-	4486	109		Cyclic di-AMP receptor A	no	group_3418	en_familia	50	1.0000	core	core	no	no	no
bin_5_63	bin-5-63	bin_5_63_02778	cds	contig_89	49278	0.4153	44872	45510	-	3768	212	tmk	dTMP kinase	no	tmk	en_familia	50	1.0000	core	core	no	no	no
bin_5_63	bin-5-63	bin_5_63_02779	cds	contig_89	49278	0.4153	45507	46913	-	2365	468		Arginine decarboxylase	no	group_3417	en_familia	50	1.0000	core	core	no	no	no
bin_5_63	bin-5-63	bin_5_63_02780	cds	contig_89	49278	0.4153	46991	48052	-	1226	353	telA	Toxic anion resistance protein TelA	no	group_4216	en_familia	50	1.0000	core	core	no	no	no
bin_5_63	bin-5-63	bin_5_63_02781	cds	contig_89	49278	0.4153	48074	48688	-	590	204	xpaC	Protein xpaC	no	xpaC	en_familia	50	1.0000	core	core	no	no	no
bin_5_63	bin-5-63	bin_5_63_02782	cds	contig_89	49278	0.4153	48817	49008	-	270	63		Anti-sigma-G factor Gin	no	group_4215	en_familia	50	1.0000	core	core	no	no	no
